language,speaker,n_real,n_fake,real_mean_logit,fake_mean_logit,separation_real_minus_fake
english,0014a05b7983f18441b13ce4e4949b6d5d93ffabc11009b3808e9823f0e0ac52d1616f1d029a69581bb57dc83084d9f0edd9761948b4648ecf67d0647bda11e8,1,1,5.561705112457275,-2.2854371070861816,7.847142219543457
english,00309ae51fe07824676d5a3b39837b0a8927c064b7a054f3083f6f9cf7741987f8c92cb60c4c93e86a4e1be11dad46b92285584802bbe6a0fd618ca0f44b2959,1,1,3.984852313995361,-6.104450702667236,10.089303016662598
english,00d4ca0109ca85ac39bba85d3cb32ce4912837c7e6b901722a8339a5327b0f32c6c68beb8ecdf7e8ec5face851cfe65796b9849d55e0bcd4e41cc397f8e5b133,1,1,0.450130820274353,-1.4504765272140503,1.9006073474884033
english,01c3eaf58721d6914387b475e306775e0857187d3c9f782741fc8742b7c07dad1cfeaa5d7d2bc0c9222ab67a7feef6d0e23701e4f89b86140a657f380eff26f4,1,1,1.3774292469024658,-5.262709140777588,6.640138387680054
english,01d41e22f6db7c81a5acfebc1216379016739c7204e0b95306dbf23fad9244781d6fe76084f3e172d3873199d800522fcebcb16dd83b442884fd6382714072a3,1,1,4.211439609527588,-1.4128735065460205,5.624313116073608
english,02718e6068e2d4292ebb32deaefc1cb424d3bf323c8fbd29225d1265b58089ef26ad1e5295382ecd05c48a150ff399f46d10059e2491b98ceb5b08c498afb1eb,1,1,5.065242290496826,-0.6692512035369873,5.7344934940338135
english,0287247ffe715e77eaf6d4470f6e91e8b3df507c28d888e5bb1c2eb1deb4cc10fa8c06753ff2a257183c21832815fa2d876567bd091ade8853ebdf5a5a383863,1,1,5.579489707946777,-1.3846131563186646,6.964102864265442
english,028ab76c21b95feb9d1c45d6e15601663af90da27fae2173cc795b0509b393432e7b22dec98cb7986134e44b046930c53a6b0906e44a12694c6874af3c7e16b1,1,1,1.114218831062317,-4.458049297332764,5.572268128395081
english,02d76c5b5ba4203f9fd78b84f45777c359bba6e2604ef385611916282e8e571b4bf255902c0acaf881f169f3419f1d2530a03d3cc59665d1025611bc66afd8fc,1,1,-3.554187297821045,-1.5826791524887085,-1.9715081453323364
english,03de560328d44ed017ad5df9acda93dff48ac6a415326694f235220dd5248dd2e49e0723a282b65a750ae5adfd04727091ce4250e16c8a71f87928c1bb248b62,1,1,6.275814533233643,4.521932125091553,1.7538824081420898
english,03ed98d44db4fb01939c421a0217d2b579c46740be8eb3c869b715b383b1194fbcec12edc6a838edbf536af068ea2d9b18f04e2aed881e478f8b7dbcb75d0fb5,1,1,4.824794292449951,-1.884332776069641,6.709127068519592
english,041ed5fcab5c90c4c0fc444f02da9438d66262b2cae49bf7894ec9f095d0601c3297cbcfa3e069927ab54cf2b233f72ab230358cd24133277ddf9f9f8149b224,1,1,4.847505569458008,-1.3550794124603271,6.202584981918335
english,04960d53cc851eeb6d93f21a09e09ab36fe16943acb226ced1211d7250ab2f1b9a1d655c1cc03d50006e396010851ad52d4c53f49dd77b080b01c4230704c68d,1,1,3.296245574951172,0.7471630573272705,2.5490825176239014
english,0499323117b11e14d7bfbc635d664ef7e2429151a061997d97bae96caf291ab6002e65f13948fe755b776bfa001941307a48729552352003dd3f76a6cc398d1a,1,1,0.6689127683639526,-6.038802146911621,6.707714915275574
english,04a248bc0cc9b8d91ed448e89914226cdc02d79ad7d6e16b1f465a314c309237bd129173d14caf301a038141a7e3e1be76c61c098ad7ed2d91a3cdaf3dd4b7a7,1,1,5.456528663635254,2.949720859527588,2.506807804107666
english,052e4952bf4ab01e82f051346a73726e616a5aa4bcfc0d6c0cc86de1028de03e93cfb7ec3d4ef7fffd4b81448991c5f583c1a75774f0405922a6eaa4c8e7554b,1,1,5.121303558349609,-0.7598758935928345,5.881179451942444
english,0556918792c0a32f83c9d55abc07c607aa28d5e811ac231b6d57c67aab4dc15f6352290903cc79962a3b210b6538b5c13231ab4e94722205da80e4ed57558be0,1,1,-0.8172847032546997,-5.9504828453063965,5.133198142051697
english,05c2823695fcf6a61cfee3126b93d7211e4389c008694f2db5278f438c475119a3fdcfb48deb73ab433137dea310157a0143ca155b95ba0700ed4751f76f605f,1,1,-1.665388822555542,-6.019196510314941,4.353807687759399
english,064a2016c00e4edd9c4434e457a6beb17410df70500dd1d11c52fccd6ac7c5a7443504e27dc2dcc5e92ccc939c3bf8ea12de379c90c3f8ac250296e84f5d2fb9,1,1,4.199472904205322,-4.630359172821045,8.829832077026367
english,0661cd3edebf30a1d25a2a4591e1471884e5295ddc9442c6347e8500f8e35cd432026595557179859168017a0fa143943851c63d3623e57bf4e28d232ad845e2,1,1,-3.616694688796997,-6.058432102203369,2.441737413406372
english,067fc5b331cf8a653de2299f580542723f467cbac5aea1b5d1852c913b7e5a6d0b7cfc01536a90198b9a00256229fe85f4189cdfc6c8b120f29822dfb8487ec9,1,1,2.6172099113464355,-2.149625778198242,4.766835689544678
english,068d2e0f81d4dd78bb9ce831cdefd14260f76428bf86b5c93d1c31fefafaeae08d9669c70c2118ae9febea3b523ce00deec29c1654dda41bdf44e1d55d1a5127,1,1,6.081998825073242,-0.6581628322601318,6.740161657333374
english,06c53aec09bca54d5587147ee1bfcc0a9e2b4162fb75daa79b7fe286dfec0732ff4dcae7125393b19a31f66c66c4bd8cf89665b4dee7b446429efd029e225c59,1,1,5.783877372741699,-3.711727142333984,9.495604515075684
english,06eb40ac579f42807bcff6b5422646c4851d2425c4e2023feef5543bd6ea1c89089a78a04c49a14dd56a9905f2a7674e34affb7b662153c58a068794a14b9262,1,1,0.0077110826969146,-4.271562099456787,4.279273182153702
english,07d3d922297a7ff95c0af1273ea9511f05d9e73ad7eccbbc41f21be8c897b482c9e212941a01874135df63f60c8d07ca57e9fa3b9716f06c3c58a01bda4c4eee,1,1,5.551790237426758,0.1792960613965988,5.372494176030159
english,0836f0e74bc679636d4af10bddb747580e93145ef1b540a10021633965e5ed659ace0a7aa85de967a03a3fb1e4ec8e43a3441c7504bf7589e6f106c8b2c0a091,1,1,-1.3112927675247192,-5.939811706542969,4.6285189390182495
english,08457e468d866bcff61ccec90349acc6d0fefb3c1cfc0cc5d854feea9adb20142e8f36f43510a9465ce4a5d75989a265839e2fa1a9530f076737c6818f3617a1,1,1,4.646340370178223,-5.689937591552734,10.336277961730957
english,085da0d2d420d3b0b54e6217dfee4ab92d8c8d412a2a3c26022043c30e8d003ff898852fdb84650f252e0584105840736e58fd5e82ba27b9161397c409a706a5,1,1,3.9629547595977774,3.012267589569092,0.9506871700286856
english,08ea1e4883b0112f794e6cba73552d702ba257721b88df9c3b30c6043b022cd762c5d1a6c88f173e0c2329ff8db103beee69674c3abe9ce1fe06eca1ac26318d,1,1,4.870234966278076,-6.10161018371582,10.971845149993896
english,091b9c61a534e512d2a79ff45e6c5a0bd69aaf29f94e3a291020b76f915a91a19a360baf9f0adef09ff5526250fe490bf874b00b4d1c0176582ef78469d5e422,1,1,4.984118938446045,-0.7244832515716553,5.7086021900177
english,0933d3fdcc6d51036d7f36a5bacad3bfb08209417bd2a3658ca64933fdf8ae03e7a6fe44ecff309b1d563119b3642cb51f80424e6ed971d0f769ec01afff1766,1,1,-1.0864392518997192,-6.076897621154785,4.990458369255066
english,0984a33b3e7c7c83b9bf5d58fa8ed856030f3e947bd7a0a403e5de510b9b2feb5d4f2c9215ee449b0db7b39462375a77873ebf6ed35f5751267821d71e2814ff,1,1,5.325483322143555,-0.6239891052246094,5.949472427368164
english,0a40fd471f8c55878b189c1e7554711aa97d3eaafd7b1304a2c04c9c2d952d3071ff9e139f9bfd44afc85aa41c847e0374e0970ba6208ebc6320a136438494e2,1,1,5.682535648345947,-2.45794415473938,8.140479803085327
english,0a418a5678721353da80d2ca2abb89df1cf6da912135762ff0b046ee50725ade5564d71329e2bac85ce57069b17818d51b24b7db84f0440758860882d5af9c48,2,2,3.9650185108184814,-2.0488569140434265,6.013875424861908
english,0b06298e6ca36b01573a44569c8fdcb8a862d12683eeb38eaf2fc7c4abd97b440381b04b6376e8cd9adf80398bf7992c40114ef5081342fc4fbc98ac1c92b3e3,1,1,-0.5586516857147217,-1.6842124462127686,1.1255607604980469
english,0b3d55acf115fdf88131d7324fa9a7e1a26542405b0671d5ec0d9ed34b40fa0158576fd51ee9cc937a41b1c529f49cfb23fec693ae1382f21ec8fed796a9dece,1,1,-1.2793302536010742,-5.410889148712158,4.131558895111084
english,0b64cedb9abde3a51be4e679e74e75dc2726d689a370f82d53443b199de885672c4c1e8f0c57d73199cbf70d001bf9f68c15140c687d03eaa60de472f2cd1139,1,1,-2.482142448425293,-5.403656959533691,2.9215145111083984
english,0bc3b6a89a2eb6ca792090fcb73db2ce7fe08a38f032850cd0a4443154b3f8456f03bde13e692dfb4ffcb707575c4cb5bc2f7eb9b68dcaaba9f9e3925fcdce72,1,1,4.115277290344238,-5.764566421508789,9.879843711853027
english,0bd650fb7e4a1bce7ccd2c8ff253e80ea7b561b24ebb011fb1988568bec51d6e6c7a453780ea55f75769d664a0910d496135d3d49a4bddf135fce8dfd60bd360,1,1,0.0515709184110164,-5.939295291900635,5.990866210311651
english,0bef629616e386ce6ce9f8b87e6140686c54c59dca5ebc7fb38d9cc2bfcfc22ac2295cac84d88bb942d69f14c2217fb4fddff5dad3b7b9cf3f6310fc2c54f980,1,1,4.5624680519104,-0.5940523743629456,5.156520426273346
english,0c2446f51c7f9c6350a59fe71b73a279c7e8d664789c9390418158634450508005636e3d0675607f8feb4b9b40cff959bd0c070caa6f06b2bdb8cc903141eb6c,1,1,3.574005126953125,-0.6517456769943237,4.225750803947449
english,0c62e7bc794b538067d7d92ae657444639c585478b82240cfea92b48ceb7c93c8af87060b95cb4cc55ba098baf112d5bddc9573d656db1badc93f99e1bf60dc4,1,1,5.986577033996582,3.710092306137085,2.276484727859497
english,0c65f439b152536bf785a2c15fedbc0e6b4966363f5ae1d8bab8c842d3bdd10de3c7c062a30628323f9cc753e880e7b19ad9fc264dfaa71956a20817f97ea808,1,1,-0.2633196115493774,-5.152677059173584,4.8893574476242065
english,0dc9b5e38d56554932dd6ee93b057b49d785f2149bb7a7247b7c03d6689c92d40d978084ad37228a720d5bba3b922cb2fa7b71a1472756a872b5423254b030df,1,1,2.6706814765930176,-4.319913387298584,6.990594863891602
english,0e158b24aeef0c21c6864108c70ea9fae815e865916fd6fa7a4dca42ad7694d46c3aa47d22d1946623e718ab6f5cdc030f244b0362e5553f81c8f22c25082b22,2,2,1.5600129067897797,-6.040904760360718,7.600917667150497
english,0e5b9e39547ba372e339b7eeeb3fb20cad1a055f0695b137a44397eabb020001afc030a9fe1febf7cbfbc92998165e00e0cae4c115b7c9ace09f13911270b582,1,1,5.391497611999512,-5.984301567077637,11.375799179077148
english,0e6ec9bfb7f8c22563f28d52608c891dfd8db2d34b6a44c389bf97bd50185f89edb76c21cd9bb15ff64735f1b5afe34c94a1a693aa188fb04632e0d9500e82c3,1,1,3.3862972259521484,-5.242044925689697,8.628342151641846
english,0e7296e2b35235ec7f1443bd4ab0fe37a80db4af428d7f53ed2732b5196e3831ed43e8ee922e4b06b3c896e7b981b2ccf54555edcadee9b71e7f3e35c58317d7,1,1,0.4226139485836029,-6.049034595489502,6.471648544073105
english,0ea1a97b445e3749d1421a0ad4295d8f62777d03e1c593a394a64c285f550cd3158599134354884ddad00cb5c8a306b11e9160332b5940995d665cc7b39343c2,1,1,1.2836666107177734,-4.85196590423584,6.135632514953613
english,0f18104e03d5e581438478e9674a659629658c17a3e794bcc28993da355930aca6d790aff81d0d7ab22de74f548b9e8961dc2d5ecb81f3bf3e19910e4501a480,1,1,4.249554634094238,-0.2429153770208358,4.492470011115074
english,0f705f5d06ffe231b773c6e24f70b60fbacba33f80ff4bd0e2fbadcb8707f2bf28f25302a93e5221af60e510530971371500a4328a6f24f08788ba42a1a1d562,1,1,-4.851445198059082,-6.040643692016602,1.1891984939575195
english,0f997bb52e250c33544069a78281d9572dbb093ad65631e8ce7704904d92699ee75deade6ea95f4bc6bc6a1d725010f6718e5e864a34c8ed866e9a08c2cb9d57,1,1,4.481349945068359,-2.6598472595214844,7.141197204589844
english,0fe71a47366e63841c509b7110419201f068f3558b604123891e32f1790d3a5868b871d08430360c7e8897d7cd1be88ee2c9861e6ffd13530190815697a6fa09,1,1,1.99141538143158,-5.475375175476074,7.466790556907654
english,1021e146675cfa012da5d577b0c590b05b1843f6cf0755fca2d7197743507f6d4234740af632151c4f47ee3b64d47a697efeefbddae60b7a63730a3567c8e17d,1,1,4.819241046905518,-0.8224957585334778,5.641736805438995
english,103356e655ed8f2c38b6c900d1cc53dc4bd8c3091483447ca8bfa92820ec94db1deb6d054bf28795160a65f99a5a0a5ce9b3b27a2607c3cd9b4e7c507afa1491,1,1,4.790658950805664,-2.4010539054870605,7.191712856292725
english,109e12ab3ca92cd964fefd14305011059350f817a0f73591a1c51f39eda6cb25775e2de18ec7ec4cd48df939b7c94177768faa496457d2ea42531f7d8a65af34,1,1,3.42075514793396,-1.8458412885665891,5.266596436500549
english,10cdce246e990bae29f8547c038bc65278906935b312dfba267869b6edc3a0538a1ac13e3f58b264a9a66673d083c86ce307894c844dd85d3087784539fbe3fa,1,1,5.188417434692383,-6.114984512329102,11.303401947021484
english,11200b09d937629ec2acd5985480d5ea5bb815a3c945fe8420f107e771643fa59b68d3510f72c7ef93f872002ff3cb4a3528db5c087b0c741772d3c8a0176592,1,1,5.045944213867188,-0.4125480055809021,5.4584922194480905
english,112922c039ef29cf23683438a7c91b35e63a9f4fc8db745571a6095a1b828d6868d2ff5efd2ead71679922acdc360547e432aea7c66873a02db6b2d04bec652d,1,1,-0.5824059247970581,-5.302742004394531,4.720336079597473
english,112b927e2e34ca1be94bdce5f2f97f810e4c5a9e353d09658b25ab16e1fd0adfdb618040e47ec8df7e06772d520efd08661b3346afb0a00bbac4595b82df4663,1,1,4.3361663818359375,-2.48870587348938,6.824872255325317
english,11d55937d8c1157520506db779f4c41b84b4e1e067d4e87a0e1b26e7c7ff1f75b5ac5b0be3c377161c11238f3ef4e1c426be56805c26c6adc071b54847c32ecf,1,1,5.490857124328613,-0.7673768997192383,6.258234024047852
english,11e6316ec9b71ee1430512276994e02318f29d3e8b7b9990a0eac1f1ff92787d380f5bc4375f26576cdf549c02e5211c249cfaf76973fd8a5cff7b73cd8b00a3,1,1,1.89319908618927,-5.830660820007324,7.723859906196594
english,11ec372417df77b07bb129cc7572637abe768dd9ba9a6cf66c66b5081a6016aa00fb0a31287220448ed090f18b89fb45ff7e35247c32e492909a9d08f7645c84,2,2,4.398470401763916,-0.3710049092769623,4.769475311040878
english,1225019d528d47c1a589b05ca13577c68d50b27cb794f00d65a7a4be094e4f5e9f0bc35233e80e36ddfba17fa9c185dec071949ab8a2dce2a58b5d4d9b49d290,1,1,5.699248313903809,-0.162731721997261,5.86198003590107
english,12ca6e8040ca5bad550f7dedc1848a005bc38d7cb610cb6aee93a76fe5edb6f85d8b171e8f00ccd317407de4db7607bc4de53c5c1970a99185813a659aa3be6a,1,1,4.760058403015137,5.973941326141357,-1.2138829231262207
english,12cfb67ce9417419effcc58d158d4d6050dfc41ee1c8270b9b02fa1ba7f1b834286a244b34c0fe7cbd0b3cc83fa9ad93fad729c1039512202f34f544188fb092,1,1,4.8585052490234375,-0.522289514541626,5.3807947635650635
english,132b6782676f870d070f361565dd2fbdfd514c4b6f4b6f60e2e16faba81c7ba89a087c098f0b489e2fc362f23423babf2db83e5078984ab4c170951c2451a8b4,1,1,6.157121658325195,-3.9064111709594727,10.063532829284668
english,1388cb1f3417dd1f60b17bda236dcc9ed5cfc93aa45619439319465dae04b2fe36c5f56a15a93d13bda5bff6903a4cf8b262a2748e39a2c4e3c3c552eaa167c3,1,1,4.606563568115234,-5.015510082244873,9.622073650360107
english,1389aa6394a426e5f6a9cc17818a113e6baf25cff4312d10d5a1908735149c97a9e71e55a14bfa07e4add55a3a94ed3991a67a7dafee83b6a5b3d83016816858,1,1,2.427816867828369,-5.915857791900635,8.343674659729004
english,13c89c2ea706f95eda5bcd4b8f60027d6356c13ec1084daddea3f3ab3c3161c45087f4f1b0298e04fbe6a854877753f2bff74d60c112e735914ac03eb6ea3269,1,1,3.206700086593628,-3.2711169719696045,6.477817058563232
english,13d883887135cd255da515e128469ec568e336891f1b48f7839d29debaa059d46cafa767addc9c22ba21d3333f04a067b4e78b5f3bb98178e6908717150281b3,1,1,1.822601556777954,-5.9739274978637695,7.796529054641724
english,13fe2d4194885cf2a467daf7cc262b38df8bf3091d9c2d68ee3ad6ad42b0485484155c849badc52ab4b245afc1781168f9c01fd416e364138ef1d17669174cf1,1,1,3.4837331771850586,-3.4201788902282715,6.90391206741333
english,140267d219fd5d8913048138a73fa9bbe10d77830c76d1b6837c6300b1f60ccc941e6a60c624dd1f4e930a309051766c83643ebe1f139bbdf0cdfbacfcc3dd0d,1,1,4.729063987731934,-3.6990132331848153,8.428077220916748
english,141d2fb979ebab495f92c338e4ca2fcc5a9d7b10f19be3047972ea5a0656809b99460f8afa0f5b12848e69becfe6185ae8f44f773289568ba1745fdbbdffaa82,1,1,1.9713881015777588,-5.982135772705078,7.953523874282837
english,1431a7074cef726568fdee65a648aaade99ac3907b809d12dc30851364c2b16f1058cb8ad442418441d1f4b589e11747904a0d77c297ec7f0d886d1d67f3de0b,1,1,3.986250877380371,-2.562793254852295,6.549044132232666
english,14320970ffdaea0bf00b5d57fbf9e430dde3266f0b1d4c8d44141b247cecb1ae2d71668931f5c0fced09f2467ae4beb7b82cedb30c7ef2591b712108dc155809,1,1,3.563462257385254,-0.7070226669311523,4.270484924316406
english,14b5240a09d7a3d584704423bdb1adbfd0edeae51f0b98ead195335245b5d40c2ebb6a197e46cd289aea0220833c74cdfe45c49ce10a9213d74b6c312e91c155,1,1,4.224184513092041,-6.063104152679443,10.287288665771484
english,1534d6ca32e51550cde95ba74837dbf959471e9eef8607ee5ad785848d64fe6353dcc5007f3a6a5757ccb39b21296a7a9b2558eae9e00bf1e863a6810fc528f7,1,1,5.7190470695495605,-2.139902353286743,7.858949422836304
english,1594de0d0be7eee9c53511df237e394a8b8e8beb1627ef9e083da81130835c671778ac6c7ea4524b3f86b978f906e79bd2e3038cf162f45e1cdcb5024d0c4835,1,1,0.1310082674026489,-0.7958189845085144,0.9268272519111633
english,159b58b5b8c0be4886690fdb1021843612807181e092f8c4e248190b8fb4e3a300bbdeddc8b9eebf043f129da38256409213f78bdf4cca33e4650a9eaf5d8526,1,1,1.8102930784225464,-3.537945508956909,5.348238587379456
english,15bea30589e107ba836c75690a0c461966b2a35e5a730beec446199ada08a7818096b936c7a4cbe828eb459a72a11c1745ee7eb534dbe5543508318dc048f256,1,1,1.7357149124145508,-1.2263166904449463,2.962031602859497
english,15f4b2d89fd6ef677ad0cf16118393247db64e892060c2b238c09fa625e31ed5d5c4b4e05b0de21c6fc2202db2a2ebf567b2fd032758dbfbeb9897aecb2ab555,1,1,3.374788284301758,-5.849465847015381,9.224254131317139
english,16407ab9e237bd10bf45338224524ebc08d8748b00256d2b2f58b738cf237296062fc8554a0a63e83d9f34c3ef22004134cffa980958f4fb1f375a565ab77796,1,1,5.189890861511231,-0.7449514865875244,5.934842348098756
english,1654137c09ef3d251c6fef85be6a6575954e0ee47db5ed2cc2e4a7f5898e9ee5f0167dcfae518c4613fcfa6c7ca3f2b1e8672ea3f6b01008060a789e74ac626d,1,1,-3.2277626991271973,-5.915138244628906,2.687375545501709
english,16c4d595dc9574177290c4bbc3ddea6ab322d79a107820c18586583b2d2026ccefd79c6bf4129d5323ae72a32a334b9f5f589ab6791c151a2ea3579106d7e255,1,1,-2.0184574127197266,-6.092959403991699,4.074501991271973
english,1744cff9d33b70420c7e5517881e81ec4bab1ac475e3b8a679a9a6fbd46953075741df42b0c6c0b80d66dc72c01297c3cc55e5e5fc7f53e84a435bf555987863,1,1,3.642202854156494,-6.138505935668945,9.78070878982544
english,176e4f6ada34391e97f6435b7c55775ad7613c9689cf82032af60e6125753a4e850c739b5e07301f1e0c08df660785cff66b0ac0024d9b7a0affdff208870f3e,1,1,4.956281661987305,-0.148878663778305,5.10516032576561
english,17d3246fffd1ce5778735a5e5ed617ecd2ccd5c70d3bf40f374bd3056363e74f89a4d1de6d2ccc560fd8b022c51be051978533e8e445b2b1b08241d199dc7fe2,1,1,2.08298921585083,-4.8744964599609375,6.957485675811768
english,17e4314d93594f14a6087b8588bccc4b3869e208c710bec4b00bbf10bd972e6079fceb4a7de94702d018521ed26a2696f2a3b26a993ff5322e9b284bdce53e4a,1,1,3.804626226425171,-5.9940266609191895,9.79865288734436
english,182db53aef62809033670bc6101639ca809c1479bf6fd1faab518d2d3c64173d4f9365d8439d4b95f2a192c84a622810d4b0e36672602d2532ba29009c64ffae,1,1,0.81113600730896,-3.732307195663452,4.543443202972412
english,186baf916b6153fe0dde4a6089443af5094c8670016da50caa7c76fb4fe0586dfc10179872c4539c6013d1ddec0716ad8a4aaab7ba65b6168521dce56e56a8aa,1,1,2.143367290496826,-3.907615184783936,6.050982475280762
english,1892185a5f450b7b4659e791cf442591bcd1809f6461f80914e4335a0b4ab38ee71b55e86e0c068cf0358397c58a295bd583691234b5ee98aafc775dff2b33b0,1,1,4.862929344177246,-2.292019844055176,7.154949188232422
english,18ae3b317f15a738e98fc195f953e7f975a9f2ec9bd739e3cdf054c7bafdded24be9b549f9fffa5cc1a9446ae31619cfbd832c74597b9e1e5bc97cef15cc5081,1,1,4.577919006347656,-4.887314319610596,9.465233325958252
english,18b951dc2813f5814ff2517741eea11223b24b0d981c48d278682c713cf69dba191e3fabec0c27a7840be61854d3384d1aa88af7ec9fd6e59d08e23ee7ba26d6,1,1,6.330463886260986,0.3252778053283691,6.005186080932617
english,193ac5b84bfb991cfac40ceb5212571efdd51e50f66acce33e264a8f3db03c507f032b3e8657d4b68bc0f37792b212ff8bd762e81e4583207fc687a24bbcfe84,1,1,4.398425102233887,-4.9681596755981445,9.366584777832031
english,198a51fa2f4a7bf5d5946ec1f826b9f8389bab768b237252ead78feb7492069ff2162a7e13545f9c65650b39a26849181fe4ef0c7501bb166a71b4a6e526e9c8,1,1,5.147299766540527,-4.066243171691895,9.213542938232422
english,1a0446d48b2fe1114209fcb872c1ca88b6eb43d420aeb81255ee4ff9d6e295c56257b7cf2ff2dde3905f1675a0a29c728187cc03b0423d68ddf7fb1539e8f399,1,1,5.230093955993652,2.33821702003479,2.8918769359588623
english,1a89d88e5613b49b8ada61f3f2012ceb01ca9304c37739f9f4466d5ba7dee91b22f0b3669bf3a5d265b3735e6a66155d146b9c2a9ec44fb60e5880dcc20c444d,1,1,-0.1881970018148422,-2.532139301300049,2.3439422994852066
english,1a922227ae3147d84b70c2103fbec940f0c5969b56362810eddbc71cf061fb81f206ff623ddbe02c48efec2d9f3e85ca91fce18d39abf3ff75a17f06d0012218,1,1,5.303073883056641,-0.6377205848693848,5.940794467926025
english,1ac9ecaf9310d5281d115f37692ebe23e9ee83e7655ae658c93195e49bbcc6b8ce5bd83130010252ae312400a654675cc3e5f52434e7b0302ae52ef36b5d161c,1,1,-5.959704399108887,-4.327730178833008,-1.631974220275879
english,1c5ac4e60d78e04c497fcf0631e17dc41c4194fdaf8646e5e610b31d0236efafa34c7a9f85556dd028caeec1c3af0a452aa7ea8c759c5ab70bab73bfd8372808,1,1,1.961461067199707,-3.100456476211548,5.061917543411255
english,1c61115fbc6f3daefa72def59418f4bd92910c9ced85a251880bd882759fc79b61cfc94733eb2fe4cb7fc30700c98a6cc981d590b7bd5efd41b4fc47b7168bcd,1,1,4.259478092193604,-5.74296236038208,10.002440452575684
english,1c6b510e4b94655025d950b34448a9da9e8904360decd22c4d5dd1286f79228c712367e82499042498fdf2bb4c71032981fd78deefaa5d82fe5f9b372432aa2b,1,1,-3.442135095596313,-5.812423706054688,2.3702886104583754
english,1cc7498b76cddef31926c23c49ba204aaf4a0555af20ab0b2571603ef0653539b787a94a20c29a651da9254f4eaf1dbbc43ab81471760f1f8c946b1cf21b5637,1,1,-1.6855028867721558,-6.063358306884766,4.37785542011261
english,1ce2d4bc81c3f40364305355b10c3a76c81c31af593cdba291a5c7d79eea4b3acb1bffb6dfbac787c1eedf652c443c973c39dd9901f5756b4c23d0ff26ca9e71,1,1,5.520420074462891,0.7693235874176025,4.751096487045288
english,1ce770dc6ee32c28882cf66fb38a9557ff644d3c96603625e15136f81c383091759241f325f99310048e1200a7ef6ea18ef245df25340e4f706c6790ed595b6c,1,1,5.703647613525391,-5.337314605712891,11.040962219238281
english,1d71aa0453aa10e5b4aa05091eddaae210bea62f4f4f70ffa504ba614d9512afcb5f135ae353baef02d66969ea55d58fbaf894b0aef59f89b67792776990ffde,1,1,3.682668685913086,-5.43686056137085,9.119529247283936
english,1d8a5a86ea20aa36ecf601cae7c6cdaf25cface549454f3f365cdd1a36c0d36008c4f37b5c9f9823f50bc946fadd1f803ef7a70f74f613d2eedfd455caa9e595,2,2,0.0060312747955322266,-3.998598098754883,4.004629373550415
english,1d9427acc5f17c32a5b25d630cefb1ac6d902790b1fdb35c29cc48457721ff5cbfb642c99394e598c3824e54d95f99429a6acabdf7cc1614d48954fdfd01647e,1,1,5.851819038391113,-2.9204258918762207,8.772244930267334
english,1d9af7650293ba5c6c7085fd0d4d9ddf1c72389abb3751a8ff82915db6ae794f637e1bc0f37e8997988c33b5b5edfde6ba22401e30381dd29d65479b58220efa,1,1,3.979257106781006,-0.667421817779541,4.646678924560547
english,1d9ec19ff82f280feed9d2d623162d8046bdf38849230f6c1f680cbd0174c53e9f717e9af8048494e459f2d3ce1d6c341198025323ac71599cc5baadc9ffa141,1,1,5.5319695472717285,-1.0228174924850464,6.554787039756775
english,1dbe4840071438e638690b6d916ca75f5873a81c259d59714c36f29260032a352b1b2ec752dd97de83aed3d0fa55a80d33209e3a8ac985d3ae5c96535da0f700,1,1,-1.1826224327087402,-4.892481327056885,3.7098588943481445
english,1dff59d07c4718b02238d94f96899fe4afe8b4997ca0cb04378384177e5befc888a5a91886cd56c09e8f6647d4a4448fe8c3d1ff17038b217fee48816050a698,2,2,2.811212420463562,-6.007610082626343,8.818822503089905
english,1e0478349259a1230fbfeadfba465629f6c3e49ba48acd1cdb4070ab3666c689c6a6436e9347003a8611d7219594bc80045007a1dabd9488cde5fafe19567a38,1,1,-0.8931902647018433,-5.969991683959961,5.076801419258118
english,1e3693d113e759b546de3c5d9f8e883eafcaa93953e37878cb16dbf6621f45195b6b057f171d787758a3da1d86619192eeea36064f6d12d98dc473b63c69f4c3,1,1,1.4167015552520752,-4.475909233093262,5.892610788345337
english,1e6f4b0a04b5d0d1b9bad571e182b5818bc5b161cf990136f19dbdf083c12681dfb19fac99c01f89d075dd0f9df319a654cd5d3452442a4c6945428db099766c,1,1,1.6160842180252075,-5.241545677185059,6.857629895210266
english,1e96e4da92f5ad7a12b21e433d0465b8bc50e14d8da7f1f0e7bae2a15ff6443e2f244d995e7969deb2f6a4a0cf06fa4fb629e247c4815fe3e4e80ad25247b55d,2,2,5.774621248245239,-2.3329069018363953,8.107528150081635
english,1eff4631dc269207618994527c66eb15c32fe75cdd16f377e1d46d17ffc037100b75d92cd77f84caa6ebee2c8542164edcaa42c3ac4a4548208a6ed93eeb1a66,1,1,-3.1206750869750977,-5.860282897949219,2.739607810974121
english,1f150fa72ab4ef621c4294d6a1ac26a477f4a8b88090c9560a07086a823090bd820852a2c23c96076c62baf2e5479183f58d0257aefc2fc8ee49d0ee724b6d6c,1,1,4.123639106750488,-2.178699493408203,6.302338600158691
english,1f155ce718ebead44cab02f2f161ca36f0c89c03f4421dba13526ed1ad8ccd1357dcb8d7f42db35b18e0ae133d77e9cc837c29c2e871fc597ae5318d76cdee43,1,1,1.8337684869766235,-0.363840639591217,2.1976091265678406
english,1f6286a5b24547ed38ae76a92f6137da435710abc44e69f5f18cdca2344830bf440cbceba714edf256853b6442d8aad824020713908529435d15fabdd5be30c3,1,1,3.2715635299682617,-0.8399463891983032,4.111509919166565
english,1f8a4142e72f09451b4070b0443674c6e7c2ce291e5fe5bc8f30fc22646e2eb71c11a1520957abca5715c5505f3be8197e80445dd847c1d39105bf5b18467e36,1,1,0.8117201924324036,-3.5314764976501465,4.34319669008255
english,1fc06ae2858fe60314b607d8728ce36d5dcd8f22f6f13b106b6c4a346da6e0d00fa406883a1bfa9a0973fa46de07b02b471559048f76b07fd708d71dbac8907c,1,1,-5.939761161804199,-6.051851749420166,0.1120905876159668
english,202d9fa1a43b2dd7d9d48d3bca2481f5b0c82f3a1ff76a1583f5108b31dea56b7b021d8ff87d019e1087818968741b555c3bd83f0a62e959a1d843703acc8e6a,1,1,0.1450712531805038,-5.94892692565918,6.0939981788396835
english,205277c641661bf063fb07ec2433c852ae8342449b97061c709047695d64a27987944d953a8c7738d5c74e0b0865ff2d85fdef34c2191c0e3e7f1151fbab252a,1,1,-0.3580257296562195,-1.9184950590133667,1.5604693293571472
english,206710ecc1fcd76f0e083acbd83a04bd9613a02785b70caed19e7764dc00239a37407730310c555c891505342dd257b101e6b9df14e7d4b855b73e42df72dd96,1,1,-0.459955632686615,-3.771787405014038,3.311831772327423
english,208571fb655f77d9a6a235473dd04677c0b85eebfc0916a5c5b4ef2899929f1756cfb65d4c8a6b478a33bebaef865df4d05a710eda69b3f27394128a343f65a0,1,1,5.027806282043457,-5.824228763580322,10.85203504562378
english,21580cd2b189178fd1a54f973b311c2c17d9c9c22551bc474aac3ff99a050ef1bf1a09ed2349495ff4454366e998c863a4d766d456ca56f7e711f3f5c06d55c6,2,2,5.582102298736572,-5.057975769042969,10.640078067779541
english,2171e7f5b831cf25bd8dd5db58678b16340b3d7821f3fa45e0710841830a13f56b0a92796790e5e3cc18b20c522b24336afeaba54685d3535a4ce69013ae1291,1,1,-0.3519420623779297,-0.649856448173523,0.29791438579559326
english,21ab407edda9b81be53c2e0f4341a8c9ca4ea31289425434f2d3a109591e825400bad8078a1f82eb083458dda4e2a2aa5c215eaa8b076a6206dd05574f8cd3ce,1,1,3.0366697311401367,-0.6270112991333008,3.6636810302734375
english,2244e45bd05ba9bc961063bbea119b7e7a548e31afe1315539c26301a870d3b2ae1c9a0738dc7fa6b9383e926e225bf66b4cde27fc00b62e601e2d6a3fc7baae,1,1,5.0334248542785645,-5.605117321014404,10.638542175292969
english,2260012da3141f7794e6d0c1bb750d1b9cf0b861e1e69a858f8e7da7e617c49f8333d56ceba58fe645e0cfacfe5c296712c399faecd319d4bdedc7c1134f2014,1,1,5.177117824554443,-5.114827632904053,10.291945457458496
english,22bc86f13b4251a1091cee1fd2599e43dae0537d789e5b88bac1db2f0814ac63bd7bb15e13a24648acf9c29e144fa08d8c2299a88fa980b6db3f7a70d8f48b9d,1,1,-5.502081871032715,-5.873223304748535,0.3711414337158203
english,22d70085d0f069350397b476ee8efd3fdd9511371effbbe79af1ed476818fe5be5d9f68fa88631b5c6a58fbda6b4b48b4a728431bd8b5412b4392fdd87a8c680,1,1,4.046355247497559,0.7793239951133728,3.267031252384186
english,22dd21ffb5a94b4800ab81a550313962ac4274b338386a87f5f98a319ce8778b6a423b1c90bbf641ded3bf0c6df4f522a201f7f51fef1df7e6fa01a5eb640c39,1,1,-0.5213134288787842,-3.15784239768982,2.6365289688110356
english,23155b3c9b54685ab85e13f624e6e07bd88f4280ce08d3e2cac43dc044c9aa8ca68d9cf70689d485319e8d91a60b6d25089f57ffb8156d07bff67d67f1a0a8e9,1,1,5.050572872161865,-0.6356766223907471,5.686249494552612
english,23bfba2a8e10157be83cf6d98aaec7787db06d9c20e18e6c60f0e18096306e559f55703221e7ab14b5ded165b57e4053c67b92da270e1c978d3d684705937842,1,1,4.918518543243408,-2.395000457763672,7.31351900100708
english,243c0d90f6145edce7803731bbd3baff7cb887a5290c10c1c5897e24248e249752883be23dbe58e59668ad96307fa0666e76dde82a2dd55ac2c624acbdb1d919,1,1,-0.9134179949760436,4.147371292114258,-5.0607892870903015
english,244be08d9659a7b249cda11d300c34ba1d6e32f687cc1211589b1298870c3507831462f5fb7042543621db635fcf2fb61d3255e495861ff41aad99ba364b6ce5,1,1,2.3787646293640137,-0.5682932138442993,2.947057843208313
english,25bc1fb5e8fb8c59df9cdb4dd07be6837d50ff86b6582a5c4f01e6bc9fd5674a5c403798d8e0eeaa6ded4e2d25ce5c6ca650fbddef5e05efc861469d548e05ab,2,2,3.380546808242798,-2.762064814567566,6.142611622810364
english,26119d8875376e9919a93ab63e3b76854cdc4169cf5678a6b13b3686eb1d2fcbacd475c1ea243ba85bcfdf63102208986f87a0b92c7abd6f235e2e116df36426,1,1,5.680550575256348,-1.4221107959747314,7.102661371231079
english,2613068726292355af6306df9b9448429d185bd61430a67718d1da33e22d3b695383a562c5a385f7df0cfd18b3cda8fa718e306ac9879707519a3ccaddb00154,1,1,-2.9755635261535645,-6.045958995819092,3.0703954696655273
english,261902fd23f83fff961976a161dd750896c8083c6e43fd7ea0913fe63fcd4ecb3acf6e2803cc583385eccd92760f88605cf5ffa62e91574a379fe32fe8950ae6,1,1,4.698376178741455,-0.2863044142723083,4.984680593013763
english,2648b9233842ccd399c847f426963172fd89176e6dbe3b4cbbaf113c5051801d1fb165bab5fe541158070dc75c49a889d33e524a078de7ee7c8de087b6fc920e,2,2,1.112944424152374,-5.528075218200684,6.641019642353058
english,2666d4fd2cd037cc0fbe54a3b27d4c1ffc44b84e05fa19e1e4e8487cb5b2bebf33dc6f42059e34d474957dabee27045fb078bea0689ea676650e6da35f60a3fc,1,1,4.391445636749268,-0.867919921875,5.259365558624268
english,2679869526f619c0ed756e0f49a2492a0d7d383c313ac18df3d138da9f07f3bba8b6f04d4b487d661ee6ce6a58c8227c0411be835308658df7028df49f636a32,1,1,5.702760696411133,-0.7069414258003235,6.409702122211456
english,2696eaab6e3c1b31730749713d924d5a9cd05143085702ced4db3cc4ecf36f08b9ba2282eda5fbb905279b631b10bd1f98a109e9af6c28598294fd8489ad5343,1,1,6.059648036956787,-3.482763290405273,9.54241132736206
english,275cebeb6198f486d2965dcbf0971b9bda164c9369b803f8d1c139f367bc67505bb34b0004bdbed8184ca83903f43ab7ac393bf11b303dd0eae3dba9f1194fe4,1,1,2.990528106689453,-0.6530399322509766,3.6435680389404297
english,27abab9fac87a4bc30b0269ee6db9ff979562e0730deca2d89b1be43335b800addaf7105b8c458edee2300b01cf4724144580354f86c77aa9c033d9b4bc4dc91,1,1,4.215948581695557,-5.387375831604004,9.60332441329956
english,28167b2a18653a4705fe369cd88b663de6530f8dc16d4084993e42aa81ec98ace28e95bcee0ad4aa3cd1a4e0cfeb990385dfb02fff69b37903a5990516c1a120,1,1,-0.1944379657506942,-5.417575359344482,5.223137393593788
english,2817b9dbf3bd7f97c813c8282f35c8fa3c1ffd8bc501bdc997956a3f64c90f3f0ac2e39c067de95bda48043c4c4aaa39dbc48424f906fa434c5646069b7960e7,1,1,1.308098316192627,-1.2927736043930054,2.6008719205856323
english,286b3e8a1836d09e6750eda31ea961d87e0d6aaf625df6135d7da264ed96150cef6cfda72f484245956373ad3c393aaf3cd3d016ac64d26a9facbc3cc069457c,1,1,1.6009565591812134,-5.97737979888916,7.5783363580703735
english,287db5b3c7065ffc1e6827c0bc87dc4a6b6a45c159642fe8d490d5adb6ce18a5b4b528f921503762bbb20b1fcd84f5f8256a9a11cd4ccf55964f301b416b08d2,1,1,-3.1048598289489746,-5.901646614074707,2.7967867851257324
english,28a4425a42ea4e5415e3088537d64d901c6433539ef683b0bd7332120967ce8b59ea2f9cedc8de7213d93bc8794cd4874c8485af5fa63869b299c7111784631c,1,1,0.9311224222183228,-2.8336825370788574,3.76480495929718
english,295294c457d8341c05921b7e51ed90f2ba6ca4501929920d36ec1a91d4cb46fe02072ff2669237db9e901c49d77b98e68af2a2ee9db11952eee71e902d30d4f4,1,1,4.465691566467285,-5.888762950897217,10.354454517364502
english,29b15b5db97283dddbce27871ba4f3a7a6e5e079e0d09eeaf7d92150c337ca7655d1c1951069d069373ce08b8b6509193289740986dc9c5c9bcbb14a4f09342d,1,1,4.9132890701293945,-0.3521689474582672,5.265458017587662
english,29b1e5a58d1667d4ac45832ec195356598a69f66680877b0d5ee465ce2404c0186affc81ffe4a29df35203fc07a0fc5714c60d914a88aa36d7f84c94dc381d2f,1,1,5.417315483093262,-3.5705509185791016,8.987866401672363
english,29b8505586cd43382cd695da6b943f401104be710a5b60e814ac5fe7e06b39459cf8fe1701ca83f8154b3ccd749df7c2aef33ff23950bb1a135b1e1c393dbcf6,5,5,-0.032221543788909915,-5.89161491394043,5.85939337015152
english,2a07754b8ff0b74f15d832d7bb1ba0ac2376df955a8e485f3382f16ab870f5cf4d922dcc5b9640063661404dbf9d9c753f572ed2dcf0acbe196064174c91ad46,1,1,2.030188798904419,-6.020499229431152,8.050688028335571
english,2a1b5ca580208267f82336795c23130277007e6587812f59c276262730de1678c6681fbd55ff40657d277f64ea7a25f9bf4ef17e113d2f0620f9256ae083afc3,1,1,0.5312711596488953,-0.1273046880960464,0.6585758477449417
english,2a6b4159f54e2c66b20eadffd33e20742a7db35e932fbac7dfec4c167901fb3904c6bfc69df429ac91827c744442143a31b54407b8ac6ba439c4057cf18d5ed1,1,1,4.797582626342773,-0.2597928941249847,5.057375520467758
english,2a86f9aefb1a5b1a9e7501645a1fbb9bebd024e20d246b3497d902b0928018d9632bff40f5851041d8a7cc53b50eace5a4c04b93d56092e2e5015046c76c6dec,1,1,-0.5608917474746704,-3.998934745788574,3.438042998313904
english,2a9b5225fba7cee568598efce9b322a3dbfa6b6c27044b4ba5182d7c30e07c0a9a23946f664ae42579d108ed89ae21a2b772da0f07f80e5b5c444bab77839110,1,1,4.692193031311035,-3.369091033935547,8.061284065246582
english,2be1cc674ad3ffb015a014198634b3f07d1dd0ffc01e453f1cf522d6afe152cbd5becfb0717d728f37a1c6d3df194cf8d2f4506ef17fd2fcbc65b1c540862403,1,1,-0.073072999715805,4.689667701721191,-4.7627407014369965
english,2ca8e257db4b74caa689dae34377ed4f16fdc5a7804bb845da71ab267949854fbeaf50070000cd05e813425e15e4943918de6ce5ed3647ff1a665c57c5513f0b,1,1,5.298077583312988,-1.0020118951797483,6.300089478492737
english,2d06c060ec8ab9b0f82ffff38e0ef76ba173bb07a21fe24397de9f7cf0a753526ac360d25a209b2a0dc2601f2cc3486eb6e5ecf0ddb5f0f5a678bd738c4a0ba8,1,1,5.499848365783691,0.5105432868003845,4.989305078983307
english,2d0e152e5c3736951873b259c7e9e0e657716506e80b46075cf128a522ed95bd4eabd672fc31432924cf0d8632e48aaa4c791e517be06235a7d0d1a9e84f7b55,1,1,4.003594398498535,-4.163856506347656,8.167450904846191
english,2d57276f6a1da49695a689e7d1f2d4434b5b8bd47742d4883cabc1aea47c0719ce07fd5fa9e3c2b3670cc4d601d96a74a1bc7f5de878eeb0d8a9331a66da5eed,1,1,-5.626306533813477,-3.687324523925781,-1.9389820098876958
english,2da9bb79dacf58301b5d57a56cd23f3acb8e5285f575555537d1036d939060a9dd1a78707721e4056d7873eec170af9ec729055efba89e01c301fb610da1e8d7,1,1,1.4129157066345217,-4.129812240600586,5.542727947235107
english,2e0be8cfd0d2d424f0368344ee039ff625b62409bfd0b61450ca58644525456f394ddc26a2cd01d2e18fdbbc1f04d85a927ec9b3dbbd33527492f6ff7fdb2cb4,1,1,4.685378551483154,-0.9507259130477904,5.636104464530945
english,2e50a600d8e9ea4c5d047767466ac38ef1f0c08f49197e7810c30a62f3fe5da4c06ac9719d31a89d9b8055a1ee8f3b9500da1ef5abe9c2c5e9355886d514944c,1,1,1.6623047590255735,-0.8449000716209412,2.507204830646515
english,2e8f95ac5b92766221b9e0c8d8ec2f190986e3cc291f550886a6b6c8b934673e062bb5dfffbb33b96f91d04466c578fe334abb3edaaf35a674f6d34f519cbdbc,2,2,1.5370633006095886,-5.182278394699097,6.719341695308685
english,2f5f7c30bb6bba04084b5940c79de6d9d3c440401151832365b5baec0143a38ff4d76c9672ea5763f3974badf2ee6d341435c0c99d69b8b8ef23b231c4bdcb4c,1,1,-0.4653118848800659,-5.926000595092773,5.4606887102127075
english,2fcc2acb0b72afeb7c58fbe878b11a6ccde1576faea16056138081e560383cb3c2653ee754ba2d4ca9ac7e34a9c8257c4444bbf964fac77ae209e644e2301162,1,1,-1.6257106065750122,-5.66616153717041,4.040450930595398
english,2fd309fa9844ef5039e319486646f289653f808add85e7c54bb861b9e57b092a8f580d7bab6ea13c7f196af3bc18744c8224cf9d3d9c3167a7678477a55ec11e,1,1,-0.8921530842781067,-5.923591613769531,5.031438529491425
english,307a4fa8099bca1b0a92cb228b899bf047b86dee93b8e32053a0e7cd61b150d58259e8abaac45bf6fc2e7f7ebbd6262aa2d6a483f42b3fd7271d2a054082da7d,1,1,4.702274322509766,-5.440927505493164,10.14320182800293
english,30cd7a526019c81da505760e51e6708329718e2104481f22bcd2b3de33079a4adc29d59966c5fea2caa77444232f41e0de20360d68a5dc1bf20308b3a519c162,1,1,1.2866164445877075,-5.448841571807861,6.735458016395569
english,30cf92caa81bb2bef0f868e2e97e200dc6f77a01d6f188c1977cdace5bba9eb317190fd2c260eba1c3cb9f6ab22c6733a8a228049e1ad115fbcc13f4d3f53943,1,1,-2.6158711910247803,-5.966580390930176,3.3507091999053955
english,31133cc097d3a307032444b005a6c73f3a30eb6194e3cc1c4aeeb72161bd3fdfca786c90906932e958e7a713ed22237af8e93c310add52b42705c69dfdc9d862,1,1,-0.8773791790008545,5.492268562316895,-6.36964774131775
english,3147a120d4f77e4d4a516ef0a7e82c86e9871fd71a2d533af75ab53987ae375720846e673a581cc1d6ac7567396c030dd19e5fc295c1537438cb1aa28e2be0b1,1,1,-0.7198007702827454,-5.883056640625,5.163255870342255
english,314bf7a75a1c5b42ef74a78af44df03ff3fe8f4d26cb7cbba7d6a2ae5b5fdab21dfaa0751a7840a7a0b8a7061c9db15bc0913e4217a6ef18f64f2b6770d3e107,1,1,5.637327194213867,-3.3974854946136475,9.034812688827515
english,318342c08580b4c38c6c0d46de335bc85e3f8cc7dfd5c38aab63e5a5ff38845f3c2c021391930e361e062593cc5ee34087aa0398b289eb72377c8f2cdf8638e8,1,1,5.094585418701172,-0.1172432750463485,5.2118286937475204
english,31b8e2787d4beaffa210309b361d84ba70dcec806fb41fbbe0f081f473289039da13d11eb64125e0746fc72adb2bec40a73e8db55b1692aa7a4e86dd68667a30,1,1,5.264856338500977,-1.9440256357192995,7.208881974220276
english,31e293a5e1d05f63b7a03727a7326cf680e5f0a22546e144d1e4e83f1bd49760a740ddc11f34c5335c2e2340d0950e52037da318e76cc076f8d7ed4d594db6f8,1,1,2.878685235977173,-1.1326977014541626,4.0113829374313354
english,32383b0c72c52b927f570d868cee45bc4594638e599bbe18eb4a8b86c45a365ca83b77ec3e7463d394f870282418081a0e849e870b3b2431977651b14b6d63a7,1,1,5.531901836395264,-0.5204862356185913,6.052388072013855
english,329e341f220a279afcb76b1610eef8346b95f46e5d0321f3e1e96bf20aec793ecb0de75a2602ec372ad10b30a8025cd2103e7ebedc3c7c7c27bd046b2afeb84b,1,1,-1.6504452228546145,-4.040364265441895,2.389919042587281
english,32ccbe9d88d17ce7f2c20adef54078e58f24f0c9008cfd93742c826abd1f8de12e2a3ca6a93cca3a6d6e2d28cb2876fd832379d8ca2c9144fd597d7d3b64fa39,1,1,-0.4151807129383087,-5.930442333221436,5.515261620283128
english,32e100352f08fed1d691558a6fe313f3b3bd13ee580bba61afb87d5e20bb5b8d6a9110dff78645259d8e6a48bf220eb2bd784286cc67a8a565051ed3fed74dea,1,1,5.16488790512085,-4.766875743865967,9.931763648986816
english,33450eb388de60fa6a9907092ae242b8df433c71557ab6b6908373c3300bd9c11890a52fa8f4ecac0a91ecb4c49edc7acb6e1287396a1f28f5b8f1fc1c66107c,1,1,5.600486755371094,5.236016273498535,0.3644704818725586
english,337bd48d700da4d21c52ebcbc085a032a073b257f573c003a2c4d0539cbe080f6666417208d1fce4bf4d4d6299f7fade3122be362bf102a9f6260df38fedf147,1,1,2.0304579734802246,-5.895770072937012,7.926228046417236
english,33f33d0ad9fe4dbd137a9fd92cf4e4765c91c08b4be1d9bcd4844adbe039d247adc5df1bc3621b7db9e9555d2a8346fafca36d43cf79974dd7874ce9df75d208,1,1,4.629849433898926,-0.427172303199768,5.057021737098694
english,340be2aa5e117a3c046217595e22339bebc9a90105e0cee2afea7b678865b9f5ea13bd427e03e724db605f8b153fffbc385a4dd0ee64e9883749f7c802f93dd4,1,1,5.45555305480957,-1.167937159538269,6.623490214347839
english,3410b300ff1847c7f61a4bbe0549c48223b36c4afccb0d587fe3a9b798a3149f7a4fc665766f4d05511035e7065678f9e71c58bf1475445932a87b5c6766c961,1,1,4.553740501403809,-5.818674564361572,10.37241506576538
english,341ce7bb8bca97ea26dbb3fe4bb111a51e5b2173cf305527dbc4155064cf046baab8c77c7fd1dc924893b6282332542e289382f4fc1ba0094799ec30c4d2401c,1,1,0.5597338676452637,-1.1242538690567017,1.6839877367019653
english,34426206799bc4092f403c29a19865e64a408245ca869fc3ba79ba6d48ad6290c7d7aab7b3f1ea421290ebe31bded6a36f04fedf0720b2ff4df64a6098d1702d,1,1,1.5083234310150146,-6.078886985778809,7.587210416793823
english,3447120ac93b7c7788687c259b7f55058804e4982c36174a9a0af762495a6c2310915d2b10562a1f75255d5b0a18eefb304ef7b042006d96d83158f22d238de8,1,1,2.1291258335113525,-6.133234977722168,8.26236081123352
english,344bf332f298134d3880f9e38710e4c7e7037157bd63a3f5334f3c0d627ff61645ffff180419eb666587109a9a7638148728a3c5765f76296fd68c957088b428,1,1,-0.2500788569450378,-5.983428001403809,5.733349144458771
english,344c8d7e1e6fd996d881232606c3742cd344cae9e25cad0dbdb46e42d2ff74e8434deb4c6da13efd6e735ad95cbbc88b310ecacdeec47af5945e56caa2583651,1,1,3.6703946590423584,-0.1805498749017715,3.85094453394413
english,3479ba11b3d8988e9c536be832927bcc9c58b00c86cf085a53384c34e82bae0ccb35a9709d0217a4c7b2dff24cd727b5877286096ab0d1efe6dfe835f8889564,2,2,3.88869309425354,-5.951534271240234,9.840227365493774
english,347ca047cdbb121e700a04dc44e0cfec443683ecbe178b4b1952c4400235a3bb1d80cdb01d6322f9c73c88190e660e62a468e31248f81e6e8dfb52caf233fb91,1,1,-1.6362667083740234,-6.005511283874512,4.369244575500488
english,34896b6aef1b0a4c28b4c0c8fac8940730c5449b3ba2df4c991746f4d1d414aa46c1e3af7b7e640aea4f579edea4fb121642fede67c1f18d2a69060362a1df34,1,1,3.8272628784179688,-4.083518028259277,7.910780906677246
english,34d57429883aac7d0241cbc867c0be9e2f4a5a63f68384e353b4e2a9845eb2ed6a3b66980b7d43d47aab4cb9dd1ac40bf93fc75b4311b87516b98410516807f7,1,1,2.347766876220703,-5.825714111328125,8.173480987548828
english,3510909f2bc9762f5d0cffde382eed84a2090201c2644a9b70d5dfcdc8050f0b0170b146dfd029f162133b853a311d6c4f3b566edb0207ca2fce0925ab395715,1,1,3.071758270263672,-6.171663284301758,9.24342155456543
english,35ccc4e99ddb267d35f75aa058b23f6ea3c9da20e74e9c2745ddb1f41605964743e052a272f1a80b9f4578e231280c399e434f92a933241c713594971da70557,1,1,1.9310466051101685,-5.399935722351074,7.330982327461243
english,35f9e8ec4bcff15ab3558275a449d64b9ffe868edff9533e1607b1b963efe7e09a840794ad7e510cc41321b93a941fcd498f03b16763c3a05ff052c03daac754,1,1,6.195178985595703,-0.4433763027191162,6.638555288314819
english,360a60af78d0612a060e6d6ba151636158209368ef8e61b4b8c3d6d80004e8e60e05a8502c7e7f0012328377934a147bbf09e1f1ad3f4ebe5ab3b5ce7382dd65,1,1,4.506482124328613,-3.6163153648376474,8.12279748916626
english,3626fa6b9645ba859cf611370be40d14691f5d0a46511e57ee7d8ff7b00e19aff177a20ddb75e1a05055baea2ce937592490a12437a579fcaeba1d37103887dd,2,2,4.83730411529541,-0.40819957107305527,5.245503686368465
english,362d319cfc12ca4cb99179fc03d9b1336e51313d88cbd4675f686b5a5496985e95c22b5a09dbcb4dd070654104fdb3b5e2e254464bd7936cd83306546509d61f,1,1,1.4008327722549438,-3.946744918823242,5.347577691078186
english,36543d26ad616cb0e9f203f4cab078a27f4fde672852e0c62761c308dc70ca739c99e7dd1c0905775c6b8445e81d21656694e5536177ff4a2be7d27745633c24,1,1,5.403679847717285,-3.6919021606445312,9.095582008361816
english,366a753846275be279eda9ca2cbda6b54abfef3e22d2b66f252c39722de707e9859e6576abb45f36726cc8291e71aaf5dfa6cbc875f68141417a2666b2263778,1,1,-1.1910431385040283,-1.5454394817352295,0.35439634323120117
english,36922c402abcb8a960e15a726c1eb0bc363d122ae506ce244e70ed2856d94436d80da7151a14c5bdf25b8b780e67ebe3d286677fde1a458b1348677b58ada1ec,1,1,1.4699337482452393,-1.982031226158142,3.4519649744033813
english,36b83dc2895ee7ca3860332467eae1004c2b17adbd25614e15f889989fc897b8c9e5760d973eaad41a0e88bf8bf7846b75184b636cc58a1601a2fe7b3034b84c,1,1,1.8446789979934688,-0.5785671472549438,2.4232461452484126
english,372293e65cdab88771e028a4351651ab2eff64438ddafc211e089247dcdccca350153465eb5409ce708081d9ad384af45d1dc57bbe030ae1a2c0edd561322fb8,5,5,1.7253953106701374,-2.371480056643486,4.096875367313624
english,3782f6a35d599db62a9bd73a45d7480cb56b29d130984d030b5a17137dbe2ec49909f6944f79eef6af518d416bd040632029ee855f5b648ea34db6d86cc3749e,1,1,1.425568699836731,-5.893795967102051,7.319364666938782
english,379dd19cb981e4e0c55e088d74083093ee704d0d2332e65e056b9022bdec56c78d8ad347227fd8b76f9cec853b8fe539142ee5745e0a97c2a4c471187541f91a,2,2,-0.6233968138694763,-4.283983111381531,3.6605862975120544
english,38583b57c115bc2d0d95c9c7e84eabc4822c3c8e7fc427a484ed9ce56193e3d120911a3865a5096089892a42ec2c0e1b744aa3428fad6f67e2b5364dd958fa47,1,1,5.521301746368408,-5.624683380126953,11.145985126495361
english,38750f6fe4575f45443936753f75d6e7875cf624362bd4bc50a7430cd3b69784b783b9f9601d9f1c1d6c6da22d9af4b1523da231ea55a13189c6d5a4923d728c,1,1,3.868897438049317,-3.72078800201416,7.589685440063477
english,389d64208bb16616aeaefd59ad89624adf2f7cb0e68d4d97c380215b52a7eced9d0849bb269542471cf25cbddd543932c79011b751eb6d7380245a6da0eb1eff,1,1,4.131489276885986,0.0414199344813823,4.090069342404604
english,38c8a0fff0da67ea3ea8dd2ca2a1fc952ae06b2152799a8d8205ad1d5e745c3d2179685fca781a90fd2f012cfe03a0b839776aa6bcd36f82e3d424bdbcad1404,1,1,-0.9507124423980712,6.454407215118408,-7.4051196575164795
english,38f82bcb2781f7da7b0d5150b30526c2ea236b7f2c3fb985ac9fe54eccbca08df83ac97bf5881a6f63d989744e39ce9436aebe410bff2cd36577a29db5ce8c8a,1,1,4.962990760803223,-4.364505767822266,9.327496528625488
english,3910727ceff0888f682cef433e99386f0d3c46e5475166e72acf3fc1744e5c50403e47c974fe54669d3d1d82d9afe2ff0c417885a10170dabe39b22c1c661323,1,1,5.831146240234375,-2.328277111053467,8.159423351287842
english,39177320246077ab4733e786a29c0571e0b8180e6a96cede57be4722a21ea409774daf384c853353c65fc15ea796f2543ad04c954b471b4722f65181fb243946,1,1,-0.9767016172409058,-5.969876289367676,4.99317467212677
english,392c0beffdd3617b039eda723efc74a4fdc4819078c85420b1b42ba87768ae86c8ab2f1ab8016d0f5482109b97262596243599d06863e78086a42b3451322eb4,1,1,-1.7288261651992798,-5.323067665100098,3.594241499900818
english,39a4bd44251136f67624dad34f17e8919d41feec56e419cf920faf6d907f04da317538e6a0683bcfc24e2944deddfa817d39106c5849e20ef52a69430841e5b1,1,1,5.253457546234131,-0.152340367436409,5.40579791367054
english,39c7f4a092c239dd28b5af1f5d2478b19641bae496c30909b4d3eaa73bdcb6e1ccfa348210a57be42889112d2eb3f99efc3d142574f6bb9174ce2be1c3781066,1,1,3.262155771255493,-3.823976993560791,7.086132764816284
english,39e41b044c52582b14d6b64ef3f2abdaa81fe1c6db2f57cc631957af5d9123e9a9178215ce7d6de0e54702622f06f40d84ec53e69506786c836e9f4dc8e5ec09,1,1,-5.9759721755981445,-6.13295316696167,0.1569809913635254
english,3a11fb1d82c83a37961539606abb1110232049bcae24d40864acafa4c5dcce0ee790c7d22c3b8bf4013cdc4a8bae17ebdf6cc6ffa8cadd62ac8892ed1e50f7c3,1,1,3.7727138996124263,-3.9178452491760254,7.690559148788452
english,3a3a12ef79a5ae168e17630ddee4bc75ac379e7a4bd0a2c01e9dfef7f09c47891f3ab3c3943a9b3255d4962453f314a139edc4c88d3e71a3128f49ef85947a79,1,1,5.578661918640137,-3.361804962158203,8.94046688079834
english,3a4228fd1f7614c4550485d454331fc488ff9d71d5c363080e7ef21e1ca55230f787a622c2932fb10d2f56b3e72e0363ded620f44d41021f6a85d8b9ec25b3e7,1,1,4.667252063751221,-5.493496417999268,10.160748481750488
english,3b251e405197711ca6038c441740777a3da77049a26f16a118acb4751b4c171aebe20c719accd1364489542f40e46f8823a67d56938703a3a88e30e3e5e1c65f,1,1,0.8375955820083618,-1.5264190435409546,2.3640146255493164
english,3ba1bd9ba75198b6a877c1dc3399cb48cc7218516ac808bec57449617c10f7f1570579eea37fb50a650a7346d5348c75f9ca316583d59adca3eadff00fdafb12,1,1,-0.7970942258834839,-3.993119239807129,3.196025013923645
english,3bc17351c38c39515b097e6f4aeea8855cc3a6e92a6931562797f93602d111c930bb4bf709a6005a94076dcab5ad03a4a33fb5fc42bf539c6ed1538b42abbf3b,1,1,1.6787090301513672,-0.4856647253036499,2.164373755455017
english,3bf9ec1d034c30b92251126c0c8e036f9db120dafe3b9662995d3eb41ba79f8f041a8b4452a1b932ffe500f5767ba431cc4b25c71dc04c5c4298653ca3ac4b75,1,1,5.907691478729248,-0.6900525689125061,6.597744047641754
english,3c46e773858810e4079a9e88de6777f239711d3ab9c2d43f2265eeb30b7bb411457af9349903d2cc1e2a6eb8d007181df5c015e4a6ab84aa270964e4e6d555f4,1,1,5.760158061981201,-3.8612449169158936,9.621402978897095
english,3c63752972fd7e12a49f8c1dc8f504bc6ffc985ecbcd8a39b722370fc2859e20d9738ab5aef22fd4505ea0847ca0925195cee299a86457caa74b317e16004a36,1,1,5.0236358642578125,4.85852575302124,0.16511011123657227
english,3c9b36decab172c516e345d2df4c6621ebe89115e41690baef9c0e96ba299a329a76f9b14a05c511c4fa5b5c0f3da918c92b1e38a42984c29d50fac03a8532e3,1,1,-2.895803928375244,-5.876187324523926,2.9803833961486816
english,3d500be5f0ac82734ed233877afd75e82a0bbc6ff6317dda86bf1200c1a21c26f1d0923dd27d8a1d0b5a015ab3df12e5e7091a959b21c2da852854f0365fbe5e,1,1,-0.5487060546875,-1.7412840127944946,1.1925779581069946
english,3da990b3d9fca70dd6c31114a10c04fcc60659b1d4e23dbb9eb2c352da62dcbaf354959ddc9b876718a470b8817bd5f17c87bfa8d53e3436a60edaacd15f5a53,1,1,-3.3741157054901123,-6.038541793823242,2.66442608833313
english,3db4d991b3de584e9bf5ebdaffba6dcc4aff31cc074b46bb3fd174a97ebb679be42e747df634081b3fda5aebdf5ee528ec08751b67f698bc6c9ad5fadfc60c76,1,1,3.400552988052368,-5.868707656860352,9.26926064491272
english,3e0938d71630fde4362ee5a31c9395ad8875384e82037d06196c52f7885662f31df164ae98c16e0dff6d7115b542574f9d7d66e26bd89af33b38e5415e506910,1,1,5.315189361572266,-5.934451580047607,11.249640941619873
english,3e359e9c55220fe9e6fe85ef75392380dfb599ff51a0aa6395303c039917f52b55a3bb4165d4486489dbaea6e1a265854547e93ac5efd1a8dcbfd8ef58356aaa,1,1,3.3603854179382324,-6.006266117095947,9.36665153503418
english,3e411b7dd086264793d1954a61e0a98f35a73684404682f14a45e56555af723c9866e90bffb71bbb205004d1c81829cf6c14957124b29d658f97e1dbd454177d,1,1,4.200667381286621,-4.260149002075195,8.460816383361816
english,3e77b1c10c54a742d3860e52142a104b8e8ca3719cbd23fab691c1fefc00b4b65b9e880594feb9f776672084590c6bf971beec933909a0d6c04013c911ddf241,1,1,5.524964809417725,-0.5689419507980347,6.093906760215759
english,3ebf97dff152377ac23a819a5dba264b0f8994354b69c559206858276e263c410183fcd25ae83a2467477a87821e8fddd714322d589ad8363efdcc90712d396e,1,1,-0.5275826454162598,-5.922342777252197,5.3947601318359375
english,3ebf9922255527d1c5a01508d3e3200a18a43663f6dec767bc5fd726c4d4c645e99580957d562c5996cb5f6745001fac4bd353595311b6080b07d0f92cfc9bf1,1,1,5.355595588684082,-4.947272300720215,10.302867889404297
english,3edf4b5a0cbf9980fc696cc1f71c5ea73ff6a7bdfadac46c2965325ece452b575cd5a51551251456d4fbfc3d621d23a13c32b856241bc0d37134acb2327deab3,1,1,1.844696402549744,-5.759790897369385,7.604487299919128
english,3f43fdb1b0dddb0ded4320520d635a6ce69f61c403288657f0d3f8242b8cd37ef9ea92db9687dd91f2a709720698ef24bae3c8d15daeac7c0e90a55f2f6c9997,1,1,0.1757929176092147,-1.8991316556930544,2.074924573302269
english,3f8c120d55b1e8fd45b4588a8e981e61040eda6923828a5f483f704ba201e745359478b3ea8d80b5c0d1798ba948d7de3a80d65f5e1a7f53ebf1a8143ab0d0eb,1,1,1.3000322580337524,-6.059793949127197,7.35982620716095
english,4015cf19ca63baf7286d79cbc2b47674ee117a958caadb6b391027eff4afd314bdf67ec5f57cac4904e16510a7579916934cfbecf55bc54b939f8e127bda5f9e,1,1,-0.8601546287536621,-3.484607696533203,2.624453067779541
english,409cd65d420a277b83b2021d2f9ed4086713d62a714661a851f13367f9ce3171b940f57dd4216f6c7e6f877ca02bb8d104475499592153735f1c91bd88960a56,1,1,-0.2158828228712082,-2.811776161193848,2.59589333832264
english,40efe8eebd39ea7adf20153a14d7e089164e03534d8a0e5200fa032922fbda164cbb8c4efda68ae3ef29ffab8e843ba8ff24cd06241d00ca197a62b0b9b9b33f,1,1,-4.586188793182373,0.6803344488143921,-5.266523241996765
english,41247cc40f3afb015902140682334ab09315267af1466571a41e6a35c2dc7589389ccf1d933097b586b57bf57b38298fad30fa5daeb5e2f85d1e14744666bfc1,1,1,5.145755290985107,-0.5175949931144714,5.663350284099579
english,412883aa7bf829540d83b5d1560e65e87d0a5b2091d506c316c38848b3aa7a2ef88a6b53639ca928cdf5bbf6b81fae618515470f0f0b3ab495aaf65c06e983ce,1,1,4.660891056060791,-4.651961803436279,9.31285285949707
english,413d8320abd971048dfbdc73e91563de0c9eac2231e0f197c1643fd0a18c4866261b8a27de0679747a417f57b3998e389de5a42bfa9d235025204a9937c56257,1,1,3.603848457336426,-5.94736385345459,9.551212310791016
english,415181dd3f1c55f1a85159db41044b2670e5ac4617530d205779bb6e08330e8392382e184acd8f80747cc793c83bfccd696f12756d1bf729d7cc66e009cc819b,1,1,4.425569534301758,-4.778425216674805,9.203994750976562
english,423ab9ec4bfd2aeeb3bc9fda4a472672b0f3763fd5d9fe7ec3cf4587b8509be550f5e52f204ecc731d30ee36114e66fc0cd23d8281248067d017967ee1a15422,1,1,5.423815727233887,-1.4714874029159546,6.895303130149841
english,440ff550e981d6f0d8443126b3d67c8de85e05614f419aed4b7c61e2a5cc6781233a1f30b3d2e6855d19f9c037946d297f20705f8456bd3dd7611b2751b8de75,1,1,3.3500330448150635,-5.869933128356934,9.219966173171997
english,444d0fa7d140a61fbb031de7af88504ded7c0998fa41e015ce8afdbbf6f7e91c03cd2b9a14b7cf50cc1b270d59f1b76cbe4618b10a3a6e09f90280124cbd1655,1,1,-1.0245391130447388,-0.6252586841583252,-0.3992804288864136
english,446a17a9c0c83bd0f1f9b25dfd8e097e8773bc164a7081854ac4b7e9003bde34bccf4c7c3687fa5b6cda5afa30ae8898f66f87843168ded29ff65a97689d3fce,1,1,6.248548984527588,-1.047350525856018,7.295899510383606
english,44a775a2292181986e9cc35d5c1b6e3577ef93d5b9dc0c8052a85aa92b08a0fcd73e54d4b6c500fb141d5e2dea4cb9e4108029d64acccc9118a99a7dfed99224,1,1,4.920134544372559,-0.6777663230895996,5.597900867462158
english,44a811500fcc5978466bb5e6410db6c767bf125e34c5e7b3b216f262e63d1221232418673393122ea0560dcf07329a6f49561f935c6332b8c1e0ed16c69c4064,1,1,-0.5234847068786621,-0.5778268575668335,0.05434215068817139
english,44ec161cdffed62571788b80e844aec44dcb7ba4608b914186bb120358c90f53cb81c54ba4babe45449a3504f2929f40ec69c3cec759370c9f26efc9aabe6b01,1,1,4.102699279785156,-0.8279372453689575,4.930636525154114
english,458968a82dc9b66d5f79072045f31daf2b8f454fe3d5820ce9d213beafef2f9974f4ec87f3e84faba0699dd7837ec339f0e93f545b68c7a7ffe7c6e43c786e7d,1,1,-0.9265044927597046,-0.7823086380958557,-0.14419585466384888
english,45acba30df55b96c38c068fb1dee07547cc851b367b448349d64b9bb644134a4f0a243f38f7a4944d7b161e048fe7a596617e10e154397f4c197ebdb43e7bd95,1,1,4.2474284172058105,-3.68590235710144,7.933330774307251
english,45bac0b1844eda8f7fdb915e9070089e152b437f33a9f0ae3800195ce24350d2887f757aa200129cac918867663d1cd989546dc73bee55ecef04637f973c9951,1,1,1.4143136739730835,-5.925039768218994,7.339353442192078
english,45c3a80d20ce8cc477c701ae20f456cbc05e99505c846a445c89e5d27da654093ad1efca4473c006a1b326e35eef9b2e298eb1aa1fb226ad071214a0d55582b7,1,1,-2.126282215118408,-5.722596168518066,3.596313953399658
english,4625d817627c80ce7313d36d01e1f671a74f8689d0c644f4508eb1df03240b2140b993098755dcd9275b897796b1810db4db8621e49e23461b126c098bf9e5b9,1,1,5.064236640930176,0.2898788154125213,4.774357825517654
english,462a1dfd6ea4a5090780cb8a128008151be674c1f63184b68d49b0988f0c8d04ddd958066b2f8f56f9121b8e0bec49ce8780ea333fc931d1c28bfec8771aae3b,1,1,2.451474905014038,-6.052361488342285,8.503836393356323
english,46369e01baf2553b6269322ed95fc7afe1865c88e5f462390a20e35e6af12cc97960c4874ecda585cb422e132fee3f04da4f91fa41175b3b36d9bc7d7033edf1,1,1,2.96035099029541,-5.653238773345947,8.613589763641357
english,468d6a3b83f807ed964c180ed893ac7c39f9ea1860213261ed075ce3f8c1403d77bc8157c3ab2548bfbc7885be878a423b004a77cf28a7289421937952069126,2,2,4.115733623504639,-3.5977566242218018,7.71349024772644
english,46d77d3fbfea436f143ae65cba26452c7be0a4a0314b5e49c8d9b0c55be530bd286c422e6226a8c0b2b5a17c2e0c8690c6c46b4c9218301f74ae548ddc42843e,1,1,4.726922035217285,0.1716620326042175,4.555260002613068
english,4779be1c6beb90f5a6341ef5655c2c3a670a764c9c067600de821c89d5f452973f1853d1ad04425d6e465ba18791014dcd03298bbd7ef48b18af21743ab0bd9e,1,1,5.452043533325195,-5.457886695861816,10.909930229187012
english,47eab07d923d67d86227a7cef43ba747a0bb73c42ddf79a028f02e524bcb7ec8958a0f8f0c9365130c8ace2dfb83390d035ce5950b19f38463079bf11f5509eb,1,1,6.0529961585998535,4.983749866485596,1.0692462921142578
english,484702b2c0c0ca5f26808269963c202b9173abe5892622aa809a273299e186e7c42e77254c845581dba57a32a3696b39e39b3eba1cd718b01a72a65743fd5ec9,1,1,2.2192890644073486,0.0938543528318405,2.125434711575508
english,490c9409b48b9f604648738115d0e1d9edd485a4d3c5e6c195a479e8800af2f5191f25dbe45a0bd161dded421bdc08b651c1993c861da76328a5c31990f4233f,1,1,4.317411422729492,-2.5547337532043457,6.872145175933838
english,491edfc53b18f6ed2adb948995aad20d259fef47fbe9c0b41645ef56547f952bef2eb5cd378f3f4f9b51aa6f57480e50b52a7a6077a69d0544f878dcd85a451b,1,1,4.908634662628174,-2.2322394847869877,7.140874147415161
english,49518b0d6dc530fcb03351c761b8b69aba18a29400ec4510ccfc214f1905114cc6fb992128c51bbba73e54db9cb9e534446ebc5f27748ea922d1913e0635ac2e,1,1,5.353203296661377,-5.678739070892334,11.031942367553711
english,498358dde158a9aa778a4b7c438b374197e0b249d6d6cf782030c121694a306f5519235d8d286cd0266ea860a5d7608681a80c4e9129823f8c30f8df9e4931f1,1,1,-0.6420837044715881,-0.4091493487358093,-0.2329343557357788
english,4992481727517f6467702cb336e6c83956aa14f5746743dd3e77248208af37cdfff1bf4e46090ba011cf4b31af326298b298cdae76ceeee5891671a173e61aff,1,1,-2.3407278060913086,-2.7340188026428223,0.39329099655151367
english,4a171ad649708eea4fde382bfd0fe038c72f9d6e8236e5a576ce58be9e93369f12b98ad1cfacb1be727f0e772b66785b26e932b82f55d95b48cf5be9f14b4842,1,1,-4.193639755249023,-6.120206832885742,1.9265670776367188
english,4a5ddd91386f5c8c1841e5cbb7ee661e105d02ab64d2060f9bf170e30af4c0cc2f2ef0bab7bb4bf68a1384692cd2b80f3cc5c54fd7b87c8c35ca01c0e27177b4,1,1,5.212616920471191,-0.3219026029109955,5.534519523382187
english,4a8ca5468142b119b1ffddec7649917346593c561957a163c4d1cf605ad4386cd049335f46a303403290804a6803d7e41c166fd67773536bc4cb9937f6dac450,1,1,6.019124031066895,3.33712100982666,2.6820030212402353
english,4acac0472277782415e23df5d930aa2ce953fe3b5c30cf180db4dd35003edf8dd9a46c93b8173f16635ad7157f081362914cf84827f254ef3e5a11aabcf50566,1,1,0.6551604866981506,-3.0433549880981445,3.698515474796295
english,4acb5d34eb7041591652c837bab4162e8b6bfb9aa8e65aa052a7e1eeee4597b7fe36eddfa47f3f20e411ee31e0076c7b63c2aa8ba92bbe163c79dcb5d8311395,1,1,3.8006339073181152,-6.0272321701049805,9.827866077423096
english,4b1851d1f72d011509bf7b0069da625200b055be9c84396c4077ea70256869a57bf083031617df9e1a4575d44d480c2aee0fadb3db952371ac6c43c68c50cedb,1,1,3.292282819747925,-5.925713539123535,9.21799635887146
english,4b2efc2350efb28f0f5209d0058bc1eb6ba348c089f6309c872fc16d6a8565f7298681076544b37b8e771b8ac329a2a83b35c4bb9ecc9eb4298a031bf0d6b1ad,1,1,0.2909167408943176,-0.6162751913070679,0.9071919322013855
english,4b800f7801f842a590f68465cc0e45395f77dfffec9e61402096e35e8e005b21181e56e3e4fa1cda8991ead4decf378db9e055380057302c786917d219095730,1,1,5.631540775299072,0.3334689736366272,5.298071801662445
english,4bb37dc4cbd0586c6983a904b9ca7289126280afc27dfbfde5e1a4f56322f012351f1c1d3fb679867ef51c085954280cb606f5115bb1782f9ca754a471302b8e,1,1,3.361156702041626,-1.9341919422149656,5.295348644256592
english,4c9c8cbd6e079193d65a7e04f31a0dfae0fb5fd58f2b35b91d31ff6046028276d41e47650626d0b2c99b8d894414ae68c495d346c9c260d0dc6b14b9cfe7298c,1,1,5.717471122741699,0.8899682760238647,4.8275028467178345
english,4d3827fed2b3998358c998a1e59fbb8d12e51545551352c2bc8a6d06cde24cbee2deb03e33b5445e95afc60c64dd9b19d4bb1bfbf30acadceae8f4a424c486a3,1,1,2.280882835388184,-0.4803234934806824,2.7612063288688664
english,4de4d5c48347e463842ec58420166744aef3bdbd94da13bfc16bd4a3330ebf4a4b5b7606920c27349b7132db50a318637437457a61ba4910b8fa72c54b3f4cce,1,1,3.427924633026123,-6.072793960571289,9.500718593597412
english,4e01cef3f6493aa1557af3c25d7dc55430ef2aeb5000b551f7f0a807811d299de62a4dcbe87410986ab5ad9712711fdb6cc7102cfe9009aa17b04919af7da4e6,1,1,5.212038993835449,-0.5686081647872925,5.780647158622742
english,4e0efd608c89d66822209375d0559287323133ff3683e5e19df551c64f5171e18ab6454e3124e55d025cd52e7cdb564b07b083f820b369776a3f069bd656fc9c,1,1,5.155646324157715,-4.7393059730529785,9.894952297210693
english,4e823a6e3ca3b3eae163f19606faab00f181f8380b12c47ab385ca66900951dc309e9c583d0728f76801e4729a4edeb15926ea637058685348b9635e235d9c4b,1,1,2.9355790615081787,-5.960427284240723,8.896006345748901
english,4eba41fec2812653b53fdcb9fd8d8d86b3a474576984a8d08189dccb9fc404a2e11f345a2f2f44c3cc1ad79eae446e973b7fbbf6da3becf13585b3e471ba48ec,1,1,4.916187286376953,-6.098029136657715,11.014216423034668
english,4ee06352238f3271984b2617d0b21542e5b53832a3a3c72fc734639aa0fd35f3f6a6a119b9321d40a849042a29c6f540ea3c9a1ef2c66b05a931f983c75ec30e,1,1,-1.17019784450531,-6.036673545837402,4.866475701332092
english,4f395f279ed6a513e09da0279b08b2cfcea8ac5f8921c5aa33e99ed4465b50e074e54031e19e85e61b88637490db77e74e97a7906c58f4b201b5f4a9e6d39462,1,1,4.618731498718262,-5.096315383911133,9.715046882629395
english,4f39a2a1bf29515c3558f4f1ebeed7431073dbb9f73b6fae537831b75960fedc7fb1673f638dbb7d6ded8bc61be63fd864ec7e0a52f67158e7522620892e1b63,1,1,2.5107522010803223,-1.575811743736267,4.086563944816589
english,4f99ca969abd138a072604765bf3a2699bf5d891cbf285a3da1c252af37d1640d887935c6a7902bfb04dad99092d39cddd52decebe09068486e68636692f6072,1,1,-0.6522107720375061,-4.918770790100098,4.2665600180625916
english,4fe313b29861b4b597ad455c89a5075abbde5a78592e26c63c7bf1d17f4e7314b5c06bfafbc36ceea3b7410160d022aabe9f642707492f93d2dfa809829f11ab,1,1,5.151456832885742,-4.571893215179443,9.723350048065186
english,500d18a3257795d8ea82b3c39440f7656ecda7b29519f31ec03cd7baa280233bcd4c8fa4a81e7f841a82c22ab892915708234ba3ed5b01587771b44b63f8d58d,1,1,4.73974084854126,-2.699826717376709,7.439567565917969
english,505d3052b731e49ad6c4f40931ba42bff7a9046b894c676803a4044fead6272d3340ac3ea1fdf441cfed2fc4b1c81b85bd1fab484d7d9d86357b0affbd0739ee,1,1,3.542670249938965,-5.957634449005127,9.500304698944092
english,50621129ff7cff1c7952acb2bc3419e49906184af2f0dd6b780db8cceb7500d1cd9ada428fd29df880e134f7de4494cdd1ba4113fa47dba7f85e41f76f26836a,1,1,4.553483963012695,-5.99522590637207,10.548709869384766
english,50949c92fa5b3d84b36afa6e05451483cc8b3ce237ca92a1e0b4906792e95c0a9dc42bbf0136d8f9062ed840de61a9aa2bba111d0314ba59ebdf964594485c9a,1,1,4.298385620117188,-2.279799222946167,6.578184843063355
english,50a3974c5ad2d08c1b064c761f39a0065d1d1a6b686e9723b24b9eccec71d13762b8d5807215cb8fb5e7c6a27efe6b7f038e962f32b4a24ab07d8f0feb0a2807,1,1,5.501249313354492,-2.680760145187378,8.18200945854187
english,51707f1bb17115cc3a6ecb2bff95f7680317511ea2cd280df8cdb2e2c700463f8ca44d6762a0e6f6a854414bf10c946b4b4538a2bffa6701da4e2865d7014984,1,1,2.899654626846313,-4.493859767913818,7.393514394760132
english,51737fe821932a1f9e4aa7b594d2e26412a8d3b1ab7a16ed6be8f9f1938ca7ca24508451b7e29f41a92a77cf8b1f508c37f8a3097e75e0f7c4e25f5d38c29076,1,1,-0.7162116169929504,-5.779813289642334,5.0636016726493835
english,51fa6d508aad2990a48fb8f22bdf288db2cee0aec1bb0a94791e9fe1b36748025501aecdeedd83fa7861ae00b20e7405b8af03b3760f46c93b02baa328402da9,1,1,5.121115684509277,-0.4744477868080139,5.595563471317291
english,52f93568a9302b1e6662a670c7a026f5fc184586d28f22f58ac8e3ab936f376cc20ac820a21c0937c55f19a2396e2ffce8e21e3633be5474cf9a03ef35b4680e,1,1,5.205510139465332,4.0825042724609375,1.1230058670043945
english,53613589ab79bc1e0adf447e24e6c757a6a4e335666376281cdaa3dc11e91192292c79468790c0098e74a51fe34528f38215d3bad4c6ff091d5e8eb880bd44b5,1,1,5.242653846740723,-5.18008279800415,10.422736644744873
english,53f3a1ababf2543e3f79739434893c64e1f5bb3e94c1f3e8d053ed7650183182a922f2959399ac2ac3827c824b225074ed237b465bdbc65c79edc92fe8e6ee61,1,1,4.764721870422363,-2.9390172958374023,7.703739166259766
english,5400ece6c5494d2d3b17aa3a8d41017c3ed6192bf7563ec4df3aec50a2147fcbc26fefef4724fd1e4aa9b3bdc9b315798443e2edc690b9ff40ab3f073a21a13c,1,1,-2.691965103149414,0.3476240038871765,-3.0395891070365906
english,541e1ac0f68a705793e0b9a7a80777a982a887702dd49a51b692f43922fa9c0a355876d477b591893ae2577969fa65d1c5f4d8bf6cb2eaeb1afcf810d74fbe87,1,1,1.5256081819534302,-5.969830513000488,7.4954386949539185
english,54530c97e7799cc3f9da18bf6bf60ae8e43a27a8a8218ea52ea920eda7c9aeb929695a51f626122b93e67c418947aca373754ce1d0adc6bc40cb5c59db1d8322,1,1,-0.6017318367958069,-5.412812232971191,4.8110803961753845
english,5495a4ec53a17d58f9e2a77d66ebb608c49dd24a382b8d273e78e0d80f7c7622688feb50c420eff5349c11ece6f147c613decb47cae6c87e7b75d132561ab949,1,1,5.370152473449707,-1.2555989027023315,6.625751376152039
english,54d9c7c2dc089d0b3da8823090ce2cabbe9cf4d36daa477f8bd680122a55af753082f3d48d06c2021876624f94afdacfe05b0ea814f7096afd577602aa63abf1,1,1,4.750662803649902,-0.076590284705162,4.827253088355064
english,54dc820077b05bf576973afed1f32e6af12c378296b118c651a9e42efdbddac8ddeb0604771e9034aea18ea46f907d253ef8ca45e6d51eb6d3e4e1c56dd4bf4b,2,2,5.9220428466796875,-1.550454080104828,7.472496926784515
english,55059aaa3ae7bab6ff1f1cb38ff963ec9acf2292b465e39c3390523edb154c5c745a558e15ca86b3d281b520433a953d31036a3a91af9369633d7db9dd3c8077,1,1,-0.1160465329885482,-2.629909038543701,2.513862505555153
english,551d5ea36eb46269c7a7710255ff0cab38e68cd8360ad3d7b3c566e71573c778819d6d1161422130875f138f6caf9bf7e29c972fbf0bf5352ab63029a7dce8f7,1,1,1.3291603326797483,-5.679182052612305,7.008342385292053
english,55367d813b8219a384b69cee3a39f352378bbb19bdb6aaed922c60f00f560e2caeaf3edefa1c56daf5ed569153e69336652571239a56f8cec501487fc3c43e73,1,1,3.848541736602783,-4.054873943328857,7.903415679931641
english,5597b775cae1114a1a3c97619b375561277b50a7ae07186db8ccb9ea77390d29cfc9fd118ca12b84ea2aa47019d247ce3ee378265cfa7bbc417e436001d59269,1,1,1.1809531450271606,-5.782916069030762,6.963869214057922
english,55edfbd4b609ccbda0f3b6f8e06cdcd458cea8b807b8b4fda42eb17d0a3a9fc1b8ef2b8e78e46fa99c46e6a0aeab5423a61dd1d02b607a2cae96d432bd605810,1,1,4.968570709228516,6.5142316818237305,-1.5456609725952148
english,55f99a9355e63f4778f31508e8b3d43e968c9c0459e071d6c36cb207b60a44926019852cee2cd055cf66a6587de481f5fa601ad2ef91124221547645fd75e92c,1,1,5.890439987182617,-0.9527504444122314,6.843190431594849
english,56379b1b40ca1f908a6a95c1115a2bbb60ecbaf61469d33d94a527ab5ef775f4e4295212a64a969cab83e8962e3e36db8228a717c3b387941b0dd66bb4cf7c60,1,1,2.9386274814605717,-1.913248300552368,4.8518757820129395
english,5685d74be959538c6a45fc99b25417102c81b16f0d340d47251f5f847f17dfce5874a77317b3e53003011401d8ad939fec77af3d0b93838dec791f86bd6c2593,1,1,-2.440868854522705,-5.000101089477539,2.559232234954834
english,56c9515f7f1653269380879c4755c059963960f4bcfe79fff2d0fd20c5c4832c44d8eac0f652bb29cac4932d60cfb03395932b05c179d20a59e1969eae8b980c,1,1,3.602649211883545,-5.249703884124756,8.8523530960083
english,56ef6218bdd27655fae9f85f0a18b0cc608586fd0a9709f20dd5f6a4b3ad55d078fa858ae7858359709a699813eaad85527749d9d03639f00fcd2251ef60af96,1,1,4.203213691711426,-5.982792854309082,10.186006546020508
english,575dd0ea9fe293b4ce19f4526086fcaec5b306d9e3fde20eb37962b673c764936e80c3b0bbb55017e9d5043c80aa2ce6e53d909637133c7a3d9fb1ece1061a4f,1,1,1.920271158218384,-5.566695213317871,7.486966371536255
english,5768cbb92b87c5172453df7b0076a5c0c6a6c7aa3551e6a9f1fd721a6c582b6560cd57b1cafc691b08180ee69afbf539710f1a52b30bafe0c98f4d74fc37146b,1,1,3.678861379623413,-5.3419060707092285,9.020767450332642
english,57c1af95690cc609ae9b624378d71903486561981a9cf056cedb0c0ff39383cafb7f47f61aab8285dcb7e7690a28f45bb5fe18282bf73b8f63b7ac38bbd70cd6,1,1,5.800406455993652,-5.345187187194824,11.145593643188477
english,57d9be2eeda5fbaad0290c45f4e95813da95e09633d5fd84df35a758151788abec644a351cdf610c7b792561d1db0ac6f122dbc94404646941967bd6f0befd44,5,5,-0.23900997638702393,-4.293003010749817,4.053993034362793
english,57df887fa1313ebea6ceda18f79ec5a3ab6366113bc086bd31c1c7753355ca55cea77bde6833d87dba9733efeb29dc3655585fd36933f1c1007dcfc58f6f9ea0,1,1,-0.6768057346343994,-0.8977601528167725,0.22095441818237305
english,593fa660ba3cdf5373c014e3510d8a4bfb9ca19cc044fa6b1bb0579b48659bf531c66b2c51062d1e11ebf2a1f031f2da74f10e4cffd65f8f3fc13c2910cf3214,1,1,-2.154104232788086,-5.918912887573242,3.7648086547851562
english,59480438402ee9da6aa819c7f2a46c26316c6deba59a1e512846341d3e7a9ef5575eb5a210c9792155c90c65953a7092ce786c9f6c1f69b3eb8a0bba6919862a,1,1,-5.689979553222656,-6.018810272216797,0.3288307189941406
english,59a91e5a9add4b651a12a8922a9aa25f7f78a0654e1dcfb6112d9163608f0535175b1c5ce3bddebdef29392dd94750c1e6b600ec2976aef79f4a755f1f82beb0,1,1,3.674734592437744,-4.258445739746094,7.933180332183838
english,59d350f6575fbc9ad7ed5bea5a9b7c63dea9c56671a1d45309d049b73c74cbb97f715adebb5226b25cad6dacef282e31e24606dded30615588f3f96f79b5cb0d,1,1,2.695683479309082,-6.07144832611084,8.767131805419922
english,59db7cbd4b6002315c9b08092e79c84afb90515c99ab880c4a9bbe31265c403eb0f7a1f09967dcf235150a3e1ddbf9ef32222cc700f9b1ce0aace4cb7505e16c,1,1,0.8957036733627319,-5.845883846282959,6.741587519645691
english,5ac4781c8fb69232a4e733817ac5d8551a8da93aac0d11eacf1ac4b310bb4d8e2d61bac63f587312afa160b9540a19b34daef235138b9a4bc3510dd93274babb,1,1,5.162581443786621,1.7995318174362185,3.363049626350403
english,5ae89f99b4f3c845a5fbf48fb6d612b635b0862dedec1cf43ccafa23e74e613f4b3a009cc3c06cec89c660565e45a7d090319d045b8dd90994ea98330f112e83,1,1,-0.2358206659555435,-5.993395805358887,5.757575139403343
english,5b024c9fd4ebb4c6af6a1ceac8d53a0baf927721722ebbc039a50c7aaaaa99a56d79bb670ded86d5e7cbe34eeb2d18f594db0c7c22449af4ba4abb19123d8731,1,1,-0.896098256111145,-0.7521697282791138,-0.14392852783203125
english,5b57eea0bf30b2de1b364a97f7d9b05ce102fd6ad8facb3fb81661df5d38c65a73ee9127960ac0997d0839f7be52546b76911a368d9f8622672481c8b8bb517e,1,1,-0.4727364778518677,2.334689140319824,-2.807425618171692
english,5b6da28793f5d084ab55a3ba94aa903ec2d6d406d8fbeebb1c3abedf76dfd98d5a98aeef62cffd555832dbaff979f736e31e4861213aedaf6a1e7e4b361cccb8,1,1,5.103904724121094,-3.906303644180298,9.010208368301392
english,5b9265839ec3c73c4bf4ef1348528cd6778c87938ecdbab9101c7f2cdac971ce0ba043e7e73c116a22b97b9fa458c34f1ea84e584e6c0be602b6e4456ca4839b,1,1,4.752060890197754,-4.513772010803223,9.265832901000977
english,5bdce9be5ea2267a1273191d3209f4898850c3f1e2165a8e799705544d0f6310b79e321be2a032086b29765d2916800541497524e755d16180c9b1a843fb6119,1,1,5.170997619628906,-4.572288513183594,9.7432861328125
english,5c02a9ca889957e43e024cb5a149bccd6a6964f4c27674cf00781c97e041b9703fd1a31a26556c13a7bb873a198531d4dbcf5ffb1f884e00f2570b782b5e3dae,1,1,0.7132874727249146,-6.003077507019043,6.7163649797439575
english,5c0d244ab40d4e6db0e9d8150b356131087d2d035b16bc8ed8444ab4e5f5e85a5b17616470210a0483f2317c0cb13a3eafa616872f873c94832443d6d97012fc,1,1,4.640736103057861,-0.7185962200164795,5.359332323074341
english,5c415dfc9cd81e5501771fdd20c89c18c76b9c542b67c33d5fd2c889f33baf0318476b6925704edff8cdcf4e0c1e482ff85067b8f569bbc703bdf9fba4995a51,1,1,4.4515790939331055,-3.266411066055298,7.717990159988403
english,5cb9f39b3aba7d8a2e1bd68456b76227d48449780fe5622f3efec5fa7bf431bf2c0dc630cae5e59bd4e26dc7315be32541ddab3ef4efdd875057ada76a72e00c,1,1,5.690037727355957,-0.3985359370708465,6.088573664426804
english,5cd95c7c22c6fd21f386f93b700187d1559ab9a63eab1b44b4af4717e61bee61dbf54a0de0d35e3014a441bc557f5a0a4d36ad4e3a815d4bd3c395c9e98daade,3,3,0.4534405966599782,-3.359577556451162,3.8130181531111402
english,5ced37e6adb74135d4bbf33cb2958aaffe4b3a3138191de89734a6cdfee371e23159ecdb155d6b1d9e6400ef8087e5af745fe9f924be5ad2d4cd0aed53cfd070,1,1,-0.2559580504894256,-0.606256902217865,0.3502988517284394
english,5d56e7886635dbba694e805416df7c1cd903973721f96774d1e1c1e4ae536141d0da664d55deecd47e9df99e218908d679e94367617294e26476f610b5df7add,1,1,1.8070875406265257,-3.1531338691711426,4.9602214097976685
english,5de424a68012cf2938d0651d7f269248ec895b1740d376251e87b4f68202e20ab6dc8d0999d66e6fa267de63f10055f0e8952fe9587099f0f3d700de283d706c,1,1,5.555225849151611,-4.814793109893799,10.37001895904541
english,5dee10b34d8c9e4d25683894740a56faeca46cf09961f80ba1b60e966eb9a0aa34b77086c6483991dad66c4e242f93ba879a9fe073fd4c12d92e4f1f27fa6fef,1,1,-0.7666805386543274,-6.035116195678711,5.2684356570243835
english,5e36a2f329d7cf05f42027bc4aa50d6c34e20d5230e47e643b01a35b02967028fbc029da597d6d715c105649fc3d0dbbbea09ddffff9be24d26cb07d5b6bf60d,1,1,3.87568473815918,-0.538321852684021,4.414006590843201
english,5eaa49f00193ae8a891fa69e0c5a5ddbaf415ec00f344e11d982c8ec02606e2c4af3b7d9e4dc96fc3f68a296ff841aabea06ee2177d4966adfaeb885a7031ced,3,3,4.392210086186727,-0.6358722249666849,5.028082311153412
english,5ede2541c89ae6392684906501e3543e435abcc64e0c36672a3e937e9c3a7dbcae24b9ff3a35da87f25519033a14db74514ccfd3e19fa31999cc97a0ef853cbb,1,1,1.238497972488403,-3.3918848037719727,4.630382776260376
english,5f047713c8bdb300204b259abe32d12fcf660d9a2cc190b3bb5520d11149e42fa014dd345e5a363027c7e44c54b2855883d1e39562744ed33a43d38d935a0832,2,2,1.87269127368927,0.7991449832916258,1.0735462903976443
english,5facd5968183b327e1ebcb2f8f46f731ed9b106f867c4a4d080660d9a9772d9667d2c7fe60df201e54c92aa787ee13ec30d619dff5606f6de55c74df9789b26b,1,1,3.6497514247894287,-0.774420976638794,4.424172401428223
english,5fe7a6b09d14eb1d5e12758e2843d5567afce5a6b757a0d9abbf33a9b87e72fd010fe0c813365ac68ae68744ee9772854c2a2d5d781f120f82c553278fc61e0c,1,1,1.3369940519332886,-1.513180375099182,2.8501744270324707
english,609a12e87d4fbd0b9c95319ac26a5c208287abb8c0b7708a28a6546ec34fc83846200927f910b4f764768ccde8d02948cad8e305b0a9a1b91b8c928493c6c80a,1,1,-0.0474337972700595,-0.7052754163742065,0.6578416191041471
english,60c3485ff9cf8cc7eb91e3acf16452687ea88d47b366643d4d25174709c280e472950521210df86f8f220e0bd56f972c9351be08f714fda6f7676fc7a0218e20,1,1,1.4505746364593506,-3.6794610023498535,5.130035638809204
english,60e45fe6f2e94a4bd381a72531cd44c2c746723b8c81c4642ce9cc4957cce17c2c286dcf1b214b69b0f204eb53ad33e3f969770f498f502632a9f7288b7dacca,1,1,5.53005313873291,-0.5870339870452881,6.117087125778198
english,610f1e0425c07be38daa13dd69efca6c452b8a3aa61ddb294cd15fc382457bb6b1068ee70964140c24cd4792569f510951b730733425773dfb1177419659f990,1,1,2.2440454959869385,-6.032742500305176,8.276787996292114
english,613ed1b8523a49e0efc61fc7d81787a253c40ad9fea2ae583c62fe0a083bc6659eeb46a5381b690c502d96ea1868a257aacba32534460a1347cc74aa59471a9a,1,1,1.4821611642837524,-5.921016216278076,7.403177380561829
english,6142c35ec4ad127f8934c670334b482109bccba265756fd2a400b11a039b163256c8cf4aeaa492598a670f3af3662515bd68a1f1a972a8d2a0fe419aabb3088b,1,1,5.517279148101807,1.7061794996261597,3.811099648475647
english,6195c07d70df174a7918edc93ba38f7b642ecd8a13837d26643e3384b1865d8d3f8dc0e52b8245e0771fb23b2ab8f780c75100a4151bea1801f4003e1f0e513c,1,1,5.36399507522583,-5.891453742980957,11.255448818206787
english,62c0b4fa1d686b717e90c329ac25cc9cc7e91223da2d1de9686ac50eae13f921aa33e842d125b15e065eeb9bd5448d1f06d846c7d546a5b7757370b1f91b1840,1,1,0.0666803568601608,-1.841963648796081,1.908644005656242
english,62fe38605370af736776af0cf066ab4ecda0c9e8728cfed5af765d5a867d833be5aad777dab6264b2334aaaae106e2e7d9644caff94d066e0611d7175218305f,1,1,0.5080751180648804,-5.781897068023682,6.289972186088562
english,630e7ec8d2545191cf156c922d12179c4f8511b8c94f0541de112038504984103fe8b71948de64fdf7a6a41056817910ccd5362661c26235644f0ebc9943ce38,1,1,5.168262481689453,-3.083626747131348,8.2518892288208
english,6325c76fb5e68d55674df688a91178a08ce91db4b3927b94d908b67680d9548f006ce4ca4564203006a4ffb6d5aa44dfa55bc63e6a740432bd060181c6418d42,1,1,5.687748908996582,-4.901918411254883,10.589667320251465
english,639f341eacc1ebecbcda2739f4c39f629c2d933bfb79318de6d0e38b56a8592be82fb9854d31d1579adbb9af91cd711a9b7f9dabf053cf5bdf0acbf33edb3640,1,1,3.933176279067993,-0.5513620376586914,4.484538316726685
english,63a4e47b6d3cfd98330c334e868d3c41685834cfec2c5c38865472410ca2fe8e204cf0758be426b09c7785bddf1354610f63dd1d2ef4e4eac6e23e1455235417,1,1,3.932567596435547,-6.18035364151001,10.112921237945557
english,63c051282dd116a7ba9f9b728e3b4e901c318ceacccc02033db52455e43ed204f6b9f1c62d7b2e01effb2c31d5c98e62ea1183ba1a8e02fb4220a0c2ee622e9f,1,1,5.600579261779785,2.3451714515686035,3.2554078102111816
english,63ded40ee0387755ce04b8fb15167883e2844947f0498cebb404e6cc4497c91bb6f919ce3f680da19990c6dd78b65be108b0bc1527eb186abbf15eb456063f66,1,1,2.800908088684082,-6.072634696960449,8.873542785644531
english,6452014fe5dfcddfe303a981068805e8209b3a7bfd27640fc32a259ad0ff15d95efdf80719b31b2d1e403c5c8ae1cf18b72ee375e836d6b892c3dc4f8672450f,1,1,1.8602291345596316,-6.129553318023682,7.989782452583313
english,64b45f91eec793d760ae999dc133299283188e7c9694ff23286c42ed0bb5ef07255e9392ca3ea1870648c7cd21dbfc371d18e8efd59efc2a33be39f0d09da18d,1,1,1.6187471151351929,-0.4679528474807739,2.086699962615967
english,64dbbd082a3643fc62dce8b4a89bd5d3f756dff5cc12527125517e50089e1080bee30c7c21a18dc0bb4f2f83b9f3ec5f32445839c849ccb75ea9c22cbff39b3f,1,1,4.759424209594727,-3.8981316089630127,8.65755581855774
english,6517018bdcb85beec8f121be650661069d80796213593db34274c9f92b3c3914129e27786e0c3dbcfe51abf7eb647fdd44143b7883abbbdb621b3884c9240b41,1,1,6.0224809646606445,-0.4859412312507629,6.5084221959114075
english,655b9c2bbedc9e0a19d9ede62c678d3af37d9b0da1264f5a9d0e3e32ca102c7636b91ac97e1bafb44402c5380f241f26259abb456534a0b772dabb25012e30c3,1,1,0.4869763553142547,-6.084465503692627,6.571441859006882
english,656fce1f450d46daea5a25f689fab13f0b774ad0777d37eb8a6db44b349279ae0023ef843f7a9d8040388875178acef371a1a754637332ec96b181bbd62863a5,1,1,0.6915414333343506,-5.934056282043457,6.625597715377808
english,65a3247e71ea8dbb7e6a66257e49e5a661f1234c087092eb7f5e82d8058775130471743bad317b082afa1a0917f5f9c3d5ea3e874c4e2730a4227913a4967bb6,1,1,-0.0656661987304687,-4.410666465759277,4.345000267028809
english,65e4db551f3892e439dcc7a1714efccd1166701f881a09dcebdaef42e6a24e97212d4a2af1416e119fd1747bf6a9d7c6e8a82f08e5833b11bbb3595e15c42ee4,1,1,1.965913772583008,-5.432219505310059,7.398133277893066
english,660e172686ec94a57ff9b53c037ec555f986f7e150c5e89f23582e37f74d338362395d99558d0fb61ec59cd978d06bde5b557b58a55f0967f5dbbb72b76a32f0,1,1,4.103032112121582,-4.632506847381592,8.735538959503174
english,666d8a75b930da2206db122b9d213c565802c88080a92d1d4c31581ebc51c3c7e8df6c7e8c448e3ed85b88c2e5aaf23eb3a58c7e14d82dce0f7ae66b0ca65431,1,1,1.4780009984970093,-6.046354293823242,7.5243552923202515
english,66c5ade06d5c39018494d85399f777a4e54aff64fa61496148dbcfb071f01d3867fdb943e218a92ed7e7dc3207828418408b8a00a0e175d12296a340d5e2fc1e,1,1,4.207468509674072,-5.869372367858887,10.076840877532959
english,66cc023b7c3cf9e35db102a495f1668eafd8523d8c9e18aa28863fc9afa0d9b31bc22378c16b5eafe42a2fa3d1648b65ebc35b168502fc9829e27a5cf3ebbc64,1,1,-2.310385704040528,-0.5628244876861572,-1.7475612163543706
english,66d8693f2ded1b51d2d39ef039958290d0de0e7b6c400a9f42d581fa6014a4d20c49509ef27c5cb420686eee0ea3b09b6fdcb566f838b631bd6056c51469ad8b,2,2,-1.5283178389072418,-5.746253728866577,4.217935889959335
english,677f643d2bdefa8a69d48e3ada8989baaa389fe8f5d656ed5b91ae022e95142df657be3f5a90e96dffb0c7497797ed00440c7f6b85be6d5b29ffdbfa3be1e495,1,1,1.106309175491333,-0.0455135591328144,1.1518227346241474
english,69115167653f8328c1e51b59d157186866b60adc18f44f69a0158b6f202d66c68aee8deddece3b696e874b3d2d513e964161f76c359c1ca89683e5a5ffb59cff,1,1,-0.7365562319755554,-0.765931248664856,0.029375016689300537
english,6a68c3c987eb8d47ea267684e98097bb16d195cdf898d80f57ac32a3f4d384eb6f65656f55d5555daef7152242fce7b0dfa1a58e00ffe142c282e7377acd5fd1,1,1,1.8215138912200928,-2.9543142318725586,4.775828123092651
english,6a8c1a14620661b745d0a2322f7003029fee9f696c0188791fae303cf14cccba44b8b7088d8b1ddd41c1ed07572d98d242f6a37a2283e7419f41632fa6e11a4c,1,1,-2.8661980628967285,-5.805360794067383,2.9391627311706543
english,6ab785eedb246aa49812edea7187f9fbca1fdbb2a61a5b89de2b7dfbf4a22f8f911f8545ea81b4eb5aaf158c8252a0e65ab2f0770c3b2e0722dff95a6a8ece5d,1,1,-3.5673961639404297,-5.94849157333374,2.3810954093933105
english,6ab990fcf5d4e1ad9818253d6eaf38ff12ea79947889ecc6fa5b83abb1255e5efaecf145b4b5901c76ffba604feec68ae2bfb46c6957b3460f53c87e20cfb772,1,1,-0.3829320073127746,-4.587587356567383,4.204655349254608
english,6ac8b1a295e2a4a5b11a602a368771530cd7b900ee5d8b552946eb8d32c21f4694c786c41ca996b12adb8a1d1e15160f84cb0632d9359cf84c6d99a18745692e,5,5,3.6112649112939836,-2.9846696853637695,6.595934596657753
english,6b225f22a2c838abbf75f1c0198a0906edf40f735083fef11d54b4babd72343815bbcb534eb17c294877c03a85ea0924066b9b832e25f88325243f9315027483,1,1,5.399055004119873,-4.17469596862793,9.573750972747803
english,6bc01ab25300086ec3cf94e8ca3fb50aac19b413564602dfd674fd1104663f7bd8d1ed480ebbdbe3a672c55950e644594c8f5e5f7b5cbd75d4aa94cabb7081e8,1,1,4.700468063354492,-4.784613609313965,9.485081672668457
english,6c1310d38f93accb8c0cae3d4a6c4592373dbfc0e93238b6cd4e5b96a083619da155e4ab463184cfdfa439f0f51eab9309980f93a8d2bc9785822843cbfa4c38,1,1,5.686960220336914,-0.574027419090271,6.260987639427185
english,6c587075baf07522878b3000a33268a6f070ba65b789e0ab170e13fe11bec501a05734ae6012744ba8dc6a9a021ff507620ca0cacffa9e824f2806fccde64cbf,1,1,0.5291252136230469,-3.408601999282837,3.937727212905884
english,6c8b180c44ef69690f4d5cbb33aa02a9791c51955b32dc3d3787193811797243c4285f05064b6be80d6a36582067e2b8102c8d878e5eed3e09781e6fee00e365,1,1,0.2897219061851501,-3.5655133724212646,3.855235278606415
english,6ca23850b3c20061878f758a4151972f3b13b39c4173046f32fa91d7c7df57fa18d4e1753a6be749c5b442121c052f383da66b1565e99a408fde33b2002150da,1,1,2.159886121749878,-5.852614879608154,8.012501001358032
english,6e0fd0acd3f05f5e1b021c8fd307adaeeb266234ff32bf5243ab1dc632244c52336373d76fa3ae1b30802e631c19e126bcff784690f929011d6c9141cead23e1,1,1,5.453029632568359,-0.6512966156005859,6.104326248168945
english,6e1f0efeaee7d1674d13d7681b76bbf462f696fe131a70f7ce9f328928fe0b8300cd8ad80cc9340455e4d4c1861b01dcb2b3e0940aaba635ef259a55b4262bc5,1,1,4.935825824737549,-3.3980507850646973,8.333876609802246
english,6e9b4c450717fdd08ec6418d8c33ef07595e9f15d1ca7211690fe6df6a5a1da87043c508fe2fc1929e789c066c1998d45b67bfc93df928202e760d075571e060,3,3,3.0025864442189536,-4.694116592407227,7.696703036626181
english,6f008f76e112454c7db1ca4ec51ac285889dba840e90390f0321f83b8fb346d01d70cb6f0c5a748d9ea112b13a502a496211b3796eee499640af71c6b06a2aa5,1,1,4.356572151184082,-4.385492324829102,8.742064476013184
english,6f539d306a5507913a18d0829b4764a73a677fd4cfdb6f41017e52e026b7e1984e3466f23e52fc9fc4f521510255429815c0090953855c329512e1417ec80801,1,1,1.09528648853302,-0.0307216309010982,1.1260081194341183
english,6f857ae9cce34722194f3a0ce7e20fe135389b0a34665e177823f4eb7bf15d047674909de00c38b2fd376c6c62a52b445941dd3422df80c43c74f750b0296006,1,1,0.8086543083190918,-2.263056755065918,3.0717110633850098
english,6fd2f535ccb2da2f960530d463ecf95b0da6561324169a54682396c131f05b1ed7f2124bb26ec9ab432713b5ea1e1a539e61bdb42f42d7ed9650729a92e424df,1,1,3.557034730911255,-4.229666709899902,7.786701440811157
english,700776cf6647cf502615fc138780c544dab5a3079778a7762e7819eedc18f3d6c278a791b527efe51b60dd00f50400995f8194f0ec77ecfc4c1b781796c1b7ad,1,1,5.193238735198975,-0.4847733974456787,5.678012132644653
english,701a0466c1eb4e16c45ceb7ef33fac66e2ec11fdfb02431ce7cce1d051e77685a83ae42d4921273c2bf6530b987c63e517b72b9e409249b60e555681fdac72e8,1,1,1.4072009325027466,-6.002036094665527,7.409237027168274
english,70c21ca1cc3de05f3c23b11615cd7d5dd078e03cda0cd46224c802cb358d2bddc9df76042f0f15fe5c3d655d19f20193db107b130128af209e229afabf047b54,5,5,3.781489396095276,-1.861752560734749,5.643241956830025
english,70d4207158e7e25ef4d553a12d38890409e9c1132e7b513a1c58aa7cd8fdfbc9375d4ccdea1ca89567d089037ff96e2aa0cfe5e6dd9f2ccd33094ddda84a2228,1,1,3.636718273162842,-4.495896816253662,8.132615089416504
english,7133f45eca7e693b9d34f6ec989603887be32bbe9f50bdfa1f5d30438869d07ccb08c12e55338c9448903723ae3becc5e8b6326c00b90d727cbe7142f826e180,1,1,3.498154163360596,-1.9261897802352903,5.424343943595886
english,7137cde1c7f8dbc3f2daa4dad3fc07ca76802d9dbb1bc15f7bc02c1570b174d2a36a237336703fbf7268bfded66536669e5e010573763f821b30409b0e65eb6e,1,1,5.18149471282959,-0.7831078171730042,5.964602530002594
english,72fa4494c0ae90905d3e7b046cced92d9dfd9a1dfe7bd6b417b25b624c3ede012ea9f4347190f7df632505485b9b85aee0eab6012f82eedcede303e47450e7d7,1,1,4.494197368621826,-0.2254149168729782,4.719612285494804
english,734a5f2b0ad91b13ae7b436e55c5cfad5996a405725215497abfd6db8ab55b5ac8fbe11be78afb51ccfd9ec01c25a903e512c66c5467b068f3a6e9d259bb8dbc,1,1,5.674541473388672,-1.273018479347229,6.947559952735901
english,73c7d9eb4a971d51be45dfca0ea4f0ba29c62b633f27c8cfd72d2cad59b9f4fe387f33f54d8ee43c196460eb2e21a2a9ed9b8b10f384bd26ea7eb48fc8070c00,1,1,4.524443626403809,0.2777889668941498,4.246654659509659
english,74199ae3910ea8eeac883bf073fdfd04091bbac31ac04caeae6c40bc2bc43f73e8ab6e829332741e27895bdc8c4083c09831b1fdc00d978661495bab555f6816,1,1,1.7488378286361694,-5.97581958770752,7.72465741634369
english,7456ec8b40142e1863ac5d241bfa1d7687fb9aa96941da3128bf4c4d81cdf2f9ab0e693f768047a1b87268a4612f4c5ecb52f23920e0fe146b04542d2c292148,2,2,1.2171468138694763,-2.0313485860824585,3.248495399951935
english,750c869aa08744178bfc3228faaf65539ac7037cbc8769c0db7f58c08a5873b9275b4ee7cef6237c47f44abae105a449a821a99023bf11cb7260073a0e64ebbf,1,1,3.731435775756836,-2.510782241821289,6.242218017578125
english,751a662ff5ce18546613a9dc26dbcc0e2ca7d42be81d39df7779d3dc5eecd5d8568ea176d3b204bd37057828a0b650a3baeb13b1a1dddfc3d373d44a8c80907b,1,1,4.830721855163574,-0.6024531126022339,5.433174967765808
english,757beaeb3dcab1faa1135fbbebc9a4315e7a569f749fbe21a8816905a981bec0b5aa2fe402d60d902cbc2fcaadbd204e02d7a72d388b389e9d7ff3b170f879e1,4,4,5.954287052154541,-0.5827231258153915,6.537010177969933
english,7586972828cb14b30651404265baa4b9b8893ea7627c753195db738c56f356dfc218bf49b97bc25be6d57e89b64e9a58a92b077f9836bda09c405c0bd5f6d992,1,1,0.2337886691093444,-5.940779685974121,6.174568355083466
english,75d2af86173a1ecb9a2e4de5e780b4b0c2751b0730c9d8ead8c658ae6224cc6ee41be6560a1cdae3cd24053a0ba4421901b37bff29aa6011e61a0fb8653394aa,1,1,3.1525321006774902,0.0743019431829452,3.078230157494545
english,75de62a4fb3e5aa6080425b2862baa8638420f5ebfa0e38c40f55ab6b92b1f41f4a6bcf3b24b32660dd86c00efd74bf0015f8d8014d3bc7d5e247303e114de09,1,1,3.702944040298462,2.368800640106201,1.3341434001922607
english,762536642be71e032d46c7775283ea954494e6a6ec1d016a96f776b6812b2c04125b9f6519054836d3808a767975ae889250695ae20f649da1e64b94557f985e,1,1,3.491050958633423,-4.430818557739258,7.921869516372681
english,762c7dafe9556820136d0cd1ff8f73f2bf92af3ed884c85ffbbdcb43091a2bd103fd1b1b4d71d1eda3bdbf31659a2553847982f19a368a29d2612c829194374f,1,1,1.8646031618118288,-4.990617752075195,6.855220913887024
english,7638c31df3d76068804aff7b183a07af9bbee296cdad7ac10b19c7f96a420728e5f15725ef57ef8e005b8dd6bed05e35663aa72e4951ef03f70bb04b1afa1ae0,1,1,-0.3534527420997619,-6.062323093414307,5.708870351314545
english,76754358a3cd341831931a65e9c78f6493bccbfa3ba5cac9996537de7039d277043a963b01032ad5afb78be05ff82f4a66db4f91748ca9cde2cb4e1b8753135f,1,1,0.8980448246002197,-5.635788917541504,6.533833742141724
english,768ac5f209c13ac5aef11a298aad9819c9b6caf494a900f7cd96cb53581b215cb62dafc7772ec512c58145e4ef6e9f2259043f68eb217e1e89f0be7bc46b7a8c,1,1,4.62705135345459,-3.355574369430542,7.982625722885132
english,7691c6d88abf0ea4dd82b8c1c34905b72d42a44c71198603796eb7273b01dff9e21db0f73cf3c387264188e3dd5c9802a75ca5e8a1dd9b36cf57197b5cf1e14c,1,1,4.949651718139648,-0.7133585214614868,5.663010239601135
english,76c9f8a8f018cb1a1837f237862266e5e4558b176f18afa1692f9061136d7ed1220f71b4dc61d1afd073d6632d2cb497c30d8222c299c6a65184c32128c535a7,1,1,5.923466205596924,-0.8757759928703308,6.799242198467255
english,76d8709ad91b316a2e6387adf373ac7ca0b0bacca24ae7b34861b5ed351b20be1626ae72574dea01859dc2cadcdaa90477fad45d97b0f4a88c85e53d8b13fd1f,1,1,5.94456958770752,-0.6033304929733276,6.547900080680848
english,76dc1a1d95e971afd52e3af7321b340b2969459991d80578762c1c5dd4fe1fae1a9baa10126bff15baf19c9688fa900e4f231e83d757bfa1d3a1befa641097a2,1,1,4.523869037628174,3.2052807807922363,1.3185882568359375
english,76e40e1063db4527e0f5910bc066593add88cac501f1eb456ca679417fd27dde6b343a29a230401dc5cf9530a1526eb46dfc299526dc2a417efc691807a16305,1,1,5.258964538574219,-1.036590814590454,6.295555353164673
english,7713d46c0fe18be2d186ebc2b8ff9d13fd8ec68ca42832381983ffe9fa05b38754cdc187f3346f8ab2b626fb74b8d475381fe5c11ebf8bcb4dffdec9aeaa60c6,1,1,4.300813674926758,-1.49895441532135,5.799768090248108
english,77600d1ea840721bc62cd5a1444822538c380c4255c3bb966d35e4c71344e0691303c4add4223e9fe842b24d65e08ae2e99c956f4acb898bff34adad75171112,1,1,5.572424411773682,-0.1412932276725769,5.7137176394462585
english,77eb706fb5dd161c836b90da6cb1d8646d593ac244c4bece480178b3ddf7ef408f5a38397eb4eff91b85747abfcc275dce6c8031bd548fa8a2867505292b54cb,1,1,5.114143371582031,-1.81630277633667,6.930446147918701
english,77f590672cdcf8e7aafa1355c81c18bb4c0ae6ff0e5838800eb2354bccf123660f21686c06ee78c6a3a94a0d3cd9cc1a39a6e5d52aab44887c385635364fa935,1,1,5.784646511077881,-1.844896674156189,7.62954318523407
english,782ec7b338418a4966cc49ae09265d258705091874fb4d3a7fc76c9541738a997af0f51e9ef6045dc01874a060b482c7adfbfff2a51b50fa8d03764248956d48,1,1,1.1446722745895386,-5.922890663146973,7.067562937736511
english,7835d8b47d67c96f66ab4d9d0e1269cd46ab970e7a5f1adc30ef6e6129b4dc2567289113ed59273ae72a5668b903851356bc4f268043717b3fa1ad433bf651d6,1,1,4.101418495178223,2.2870492935180664,1.8143692016601562
english,7841e5ad885d6e6511503d6cee44b326f268953a3a417aa4b6057e87151baef20276e90af0a8082536f3255de8534cd3ec51a06821808ea0b4849480e7521204,1,1,5.231889247894287,-0.469469666481018,5.701358914375305
english,7875326d70187b3567fdc797cb3343b1a1369828b9812bd20c0a3436dd059cc7633d05e08346b89d73d6bc1035d5454572d561bf245e15265ad5ad11b945bf18,1,1,-0.6367367506027222,-5.795487403869629,5.158750653266907
english,78deac11fbd1c99e23918876d89fba3bf81c712b37fe058f6053245fd17eead473c75f508a77cf2783aa225787d8421a3dda05ad46003fe99dfa94677849d706,1,1,-0.8924078941345215,-5.839082717895508,4.946674823760986
english,7901622282b4a34e1b1367e79c8435281595ba66942f5bcd6a63be9d03f1853b9a78cfe7751b28d704b0b71ef0622d4f2286b307c4c4232841726caa7d102f03,3,3,5.690117518107097,-0.5338783264160156,6.223995844523112
english,7908c85af79fdda0bf739f192d9c97439c955f945729666f83eb11bc2ee43f0c3f43cdeea624ca62e802192e0b43ccf1971ee1548b768e5a0b5cf15435f698c9,1,1,6.01846170425415,-0.8984135389328003,6.916875243186951
english,790d3c7dca38df38badf91b9f25b8d9a7680b57ca71e70d73b341fdc7591dca9e7941eacdc34a0e9962bf5bdb04a0cc9b166f90c908682086dd2256e3bc6344c,1,1,-0.2559958398342132,-5.928801536560059,5.672805696725845
english,7910368e882a9224845963c6721c69d279cb1f15d4c870a2fc1be7e0a44ecd26be23b462c0006b856195642d03bc7ee1f3759fde1ee37788a46334c31c01276b,1,1,0.3807518780231476,-5.840394020080566,6.221145898103714
english,791ee877b1b288514e9b36f085940c68b8bc96e671228ad976a0efa548785a0d1b7db570a1cd866034e185eec85c7f22c76764dbd773fa81d6979d5aa143482e,1,1,4.5959906578063965,-2.9624838829040527,7.558474540710449
english,7963691c43c8cc498c58f117527522bf772c76c38530570bc55ef04834f67fb7a9227bd0fa1f13e64e8de1cde6594f3501e172ab86559697c08726cac26f4c6f,5,5,3.1160534858703612,-5.060497426986695,8.176550912857056
english,797876ebbfdd4a859548c9040a845cbbd07c5fa56dcb0d6642fe2a04d235741a6e7cb6483bd97a6d725c0da298a60c37bf2e8adadd74b8db114871d39bd93024,1,1,0.1352518796920776,-0.5481021404266357,0.6833540201187134
english,7992ee59c8a9af9b74fd6f0cc12eaee3da35f588ff19c8859c39fb46d64da542518c2cbe3f8d7657ed6838f721781f9bbb0c82bc15bf31fb662c88b124ba6494,2,2,5.21950364112854,-2.813163459300995,8.032667100429535
english,79ce8451fea8968eae6f84f6814187a7a9d4a4da089294de5565c6872ff1f951ebdcfb6b74c51cd7c08a2745c89c5ae67c5464dd4c0b22e55b2d4b1d7c0181bf,2,2,4.673504829406738,-4.012732744216919,8.686237573623657
english,79f4d8e5dd8db7a5bd09e08c63907cd244b2fdabc93b3224cfdca3368b80fb07e4cb6d77c35e65dad6db2eb2a14603e996a7c542317f6825b277b27dba8cb183,1,1,5.437361240386963,-5.313745498657227,10.75110673904419
english,79fa734d263b132bce8a462216182199ca518f4ebbf60104d9b1d75f40a5680d5c9ba34dbc7443252066f4373cbf304ad82ff8dcf61b26bdf63adf0674afba65,1,1,1.7595009803771973,-5.818626403808594,7.578127384185791
english,7a26aeb9f5b262da90fc33f9f480092abf865160c3c66b6e812af463fd4c5712c83648329feebab91f3466287c6ce9b3c81739311de579303045cb92a8d6f6ce,1,1,-4.4588236808776855,-5.995239734649658,1.5364160537719727
english,7a79ef86945a0ed5e5053d368f18efed75b430b67b8d9b56ed1c4554cf876ed1cb4929c6521da2b4deec0a6411608947dee178aad65656c62cf1f07795ae91f5,1,1,0.3947768211364746,-2.793797731399536,3.1885745525360107
english,7b078d68ac8c3a795a3b4a28afef165712db00c8e4c825e663625fee37443747d11985c26bf5b29a94d5ebeb1acfddbf0b514980b7d9052a6ec0f4fac1f7f658,1,1,3.814320802688599,-4.985736846923828,8.800057649612427
english,7b1870fba227df93de9f8b77144d759ac465ba3693aeab2410a856dca9e8cfdf93ee3efee0cd5c09e79fb133fa0e731098f65c0c90a2e0b104579545a127e511,1,1,5.274118900299072,-3.775688886642456,9.049807786941528
english,7b6e114446e117251c6361f5225d2c39b7b3a9133f7c701c2d35e97b54b083bea5e17726182235c2f06cbd9ed216ca1dd19927344cc5040b652d8008f547002f,1,1,5.201486110687256,4.342214107513428,0.8592720031738281
english,7b74fcb1ded6fec41af94dd38efb6804c3c503943fd78e27cb1778c89a54ea02b434f8419937c49149515e2afc7863d1898996f827fd165c45a48473d6d99789,1,1,3.3491196632385254,-4.813462257385254,8.16258192062378
english,7bf8e335b222c8f3eceaee7f9a0e4ada4d4de7d2fa39b6503a2fddb8334e437ba9cd1c7ad266a08048d0a324e2e1147e57b7befa84d4abdaa17a7209b9854567,1,1,3.045597553253174,-4.101478576660156,7.14707612991333
english,7c0d14e3385e52014f26ffdf47a2a747199f91c1f6f92cf887691df9c12f177fbd8695b112f174e3c20840cdb702e8ba708cbfe1e0959e046233193a977c3c86,1,1,1.3507431745529177,-5.700389862060547,7.051133036613464
english,7c2d8e10fd5cf466ada07983e097be56392818f195c3bb2307f520d5f48914404f0f90e2896c39af385369838f5e7d88dbd408dfd39300e50e15107441d85405,1,1,1.5811704397201538,-1.202240228652954,2.783410668373108
english,7c67afa1e21b586e51df0d669c52abdd234720e287b445a8a10bd6692af3a685f7a0950933931a003769f7b11c961b6327d4e3da390273a0076fc66c2fde2df5,1,1,5.952229499816895,-1.0941861867904663,7.046415686607362
english,7cba7455872358bbbe6c8a326277149048dffe1eca34ea97f1320da2bb407fbe160493c6f1a51384199ef75c23c4c231aa78a6b84428b58b7ab70bb73882ab91,1,1,5.286696434020996,-5.928110122680664,11.21480655670166
english,7cda6195ab82a43eb94ae586c0d8f99e6518202e211b9f150d4a009d0055b2231cfbc2e4b579eb834e08126f60521e1999da386154ed7fb51a9dc008abf08ece,1,1,4.192495346069336,-2.7625789642333984,6.955074310302734
english,7d253c6592f60c2d569618ff419996fc9d6c62add2c6a3c8b9be36bd09e27e775a8bf4dcb99497fa8c81670ae500e79e6056106b5c34b01fd562301f0729f9e9,1,1,5.026971817016602,-5.127645492553711,10.154617309570312
english,7d89e8d41e081ac5994f3e34f52d36bb75bd9f2d174776db4d3bd5d0f7285221f211e77c03fb1e1808dbeddb7437112390927b39ed2d8085321828d1ea891af2,1,1,4.158997535705566,-5.850422859191895,10.009420394897461
english,7ec39bb3cb8524d5c37c47ad31a657957eaa6d92cfffa5946f73dd3d7a9009b5ea24cdec98407e393434731f6115432bf7e1ce474a844a233d9c08accd6b90f7,1,1,5.376413822174072,-5.878089904785156,11.254503726959229
english,7ede86cac4d15a7bc7564b2cb136af72f03aa9835e1319140ac972907c3bc299d6cb4650ed8f935a8470019b93e8d3c5e7984c323410403abd70f6ac5ee750fd,1,1,-0.7949381470680237,-5.072718143463135,4.277779996395111
english,7ee4652a364c56cfe0e61f20c26c2de1eeafa01fd5add3d4caed72d340fb1738e9cccf80bb643032b8b9ebcf16c83cdb190ef3ab131bc6e76c167a426e70b22e,1,1,-1.5694597959518433,-4.88987922668457,3.320419430732727
english,7eff9a54bdb0619deffda7609d5b8565278e3328de99e63908be2a37c1ad16516240b9c92bc6b68d8130b20dc556f57005dc053f4874a49589f5971a31b97e98,2,2,3.6909796595573425,-1.0677807927131653,4.758760452270508
english,7f692d68de3264ccd32c3cb66ee688bdbd616196a1bc4cde7f8851ec28a5310fc9251829b7cffe7c3c24f385696bb5696cb321ccee36f4b25abbc1af9fb42db4,1,1,4.672617435455322,-4.804941177368164,9.477558612823486
english,80351aa5f3a52d0846a6831339125965224a3f1d75b5823a950635fb3edbcbf6b1935c78f0692bed8c7ded191cafb6c16aa2b03781a6f3ee5b392c20e0a74dd0,1,1,3.899971008300781,4.224725723266602,-0.32475471496582076
english,80b40ae61f62f3236401f8401666e174535ce1f13b541a621d007e84cf711cafe4a0f24c4cf1087d4675fe2af61fa9ef2908cb264b1879910973be1119951886,1,1,5.498286247253418,-4.674396514892578,10.172682762145996
english,81f6c6f90817a8f196da1843163f8aeebc92a3ab259c95b0fa8803dcab26b190ccc5ff9531baae3a70e4523c599892277801a3de49d96e30c62c48d1d71287fd,1,1,3.2162156105041504,-3.3506245613098145,6.566840171813965
english,820ec36419594a6c63791c5e5067df07b7962e7082a7b3e5b7039d847a74ea98b5ea1b50a33ebdda55d994fb764885ef4cce4af154dc886cc0d8465529b345dd,1,1,5.036911010742188,-2.4535117149353027,7.490422725677491
english,82557ed50b74bac49d5fb53a88f1e68cce75de29a91d98c3cf2d1af73ac1a4a05b8bf92c984a37192e63b7209242b64dac903c3c69101cbe7d196047a60cf886,1,1,5.076029777526856,-3.151948928833008,8.227978706359863
english,8255fad3520e654ede731f40f3501ec48a9add93775d5081d146065a11a94be19a3c6ee5cac546061e9cde328e9c4982ba6000716371458c40c1ab365b93207c,1,1,4.177413463592529,-6.105224132537842,10.282637596130371
english,827ec12d835b8a4dd847f01b6f1b936b964f5994a2cdc1fb37228228d53dfa26b5f5364ec2153df9348ba174f2e435ce0918f8b71df41fed09e3fd0d7eec39ef,1,1,3.703155279159546,-4.748395919799805,8.45155119895935
english,82db0aaa96cc481a275b587be8508837e2d48fd05f95513d8bd8a6ec665d1c8b306621d9016398a8533c3544e1341daa39f8669ad4cfd701a0a4973ad1990c65,1,1,5.169463157653809,-3.712223768234253,8.881686925888062
english,82f6efc51109b0bf49ddffc1c25f741e829f97693190472af40ef149afc34810117bcf347aa5dc553239a149ca670eb50780f5aa54c5744c7406ea577fb9de23,1,1,3.4398744106292725,-3.4091060161590576,6.84898042678833
english,837b199fe273207b2c6fb22ea17e9c3919e09101253efb03fa1c5a0709c30e135594a71fe4fe1f881bd6565cdc2513cfb829a685e8963bee5b9909011f77b4fa,1,1,5.784355640411377,-2.8339319229125977,8.618287563323975
english,8449194e8b74b81d761d7a3786cdd5d099aff4f33737c7f476edf3435c3eb483ff6d6515d153c7cfb9193821f01a3a0bd6b049740b029acd7b1488df9bd579d8,1,1,1.96319043636322,-5.253593444824219,7.216783881187439
english,84830d3d4f6785fc72a37ed13ce8429d6498985116558779c4be096dfa80ba8b35550eb80fc173ac96730eec5d8706a959747143bc3a1d5b785ead46366406fe,1,1,5.339446067810059,-1.1280235052108765,6.467469573020935
english,84f3198c4b413e6a7cab24d48529584c694f3501efa7e1605531153f9bfc82d8d3892b44db6bcf3dd0a946854917a5e265a10ff20d56bdf24a56ffd3dbbabb69,1,1,-0.6087824106216431,-5.86732292175293,5.258540511131287
english,861d368ee4691533936bec58535ca7c02edbce3553587ffdc2d498c88a2956a216026b6fda261e85a283cd8f637514a0b90b260cd2eea3f11b442840205e6eec,1,1,4.151298522949219,-2.786792516708374,6.938091039657593
english,8635c63b90be096299283dc2537701c72f3cdfa4f53fd8f2296ebb0e7f98070588f4418850439af6b511605d86b516235585769481494c3c7381531f82896080,2,2,4.1224682331085205,-6.0171403884887695,10.13960862159729
english,863ff359f109c8d4fbd978d4439474bcfe0ab5f2065efa125c935b85f1a7b1cf99540a82b2d32394fa34c2bd093283b12257fa42cc8d8dcd4dc032af79981c7d,1,1,4.771072864532471,-0.6457103490829468,5.4167832136154175
english,869a27af7e579b48fb314a38d644124871d060a834d0480704f27f3bdc88d5050d89c495419696adc2465222d7d355c23a82d803238f382fe56c4e2b11038396,1,1,5.066338539123535,0.590677797794342,4.475660741329193
english,87303335495e24fe793e71c7c273bedc2e089e4b883e26b89f9b523e81acf74c995bcdb53a4a045a44e2ada70276e3b369bb03dfdb53ff0e1ea33f99ae765474,1,1,-2.3384156227111816,-5.926630973815918,3.5882153511047363
english,8790ab0f2c01674132ddc87f706766da49406800f1170d997f74fd7beeb1cad1769595e1dc9cf1cd836dc4c422e0b4049c5f02baa1582a61afba2ebea04f0d56,1,1,5.734431266784668,5.919756889343262,-0.18532562255859375
english,8796693fb19970eda73c742a411fd9fdea613f4d64d9a3b5e6c756fa7dc6648f34705ff8b294fa3543663ed6b1b6ab6f5cc2e37f278ab0b112aaa9c2de33aa20,4,4,2.2971766144037247,0.808334469795227,1.4888421446084976
english,87b42e85779256f12cd8467a8790384f4d1ba3aa2c3821b798e151f94702c8fecb77a8f125195bf02e72b9c5cf01c3d6ddda5e6d3aa87b4bc525756a8c2b8807,1,1,4.054676055908203,-5.975987434387207,10.03066349029541
english,87c37ac8f79802cd859b6edf1fe035bbf2d13750e27266dd30d46e58cacde54fc7bd99f472e4da9d1c5cfe017eff41c80ac8eaa1233544671eef5d86787de04f,1,1,1.6812111139297483,-5.245201110839844,6.926412224769592
english,880f7ef5512aa7c28183e3e4da32b7b09e82aa4bab0b2709917b7589a7421063bd9144ed2ffb831a3970df61a965d6178557ef080471baf441f4b364ec700c83,1,1,3.953036785125733,-4.641108989715576,8.594145774841309
english,88a9cc3068c24e14919063cf476a0d05c109c2472256f26809e51aed403ecbcea9519645b50c9ddbaaac05e8848ea71f888d32cbe61eec6448eccc6cc15295fe,1,1,4.976120948791504,-4.632429599761963,9.608550548553467
english,88ee2cc842f33a6af3b7bbb10c39384592bb5348830da78aed116e136a7b69175a3f3ce2edfa71c206380d14f9a008674b68656c5e14cd7090025af666bfe4ec,1,1,0.1518812030553817,-0.7077860832214355,0.8596672862768172
english,895da14fea81e76eb374466679400191566e2f67aeeec17c6413a16d4f42c995b07edb79e0c2cef82681875061b31f580d9c79578451c80e08fd02c18498a557,1,1,3.149497509002685,4.2295355796813965,-1.0800380706787114
english,895f2d4bf294edfddf1ba3f469b1e1fc1409ab310775e52610a51ca47afb77e8fe546c5d17247fbca77c3636e593d5f84b132a924872c8e2966d48d3a2f8fd36,1,1,4.513930320739746,-5.334521293640137,9.848451614379883
english,89905eb1a6d0a068725d05eabd42f633218e7b974dd3c55cb9510139ec5257841e1fd22dbe59765697919cdb89bef1af66928d657669460bf8ca72e31468f308,1,1,2.002063512802124,-2.055675983428955,4.057739496231079
english,8a88ce7c5875e0b6e962efb97743d174f3c826710500fb9f1c048d7569e3a9759427403d4c2fc787d9080a77a83336cdc0fb73626675fd5703b7c765ed2041e1,1,1,5.623794555664063,-0.7137045860290527,6.337499141693116
english,8a8aef48c6f43e29d9bcc8ac22562e5edf3fe0cda3318aff8042b5a5dc22931c1625661b4148688336afb2de6b86a41a86f90a43a752bff04b4560fb68612ed9,1,1,5.984699726104736,2.529358386993408,3.455341339111328
english,8abb5db0eef834e8f6dbcdd9f0d74cb131e5fcb6a764445ab5e98cfc43d920def095e69306da6e03da7030540d732162aa0126e9b9c22ff034f06cd2a4ab2173,1,1,5.22594165802002,4.696199893951416,0.5297417640686044
english,8b09d2eb65ea95f0a9e9efee2b3b4f24f27f44fcd1142605db1dffa31f67c4ee7e18fbc9537ef747ccbf16bc7849183f9bbec22089bd8cb0a3ee435f56195c0a,1,1,-0.1094373315572738,-1.3238399028778076,1.2144025713205338
english,8b3bfefd2870c4de03ef724329813e87a1e929397923cd6ca61ac29408086f225d158494979efad659ad88d8ddc3381d5ac57b4b56300e400efb0b6e27a392c1,1,1,2.593061208724976,-4.262951850891113,6.856013059616089
english,8b56f5bf65dd7a2030f67c37e8bb6fabe108ba61228980c097c9d4c9cf62f4f54f4783a93e8cdb9c0c49c46ee124d69ba3b504199720978bdbb636f383dbc031,1,1,2.0542612075805664,-2.9720711708068848,5.026332378387451
english,8b907ead56d6387db8bbde04d050eb2ab502d41f74faa90585023c3f348d4f30254eaf3f992cf2f063e2d0f4945cf5336af1ba1759f5a429f25e0e111ae81b10,1,1,6.213546276092529,-5.993002891540527,12.206549167633057
english,8bb1b6035772c575e287ffd80c92b07954ccf17732f806e55a33200d7696fe355c1718c988712b7dab6a14212d59a5184a76c799cca8063effe6194ecc9bac7a,1,1,3.815732002258301,-4.650572776794434,8.466304779052734
english,8cbea52aa26bdf09b7e3df2221e07657d07d85edad0ca02aae3d1aa4d4754e9f6c48cb67e67228dfb2a86e37ef7fe93fbe4511d41e06c01cc34c9d0c5de6491b,1,1,5.607983112335205,-2.401170253753662,8.009153366088867
english,8d0e1eb79f6b76705cc5af2590b6b1d85297a3666be5be7420f6ee5d3db8f81b0df4097cdf6e9ee75ac8436aef1eb3352e5dbecbb127cdefb441d5aa376b56f5,1,1,3.1003150939941406,-0.0111176259815692,3.11143271997571
english,8d0f9abe71739015ef1bad7efe521e64b83e6718e0d21b104a37a94367ef1149c4fd26aa0a85ee7ff64ae8fd1707f3066a70c918548dbf5c95ab409733247bc1,1,1,5.283629894256592,-1.5231554508209229,6.806785345077515
english,8d420f53a26d9d11408386b68b1abba0684eabcf0244129c55b7556955e32d2139c235fcdcd37b0eaf4b0cc7061a0029d4764fc2c221dcf4a38c2faafffdb540,1,1,0.4435692429542541,-3.1375732421875,3.581142485141754
english,8d730a3e00a296c6af5e6b318953e1fabd2c26959e212954a0b949bd82081c7e24b621adda8de124549fe925752ca508cdb2f609c5dfedc7f3e5190f1bb5694c,1,1,3.57141375541687,-0.6820350885391235,4.253448843955994
english,8e05a9762bba8885d665f8ab67084a8adc8c1690725914992dcf9f84a1f11352da18624b6bad7d77301c9ae6a69e3dbf0a68e91086fd32a256cce450e2233db5,1,1,5.591245651245117,-6.005956649780273,11.59720230102539
english,8e113a62d59ae29f19f0e423fbcf978aaa9eefc16913ce4901b0aa105ff590bb7c6ea13da0c5583c0772d6905c0a964d355e8667edd35c7a08442c2312439d79,1,1,0.9967276453971864,-5.740981101989746,6.737708747386932
english,8e3c3472fcd01198c79948ec91b37ad9bfbfafde08e87dc56eaf70a15188ab263aa3a85f01ad2dfdf623e1d4053bc56fbb5e0ad820a8b77444d6c3dc1d24e7fb,1,1,-4.831833362579346,-5.652700424194336,0.8208670616149902
english,8e91a247ca7696cb0530ac8b83b477578fd91898a3bc219cff8043a98dda87ecd3764290ba9f76672a457242c7c39ed72d8ec123734ea2b3e849c02f0ad5b447,1,1,0.4151778221130371,-6.1086506843566895,6.523828506469727
english,8ed70305c08e4cefabd9c6318f06cc0bee432be06368c05063358b8aee0bde4d1dbb8a8800c1992033f7c1579dd6849fe78c89c2a91f9a315b597dec5cd4f4c7,1,1,-0.3038108944892883,-5.691825866699219,5.38801497220993
english,8ed772bcb6e686110c2775e003598e40e0f6743431af6ecb357724cc7b8e4b4f19dcca57e31a16863bec6d27535b2f4b405a44a794aa25b8bcb4d506b9f37733,1,1,5.816012382507324,5.938080310821533,-0.12206792831420898
english,8ee4523d092dea7faa7ad7118b6836a92c11349ce608bff9e294af2e26118f189e4033f458ddfb2b8b145b5cfd5e5e30a7fbe1fa6f2ef374c4a2479f49172c1a,1,1,-1.3985702991485596,-5.433487892150879,4.034917593002319
english,8fc0eb2fce585c5234c75e00be7a6be635a7a04b7e181f362ace7f5acf7e42a74125393235b5008e34eb3bb6650b005724968f62618822e2247bc1bca5135470,1,1,5.367818832397461,1.3852146863937378,3.982604146003723
english,8fd82c740e74e37fdbe2e6a61d13201a27ae051cefefe3b3ec2072ae32682b97c4e55cc69b4bfdac2cadeb1a6999c89e615369ff251d4bbb1de326e0cd8c7050,1,1,5.247042179107666,-4.595003604888916,9.842045783996582
english,90d6d58e3bac55d4668e79580473286d7d5be658e533ce74db1a82f7e7bd86cdad0593235270da5bcfc5d4e022d90be9f28e4e6a6f3ecf8247ab766c5d8ba0f6,1,1,4.860518932342529,-6.106923580169678,10.967442512512207
english,90ef33c75fc1eaee1c26d177e0849ec19ed68a4ed5804020185fb7169d6350adbccb66848b4536e2f10d7bb9d7c11f9e6ce383955c4382ca47fab04b7c63ef29,1,1,5.91726016998291,-2.082224607467652,7.9994847774505615
english,90f0090f855642dcd580e4b7dbea8b8d79973e7919247ce03a928d5ec52c2d329398f933e41d857102928d06fff3f10ceb6a0aa2c0871c91a6668b9edcc1989c,1,1,5.193172454833984,-5.235479831695557,10.428652286529541
english,913b8ec259a0d867cd3909af081be5eb03bbce6875fd5aa81e2befe31ed96e3a021e6faade2b9dc418ffa94dff8f0e7821737591d00daaae28b84aa4e2cdc12c,1,1,4.842719078063965,-6.037266254425049,10.879985332489014
english,92ba5865ef617d69148683e5a0fc4f2b54d15aa9a7f9ddfbd0af3c055aa9ab149e3797125f3872f83302fe05e75bdca0c0b83ff923af2c40562dc9e548039b86,1,1,3.462599277496338,-5.445146560668945,8.907745838165283
english,92fa0173d8a52067542a43504a23d6adbcf1f55271ca38e9eacfa6f751199a9bb7ed840cebadc1a745b2c605ec99dcfae954c709b8c345afbcb08ce46e100b4d,1,1,5.193991184234619,-4.415653705596924,9.609644889831543
english,930ceeafb80c5353bb6165302776fe2857e8790e4cdaea5765fcb068a79aabf3dbe5269eaa2a79f4de2db6dd4d911884d4a698319b337d457c89dd62f971ac19,1,1,0.2753060758113861,-5.019882678985596,5.295188754796982
english,9330514826332a55ba4197d99f9b5a760254d19547c9c6a023628e38d26e616f53c875d04edf046382924e44baad17ae345cad02c281928e2f12e75daa16dd89,1,1,-4.08925724029541,-6.011624336242676,1.9223670959472656
english,933590530e2425f0c01dac30ccf6a87ad6432637401fe8e599e9942768181f805da879cb732c790f604368998dffeab3bbbd68f980483df4bec42c3f2df45944,1,1,0.8769676089286804,-5.722367286682129,6.599334895610809
english,939991dfcf12d8250739f3b4e5ed47e0dc4bf8ffb69810f4ab853aa12872a811941be35b7e91af5df8350d75d3c61d1301aba694c41deb3f38f1414703bc0461,4,4,4.644633889198303,-4.639247894287109,9.283881783485413
english,9430e5e18fd4eaabcbe041177c7860fa75aec9407d276e1da3afeffdf5c6579394cccf13e03156186482479b3d166b82acb9e3b64aea47ef0b83c06e64628d2f,2,2,5.668198585510254,4.1310728788375854,1.5371257066726685
english,94796df469d4a3dc6594d9d759a97275d001a4aabd862b04e5bb10bb6d1991c349084f6e5120e28213bab509cfc1a892321b96ac5d0a50d5496385a32abcd94d,1,1,3.58353042602539,-5.6708173751831055,9.254347801208496
english,9489088a420426808becec14c5f401ed90743aab43f0ea3a7103e44a9a49dbe34a988a64a728e2a0a1211acd83899a91998b77dfdba504b2154a6900315ffa62,1,1,4.947218894958496,-5.134318828582764,10.08153772354126
english,94d10d73ea83a282d77602f47e961d1fa579d3057ee6825219be4b2750c3cbf233b4d2d06cdccc469cd1b465a93fa50a072459a3982b1e8abcba767bb1c27f56,1,1,4.820921897888184,-1.9247362613677976,6.7456581592559814
english,94e0029173b383f6bb8e6e5e8dfef3626d3d9d994a196e8e7bbdb0f34af77e25895e9b7c513b8a5f34db29084fb00838670bdf2e7735d34c53ed30363e8d7a17,1,1,5.239817142486572,-1.101892113685608,6.34170925617218
english,9512ce701610c86108d16bfea418d204afa210e7f6c75d42db9a6b51bec07e9eb09bf98ef5aa04b604915b8c111d85fc0ec4470033196a59f34be1b1d6c09030,1,1,3.755660057067871,-3.661530494689941,7.4171905517578125
english,95374f4f0281ce754ec20477f0fb494597129dcbd84a71b9840512f16624ca875a5d182e2d11413d3344e7cfc09432596ca9a53c1de30ea445daae342c2d251f,3,3,5.298446496327718,-3.9915355841318765,9.289982080459595
english,9550a590a3453307aad258d9efa73a347bbdcf4e358f379691ff80c24674c39d41a82fb6f6840f771d2377fb634243c9f01feb7aec1fc6a0f0aa51e14d4edbc0,1,1,3.991252183914185,-5.018054008483887,9.009306192398071
english,9563ef8cd6ecd585c01e6142c2a9c1b58de48b90a1d5fc42b5c2e58601162140b82b7b6f4daeeae317a9716b0dcbaa501b9a1de5b06c721bdc8b6623d2592d5e,1,1,5.358669757843018,-5.50874137878418,10.867411136627197
english,9580ae1517d29659e14d19a678f6d566a12963409826f176769f289b020b007089dd2966f6ce721419435498458237ac5003ae0fd9a688d0e12b1bc47e2c4148,1,1,0.8808611631393433,-4.70729923248291,5.588160395622253
english,959c769d9a0863ebd10e46ba1e1e76b06250e53d5c5baab568fa47e09785ac1298a229d104c41a297faa1d3115cf601810b3b11366da8a2af3b2f450aab3f040,1,1,4.67302942276001,-0.7175915241241455,5.390620946884155
english,95e9c85d7a593f6c5b99b8af013eeafefc7c9871b493130e50d2d3ded157dd15565df18c302e41958c194c8a45f38139c13312a407cfa14d4c2d5f4800610ed6,1,1,5.063286781311035,-4.298556327819824,9.36184310913086
english,965364936b9289493f45c92df686d7a74d8408b792d4cbe0e26b97081039c6223385390c736188d76c8bd4b81e682cfc0f2390e4426cb5e0d34ae4c6ab4f0a71,1,1,0.1893086284399032,-5.931994438171387,6.12130306661129
english,96c0da2dcd7d4e389b5dc6b335b69d9730b895eab6a02da975919f9674c4018f395a9f07b65628c2a6f46465077b4745aa8b08bf60d7650e88fdeca6a24b8e53,1,1,4.930747985839844,5.123826026916504,-0.19307804107666016
english,975a1df584466da33877be891c3201d8c2ad689747e94e011f0764a592fc78317a9cecba72eda6de9997f736df3af479df21793d639121a6064a6dd5d447bbf3,1,1,5.780683994293213,-0.7106903791427612,6.491374373435974
english,97ab2f73736127ef8f803797c2b2cb0e405f35b8aeaaea742112a6233d2b64dfa7d0453127d079cdf41b48cd7282bc4e7934b40b9d0600f07d8fbd14f14c7c34,1,1,5.501506328582764,-6.0551605224609375,11.556666851043701
english,97b0a8cafca94ad000c2f7319bb44bb0fc2e8c6304db9c52adc1e338521d8289bd86eaef23b214695595059f6a65914fa781be7ab74dbefaa2cf87ae0ae40a9f,1,1,3.116710662841797,-5.66127347946167,8.777984142303467
english,97b5754c2b7322d08cc69d621f60a6be00d50a86ef476e6a240529cb2dc06025626beddbcafff75d80ec8871a4b8cae6dd253dfa7009ee443b82423108973e01,4,4,2.3292657136917114,3.823400378227234,-1.4941346645355225
english,97c549eb1c6281708333b9820cf6483527b4cdb1bbfe5fbafb400702f8010ca761e0db05d5b4c49235a0f0efc495cf89b3fabe5d08b9523fd49540fb4a9c2990,1,1,4.73282527923584,-0.6411193013191223,5.373944580554962
english,9951ecb742632b5f8a1f7261773a64ea24d42f0996ee9f146ee52603983754d7154ad60f3fc5efd069a6cb2afd95f899e8843c0b082016fed5ba7394fc096270,1,1,3.17162561416626,-6.084984302520752,9.256609916687012
english,995e028794f85b21f12ec5880ae7d8140e8c53b523cad6dcceee552ee4bd39ed59e266c62a70bb57ee2eab0d04acfc7ad71ba2edda18635b1e2f81153c241643,2,2,2.680412709712982,-0.596893310546875,3.277306020259857
english,99675ca9d5d92277163ef9f6529c21605bd10fa97f3be72bcdbe2214ccc5eb08f7a10b0f5dd42d73262400aa22ff71bbe4adb3e1c680a17b4da0c405a5e85176,1,1,-1.4529143571853638,-6.023857116699219,4.570942759513855
english,99c56632a9826deac9b2bad1a665a6696fe7fc7bce7f598fbe3369c2561582d1c1efe30b880d6730baed72bf39c0b8e976d636be1a66fcef07da59dece84054d,1,1,2.602910280227661,-5.650162696838379,8.25307297706604
english,99eff2a26dd921ba0702130d8ba09ba245538852f2b45112a6bc394bbd2a99b4ae826748a9df907ce7ead060ee31daa4b19c9a7b271f25e7a3e66017464a5893,1,1,4.068405628204346,-0.550065815448761,4.618471443653107
english,9a039113549fd273b31f5523e8062f2731c8e4586c70fe6b398f7399fff1aa84d20840652be8bc421c321e9383d4fb00e8bc25c556abab40152e93d583e287d9,1,1,0.5019053816795349,6.516801834106445,-6.01489645242691
english,9a53ba0f860d523e57d36cc7d2297416e0168dffaf95ed4099fb0eead4446761807ebfff8bfd830b1ab946bfd826885f018ecf7a7af0d44ef9c6af10fe7d1f5a,1,1,0.3409789204597473,-3.3816380500793457,3.722616970539093
english,9a91a00fa1c8844d761e0bbb191f87d023185b5eaa08a6bc2f4030e7f2604c4f84ecc8725e7a47df26158f1414a2b868368eba0dca8545c3afcb74dfb6d20400,2,2,4.251724004745483,-3.117599844932556,7.3693238496780396
english,9a960474622d563c86ed765228fde7143b4049625694ce700446aa3ebd1affc4b696fcf01e3d6be9d17f948b03538abe5e1e35bace38a2fd99d599dce2a542cd,1,1,1.757534384727478,-4.565320014953613,6.322854399681091
english,9ae3ca203763423542a43412e1cfdc421fe577e11582b8117669cfb1e608916cf62c06618fc6b6ffa8f07567b708c1035f180162cf3872fe5b99040426f692cc,1,1,5.209553241729736,-0.9255127906799316,6.135066032409668
english,9b19e3b15e1a152fd9c2056c1a8bf0da6ec79b30b93bb8689ca4168d1d6c2d4a6cb114dfe826ea4e164e36df8e80817db01aed7d7f8f3fad4219eef539710ec8,1,1,5.20515775680542,-3.93154501914978,9.1367027759552
english,9b382d095934302194d62e72785cee6701873f0228407ba9feb21f028f0be8a4df85fe3823e013ba8f5e3ccf27ac7b766b7e98ace29b7faa79ebfa3bc476237e,1,1,6.209045886993408,0.2473555654287338,5.961690321564674
english,9b90df6c08143f35da9d96f2be91c232e3b620f28c0a40556b25458a2c3b25932fe3b9de3872f807ec1bc35ce26a29d773875f92e04f96bf1de34ccfa63d9553,2,2,4.313014984130859,-4.40850830078125,8.72152328491211
english,9b9b207741cd4a9f3351cac570359ddea8577d766dbac5691b4d1211fb1b4d6f04b477abe87505e4b1b21382132e07e0805ee67a8d5a4f89de5a80bbdb0e2c13,1,1,5.587855339050293,-0.8272071480751038,6.415062487125397
english,9be1ead1cee12188a2dab24a35d02529554a6d6a07c4205a178ceac5470ffda986be41a4614d509ef2d9ce38175f24c6e44ee2e96202ddc886c1a1c375176cc8,1,1,4.64328670501709,-4.155317783355713,8.798604488372803
english,9c08dc6149dbb8f8308a5c383d34ab4637ed7fe1a9609e59d193cedb16c652716b6615184dfc6897be7e21f904ce1f1a9b58db97f543075f88c128f2c24da8b2,1,1,-0.5503190159797668,-5.891564846038818,5.3412458300590515
english,9c36ca39fbb5f0e1b7d04c76152d2d13695cc4c6681a7bfefbec9b33e68c6320185285db2432fabc103fa94ce6cfafa4563af166c77b845ded14887f9287a540,1,1,5.010354995727539,-6.085783004760742,11.096138000488281
english,9c82499fc2987a90c7d7017d371afc08f781f2c9f10a996c33240ea0af8e6189ab822aec63eb4eefa199bfbaec763939cd4d521c30ee1f297353d837af56183a,1,1,6.150321960449219,4.027050495147705,2.1232714653015137
english,9c9f9dccc7daa91a521fbafd9034be60b8ff297054102d2fdb87ba9209468736b3d3f387ea0712eaf6081eaaf986b10eedf03639a7dae6f842c4cb214e10fd43,1,1,3.1509625911712646,-6.028575420379639,9.179538011550903
english,9cb4c09780d97b53a59084b22b899c0a3295c1ecab3769ccf83905d17ef055f895159580cfae4b4b2bbdd634a38c4f74974cca519b3653e00e8f7fbe7d166c5a,1,1,0.1705422848463058,-6.132926940917969,6.303469225764275
english,9cda2749734101fae176bd7ebde6f70df1132f8026ff6fa988e8890244ba9ac8644f7da5d1a27545b25a495995fb38e86a0da9c0196950bcd920b6fdddc6e566,2,2,3.937490940093994,-2.966763913631439,6.904254853725433
english,9cf673ab7c386938cf09ff29055cb28272dd125f5a4026ec91886bfb313a254f69837c8edb09821aa2f6205c1696f495e33c1bb3be452a3ce6cb667d1bbda02d,1,1,4.526301383972168,-5.8391828536987305,10.365484237670898
english,9d57aeaf822cf699a70f18cb334c05f1080d61026ca5846e228240d759ec9883ec9247705b74116fe5ffc25b2d5437ef83b60f3dbb8b601fdd3e5e78bc651e31,1,1,4.758291721343994,-4.858338356018066,9.61663007736206
english,9db071da66e5b08a2abe0685a5f845403656201988e5785b221c48ed1333f97990248c8b62cede0628fac8a77ce4da5f3369ebcbc964bccfa6105243bccacdef,1,1,5.672933578491211,-0.4395998418331146,6.112533420324326
english,9df479096d0bf0c61d09bc4627b829b8a7fb5948b8381765b3a67e16f75770bba3f4421caf498de3f63bc0eeaf8b6dc177f1351acf2876149dcafe9879acf685,1,1,5.448225021362305,-1.0346156358718872,6.482840657234192
english,9e6707223d942aa738eb439e1d188ea972862c0ca1b345e4d4fa7c67fa8bb27957bcc175288acd2294dc57cd7daf8e7da8834e94702ed08c9ed2426e049e7972,1,1,3.92414927482605,-5.995116233825684,9.919265508651733
english,9e9081b9bdf3e0a0e94f318f3e7b554a6b04dfaa1ee799564e55a70099b461ece00fcef86aa34f02fc316ea91e1f1335ec8639cab1622560badf8924ea1fe858,1,1,-1.044796586036682,-6.021890640258789,4.977094054222107
english,9eb48b93568156e588fc8fb440555147c9f8d5f35b40949376d183eb113a2091c00ed17b4710c327f0e81c7b8a93e6d8d0dd6a4f4e3d35ec54e78f15e72aed78,1,1,5.766133785247803,-0.5919210910797119,6.358054876327515
english,9f2b9395e751ef4782769f152e94167863c2d2879a5871f4c917af7ad894e565f63f794b07740f55c6b83bc7c866f3a181c65dc9907bc55529d679249231fc5d,1,1,5.258422374725342,-5.398541450500488,10.65696382522583
english,9fda0c374f039f5515c821e5936f994c091c1a9b315901abb63a14a50ee08772dff631a98a036a8cd9e93cdacfd37f9d96759fe958923f564a3f63ae53a9c316,1,1,4.705445289611816,-4.625998020172119,9.331443309783936
english,9ff4603cbd8c8d06b2857c37ee056a54cd89bde33da112bfa27fe6393829aaf11dc2e735b5f5e55e6c4393038bf905299c1089207413541521fa90279559313c,1,1,3.9461545944213863,-1.8354384899139404,5.781593084335327
english,a008c2bbab02a3b00e5d284f1750dcda96802a8b7ddd5946fd672caae31ab48bf586944a29c675b7c44aaa14fc3b9bb3f4820c177cc7db550f9acf1b524e9bca,1,1,-0.4526581168174743,-5.624799728393555,5.17214161157608
english,a03911872e6a1bb38ba9476bfe58d1b97e15d4fcb701bd2888fd9fd6c077fb8297fb7e315394aeb09916c1c49a90f73c3f74f1733ad26aa701dfcca7ca51b2fb,1,1,5.6361494064331055,-0.0879649668931961,5.724114373326302
english,a05406a5eba158bcb40734bd3ad652d38bdd7e8514c35a5e2111831e56084fb06df244b9dadd705142185c2fb74a0aa1e3429632930935e7809639f677105f61,1,1,4.36566162109375,-0.340319812297821,4.705981433391571
english,a0c8e2723ce5107d9750aa59130cb600b8b81f4d01796d95d3ce91700595e3e49920c08d19dc304111154f0c1f6baa3f78c5d57a2259192f54fe4b946ecf7022,1,1,4.744873523712158,-1.2081764936447144,5.953050017356873
english,a0d75390c8b41580383054729cf4122b26bc196620e3f9d916831c63001b3e0937f14efe9ffefffcd303017411d256bb1e93dccab3cc981b2b28c4cd4dc1c6e0,1,1,6.114631175994873,-0.6010765433311462,6.715707719326019
english,a0e06ab030e6deadab4bb0e3f155660b8ff899fc80119568844a10b84155ce0e0a1a76bfe282be0609190bc61a595a7c6da49fc12d02a30c31ea35515a92ccfa,1,1,4.5075507164001465,-1.9924408197402956,6.499991536140442
english,a0e4de2befbd0c0dbcdde0f144f12d496826dee428264a75f6cfa65d4a626ade7eadd36fbf79cf2bb31d1da3f2587a208343b6d3c4cdfbab578fd36dedc4e15b,1,1,4.758620262145996,-0.8552494049072266,5.613869667053223
english,a0eef2ebc57b40edf9a0fa5ce6fc4dc6631d41cc0ac1ff74811ff1e3d0186484eddcafd78f4173d556ec6a272964e568ee34e43020ee27254eeda3b6c999363a,1,1,3.587200880050659,-0.992623209953308,4.579824090003967
english,a1117d336218c5f99bbeb3c5d8d8a00da3599e7252b1b8bb5dd6613e381b687973e6f78e8d3992cec50a3fe9e6bcf4f3b74b69d9a2708eb187a9c7891ff95ebd,1,1,3.212181568145752,-0.7066023349761963,3.9187839031219482
english,a1573f20b82d1823b5a8db60e86c33cc97b7f9218ef77edbb9526d7bc1d4fbfacd6c436ea0e25b86a5cb79c59593ca09407b67e2256d712f76912fc86c8a76df,2,2,5.654372215270996,-0.7042405903339386,6.358612805604935
english,a159ff4505d86b648912becb5d1f40824cf313b25dba3ca1ed18c7293a524c3fe980b3d0ee7074e072ce61a2cefd4ca60668b302b4a58e9eeb8ee636c1cb2474,1,1,2.840313196182251,-1.1750568151474,4.015370011329651
english,a1881aa7f5c8a03355c575c40251b3a2a987a6c86522bc77acb556a0267e5190bc3778424c9846f9e73c372fd67fc131c84fd484e072d72c15e29e59606d9c92,1,1,1.5005027055740356,-4.3678879737854,5.868390679359436
english,a1960f07d823fcb9e8eccca859b92483011823383ed30bf4493ba24237cf283f0d0ab396f9094d310e825006f8480f0bd0cd5bd867bcabc45acce93a3a8325a2,1,1,0.8067924976348877,-6.089513778686523,6.896306276321411
english,a1b06cce25f669d9b44f142b6c2561387513d5f91ea7a02ebe2fd4f89a99da110a4a6dea7a90d720b2c41e1399b574dc2c45fefcce800d5b743dff802f037345,1,1,-6.009629726409912,-4.098565101623535,-1.911064624786377
english,a1e26fdf1481c1d4799055bedaf67b1cc8668e9b3ed5660b05c35dc6d8fba908d8b9a87870da14e937d71bffaa8ce5f211006490e23b6e9fd148d8bb13ccbb77,1,1,5.289234161376953,-2.521492958068848,7.810727119445801
english,a1e7fcc70c9f31b6eb8e9bbfcc7d0fa322f45bcf0c1d2201fe29a4018aa231027f4477263a3686dc59ea3ce1bf0dcfbdeaf5f5383fba83ea71f0fa129fe03de5,1,1,6.305522918701172,4.132013320922852,2.1735095977783203
english,a22721fa679ec702c9306f00becf645a864dbbe305fe6ff39e01e9fb780ccc8ad7913af19c3f1aebd4211cde70ed4cf17e23154c65125df7bdb3adfe3be7a2bc,2,2,1.8133201301097872,-5.263379335403442,7.076699465513229
english,a2576ccf04ad8c0dbe2b29f3843c1ed984d8bd91480766f4bf99c933d99ae8d2b32afc34c7e185b06c2b16deae4fbabb8030906be2455973e2d85d92b0afbc6e,3,3,5.328598658243815,-1.8324630757172902,7.161061733961105
english,a2643cb681b7914ec83b421f816f7c3ddbcbec003008c8983721cd73503c4c5b52a775a74e514a873a66dbf672f71d198616b448ad67ed4a00edee91c06c368c,1,1,1.9279544353485107,-4.2970709800720215,6.225025415420532
english,a26ec48a5f949e4ab6bac3205e8cf1592492142d728cab3adacee963c79d847085c220bb58a8e349c50950866e3bb106368c5768aa3f3b865f1225466cc15efe,1,1,-0.6960878968238831,-5.47864294052124,4.782555043697357
english,a2a22d751c2843ab999936591f3b6f94656a5aa1b21bb26d2c3fc105b934579966c219aac6c85f4157974d99f90fed9479d21c5c2342d7a2d0e80e711384af84,1,1,5.255920886993408,-4.70864725112915,9.964568138122559
english,a33782132330fc941b615d0f8adb052f76e3fbf97db0cd6315c66aeef5035e5606e448d813c6d5f99f89ab8c6aa0bd9ae28e5b1df2ceaa77af9f7226ff95e3ac,2,2,4.915607213973999,-0.4279998689889908,5.34360708296299
english,a38c683ea3889ad8403d1d5920c1a8673c206145f16151267d0efcf470b032337bbd162e9f13ecf16be07c4628f90ab8a744b14792366a5272a726ffd97ecd8d,1,1,4.792361259460449,-2.4500622749328613,7.2424235343933105
english,a41b49f8d6eeb4e645b0a2bda92ae9eca9b7e1ab97810f77041c7f813463519cf45983f4605f81d12857a23d579b70596d00e8a3a7563aa10d42115fe3a73d47,1,1,5.083661079406738,-2.729001045227051,7.812662124633789
english,a468458059ab4f4db90e6a029dc17dd39d18c78c4615f90b912bdc166c818043864b79fac2c6a159e9f8a74d6ab81a4afef4b078fdb3719a58345a8f98caddaf,1,1,3.482877016067505,-5.756801605224609,9.239678621292114
english,a478ada9cc2b5c25a23939987583624bfb039ad544b09d229a90735f3c1da33191c627aaf24789e0d1e2bbc96de65cb394dd326602d341b1bcdc8fa1dcabf166,1,1,3.572427988052368,6.557792663574219,-2.9853646755218506
english,a4af86783d53105aac4b6b62daad1f025209812be5334dfcac32446b7188f7d3e3d27e9a922472a79cce05ac99670fa5c040b97cdfbace708453023f449cfe4f,1,1,1.732303261756897,-1.560896396636963,3.29319965839386
english,a5e66746c29d73af3c819921ba2da9d5def979742373d444c226e37abdf7a0c8db4f2ac699d327289e9d6246272b6a0b2665f3538f7c5d6b3550961dc3a4cb08,1,1,-6.148835182189941,-5.676348686218262,-0.4724864959716797
english,a615cd433b46fc7089e4ac8cb0cf11f1a9556fd859ca452c54dd934b277f25d083b12d766390e7d639bdd9dbf1dd1b8b744ac39559d16cd3e8f9568abeb26e76,1,1,3.586200714111328,-0.5311843156814575,4.117385029792786
english,a67ea11203bf123fcd175858ced893c999654827e1be9016973959723c52339bcc804a4b6c052cf0dd3c0b189fdb22207e8a0bae5e2f02245083c80d76d730a3,1,1,5.303993225097656,0.4844375550746918,4.8195556700229645
english,a68fadba7d3da3006c0133368483ecf2a26b1c369333435ebeb962dab9fd16d2f5d57404f1da0d0a19aca63b3c56c0c74eb6399d6f441bb8c042c61526c48dd4,1,1,0.8320807218551636,-5.830677032470703,6.662757754325867
english,a69b78a5b405ec7ecbc99ce1b2a7c8d6a27d871eaabfa4217f9b59125c9a0f77503f07218d5ec5f14a6da2006ddf8e3af363ce4d017b468d0a7428dc2ff30d66,1,1,4.379052639007568,-3.724677801132202,8.10373044013977
english,a6dfe0e31661197a82a0558dd1eeb2ce3f898d4cbfc740cf28766768e8fe5901cb2fbdcfa2b6a980993832d144a8a1865bc69af3ddafe929f660c90b23d94fb8,1,1,6.226702690124512,1.524736762046814,4.701965928077698
english,a79053332666959d49c7f1ebb837a28ed8ba392c55c55ae9ff8e23ed1f9174612470eba3342acc09f9aabba6ce43eedeceb4a6d08a636b7da04abe058d03af3f,1,1,4.568498611450195,-6.025521755218506,10.594020366668701
english,a798343b00e21a66385272fa92340119e06451802053a00a7603841ffbcdba96f2e4fb79a7347642466cc2d446e926e680e7889fed915a7e72604f29d49c5fe9,1,1,5.117400169372559,0.4649608731269836,4.652439296245575
english,a80be13481df881b71ccfe94687332be7cf60442b14de11ca8619cfb813fe03c9374789a36cf5aff8b50740824ac23e751ff63eebaa2acf6e988c7580b056267,1,1,4.243584632873535,-5.930139541625977,10.173724174499512
english,a8442571919d50789e5535ed9c5c0ef347a00ff065be1771dfbd75cf9a086e20990a40825c191717d3733ee3d1e1964c1ea296b6700e37b14d5a286b0f15006e,1,1,4.398913383483887,-0.7031592130661011,5.102072596549988
english,a85aa03c89c431793d59f0b85b64ae4ecf2ac5499d39fe90eef2c838577f8df4b9fdd8b8273467e369fee60d78660990ed7af0f2425ea962fe611aad0b372c38,1,1,1.6613519191741943,-4.865756034851074,6.5271079540252686
english,a8605429f7f83bf6342d6892d38eedf4ee690e7d5fbdd49907f539b0a1848f48e8d69651c505e8c24e3f2362d18a4371a6ef5919023de5e2f8f05a6aec0d1fee,1,1,3.909024715423584,-4.971950054168701,8.880974769592285
english,a86c9335f90a338b6316d8d2458f24c018ff96cc7a3955154135ac74b16bc14f141117cbc072c019f3006b5825b692a8172a56c436d2c9c4f50f591253d89a68,1,1,5.902857780456543,-0.6692540645599365,6.5721118450164795
english,a8c5c2283ea4483a0432b6c873fa8da914fa71e51a9eb6e8e20f99f535051d0fd7a8eb0b941163a37544a09a38ace177ed777ce2e8407a3fd4ad066b566ac026,1,1,4.071579933166504,-2.4608843326568604,6.532464265823364
english,a8c86cfeec74eedd254c694701c43c8abb0bbbc5cfc8239b7fbe8146afbf813876efb8a5de6722a153b85514d3fecf60b8cbd7715345a732e3667d553c112e45,1,1,1.6202679872512815,-4.056680679321289,5.676948666572571
english,a91353e64024852cd001d6fe17a31bee8c82d1f30376155994ef602a2bd387b40b6befd84245937a0e355121e50dce126d77eb2fb6d709d7ae22eea7d6343c17,1,1,5.127424716949463,-5.844642639160156,10.97206735610962
english,a942a99db0a31c334859aab7f8f8278eb3d69f3d2c08df1936609711ae779253e3e750550948ac65e2897cbd31418c48315fdbb1f002bf9040a73660f9e75d19,1,1,-0.1608664244413375,-3.54163122177124,3.380764797329902
english,a96281f5e2805ca59660e7caed1d355893e2cd686946a226be44cc38ca934495f4c6511a7a5a72846e09495d7792e66bacc43d933f92b05431f30c2647e8cffa,1,1,1.696466326713562,6.418758392333984,-4.722292065620422
english,a97730f86fa90560ae105669364412a9ad393b32839d0151236604af188212aab60bf5168a7975fdd0a448dd3131543f5c0032e737a7164b41e9d9d85ffd6660,2,2,-5.258967161178589,-5.827900409698486,0.5689332485198975
english,a9f9dcd9aaff87741df3ed4e72e055ed390ce2b88e7c13dde116b33ec01c291db3eb287b9e3f1b87e359c8a957f59b44a9297811c50cda231be7f86a320b89d0,1,1,5.4377288818359375,-2.3941779136657715,7.831906795501709
english,aa0aa6c12cc130b987cfe9a9eeabb0f8f068db30cf82656b3a1660198c6f4b81ce65c5b9a67879d29bb57edf3afca3538aab1ad0b2b2f6101c7e9e798b6be56b,1,1,2.378072023391724,-5.695346832275391,8.073418855667114
english,aa0e926a1b5b4f9e38599c533beffe173e3c0031f2aecc94aad4737e575f93dc519ac5f730913e21fb3db182326a06ade5c8e140fc78b5358b7e5203cd04e2e0,1,1,2.3224339485168457,-4.860296249389648,7.182730197906494
english,aa0f68e3a1ecd7edc3bee027c59d022e2c9c21c643d23c2dcb5ec38175531e30155b5b8b5783f5af0d1bbe4c99aaee82d28e4dc2e711c49f0b780b91ca0fa613,1,1,5.770620822906494,5.036111354827881,0.7345094680786133
english,aa229274711f2b10e408628ffc5e5ae8758bb022f781aa61aa61027168aeb5027656f2fdf8e94e3a5211e4fcfea5b8447938ac0d24c8002b175fa15f589967fa,1,1,-0.9802200794219972,-6.029808044433594,5.049587965011597
english,aa308a6660bba7cbeccf02b5d203d0bb01e43d9526e64699e7a05d7fa61950840ee499dbd298f88c874ea183fad157665a2091e3b298ae06bf95a8de9b96618e,1,1,5.901947498321533,-2.975433349609375,8.877380847930908
english,aa60cad613ee216c697b0d33d27e3baacff9525869b8e4e5d4f29c8c8a7b2c9edd439038e21c16b0fe21bf04a57eefba0e9749416a1311449dcfa86bf588423d,1,1,4.214223861694336,-2.2830395698547363,6.497263431549072
english,aa9941b68c0d09069571c0105e601b61631c79ef1c9e1fa6bc2a7b15bbb7e1cbae92efee9449f68e4aaa4219b3b897e0382b39a5fc689c6b7bcf60bcf776dd22,1,1,3.292231559753418,-1.9990609884262085,5.2912925481796265
english,aa9deee85bb83d18aa6c383ff13982ca702c8b2905a98b10c198120ad619189d5c23136a85b74aafdc67532f0e8380387a444987c72a999d2cd1ad2e2b1235c1,1,1,4.592390060424805,-0.6592860221862793,5.251676082611084
english,aae32c1b58fd466a64375b1bc8f2edbc8114c7d9d304a6c136d3551bb217f2478bb4b205f6ecc623f449f40002ed75364f231746243491a0581dcaf6a641ccff,1,1,4.908652305603027,-0.6263814568519592,5.535033762454987
english,ab0a6e5aa9103a870766bd4c2c3f9515ce145b252494b279d93e5439455859f3c9613b553abee80316486c8153b34c42b68c323e119e547c5f62b75a6030d192,1,1,-0.9726468324661256,-5.960284233093262,4.987637400627136
english,ab43bbde8dd98948b7e6b8393d966519e92744fd96172349c9d20cd1247a67a9e41415818b1ab8f0c456d23244cf15a1188a078707b96a3a8476783890c4a42f,4,4,1.6055175587534904,-5.27437961101532,6.87989716976881
english,ab72e9ab22713aec03a3189202a0713e56016ea07569b3041fcd65d77c9eb3f8c692f7ccaec75c16bbc62476d528f434d829193994cf07fcde9e3b1e4a2fa93a,3,3,4.564740816752116,-5.876395543416341,10.441136360168457
english,ab84a621f52d398150ac593392424f8d99e265cf69a25aef10d8222187d4da096854b3302504ba3e568d2febed4234eda0d3c85280b58ad5a2c063e82a8d3379,1,1,5.15471076965332,-5.878884315490723,11.033595085144043
english,abd00749aa0419083c2e79c2e176963117c2b8dc3c54d1f939de48d899f1e5883d43891d3702745e6a8095f14a37392e332ac9e86c0a1de7b06136947e079be3,1,1,1.491917371749878,-0.931440532207489,2.423357903957367
english,abf6f2930167fc56c0a38052e0e4d22ad6d63ae70e455f6b458d283e3bb03588e0f3c488becb27d2c14028f9ed431c68666691e2cc5e558dcc4d2759dcf634ca,1,1,5.8665266036987305,-0.4358101487159729,6.302336752414703
english,ac033bcb388b843d9826ed30f7b6bcbce5f9e8202097f796c10aff8c58d5e766bbb828804ce3d725b5354221db9b376d486fc0248be1e565d70f6a9bf77701de,4,4,2.770749419927597,-3.8348298519849777,6.605579271912575
english,ac607d4aa0d8778ba8fe8560be64554c5c14880f54b28539f26c2f33c1513ad6e9fb90d8d55b9025b5a11e620091f06f04e3da30536714ccc0fe22f25ab98559,1,1,2.0166826248168945,-5.781062126159668,7.7977447509765625
english,ac6c32f959398d495a2bd3ff3a6d7b3dc0f9700ded23aef5f248bc799b3210e84b90cf8eaca63f0bd7caad7fd8d2f1914223a32a39085381242d0f0b0411ce5d,1,1,0.1622259765863418,-6.008108139038086,6.170334115624428
english,acbb9fc5829e3def6fd0435189e6ddfd61de2c61bb9c9f52eca4825f70ae4cd8218bdf2c59218ac040dd93dcba34a5286b6678a1928cae7c4c80f93867347367,1,1,1.7441492080688477,-4.36789083480835,6.112040042877197
english,acefbb332db5ce3a5176cabcf11976d544177c9cc2aa0341e37bf9831b07b0c93eea6bfc53d97214ab261d1debb927bf66afb61c88db722415a5af6545b5ed9d,2,2,-0.07920855283737194,0.4147167205810547,-0.4939252734184266
english,acf53b4cc2a7852e3ea4e73a29ac3b6d5b6bdcb83fe87da87596f8ba8a09819cba272a628dff0d0d4f7ce084919f40d1ce7909be34c50afb5ae29fdb69597b6f,1,1,-0.540762722492218,-6.042698860168457,5.501936137676239
english,ad4ea5a248f0236960d7c174e58c9a233c9e6bd037ec2e2aeedb5ea7d35840709636c4f84e413694d851337c2f815ed8e92c171d4a5586cf6b6f45627255dbc5,1,1,-6.0395588874816895,-5.8827972412109375,-0.15676164627075195
english,ae13a4a776cf3019e7003e952cb2def0333cc044ddab4e84c2d9e900baad18d586fac6fbd80404141c91b0accd3bab1dd663aa83b10a7de6ca3a1064e1a8a39e,1,1,2.466866970062256,-3.2652013301849365,5.732068300247192
english,ae2bbec69aab1485eb55e2aaa2ed856f5e6288752532928ff41c9c832644b3e042b7748c95efa842645fa5a7531866abf1d9325ed52d74310c7abb88c4b738ec,1,1,-3.337842464447021,-6.035146713256836,2.697304248809815
english,aebcedca97d4dfba67111773ff08416107789ed1535a4fdefa8f75d7c4feeb7f9f26283b32a81371ef2ae11107f1ad4b308b5dfe0d3a8bdb9b7be22c83754d4e,1,1,4.949463844299316,-0.9629782438278198,5.912442088127136
english,aec0db8667fd63471da924559b9c2024ef9b7362db5d7936a1ca97a6d9534becf2d0aabc2a8750e67ddc44c02e9865565be7c5bdf4c944d9a12353a0c4a1bee2,1,1,1.882571816444397,-5.996518135070801,7.879089951515198
english,af12240a19a64ee65e1e26e430946b19146e3f0b1576dd24b0e242423648c09fa1dd893dbac201f21648bf1996592f8661689873dc9d81c9397f08516d49af1c,1,1,3.529172897338867,-4.386308193206787,7.915481090545654
english,af294a21d920e11013661f4735c1ebd5df298b0c73074b35ae4c3ea490ee8e630766fc629741346f123353256859ef7d055ee8dcce07e48a091cc8bedec671e3,2,2,-0.9045774936676025,-2.956936538219452,2.0523590445518494
english,af4bfcfaac2460d8d4996ff7dc391af46aa8e70d55a856ae4c0e7db109a696ad0d0c6497757c9cd16acafa82703888477d745800b9c20a714fb519bcba467f4d,1,1,4.09514856338501,-5.9529876708984375,10.048136234283447
english,af63476850a1b9b0a2aec7694b0e840aa6867b5173e653327f0ffc2c14c174afe59393316fb0d1b8294f17115196d9934d34edfc27c2987422c7cfa78cf1dbef,1,1,3.025408267974853,-4.9105610847473145,7.935969352722168
english,af66a3ec730ecc5126f5ff2770318ea1f410edaf4f64d436614b1cb8388849f9d2441645fe8c54666911a8e146037b5f98fe5aa138f016a76b7c387e57121102,1,1,5.444944381713867,-2.917078733444214,8.362023115158081
english,af9c15b78f47fc932ee4a2fab15488dd4295f87b2a3359c855aad4f383b20bced882b0bb7ffa51fe7a08897bcd7370705108bb2cd7dd3919806d7d39f2209c7f,3,3,4.447774251302083,-4.023016651471456,8.470790902773539
english,afabb771d70fa7e22d77f0a5722e6ef736236fcc635836efcd7e6aaa2f84233202abed349809594be11a7bc0b2dc6ccb060bc1a029ffdfa1fcd5c307ca289dc3,1,1,5.713628768920898,-3.4371225833892822,9.15075135231018
english,afd0e736eb59ae41d5773ac2acef8b1ac029c151a342bbfce1c9b9cd381331515bc4449ee2a47e4b2d4aa57501f9ae9356bbac6c9c4d1b6a12277fd2d1f7b22a,1,1,0.248848870396614,-6.108883857727051,6.357732728123665
english,b00573e8183d0e309e85451df0fcf2467a17a1a13174021062da3e4b0f13cb8a2e20cc3fe2d13e76f2ceedf17deaedd5f03f57a4da5e1cb608adbbee77dac7f0,1,1,3.947359561920166,2.0116567611694336,1.9357028007507324
english,b0293c99fd0574fed2d4c0bea56853edc44cc63edc57a2905ac282db2893094985d90b61b5964ef057dec1daa2a42924ba1e4c6dd8d9737fcd260f8270e49401,1,1,2.559025764465332,-3.361513137817383,5.920538902282715
english,b0e92d077f3a4e88f4a03ebd7d5533602f612afcc83f5e13e651d275b205ab3231bf68ca7bd299939ddf2e3b439cee5937ac3b02f25c878179e8467ac1cbc66b,1,1,-0.6306455135345459,6.00827693939209,-6.638922452926636
english,b1269dc8d0e02db75f8a7cadb9b3acf905466aeebeca01ab84fccc333853bbaf8c55b3542b334080695865fa8e7e6b092b132667c110708bef83b1599f00c485,1,1,4.50827169418335,3.035881996154785,1.4723896980285645
english,b15afb2e48dfae2b0ab41a1438127545dc8a674a77c00454a5af7375916d4b259113180dd5a41012dff51cf00b1ce09f2d2957278e105d3091ae1522ce487503,1,1,4.090879440307617,-2.135582447052002,6.226461887359619
english,b15d4bf1cec79fab48b4b54ed50287b51593be2f5eece61b2e8384a25677e1c5a981559fa92dfc6b32f78906e4bc661ab51acf779451c06bd827987f0a2a6646,1,1,-2.613055229187012,-2.822793483734131,0.2097382545471187
english,b15e81b74f3a01152401371744ce17a419c45a9415478075dd9d5dab5818374ad025c732871b55b1d5242f40357f577ab2dfd02950081c195bf04dd7b8aa7910,4,4,-0.2521701008081436,-6.034193992614746,5.7820238918066025
english,b1dfbc59f9db853b5b51413e8fb59e531f81508e1eba6b48fb94e1f19db65adf6c1903c2f62d0257b989e1e80d58e8e743eb65b999affef8e3677102e89072a9,1,1,-1.2492942810058594,-5.606149673461914,4.356855392456055
english,b1e9a471dec6f8c9b427331c8c814ad92b1ec3eec08f146ab503903370f7a7b7e4531bc90616c2ad6d014fa2fccbdd81130e9783db727a67638e065471ad8111,1,1,-3.0987770557403564,-5.180922508239746,2.0821454524993896
english,b1f0b30b0dcf3134fb8b9b30cc035d68eb8725c323d49b46e983a9f0fb80479d608d0799c46c97347b1c10faf993e97c1a9758f8541182146e0a3d79ee9a41df,1,1,0.5416329503059387,-5.416598320007324,5.958231270313263
english,b21dc0eecff2a84748f469c5fe062c9c81a94e85aecd943288f52eb736af8a1b096d68c20890fe7091ba7360ac8a876c07cf66be0eb1931be75ebfca44a06e41,1,1,5.464164733886719,-0.3882525563240051,5.852417290210724
english,b26466e216cd2e3f47c3ca97fb5e55326fc117d171d8bbe5a3c996542a403adfd1c50887fa104aa017c1f31230dfa6610263fd060b38365fc274171e77664690,1,1,5.814568519592285,-4.153968334197998,9.968536853790283
english,b28b715487d197f1f30608455a2f29ea4935533c8648a173f51f5d6806591d024d9dd330a05764d4ea78c2dc4334fc7c796798158151e241f5e3820bf900176c,1,1,5.514092445373535,-5.57003927230835,11.084131717681885
english,b2e6ab6e09902afeb053f1d722553671229dcae0a113aa243831db452f4c1dd9e4155c9f5d66162287a27a8d0fba082e3bccc5f366b325cb293d1c60467e2b64,1,1,1.6292794942855835,-3.212017059326172,4.841296553611755
english,b36f2e4225307f7e16b7b71c74862c0b5c57e6f285e1a9a3a3a7b03dffc931bd0e9b16d780826ea9f04ff0304d6132588b87fe6ad9ad410fe66207a8d6d7fbbb,1,1,-4.019367694854736,-5.520716667175293,1.5013489723205566
english,b4114163d201648cf53ce6a9ab272fb0eb9c67a2de937c78927bec4f05255e832b35286dfc10af1010441343139aaf20761175f488ad27462b6d76135eafdda2,1,1,3.981903314590454,-3.7962491512298575,7.778152465820312
english,b419faab633f2099c6405ff157b4d9fb5675219570f2683a4d08cbadeac4431e9d9b30dfa9b04f79aad9d8e3f75fda964809f3aa72ae9d0a4a025c59417f3dd1,4,4,5.420965313911438,-2.8476945757865906,8.268659889698029
english,b46d39377dbd8cdc64a32072992b3dd64598d10d56ae41b2f35be11a4f720289768b4202c7daa085552bfe06c96a8021d8003f59bb76d628585e962934f683b9,1,1,3.185311317443848,-2.1015191078186035,5.286830425262451
english,b4e19dfab5a3c6f229fea93118d677dd0b2bb61418fbbeb4eb7a28dfd3d34c49268a4893c5dcbd8eb4a8926a2dcb560dcf2f34781b0a6b5fada53421203903ab,1,1,4.930217742919922,-1.917404532432556,6.847622275352478
english,b566d9a197fe3f8460c3a8ee231144d01d514f398b3ab48cd53e54f50d6671daac5f3af85095f0712d3df583288dcc70764aaf445c5246a8b1e90f1dc2c0d241,1,1,-0.5353484153747559,-5.2278547286987305,4.692506313323975
english,b56ce5c4a3fa8b8f8f730736d5cd10f19915e92fbc63d121679a541cfd3a225d584bee330df7fffa2a5b270449c780e395e4fa46e685855aec2b511dc7dca104,1,1,4.971704006195068,-1.748184323310852,6.71988832950592
english,b576116e091d7fea2d297c83cd3f70b6d318ce0cc2b92f5c76340a3a3e07d1d58df1abec9467802cab25ca2690be3933202ed851e74c01a0ab40a12b95a05836,1,1,-3.336465358734131,-6.117030620574951,2.7805652618408203
english,b5c9bb77e34f76e3130ba662c4ca78975345e97102b27b4b0fa1c4e4780e078d0487746e577e24531eb5370dd51cb466d469a66dfc378b61001c198fcf9c8756,2,2,-5.811063766479492,-5.956016540527344,0.14495277404785156
english,b6191b8f233a0fe308d12932820b01858b03a045142a0fd819df2a761f0ccd7895fefbcee8a8bc14ea38ae43feb45cd02e9f79f8f000a2ff1e5841caaf504e8a,1,1,4.852321624755859,-0.475588321685791,5.32790994644165
english,b6245332d4bf33d8f3e5954b0839a1e36dce401840294260f16179ee3e9441deeb35f84aa146309bd113a647baf7ef33a72d9616b56669187c6ee4de014651da,1,1,-1.7294052839279177,-6.069722652435303,4.340317368507385
english,b644ae3b2f82a9ef3f6143326617509097ed4337fc0123d4b854be26cbcfba78bcc9d370d1272c725e15370c6ab4220d608d578780b592047cae1edbaf1d7d0e,1,1,-1.9182937145233157,-5.975366592407227,4.057072877883911
english,b6fee361fe4439076b9e8378ba49a14b86f6d27bfa5d58d92aac1423dddd7ce95bede4d93ec7083ee68ada1049ba2f7aba6f727375d54816e9b765919f18704c,1,1,2.1590287685394287,-6.124507427215576,8.283536195755005
english,b7670846fa6efd38a44122516753f129a04411bf12e5411d114f0ef1a9e74a57a248cd9a77b105a6207e7a40036a75f910123be3495bcc6f123a0afc86f63cfa,1,1,5.386649131774902,-0.7415443658828735,6.128193497657776
english,b79788da7f5b198b99c1a0aa8c380faa4b3db54541bbbb8d1108965ae3283a6a0eb1994f28e3421a313f48d2f2cf2c3037f3acc5cfa2c64125f807ffea933175,1,1,3.4292759895324707,-4.271585941314697,7.700861930847168
english,b7a06485b66ceca8f705861fa9e7a4cba67430ffa115ab2ade662d0565d27d8754c7a4061f48849742776c92efad66ade4a648d25f20b3f560ab663f42256d4c,1,1,-2.463285446166992,-0.5949852466583252,-1.868300199508667
english,b7a61d12e5df27da729ede26093609d5a904f3f3518089a5ab5e55f991d095245fc0db9cf4565ce408507d37457b06fdeca27b03c1bf4ee1f50b5d65271dfea2,1,1,-1.1742397546768188,-4.716032981872559,3.5417932271957397
english,b87dd0680063cbd3dc57f5b9b20c14f020f511c3f18467d52e816db909dbe2be05b8ea36a4bca91179503817a1b093a9e6036abb514c6ad1aaf1ffa71b3d32ce,3,3,1.0837382785975933,-4.201616605122884,5.285354883720477
english,b8bcffaf1cdebe1d40027bb0d73a9fdaa37b94869cb64497676ad5880a74d854049cd7df22095943f92555722e8be24aabf074e37c0f7fa7831a9892552709ef,1,1,-3.126913070678711,-6.102530002593994,2.975616931915283
english,b8f3f43a6dc3d1619720569fa59e7065ab99c2b26a7c98d17f53178289badd79eb2be4abd6cfb2e15b46e447e53d773d8045c0928fc340b575ff1c0199ac99a4,1,1,2.482280731201172,-3.513524055480957,5.995804786682129
english,b8f422899ba904a601872eafb38e3a69597acd37b8e25a576e063e372b7e2dfc85ca8975f1c77ad2f133e719ef3b1bf119f71eab8d1bb7422dbf27052d871b4d,1,1,3.988983869552612,-5.709017753601074,9.698001623153687
english,b91749a4dc04cd412c5f85dfd0d53e4588a23ca6033fee0a3b81099a9fe6f6aeaf0ef42e2a10fa6ec926526e26cb7bd813e3704a4a9d8f534228930b3dfa171d,1,1,3.3968729972839355,-6.0874786376953125,9.484351634979248
english,b97b7d9482144aa5c53f3e753904dc0d24469409e24e81217d07817636a6c26a69fd2aec9b1b7f89a5eb1efe7089f843d0fee0b3c1ed16e021b928aad875b1b7,1,1,3.4983725547790527,-1.063822627067566,4.562195181846619
english,ba370fa0682c4a54b45c42b321b98accc7e07396f54a5b1fdd41095e7be86e0830481f720c9569f6635ded3d9815c453b269bd1a7de379b14f8aa0ba4fca86b8,1,1,4.654694557189941,5.084335803985596,-0.4296412467956543
english,ba662c80ff1af13a3e7e615f903468f0d12859a6d9193c9dfc9669e854c70df8ac9e59d83a255cc240e08fe9c681db1ab62c8a3926d2a11b76fefa7bbe9800fe,1,1,3.809661626815796,0.1801146119832992,3.6295470148324966
english,bafb31f40d7dd60848b3342d29d6d1db7744e62ab7997c34c1636bb530f83c85e859b6ac658a02fdc849169338cacf4d028c05725e9fb8f6b064cd5a9019e4bc,1,1,5.591598510742188,-0.9147031903266908,6.506301701068879
english,bb11b3d2b69d5c672eb4924af6bf46447a193f29e08ae1bc0a834a271aaea698c9ab4583bb2cfef9d18d10a4ac043db1624968a1eb5fe33ded79f7e4e737f31a,1,1,-0.3828129768371582,-2.828689813613892,2.445876836776734
english,bb1e5d029d2b0659f0f23e3793bc423c57fc559941423ad259933a213e0f089c93da9f588d0369985d859e480cd9d0abf0dd3c2177e1d8bc9ba7a3da4c2643de,2,2,3.298727512359619,-2.355208694934845,5.653936207294464
english,bb65f965901ecaabb77348ff7ceb00d32f53ae3ad115600d46b83c83ca7413ebb0b7269525cd57343e61959e4a92e44797dd6692eb0bf003973bf1982cf156d3,1,1,5.221434116363525,-3.111877679824829,8.333311796188354
english,bbe3ec9e9746fdb7a9d059ce97343c079109198568ed03e183091af91b3f292be302728c554c23502f21fe4f788a9bebfae3c1155df03f1641e1940489d1457a,1,1,5.467948913574219,-6.071544647216797,11.539493560791016
english,bc27b1e42318f9c3b83abf8606eb98b57d5ca7221977b3be27bea4911ca7197492875b731e422436b921b5886a97f3eef1fc49fc764f2d81d9520a2cfa9b007a,1,1,4.480040550231934,-4.359624862670898,8.839665412902832
english,bc5a71e9a79cb49f68661c1eaa86abe855b84ed3f880445aaa45ac909a3040e2630a5ba3deeaa5ec5f6aa890d75410a52d06562af517b286e67b2cd539b3f4a4,1,1,5.714291572570801,-1.440093994140625,7.154385566711426
english,bc6842f7e140397b505f5329aaca34022b3f8e999b01e0436bb66dd3a21a5614f7a4f9d522b37d41ea0018bc8323781a97b055ff458e3bedbb436d5f292c7373,1,1,3.243992567062378,-3.369063377380371,6.613055944442749
english,bcbcf2d9d8a56ab7f08782b30a8c3302a0f996ade98ffbde41483fa09a8fbb9cf254b15374d0a1a72c51bb75ab9f2cbe8ebc5916d8e5832ef0eb5c43860f71d2,1,1,3.794846296310425,-3.4633734226226807,7.2582197189331055
english,bcfe8f68519f7058543dbaf7889003d98a2ee3d2ba37c188d5e1ac88c9935b989b3391ec56ae25949d9bf4a44140f4e4cf430c1a8b49084141e7e6bca4ff48e7,1,1,0.3245941698551178,-6.060349464416504,6.384943634271622
english,bcfeb2775640cf21f07a20a958b64bf3a2ddcde094c946fc63d6dda9b4716e6190b5c986495d6b75283287815d593209ffcb941bbd5003381e9370fa8bd86050,1,1,4.747306823730469,-5.463987350463867,10.211294174194336
english,bcff2cf641b29abfe0e45b124cebb4ccd7d96bb5fadfd40363037e1164a90a5b26549f8357ab574d4c70718b311f06830ee1d10ee0f7a2fa059816e5e9a2dfd4,1,1,3.3097801208496094,-5.953823566436768,9.263603687286377
english,bd3a04f4d1f1e2e4da8e2f340ea71e5bf5de2b72ea9f7e87c230debeea9d1978c1f9841c07eb82f1712684df7dae6e817bbf9b95063b70e2730b2bb1caed7f25,1,1,5.709978103637695,6.549887657165527,-0.839909553527832
english,bda9735882bdfc8cf0e13de4675266e9206c1f8450689f29f5329c87446b07fdb83a5c57963d724d07a9a1cc25c800ceb01f9f9bbcc1da489b3ec1fda8c377bb,1,1,4.571605682373047,-5.976079940795898,10.547685623168945
english,bdb9e7b61df6b42158b76c3610b9209b09e9c9dd62eddd23c8957bc48183d3bd80dc450d0b44de874448c394e28becae04fbc03f1c9c2db817bde974ee05436e,2,2,4.341894030570984,1.0820352435112002,3.259858787059784
english,bdde3969049e54b39619b71aed67742465975208798f32ee76863e71ee93354081e0e0098fa3e85d0c945f3a62b69e32df1074a275db736dd23895a023518b2c,1,1,5.759308815002441,-6.004868507385254,11.764177322387695
english,be1640b4c794094904729c08e5835176512d09ae1829124f574dbc1a5be79df263fd758710ab673c3ab7d9a9e42eba83f3e8900c501d57500475815b8d072cb2,1,1,4.423263549804688,-0.0619680471718311,4.4852315969765195
english,be23dc498fd25333eef1f452d0f12ffa622fd31bd261828ed35c1820aaf944065649dc5371b28e19d056478206e076dae38a576c6d78ff7247c158e6c7905b90,1,1,4.479501247406006,-5.50447940826416,9.983980655670166
english,be9a9a4bfc1540abb8c248fa73f7ec3dfba25406857709c866cd8e98740fc6a25c38bd050d88844de8fd2b0e358189ee8b9b8250dcbdf1bd3b57305f8bd2841b,1,1,3.492248296737671,-0.5049806833267212,3.997228980064392
english,bf35656a89be5e1cff674565dbf2957250385cfde9d9bca4542c6cd6e935788443e41d4e200f71926398c380c8d38f5b244a59c4b3c34c3557a3761890bdf363,1,1,3.185366153717041,-6.099215507507324,9.284581661224365
english,bf607e1a7846948495e6685fb5d22aa242aff7509f5867117afa372757e21a86aa55503773f3c7f7413e2c1f2f9dcb6314b5431de4be899c01069bd8594bb918,1,1,-1.176158785820007,-5.666402816772461,4.490244030952454
english,bfa46e4905ae85ce085800b03f8bc77ff9b8eb2ef591b35335ff6baf2bd034e2ddcdf24d02e9c82f99ca770b584e45732bc15cf409aa12485ad9e5c1e06c368b,2,2,-1.5984132885932922,-2.991326093673706,1.3929128050804138
english,c06bf88c5e26199f3a35ace15411e4f54242d4545f87cff76de84cfccb897e555a01b8d82f2ab85143cf8523e282be5d6457f0447d34d3ffb84deb178985e04b,1,1,-5.551743507385254,-4.267767906188965,-1.283975601196289
english,c0b583476807fc51401c6064438fc25a4a8d35703ad4c82b6e3aba4165b1b4d8e96499310ae12e59865be5cca5131ce9ae42e9973df62e522e152764929f38f2,1,1,4.93881893157959,-0.4848945140838623,5.423713445663452
english,c0db48545d02751a7ed265f690e88a493a7640146f541a6d4b526b541dc9bed47b9760eb43912080a9e11816489dad0c719bae172ab800bdeb7f3bdb9d6ead73,1,1,-1.8739806413650515,-6.0172882080078125,4.143307566642761
english,c0db9d9daa16d98de5f4a09f020d77888bc80fb6d873800f581b8c4d4935f3720aaad152ace1c339899be10a93a5291a61119311f04084d5798e5470bf1a0ff5,1,1,6.301816940307617,-0.1524788439273834,6.454295784235001
english,c0f152b0fda37a1db3849341e9cd56082fc2420bdd224af4f68be87d57a32c4ada8363d09d62ba512b954a00f0adf94b74bf971be2ca61b865b1c0bc29f077cf,1,1,5.226054191589356,-0.3936905562877655,5.619744747877122
english,c1206bb942777bfc4cf8e787877659889c14a2a33b3ce2b6a753a89adde6afa669648d986d1914310c707edc76198af4a2492b5252fabbcfe343165388976fab,1,1,-5.969505786895752,-6.025747299194336,0.056241512298583984
english,c120fad6205991947955b49f624dadce93bf9f952a73fc655dc8fc4a926753ee2fae9656717727d6f0706399ef0b4163beef5c3fe29edb5f77cef61791a2e632,1,1,3.830587148666382,-5.830390930175781,9.660978078842163
english,c1d22f3acecfa6e00ef0bc0fa8c6b05130858d48b4508e96edcb2ad8f1566b8f13b3db464cb0794730415d074196b3448cfe5163092b64067f3015d5cd9a0c75,1,1,1.8517025709152224,-5.791225910186768,7.64292848110199
english,c1ea9914f987e4eaaa3b5f5e8a6ab35963d355d828930c7455cf32e2882c0677085edf026177b5e39d2800b42973ffc362e0f7df2a181b49b7f420e9e5702ad9,1,1,-0.5744335651397705,5.698320865631104,-6.272754430770875
english,c24712a4c2898b9406cea4b4c9d8343f1a21a10b5d3d41ac7399be9c7219c86fd6d039c67e28c290f7d547599520965266b366f11dd5b32ee132fb7c80908d96,1,1,5.058994293212891,-1.9777170419692995,7.03671133518219
english,c2f9823f99efd104b16583651f3b8f8ed29e5f28a0655f5ae0bdfc8f0df9468f008e859c255b8b404c836273baca98c82c4c88d0de2c19f8293d4b1e971885d8,1,1,-3.026662349700928,-5.920598030090332,2.893935680389404
english,c359cf89568802c1ff684a6e8983800bc0d6873bb8a6f27867f346b2aaa5a6d910077b47d6f5cbd855cf2f99f06715b79237794a9fc488508de1fd25f36ff9f2,1,1,0.910498857498169,-5.33925724029541,6.249756097793579
english,c3969c8c165071610948a68bbc433369c0e431ad5581137e47e70d8395da67d1ad5df3f344af96226705df579d6dcc399a307bb6a876ae2e3ae55676572b4213,1,1,-2.828953742980957,-5.8105878829956055,2.9816341400146484
english,c3a5863ff44c83223e0d3ce8f7e6345e851774df3bb4d2c14883c407fbea6f978130d4667c3080adbc80a42c09f73146807a9d49a6c41d538d1a75a432852193,1,1,5.027885437011719,-5.911440849304199,10.939326286315918
english,c3be192f4fdace9a5295eca439519ec10e07da1e20276f4eb050cb026ce3cc73a08af1dd48a6355e0e963c7af7944cb7236333ae249d7818703e967338efd261,1,1,-0.8450963497161865,6.4712815284729,-7.316377878189087
english,c41dd22e62ebbf278d1247d7b4cc49e06bad2e5f7c5e11a2b72580e6575d667e87d89dfffc6dd1194e2ff81c0e2583b09932914c94d3ca2bd829e0099b068f65,1,1,-0.1471104770898819,-0.4118508696556091,0.2647403925657272
english,c4215a63594a310a1f1003e4cc4a990ad4c7475e8cb46582a77860e27dc59993062e0d817ccd56b5eea9c8f436b1ab5140e7b4a616264571c5836dfd87080ca9,1,1,2.3876333236694336,-3.914281845092773,6.301915168762207
english,c42a23f67177dda1636890108c1e4bdb0a076c2e6a863ba282eff5f7753b76902fb745b9e6b9ce2ffd2f7fe5c150228e15ba0bf7a36c23a5000470a494878d53,2,2,5.92218804359436,1.2804508805274963,4.641737163066864
english,c46b47eb5d1c58daa8212ea8ef73c27d0f4ff0f44d8a0e63b0f3114f7a4f2074e010af4cb5df24bbf29dc3e0fd52f637964602d3f50fa1007a3bc2bd7dbb9690,1,1,-0.4244497418403625,-4.677334785461426,4.252885043621063
english,c475bde33fbb581af38dffdb94023506b4b82d9e91f883915e2af55ea10660270f6a1e7fc4aa3c813f811bdd6cbd6608503a4f8d109b2070f91dca2fb59d9850,1,1,3.9970779418945312,-2.2575366497039795,6.254614591598511
english,c499e99d3ed16615d50b0b558787cac861b76f6c402b0adcc7e4450abb4204f7b791e3846469c794392075f96897b128371585758173bcdcac3dbd961c0d70b8,1,1,4.0219035148620605,-3.1721889972686768,7.194092512130737
english,c49b575dbc02e42a4192bf6569e1667d1a6aff985c5088331119118b1439ed29fac846942b04523214581bc387b4a20c9bad508379c52217616dcd0509dd382b,2,2,1.1253365576267242,-1.9747927784919739,3.100129336118698
english,c4a05f45f97d490bd513adca7ca171fae49f6d1c1f1024312ccd0fe1d179f2e4e7009789f1fce79140503702698634d6f89391bbd150fda6e9365243bb02468b,2,2,4.8850133419036865,-5.9119861125946045,10.796999454498291
english,c4c136ef930b370a6f35f9a6e8855a56d5c1383e028ec0b85b4804695e04c614bb24e260be54e2deb92dc19311f94c5459c0f3ca5e0f68cd503d7383b99979c3,1,1,-5.52107048034668,-3.258594512939453,-2.2624759674072266
english,c4ce66044a86fef147ec0f3ef541957dca56b5a4018690acf7093c52d0a571080408841165d45d8c3f4df6b0af4551da6fb0ad4647a30d1de4c7a63b475297ef,1,1,2.737476348876953,-0.6784301996231079,3.415906548500061
english,c5004727b0b0f6dfc76348ad7f0ff1484f92b9bd1e19154ecd1d893dcf26e5b2d2d56dc45c20740dd19582f8a3bcce1bf90164dc344f01c8661905f9c3c78198,1,1,-0.627355694770813,4.332455635070801,-4.959811329841614
english,c5a4a7402862496056f2631e1189778239983349048f433580cde4e4c3e531f80d3a2b21cae404209d86a908fc3e1131e1bfdc3642498e1e051214d39b65b7ea,1,1,-2.132352352142334,-4.338344573974609,2.2059922218322754
english,c6387c24e088b029ec8883b434561af32c9a66d213da68c4b104345a0d3f9eb5f8e9e9a48f38dc58a04f244c36b6dac606c5102dcb80951f94b2269c1af30e77,1,1,4.439109802246094,-0.5625418424606323,5.001651644706726
english,c69130a3e19945c0d14980fc2ffe0069362ac9af410703afe5c24cb5640b943d6ef752386572199e804c5e2fc446c363a914d8825bb7a197f6bcb62a7f3b3769,1,1,4.54930591583252,-5.613781452178955,10.163087368011475
english,c6d6c6009fc855221f09935aa341f5eb12e49727c85ffa4f6140c0dfdc6f4a5637272116c0fd76492a945de003636d16ab9b069d3417d5b6e5ed7f3d5dbe02c3,1,1,1.0543575286865234,-1.944873094558716,2.9992306232452393
english,c6eb344e73639480a864317ce53d06649da664c14d0f42c70e3b9f1e721d1933101d329d75fdc7cc41e1e12ad27bae77e82f3e5e9b2cdb9e9660bc8a0c06fe66,1,1,5.837950706481934,-4.248064994812012,10.086015701293945
english,c6eceecdc22e807e0d317db6e61e72cd0a46a5de7754f298924605aca1a6811918cb0ed07e81be2f8bfd0e04546f7027ca3ad2fcb9a0bd5fbfc221c3914a7964,1,1,5.194199562072754,-4.441026210784912,9.635225772857666
english,c779b4a584492e83c221f3edc54f97040cdd29cdf99c8e27dcd6bcbf8adef344cfdd6962c2010c99baf4c5e039a23c27e6e9c446396cd07601b3de08419274c4,1,1,2.99198579788208,-3.6160542964935294,6.6080400943756095
english,c7fa9b2502b716b516b076ca89ff79e29d183ac0c006ce10ce33b61b0cd08542049535c83a89ff71168375d4a3bbbca2bcc25ecf5cc5f0653563862b73121cd2,4,4,0.06827179342508322,-3.1103256046772003,3.1785973981022835
english,c83c9073d2953f3401aa1cb63db5cdbda9bb16ef9dcf977455955407d093cb83b681f673570c856cae1004c9cf35f9b67f4244ae3b5529cd06599d7bfd187111,1,1,4.836574077606201,-5.07936954498291,9.915943622589111
english,c859f1dc492a8e9413a34749630904890b746977e7d4fb95c880d9b7922a64768898b9fe3b4ce2545594cf348f57b2f1fecd1bcd1ca3764c112898bdcc83a4d0,1,1,6.40081787109375,-1.3764300346374512,7.777247905731201
english,c883276020e8c978e7973c91dd2752ab7bf64620aa7820e850c5b099a155f700a1ee3a2fa0bf8ca79bdff79c04819ea95d773b980b22722caf6bed26a4e4c05f,1,1,5.293539047241211,-2.5454535484313965,7.838992595672607
english,c8eab153cfba4c862167d27d70de1cc2543cbec12b5bcd9545220f702b10593bb6cef95af414ce251dc38f7b142ac1de45dd1127f6e83c561ec4f846dc9b69cb,1,1,2.515122413635254,-3.143893957138061,5.659016370773315
english,c948b5166ffa7f0a17b7d067f7f99418cfe1cf101ee9b845047cdcb43911af6bc2c5f775f5099e60052e8edf9d59a2a0fdd906095c9ea0f02c8af763b2088235,3,3,-2.106659770011902,-3.553526520729065,1.446866750717163
english,c98ce3c8e5d55def2b0e784870c0cc95246ed63e1f53e51752da84121ef477faa950220894571bde1448e58405c1f077d6871f1dc2a00061f7005928a2880ccb,1,1,-3.8494839668273926,-5.866654872894287,2.0171709060668945
english,c9a53379f05baeec4de2c763c78f16983bfe09957fc61b3807658ef31cc44739a046aee30875dbb554762b47b832f2b53bda37a5d09aedc45fe9c9bb42fa8c99,1,1,-0.5947156548500061,-6.098265647888184,5.5035499930381775
english,c9f28e9788e12dfc9d0ad0eb941e65fa8631f63bce73a5b5f31c4fdcbed1d2c6cadf65810feff962eface3dd2378c035079df9134f2cd005fa22e08926a45000,1,1,4.993655204772949,-3.4392201900482178,8.432875394821167
english,ca0348333dece6734ede5c33af061108bfa2b0a7919e724541e335610530022b50a068a1794200e1115af544c1470fccf69adb550ce12b875ea30514276db5b9,1,1,4.249927997589111,-0.5889744758605957,4.838902473449707
english,cae301b389d76bf2203ffb243ae9d80423981d24eee4d167217fad0ac377704a410570107ba23a6aaf26d11345cad96829e2e44d250c537501597638c03d6864,1,1,-5.688997268676758,-5.647915840148926,-0.04108142852783203
english,cb041e59d22a86e7d4fee87cecfb8188b438b22cc64a510351c1dcfb320c675bfa0b4814ad22524f1a569ad332a4da8d9e8848d84ad49e63ce940e3abbf558f5,1,1,0.0367850661277771,-2.17165470123291,2.2084397673606873
english,cb0b0c7991c763340fc674acc4885c5d13ee791dfd6056f18562d91c318fd1640bdb17f61e61a87ea26cf6867ad1350d3f517732329b8320c324982e58bddcec,1,1,4.322641849517822,-0.159925952553749,4.482567802071571
english,cb19dbcc8abacf137ddec49dd7d4189812b4e572aac06b0b5e32959d6d24841be36ddd7de3230946081545a71239aa3123e52000afefff6889c2b34d0323ebf2,1,1,3.20436692237854,-0.3770139813423157,3.5813809037208557
english,cb8c70e028fbef95a09b2d733debc284bd025bd30d530da681db17c45a97286e66d5ba0a62fb84cd3d02516384f1a8871926ce1ce8af0fd46948d170b18f4d0a,1,1,3.1657848358154297,-4.805688381195068,7.971473217010498
english,cba69cadd7529fb0a7581b6b7027d38e44adc19148969d8c48a9d7be17a4cfdd3957aec1f7439fd8b97ee51076f9d9303b75633a9143b2d870cd4da7a8f31808,1,1,3.2029895782470703,-0.9585373401641846,4.161526918411255
english,cbbf0b4896d532ed8bfad4d3a82e356c699d62cc1f88faaaae8cfeca06bb2376e81af1802e342dfedc6673c08b59d030e0892299d0d516938fc4b40c0b9396fe,1,1,3.761658191680908,-6.063414573669434,9.825072765350342
english,cbe5ebf5c32d8ebeb1894e7dc8e6e0448c6cd3370d2e2b0cb60db2d1a375cc897a20b1106c01a53442f327efe35f6e9b91832a87e72d3a0e519d0a3644349659,1,1,4.052992820739746,-0.7050384283065796,4.758031249046326
english,cbeae2c03dab0460ad75b3d4233ee944e95534f0feacbd491d4356ad0c98b8cd9d159b69b9e9aa6db2e237cb1762c1092c44c7890fa0e9200f61173e90c7b5f7,1,1,0.6140868067741394,-5.6852569580078125,6.299343764781952
english,cc3564ba9160b09d78f20c91f7c875f51a2e7e6eb150f1f331159fbb023eeba2b040c3ee286d53f1994347fca1a636ba6343078b7b1d67dab83d60271ea994da,2,2,0.9579081684350969,-5.964349031448364,6.922257199883461
english,cc7cc15dbf1966fe301042b960b06893a68fd036d88915f4267b56d3d1dbd2c4aff1078274af41f50a01168b66f71b1ef9b9b12a6a64747dd70329071684590d,3,3,3.7065581729014716,-1.0967398285865784,4.80329800148805
english,cc7e6dc7797985d7c5d09a8db7f72f5e4ab65de1872d8e3e311560227b0d2bf1ccf82e612b6192616a2af4c76c051dc634cb94928c0bba49d2d5027c96decf1b,2,2,2.258273459970951,-0.8972123861312866,3.1554858461022377
english,ccdfd05e77575cefe9807264668454404dba19d013d2c47e873afeb680b3e968117335827d7b36db391fa9eb6553b1e64bed7429dd54f76393be9031ca785e3a,1,1,4.53717041015625,0.8922781944274902,3.6448922157287598
english,cce369fc705a1134e453fab4a71a97a62179bfe154532e45953569ba46ca92afafea1873b47080e2a2d758b2e820712f88d881d7cd56025ea7e4ef9a678ccc28,1,1,3.759450912475586,-5.927214622497559,9.686665534973145
english,cce7f9792f6b6e3532d2a66f15724357023b34fea066111d9d81cb0c18abc17da80eece95d10c76aa1285929fdcb6a546dbafbc758a11e36b654c51b5a5e94fa,1,1,6.005123138427734,-0.6094166040420532,6.614539742469788
english,ccf426b54d5a1d7c96254d4bbeb6c0da8d2923224687fecbe8eb1fa8cb4485d5864e742547a56b69fbaea0378c5f14c2e676df005fca1e27d09cd8d99c796fdf,1,1,4.414675712585449,-5.724556922912598,10.139232635498047
english,cd4e462c5f5a0edeb9d372eab00787bce22dc7fd13cc2f49d6d5f0da3285843aae8b819ed0685c9788fcedadeb4ea1ee6156d0eac7072576a72207028c4ace5e,1,1,3.457672595977783,-5.0665283203125,8.524200916290283
english,cddae3ce4fc32d64c965ea4ed91d859ffb4bcce553c01e74c2b6dede719cf5b2f839c9ead58727420b8320539960ef5fdd55a345873aac0f18295205d58a5b95,1,1,4.596963405609131,-4.045607566833496,8.642570972442627
english,ce09e8b6f08592b2c66c5ebd837e6283b9c6b1aa360af734e785aad86ed4e173b720ca9c5fa38dac48b4c3c83529e45b9d757208f2abd8c10e354ceb7985905e,1,1,5.303979396820068,-1.0235337018966677,6.327513098716736
english,ce36fee6cbee98a2411ceb6595540808f38836d238bd6df6f3bdf9da1d53c8b967a78f091d0bf69cd356b5919f3ad634893fa53bf1471a8b661bd11f77809624,1,1,5.404330253601074,-5.197337627410889,10.601667881011963
english,cea18d12298f2bbae520713a1cfcf05e63b2b9470dcc0adadabc81e69d8d57a0f3c22c06bc4f280d08b9084d3e16b22b3c5d60f7711c9db8dba0d3f53075a34e,3,3,5.216569900512695,-5.303270022074382,10.519839922587078
english,cf166b2a376b2518887f5a2e3c347a69f495260309ac27cc1b860d599c86cf85ebf2f20f4dbee126894eecf204d9ef657ffd494c46e75ba0d5c4a227396385eb,2,2,3.898242235183716,-6.042783975601196,9.941026210784912
english,cf5d5763e4da7f2128047c0de821ac4d8c3db9aa7bc97522a798db1fd97c6eea76aadd7c95227f7e392a4833da119c84cd3df689a346b0e689398689bbf0760f,1,1,3.4243085384368896,-5.37143611907959,8.79574465751648
english,cf658764e695270837ad8af4462cb4fdaeec21a451e3c9ee585dcec3b999e0ac6f0a5f2de7548e919d2ffa1cc94d7f78fb8dbc1eba8bfe3cf0875c9c50235b63,4,4,4.50364650785923,-4.294186681509018,8.797833189368248
english,cff12426d458c2f4d217beb19502df1cbd9c8fab07da2d5e6021a6b61b6d306f59ebd78947cc53315fab60a1f99f85122d04b127ad41bb46e2a8ca91444f3c2b,1,1,3.917991876602173,-5.854650497436523,9.772642374038696
english,d00446e08c607630db0b554cb2c45a91bb46f87042798b0b18a106c5d68b3779c2e2cb46c1b73393743f0c93e08cd978fddac08e3b6ea40ceda2b1ff6e858bc4,2,2,0.3753163293004036,-2.8325605392456055,3.207876868546009
english,d097f954eaec0370c2cb2dc847b65047eece3d52167ce7437ebf013e6d5efff551ca1a14b28eb14cc051a5d5639b2fdc5a48823f3396f9a2de70ac385872b73e,1,1,-1.8740988969802856,-5.199664115905762,3.325565218925476
english,d0b62ac1e57e267f16088ee614cdaf09a9826c3b704ce2f79746ef16e248c19f9ff54ab124c25647def1f4414dc2a510eb8b6cfd3a41ae6681571b91b2a6f9df,2,2,5.467167854309082,0.15318089723587036,5.313986957073212
english,d13e3108d8a06b9d137d31f1f316e23c76b2390e5249950e5838db2ac85aaa589e85340fe2ce8d17d0329b541e57a5abba13a857998ad85e135175a621ae6561,1,1,4.654682636260986,-1.902129054069519,6.556811690330505
english,d1813b3a39bbd5d6f35e04e8e2151930a40e56cefcc57eb71351d6cde06a360b99e6c7791989ff337b308103b8dd7f2f705c01f88506ec4146042276b5a122ce,4,4,0.664665561169386,-0.8193380050361158,1.4840035662055018
english,d18c467a83ec3a64ca6d5a6f371e18808b86ce70628835bf4ba503cd26b9e4bfe4dc75978f9e7a2fc1ca030ab0c00b35247979f8d8530b34ac559df8d2185713,1,1,1.3049994707107544,-5.800323009490967,7.105322480201721
english,d1c5f949b950acff73774df763348084cac3b5e4d3593069e091c5962357ac3ee43613ca3ae0bd45d12357dc37c535b5f1016945d71f74f1f3dfa8f8e0995338,1,1,2.054438591003418,-0.652477502822876,2.706916093826294
english,d1c6d302d4af7caaf9aa737b16c7e04e749f63ed80ec202cfa4de06a1a42b990f3df3e362ac0fec76312eae93f0b526e60d127d6d6081f422ffe9468638036fc,1,1,-2.595978260040283,-2.142950773239136,-0.453027486801147
english,d217a4989ef8dc1fffa7b5fa05d50f37eb6e1292a5848960763123d153b66e2656de3e616e108632589da87cfb4c05562c7ff34adea378302b15d6ff9d575706,1,1,0.7951514720916748,-5.744208335876465,6.53935980796814
english,d24a7ace1756ae1196a87d2bcc115dd67474dd38edb4e4fa65b6cf0510e008993067a975966c0240a43d54e3322652f615e6694df749966c42703ffd25e34cad,1,1,-0.6173224449157715,-6.053346633911133,5.436024188995361
english,d2a2d01fb1f7f6eea38d6e8851dc0e3e8d3340bad2a04b8543c9cda7e10c8131f01a96bfa57702b6f75ba1aa7f2ec5a5aaa23b7fab1de385fad60ce99e9e6c5c,1,1,0.252310037612915,-5.931276321411133,6.183586359024048
english,d2e4ad0496aabd52f399d27989be23ad0be0bb0af6522d076a0176522c5a0d081e17771d62d82ff618c8c9de6ebecaf91a9d473ded4819ce3a11247093b75da6,1,1,4.071600914001465,-5.594218254089356,9.66581916809082
english,d2f20344739505c6c1a141fc3a5268d572656b8c5cbd40d7e5a7f00dc95bf1b600cf69e78b3c9320d230df9075614100752464d75f37774053bad565b72cb88b,1,1,3.366537809371948,-1.391749143600464,4.758286952972412
english,d32d90f243364ebcad7ca3e5cc05b554b0f8ced3c210142d11329e5f9cde5a584f72f4e410f2a93f3407093671098a2d89a8fd8d705b06f5749e57841254fedd,1,1,3.784204006195069,-0.3986541628837585,4.182858169078827
english,d3369adb42a5bb317e9afa72876164d4d72b43a1db061e3d55ca721bfc8668b6e52c3e02e2d2e2b422de1ae7d5fbdc1fea3656bc1d24b5646cac1686ae84941a,1,1,1.2222039699554443,-0.4853222370147705,1.7075262069702148
english,d351e196167ed8a9d181610dfc56685ca89b058832ab64fca0d8cdc6771e895be50a0e4e0d953d193c61c025a8b334619409bab1f1a240b6fbfeb77e2bb2f345,1,1,2.74037504196167,-3.910860538482666,6.651235580444336
english,d366eca35b53578a90927d35767c576830ed244f1e3ef7fac62e6f386e8165aca2d77a6c5bdd5be6db1fab7509f638e18e6368f69237786ace2018c760a25132,1,1,5.66890811920166,-1.0618797540664673,6.730787873268127
english,d375e73a2aab64bd8428fcccbe19a071f12ac301142386cfa496e1df68fe553bcc279625c5719f2137c219634ccc323582f7defb1e0ba52b4ab0f93f0d3461a3,2,2,4.090692400932312,-2.6775501370429993,6.768242537975311
english,d4036a6b127783052a9f6af22d352ad7003f705615a14bc0cab80eceaef6f9dc5aee06b9947284f9fac6d26ec7c282824427947e62fd02e3fd672f3366c43e55,1,1,0.7665243148803711,-1.7725673913955688,2.53909170627594
english,d43f808f4c373507a4ae651689eda02e203066d3b081af35a5940015a6d6c1e7ba2751e8d62abc4b521d54574fe37cfbac6afc72089c0ccafd53c27483275ec7,1,1,5.570525169372559,-1.0723110437393188,6.642836213111877
english,d45dc874d979b91dd6188684674456ba06634ca45106be0f137a42c6a69e0dbf4d81a9a3ad456213c28cec6308b1fa31165574c99757d3d5debf38914c4a25d4,1,1,2.6900336742401123,-5.7681169509887695,8.458150625228882
english,d4aebd5a6484e24def5164f5af040b303529cc6a4eae69a7f5bc235bdc1c4c43b1b6bb9c1d266d68833ded62b102d605fd3404f7ce01517b4b295c92151aa8c8,1,1,5.292392730712891,-0.5622485876083374,5.854641318321228
english,d4bab49a464a3e29d7ca09078f5bb36b22fdb901f2f30a962122e3775d8266455234d000c5731d0055275766d48a4a4112850b2d73b75d75405f03f4c78afbaf,1,1,-0.5195538997650146,4.691351413726807,-5.210905313491821
english,d4e591b347d7705034b844ccc668be0368b5e352ae553a75f4e44d9651b5fe8f57e291a5eec19f60e0d2b227ced5029974634bb172352e95b8cb56ffca59e41f,2,2,5.4593095779418945,-5.8641979694366455,11.32350754737854
english,d503ee813a5b2b50dc4a1f576d818de156387f41beb3c5fcaa7a3195bcfc5be5217861f7cfe3ebde3d5a5dbf9d12502232842e1b88b0af2f196292b6a35712f4,1,1,5.185582637786865,-0.8871686458587646,6.07275128364563
english,d77cbdb365ac46df98a7832d24893d0705078ae23ae8b4b4877dc1da824f6b208889a7999643c94c161b36da365f4c392dd35672076e62ee330d07ede280209c,1,1,5.327652931213379,-1.1920932531356812,6.51974618434906
english,d7b8bd57a847b9f6a92eb975f2fe0a8686ee95a9e71b0168d5ee36090c94b373186a93d864491807465a14b0cb0cd867c6a52509095f73cb3c58490f0fb7f149,5,5,5.1070661544799805,-1.4097466111183166,6.5168127655982975
english,d7c73ae2de660adfdeb61aeb21afd7ac68d69e3651943b502c64697c81d8e01afb2c00e6b295f7015041007dac086776ab9778627a6fa3339e2b8e40c12cc8e6,2,2,3.8463157415390015,-2.2390333712100983,6.0853491127491
english,d83fdccca9769420abdaed1f3ae86ae7d925c3a43a17770c3b931613a03e8d6ed32a7aaa07163dd79016b8be140611cba54c7d296beac05b58ad3f6c00c05a44,1,1,5.325178623199463,4.844412803649902,0.48076581954956055
english,d897e5daf41e8ea156de4a56db72182dbb38224160d717b6ca77ee25cb9e1303af33b9939e8d053755d0b15d6b43e0e06e4ce62f111f07e97a0b2df96bb512dd,1,1,-2.8717904090881348,-1.5922859907150269,-1.279504418373108
english,d8fd588f573a5616b70d4d5bf04e8b05ba8d549eff1eee152c897eec9a083803e513b8ae14db930ada386c4b7a75d07cf046704ca00c04bbffb7bc098e9abc40,1,1,1.120151400566101,-6.026446342468262,7.146597743034363
english,d94575afaf19996cc6eb6c97d6c74bc5af2f18292b6ba5a9e1229b273a7a30bd7b4733cd5016553fd5d9b86f331b227ba03aa20cbc8b03c55ea6d14fb8003c1a,1,1,0.2246896028518676,-5.864744186401367,6.089433789253235
english,d9685b3072e3c4a70a6b40148754add887a267c29f421ccd5bb35938588bef7e04510e6a6eb27c23568bf7ad0b4cbfb6d6271ac4b3d16eefc6f62c36c26ad2c3,1,1,5.538241863250732,0.3577937483787536,5.180448114871979
english,da2174735363e215289319616b36fc7c5957925c2579d479d6c57a015c249fdcac0defeae261fa313dc05de5e11296bf947576e4e434898a61e99afdcadc977d,1,1,4.815331935882568,1.379930853843689,3.4354010820388794
english,da9e528c000c38f115466e805b75f04421c1b25b0e1986c03dc85382e5e0d6891942a02f6b4b0ec7e7a45e440f387f2d4e04f47629f7d20ee3d92c4966d36cf7,1,1,4.91502046585083,-0.6116863489151001,5.52670681476593
english,db3a2a5958d594e6dd2d0f4663c3bda5b9a56f53e0b0a2b2d6404d6b0b37a2383557a711ad512b1f844c0585caa02979f3f3f2548e63baaf4c2060641bdeffc7,1,1,0.6429504156112671,-1.6504367589950562,2.2933871746063232
english,db8af4ef43a418be9147981cea5ed3c6b99c392e830693f6d449d58a2e3e4d05a4a26691c015c65651c5fb0533d5b20908909491fffbe0de6d05fb90b9cb686d,1,1,4.83936882019043,-5.289017677307129,10.128386497497559
english,dc0c3e2a248132ba9f119b49a12b3cc005b3fa00b06292f083d8dfa3ae96109b032e9799aa56e58277c6dd07f9c078a8ec5c230001cc5da8cd41c2cbe90dd802,1,1,2.9716386795043945,-1.9561463594436648,4.927785038948059
english,dc3db1a53620d85b9664bf89a66c12905ad39c9c4cd2bf52b2a9c731b0935ec25efa72329932cda761f94c235839ecdd57623571630451a40704ca86cf75b218,1,1,3.424166679382324,-5.959849834442139,9.384016513824463
english,dc4115f212a35b4033e14324c2066943950f56e64a8f216253b8eb3d067ee6241be32aecddb7fb230f7a4f6688a36ed29225aeb1cfaac159672b16aea0100ded,1,1,1.8930985927581787,-5.4246110916137695,7.317709684371948
english,dc7a6852f48d22de3cbcd76a7d2deeeec6198b4460fd6a6400b465b60c87bae9fa62e64609548d33496d04f34d0b0a99fa64977b866ddbc189994f779ae01608,1,1,-0.8774328231811523,-4.752134323120117,3.874701499938965
english,dcde65861c30448743ac761cade398b1d27a13981a2455310b6ed9e2c2cf64150a920420006b6ce402004ab1c0213634e720f23e0d6b5355f2d792fc17afb400,1,1,1.825398564338684,-0.7500510215759277,2.575449585914612
english,dd19cf19ebf1de1608fc82002902a7b5ed3d6a661aee43fb7ead0ecd4d91ab28d9f4898c0ae0db469b9988981a46f5f23d72487587d043bfdace9bf9043329c5,1,1,0.8678013682365417,-5.898822784423828,6.76662415266037
english,dd3949a28d7b0063e86211687b6e97775c42d564819ff066aa169f12e329e12d7e91d9d3f7068281b8b8e357ede09b695c410fa25bd797cabdef18a38654b608,1,1,5.168087482452393,-0.7404675483703613,5.908555030822754
english,dd72354c03ab84af23953f82fe5108b17f2d9fbb0d5bfb4cfdcad2c42cf2d911363b69a3ea0423e0621580124c5dc183f356844a28a1ac4fc64984e94077970f,1,1,-4.387042999267578,-6.092236518859863,1.7051935195922852
english,dd7a9b21953a5c903473e3072793c485f1d23eb2b1f3344f1c7808c89c1f968707afed0233a8bb707e88870d817cbf3d5f89881e45cf1172e0fef8d8c3575d20,1,1,4.614214897155762,-0.6096145510673523,5.223829448223114
english,dd883c56080c8067671af81ed7ec905d41f2d68bb7c715dd2ad25e5147eeb71763a9db6dc8a838cbc09a237b63896965f4d94263e0196567753eb9ba7fafc5c9,1,1,5.95133113861084,0.7310296297073364,5.220301508903503
english,ddba4ff63f85cf8639b254095363ee175eda05b7ae044292278baf09be69e01a30fca4af182ab40c38565f69ef2880694d8c2454560a274fe94be9f2b3ede4be,1,1,4.787613868713379,-0.442793607711792,5.230407476425171
english,de3c7a6c7421bf93d626544bad8ef3eb33f4be1fc68ac63d937ba4291edf2706c97d282c6ee11739d61ad1ede5561dcf13a31b09bec46be8f998b85f9b7cd883,1,1,3.3170933723449707,-2.987544536590576,6.304637908935547
english,de83fe6f05c71dc6bc5553994a9e5ba7f41ea0d0698fe82881994caf035c20458f6ca6ca001886cd052bf1b70bff895cfbf9fd5012a2a3cd4b149473e0e53d76,1,1,5.251504898071289,-3.8908300399780273,9.142334938049316
english,deb84f2071c433e699d881d69ca709979161da7ea1de4cab0046ce737b31d9fca1e9d7b5b765082ae872201fbff90905e718bacf89af718feeafbcb3f2f97f99,1,1,-5.390268325805664,-6.039366722106934,0.6490983963012695
english,df101b67651db4712aa7067868555c5475332778d261bc28a29b998ef649ccff43b143100404923994ad065afd445430c2c8bae42d8272a3821a1fd6f7de0db6,1,1,-1.7790062427520752,-5.517763137817383,3.7387568950653076
english,df4eb895370c0c7cf250acd7cdf604699f726ad7df1c54695226494cd2661e1cd02bde1a991637381b670c1d6c6870a87ab1d8e270ed5b3d459cd5dcbc01bac5,1,1,3.726364850997925,-4.084232807159424,7.810597658157349
english,df63f060fc8bc48ff5170190067300d14da1bcdf1088857191d40e924ec66568597c0b4093ac6b361ac07e7f88cb87a5768cdf077ffb613336bb413a78379282,1,1,2.864731311798096,-0.6024424433708191,3.4671737551689152
english,df7d2a24562e1687e8e79a78f1dcd7e025a6b6b6f326daaf34a51c3f02757506cf4502b1a7f1134cd3d9506be48c8179a1171fcb1dd2c461f601d04da33889cc,1,1,1.7672661542892456,-6.022840976715088,7.7901071310043335
english,e0e2a4b0b6d984bb3d0b3bbf39f81d5a2a6e475ab7201ea87ad6a862e4b59a75ac7c4f3d2b1f487bab13d4bcfbd672b5df88ac44768e78eb85eb481e6e2555c0,1,1,5.324931144714356,-3.996259689331055,9.321190834045412
english,e0e45102bccd63c24ba978c5b2e36426de8db4e7a2c5fe43e2df5220bd2b3051b1ece996cd6fd8f12d6999973461c490bd5db05e4947609f122e5dc2bfcef5fb,1,1,2.183478832244873,-4.44008731842041,6.623566150665283
english,e0e4d1cd7c5b678bc8918882cb0a87cddf2ed32589d5db607900f79fda5e4d390b6200c339fe7e2faef88ced7f65983583c2d47b76247732160108d47083496f,1,1,6.061542987823486,-0.6261930465698242,6.6877360343933105
english,e12421d0d1b807824929dfe328162ee2885be073c16a20e1463bd429a3c62d36ce83843ebc71f3557623852fe8c714db5b76e00adad050e39105e5bb98ca5cf9,1,1,0.0278629213571548,-5.167582511901856,5.195445433259011
english,e18a0fd4cdcfef0b6b0f8ebb071c45d851e14dfe3f85d99c59582c6a4f901f5e560fe6ea7ced662cd01206a7687f48eabe6291569fef4b0e289b9ae7de4b3903,1,1,1.6961396932601929,-6.023035049438477,7.719174742698669
english,e1b76c52e8da14f87a77be4722c3f5f25c7b2a1c9b1c59fa52636d2e9a890d7f891b8c048d8a781b28dbc191e263f497bca0c1d40bd949b975694a3af28b6d09,1,1,4.182210445404053,-5.926441669464111,10.108652114868164
english,e2292237c77b576132df4cdbb79155e854aeff199c96095ab6db95684d8fa140ff1f42fe9cf87b811f15ce8039d6563a304b507926ca4a641d04765a70b79d91,1,1,4.548664093017578,-3.865090370178223,8.4137544631958
english,e22cb4fdc2557670db67d16fc85d1403f928a93320c819e2097a1f627d23ee48d8b9db0d2b128e56d0ef197f6a777bd68e79261bec6e152c4b1ad943efa6044a,1,1,-2.172513484954834,-5.883042335510254,3.71052885055542
english,e23b6366c67dd6a08b588c479df4ea2a32a8e8109a1cc646a1316ab1f10668f441f881faf3f11c82ea44d3711d5f5a7f879a8442ae4d3ce5c99be1b94226c829,1,1,0.1695788949728012,-6.035673141479492,6.205252036452293
english,e23c56421f12c9f6639a0d79e2fd13bfd55cddf74f29bd15f3d0c8f70c74144c3ec6d6e1be85c7fd1e7c3d529f633d9a2eb52f47075a7e497922ccbfdb165bf4,1,1,4.183786869049072,-4.681290626525879,8.865077495574951
english,e2b25b63d51bc81dc2c9a756699f1535212beb8c61b684eae202243d5dbfd4efb2a7fabe022f1d7458169ad56cebd5da6c5cd935d2fd29ed9dfb192934e4f223,2,2,-1.291878581047058,-5.108668804168701,3.816790223121643
english,e31822077e104d2f1781db7ce098c016abca0314515a35f564b26c30e59c0d2a0206cdf020dfbfe4e7340388f898c34d51e2d625681694a797c49581af656fba,1,1,-3.96385669708252,-5.915698051452637,1.9518413543701167
english,e38aec5ad8f4a46ec02887fdd0192504ddd62fbcd5ccbf248f4a5ee3701fad99dcc546a076dedd40ce673839e3187c2b2d5c5528c333b8613207e63b12e55d78,1,1,-0.484293520450592,-5.878385066986084,5.394091546535492
english,e3c57f66455f33a631d0744781b055996ef2fe58ab711271c66d10a9616b387f7edf256e0c0bfa748e048bda8dedc857c534e4f9387706edc1d7a3853d744f07,1,1,3.596724510192871,-5.972231388092041,9.568955898284912
english,e4ec8236a5639fff262dae93156eee993a7047de4fbff288a87d0ce90e6d1d506aa5523ce733361b005b1ddbd73ea62b915541442d1bfb7f2bcb01a8daffeeee,1,1,5.453361988067627,0.2288715094327926,5.224490478634834
english,e51fa51c0f709d1309d6015a2789a1ccf1398578fa260bb0e5e08b618a1271ce07d23fa0e2d7fc140151e3e3a0483b7a021289f9d0efc9548d3525b6726d599e,1,1,1.9384498596191408,-4.323442935943604,6.261892795562745
english,e543cc12c580c37bb3b8b3f7904755db09992fc3d80a6166c231ad1dd6ac939bd8dc0a9e857b6d160cd42ebc5f8e9c9cd086e289027f1efa0ed914e44537b513,1,1,4.4143781661987305,0.5787286162376404,3.83564954996109
english,e5c49349b46a5471e68d499248fcad692fe3b21ade0f6d322a5a0885bb9b4ad0a25c014960ef85b8e6c726966a89640f9044f515feb665f24dd6f415d701f98e,1,1,5.671597957611084,0.925045609474182,4.746552348136902
english,e5c4f6ca3b3f072f7d83f84015ff8afab5fb91b7d7b1b724a5045642aa5f9aad4c9c92898891633961279f00304de7fba346d83a5aa040d12d91afbbeff396e7,1,1,-0.711834192276001,-6.0266218185424805,5.3147876262664795
english,e65a080fff0542a6f631500a73f0942c6a837f5d2baf7d185215c326575326235ca7ed6fa4ea5dc9b0c74fa5382524e0f392e304cd998f6e932d1ba79fb74546,1,1,3.5523581504821777,-5.903032302856445,9.455390453338623
english,e66509a7f96a4caa500499af0cebf9bab387fc359e6845f566053a777a206e4259f905a41084848301755623e90efc5f71e1a53db906c59ce5c3adfb74e56148,2,2,4.29951274394989,-4.941560745239258,9.241073489189148
english,e672f807b4c044d9dfec385223da4895648cefecbfe66a9090671423ea436be38b37e3f8847c3f42d58bd574c40e3fa15174173121f48291532899279e8dfc56,1,1,5.467392444610596,-3.042760372161865,8.510152816772461
english,e6d7f6267e35209974914a2468b3a9d604eef31fef16db546c92b3fe5eae899e02d2aa669071a9d56b9385a88c82c680c47b9e8328897d7e93b4c057c1305909,1,1,4.126716613769531,-6.047757148742676,10.174473762512207
english,e6dbbe39377aa0fe2851852b2c695c9c31094c80c9ccd244bac8dfdc8a523b2a114362d4c717bd9d628499fe1d3c11971221be5ec4dadce15c9ff8c5254ae368,2,2,-3.028590142726898,-5.9591288566589355,2.9305387139320374
english,e6f8253f27cb5d9c674e8ff9487f61bdab538ec7e7de363ab6cedffd7cfe8b818d27c209d8e9507c072e3f9ebd95c4333aeca971e0d2bf126ad5d3048238972b,1,1,5.646906852722168,-2.979491233825684,8.626398086547852
english,e6fee26e65b516e1eb3a270be759604126f129c9b354103d5fadd5a2f8ee1547369c204d9c7b81034bfcdc986c04081a906a207e84adedb0b506f51c15dfc7c3,1,1,4.163525581359863,-0.7246770262718201,4.888202607631683
english,e7011a6e1591f49fac676ffa48b33f7d4d89c44cf513e32821e0739db30434d37780a046e0ab31a8c16dee8675d07b384d4244aa1a2ce0a80a2b42e31655cac9,1,1,-0.7144368886947632,-0.9842759370803832,0.26983904838562
english,e726ac877990affb79e86af1955ecad6400eabd3f0a3e579229c938326df0b41f685c341e96db6f2ff18572e9fc78ec915d4caec51ea6d08b5ab16e23f23d91d,1,1,4.331506729125977,-5.262478828430176,9.593985557556152
english,e7290b010bf35d7cd117f6a85b79dd72c28d246ea6fea4b3c81c7c86fa32528c4f7c69d3c2c625a1df5f1f0420b14ecbfcb89a0053db0b855a8384ef71b1b520,1,1,5.964681148529053,-5.862458229064941,11.827139377593994
english,e73887a1470c4c1749eead8a5f1bbbd8ca93078e705e5d801d0af54fd172876374112132748edf3465461aeec1094fe946995407dbe91c45a75c59980ce2cc38,1,1,-0.2767228186130523,-4.467057228088379,4.1903344094753265
english,e769288996b62166131fee52a9c7243e7b2cc0c5a4851d0f7255ab95b92b62afea0f1e7a307a1caa5dd523023fca574ff7175065b356ec799bc337fef80ee1f0,1,1,2.252827405929565,-6.000013828277588,8.252841234207153
english,e76bf275d7fa70296086fa2910e6a819e61d8454440b9546c15fe81e26ab615464303e4553c11c864f70f33967ed366b10048ce3e89ff4d6a3930f77384d25a3,1,1,-1.781474471092224,-5.952674388885498,4.171199917793274
english,e790d1a6d652b49b74172d96fca249c1d46c38806613534de93e324492059b41bb491639158ff5b5efe117d167447b1dca743bff0b32dcfe07b12a43fb13a86e,4,4,2.6341443806886673,-4.770885944366455,7.405030325055122
english,e80b40908fa49afbc617da992c0736d82bbe441589a8e6d390ad0533bc1aca7e5e4dc76629de5433eaf6c9a5b2aa2846308b5fbb909bcba9af2b5cbb41e5a8de,1,1,4.931085109710693,1.0874203443527222,3.843664765357971
english,e873e7a2b27ce654de6921916a75fd32f3addbe2f0d3debde9c8ac68a0fc624e039368043edd2f2dd5ae19f5e311c3a228d1cad655c55713d88366f7026ed09a,1,1,3.4559459686279297,-5.961319923400879,9.417265892028809
english,e888dfdeda8575dd6baaad8591b68404c5f28675ef8260daed05551f1ad0a00c1f895fa15284369668c6ac3a84d7768d191b0729c37a29509048d7d15d4fb676,1,1,-0.2908979058265686,-3.5647690296173096,3.273871123790741
english,e8996ceee70172bae23d8af66ba91b510b3b1943c797e0b40bd002aa6a7d7c76693d9283e0c1f24ccc114eb64718181a966d7b3a12c4e6df8e9d8f8b72cd6628,1,1,5.339133262634277,-0.3359358310699463,5.675069093704224
english,e8d772630f10e6721312f6829daf7b0e66dbd0cf9ea7d09973d2cac3047add71b521fa583db54c92c0a6cfb3a1e65ce513f1cdd22dc053bce048bc66e586b248,1,1,4.848387718200684,-5.833492279052734,10.681879997253418
english,e8e299ceb26b0e13b890a83f6e2aa8c464520fe1271a4ab4f4e853f296d4c70c50f829f7bd0eae70d82b1f9b93f432c70682122db4fb7427c802ff11ceba0fd5,1,1,5.864341735839844,-2.140645980834961,8.004987716674805
english,e9597e64f385d5d67dc2932cf3d906b4c06af4e9a07a58628c2ff7059ede01c51244bf2c4c219cf0a56f124b5a4bd7eceff987d73b59857bc184398b723214c5,1,1,3.1102828979492188,-6.035745620727539,9.146028518676758
english,e9fe2574cd5a40cc2e044e84ced3a065a0b623b437d77ea66c436d94cfa8b83fc46982c12af18a5e85c31fda3af6a182386bf9f8708e642b1607221fbae84a43,1,1,1.1292511224746704,-3.985407829284668,5.114658951759338
english,ea08915a37c26ed98cc464706540a92a075302cd829dbce57d0b90a260595961853e855b1834e71b361c3ed93ce6028fec3939b543cd2fb209f59991f05e086f,1,1,5.34224796295166,1.522564172744751,3.819683790206909
english,ea39e5b1167b73b71b84a9fc11f61de538300ac3202879293f05a1967f57e9039faeb00684199a7b7a0f5f52255eb5afea7f847cdf3310cff4db57cbc82194cc,1,1,-4.444533824920654,-6.014808654785156,1.570274829864502
english,ea6a449819fa2e7459b5fd527779dec9db3fbaae6a68ca2dc10ee9a71b56928897b9db47c031f3f295bd2d5f74dda5ddddf028ee139c5a148560740ada77ea9b,1,1,5.739178657531738,-0.6333234310150146,6.372502088546753
english,ea6af2f035b41b076462b218d20822bcf91a491c7b894e6ae5df8721003d07e28894b3ef0b8093e857238a3d7fb363ec6687af9548cda5437399c30804eb5b67,2,2,5.199288368225098,-3.240828216075897,8.440116584300995
english,ea7d4f67f5be8964a8531f9379b02798ce8d690f5a4223b5821485d66307d8218feec1a8aa5e509cc795faefb2e731e80a18f241360ac43362115069814579a4,1,1,-2.4928109645843506,-6.069242000579834,3.5764310359954834
english,eac3a80b2371b110ded6551ce8466c8fbdec5bb202ac04390b23d14c84bf3bfb03682de4e28ae53f38cf06ba57debd1b40eed2c8a759c6e6d7a28c48206ca82d,1,1,0.2397154718637466,-5.788215637207031,6.027931109070778
english,eacb76b080eb0ee90c6ca5f40c90311d5bfabaec772a520c67975bece182e7226298550c79258cafbb3fe81e29af5c3c5c796d4cdca81bfaf67fbbc6f40227ed,1,1,5.872158050537109,-0.5272582769393921,6.3994163274765015
english,eb5bd9827fac85124129e5f3f5c5f25eabf3fa5941df635270a4402e74c53cb62df02ce2ae418c58dd2dd53b888a36e0fc67afe37291178c626fb5f642136324,1,1,5.008254528045654,-1.4461781978607178,6.454432725906372
english,ec89bf72638f6265060c86f7407b002bb309d6f741e3a5fd806c873e17b7fe6fc8709aa83aa29f2fd8fb85c32e4362da17de510e68100b9ab69112a7a4b98a8b,1,1,6.068463802337647,4.180591583251953,1.8878722190856942
english,ee227fc801eef20e039f95e8b646810743d168df97e0dc6941d13743eedf278b953719e5d30854eb0bc5f2d15cc4c9460aac37db7da6e202a61c97c240127655,2,2,4.44228994846344,-2.169502019882202,6.611791968345642
english,eeef41d2e7269667ba572d070b4dc6501f4cce0362ceb647a1e95d26f9296bd5ed1537a8435d495cb456605fc2275b1b2de28dcb1b20bea9c7a268b0209650a5,2,2,5.461505174636841,3.197491943836212,2.2640132308006287
english,ef3c42676cdcbd615a267077d665aa545b0697e469f98269103d5c15d9c4f5505cbaac4fb4bfb698488368bf5afe4be5e93335a9fd0f411eedab4c7f973e3424,2,2,5.31792426109314,-2.9183788895606995,8.236303150653839
english,ef8a7e381403cafaaab438e3fd97ded825aa263fc66561e8d78f016b00b258895bc872e35bcf20b69b87ec6826e570cabba1fa7a2e7230f807e090c0b623b75e,1,1,5.204298973083496,-3.978452682495117,9.182751655578613
english,efc03681be12d480beb0c3a66fad588e3f94d8d9d26ed1d08ee5c37e428e0db39ca43f8910f65a7f29ae3ed46de67bcf8e2b4a0c30962cab0ad259d688b840bb,1,1,4.494034290313721,-0.3286592364311218,4.8226935267448425
english,f02077f36c9f0e54f79c6c31410d3f0f6480760d8098e5a7bff5026cb776c81af12e0bc2f6c80b5c7a6064626b85fc6852a224f6e45a33c6a5ef4aabe9206ad6,1,1,3.835347652435303,-4.468876361846924,8.304224014282227
english,f093d3978c8bad4ab036fdc51400b95ae8ee3717ae7f89c18a61da17fd7ca7d80266e22862cc5fa7050b288cf5b7df8b0c031a1e94c620c789070c620ba5e807,1,1,3.4627723693847656,-0.620873212814331,4.083645582199097
english,f0ccdd8bea3e199738c6ba905ca2352e0a25b54e5fb5d46fe2e0e1dece03b84a2f294aad8019a2ec6067c739764d342cf664711024729b0c9da2e977a09a62a0,1,1,0.0925316214561462,-0.2260351330041885,0.3185667544603347
english,f0dce948ac0bb8d22cb47a79c63cd7b032750bfecf5e4330c9e7fa1cc5da983143cbc1835e70a09602999e37ea7ce4099b500abf78267936a49851116aa1dce7,1,1,1.3125693798065186,-0.7820293307304382,2.094598710536957
english,f0ea206776edd98e6ab41801393839be2d3a3508647336452079b21ddc3ed6eafddd8489e7a79cf149c48136862b49b77c412f7721653750f051aa12c2858e0b,1,1,5.324474811553955,3.445931911468506,1.8785429000854492
english,f1202191d99e47f84db279ca55f8fb9280b939534714127ffd735bac0d7b2e52bda5ee40240d8208eb271ea72cfcd55b2e043dedbad6373fabb0aeda97efbecf,1,1,-1.439624547958374,-4.019351959228516,2.5797274112701416
english,f1211724d3b99480431da8bbc122acba5fe1e6bcfaf59b5089c2a401ec4a58ff4cbc22d52755691ffbd023bee4f429da08f5545bdf3c375f6f4761abe420af0d,1,1,0.9825245141983032,-6.1141676902771,7.096692204475403
english,f137b8fcec3b281c1db8c70e4f6e279ab02c97a78fa7826ec295de94b149d3868bb338ab37253add0129c4642ee411cf70935eb711ba8f63631824d24f951977,1,1,2.5675086975097656,1.8461499214172363,0.7213587760925293
english,f138d75a743543591fb23c61bbb2cfc4a204866aa791fdddc2a868be75a3f5851013ee0e9036241396a08fce890ff0911b3218224b0b11dc917eb7b4fa2e8cec,2,2,1.4785161018371582,-3.7677201628684998,5.246236264705658
english,f1a60f2e4410f0e58f1721110203035145750ce2bc1ba35b2dd927564edf5d4e01c88617fb532e6a27c97f770d264a6b91864dfdae47af1ad2bb6a7d198a3a5f,1,1,4.890750885009766,-2.4580864906311035,7.348837375640869
english,f1e2e9cfb3e71915941135c03f485fbc43d845535824ca12c1b08f6a2d6f6ebb8cb8df358e468fc63ef64bf61aefc06eabd1e176a3c08543618fa0b20c0b304f,1,1,1.8939844369888303,-4.822400093078613,6.716384530067444
english,f1eb76a5e7dd1c7ffeb45215e3da870ce38ba0e337f76fdb6539d48ed4c31b2e00766c845ea2aeacb99e5281cc9fe27485ae2c87f1ebed00b74d9b86e25101b6,1,1,5.328413009643555,-0.5008425712585449,5.8292555809021
english,f21d4d232e4d48ef7d883a998ea47ab197fe586c809979066e3490da7296f873099b8b1d52fe911b073142071fc68364987e51acd6e417825d36b8aabb430701,1,1,5.439819812774658,-6.0051774978637695,11.444997310638428
english,f21ef383c92bc4fa5bd7dd347b7057b8face4e002874de2bc07f6dfa1e1d7b1262a6c3de664678f8459d7b4de30a3a4be78b2e1f86e46ce86198d31f6afb102b,1,1,5.600038528442383,-4.3271894454956055,9.927227973937988
english,f21f4aed01cb9796dee248dd61281a2594b5433733c16a992975745538119a6336a6160d19a007caf622e9dac88334e9b560a79f01c96eac0e25e0772f1a32b0,1,1,4.828449249267578,0.006214078515768,4.82223517075181
english,f24d91aabf9a3b7bd885bf5f0816b9db25e909361586fbb1a54b51bc5964bdd4d59fc104c0ccaf25f1c001aa55dede6118084db3f2cf621c9aecdb9e28c292ff,1,1,3.697141170501709,-5.0103302001953125,8.707471370697021
english,f2575ffc7d2d220100354a6074025b53f756f3fb7e9dfe544ef0e2f7334da8f01c03470829b2dd7f4b55a01321aa67c6b25533528dace02f0ede613c558df300,1,1,0.7455874681472778,-3.388728380203247,4.134315848350525
english,f39de6abfa4322db64ef4558412eb948a07d1209d7da08ce2a087b143c2976e42727d750025f9705c1dcc43044ddaf807245dee934c56958755c85e18330ee76,1,1,0.0448949374258518,-5.790012836456299,5.834907773882151
english,f3bc45d3e24363f9917a5991aaa7d5e4222631fdb171909aa52ee5f5cc1bbf48b7b08ff3922c4310a4362dab37a0f58436d90f1e0cf8d9c1383467564e673042,1,1,5.952127933502197,3.2163445949554443,2.735783338546753
english,f4515060e7f480a24c0778e8f3d5d1d286ed616552851a6c3c9c6aee7303d249fbffd910c70869b7620fc33b38c8b618b934eeea78ef4cde3c1be1566b44501e,2,2,4.196769714355469,-3.9953533411026,8.192123055458069
english,f4c52a7fa71f422af00b4870bad198752cd8a8b01f906ff580165a2cfa1983a539a838a60ff9e9781df46320441f07ec0a791fcb5356a89c101dc655cef68ea1,1,1,-4.2655439376831055,4.301057815551758,-8.566601753234863
english,f53fbd579558bad737c60acebb98f882914859e93b5dca543a0e42fec1b50d133581e268f275656ab05ef0b606c0552fe22920a2c67ff22e44a3b162ef51f63e,1,1,4.396320343017578,-5.54449462890625,9.940814971923828
english,f5535d8894fde26e853f611107d08112c9da78bdd2ac2d40c52e9cc8052ba06d695952912945855e0c345aa01c51b23ca16d7b8f3e72424c4545f72790fc9546,2,2,5.119426727294922,-0.6690982878208159,5.788525015115738
english,f55c6165fa5861bdc125327d4b843577e9a8bfb7ea35c342c2ede9afdc2712162e9837cfd1d48ceee25cd5c8be7cf8eb044b8bc738d2849e392fc0a843f67079,1,1,-3.6904897689819336,-5.9168548583984375,2.226365089416504
english,f57c5b0a00142382cb44dc5552ef4ed6f01e45d741e58a1db8ca8f80e14b967d9bdb981427791a446beda35c2bfb5955e203702bbd9e8377c1ac31c7448f2fd6,1,1,2.688859224319458,-3.52667498588562,6.215534210205078
english,f5a8a2e6cbefa2d48793fcf4dfd6ba7f23643a7a21328ab7a3ccec884375a627788e2b2090aa38d2ce5ee3ad14e0477e8ce1341d0d3477e88f82d596443c0ac2,1,1,4.366436004638672,-0.0090530402958393,4.375489044934511
english,f6462410c1b2266a4dc2c897e70e63807355de7da8d25648554fae02937d9c487343cb0eb8e009868920d489d8b8ff243a24b06243c67532a4e1e6c4bf3a7495,1,1,4.571147918701172,-5.874021530151367,10.445169448852539
english,f69822d775aa8b002cdbeed8ac6ae89a88a68a350a76a99c7d67eae9463236f277549a525500e4ba1873d2cc2757ca045d09b610b3c1a06f40a08ff0f8d9dd4d,1,1,4.254770755767822,-0.5213921070098877,4.77616286277771
english,f6fbe981d1f5d3994dd03ab50a5819c5417b2fd0b9a75378f6299800220b5e7fcc246597179982820f756c6c64f3afe5ca17b521e5ae68786cb2127111eab5fe,1,1,5.026838302612305,-0.6003310680389404,5.627169370651245
english,f748c3446cc12be48e26ebea896c3422ed8c447593cb4ebea1b829cb299d1bd5fb6d9d0b08be0d399a19a66dc5241d83603859cc01caa939d3dff5059e02abce,1,1,1.9076749086380005,-3.5586628913879395,5.46633780002594
english,f760637de4193a45b8d1d1db91900ec0c7f9d564d8a197a519eb3a30e4347acb8268fec8fd26bdf9f46232d927d63853dab462941b6ae02e1236d11d6b2bf82c,1,1,0.7706937789916992,-1.2926578521728516,2.063351631164551
english,f7ed6dee3c380c5cd70e1098d3991ba201ddd9a1eba1c9936c35f81c3e9e2545bd357fd225d5d300e3436e7c1c5abb105d43c8ae4856548d4ce79c3df6526513,1,1,4.349159240722656,-5.75502872467041,10.104187965393066
english,f86623298d3dbab0187cbb055721fd4596c8665c4e19fd49626680bad857630e33db565c426d2d648df7136e1e3374004d18f072ce5da469596f6a1ebe8f5e62,2,2,4.362001419067383,-5.78073787689209,10.142739295959473
english,f8a81fc514bbce776184be6870e932bd66efd0815e617244fb9e75ecd5e3c91076a8723dc2d9da39eab697ce1dfd7fe596611172127057daac456e21ac721b56,1,1,4.900106430053711,-5.909091472625732,10.809197902679443
english,f8b86421f3f6cd2e736e7b7044146b4ceab68d73694d1e256d23aabbd92d3364c0a9489b3416961e1a99e2f71fae8f9ee9a8502c7414059fa2f8cfc116ac0b5c,1,1,6.444324016571045,4.963440895080566,1.4808831214904785
english,f8c304a8a8e0064242f3e3ce19c7962ce27d81ace6c14103cb047ec7ac20817bcde3decc5a1709e35901dca1e02d3c491d4fe87ff30ba0b368b51795efc7766c,1,1,4.171786785125732,-5.640693187713623,9.812479972839355
english,f8df32165ae35b8fa424b6847071e038ff35b7982ec54540d43f92c2728a29d6398f895e9769645c763899932af6c9edb6947d756297f6fb6f4b3c26d07494b0,1,1,4.813447952270508,-4.78791618347168,9.601364135742188
english,f948443d2b457137c5ae390f985149e70a16666c61ba3b787a88c204622a5b5b90f30910bcede725f3a1fdf742bec63c99978d15d9eb10930a2641d4aff3bbea,1,1,5.233828067779541,-1.3845466375350952,6.618374705314636
english,f95c9f478228e092e2955d5f9ac7f3ed04e8e3d6dae1cde6bb7ff2906bd5196e116ed863adfbbe02dd7c2012665a5d5d3f85d447a1c9cc58d293eeded5ee1763,2,2,-2.4978308975696564,-4.044786810874939,1.5469559133052826
english,f9d3f80f6dd2d1a184e3e06cfd16c8ad0d2080beab663a4555ea959b0509ef417a8a077a3e5cb9fa33fee015e187f4f6744f9a95995c1c9b397138a3b6d20d3f,1,1,4.715499401092529,-0.1381080895662307,4.85360749065876
english,fa552041006acdb1700d1a4faca1565aa4190cc21242eb67cf459af1a7dc235ff7b65c6fd024e21419e84b3fc9246005b9614c0d41ff2745e6c05d4d79b53066,2,2,4.612199544906616,-4.690875768661499,9.303075313568115
english,fab4fe7d76806a557d22302117fc50c25fa30abe22679a5aa6b6940f30b12fd47c2c5b4e21f7cc3699132b8dee7c39ec0f9272530ca6e2d311e96bc7e88d40e8,1,1,5.164738655090332,-5.668158531188965,10.832897186279297
english,faf58637592369d770c1e99d28e3bb236d605fb5b9698c416ae3e5d5e7ed183994e3ffd2b0797dfe740081986f41f79ba0d3694de35933e435632a5b4ff0a773,1,1,5.551109790802002,-4.6970930099487305,10.248202800750732
english,fb37ef6ffecba809f5afb50ec87ff2c80f691a62c70d37d39328851602003653fcbd62f1003f46879d8edbfa3f56655d72f3731bef5516e5008def568ee9d622,1,1,2.8359696865081787,-5.572924137115479,8.408893823623657
english,fb6f8778471660b62a30900b077d2fec2b6d4f599bd1896c93da7b7a8e601fc72a638c1cbb4b0ec550d981c39c3222fa251a53222b9b05c364b97ba239bd6d4c,1,1,-0.6680861711502075,-2.4338021278381348,1.7657159566879272
english,fb7ac40ceaf529e45275fd681c575ddcb7d49eaf12187663d0a615b3187ba2d22df6128d04fbb5c8b3adb337a11bde7ba56f90d8531091fd49c7424fa1474cfa,1,1,-0.4526272416114807,-0.848761796951294,0.39613455533981323
english,fb919534447910b303adb39567779ddf6d8fb1404aca83de7c475f8ff4ff463f85677575022253c3a6700769e3d79bf17516b72ec038e5a1b9d5f803dc6e166a,1,1,2.0503101348876958,-5.45040225982666,7.5007123947143555
english,fbb3edf1627fedb89befeb7f1f9e2a5ac21c28e8bbfabe5e3641b4c10b1e322f02c24556ec35ada619c308b81f7214b639fd72be45b11d6f3e7fb542c1b7c652,2,2,-0.394106388092041,-4.820035696029663,4.425929307937622
english,fbb452fe9306470e99a0343817b59ccfe59f4512f7d3b9de94347c1d1521c5d4d76f0566c2b593eec517eb632ed0bd8b70cfed46ffa03df1ebf774bb3dc6c7f3,1,1,0.0383112393319606,-5.644662380218506,5.6829736195504665
english,fc0b5f0d37046cbb75a9d2b626ec260b901afc97a5b9b37f5ec2a73a9aa52c6c705057d1fc684bd383448d75f2cfd33eee31571e13ae709072d88c15d8874dba,1,1,3.034864664077759,1.0368868112564087,1.99797785282135
english,fce6c1765bc5e8a1b520ce0fb037b680a46bb6515a34cfca60856229a4c85b99f76578773e6a1318ba817db77c0d7fca0d84100fc0b7567a708678c867b78544,1,1,5.248298645019531,-2.1788876056671143,7.4271862506866455
english,fcffb37fddeaa6cbdda86f7d25e57e69c00d260fc22caae90b91c1b7b818a12e26e77c8ebe42dd53b76031a9662564f17ca23ef8ae743fc3aefc9da6bf182acd,1,1,-2.4686977863311768,-5.786350250244141,3.317652463912964
english,fd0dff3b5f07ca5531d539b5a2d98730836ad0aa3e1b6526ad93f596c546212f2e9c6152141a6d6a86254fe36668b66427df0e1588645c1756157fb92705969a,1,1,2.76046085357666,-2.3632402420043945,5.123701095581055
english,fd48e7acec23ba4e8630b5065164f337a76a615c7a2bc40c7d860e1e429f32834c6e9928aee0e47c844295e71d003be056e099d178268103c277a965ddfe4778,1,1,-6.040939331054688,-5.946123123168945,-0.09481620788574308
english,fd52910d24299328945044ddd49dd2d79ef95c7b0d6e38d06d65a1d9330f64f45a8426cf556ed10a705307dcf622e1fe152ee48d5bd2e38b89b4da815b5c38a6,2,2,0.5958513021469116,-4.388370871543884,4.984222173690796
english,fd638475b9b479713b39cb2d0a70472d3d627539daabc47c038f00f01f6309cc9b694979ab650a854c44d48185411db172b499f52e18f2174b7d1784dfe58684,1,1,0.7712913751602173,-5.909867286682129,6.681158661842346
english,fd7acee71c8a4973ac1f95645d4d578bd37952a18500c26e9a1d9408c3b9f6bb7e9ad8241ea201785032196fbafd6c2a6ea55c6946fa88590cd1b61bec9d87e4,1,1,4.5523457527160645,-0.5731692314147949,5.125514984130859
english,fdb77e50196cf7d74c2e21915bd9bc495f816adf36fb10430ff94bc329dbd3a78cd9535473ecfc8892f3c4b02c5ee4864c51bbeac2da20650b20ab3c7a363a8e,1,1,-0.6330614686012268,6.3806023597717285,-7.013663828372955
english,fdf0df76b287ef6d4405d81a740d3adaf9308b9feeceb55a0e58a4f82852f21a45f4255fde374b857c2e994020205692012ef84db6ccfe9bef7b9ba58853f3a2,1,1,4.034799098968506,-5.639978408813477,9.674777507781982
english,fe024e7c89f2831e19be52d4146f469192339777aa731fae2074543b35f500431f4ce8647d9e394762bb6cef43615f7ec2f6bac46df8832a5c687b4946a89e80,1,1,-0.6446282267570496,-5.953466415405273,5.308838188648224
english,fe26a31372f17c6dc4626b8349a22c04a373e49c8107355e79dc0b43e476161083653cf145f519c774a7d60752ced63d9851e83c7dd1805d2a1f54e9bbe26bcc,1,1,5.751809120178223,-0.5933018922805786,6.345111012458801
english,fe47f7429a8b74dac1af555a066bf3631aca9f68332f0c9a863bfb2a3b1a591005ed8546e708f9cbbc02aad144afb89da53d5115b656368d8ec2a02e7c745493,1,1,-0.2114675194025039,-0.7671604156494141,0.5556928962469101
english,fe778162f7b16b5dfc1177485eff2cde1ce2ce7f165c1eef9607fdc5457eeca369b8586bc02ad8224c38d3b132e52b0ba239ed0931d69bafa6b5cac9a7938276,1,1,0.0729427486658096,-4.182374954223633,4.255317702889442
english,fe7db1fb124cf95e02221eefd30713e3f00ead493520eb80e39c626debd051adf78843b780bf2446f298093cf1cfea7b096854dc4fc70a0beaa66a64e69838b4,1,1,4.569357872009277,3.719779253005981,0.8495786190032963
english,fead302562c0f7a3cdcf560ca226fb47bef72865d97bc047d16fa52c6c3a8528f70760545553b6a4342d14601b10410f40c37165c707d44db2c75de052b5aa68,1,1,-1.045224666595459,6.289175987243652,-7.334400653839111
english,fed9256c65cd48a2d4da7e34aa45be31129328ddcd07ede75ae4ccb0f890d77550d441e0fff05791be816ca2b3350a68229e42728b2273d517addf9eb0529cb4,1,1,5.411505699157715,-2.199889659881592,7.611395359039307
english,fee29389d0adadea5b7b40e51fc503b2eea268c46d615655581035be8d1a24a2907acc13bf0915cae5e1108f44f79ecc6630685d344e8a30a02c670b192cea6a,1,1,5.754742622375488,1.8686219453811648,3.8861206769943237
english,feeb5afc17b480b36cc2b5462183c9d4e033d7064d28304f6e9c84b2ab2f82e8f95b344a3207d4f6fec50e69752c9ed07f6d0fc945f15bdf4fdf0d6edef4020c,1,1,-0.8819716572761536,-6.087364196777344,5.20539253950119
english,ff152b650c667b41c3f64f73e5e2cd4296f7aa2db1eb2d7eb66a96767985fd9f5b293abdfb65ccf4e9d80ad967fbc0a2b96afdab057ad6f269eb5a10f508feec,1,1,4.646443843841553,-5.721897125244141,10.368340969085693
english,ff6c256ddb6671198ea6bd7256a1e43c22a270209b2bd1ba8297c5cb9fc6db37307aaaa3c1dc4a4bd7d4a42da2b312813017fd0fb47844fe24b63b0d4129f441,1,1,5.267478942871094,-0.5976072549819946,5.865086197853088
english,fffc240b81001ceb15be7eaf84e918a9e8105b8699fadae5a63c27d0b77f8ae275cedd4c8b257ccbaeef2a569dd15750c10ecdfe40130c09e7c45131d107ce91,1,1,4.9875078201293945,5.914429664611816,-0.9269218444824219
