pair_id,analysis_cluster,path,label,duration_s,bonafide_logit,spoof_logit,weight,language,difficulty,client_id,overlap_weight,low_energy_frac,mid_energy_frac,high_energy_frac,rms,peak,duration_s_cov,analysis_cluster_cov,low_frac,mid_frac,high_frac,gini,entropy,topk_1pct,topk_5pct,topk_10pct
0,45bac0b1844eda8f7fdb915e9070089e152b437f33a9f0ae3800195ce24350d2887f757aa200129cac918867663d1cd989546dc73bee55ecef04637f973c9951,english_griffinlim_eval_final/fake_english_griffinlim/english_fake_0000.wav,0,7.56,-5.925039768218994,6.795634269714356,0.0548739086793669,english,-5.420059084892273,45bac0b1844eda8f7fdb915e9070089e152b437f33a9f0ae3800195ce24350d2887f757aa200129cac918867663d1cd989546dc73bee55ecef04637f973c9951,0.0548739086793669,0.8615980517900368,0.1147297143464904,0.0225607868969149,0.0726707852700689,0.578338623046875,7.56,45bac0b1844eda8f7fdb915e9070089e152b437f33a9f0ae3800195ce24350d2887f757aa200129cac918867663d1cd989546dc73bee55ecef04637f973c9951,,,,,,,,
1,a79053332666959d49c7f1ebb837a28ed8ba392c55c55ae9ff8e23ed1f9174612470eba3342acc09f9aabba6ce43eedeceb4a6d08a636b7da04abe058d03af3f,english_griffinlim_eval_final/fake_english_griffinlim/english_fake_0001.wav,0,4.68,-6.025521755218506,7.018877506256104,0.0277832557912262,english,-5.520541071891785,a79053332666959d49c7f1ebb837a28ed8ba392c55c55ae9ff8e23ed1f9174612470eba3342acc09f9aabba6ce43eedeceb4a6d08a636b7da04abe058d03af3f,0.0277832557912262,0.917606703672858,0.0683433250553508,0.0129819805846318,0.0733956853278675,0.506622314453125,4.68,a79053332666959d49c7f1ebb837a28ed8ba392c55c55ae9ff8e23ed1f9174612470eba3342acc09f9aabba6ce43eedeceb4a6d08a636b7da04abe058d03af3f,,,,,,,,
2,05c2823695fcf6a61cfee3126b93d7211e4389c008694f2db5278f438c475119a3fdcfb48deb73ab433137dea310157a0143ca155b95ba0700ed4751f76f605f,english_griffinlim_eval_final/fake_english_griffinlim/english_fake_0002.wav,0,7.296,-6.019196510314941,6.8902130126953125,0.0149177969053805,english,-5.51421582698822,05c2823695fcf6a61cfee3126b93d7211e4389c008694f2db5278f438c475119a3fdcfb48deb73ab433137dea310157a0143ca155b95ba0700ed4751f76f605f,0.0149177969053805,0.8857408716601499,0.1020457722387208,0.0117332936755414,0.0913410550288619,0.989990234375,7.296,05c2823695fcf6a61cfee3126b93d7211e4389c008694f2db5278f438c475119a3fdcfb48deb73ab433137dea310157a0143ca155b95ba0700ed4751f76f605f,,,,,,,,
3,7133f45eca7e693b9d34f6ec989603887be32bbe9f50bdfa1f5d30438869d07ccb08c12e55338c9448903723ae3becc5e8b6326c00b90d727cbe7142f826e180,english_griffinlim_eval_final/fake_english_griffinlim/english_fake_0003.wav,0,6.528,-1.9261897802352903,2.5937652587890625,0.1331686486655819,english,-1.4212090969085691,7133f45eca7e693b9d34f6ec989603887be32bbe9f50bdfa1f5d30438869d07ccb08c12e55338c9448903723ae3becc5e8b6326c00b90d727cbe7142f826e180,0.1331686486655819,0.6254648849480989,0.304919678103588,0.068824267967705,0.0829330575648246,0.95294189453125,6.528,7133f45eca7e693b9d34f6ec989603887be32bbe9f50bdfa1f5d30438869d07ccb08c12e55338c9448903723ae3becc5e8b6326c00b90d727cbe7142f826e180,,,,,,,,
4,610f1e0425c07be38daa13dd69efca6c452b8a3aa61ddb294cd15fc382457bb6b1068ee70964140c24cd4792569f510951b730733425773dfb1177419659f990,english_griffinlim_eval_final/fake_english_griffinlim/english_fake_0004.wav,0,4.716,-6.032742500305176,6.920646190643311,0.0086878900338233,english,-5.527761816978455,610f1e0425c07be38daa13dd69efca6c452b8a3aa61ddb294cd15fc382457bb6b1068ee70964140c24cd4792569f510951b730733425773dfb1177419659f990,0.0086878900338233,0.8492586757542115,0.1331532054936582,0.0160400518452444,0.0631954730715334,0.663421630859375,4.716,610f1e0425c07be38daa13dd69efca6c452b8a3aa61ddb294cd15fc382457bb6b1068ee70964140c24cd4792569f510951b730733425773dfb1177419659f990,,,,,,,,
5,8e3c3472fcd01198c79948ec91b37ad9bfbfafde08e87dc56eaf70a15188ab263aa3a85f01ad2dfdf623e1d4053bc56fbb5e0ad820a8b77444d6c3dc1d24e7fb,english_griffinlim_eval_final/fake_english_griffinlim/english_fake_0005.wav,0,2.808,-5.652700424194336,6.444450378417969,0.3545276955165674,english,-5.147719740867615,8e3c3472fcd01198c79948ec91b37ad9bfbfafde08e87dc56eaf70a15188ab263aa3a85f01ad2dfdf623e1d4053bc56fbb5e0ad820a8b77444d6c3dc1d24e7fb,0.3545276955165674,0.9089058020012684,0.0883781888991975,0.0025504930197374,0.1463586499894575,0.989990234375,2.808,8e3c3472fcd01198c79948ec91b37ad9bfbfafde08e87dc56eaf70a15188ab263aa3a85f01ad2dfdf623e1d4053bc56fbb5e0ad820a8b77444d6c3dc1d24e7fb,,,,,,,,
6,ea39e5b1167b73b71b84a9fc11f61de538300ac3202879293f05a1967f57e9039faeb00684199a7b7a0f5f52255eb5afea7f847cdf3310cff4db57cbc82194cc,english_griffinlim_eval_final/fake_english_griffinlim/english_fake_0006.wav,0,7.452,-6.014808654785156,6.967901706695557,0.8710352349101944,english,-5.509827971458435,ea39e5b1167b73b71b84a9fc11f61de538300ac3202879293f05a1967f57e9039faeb00684199a7b7a0f5f52255eb5afea7f847cdf3310cff4db57cbc82194cc,0.8710352349101944,0.4289347278129405,0.5504892237563873,0.0200126117337389,0.0941919011111445,0.802642822265625,7.452,ea39e5b1167b73b71b84a9fc11f61de538300ac3202879293f05a1967f57e9039faeb00684199a7b7a0f5f52255eb5afea7f847cdf3310cff4db57cbc82194cc,,,,,,,,
7,02718e6068e2d4292ebb32deaefc1cb424d3bf323c8fbd29225d1265b58089ef26ad1e5295382ecd05c48a150ff399f46d10059e2491b98ceb5b08c498afb1eb,english_griffinlim_eval_final/fake_english_griffinlim/english_fake_0007.wav,0,3.984,-0.6692512035369873,1.184876561164856,0.0161439980901179,english,-0.1642705202102661,02718e6068e2d4292ebb32deaefc1cb424d3bf323c8fbd29225d1265b58089ef26ad1e5295382ecd05c48a150ff399f46d10059e2491b98ceb5b08c498afb1eb,0.0161439980901179,0.7554295309787755,0.1525091229789028,0.0855722221283295,0.028365210029015,0.275115966796875,3.984,02718e6068e2d4292ebb32deaefc1cb424d3bf323c8fbd29225d1265b58089ef26ad1e5295382ecd05c48a150ff399f46d10059e2491b98ceb5b08c498afb1eb,,,,,,,,
8,287db5b3c7065ffc1e6827c0bc87dc4a6b6a45c159642fe8d490d5adb6ce18a5b4b528f921503762bbb20b1fcd84f5f8256a9a11cd4ccf55964f301b416b08d2,english_griffinlim_eval_final/fake_english_griffinlim/english_fake_0008.wav,0,4.5,-5.901646614074707,6.801974296569824,0.024885044529129,english,-5.396665930747986,287db5b3c7065ffc1e6827c0bc87dc4a6b6a45c159642fe8d490d5adb6ce18a5b4b528f921503762bbb20b1fcd84f5f8256a9a11cd4ccf55964f301b416b08d2,0.024885044529129,0.8309802590357962,0.078663153519231,0.0878704371284032,0.0460948055954758,0.354583740234375,4.5,287db5b3c7065ffc1e6827c0bc87dc4a6b6a45c159642fe8d490d5adb6ce18a5b4b528f921503762bbb20b1fcd84f5f8256a9a11cd4ccf55964f301b416b08d2,,,,,,,,
9,bfa46e4905ae85ce085800b03f8bc77ff9b8eb2ef591b35335ff6baf2bd034e2ddcdf24d02e9c82f99ca770b584e45732bc15cf409aa12485ad9e5c1e06c368b,english_griffinlim_eval_final/fake_english_griffinlim/english_fake_0009.wav,0,2.64,-5.488898277282715,6.264532089233398,0.0162338079443695,english,-4.983917593955994,bfa46e4905ae85ce085800b03f8bc77ff9b8eb2ef591b35335ff6baf2bd034e2ddcdf24d02e9c82f99ca770b584e45732bc15cf409aa12485ad9e5c1e06c368b,0.0162338079443695,0.7237016798469832,0.2290418740315332,0.0402947426835825,0.0247627866676664,0.18267822265625,2.64,bfa46e4905ae85ce085800b03f8bc77ff9b8eb2ef591b35335ff6baf2bd034e2ddcdf24d02e9c82f99ca770b584e45732bc15cf409aa12485ad9e5c1e06c368b,,,,,,,,
10,1c5ac4e60d78e04c497fcf0631e17dc41c4194fdaf8646e5e610b31d0236efafa34c7a9f85556dd028caeec1c3af0a452aa7ea8c759c5ab70bab73bfd8372808,english_griffinlim_eval_final/fake_english_griffinlim/english_fake_0010.wav,0,6.48,-3.100456476211548,4.025141716003418,0.007703285560147,english,-2.5954757928848267,1c5ac4e60d78e04c497fcf0631e17dc41c4194fdaf8646e5e610b31d0236efafa34c7a9f85556dd028caeec1c3af0a452aa7ea8c759c5ab70bab73bfd8372808,0.007703285560147,0.8643659418794857,0.0997379731266264,0.0320642452685991,0.0369233492326553,0.368927001953125,6.48,1c5ac4e60d78e04c497fcf0631e17dc41c4194fdaf8646e5e610b31d0236efafa34c7a9f85556dd028caeec1c3af0a452aa7ea8c759c5ab70bab73bfd8372808,,,,,,,,
11,dcde65861c30448743ac761cade398b1d27a13981a2455310b6ed9e2c2cf64150a920420006b6ce402004ab1c0213634e720f23e0d6b5355f2d792fc17afb400,english_griffinlim_eval_final/fake_english_griffinlim/english_fake_0011.wav,0,2.976,-0.7500510215759277,1.3239593505859375,0.1807497486527387,english,-0.24507033824920654,dcde65861c30448743ac761cade398b1d27a13981a2455310b6ed9e2c2cf64150a920420006b6ce402004ab1c0213634e720f23e0d6b5355f2d792fc17afb400,0.1807497486527387,0.4551959575629545,0.402483993419083,0.1228620946571902,0.0102225063321253,0.081451416015625,2.976,dcde65861c30448743ac761cade398b1d27a13981a2455310b6ed9e2c2cf64150a920420006b6ce402004ab1c0213634e720f23e0d6b5355f2d792fc17afb400,,,,,,,,
12,31b8e2787d4beaffa210309b361d84ba70dcec806fb41fbbe0f081f473289039da13d11eb64125e0746fc72adb2bec40a73e8db55b1692aa7a4e86dd68667a30,english_griffinlim_eval_final/fake_english_griffinlim/english_fake_0012.wav,0,5.184,-1.9440256357192995,2.695591449737549,0.2102510637879978,english,-1.4390449523925783,31b8e2787d4beaffa210309b361d84ba70dcec806fb41fbbe0f081f473289039da13d11eb64125e0746fc72adb2bec40a73e8db55b1692aa7a4e86dd68667a30,0.2102510637879978,0.5139385202433477,0.4237213700874525,0.0580520572053536,0.0325312828790444,0.28778076171875,5.184,31b8e2787d4beaffa210309b361d84ba70dcec806fb41fbbe0f081f473289039da13d11eb64125e0746fc72adb2bec40a73e8db55b1692aa7a4e86dd68667a30,,,,,,,,
13,8e91a247ca7696cb0530ac8b83b477578fd91898a3bc219cff8043a98dda87ecd3764290ba9f76672a457242c7c39ed72d8ec123734ea2b3e849c02f0ad5b447,english_griffinlim_eval_final/fake_english_griffinlim/english_fake_0013.wav,0,5.868,-6.1086506843566895,7.013011455535889,0.1779995049434602,english,-5.603670001029968,8e91a247ca7696cb0530ac8b83b477578fd91898a3bc219cff8043a98dda87ecd3764290ba9f76672a457242c7c39ed72d8ec123734ea2b3e849c02f0ad5b447,0.1779995049434602,0.7072047644778509,0.2795206982605753,0.0125646117964829,0.0884603934905692,0.766357421875,5.868,8e91a247ca7696cb0530ac8b83b477578fd91898a3bc219cff8043a98dda87ecd3764290ba9f76672a457242c7c39ed72d8ec123734ea2b3e849c02f0ad5b447,,,,,,,,
14,d43f808f4c373507a4ae651689eda02e203066d3b081af35a5940015a6d6c1e7ba2751e8d62abc4b521d54574fe37cfbac6afc72089c0ccafd53c27483275ec7,english_griffinlim_eval_final/fake_english_griffinlim/english_fake_0014.wav,0,5.796,-1.0723110437393188,1.5723271369934082,0.0404783676343219,english,-0.5673303604125977,d43f808f4c373507a4ae651689eda02e203066d3b081af35a5940015a6d6c1e7ba2751e8d62abc4b521d54574fe37cfbac6afc72089c0ccafd53c27483275ec7,0.0404783676343219,0.5678732710902333,0.393135200859719,0.0335345338668389,0.0279298462600769,0.4228515625,5.796,d43f808f4c373507a4ae651689eda02e203066d3b081af35a5940015a6d6c1e7ba2751e8d62abc4b521d54574fe37cfbac6afc72089c0ccafd53c27483275ec7,,,,,,,,
15,f748c3446cc12be48e26ebea896c3422ed8c447593cb4ebea1b829cb299d1bd5fb6d9d0b08be0d399a19a66dc5241d83603859cc01caa939d3dff5059e02abce,english_griffinlim_eval_final/fake_english_griffinlim/english_fake_0015.wav,0,6.816,-3.5586628913879395,4.578973770141602,0.8135056305362015,english,-3.0536822080612183,f748c3446cc12be48e26ebea896c3422ed8c447593cb4ebea1b829cb299d1bd5fb6d9d0b08be0d399a19a66dc5241d83603859cc01caa939d3dff5059e02abce,0.8135056305362015,0.4872407737321608,0.4742660366344026,0.0379918855466313,0.0977747579887054,0.82672119140625,6.816,f748c3446cc12be48e26ebea896c3422ed8c447593cb4ebea1b829cb299d1bd5fb6d9d0b08be0d399a19a66dc5241d83603859cc01caa939d3dff5059e02abce,,,,,,,,
16,f948443d2b457137c5ae390f985149e70a16666c61ba3b787a88c204622a5b5b90f30910bcede725f3a1fdf742bec63c99978d15d9eb10930a2641d4aff3bbea,english_griffinlim_eval_final/fake_english_griffinlim/english_fake_0016.wav,0,3.144,-1.3845466375350952,2.0821359157562256,0.0192301458590744,english,-0.879565954208374,f948443d2b457137c5ae390f985149e70a16666c61ba3b787a88c204622a5b5b90f30910bcede725f3a1fdf742bec63c99978d15d9eb10930a2641d4aff3bbea,0.0192301458590744,0.7333790518557021,0.2060915454100332,0.0546745199363828,0.0286705382359477,0.22686767578125,3.144,f948443d2b457137c5ae390f985149e70a16666c61ba3b787a88c204622a5b5b90f30910bcede725f3a1fdf742bec63c99978d15d9eb10930a2641d4aff3bbea,,,,,,,,
17,1fc06ae2858fe60314b607d8728ce36d5dcd8f22f6f13b106b6c4a346da6e0d00fa406883a1bfa9a0973fa46de07b02b471559048f76b07fd708d71dbac8907c,english_griffinlim_eval_final/fake_english_griffinlim/english_fake_0017.wav,0,3.528,-6.051851749420166,6.9359211921691895,0.2819768426618195,english,-5.546871066093445,1fc06ae2858fe60314b607d8728ce36d5dcd8f22f6f13b106b6c4a346da6e0d00fa406883a1bfa9a0973fa46de07b02b471559048f76b07fd708d71dbac8907c,0.2819768426618195,0.8992529849001822,0.0935789407153326,0.0068012744578221,0.1340118040030148,0.9156494140625,3.528,1fc06ae2858fe60314b607d8728ce36d5dcd8f22f6f13b106b6c4a346da6e0d00fa406883a1bfa9a0973fa46de07b02b471559048f76b07fd708d71dbac8907c,,,,,,,,
18,7835d8b47d67c96f66ab4d9d0e1269cd46ab970e7a5f1adc30ef6e6129b4dc2567289113ed59273ae72a5668b903851356bc4f268043717b3fa1ad433bf651d6,english_griffinlim_eval_final/fake_english_griffinlim/english_fake_0018.wav,0,4.824,2.2870492935180664,-2.985677719116211,0.0133948509821735,english,2.7920299768447876,7835d8b47d67c96f66ab4d9d0e1269cd46ab970e7a5f1adc30ef6e6129b4dc2567289113ed59273ae72a5668b903851356bc4f268043717b3fa1ad433bf651d6,0.0133948509821735,0.7779131146155268,0.1390724984999816,0.0713388933530026,0.0198293125635637,0.159637451171875,4.824,7835d8b47d67c96f66ab4d9d0e1269cd46ab970e7a5f1adc30ef6e6129b4dc2567289113ed59273ae72a5668b903851356bc4f268043717b3fa1ad433bf651d6,,,,,,,,
19,fb919534447910b303adb39567779ddf6d8fb1404aca83de7c475f8ff4ff463f85677575022253c3a6700769e3d79bf17516b72ec038e5a1b9d5f803dc6e166a,english_griffinlim_eval_final/fake_english_griffinlim/english_fake_0019.wav,0,3.264,-5.45040225982666,6.283702850341797,0.0381881337779668,english,-4.945421576499939,fb919534447910b303adb39567779ddf6d8fb1404aca83de7c475f8ff4ff463f85677575022253c3a6700769e3d79bf17516b72ec038e5a1b9d5f803dc6e166a,0.0381881337779668,0.92376031913712,0.0406267267006937,0.0348131454383531,0.087085296756161,0.61016845703125,3.264,fb919534447910b303adb39567779ddf6d8fb1404aca83de7c475f8ff4ff463f85677575022253c3a6700769e3d79bf17516b72ec038e5a1b9d5f803dc6e166a,,,,,,,,
20,6325c76fb5e68d55674df688a91178a08ce91db4b3927b94d908b67680d9548f006ce4ca4564203006a4ffb6d5aa44dfa55bc63e6a740432bd060181c6418d42,english_griffinlim_eval_final/fake_english_griffinlim/english_fake_0020.wav,0,5.472,-4.901918411254883,5.569659233093262,0.8001377075789451,english,-4.396937727928162,6325c76fb5e68d55674df688a91178a08ce91db4b3927b94d908b67680d9548f006ce4ca4564203006a4ffb6d5aa44dfa55bc63e6a740432bd060181c6418d42,0.8001377075789451,0.5029637641517677,0.2509743567620033,0.2455601693396524,0.0980381688687687,0.989990234375,5.472,6325c76fb5e68d55674df688a91178a08ce91db4b3927b94d908b67680d9548f006ce4ca4564203006a4ffb6d5aa44dfa55bc63e6a740432bd060181c6418d42,,,,,,,,
21,8796693fb19970eda73c742a411fd9fdea613f4d64d9a3b5e6c756fa7dc6648f34705ff8b294fa3543663ed6b1b6ab6f5cc2e37f278ab0b112aaa9c2de33aa20,english_griffinlim_eval_final/fake_english_griffinlim/english_fake_0021.wav,0,5.688,5.593398571014404,-7.172393798828125,0.2054777787684414,english,6.0983792543411255,8796693fb19970eda73c742a411fd9fdea613f4d64d9a3b5e6c756fa7dc6648f34705ff8b294fa3543663ed6b1b6ab6f5cc2e37f278ab0b112aaa9c2de33aa20,0.2054777787684414,0.5068891321562835,0.320246724341533,0.1466971104181256,0.0066870458175305,0.033966064453125,5.688,8796693fb19970eda73c742a411fd9fdea613f4d64d9a3b5e6c756fa7dc6648f34705ff8b294fa3543663ed6b1b6ab6f5cc2e37f278ab0b112aaa9c2de33aa20,,,,,,,,
22,389d64208bb16616aeaefd59ad89624adf2f7cb0e68d4d97c380215b52a7eced9d0849bb269542471cf25cbddd543932c79011b751eb6d7380245a6da0eb1eff,english_griffinlim_eval_final/fake_english_griffinlim/english_fake_0022.wav,0,6.948,0.0414199344813823,-0.0256322920322418,0.0052125571939596,english,0.5464006178081035,389d64208bb16616aeaefd59ad89624adf2f7cb0e68d4d97c380215b52a7eced9d0849bb269542471cf25cbddd543932c79011b751eb6d7380245a6da0eb1eff,0.0052125571939596,0.7779623566493364,0.1886573263045699,0.0318421038501139,0.0583481485675625,0.879913330078125,6.948,389d64208bb16616aeaefd59ad89624adf2f7cb0e68d4d97c380215b52a7eced9d0849bb269542471cf25cbddd543932c79011b751eb6d7380245a6da0eb1eff,,,,,,,,
23,7d253c6592f60c2d569618ff419996fc9d6c62add2c6a3c8b9be36bd09e27e775a8bf4dcb99497fa8c81670ae500e79e6056106b5c34b01fd562301f0729f9e9,english_griffinlim_eval_final/fake_english_griffinlim/english_fake_0023.wav,0,7.236,-5.127645492553711,5.985610008239746,0.0804984065062224,english,-4.62266480922699,7d253c6592f60c2d569618ff419996fc9d6c62add2c6a3c8b9be36bd09e27e775a8bf4dcb99497fa8c81670ae500e79e6056106b5c34b01fd562301f0729f9e9,0.0804984065062224,0.7453856481031763,0.1635290265647411,0.0905586443416933,0.0895480825216677,0.989990234375,7.236,7d253c6592f60c2d569618ff419996fc9d6c62add2c6a3c8b9be36bd09e27e775a8bf4dcb99497fa8c81670ae500e79e6056106b5c34b01fd562301f0729f9e9,,,,,,,,
24,fd52910d24299328945044ddd49dd2d79ef95c7b0d6e38d06d65a1d9330f64f45a8426cf556ed10a705307dcf622e1fe152ee48d5bd2e38b89b4da815b5c38a6,english_griffinlim_eval_final/fake_english_griffinlim/english_fake_0024.wav,0,6.96,-2.7570388317108154,3.694409132003784,0.0294057040395253,english,-2.2520581483840942,fd52910d24299328945044ddd49dd2d79ef95c7b0d6e38d06d65a1d9330f64f45a8426cf556ed10a705307dcf622e1fe152ee48d5bd2e38b89b4da815b5c38a6,0.0294057040395253,0.8163190051359175,0.1470867424297607,0.0362633013594548,0.0902757644748194,0.990020751953125,6.96,fd52910d24299328945044ddd49dd2d79ef95c7b0d6e38d06d65a1d9330f64f45a8426cf556ed10a705307dcf622e1fe152ee48d5bd2e38b89b4da815b5c38a6,,,,,,,,
25,11ec372417df77b07bb129cc7572637abe768dd9ba9a6cf66c66b5081a6016aa00fb0a31287220448ed090f18b89fb45ff7e35247c32e492909a9d08f7645c84,english_griffinlim_eval_final/fake_english_griffinlim/english_fake_0025.wav,0,3.84,-0.2604933977127075,0.201550617814064,0.0186574051124061,english,0.24448728561401367,11ec372417df77b07bb129cc7572637abe768dd9ba9a6cf66c66b5081a6016aa00fb0a31287220448ed090f18b89fb45ff7e35247c32e492909a9d08f7645c84,0.0186574051124061,0.746698769331743,0.1609648113583119,0.0787117478467158,0.0168638926184134,0.088134765625,3.84,11ec372417df77b07bb129cc7572637abe768dd9ba9a6cf66c66b5081a6016aa00fb0a31287220448ed090f18b89fb45ff7e35247c32e492909a9d08f7645c84,,,,,,,,
26,9c9f9dccc7daa91a521fbafd9034be60b8ff297054102d2fdb87ba9209468736b3d3f387ea0712eaf6081eaaf986b10eedf03639a7dae6f842c4cb214e10fd43,english_griffinlim_eval_final/fake_english_griffinlim/english_fake_0026.wav,0,5.736,-6.028575420379639,7.001564025878906,0.444031202696569,english,-5.5235947370529175,9c9f9dccc7daa91a521fbafd9034be60b8ff297054102d2fdb87ba9209468736b3d3f387ea0712eaf6081eaaf986b10eedf03639a7dae6f842c4cb214e10fd43,0.444031202696569,0.7828386725491718,0.0926003703900418,0.1239572055337883,0.0974088231168789,0.676605224609375,5.736,9c9f9dccc7daa91a521fbafd9034be60b8ff297054102d2fdb87ba9209468736b3d3f387ea0712eaf6081eaaf986b10eedf03639a7dae6f842c4cb214e10fd43,,,,,,,,
27,0bd650fb7e4a1bce7ccd2c8ff253e80ea7b561b24ebb011fb1988568bec51d6e6c7a453780ea55f75769d664a0910d496135d3d49a4bddf135fce8dfd60bd360,english_griffinlim_eval_final/fake_english_griffinlim/english_fake_0027.wav,0,7.584,-5.939295291900635,6.787415504455566,0.6716091720891303,english,-5.434314608573914,0bd650fb7e4a1bce7ccd2c8ff253e80ea7b561b24ebb011fb1988568bec51d6e6c7a453780ea55f75769d664a0910d496135d3d49a4bddf135fce8dfd60bd360,0.6716091720891303,0.8927614792397325,0.0824345257084485,0.0244922808573754,0.139938613634649,0.900390625,7.584,0bd650fb7e4a1bce7ccd2c8ff253e80ea7b561b24ebb011fb1988568bec51d6e6c7a453780ea55f75769d664a0910d496135d3d49a4bddf135fce8dfd60bd360,,,,,,,,
28,028ab76c21b95feb9d1c45d6e15601663af90da27fae2173cc795b0509b393432e7b22dec98cb7986134e44b046930c53a6b0906e44a12694c6874af3c7e16b1,english_griffinlim_eval_final/fake_english_griffinlim/english_fake_0028.wav,0,6.696,-4.458049297332764,5.260896682739258,0.023264748739194,english,-3.9530686140060425,028ab76c21b95feb9d1c45d6e15601663af90da27fae2173cc795b0509b393432e7b22dec98cb7986134e44b046930c53a6b0906e44a12694c6874af3c7e16b1,0.023264748739194,0.7869480426190099,0.1236554904306548,0.0858051548923439,0.0377159883209612,0.388519287109375,6.696,028ab76c21b95feb9d1c45d6e15601663af90da27fae2173cc795b0509b393432e7b22dec98cb7986134e44b046930c53a6b0906e44a12694c6874af3c7e16b1,,,,,,,,
29,e790d1a6d652b49b74172d96fca249c1d46c38806613534de93e324492059b41bb491639158ff5b5efe117d167447b1dca743bff0b32dcfe07b12a43fb13a86e,english_griffinlim_eval_final/fake_english_griffinlim/english_fake_0029.wav,0,7.32,-5.723837852478027,6.57623291015625,0.9291331193529548,english,-5.218857169151306,e790d1a6d652b49b74172d96fca249c1d46c38806613534de93e324492059b41bb491639158ff5b5efe117d167447b1dca743bff0b32dcfe07b12a43fb13a86e,0.9291331193529548,0.771660307254919,0.0271398946771189,0.2008397864159311,0.1293368436615829,0.826690673828125,7.32,e790d1a6d652b49b74172d96fca249c1d46c38806613534de93e324492059b41bb491639158ff5b5efe117d167447b1dca743bff0b32dcfe07b12a43fb13a86e,,,,,,,,
30,22bc86f13b4251a1091cee1fd2599e43dae0537d789e5b88bac1db2f0814ac63bd7bb15e13a24648acf9c29e144fa08d8c2299a88fa980b6db3f7a70d8f48b9d,english_griffinlim_eval_final/fake_english_griffinlim/english_fake_0030.wav,0,2.784,-5.873223304748535,6.77943754196167,0.1345679054662219,english,-5.368242621421814,22bc86f13b4251a1091cee1fd2599e43dae0537d789e5b88bac1db2f0814ac63bd7bb15e13a24648acf9c29e144fa08d8c2299a88fa980b6db3f7a70d8f48b9d,0.1345679054662219,0.7603566755914338,0.1270640626791478,0.1113381798733335,0.0687054654408602,0.4622802734375,2.784,22bc86f13b4251a1091cee1fd2599e43dae0537d789e5b88bac1db2f0814ac63bd7bb15e13a24648acf9c29e144fa08d8c2299a88fa980b6db3f7a70d8f48b9d,,,,,,,,
31,666d8a75b930da2206db122b9d213c565802c88080a92d1d4c31581ebc51c3c7e8df6c7e8c448e3ed85b88c2e5aaf23eb3a58c7e14d82dce0f7ae66b0ca65431,english_griffinlim_eval_final/fake_english_griffinlim/english_fake_0031.wav,0,3.624,-6.046354293823242,7.02667236328125,0.352243010438755,english,-5.541373610496521,666d8a75b930da2206db122b9d213c565802c88080a92d1d4c31581ebc51c3c7e8df6c7e8c448e3ed85b88c2e5aaf23eb3a58c7e14d82dce0f7ae66b0ca65431,0.352243010438755,0.8735049108955876,0.1174204737746124,0.0087518782399976,0.136842481042814,0.94927978515625,3.624,666d8a75b930da2206db122b9d213c565802c88080a92d1d4c31581ebc51c3c7e8df6c7e8c448e3ed85b88c2e5aaf23eb3a58c7e14d82dce0f7ae66b0ca65431,,,,,,,,
32,1d9ec19ff82f280feed9d2d623162d8046bdf38849230f6c1f680cbd0174c53e9f717e9af8048494e459f2d3ce1d6c341198025323ac71599cc5baadc9ffa141,english_griffinlim_eval_final/fake_english_griffinlim/english_fake_0032.wav,0,3.672,-1.0228174924850464,1.2931212186813354,0.0148760850822757,english,-0.5178368091583252,1d9ec19ff82f280feed9d2d623162d8046bdf38849230f6c1f680cbd0174c53e9f717e9af8048494e459f2d3ce1d6c341198025323ac71599cc5baadc9ffa141,0.0148760850822757,0.6948023302620097,0.2874601796238901,0.0153092378777908,0.0477803303911588,0.57232666015625,3.672,1d9ec19ff82f280feed9d2d623162d8046bdf38849230f6c1f680cbd0174c53e9f717e9af8048494e459f2d3ce1d6c341198025323ac71599cc5baadc9ffa141,,,,,,,,
33,c41dd22e62ebbf278d1247d7b4cc49e06bad2e5f7c5e11a2b72580e6575d667e87d89dfffc6dd1194e2ff81c0e2583b09932914c94d3ca2bd829e0099b068f65,english_griffinlim_eval_final/fake_english_griffinlim/english_fake_0033.wav,0,3.552,-0.4118508696556091,0.877342939376831,0.101854520347993,english,0.09312981367111212,c41dd22e62ebbf278d1247d7b4cc49e06bad2e5f7c5e11a2b72580e6575d667e87d89dfffc6dd1194e2ff81c0e2583b09932914c94d3ca2bd829e0099b068f65,0.101854520347993,0.8975731098716201,0.0991895148817199,0.0027982730022149,0.1168000950492338,0.87286376953125,3.552,c41dd22e62ebbf278d1247d7b4cc49e06bad2e5f7c5e11a2b72580e6575d667e87d89dfffc6dd1194e2ff81c0e2583b09932914c94d3ca2bd829e0099b068f65,0.8541370639339838,0.1331334446722441,0.0127294913937721,0.8508117529697563,13.471570358847083,0.2571691873232062,0.6065478099335557,0.7763648821395971
34,52f93568a9302b1e6662a670c7a026f5fc184586d28f22f58ac8e3ab936f376cc20ac820a21c0937c55f19a2396e2ffce8e21e3633be5474cf9a03ef35b4680e,english_griffinlim_eval_final/fake_english_griffinlim/english_fake_0034.wav,0,7.416,4.0825042724609375,-5.100656509399414,0.1536691218111107,english,4.587484955787659,52f93568a9302b1e6662a670c7a026f5fc184586d28f22f58ac8e3ab936f376cc20ac820a21c0937c55f19a2396e2ffce8e21e3633be5474cf9a03ef35b4680e,0.1536691218111107,0.5987338084349468,0.2539483467212727,0.1303146180246539,0.012934608717615,0.08026123046875,7.416,52f93568a9302b1e6662a670c7a026f5fc184586d28f22f58ac8e3ab936f376cc20ac820a21c0937c55f19a2396e2ffce8e21e3633be5474cf9a03ef35b4680e,,,,,,,,
35,1ac9ecaf9310d5281d115f37692ebe23e9ee83e7655ae658c93195e49bbcc6b8ce5bd83130010252ae312400a654675cc3e5f52434e7b0302ae52ef36b5d161c,english_griffinlim_eval_final/fake_english_griffinlim/english_fake_0035.wav,0,3.24,-4.327730178833008,5.107653617858887,0.0014951938182431,english,-3.8227494955062866,1ac9ecaf9310d5281d115f37692ebe23e9ee83e7655ae658c93195e49bbcc6b8ce5bd83130010252ae312400a654675cc3e5f52434e7b0302ae52ef36b5d161c,0.0014951938182431,0.9218377904476962,0.0667063320749321,0.0101627703722854,0.0648379296229483,0.795166015625,3.24,1ac9ecaf9310d5281d115f37692ebe23e9ee83e7655ae658c93195e49bbcc6b8ce5bd83130010252ae312400a654675cc3e5f52434e7b0302ae52ef36b5d161c,,,,,,,,
36,0e5b9e39547ba372e339b7eeeb3fb20cad1a055f0695b137a44397eabb020001afc030a9fe1febf7cbfbc92998165e00e0cae4c115b7c9ace09f13911270b582,english_griffinlim_eval_final/fake_english_griffinlim/english_fake_0036.wav,0,6.66,-5.984301567077637,6.839195251464844,0.0314999045386128,english,-5.4793208837509155,0e5b9e39547ba372e339b7eeeb3fb20cad1a055f0695b137a44397eabb020001afc030a9fe1febf7cbfbc92998165e00e0cae4c115b7c9ace09f13911270b582,0.0314999045386128,0.8477181714712864,0.0896005715963255,0.0618928808709853,0.0845257984753203,0.866302490234375,6.66,0e5b9e39547ba372e339b7eeeb3fb20cad1a055f0695b137a44397eabb020001afc030a9fe1febf7cbfbc92998165e00e0cae4c115b7c9ace09f13911270b582,,,,,,,,
37,07d3d922297a7ff95c0af1273ea9511f05d9e73ad7eccbbc41f21be8c897b482c9e212941a01874135df63f60c8d07ca57e9fa3b9716f06c3c58a01bda4c4eee,english_griffinlim_eval_final/fake_english_griffinlim/english_fake_0037.wav,0,4.5,0.1792960613965988,-0.3200660049915313,0.007046487896115,english,0.68427674472332,07d3d922297a7ff95c0af1273ea9511f05d9e73ad7eccbbc41f21be8c897b482c9e212941a01874135df63f60c8d07ca57e9fa3b9716f06c3c58a01bda4c4eee,0.007046487896115,0.6422341459097032,0.3217040983413317,0.0317492900520849,0.0326272945202216,0.607452392578125,4.5,07d3d922297a7ff95c0af1273ea9511f05d9e73ad7eccbbc41f21be8c897b482c9e212941a01874135df63f60c8d07ca57e9fa3b9716f06c3c58a01bda4c4eee,,,,,,,,
38,a942a99db0a31c334859aab7f8f8278eb3d69f3d2c08df1936609711ae779253e3e750550948ac65e2897cbd31418c48315fdbb1f002bf9040a73660f9e75d19,english_griffinlim_eval_final/fake_english_griffinlim/english_fake_0038.wav,0,4.224,-3.54163122177124,4.326966285705566,0.0633664834914566,english,-3.0366505384445186,a942a99db0a31c334859aab7f8f8278eb3d69f3d2c08df1936609711ae779253e3e750550948ac65e2897cbd31418c48315fdbb1f002bf9040a73660f9e75d19,0.0633664834914566,0.9137962323222468,0.0502919162726938,0.0353171533731029,0.1058083149003332,0.832733154296875,4.224,a942a99db0a31c334859aab7f8f8278eb3d69f3d2c08df1936609711ae779253e3e750550948ac65e2897cbd31418c48315fdbb1f002bf9040a73660f9e75d19,,,,,,,,
39,e6d7f6267e35209974914a2468b3a9d604eef31fef16db546c92b3fe5eae899e02d2aa669071a9d56b9385a88c82c680c47b9e8328897d7e93b4c057c1305909,english_griffinlim_eval_final/fake_english_griffinlim/english_fake_0039.wav,0,5.508,-6.047757148742676,6.9843926429748535,0.0657631134770251,english,-5.542776465415955,e6d7f6267e35209974914a2468b3a9d604eef31fef16db546c92b3fe5eae899e02d2aa669071a9d56b9385a88c82c680c47b9e8328897d7e93b4c057c1305909,0.0657631134770251,0.97685776161226,0.0152328419934488,0.0072539746436385,0.0993181698721865,0.65087890625,5.508,e6d7f6267e35209974914a2468b3a9d604eef31fef16db546c92b3fe5eae899e02d2aa669071a9d56b9385a88c82c680c47b9e8328897d7e93b4c057c1305909,,,,,,,,
40,d32d90f243364ebcad7ca3e5cc05b554b0f8ced3c210142d11329e5f9cde5a584f72f4e410f2a93f3407093671098a2d89a8fd8d705b06f5749e57841254fedd,english_griffinlim_eval_final/fake_english_griffinlim/english_fake_0040.wav,0,3.528,-0.3986541628837585,0.7630274295806885,0.0065203000565283,english,0.1063265204429627,d32d90f243364ebcad7ca3e5cc05b554b0f8ced3c210142d11329e5f9cde5a584f72f4e410f2a93f3407093671098a2d89a8fd8d705b06f5749e57841254fedd,0.0065203000565283,0.8048057405014856,0.1490944510374045,0.0431132651911104,0.0435464937370066,0.49530029296875,3.528,d32d90f243364ebcad7ca3e5cc05b554b0f8ced3c210142d11329e5f9cde5a584f72f4e410f2a93f3407093671098a2d89a8fd8d705b06f5749e57841254fedd,0.660426973797044,0.2520391181970967,0.0875339080058592,0.7316421863664997,14.379024336208246,0.1700125327123312,0.4277367990166184,0.5905303424342957
41,54d9c7c2dc089d0b3da8823090ce2cabbe9cf4d36daa477f8bd680122a55af753082f3d48d06c2021876624f94afdacfe05b0ea814f7096afd577602aa63abf1,english_griffinlim_eval_final/fake_english_griffinlim/english_fake_0041.wav,0,2.184,-0.076590284705162,0.1135013103485107,0.0943968504824369,english,0.4283903986215592,54d9c7c2dc089d0b3da8823090ce2cabbe9cf4d36daa477f8bd680122a55af753082f3d48d06c2021876624f94afdacfe05b0ea814f7096afd577602aa63abf1,0.0943968504824369,0.6147682124355041,0.3698454546974015,0.0131850592338599,0.0450890734676971,0.30615234375,2.184,54d9c7c2dc089d0b3da8823090ce2cabbe9cf4d36daa477f8bd680122a55af753082f3d48d06c2021876624f94afdacfe05b0ea814f7096afd577602aa63abf1,,,,,,,,
42,5e36a2f329d7cf05f42027bc4aa50d6c34e20d5230e47e643b01a35b02967028fbc029da597d6d715c105649fc3d0dbbbea09ddffff9be24d26cb07d5b6bf60d,english_griffinlim_eval_final/fake_english_griffinlim/english_fake_0042.wav,0,6.168,-0.538321852684021,0.9654449820518494,0.0763388195004026,english,-0.033341169357299805,5e36a2f329d7cf05f42027bc4aa50d6c34e20d5230e47e643b01a35b02967028fbc029da597d6d715c105649fc3d0dbbbea09ddffff9be24d26cb07d5b6bf60d,0.0763388195004026,0.7279032000574829,0.1274060297473912,0.1420021314238727,0.0428888328059144,0.39886474609375,6.168,5e36a2f329d7cf05f42027bc4aa50d6c34e20d5230e47e643b01a35b02967028fbc029da597d6d715c105649fc3d0dbbbea09ddffff9be24d26cb07d5b6bf60d,,,,,,,,
43,cb19dbcc8abacf137ddec49dd7d4189812b4e572aac06b0b5e32959d6d24841be36ddd7de3230946081545a71239aa3123e52000afefff6889c2b34d0323ebf2,english_griffinlim_eval_final/fake_english_griffinlim/english_fake_0043.wav,0,4.704,-0.3770139813423157,0.5526484847068787,0.1410649716211972,english,0.12796670198440552,cb19dbcc8abacf137ddec49dd7d4189812b4e572aac06b0b5e32959d6d24841be36ddd7de3230946081545a71239aa3123e52000afefff6889c2b34d0323ebf2,0.1410649716211972,0.2652756303092239,0.3185608179416485,0.4112164970902601,0.0241775749719667,0.990020751953125,4.704,cb19dbcc8abacf137ddec49dd7d4189812b4e572aac06b0b5e32959d6d24841be36ddd7de3230946081545a71239aa3123e52000afefff6889c2b34d0323ebf2,,,,,,,,
44,462a1dfd6ea4a5090780cb8a128008151be674c1f63184b68d49b0988f0c8d04ddd958066b2f8f56f9121b8e0bec49ce8780ea333fc931d1c28bfec8771aae3b,english_griffinlim_eval_final/fake_english_griffinlim/english_fake_0044.wav,0,6.264,-6.052361488342285,6.902812004089356,0.5883279834606907,english,-5.547380805015564,462a1dfd6ea4a5090780cb8a128008151be674c1f63184b68d49b0988f0c8d04ddd958066b2f8f56f9121b8e0bec49ce8780ea333fc931d1c28bfec8771aae3b,0.5883279834606907,0.5436551734862799,0.3548926219784828,0.100970083627084,0.0999089184630533,0.989990234375,6.264,462a1dfd6ea4a5090780cb8a128008151be674c1f63184b68d49b0988f0c8d04ddd958066b2f8f56f9121b8e0bec49ce8780ea333fc931d1c28bfec8771aae3b,,,,,,,,
45,5cd95c7c22c6fd21f386f93b700187d1559ab9a63eab1b44b4af4717e61bee61dbf54a0de0d35e3014a441bc557f5a0a4d36ad4e3a815d4bd3c395c9e98daade,english_griffinlim_eval_final/fake_english_griffinlim/english_fake_0045.wav,0,4.128,-0.4898845553398132,1.0457758903503418,0.030213201766574,english,0.015096127986908014,5cd95c7c22c6fd21f386f93b700187d1559ab9a63eab1b44b4af4717e61bee61dbf54a0de0d35e3014a441bc557f5a0a4d36ad4e3a815d4bd3c395c9e98daade,0.030213201766574,0.7362814328666943,0.1211876419381576,0.1336857099501263,0.0229544707579424,0.182098388671875,4.128,5cd95c7c22c6fd21f386f93b700187d1559ab9a63eab1b44b4af4717e61bee61dbf54a0de0d35e3014a441bc557f5a0a4d36ad4e3a815d4bd3c395c9e98daade,,,,,,,,
46,e8996ceee70172bae23d8af66ba91b510b3b1943c797e0b40bd002aa6a7d7c76693d9283e0c1f24ccc114eb64718181a966d7b3a12c4e6df8e9d8f8b72cd6628,english_griffinlim_eval_final/fake_english_griffinlim/english_fake_0046.wav,0,6.84,-0.3359358310699463,0.8318567872047424,0.0287345939075803,english,0.1690448522567749,e8996ceee70172bae23d8af66ba91b510b3b1943c797e0b40bd002aa6a7d7c76693d9283e0c1f24ccc114eb64718181a966d7b3a12c4e6df8e9d8f8b72cd6628,0.0287345939075803,0.7294866373947982,0.1825891576843817,0.075040488304493,0.0170184035600673,0.143829345703125,6.84,e8996ceee70172bae23d8af66ba91b510b3b1943c797e0b40bd002aa6a7d7c76693d9283e0c1f24ccc114eb64718181a966d7b3a12c4e6df8e9d8f8b72cd6628,,,,,,,,
47,3626fa6b9645ba859cf611370be40d14691f5d0a46511e57ee7d8ff7b00e19aff177a20ddb75e1a05055baea2ce937592490a12437a579fcaeba1d37103887dd,english_griffinlim_eval_final/fake_english_griffinlim/english_fake_0047.wav,0,3.528,-0.6169876456260681,1.1190084218978882,0.0066756983735247,english,-0.11200696229934692,3626fa6b9645ba859cf611370be40d14691f5d0a46511e57ee7d8ff7b00e19aff177a20ddb75e1a05055baea2ce937592490a12437a579fcaeba1d37103887dd,0.0066756983735247,0.888309472713778,0.0788475557040641,0.0284436157669645,0.0357202157034155,0.2354736328125,3.528,3626fa6b9645ba859cf611370be40d14691f5d0a46511e57ee7d8ff7b00e19aff177a20ddb75e1a05055baea2ce937592490a12437a579fcaeba1d37103887dd,,,,,,,,
48,0661cd3edebf30a1d25a2a4591e1471884e5295ddc9442c6347e8500f8e35cd432026595557179859168017a0fa143943851c63d3623e57bf4e28d232ad845e2,english_griffinlim_eval_final/fake_english_griffinlim/english_fake_0048.wav,0,5.712,-6.058432102203369,6.9630303382873535,0.0405312823803148,english,-5.553451418876648,0661cd3edebf30a1d25a2a4591e1471884e5295ddc9442c6347e8500f8e35cd432026595557179859168017a0fa143943851c63d3623e57bf4e28d232ad845e2,0.0405312823803148,0.9008430921362868,0.0703556025099271,0.0280532417434448,0.0894190947454335,0.74261474609375,5.712,0661cd3edebf30a1d25a2a4591e1471884e5295ddc9442c6347e8500f8e35cd432026595557179859168017a0fa143943851c63d3623e57bf4e28d232ad845e2,,,,,,,,
49,21580cd2b189178fd1a54f973b311c2c17d9c9c22551bc474aac3ff99a050ef1bf1a09ed2349495ff4454366e998c863a4d766d456ca56f7e711f3f5c06d55c6,english_griffinlim_eval_final/fake_english_griffinlim/english_fake_0049.wav,0,4.056,-4.356689453125,5.273209095001221,0.0030681232679335,english,-3.851708769798279,21580cd2b189178fd1a54f973b311c2c17d9c9c22551bc474aac3ff99a050ef1bf1a09ed2349495ff4454366e998c863a4d766d456ca56f7e711f3f5c06d55c6,0.0030681232679335,0.9272332613331208,0.0656945472784497,0.0061481473995715,0.078940428509644,0.891021728515625,4.056,21580cd2b189178fd1a54f973b311c2c17d9c9c22551bc474aac3ff99a050ef1bf1a09ed2349495ff4454366e998c863a4d766d456ca56f7e711f3f5c06d55c6,,,,,,,,
50,8e113a62d59ae29f19f0e423fbcf978aaa9eefc16913ce4901b0aa105ff590bb7c6ea13da0c5583c0772d6905c0a964d355e8667edd35c7a08442c2312439d79,english_griffinlim_eval_final/fake_english_griffinlim/english_fake_0050.wav,0,6.768,-5.740981101989746,6.655523777008057,0.0077317219832378,english,-5.236000418663025,8e113a62d59ae29f19f0e423fbcf978aaa9eefc16913ce4901b0aa105ff590bb7c6ea13da0c5583c0772d6905c0a964d355e8667edd35c7a08442c2312439d79,0.0077317219832378,0.907495775166676,0.0634022957514518,0.0259005308489719,0.0404198429866589,0.352386474609375,6.768,8e113a62d59ae29f19f0e423fbcf978aaa9eefc16913ce4901b0aa105ff590bb7c6ea13da0c5583c0772d6905c0a964d355e8667edd35c7a08442c2312439d79,,,,,,,,
51,a1e7fcc70c9f31b6eb8e9bbfcc7d0fa322f45bcf0c1d2201fe29a4018aa231027f4477263a3686dc59ea3ce1bf0dcfbdeaf5f5383fba83ea71f0fa129fe03de5,english_griffinlim_eval_final/fake_english_griffinlim/english_fake_0051.wav,0,3.672,4.132013320922852,-5.231117248535156,0.0334308481208246,english,4.636994004249573,a1e7fcc70c9f31b6eb8e9bbfcc7d0fa322f45bcf0c1d2201fe29a4018aa231027f4477263a3686dc59ea3ce1bf0dcfbdeaf5f5383fba83ea71f0fa129fe03de5,0.0334308481208246,0.7187726536514477,0.131446767276168,0.1434668148943274,0.027712251744806,0.256439208984375,3.672,a1e7fcc70c9f31b6eb8e9bbfcc7d0fa322f45bcf0c1d2201fe29a4018aa231027f4477263a3686dc59ea3ce1bf0dcfbdeaf5f5383fba83ea71f0fa129fe03de5,,,,,,,,
52,acefbb332db5ce3a5176cabcf11976d544177c9cc2aa0341e37bf9831b07b0c93eea6bfc53d97214ab261d1debb927bf66afb61c88db722415a5af6545b5ed9d,english_griffinlim_eval_final/fake_english_griffinlim/english_fake_0052.wav,0,6.12,-5.582073211669922,6.417052268981934,0.1745616151510984,english,-5.077092528343201,acefbb332db5ce3a5176cabcf11976d544177c9cc2aa0341e37bf9831b07b0c93eea6bfc53d97214ab261d1debb927bf66afb61c88db722415a5af6545b5ed9d,0.1745616151510984,0.8996917954730679,0.0913046214827846,0.0085420000440966,0.1109794621193956,0.781951904296875,6.12,acefbb332db5ce3a5176cabcf11976d544177c9cc2aa0341e37bf9831b07b0c93eea6bfc53d97214ab261d1debb927bf66afb61c88db722415a5af6545b5ed9d,,,,,,,,
53,afd0e736eb59ae41d5773ac2acef8b1ac029c151a342bbfce1c9b9cd381331515bc4449ee2a47e4b2d4aa57501f9ae9356bbac6c9c4d1b6a12277fd2d1f7b22a,english_griffinlim_eval_final/fake_english_griffinlim/english_fake_0053.wav,0,4.896,-6.108883857727051,7.048398494720459,0.0823583485295818,english,-5.60390317440033,afd0e736eb59ae41d5773ac2acef8b1ac029c151a342bbfce1c9b9cd381331515bc4449ee2a47e4b2d4aa57501f9ae9356bbac6c9c4d1b6a12277fd2d1f7b22a,0.0823583485295818,0.831140273396882,0.1320150966738289,0.0365642952575441,0.1092708262890627,0.990020751953125,4.896,afd0e736eb59ae41d5773ac2acef8b1ac029c151a342bbfce1c9b9cd381331515bc4449ee2a47e4b2d4aa57501f9ae9356bbac6c9c4d1b6a12277fd2d1f7b22a,,,,,,,,
54,5dee10b34d8c9e4d25683894740a56faeca46cf09961f80ba1b60e966eb9a0aa34b77086c6483991dad66c4e242f93ba879a9fe073fd4c12d92e4f1f27fa6fef,english_griffinlim_eval_final/fake_english_griffinlim/english_fake_0054.wav,0,7.872,-6.035116195678711,6.954624176025391,0.0962944741605951,english,-5.53013551235199,5dee10b34d8c9e4d25683894740a56faeca46cf09961f80ba1b60e966eb9a0aa34b77086c6483991dad66c4e242f93ba879a9fe073fd4c12d92e4f1f27fa6fef,0.0962944741605951,0.7125497854331808,0.2468267234582353,0.037136836397625,0.0381811278691365,0.264862060546875,7.872,5dee10b34d8c9e4d25683894740a56faeca46cf09961f80ba1b60e966eb9a0aa34b77086c6483991dad66c4e242f93ba879a9fe073fd4c12d92e4f1f27fa6fef,,,,,,,,
55,4e823a6e3ca3b3eae163f19606faab00f181f8380b12c47ab385ca66900951dc309e9c583d0728f76801e4729a4edeb15926ea637058685348b9635e235d9c4b,english_griffinlim_eval_final/fake_english_griffinlim/english_fake_0055.wav,0,5.724,-5.960427284240723,6.846963882446289,0.0119230441960934,english,-5.4554466009140015,4e823a6e3ca3b3eae163f19606faab00f181f8380b12c47ab385ca66900951dc309e9c583d0728f76801e4729a4edeb15926ea637058685348b9635e235d9c4b,0.0119230441960934,0.8868172465492646,0.1026252001998167,0.0093898220491398,0.0709425242314202,0.687591552734375,5.724,4e823a6e3ca3b3eae163f19606faab00f181f8380b12c47ab385ca66900951dc309e9c583d0728f76801e4729a4edeb15926ea637058685348b9635e235d9c4b,,,,,,,,
56,2fd309fa9844ef5039e319486646f289653f808add85e7c54bb861b9e57b092a8f580d7bab6ea13c7f196af3bc18744c8224cf9d3d9c3167a7678477a55ec11e,english_griffinlim_eval_final/fake_english_griffinlim/english_fake_0056.wav,0,4.104,-5.923591613769531,6.6973981857299805,0.0162764058191937,english,-5.41861093044281,2fd309fa9844ef5039e319486646f289653f808add85e7c54bb861b9e57b092a8f580d7bab6ea13c7f196af3bc18744c8224cf9d3d9c3167a7678477a55ec11e,0.0162764058191937,0.8952393689874438,0.0979669298877526,0.0057301986210149,0.0751541168478586,0.62554931640625,4.104,2fd309fa9844ef5039e319486646f289653f808add85e7c54bb861b9e57b092a8f580d7bab6ea13c7f196af3bc18744c8224cf9d3d9c3167a7678477a55ec11e,,,,,,,,
57,ca0348333dece6734ede5c33af061108bfa2b0a7919e724541e335610530022b50a068a1794200e1115af544c1470fccf69adb550ce12b875ea30514276db5b9,english_griffinlim_eval_final/fake_english_griffinlim/english_fake_0057.wav,0,2.904,-0.5889744758605957,1.1023736000061035,0.1634221589129529,english,-0.08399379253387451,ca0348333dece6734ede5c33af061108bfa2b0a7919e724541e335610530022b50a068a1794200e1115af544c1470fccf69adb550ce12b875ea30514276db5b9,0.1634221589129529,0.7894486657084392,0.1760380936557149,0.0340705514690313,0.1118356750458571,0.900146484375,2.904,ca0348333dece6734ede5c33af061108bfa2b0a7919e724541e335610530022b50a068a1794200e1115af544c1470fccf69adb550ce12b875ea30514276db5b9,,,,,,,,
58,35f9e8ec4bcff15ab3558275a449d64b9ffe868edff9533e1607b1b963efe7e09a840794ad7e510cc41321b93a941fcd498f03b16763c3a05ff052c03daac754,english_griffinlim_eval_final/fake_english_griffinlim/english_fake_0058.wav,0,3.264,-0.4433763027191162,0.9225373864173888,0.0487850279993095,english,0.06160438060760498,35f9e8ec4bcff15ab3558275a449d64b9ffe868edff9533e1607b1b963efe7e09a840794ad7e510cc41321b93a941fcd498f03b16763c3a05ff052c03daac754,0.0487850279993095,0.8521736003867216,0.0835942254535834,0.0631013062509793,0.074038263290979,0.53167724609375,3.264,35f9e8ec4bcff15ab3558275a449d64b9ffe868edff9533e1607b1b963efe7e09a840794ad7e510cc41321b93a941fcd498f03b16763c3a05ff052c03daac754,,,,,,,,
59,c6d6c6009fc855221f09935aa341f5eb12e49727c85ffa4f6140c0dfdc6f4a5637272116c0fd76492a945de003636d16ab9b069d3417d5b6e5ed7f3d5dbe02c3,english_griffinlim_eval_final/fake_english_griffinlim/english_fake_0059.wav,0,5.664,-1.944873094558716,2.859043598175049,0.1897418177778657,english,-1.4398924112319949,c6d6c6009fc855221f09935aa341f5eb12e49727c85ffa4f6140c0dfdc6f4a5637272116c0fd76492a945de003636d16ab9b069d3417d5b6e5ed7f3d5dbe02c3,0.1897418177778657,0.566351299901642,0.3689304527249036,0.0632206534164617,0.0591516890697831,0.616607666015625,5.664,c6d6c6009fc855221f09935aa341f5eb12e49727c85ffa4f6140c0dfdc6f4a5637272116c0fd76492a945de003636d16ab9b069d3417d5b6e5ed7f3d5dbe02c3,,,,,,,,
60,e2292237c77b576132df4cdbb79155e854aeff199c96095ab6db95684d8fa140ff1f42fe9cf87b811f15ce8039d6563a304b507926ca4a641d04765a70b79d91,english_griffinlim_eval_final/fake_english_griffinlim/english_fake_0060.wav,0,4.896,-3.865090370178223,4.709711074829102,0.2097480106491027,english,-3.360109686851502,e2292237c77b576132df4cdbb79155e854aeff199c96095ab6db95684d8fa140ff1f42fe9cf87b811f15ce8039d6563a304b507926ca4a641d04765a70b79d91,0.2097480106491027,0.6470833889353907,0.1721568145031446,0.1794546051091146,0.0627862901126441,0.615264892578125,4.896,e2292237c77b576132df4cdbb79155e854aeff199c96095ab6db95684d8fa140ff1f42fe9cf87b811f15ce8039d6563a304b507926ca4a641d04765a70b79d91,0.6043672059588693,0.2849410917487017,0.110691702292429,0.699172515475009,14.592602621928322,0.1373057350515814,0.3764878054934789,0.5407351255852884
61,51707f1bb17115cc3a6ecb2bff95f7680317511ea2cd280df8cdb2e2c700463f8ca44d6762a0e6f6a854414bf10c946b4b4538a2bffa6701da4e2865d7014984,english_griffinlim_eval_final/fake_english_griffinlim/english_fake_0061.wav,0,4.728,-4.493859767913818,5.415619373321533,0.0082541036325145,english,-3.988879084587097,51707f1bb17115cc3a6ecb2bff95f7680317511ea2cd280df8cdb2e2c700463f8ca44d6762a0e6f6a854414bf10c946b4b4538a2bffa6701da4e2865d7014984,0.0082541036325145,0.7282042744516152,0.2607900871367193,0.0094735716445882,0.0600530426459244,0.812469482421875,4.728,51707f1bb17115cc3a6ecb2bff95f7680317511ea2cd280df8cdb2e2c700463f8ca44d6762a0e6f6a854414bf10c946b4b4538a2bffa6701da4e2865d7014984,,,,,,,,
62,bc6842f7e140397b505f5329aaca34022b3f8e999b01e0436bb66dd3a21a5614f7a4f9d522b37d41ea0018bc8323781a97b055ff458e3bedbb436d5f292c7373,english_griffinlim_eval_final/fake_english_griffinlim/english_fake_0062.wav,0,6.336,-3.369063377380371,4.094238758087158,0.0064348417218663,english,-2.86408269405365,bc6842f7e140397b505f5329aaca34022b3f8e999b01e0436bb66dd3a21a5614f7a4f9d522b37d41ea0018bc8323781a97b055ff458e3bedbb436d5f292c7373,0.0064348417218663,0.9397470246798892,0.041513201692719,0.0165889704910182,0.0523909687353506,0.472930908203125,6.336,bc6842f7e140397b505f5329aaca34022b3f8e999b01e0436bb66dd3a21a5614f7a4f9d522b37d41ea0018bc8323781a97b055ff458e3bedbb436d5f292c7373,0.8051162596400986,0.1284913594557778,0.0663923809041236,0.6969454755143019,14.613725850219923,0.1313341284326773,0.3731562941146417,0.5382814579504783
63,318342c08580b4c38c6c0d46de335bc85e3f8cc7dfd5c38aab63e5a5ff38845f3c2c021391930e361e062593cc5ee34087aa0398b289eb72377c8f2cdf8638e8,english_griffinlim_eval_final/fake_english_griffinlim/english_fake_0063.wav,0,5.928,-0.1172432750463485,0.1969747990369796,0.0420890239955432,english,0.3877374082803727,318342c08580b4c38c6c0d46de335bc85e3f8cc7dfd5c38aab63e5a5ff38845f3c2c021391930e361e062593cc5ee34087aa0398b289eb72377c8f2cdf8638e8,0.0420890239955432,0.740997461248312,0.195031995014189,0.0609619256721442,0.0435036927267477,0.393829345703125,5.928,318342c08580b4c38c6c0d46de335bc85e3f8cc7dfd5c38aab63e5a5ff38845f3c2c021391930e361e062593cc5ee34087aa0398b289eb72377c8f2cdf8638e8,,,,,,,,
64,3479ba11b3d8988e9c536be832927bcc9c58b00c86cf085a53384c34e82bae0ccb35a9709d0217a4c7b2dff24cd727b5877286096ab0d1efe6dfe835f8889564,english_griffinlim_eval_final/fake_english_griffinlim/english_fake_0064.wav,0,2.904,-5.795286178588867,6.6599626541137695,0.1255488736298575,english,-5.290305495262146,3479ba11b3d8988e9c536be832927bcc9c58b00c86cf085a53384c34e82bae0ccb35a9709d0217a4c7b2dff24cd727b5877286096ab0d1efe6dfe835f8889564,0.1255488736298575,0.6638115416356696,0.222168927771646,0.111837899399246,0.0494536844680186,0.3648681640625,2.904,3479ba11b3d8988e9c536be832927bcc9c58b00c86cf085a53384c34e82bae0ccb35a9709d0217a4c7b2dff24cd727b5877286096ab0d1efe6dfe835f8889564,,,,,,,,
65,ba662c80ff1af13a3e7e615f903468f0d12859a6d9193c9dfc9669e854c70df8ac9e59d83a255cc240e08fe9c681db1ab62c8a3926d2a11b76fefa7bbe9800fe,english_griffinlim_eval_final/fake_english_griffinlim/english_fake_0065.wav,0,5.544,0.1801146119832992,-0.2647974193096161,0.0108481165222825,english,0.6850952953100204,ba662c80ff1af13a3e7e615f903468f0d12859a6d9193c9dfc9669e854c70df8ac9e59d83a255cc240e08fe9c681db1ab62c8a3926d2a11b76fefa7bbe9800fe,0.0108481165222825,0.7511248788116096,0.158288212651136,0.0815138778848795,0.0215717478341104,0.296356201171875,5.544,ba662c80ff1af13a3e7e615f903468f0d12859a6d9193c9dfc9669e854c70df8ac9e59d83a255cc240e08fe9c681db1ab62c8a3926d2a11b76fefa7bbe9800fe,,,,,,,,
66,7eff9a54bdb0619deffda7609d5b8565278e3328de99e63908be2a37c1ad16516240b9c92bc6b68d8130b20dc556f57005dc053f4874a49589f5971a31b97e98,english_griffinlim_eval_final/fake_english_griffinlim/english_fake_0066.wav,0,5.4,-0.4417178630828857,0.8795419335365295,0.0121843163536246,english,0.0632628202438355,7eff9a54bdb0619deffda7609d5b8565278e3328de99e63908be2a37c1ad16516240b9c92bc6b68d8130b20dc556f57005dc053f4874a49589f5971a31b97e98,0.0121843163536246,0.7628591996291977,0.1573529429423299,0.0673055014535494,0.017422388156784,0.179290771484375,5.4,7eff9a54bdb0619deffda7609d5b8565278e3328de99e63908be2a37c1ad16516240b9c92bc6b68d8130b20dc556f57005dc053f4874a49589f5971a31b97e98,,,,,,,,
67,c83c9073d2953f3401aa1cb63db5cdbda9bb16ef9dcf977455955407d093cb83b681f673570c856cae1004c9cf35f9b67f4244ae3b5529cd06599d7bfd187111,english_griffinlim_eval_final/fake_english_griffinlim/english_fake_0067.wav,0,6.816,-5.07936954498291,5.954070568084717,0.0085333306818955,english,-4.574388861656189,c83c9073d2953f3401aa1cb63db5cdbda9bb16ef9dcf977455955407d093cb83b681f673570c856cae1004c9cf35f9b67f4244ae3b5529cd06599d7bfd187111,0.0085333306818955,0.9549527085763192,0.0279517352458833,0.0157052092214447,0.0633587001566024,0.57122802734375,6.816,c83c9073d2953f3401aa1cb63db5cdbda9bb16ef9dcf977455955407d093cb83b681f673570c856cae1004c9cf35f9b67f4244ae3b5529cd06599d7bfd187111,,,,,,,,
68,f21ef383c92bc4fa5bd7dd347b7057b8face4e002874de2bc07f6dfa1e1d7b1262a6c3de664678f8459d7b4de30a3a4be78b2e1f86e46ce86198d31f6afb102b,english_griffinlim_eval_final/fake_english_griffinlim/english_fake_0068.wav,0,5.538,-4.3271894454956055,5.130558013916016,0.0237027937269164,english,-3.8222087621688843,f21ef383c92bc4fa5bd7dd347b7057b8face4e002874de2bc07f6dfa1e1d7b1262a6c3de664678f8459d7b4de30a3a4be78b2e1f86e46ce86198d31f6afb102b,0.0237027937269164,0.805258694553621,0.1359080311313175,0.0562301973737778,0.0449573403007978,0.38861083984375,5.538,f21ef383c92bc4fa5bd7dd347b7057b8face4e002874de2bc07f6dfa1e1d7b1262a6c3de664678f8459d7b4de30a3a4be78b2e1f86e46ce86198d31f6afb102b,,,,,,,,
69,fce6c1765bc5e8a1b520ce0fb037b680a46bb6515a34cfca60856229a4c85b99f76578773e6a1318ba817db77c0d7fca0d84100fc0b7567a708678c867b78544,english_griffinlim_eval_final/fake_english_griffinlim/english_fake_0069.wav,0,4.224,-2.1788876056671143,2.975677967071533,0.0589701634492768,english,-1.673906922340393,fce6c1765bc5e8a1b520ce0fb037b680a46bb6515a34cfca60856229a4c85b99f76578773e6a1318ba817db77c0d7fca0d84100fc0b7567a708678c867b78544,0.0589701634492768,0.8798715690362686,0.1159395954278449,0.004021619615783,0.1147834892983876,0.989990234375,4.224,fce6c1765bc5e8a1b520ce0fb037b680a46bb6515a34cfca60856229a4c85b99f76578773e6a1318ba817db77c0d7fca0d84100fc0b7567a708678c867b78544,,,,,,,,
70,a8c5c2283ea4483a0432b6c873fa8da914fa71e51a9eb6e8e20f99f535051d0fd7a8eb0b941163a37544a09a38ace177ed777ce2e8407a3fd4ad066b566ac026,english_griffinlim_eval_final/fake_english_griffinlim/english_fake_0070.wav,0,6.084,-2.4608843326568604,3.374063968658448,0.0185631511055303,english,-1.9559036493301392,a8c5c2283ea4483a0432b6c873fa8da914fa71e51a9eb6e8e20f99f535051d0fd7a8eb0b941163a37544a09a38ace177ed777ce2e8407a3fd4ad066b566ac026,0.0185631511055303,0.7665142608945585,0.151646780696723,0.0718716487812029,0.0201013252473875,0.17303466796875,6.084,a8c5c2283ea4483a0432b6c873fa8da914fa71e51a9eb6e8e20f99f535051d0fd7a8eb0b941163a37544a09a38ace177ed777ce2e8407a3fd4ad066b566ac026,,,,,,,,
71,e51fa51c0f709d1309d6015a2789a1ccf1398578fa260bb0e5e08b618a1271ce07d23fa0e2d7fc140151e3e3a0483b7a021289f9d0efc9548d3525b6726d599e,english_griffinlim_eval_final/fake_english_griffinlim/english_fake_0071.wav,0,7.704,-4.323442935943604,5.101611137390137,0.0483524656467164,english,-3.818462252616883,e51fa51c0f709d1309d6015a2789a1ccf1398578fa260bb0e5e08b618a1271ce07d23fa0e2d7fc140151e3e3a0483b7a021289f9d0efc9548d3525b6726d599e,0.0483524656467164,0.9464045947021668,0.0325641956867759,0.0204941713732012,0.1047169789101884,0.9110107421875,7.704,e51fa51c0f709d1309d6015a2789a1ccf1398578fa260bb0e5e08b618a1271ce07d23fa0e2d7fc140151e3e3a0483b7a021289f9d0efc9548d3525b6726d599e,,,,,,,,
72,e7011a6e1591f49fac676ffa48b33f7d4d89c44cf513e32821e0739db30434d37780a046e0ab31a8c16dee8675d07b384d4244aa1a2ce0a80a2b42e31655cac9,english_griffinlim_eval_final/fake_english_griffinlim/english_fake_0072.wav,0,2.976,-0.9842759370803832,1.5525392293930054,0.0056478866197442,english,-0.479295253753662,e7011a6e1591f49fac676ffa48b33f7d4d89c44cf513e32821e0739db30434d37780a046e0ab31a8c16dee8675d07b384d4244aa1a2ce0a80a2b42e31655cac9,0.0056478866197442,0.7174465393464518,0.2648308768490764,0.0162973408879594,0.0598099751247791,0.835479736328125,2.976,e7011a6e1591f49fac676ffa48b33f7d4d89c44cf513e32821e0739db30434d37780a046e0ab31a8c16dee8675d07b384d4244aa1a2ce0a80a2b42e31655cac9,0.6650211257964442,0.2743499748885595,0.0606288993149961,0.8453555315946018,13.444024950658804,0.2797230141649633,0.621260111596929,0.775092367940881
73,efc03681be12d480beb0c3a66fad588e3f94d8d9d26ed1d08ee5c37e428e0db39ca43f8910f65a7f29ae3ed46de67bcf8e2b4a0c30962cab0ad259d688b840bb,english_griffinlim_eval_final/fake_english_griffinlim/english_fake_0073.wav,0,2.736,-0.3286592364311218,0.6659559607505798,0.0535710254123418,english,0.17632144689559937,efc03681be12d480beb0c3a66fad588e3f94d8d9d26ed1d08ee5c37e428e0db39ca43f8910f65a7f29ae3ed46de67bcf8e2b4a0c30962cab0ad259d688b840bb,0.0535710254123418,0.6012365649611973,0.335192025520216,0.0615858934889948,0.0506592906816596,0.56903076171875,2.736,efc03681be12d480beb0c3a66fad588e3f94d8d9d26ed1d08ee5c37e428e0db39ca43f8910f65a7f29ae3ed46de67bcf8e2b4a0c30962cab0ad259d688b840bb,,,,,,,,
74,7638c31df3d76068804aff7b183a07af9bbee296cdad7ac10b19c7f96a420728e5f15725ef57ef8e005b8dd6bed05e35663aa72e4951ef03f70bb04b1afa1ae0,english_griffinlim_eval_final/fake_english_griffinlim/english_fake_0074.wav,0,4.608,-6.062323093414307,6.979412078857422,0.0122635739380862,english,-5.5573424100875854,7638c31df3d76068804aff7b183a07af9bbee296cdad7ac10b19c7f96a420728e5f15725ef57ef8e005b8dd6bed05e35663aa72e4951ef03f70bb04b1afa1ae0,0.0122635739380862,0.8995684867437889,0.0928814238355371,0.0064461448705559,0.0723055235009908,0.6419677734375,4.608,7638c31df3d76068804aff7b183a07af9bbee296cdad7ac10b19c7f96a420728e5f15725ef57ef8e005b8dd6bed05e35663aa72e4951ef03f70bb04b1afa1ae0,,,,,,,,
75,f3bc45d3e24363f9917a5991aaa7d5e4222631fdb171909aa52ee5f5cc1bbf48b7b08ff3922c4310a4362dab37a0f58436d90f1e0cf8d9c1383467564e673042,english_griffinlim_eval_final/fake_english_griffinlim/english_fake_0075.wav,0,3.024,3.2163445949554443,-4.154516696929932,0.0090169766889698,english,3.7213252782821655,f3bc45d3e24363f9917a5991aaa7d5e4222631fdb171909aa52ee5f5cc1bbf48b7b08ff3922c4310a4362dab37a0f58436d90f1e0cf8d9c1383467564e673042,0.0090169766889698,0.802566924362253,0.1532542759843809,0.0415180437067947,0.0437901578244965,0.43280029296875,3.024,f3bc45d3e24363f9917a5991aaa7d5e4222631fdb171909aa52ee5f5cc1bbf48b7b08ff3922c4310a4362dab37a0f58436d90f1e0cf8d9c1383467564e673042,,,,,,,,
76,56ef6218bdd27655fae9f85f0a18b0cc608586fd0a9709f20dd5f6a4b3ad55d078fa858ae7858359709a699813eaad85527749d9d03639f00fcd2251ef60af96,english_griffinlim_eval_final/fake_english_griffinlim/english_fake_0076.wav,0,4.224,-5.982792854309082,6.817923545837402,0.0546290416101596,english,-5.477812170982361,56ef6218bdd27655fae9f85f0a18b0cc608586fd0a9709f20dd5f6a4b3ad55d078fa858ae7858359709a699813eaad85527749d9d03639f00fcd2251ef60af96,0.0546290416101596,0.9454107335735428,0.0355684361659797,0.018391478113555,0.0992629442342074,0.699859619140625,4.224,56ef6218bdd27655fae9f85f0a18b0cc608586fd0a9709f20dd5f6a4b3ad55d078fa858ae7858359709a699813eaad85527749d9d03639f00fcd2251ef60af96,0.8489013353643983,0.0997155866878387,0.0513830779477629,0.7305729993616754,14.423547402935142,0.1524874286127182,0.4127850572841126,0.5818886590468406
77,40efe8eebd39ea7adf20153a14d7e089164e03534d8a0e5200fa032922fbda164cbb8c4efda68ae3ef29ffab8e843ba8ff24cd06241d00ca197a62b0b9b9b33f,english_griffinlim_eval_final/fake_english_griffinlim/english_fake_0077.wav,0,2.904,0.6803344488143921,-0.8681676983833313,0.0126294755670878,english,1.1853151321411133,40efe8eebd39ea7adf20153a14d7e089164e03534d8a0e5200fa032922fbda164cbb8c4efda68ae3ef29ffab8e843ba8ff24cd06241d00ca197a62b0b9b9b33f,0.0126294755670878,0.7303722391715578,0.2094739634478493,0.0506560658331166,0.0218955872141588,0.189666748046875,2.904,40efe8eebd39ea7adf20153a14d7e089164e03534d8a0e5200fa032922fbda164cbb8c4efda68ae3ef29ffab8e843ba8ff24cd06241d00ca197a62b0b9b9b33f,,,,,,,,
78,2e8f95ac5b92766221b9e0c8d8ec2f190986e3cc291f550886a6b6c8b934673e062bb5dfffbb33b96f91d04466c578fe334abb3edaaf35a674f6d34f519cbdbc,english_griffinlim_eval_final/fake_english_griffinlim/english_fake_0078.wav,0,3.024,-4.60621976852417,5.363356113433838,0.8412310895760702,english,-4.101239085197449,2e8f95ac5b92766221b9e0c8d8ec2f190986e3cc291f550886a6b6c8b934673e062bb5dfffbb33b96f91d04466c578fe334abb3edaaf35a674f6d34f519cbdbc,0.8412310895760702,0.3898241480524307,0.6031470854176929,0.0062988700389856,0.0839177783173227,0.60003662109375,3.024,2e8f95ac5b92766221b9e0c8d8ec2f190986e3cc291f550886a6b6c8b934673e062bb5dfffbb33b96f91d04466c578fe334abb3edaaf35a674f6d34f519cbdbc,,,,,,,,
79,f760637de4193a45b8d1d1db91900ec0c7f9d564d8a197a519eb3a30e4347acb8268fec8fd26bdf9f46232d927d63853dab462941b6ae02e1236d11d6b2bf82c,english_griffinlim_eval_final/fake_english_griffinlim/english_fake_0079.wav,0,5.376,-1.2926578521728516,1.627599000930786,0.0351987757018721,english,-0.7876771688461304,f760637de4193a45b8d1d1db91900ec0c7f9d564d8a197a519eb3a30e4347acb8268fec8fd26bdf9f46232d927d63853dab462941b6ae02e1236d11d6b2bf82c,0.0351987757018721,0.9284449446697172,0.0634316124670299,0.0075690211659246,0.101739782944153,0.860015869140625,5.376,f760637de4193a45b8d1d1db91900ec0c7f9d564d8a197a519eb3a30e4347acb8268fec8fd26bdf9f46232d927d63853dab462941b6ae02e1236d11d6b2bf82c,,,,,,,,
80,d8fd588f573a5616b70d4d5bf04e8b05ba8d549eff1eee152c897eec9a083803e513b8ae14db930ada386c4b7a75d07cf046704ca00c04bbffb7bc098e9abc40,english_griffinlim_eval_final/fake_english_griffinlim/english_fake_0080.wav,0,4.848,-6.026446342468262,6.923670291900635,0.6509062676821012,english,-5.5214656591415405,d8fd588f573a5616b70d4d5bf04e8b05ba8d549eff1eee152c897eec9a083803e513b8ae14db930ada386c4b7a75d07cf046704ca00c04bbffb7bc098e9abc40,0.6509062676821012,0.5166511762189779,0.4083245527835772,0.0745754498195279,0.1052345467663394,0.990020751953125,4.848,d8fd588f573a5616b70d4d5bf04e8b05ba8d549eff1eee152c897eec9a083803e513b8ae14db930ada386c4b7a75d07cf046704ca00c04bbffb7bc098e9abc40,,,,,,,,
81,d217a4989ef8dc1fffa7b5fa05d50f37eb6e1292a5848960763123d153b66e2656de3e616e108632589da87cfb4c05562c7ff34adea378302b15d6ff9d575706,english_griffinlim_eval_final/fake_english_griffinlim/english_fake_0081.wav,0,3.336,-5.744208335876465,6.686139106750488,0.3111973091402905,english,-5.239227652549744,d217a4989ef8dc1fffa7b5fa05d50f37eb6e1292a5848960763123d153b66e2656de3e616e108632589da87cfb4c05562c7ff34adea378302b15d6ff9d575706,0.3111973091402905,0.7808500366370921,0.1286341522733749,0.0898838108622199,0.0957497610341433,0.6318359375,3.336,d217a4989ef8dc1fffa7b5fa05d50f37eb6e1292a5848960763123d153b66e2656de3e616e108632589da87cfb4c05562c7ff34adea378302b15d6ff9d575706,,,,,,,,
82,fe26a31372f17c6dc4626b8349a22c04a373e49c8107355e79dc0b43e476161083653cf145f519c774a7d60752ced63d9851e83c7dd1805d2a1f54e9bbe26bcc,english_griffinlim_eval_final/fake_english_griffinlim/english_fake_0082.wav,0,6.696,-0.5933018922805786,1.0576798915863037,0.1922717503907447,english,-0.08832120895385742,fe26a31372f17c6dc4626b8349a22c04a373e49c8107355e79dc0b43e476161083653cf145f519c774a7d60752ced63d9851e83c7dd1805d2a1f54e9bbe26bcc,0.1922717503907447,0.4608422964865332,0.4179329718122636,0.1179795180776335,0.0368880691941835,0.562255859375,6.696,fe26a31372f17c6dc4626b8349a22c04a373e49c8107355e79dc0b43e476161083653cf145f519c774a7d60752ced63d9851e83c7dd1805d2a1f54e9bbe26bcc,,,,,,,,
83,18b951dc2813f5814ff2517741eea11223b24b0d981c48d278682c713cf69dba191e3fabec0c27a7840be61854d3384d1aa88af7ec9fd6e59d08e23ee7ba26d6,english_griffinlim_eval_final/fake_english_griffinlim/english_fake_0083.wav,0,3.072,0.3252778053283691,-0.420835793018341,0.0271214131991078,english,0.8302584886550903,18b951dc2813f5814ff2517741eea11223b24b0d981c48d278682c713cf69dba191e3fabec0c27a7840be61854d3384d1aa88af7ec9fd6e59d08e23ee7ba26d6,0.0271214131991078,0.6635963730617078,0.2890838292539987,0.043239013610223,0.0345177835366004,0.349578857421875,3.072,18b951dc2813f5814ff2517741eea11223b24b0d981c48d278682c713cf69dba191e3fabec0c27a7840be61854d3384d1aa88af7ec9fd6e59d08e23ee7ba26d6,0.571748185485035,0.3470978140149293,0.0811540005000357,0.7980361948464649,13.94445529036393,0.2080286501456288,0.5148164555993754,0.6863579970933511
84,12cfb67ce9417419effcc58d158d4d6050dfc41ee1c8270b9b02fa1ba7f1b834286a244b34c0fe7cbd0b3cc83fa9ad93fad729c1039512202f34f544188fb092,english_griffinlim_eval_final/fake_english_griffinlim/english_fake_0084.wav,0,5.592,-0.522289514541626,0.9529779553413392,0.0101008097091734,english,-0.017308831214904785,12cfb67ce9417419effcc58d158d4d6050dfc41ee1c8270b9b02fa1ba7f1b834286a244b34c0fe7cbd0b3cc83fa9ad93fad729c1039512202f34f544188fb092,0.0101008097091734,0.8061969332959459,0.0998554860418548,0.0876599603511488,0.0280484535450361,0.321014404296875,5.592,12cfb67ce9417419effcc58d158d4d6050dfc41ee1c8270b9b02fa1ba7f1b834286a244b34c0fe7cbd0b3cc83fa9ad93fad729c1039512202f34f544188fb092,,,,,,,,
85,b15e81b74f3a01152401371744ce17a419c45a9415478075dd9d5dab5818374ad025c732871b55b1d5242f40357f577ab2dfd02950081c195bf04dd7b8aa7910,english_griffinlim_eval_final/fake_english_griffinlim/english_fake_0085.wav,0,6.228,-6.081320762634277,6.996376037597656,0.1133383897168845,english,-5.576340079307556,b15e81b74f3a01152401371744ce17a419c45a9415478075dd9d5dab5818374ad025c732871b55b1d5242f40357f577ab2dfd02950081c195bf04dd7b8aa7910,0.1133383897168845,0.968630242393298,0.0284906261124938,0.002542199759884,0.1283726301705001,0.989990234375,6.228,b15e81b74f3a01152401371744ce17a419c45a9415478075dd9d5dab5818374ad025c732871b55b1d5242f40357f577ab2dfd02950081c195bf04dd7b8aa7910,,,,,,,,
86,bdb9e7b61df6b42158b76c3610b9209b09e9c9dd62eddd23c8957bc48183d3bd80dc450d0b44de874448c394e28becae04fbc03f1c9c2db817bde974ee05436e,english_griffinlim_eval_final/fake_english_griffinlim/english_fake_0086.wav,0,7.896,2.82934045791626,-3.519069194793701,0.0198580990497449,english,3.3343211412429814,bdb9e7b61df6b42158b76c3610b9209b09e9c9dd62eddd23c8957bc48183d3bd80dc450d0b44de874448c394e28becae04fbc03f1c9c2db817bde974ee05436e,0.0198580990497449,0.8533597625817745,0.1338123485080203,0.0120949377531317,0.0885910622381086,0.977203369140625,7.896,bdb9e7b61df6b42158b76c3610b9209b09e9c9dd62eddd23c8957bc48183d3bd80dc450d0b44de874448c394e28becae04fbc03f1c9c2db817bde974ee05436e,,,,,,,,
87,b87dd0680063cbd3dc57f5b9b20c14f020f511c3f18467d52e816db909dbe2be05b8ea36a4bca91179503817a1b093a9e6036abb514c6ad1aaf1ffa71b3d32ce,english_griffinlim_eval_final/fake_english_griffinlim/english_fake_0087.wav,0,4.428,-4.057642936706543,4.948766231536865,0.2193069504071943,english,-3.5526622533798218,b87dd0680063cbd3dc57f5b9b20c14f020f511c3f18467d52e816db909dbe2be05b8ea36a4bca91179503817a1b093a9e6036abb514c6ad1aaf1ffa71b3d32ce,0.2193069504071943,0.620757840111636,0.3662270147598049,0.0124781385722819,0.0965155768709186,0.925201416015625,4.428,b87dd0680063cbd3dc57f5b9b20c14f020f511c3f18467d52e816db909dbe2be05b8ea36a4bca91179503817a1b093a9e6036abb514c6ad1aaf1ffa71b3d32ce,,,,,,,,
88,90ef33c75fc1eaee1c26d177e0849ec19ed68a4ed5804020185fb7169d6350adbccb66848b4536e2f10d7bb9d7c11f9e6ce383955c4382ca47fab04b7c63ef29,english_griffinlim_eval_final/fake_english_griffinlim/english_fake_0088.wav,0,3.42,-2.082224607467652,3.031862735748291,0.0117043933415255,english,-1.5772439241409306,90ef33c75fc1eaee1c26d177e0849ec19ed68a4ed5804020185fb7169d6350adbccb66848b4536e2f10d7bb9d7c11f9e6ce383955c4382ca47fab04b7c63ef29,0.0117043933415255,0.9344886991563738,0.0502075704465172,0.0144322095770404,0.0868149817157636,0.763824462890625,3.42,90ef33c75fc1eaee1c26d177e0849ec19ed68a4ed5804020185fb7169d6350adbccb66848b4536e2f10d7bb9d7c11f9e6ce383955c4382ca47fab04b7c63ef29,,,,,,,,
89,4e01cef3f6493aa1557af3c25d7dc55430ef2aeb5000b551f7f0a807811d299de62a4dcbe87410986ab5ad9712711fdb6cc7102cfe9009aa17b04919af7da4e6,english_griffinlim_eval_final/fake_english_griffinlim/english_fake_0089.wav,0,2.472,-0.5686081647872925,0.9119054079055786,0.0046501624978584,english,-0.06362748146057129,4e01cef3f6493aa1557af3c25d7dc55430ef2aeb5000b551f7f0a807811d299de62a4dcbe87410986ab5ad9712711fdb6cc7102cfe9009aa17b04919af7da4e6,0.0046501624978584,0.8042352878827788,0.1409826191464541,0.0516588695274822,0.0414806844838541,0.495025634765625,2.472,4e01cef3f6493aa1557af3c25d7dc55430ef2aeb5000b551f7f0a807811d299de62a4dcbe87410986ab5ad9712711fdb6cc7102cfe9009aa17b04919af7da4e6,,,,,,,,
90,f5a8a2e6cbefa2d48793fcf4dfd6ba7f23643a7a21328ab7a3ccec884375a627788e2b2090aa38d2ce5ee3ad14e0477e8ce1341d0d3477e88f82d596443c0ac2,english_griffinlim_eval_final/fake_english_griffinlim/english_fake_0090.wav,0,6.864,-0.0090530402958393,0.0632786452770233,0.071598455256427,english,0.4959276430308819,f5a8a2e6cbefa2d48793fcf4dfd6ba7f23643a7a21328ab7a3ccec884375a627788e2b2090aa38d2ce5ee3ad14e0477e8ce1341d0d3477e88f82d596443c0ac2,0.071598455256427,0.6422251148882506,0.2590309461725485,0.0886308215095035,0.0204268264787002,0.195159912109375,6.864,f5a8a2e6cbefa2d48793fcf4dfd6ba7f23643a7a21328ab7a3ccec884375a627788e2b2090aa38d2ce5ee3ad14e0477e8ce1341d0d3477e88f82d596443c0ac2,,,,,,,,
91,995e028794f85b21f12ec5880ae7d8140e8c53b523cad6dcceee552ee4bd39ed59e266c62a70bb57ee2eab0d04acfc7ad71ba2edda18635b1e2f81153c241643,english_griffinlim_eval_final/fake_english_griffinlim/english_fake_0091.wav,0,2.424,-0.8426986932754517,1.427473545074463,0.0195358906732254,english,-0.33771800994873047,995e028794f85b21f12ec5880ae7d8140e8c53b523cad6dcceee552ee4bd39ed59e266c62a70bb57ee2eab0d04acfc7ad71ba2edda18635b1e2f81153c241643,0.0195358906732254,0.6491804962983334,0.2480772928851175,0.0886090167455794,0.0149515647031933,0.17095947265625,2.424,995e028794f85b21f12ec5880ae7d8140e8c53b523cad6dcceee552ee4bd39ed59e266c62a70bb57ee2eab0d04acfc7ad71ba2edda18635b1e2f81153c241643,,,,,,,,
92,193ac5b84bfb991cfac40ceb5212571efdd51e50f66acce33e264a8f3db03c507f032b3e8657d4b68bc0f37792b212ff8bd762e81e4583207fc687a24bbcfe84,english_griffinlim_eval_final/fake_english_griffinlim/english_fake_0092.wav,0,7.956,-4.9681596755981445,5.709284782409668,0.0114994323533602,english,-4.463178992271423,193ac5b84bfb991cfac40ceb5212571efdd51e50f66acce33e264a8f3db03c507f032b3e8657d4b68bc0f37792b212ff8bd762e81e4583207fc687a24bbcfe84,0.0114994323533602,0.864284509887893,0.1208720552562088,0.0136866396889844,0.069395793071671,0.78570556640625,7.956,193ac5b84bfb991cfac40ceb5212571efdd51e50f66acce33e264a8f3db03c507f032b3e8657d4b68bc0f37792b212ff8bd762e81e4583207fc687a24bbcfe84,,,,,,,,
93,c4c136ef930b370a6f35f9a6e8855a56d5c1383e028ec0b85b4804695e04c614bb24e260be54e2deb92dc19311f94c5459c0f3ca5e0f68cd503d7383b99979c3,english_griffinlim_eval_final/fake_english_griffinlim/english_fake_0093.wav,0,4.008,-3.258594512939453,4.241141319274902,0.0048756797787323,english,-2.753613829612732,c4c136ef930b370a6f35f9a6e8855a56d5c1383e028ec0b85b4804695e04c614bb24e260be54e2deb92dc19311f94c5459c0f3ca5e0f68cd503d7383b99979c3,0.0048756797787323,0.8643825994974461,0.1196125423236292,0.0135220155009549,0.0482931643674666,0.49859619140625,4.008,c4c136ef930b370a6f35f9a6e8855a56d5c1383e028ec0b85b4804695e04c614bb24e260be54e2deb92dc19311f94c5459c0f3ca5e0f68cd503d7383b99979c3,,,,,,,,
94,286b3e8a1836d09e6750eda31ea961d87e0d6aaf625df6135d7da264ed96150cef6cfda72f484245956373ad3c393aaf3cd3d016ac64d26a9facbc3cc069457c,english_griffinlim_eval_final/fake_english_griffinlim/english_fake_0094.wav,0,7.956,-5.97737979888916,6.903426170349121,0.0047138823531207,english,-5.472399115562439,286b3e8a1836d09e6750eda31ea961d87e0d6aaf625df6135d7da264ed96150cef6cfda72f484245956373ad3c393aaf3cd3d016ac64d26a9facbc3cc069457c,0.0047138823531207,0.8966859576779512,0.075745452602678,0.0253294527357099,0.0487899543575553,0.602813720703125,7.956,286b3e8a1836d09e6750eda31ea961d87e0d6aaf625df6135d7da264ed96150cef6cfda72f484245956373ad3c393aaf3cd3d016ac64d26a9facbc3cc069457c,,,,,,,,
95,ab43bbde8dd98948b7e6b8393d966519e92744fd96172349c9d20cd1247a67a9e41415818b1ab8f0c456d23244cf15a1188a078707b96a3a8476783890c4a42f,english_griffinlim_eval_final/fake_english_griffinlim/english_fake_0095.wav,0,3.96,-3.182055950164795,4.057254791259766,0.0081245230069007,english,-2.6770752668380737,ab43bbde8dd98948b7e6b8393d966519e92744fd96172349c9d20cd1247a67a9e41415818b1ab8f0c456d23244cf15a1188a078707b96a3a8476783890c4a42f,0.0081245230069007,0.862347506661557,0.0748148888154948,0.0580980547984301,0.0333812053376839,0.257659912109375,3.96,ab43bbde8dd98948b7e6b8393d966519e92744fd96172349c9d20cd1247a67a9e41415818b1ab8f0c456d23244cf15a1188a078707b96a3a8476783890c4a42f,,,,,,,,
96,7586972828cb14b30651404265baa4b9b8893ea7627c753195db738c56f356dfc218bf49b97bc25be6d57e89b64e9a58a92b077f9836bda09c405c0bd5f6d992,english_griffinlim_eval_final/fake_english_griffinlim/english_fake_0096.wav,0,4.848,-5.940779685974121,6.8203125,0.1062343181487751,english,-5.4357990026474,7586972828cb14b30651404265baa4b9b8893ea7627c753195db738c56f356dfc218bf49b97bc25be6d57e89b64e9a58a92b077f9836bda09c405c0bd5f6d992,0.1062343181487751,0.8887605898399465,0.0778259515591918,0.0330480578406048,0.1194370764367504,0.989990234375,4.848,7586972828cb14b30651404265baa4b9b8893ea7627c753195db738c56f356dfc218bf49b97bc25be6d57e89b64e9a58a92b077f9836bda09c405c0bd5f6d992,,,,,,,,
97,7eff9a54bdb0619deffda7609d5b8565278e3328de99e63908be2a37c1ad16516240b9c92bc6b68d8130b20dc556f57005dc053f4874a49589f5971a31b97e98,english_griffinlim_eval_final/fake_english_griffinlim/english_fake_0097.wav,0,5.256,-1.6938437223434448,2.3194429874420166,0.0117872505175913,english,-1.1888630390167236,7eff9a54bdb0619deffda7609d5b8565278e3328de99e63908be2a37c1ad16516240b9c92bc6b68d8130b20dc556f57005dc053f4874a49589f5971a31b97e98,0.0117872505175913,0.9448533906735198,0.0422498138976916,0.0109906180057798,0.0580843362709646,0.406097412109375,5.256,7eff9a54bdb0619deffda7609d5b8565278e3328de99e63908be2a37c1ad16516240b9c92bc6b68d8130b20dc556f57005dc053f4874a49589f5971a31b97e98,,,,,,,,
98,0bc3b6a89a2eb6ca792090fcb73db2ce7fe08a38f032850cd0a4443154b3f8456f03bde13e692dfb4ffcb707575c4cb5bc2f7eb9b68dcaaba9f9e3925fcdce72,english_griffinlim_eval_final/fake_english_griffinlim/english_fake_0098.wav,0,6.12,-5.764566421508789,6.64597749710083,0.0249725083490283,english,-5.259585738182068,0bc3b6a89a2eb6ca792090fcb73db2ce7fe08a38f032850cd0a4443154b3f8456f03bde13e692dfb4ffcb707575c4cb5bc2f7eb9b68dcaaba9f9e3925fcdce72,0.0249725083490283,0.768365725461435,0.1509762484184926,0.0767366816046684,0.0349763025824202,0.339813232421875,6.12,0bc3b6a89a2eb6ca792090fcb73db2ce7fe08a38f032850cd0a4443154b3f8456f03bde13e692dfb4ffcb707575c4cb5bc2f7eb9b68dcaaba9f9e3925fcdce72,,,,,,,,
99,ab72e9ab22713aec03a3189202a0713e56016ea07569b3041fcd65d77c9eb3f8c692f7ccaec75c16bbc62476d528f434d829193994cf07fcde9e3b1e4a2fa93a,english_griffinlim_eval_final/fake_english_griffinlim/english_fake_0099.wav,0,3.192,-5.738290309906006,6.599595546722412,0.0742416983982906,english,-5.233309626579285,ab72e9ab22713aec03a3189202a0713e56016ea07569b3041fcd65d77c9eb3f8c692f7ccaec75c16bbc62476d528f434d829193994cf07fcde9e3b1e4a2fa93a,0.0742416983982906,0.6081379858731739,0.3841079468263458,0.006709860522515,0.07131826752849,0.747406005859375,3.192,ab72e9ab22713aec03a3189202a0713e56016ea07569b3041fcd65d77c9eb3f8c692f7ccaec75c16bbc62476d528f434d829193994cf07fcde9e3b1e4a2fa93a,0.5630513468517032,0.38530512413452,0.0516435290137767,0.7197221061272518,14.4327436471769,0.1668335973884278,0.4066045698607,0.5682927718787997
100,c120fad6205991947955b49f624dadce93bf9f952a73fc655dc8fc4a926753ee2fae9656717727d6f0706399ef0b4163beef5c3fe29edb5f77cef61791a2e632,english_griffinlim_eval_final/fake_english_griffinlim/english_fake_0100.wav,0,7.224,-5.830390930175781,6.816097259521484,0.0156267521402366,english,-5.32541024684906,c120fad6205991947955b49f624dadce93bf9f952a73fc655dc8fc4a926753ee2fae9656717727d6f0706399ef0b4163beef5c3fe29edb5f77cef61791a2e632,0.0156267521402366,0.9320855421402536,0.0526601953995944,0.0139088077353726,0.0657501568248309,0.555572509765625,7.224,c120fad6205991947955b49f624dadce93bf9f952a73fc655dc8fc4a926753ee2fae9656717727d6f0706399ef0b4163beef5c3fe29edb5f77cef61791a2e632,,,,,,,,
101,f0ccdd8bea3e199738c6ba905ca2352e0a25b54e5fb5d46fe2e0e1dece03b84a2f294aad8019a2ec6067c739764d342cf664711024729b0c9da2e977a09a62a0,english_griffinlim_eval_final/fake_english_griffinlim/english_fake_0101.wav,0,3.636,-0.2260351330041885,0.3120451867580414,0.0008453989041236,english,0.27894555032253265,f0ccdd8bea3e199738c6ba905ca2352e0a25b54e5fb5d46fe2e0e1dece03b84a2f294aad8019a2ec6067c739764d342cf664711024729b0c9da2e977a09a62a0,0.0008453989041236,0.8390347876671334,0.0984873572634353,0.0558446049498787,0.0296378343874145,0.58502197265625,3.636,f0ccdd8bea3e199738c6ba905ca2352e0a25b54e5fb5d46fe2e0e1dece03b84a2f294aad8019a2ec6067c739764d342cf664711024729b0c9da2e977a09a62a0,,,,,,,,
102,63ded40ee0387755ce04b8fb15167883e2844947f0498cebb404e6cc4497c91bb6f919ce3f680da19990c6dd78b65be108b0bc1527eb186abbf15eb456063f66,english_griffinlim_eval_final/fake_english_griffinlim/english_fake_0102.wav,0,4.536,-6.072634696960449,6.98084831237793,0.0378068379786019,english,-5.567654013633728,63ded40ee0387755ce04b8fb15167883e2844947f0498cebb404e6cc4497c91bb6f919ce3f680da19990c6dd78b65be108b0bc1527eb186abbf15eb456063f66,0.0378068379786019,0.842030988629887,0.127581214805222,0.0295982749862147,0.0833842970480597,0.726104736328125,4.536,63ded40ee0387755ce04b8fb15167883e2844947f0498cebb404e6cc4497c91bb6f919ce3f680da19990c6dd78b65be108b0bc1527eb186abbf15eb456063f66,,,,,,,,
103,d7b8bd57a847b9f6a92eb975f2fe0a8686ee95a9e71b0168d5ee36090c94b373186a93d864491807465a14b0cb0cd867c6a52509095f73cb3c58490f0fb7f149,english_griffinlim_eval_final/fake_english_griffinlim/english_fake_0103.wav,0,5.76,-3.858705997467041,4.667828559875488,0.0198547371959209,english,-3.35372531414032,d7b8bd57a847b9f6a92eb975f2fe0a8686ee95a9e71b0168d5ee36090c94b373186a93d864491807465a14b0cb0cd867c6a52509095f73cb3c58490f0fb7f149,0.0198547371959209,0.8206556161575841,0.1518141607700061,0.0261489266029524,0.0659438853755349,0.659698486328125,5.76,d7b8bd57a847b9f6a92eb975f2fe0a8686ee95a9e71b0168d5ee36090c94b373186a93d864491807465a14b0cb0cd867c6a52509095f73cb3c58490f0fb7f149,,,,,,,,
104,fb37ef6ffecba809f5afb50ec87ff2c80f691a62c70d37d39328851602003653fcbd62f1003f46879d8edbfa3f56655d72f3731bef5516e5008def568ee9d622,english_griffinlim_eval_final/fake_english_griffinlim/english_fake_0104.wav,0,7.824,-5.572924137115479,6.404212951660156,0.566452985468137,english,-5.067943453788758,fb37ef6ffecba809f5afb50ec87ff2c80f691a62c70d37d39328851602003653fcbd62f1003f46879d8edbfa3f56655d72f3731bef5516e5008def568ee9d622,0.566452985468137,0.6243495538894716,0.3559857460186111,0.0191189446188062,0.1016850529302241,0.868072509765625,7.824,fb37ef6ffecba809f5afb50ec87ff2c80f691a62c70d37d39328851602003653fcbd62f1003f46879d8edbfa3f56655d72f3731bef5516e5008def568ee9d622,,,,,,,,
105,a85aa03c89c431793d59f0b85b64ae4ecf2ac5499d39fe90eef2c838577f8df4b9fdd8b8273467e369fee60d78660990ed7af0f2425ea962fe611aad0b372c38,english_griffinlim_eval_final/fake_english_griffinlim/english_fake_0105.wav,0,5.352,-4.865756034851074,5.6992950439453125,0.0541181036125394,english,-4.360775351524353,a85aa03c89c431793d59f0b85b64ae4ecf2ac5499d39fe90eef2c838577f8df4b9fdd8b8273467e369fee60d78660990ed7af0f2425ea962fe611aad0b372c38,0.0541181036125394,0.9148887364860068,0.0772703916287571,0.0074585700932478,0.1148015811078882,0.990020751953125,5.352,a85aa03c89c431793d59f0b85b64ae4ecf2ac5499d39fe90eef2c838577f8df4b9fdd8b8273467e369fee60d78660990ed7af0f2425ea962fe611aad0b372c38,,,,,,,,
106,a0e4de2befbd0c0dbcdde0f144f12d496826dee428264a75f6cfa65d4a626ade7eadd36fbf79cf2bb31d1da3f2587a208343b6d3c4cdfbab578fd36dedc4e15b,english_griffinlim_eval_final/fake_english_griffinlim/english_fake_0106.wav,0,6.816,-0.8552494049072266,1.392753005027771,0.0819271258525465,english,-0.35026872158050537,a0e4de2befbd0c0dbcdde0f144f12d496826dee428264a75f6cfa65d4a626ade7eadd36fbf79cf2bb31d1da3f2587a208343b6d3c4cdfbab578fd36dedc4e15b,0.0819271258525465,0.6400838291904459,0.2126389990576794,0.1335931451263592,0.0152966322566447,0.146331787109375,6.816,a0e4de2befbd0c0dbcdde0f144f12d496826dee428264a75f6cfa65d4a626ade7eadd36fbf79cf2bb31d1da3f2587a208343b6d3c4cdfbab578fd36dedc4e15b,,,,,,,,
107,307a4fa8099bca1b0a92cb228b899bf047b86dee93b8e32053a0e7cd61b150d58259e8abaac45bf6fc2e7f7ebbd6262aa2d6a483f42b3fd7271d2a054082da7d,english_griffinlim_eval_final/fake_english_griffinlim/english_fake_0107.wav,0,5.472,-5.440927505493164,6.189840316772461,0.0516827475385072,english,-4.935946822166443,307a4fa8099bca1b0a92cb228b899bf047b86dee93b8e32053a0e7cd61b150d58259e8abaac45bf6fc2e7f7ebbd6262aa2d6a483f42b3fd7271d2a054082da7d,0.0516827475385072,0.7714934701887896,0.140092202066181,0.0859576225289716,0.0478058932069529,0.382659912109375,5.472,307a4fa8099bca1b0a92cb228b899bf047b86dee93b8e32053a0e7cd61b150d58259e8abaac45bf6fc2e7f7ebbd6262aa2d6a483f42b3fd7271d2a054082da7d,,,,,,,,
108,7bf8e335b222c8f3eceaee7f9a0e4ada4d4de7d2fa39b6503a2fddb8334e437ba9cd1c7ad266a08048d0a324e2e1147e57b7befa84d4abdaa17a7209b9854567,english_griffinlim_eval_final/fake_english_griffinlim/english_fake_0108.wav,0,5.424,-4.101478576660156,4.885188102722168,0.3912904700074844,english,-3.596497893333435,7bf8e335b222c8f3eceaee7f9a0e4ada4d4de7d2fa39b6503a2fddb8334e437ba9cd1c7ad266a08048d0a324e2e1147e57b7befa84d4abdaa17a7209b9854567,0.3912904700074844,0.7197731035891085,0.1653804714074182,0.1142753589977562,0.0967886018818938,0.781219482421875,5.424,7bf8e335b222c8f3eceaee7f9a0e4ada4d4de7d2fa39b6503a2fddb8334e437ba9cd1c7ad266a08048d0a324e2e1147e57b7befa84d4abdaa17a7209b9854567,0.7694743463914496,0.1508953546280025,0.0796302989805476,0.6825175195272204,14.674928121293554,0.1293893048359649,0.3557312242657199,0.5161238726284317
109,939991dfcf12d8250739f3b4e5ed47e0dc4bf8ffb69810f4ab853aa12872a811941be35b7e91af5df8350d75d3c61d1301aba694c41deb3f38f1414703bc0461,english_griffinlim_eval_final/fake_english_griffinlim/english_fake_0109.wav,0,3.864,-6.029829978942871,6.977516174316406,0.0466109058712064,english,-5.52484929561615,939991dfcf12d8250739f3b4e5ed47e0dc4bf8ffb69810f4ab853aa12872a811941be35b7e91af5df8350d75d3c61d1301aba694c41deb3f38f1414703bc0461,0.0466109058712064,0.8041945623077583,0.1866216956311177,0.0082964715973666,0.0780850049806285,0.633819580078125,3.864,939991dfcf12d8250739f3b4e5ed47e0dc4bf8ffb69810f4ab853aa12872a811941be35b7e91af5df8350d75d3c61d1301aba694c41deb3f38f1414703bc0461,,,,,,,,
110,97ab2f73736127ef8f803797c2b2cb0e405f35b8aeaaea742112a6233d2b64dfa7d0453127d079cdf41b48cd7282bc4e7934b40b9d0600f07d8fbd14f14c7c34,english_griffinlim_eval_final/fake_english_griffinlim/english_fake_0110.wav,0,3.744,-6.0551605224609375,6.941630840301514,0.110110887081606,english,-5.550179839134216,97ab2f73736127ef8f803797c2b2cb0e405f35b8aeaaea742112a6233d2b64dfa7d0453127d079cdf41b48cd7282bc4e7934b40b9d0600f07d8fbd14f14c7c34,0.110110887081606,0.701318408228571,0.1143016167234785,0.1814336956567626,0.0424985723167362,0.332427978515625,3.744,97ab2f73736127ef8f803797c2b2cb0e405f35b8aeaaea742112a6233d2b64dfa7d0453127d079cdf41b48cd7282bc4e7934b40b9d0600f07d8fbd14f14c7c34,,,,,,,,
111,32ccbe9d88d17ce7f2c20adef54078e58f24f0c9008cfd93742c826abd1f8de12e2a3ca6a93cca3a6d6e2d28cb2876fd832379d8ca2c9144fd597d7d3b64fa39,english_griffinlim_eval_final/fake_english_griffinlim/english_fake_0111.wav,0,5.652,-5.930442333221436,6.872844219207764,0.070242406034209,english,-5.425461649894715,32ccbe9d88d17ce7f2c20adef54078e58f24f0c9008cfd93742c826abd1f8de12e2a3ca6a93cca3a6d6e2d28cb2876fd832379d8ca2c9144fd597d7d3b64fa39,0.070242406034209,0.7849474963059377,0.1882357618570064,0.0261278121382619,0.0918151942529293,0.862823486328125,5.652,32ccbe9d88d17ce7f2c20adef54078e58f24f0c9008cfd93742c826abd1f8de12e2a3ca6a93cca3a6d6e2d28cb2876fd832379d8ca2c9144fd597d7d3b64fa39,,,,,,,,
112,21580cd2b189178fd1a54f973b311c2c17d9c9c22551bc474aac3ff99a050ef1bf1a09ed2349495ff4454366e998c863a4d766d456ca56f7e711f3f5c06d55c6,english_griffinlim_eval_final/fake_english_griffinlim/english_fake_0112.wav,0,5.04,-5.7592620849609375,6.597644329071045,0.0210728249892129,english,-5.254281401634216,21580cd2b189178fd1a54f973b311c2c17d9c9c22551bc474aac3ff99a050ef1bf1a09ed2349495ff4454366e998c863a4d766d456ca56f7e711f3f5c06d55c6,0.0210728249892129,0.8352994798165494,0.1573234156032852,0.0068292085061154,0.0953713813451629,0.990020751953125,5.04,21580cd2b189178fd1a54f973b311c2c17d9c9c22551bc474aac3ff99a050ef1bf1a09ed2349495ff4454366e998c863a4d766d456ca56f7e711f3f5c06d55c6,,,,,,,,
113,9c08dc6149dbb8f8308a5c383d34ab4637ed7fe1a9609e59d193cedb16c652716b6615184dfc6897be7e21f904ce1f1a9b58db97f543075f88c128f2c24da8b2,english_griffinlim_eval_final/fake_english_griffinlim/english_fake_0113.wav,0,6.48,-5.891564846038818,6.829560279846191,0.9557143714003876,english,-5.386584162712097,9c08dc6149dbb8f8308a5c383d34ab4637ed7fe1a9609e59d193cedb16c652716b6615184dfc6897be7e21f904ce1f1a9b58db97f543075f88c128f2c24da8b2,0.9557143714003876,0.60008852615717,0.358840590971435,0.040807112174134,0.1411449495099462,0.987762451171875,6.48,9c08dc6149dbb8f8308a5c383d34ab4637ed7fe1a9609e59d193cedb16c652716b6615184dfc6897be7e21f904ce1f1a9b58db97f543075f88c128f2c24da8b2,0.5209665781084797,0.3171831408282538,0.1618502810632664,0.7427308490662783,14.234170937207429,0.2033857298406015,0.4470237838105164,0.6003287733968041
114,55edfbd4b609ccbda0f3b6f8e06cdcd458cea8b807b8b4fda42eb17d0a3a9fc1b8ef2b8e78e46fa99c46e6a0aeab5423a61dd1d02b607a2cae96d432bd605810,english_griffinlim_eval_final/fake_english_griffinlim/english_fake_0114.wav,0,3.264,6.5142316818237305,-8.487346649169922,0.1901730026980392,english,7.019212365150452,55edfbd4b609ccbda0f3b6f8e06cdcd458cea8b807b8b4fda42eb17d0a3a9fc1b8ef2b8e78e46fa99c46e6a0aeab5423a61dd1d02b607a2cae96d432bd605810,0.1901730026980392,0.4579979175521362,0.3572554936108291,0.1563208000655826,0.0040632465170253,0.01763916015625,3.264,55edfbd4b609ccbda0f3b6f8e06cdcd458cea8b807b8b4fda42eb17d0a3a9fc1b8ef2b8e78e46fa99c46e6a0aeab5423a61dd1d02b607a2cae96d432bd605810,,,,,,,,
115,4f39a2a1bf29515c3558f4f1ebeed7431073dbb9f73b6fae537831b75960fedc7fb1673f638dbb7d6ded8bc61be63fd864ec7e0a52f67158e7522620892e1b63,english_griffinlim_eval_final/fake_english_griffinlim/english_fake_0115.wav,0,7.032,-1.575811743736267,2.1411452293396,0.1306410506049579,english,-1.070831060409546,4f39a2a1bf29515c3558f4f1ebeed7431073dbb9f73b6fae537831b75960fedc7fb1673f638dbb7d6ded8bc61be63fd864ec7e0a52f67158e7522620892e1b63,0.1306410506049579,0.6421207395007736,0.2169844031591562,0.1391975088140048,0.0555008628673954,0.6405029296875,7.032,4f39a2a1bf29515c3558f4f1ebeed7431073dbb9f73b6fae537831b75960fedc7fb1673f638dbb7d6ded8bc61be63fd864ec7e0a52f67158e7522620892e1b63,,,,,,,,
116,734a5f2b0ad91b13ae7b436e55c5cfad5996a405725215497abfd6db8ab55b5ac8fbe11be78afb51ccfd9ec01c25a903e512c66c5467b068f3a6e9d259bb8dbc,english_griffinlim_eval_final/fake_english_griffinlim/english_fake_0116.wav,0,4.176,-1.273018479347229,1.7655870914459229,0.0212196624123965,english,-0.7680377960205078,734a5f2b0ad91b13ae7b436e55c5cfad5996a405725215497abfd6db8ab55b5ac8fbe11be78afb51ccfd9ec01c25a903e512c66c5467b068f3a6e9d259bb8dbc,0.0212196624123965,0.8110680717384171,0.1137867302354562,0.0741962775443844,0.0771814032083874,0.81707763671875,4.176,734a5f2b0ad91b13ae7b436e55c5cfad5996a405725215497abfd6db8ab55b5ac8fbe11be78afb51ccfd9ec01c25a903e512c66c5467b068f3a6e9d259bb8dbc,,,,,,,,
117,468d6a3b83f807ed964c180ed893ac7c39f9ea1860213261ed075ce3f8c1403d77bc8157c3ab2548bfbc7885be878a423b004a77cf28a7289421937952069126,english_griffinlim_eval_final/fake_english_griffinlim/english_fake_0117.wav,0,7.92,-3.6898422241210938,4.610827445983887,0.0157892009818968,english,-3.1848615407943726,468d6a3b83f807ed964c180ed893ac7c39f9ea1860213261ed075ce3f8c1403d77bc8157c3ab2548bfbc7885be878a423b004a77cf28a7289421937952069126,0.0157892009818968,0.8327103446759807,0.1467501396764075,0.018523595481279,0.0529826640956814,0.561431884765625,7.92,468d6a3b83f807ed964c180ed893ac7c39f9ea1860213261ed075ce3f8c1403d77bc8157c3ab2548bfbc7885be878a423b004a77cf28a7289421937952069126,,,,,,,,
118,112922c039ef29cf23683438a7c91b35e63a9f4fc8db745571a6095a1b828d6868d2ff5efd2ead71679922acdc360547e432aea7c66873a02db6b2d04bec652d,english_griffinlim_eval_final/fake_english_griffinlim/english_fake_0118.wav,0,4.68,-5.302742004394531,6.200531005859375,0.6965342134504141,english,-4.79776132106781,112922c039ef29cf23683438a7c91b35e63a9f4fc8db745571a6095a1b828d6868d2ff5efd2ead71679922acdc360547e432aea7c66873a02db6b2d04bec652d,0.6965342134504141,0.4553396949251559,0.1504508598012111,0.3919766218033802,0.0448446925057969,0.542724609375,4.68,112922c039ef29cf23683438a7c91b35e63a9f4fc8db745571a6095a1b828d6868d2ff5efd2ead71679922acdc360547e432aea7c66873a02db6b2d04bec652d,,,,,,,,
119,3b251e405197711ca6038c441740777a3da77049a26f16a118acb4751b4c171aebe20c719accd1364489542f40e46f8823a67d56938703a3a88e30e3e5e1c65f,english_griffinlim_eval_final/fake_english_griffinlim/english_fake_0119.wav,0,7.968,-1.5264190435409546,2.153862714767456,0.1037432567231711,english,-1.0214383602142334,3b251e405197711ca6038c441740777a3da77049a26f16a118acb4751b4c171aebe20c719accd1364489542f40e46f8823a67d56938703a3a88e30e3e5e1c65f,0.1037432567231711,0.7650853631645533,0.1913743260073395,0.0426428088355402,0.0804511813321023,0.763641357421875,7.968,3b251e405197711ca6038c441740777a3da77049a26f16a118acb4751b4c171aebe20c719accd1364489542f40e46f8823a67d56938703a3a88e30e3e5e1c65f,,,,,,,,
120,3e77b1c10c54a742d3860e52142a104b8e8ca3719cbd23fab691c1fefc00b4b65b9e880594feb9f776672084590c6bf971beec933909a0d6c04013c911ddf241,english_griffinlim_eval_final/fake_english_griffinlim/english_fake_0120.wav,0,6.168,-0.5689419507980347,1.0438505411148071,0.0144279447400781,english,-0.06396126747131348,3e77b1c10c54a742d3860e52142a104b8e8ca3719cbd23fab691c1fefc00b4b65b9e880594feb9f776672084590c6bf971beec933909a0d6c04013c911ddf241,0.0144279447400781,0.7945759796459569,0.1494161612723964,0.0477106506610246,0.0237065199231909,0.1982421875,6.168,3e77b1c10c54a742d3860e52142a104b8e8ca3719cbd23fab691c1fefc00b4b65b9e880594feb9f776672084590c6bf971beec933909a0d6c04013c911ddf241,,,,,,,,
121,eeef41d2e7269667ba572d070b4dc6501f4cce0362ceb647a1e95d26f9296bd5ed1537a8435d495cb456605fc2275b1b2de28dcb1b20bea9c7a268b0209650a5,english_griffinlim_eval_final/fake_english_griffinlim/english_fake_0121.wav,0,2.712,4.806675910949707,-6.128557205200195,0.0581734405430637,english,5.311656594276428,eeef41d2e7269667ba572d070b4dc6501f4cce0362ceb647a1e95d26f9296bd5ed1537a8435d495cb456605fc2275b1b2de28dcb1b20bea9c7a268b0209650a5,0.0581734405430637,0.5742367732077199,0.2746142779844702,0.1287844416402704,0.0090662158392004,0.0728759765625,2.712,eeef41d2e7269667ba572d070b4dc6501f4cce0362ceb647a1e95d26f9296bd5ed1537a8435d495cb456605fc2275b1b2de28dcb1b20bea9c7a268b0209650a5,,,,,,,,
122,3ebf97dff152377ac23a819a5dba264b0f8994354b69c559206858276e263c410183fcd25ae83a2467477a87821e8fddd714322d589ad8363efdcc90712d396e,english_griffinlim_eval_final/fake_english_griffinlim/english_fake_0122.wav,0,5.232,-5.922342777252197,6.767110347747803,0.1386765468243927,english,-5.417362093925476,3ebf97dff152377ac23a819a5dba264b0f8994354b69c559206858276e263c410183fcd25ae83a2467477a87821e8fddd714322d589ad8363efdcc90712d396e,0.1386765468243927,0.7269392041337048,0.2222452453986853,0.0497605218665045,0.072846419254881,0.583740234375,5.232,3ebf97dff152377ac23a819a5dba264b0f8994354b69c559206858276e263c410183fcd25ae83a2467477a87821e8fddd714322d589ad8363efdcc90712d396e,,,,,,,,
123,1cc7498b76cddef31926c23c49ba204aaf4a0555af20ab0b2571603ef0653539b787a94a20c29a651da9254f4eaf1dbbc43ab81471760f1f8c946b1cf21b5637,english_griffinlim_eval_final/fake_english_griffinlim/english_fake_0123.wav,0,4.5,-6.063358306884766,6.887743949890137,0.0189679527178438,english,-5.558377623558044,1cc7498b76cddef31926c23c49ba204aaf4a0555af20ab0b2571603ef0653539b787a94a20c29a651da9254f4eaf1dbbc43ab81471760f1f8c946b1cf21b5637,0.0189679527178438,0.8648783728688376,0.0841316059372653,0.0507170473394394,0.0954951997251142,0.989990234375,4.5,1cc7498b76cddef31926c23c49ba204aaf4a0555af20ab0b2571603ef0653539b787a94a20c29a651da9254f4eaf1dbbc43ab81471760f1f8c946b1cf21b5637,,,,,,,,
124,70c21ca1cc3de05f3c23b11615cd7d5dd078e03cda0cd46224c802cb358d2bddc9df76042f0f15fe5c3d655d19f20193db107b130128af209e229afabf047b54,english_griffinlim_eval_final/fake_english_griffinlim/english_fake_0124.wav,0,5.784,-5.969025135040283,6.803349494934082,0.8293567698948225,english,-5.464044451713562,70c21ca1cc3de05f3c23b11615cd7d5dd078e03cda0cd46224c802cb358d2bddc9df76042f0f15fe5c3d655d19f20193db107b130128af209e229afabf047b54,0.8293567698948225,0.9281512080311254,0.0612188385609299,0.0104544995707046,0.1657032703852358,0.989990234375,5.784,70c21ca1cc3de05f3c23b11615cd7d5dd078e03cda0cd46224c802cb358d2bddc9df76042f0f15fe5c3d655d19f20193db107b130128af209e229afabf047b54,,,,,,,,
125,a6dfe0e31661197a82a0558dd1eeb2ce3f898d4cbfc740cf28766768e8fe5901cb2fbdcfa2b6a980993832d144a8a1865bc69af3ddafe929f660c90b23d94fb8,english_griffinlim_eval_final/fake_english_griffinlim/english_fake_0125.wav,0,3.744,1.524736762046814,-2.357473373413086,0.0093886953060991,english,2.029717445373535,a6dfe0e31661197a82a0558dd1eeb2ce3f898d4cbfc740cf28766768e8fe5901cb2fbdcfa2b6a980993832d144a8a1865bc69af3ddafe929f660c90b23d94fb8,0.0093886953060991,0.7948974802608424,0.1365032943517475,0.0574867084964549,0.0201572716209666,0.14447021484375,3.744,a6dfe0e31661197a82a0558dd1eeb2ce3f898d4cbfc740cf28766768e8fe5901cb2fbdcfa2b6a980993832d144a8a1865bc69af3ddafe929f660c90b23d94fb8,0.7112628895674297,0.2031908100596804,0.0855463003728897,0.7320705056429639,14.387039465639385,0.1644170991671172,0.4268347276018445,0.5917757816294328
126,c9f28e9788e12dfc9d0ad0eb941e65fa8631f63bce73a5b5f31c4fdcbed1d2c6cadf65810feff962eface3dd2378c035079df9134f2cd005fa22e08926a45000,english_griffinlim_eval_final/fake_english_griffinlim/english_fake_0126.wav,0,5.472,-3.4392201900482178,4.330912590026856,0.0034182439505459,english,-2.9342395067214966,c9f28e9788e12dfc9d0ad0eb941e65fa8631f63bce73a5b5f31c4fdcbed1d2c6cadf65810feff962eface3dd2378c035079df9134f2cd005fa22e08926a45000,0.0034182439505459,0.8941509551597919,0.0767071526278684,0.0249943431514598,0.0368558760719528,0.408660888671875,5.472,c9f28e9788e12dfc9d0ad0eb941e65fa8631f63bce73a5b5f31c4fdcbed1d2c6cadf65810feff962eface3dd2378c035079df9134f2cd005fa22e08926a45000,,,,,,,,
127,5facd5968183b327e1ebcb2f8f46f731ed9b106f867c4a4d080660d9a9772d9667d2c7fe60df201e54c92aa787ee13ec30d619dff5606f6de55c74df9789b26b,english_griffinlim_eval_final/fake_english_griffinlim/english_fake_0127.wav,0,6.888,-0.774420976638794,1.2880990505218506,0.0127742317240275,english,-0.26944029331207275,5facd5968183b327e1ebcb2f8f46f731ed9b106f867c4a4d080660d9a9772d9667d2c7fe60df201e54c92aa787ee13ec30d619dff5606f6de55c74df9789b26b,0.0127742317240275,0.8375371389661609,0.1105956956338089,0.0442935856667489,0.0247958246470185,0.18597412109375,6.888,5facd5968183b327e1ebcb2f8f46f731ed9b106f867c4a4d080660d9a9772d9667d2c7fe60df201e54c92aa787ee13ec30d619dff5606f6de55c74df9789b26b,,,,,,,,
128,39177320246077ab4733e786a29c0571e0b8180e6a96cede57be4722a21ea409774daf384c853353c65fc15ea796f2543ad04c954b471b4722f65181fb243946,english_griffinlim_eval_final/fake_english_griffinlim/english_fake_0128.wav,0,4.92,-5.969876289367676,6.846134662628174,0.0467485725511214,english,-5.464895606040955,39177320246077ab4733e786a29c0571e0b8180e6a96cede57be4722a21ea409774daf384c853353c65fc15ea796f2543ad04c954b471b4722f65181fb243946,0.0467485725511214,0.9389509102226724,0.05001384109424,0.0101846878331113,0.0850346690912544,0.5538330078125,4.92,39177320246077ab4733e786a29c0571e0b8180e6a96cede57be4722a21ea409774daf384c853353c65fc15ea796f2543ad04c954b471b4722f65181fb243946,,,,,,,,
129,f21f4aed01cb9796dee248dd61281a2594b5433733c16a992975745538119a6336a6160d19a007caf622e9dac88334e9b560a79f01c96eac0e25e0772f1a32b0,english_griffinlim_eval_final/fake_english_griffinlim/english_fake_0129.wav,0,2.544,0.006214078515768,0.117328405380249,0.2654113420083739,english,0.5111947618424892,f21f4aed01cb9796dee248dd61281a2594b5433733c16a992975745538119a6336a6160d19a007caf622e9dac88334e9b560a79f01c96eac0e25e0772f1a32b0,0.2654113420083739,0.4028711223765279,0.4349350196617757,0.1399966685974661,0.0087207751963527,0.06634521484375,2.544,f21f4aed01cb9796dee248dd61281a2594b5433733c16a992975745538119a6336a6160d19a007caf622e9dac88334e9b560a79f01c96eac0e25e0772f1a32b0,,,,,,,,
130,22dd21ffb5a94b4800ab81a550313962ac4274b338386a87f5f98a319ce8778b6a423b1c90bbf641ded3bf0c6df4f522a201f7f51fef1df7e6fa01a5eb640c39,english_griffinlim_eval_final/fake_english_griffinlim/english_fake_0130.wav,0,2.496,-3.15784239768982,3.934178352355957,0.0562249061516419,english,-2.6528617143630986,22dd21ffb5a94b4800ab81a550313962ac4274b338386a87f5f98a319ce8778b6a423b1c90bbf641ded3bf0c6df4f522a201f7f51fef1df7e6fa01a5eb640c39,0.0562249061516419,0.7409488727357273,0.2526038616833336,0.0054688142573179,0.0767792666581882,0.6361083984375,2.496,22dd21ffb5a94b4800ab81a550313962ac4274b338386a87f5f98a319ce8778b6a423b1c90bbf641ded3bf0c6df4f522a201f7f51fef1df7e6fa01a5eb640c39,,,,,,,,
131,869a27af7e579b48fb314a38d644124871d060a834d0480704f27f3bdc88d5050d89c495419696adc2465222d7d355c23a82d803238f382fe56c4e2b11038396,english_griffinlim_eval_final/fake_english_griffinlim/english_fake_0131.wav,0,4.824,0.590677797794342,-1.0476715564727783,0.0095881962970009,english,1.0956584811210632,869a27af7e579b48fb314a38d644124871d060a834d0480704f27f3bdc88d5050d89c495419696adc2465222d7d355c23a82d803238f382fe56c4e2b11038396,0.0095881962970009,0.8176595646865916,0.1218182243857919,0.0529996798915717,0.0245170503437656,0.199981689453125,4.824,869a27af7e579b48fb314a38d644124871d060a834d0480704f27f3bdc88d5050d89c495419696adc2465222d7d355c23a82d803238f382fe56c4e2b11038396,,,,,,,,
132,acf53b4cc2a7852e3ea4e73a29ac3b6d5b6bdcb83fe87da87596f8ba8a09819cba272a628dff0d0d4f7ce084919f40d1ce7909be34c50afb5ae29fdb69597b6f,english_griffinlim_eval_final/fake_english_griffinlim/english_fake_0132.wav,0,7.344,-6.042698860168457,6.940688610076904,0.037081298611179,english,-5.537718176841736,acf53b4cc2a7852e3ea4e73a29ac3b6d5b6bdcb83fe87da87596f8ba8a09819cba272a628dff0d0d4f7ce084919f40d1ce7909be34c50afb5ae29fdb69597b6f,0.037081298611179,0.9234300324686344,0.0704651379068489,0.0052014187297114,0.0786206143689649,0.602691650390625,7.344,acf53b4cc2a7852e3ea4e73a29ac3b6d5b6bdcb83fe87da87596f8ba8a09819cba272a628dff0d0d4f7ce084919f40d1ce7909be34c50afb5ae29fdb69597b6f,,,,,,,,
133,28a4425a42ea4e5415e3088537d64d901c6433539ef683b0bd7332120967ce8b59ea2f9cedc8de7213d93bc8794cd4874c8485af5fa63869b299c7111784631c,english_griffinlim_eval_final/fake_english_griffinlim/english_fake_0133.wav,0,5.808,-2.8336825370788574,3.717012405395508,0.1249109466621358,english,-2.3287018537521362,28a4425a42ea4e5415e3088537d64d901c6433539ef683b0bd7332120967ce8b59ea2f9cedc8de7213d93bc8794cd4874c8485af5fa63869b299c7111784631c,0.1249109466621358,0.8313113797457711,0.1571346031908716,0.0108406289212394,0.0870584816498296,0.61334228515625,5.808,28a4425a42ea4e5415e3088537d64d901c6433539ef683b0bd7332120967ce8b59ea2f9cedc8de7213d93bc8794cd4874c8485af5fa63869b299c7111784631c,,,,,,,,
134,fd0dff3b5f07ca5531d539b5a2d98730836ad0aa3e1b6526ad93f596c546212f2e9c6152141a6d6a86254fe36668b66427df0e1588645c1756157fb92705969a,english_griffinlim_eval_final/fake_english_griffinlim/english_fake_0134.wav,0,3.744,-2.3632402420043945,3.200364589691162,0.0046618150470903,english,-1.8582595586776733,fd0dff3b5f07ca5531d539b5a2d98730836ad0aa3e1b6526ad93f596c546212f2e9c6152141a6d6a86254fe36668b66427df0e1588645c1756157fb92705969a,0.0046618150470903,0.942897664759407,0.0474135672064067,0.0081935226637095,0.0615330964310757,0.5513916015625,3.744,fd0dff3b5f07ca5531d539b5a2d98730836ad0aa3e1b6526ad93f596c546212f2e9c6152141a6d6a86254fe36668b66427df0e1588645c1756157fb92705969a,,,,,,,,
135,a8605429f7f83bf6342d6892d38eedf4ee690e7d5fbdd49907f539b0a1848f48e8d69651c505e8c24e3f2362d18a4371a6ef5919023de5e2f8f05a6aec0d1fee,english_griffinlim_eval_final/fake_english_griffinlim/english_fake_0135.wav,0,5.784,-4.971950054168701,5.899280548095703,0.0229704953007769,english,-4.46696937084198,a8605429f7f83bf6342d6892d38eedf4ee690e7d5fbdd49907f539b0a1848f48e8d69651c505e8c24e3f2362d18a4371a6ef5919023de5e2f8f05a6aec0d1fee,0.0229704953007769,0.7960458450751954,0.1590896500376689,0.0438367502192851,0.0747711021008165,0.8162841796875,5.784,a8605429f7f83bf6342d6892d38eedf4ee690e7d5fbdd49907f539b0a1848f48e8d69651c505e8c24e3f2362d18a4371a6ef5919023de5e2f8f05a6aec0d1fee,,,,,,,,
136,cc7cc15dbf1966fe301042b960b06893a68fd036d88915f4267b56d3d1dbd2c4aff1078274af41f50a01168b66f71b1ef9b9b12a6a64747dd70329071684590d,english_griffinlim_eval_final/fake_english_griffinlim/english_fake_0136.wav,0,3.048,-0.8782217502593994,1.109921932220459,0.0078313178991003,english,-0.3732410669326782,cc7cc15dbf1966fe301042b960b06893a68fd036d88915f4267b56d3d1dbd2c4aff1078274af41f50a01168b66f71b1ef9b9b12a6a64747dd70329071684590d,0.0078313178991003,0.7533888536115626,0.1919770820032902,0.0474793634785096,0.0261019612563869,0.291168212890625,3.048,cc7cc15dbf1966fe301042b960b06893a68fd036d88915f4267b56d3d1dbd2c4aff1078274af41f50a01168b66f71b1ef9b9b12a6a64747dd70329071684590d,,,,,,,,
137,de83fe6f05c71dc6bc5553994a9e5ba7f41ea0d0698fe82881994caf035c20458f6ca6ca001886cd052bf1b70bff895cfbf9fd5012a2a3cd4b149473e0e53d76,english_griffinlim_eval_final/fake_english_griffinlim/english_fake_0137.wav,0,3.384,-3.8908300399780273,4.685171127319336,0.00321727172175,english,-3.385849356651306,de83fe6f05c71dc6bc5553994a9e5ba7f41ea0d0698fe82881994caf035c20458f6ca6ca001886cd052bf1b70bff895cfbf9fd5012a2a3cd4b149473e0e53d76,0.00321727172175,0.936270354150302,0.0391758938542494,0.0219957146616365,0.0493908011884913,0.45428466796875,3.384,de83fe6f05c71dc6bc5553994a9e5ba7f41ea0d0698fe82881994caf035c20458f6ca6ca001886cd052bf1b70bff895cfbf9fd5012a2a3cd4b149473e0e53d76,,,,,,,,
138,0a40fd471f8c55878b189c1e7554711aa97d3eaafd7b1304a2c04c9c2d952d3071ff9e139f9bfd44afc85aa41c847e0374e0970ba6208ebc6320a136438494e2,english_griffinlim_eval_final/fake_english_griffinlim/english_fake_0138.wav,0,3.672,-2.45794415473938,3.3272008895874023,0.0007402572972809,english,-1.9529634714126587,0a40fd471f8c55878b189c1e7554711aa97d3eaafd7b1304a2c04c9c2d952d3071ff9e139f9bfd44afc85aa41c847e0374e0970ba6208ebc6320a136438494e2,0.0007402572972809,0.9050187216295588,0.082967122558358,0.0107387318598442,0.0666202532447423,0.97186279296875,3.672,0a40fd471f8c55878b189c1e7554711aa97d3eaafd7b1304a2c04c9c2d952d3071ff9e139f9bfd44afc85aa41c847e0374e0970ba6208ebc6320a136438494e2,,,,,,,,
139,202d9fa1a43b2dd7d9d48d3bca2481f5b0c82f3a1ff76a1583f5108b31dea56b7b021d8ff87d019e1087818968741b555c3bd83f0a62e959a1d843703acc8e6a,english_griffinlim_eval_final/fake_english_griffinlim/english_fake_0139.wav,0,3.552,-5.94892692565918,6.833748817443848,0.7269978218490792,english,-5.4439462423324585,202d9fa1a43b2dd7d9d48d3bca2481f5b0c82f3a1ff76a1583f5108b31dea56b7b021d8ff87d019e1087818968741b555c3bd83f0a62e959a1d843703acc8e6a,0.7269978218490792,0.6302481094696625,0.1070725393826448,0.2623480357150861,0.1112463349904447,0.990020751953125,3.552,202d9fa1a43b2dd7d9d48d3bca2481f5b0c82f3a1ff76a1583f5108b31dea56b7b021d8ff87d019e1087818968741b555c3bd83f0a62e959a1d843703acc8e6a,,,,,,,,
140,cce7f9792f6b6e3532d2a66f15724357023b34fea066111d9d81cb0c18abc17da80eece95d10c76aa1285929fdcb6a546dbafbc758a11e36b654c51b5a5e94fa,english_griffinlim_eval_final/fake_english_griffinlim/english_fake_0140.wav,0,3.264,-0.6094166040420532,0.8380391001701355,0.0040034291615384,english,-0.10443592071533203,cce7f9792f6b6e3532d2a66f15724357023b34fea066111d9d81cb0c18abc17da80eece95d10c76aa1285929fdcb6a546dbafbc758a11e36b654c51b5a5e94fa,0.0040034291615384,0.7731275501572232,0.200314952723339,0.0230228990459442,0.0379351508488826,0.51483154296875,3.264,cce7f9792f6b6e3532d2a66f15724357023b34fea066111d9d81cb0c18abc17da80eece95d10c76aa1285929fdcb6a546dbafbc758a11e36b654c51b5a5e94fa,,,,,,,,
141,d1813b3a39bbd5d6f35e04e8e2151930a40e56cefcc57eb71351d6cde06a360b99e6c7791989ff337b308103b8dd7f2f705c01f88506ec4146042276b5a122ce,english_griffinlim_eval_final/fake_english_griffinlim/english_fake_0141.wav,0,5.544,-0.4913042783737182,0.5403731465339661,0.0986694075209251,english,0.013676404953002985,d1813b3a39bbd5d6f35e04e8e2151930a40e56cefcc57eb71351d6cde06a360b99e6c7791989ff337b308103b8dd7f2f705c01f88506ec4146042276b5a122ce,0.0986694075209251,0.8829867356761795,0.0620081025731867,0.0543502573354568,0.0977808617266682,0.758087158203125,5.544,d1813b3a39bbd5d6f35e04e8e2151930a40e56cefcc57eb71351d6cde06a360b99e6c7791989ff337b308103b8dd7f2f705c01f88506ec4146042276b5a122ce,,,,,,,,
142,c42a23f67177dda1636890108c1e4bdb0a076c2e6a863ba282eff5f7753b76902fb745b9e6b9ce2ffd2f7fe5c150228e15ba0bf7a36c23a5000470a494878d53,english_griffinlim_eval_final/fake_english_griffinlim/english_fake_0142.wav,0,5.016,-1.6435540914535522,2.288388729095459,0.0078522537423426,english,-1.138573408126831,c42a23f67177dda1636890108c1e4bdb0a076c2e6a863ba282eff5f7753b76902fb745b9e6b9ce2ffd2f7fe5c150228e15ba0bf7a36c23a5000470a494878d53,0.0078522537423426,0.8762467856219053,0.0934040651169826,0.0263166187295021,0.0360280870882208,0.280303955078125,5.016,c42a23f67177dda1636890108c1e4bdb0a076c2e6a863ba282eff5f7753b76902fb745b9e6b9ce2ffd2f7fe5c150228e15ba0bf7a36c23a5000470a494878d53,0.7898972855383534,0.1547973375991215,0.0553053768625251,0.7550940078788135,14.25168980304904,0.1771012170012074,0.4516315555478897,0.6197938678806757
143,9ff4603cbd8c8d06b2857c37ee056a54cd89bde33da112bfa27fe6393829aaf11dc2e735b5f5e55e6c4393038bf905299c1089207413541521fa90279559313c,english_griffinlim_eval_final/fake_english_griffinlim/english_fake_0143.wav,0,6.264,-1.8354384899139404,2.697948455810547,0.0093698313871156,english,-1.3304578065872192,9ff4603cbd8c8d06b2857c37ee056a54cd89bde33da112bfa27fe6393829aaf11dc2e735b5f5e55e6c4393038bf905299c1089207413541521fa90279559313c,0.0093698313871156,0.9021514104120812,0.0873965770402922,0.0091437323706032,0.0679760639525582,0.67828369140625,6.264,9ff4603cbd8c8d06b2857c37ee056a54cd89bde33da112bfa27fe6393829aaf11dc2e735b5f5e55e6c4393038bf905299c1089207413541521fa90279559313c,,,,,,,,
144,5bdce9be5ea2267a1273191d3209f4898850c3f1e2165a8e799705544d0f6310b79e321be2a032086b29765d2916800541497524e755d16180c9b1a843fb6119,english_griffinlim_eval_final/fake_english_griffinlim/english_fake_0144.wav,0,7.008,-4.572288513183594,5.568037033081055,0.4254607120948126,english,-4.067307829856873,5bdce9be5ea2267a1273191d3209f4898850c3f1e2165a8e799705544d0f6310b79e321be2a032086b29765d2916800541497524e755d16180c9b1a843fb6119,0.4254607120948126,0.6597608563867825,0.3258171751329224,0.0137970579335722,0.0934976545010552,0.756134033203125,7.008,5bdce9be5ea2267a1273191d3209f4898850c3f1e2165a8e799705544d0f6310b79e321be2a032086b29765d2916800541497524e755d16180c9b1a843fb6119,,,,,,,,
145,db8af4ef43a418be9147981cea5ed3c6b99c392e830693f6d449d58a2e3e4d05a4a26691c015c65651c5fb0533d5b20908909491fffbe0de6d05fb90b9cb686d,english_griffinlim_eval_final/fake_english_griffinlim/english_fake_0145.wav,0,5.856,-5.289017677307129,6.132850646972656,0.044082983071248,english,-4.784036993980408,db8af4ef43a418be9147981cea5ed3c6b99c392e830693f6d449d58a2e3e4d05a4a26691c015c65651c5fb0533d5b20908909491fffbe0de6d05fb90b9cb686d,0.044082983071248,0.9010002381439304,0.0554724941237648,0.0429306745808038,0.0983804903525995,0.872528076171875,5.856,db8af4ef43a418be9147981cea5ed3c6b99c392e830693f6d449d58a2e3e4d05a4a26691c015c65651c5fb0533d5b20908909491fffbe0de6d05fb90b9cb686d,,,,,,,,
146,f53fbd579558bad737c60acebb98f882914859e93b5dca543a0e42fec1b50d133581e268f275656ab05ef0b606c0552fe22920a2c67ff22e44a3b162ef51f63e,english_griffinlim_eval_final/fake_english_griffinlim/english_fake_0146.wav,0,5.076,-5.54449462890625,6.397736072540283,0.0185927852341341,english,-5.039513945579529,f53fbd579558bad737c60acebb98f882914859e93b5dca543a0e42fec1b50d133581e268f275656ab05ef0b606c0552fe22920a2c67ff22e44a3b162ef51f63e,0.0185927852341341,0.7565326907565305,0.1803104053048596,0.0583513292215035,0.0334902140235987,0.330963134765625,5.076,f53fbd579558bad737c60acebb98f882914859e93b5dca543a0e42fec1b50d133581e268f275656ab05ef0b606c0552fe22920a2c67ff22e44a3b162ef51f63e,0.7398360531835901,0.1995900586377272,0.0605738881786826,0.7084646913390353,14.540057823335957,0.1431293252812271,0.388804981324492,0.5555257176383549
147,de3c7a6c7421bf93d626544bad8ef3eb33f4be1fc68ac63d937ba4291edf2706c97d282c6ee11739d61ad1ede5561dcf13a31b09bec46be8f998b85f9b7cd883,english_griffinlim_eval_final/fake_english_griffinlim/english_fake_0147.wav,0,3.192,-2.987544536590576,3.7816529273986816,0.0112937659641452,english,-2.482563853263855,de3c7a6c7421bf93d626544bad8ef3eb33f4be1fc68ac63d937ba4291edf2706c97d282c6ee11739d61ad1ede5561dcf13a31b09bec46be8f998b85f9b7cd883,0.0112937659641452,0.8510950474184418,0.1161179383491934,0.0312965981746974,0.0626382540830155,0.576690673828125,3.192,de3c7a6c7421bf93d626544bad8ef3eb33f4be1fc68ac63d937ba4291edf2706c97d282c6ee11739d61ad1ede5561dcf13a31b09bec46be8f998b85f9b7cd883,,,,,,,,
148,12ca6e8040ca5bad550f7dedc1848a005bc38d7cb610cb6aee93a76fe5edb6f85d8b171e8f00ccd317407de4db7607bc4de53c5c1970a99185813a659aa3be6a,english_griffinlim_eval_final/fake_english_griffinlim/english_fake_0148.wav,0,2.664,5.973941326141357,-7.6929168701171875,0.0971132856840646,english,6.478922009468079,12ca6e8040ca5bad550f7dedc1848a005bc38d7cb610cb6aee93a76fe5edb6f85d8b171e8f00ccd317407de4db7607bc4de53c5c1970a99185813a659aa3be6a,0.0971132856840646,0.5315049551949075,0.3101661506062387,0.1356385113710252,0.0077849593187839,0.040435791015625,2.664,12ca6e8040ca5bad550f7dedc1848a005bc38d7cb610cb6aee93a76fe5edb6f85d8b171e8f00ccd317407de4db7607bc4de53c5c1970a99185813a659aa3be6a,,,,,,,,
149,1d9af7650293ba5c6c7085fd0d4d9ddf1c72389abb3751a8ff82915db6ae794f637e1bc0f37e8997988c33b5b5edfde6ba22401e30381dd29d65479b58220efa,english_griffinlim_eval_final/fake_english_griffinlim/english_fake_0149.wav,0,7.944,-0.667421817779541,1.1029144525527954,0.007879979387839,english,-0.16244113445281982,1d9af7650293ba5c6c7085fd0d4d9ddf1c72389abb3751a8ff82915db6ae794f637e1bc0f37e8997988c33b5b5edfde6ba22401e30381dd29d65479b58220efa,0.007879979387839,0.8817315097327961,0.0759871760996249,0.0365409385540824,0.0299279172133938,0.2926025390625,7.944,1d9af7650293ba5c6c7085fd0d4d9ddf1c72389abb3751a8ff82915db6ae794f637e1bc0f37e8997988c33b5b5edfde6ba22401e30381dd29d65479b58220efa,,,,,,,,
150,ef8a7e381403cafaaab438e3fd97ded825aa263fc66561e8d78f016b00b258895bc872e35bcf20b69b87ec6826e570cabba1fa7a2e7230f807e090c0b623b75e,english_griffinlim_eval_final/fake_english_griffinlim/english_fake_0150.wav,0,3.408,-3.978452682495117,4.788565635681152,0.1997009324681074,english,-3.473471999168396,ef8a7e381403cafaaab438e3fd97ded825aa263fc66561e8d78f016b00b258895bc872e35bcf20b69b87ec6826e570cabba1fa7a2e7230f807e090c0b623b75e,0.1997009324681074,0.9328769069600208,0.0460439979067815,0.0208075347034369,0.137297109639927,0.990020751953125,3.408,ef8a7e381403cafaaab438e3fd97ded825aa263fc66561e8d78f016b00b258895bc872e35bcf20b69b87ec6826e570cabba1fa7a2e7230f807e090c0b623b75e,,,,,,,,
151,5fe7a6b09d14eb1d5e12758e2843d5567afce5a6b757a0d9abbf33a9b87e72fd010fe0c813365ac68ae68744ee9772854c2a2d5d781f120f82c553278fc61e0c,english_griffinlim_eval_final/fake_english_griffinlim/english_fake_0151.wav,0,2.016,-1.513180375099182,2.155925989151001,0.6458088006287312,english,-1.0081996917724607,5fe7a6b09d14eb1d5e12758e2843d5567afce5a6b757a0d9abbf33a9b87e72fd010fe0c813365ac68ae68744ee9772854c2a2d5d781f120f82c553278fc61e0c,0.6458088006287312,0.5055811942138289,0.2219878716959841,0.2708644425893606,0.0554698109462309,0.43341064453125,2.016,5fe7a6b09d14eb1d5e12758e2843d5567afce5a6b757a0d9abbf33a9b87e72fd010fe0c813365ac68ae68744ee9772854c2a2d5d781f120f82c553278fc61e0c,,,,,,,,
152,bdb9e7b61df6b42158b76c3610b9209b09e9c9dd62eddd23c8957bc48183d3bd80dc450d0b44de874448c394e28becae04fbc03f1c9c2db817bde974ee05436e,english_griffinlim_eval_final/fake_english_griffinlim/english_fake_0152.wav,0,5.376,-0.6652699708938599,1.160128116607666,0.1669546679684515,english,-0.16028928756713867,bdb9e7b61df6b42158b76c3610b9209b09e9c9dd62eddd23c8957bc48183d3bd80dc450d0b44de874448c394e28becae04fbc03f1c9c2db817bde974ee05436e,0.1669546679684515,0.7923181990431878,0.1848702636285562,0.0222269135682558,0.0959861128263498,0.7421875,5.376,bdb9e7b61df6b42158b76c3610b9209b09e9c9dd62eddd23c8957bc48183d3bd80dc450d0b44de874448c394e28becae04fbc03f1c9c2db817bde974ee05436e,,,,,,,,
153,7963691c43c8cc498c58f117527522bf772c76c38530570bc55ef04834f67fb7a9227bd0fa1f13e64e8de1cde6594f3501e172ab86559697c08726cac26f4c6f,english_griffinlim_eval_final/fake_english_griffinlim/english_fake_0153.wav,0,2.976,-2.284993886947632,3.168168067932129,0.0333032027521845,english,-1.7800132036209106,7963691c43c8cc498c58f117527522bf772c76c38530570bc55ef04834f67fb7a9227bd0fa1f13e64e8de1cde6594f3501e172ab86559697c08726cac26f4c6f,0.0333032027521845,0.7378905628845923,0.2109190721679459,0.0477964354673018,0.0364508315737715,0.2281494140625,2.976,7963691c43c8cc498c58f117527522bf772c76c38530570bc55ef04834f67fb7a9227bd0fa1f13e64e8de1cde6594f3501e172ab86559697c08726cac26f4c6f,,,,,,,,
154,e9597e64f385d5d67dc2932cf3d906b4c06af4e9a07a58628c2ff7059ede01c51244bf2c4c219cf0a56f124b5a4bd7eceff987d73b59857bc184398b723214c5,english_griffinlim_eval_final/fake_english_griffinlim/english_fake_0154.wav,0,5.736,-6.035745620727539,6.957224845886231,0.0218721234368351,english,-5.530764937400818,e9597e64f385d5d67dc2932cf3d906b4c06af4e9a07a58628c2ff7059ede01c51244bf2c4c219cf0a56f124b5a4bd7eceff987d73b59857bc184398b723214c5,0.0218721234368351,0.930845603252368,0.051503334893777,0.0161383806826851,0.0636722228823556,0.427947998046875,5.736,e9597e64f385d5d67dc2932cf3d906b4c06af4e9a07a58628c2ff7059ede01c51244bf2c4c219cf0a56f124b5a4bd7eceff987d73b59857bc184398b723214c5,,,,,,,,
155,4015cf19ca63baf7286d79cbc2b47674ee117a958caadb6b391027eff4afd314bdf67ec5f57cac4904e16510a7579916934cfbecf55bc54b939f8e127bda5f9e,english_griffinlim_eval_final/fake_english_griffinlim/english_fake_0155.wav,0,5.004,-3.484607696533203,4.376170158386231,0.0048904730301645,english,-2.979627013206482,4015cf19ca63baf7286d79cbc2b47674ee117a958caadb6b391027eff4afd314bdf67ec5f57cac4904e16510a7579916934cfbecf55bc54b939f8e127bda5f9e,0.0048904730301645,0.894032527738367,0.0815344496020335,0.0205618942648339,0.0369431434282305,0.33367919921875,5.004,4015cf19ca63baf7286d79cbc2b47674ee117a958caadb6b391027eff4afd314bdf67ec5f57cac4904e16510a7579916934cfbecf55bc54b939f8e127bda5f9e,,,,,,,,
156,b15d4bf1cec79fab48b4b54ed50287b51593be2f5eece61b2e8384a25677e1c5a981559fa92dfc6b32f78906e4bc661ab51acf779451c06bd827987f0a2a6646,english_griffinlim_eval_final/fake_english_griffinlim/english_fake_0156.wav,0,3.84,-2.822793483734131,3.7210211753845215,0.0020831374938538,english,-2.3178128004074097,b15d4bf1cec79fab48b4b54ed50287b51593be2f5eece61b2e8384a25677e1c5a981559fa92dfc6b32f78906e4bc661ab51acf779451c06bd827987f0a2a6646,0.0020831374938538,0.8600169381867178,0.0990658338576415,0.0343491800477451,0.0274224901107076,0.36383056640625,3.84,b15d4bf1cec79fab48b4b54ed50287b51593be2f5eece61b2e8384a25677e1c5a981559fa92dfc6b32f78906e4bc661ab51acf779451c06bd827987f0a2a6646,0.7531573869934373,0.1771998836972199,0.0696427293093427,0.7606211787572894,14.17300273292657,0.197141489190393,0.4714057860696759,0.6336855279061087
157,55f99a9355e63f4778f31508e8b3d43e968c9c0459e071d6c36cb207b60a44926019852cee2cd055cf66a6587de481f5fa601ad2ef91124221547645fd75e92c,english_griffinlim_eval_final/fake_english_griffinlim/english_fake_0157.wav,0,3.0,-0.9527504444122314,1.2308285236358645,0.0098862863915896,english,-0.44776976108551025,55f99a9355e63f4778f31508e8b3d43e968c9c0459e071d6c36cb207b60a44926019852cee2cd055cf66a6587de481f5fa601ad2ef91124221547645fd75e92c,0.0098862863915896,0.8158806497814786,0.1597796331757327,0.0206918181008357,0.0382129712350661,0.296905517578125,3.0,55f99a9355e63f4778f31508e8b3d43e968c9c0459e071d6c36cb207b60a44926019852cee2cd055cf66a6587de481f5fa601ad2ef91124221547645fd75e92c,,,,,,,,
158,bcfe8f68519f7058543dbaf7889003d98a2ee3d2ba37c188d5e1ac88c9935b989b3391ec56ae25949d9bf4a44140f4e4cf430c1a8b49084141e7e6bca4ff48e7,english_griffinlim_eval_final/fake_english_griffinlim/english_fake_0158.wav,0,7.272,-6.060349464416504,6.9129557609558105,0.1520204537978224,english,-5.555368781089783,bcfe8f68519f7058543dbaf7889003d98a2ee3d2ba37c188d5e1ac88c9935b989b3391ec56ae25949d9bf4a44140f4e4cf430c1a8b49084141e7e6bca4ff48e7,0.1520204537978224,0.7722220022929567,0.2093357450517856,0.0182188210969864,0.1061185320927092,0.989990234375,7.272,bcfe8f68519f7058543dbaf7889003d98a2ee3d2ba37c188d5e1ac88c9935b989b3391ec56ae25949d9bf4a44140f4e4cf430c1a8b49084141e7e6bca4ff48e7,,,,,,,,
159,6ab785eedb246aa49812edea7187f9fbca1fdbb2a61a5b89de2b7dfbf4a22f8f911f8545ea81b4eb5aaf158c8252a0e65ab2f0770c3b2e0722dff95a6a8ece5d,english_griffinlim_eval_final/fake_english_griffinlim/english_fake_0159.wav,0,4.776,-5.94849157333374,6.828322410583496,0.0114469469181686,english,-5.443510890007019,6ab785eedb246aa49812edea7187f9fbca1fdbb2a61a5b89de2b7dfbf4a22f8f911f8545ea81b4eb5aaf158c8252a0e65ab2f0770c3b2e0722dff95a6a8ece5d,0.0114469469181686,0.8886544616563224,0.1004126948726455,0.0098760388954415,0.0734430468987988,0.694976806640625,4.776,6ab785eedb246aa49812edea7187f9fbca1fdbb2a61a5b89de2b7dfbf4a22f8f911f8545ea81b4eb5aaf158c8252a0e65ab2f0770c3b2e0722dff95a6a8ece5d,,,,,,,,
160,fed9256c65cd48a2d4da7e34aa45be31129328ddcd07ede75ae4ccb0f890d77550d441e0fff05791be816ca2b3350a68229e42728b2273d517addf9eb0529cb4,english_griffinlim_eval_final/fake_english_griffinlim/english_fake_0160.wav,0,7.296,-2.199889659881592,3.106329679489136,0.0357020126224551,english,-1.6949089765548706,fed9256c65cd48a2d4da7e34aa45be31129328ddcd07ede75ae4ccb0f890d77550d441e0fff05791be816ca2b3350a68229e42728b2273d517addf9eb0529cb4,0.0357020126224551,0.7827446115969715,0.2003575001946558,0.0157457514447816,0.068563376821825,0.700836181640625,7.296,fed9256c65cd48a2d4da7e34aa45be31129328ddcd07ede75ae4ccb0f890d77550d441e0fff05791be816ca2b3350a68229e42728b2273d517addf9eb0529cb4,,,,,,,,
161,064a2016c00e4edd9c4434e457a6beb17410df70500dd1d11c52fccd6ac7c5a7443504e27dc2dcc5e92ccc939c3bf8ea12de379c90c3f8ac250296e84f5d2fb9,english_griffinlim_eval_final/fake_english_griffinlim/english_fake_0161.wav,0,4.296,-4.630359172821045,5.512309551239014,0.0102249119131938,english,-4.125378489494324,064a2016c00e4edd9c4434e457a6beb17410df70500dd1d11c52fccd6ac7c5a7443504e27dc2dcc5e92ccc939c3bf8ea12de379c90c3f8ac250296e84f5d2fb9,0.0102249119131938,0.8071089143174618,0.1616436762166453,0.0288935093405472,0.0497435304604478,0.51702880859375,4.296,064a2016c00e4edd9c4434e457a6beb17410df70500dd1d11c52fccd6ac7c5a7443504e27dc2dcc5e92ccc939c3bf8ea12de379c90c3f8ac250296e84f5d2fb9,,,,,,,,
162,347ca047cdbb121e700a04dc44e0cfec443683ecbe178b4b1952c4400235a3bb1d80cdb01d6322f9c73c88190e660e62a468e31248f81e6e8dfb52caf233fb91,english_griffinlim_eval_final/fake_english_griffinlim/english_fake_0162.wav,0,5.148,-6.005511283874512,6.943031311035156,0.0316503950151603,english,-5.5005306005477905,347ca047cdbb121e700a04dc44e0cfec443683ecbe178b4b1952c4400235a3bb1d80cdb01d6322f9c73c88190e660e62a468e31248f81e6e8dfb52caf233fb91,0.0316503950151603,0.8379342774929024,0.1104712765899595,0.0501463979135731,0.0633830044409126,0.5264892578125,5.148,347ca047cdbb121e700a04dc44e0cfec443683ecbe178b4b1952c4400235a3bb1d80cdb01d6322f9c73c88190e660e62a468e31248f81e6e8dfb52caf233fb91,,,,,,,,
163,939991dfcf12d8250739f3b4e5ed47e0dc4bf8ffb69810f4ab853aa12872a811941be35b7e91af5df8350d75d3c61d1301aba694c41deb3f38f1414703bc0461,english_griffinlim_eval_final/fake_english_griffinlim/english_fake_0163.wav,0,5.376,-6.017953872680664,6.894145965576172,0.0543385782923252,english,-5.512973189353943,939991dfcf12d8250739f3b4e5ed47e0dc4bf8ffb69810f4ab853aa12872a811941be35b7e91af5df8350d75d3c61d1301aba694c41deb3f38f1414703bc0461,0.0543385782923252,0.801781866685272,0.1818100691374003,0.0153538643765669,0.0744196744587946,0.618743896484375,5.376,939991dfcf12d8250739f3b4e5ed47e0dc4bf8ffb69810f4ab853aa12872a811941be35b7e91af5df8350d75d3c61d1301aba694c41deb3f38f1414703bc0461,,,,,,,,
164,41247cc40f3afb015902140682334ab09315267af1466571a41e6a35c2dc7589389ccf1d933097b586b57bf57b38298fad30fa5daeb5e2f85d1e14744666bfc1,english_griffinlim_eval_final/fake_english_griffinlim/english_fake_0164.wav,0,4.104,-0.5175949931144714,0.970107913017273,0.0102891382858642,english,-0.012614309787750244,41247cc40f3afb015902140682334ab09315267af1466571a41e6a35c2dc7589389ccf1d933097b586b57bf57b38298fad30fa5daeb5e2f85d1e14744666bfc1,0.0102891382858642,0.7925944116135023,0.1664645509360973,0.0349983965715645,0.0274968750178659,0.22845458984375,4.104,41247cc40f3afb015902140682334ab09315267af1466571a41e6a35c2dc7589389ccf1d933097b586b57bf57b38298fad30fa5daeb5e2f85d1e14744666bfc1,,,,,,,,
165,cea18d12298f2bbae520713a1cfcf05e63b2b9470dcc0adadabc81e69d8d57a0f3c22c06bc4f280d08b9084d3e16b22b3c5d60f7711c9db8dba0d3f53075a34e,english_griffinlim_eval_final/fake_english_griffinlim/english_fake_0165.wav,0,7.128,-5.907559394836426,6.8014655113220215,0.0453537978411064,english,-5.402578711509705,cea18d12298f2bbae520713a1cfcf05e63b2b9470dcc0adadabc81e69d8d57a0f3c22c06bc4f280d08b9084d3e16b22b3c5d60f7711c9db8dba0d3f53075a34e,0.0453537978411064,0.7032885847770621,0.1363347927660257,0.1580040274100744,0.0471686921458744,0.632415771484375,7.128,cea18d12298f2bbae520713a1cfcf05e63b2b9470dcc0adadabc81e69d8d57a0f3c22c06bc4f280d08b9084d3e16b22b3c5d60f7711c9db8dba0d3f53075a34e,,,,,,,,
166,df63f060fc8bc48ff5170190067300d14da1bcdf1088857191d40e924ec66568597c0b4093ac6b361ac07e7f88cb87a5768cdf077ffb613336bb413a78379282,english_griffinlim_eval_final/fake_english_griffinlim/english_fake_0166.wav,0,3.552,-0.6024424433708191,0.6679197549819946,0.163813547870906,english,-0.0974617600440979,df63f060fc8bc48ff5170190067300d14da1bcdf1088857191d40e924ec66568597c0b4093ac6b361ac07e7f88cb87a5768cdf077ffb613336bb413a78379282,0.163813547870906,0.3992702226312647,0.5829523027007376,0.0162211065089735,0.0550396852155146,0.7325439453125,3.552,df63f060fc8bc48ff5170190067300d14da1bcdf1088857191d40e924ec66568597c0b4093ac6b361ac07e7f88cb87a5768cdf077ffb613336bb413a78379282,0.4431690032315561,0.4946059982628228,0.0622249985056211,0.8717734807800914,12.993877290185242,0.3571814304045411,0.717229207252641,0.8282099224400561
167,3e411b7dd086264793d1954a61e0a98f35a73684404682f14a45e56555af723c9866e90bffb71bbb205004d1c81829cf6c14957124b29d658f97e1dbd454177d,english_griffinlim_eval_final/fake_english_griffinlim/english_fake_0167.wav,0,5.544,-4.260149002075195,5.094051361083984,0.0054352857618048,english,-3.755168318748474,3e411b7dd086264793d1954a61e0a98f35a73684404682f14a45e56555af723c9866e90bffb71bbb205004d1c81829cf6c14957124b29d658f97e1dbd454177d,0.0054352857618048,0.8784361703343452,0.0994516018942852,0.0208820397116299,0.0660375630892436,0.763671875,5.544,3e411b7dd086264793d1954a61e0a98f35a73684404682f14a45e56555af723c9866e90bffb71bbb205004d1c81829cf6c14957124b29d658f97e1dbd454177d,,,,,,,,
168,28167b2a18653a4705fe369cd88b663de6530f8dc16d4084993e42aa81ec98ace28e95bcee0ad4aa3cd1a4e0cfeb990385dfb02fff69b37903a5990516c1a120,english_griffinlim_eval_final/fake_english_griffinlim/english_fake_0168.wav,0,3.456,-5.417575359344482,6.28602409362793,0.1607085638803399,english,-4.912594676017761,28167b2a18653a4705fe369cd88b663de6530f8dc16d4084993e42aa81ec98ace28e95bcee0ad4aa3cd1a4e0cfeb990385dfb02fff69b37903a5990516c1a120,0.1607085638803399,0.7926590401539426,0.2024276775915284,0.0044728839355725,0.1118048003133696,0.885345458984375,3.456,28167b2a18653a4705fe369cd88b663de6530f8dc16d4084993e42aa81ec98ace28e95bcee0ad4aa3cd1a4e0cfeb990385dfb02fff69b37903a5990516c1a120,,,,,,,,
169,751a662ff5ce18546613a9dc26dbcc0e2ca7d42be81d39df7779d3dc5eecd5d8568ea176d3b204bd37057828a0b650a3baeb13b1a1dddfc3d373d44a8c80907b,english_griffinlim_eval_final/fake_english_griffinlim/english_fake_0169.wav,0,4.728,-0.6024531126022339,0.9882331490516664,0.0444689671675422,english,-0.0974724292755127,751a662ff5ce18546613a9dc26dbcc0e2ca7d42be81d39df7779d3dc5eecd5d8568ea176d3b204bd37057828a0b650a3baeb13b1a1dddfc3d373d44a8c80907b,0.0444689671675422,0.7031054946072154,0.1629330635407756,0.1255555991006986,0.0226967753057056,0.179473876953125,4.728,751a662ff5ce18546613a9dc26dbcc0e2ca7d42be81d39df7779d3dc5eecd5d8568ea176d3b204bd37057828a0b650a3baeb13b1a1dddfc3d373d44a8c80907b,,,,,,,,
170,440ff550e981d6f0d8443126b3d67c8de85e05614f419aed4b7c61e2a5cc6781233a1f30b3d2e6855d19f9c037946d297f20705f8456bd3dd7611b2751b8de75,english_griffinlim_eval_final/fake_english_griffinlim/english_fake_0170.wav,0,5.796,-5.869933128356934,6.700486183166504,0.5100898262158056,english,-5.364952445030212,440ff550e981d6f0d8443126b3d67c8de85e05614f419aed4b7c61e2a5cc6781233a1f30b3d2e6855d19f9c037946d297f20705f8456bd3dd7611b2751b8de75,0.5100898262158056,0.9205105359168418,0.0637957421975093,0.0155413343585663,0.1468474320703429,0.990020751953125,5.796,440ff550e981d6f0d8443126b3d67c8de85e05614f419aed4b7c61e2a5cc6781233a1f30b3d2e6855d19f9c037946d297f20705f8456bd3dd7611b2751b8de75,,,,,,,,
171,6e9b4c450717fdd08ec6418d8c33ef07595e9f15d1ca7211690fe6df6a5a1da87043c508fe2fc1929e789c066c1998d45b67bfc93df928202e760d075571e060,english_griffinlim_eval_final/fake_english_griffinlim/english_fake_0171.wav,0,6.744,-4.7025909423828125,5.4082794189453125,0.0077923666287631,english,-4.197610259056091,6e9b4c450717fdd08ec6418d8c33ef07595e9f15d1ca7211690fe6df6a5a1da87043c508fe2fc1929e789c066c1998d45b67bfc93df928202e760d075571e060,0.0077923666287631,0.8875523407021333,0.0993574873227185,0.0114085003319659,0.0623334435211353,0.6705322265625,6.744,6e9b4c450717fdd08ec6418d8c33ef07595e9f15d1ca7211690fe6df6a5a1da87043c508fe2fc1929e789c066c1998d45b67bfc93df928202e760d075571e060,,,,,,,,
172,fffc240b81001ceb15be7eaf84e918a9e8105b8699fadae5a63c27d0b77f8ae275cedd4c8b257ccbaeef2a569dd15750c10ecdfe40130c09e7c45131d107ce91,english_griffinlim_eval_final/fake_english_griffinlim/english_fake_0172.wav,0,4.176,5.914429664611816,-7.516971111297607,0.9282388580361408,english,6.419410347938538,fffc240b81001ceb15be7eaf84e918a9e8105b8699fadae5a63c27d0b77f8ae275cedd4c8b257ccbaeef2a569dd15750c10ecdfe40130c09e7c45131d107ce91,0.9282388580361408,0.2672714772371088,0.2559893750097801,0.4578846387294679,0.0099499770701675,0.120849609375,4.176,fffc240b81001ceb15be7eaf84e918a9e8105b8699fadae5a63c27d0b77f8ae275cedd4c8b257ccbaeef2a569dd15750c10ecdfe40130c09e7c45131d107ce91,,,,,,,,
173,b28b715487d197f1f30608455a2f29ea4935533c8648a173f51f5d6806591d024d9dd330a05764d4ea78c2dc4334fc7c796798158151e241f5e3820bf900176c,english_griffinlim_eval_final/fake_english_griffinlim/english_fake_0173.wav,0,5.016,-5.57003927230835,6.401768684387207,0.004859165167534,english,-5.065058588981628,b28b715487d197f1f30608455a2f29ea4935533c8648a173f51f5d6806591d024d9dd330a05764d4ea78c2dc4334fc7c796798158151e241f5e3820bf900176c,0.004859165167534,0.8383411897790426,0.1216124562275406,0.0365098882466375,0.0394618519613867,0.47442626953125,5.016,b28b715487d197f1f30608455a2f29ea4935533c8648a173f51f5d6806591d024d9dd330a05764d4ea78c2dc4334fc7c796798158151e241f5e3820bf900176c,,,,,,,,
174,e31822077e104d2f1781db7ce098c016abca0314515a35f564b26c30e59c0d2a0206cdf020dfbfe4e7340388f898c34d51e2d625681694a797c49581af656fba,english_griffinlim_eval_final/fake_english_griffinlim/english_fake_0174.wav,0,2.52,-5.915698051452637,6.7638702392578125,0.5638539894728112,english,-5.4107173681259155,e31822077e104d2f1781db7ce098c016abca0314515a35f564b26c30e59c0d2a0206cdf020dfbfe4e7340388f898c34d51e2d625681694a797c49581af656fba,0.5638539894728112,0.743255576037206,0.2425700169188635,0.0138078816700751,0.1227002710984486,0.79180908203125,2.52,e31822077e104d2f1781db7ce098c016abca0314515a35f564b26c30e59c0d2a0206cdf020dfbfe4e7340388f898c34d51e2d625681694a797c49581af656fba,,,,,,,,
175,76754358a3cd341831931a65e9c78f6493bccbfa3ba5cac9996537de7039d277043a963b01032ad5afb78be05ff82f4a66db4f91748ca9cde2cb4e1b8753135f,english_griffinlim_eval_final/fake_english_griffinlim/english_fake_0175.wav,0,4.056,-5.635788917541504,6.543408393859863,0.0158898636666168,english,-5.130808234214783,76754358a3cd341831931a65e9c78f6493bccbfa3ba5cac9996537de7039d277043a963b01032ad5afb78be05ff82f4a66db4f91748ca9cde2cb4e1b8753135f,0.0158898636666168,0.4631861023493931,0.5308505547528753,0.0050901812920472,0.0521152106932526,0.990020751953125,4.056,76754358a3cd341831931a65e9c78f6493bccbfa3ba5cac9996537de7039d277043a963b01032ad5afb78be05ff82f4a66db4f91748ca9cde2cb4e1b8753135f,,,,,,,,
176,af294a21d920e11013661f4735c1ebd5df298b0c73074b35ae4c3ea490ee8e630766fc629741346f123353256859ef7d055ee8dcce07e48a091cc8bedec671e3,english_griffinlim_eval_final/fake_english_griffinlim/english_fake_0176.wav,0,7.416,-0.5199617147445679,0.8304699659347534,0.1048465603591849,english,-0.01498103141784668,af294a21d920e11013661f4735c1ebd5df298b0c73074b35ae4c3ea490ee8e630766fc629741346f123353256859ef7d055ee8dcce07e48a091cc8bedec671e3,0.1048465603591849,0.6177025601611494,0.2733905091136921,0.0918879594857354,0.0126433760338109,0.075469970703125,7.416,af294a21d920e11013661f4735c1ebd5df298b0c73074b35ae4c3ea490ee8e630766fc629741346f123353256859ef7d055ee8dcce07e48a091cc8bedec671e3,,,,,,,,
177,32e100352f08fed1d691558a6fe313f3b3bd13ee580bba61afb87d5e20bb5b8d6a9110dff78645259d8e6a48bf220eb2bd784286cc67a8a565051ed3fed74dea,english_griffinlim_eval_final/fake_english_griffinlim/english_fake_0177.wav,0,4.344,-4.766875743865967,5.5995378494262695,0.8390031579988019,english,-4.261895060539246,32e100352f08fed1d691558a6fe313f3b3bd13ee580bba61afb87d5e20bb5b8d6a9110dff78645259d8e6a48bf220eb2bd784286cc67a8a565051ed3fed74dea,0.8390031579988019,0.6038860112447538,0.197758954633978,0.1977920445466121,0.101535274797745,0.75091552734375,4.344,32e100352f08fed1d691558a6fe313f3b3bd13ee580bba61afb87d5e20bb5b8d6a9110dff78645259d8e6a48bf220eb2bd784286cc67a8a565051ed3fed74dea,,,,,,,,
178,60e45fe6f2e94a4bd381a72531cd44c2c746723b8c81c4642ce9cc4957cce17c2c286dcf1b214b69b0f204eb53ad33e3f969770f498f502632a9f7288b7dacca,english_griffinlim_eval_final/fake_english_griffinlim/english_fake_0178.wav,0,2.664,-0.5870339870452881,1.0478641986846924,0.1072879543583816,english,-0.0820533037185669,60e45fe6f2e94a4bd381a72531cd44c2c746723b8c81c4642ce9cc4957cce17c2c286dcf1b214b69b0f204eb53ad33e3f969770f498f502632a9f7288b7dacca,0.1072879543583816,0.5795699368907808,0.3366077983801773,0.0806676664160227,0.0388568429787951,0.338134765625,2.664,60e45fe6f2e94a4bd381a72531cd44c2c746723b8c81c4642ce9cc4957cce17c2c286dcf1b214b69b0f204eb53ad33e3f969770f498f502632a9f7288b7dacca,,,,,,,,
179,244be08d9659a7b249cda11d300c34ba1d6e32f687cc1211589b1298870c3507831462f5fb7042543621db635fcf2fb61d3255e495861ff41aad99ba364b6ce5,english_griffinlim_eval_final/fake_english_griffinlim/english_fake_0179.wav,0,5.088,-0.5682932138442993,0.9167146682739258,0.0520516265313488,english,-0.06331253051757812,244be08d9659a7b249cda11d300c34ba1d6e32f687cc1211589b1298870c3507831462f5fb7042543621db635fcf2fb61d3255e495861ff41aad99ba364b6ce5,0.0520516265313488,0.6572486170147301,0.2065367153186861,0.1234040818697374,0.0163868551333538,0.143951416015625,5.088,244be08d9659a7b249cda11d300c34ba1d6e32f687cc1211589b1298870c3507831462f5fb7042543621db635fcf2fb61d3255e495861ff41aad99ba364b6ce5,,,,,,,,
180,08ea1e4883b0112f794e6cba73552d702ba257721b88df9c3b30c6043b022cd762c5d1a6c88f173e0c2329ff8db103beee69674c3abe9ce1fe06eca1ac26318d,english_griffinlim_eval_final/fake_english_griffinlim/english_fake_0180.wav,0,5.04,-6.10161018371582,7.068596839904785,0.0313941310284516,english,-5.596629500389099,08ea1e4883b0112f794e6cba73552d702ba257721b88df9c3b30c6043b022cd762c5d1a6c88f173e0c2329ff8db103beee69674c3abe9ce1fe06eca1ac26318d,0.0313941310284516,0.8567503082347484,0.1306017571018465,0.0114664667371795,0.0693511599957048,0.537078857421875,5.04,08ea1e4883b0112f794e6cba73552d702ba257721b88df9c3b30c6043b022cd762c5d1a6c88f173e0c2329ff8db103beee69674c3abe9ce1fe06eca1ac26318d,,,,,,,,
181,c24712a4c2898b9406cea4b4c9d8343f1a21a10b5d3d41ac7399be9c7219c86fd6d039c67e28c290f7d547599520965266b366f11dd5b32ee132fb7c80908d96,english_griffinlim_eval_final/fake_english_griffinlim/english_fake_0181.wav,0,6.504,-1.9777170419692995,2.732086420059204,0.0194657726555611,english,-1.4727363586425783,c24712a4c2898b9406cea4b4c9d8343f1a21a10b5d3d41ac7399be9c7219c86fd6d039c67e28c290f7d547599520965266b366f11dd5b32ee132fb7c80908d96,0.0194657726555611,0.8536908288726232,0.1008188727005517,0.0430810875652403,0.0498904965622423,0.430511474609375,6.504,c24712a4c2898b9406cea4b4c9d8343f1a21a10b5d3d41ac7399be9c7219c86fd6d039c67e28c290f7d547599520965266b366f11dd5b32ee132fb7c80908d96,,,,,,,,
182,9b382d095934302194d62e72785cee6701873f0228407ba9feb21f028f0be8a4df85fe3823e013ba8f5e3ccf27ac7b766b7e98ace29b7faa79ebfa3bc476237e,english_griffinlim_eval_final/fake_english_griffinlim/english_fake_0182.wav,0,7.848,0.2473555654287338,-0.2380467355251312,0.0451551268517188,english,0.752336248755455,9b382d095934302194d62e72785cee6701873f0228407ba9feb21f028f0be8a4df85fe3823e013ba8f5e3ccf27ac7b766b7e98ace29b7faa79ebfa3bc476237e,0.0451551268517188,0.7302301312142622,0.1720397794240505,0.0850389599184325,0.0176455916766829,0.121368408203125,7.848,9b382d095934302194d62e72785cee6701873f0228407ba9feb21f028f0be8a4df85fe3823e013ba8f5e3ccf27ac7b766b7e98ace29b7faa79ebfa3bc476237e,,,,,,,,
183,2f5f7c30bb6bba04084b5940c79de6d9d3c440401151832365b5baec0143a38ff4d76c9672ea5763f3974badf2ee6d341435c0c99d69b8b8ef23b231c4bdcb4c,english_griffinlim_eval_final/fake_english_griffinlim/english_fake_0183.wav,0,6.0,-5.926000595092773,6.696660041809082,0.3392759910808737,english,-5.421019911766052,2f5f7c30bb6bba04084b5940c79de6d9d3c440401151832365b5baec0143a38ff4d76c9672ea5763f3974badf2ee6d341435c0c99d69b8b8ef23b231c4bdcb4c,0.3392759910808737,0.5220145017918881,0.4389122474584184,0.0386981405429087,0.0910702383202444,0.989990234375,6.0,2f5f7c30bb6bba04084b5940c79de6d9d3c440401151832365b5baec0143a38ff4d76c9672ea5763f3974badf2ee6d341435c0c99d69b8b8ef23b231c4bdcb4c,,,,,,,,
184,4e0efd608c89d66822209375d0559287323133ff3683e5e19df551c64f5171e18ab6454e3124e55d025cd52e7cdb564b07b083f820b369776a3f069bd656fc9c,english_griffinlim_eval_final/fake_english_griffinlim/english_fake_0184.wav,0,3.624,-4.7393059730529785,5.551456451416016,0.0235086248810888,english,-4.234325289726257,4e0efd608c89d66822209375d0559287323133ff3683e5e19df551c64f5171e18ab6454e3124e55d025cd52e7cdb564b07b083f820b369776a3f069bd656fc9c,0.0235086248810888,0.6887606176442199,0.3029316908860465,0.0079769499443419,0.0832030004452605,0.989990234375,3.624,4e0efd608c89d66822209375d0559287323133ff3683e5e19df551c64f5171e18ab6454e3124e55d025cd52e7cdb564b07b083f820b369776a3f069bd656fc9c,,,,,,,,
185,9c82499fc2987a90c7d7017d371afc08f781f2c9f10a996c33240ea0af8e6189ab822aec63eb4eefa199bfbaec763939cd4d521c30ee1f297353d837af56183a,english_griffinlim_eval_final/fake_english_griffinlim/english_fake_0185.wav,0,3.6,4.027050495147705,-5.046527862548828,0.005673867150348,english,4.532031178474426,9c82499fc2987a90c7d7017d371afc08f781f2c9f10a996c33240ea0af8e6189ab822aec63eb4eefa199bfbaec763939cd4d521c30ee1f297353d837af56183a,0.005673867150348,0.8317861116284924,0.11786060172372,0.0421893866282756,0.0243905327452562,0.206878662109375,3.6,9c82499fc2987a90c7d7017d371afc08f781f2c9f10a996c33240ea0af8e6189ab822aec63eb4eefa199bfbaec763939cd4d521c30ee1f297353d837af56183a,,,,,,,,
186,500d18a3257795d8ea82b3c39440f7656ecda7b29519f31ec03cd7baa280233bcd4c8fa4a81e7f841a82c22ab892915708234ba3ed5b01587771b44b63f8d58d,english_griffinlim_eval_final/fake_english_griffinlim/english_fake_0186.wav,0,5.28,-2.699826717376709,3.5516245365142822,0.0086590328696797,english,-2.194846034049988,500d18a3257795d8ea82b3c39440f7656ecda7b29519f31ec03cd7baa280233bcd4c8fa4a81e7f841a82c22ab892915708234ba3ed5b01587771b44b63f8d58d,0.0086590328696797,0.916725257358788,0.0531373061064232,0.027474322167889,0.047244599732953,0.367034912109375,5.28,500d18a3257795d8ea82b3c39440f7656ecda7b29519f31ec03cd7baa280233bcd4c8fa4a81e7f841a82c22ab892915708234ba3ed5b01587771b44b63f8d58d,,,,,,,,
187,a8c86cfeec74eedd254c694701c43c8abb0bbbc5cfc8239b7fbe8146afbf813876efb8a5de6722a153b85514d3fecf60b8cbd7715345a732e3667d553c112e45,english_griffinlim_eval_final/fake_english_griffinlim/english_fake_0187.wav,0,7.272,-4.056680679321289,4.888105392456055,0.0135583421768863,english,-3.551699995994568,a8c86cfeec74eedd254c694701c43c8abb0bbbc5cfc8239b7fbe8146afbf813876efb8a5de6722a153b85514d3fecf60b8cbd7715345a732e3667d553c112e45,0.0135583421768863,0.8259811218955395,0.123683500912431,0.043381845128688,0.0266277738688328,0.2322998046875,7.272,a8c86cfeec74eedd254c694701c43c8abb0bbbc5cfc8239b7fbe8146afbf813876efb8a5de6722a153b85514d3fecf60b8cbd7715345a732e3667d553c112e45,,,,,,,,
188,deb84f2071c433e699d881d69ca709979161da7ea1de4cab0046ce737b31d9fca1e9d7b5b765082ae872201fbff90905e718bacf89af718feeafbcb3f2f97f99,english_griffinlim_eval_final/fake_english_griffinlim/english_fake_0188.wav,0,4.968,-6.039366722106934,7.018312931060791,0.0587515026834378,english,-5.534386038780212,deb84f2071c433e699d881d69ca709979161da7ea1de4cab0046ce737b31d9fca1e9d7b5b765082ae872201fbff90905e718bacf89af718feeafbcb3f2f97f99,0.0587515026834378,0.8953774066142549,0.0922175030976715,0.0116281059280321,0.0896322849240273,0.651092529296875,4.968,deb84f2071c433e699d881d69ca709979161da7ea1de4cab0046ce737b31d9fca1e9d7b5b765082ae872201fbff90905e718bacf89af718feeafbcb3f2f97f99,0.7880680865601615,0.1583284471146807,0.0536034663251577,0.7255144371798634,14.37365763574795,0.1852401815726995,0.4333246192782915,0.584390199641603
189,f0dce948ac0bb8d22cb47a79c63cd7b032750bfecf5e4330c9e7fa1cc5da983143cbc1835e70a09602999e37ea7ce4099b500abf78267936a49851116aa1dce7,english_griffinlim_eval_final/fake_english_griffinlim/english_fake_0189.wav,0,5.016,-0.7820293307304382,1.2089802026748655,0.1627547708531407,english,-0.27704864740371704,f0dce948ac0bb8d22cb47a79c63cd7b032750bfecf5e4330c9e7fa1cc5da983143cbc1835e70a09602999e37ea7ce4099b500abf78267936a49851116aa1dce7,0.1627547708531407,0.512757851804374,0.368442489624288,0.0999792819862444,0.0114039961910337,0.0712890625,5.016,f0dce948ac0bb8d22cb47a79c63cd7b032750bfecf5e4330c9e7fa1cc5da983143cbc1835e70a09602999e37ea7ce4099b500abf78267936a49851116aa1dce7,,,,,,,,
190,33450eb388de60fa6a9907092ae242b8df433c71557ab6b6908373c3300bd9c11890a52fa8f4ecac0a91ecb4c49edc7acb6e1287396a1f28f5b8f1fc1c66107c,english_griffinlim_eval_final/fake_english_griffinlim/english_fake_0190.wav,0,5.736,5.236016273498535,-6.742127895355225,0.1157088236421985,english,5.740996956825256,33450eb388de60fa6a9907092ae242b8df433c71557ab6b6908373c3300bd9c11890a52fa8f4ecac0a91ecb4c49edc7acb6e1287396a1f28f5b8f1fc1c66107c,0.1157088236421985,0.5682415497635008,0.2812563387992854,0.1270560147912795,0.0087059713185402,0.0562744140625,5.736,33450eb388de60fa6a9907092ae242b8df433c71557ab6b6908373c3300bd9c11890a52fa8f4ecac0a91ecb4c49edc7acb6e1287396a1f28f5b8f1fc1c66107c,0.5932431679666956,0.2802334277290823,0.1265234043042219,0.688361310037354,14.588772027608112,0.1550765475716297,0.3834359894685462,0.5373337419334469
191,bb1e5d029d2b0659f0f23e3793bc423c57fc559941423ad259933a213e0f089c93da9f588d0369985d859e480cd9d0abf0dd3c2177e1d8bc9ba7a3da4c2643de,english_griffinlim_eval_final/fake_english_griffinlim/english_fake_0191.wav,0,5.064,-1.963453888893128,2.568377017974853,0.0910323125984275,english,-1.458473205566407,bb1e5d029d2b0659f0f23e3793bc423c57fc559941423ad259933a213e0f089c93da9f588d0369985d859e480cd9d0abf0dd3c2177e1d8bc9ba7a3da4c2643de,0.0910323125984275,0.8590203863205929,0.1061994986273392,0.0341415056915681,0.0945646054271509,0.728668212890625,5.064,bb1e5d029d2b0659f0f23e3793bc423c57fc559941423ad259933a213e0f089c93da9f588d0369985d859e480cd9d0abf0dd3c2177e1d8bc9ba7a3da4c2643de,,,,,,,,
192,97b5754c2b7322d08cc69d621f60a6be00d50a86ef476e6a240529cb2dc06025626beddbcafff75d80ec8871a4b8cae6dd253dfa7009ee443b82423108973e01,english_griffinlim_eval_final/fake_english_griffinlim/english_fake_0192.wav,0,2.784,6.131879806518555,-7.985933303833008,0.1450859849514671,english,6.636860489845276,97b5754c2b7322d08cc69d621f60a6be00d50a86ef476e6a240529cb2dc06025626beddbcafff75d80ec8871a4b8cae6dd253dfa7009ee443b82423108973e01,0.1450859849514671,0.4837203758925604,0.3520440885620083,0.1389177212366349,0.0070803089856245,0.03900146484375,2.784,97b5754c2b7322d08cc69d621f60a6be00d50a86ef476e6a240529cb2dc06025626beddbcafff75d80ec8871a4b8cae6dd253dfa7009ee443b82423108973e01,0.4654582571199984,0.3803558700279678,0.1541858728520337,0.7384148030457132,14.271024405615004,0.1987116193373334,0.4587913297419503,0.6109423759668431
193,34d57429883aac7d0241cbc867c0be9e2f4a5a63f68384e353b4e2a9845eb2ed6a3b66980b7d43d47aab4cb9dd1ac40bf93fc75b4311b87516b98410516807f7,english_griffinlim_eval_final/fake_english_griffinlim/english_fake_0193.wav,0,4.056,-5.825714111328125,6.707333564758301,0.1176993292812571,english,-5.320733428001404,34d57429883aac7d0241cbc867c0be9e2f4a5a63f68384e353b4e2a9845eb2ed6a3b66980b7d43d47aab4cb9dd1ac40bf93fc75b4311b87516b98410516807f7,0.1176993292812571,0.6626730621409263,0.3100977311330783,0.0265817408898369,0.091557476831492,0.910186767578125,4.056,34d57429883aac7d0241cbc867c0be9e2f4a5a63f68384e353b4e2a9845eb2ed6a3b66980b7d43d47aab4cb9dd1ac40bf93fc75b4311b87516b98410516807f7,,,,,,,,
194,dc0c3e2a248132ba9f119b49a12b3cc005b3fa00b06292f083d8dfa3ae96109b032e9799aa56e58277c6dd07f9c078a8ec5c230001cc5da8cd41c2cbe90dd802,english_griffinlim_eval_final/fake_english_griffinlim/english_fake_0194.wav,0,4.86,-1.9561463594436648,2.700063467025757,0.0364812391343131,english,-1.4511656761169436,dc0c3e2a248132ba9f119b49a12b3cc005b3fa00b06292f083d8dfa3ae96109b032e9799aa56e58277c6dd07f9c078a8ec5c230001cc5da8cd41c2cbe90dd802,0.0364812391343131,0.7404153221201313,0.231537900320968,0.0263695577582309,0.0557537915404019,0.517303466796875,4.86,dc0c3e2a248132ba9f119b49a12b3cc005b3fa00b06292f083d8dfa3ae96109b032e9799aa56e58277c6dd07f9c078a8ec5c230001cc5da8cd41c2cbe90dd802,,,,,,,,
195,a96281f5e2805ca59660e7caed1d355893e2cd686946a226be44cc38ca934495f4c6511a7a5a72846e09495d7792e66bacc43d933f92b05431f30c2647e8cffa,english_griffinlim_eval_final/fake_english_griffinlim/english_fake_0195.wav,0,2.664,6.418758392333984,-8.289237022399902,0.1588871916281496,english,6.923739075660706,a96281f5e2805ca59660e7caed1d355893e2cd686946a226be44cc38ca934495f4c6511a7a5a72846e09495d7792e66bacc43d933f92b05431f30c2647e8cffa,0.1588871916281496,0.466292258333162,0.3477669043989367,0.156024225843668,0.0043323613790248,0.02093505859375,2.664,a96281f5e2805ca59660e7caed1d355893e2cd686946a226be44cc38ca934495f4c6511a7a5a72846e09495d7792e66bacc43d933f92b05431f30c2647e8cffa,,,,,,,,
196,9fda0c374f039f5515c821e5936f994c091c1a9b315901abb63a14a50ee08772dff631a98a036a8cd9e93cdacfd37f9d96759fe958923f564a3f63ae53a9c316,english_griffinlim_eval_final/fake_english_griffinlim/english_fake_0196.wav,0,5.976,-4.625998020172119,5.519469738006592,0.0177314261022243,english,-4.121017336845398,9fda0c374f039f5515c821e5936f994c091c1a9b315901abb63a14a50ee08772dff631a98a036a8cd9e93cdacfd37f9d96759fe958923f564a3f63ae53a9c316,0.0177314261022243,0.7958891092750008,0.1580511329646904,0.0436550165698471,0.0462877028051304,0.469970703125,5.976,9fda0c374f039f5515c821e5936f994c091c1a9b315901abb63a14a50ee08772dff631a98a036a8cd9e93cdacfd37f9d96759fe958923f564a3f63ae53a9c316,,,,,,,,
197,8255fad3520e654ede731f40f3501ec48a9add93775d5081d146065a11a94be19a3c6ee5cac546061e9cde328e9c4982ba6000716371458c40c1ab365b93207c,english_griffinlim_eval_final/fake_english_griffinlim/english_fake_0197.wav,0,3.864,-6.105224132537842,7.047317028045654,0.1324685058988413,english,-5.600243449211121,8255fad3520e654ede731f40f3501ec48a9add93775d5081d146065a11a94be19a3c6ee5cac546061e9cde328e9c4982ba6000716371458c40c1ab365b93207c,0.1324685058988413,0.883331947651304,0.0986679334676725,0.0176116329395936,0.1187708905453258,0.901397705078125,3.864,8255fad3520e654ede731f40f3501ec48a9add93775d5081d146065a11a94be19a3c6ee5cac546061e9cde328e9c4982ba6000716371458c40c1ab365b93207c,,,,,,,,
198,eacb76b080eb0ee90c6ca5f40c90311d5bfabaec772a520c67975bece182e7226298550c79258cafbb3fe81e29af5c3c5c796d4cdca81bfaf67fbbc6f40227ed,english_griffinlim_eval_final/fake_english_griffinlim/english_fake_0198.wav,0,5.664,-0.5272582769393921,0.7740797400474548,0.0796279171872582,english,-0.0222775936126709,eacb76b080eb0ee90c6ca5f40c90311d5bfabaec772a520c67975bece182e7226298550c79258cafbb3fe81e29af5c3c5c796d4cdca81bfaf67fbbc6f40227ed,0.0796279171872582,0.6224720357286391,0.22493744353688,0.1356908118849048,0.0136416579750575,0.1170654296875,5.664,eacb76b080eb0ee90c6ca5f40c90311d5bfabaec772a520c67975bece182e7226298550c79258cafbb3fe81e29af5c3c5c796d4cdca81bfaf67fbbc6f40227ed,,,,,,,,
199,2817b9dbf3bd7f97c813c8282f35c8fa3c1ffd8bc501bdc997956a3f64c90f3f0ac2e39c067de95bda48043c4c4aaa39dbc48424f906fa434c5646069b7960e7,english_griffinlim_eval_final/fake_english_griffinlim/english_fake_0199.wav,0,2.664,-1.2927736043930054,1.9994091987609863,0.1124671575700332,english,-0.7877929210662842,2817b9dbf3bd7f97c813c8282f35c8fa3c1ffd8bc501bdc997956a3f64c90f3f0ac2e39c067de95bda48043c4c4aaa39dbc48424f906fa434c5646069b7960e7,0.1124671575700332,0.5471270209342229,0.3342855065364242,0.112859257011682,0.0268480060275364,0.24609375,2.664,2817b9dbf3bd7f97c813c8282f35c8fa3c1ffd8bc501bdc997956a3f64c90f3f0ac2e39c067de95bda48043c4c4aaa39dbc48424f906fa434c5646069b7960e7,,,,,,,,
200,4eba41fec2812653b53fdcb9fd8d8d86b3a474576984a8d08189dccb9fc404a2e11f345a2f2f44c3cc1ad79eae446e973b7fbbf6da3becf13585b3e471ba48ec,english_griffinlim_eval_final/fake_english_griffinlim/english_fake_0200.wav,0,5.04,-6.098029136657715,7.068890571594238,0.0124814119174764,english,-5.593048453330994,4eba41fec2812653b53fdcb9fd8d8d86b3a474576984a8d08189dccb9fc404a2e11f345a2f2f44c3cc1ad79eae446e973b7fbbf6da3becf13585b3e471ba48ec,0.0124814119174764,0.9209136329471076,0.0514232201152227,0.0262003813409143,0.0646316212430131,0.534088134765625,5.04,4eba41fec2812653b53fdcb9fd8d8d86b3a474576984a8d08189dccb9fc404a2e11f345a2f2f44c3cc1ad79eae446e973b7fbbf6da3becf13585b3e471ba48ec,,,,,,,,
201,575dd0ea9fe293b4ce19f4526086fcaec5b306d9e3fde20eb37962b673c764936e80c3b0bbb55017e9d5043c80aa2ce6e53d909637133c7a3d9fb1ece1061a4f,english_griffinlim_eval_final/fake_english_griffinlim/english_fake_0201.wav,0,2.856,-5.566695213317871,6.368054389953613,0.0043075210295812,english,-5.06171452999115,575dd0ea9fe293b4ce19f4526086fcaec5b306d9e3fde20eb37962b673c764936e80c3b0bbb55017e9d5043c80aa2ce6e53d909637133c7a3d9fb1ece1061a4f,0.0043075210295812,0.9005972295356874,0.0787598053891229,0.0176814710852456,0.04474804822651,0.378021240234375,2.856,575dd0ea9fe293b4ce19f4526086fcaec5b306d9e3fde20eb37962b673c764936e80c3b0bbb55017e9d5043c80aa2ce6e53d909637133c7a3d9fb1ece1061a4f,0.6784955615103757,0.2353816699819605,0.0861227685076636,0.6889447779932814,14.601744919468617,0.1524411743920632,0.3782219408286777,0.5337947104262597
202,3782f6a35d599db62a9bd73a45d7480cb56b29d130984d030b5a17137dbe2ec49909f6944f79eef6af518d416bd040632029ee855f5b648ea34db6d86cc3749e,english_griffinlim_eval_final/fake_english_griffinlim/english_fake_0202.wav,0,4.944,-5.893795967102051,6.809322357177734,0.0375687084637557,english,-5.38881528377533,3782f6a35d599db62a9bd73a45d7480cb56b29d130984d030b5a17137dbe2ec49909f6944f79eef6af518d416bd040632029ee855f5b648ea34db6d86cc3749e,0.0375687084637557,0.9693008323188596,0.0168637180055953,0.0130719188501938,0.096834498261498,0.708587646484375,4.944,3782f6a35d599db62a9bd73a45d7480cb56b29d130984d030b5a17137dbe2ec49909f6944f79eef6af518d416bd040632029ee855f5b648ea34db6d86cc3749e,,,,,,,,
203,5b6da28793f5d084ab55a3ba94aa903ec2d6d406d8fbeebb1c3abedf76dfd98d5a98aeef62cffd555832dbaff979f736e31e4861213aedaf6a1e7e4b361cccb8,english_griffinlim_eval_final/fake_english_griffinlim/english_fake_0203.wav,0,5.592,-3.906303644180298,4.751116752624512,0.3038139656464943,english,-3.4013229608535767,5b6da28793f5d084ab55a3ba94aa903ec2d6d406d8fbeebb1c3abedf76dfd98d5a98aeef62cffd555832dbaff979f736e31e4861213aedaf6a1e7e4b361cccb8,0.3038139656464943,0.7601774798907901,0.1627966950031548,0.0764642065139915,0.0994530748258097,0.7816162109375,5.592,5b6da28793f5d084ab55a3ba94aa903ec2d6d406d8fbeebb1c3abedf76dfd98d5a98aeef62cffd555832dbaff979f736e31e4861213aedaf6a1e7e4b361cccb8,,,,,,,,
204,bd3a04f4d1f1e2e4da8e2f340ea71e5bf5de2b72ea9f7e87c230debeea9d1978c1f9841c07eb82f1712684df7dae6e817bbf9b95063b70e2730b2bb1caed7f25,english_griffinlim_eval_final/fake_english_griffinlim/english_fake_0204.wav,0,2.232,6.549887657165527,-8.479058265686035,0.200267578808992,english,7.0548683404922485,bd3a04f4d1f1e2e4da8e2f340ea71e5bf5de2b72ea9f7e87c230debeea9d1978c1f9841c07eb82f1712684df7dae6e817bbf9b95063b70e2730b2bb1caed7f25,0.200267578808992,0.422212864263643,0.3774922792352479,0.1688548810834105,0.001777594053089,0.00830078125,2.232,bd3a04f4d1f1e2e4da8e2f340ea71e5bf5de2b72ea9f7e87c230debeea9d1978c1f9841c07eb82f1712684df7dae6e817bbf9b95063b70e2730b2bb1caed7f25,,,,,,,,
205,cae301b389d76bf2203ffb243ae9d80423981d24eee4d167217fad0ac377704a410570107ba23a6aaf26d11345cad96829e2e44d250c537501597638c03d6864,english_griffinlim_eval_final/fake_english_griffinlim/english_fake_0205.wav,0,6.804,-5.647915840148926,6.563471794128418,0.216031399415906,english,-5.142935156822205,cae301b389d76bf2203ffb243ae9d80423981d24eee4d167217fad0ac377704a410570107ba23a6aaf26d11345cad96829e2e44d250c537501597638c03d6864,0.216031399415906,0.5569572569071888,0.2866069022617364,0.1549725233390271,0.0597325547118488,0.746673583984375,6.804,cae301b389d76bf2203ffb243ae9d80423981d24eee4d167217fad0ac377704a410570107ba23a6aaf26d11345cad96829e2e44d250c537501597638c03d6864,,,,,,,,
206,64dbbd082a3643fc62dce8b4a89bd5d3f756dff5cc12527125517e50089e1080bee30c7c21a18dc0bb4f2f83b9f3ec5f32445839c849ccb75ea9c22cbff39b3f,english_griffinlim_eval_final/fake_english_griffinlim/english_fake_0206.wav,0,4.3625,-3.8981316089630127,4.71586275100708,0.0071974005900896,english,-3.3931509256362915,64dbbd082a3643fc62dce8b4a89bd5d3f756dff5cc12527125517e50089e1080bee30c7c21a18dc0bb4f2f83b9f3ec5f32445839c849ccb75ea9c22cbff39b3f,0.0071974005900896,0.90703292938504,0.0666059117657374,0.0230502645462304,0.0422768801496723,0.30755615234375,4.3625,64dbbd082a3643fc62dce8b4a89bd5d3f756dff5cc12527125517e50089e1080bee30c7c21a18dc0bb4f2f83b9f3ec5f32445839c849ccb75ea9c22cbff39b3f,,,,,,,,
207,551d5ea36eb46269c7a7710255ff0cab38e68cd8360ad3d7b3c566e71573c778819d6d1161422130875f138f6caf9bf7e29c972fbf0bf5352ab63029a7dce8f7,english_griffinlim_eval_final/fake_english_griffinlim/english_fake_0207.wav,0,3.144,-5.679182052612305,6.473130226135254,0.4734400653078522,english,-5.1742013692855835,551d5ea36eb46269c7a7710255ff0cab38e68cd8360ad3d7b3c566e71573c778819d6d1161422130875f138f6caf9bf7e29c972fbf0bf5352ab63029a7dce8f7,0.4734400653078522,0.6736882367324698,0.2817942194397804,0.0441261402138887,0.1178710151599022,0.943939208984375,3.144,551d5ea36eb46269c7a7710255ff0cab38e68cd8360ad3d7b3c566e71573c778819d6d1161422130875f138f6caf9bf7e29c972fbf0bf5352ab63029a7dce8f7,0.7214209476559797,0.2406625613875607,0.0379164909564594,0.6879305078793254,14.672754345881918,0.1218566537229886,0.3526588148934189,0.5185179658111597
208,cc3564ba9160b09d78f20c91f7c875f51a2e7e6eb150f1f331159fbb023eeba2b040c3ee286d53f1994347fca1a636ba6343078b7b1d67dab83d60271ea994da,english_griffinlim_eval_final/fake_english_griffinlim/english_fake_0208.wav,0,3.024,-5.966775417327881,6.952210426330566,0.0816063675800521,english,-5.46179473400116,cc3564ba9160b09d78f20c91f7c875f51a2e7e6eb150f1f331159fbb023eeba2b040c3ee286d53f1994347fca1a636ba6343078b7b1d67dab83d60271ea994da,0.0816063675800521,0.8746015546294508,0.1238944572890081,0.0013165762464367,0.1212455733633106,0.990020751953125,3.024,cc3564ba9160b09d78f20c91f7c875f51a2e7e6eb150f1f331159fbb023eeba2b040c3ee286d53f1994347fca1a636ba6343078b7b1d67dab83d60271ea994da,,,,,,,,
209,366a753846275be279eda9ca2cbda6b54abfef3e22d2b66f252c39722de707e9859e6576abb45f36726cc8291e71aaf5dfa6cbc875f68141417a2666b2263778,english_griffinlim_eval_final/fake_english_griffinlim/english_fake_0209.wav,0,3.708,-1.5454394817352295,2.257803201675415,0.0112561463655971,english,-1.0404587984085083,366a753846275be279eda9ca2cbda6b54abfef3e22d2b66f252c39722de707e9859e6576abb45f36726cc8291e71aaf5dfa6cbc875f68141417a2666b2263778,0.0112561463655971,0.833317254510672,0.0984224651061438,0.0619079788740011,0.0304904585156976,0.20574951171875,3.708,366a753846275be279eda9ca2cbda6b54abfef3e22d2b66f252c39722de707e9859e6576abb45f36726cc8291e71aaf5dfa6cbc875f68141417a2666b2263778,,,,,,,,
210,97b5754c2b7322d08cc69d621f60a6be00d50a86ef476e6a240529cb2dc06025626beddbcafff75d80ec8871a4b8cae6dd253dfa7009ee443b82423108973e01,english_griffinlim_eval_final/fake_english_griffinlim/english_fake_0210.wav,0,3.36,6.552022933959961,-8.49752140045166,0.1692993388100756,english,7.057003617286682,97b5754c2b7322d08cc69d621f60a6be00d50a86ef476e6a240529cb2dc06025626beddbcafff75d80ec8871a4b8cae6dd253dfa7009ee443b82423108973e01,0.1692993388100756,0.4770996304253698,0.3419528754124073,0.1526240242980189,0.0052681284329089,0.025909423828125,3.36,97b5754c2b7322d08cc69d621f60a6be00d50a86ef476e6a240529cb2dc06025626beddbcafff75d80ec8871a4b8cae6dd253dfa7009ee443b82423108973e01,,,,,,,,
211,1a0446d48b2fe1114209fcb872c1ca88b6eb43d420aeb81255ee4ff9d6e295c56257b7cf2ff2dde3905f1675a0a29c728187cc03b0423d68ddf7fb1539e8f399,english_griffinlim_eval_final/fake_english_griffinlim/english_fake_0211.wav,0,3.912,2.33821702003479,-3.071225166320801,0.0209589043132962,english,2.8431977033615112,1a0446d48b2fe1114209fcb872c1ca88b6eb43d420aeb81255ee4ff9d6e295c56257b7cf2ff2dde3905f1675a0a29c728187cc03b0423d68ddf7fb1539e8f399,0.0209589043132962,0.7108849098277139,0.2112288127873409,0.0731416582940303,0.0324934657166513,0.346832275390625,3.912,1a0446d48b2fe1114209fcb872c1ca88b6eb43d420aeb81255ee4ff9d6e295c56257b7cf2ff2dde3905f1675a0a29c728187cc03b0423d68ddf7fb1539e8f399,,,,,,,,
212,2260012da3141f7794e6d0c1bb750d1b9cf0b861e1e69a858f8e7da7e617c49f8333d56ceba58fe645e0cfacfe5c296712c399faecd319d4bdedc7c1134f2014,english_griffinlim_eval_final/fake_english_griffinlim/english_fake_0212.wav,0,4.704,-5.114827632904053,5.984718322753906,0.0855475721974223,english,-4.6098469495773315,2260012da3141f7794e6d0c1bb750d1b9cf0b861e1e69a858f8e7da7e617c49f8333d56ceba58fe645e0cfacfe5c296712c399faecd319d4bdedc7c1134f2014,0.0855475721974223,0.7247521503127795,0.189447262825598,0.0845458036342853,0.0673504320306176,0.615234375,4.704,2260012da3141f7794e6d0c1bb750d1b9cf0b861e1e69a858f8e7da7e617c49f8333d56ceba58fe645e0cfacfe5c296712c399faecd319d4bdedc7c1134f2014,,,,,,,,
213,49518b0d6dc530fcb03351c761b8b69aba18a29400ec4510ccfc214f1905114cc6fb992128c51bbba73e54db9cb9e534446ebc5f27748ea922d1913e0635ac2e,english_griffinlim_eval_final/fake_english_griffinlim/english_fake_0213.wav,0,5.69475,-5.678739070892334,6.520459175109863,0.0623608845409077,english,-5.173758387565613,49518b0d6dc530fcb03351c761b8b69aba18a29400ec4510ccfc214f1905114cc6fb992128c51bbba73e54db9cb9e534446ebc5f27748ea922d1913e0635ac2e,0.0623608845409077,0.8672031389325415,0.1253391292160495,0.0069103982066033,0.1011077003488979,0.863128662109375,5.69475,49518b0d6dc530fcb03351c761b8b69aba18a29400ec4510ccfc214f1905114cc6fb992128c51bbba73e54db9cb9e534446ebc5f27748ea922d1913e0635ac2e,,,,,,,,
214,c3a5863ff44c83223e0d3ce8f7e6345e851774df3bb4d2c14883c407fbea6f978130d4667c3080adbc80a42c09f73146807a9d49a6c41d538d1a75a432852193,english_griffinlim_eval_final/fake_english_griffinlim/english_fake_0214.wav,0,6.096,-5.911440849304199,6.801535129547119,0.2214102263040925,english,-5.406460165977478,c3a5863ff44c83223e0d3ce8f7e6345e851774df3bb4d2c14883c407fbea6f978130d4667c3080adbc80a42c09f73146807a9d49a6c41d538d1a75a432852193,0.2214102263040925,0.9072568282857224,0.0196921127764341,0.0725723465491594,0.1157526631245143,0.854888916015625,6.096,c3a5863ff44c83223e0d3ce8f7e6345e851774df3bb4d2c14883c407fbea6f978130d4667c3080adbc80a42c09f73146807a9d49a6c41d538d1a75a432852193,,,,,,,,
215,243c0d90f6145edce7803731bbd3baff7cb887a5290c10c1c5897e24248e249752883be23dbe58e59668ad96307fa0666e76dde82a2dd55ac2c624acbdb1d919,english_griffinlim_eval_final/fake_english_griffinlim/english_fake_0215.wav,0,6.144,4.147371292114258,-5.234819412231445,0.0852499891630624,english,4.652351975440979,243c0d90f6145edce7803731bbd3baff7cb887a5290c10c1c5897e24248e249752883be23dbe58e59668ad96307fa0666e76dde82a2dd55ac2c624acbdb1d919,0.0852499891630624,0.6108267179762973,0.2548962588874073,0.1143552509534078,0.0102070282434981,0.06707763671875,6.144,243c0d90f6145edce7803731bbd3baff7cb887a5290c10c1c5897e24248e249752883be23dbe58e59668ad96307fa0666e76dde82a2dd55ac2c624acbdb1d919,,,,,,,,
216,b644ae3b2f82a9ef3f6143326617509097ed4337fc0123d4b854be26cbcfba78bcc9d370d1272c725e15370c6ab4220d608d578780b592047cae1edbaf1d7d0e,english_griffinlim_eval_final/fake_english_griffinlim/english_fake_0216.wav,0,5.76,-5.975366592407227,6.937221527099609,0.0565550644936497,english,-5.470385909080505,b644ae3b2f82a9ef3f6143326617509097ed4337fc0123d4b854be26cbcfba78bcc9d370d1272c725e15370c6ab4220d608d578780b592047cae1edbaf1d7d0e,0.0565550644936497,0.9196759441688178,0.0499993257387587,0.0295396544169758,0.0879748457815578,0.64105224609375,5.76,b644ae3b2f82a9ef3f6143326617509097ed4337fc0123d4b854be26cbcfba78bcc9d370d1272c725e15370c6ab4220d608d578780b592047cae1edbaf1d7d0e,,,,,,,,
217,757beaeb3dcab1faa1135fbbebc9a4315e7a569f749fbe21a8816905a981bec0b5aa2fe402d60d902cbc2fcaadbd204e02d7a72d388b389e9d7ff3b170f879e1,english_griffinlim_eval_final/fake_english_griffinlim/english_fake_0217.wav,0,5.4,-0.7707242965698242,1.1265358924865725,0.0240485707412926,english,-0.265743613243103,757beaeb3dcab1faa1135fbbebc9a4315e7a569f749fbe21a8816905a981bec0b5aa2fe402d60d902cbc2fcaadbd204e02d7a72d388b389e9d7ff3b170f879e1,0.0240485707412926,0.8014489104375883,0.1223766414970656,0.0745680200654013,0.0596127683206388,0.609893798828125,5.4,757beaeb3dcab1faa1135fbbebc9a4315e7a569f749fbe21a8816905a981bec0b5aa2fe402d60d902cbc2fcaadbd204e02d7a72d388b389e9d7ff3b170f879e1,,,,,,,,
218,895f2d4bf294edfddf1ba3f469b1e1fc1409ab310775e52610a51ca47afb77e8fe546c5d17247fbca77c3636e593d5f84b132a924872c8e2966d48d3a2f8fd36,english_griffinlim_eval_final/fake_english_griffinlim/english_fake_0218.wav,0,7.968,-5.334521293640137,6.162780284881592,0.0395271461318728,english,-4.8295406103134155,895f2d4bf294edfddf1ba3f469b1e1fc1409ab310775e52610a51ca47afb77e8fe546c5d17247fbca77c3636e593d5f84b132a924872c8e2966d48d3a2f8fd36,0.0395271461318728,0.8140257186981614,0.1258256314929564,0.057587259415266,0.0451441957423306,0.376068115234375,7.968,895f2d4bf294edfddf1ba3f469b1e1fc1409ab310775e52610a51ca47afb77e8fe546c5d17247fbca77c3636e593d5f84b132a924872c8e2966d48d3a2f8fd36,,,,,,,,
219,372293e65cdab88771e028a4351651ab2eff64438ddafc211e089247dcdccca350153465eb5409ce708081d9ad384af45d1dc57bbe030ae1a2c0edd561322fb8,english_griffinlim_eval_final/fake_english_griffinlim/english_fake_0219.wav,0,7.152,0.1300758272409439,-0.1126732677221298,0.4344015846985138,english,0.6350565105676651,372293e65cdab88771e028a4351651ab2eff64438ddafc211e089247dcdccca350153465eb5409ce708081d9ad384af45d1dc57bbe030ae1a2c0edd561322fb8,0.4344015846985138,0.9623891573554788,0.0243390188539662,0.0128951862418335,0.131808769337886,0.806304931640625,7.152,372293e65cdab88771e028a4351651ab2eff64438ddafc211e089247dcdccca350153465eb5409ce708081d9ad384af45d1dc57bbe030ae1a2c0edd561322fb8,,,,,,,,
220,d375e73a2aab64bd8428fcccbe19a071f12ac301142386cfa496e1df68fe553bcc279625c5719f2137c219634ccc323582f7defb1e0ba52b4ab0f93f0d3461a3,english_griffinlim_eval_final/fake_english_griffinlim/english_fake_0220.wav,0,3.6,-1.317276120185852,1.9876612424850464,0.0047687121286195,english,-0.8122954368591309,d375e73a2aab64bd8428fcccbe19a071f12ac301142386cfa496e1df68fe553bcc279625c5719f2137c219634ccc323582f7defb1e0ba52b4ab0f93f0d3461a3,0.0047687121286195,0.9431439316251176,0.0441056431131887,0.0112316872157424,0.0637929229930078,0.57696533203125,3.6,d375e73a2aab64bd8428fcccbe19a071f12ac301142386cfa496e1df68fe553bcc279625c5719f2137c219634ccc323582f7defb1e0ba52b4ab0f93f0d3461a3,,,,,,,,
221,ab43bbde8dd98948b7e6b8393d966519e92744fd96172349c9d20cd1247a67a9e41415818b1ab8f0c456d23244cf15a1188a078707b96a3a8476783890c4a42f,english_griffinlim_eval_final/fake_english_griffinlim/english_fake_0221.wav,0,2.736,-5.956998825073242,6.928476810455322,0.0312442539994823,english,-5.452018141746521,ab43bbde8dd98948b7e6b8393d966519e92744fd96172349c9d20cd1247a67a9e41415818b1ab8f0c456d23244cf15a1188a078707b96a3a8476783890c4a42f,0.0312442539994823,0.8983625198597813,0.0581007082667701,0.0426547543751914,0.0790462586706346,0.562591552734375,2.736,ab43bbde8dd98948b7e6b8393d966519e92744fd96172349c9d20cd1247a67a9e41415818b1ab8f0c456d23244cf15a1188a078707b96a3a8476783890c4a42f,,,,,,,,
222,4b2efc2350efb28f0f5209d0058bc1eb6ba348c089f6309c872fc16d6a8565f7298681076544b37b8e771b8ac329a2a83b35c4bb9ecc9eb4298a031bf0d6b1ad,english_griffinlim_eval_final/fake_english_griffinlim/english_fake_0222.wav,0,3.552,-0.6162751913070679,1.1239752769470217,0.0188263065715421,english,-0.11129450798034668,4b2efc2350efb28f0f5209d0058bc1eb6ba348c089f6309c872fc16d6a8565f7298681076544b37b8e771b8ac329a2a83b35c4bb9ecc9eb4298a031bf0d6b1ad,0.0188263065715421,0.6881949535550191,0.2396858802319322,0.0605656241510516,0.0181083111419443,0.169708251953125,3.552,4b2efc2350efb28f0f5209d0058bc1eb6ba348c089f6309c872fc16d6a8565f7298681076544b37b8e771b8ac329a2a83b35c4bb9ecc9eb4298a031bf0d6b1ad,,,,,,,,
223,94d10d73ea83a282d77602f47e961d1fa579d3057ee6825219be4b2750c3cbf233b4d2d06cdccc469cd1b465a93fa50a072459a3982b1e8abcba767bb1c27f56,english_griffinlim_eval_final/fake_english_griffinlim/english_fake_0223.wav,0,3.264,-1.9247362613677976,2.863626480102539,0.0100030745557022,english,-1.4197555780410764,94d10d73ea83a282d77602f47e961d1fa579d3057ee6825219be4b2750c3cbf233b4d2d06cdccc469cd1b465a93fa50a072459a3982b1e8abcba767bb1c27f56,0.0100030745557022,0.8298782529105745,0.1353622839331852,0.0295039513608828,0.0317382940977749,0.199951171875,3.264,94d10d73ea83a282d77602f47e961d1fa579d3057ee6825219be4b2750c3cbf233b4d2d06cdccc469cd1b465a93fa50a072459a3982b1e8abcba767bb1c27f56,,,,,,,,
224,b419faab633f2099c6405ff157b4d9fb5675219570f2683a4d08cbadeac4431e9d9b30dfa9b04f79aad9d8e3f75fda964809f3aa72ae9d0a4a025c59417f3dd1,english_griffinlim_eval_final/fake_english_griffinlim/english_fake_0224.wav,0,5.976,-2.7417855262756348,3.348757266998291,0.0863902591312856,english,-2.2368048429489136,b419faab633f2099c6405ff157b4d9fb5675219570f2683a4d08cbadeac4431e9d9b30dfa9b04f79aad9d8e3f75fda964809f3aa72ae9d0a4a025c59417f3dd1,0.0863902591312856,0.544731327126495,0.4198401235927857,0.0329618358995699,0.044180992916508,0.564788818359375,5.976,b419faab633f2099c6405ff157b4d9fb5675219570f2683a4d08cbadeac4431e9d9b30dfa9b04f79aad9d8e3f75fda964809f3aa72ae9d0a4a025c59417f3dd1,,,,,,,,
225,92fa0173d8a52067542a43504a23d6adbcf1f55271ca38e9eacfa6f751199a9bb7ed840cebadc1a745b2c605ec99dcfae954c709b8c345afbcb08ce46e100b4d,english_griffinlim_eval_final/fake_english_griffinlim/english_fake_0225.wav,0,5.904,-4.415653705596924,5.180576801300049,0.009040065595513,english,-3.9106730222702026,92fa0173d8a52067542a43504a23d6adbcf1f55271ca38e9eacfa6f751199a9bb7ed840cebadc1a745b2c605ec99dcfae954c709b8c345afbcb08ce46e100b4d,0.009040065595513,0.9477559550048162,0.0475631942315479,0.0039743356755811,0.0894947801958091,0.892333984375,5.904,92fa0173d8a52067542a43504a23d6adbcf1f55271ca38e9eacfa6f751199a9bb7ed840cebadc1a745b2c605ec99dcfae954c709b8c345afbcb08ce46e100b4d,,,,,,,,
226,b1269dc8d0e02db75f8a7cadb9b3acf905466aeebeca01ab84fccc333853bbaf8c55b3542b334080695865fa8e7e6b092b132667c110708bef83b1599f00c485,english_griffinlim_eval_final/fake_english_griffinlim/english_fake_0226.wav,0,6.024,3.035881996154785,-4.017851829528809,0.1499085743597245,english,3.5408626794815063,b1269dc8d0e02db75f8a7cadb9b3acf905466aeebeca01ab84fccc333853bbaf8c55b3542b334080695865fa8e7e6b092b132667c110708bef83b1599f00c485,0.1499085743597245,0.6059822947289569,0.223268766661249,0.1610970647154749,0.0209069236938546,0.176605224609375,6.024,b1269dc8d0e02db75f8a7cadb9b3acf905466aeebeca01ab84fccc333853bbaf8c55b3542b334080695865fa8e7e6b092b132667c110708bef83b1599f00c485,,,,,,,,
227,4d3827fed2b3998358c998a1e59fbb8d12e51545551352c2bc8a6d06cde24cbee2deb03e33b5445e95afc60c64dd9b19d4bb1bfbf30acadceae8f4a424c486a3,english_griffinlim_eval_final/fake_english_griffinlim/english_fake_0227.wav,0,6.744,-0.4803234934806824,0.7255682349205017,0.0365678767778169,english,0.02465718984603882,4d3827fed2b3998358c998a1e59fbb8d12e51545551352c2bc8a6d06cde24cbee2deb03e33b5445e95afc60c64dd9b19d4bb1bfbf30acadceae8f4a424c486a3,0.0365678767778169,0.7031705185797767,0.2035388071715034,0.0817853618520094,0.0186788837300338,0.174163818359375,6.744,4d3827fed2b3998358c998a1e59fbb8d12e51545551352c2bc8a6d06cde24cbee2deb03e33b5445e95afc60c64dd9b19d4bb1bfbf30acadceae8f4a424c486a3,,,,,,,,
228,39a4bd44251136f67624dad34f17e8919d41feec56e419cf920faf6d907f04da317538e6a0683bcfc24e2944deddfa817d39106c5849e20ef52a69430841e5b1,english_griffinlim_eval_final/fake_english_griffinlim/english_fake_0228.wav,0,3.696,-0.152340367436409,0.100241869688034,0.009047302278592,english,0.3526403158903122,39a4bd44251136f67624dad34f17e8919d41feec56e419cf920faf6d907f04da317538e6a0683bcfc24e2944deddfa817d39106c5849e20ef52a69430841e5b1,0.009047302278592,0.7999716320723961,0.1472693139636338,0.0468084992495137,0.029542369541409,0.264251708984375,3.696,39a4bd44251136f67624dad34f17e8919d41feec56e419cf920faf6d907f04da317538e6a0683bcfc24e2944deddfa817d39106c5849e20ef52a69430841e5b1,,,,,,,,
229,1594de0d0be7eee9c53511df237e394a8b8e8beb1627ef9e083da81130835c671778ac6c7ea4524b3f86b978f906e79bd2e3038cf162f45e1cdcb5024d0c4835,english_griffinlim_eval_final/fake_english_griffinlim/english_fake_0229.wav,0,2.136,-0.7958189845085144,1.2329318523406982,0.0111850156498331,english,-0.2908383011817932,1594de0d0be7eee9c53511df237e394a8b8e8beb1627ef9e083da81130835c671778ac6c7ea4524b3f86b978f906e79bd2e3038cf162f45e1cdcb5024d0c4835,0.0111850156498331,0.7147396617013614,0.1983335588580431,0.0726966605207566,0.0154678003641531,0.137786865234375,2.136,1594de0d0be7eee9c53511df237e394a8b8e8beb1627ef9e083da81130835c671778ac6c7ea4524b3f86b978f906e79bd2e3038cf162f45e1cdcb5024d0c4835,,,,,,,,
230,94796df469d4a3dc6594d9d759a97275d001a4aabd862b04e5bb10bb6d1991c349084f6e5120e28213bab509cfc1a892321b96ac5d0a50d5496385a32abcd94d,english_griffinlim_eval_final/fake_english_griffinlim/english_fake_0230.wav,0,6.048,-5.6708173751831055,6.495044231414795,0.2390122407860695,english,-5.165836691856384,94796df469d4a3dc6594d9d759a97275d001a4aabd862b04e5bb10bb6d1991c349084f6e5120e28213bab509cfc1a892321b96ac5d0a50d5496385a32abcd94d,0.2390122407860695,0.8305671227304429,0.1552262295142537,0.0137206657717989,0.1092945285553889,0.808319091796875,6.048,94796df469d4a3dc6594d9d759a97275d001a4aabd862b04e5bb10bb6d1991c349084f6e5120e28213bab509cfc1a892321b96ac5d0a50d5496385a32abcd94d,0.7868494549856753,0.1767816383271642,0.0363689066871606,0.6822370431206954,14.699892204318711,0.1183409192218491,0.3452286285642,0.5121016291036541
231,7992ee59c8a9af9b74fd6f0cc12eaee3da35f588ff19c8859c39fb46d64da542518c2cbe3f8d7657ed6838f721781f9bbb0c82bc15bf31fb662c88b124ba6494,english_griffinlim_eval_final/fake_english_griffinlim/english_fake_0231.wav,0,5.304,-1.6512693166732788,2.379195213317871,0.0228994622112933,english,-1.1462886333465576,7992ee59c8a9af9b74fd6f0cc12eaee3da35f588ff19c8859c39fb46d64da542518c2cbe3f8d7657ed6838f721781f9bbb0c82bc15bf31fb662c88b124ba6494,0.0228994622112933,0.8788405584879433,0.0788905919768016,0.0412446711724091,0.0762011254150414,0.68756103515625,5.304,7992ee59c8a9af9b74fd6f0cc12eaee3da35f588ff19c8859c39fb46d64da542518c2cbe3f8d7657ed6838f721781f9bbb0c82bc15bf31fb662c88b124ba6494,,,,,,,,
232,d1c6d302d4af7caaf9aa737b16c7e04e749f63ed80ec202cfa4de06a1a42b990f3df3e362ac0fec76312eae93f0b526e60d127d6d6081f422ffe9468638036fc,english_griffinlim_eval_final/fake_english_griffinlim/english_fake_0232.wav,0,5.856,-2.142950773239136,2.6757049560546875,0.422841303342806,english,-1.637970089912415,d1c6d302d4af7caaf9aa737b16c7e04e749f63ed80ec202cfa4de06a1a42b990f3df3e362ac0fec76312eae93f0b526e60d127d6d6081f422ffe9468638036fc,0.422841303342806,0.393788069814115,0.5104746742663674,0.0823897662499248,0.015204763034209,0.11724853515625,5.856,d1c6d302d4af7caaf9aa737b16c7e04e749f63ed80ec202cfa4de06a1a42b990f3df3e362ac0fec76312eae93f0b526e60d127d6d6081f422ffe9468638036fc,,,,,,,,
233,0e158b24aeef0c21c6864108c70ea9fae815e865916fd6fa7a4dca42ad7694d46c3aa47d22d1946623e718ab6f5cdc030f244b0362e5553f81c8f22c25082b22,english_griffinlim_eval_final/fake_english_griffinlim/english_fake_0233.wav,0,6.3,-6.038618564605713,6.953892230987549,0.0715605920992642,english,-5.533637881278992,0e158b24aeef0c21c6864108c70ea9fae815e865916fd6fa7a4dca42ad7694d46c3aa47d22d1946623e718ab6f5cdc030f244b0362e5553f81c8f22c25082b22,0.0715605920992642,0.9356607066719548,0.0580561747143029,0.0056911887269685,0.1008383218697423,0.7470703125,6.3,0e158b24aeef0c21c6864108c70ea9fae815e865916fd6fa7a4dca42ad7694d46c3aa47d22d1946623e718ab6f5cdc030f244b0362e5553f81c8f22c25082b22,,,,,,,,
234,9cf673ab7c386938cf09ff29055cb28272dd125f5a4026ec91886bfb313a254f69837c8edb09821aa2f6205c1696f495e33c1bb3be452a3ce6cb667d1bbda02d,english_griffinlim_eval_final/fake_english_griffinlim/english_fake_0234.wav,0,5.16,-5.8391828536987305,6.711042404174805,0.0161014291847338,english,-5.334202170372009,9cf673ab7c386938cf09ff29055cb28272dd125f5a4026ec91886bfb313a254f69837c8edb09821aa2f6205c1696f495e33c1bb3be452a3ce6cb667d1bbda02d,0.0161014291847338,0.8548712046467404,0.0962872877323779,0.0461241569450749,0.0444248660647545,0.34210205078125,5.16,9cf673ab7c386938cf09ff29055cb28272dd125f5a4026ec91886bfb313a254f69837c8edb09821aa2f6205c1696f495e33c1bb3be452a3ce6cb667d1bbda02d,,,,,,,,
235,57d9be2eeda5fbaad0290c45f4e95813da95e09633d5fd84df35a758151788abec644a351cdf610c7b792561d1db0ac6f122dbc94404646941967bd6f0befd44,english_griffinlim_eval_final/fake_english_griffinlim/english_fake_0235.wav,0,5.544,-5.888851165771484,6.71298360824585,0.8229431737209975,english,-5.383870482444763,57d9be2eeda5fbaad0290c45f4e95813da95e09633d5fd84df35a758151788abec644a351cdf610c7b792561d1db0ac6f122dbc94404646941967bd6f0befd44,0.8229431737209975,0.6605454515414383,0.2431224729931244,0.0961491054256536,0.1287716413281448,0.989990234375,5.544,57d9be2eeda5fbaad0290c45f4e95813da95e09633d5fd84df35a758151788abec644a351cdf610c7b792561d1db0ac6f122dbc94404646941967bd6f0befd44,,,,,,,,
236,2ca8e257db4b74caa689dae34377ed4f16fdc5a7804bb845da71ab267949854fbeaf50070000cd05e813425e15e4943918de6ce5ed3647ff1a665c57c5513f0b,english_griffinlim_eval_final/fake_english_griffinlim/english_fake_0236.wav,0,4.464,-1.0020118951797483,1.5311177968978882,0.0509585739554743,english,-0.4970312118530271,2ca8e257db4b74caa689dae34377ed4f16fdc5a7804bb845da71ab267949854fbeaf50070000cd05e813425e15e4943918de6ce5ed3647ff1a665c57c5513f0b,0.0509585739554743,0.9429524442499566,0.0451913310155993,0.0111115512287326,0.0920664303497808,0.61627197265625,4.464,2ca8e257db4b74caa689dae34377ed4f16fdc5a7804bb845da71ab267949854fbeaf50070000cd05e813425e15e4943918de6ce5ed3647ff1a665c57c5513f0b,,,,,,,,
237,af9c15b78f47fc932ee4a2fab15488dd4295f87b2a3359c855aad4f383b20bced882b0bb7ffa51fe7a08897bcd7370705108bb2cd7dd3919806d7d39f2209c7f,english_griffinlim_eval_final/fake_english_griffinlim/english_fake_0237.wav,0,5.22,-5.406623840332031,6.179157257080078,0.032465028988155,english,-4.90164315700531,af9c15b78f47fc932ee4a2fab15488dd4295f87b2a3359c855aad4f383b20bced882b0bb7ffa51fe7a08897bcd7370705108bb2cd7dd3919806d7d39f2209c7f,0.032465028988155,0.8856032526366703,0.0764426649540347,0.0371582093189219,0.086237541314708,0.752105712890625,5.22,af9c15b78f47fc932ee4a2fab15488dd4295f87b2a3359c855aad4f383b20bced882b0bb7ffa51fe7a08897bcd7370705108bb2cd7dd3919806d7d39f2209c7f,,,,,,,,
238,33f33d0ad9fe4dbd137a9fd92cf4e4765c91c08b4be1d9bcd4844adbe039d247adc5df1bc3621b7db9e9555d2a8346fafca36d43cf79974dd7874ce9df75d208,english_griffinlim_eval_final/fake_english_griffinlim/english_fake_0238.wav,0,2.304,-0.427172303199768,0.4429516196250915,0.1170325727592843,english,0.07780838012695318,33f33d0ad9fe4dbd137a9fd92cf4e4765c91c08b4be1d9bcd4844adbe039d247adc5df1bc3621b7db9e9555d2a8346fafca36d43cf79974dd7874ce9df75d208,0.1170325727592843,0.7332794191270685,0.2599770815654976,0.0062373391824248,0.1061433697039807,0.92236328125,2.304,33f33d0ad9fe4dbd137a9fd92cf4e4765c91c08b4be1d9bcd4844adbe039d247adc5df1bc3621b7db9e9555d2a8346fafca36d43cf79974dd7874ce9df75d208,,,,,,,,
239,458968a82dc9b66d5f79072045f31daf2b8f454fe3d5820ce9d213beafef2f9974f4ec87f3e84faba0699dd7837ec339f0e93f545b68c7a7ffe7c6e43c786e7d,english_griffinlim_eval_final/fake_english_griffinlim/english_fake_0239.wav,0,2.904,-0.7823086380958557,1.243567943572998,0.0345316747833671,english,-0.2773279547691345,458968a82dc9b66d5f79072045f31daf2b8f454fe3d5820ce9d213beafef2f9974f4ec87f3e84faba0699dd7837ec339f0e93f545b68c7a7ffe7c6e43c786e7d,0.0345316747833671,0.6802847516483037,0.2262817014574253,0.0925348089495774,0.0807258782237264,0.970245361328125,2.904,458968a82dc9b66d5f79072045f31daf2b8f454fe3d5820ce9d213beafef2f9974f4ec87f3e84faba0699dd7837ec339f0e93f545b68c7a7ffe7c6e43c786e7d,,,,,,,,
240,9a039113549fd273b31f5523e8062f2731c8e4586c70fe6b398f7399fff1aa84d20840652be8bc421c321e9383d4fb00e8bc25c556abab40152e93d583e287d9,english_griffinlim_eval_final/fake_english_griffinlim/english_fake_0240.wav,0,4.8,6.516801834106445,-8.456282615661621,0.2734316665470251,english,7.0217825174331665,9a039113549fd273b31f5523e8062f2731c8e4586c70fe6b398f7399fff1aa84d20840652be8bc421c321e9383d4fb00e8bc25c556abab40152e93d583e287d9,0.2734316665470251,0.4403812622397088,0.3651978759628047,0.1642264654912475,0.002881832739337,0.0120849609375,4.8,9a039113549fd273b31f5523e8062f2731c8e4586c70fe6b398f7399fff1aa84d20840652be8bc421c321e9383d4fb00e8bc25c556abab40152e93d583e287d9,,,,,,,,
241,7b1870fba227df93de9f8b77144d759ac465ba3693aeab2410a856dca9e8cfdf93ee3efee0cd5c09e79fb133fa0e731098f65c0c90a2e0b104579545a127e511,english_griffinlim_eval_final/fake_english_griffinlim/english_fake_0241.wav,0,5.352,-3.775688886642456,4.611453056335449,0.0081754249126105,english,-3.270708203315735,7b1870fba227df93de9f8b77144d759ac465ba3693aeab2410a856dca9e8cfdf93ee3efee0cd5c09e79fb133fa0e731098f65c0c90a2e0b104579545a127e511,0.0081754249126105,0.909873039798518,0.0773871469914177,0.011120287569527,0.0571967637271715,0.51068115234375,5.352,7b1870fba227df93de9f8b77144d759ac465ba3693aeab2410a856dca9e8cfdf93ee3efee0cd5c09e79fb133fa0e731098f65c0c90a2e0b104579545a127e511,,,,,,,,
242,1dbe4840071438e638690b6d916ca75f5873a81c259d59714c36f29260032a352b1b2ec752dd97de83aed3d0fa55a80d33209e3a8ac985d3ae5c96535da0f700,english_griffinlim_eval_final/fake_english_griffinlim/english_fake_0242.wav,0,4.5,-4.892481327056885,5.626991271972656,0.0054818071925676,english,-4.387500643730164,1dbe4840071438e638690b6d916ca75f5873a81c259d59714c36f29260032a352b1b2ec752dd97de83aed3d0fa55a80d33209e3a8ac985d3ae5c96535da0f700,0.0054818071925676,0.8499818504448465,0.1037774170075874,0.0397190569944721,0.0261919158773753,0.2373046875,4.5,1dbe4840071438e638690b6d916ca75f5873a81c259d59714c36f29260032a352b1b2ec752dd97de83aed3d0fa55a80d33209e3a8ac985d3ae5c96535da0f700,,,,,,,,
243,0b3d55acf115fdf88131d7324fa9a7e1a26542405b0671d5ec0d9ed34b40fa0158576fd51ee9cc937a41b1c529f49cfb23fec693ae1382f21ec8fed796a9dece,english_griffinlim_eval_final/fake_english_griffinlim/english_fake_0243.wav,0,6.336,-5.410889148712158,6.267740726470947,0.0878875808150056,english,-4.905908465385437,0b3d55acf115fdf88131d7324fa9a7e1a26542405b0671d5ec0d9ed34b40fa0158576fd51ee9cc937a41b1c529f49cfb23fec693ae1382f21ec8fed796a9dece,0.0878875808150056,0.953317679794728,0.0289612042883797,0.0173697359199667,0.1220305858087768,0.990020751953125,6.336,0b3d55acf115fdf88131d7324fa9a7e1a26542405b0671d5ec0d9ed34b40fa0158576fd51ee9cc937a41b1c529f49cfb23fec693ae1382f21ec8fed796a9dece,,,,,,,,
244,08457e468d866bcff61ccec90349acc6d0fefb3c1cfc0cc5d854feea9adb20142e8f36f43510a9465ce4a5d75989a265839e2fa1a9530f076737c6818f3617a1,english_griffinlim_eval_final/fake_english_griffinlim/english_fake_0244.wav,0,4.872,-5.689937591552734,6.645791053771973,0.5251342977829659,english,-5.184956908226013,08457e468d866bcff61ccec90349acc6d0fefb3c1cfc0cc5d854feea9adb20142e8f36f43510a9465ce4a5d75989a265839e2fa1a9530f076737c6818f3617a1,0.5251342977829659,0.3947077935681978,0.5783400809857728,0.0249846890652334,0.0483309326445664,0.427154541015625,4.872,08457e468d866bcff61ccec90349acc6d0fefb3c1cfc0cc5d854feea9adb20142e8f36f43510a9465ce4a5d75989a265839e2fa1a9530f076737c6818f3617a1,,,,,,,,
245,e38aec5ad8f4a46ec02887fdd0192504ddd62fbcd5ccbf248f4a5ee3701fad99dcc546a076dedd40ce673839e3187c2b2d5c5528c333b8613207e63b12e55d78,english_griffinlim_eval_final/fake_english_griffinlim/english_fake_0245.wav,0,3.576,-5.878385066986084,6.798475742340088,0.0140880618934031,english,-5.373404383659363,e38aec5ad8f4a46ec02887fdd0192504ddd62fbcd5ccbf248f4a5ee3701fad99dcc546a076dedd40ce673839e3187c2b2d5c5528c333b8613207e63b12e55d78,0.0140880618934031,0.9466382687169096,0.0453948434090468,0.0072044435521264,0.0840640556569822,0.674957275390625,3.576,e38aec5ad8f4a46ec02887fdd0192504ddd62fbcd5ccbf248f4a5ee3701fad99dcc546a076dedd40ce673839e3187c2b2d5c5528c333b8613207e63b12e55d78,,,,,,,,
246,372293e65cdab88771e028a4351651ab2eff64438ddafc211e089247dcdccca350153465eb5409ce708081d9ad384af45d1dc57bbe030ae1a2c0edd561322fb8,english_griffinlim_eval_final/fake_english_griffinlim/english_fake_0246.wav,0,6.48,-2.1454503536224365,2.7528076171875,0.900995495084304,english,-1.6404696702957153,372293e65cdab88771e028a4351651ab2eff64438ddafc211e089247dcdccca350153465eb5409ce708081d9ad384af45d1dc57bbe030ae1a2c0edd561322fb8,0.900995495084304,0.8876216234667472,0.0726364539582959,0.0395434866761614,0.1643800287243627,0.990020751953125,6.48,372293e65cdab88771e028a4351651ab2eff64438ddafc211e089247dcdccca350153465eb5409ce708081d9ad384af45d1dc57bbe030ae1a2c0edd561322fb8,,,,,,,,
247,cf658764e695270837ad8af4462cb4fdaeec21a451e3c9ee585dcec3b999e0ac6f0a5f2de7548e919d2ffa1cc94d7f78fb8dbc1eba8bfe3cf0875c9c50235b63,english_griffinlim_eval_final/fake_english_griffinlim/english_fake_0247.wav,0,3.9445,-5.811762809753418,6.648375034332275,0.0078046009052739,english,-5.306782126426697,cf658764e695270837ad8af4462cb4fdaeec21a451e3c9ee585dcec3b999e0ac6f0a5f2de7548e919d2ffa1cc94d7f78fb8dbc1eba8bfe3cf0875c9c50235b63,0.0078046009052739,0.9150195849462356,0.0500149210849171,0.0316343356752847,0.0422134289566552,0.276336669921875,3.9445,cf658764e695270837ad8af4462cb4fdaeec21a451e3c9ee585dcec3b999e0ac6f0a5f2de7548e919d2ffa1cc94d7f78fb8dbc1eba8bfe3cf0875c9c50235b63,,,,,,,,
248,f39de6abfa4322db64ef4558412eb948a07d1209d7da08ce2a087b143c2976e42727d750025f9705c1dcc43044ddaf807245dee934c56958755c85e18330ee76,english_griffinlim_eval_final/fake_english_griffinlim/english_fake_0248.wav,0,2.952,-5.790012836456299,6.651906967163086,0.0064311369823769,english,-5.285032153129578,f39de6abfa4322db64ef4558412eb948a07d1209d7da08ce2a087b143c2976e42727d750025f9705c1dcc43044ddaf807245dee934c56958755c85e18330ee76,0.0064311369823769,0.8832635588002044,0.0789558948521027,0.0348820459334382,0.0450471157636115,0.36712646484375,2.952,f39de6abfa4322db64ef4558412eb948a07d1209d7da08ce2a087b143c2976e42727d750025f9705c1dcc43044ddaf807245dee934c56958755c85e18330ee76,0.7643150589210679,0.1575353545935091,0.078149586485423,0.7455479344145364,14.316118291807564,0.1660803362661069,0.4429786051912559,0.6115323027168671
249,65e4db551f3892e439dcc7a1714efccd1166701f881a09dcebdaef42e6a24e97212d4a2af1416e119fd1747bf6a9d7c6e8a82f08e5833b11bbb3595e15c42ee4,english_griffinlim_eval_final/fake_english_griffinlim/english_fake_0249.wav,0,5.256,-5.432219505310059,6.254514694213867,0.0099864081825315,english,-4.927238821983337,65e4db551f3892e439dcc7a1714efccd1166701f881a09dcebdaef42e6a24e97212d4a2af1416e119fd1747bf6a9d7c6e8a82f08e5833b11bbb3595e15c42ee4,0.0099864081825315,0.928321180205374,0.0490881257315422,0.020000166931313,0.0477985251851062,0.325286865234375,5.256,65e4db551f3892e439dcc7a1714efccd1166701f881a09dcebdaef42e6a24e97212d4a2af1416e119fd1747bf6a9d7c6e8a82f08e5833b11bbb3595e15c42ee4,,,,,,,,
250,8ed70305c08e4cefabd9c6318f06cc0bee432be06368c05063358b8aee0bde4d1dbb8a8800c1992033f7c1579dd6849fe78c89c2a91f9a315b597dec5cd4f4c7,english_griffinlim_eval_final/fake_english_griffinlim/english_fake_0250.wav,0,5.712,-5.691825866699219,6.475601673126221,0.4113618399205471,english,-5.186845183372498,8ed70305c08e4cefabd9c6318f06cc0bee432be06368c05063358b8aee0bde4d1dbb8a8800c1992033f7c1579dd6849fe78c89c2a91f9a315b597dec5cd4f4c7,0.4113618399205471,0.4997454994626812,0.3921609533088296,0.1071940772962682,0.0736760755782641,0.797637939453125,5.712,8ed70305c08e4cefabd9c6318f06cc0bee432be06368c05063358b8aee0bde4d1dbb8a8800c1992033f7c1579dd6849fe78c89c2a91f9a315b597dec5cd4f4c7,,,,,,,,
251,a1b06cce25f669d9b44f142b6c2561387513d5f91ea7a02ebe2fd4f89a99da110a4a6dea7a90d720b2c41e1399b574dc2c45fefcce800d5b743dff802f037345,english_griffinlim_eval_final/fake_english_griffinlim/english_fake_0251.wav,0,3.276,-4.098565101623535,5.120465278625488,0.0299319869061631,english,-3.593584418296814,a1b06cce25f669d9b44f142b6c2561387513d5f91ea7a02ebe2fd4f89a99da110a4a6dea7a90d720b2c41e1399b574dc2c45fefcce800d5b743dff802f037345,0.0299319869061631,0.6279118611843171,0.3663371893245254,0.0049235116092228,0.0800405658381748,0.988006591796875,3.276,a1b06cce25f669d9b44f142b6c2561387513d5f91ea7a02ebe2fd4f89a99da110a4a6dea7a90d720b2c41e1399b574dc2c45fefcce800d5b743dff802f037345,,,,,,,,
252,593fa660ba3cdf5373c014e3510d8a4bfb9ca19cc044fa6b1bb0579b48659bf531c66b2c51062d1e11ebf2a1f031f2da74f10e4cffd65f8f3fc13c2910cf3214,english_griffinlim_eval_final/fake_english_griffinlim/english_fake_0252.wav,0,5.424,-5.918912887573242,6.8347272872924805,0.2640752396102669,english,-5.413932204246521,593fa660ba3cdf5373c014e3510d8a4bfb9ca19cc044fa6b1bb0579b48659bf531c66b2c51062d1e11ebf2a1f031f2da74f10e4cffd65f8f3fc13c2910cf3214,0.2640752396102669,0.6451841128935956,0.3097957466412948,0.0443653825972174,0.0895310819554489,0.817718505859375,5.424,593fa660ba3cdf5373c014e3510d8a4bfb9ca19cc044fa6b1bb0579b48659bf531c66b2c51062d1e11ebf2a1f031f2da74f10e4cffd65f8f3fc13c2910cf3214,,,,,,,,
253,f1211724d3b99480431da8bbc122acba5fe1e6bcfaf59b5089c2a401ec4a58ff4cbc22d52755691ffbd023bee4f429da08f5545bdf3c375f6f4761abe420af0d,english_griffinlim_eval_final/fake_english_griffinlim/english_fake_0253.wav,0,4.512,-6.1141676902771,7.04669189453125,0.9005488288434168,english,-5.609187006950378,f1211724d3b99480431da8bbc122acba5fe1e6bcfaf59b5089c2a401ec4a58ff4cbc22d52755691ffbd023bee4f429da08f5545bdf3c375f6f4761abe420af0d,0.9005488288434168,0.9582815039645224,0.0403293293208322,0.0011700413884513,0.1691924148311154,0.841064453125,4.512,f1211724d3b99480431da8bbc122acba5fe1e6bcfaf59b5089c2a401ec4a58ff4cbc22d52755691ffbd023bee4f429da08f5545bdf3c375f6f4761abe420af0d,,,,,,,,
254,cddae3ce4fc32d64c965ea4ed91d859ffb4bcce553c01e74c2b6dede719cf5b2f839c9ead58727420b8320539960ef5fdd55a345873aac0f18295205d58a5b95,english_griffinlim_eval_final/fake_english_griffinlim/english_fake_0254.wav,0,5.22,-4.045607566833496,4.899190902709961,0.0104705869425635,english,-3.540626883506775,cddae3ce4fc32d64c965ea4ed91d859ffb4bcce553c01e74c2b6dede719cf5b2f839c9ead58727420b8320539960ef5fdd55a345873aac0f18295205d58a5b95,0.0104705869425635,0.9250266950949072,0.0649578280021658,0.0085929641685961,0.0646855568500685,0.544036865234375,5.22,cddae3ce4fc32d64c965ea4ed91d859ffb4bcce553c01e74c2b6dede719cf5b2f839c9ead58727420b8320539960ef5fdd55a345873aac0f18295205d58a5b95,,,,,,,,
255,11200b09d937629ec2acd5985480d5ea5bb815a3c945fe8420f107e771643fa59b68d3510f72c7ef93f872002ff3cb4a3528db5c087b0c741772d3c8a0176592,english_griffinlim_eval_final/fake_english_griffinlim/english_fake_0255.wav,0,5.472,-0.4125480055809021,0.4307110607624054,0.3590996024065728,english,0.09243267774581909,11200b09d937629ec2acd5985480d5ea5bb815a3c945fe8420f107e771643fa59b68d3510f72c7ef93f872002ff3cb4a3528db5c087b0c741772d3c8a0176592,0.3590996024065728,0.476122095633127,0.3164070410783575,0.1951100281214564,0.0153363812721195,0.13677978515625,5.472,11200b09d937629ec2acd5985480d5ea5bb815a3c945fe8420f107e771643fa59b68d3510f72c7ef93f872002ff3cb4a3528db5c087b0c741772d3c8a0176592,,,,,,,,
256,3479ba11b3d8988e9c536be832927bcc9c58b00c86cf085a53384c34e82bae0ccb35a9709d0217a4c7b2dff24cd727b5877286096ab0d1efe6dfe835f8889564,english_griffinlim_eval_final/fake_english_griffinlim/english_fake_0256.wav,0,3.624,-6.107782363891602,7.045534610748291,0.0198802778318865,english,-5.60280168056488,3479ba11b3d8988e9c536be832927bcc9c58b00c86cf085a53384c34e82bae0ccb35a9709d0217a4c7b2dff24cd727b5877286096ab0d1efe6dfe835f8889564,0.0198802778318865,0.8122811531022353,0.1622769927194414,0.0244077916844005,0.0768405471906113,0.7509765625,3.624,3479ba11b3d8988e9c536be832927bcc9c58b00c86cf085a53384c34e82bae0ccb35a9709d0217a4c7b2dff24cd727b5877286096ab0d1efe6dfe835f8889564,,,,,,,,
257,c7fa9b2502b716b516b076ca89ff79e29d183ac0c006ce10ce33b61b0cd08542049535c83a89ff71168375d4a3bbbca2bcc25ecf5cc5f0653563862b73121cd2,english_griffinlim_eval_final/fake_english_griffinlim/english_fake_0257.wav,0,5.256,-3.7032861709594727,4.512105941772461,0.0514580612702696,english,-3.1983054876327515,c7fa9b2502b716b516b076ca89ff79e29d183ac0c006ce10ce33b61b0cd08542049535c83a89ff71168375d4a3bbbca2bcc25ecf5cc5f0653563862b73121cd2,0.0514580612702696,0.7776434662800008,0.1962297816466506,0.0254248085454404,0.0888032202951057,0.871063232421875,5.256,c7fa9b2502b716b516b076ca89ff79e29d183ac0c006ce10ce33b61b0cd08542049535c83a89ff71168375d4a3bbbca2bcc25ecf5cc5f0653563862b73121cd2,,,,,,,,
258,c7fa9b2502b716b516b076ca89ff79e29d183ac0c006ce10ce33b61b0cd08542049535c83a89ff71168375d4a3bbbca2bcc25ecf5cc5f0653563862b73121cd2,english_griffinlim_eval_final/fake_english_griffinlim/english_fake_0258.wav,0,5.016,-1.2618645429611206,1.6295616626739502,0.0505504548471897,english,-0.7568838596343994,c7fa9b2502b716b516b076ca89ff79e29d183ac0c006ce10ce33b61b0cd08542049535c83a89ff71168375d4a3bbbca2bcc25ecf5cc5f0653563862b73121cd2,0.0505504548471897,0.6206424193194635,0.3416396501924224,0.0369448097391451,0.0774673255278518,0.9688720703125,5.016,c7fa9b2502b716b516b076ca89ff79e29d183ac0c006ce10ce33b61b0cd08542049535c83a89ff71168375d4a3bbbca2bcc25ecf5cc5f0653563862b73121cd2,,,,,,,,
259,757beaeb3dcab1faa1135fbbebc9a4315e7a569f749fbe21a8816905a981bec0b5aa2fe402d60d902cbc2fcaadbd204e02d7a72d388b389e9d7ff3b170f879e1,english_griffinlim_eval_final/fake_english_griffinlim/english_fake_0259.wav,0,3.528,-0.2687900066375732,0.1969921141862869,0.0039824228589595,english,0.236190676689148,757beaeb3dcab1faa1135fbbebc9a4315e7a569f749fbe21a8816905a981bec0b5aa2fe402d60d902cbc2fcaadbd204e02d7a72d388b389e9d7ff3b170f879e1,0.0039824228589595,0.8913591106380238,0.0732781430898091,0.0325527526882464,0.0456200149495507,0.45477294921875,3.528,757beaeb3dcab1faa1135fbbebc9a4315e7a569f749fbe21a8816905a981bec0b5aa2fe402d60d902cbc2fcaadbd204e02d7a72d388b389e9d7ff3b170f879e1,,,,,,,,
260,60c3485ff9cf8cc7eb91e3acf16452687ea88d47b366643d4d25174709c280e472950521210df86f8f220e0bd56f972c9351be08f714fda6f7676fc7a0218e20,english_griffinlim_eval_final/fake_english_griffinlim/english_fake_0260.wav,0,4.176,-3.6794610023498535,4.5638837814331055,0.0611480288242206,english,-3.1744803190231323,60c3485ff9cf8cc7eb91e3acf16452687ea88d47b366643d4d25174709c280e472950521210df86f8f220e0bd56f972c9351be08f714fda6f7676fc7a0218e20,0.0611480288242206,0.7886293120843472,0.1865547374425549,0.0242953843309593,0.1013952892860737,0.9620361328125,4.176,60c3485ff9cf8cc7eb91e3acf16452687ea88d47b366643d4d25174709c280e472950521210df86f8f220e0bd56f972c9351be08f714fda6f7676fc7a0218e20,,,,,,,,
261,5f047713c8bdb300204b259abe32d12fcf660d9a2cc190b3bb5520d11149e42fa014dd345e5a363027c7e44c54b2855883d1e39562744ed33a43d38d935a0832,english_griffinlim_eval_final/fake_english_griffinlim/english_fake_0261.wav,0,4.056,4.278548717498779,-5.314987182617188,0.3274402637708534,english,4.7835294008255005,5f047713c8bdb300204b259abe32d12fcf660d9a2cc190b3bb5520d11149e42fa014dd345e5a363027c7e44c54b2855883d1e39562744ed33a43d38d935a0832,0.3274402637708534,0.4716039977163505,0.214457315567816,0.3061547813143945,0.0214800734898421,0.32366943359375,4.056,5f047713c8bdb300204b259abe32d12fcf660d9a2cc190b3bb5520d11149e42fa014dd345e5a363027c7e44c54b2855883d1e39562744ed33a43d38d935a0832,,,,,,,,
262,b7670846fa6efd38a44122516753f129a04411bf12e5411d114f0ef1a9e74a57a248cd9a77b105a6207e7a40036a75f910123be3495bcc6f123a0afc86f63cfa,english_griffinlim_eval_final/fake_english_griffinlim/english_fake_0262.wav,0,3.24,-0.7415443658828735,0.9556902647018432,0.0066237294912364,english,-0.23656368255615234,b7670846fa6efd38a44122516753f129a04411bf12e5411d114f0ef1a9e74a57a248cd9a77b105a6207e7a40036a75f910123be3495bcc6f123a0afc86f63cfa,0.0066237294912364,0.8178194151484468,0.1676294680882339,0.012384331553691,0.0494797772270256,0.513580322265625,3.24,b7670846fa6efd38a44122516753f129a04411bf12e5411d114f0ef1a9e74a57a248cd9a77b105a6207e7a40036a75f910123be3495bcc6f123a0afc86f63cfa,,,,,,,,
263,66d8693f2ded1b51d2d39ef039958290d0de0e7b6c400a9f42d581fa6014a4d20c49509ef27c5cb420686eee0ea3b09b6fdcb566f838b631bd6056c51469ad8b,english_griffinlim_eval_final/fake_english_griffinlim/english_fake_0263.wav,0,4.5,-5.861178874969482,6.771083831787109,0.022144624952967,english,-5.356198191642761,66d8693f2ded1b51d2d39ef039958290d0de0e7b6c400a9f42d581fa6014a4d20c49509ef27c5cb420686eee0ea3b09b6fdcb566f838b631bd6056c51469ad8b,0.022144624952967,0.8158580226532802,0.1642440006587227,0.0173070587264209,0.0467280201790312,0.3326416015625,4.5,66d8693f2ded1b51d2d39ef039958290d0de0e7b6c400a9f42d581fa6014a4d20c49509ef27c5cb420686eee0ea3b09b6fdcb566f838b631bd6056c51469ad8b,,,,,,,,
264,b15e81b74f3a01152401371744ce17a419c45a9415478075dd9d5dab5818374ad025c732871b55b1d5242f40357f577ab2dfd02950081c195bf04dd7b8aa7910,english_griffinlim_eval_final/fake_english_griffinlim/english_fake_0264.wav,0,3.636,-6.081757545471191,6.922519683837891,0.0859741923874488,english,-5.57677686214447,b15e81b74f3a01152401371744ce17a419c45a9415478075dd9d5dab5818374ad025c732871b55b1d5242f40357f577ab2dfd02950081c195bf04dd7b8aa7910,0.0859741923874488,0.96934312836016,0.0269121585639939,0.0032878851566674,0.111806980851112,0.7236328125,3.636,b15e81b74f3a01152401371744ce17a419c45a9415478075dd9d5dab5818374ad025c732871b55b1d5242f40357f577ab2dfd02950081c195bf04dd7b8aa7910,,,,,,,,
265,132b6782676f870d070f361565dd2fbdfd514c4b6f4b6f60e2e16faba81c7ba89a087c098f0b489e2fc362f23423babf2db83e5078984ab4c170951c2451a8b4,english_griffinlim_eval_final/fake_english_griffinlim/english_fake_0265.wav,0,3.408,-3.9064111709594727,4.84666919708252,0.026028855535695,english,-3.4014304876327515,132b6782676f870d070f361565dd2fbdfd514c4b6f4b6f60e2e16faba81c7ba89a087c098f0b489e2fc362f23423babf2db83e5078984ab4c170951c2451a8b4,0.026028855535695,0.7551166701911846,0.1477459626971946,0.0931956046883439,0.0366605186191099,0.3046875,3.408,132b6782676f870d070f361565dd2fbdfd514c4b6f4b6f60e2e16faba81c7ba89a087c098f0b489e2fc362f23423babf2db83e5078984ab4c170951c2451a8b4,0.7459766302803463,0.1757777327978703,0.0782456369217834,0.779771347304183,14.071912692493402,0.1997416862510389,0.4882562008805833,0.6560776599609676
266,76d8709ad91b316a2e6387adf373ac7ca0b0bacca24ae7b34861b5ed351b20be1626ae72574dea01859dc2cadcdaa90477fad45d97b0f4a88c85e53d8b13fd1f,english_griffinlim_eval_final/fake_english_griffinlim/english_fake_0266.wav,0,4.5,-0.6033304929733276,0.9676063060760498,0.0053096883365904,english,-0.09834980964660645,76d8709ad91b316a2e6387adf373ac7ca0b0bacca24ae7b34861b5ed351b20be1626ae72574dea01859dc2cadcdaa90477fad45d97b0f4a88c85e53d8b13fd1f,0.0053096883365904,0.8680889788016545,0.0868169636643449,0.040483227266127,0.033342915295938,0.315155029296875,4.5,76d8709ad91b316a2e6387adf373ac7ca0b0bacca24ae7b34861b5ed351b20be1626ae72574dea01859dc2cadcdaa90477fad45d97b0f4a88c85e53d8b13fd1f,0.7438089197770198,0.1672321134942319,0.0889589667287483,0.7422429070012626,14.35030926465218,0.1608475248826713,0.4282840512061954,0.599849739183665
267,cf5d5763e4da7f2128047c0de821ac4d8c3db9aa7bc97522a798db1fd97c6eea76aadd7c95227f7e392a4833da119c84cd3df689a346b0e689398689bbf0760f,english_griffinlim_eval_final/fake_english_griffinlim/english_fake_0267.wav,0,6.744,-5.37143611907959,6.14572811126709,0.0740760220604846,english,-4.866455435752869,cf5d5763e4da7f2128047c0de821ac4d8c3db9aa7bc97522a798db1fd97c6eea76aadd7c95227f7e392a4833da119c84cd3df689a346b0e689398689bbf0760f,0.0740760220604846,0.8169558896270863,0.05811877184391,0.1239328456908773,0.0757186622125635,0.71856689453125,6.744,cf5d5763e4da7f2128047c0de821ac4d8c3db9aa7bc97522a798db1fd97c6eea76aadd7c95227f7e392a4833da119c84cd3df689a346b0e689398689bbf0760f,,,,,,,,
268,0e7296e2b35235ec7f1443bd4ab0fe37a80db4af428d7f53ed2732b5196e3831ed43e8ee922e4b06b3c896e7b981b2ccf54555edcadee9b71e7f3e35c58317d7,english_griffinlim_eval_final/fake_english_griffinlim/english_fake_0268.wav,0,7.968,-6.049034595489502,7.047813415527344,0.2311980456941232,english,-5.544053912162781,0e7296e2b35235ec7f1443bd4ab0fe37a80db4af428d7f53ed2732b5196e3831ed43e8ee922e4b06b3c896e7b981b2ccf54555edcadee9b71e7f3e35c58317d7,0.2311980456941232,0.894026871690286,0.0702024942128752,0.0353355447395771,0.1196555123866755,0.94403076171875,7.968,0e7296e2b35235ec7f1443bd4ab0fe37a80db4af428d7f53ed2732b5196e3831ed43e8ee922e4b06b3c896e7b981b2ccf54555edcadee9b71e7f3e35c58317d7,,,,,,,,
269,d503ee813a5b2b50dc4a1f576d818de156387f41beb3c5fcaa7a3195bcfc5be5217861f7cfe3ebde3d5a5dbf9d12502232842e1b88b0af2f196292b6a35712f4,english_griffinlim_eval_final/fake_english_griffinlim/english_fake_0269.wav,0,4.464,-0.8871686458587646,1.3469436168670654,0.7973851417287946,english,-0.38218796253204346,d503ee813a5b2b50dc4a1f576d818de156387f41beb3c5fcaa7a3195bcfc5be5217861f7cfe3ebde3d5a5dbf9d12502232842e1b88b0af2f196292b6a35712f4,0.7973851417287946,0.3791794712614876,0.2648659310318241,0.3527218411630931,0.0365521153340381,0.41461181640625,4.464,d503ee813a5b2b50dc4a1f576d818de156387f41beb3c5fcaa7a3195bcfc5be5217861f7cfe3ebde3d5a5dbf9d12502232842e1b88b0af2f196292b6a35712f4,,,,,,,,
270,fee29389d0adadea5b7b40e51fc503b2eea268c46d615655581035be8d1a24a2907acc13bf0915cae5e1108f44f79ecc6630685d344e8a30a02c670b192cea6a,english_griffinlim_eval_final/fake_english_griffinlim/english_fake_0270.wav,0,3.552,1.8686219453811648,-2.365731716156006,0.011232875808721,english,2.3736026287078857,fee29389d0adadea5b7b40e51fc503b2eea268c46d615655581035be8d1a24a2907acc13bf0915cae5e1108f44f79ecc6630685d344e8a30a02c670b192cea6a,0.011232875808721,0.7392919071057397,0.1956802826074243,0.0614525776874941,0.0379524330852716,0.4542236328125,3.552,fee29389d0adadea5b7b40e51fc503b2eea268c46d615655581035be8d1a24a2907acc13bf0915cae5e1108f44f79ecc6630685d344e8a30a02c670b192cea6a,,,,,,,,
271,3c46e773858810e4079a9e88de6777f239711d3ab9c2d43f2265eeb30b7bb411457af9349903d2cc1e2a6eb8d007181df5c015e4a6ab84aa270964e4e6d555f4,english_griffinlim_eval_final/fake_english_griffinlim/english_fake_0271.wav,0,3.504,-3.8612449169158936,4.7412543296813965,0.0050219664278265,english,-3.3562642335891724,3c46e773858810e4079a9e88de6777f239711d3ab9c2d43f2265eeb30b7bb411457af9349903d2cc1e2a6eb8d007181df5c015e4a6ab84aa270964e4e6d555f4,0.0050219664278265,0.8292894118391819,0.1456827374669638,0.0233321879891787,0.0550883505551474,0.637237548828125,3.504,3c46e773858810e4079a9e88de6777f239711d3ab9c2d43f2265eeb30b7bb411457af9349903d2cc1e2a6eb8d007181df5c015e4a6ab84aa270964e4e6d555f4,,,,,,,,
272,d7c73ae2de660adfdeb61aeb21afd7ac68d69e3651943b502c64697c81d8e01afb2c00e6b295f7015041007dac086776ab9778627a6fa3339e2b8e40c12cc8e6,english_griffinlim_eval_final/fake_english_griffinlim/english_fake_0272.wav,0,3.864,-3.9178295135498047,4.798352241516113,0.0056963151253869,english,-3.4128488302230835,d7c73ae2de660adfdeb61aeb21afd7ac68d69e3651943b502c64697c81d8e01afb2c00e6b295f7015041007dac086776ab9778627a6fa3339e2b8e40c12cc8e6,0.0056963151253869,0.9536026007304698,0.0343478402008658,0.0113138811546141,0.0876032486347564,0.87042236328125,3.864,d7c73ae2de660adfdeb61aeb21afd7ac68d69e3651943b502c64697c81d8e01afb2c00e6b295f7015041007dac086776ab9778627a6fa3339e2b8e40c12cc8e6,0.881321722325175,0.0805769260417092,0.0381013516331157,0.777937879578465,14.093767385547366,0.1964820657793274,0.4805414830191373,0.6490839241202329
273,9330514826332a55ba4197d99f9b5a760254d19547c9c6a023628e38d26e616f53c875d04edf046382924e44baad17ae345cad02c281928e2f12e75daa16dd89,english_griffinlim_eval_final/fake_english_griffinlim/english_fake_0273.wav,0,5.232,-6.011624336242676,6.91472053527832,0.1890472617670911,english,-5.506643652915955,9330514826332a55ba4197d99f9b5a760254d19547c9c6a023628e38d26e616f53c875d04edf046382924e44baad17ae345cad02c281928e2f12e75daa16dd89,0.1890472617670911,0.6137736965320817,0.3459079297074804,0.0395757946334399,0.087488169916529,0.895477294921875,5.232,9330514826332a55ba4197d99f9b5a760254d19547c9c6a023628e38d26e616f53c875d04edf046382924e44baad17ae345cad02c281928e2f12e75daa16dd89,,,,,,,,
274,aa229274711f2b10e408628ffc5e5ae8758bb022f781aa61aa61027168aeb5027656f2fdf8e94e3a5211e4fcfea5b8447938ac0d24c8002b175fa15f589967fa,english_griffinlim_eval_final/fake_english_griffinlim/english_fake_0274.wav,0,7.368,-6.029808044433594,6.90298318862915,0.1182495726798533,english,-5.524827361106873,aa229274711f2b10e408628ffc5e5ae8758bb022f781aa61aa61027168aeb5027656f2fdf8e94e3a5211e4fcfea5b8447938ac0d24c8002b175fa15f589967fa,0.1182495726798533,0.9215115874779696,0.0626494420816686,0.0153280911359202,0.1082669262023958,0.830047607421875,7.368,aa229274711f2b10e408628ffc5e5ae8758bb022f781aa61aa61027168aeb5027656f2fdf8e94e3a5211e4fcfea5b8447938ac0d24c8002b175fa15f589967fa,,,,,,,,
275,b8f422899ba904a601872eafb38e3a69597acd37b8e25a576e063e372b7e2dfc85ca8975f1c77ad2f133e719ef3b1bf119f71eab8d1bb7422dbf27052d871b4d,english_griffinlim_eval_final/fake_english_griffinlim/english_fake_0275.wav,0,5.064,-5.709017753601074,6.5207624435424805,0.0084454258699219,english,-5.204037070274353,b8f422899ba904a601872eafb38e3a69597acd37b8e25a576e063e372b7e2dfc85ca8975f1c77ad2f133e719ef3b1bf119f71eab8d1bb7422dbf27052d871b4d,0.0084454258699219,0.9521061361972684,0.0288585932730413,0.0180288770800711,0.0744028764250797,0.67462158203125,5.064,b8f422899ba904a601872eafb38e3a69597acd37b8e25a576e063e372b7e2dfc85ca8975f1c77ad2f133e719ef3b1bf119f71eab8d1bb7422dbf27052d871b4d,0.8757257542779159,0.0738777789467318,0.0503964667753522,0.7222421472350304,14.444772581895332,0.1601903862888796,0.4114184484473918,0.5752703070674996
276,a1e26fdf1481c1d4799055bedaf67b1cc8668e9b3ed5660b05c35dc6d8fba908d8b9a87870da14e937d71bffaa8ce5f211006490e23b6e9fd148d8bb13ccbb77,english_griffinlim_eval_final/fake_english_griffinlim/english_fake_0276.wav,0,6.48,-2.521492958068848,3.111645460128784,0.0055857755657419,english,-2.016512274742127,a1e26fdf1481c1d4799055bedaf67b1cc8668e9b3ed5660b05c35dc6d8fba908d8b9a87870da14e937d71bffaa8ce5f211006490e23b6e9fd148d8bb13ccbb77,0.0055857755657419,0.7751960740896976,0.0496130825271321,0.1744828590450784,0.0571432687414464,0.990020751953125,6.48,a1e26fdf1481c1d4799055bedaf67b1cc8668e9b3ed5660b05c35dc6d8fba908d8b9a87870da14e937d71bffaa8ce5f211006490e23b6e9fd148d8bb13ccbb77,,,,,,,,
277,0984a33b3e7c7c83b9bf5d58fa8ed856030f3e947bd7a0a403e5de510b9b2feb5d4f2c9215ee449b0db7b39462375a77873ebf6ed35f5751267821d71e2814ff,english_griffinlim_eval_final/fake_english_griffinlim/english_fake_0277.wav,0,6.504,-0.6239891052246094,0.8754177689552307,0.4647870933560351,english,-0.11900842189788818,0984a33b3e7c7c83b9bf5d58fa8ed856030f3e947bd7a0a403e5de510b9b2feb5d4f2c9215ee449b0db7b39462375a77873ebf6ed35f5751267821d71e2814ff,0.4647870933560351,0.4414912644000077,0.3511551462297738,0.1890802287259164,0.0107936476294762,0.08172607421875,6.504,0984a33b3e7c7c83b9bf5d58fa8ed856030f3e947bd7a0a403e5de510b9b2feb5d4f2c9215ee449b0db7b39462375a77873ebf6ed35f5751267821d71e2814ff,,,,,,,,
278,e6dbbe39377aa0fe2851852b2c695c9c31094c80c9ccd244bac8dfdc8a523b2a114362d4c717bd9d628499fe1d3c11971221be5ec4dadce15c9ff8c5254ae368,english_griffinlim_eval_final/fake_english_griffinlim/english_fake_0278.wav,0,5.448,-6.026142120361328,7.029496192932129,0.790834164260771,english,-5.521161437034607,e6dbbe39377aa0fe2851852b2c695c9c31094c80c9ccd244bac8dfdc8a523b2a114362d4c717bd9d628499fe1d3c11971221be5ec4dadce15c9ff8c5254ae368,0.790834164260771,0.6813688167763569,0.2350858208973262,0.0833556739828668,0.1299867146685238,0.989990234375,5.448,e6dbbe39377aa0fe2851852b2c695c9c31094c80c9ccd244bac8dfdc8a523b2a114362d4c717bd9d628499fe1d3c11971221be5ec4dadce15c9ff8c5254ae368,,,,,,,,
279,176e4f6ada34391e97f6435b7c55775ad7613c9689cf82032af60e6125753a4e850c739b5e07301f1e0c08df660785cff66b0ac0024d9b7a0affdff208870f3e,english_griffinlim_eval_final/fake_english_griffinlim/english_fake_0279.wav,0,5.184,-0.148878663778305,0.0935709774494171,0.1996506563995094,english,0.3561020195484162,176e4f6ada34391e97f6435b7c55775ad7613c9689cf82032af60e6125753a4e850c739b5e07301f1e0c08df660785cff66b0ac0024d9b7a0affdff208870f3e,0.1996506563995094,0.4987236753347924,0.3317316058493322,0.145723079604654,0.0081128941502092,0.05682373046875,5.184,176e4f6ada34391e97f6435b7c55775ad7613c9689cf82032af60e6125753a4e850c739b5e07301f1e0c08df660785cff66b0ac0024d9b7a0affdff208870f3e,,,,,,,,
280,45c3a80d20ce8cc477c701ae20f456cbc05e99505c846a445c89e5d27da654093ad1efca4473c006a1b326e35eef9b2e298eb1aa1fb226ad071214a0d55582b7,english_griffinlim_eval_final/fake_english_griffinlim/english_fake_0280.wav,0,2.424,-5.722596168518066,6.57429313659668,0.5852469995408542,english,-5.217615485191345,45c3a80d20ce8cc477c701ae20f456cbc05e99505c846a445c89e5d27da654093ad1efca4473c006a1b326e35eef9b2e298eb1aa1fb226ad071214a0d55582b7,0.5852469995408542,0.8265325506903984,0.1671729989616689,0.0060586684371771,0.1483783680070554,0.990020751953125,2.424,45c3a80d20ce8cc477c701ae20f456cbc05e99505c846a445c89e5d27da654093ad1efca4473c006a1b326e35eef9b2e298eb1aa1fb226ad071214a0d55582b7,,,,,,,,
281,9cda2749734101fae176bd7ebde6f70df1132f8026ff6fa988e8890244ba9ac8644f7da5d1a27545b25a495995fb38e86a0da9c0196950bcd920b6fdddc6e566,english_griffinlim_eval_final/fake_english_griffinlim/english_fake_0281.wav,0,3.984,-5.353384017944336,6.14531135559082,0.0139902782586545,english,-4.848403334617615,9cda2749734101fae176bd7ebde6f70df1132f8026ff6fa988e8890244ba9ac8644f7da5d1a27545b25a495995fb38e86a0da9c0196950bcd920b6fdddc6e566,0.0139902782586545,0.9193738116017608,0.0686437640314441,0.0109286028608324,0.0757585080297442,0.621490478515625,3.984,9cda2749734101fae176bd7ebde6f70df1132f8026ff6fa988e8890244ba9ac8644f7da5d1a27545b25a495995fb38e86a0da9c0196950bcd920b6fdddc6e566,,,,,,,,
282,ab43bbde8dd98948b7e6b8393d966519e92744fd96172349c9d20cd1247a67a9e41415818b1ab8f0c456d23244cf15a1188a078707b96a3a8476783890c4a42f,english_griffinlim_eval_final/fake_english_griffinlim/english_fake_0282.wav,0,7.848,-5.88299560546875,6.883902072906494,0.078743736425755,english,-5.378014922142029,ab43bbde8dd98948b7e6b8393d966519e92744fd96172349c9d20cd1247a67a9e41415818b1ab8f0c456d23244cf15a1188a078707b96a3a8476783890c4a42f,0.078743736425755,0.6597960821109301,0.0979561259909538,0.2406154097221109,0.0573961104253127,0.85980224609375,7.848,ab43bbde8dd98948b7e6b8393d966519e92744fd96172349c9d20cd1247a67a9e41415818b1ab8f0c456d23244cf15a1188a078707b96a3a8476783890c4a42f,,,,,,,,
283,d7b8bd57a847b9f6a92eb975f2fe0a8686ee95a9e71b0168d5ee36090c94b373186a93d864491807465a14b0cb0cd867c6a52509095f73cb3c58490f0fb7f149,english_griffinlim_eval_final/fake_english_griffinlim/english_fake_0283.wav,0,4.932,-1.0221232175827026,1.4683839082717896,0.002868878084314,english,-0.5171425342559814,d7b8bd57a847b9f6a92eb975f2fe0a8686ee95a9e71b0168d5ee36090c94b373186a93d864491807465a14b0cb0cd867c6a52509095f73cb3c58490f0fb7f149,0.002868878084314,0.7953287024183352,0.1844317702537494,0.0189195828356527,0.0656260118319153,0.967498779296875,4.932,d7b8bd57a847b9f6a92eb975f2fe0a8686ee95a9e71b0168d5ee36090c94b373186a93d864491807465a14b0cb0cd867c6a52509095f73cb3c58490f0fb7f149,,,,,,,,
284,79fa734d263b132bce8a462216182199ca518f4ebbf60104d9b1d75f40a5680d5c9ba34dbc7443252066f4373cbf304ad82ff8dcf61b26bdf63adf0674afba65,english_griffinlim_eval_final/fake_english_griffinlim/english_fake_0284.wav,0,4.068,-5.818626403808594,6.655002593994141,0.523755766250012,english,-5.313645720481873,79fa734d263b132bce8a462216182199ca518f4ebbf60104d9b1d75f40a5680d5c9ba34dbc7443252066f4373cbf304ad82ff8dcf61b26bdf63adf0674afba65,0.523755766250012,0.7711984650343189,0.0338736708706393,0.1945960943153975,0.121111540901166,0.990020751953125,4.068,79fa734d263b132bce8a462216182199ca518f4ebbf60104d9b1d75f40a5680d5c9ba34dbc7443252066f4373cbf304ad82ff8dcf61b26bdf63adf0674afba65,,,,,,,,
285,762c7dafe9556820136d0cd1ff8f73f2bf92af3ed884c85ffbbdcb43091a2bd103fd1b1b4d71d1eda3bdbf31659a2553847982f19a368a29d2612c829194374f,english_griffinlim_eval_final/fake_english_griffinlim/english_fake_0285.wav,0,5.832,-4.990617752075195,5.850930213928223,0.3226989465385775,english,-4.485637068748474,762c7dafe9556820136d0cd1ff8f73f2bf92af3ed884c85ffbbdcb43091a2bd103fd1b1b4d71d1eda3bdbf31659a2553847982f19a368a29d2612c829194374f,0.3226989465385775,0.7783388163167888,0.2001663931112116,0.0212719423238825,0.1211840612356455,0.989990234375,5.832,762c7dafe9556820136d0cd1ff8f73f2bf92af3ed884c85ffbbdcb43091a2bd103fd1b1b4d71d1eda3bdbf31659a2553847982f19a368a29d2612c829194374f,,,,,,,,
286,1654137c09ef3d251c6fef85be6a6575954e0ee47db5ed2cc2e4a7f5898e9ee5f0167dcfae518c4613fcfa6c7ca3f2b1e8672ea3f6b01008060a789e74ac626d,english_griffinlim_eval_final/fake_english_griffinlim/english_fake_0286.wav,0,5.976,-5.915138244628906,6.9219489097595215,0.0189525176328864,english,-5.410157561302185,1654137c09ef3d251c6fef85be6a6575954e0ee47db5ed2cc2e4a7f5898e9ee5f0167dcfae518c4613fcfa6c7ca3f2b1e8672ea3f6b01008060a789e74ac626d,0.0189525176328864,0.7944127673901873,0.1759273734258901,0.0289677581363663,0.085573165226751,0.990020751953125,5.976,1654137c09ef3d251c6fef85be6a6575954e0ee47db5ed2cc2e4a7f5898e9ee5f0167dcfae518c4613fcfa6c7ca3f2b1e8672ea3f6b01008060a789e74ac626d,,,,,,,,
287,6ac8b1a295e2a4a5b11a602a368771530cd7b900ee5d8b552946eb8d32c21f4694c786c41ca996b12adb8a1d1e15160f84cb0632d9359cf84c6d99a18745692e,english_griffinlim_eval_final/fake_english_griffinlim/english_fake_0287.wav,0,5.58,-5.440577507019043,6.160760879516602,0.2238219781857306,english,-4.935596823692322,6ac8b1a295e2a4a5b11a602a368771530cd7b900ee5d8b552946eb8d32c21f4694c786c41ca996b12adb8a1d1e15160f84cb0632d9359cf84c6d99a18745692e,0.2238219781857306,0.7891997938868874,0.1857752943628503,0.0245227670987819,0.1017586084709666,0.7786865234375,5.58,6ac8b1a295e2a4a5b11a602a368771530cd7b900ee5d8b552946eb8d32c21f4694c786c41ca996b12adb8a1d1e15160f84cb0632d9359cf84c6d99a18745692e,,,,,,,,
288,29b15b5db97283dddbce27871ba4f3a7a6e5e079e0d09eeaf7d92150c337ca7655d1c1951069d069373ce08b8b6509193289740986dc9c5c9bcbb14a4f09342d,english_griffinlim_eval_final/fake_english_griffinlim/english_fake_0288.wav,0,4.056,-0.3521689474582672,0.3526987731456756,0.1955111891970561,english,0.15281173586845398,29b15b5db97283dddbce27871ba4f3a7a6e5e079e0d09eeaf7d92150c337ca7655d1c1951069d069373ce08b8b6509193289740986dc9c5c9bcbb14a4f09342d,0.1955111891970561,0.4671328423033253,0.388424039134998,0.1227881250670683,0.0087313206957541,0.060302734375,4.056,29b15b5db97283dddbce27871ba4f3a7a6e5e079e0d09eeaf7d92150c337ca7655d1c1951069d069373ce08b8b6509193289740986dc9c5c9bcbb14a4f09342d,,,,,,,,
289,8d0f9abe71739015ef1bad7efe521e64b83e6718e0d21b104a37a94367ef1149c4fd26aa0a85ee7ff64ae8fd1707f3066a70c918548dbf5c95ab409733247bc1,english_griffinlim_eval_final/fake_english_griffinlim/english_fake_0289.wav,0,6.696,-1.5231554508209229,2.10155725479126,0.1017076045068527,english,-1.0181747674942017,8d0f9abe71739015ef1bad7efe521e64b83e6718e0d21b104a37a94367ef1149c4fd26aa0a85ee7ff64ae8fd1707f3066a70c918548dbf5c95ab409733247bc1,0.1017076045068527,0.559246545917277,0.282731773384454,0.1570029466832359,0.0675635437622313,0.990020751953125,6.696,8d0f9abe71739015ef1bad7efe521e64b83e6718e0d21b104a37a94367ef1149c4fd26aa0a85ee7ff64ae8fd1707f3066a70c918548dbf5c95ab409733247bc1,,,,,,,,
290,c8eab153cfba4c862167d27d70de1cc2543cbec12b5bcd9545220f702b10593bb6cef95af414ce251dc38f7b142ac1de45dd1127f6e83c561ec4f846dc9b69cb,english_griffinlim_eval_final/fake_english_griffinlim/english_fake_0290.wav,0,4.032,-3.143893957138061,3.955684185028076,0.0059573185809581,english,-2.63891327381134,c8eab153cfba4c862167d27d70de1cc2543cbec12b5bcd9545220f702b10593bb6cef95af414ce251dc38f7b142ac1de45dd1127f6e83c561ec4f846dc9b69cb,0.0059573185809581,0.9385975934920652,0.0436524123912202,0.0172641943140377,0.0942038870588929,0.989990234375,4.032,c8eab153cfba4c862167d27d70de1cc2543cbec12b5bcd9545220f702b10593bb6cef95af414ce251dc38f7b142ac1de45dd1127f6e83c561ec4f846dc9b69cb,,,,,,,,
291,5b57eea0bf30b2de1b364a97f7d9b05ce102fd6ad8facb3fb81661df5d38c65a73ee9127960ac0997d0839f7be52546b76911a368d9f8622672481c8b8bb517e,english_griffinlim_eval_final/fake_english_griffinlim/english_fake_0291.wav,0,2.664,2.334689140319824,-3.073593616485596,0.072273366362368,english,2.8396698236465454,5b57eea0bf30b2de1b364a97f7d9b05ce102fd6ad8facb3fb81661df5d38c65a73ee9127960ac0997d0839f7be52546b76911a368d9f8622672481c8b8bb517e,0.072273366362368,0.5541056218837965,0.298874666494436,0.123851241878201,0.0087305997586425,0.055938720703125,2.664,5b57eea0bf30b2de1b364a97f7d9b05ce102fd6ad8facb3fb81661df5d38c65a73ee9127960ac0997d0839f7be52546b76911a368d9f8622672481c8b8bb517e,,,,,,,,
292,344bf332f298134d3880f9e38710e4c7e7037157bd63a3f5334f3c0d627ff61645ffff180419eb666587109a9a7638148728a3c5765f76296fd68c957088b428,english_griffinlim_eval_final/fake_english_griffinlim/english_fake_0292.wav,0,3.96,-5.983428001403809,6.841354370117188,0.0508376065508891,english,-5.478447318077087,344bf332f298134d3880f9e38710e4c7e7037157bd63a3f5334f3c0d627ff61645ffff180419eb666587109a9a7638148728a3c5765f76296fd68c957088b428,0.0508376065508891,0.9153089702519784,0.0769822701944805,0.00693853068881,0.0916518420456621,0.63348388671875,3.96,344bf332f298134d3880f9e38710e4c7e7037157bd63a3f5334f3c0d627ff61645ffff180419eb666587109a9a7638148728a3c5765f76296fd68c957088b428,,,,,,,,
293,dd3949a28d7b0063e86211687b6e97775c42d564819ff066aa169f12e329e12d7e91d9d3f7068281b8b8e357ede09b695c410fa25bd797cabdef18a38654b608,english_griffinlim_eval_final/fake_english_griffinlim/english_fake_0293.wav,0,5.148,-0.7404675483703613,1.1976429224014282,0.0207040727713166,english,-0.23548686504364014,dd3949a28d7b0063e86211687b6e97775c42d564819ff066aa169f12e329e12d7e91d9d3f7068281b8b8e357ede09b695c410fa25bd797cabdef18a38654b608,0.0207040727713166,0.7408412190528759,0.1697665240603988,0.0761632240633576,0.0175564370308303,0.13116455078125,5.148,dd3949a28d7b0063e86211687b6e97775c42d564819ff066aa169f12e329e12d7e91d9d3f7068281b8b8e357ede09b695c410fa25bd797cabdef18a38654b608,,,,,,,,
294,d7c73ae2de660adfdeb61aeb21afd7ac68d69e3651943b502c64697c81d8e01afb2c00e6b295f7015041007dac086776ab9778627a6fa3339e2b8e40c12cc8e6,english_griffinlim_eval_final/fake_english_griffinlim/english_fake_0294.wav,0,5.856,-0.5602372288703918,0.7598746418952942,0.0140797987839143,english,-0.055256545543670654,d7c73ae2de660adfdeb61aeb21afd7ac68d69e3651943b502c64697c81d8e01afb2c00e6b295f7015041007dac086776ab9778627a6fa3339e2b8e40c12cc8e6,0.0140797987839143,0.8813506557681985,0.0892383713686377,0.0285918899004731,0.0877609869072328,0.92633056640625,5.856,d7c73ae2de660adfdeb61aeb21afd7ac68d69e3651943b502c64697c81d8e01afb2c00e6b295f7015041007dac086776ab9778627a6fa3339e2b8e40c12cc8e6,,,,,,,,
295,b4114163d201648cf53ce6a9ab272fb0eb9c67a2de937c78927bec4f05255e832b35286dfc10af1010441343139aaf20761175f488ad27462b6d76135eafdda2,english_griffinlim_eval_final/fake_english_griffinlim/english_fake_0295.wav,0,2.568,-3.7962491512298575,4.653379440307617,0.0199943635166576,english,-3.2912684679031363,b4114163d201648cf53ce6a9ab272fb0eb9c67a2de937c78927bec4f05255e832b35286dfc10af1010441343139aaf20761175f488ad27462b6d76135eafdda2,0.0199943635166576,0.7918068264695288,0.1392676457850362,0.0658737442372253,0.0409104482114086,0.29278564453125,2.568,b4114163d201648cf53ce6a9ab272fb0eb9c67a2de937c78927bec4f05255e832b35286dfc10af1010441343139aaf20761175f488ad27462b6d76135eafdda2,,,,,,,,
296,16c4d595dc9574177290c4bbc3ddea6ab322d79a107820c18586583b2d2026ccefd79c6bf4129d5323ae72a32a334b9f5f589ab6791c151a2ea3579106d7e255,english_griffinlim_eval_final/fake_english_griffinlim/english_fake_0296.wav,0,5.832,-6.092959403991699,6.980600357055664,0.2334529219703895,english,-5.587978720664978,16c4d595dc9574177290c4bbc3ddea6ab322d79a107820c18586583b2d2026ccefd79c6bf4129d5323ae72a32a334b9f5f589ab6791c151a2ea3579106d7e255,0.2334529219703895,0.9245937483047832,0.0698670567117273,0.0051879767969598,0.1276392555960987,0.90228271484375,5.832,16c4d595dc9574177290c4bbc3ddea6ab322d79a107820c18586583b2d2026ccefd79c6bf4129d5323ae72a32a334b9f5f589ab6791c151a2ea3579106d7e255,,,,,,,,
297,6e9b4c450717fdd08ec6418d8c33ef07595e9f15d1ca7211690fe6df6a5a1da87043c508fe2fc1929e789c066c1998d45b67bfc93df928202e760d075571e060,english_griffinlim_eval_final/fake_english_griffinlim/english_fake_0297.wav,0,3.264,-3.439931869506836,4.253100395202637,0.005165032962008,english,-2.9349511861801147,6e9b4c450717fdd08ec6418d8c33ef07595e9f15d1ca7211690fe6df6a5a1da87043c508fe2fc1929e789c066c1998d45b67bfc93df928202e760d075571e060,0.005165032962008,0.9011826329842456,0.0847603679465123,0.0123300623408202,0.058609876617465,0.54876708984375,3.264,6e9b4c450717fdd08ec6418d8c33ef07595e9f15d1ca7211690fe6df6a5a1da87043c508fe2fc1929e789c066c1998d45b67bfc93df928202e760d075571e060,,,,,,,,
298,880f7ef5512aa7c28183e3e4da32b7b09e82aa4bab0b2709917b7589a7421063bd9144ed2ffb831a3970df61a965d6178557ef080471baf441f4b364ec700c83,english_griffinlim_eval_final/fake_english_griffinlim/english_fake_0298.wav,0,4.416,-4.641108989715576,5.431022644042969,0.0106779533495591,english,-4.136128306388855,880f7ef5512aa7c28183e3e4da32b7b09e82aa4bab0b2709917b7589a7421063bd9144ed2ffb831a3970df61a965d6178557ef080471baf441f4b364ec700c83,0.0106779533495591,0.8705024525040216,0.092978382381032,0.032138592081201,0.0336120507612954,0.193084716796875,4.416,880f7ef5512aa7c28183e3e4da32b7b09e82aa4bab0b2709917b7589a7421063bd9144ed2ffb831a3970df61a965d6178557ef080471baf441f4b364ec700c83,,,,,,,,
299,b8bcffaf1cdebe1d40027bb0d73a9fdaa37b94869cb64497676ad5880a74d854049cd7df22095943f92555722e8be24aabf074e37c0f7fa7831a9892552709ef,english_griffinlim_eval_final/fake_english_griffinlim/english_fake_0299.wav,0,4.824,-6.102530002593994,7.026118278503418,0.2420172992512025,english,-5.597549319267273,b8bcffaf1cdebe1d40027bb0d73a9fdaa37b94869cb64497676ad5880a74d854049cd7df22095943f92555722e8be24aabf074e37c0f7fa7831a9892552709ef,0.2420172992512025,0.8720627934726407,0.061322445059382,0.0661522438244011,0.1152290321804828,0.836212158203125,4.824,b8bcffaf1cdebe1d40027bb0d73a9fdaa37b94869cb64497676ad5880a74d854049cd7df22095943f92555722e8be24aabf074e37c0f7fa7831a9892552709ef,,,,,,,,
300,e66509a7f96a4caa500499af0cebf9bab387fc359e6845f566053a777a206e4259f905a41084848301755623e90efc5f71e1a53db906c59ce5c3adfb74e56148,english_griffinlim_eval_final/fake_english_griffinlim/english_fake_0300.wav,0,5.184,-4.053534507751465,4.8261260986328125,0.0551811356004605,english,-3.5485538244247437,e66509a7f96a4caa500499af0cebf9bab387fc359e6845f566053a777a206e4259f905a41084848301755623e90efc5f71e1a53db906c59ce5c3adfb74e56148,0.0551811356004605,0.8386880283127469,0.1574215052227811,0.0032917959859979,0.0984482760032751,0.871124267578125,5.184,e66509a7f96a4caa500499af0cebf9bab387fc359e6845f566053a777a206e4259f905a41084848301755623e90efc5f71e1a53db906c59ce5c3adfb74e56148,,,,,,,,
301,4a171ad649708eea4fde382bfd0fe038c72f9d6e8236e5a576ce58be9e93369f12b98ad1cfacb1be727f0e772b66785b26e932b82f55d95b48cf5be9f14b4842,english_griffinlim_eval_final/fake_english_griffinlim/english_fake_0301.wav,0,6.432,-6.120206832885742,7.032573699951172,0.2262045944961009,english,-5.615226149559021,4a171ad649708eea4fde382bfd0fe038c72f9d6e8236e5a576ce58be9e93369f12b98ad1cfacb1be727f0e772b66785b26e932b82f55d95b48cf5be9f14b4842,0.2262045944961009,0.7962300852388422,0.0937593231397459,0.1096710823030634,0.1095802979527557,0.989990234375,6.432,4a171ad649708eea4fde382bfd0fe038c72f9d6e8236e5a576ce58be9e93369f12b98ad1cfacb1be727f0e772b66785b26e932b82f55d95b48cf5be9f14b4842,,,,,,,,
302,0c2446f51c7f9c6350a59fe71b73a279c7e8d664789c9390418158634450508005636e3d0675607f8feb4b9b40cff959bd0c070caa6f06b2bdb8cc903141eb6c,english_griffinlim_eval_final/fake_english_griffinlim/english_fake_0302.wav,0,4.932,-0.6517456769943237,1.0559710264205933,0.029236230092553,english,-0.14676499366760254,0c2446f51c7f9c6350a59fe71b73a279c7e8d664789c9390418158634450508005636e3d0675607f8feb4b9b40cff959bd0c070caa6f06b2bdb8cc903141eb6c,0.029236230092553,0.6287320757650973,0.3021992939688648,0.0632280079722673,0.0277416135633126,0.379302978515625,4.932,0c2446f51c7f9c6350a59fe71b73a279c7e8d664789c9390418158634450508005636e3d0675607f8feb4b9b40cff959bd0c070caa6f06b2bdb8cc903141eb6c,,,,,,,,
303,cff12426d458c2f4d217beb19502df1cbd9c8fab07da2d5e6021a6b61b6d306f59ebd78947cc53315fab60a1f99f85122d04b127ad41bb46e2a8ca91444f3c2b,english_griffinlim_eval_final/fake_english_griffinlim/english_fake_0303.wav,0,4.104,-5.854650497436523,6.765832424163818,0.0343879230899863,english,-5.349669814109802,cff12426d458c2f4d217beb19502df1cbd9c8fab07da2d5e6021a6b61b6d306f59ebd78947cc53315fab60a1f99f85122d04b127ad41bb46e2a8ca91444f3c2b,0.0343879230899863,0.6779759251866502,0.2978899887651609,0.0217566681439885,0.0457884091952016,0.457366943359375,4.104,cff12426d458c2f4d217beb19502df1cbd9c8fab07da2d5e6021a6b61b6d306f59ebd78947cc53315fab60a1f99f85122d04b127ad41bb46e2a8ca91444f3c2b,,,,,,,,
304,cf658764e695270837ad8af4462cb4fdaeec21a451e3c9ee585dcec3b999e0ac6f0a5f2de7548e919d2ffa1cc94d7f78fb8dbc1eba8bfe3cf0875c9c50235b63,english_griffinlim_eval_final/fake_english_griffinlim/english_fake_0304.wav,0,2.472,-5.857959747314453,6.702575206756592,0.0844387299414426,english,-5.352979063987732,cf658764e695270837ad8af4462cb4fdaeec21a451e3c9ee585dcec3b999e0ac6f0a5f2de7548e919d2ffa1cc94d7f78fb8dbc1eba8bfe3cf0875c9c50235b63,0.0844387299414426,0.9110602372533791,0.0392958081717084,0.0491377727022155,0.1110030206394889,0.816497802734375,2.472,cf658764e695270837ad8af4462cb4fdaeec21a451e3c9ee585dcec3b999e0ac6f0a5f2de7548e919d2ffa1cc94d7f78fb8dbc1eba8bfe3cf0875c9c50235b63,,,,,,,,
305,f4515060e7f480a24c0778e8f3d5d1d286ed616552851a6c3c9c6aee7303d249fbffd910c70869b7620fc33b38c8b618b934eeea78ef4cde3c1be1566b44501e,english_griffinlim_eval_final/fake_english_griffinlim/english_fake_0305.wav,0,4.716,-4.2611083984375,4.994600772857666,0.0101331243700039,english,-3.756127715110779,f4515060e7f480a24c0778e8f3d5d1d286ed616552851a6c3c9c6aee7303d249fbffd910c70869b7620fc33b38c8b618b934eeea78ef4cde3c1be1566b44501e,0.0101331243700039,0.8695926646250454,0.1143913810830608,0.0144485358620071,0.0579018504128374,0.532257080078125,4.716,f4515060e7f480a24c0778e8f3d5d1d286ed616552851a6c3c9c6aee7303d249fbffd910c70869b7620fc33b38c8b618b934eeea78ef4cde3c1be1566b44501e,,,,,,,,
306,e888dfdeda8575dd6baaad8591b68404c5f28675ef8260daed05551f1ad0a00c1f895fa15284369668c6ac3a84d7768d191b0729c37a29509048d7d15d4fb676,english_griffinlim_eval_final/fake_english_griffinlim/english_fake_0306.wav,0,3.996,-3.5647690296173096,4.522557735443115,0.0185542134307414,english,-3.0597883462905884,e888dfdeda8575dd6baaad8591b68404c5f28675ef8260daed05551f1ad0a00c1f895fa15284369668c6ac3a84d7768d191b0729c37a29509048d7d15d4fb676,0.0185542134307414,0.9297677873524726,0.0541532563743443,0.0150679954291613,0.0786895938406233,0.605133056640625,3.996,e888dfdeda8575dd6baaad8591b68404c5f28675ef8260daed05551f1ad0a00c1f895fa15284369668c6ac3a84d7768d191b0729c37a29509048d7d15d4fb676,,,,,,,,
307,9b90df6c08143f35da9d96f2be91c232e3b620f28c0a40556b25458a2c3b25932fe3b9de3872f807ec1bc35ce26a29d773875f92e04f96bf1de34ccfa63d9553,english_griffinlim_eval_final/fake_english_griffinlim/english_fake_0307.wav,0,3.168,-3.1609792709350586,4.030052661895752,0.0151738784272379,english,-2.6559985876083374,9b90df6c08143f35da9d96f2be91c232e3b620f28c0a40556b25458a2c3b25932fe3b9de3872f807ec1bc35ce26a29d773875f92e04f96bf1de34ccfa63d9553,0.0151738784272379,0.922417855238306,0.0345026531068136,0.041989771030896,0.0749748535713124,0.59814453125,3.168,9b90df6c08143f35da9d96f2be91c232e3b620f28c0a40556b25458a2c3b25932fe3b9de3872f807ec1bc35ce26a29d773875f92e04f96bf1de34ccfa63d9553,,,,,,,,
308,995e028794f85b21f12ec5880ae7d8140e8c53b523cad6dcceee552ee4bd39ed59e266c62a70bb57ee2eab0d04acfc7ad71ba2edda18635b1e2f81153c241643,english_griffinlim_eval_final/fake_english_griffinlim/english_fake_0308.wav,0,3.024,-0.3510879278182983,0.4510030448436737,0.021167517882302,english,0.1538927555084229,995e028794f85b21f12ec5880ae7d8140e8c53b523cad6dcceee552ee4bd39ed59e266c62a70bb57ee2eab0d04acfc7ad71ba2edda18635b1e2f81153c241643,0.021167517882302,0.7914337671791736,0.1984758319800378,0.0095401972559169,0.0950392087156455,0.990020751953125,3.024,995e028794f85b21f12ec5880ae7d8140e8c53b523cad6dcceee552ee4bd39ed59e266c62a70bb57ee2eab0d04acfc7ad71ba2edda18635b1e2f81153c241643,,,,,,,,
309,7901622282b4a34e1b1367e79c8435281595ba66942f5bcd6a63be9d03f1853b9a78cfe7751b28d704b0b71ef0622d4f2286b307c4c4232841726caa7d102f03,english_griffinlim_eval_final/fake_english_griffinlim/english_fake_0309.wav,0,6.552,-1.6938657760620115,2.0924460887908936,0.0301391170718156,english,-1.1888850927352903,7901622282b4a34e1b1367e79c8435281595ba66942f5bcd6a63be9d03f1853b9a78cfe7751b28d704b0b71ef0622d4f2286b307c4c4232841726caa7d102f03,0.0301391170718156,0.7731278610716638,0.2173952951585754,0.008321219369008,0.0686685276567346,0.71270751953125,6.552,7901622282b4a34e1b1367e79c8435281595ba66942f5bcd6a63be9d03f1853b9a78cfe7751b28d704b0b71ef0622d4f2286b307c4c4232841726caa7d102f03,,,,,,,,
310,ccdfd05e77575cefe9807264668454404dba19d013d2c47e873afeb680b3e968117335827d7b36db391fa9eb6553b1e64bed7429dd54f76393be9031ca785e3a,english_griffinlim_eval_final/fake_english_griffinlim/english_fake_0310.wav,0,2.856,0.8922781944274902,-1.3699249029159546,0.0905455111422706,english,1.3972588777542114,ccdfd05e77575cefe9807264668454404dba19d013d2c47e873afeb680b3e968117335827d7b36db391fa9eb6553b1e64bed7429dd54f76393be9031ca785e3a,0.0905455111422706,0.6000895109824543,0.3382442231161756,0.0589986072900977,0.0441317383341328,0.392547607421875,2.856,ccdfd05e77575cefe9807264668454404dba19d013d2c47e873afeb680b3e968117335827d7b36db391fa9eb6553b1e64bed7429dd54f76393be9031ca785e3a,,,,,,,,
311,d7b8bd57a847b9f6a92eb975f2fe0a8686ee95a9e71b0168d5ee36090c94b373186a93d864491807465a14b0cb0cd867c6a52509095f73cb3c58490f0fb7f149,english_griffinlim_eval_final/fake_english_griffinlim/english_fake_0311.wav,0,3.456,-0.6132377982139587,0.8704273104667664,0.0024272198057936,english,-0.10825711488723755,d7b8bd57a847b9f6a92eb975f2fe0a8686ee95a9e71b0168d5ee36090c94b373186a93d864491807465a14b0cb0cd867c6a52509095f73cb3c58490f0fb7f149,0.0024272198057936,0.9405921752759974,0.0433050015363193,0.0147331834495142,0.0657139698963603,0.713134765625,3.456,d7b8bd57a847b9f6a92eb975f2fe0a8686ee95a9e71b0168d5ee36090c94b373186a93d864491807465a14b0cb0cd867c6a52509095f73cb3c58490f0fb7f149,,,,,,,,
312,0556918792c0a32f83c9d55abc07c607aa28d5e811ac231b6d57c67aab4dc15f6352290903cc79962a3b210b6538b5c13231ab4e94722205da80e4ed57558be0,english_griffinlim_eval_final/fake_english_griffinlim/english_fake_0312.wav,0,7.752,-5.9504828453063965,6.881250381469727,0.2272726712297374,english,-5.445502161979675,0556918792c0a32f83c9d55abc07c607aa28d5e811ac231b6d57c67aab4dc15f6352290903cc79962a3b210b6538b5c13231ab4e94722205da80e4ed57558be0,0.2272726712297374,0.6383183957342287,0.2819444914134819,0.0787985992243316,0.0753111422480036,0.7760009765625,7.752,0556918792c0a32f83c9d55abc07c607aa28d5e811ac231b6d57c67aab4dc15f6352290903cc79962a3b210b6538b5c13231ab4e94722205da80e4ed57558be0,,,,,,,,
313,bcfeb2775640cf21f07a20a958b64bf3a2ddcde094c946fc63d6dda9b4716e6190b5c986495d6b75283287815d593209ffcb941bbd5003381e9370fa8bd86050,english_griffinlim_eval_final/fake_english_griffinlim/english_fake_0313.wav,0,5.796,-5.463987350463867,6.21217155456543,0.0409679972388685,english,-4.959006667137146,bcfeb2775640cf21f07a20a958b64bf3a2ddcde094c946fc63d6dda9b4716e6190b5c986495d6b75283287815d593209ffcb941bbd5003381e9370fa8bd86050,0.0409679972388685,0.8399535825974077,0.1217276911275888,0.0366064256633164,0.0590045048204414,0.427886962890625,5.796,bcfeb2775640cf21f07a20a958b64bf3a2ddcde094c946fc63d6dda9b4716e6190b5c986495d6b75283287815d593209ffcb941bbd5003381e9370fa8bd86050,,,,,,,,
314,da9e528c000c38f115466e805b75f04421c1b25b0e1986c03dc85382e5e0d6891942a02f6b4b0ec7e7a45e440f387f2d4e04f47629f7d20ee3d92c4966d36cf7,english_griffinlim_eval_final/fake_english_griffinlim/english_fake_0314.wav,0,5.868,-0.6116863489151001,0.9489864706993104,0.0130993832188084,english,-0.1067056655883789,da9e528c000c38f115466e805b75f04421c1b25b0e1986c03dc85382e5e0d6891942a02f6b4b0ec7e7a45e440f387f2d4e04f47629f7d20ee3d92c4966d36cf7,0.0130993832188084,0.8517321203242906,0.1207866677702319,0.0253273084790526,0.0510630069818835,0.47393798828125,5.868,da9e528c000c38f115466e805b75f04421c1b25b0e1986c03dc85382e5e0d6891942a02f6b4b0ec7e7a45e440f387f2d4e04f47629f7d20ee3d92c4966d36cf7,,,,,,,,
315,8a88ce7c5875e0b6e962efb97743d174f3c826710500fb9f1c048d7569e3a9759427403d4c2fc787d9080a77a83336cdc0fb73626675fd5703b7c765ed2041e1,english_griffinlim_eval_final/fake_english_griffinlim/english_fake_0315.wav,0,3.408,-0.7137045860290527,1.1502435207366943,0.4296204805538722,english,-0.20872390270233154,8a88ce7c5875e0b6e962efb97743d174f3c826710500fb9f1c048d7569e3a9759427403d4c2fc787d9080a77a83336cdc0fb73626675fd5703b7c765ed2041e1,0.4296204805538722,0.4753123224889704,0.2467189578203379,0.2726998213543036,0.0294786511488719,0.305877685546875,3.408,8a88ce7c5875e0b6e962efb97743d174f3c826710500fb9f1c048d7569e3a9759427403d4c2fc787d9080a77a83336cdc0fb73626675fd5703b7c765ed2041e1,,,,,,,,
316,13c89c2ea706f95eda5bcd4b8f60027d6356c13ec1084daddea3f3ab3c3161c45087f4f1b0298e04fbe6a854877753f2bff74d60c112e735914ac03eb6ea3269,english_griffinlim_eval_final/fake_english_griffinlim/english_fake_0316.wav,0,7.416,-3.2711169719696045,4.029437065124512,0.0950962737875773,english,-2.7661362886428833,13c89c2ea706f95eda5bcd4b8f60027d6356c13ec1084daddea3f3ab3c3161c45087f4f1b0298e04fbe6a854877753f2bff74d60c112e735914ac03eb6ea3269,0.0950962737875773,0.9282773388789688,0.0472724429872661,0.0237604116901953,0.0946801917284209,0.68048095703125,7.416,13c89c2ea706f95eda5bcd4b8f60027d6356c13ec1084daddea3f3ab3c3161c45087f4f1b0298e04fbe6a854877753f2bff74d60c112e735914ac03eb6ea3269,,,,,,,,
317,25bc1fb5e8fb8c59df9cdb4dd07be6837d50ff86b6582a5c4f01e6bc9fd5674a5c403798d8e0eeaa6ded4e2d25ce5c6ca650fbddef5e05efc861469d548e05ab,english_griffinlim_eval_final/fake_english_griffinlim/english_fake_0317.wav,0,3.192,-2.1196770668029785,3.0226104259490967,0.013876410518611,english,-1.6146963834762573,25bc1fb5e8fb8c59df9cdb4dd07be6837d50ff86b6582a5c4f01e6bc9fd5674a5c403798d8e0eeaa6ded4e2d25ce5c6ca650fbddef5e05efc861469d548e05ab,0.013876410518611,0.8746410359002892,0.1080479087780189,0.015869909852067,0.0612517680911747,0.471710205078125,3.192,25bc1fb5e8fb8c59df9cdb4dd07be6837d50ff86b6582a5c4f01e6bc9fd5674a5c403798d8e0eeaa6ded4e2d25ce5c6ca650fbddef5e05efc861469d548e05ab,,,,,,,,
318,6fd2f535ccb2da2f960530d463ecf95b0da6561324169a54682396c131f05b1ed7f2124bb26ec9ab432713b5ea1e1a539e61bdb42f42d7ed9650729a92e424df,english_griffinlim_eval_final/fake_english_griffinlim/english_fake_0318.wav,0,6.048,-4.229666709899902,4.961223602294922,0.1900062028188548,english,-3.724686026573181,6fd2f535ccb2da2f960530d463ecf95b0da6561324169a54682396c131f05b1ed7f2124bb26ec9ab432713b5ea1e1a539e61bdb42f42d7ed9650729a92e424df,0.1900062028188548,0.8188131614262596,0.1518834651875373,0.0287657282159736,0.1008834101431211,0.77227783203125,6.048,6fd2f535ccb2da2f960530d463ecf95b0da6561324169a54682396c131f05b1ed7f2124bb26ec9ab432713b5ea1e1a539e61bdb42f42d7ed9650729a92e424df,,,,,,,,
319,e6dbbe39377aa0fe2851852b2c695c9c31094c80c9ccd244bac8dfdc8a523b2a114362d4c717bd9d628499fe1d3c11971221be5ec4dadce15c9ff8c5254ae368,english_griffinlim_eval_final/fake_english_griffinlim/english_fake_0319.wav,0,6.864,-5.892115592956543,6.808544635772705,0.5480136957368247,english,-5.387134909629822,e6dbbe39377aa0fe2851852b2c695c9c31094c80c9ccd244bac8dfdc8a523b2a114362d4c717bd9d628499fe1d3c11971221be5ec4dadce15c9ff8c5254ae368,0.5480136957368247,0.8044727568446733,0.0935290504265531,0.1017312886334336,0.1263056517592493,0.990020751953125,6.864,e6dbbe39377aa0fe2851852b2c695c9c31094c80c9ccd244bac8dfdc8a523b2a114362d4c717bd9d628499fe1d3c11971221be5ec4dadce15c9ff8c5254ae368,0.7642452014631973,0.1449589452507489,0.0907958532860538,0.6715225538712866,14.759065903604956,0.109568941184988,0.3313406691887149,0.4963759512800688
320,38583b57c115bc2d0d95c9c7e84eabc4822c3c8e7fc427a484ed9ce56193e3d120911a3865a5096089892a42ec2c0e1b744aa3428fad6f67e2b5364dd958fa47,english_griffinlim_eval_final/fake_english_griffinlim/english_fake_0320.wav,0,3.864,-5.624683380126953,6.495665550231934,0.0238589349444666,english,-5.119702696800232,38583b57c115bc2d0d95c9c7e84eabc4822c3c8e7fc427a484ed9ce56193e3d120911a3865a5096089892a42ec2c0e1b744aa3428fad6f67e2b5364dd958fa47,0.0238589349444666,0.9615332649826956,0.0330885424980786,0.0047620985488586,0.0999717365905155,0.793609619140625,3.864,38583b57c115bc2d0d95c9c7e84eabc4822c3c8e7fc427a484ed9ce56193e3d120911a3865a5096089892a42ec2c0e1b744aa3428fad6f67e2b5364dd958fa47,,,,,,,,
321,c0db9d9daa16d98de5f4a09f020d77888bc80fb6d873800f581b8c4d4935f3720aaad152ace1c339899be10a93a5291a61119311f04084d5798e5470bf1a0ff5,english_griffinlim_eval_final/fake_english_griffinlim/english_fake_0321.wav,0,3.192,-0.1524788439273834,0.1804744005203247,0.0179673115684557,english,0.35250183939933777,c0db9d9daa16d98de5f4a09f020d77888bc80fb6d873800f581b8c4d4935f3720aaad152ace1c339899be10a93a5291a61119311f04084d5798e5470bf1a0ff5,0.0179673115684557,0.7094091573769693,0.2214518378201994,0.059835931137323,0.0216444462374899,0.18212890625,3.192,c0db9d9daa16d98de5f4a09f020d77888bc80fb6d873800f581b8c4d4935f3720aaad152ace1c339899be10a93a5291a61119311f04084d5798e5470bf1a0ff5,,,,,,,,
322,78deac11fbd1c99e23918876d89fba3bf81c712b37fe058f6053245fd17eead473c75f508a77cf2783aa225787d8421a3dda05ad46003fe99dfa94677849d706,english_griffinlim_eval_final/fake_english_griffinlim/english_fake_0322.wav,0,4.86,-5.839082717895508,6.730506896972656,0.0158806966112084,english,-5.334102034568787,78deac11fbd1c99e23918876d89fba3bf81c712b37fe058f6053245fd17eead473c75f508a77cf2783aa225787d8421a3dda05ad46003fe99dfa94677849d706,0.0158806966112084,0.9370166110850674,0.0579308380281572,0.0043714551611643,0.0989435446516941,0.915802001953125,4.86,78deac11fbd1c99e23918876d89fba3bf81c712b37fe058f6053245fd17eead473c75f508a77cf2783aa225787d8421a3dda05ad46003fe99dfa94677849d706,,,,,,,,
323,74199ae3910ea8eeac883bf073fdfd04091bbac31ac04caeae6c40bc2bc43f73e8ab6e829332741e27895bdc8c4083c09831b1fdc00d978661495bab555f6816,english_griffinlim_eval_final/fake_english_griffinlim/english_fake_0323.wav,0,4.536,-5.97581958770752,6.875204086303711,0.1332476008642099,english,-5.470838904380799,74199ae3910ea8eeac883bf073fdfd04091bbac31ac04caeae6c40bc2bc43f73e8ab6e829332741e27895bdc8c4083c09831b1fdc00d978661495bab555f6816,0.1332476008642099,0.7531616607645113,0.1988513264061946,0.0473591599184547,0.093020273883866,0.802947998046875,4.536,74199ae3910ea8eeac883bf073fdfd04091bbac31ac04caeae6c40bc2bc43f73e8ab6e829332741e27895bdc8c4083c09831b1fdc00d978661495bab555f6816,,,,,,,,
324,abf6f2930167fc56c0a38052e0e4d22ad6d63ae70e455f6b458d283e3bb03588e0f3c488becb27d2c14028f9ed431c68666691e2cc5e558dcc4d2759dcf634ca,english_griffinlim_eval_final/fake_english_griffinlim/english_fake_0324.wav,0,3.984,-0.4358101487159729,0.2624879777431488,0.1164085108043917,english,0.06917053461074829,abf6f2930167fc56c0a38052e0e4d22ad6d63ae70e455f6b458d283e3bb03588e0f3c488becb27d2c14028f9ed431c68666691e2cc5e558dcc4d2759dcf634ca,0.1164085108043917,0.5847091256721185,0.2261866777752644,0.1738760573583001,0.0145859900067885,0.109161376953125,3.984,abf6f2930167fc56c0a38052e0e4d22ad6d63ae70e455f6b458d283e3bb03588e0f3c488becb27d2c14028f9ed431c68666691e2cc5e558dcc4d2759dcf634ca,,,,,,,,
325,fd638475b9b479713b39cb2d0a70472d3d627539daabc47c038f00f01f6309cc9b694979ab650a854c44d48185411db172b499f52e18f2174b7d1784dfe58684,english_griffinlim_eval_final/fake_english_griffinlim/english_fake_0325.wav,0,3.624,-5.909867286682129,6.7925519943237305,0.0509529878963423,english,-5.404886603355408,fd638475b9b479713b39cb2d0a70472d3d627539daabc47c038f00f01f6309cc9b694979ab650a854c44d48185411db172b499f52e18f2174b7d1784dfe58684,0.0509529878963423,0.8536452116602606,0.1089447539514235,0.0369862741597255,0.1090021447530575,0.989990234375,3.624,fd638475b9b479713b39cb2d0a70472d3d627539daabc47c038f00f01f6309cc9b694979ab650a854c44d48185411db172b499f52e18f2174b7d1784dfe58684,,,,,,,,
326,c883276020e8c978e7973c91dd2752ab7bf64620aa7820e850c5b099a155f700a1ee3a2fa0bf8ca79bdff79c04819ea95d773b980b22722caf6bed26a4e4c05f,english_griffinlim_eval_final/fake_english_griffinlim/english_fake_0326.wav,0,5.796,-2.5454535484313965,3.4015045166015625,0.0974020115124237,english,-2.0404728651046753,c883276020e8c978e7973c91dd2752ab7bf64620aa7820e850c5b099a155f700a1ee3a2fa0bf8ca79bdff79c04819ea95d773b980b22722caf6bed26a4e4c05f,0.0974020115124237,0.5703848315996238,0.3764784087804999,0.0489578759344035,0.0334949883781751,0.365142822265625,5.796,c883276020e8c978e7973c91dd2752ab7bf64620aa7820e850c5b099a155f700a1ee3a2fa0bf8ca79bdff79c04819ea95d773b980b22722caf6bed26a4e4c05f,,,,,,,,
327,97c549eb1c6281708333b9820cf6483527b4cdb1bbfe5fbafb400702f8010ca761e0db05d5b4c49235a0f0efc495cf89b3fabe5d08b9523fd49540fb4a9c2990,english_griffinlim_eval_final/fake_english_griffinlim/english_fake_0327.wav,0,5.688,-0.6411193013191223,1.0631465911865234,0.0157918794627785,english,-0.13613861799240112,97c549eb1c6281708333b9820cf6483527b4cdb1bbfe5fbafb400702f8010ca761e0db05d5b4c49235a0f0efc495cf89b3fabe5d08b9523fd49540fb4a9c2990,0.0157918794627785,0.7811003282210154,0.1506978461308249,0.0591195462541812,0.0233935255291432,0.1959228515625,5.688,97c549eb1c6281708333b9820cf6483527b4cdb1bbfe5fbafb400702f8010ca761e0db05d5b4c49235a0f0efc495cf89b3fabe5d08b9523fd49540fb4a9c2990,,,,,,,,
328,6c587075baf07522878b3000a33268a6f070ba65b789e0ab170e13fe11bec501a05734ae6012744ba8dc6a9a021ff507620ca0cacffa9e824f2806fccde64cbf,english_griffinlim_eval_final/fake_english_griffinlim/english_fake_0328.wav,0,4.224,-3.408601999282837,4.12831449508667,0.0701651981199591,english,-2.9036213159561157,6c587075baf07522878b3000a33268a6f070ba65b789e0ab170e13fe11bec501a05734ae6012744ba8dc6a9a021ff507620ca0cacffa9e824f2806fccde64cbf,0.0701651981199591,0.7693130893228712,0.1713075064659004,0.0584995489633257,0.0813573515644792,0.729583740234375,4.224,6c587075baf07522878b3000a33268a6f070ba65b789e0ab170e13fe11bec501a05734ae6012744ba8dc6a9a021ff507620ca0cacffa9e824f2806fccde64cbf,,,,,,,,
329,06c53aec09bca54d5587147ee1bfcc0a9e2b4162fb75daa79b7fe286dfec0732ff4dcae7125393b19a31f66c66c4bd8cf89665b4dee7b446429efd029e225c59,english_griffinlim_eval_final/fake_english_griffinlim/english_fake_0329.wav,0,7.272,-3.711727142333984,4.480642795562744,0.0501666397220142,english,-3.2067464590072627,06c53aec09bca54d5587147ee1bfcc0a9e2b4162fb75daa79b7fe286dfec0732ff4dcae7125393b19a31f66c66c4bd8cf89665b4dee7b446429efd029e225c59,0.0501666397220142,0.9559087637747218,0.0264694162117635,0.0167677363770239,0.0897465202894501,0.66497802734375,7.272,06c53aec09bca54d5587147ee1bfcc0a9e2b4162fb75daa79b7fe286dfec0732ff4dcae7125393b19a31f66c66c4bd8cf89665b4dee7b446429efd029e225c59,,,,,,,,
330,8d420f53a26d9d11408386b68b1abba0684eabcf0244129c55b7556955e32d2139c235fcdcd37b0eaf4b0cc7061a0029d4764fc2c221dcf4a38c2faafffdb540,english_griffinlim_eval_final/fake_english_griffinlim/english_fake_0330.wav,0,4.8,-3.1375732421875,4.032594680786133,0.0120415214131725,english,-2.632592558860779,8d420f53a26d9d11408386b68b1abba0684eabcf0244129c55b7556955e32d2139c235fcdcd37b0eaf4b0cc7061a0029d4764fc2c221dcf4a38c2faafffdb540,0.0120415214131725,0.8014517010908175,0.1741440581946084,0.0217293513904025,0.0446597131620338,0.438690185546875,4.8,8d420f53a26d9d11408386b68b1abba0684eabcf0244129c55b7556955e32d2139c235fcdcd37b0eaf4b0cc7061a0029d4764fc2c221dcf4a38c2faafffdb540,0.7579286849701431,0.1896079864209646,0.0524633286088922,0.6989820217020644,14.57061960007497,0.1464766858834392,0.3895985135397119,0.5498458669732234
331,c1206bb942777bfc4cf8e787877659889c14a2a33b3ce2b6a753a89adde6afa669648d986d1914310c707edc76198af4a2492b5252fabbcfe343165388976fab,english_griffinlim_eval_final/fake_english_griffinlim/english_fake_0331.wav,0,4.752,-6.025747299194336,6.90806770324707,0.6664838277551771,english,-5.520766615867615,c1206bb942777bfc4cf8e787877659889c14a2a33b3ce2b6a753a89adde6afa669648d986d1914310c707edc76198af4a2492b5252fabbcfe343165388976fab,0.6664838277551771,0.9026383863176956,0.0923064066453393,0.0049160359683148,0.1555386882099052,0.989990234375,4.752,c1206bb942777bfc4cf8e787877659889c14a2a33b3ce2b6a753a89adde6afa669648d986d1914310c707edc76198af4a2492b5252fabbcfe343165388976fab,,,,,,,,
332,cc7e6dc7797985d7c5d09a8db7f72f5e4ab65de1872d8e3e311560227b0d2bf1ccf82e612b6192616a2af4c76c051dc634cb94928c0bba49d2d5027c96decf1b,english_griffinlim_eval_final/fake_english_griffinlim/english_fake_0332.wav,0,2.376,-1.1030701398849487,1.7016069889068604,0.0014155300997942,english,-0.5980894565582275,cc7e6dc7797985d7c5d09a8db7f72f5e4ab65de1872d8e3e311560227b0d2bf1ccf82e612b6192616a2af4c76c051dc634cb94928c0bba49d2d5027c96decf1b,0.0014155300997942,0.974969143924432,0.0200082738805646,0.0042502887357825,0.0868779650161063,0.989990234375,2.376,cc7e6dc7797985d7c5d09a8db7f72f5e4ab65de1872d8e3e311560227b0d2bf1ccf82e612b6192616a2af4c76c051dc634cb94928c0bba49d2d5027c96decf1b,,,,,,,,
333,2679869526f619c0ed756e0f49a2492a0d7d383c313ac18df3d138da9f07f3bba8b6f04d4b487d661ee6ce6a58c8227c0411be835308658df7028df49f636a32,english_griffinlim_eval_final/fake_english_griffinlim/english_fake_0333.wav,0,3.204,-0.7069414258003235,0.973795473575592,0.0050002953669282,english,-0.2019607424736023,2679869526f619c0ed756e0f49a2492a0d7d383c313ac18df3d138da9f07f3bba8b6f04d4b487d661ee6ce6a58c8227c0411be835308658df7028df49f636a32,0.0050002953669282,0.8299540883126821,0.1382130850962574,0.0270994885812855,0.0323748529841139,0.314544677734375,3.204,2679869526f619c0ed756e0f49a2492a0d7d383c313ac18df3d138da9f07f3bba8b6f04d4b487d661ee6ce6a58c8227c0411be835308658df7028df49f636a32,,,,,,,,
334,f1202191d99e47f84db279ca55f8fb9280b939534714127ffd735bac0d7b2e52bda5ee40240d8208eb271ea72cfcd55b2e043dedbad6373fabb0aeda97efbecf,english_griffinlim_eval_final/fake_english_griffinlim/english_fake_0334.wav,0,2.064,-4.019351959228516,4.845412731170654,0.6670945119371505,english,-3.5143712759017944,f1202191d99e47f84db279ca55f8fb9280b939534714127ffd735bac0d7b2e52bda5ee40240d8208eb271ea72cfcd55b2e043dedbad6373fabb0aeda97efbecf,0.6670945119371505,0.4286984061942722,0.0457477530729831,0.5247009569717829,0.0688628308863485,0.989990234375,2.064,f1202191d99e47f84db279ca55f8fb9280b939534714127ffd735bac0d7b2e52bda5ee40240d8208eb271ea72cfcd55b2e043dedbad6373fabb0aeda97efbecf,,,,,,,,
335,505d3052b731e49ad6c4f40931ba42bff7a9046b894c676803a4044fead6272d3340ac3ea1fdf441cfed2fc4b1c81b85bd1fab484d7d9d86357b0affbd0739ee,english_griffinlim_eval_final/fake_english_griffinlim/english_fake_0335.wav,0,4.656,-5.957634449005127,6.845707893371582,0.1487191783171026,english,-5.452653765678406,505d3052b731e49ad6c4f40931ba42bff7a9046b894c676803a4044fead6272d3340ac3ea1fdf441cfed2fc4b1c81b85bd1fab484d7d9d86357b0affbd0739ee,0.1487191783171026,0.75560849898095,0.2358168351135197,0.0079037932981096,0.0942724619620384,0.759246826171875,4.656,505d3052b731e49ad6c4f40931ba42bff7a9046b894c676803a4044fead6272d3340ac3ea1fdf441cfed2fc4b1c81b85bd1fab484d7d9d86357b0affbd0739ee,,,,,,,,
336,95374f4f0281ce754ec20477f0fb494597129dcbd84a71b9840512f16624ca875a5d182e2d11413d3344e7cfc09432596ca9a53c1de30ea445daae342c2d251f,english_griffinlim_eval_final/fake_english_griffinlim/english_fake_0336.wav,0,4.068,-2.142049551010132,3.040003061294556,0.035932434279874,english,-1.6370688676834106,95374f4f0281ce754ec20477f0fb494597129dcbd84a71b9840512f16624ca875a5d182e2d11413d3344e7cfc09432596ca9a53c1de30ea445daae342c2d251f,0.035932434279874,0.6763702415191972,0.2936451281697039,0.0273387638128341,0.0431576693948216,0.4207763671875,4.068,95374f4f0281ce754ec20477f0fb494597129dcbd84a71b9840512f16624ca875a5d182e2d11413d3344e7cfc09432596ca9a53c1de30ea445daae342c2d251f,,,,,,,,
337,b6191b8f233a0fe308d12932820b01858b03a045142a0fd819df2a761f0ccd7895fefbcee8a8bc14ea38ae43feb45cd02e9f79f8f000a2ff1e5841caaf504e8a,english_griffinlim_eval_final/fake_english_griffinlim/english_fake_0337.wav,0,2.016,-0.475588321685791,0.8081314563751221,0.0072754364296492,english,0.029392361640930176,b6191b8f233a0fe308d12932820b01858b03a045142a0fd819df2a761f0ccd7895fefbcee8a8bc14ea38ae43feb45cd02e9f79f8f000a2ff1e5841caaf504e8a,0.0072754364296492,0.7914341831969229,0.165162610669038,0.0373919653369575,0.0283101158215553,0.229949951171875,2.016,b6191b8f233a0fe308d12932820b01858b03a045142a0fd819df2a761f0ccd7895fefbcee8a8bc14ea38ae43feb45cd02e9f79f8f000a2ff1e5841caaf504e8a,,,,,,,,
338,ccf426b54d5a1d7c96254d4bbeb6c0da8d2923224687fecbe8eb1fa8cb4485d5864e742547a56b69fbaea0378c5f14c2e676df005fca1e27d09cd8d99c796fdf,english_griffinlim_eval_final/fake_english_griffinlim/english_fake_0338.wav,0,6.624,-5.724556922912598,6.557806968688965,0.287855919969963,english,-5.2195762395858765,ccf426b54d5a1d7c96254d4bbeb6c0da8d2923224687fecbe8eb1fa8cb4485d5864e742547a56b69fbaea0378c5f14c2e676df005fca1e27d09cd8d99c796fdf,0.287855919969963,0.7030976611595816,0.1810534361160846,0.1150930105974553,0.0862178522406852,0.77496337890625,6.624,ccf426b54d5a1d7c96254d4bbeb6c0da8d2923224687fecbe8eb1fa8cb4485d5864e742547a56b69fbaea0378c5f14c2e676df005fca1e27d09cd8d99c796fdf,,,,,,,,
339,8635c63b90be096299283dc2537701c72f3cdfa4f53fd8f2296ebb0e7f98070588f4418850439af6b511605d86b516235585769481494c3c7381531f82896080,english_griffinlim_eval_final/fake_english_griffinlim/english_fake_0339.wav,0,6.864,-6.054079055786133,6.963057518005371,0.2168295833057148,english,-5.549098372459412,8635c63b90be096299283dc2537701c72f3cdfa4f53fd8f2296ebb0e7f98070588f4418850439af6b511605d86b516235585769481494c3c7381531f82896080,0.2168295833057148,0.5144775616250788,0.4206467844599272,0.0640755107954375,0.0792196863029583,0.990020751953125,6.864,8635c63b90be096299283dc2537701c72f3cdfa4f53fd8f2296ebb0e7f98070588f4418850439af6b511605d86b516235585769481494c3c7381531f82896080,,,,,,,,
340,6f008f76e112454c7db1ca4ec51ac285889dba840e90390f0321f83b8fb346d01d70cb6f0c5a748d9ea112b13a502a496211b3796eee499640af71c6b06a2aa5,english_griffinlim_eval_final/fake_english_griffinlim/english_fake_0340.wav,0,7.02,-4.385492324829102,5.168285846710205,0.1281594871634078,english,-3.8805116415023804,6f008f76e112454c7db1ca4ec51ac285889dba840e90390f0321f83b8fb346d01d70cb6f0c5a748d9ea112b13a502a496211b3796eee499640af71c6b06a2aa5,0.1281594871634078,0.6438932469786207,0.279814351269995,0.0750581247214041,0.0653782663939771,0.710968017578125,7.02,6f008f76e112454c7db1ca4ec51ac285889dba840e90390f0321f83b8fb346d01d70cb6f0c5a748d9ea112b13a502a496211b3796eee499640af71c6b06a2aa5,,,,,,,,
341,b97b7d9482144aa5c53f3e753904dc0d24469409e24e81217d07817636a6c26a69fd2aec9b1b7f89a5eb1efe7089f843d0fee0b3c1ed16e021b928aad875b1b7,english_griffinlim_eval_final/fake_english_griffinlim/english_fake_0341.wav,0,2.016,-1.063822627067566,1.608119249343872,0.0047778021320614,english,-0.5588419437408447,b97b7d9482144aa5c53f3e753904dc0d24469409e24e81217d07817636a6c26a69fd2aec9b1b7f89a5eb1efe7089f843d0fee0b3c1ed16e021b928aad875b1b7,0.0047778021320614,0.849636946565694,0.1047796875299389,0.0387501157641257,0.0251095927247853,0.161285400390625,2.016,b97b7d9482144aa5c53f3e753904dc0d24469409e24e81217d07817636a6c26a69fd2aec9b1b7f89a5eb1efe7089f843d0fee0b3c1ed16e021b928aad875b1b7,,,,,,,,
342,9b9b207741cd4a9f3351cac570359ddea8577d766dbac5691b4d1211fb1b4d6f04b477abe87505e4b1b21382132e07e0805ee67a8d5a4f89de5a80bbdb0e2c13,english_griffinlim_eval_final/fake_english_griffinlim/english_fake_0342.wav,0,5.808,-0.8272071480751038,1.0858105421066284,0.1739756505620355,english,-0.32222646474838257,9b9b207741cd4a9f3351cac570359ddea8577d766dbac5691b4d1211fb1b4d6f04b477abe87505e4b1b21382132e07e0805ee67a8d5a4f89de5a80bbdb0e2c13,0.1739756505620355,0.5749502237130495,0.3603690722625355,0.0632731249330533,0.0619692043726017,0.66351318359375,5.808,9b9b207741cd4a9f3351cac570359ddea8577d766dbac5691b4d1211fb1b4d6f04b477abe87505e4b1b21382132e07e0805ee67a8d5a4f89de5a80bbdb0e2c13,,,,,,,,
343,0836f0e74bc679636d4af10bddb747580e93145ef1b540a10021633965e5ed659ace0a7aa85de967a03a3fb1e4ec8e43a3441c7504bf7589e6f106c8b2c0a091,english_griffinlim_eval_final/fake_english_griffinlim/english_fake_0343.wav,0,3.996,-5.939811706542969,6.822075843811035,0.4269552153986847,english,-5.434831023216248,0836f0e74bc679636d4af10bddb747580e93145ef1b540a10021633965e5ed659ace0a7aa85de967a03a3fb1e4ec8e43a3441c7504bf7589e6f106c8b2c0a091,0.4269552153986847,0.5919871355820681,0.3989898478642345,0.0083692708205152,0.0925363139501023,0.743499755859375,3.996,0836f0e74bc679636d4af10bddb747580e93145ef1b540a10021633965e5ed659ace0a7aa85de967a03a3fb1e4ec8e43a3441c7504bf7589e6f106c8b2c0a091,,,,,,,,
344,af4bfcfaac2460d8d4996ff7dc391af46aa8e70d55a856ae4c0e7db109a696ad0d0c6497757c9cd16acafa82703888477d745800b9c20a714fb519bcba467f4d,english_griffinlim_eval_final/fake_english_griffinlim/english_fake_0344.wav,0,4.128,-5.9529876708984375,6.844658374786377,0.0807008585683278,english,-5.448006987571716,af4bfcfaac2460d8d4996ff7dc391af46aa8e70d55a856ae4c0e7db109a696ad0d0c6497757c9cd16acafa82703888477d745800b9c20a714fb519bcba467f4d,0.0807008585683278,0.7762784006604373,0.1229877540728816,0.0993531080336483,0.0633810850748003,0.48553466796875,4.128,af4bfcfaac2460d8d4996ff7dc391af46aa8e70d55a856ae4c0e7db109a696ad0d0c6497757c9cd16acafa82703888477d745800b9c20a714fb519bcba467f4d,,,,,,,,
345,1a922227ae3147d84b70c2103fbec940f0c5969b56362810eddbc71cf061fb81f206ff623ddbe02c48efec2d9f3e85ca91fce18d39abf3ff75a17f06d0012218,english_griffinlim_eval_final/fake_english_griffinlim/english_fake_0345.wav,0,3.024,-0.6377205848693848,1.0449844598770142,0.0637180407164916,english,-0.13273990154266357,1a922227ae3147d84b70c2103fbec940f0c5969b56362810eddbc71cf061fb81f206ff623ddbe02c48efec2d9f3e85ca91fce18d39abf3ff75a17f06d0012218,0.0637180407164916,0.7433555346812825,0.2156222209943238,0.0399862109368912,0.0745680545823797,0.634063720703125,3.024,1a922227ae3147d84b70c2103fbec940f0c5969b56362810eddbc71cf061fb81f206ff623ddbe02c48efec2d9f3e85ca91fce18d39abf3ff75a17f06d0012218,,,,,,,,
346,7d89e8d41e081ac5994f3e34f52d36bb75bd9f2d174776db4d3bd5d0f7285221f211e77c03fb1e1808dbeddb7437112390927b39ed2d8085321828d1ea891af2,english_griffinlim_eval_final/fake_english_griffinlim/english_fake_0346.wav,0,5.76,-5.850422859191895,6.684130668640137,0.1058278165050643,english,-5.345442175865174,7d89e8d41e081ac5994f3e34f52d36bb75bd9f2d174776db4d3bd5d0f7285221f211e77c03fb1e1808dbeddb7437112390927b39ed2d8085321828d1ea891af2,0.1058278165050643,0.8100113126589022,0.1083120984071168,0.0803225840924314,0.0634381396527729,0.420379638671875,5.76,7d89e8d41e081ac5994f3e34f52d36bb75bd9f2d174776db4d3bd5d0f7285221f211e77c03fb1e1808dbeddb7437112390927b39ed2d8085321828d1ea891af2,,,,,,,,
347,30cf92caa81bb2bef0f868e2e97e200dc6f77a01d6f188c1977cdace5bba9eb317190fd2c260eba1c3cb9f6ab22c6733a8a228049e1ad115fbcc13f4d3f53943,english_griffinlim_eval_final/fake_english_griffinlim/english_fake_0347.wav,0,6.048,-5.966580390930176,6.929502964019775,0.7722706555392861,english,-5.461599707603455,30cf92caa81bb2bef0f868e2e97e200dc6f77a01d6f188c1977cdace5bba9eb317190fd2c260eba1c3cb9f6ab22c6733a8a228049e1ad115fbcc13f4d3f53943,0.7722706555392861,0.711674238011032,0.2836663678772381,0.0044648654480227,0.1367036456078889,0.990020751953125,6.048,30cf92caa81bb2bef0f868e2e97e200dc6f77a01d6f188c1977cdace5bba9eb317190fd2c260eba1c3cb9f6ab22c6733a8a228049e1ad115fbcc13f4d3f53943,,,,,,,,
348,76e40e1063db4527e0f5910bc066593add88cac501f1eb456ca679417fd27dde6b343a29a230401dc5cf9530a1526eb46dfc299526dc2a417efc691807a16305,english_griffinlim_eval_final/fake_english_griffinlim/english_fake_0348.wav,0,6.864,-1.036590814590454,1.6489105224609375,0.1139352727213953,english,-0.5316101312637329,76e40e1063db4527e0f5910bc066593add88cac501f1eb456ca679417fd27dde6b343a29a230401dc5cf9530a1526eb46dfc299526dc2a417efc691807a16305,0.1139352727213953,0.9275017766850654,0.0477954736462328,0.0241749973329989,0.1109631603022604,0.85693359375,6.864,76e40e1063db4527e0f5910bc066593add88cac501f1eb456ca679417fd27dde6b343a29a230401dc5cf9530a1526eb46dfc299526dc2a417efc691807a16305,,,,,,,,
349,92ba5865ef617d69148683e5a0fc4f2b54d15aa9a7f9ddfbd0af3c055aa9ab149e3797125f3872f83302fe05e75bdca0c0b83ff923af2c40562dc9e548039b86,english_griffinlim_eval_final/fake_english_griffinlim/english_fake_0349.wav,0,6.504,-5.445146560668945,6.213291168212891,0.0495005322785347,english,-4.940165877342224,92ba5865ef617d69148683e5a0fc4f2b54d15aa9a7f9ddfbd0af3c055aa9ab149e3797125f3872f83302fe05e75bdca0c0b83ff923af2c40562dc9e548039b86,0.0495005322785347,0.8617726775880747,0.1080539609290217,0.0295970823463658,0.1021177555994281,0.974334716796875,6.504,92ba5865ef617d69148683e5a0fc4f2b54d15aa9a7f9ddfbd0af3c055aa9ab149e3797125f3872f83302fe05e75bdca0c0b83ff923af2c40562dc9e548039b86,,,,,,,,
350,1f150fa72ab4ef621c4294d6a1ac26a477f4a8b88090c9560a07086a823090bd820852a2c23c96076c62baf2e5479183f58d0257aefc2fc8ee49d0ee724b6d6c,english_griffinlim_eval_final/fake_english_griffinlim/english_fake_0350.wav,0,7.536,-2.178699493408203,2.9597864151000977,0.0168641363051235,english,-1.673718810081482,1f150fa72ab4ef621c4294d6a1ac26a477f4a8b88090c9560a07086a823090bd820852a2c23c96076c62baf2e5479183f58d0257aefc2fc8ee49d0ee724b6d6c,0.0168641363051235,0.8754894422972385,0.0800630598449053,0.0423336418488289,0.0506237543335857,0.462890625,7.536,1f150fa72ab4ef621c4294d6a1ac26a477f4a8b88090c9560a07086a823090bd820852a2c23c96076c62baf2e5479183f58d0257aefc2fc8ee49d0ee724b6d6c,,,,,,,,
351,e5c4f6ca3b3f072f7d83f84015ff8afab5fb91b7d7b1b724a5045642aa5f9aad4c9c92898891633961279f00304de7fba346d83a5aa040d12d91afbbeff396e7,english_griffinlim_eval_final/fake_english_griffinlim/english_fake_0351.wav,0,2.736,-6.0266218185424805,7.007282257080078,0.9025153180208814,english,-5.521641135215759,e5c4f6ca3b3f072f7d83f84015ff8afab5fb91b7d7b1b724a5045642aa5f9aad4c9c92898891633961279f00304de7fba346d83a5aa040d12d91afbbeff396e7,0.9025153180208814,0.945639365666416,0.0532103765797535,0.0009961715421436,0.1830585990557336,0.989990234375,2.736,e5c4f6ca3b3f072f7d83f84015ff8afab5fb91b7d7b1b724a5045642aa5f9aad4c9c92898891633961279f00304de7fba346d83a5aa040d12d91afbbeff396e7,0.7183249547802663,0.2222305114783542,0.0594445337413795,0.7034169216903781,14.540281974652904,0.1553614085596579,0.3862340506509507,0.5455314629848727
352,9ae3ca203763423542a43412e1cfdc421fe577e11582b8117669cfb1e608916cf62c06618fc6b6ffa8f07567b708c1035f180162cf3872fe5b99040426f692cc,english_griffinlim_eval_final/fake_english_griffinlim/english_fake_0352.wav,0,5.04,-0.9255127906799316,1.4182683229446411,0.0303863041359234,english,-0.42053210735321045,9ae3ca203763423542a43412e1cfdc421fe577e11582b8117669cfb1e608916cf62c06618fc6b6ffa8f07567b708c1035f180162cf3872fe5b99040426f692cc,0.0303863041359234,0.9521857847290388,0.0431476344085181,0.0041414525821539,0.1063166684665171,0.895050048828125,5.04,9ae3ca203763423542a43412e1cfdc421fe577e11582b8117669cfb1e608916cf62c06618fc6b6ffa8f07567b708c1035f180162cf3872fe5b99040426f692cc,,,,,,,,
353,df101b67651db4712aa7067868555c5475332778d261bc28a29b998ef649ccff43b143100404923994ad065afd445430c2c8bae42d8272a3821a1fd6f7de0db6,english_griffinlim_eval_final/fake_english_griffinlim/english_fake_0353.wav,0,2.4,-5.517763137817383,6.195219993591309,0.093172053763694,english,-5.012782454490662,df101b67651db4712aa7067868555c5475332778d261bc28a29b998ef649ccff43b143100404923994ad065afd445430c2c8bae42d8272a3821a1fd6f7de0db6,0.093172053763694,0.665042682489287,0.2698114862094188,0.0639731567453744,0.0679195368521194,0.605010986328125,2.4,df101b67651db4712aa7067868555c5475332778d261bc28a29b998ef649ccff43b143100404923994ad065afd445430c2c8bae42d8272a3821a1fd6f7de0db6,,,,,,,,
354,b1e9a471dec6f8c9b427331c8c814ad92b1ec3eec08f146ab503903370f7a7b7e4531bc90616c2ad6d014fa2fccbdd81130e9783db727a67638e065471ad8111,english_griffinlim_eval_final/fake_english_griffinlim/english_fake_0354.wav,0,2.616,-5.180922508239746,6.010711669921875,0.4192626025178524,english,-4.675941824913025,b1e9a471dec6f8c9b427331c8c814ad92b1ec3eec08f146ab503903370f7a7b7e4531bc90616c2ad6d014fa2fccbdd81130e9783db727a67638e065471ad8111,0.4192626025178524,0.5919252559434975,0.3955376476962708,0.0121714470907518,0.1130359742105646,0.989990234375,2.616,b1e9a471dec6f8c9b427331c8c814ad92b1ec3eec08f146ab503903370f7a7b7e4531bc90616c2ad6d014fa2fccbdd81130e9783db727a67638e065471ad8111,,,,,,,,
355,55367d813b8219a384b69cee3a39f352378bbb19bdb6aaed922c60f00f560e2caeaf3edefa1c56daf5ed569153e69336652571239a56f8cec501487fc3c43e73,english_griffinlim_eval_final/fake_english_griffinlim/english_fake_0355.wav,0,3.276,-4.054873943328857,4.862095355987549,0.0050343587336885,english,-3.5498932600021362,55367d813b8219a384b69cee3a39f352378bbb19bdb6aaed922c60f00f560e2caeaf3edefa1c56daf5ed569153e69336652571239a56f8cec501487fc3c43e73,0.0050343587336885,0.8445168153479921,0.1252556175555342,0.0256358031406865,0.0318218659291576,0.283905029296875,3.276,55367d813b8219a384b69cee3a39f352378bbb19bdb6aaed922c60f00f560e2caeaf3edefa1c56daf5ed569153e69336652571239a56f8cec501487fc3c43e73,,,,,,,,
356,af12240a19a64ee65e1e26e430946b19146e3f0b1576dd24b0e242423648c09fa1dd893dbac201f21648bf1996592f8661689873dc9d81c9397f08516d49af1c,english_griffinlim_eval_final/fake_english_griffinlim/english_fake_0356.wav,0,2.448,-4.386308193206787,5.300116539001465,0.4694136973730968,english,-3.881327509880066,af12240a19a64ee65e1e26e430946b19146e3f0b1576dd24b0e242423648c09fa1dd893dbac201f21648bf1996592f8661689873dc9d81c9397f08516d49af1c,0.4694136973730968,0.6605994301099057,0.205744201602231,0.1328427879867522,0.0821059229658838,0.542327880859375,2.448,af12240a19a64ee65e1e26e430946b19146e3f0b1576dd24b0e242423648c09fa1dd893dbac201f21648bf1996592f8661689873dc9d81c9397f08516d49af1c,,,,,,,,
357,14b5240a09d7a3d584704423bdb1adbfd0edeae51f0b98ead195335245b5d40c2ebb6a197e46cd289aea0220833c74cdfe45c49ce10a9213d74b6c312e91c155,english_griffinlim_eval_final/fake_english_griffinlim/english_fake_0357.wav,0,4.464,-6.063104152679443,6.920258522033691,0.0233270330852491,english,-5.558123469352722,14b5240a09d7a3d584704423bdb1adbfd0edeae51f0b98ead195335245b5d40c2ebb6a197e46cd289aea0220833c74cdfe45c49ce10a9213d74b6c312e91c155,0.0233270330852491,0.9364467231226696,0.0590297587478243,0.0038394059542711,0.0945169943937251,0.780303955078125,4.464,14b5240a09d7a3d584704423bdb1adbfd0edeae51f0b98ead195335245b5d40c2ebb6a197e46cd289aea0220833c74cdfe45c49ce10a9213d74b6c312e91c155,,,,,,,,
358,fe7db1fb124cf95e02221eefd30713e3f00ead493520eb80e39c626debd051adf78843b780bf2446f298093cf1cfea7b096854dc4fc70a0beaa66a64e69838b4,english_griffinlim_eval_final/fake_english_griffinlim/english_fake_0358.wav,0,2.376,3.719779253005981,-4.8807573318481445,0.893590211959669,english,4.224759936332703,fe7db1fb124cf95e02221eefd30713e3f00ead493520eb80e39c626debd051adf78843b780bf2446f298093cf1cfea7b096854dc4fc70a0beaa66a64e69838b4,0.893590211959669,0.462572061887753,0.0449898560313154,0.4914024411651521,0.070028249236927,0.702850341796875,2.376,fe7db1fb124cf95e02221eefd30713e3f00ead493520eb80e39c626debd051adf78843b780bf2446f298093cf1cfea7b096854dc4fc70a0beaa66a64e69838b4,,,,,,,,
359,03ed98d44db4fb01939c421a0217d2b579c46740be8eb3c869b715b383b1194fbcec12edc6a838edbf536af068ea2d9b18f04e2aed881e478f8b7dbcb75d0fb5,english_griffinlim_eval_final/fake_english_griffinlim/english_fake_0359.wav,0,6.624,-1.884332776069641,2.5224404335021973,0.0229809417378339,english,-1.3793520927429197,03ed98d44db4fb01939c421a0217d2b579c46740be8eb3c869b715b383b1194fbcec12edc6a838edbf536af068ea2d9b18f04e2aed881e478f8b7dbcb75d0fb5,0.0229809417378339,0.7446742924129919,0.1864573666786897,0.0594691510726182,0.0210711851107096,0.192047119140625,6.624,03ed98d44db4fb01939c421a0217d2b579c46740be8eb3c869b715b383b1194fbcec12edc6a838edbf536af068ea2d9b18f04e2aed881e478f8b7dbcb75d0fb5,,,,,,,,
360,8fd82c740e74e37fdbe2e6a61d13201a27ae051cefefe3b3ec2072ae32682b97c4e55cc69b4bfdac2cadeb1a6999c89e615369ff251d4bbb1de326e0cd8c7050,english_griffinlim_eval_final/fake_english_griffinlim/english_fake_0360.wav,0,4.968,-4.595003604888916,5.427807331085205,0.0508833018604931,english,-4.090022921562195,8fd82c740e74e37fdbe2e6a61d13201a27ae051cefefe3b3ec2072ae32682b97c4e55cc69b4bfdac2cadeb1a6999c89e615369ff251d4bbb1de326e0cd8c7050,0.0508833018604931,0.8213017743250386,0.0628651789220265,0.1140553977293892,0.0567202666959831,0.44293212890625,4.968,8fd82c740e74e37fdbe2e6a61d13201a27ae051cefefe3b3ec2072ae32682b97c4e55cc69b4bfdac2cadeb1a6999c89e615369ff251d4bbb1de326e0cd8c7050,,,,,,,,
361,f4c52a7fa71f422af00b4870bad198752cd8a8b01f906ff580165a2cfa1983a539a838a60ff9e9781df46320441f07ec0a791fcb5356a89c101dc655cef68ea1,english_griffinlim_eval_final/fake_english_griffinlim/english_fake_0361.wav,0,2.856,4.301057815551758,-5.349326133728027,0.0519331209506996,english,4.806038498878479,f4c52a7fa71f422af00b4870bad198752cd8a8b01f906ff580165a2cfa1983a539a838a60ff9e9781df46320441f07ec0a791fcb5356a89c101dc655cef68ea1,0.0519331209506996,0.5992649023527453,0.2754655762593068,0.1048138311835432,0.0113135885711565,0.06512451171875,2.856,f4c52a7fa71f422af00b4870bad198752cd8a8b01f906ff580165a2cfa1983a539a838a60ff9e9781df46320441f07ec0a791fcb5356a89c101dc655cef68ea1,0.5665491202619624,0.3155199531767746,0.117930926561263,0.7141613692103972,14.438752402086704,0.1766474933106621,0.4228868897329382,0.5751896534157861
362,75de62a4fb3e5aa6080425b2862baa8638420f5ebfa0e38c40f55ab6b92b1f41f4a6bcf3b24b32660dd86c00efd74bf0015f8d8014d3bc7d5e247303e114de09,english_griffinlim_eval_final/fake_english_griffinlim/english_fake_0362.wav,0,3.504,2.368800640106201,-3.1780123710632324,0.0523972305445977,english,2.8737813234329224,75de62a4fb3e5aa6080425b2862baa8638420f5ebfa0e38c40f55ab6b92b1f41f4a6bcf3b24b32660dd86c00efd74bf0015f8d8014d3bc7d5e247303e114de09,0.0523972305445977,0.5537183834129873,0.3641931063009173,0.0699776389904933,0.0165562429929558,0.201202392578125,3.504,75de62a4fb3e5aa6080425b2862baa8638420f5ebfa0e38c40f55ab6b92b1f41f4a6bcf3b24b32660dd86c00efd74bf0015f8d8014d3bc7d5e247303e114de09,,,,,,,,
363,6c1310d38f93accb8c0cae3d4a6c4592373dbfc0e93238b6cd4e5b96a083619da155e4ab463184cfdfa439f0f51eab9309980f93a8d2bc9785822843cbfa4c38,english_griffinlim_eval_final/fake_english_griffinlim/english_fake_0363.wav,0,5.112,-0.574027419090271,1.0277894735336304,0.0080785643536707,english,-0.0690467357635498,6c1310d38f93accb8c0cae3d4a6c4592373dbfc0e93238b6cd4e5b96a083619da155e4ab463184cfdfa439f0f51eab9309980f93a8d2bc9785822843cbfa4c38,0.0080785643536707,0.8544981488812179,0.1007708188131724,0.0375697449268891,0.0272473524736468,0.20068359375,5.112,6c1310d38f93accb8c0cae3d4a6c4592373dbfc0e93238b6cd4e5b96a083619da155e4ab463184cfdfa439f0f51eab9309980f93a8d2bc9785822843cbfa4c38,,,,,,,,
364,8635c63b90be096299283dc2537701c72f3cdfa4f53fd8f2296ebb0e7f98070588f4418850439af6b511605d86b516235585769481494c3c7381531f82896080,english_griffinlim_eval_final/fake_english_griffinlim/english_fake_0364.wav,0,5.088,-5.980201721191406,6.871066093444824,0.2815306331254271,english,-5.475221037864685,8635c63b90be096299283dc2537701c72f3cdfa4f53fd8f2296ebb0e7f98070588f4418850439af6b511605d86b516235585769481494c3c7381531f82896080,0.2815306331254271,0.7468320292577059,0.1404480114759569,0.1121968986320167,0.1045784579292465,0.910736083984375,5.088,8635c63b90be096299283dc2537701c72f3cdfa4f53fd8f2296ebb0e7f98070588f4418850439af6b511605d86b516235585769481494c3c7381531f82896080,,,,,,,,
365,205277c641661bf063fb07ec2433c852ae8342449b97061c709047695d64a27987944d953a8c7738d5c74e0b0865ff2d85fdef34c2191c0e3e7f1151fbab252a,english_griffinlim_eval_final/fake_english_griffinlim/english_fake_0365.wav,0,6.936,-1.9184950590133667,2.637506484985352,0.1005905457668447,english,-1.4135143756866455,205277c641661bf063fb07ec2433c852ae8342449b97061c709047695d64a27987944d953a8c7738d5c74e0b0865ff2d85fdef34c2191c0e3e7f1151fbab252a,0.1005905457668447,0.6083244544858362,0.2878234265020672,0.09033403504471,0.0151349253910439,0.11785888671875,6.936,205277c641661bf063fb07ec2433c852ae8342449b97061c709047695d64a27987944d953a8c7738d5c74e0b0865ff2d85fdef34c2191c0e3e7f1151fbab252a,,,,,,,,
366,ce36fee6cbee98a2411ceb6595540808f38836d238bd6df6f3bdf9da1d53c8b967a78f091d0bf69cd356b5919f3ad634893fa53bf1471a8b661bd11f77809624,english_griffinlim_eval_final/fake_english_griffinlim/english_fake_0366.wav,0,4.584,-5.197337627410889,5.943611145019531,0.0303515750151512,english,-4.6923569440841675,ce36fee6cbee98a2411ceb6595540808f38836d238bd6df6f3bdf9da1d53c8b967a78f091d0bf69cd356b5919f3ad634893fa53bf1471a8b661bd11f77809624,0.0303515750151512,0.96885081854194,0.0237434339868553,0.0063909575474933,0.0801484678104364,0.494781494140625,4.584,ce36fee6cbee98a2411ceb6595540808f38836d238bd6df6f3bdf9da1d53c8b967a78f091d0bf69cd356b5919f3ad634893fa53bf1471a8b661bd11f77809624,0.908870746391247,0.0662136526371017,0.0249156009716512,0.6875285159421778,14.649874464329285,0.1358920865521578,0.3609531571130395,0.5194808169498968
367,182db53aef62809033670bc6101639ca809c1479bf6fd1faab518d2d3c64173d4f9365d8439d4b95f2a192c84a622810d4b0e36672602d2532ba29009c64ffae,english_griffinlim_eval_final/fake_english_griffinlim/english_fake_0367.wav,0,7.896,-3.732307195663452,4.595426082611084,0.0191697380906028,english,-3.227326512336731,182db53aef62809033670bc6101639ca809c1479bf6fd1faab518d2d3c64173d4f9365d8439d4b95f2a192c84a622810d4b0e36672602d2532ba29009c64ffae,0.0191697380906028,0.8480854890603043,0.1215671921825521,0.0281681664366445,0.051580078031144,0.495849609375,7.896,182db53aef62809033670bc6101639ca809c1479bf6fd1faab518d2d3c64173d4f9365d8439d4b95f2a192c84a622810d4b0e36672602d2532ba29009c64ffae,,,,,,,,
368,77f590672cdcf8e7aafa1355c81c18bb4c0ae6ff0e5838800eb2354bccf123660f21686c06ee78c6a3a94a0d3cd9cc1a39a6e5d52aab44887c385635364fa935,english_griffinlim_eval_final/fake_english_griffinlim/english_fake_0368.wav,0,4.608,-1.844896674156189,2.6685194969177246,0.0226184608776362,english,-1.3399159908294678,77f590672cdcf8e7aafa1355c81c18bb4c0ae6ff0e5838800eb2354bccf123660f21686c06ee78c6a3a94a0d3cd9cc1a39a6e5d52aab44887c385635364fa935,0.0226184608776362,0.7999347399342561,0.0737559769954666,0.1243288138496842,0.053569704692302,0.563873291015625,4.608,77f590672cdcf8e7aafa1355c81c18bb4c0ae6ff0e5838800eb2354bccf123660f21686c06ee78c6a3a94a0d3cd9cc1a39a6e5d52aab44887c385635364fa935,,,,,,,,
369,36b83dc2895ee7ca3860332467eae1004c2b17adbd25614e15f889989fc897b8c9e5760d973eaad41a0e88bf8bf7846b75184b636cc58a1601a2fe7b3034b84c,english_griffinlim_eval_final/fake_english_griffinlim/english_fake_0369.wav,0,5.256,-0.5785671472549438,0.8529357314109802,0.3775503559095503,english,-0.07358646392822266,36b83dc2895ee7ca3860332467eae1004c2b17adbd25614e15f889989fc897b8c9e5760d973eaad41a0e88bf8bf7846b75184b636cc58a1601a2fe7b3034b84c,0.3775503559095503,0.4885293879455569,0.3249834740681011,0.1789346555443222,0.0226757805131496,0.18682861328125,5.256,36b83dc2895ee7ca3860332467eae1004c2b17adbd25614e15f889989fc897b8c9e5760d973eaad41a0e88bf8bf7846b75184b636cc58a1601a2fe7b3034b84c,0.5280561610956723,0.3326268271045534,0.1393170117997743,0.6721180281780814,14.7077971789042,0.1348752119804704,0.3554959998045751,0.5119697066802537
370,2696eaab6e3c1b31730749713d924d5a9cd05143085702ced4db3cc4ecf36f08b9ba2282eda5fbb905279b631b10bd1f98a109e9af6c28598294fd8489ad5343,english_griffinlim_eval_final/fake_english_griffinlim/english_fake_0370.wav,0,4.512,-3.482763290405273,4.2815351486206055,0.0199520355055701,english,-2.977782607078552,2696eaab6e3c1b31730749713d924d5a9cd05143085702ced4db3cc4ecf36f08b9ba2282eda5fbb905279b631b10bd1f98a109e9af6c28598294fd8489ad5343,0.0199520355055701,0.7144324213612437,0.2117683493446648,0.0694367432862128,0.0341239976684468,0.38800048828125,4.512,2696eaab6e3c1b31730749713d924d5a9cd05143085702ced4db3cc4ecf36f08b9ba2282eda5fbb905279b631b10bd1f98a109e9af6c28598294fd8489ad5343,,,,,,,,
371,e6f8253f27cb5d9c674e8ff9487f61bdab538ec7e7de363ab6cedffd7cfe8b818d27c209d8e9507c072e3f9ebd95c4333aeca971e0d2bf126ad5d3048238972b,english_griffinlim_eval_final/fake_english_griffinlim/english_fake_0371.wav,0,6.588,-2.979491233825684,3.999534130096436,0.0045621652385276,english,-2.474510550498963,e6f8253f27cb5d9c674e8ff9487f61bdab538ec7e7de363ab6cedffd7cfe8b818d27c209d8e9507c072e3f9ebd95c4333aeca971e0d2bf126ad5d3048238972b,0.0045621652385276,0.9471706736569776,0.0390862809620664,0.0123888610620781,0.0675456168728496,0.729461669921875,6.588,e6f8253f27cb5d9c674e8ff9487f61bdab538ec7e7de363ab6cedffd7cfe8b818d27c209d8e9507c072e3f9ebd95c4333aeca971e0d2bf126ad5d3048238972b,,,,,,,,
372,bda9735882bdfc8cf0e13de4675266e9206c1f8450689f29f5329c87446b07fdb83a5c57963d724d07a9a1cc25c800ceb01f9f9bbcc1da489b3ec1fda8c377bb,english_griffinlim_eval_final/fake_english_griffinlim/english_fake_0372.wav,0,4.176,-5.976079940795898,6.884085655212402,0.0093164255565236,english,-5.471099257469177,bda9735882bdfc8cf0e13de4675266e9206c1f8450689f29f5329c87446b07fdb83a5c57963d724d07a9a1cc25c800ceb01f9f9bbcc1da489b3ec1fda8c377bb,0.0093164255565236,0.8811075115314778,0.105089123823517,0.0126383013767063,0.068712655326643,0.65728759765625,4.176,bda9735882bdfc8cf0e13de4675266e9206c1f8450689f29f5329c87446b07fdb83a5c57963d724d07a9a1cc25c800ceb01f9f9bbcc1da489b3ec1fda8c377bb,,,,,,,,
373,5768cbb92b87c5172453df7b0076a5c0c6a6c7aa3551e6a9f1fd721a6c582b6560cd57b1cafc691b08180ee69afbf539710f1a52b30bafe0c98f4d74fc37146b,english_griffinlim_eval_final/fake_english_griffinlim/english_fake_0373.wav,0,6.48,-5.3419060707092285,6.133413791656494,0.026324883237621,english,-4.836925387382507,5768cbb92b87c5172453df7b0076a5c0c6a6c7aa3551e6a9f1fd721a6c582b6560cd57b1cafc691b08180ee69afbf539710f1a52b30bafe0c98f4d74fc37146b,0.026324883237621,0.8983678423375789,0.0723603239272019,0.0274434731392227,0.0560494892133691,0.38006591796875,6.48,5768cbb92b87c5172453df7b0076a5c0c6a6c7aa3551e6a9f1fd721a6c582b6560cd57b1cafc691b08180ee69afbf539710f1a52b30bafe0c98f4d74fc37146b,0.8216946943260871,0.1265957504336707,0.051709555240242,0.6984297809992768,14.572765485428492,0.1474709137737333,0.3852729407642138,0.5445418274711269
374,ea6a449819fa2e7459b5fd527779dec9db3fbaae6a68ca2dc10ee9a71b56928897b9db47c031f3f295bd2d5f74dda5ddddf028ee139c5a148560740ada77ea9b,english_griffinlim_eval_final/fake_english_griffinlim/english_fake_0374.wav,0,2.952,-0.6333234310150146,1.1752692461013794,0.0078967856740666,english,-0.12834274768829346,ea6a449819fa2e7459b5fd527779dec9db3fbaae6a68ca2dc10ee9a71b56928897b9db47c031f3f295bd2d5f74dda5ddddf028ee139c5a148560740ada77ea9b,0.0078967856740666,0.7958426248501419,0.134845151553147,0.0587192049041696,0.0195367023389494,0.13751220703125,2.952,ea6a449819fa2e7459b5fd527779dec9db3fbaae6a68ca2dc10ee9a71b56928897b9db47c031f3f295bd2d5f74dda5ddddf028ee139c5a148560740ada77ea9b,,,,,,,,
375,f86623298d3dbab0187cbb055721fd4596c8665c4e19fd49626680bad857630e33db565c426d2d648df7136e1e3374004d18f072ce5da469596f6a1ebe8f5e62,english_griffinlim_eval_final/fake_english_griffinlim/english_fake_0375.wav,0,2.136,-5.590784072875977,6.3578081130981445,0.0056300613266083,english,-5.085803389549255,f86623298d3dbab0187cbb055721fd4596c8665c4e19fd49626680bad857630e33db565c426d2d648df7136e1e3374004d18f072ce5da469596f6a1ebe8f5e62,0.0056300613266083,0.935208132894536,0.0564318207860366,0.0075280634747519,0.0848806478024445,0.802581787109375,2.136,f86623298d3dbab0187cbb055721fd4596c8665c4e19fd49626680bad857630e33db565c426d2d648df7136e1e3374004d18f072ce5da469596f6a1ebe8f5e62,,,,,,,,
376,913b8ec259a0d867cd3909af081be5eb03bbce6875fd5aa81e2befe31ed96e3a021e6faade2b9dc418ffa94dff8f0e7821737591d00daaae28b84aa4e2cdc12c,english_griffinlim_eval_final/fake_english_griffinlim/english_fake_0376.wav,0,5.436,-6.037266254425049,6.95402193069458,0.0194408803690933,english,-5.532285571098328,913b8ec259a0d867cd3909af081be5eb03bbce6875fd5aa81e2befe31ed96e3a021e6faade2b9dc418ffa94dff8f0e7821737591d00daaae28b84aa4e2cdc12c,0.0194408803690933,0.9077235050479024,0.0511082045313126,0.0392535443420769,0.0556714876825167,0.3865966796875,5.436,913b8ec259a0d867cd3909af081be5eb03bbce6875fd5aa81e2befe31ed96e3a021e6faade2b9dc418ffa94dff8f0e7821737591d00daaae28b84aa4e2cdc12c,,,,,,,,
377,5cd95c7c22c6fd21f386f93b700187d1559ab9a63eab1b44b4af4717e61bee61dbf54a0de0d35e3014a441bc557f5a0a4d36ad4e3a815d4bd3c395c9e98daade,english_griffinlim_eval_final/fake_english_griffinlim/english_fake_0377.wav,0,4.248,-3.591416835784912,4.3929853439331055,0.3516685103164794,english,-3.086436152458191,5cd95c7c22c6fd21f386f93b700187d1559ab9a63eab1b44b4af4717e61bee61dbf54a0de0d35e3014a441bc557f5a0a4d36ad4e3a815d4bd3c395c9e98daade,0.3516685103164794,0.6911520563838097,0.0733112484487609,0.2351184843047858,0.1004388179694701,0.990020751953125,4.248,5cd95c7c22c6fd21f386f93b700187d1559ab9a63eab1b44b4af4717e61bee61dbf54a0de0d35e3014a441bc557f5a0a4d36ad4e3a815d4bd3c395c9e98daade,,,,,,,,
378,57d9be2eeda5fbaad0290c45f4e95813da95e09633d5fd84df35a758151788abec644a351cdf610c7b792561d1db0ac6f122dbc94404646941967bd6f0befd44,english_griffinlim_eval_final/fake_english_griffinlim/english_fake_0378.wav,0,6.888,-5.898146152496338,6.830662727355957,0.6899577373789304,english,-5.393165469169617,57d9be2eeda5fbaad0290c45f4e95813da95e09633d5fd84df35a758151788abec644a351cdf610c7b792561d1db0ac6f122dbc94404646941967bd6f0befd44,0.6899577373789304,0.7513441667434191,0.1390521663381201,0.1094035318072681,0.1265246599648611,0.989990234375,6.888,57d9be2eeda5fbaad0290c45f4e95813da95e09633d5fd84df35a758151788abec644a351cdf610c7b792561d1db0ac6f122dbc94404646941967bd6f0befd44,,,,,,,,
379,ab72e9ab22713aec03a3189202a0713e56016ea07569b3041fcd65d77c9eb3f8c692f7ccaec75c16bbc62476d528f434d829193994cf07fcde9e3b1e4a2fa93a,english_griffinlim_eval_final/fake_english_griffinlim/english_fake_0379.wav,0,4.824,-6.012680530548096,6.863486289978027,0.3229546427564772,english,-5.5076998472213745,ab72e9ab22713aec03a3189202a0713e56016ea07569b3041fcd65d77c9eb3f8c692f7ccaec75c16bbc62476d528f434d829193994cf07fcde9e3b1e4a2fa93a,0.3229546427564772,0.541032890448734,0.4257259964903485,0.0324962271245926,0.0810562543741452,0.787841796875,4.824,ab72e9ab22713aec03a3189202a0713e56016ea07569b3041fcd65d77c9eb3f8c692f7ccaec75c16bbc62476d528f434d829193994cf07fcde9e3b1e4a2fa93a,,,,,,,,
380,e790d1a6d652b49b74172d96fca249c1d46c38806613534de93e324492059b41bb491639158ff5b5efe117d167447b1dca743bff0b32dcfe07b12a43fb13a86e,english_griffinlim_eval_final/fake_english_griffinlim/english_fake_0380.wav,0,3.12,-2.963479995727539,3.811557531356812,0.3619066956999741,english,-2.458499312400818,e790d1a6d652b49b74172d96fca249c1d46c38806613534de93e324492059b41bb491639158ff5b5efe117d167447b1dca743bff0b32dcfe07b12a43fb13a86e,0.3619066956999741,0.946275909317012,0.0170198345072802,0.0363440892446324,0.1348113358782693,0.81195068359375,3.12,e790d1a6d652b49b74172d96fca249c1d46c38806613534de93e324492059b41bb491639158ff5b5efe117d167447b1dca743bff0b32dcfe07b12a43fb13a86e,,,,,,,,
381,e726ac877990affb79e86af1955ecad6400eabd3f0a3e579229c938326df0b41f685c341e96db6f2ff18572e9fc78ec915d4caec51ea6d08b5ab16e23f23d91d,english_griffinlim_eval_final/fake_english_griffinlim/english_fake_0381.wav,0,5.868,-5.262478828430176,6.021253108978272,0.5365348303809304,english,-4.757498145103455,e726ac877990affb79e86af1955ecad6400eabd3f0a3e579229c938326df0b41f685c341e96db6f2ff18572e9fc78ec915d4caec51ea6d08b5ab16e23f23d91d,0.5365348303809304,0.8201863182323845,0.0326848176501991,0.1467695270692183,0.1265753522534816,0.989990234375,5.868,e726ac877990affb79e86af1955ecad6400eabd3f0a3e579229c938326df0b41f685c341e96db6f2ff18572e9fc78ec915d4caec51ea6d08b5ab16e23f23d91d,,,,,,,,
382,27abab9fac87a4bc30b0269ee6db9ff979562e0730deca2d89b1be43335b800addaf7105b8c458edee2300b01cf4724144580354f86c77aa9c033d9b4bc4dc91,english_griffinlim_eval_final/fake_english_griffinlim/english_fake_0382.wav,0,4.824,-5.387375831604004,6.229201316833496,0.0360306175543215,english,-4.882395148277283,27abab9fac87a4bc30b0269ee6db9ff979562e0730deca2d89b1be43335b800addaf7105b8c458edee2300b01cf4724144580354f86c77aa9c033d9b4bc4dc91,0.0360306175543215,0.9439122428299838,0.0158153205776968,0.0395499893213035,0.0978997007370614,0.79364013671875,4.824,27abab9fac87a4bc30b0269ee6db9ff979562e0730deca2d89b1be43335b800addaf7105b8c458edee2300b01cf4724144580354f86c77aa9c033d9b4bc4dc91,,,,,,,,
383,46d77d3fbfea436f143ae65cba26452c7be0a4a0314b5e49c8d9b0c55be530bd286c422e6226a8c0b2b5a17c2e0c8690c6c46b4c9218301f74ae548ddc42843e,english_griffinlim_eval_final/fake_english_griffinlim/english_fake_0383.wav,0,2.856,0.1716620326042175,-0.4547231495380401,0.0134573154549414,english,0.6766427159309387,46d77d3fbfea436f143ae65cba26452c7be0a4a0314b5e49c8d9b0c55be530bd286c422e6226a8c0b2b5a17c2e0c8690c6c46b4c9218301f74ae548ddc42843e,0.0134573154549414,0.5996683497771186,0.262113499560706,0.135183798983735,0.0397484139836695,0.724151611328125,2.856,46d77d3fbfea436f143ae65cba26452c7be0a4a0314b5e49c8d9b0c55be530bd286c422e6226a8c0b2b5a17c2e0c8690c6c46b4c9218301f74ae548ddc42843e,,,,,,,,
384,21ab407edda9b81be53c2e0f4341a8c9ca4ea31289425434f2d3a109591e825400bad8078a1f82eb083458dda4e2a2aa5c215eaa8b076a6206dd05574f8cd3ce,english_griffinlim_eval_final/fake_english_griffinlim/english_fake_0384.wav,0,2.82125,-0.6270112991333008,1.0989110469818115,0.0053360836696908,english,-0.12203061580657959,21ab407edda9b81be53c2e0f4341a8c9ca4ea31289425434f2d3a109591e825400bad8078a1f82eb083458dda4e2a2aa5c215eaa8b076a6206dd05574f8cd3ce,0.0053360836696908,0.8460737611880046,0.1090677088516284,0.0414033642153381,0.0392829131039255,0.37762451171875,2.82125,21ab407edda9b81be53c2e0f4341a8c9ca4ea31289425434f2d3a109591e825400bad8078a1f82eb083458dda4e2a2aa5c215eaa8b076a6206dd05574f8cd3ce,,,,,,,,
385,c499e99d3ed16615d50b0b558787cac861b76f6c402b0adcc7e4450abb4204f7b791e3846469c794392075f96897b128371585758173bcdcac3dbd961c0d70b8,english_griffinlim_eval_final/fake_english_griffinlim/english_fake_0385.wav,0,4.2,-3.1721889972686768,3.97298526763916,0.0407371613887004,english,-2.6672083139419556,c499e99d3ed16615d50b0b558787cac861b76f6c402b0adcc7e4450abb4204f7b791e3846469c794392075f96897b128371585758173bcdcac3dbd961c0d70b8,0.0407371613887004,0.6554483820007833,0.2664857047874239,0.0730055303877154,0.0314703593265594,0.321319580078125,4.2,c499e99d3ed16615d50b0b558787cac861b76f6c402b0adcc7e4450abb4204f7b791e3846469c794392075f96897b128371585758173bcdcac3dbd961c0d70b8,,,,,,,,
386,cea18d12298f2bbae520713a1cfcf05e63b2b9470dcc0adadabc81e69d8d57a0f3c22c06bc4f280d08b9084d3e16b22b3c5d60f7711c9db8dba0d3f53075a34e,english_griffinlim_eval_final/fake_english_griffinlim/english_fake_0386.wav,0,3.456,-5.950229644775391,6.891450881958008,0.0377045162007168,english,-5.445248961448669,cea18d12298f2bbae520713a1cfcf05e63b2b9470dcc0adadabc81e69d8d57a0f3c22c06bc4f280d08b9084d3e16b22b3c5d60f7711c9db8dba0d3f53075a34e,0.0377045162007168,0.9374728399816534,0.0404653859965857,0.0214380382823211,0.0952826417538035,0.696380615234375,3.456,cea18d12298f2bbae520713a1cfcf05e63b2b9470dcc0adadabc81e69d8d57a0f3c22c06bc4f280d08b9084d3e16b22b3c5d60f7711c9db8dba0d3f53075a34e,0.7287553805819622,0.1765712095263926,0.0946734098916451,0.7842151305198679,14.08693896309301,0.1807053664651782,0.4762713557048783,0.657112542499987
387,7137cde1c7f8dbc3f2daa4dad3fc07ca76802d9dbb1bc15f7bc02c1570b174d2a36a237336703fbf7268bfded66536669e5e010573763f821b30409b0e65eb6e,english_griffinlim_eval_final/fake_english_griffinlim/english_fake_0387.wav,0,3.864,-0.7831078171730042,1.0188438892364502,0.0597385159303619,english,-0.27812713384628296,7137cde1c7f8dbc3f2daa4dad3fc07ca76802d9dbb1bc15f7bc02c1570b174d2a36a237336703fbf7268bfded66536669e5e010573763f821b30409b0e65eb6e,0.0597385159303619,0.6348609695749089,0.2212985519422786,0.1319047159025051,0.0174431208077221,0.14007568359375,3.864,7137cde1c7f8dbc3f2daa4dad3fc07ca76802d9dbb1bc15f7bc02c1570b174d2a36a237336703fbf7268bfded66536669e5e010573763f821b30409b0e65eb6e,,,,,,,,
388,3a11fb1d82c83a37961539606abb1110232049bcae24d40864acafa4c5dcce0ee790c7d22c3b8bf4013cdc4a8bae17ebdf6cc6ffa8cadd62ac8892ed1e50f7c3,english_griffinlim_eval_final/fake_english_griffinlim/english_fake_0388.wav,0,5.364,-3.9178452491760254,4.613265037536621,0.0207997502846393,english,-3.412864565849304,3a11fb1d82c83a37961539606abb1110232049bcae24d40864acafa4c5dcce0ee790c7d22c3b8bf4013cdc4a8bae17ebdf6cc6ffa8cadd62ac8892ed1e50f7c3,0.0207997502846393,0.8820785901008369,0.0947913711854159,0.0202794872510822,0.04505943286037,0.24676513671875,5.364,3a11fb1d82c83a37961539606abb1110232049bcae24d40864acafa4c5dcce0ee790c7d22c3b8bf4013cdc4a8bae17ebdf6cc6ffa8cadd62ac8892ed1e50f7c3,,,,,,,,
389,7c2d8e10fd5cf466ada07983e097be56392818f195c3bb2307f520d5f48914404f0f90e2896c39af385369838f5e7d88dbd408dfd39300e50e15107441d85405,english_griffinlim_eval_final/fake_english_griffinlim/english_fake_0389.wav,0,4.824,-1.202240228652954,1.871764779090881,0.0227684027332877,english,-0.6972595453262329,7c2d8e10fd5cf466ada07983e097be56392818f195c3bb2307f520d5f48914404f0f90e2896c39af385369838f5e7d88dbd408dfd39300e50e15107441d85405,0.0227684027332877,0.8840712053781326,0.0549253752242301,0.0587489379416197,0.0506037757035015,0.328216552734375,4.824,7c2d8e10fd5cf466ada07983e097be56392818f195c3bb2307f520d5f48914404f0f90e2896c39af385369838f5e7d88dbd408dfd39300e50e15107441d85405,,,,,,,,
390,13d883887135cd255da515e128469ec568e336891f1b48f7839d29debaa059d46cafa767addc9c22ba21d3333f04a067b4e78b5f3bb98178e6908717150281b3,english_griffinlim_eval_final/fake_english_griffinlim/english_fake_0390.wav,0,6.156,-5.9739274978637695,6.898186683654785,0.0162476274485524,english,-5.468946814537048,13d883887135cd255da515e128469ec568e336891f1b48f7839d29debaa059d46cafa767addc9c22ba21d3333f04a067b4e78b5f3bb98178e6908717150281b3,0.0162476274485524,0.9703474228030954,0.0242884817943832,0.0048073163166651,0.0995347158760047,0.91119384765625,6.156,13d883887135cd255da515e128469ec568e336891f1b48f7839d29debaa059d46cafa767addc9c22ba21d3333f04a067b4e78b5f3bb98178e6908717150281b3,,,,,,,,
391,112b927e2e34ca1be94bdce5f2f97f810e4c5a9e353d09658b25ab16e1fd0adfdb618040e47ec8df7e06772d520efd08661b3346afb0a00bbac4595b82df4663,english_griffinlim_eval_final/fake_english_griffinlim/english_fake_0391.wav,0,4.5,-2.48870587348938,3.346463918685913,0.012011918351283,english,-1.9837251901626587,112b927e2e34ca1be94bdce5f2f97f810e4c5a9e353d09658b25ab16e1fd0adfdb618040e47ec8df7e06772d520efd08661b3346afb0a00bbac4595b82df4663,0.012011918351283,0.8043297703222969,0.146299121410067,0.0459679019747479,0.0387246265329324,0.3671875,4.5,112b927e2e34ca1be94bdce5f2f97f810e4c5a9e353d09658b25ab16e1fd0adfdb618040e47ec8df7e06772d520efd08661b3346afb0a00bbac4595b82df4663,,,,,,,,
392,88a9cc3068c24e14919063cf476a0d05c109c2472256f26809e51aed403ecbcea9519645b50c9ddbaaac05e8848ea71f888d32cbe61eec6448eccc6cc15295fe,english_griffinlim_eval_final/fake_english_griffinlim/english_fake_0392.wav,0,3.096,-4.632429599761963,5.379786491394043,0.0091239798434798,english,-4.127448916435242,88a9cc3068c24e14919063cf476a0d05c109c2472256f26809e51aed403ecbcea9519645b50c9ddbaaac05e8848ea71f888d32cbe61eec6448eccc6cc15295fe,0.0091239798434798,0.8455953192444602,0.1203789577987512,0.0314072735949853,0.0460742622943343,0.3865966796875,3.096,88a9cc3068c24e14919063cf476a0d05c109c2472256f26809e51aed403ecbcea9519645b50c9ddbaaac05e8848ea71f888d32cbe61eec6448eccc6cc15295fe,,,,,,,,
393,aae32c1b58fd466a64375b1bc8f2edbc8114c7d9d304a6c136d3551bb217f2478bb4b205f6ecc623f449f40002ed75364f231746243491a0581dcaf6a641ccff,english_griffinlim_eval_final/fake_english_griffinlim/english_fake_0393.wav,0,3.168,-0.6263814568519592,0.8842240571975708,0.0260979957792753,english,-0.12140077352523804,aae32c1b58fd466a64375b1bc8f2edbc8114c7d9d304a6c136d3551bb217f2478bb4b205f6ecc623f449f40002ed75364f231746243491a0581dcaf6a641ccff,0.0260979957792753,0.8327433426269573,0.1552086162530463,0.0113000607873211,0.0871778311908541,0.789154052734375,3.168,aae32c1b58fd466a64375b1bc8f2edbc8114c7d9d304a6c136d3551bb217f2478bb4b205f6ecc623f449f40002ed75364f231746243491a0581dcaf6a641ccff,,,,,,,,
394,a468458059ab4f4db90e6a029dc17dd39d18c78c4615f90b912bdc166c818043864b79fac2c6a159e9f8a74d6ab81a4afef4b078fdb3719a58345a8f98caddaf,english_griffinlim_eval_final/fake_english_griffinlim/english_fake_0394.wav,0,6.552,-5.756801605224609,6.572901248931885,0.1689977224501726,english,-5.251820921897888,a468458059ab4f4db90e6a029dc17dd39d18c78c4615f90b912bdc166c818043864b79fac2c6a159e9f8a74d6ab81a4afef4b078fdb3719a58345a8f98caddaf,0.1689977224501726,0.8512365712054001,0.1340327861506356,0.0141812369368904,0.1031947589892183,0.777069091796875,6.552,a468458059ab4f4db90e6a029dc17dd39d18c78c4615f90b912bdc166c818043864b79fac2c6a159e9f8a74d6ab81a4afef4b078fdb3719a58345a8f98caddaf,,,,,,,,
395,9db071da66e5b08a2abe0685a5f845403656201988e5785b221c48ed1333f97990248c8b62cede0628fac8a77ce4da5f3369ebcbc964bccfa6105243bccacdef,english_griffinlim_eval_final/fake_english_griffinlim/english_fake_0395.wav,0,2.952,-0.4395998418331146,0.8579468727111816,0.0052632459508644,english,0.06538084149360657,9db071da66e5b08a2abe0685a5f845403656201988e5785b221c48ed1333f97990248c8b62cede0628fac8a77ce4da5f3369ebcbc964bccfa6105243bccacdef,0.0052632459508644,0.7894298522367761,0.1493706269082355,0.0530496636790939,0.023855931672532,0.267974853515625,2.952,9db071da66e5b08a2abe0685a5f845403656201988e5785b221c48ed1333f97990248c8b62cede0628fac8a77ce4da5f3369ebcbc964bccfa6105243bccacdef,,,,,,,,
396,468d6a3b83f807ed964c180ed893ac7c39f9ea1860213261ed075ce3f8c1403d77bc8157c3ab2548bfbc7885be878a423b004a77cf28a7289421937952069126,english_griffinlim_eval_final/fake_english_griffinlim/english_fake_0396.wav,0,6.84,-3.5056710243225098,4.398306369781494,0.0838029094241485,english,-3.0006903409957886,468d6a3b83f807ed964c180ed893ac7c39f9ea1860213261ed075ce3f8c1403d77bc8157c3ab2548bfbc7885be878a423b004a77cf28a7289421937952069126,0.0838029094241485,0.7702497642063062,0.1874363141375823,0.0411786339804636,0.0711268829604277,0.624908447265625,6.84,468d6a3b83f807ed964c180ed893ac7c39f9ea1860213261ed075ce3f8c1403d77bc8157c3ab2548bfbc7885be878a423b004a77cf28a7289421937952069126,,,,,,,,
397,c859f1dc492a8e9413a34749630904890b746977e7d4fb95c880d9b7922a64768898b9fe3b4ce2545594cf348f57b2f1fecd1bcd1ca3764c112898bdcc83a4d0,english_griffinlim_eval_final/fake_english_griffinlim/english_fake_0397.wav,0,2.904,-1.3764300346374512,2.0086026191711426,0.0189689114936046,english,-0.87144935131073,c859f1dc492a8e9413a34749630904890b746977e7d4fb95c880d9b7922a64768898b9fe3b4ce2545594cf348f57b2f1fecd1bcd1ca3764c112898bdcc83a4d0,0.0189689114936046,0.6859610664471454,0.2843273160911566,0.0262755881139726,0.0391580207954111,0.413421630859375,2.904,c859f1dc492a8e9413a34749630904890b746977e7d4fb95c880d9b7922a64768898b9fe3b4ce2545594cf348f57b2f1fecd1bcd1ca3764c112898bdcc83a4d0,,,,,,,,
398,c6eceecdc22e807e0d317db6e61e72cd0a46a5de7754f298924605aca1a6811918cb0ed07e81be2f8bfd0e04546f7027ca3ad2fcb9a0bd5fbfc221c3914a7964,english_griffinlim_eval_final/fake_english_griffinlim/english_fake_0398.wav,0,3.216,-4.441026210784912,5.264078140258789,0.0048681585758356,english,-3.936045527458191,c6eceecdc22e807e0d317db6e61e72cd0a46a5de7754f298924605aca1a6811918cb0ed07e81be2f8bfd0e04546f7027ca3ad2fcb9a0bd5fbfc221c3914a7964,0.0048681585758356,0.9113651389607832,0.0785863882203838,0.0088354086523199,0.0687129113013598,0.6767578125,3.216,c6eceecdc22e807e0d317db6e61e72cd0a46a5de7754f298924605aca1a6811918cb0ed07e81be2f8bfd0e04546f7027ca3ad2fcb9a0bd5fbfc221c3914a7964,,,,,,,,
399,a8442571919d50789e5535ed9c5c0ef347a00ff065be1771dfbd75cf9a086e20990a40825c191717d3733ee3d1e1964c1ea296b6700e37b14d5a286b0f15006e,english_griffinlim_eval_final/fake_english_griffinlim/english_fake_0399.wav,0,4.632,-0.7031592130661011,1.1597250699996948,0.0187466489893069,english,-0.19817852973937988,a8442571919d50789e5535ed9c5c0ef347a00ff065be1771dfbd75cf9a086e20990a40825c191717d3733ee3d1e1964c1ea296b6700e37b14d5a286b0f15006e,0.0187466489893069,0.5805013826226167,0.3953643151457417,0.0211478366902576,0.0413023866040131,0.6632080078125,4.632,a8442571919d50789e5535ed9c5c0ef347a00ff065be1771dfbd75cf9a086e20990a40825c191717d3733ee3d1e1964c1ea296b6700e37b14d5a286b0f15006e,,,,,,,,
400,797876ebbfdd4a859548c9040a845cbbd07c5fa56dcb0d6642fe2a04d235741a6e7cb6483bd97a6d725c0da298a60c37bf2e8adadd74b8db114871d39bd93024,english_griffinlim_eval_final/fake_english_griffinlim/english_fake_0400.wav,0,6.216,-0.5481021404266357,1.1301263570785522,0.0028887703965317,english,-0.04312145709991455,797876ebbfdd4a859548c9040a845cbbd07c5fa56dcb0d6642fe2a04d235741a6e7cb6483bd97a6d725c0da298a60c37bf2e8adadd74b8db114871d39bd93024,0.0028887703965317,0.857078068825311,0.1052786224568013,0.0327214197904854,0.0315380807021061,0.45208740234375,6.216,797876ebbfdd4a859548c9040a845cbbd07c5fa56dcb0d6642fe2a04d235741a6e7cb6483bd97a6d725c0da298a60c37bf2e8adadd74b8db114871d39bd93024,,,,,,,,
401,2171e7f5b831cf25bd8dd5db58678b16340b3d7821f3fa45e0710841830a13f56b0a92796790e5e3cc18b20c522b24336afeaba54685d3535a4ce69013ae1291,english_griffinlim_eval_final/fake_english_griffinlim/english_fake_0401.wav,0,5.544,-0.649856448173523,1.079548716545105,0.0229488293781476,english,-0.14487576484680176,2171e7f5b831cf25bd8dd5db58678b16340b3d7821f3fa45e0710841830a13f56b0a92796790e5e3cc18b20c522b24336afeaba54685d3535a4ce69013ae1291,0.0229488293781476,0.7007973555984864,0.2366612614682792,0.0536147905811358,0.02123015655711,0.2222900390625,5.544,2171e7f5b831cf25bd8dd5db58678b16340b3d7821f3fa45e0710841830a13f56b0a92796790e5e3cc18b20c522b24336afeaba54685d3535a4ce69013ae1291,0.6179815626200713,0.3064617740156391,0.0755566633642894,0.7238089603183817,14.458148353317174,0.1507417256417328,0.4040526837142218,0.5731486744697601
402,8b907ead56d6387db8bbde04d050eb2ab502d41f74faa90585023c3f348d4f30254eaf3f992cf2f063e2d0f4945cf5336af1ba1759f5a429f25e0e111ae81b10,english_griffinlim_eval_final/fake_english_griffinlim/english_fake_0402.wav,0,3.816,-5.993002891540527,6.869606018066406,0.0936260326219908,english,-5.488022208213806,8b907ead56d6387db8bbde04d050eb2ab502d41f74faa90585023c3f348d4f30254eaf3f992cf2f063e2d0f4945cf5336af1ba1759f5a429f25e0e111ae81b10,0.0936260326219908,0.673756440598552,0.313199945168067,0.0112669825901121,0.0526939797209013,0.371917724609375,3.816,8b907ead56d6387db8bbde04d050eb2ab502d41f74faa90585023c3f348d4f30254eaf3f992cf2f063e2d0f4945cf5336af1ba1759f5a429f25e0e111ae81b10,,,,,,,,
403,0e6ec9bfb7f8c22563f28d52608c891dfd8db2d34b6a44c389bf97bd50185f89edb76c21cd9bb15ff64735f1b5afe34c94a1a693aa188fb04632e0d9500e82c3,english_griffinlim_eval_final/fake_english_griffinlim/english_fake_0403.wav,0,7.536,-5.242044925689697,6.050821304321289,0.0335512140183703,english,-4.737064242362976,0e6ec9bfb7f8c22563f28d52608c891dfd8db2d34b6a44c389bf97bd50185f89edb76c21cd9bb15ff64735f1b5afe34c94a1a693aa188fb04632e0d9500e82c3,0.0335512140183703,0.7542942221787547,0.2369174483115594,0.0081188034521585,0.085508082087791,0.990020751953125,7.536,0e6ec9bfb7f8c22563f28d52608c891dfd8db2d34b6a44c389bf97bd50185f89edb76c21cd9bb15ff64735f1b5afe34c94a1a693aa188fb04632e0d9500e82c3,,,,,,,,
404,d4036a6b127783052a9f6af22d352ad7003f705615a14bc0cab80eceaef6f9dc5aee06b9947284f9fac6d26ec7c282824427947e62fd02e3fd672f3366c43e55,english_griffinlim_eval_final/fake_english_griffinlim/english_fake_0404.wav,0,2.424,-1.7725673913955688,2.467792510986328,0.0444225593898507,english,-1.2675867080688477,d4036a6b127783052a9f6af22d352ad7003f705615a14bc0cab80eceaef6f9dc5aee06b9947284f9fac6d26ec7c282824427947e62fd02e3fd672f3366c43e55,0.0444225593898507,0.9829613928916764,0.0127816481594055,0.0036131510337674,0.1029033914098142,0.650360107421875,2.424,d4036a6b127783052a9f6af22d352ad7003f705615a14bc0cab80eceaef6f9dc5aee06b9947284f9fac6d26ec7c282824427947e62fd02e3fd672f3366c43e55,,,,,,,,
405,34896b6aef1b0a4c28b4c0c8fac8940730c5449b3ba2df4c991746f4d1d414aa46c1e3af7b7e640aea4f579edea4fb121642fede67c1f18d2a69060362a1df34,english_griffinlim_eval_final/fake_english_griffinlim/english_fake_0405.wav,0,7.224,-4.083518028259277,5.047000885009766,0.0064495455381841,english,-3.578537344932556,34896b6aef1b0a4c28b4c0c8fac8940730c5449b3ba2df4c991746f4d1d414aa46c1e3af7b7e640aea4f579edea4fb121642fede67c1f18d2a69060362a1df34,0.0064495455381841,0.8543395710172685,0.1231037704349519,0.019231914305767,0.0389111639309701,0.452056884765625,7.224,34896b6aef1b0a4c28b4c0c8fac8940730c5449b3ba2df4c991746f4d1d414aa46c1e3af7b7e640aea4f579edea4fb121642fede67c1f18d2a69060362a1df34,,,,,,,,
406,81f6c6f90817a8f196da1843163f8aeebc92a3ab259c95b0fa8803dcab26b190ccc5ff9531baae3a70e4523c599892277801a3de49d96e30c62c48d1d71287fd,english_griffinlim_eval_final/fake_english_griffinlim/english_fake_0406.wav,0,3.384,-3.3506245613098145,4.187779426574707,0.2602690501351796,english,-2.8456438779830933,81f6c6f90817a8f196da1843163f8aeebc92a3ab259c95b0fa8803dcab26b190ccc5ff9531baae3a70e4523c599892277801a3de49d96e30c62c48d1d71287fd,0.2602690501351796,0.4717221822110191,0.45692946525027,0.0705020687042371,0.0791048696463629,0.90972900390625,3.384,81f6c6f90817a8f196da1843163f8aeebc92a3ab259c95b0fa8803dcab26b190ccc5ff9531baae3a70e4523c599892277801a3de49d96e30c62c48d1d71287fd,,,,,,,,
407,17d3246fffd1ce5778735a5e5ed617ecd2ccd5c70d3bf40f374bd3056363e74f89a4d1de6d2ccc560fd8b022c51be051978533e8e445b2b1b08241d199dc7fe2,english_griffinlim_eval_final/fake_english_griffinlim/english_fake_0407.wav,0,7.632,-4.8744964599609375,5.765505790710449,0.0112719660016854,english,-4.369515776634216,17d3246fffd1ce5778735a5e5ed617ecd2ccd5c70d3bf40f374bd3056363e74f89a4d1de6d2ccc560fd8b022c51be051978533e8e445b2b1b08241d199dc7fe2,0.0112719660016854,0.9195144602500837,0.0408430628195905,0.0373343925851065,0.0501218610514512,0.448699951171875,7.632,17d3246fffd1ce5778735a5e5ed617ecd2ccd5c70d3bf40f374bd3056363e74f89a4d1de6d2ccc560fd8b022c51be051978533e8e445b2b1b08241d199dc7fe2,,,,,,,,
408,b87dd0680063cbd3dc57f5b9b20c14f020f511c3f18467d52e816db909dbe2be05b8ea36a4bca91179503817a1b093a9e6036abb514c6ad1aaf1ffa71b3d32ce,english_griffinlim_eval_final/fake_english_griffinlim/english_fake_0408.wav,0,4.968,-6.08660888671875,6.982633113861084,0.2227144257225113,english,-5.581628203392029,b87dd0680063cbd3dc57f5b9b20c14f020f511c3f18467d52e816db909dbe2be05b8ea36a4bca91179503817a1b093a9e6036abb514c6ad1aaf1ffa71b3d32ce,0.2227144257225113,0.5754053158965067,0.4047370927613266,0.0189662816094942,0.0764324797019133,0.740692138671875,4.968,b87dd0680063cbd3dc57f5b9b20c14f020f511c3f18467d52e816db909dbe2be05b8ea36a4bca91179503817a1b093a9e6036abb514c6ad1aaf1ffa71b3d32ce,,,,,,,,
409,329e341f220a279afcb76b1610eef8346b95f46e5d0321f3e1e96bf20aec793ecb0de75a2602ec372ad10b30a8025cd2103e7ebedc3c7c7c27bd046b2afeb84b,english_griffinlim_eval_final/fake_english_griffinlim/english_fake_0409.wav,0,4.584,-4.040364265441895,4.933628082275391,0.0079008403384024,english,-3.5353835821151742,329e341f220a279afcb76b1610eef8346b95f46e5d0321f3e1e96bf20aec793ecb0de75a2602ec372ad10b30a8025cd2103e7ebedc3c7c7c27bd046b2afeb84b,0.0079008403384024,0.8913530698646976,0.0798244052830172,0.0241602108240412,0.035893086717289,0.236541748046875,4.584,329e341f220a279afcb76b1610eef8346b95f46e5d0321f3e1e96bf20aec793ecb0de75a2602ec372ad10b30a8025cd2103e7ebedc3c7c7c27bd046b2afeb84b,,,,,,,,
410,1388cb1f3417dd1f60b17bda236dcc9ed5cfc93aa45619439319465dae04b2fe36c5f56a15a93d13bda5bff6903a4cf8b262a2748e39a2c4e3c3c552eaa167c3,english_griffinlim_eval_final/fake_english_griffinlim/english_fake_0410.wav,0,3.624,-5.015510082244873,5.698395729064941,0.2955913685939244,english,-4.510529398918152,1388cb1f3417dd1f60b17bda236dcc9ed5cfc93aa45619439319465dae04b2fe36c5f56a15a93d13bda5bff6903a4cf8b262a2748e39a2c4e3c3c552eaa167c3,0.2955913685939244,0.5011913280274256,0.3843164196352674,0.1134729927414805,0.068958855339256,0.747955322265625,3.624,1388cb1f3417dd1f60b17bda236dcc9ed5cfc93aa45619439319465dae04b2fe36c5f56a15a93d13bda5bff6903a4cf8b262a2748e39a2c4e3c3c552eaa167c3,,,,,,,,
411,7f692d68de3264ccd32c3cb66ee688bdbd616196a1bc4cde7f8851ec28a5310fc9251829b7cffe7c3c24f385696bb5696cb321ccee36f4b25abbc1af9fb42db4,english_griffinlim_eval_final/fake_english_griffinlim/english_fake_0411.wav,0,4.284,-4.804941177368164,5.680380344390869,0.0135911844055837,english,-4.299960494041443,7f692d68de3264ccd32c3cb66ee688bdbd616196a1bc4cde7f8851ec28a5310fc9251829b7cffe7c3c24f385696bb5696cb321ccee36f4b25abbc1af9fb42db4,0.0135911844055837,0.7953177559345201,0.1585110750011968,0.0431025493440511,0.0410128874201334,0.38348388671875,4.284,7f692d68de3264ccd32c3cb66ee688bdbd616196a1bc4cde7f8851ec28a5310fc9251829b7cffe7c3c24f385696bb5696cb321ccee36f4b25abbc1af9fb42db4,,,,,,,,
412,59a91e5a9add4b651a12a8922a9aa25f7f78a0654e1dcfb6112d9163608f0535175b1c5ce3bddebdef29392dd94750c1e6b600ec2976aef79f4a755f1f82beb0,english_griffinlim_eval_final/fake_english_griffinlim/english_fake_0412.wav,0,6.912,-4.258445739746094,5.055936813354492,0.0228115844963958,english,-3.7534650564193726,59a91e5a9add4b651a12a8922a9aa25f7f78a0654e1dcfb6112d9163608f0535175b1c5ce3bddebdef29392dd94750c1e6b600ec2976aef79f4a755f1f82beb0,0.0228115844963958,0.9187762699501596,0.0720203621024747,0.0080631020857362,0.0717319685630416,0.58221435546875,6.912,59a91e5a9add4b651a12a8922a9aa25f7f78a0654e1dcfb6112d9163608f0535175b1c5ce3bddebdef29392dd94750c1e6b600ec2976aef79f4a755f1f82beb0,0.8175598660523214,0.1388777047425699,0.0435624292051086,0.6982251833821036,14.61204939295055,0.1318751783142406,0.3667339405925789,0.5332777919840602
413,6f539d306a5507913a18d0829b4764a73a677fd4cfdb6f41017e52e026b7e1984e3466f23e52fc9fc4f521510255429815c0090953855c329512e1417ec80801,english_griffinlim_eval_final/fake_english_griffinlim/english_fake_0413.wav,0,2.232,-0.0307216309010982,0.0104725956916809,0.0091331301316123,english,0.474259052425623,6f539d306a5507913a18d0829b4764a73a677fd4cfdb6f41017e52e026b7e1984e3466f23e52fc9fc4f521510255429815c0090953855c329512e1417ec80801,0.0091331301316123,0.7658563952151421,0.1664977001124722,0.057480844709554,0.019884840529737,0.141815185546875,2.232,6f539d306a5507913a18d0829b4764a73a677fd4cfdb6f41017e52e026b7e1984e3466f23e52fc9fc4f521510255429815c0090953855c329512e1417ec80801,0.7037324472379868,0.212980928405971,0.0832866243560421,0.6950973240135006,14.60895502082406,0.1386236883658938,0.3717683599463176,0.534839548794187
414,820ec36419594a6c63791c5e5067df07b7962e7082a7b3e5b7039d847a74ea98b5ea1b50a33ebdda55d994fb764885ef4cce4af154dc886cc0d8465529b345dd,english_griffinlim_eval_final/fake_english_griffinlim/english_fake_0414.wav,0,3.528,-2.4535117149353027,3.159114360809326,0.0324537638119227,english,-1.9485310316085815,820ec36419594a6c63791c5e5067df07b7962e7082a7b3e5b7039d847a74ea98b5ea1b50a33ebdda55d994fb764885ef4cce4af154dc886cc0d8465529b345dd,0.0324537638119227,0.6825739915932278,0.2273242809951189,0.0833736297526319,0.025206505658087,0.216217041015625,3.528,820ec36419594a6c63791c5e5067df07b7962e7082a7b3e5b7039d847a74ea98b5ea1b50a33ebdda55d994fb764885ef4cce4af154dc886cc0d8465529b345dd,,,,,,,,
415,fab4fe7d76806a557d22302117fc50c25fa30abe22679a5aa6b6940f30b12fd47c2c5b4e21f7cc3699132b8dee7c39ec0f9272530ca6e2d311e96bc7e88d40e8,english_griffinlim_eval_final/fake_english_griffinlim/english_fake_0415.wav,0,4.584,-5.668158531188965,6.49709415435791,0.0139724425128789,english,-5.163177847862244,fab4fe7d76806a557d22302117fc50c25fa30abe22679a5aa6b6940f30b12fd47c2c5b4e21f7cc3699132b8dee7c39ec0f9272530ca6e2d311e96bc7e88d40e8,0.0139724425128789,0.9166524288820912,0.0565040736155731,0.0262397647120392,0.099525236067621,0.989990234375,4.584,fab4fe7d76806a557d22302117fc50c25fa30abe22679a5aa6b6940f30b12fd47c2c5b4e21f7cc3699132b8dee7c39ec0f9272530ca6e2d311e96bc7e88d40e8,0.8410134301799934,0.1064123691199124,0.052574200700094,0.7143055055189558,14.51292520620942,0.1456895575218879,0.3898804269339149,0.5580534822728511
416,9a53ba0f860d523e57d36cc7d2297416e0168dffaf95ed4099fb0eead4446761807ebfff8bfd830b1ab946bfd826885f018ecf7a7af0d44ef9c6af10fe7d1f5a,english_griffinlim_eval_final/fake_english_griffinlim/english_fake_0416.wav,0,3.024,-3.3816380500793457,4.234294891357422,0.0030791561694512,english,-2.8766573667526245,9a53ba0f860d523e57d36cc7d2297416e0168dffaf95ed4099fb0eead4446761807ebfff8bfd830b1ab946bfd826885f018ecf7a7af0d44ef9c6af10fe7d1f5a,0.0030791561694512,0.9556728633934796,0.0312672014882848,0.0118832098536584,0.0754954453836621,0.769744873046875,3.024,9a53ba0f860d523e57d36cc7d2297416e0168dffaf95ed4099fb0eead4446761807ebfff8bfd830b1ab946bfd826885f018ecf7a7af0d44ef9c6af10fe7d1f5a,,,,,,,,
417,70c21ca1cc3de05f3c23b11615cd7d5dd078e03cda0cd46224c802cb358d2bddc9df76042f0f15fe5c3d655d19f20193db107b130128af209e229afabf047b54,english_griffinlim_eval_final/fake_english_griffinlim/english_fake_0417.wav,0,2.64,4.639822483062744,-5.82003927230835,0.0474369630645127,english,5.144803166389465,70c21ca1cc3de05f3c23b11615cd7d5dd078e03cda0cd46224c802cb358d2bddc9df76042f0f15fe5c3d655d19f20193db107b130128af209e229afabf047b54,0.0474369630645127,0.6084516837955335,0.2568308973995921,0.1122944115612876,0.0102715000726266,0.049957275390625,2.64,70c21ca1cc3de05f3c23b11615cd7d5dd078e03cda0cd46224c802cb358d2bddc9df76042f0f15fe5c3d655d19f20193db107b130128af209e229afabf047b54,,,,,,,,
418,490c9409b48b9f604648738115d0e1d9edd485a4d3c5e6c195a479e8800af2f5191f25dbe45a0bd161dded421bdc08b651c1993c861da76328a5c31990f4233f,english_griffinlim_eval_final/fake_english_griffinlim/english_fake_0418.wav,0,6.504,-2.5547337532043457,3.3297600746154785,0.0177658403032565,english,-2.0497530698776245,490c9409b48b9f604648738115d0e1d9edd485a4d3c5e6c195a479e8800af2f5191f25dbe45a0bd161dded421bdc08b651c1993c861da76328a5c31990f4233f,0.0177658403032565,0.7657100173491368,0.2178134001384361,0.0147806176813618,0.0563190564172506,0.643768310546875,6.504,490c9409b48b9f604648738115d0e1d9edd485a4d3c5e6c195a479e8800af2f5191f25dbe45a0bd161dded421bdc08b651c1993c861da76328a5c31990f4233f,,,,,,,,
419,b6245332d4bf33d8f3e5954b0839a1e36dce401840294260f16179ee3e9441deeb35f84aa146309bd113a647baf7ef33a72d9616b56669187c6ee4de014651da,english_griffinlim_eval_final/fake_english_griffinlim/english_fake_0419.wav,0,5.064,-6.069722652435303,6.9738311767578125,0.7699272472981199,english,-5.5647419691085815,b6245332d4bf33d8f3e5954b0839a1e36dce401840294260f16179ee3e9441deeb35f84aa146309bd113a647baf7ef33a72d9616b56669187c6ee4de014651da,0.7699272472981199,0.4784772339077286,0.2422036811347243,0.2783131548291853,0.0699646282808756,0.689483642578125,5.064,b6245332d4bf33d8f3e5954b0839a1e36dce401840294260f16179ee3e9441deeb35f84aa146309bd113a647baf7ef33a72d9616b56669187c6ee4de014651da,,,,,,,,
420,03de560328d44ed017ad5df9acda93dff48ac6a415326694f235220dd5248dd2e49e0723a282b65a750ae5adfd04727091ce4250e16c8a71f87928c1bb248b62,english_griffinlim_eval_final/fake_english_griffinlim/english_fake_0420.wav,0,4.848,4.521932125091553,-5.696027755737305,0.0319561313213992,english,5.026912808418274,03de560328d44ed017ad5df9acda93dff48ac6a415326694f235220dd5248dd2e49e0723a282b65a750ae5adfd04727091ce4250e16c8a71f87928c1bb248b62,0.0319561313213992,0.7060749168900432,0.2518423128823424,0.0354334497218626,0.0282496182816118,0.2176513671875,4.848,03de560328d44ed017ad5df9acda93dff48ac6a415326694f235220dd5248dd2e49e0723a282b65a750ae5adfd04727091ce4250e16c8a71f87928c1bb248b62,,,,,,,,
421,5685d74be959538c6a45fc99b25417102c81b16f0d340d47251f5f847f17dfce5874a77317b3e53003011401d8ad939fec77af3d0b93838dec791f86bd6c2593,english_griffinlim_eval_final/fake_english_griffinlim/english_fake_0421.wav,0,7.38,-5.000101089477539,5.779132843017578,0.0216169883788185,english,-4.495120406150818,5685d74be959538c6a45fc99b25417102c81b16f0d340d47251f5f847f17dfce5874a77317b3e53003011401d8ad939fec77af3d0b93838dec791f86bd6c2593,0.0216169883788185,0.8126492373823198,0.1816511863533876,0.0051762965194821,0.0875991581505306,0.989990234375,7.38,5685d74be959538c6a45fc99b25417102c81b16f0d340d47251f5f847f17dfce5874a77317b3e53003011401d8ad939fec77af3d0b93838dec791f86bd6c2593,,,,,,,,
422,9b90df6c08143f35da9d96f2be91c232e3b620f28c0a40556b25458a2c3b25932fe3b9de3872f807ec1bc35ce26a29d773875f92e04f96bf1de34ccfa63d9553,english_griffinlim_eval_final/fake_english_griffinlim/english_fake_0422.wav,0,4.68,-5.656037330627441,6.508395671844482,0.0659918307759026,english,-5.15105664730072,9b90df6c08143f35da9d96f2be91c232e3b620f28c0a40556b25458a2c3b25932fe3b9de3872f807ec1bc35ce26a29d773875f92e04f96bf1de34ccfa63d9553,0.0659918307759026,0.81079236366851,0.0394674822458095,0.1486285093357945,0.0719025792735967,0.652496337890625,4.68,9b90df6c08143f35da9d96f2be91c232e3b620f28c0a40556b25458a2c3b25932fe3b9de3872f807ec1bc35ce26a29d773875f92e04f96bf1de34ccfa63d9553,,,,,,,,
423,16407ab9e237bd10bf45338224524ebc08d8748b00256d2b2f58b738cf237296062fc8554a0a63e83d9f34c3ef22004134cffa980958f4fb1f375a565ab77796,english_griffinlim_eval_final/fake_english_griffinlim/english_fake_0423.wav,0,2.808,-0.7449514865875244,1.3737843036651611,0.0084991841904753,english,-0.23997080326080322,16407ab9e237bd10bf45338224524ebc08d8748b00256d2b2f58b738cf237296062fc8554a0a63e83d9f34c3ef22004134cffa980958f4fb1f375a565ab77796,0.0084991841904753,0.811924169799128,0.1354528788752242,0.0451179398446235,0.0248275075697536,0.157684326171875,2.808,16407ab9e237bd10bf45338224524ebc08d8748b00256d2b2f58b738cf237296062fc8554a0a63e83d9f34c3ef22004134cffa980958f4fb1f375a565ab77796,,,,,,,,
424,a26ec48a5f949e4ab6bac3205e8cf1592492142d728cab3adacee963c79d847085c220bb58a8e349c50950866e3bb106368c5768aa3f3b865f1225466cc15efe,english_griffinlim_eval_final/fake_english_griffinlim/english_fake_0424.wav,0,3.24,-5.47864294052124,6.324485778808594,0.0123423589334619,english,-4.973662257194519,a26ec48a5f949e4ab6bac3205e8cf1592492142d728cab3adacee963c79d847085c220bb58a8e349c50950866e3bb106368c5768aa3f3b865f1225466cc15efe,0.0123423589334619,0.8233767279117559,0.138678640892917,0.0373971796107795,0.0898193945758533,0.990020751953125,3.24,a26ec48a5f949e4ab6bac3205e8cf1592492142d728cab3adacee963c79d847085c220bb58a8e349c50950866e3bb106368c5768aa3f3b865f1225466cc15efe,,,,,,,,
425,4de4d5c48347e463842ec58420166744aef3bdbd94da13bfc16bd4a3330ebf4a4b5b7606920c27349b7132db50a318637437457a61ba4910b8fa72c54b3f4cce,english_griffinlim_eval_final/fake_english_griffinlim/english_fake_0425.wav,0,4.344,-6.072793960571289,6.950963497161865,0.0214131466893506,english,-5.567813277244568,4de4d5c48347e463842ec58420166744aef3bdbd94da13bfc16bd4a3330ebf4a4b5b7606920c27349b7132db50a318637437457a61ba4910b8fa72c54b3f4cce,0.0214131466893506,0.769928498037824,0.2143694698317785,0.0144746095022241,0.067723144528332,0.693267822265625,4.344,4de4d5c48347e463842ec58420166744aef3bdbd94da13bfc16bd4a3330ebf4a4b5b7606920c27349b7132db50a318637437457a61ba4910b8fa72c54b3f4cce,,,,,,,,
426,70c21ca1cc3de05f3c23b11615cd7d5dd078e03cda0cd46224c802cb358d2bddc9df76042f0f15fe5c3d655d19f20193db107b130128af209e229afabf047b54,english_griffinlim_eval_final/fake_english_griffinlim/english_fake_0426.wav,0,6.504,-5.997851848602295,6.899398326873779,0.951033441126406,english,-5.492871165275574,70c21ca1cc3de05f3c23b11615cd7d5dd078e03cda0cd46224c802cb358d2bddc9df76042f0f15fe5c3d655d19f20193db107b130128af209e229afabf047b54,0.951033441126406,0.9423436507226884,0.0492867827516258,0.0081967363623287,0.1815697727185895,0.989990234375,6.504,70c21ca1cc3de05f3c23b11615cd7d5dd078e03cda0cd46224c802cb358d2bddc9df76042f0f15fe5c3d655d19f20193db107b130128af209e229afabf047b54,,,,,,,,
427,959c769d9a0863ebd10e46ba1e1e76b06250e53d5c5baab568fa47e09785ac1298a229d104c41a297faa1d3115cf601810b3b11366da8a2af3b2f450aab3f040,english_griffinlim_eval_final/fake_english_griffinlim/english_fake_0427.wav,0,4.992,-0.7175915241241455,0.7621989846229553,0.0136759604633878,english,-0.21261084079742432,959c769d9a0863ebd10e46ba1e1e76b06250e53d5c5baab568fa47e09785ac1298a229d104c41a297faa1d3115cf601810b3b11366da8a2af3b2f450aab3f040,0.0136759604633878,0.7840128328730711,0.1507884645761502,0.0638530415434307,0.0733990140582118,0.8936767578125,4.992,959c769d9a0863ebd10e46ba1e1e76b06250e53d5c5baab568fa47e09785ac1298a229d104c41a297faa1d3115cf601810b3b11366da8a2af3b2f450aab3f040,0.8247479098344314,0.1286158169728029,0.0466362731927657,0.7000218029897443,14.524711170148205,0.1645412572286384,0.4000381104153512,0.5527095631295849
428,c6387c24e088b029ec8883b434561af32c9a66d213da68c4b104345a0d3f9eb5f8e9e9a48f38dc58a04f244c36b6dac606c5102dcb80951f94b2269c1af30e77,english_griffinlim_eval_final/fake_english_griffinlim/english_fake_0428.wav,0,4.032,-0.5625418424606323,1.0174976587295532,0.0107091186396278,english,-0.05756115913391113,c6387c24e088b029ec8883b434561af32c9a66d213da68c4b104345a0d3f9eb5f8e9e9a48f38dc58a04f244c36b6dac606c5102dcb80951f94b2269c1af30e77,0.0107091186396278,0.7987769013605845,0.1392409843856691,0.0581006799174615,0.0354712961102171,0.345977783203125,4.032,c6387c24e088b029ec8883b434561af32c9a66d213da68c4b104345a0d3f9eb5f8e9e9a48f38dc58a04f244c36b6dac606c5102dcb80951f94b2269c1af30e77,,,,,,,,
429,a69b78a5b405ec7ecbc99ce1b2a7c8d6a27d871eaabfa4217f9b59125c9a0f77503f07218d5ec5f14a6da2006ddf8e3af363ce4d017b468d0a7428dc2ff30d66,english_griffinlim_eval_final/fake_english_griffinlim/english_fake_0429.wav,0,4.176,-3.724677801132202,4.5446319580078125,0.274327456877605,english,-3.219697117805481,a69b78a5b405ec7ecbc99ce1b2a7c8d6a27d871eaabfa4217f9b59125c9a0f77503f07218d5ec5f14a6da2006ddf8e3af363ce4d017b468d0a7428dc2ff30d66,0.274327456877605,0.6092646650202741,0.2587760907647354,0.1312253475280511,0.0826734370696057,0.820281982421875,4.176,a69b78a5b405ec7ecbc99ce1b2a7c8d6a27d871eaabfa4217f9b59125c9a0f77503f07218d5ec5f14a6da2006ddf8e3af363ce4d017b468d0a7428dc2ff30d66,,,,,,,,
430,7cda6195ab82a43eb94ae586c0d8f99e6518202e211b9f150d4a009d0055b2231cfbc2e4b579eb834e08126f60521e1999da386154ed7fb51a9dc008abf08ece,english_griffinlim_eval_final/fake_english_griffinlim/english_fake_0430.wav,0,3.06,-2.7625789642333984,3.480435371398926,0.0096570119308684,english,-2.2575982809066772,7cda6195ab82a43eb94ae586c0d8f99e6518202e211b9f150d4a009d0055b2231cfbc2e4b579eb834e08126f60521e1999da386154ed7fb51a9dc008abf08ece,0.0096570119308684,0.9601372540108168,0.0234925239695478,0.0153645589661124,0.0763248799735618,0.598236083984375,3.06,7cda6195ab82a43eb94ae586c0d8f99e6518202e211b9f150d4a009d0055b2231cfbc2e4b579eb834e08126f60521e1999da386154ed7fb51a9dc008abf08ece,,,,,,,,
431,cf166b2a376b2518887f5a2e3c347a69f495260309ac27cc1b860d599c86cf85ebf2f20f4dbee126894eecf204d9ef657ffd494c46e75ba0d5c4a227396385eb,english_griffinlim_eval_final/fake_english_griffinlim/english_fake_0431.wav,0,5.436,-6.007837772369385,6.99749755859375,0.0373556534631955,english,-5.502857089042664,cf166b2a376b2518887f5a2e3c347a69f495260309ac27cc1b860d599c86cf85ebf2f20f4dbee126894eecf204d9ef657ffd494c46e75ba0d5c4a227396385eb,0.0373556534631955,0.9160922176741416,0.0710816596797609,0.0124052186371166,0.1099381908443541,0.989990234375,5.436,cf166b2a376b2518887f5a2e3c347a69f495260309ac27cc1b860d599c86cf85ebf2f20f4dbee126894eecf204d9ef657ffd494c46e75ba0d5c4a227396385eb,,,,,,,,
432,1e96e4da92f5ad7a12b21e433d0465b8bc50e14d8da7f1f0e7bae2a15ff6443e2f244d995e7969deb2f6a4a0cf06fa4fb629e247c4815fe3e4e80ad25247b55d,english_griffinlim_eval_final/fake_english_griffinlim/english_fake_0432.wav,0,2.832,-0.5545390844345093,0.9331199526786804,0.0085389858041472,english,-0.049558401107788086,1e96e4da92f5ad7a12b21e433d0465b8bc50e14d8da7f1f0e7bae2a15ff6443e2f244d995e7969deb2f6a4a0cf06fa4fb629e247c4815fe3e4e80ad25247b55d,0.0085389858041472,0.7700519657265742,0.1521482388268238,0.0664573767944989,0.0176926637063879,0.14361572265625,2.832,1e96e4da92f5ad7a12b21e433d0465b8bc50e14d8da7f1f0e7bae2a15ff6443e2f244d995e7969deb2f6a4a0cf06fa4fb629e247c4815fe3e4e80ad25247b55d,,,,,,,,
433,bfa46e4905ae85ce085800b03f8bc77ff9b8eb2ef591b35335ff6baf2bd034e2ddcdf24d02e9c82f99ca770b584e45732bc15cf409aa12485ad9e5c1e06c368b,english_griffinlim_eval_final/fake_english_griffinlim/english_fake_0433.wav,0,2.976,-0.4937539100646972,0.7989153265953064,0.0582308529899198,english,0.011226773262023981,bfa46e4905ae85ce085800b03f8bc77ff9b8eb2ef591b35335ff6baf2bd034e2ddcdf24d02e9c82f99ca770b584e45732bc15cf409aa12485ad9e5c1e06c368b,0.0582308529899198,0.5863239265227941,0.3013425230440985,0.0941253774795048,0.0123852210157197,0.076324462890625,2.976,bfa46e4905ae85ce085800b03f8bc77ff9b8eb2ef591b35335ff6baf2bd034e2ddcdf24d02e9c82f99ca770b584e45732bc15cf409aa12485ad9e5c1e06c368b,,,,,,,,
434,29b8505586cd43382cd695da6b943f401104be710a5b60e814ac5fe7e06b39459cf8fe1701ca83f8154b3ccd749df7c2aef33ff23950bb1a135b1e1c393dbcf6,english_griffinlim_eval_final/fake_english_griffinlim/english_fake_0434.wav,0,7.248,-5.917086601257324,6.780716896057129,0.432695095646988,english,-5.412105917930603,29b8505586cd43382cd695da6b943f401104be710a5b60e814ac5fe7e06b39459cf8fe1701ca83f8154b3ccd749df7c2aef33ff23950bb1a135b1e1c393dbcf6,0.432695095646988,0.7955174863246882,0.199326356639826,0.0049672429276237,0.1263470505880962,0.990020751953125,7.248,29b8505586cd43382cd695da6b943f401104be710a5b60e814ac5fe7e06b39459cf8fe1701ca83f8154b3ccd749df7c2aef33ff23950bb1a135b1e1c393dbcf6,,,,,,,,
435,a0c8e2723ce5107d9750aa59130cb600b8b81f4d01796d95d3ce91700595e3e49920c08d19dc304111154f0c1f6baa3f78c5d57a2259192f54fe4b946ecf7022,english_griffinlim_eval_final/fake_english_griffinlim/english_fake_0435.wav,0,6.948,-1.2081764936447144,1.7010799646377563,0.1853472020700898,english,-0.7031958103179932,a0c8e2723ce5107d9750aa59130cb600b8b81f4d01796d95d3ce91700595e3e49920c08d19dc304111154f0c1f6baa3f78c5d57a2259192f54fe4b946ecf7022,0.1853472020700898,0.76472746782845,0.1658344284457094,0.0685396993147958,0.0793597901864065,0.635986328125,6.948,a0c8e2723ce5107d9750aa59130cb600b8b81f4d01796d95d3ce91700595e3e49920c08d19dc304111154f0c1f6baa3f78c5d57a2259192f54fe4b946ecf7022,,,,,,,,
436,d4e591b347d7705034b844ccc668be0368b5e352ae553a75f4e44d9651b5fe8f57e291a5eec19f60e0d2b227ced5029974634bb172352e95b8cb56ffca59e41f,english_griffinlim_eval_final/fake_english_griffinlim/english_fake_0436.wav,0,5.256,-5.937382221221924,6.7913970947265625,0.0640090938411547,english,-5.432401537895203,d4e591b347d7705034b844ccc668be0368b5e352ae553a75f4e44d9651b5fe8f57e291a5eec19f60e0d2b227ced5029974634bb172352e95b8cb56ffca59e41f,0.0640090938411547,0.8819479084914493,0.0531869727308625,0.0640942470940664,0.0870848212612055,0.686676025390625,5.256,d4e591b347d7705034b844ccc668be0368b5e352ae553a75f4e44d9651b5fe8f57e291a5eec19f60e0d2b227ced5029974634bb172352e95b8cb56ffca59e41f,,,,,,,,
437,80b40ae61f62f3236401f8401666e174535ce1f13b541a621d007e84cf711cafe4a0f24c4cf1087d4675fe2af61fa9ef2908cb264b1879910973be1119951886,english_griffinlim_eval_final/fake_english_griffinlim/english_fake_0437.wav,0,6.816,-4.674396514892578,5.448443412780762,0.0161981724836773,english,-4.169415831565857,80b40ae61f62f3236401f8401666e174535ce1f13b541a621d007e84cf711cafe4a0f24c4cf1087d4675fe2af61fa9ef2908cb264b1879910973be1119951886,0.0161981724836773,0.8768648867186143,0.1015825781767377,0.0201634148081233,0.066519112567119,0.640380859375,6.816,80b40ae61f62f3236401f8401666e174535ce1f13b541a621d007e84cf711cafe4a0f24c4cf1087d4675fe2af61fa9ef2908cb264b1879910973be1119951886,,,,,,,,
438,a1573f20b82d1823b5a8db60e86c33cc97b7f9218ef77edbb9526d7bc1d4fbfacd6c436ea0e25b86a5cb79c59593ca09407b67e2256d712f76912fc86c8a76df,english_griffinlim_eval_final/fake_english_griffinlim/english_fake_0438.wav,0,3.864,-0.5705282092094421,1.097684383392334,0.0038918010062082,english,-0.06554752588272095,a1573f20b82d1823b5a8db60e86c33cc97b7f9218ef77edbb9526d7bc1d4fbfacd6c436ea0e25b86a5cb79c59593ca09407b67e2256d712f76912fc86c8a76df,0.0038918010062082,0.9146421080025284,0.0628731603321766,0.01920327108088,0.0415689455509528,0.362640380859375,3.864,a1573f20b82d1823b5a8db60e86c33cc97b7f9218ef77edbb9526d7bc1d4fbfacd6c436ea0e25b86a5cb79c59593ca09407b67e2256d712f76912fc86c8a76df,,,,,,,,
439,c98ce3c8e5d55def2b0e784870c0cc95246ed63e1f53e51752da84121ef477faa950220894571bde1448e58405c1f077d6871f1dc2a00061f7005928a2880ccb,english_griffinlim_eval_final/fake_english_griffinlim/english_fake_0439.wav,0,6.192,-5.866654872894287,6.768437385559082,0.0088806643508806,english,-5.361674189567566,c98ce3c8e5d55def2b0e784870c0cc95246ed63e1f53e51752da84121ef477faa950220894571bde1448e58405c1f077d6871f1dc2a00061f7005928a2880ccb,0.0088806643508806,0.9467040447619616,0.0479597265149779,0.0045216818198729,0.085637325239132,0.85357666015625,6.192,c98ce3c8e5d55def2b0e784870c0cc95246ed63e1f53e51752da84121ef477faa950220894571bde1448e58405c1f077d6871f1dc2a00061f7005928a2880ccb,,,,,,,,
440,cb041e59d22a86e7d4fee87cecfb8188b438b22cc64a510351c1dcfb320c675bfa0b4814ad22524f1a569ad332a4da8d9e8848d84ad49e63ce940e3abbf558f5,english_griffinlim_eval_final/fake_english_griffinlim/english_fake_0440.wav,0,6.588,-2.17165470123291,3.073176860809326,0.0228526747003862,english,-1.666674017906189,cb041e59d22a86e7d4fee87cecfb8188b438b22cc64a510351c1dcfb320c675bfa0b4814ad22524f1a569ad332a4da8d9e8848d84ad49e63ce940e3abbf558f5,0.0228526747003862,0.8177059239105647,0.1522791180826199,0.0276152776446212,0.050863994316679,0.461578369140625,6.588,cb041e59d22a86e7d4fee87cecfb8188b438b22cc64a510351c1dcfb320c675bfa0b4814ad22524f1a569ad332a4da8d9e8848d84ad49e63ce940e3abbf558f5,,,,,,,,
441,6bc01ab25300086ec3cf94e8ca3fb50aac19b413564602dfd674fd1104663f7bd8d1ed480ebbdbe3a672c55950e644594c8f5e5f7b5cbd75d4aa94cabb7081e8,english_griffinlim_eval_final/fake_english_griffinlim/english_fake_0441.wav,0,7.128,-4.784613609313965,5.673295974731445,0.0158031998120347,english,-4.279632925987244,6bc01ab25300086ec3cf94e8ca3fb50aac19b413564602dfd674fd1104663f7bd8d1ed480ebbdbe3a672c55950e644594c8f5e5f7b5cbd75d4aa94cabb7081e8,0.0158031998120347,0.8258784130008429,0.168193887177403,0.0053885970031484,0.0860576504247913,0.989990234375,7.128,6bc01ab25300086ec3cf94e8ca3fb50aac19b413564602dfd674fd1104663f7bd8d1ed480ebbdbe3a672c55950e644594c8f5e5f7b5cbd75d4aa94cabb7081e8,0.7979599603151086,0.1708476573093819,0.0311923823755094,0.6910487737316624,14.653311985484288,0.1268893385750622,0.3535685833406848,0.5180568571461401
442,22d70085d0f069350397b476ee8efd3fdd9511371effbbe79af1ed476818fe5be5d9f68fa88631b5c6a58fbda6b4b48b4a728431bd8b5412b4392fdd87a8c680,english_griffinlim_eval_final/fake_english_griffinlim/english_fake_0442.wav,0,5.148,0.7793239951133728,-1.2006999254226685,0.0471521420292231,english,1.284304678440094,22d70085d0f069350397b476ee8efd3fdd9511371effbbe79af1ed476818fe5be5d9f68fa88631b5c6a58fbda6b4b48b4a728431bd8b5412b4392fdd87a8c680,0.0471521420292231,0.7365158569084758,0.1432925124084414,0.1152009302918207,0.030485942131532,0.23114013671875,5.148,22d70085d0f069350397b476ee8efd3fdd9511371effbbe79af1ed476818fe5be5d9f68fa88631b5c6a58fbda6b4b48b4a728431bd8b5412b4392fdd87a8c680,,,,,,,,
443,e2b25b63d51bc81dc2c9a756699f1535212beb8c61b684eae202243d5dbfd4efb2a7fabe022f1d7458169ad56cebd5da6c5cd935d2fd29ed9dfb192934e4f223,english_griffinlim_eval_final/fake_english_griffinlim/english_fake_0443.wav,0,7.584,-4.130099296569824,5.01015043258667,0.0207845678588758,english,-3.625118613243103,e2b25b63d51bc81dc2c9a756699f1535212beb8c61b684eae202243d5dbfd4efb2a7fabe022f1d7458169ad56cebd5da6c5cd935d2fd29ed9dfb192934e4f223,0.0207845678588758,0.8251628674878148,0.146910055903349,0.0244100003508192,0.0376521638219574,0.311309814453125,7.584,e2b25b63d51bc81dc2c9a756699f1535212beb8c61b684eae202243d5dbfd4efb2a7fabe022f1d7458169ad56cebd5da6c5cd935d2fd29ed9dfb192934e4f223,,,,,,,,
444,9550a590a3453307aad258d9efa73a347bbdcf4e358f379691ff80c24674c39d41a82fb6f6840f771d2377fb634243c9f01feb7aec1fc6a0f0aa51e14d4edbc0,english_griffinlim_eval_final/fake_english_griffinlim/english_fake_0444.wav,0,4.776,-5.018054008483887,5.903346061706543,0.0238516642580135,english,-4.5130733251571655,9550a590a3453307aad258d9efa73a347bbdcf4e358f379691ff80c24674c39d41a82fb6f6840f771d2377fb634243c9f01feb7aec1fc6a0f0aa51e14d4edbc0,0.0238516642580135,0.8599195319335264,0.1116023002493959,0.0268013067990404,0.0566807414003362,0.408447265625,4.776,9550a590a3453307aad258d9efa73a347bbdcf4e358f379691ff80c24674c39d41a82fb6f6840f771d2377fb634243c9f01feb7aec1fc6a0f0aa51e14d4edbc0,,,,,,,,
445,1d8a5a86ea20aa36ecf601cae7c6cdaf25cface549454f3f365cdd1a36c0d36008c4f37b5c9f9823f50bc946fadd1f803ef7a70f74f613d2eedfd455caa9e595,english_griffinlim_eval_final/fake_english_griffinlim/english_fake_0445.wav,0,7.68,-5.933056831359863,6.797832489013672,0.6118628824668644,english,-5.428076148033142,1d8a5a86ea20aa36ecf601cae7c6cdaf25cface549454f3f365cdd1a36c0d36008c4f37b5c9f9823f50bc946fadd1f803ef7a70f74f613d2eedfd455caa9e595,0.6118628824668644,0.6269754760852738,0.319431451893472,0.0532012567648344,0.1107375253536662,0.990020751953125,7.68,1d8a5a86ea20aa36ecf601cae7c6cdaf25cface549454f3f365cdd1a36c0d36008c4f37b5c9f9823f50bc946fadd1f803ef7a70f74f613d2eedfd455caa9e595,,,,,,,,
446,70d4207158e7e25ef4d553a12d38890409e9c1132e7b513a1c58aa7cd8fdfbc9375d4ccdea1ca89567d089037ff96e2aa0cfe5e6dd9f2ccd33094ddda84a2228,english_griffinlim_eval_final/fake_english_griffinlim/english_fake_0446.wav,0,5.94,-4.495896816253662,5.253742694854736,0.0037394338222396,english,-3.990916132926941,70d4207158e7e25ef4d553a12d38890409e9c1132e7b513a1c58aa7cd8fdfbc9375d4ccdea1ca89567d089037ff96e2aa0cfe5e6dd9f2ccd33094ddda84a2228,0.0037394338222396,0.9259324291850848,0.0595900817136174,0.0130158052655287,0.0622471878195552,0.70037841796875,5.94,70d4207158e7e25ef4d553a12d38890409e9c1132e7b513a1c58aa7cd8fdfbc9375d4ccdea1ca89567d089037ff96e2aa0cfe5e6dd9f2ccd33094ddda84a2228,,,,,,,,
447,c46b47eb5d1c58daa8212ea8ef73c27d0f4ff0f44d8a0e63b0f3114f7a4f2074e010af4cb5df24bbf29dc3e0fd52f637964602d3f50fa1007a3bc2bd7dbb9690,english_griffinlim_eval_final/fake_english_griffinlim/english_fake_0447.wav,0,3.096,-4.677334785461426,5.4320149421691895,0.0676940732597663,english,-4.172354102134705,c46b47eb5d1c58daa8212ea8ef73c27d0f4ff0f44d8a0e63b0f3114f7a4f2074e010af4cb5df24bbf29dc3e0fd52f637964602d3f50fa1007a3bc2bd7dbb9690,0.0676940732597663,0.7295170292001002,0.145596992417076,0.1236280076256316,0.0636666465673247,0.584197998046875,3.096,c46b47eb5d1c58daa8212ea8ef73c27d0f4ff0f44d8a0e63b0f3114f7a4f2074e010af4cb5df24bbf29dc3e0fd52f637964602d3f50fa1007a3bc2bd7dbb9690,,,,,,,,
448,9df479096d0bf0c61d09bc4627b829b8a7fb5948b8381765b3a67e16f75770bba3f4421caf498de3f63bc0eeaf8b6dc177f1351acf2876149dcafe9879acf685,english_griffinlim_eval_final/fake_english_griffinlim/english_fake_0448.wav,0,5.064,-1.0346156358718872,1.4399582147598269,0.019771922681182,english,-0.529634952545166,9df479096d0bf0c61d09bc4627b829b8a7fb5948b8381765b3a67e16f75770bba3f4421caf498de3f63bc0eeaf8b6dc177f1351acf2876149dcafe9879acf685,0.019771922681182,0.8565978964367639,0.0787500573868895,0.0618327048696831,0.045463391120247,0.333831787109375,5.064,9df479096d0bf0c61d09bc4627b829b8a7fb5948b8381765b3a67e16f75770bba3f4421caf498de3f63bc0eeaf8b6dc177f1351acf2876149dcafe9879acf685,,,,,,,,
449,f137b8fcec3b281c1db8c70e4f6e279ab02c97a78fa7826ec295de94b149d3868bb338ab37253add0129c4642ee411cf70935eb711ba8f63631824d24f951977,english_griffinlim_eval_final/fake_english_griffinlim/english_fake_0449.wav,0,4.416,1.8461499214172363,-2.5467748641967773,0.0308639277799256,english,2.3511306047439575,f137b8fcec3b281c1db8c70e4f6e279ab02c97a78fa7826ec295de94b149d3868bb338ab37253add0129c4642ee411cf70935eb711ba8f63631824d24f951977,0.0308639277799256,0.6932276485932606,0.2022214219717741,0.0897005958500835,0.0146682385975861,0.090118408203125,4.416,f137b8fcec3b281c1db8c70e4f6e279ab02c97a78fa7826ec295de94b149d3868bb338ab37253add0129c4642ee411cf70935eb711ba8f63631824d24f951977,,,,,,,,
450,6e1f0efeaee7d1674d13d7681b76bbf462f696fe131a70f7ce9f328928fe0b8300cd8ad80cc9340455e4d4c1861b01dcb2b3e0940aaba635ef259a55b4262bc5,english_griffinlim_eval_final/fake_english_griffinlim/english_fake_0450.wav,0,4.68,-3.3980507850646973,4.128283500671387,0.0360150484491627,english,-2.893070101737976,6e1f0efeaee7d1674d13d7681b76bbf462f696fe131a70f7ce9f328928fe0b8300cd8ad80cc9340455e4d4c1861b01dcb2b3e0940aaba635ef259a55b4262bc5,0.0360150484491627,0.6980219491969619,0.2757875159233299,0.0256230998392202,0.0854362705324837,0.990020751953125,4.68,6e1f0efeaee7d1674d13d7681b76bbf462f696fe131a70f7ce9f328928fe0b8300cd8ad80cc9340455e4d4c1861b01dcb2b3e0940aaba635ef259a55b4262bc5,,,,,,,,
451,d0b62ac1e57e267f16088ee614cdaf09a9826c3b704ce2f79746ef16e248c19f9ff54ab124c25647def1f4414dc2a510eb8b6cfd3a41ae6681571b91b2a6f9df,english_griffinlim_eval_final/fake_english_griffinlim/english_fake_0451.wav,0,5.856,-0.7150431871414185,1.1186352968215942,0.0108572912056059,english,-0.21006250381469727,d0b62ac1e57e267f16088ee614cdaf09a9826c3b704ce2f79746ef16e248c19f9ff54ab124c25647def1f4414dc2a510eb8b6cfd3a41ae6681571b91b2a6f9df,0.0108572912056059,0.7892865240435022,0.1725253666137625,0.0323790197409166,0.0297943660686865,0.312103271484375,5.856,d0b62ac1e57e267f16088ee614cdaf09a9826c3b704ce2f79746ef16e248c19f9ff54ab124c25647def1f4414dc2a510eb8b6cfd3a41ae6681571b91b2a6f9df,,,,,,,,
452,7456ec8b40142e1863ac5d241bfa1d7687fb9aa96941da3128bf4c4d81cdf2f9ab0e693f768047a1b87268a4612f4c5ecb52f23920e0fe146b04542d2c292148,english_griffinlim_eval_final/fake_english_griffinlim/english_fake_0452.wav,0,3.84,-0.5678362846374512,1.205886721611023,0.024731064290624,english,-0.06285560131072998,7456ec8b40142e1863ac5d241bfa1d7687fb9aa96941da3128bf4c4d81cdf2f9ab0e693f768047a1b87268a4612f4c5ecb52f23920e0fe146b04542d2c292148,0.024731064290624,0.7160402284323325,0.1709825129836663,0.1014437412457793,0.018066279803208,0.133331298828125,3.84,7456ec8b40142e1863ac5d241bfa1d7687fb9aa96941da3128bf4c4d81cdf2f9ab0e693f768047a1b87268a4612f4c5ecb52f23920e0fe146b04542d2c292148,,,,,,,,
453,feeb5afc17b480b36cc2b5462183c9d4e033d7064d28304f6e9c84b2ab2f82e8f95b344a3207d4f6fec50e69752c9ed07f6d0fc945f15bdf4fdf0d6edef4020c,english_griffinlim_eval_final/fake_english_griffinlim/english_fake_0453.wav,0,4.92,-6.087364196777344,6.999902725219727,0.0465183690160953,english,-5.582383513450623,feeb5afc17b480b36cc2b5462183c9d4e033d7064d28304f6e9c84b2ab2f82e8f95b344a3207d4f6fec50e69752c9ed07f6d0fc945f15bdf4fdf0d6edef4020c,0.0465183690160953,0.7646964264339708,0.2104260664258278,0.023477673191489,0.0633099789600229,0.54266357421875,4.92,feeb5afc17b480b36cc2b5462183c9d4e033d7064d28304f6e9c84b2ab2f82e8f95b344a3207d4f6fec50e69752c9ed07f6d0fc945f15bdf4fdf0d6edef4020c,,,,,,,,
454,a1117d336218c5f99bbeb3c5d8d8a00da3599e7252b1b8bb5dd6613e381b687973e6f78e8d3992cec50a3fe9e6bcf4f3b74b69d9a2708eb187a9c7891ff95ebd,english_griffinlim_eval_final/fake_english_griffinlim/english_fake_0454.wav,0,5.16,-0.7066023349761963,1.1358401775360107,0.0168272625390134,english,-0.2016216516494751,a1117d336218c5f99bbeb3c5d8d8a00da3599e7252b1b8bb5dd6613e381b687973e6f78e8d3992cec50a3fe9e6bcf4f3b74b69d9a2708eb187a9c7891ff95ebd,0.0168272625390134,0.7774261046901829,0.1590849844927969,0.0541679285858015,0.0215546597976954,0.14337158203125,5.16,a1117d336218c5f99bbeb3c5d8d8a00da3599e7252b1b8bb5dd6613e381b687973e6f78e8d3992cec50a3fe9e6bcf4f3b74b69d9a2708eb187a9c7891ff95ebd,,,,,,,,
455,d4e591b347d7705034b844ccc668be0368b5e352ae553a75f4e44d9651b5fe8f57e291a5eec19f60e0d2b227ced5029974634bb172352e95b8cb56ffca59e41f,english_griffinlim_eval_final/fake_english_griffinlim/english_fake_0455.wav,0,5.496,-5.791013717651367,6.656115531921387,0.0468075451708679,english,-5.286033034324646,d4e591b347d7705034b844ccc668be0368b5e352ae553a75f4e44d9651b5fe8f57e291a5eec19f60e0d2b227ced5029974634bb172352e95b8cb56ffca59e41f,0.0468075451708679,0.9338075216987692,0.0320515968250918,0.0334563629425344,0.0924356436252279,0.7071533203125,5.496,d4e591b347d7705034b844ccc668be0368b5e352ae553a75f4e44d9651b5fe8f57e291a5eec19f60e0d2b227ced5029974634bb172352e95b8cb56ffca59e41f,,,,,,,,
456,8449194e8b74b81d761d7a3786cdd5d099aff4f33737c7f476edf3435c3eb483ff6d6515d153c7cfb9193821f01a3a0bd6b049740b029acd7b1488df9bd579d8,english_griffinlim_eval_final/fake_english_griffinlim/english_fake_0456.wav,0,6.084,-5.253593444824219,6.155153751373291,0.9289557698208672,english,-4.748612761497498,8449194e8b74b81d761d7a3786cdd5d099aff4f33737c7f476edf3435c3eb483ff6d6515d153c7cfb9193821f01a3a0bd6b049740b029acd7b1488df9bd579d8,0.9289557698208672,0.8167307134898858,0.1073980868400363,0.0756818427318445,0.158650073357948,0.990020751953125,6.084,8449194e8b74b81d761d7a3786cdd5d099aff4f33737c7f476edf3435c3eb483ff6d6515d153c7cfb9193821f01a3a0bd6b049740b029acd7b1488df9bd579d8,,,,,,,,
457,f24d91aabf9a3b7bd885bf5f0816b9db25e909361586fbb1a54b51bc5964bdd4d59fc104c0ccaf25f1c001aa55dede6118084db3f2cf621c9aecdb9e28c292ff,english_griffinlim_eval_final/fake_english_griffinlim/english_fake_0457.wav,0,6.216,-5.0103302001953125,5.836794853210449,0.0196457094757002,english,-4.505349516868591,f24d91aabf9a3b7bd885bf5f0816b9db25e909361586fbb1a54b51bc5964bdd4d59fc104c0ccaf25f1c001aa55dede6118084db3f2cf621c9aecdb9e28c292ff,0.0196457094757002,0.9661648942804338,0.0273145513992007,0.0059347281501472,0.0995895484524224,0.8912353515625,6.216,f24d91aabf9a3b7bd885bf5f0816b9db25e909361586fbb1a54b51bc5964bdd4d59fc104c0ccaf25f1c001aa55dede6118084db3f2cf621c9aecdb9e28c292ff,,,,,,,,
458,140267d219fd5d8913048138a73fa9bbe10d77830c76d1b6837c6300b1f60ccc941e6a60c624dd1f4e930a309051766c83643ebe1f139bbdf0cdfbacfcc3dd0d,english_griffinlim_eval_final/fake_english_griffinlim/english_fake_0458.wav,0,7.656,-3.6990132331848153,4.492990016937256,0.1956831083606238,english,-3.194032549858094,140267d219fd5d8913048138a73fa9bbe10d77830c76d1b6837c6300b1f60ccc941e6a60c624dd1f4e930a309051766c83643ebe1f139bbdf0cdfbacfcc3dd0d,0.1956831083606238,0.830692405307735,0.0928079536493515,0.0758720208119163,0.098632160453394,0.81866455078125,7.656,140267d219fd5d8913048138a73fa9bbe10d77830c76d1b6837c6300b1f60ccc941e6a60c624dd1f4e930a309051766c83643ebe1f139bbdf0cdfbacfcc3dd0d,,,,,,,,
459,9f2b9395e751ef4782769f152e94167863c2d2879a5871f4c917af7ad894e565f63f794b07740f55c6b83bc7c866f3a181c65dc9907bc55529d679249231fc5d,english_griffinlim_eval_final/fake_english_griffinlim/english_fake_0459.wav,0,6.084,-5.398541450500488,6.137479782104492,0.1669664350837819,english,-4.893560767173767,9f2b9395e751ef4782769f152e94167863c2d2879a5871f4c917af7ad894e565f63f794b07740f55c6b83bc7c866f3a181c65dc9907bc55529d679249231fc5d,0.1669664350837819,0.7798427473213716,0.1133076403908492,0.1061493631702111,0.0905495833590126,0.797149658203125,6.084,9f2b9395e751ef4782769f152e94167863c2d2879a5871f4c917af7ad894e565f63f794b07740f55c6b83bc7c866f3a181c65dc9907bc55529d679249231fc5d,,,,,,,,
460,0fe71a47366e63841c509b7110419201f068f3558b604123891e32f1790d3a5868b871d08430360c7e8897d7cd1be88ee2c9861e6ffd13530190815697a6fa09,english_griffinlim_eval_final/fake_english_griffinlim/english_fake_0460.wav,0,5.184,-5.475375175476074,6.23192024230957,0.0321673198426287,english,-4.970394492149353,0fe71a47366e63841c509b7110419201f068f3558b604123891e32f1790d3a5868b871d08430360c7e8897d7cd1be88ee2c9861e6ffd13530190815697a6fa09,0.0321673198426287,0.791281875737373,0.1801277160035432,0.0256195739528828,0.043947173743379,0.303466796875,5.184,0fe71a47366e63841c509b7110419201f068f3558b604123891e32f1790d3a5868b871d08430360c7e8897d7cd1be88ee2c9861e6ffd13530190815697a6fa09,,,,,,,,
461,ea6af2f035b41b076462b218d20822bcf91a491c7b894e6ae5df8721003d07e28894b3ef0b8093e857238a3d7fb363ec6687af9548cda5437399c30804eb5b67,english_griffinlim_eval_final/fake_english_griffinlim/english_fake_0461.wav,0,5.4,-0.6696170568466187,1.0723623037338257,0.0039673383502052,english,-0.16463637351989746,ea6af2f035b41b076462b218d20822bcf91a491c7b894e6ae5df8721003d07e28894b3ef0b8093e857238a3d7fb363ec6687af9548cda5437399c30804eb5b67,0.0039673383502052,0.9116028488840452,0.0653749455534615,0.0197954574248532,0.0408346045070017,0.405670166015625,5.4,ea6af2f035b41b076462b218d20822bcf91a491c7b894e6ae5df8721003d07e28894b3ef0b8093e857238a3d7fb363ec6687af9548cda5437399c30804eb5b67,,,,,,,,
462,29b1e5a58d1667d4ac45832ec195356598a69f66680877b0d5ee465ce2404c0186affc81ffe4a29df35203fc07a0fc5714c60d914a88aa36d7f84c94dc381d2f,english_griffinlim_eval_final/fake_english_griffinlim/english_fake_0462.wav,0,2.664,-3.5705509185791016,4.425664901733398,0.6522168335319048,english,-3.0655702352523804,29b1e5a58d1667d4ac45832ec195356598a69f66680877b0d5ee465ce2404c0186affc81ffe4a29df35203fc07a0fc5714c60d914a88aa36d7f84c94dc381d2f,0.6522168335319048,0.3988069563884749,0.4694847681321763,0.1306066635241623,0.0668271122045142,0.630218505859375,2.664,29b1e5a58d1667d4ac45832ec195356598a69f66680877b0d5ee465ce2404c0186affc81ffe4a29df35203fc07a0fc5714c60d914a88aa36d7f84c94dc381d2f,,,,,,,,
463,186baf916b6153fe0dde4a6089443af5094c8670016da50caa7c76fb4fe0586dfc10179872c4539c6013d1ddec0716ad8a4aaab7ba65b6168521dce56e56a8aa,english_griffinlim_eval_final/fake_english_griffinlim/english_fake_0463.wav,0,6.228,-3.907615184783936,4.721583366394043,0.0124861181642256,english,-3.402634501457215,186baf916b6153fe0dde4a6089443af5094c8670016da50caa7c76fb4fe0586dfc10179872c4539c6013d1ddec0716ad8a4aaab7ba65b6168521dce56e56a8aa,0.0124861181642256,0.8759137066044842,0.1089456767796513,0.0141305660470158,0.0750357796331205,0.775604248046875,6.228,186baf916b6153fe0dde4a6089443af5094c8670016da50caa7c76fb4fe0586dfc10179872c4539c6013d1ddec0716ad8a4aaab7ba65b6168521dce56e56a8aa,,,,,,,,
464,ee227fc801eef20e039f95e8b646810743d168df97e0dc6941d13743eedf278b953719e5d30854eb0bc5f2d15cc4c9460aac37db7da6e202a61c97c240127655,english_griffinlim_eval_final/fake_english_griffinlim/english_fake_0464.wav,0,7.296,-3.383530139923096,4.169448852539063,0.1721645903285255,english,-2.878549456596375,ee227fc801eef20e039f95e8b646810743d168df97e0dc6941d13743eedf278b953719e5d30854eb0bc5f2d15cc4c9460aac37db7da6e202a61c97c240127655,0.1721645903285255,0.912494580141639,0.0648094701403524,0.0221546165479989,0.1047287313672686,0.7310791015625,7.296,ee227fc801eef20e039f95e8b646810743d168df97e0dc6941d13743eedf278b953719e5d30854eb0bc5f2d15cc4c9460aac37db7da6e202a61c97c240127655,,,,,,,,
465,fcffb37fddeaa6cbdda86f7d25e57e69c00d260fc22caae90b91c1b7b818a12e26e77c8ebe42dd53b76031a9662564f17ca23ef8ae743fc3aefc9da6bf182acd,english_griffinlim_eval_final/fake_english_griffinlim/english_fake_0465.wav,0,3.432,-5.786350250244141,6.688460350036621,0.0078260444548855,english,-5.281369566917419,fcffb37fddeaa6cbdda86f7d25e57e69c00d260fc22caae90b91c1b7b818a12e26e77c8ebe42dd53b76031a9662564f17ca23ef8ae743fc3aefc9da6bf182acd,0.0078260444548855,0.8915030609129211,0.0951066328732749,0.0125491902983761,0.0767760558899229,0.755462646484375,3.432,fcffb37fddeaa6cbdda86f7d25e57e69c00d260fc22caae90b91c1b7b818a12e26e77c8ebe42dd53b76031a9662564f17ca23ef8ae743fc3aefc9da6bf182acd,,,,,,,,
466,79ce8451fea8968eae6f84f6814187a7a9d4a4da089294de5565c6872ff1f951ebdcfb6b74c51cd7c08a2745c89c5ae67c5464dd4c0b22e55b2d4b1d7c0181bf,english_griffinlim_eval_final/fake_english_griffinlim/english_fake_0466.wav,0,5.256,-3.0427188873291016,3.948962211608887,0.0438455539358405,english,-2.5377382040023804,79ce8451fea8968eae6f84f6814187a7a9d4a4da089294de5565c6872ff1f951ebdcfb6b74c51cd7c08a2745c89c5ae67c5464dd4c0b22e55b2d4b1d7c0181bf,0.0438455539358405,0.9532256598655624,0.0407527275655758,0.0054916983534055,0.1052055047259794,0.82672119140625,5.256,79ce8451fea8968eae6f84f6814187a7a9d4a4da089294de5565c6872ff1f951ebdcfb6b74c51cd7c08a2745c89c5ae67c5464dd4c0b22e55b2d4b1d7c0181bf,,,,,,,,
467,1c61115fbc6f3daefa72def59418f4bd92910c9ced85a251880bd882759fc79b61cfc94733eb2fe4cb7fc30700c98a6cc981d590b7bd5efd41b4fc47b7168bcd,english_griffinlim_eval_final/fake_english_griffinlim/english_fake_0467.wav,0,7.02,-5.74296236038208,6.674196243286133,0.0821457156669047,english,-5.237981677055359,1c61115fbc6f3daefa72def59418f4bd92910c9ced85a251880bd882759fc79b61cfc94733eb2fe4cb7fc30700c98a6cc981d590b7bd5efd41b4fc47b7168bcd,0.0821457156669047,0.9487605003973888,0.0422494379343059,0.008531520262713,0.1147713067841957,0.9219970703125,7.02,1c61115fbc6f3daefa72def59418f4bd92910c9ced85a251880bd882759fc79b61cfc94733eb2fe4cb7fc30700c98a6cc981d590b7bd5efd41b4fc47b7168bcd,,,,,,,,
468,64b45f91eec793d760ae999dc133299283188e7c9694ff23286c42ed0bb5ef07255e9392ca3ea1870648c7cd21dbfc371d18e8efd59efc2a33be39f0d09da18d,english_griffinlim_eval_final/fake_english_griffinlim/english_fake_0468.wav,0,2.136,-0.4679528474807739,1.0367155075073242,0.0080772431940451,english,0.037027835845947266,64b45f91eec793d760ae999dc133299283188e7c9694ff23286c42ed0bb5ef07255e9392ca3ea1870648c7cd21dbfc371d18e8efd59efc2a33be39f0d09da18d,0.0080772431940451,0.7608273919169786,0.1607325119183921,0.0709740372494951,0.0248771449389383,0.2515869140625,2.136,64b45f91eec793d760ae999dc133299283188e7c9694ff23286c42ed0bb5ef07255e9392ca3ea1870648c7cd21dbfc371d18e8efd59efc2a33be39f0d09da18d,,,,,,,,
469,77eb706fb5dd161c836b90da6cb1d8646d593ac244c4bece480178b3ddf7ef408f5a38397eb4eff91b85747abfcc275dce6c8031bd548fa8a2867505292b54cb,english_griffinlim_eval_final/fake_english_griffinlim/english_fake_0469.wav,0,7.392,-1.81630277633667,2.479698419570923,0.4886511362260879,english,-1.3113220930099487,77eb706fb5dd161c836b90da6cb1d8646d593ac244c4bece480178b3ddf7ef408f5a38397eb4eff91b85747abfcc275dce6c8031bd548fa8a2867505292b54cb,0.4886511362260879,0.6094900355488867,0.347701903953051,0.0425972569228447,0.1045060297747039,0.990020751953125,7.392,77eb706fb5dd161c836b90da6cb1d8646d593ac244c4bece480178b3ddf7ef408f5a38397eb4eff91b85747abfcc275dce6c8031bd548fa8a2867505292b54cb,,,,,,,,
470,ac033bcb388b843d9826ed30f7b6bcbce5f9e8202097f796c10aff8c58d5e766bbb828804ce3d725b5354221db9b376d486fc0248be1e565d70f6a9bf77701de,english_griffinlim_eval_final/fake_english_griffinlim/english_fake_0470.wav,0,4.176,-5.830262184143066,6.616373062133789,0.0925394630060197,english,-5.325281500816345,ac033bcb388b843d9826ed30f7b6bcbce5f9e8202097f796c10aff8c58d5e766bbb828804ce3d725b5354221db9b376d486fc0248be1e565d70f6a9bf77701de,0.0925394630060197,0.7669627186165288,0.1852546040558094,0.0470504089170772,0.0880794453381265,0.76531982421875,4.176,ac033bcb388b843d9826ed30f7b6bcbce5f9e8202097f796c10aff8c58d5e766bbb828804ce3d725b5354221db9b376d486fc0248be1e565d70f6a9bf77701de,,,,,,,,
471,ff6c256ddb6671198ea6bd7256a1e43c22a270209b2bd1ba8297c5cb9fc6db37307aaaa3c1dc4a4bd7d4a42da2b312813017fd0fb47844fe24b63b0d4129f441,english_griffinlim_eval_final/fake_english_griffinlim/english_fake_0471.wav,0,3.552,-0.5976072549819946,1.0632989406585691,0.0039408482045145,english,-0.09262657165527344,ff6c256ddb6671198ea6bd7256a1e43c22a270209b2bd1ba8297c5cb9fc6db37307aaaa3c1dc4a4bd7d4a42da2b312813017fd0fb47844fe24b63b0d4129f441,0.0039408482045145,0.8789988598066313,0.1098386648924258,0.0095506026842959,0.0593288328366065,0.64312744140625,3.552,ff6c256ddb6671198ea6bd7256a1e43c22a270209b2bd1ba8297c5cb9fc6db37307aaaa3c1dc4a4bd7d4a42da2b312813017fd0fb47844fe24b63b0d4129f441,,,,,,,,
472,cbeae2c03dab0460ad75b3d4233ee944e95534f0feacbd491d4356ad0c98b8cd9d159b69b9e9aa6db2e237cb1762c1092c44c7890fa0e9200f61173e90c7b5f7,english_griffinlim_eval_final/fake_english_griffinlim/english_fake_0472.wav,0,6.216,-5.6852569580078125,6.456154823303223,0.7906500308806241,english,-5.180276274681091,cbeae2c03dab0460ad75b3d4233ee944e95534f0feacbd491d4356ad0c98b8cd9d159b69b9e9aa6db2e237cb1762c1092c44c7890fa0e9200f61173e90c7b5f7,0.7906500308806241,0.6450264822629405,0.1622117812987087,0.1922451237341437,0.1046431862735248,0.835784912109375,6.216,cbeae2c03dab0460ad75b3d4233ee944e95534f0feacbd491d4356ad0c98b8cd9d159b69b9e9aa6db2e237cb1762c1092c44c7890fa0e9200f61173e90c7b5f7,,,,,,,,
473,bb1e5d029d2b0659f0f23e3793bc423c57fc559941423ad259933a213e0f089c93da9f588d0369985d859e480cd9d0abf0dd3c2177e1d8bc9ba7a3da4c2643de,english_griffinlim_eval_final/fake_english_griffinlim/english_fake_0473.wav,0,2.544,-2.7469635009765625,3.6220662593841553,0.0028430636953592,english,-2.2419828176498413,bb1e5d029d2b0659f0f23e3793bc423c57fc559941423ad259933a213e0f089c93da9f588d0369985d859e480cd9d0abf0dd3c2177e1d8bc9ba7a3da4c2643de,0.0028430636953592,0.8504207794418547,0.1180227784576213,0.0269120927381815,0.0338792965100962,0.370330810546875,2.544,bb1e5d029d2b0659f0f23e3793bc423c57fc559941423ad259933a213e0f089c93da9f588d0369985d859e480cd9d0abf0dd3c2177e1d8bc9ba7a3da4c2643de,,,,,,,,
474,b1dfbc59f9db853b5b51413e8fb59e531f81508e1eba6b48fb94e1f19db65adf6c1903c2f62d0257b989e1e80d58e8e743eb65b999affef8e3677102e89072a9,english_griffinlim_eval_final/fake_english_griffinlim/english_fake_0474.wav,0,4.704,-5.606149673461914,6.502317905426025,0.0224667730078951,english,-5.101168990135193,b1dfbc59f9db853b5b51413e8fb59e531f81508e1eba6b48fb94e1f19db65adf6c1903c2f62d0257b989e1e80d58e8e743eb65b999affef8e3677102e89072a9,0.0224667730078951,0.976125986441602,0.0156846694545905,0.0070834827481631,0.07683971036781,0.490875244140625,4.704,b1dfbc59f9db853b5b51413e8fb59e531f81508e1eba6b48fb94e1f19db65adf6c1903c2f62d0257b989e1e80d58e8e743eb65b999affef8e3677102e89072a9,,,,,,,,
475,379dd19cb981e4e0c55e088d74083093ee704d0d2332e65e056b9022bdec56c78d8ad347227fd8b76f9cec853b8fe539142ee5745e0a97c2a4c471187541f91a,english_griffinlim_eval_final/fake_english_griffinlim/english_fake_0475.wav,0,6.216,-2.5575668811798096,3.368892192840576,0.0536181367004618,english,-2.0525861978530884,379dd19cb981e4e0c55e088d74083093ee704d0d2332e65e056b9022bdec56c78d8ad347227fd8b76f9cec853b8fe539142ee5745e0a97c2a4c471187541f91a,0.0536181367004618,0.7409533261416249,0.2262642072129823,0.0293150956690195,0.038010897088646,0.254364013671875,6.216,379dd19cb981e4e0c55e088d74083093ee704d0d2332e65e056b9022bdec56c78d8ad347227fd8b76f9cec853b8fe539142ee5745e0a97c2a4c471187541f91a,,,,,,,,
476,f5535d8894fde26e853f611107d08112c9da78bdd2ac2d40c52e9cc8052ba06d695952912945855e0c345aa01c51b23ca16d7b8f3e72424c4545f72790fc9546,english_griffinlim_eval_final/fake_english_griffinlim/english_fake_0476.wav,0,4.248,-0.9170403480529784,1.3545438051223757,0.0078007378535036,english,-0.4120596647262572,f5535d8894fde26e853f611107d08112c9da78bdd2ac2d40c52e9cc8052ba06d695952912945855e0c345aa01c51b23ca16d7b8f3e72424c4545f72790fc9546,0.0078007378535036,0.7996422502297833,0.1625275044367178,0.0321022552357489,0.0304566982383942,0.304107666015625,4.248,f5535d8894fde26e853f611107d08112c9da78bdd2ac2d40c52e9cc8052ba06d695952912945855e0c345aa01c51b23ca16d7b8f3e72424c4545f72790fc9546,,,,,,,,
477,70c21ca1cc3de05f3c23b11615cd7d5dd078e03cda0cd46224c802cb358d2bddc9df76042f0f15fe5c3d655d19f20193db107b130128af209e229afabf047b54,english_griffinlim_eval_final/fake_english_griffinlim/english_fake_0477.wav,0,3.216,-1.7848597764968872,2.418614864349365,0.0290034040305925,english,-1.279879093170166,70c21ca1cc3de05f3c23b11615cd7d5dd078e03cda0cd46224c802cb358d2bddc9df76042f0f15fe5c3d655d19f20193db107b130128af209e229afabf047b54,0.0290034040305925,0.8973790582582568,0.0929041058600207,0.0090098109161071,0.0920096238920416,0.736175537109375,3.216,70c21ca1cc3de05f3c23b11615cd7d5dd078e03cda0cd46224c802cb358d2bddc9df76042f0f15fe5c3d655d19f20193db107b130128af209e229afabf047b54,,,,,,,,
478,4acac0472277782415e23df5d930aa2ce953fe3b5c30cf180db4dd35003edf8dd9a46c93b8173f16635ad7157f081362914cf84827f254ef3e5a11aabcf50566,english_griffinlim_eval_final/fake_english_griffinlim/english_fake_0478.wav,0,3.696,-3.0433549880981445,3.899665355682373,0.0125663665980437,english,-2.5383743047714233,4acac0472277782415e23df5d930aa2ce953fe3b5c30cf180db4dd35003edf8dd9a46c93b8173f16635ad7157f081362914cf84827f254ef3e5a11aabcf50566,0.0125663665980437,0.8424564182444989,0.1366057453604901,0.0190991909445439,0.0581442090364767,0.51495361328125,3.696,4acac0472277782415e23df5d930aa2ce953fe3b5c30cf180db4dd35003edf8dd9a46c93b8173f16635ad7157f081362914cf84827f254ef3e5a11aabcf50566,,,,,,,,
479,863ff359f109c8d4fbd978d4439474bcfe0ab5f2065efa125c935b85f1a7b1cf99540a82b2d32394fa34c2bd093283b12257fa42cc8d8dcd4dc032af79981c7d,english_griffinlim_eval_final/fake_english_griffinlim/english_fake_0479.wav,0,2.592,-0.6457103490829468,1.101717233657837,0.0389438866572541,english,-0.14072966575622559,863ff359f109c8d4fbd978d4439474bcfe0ab5f2065efa125c935b85f1a7b1cf99540a82b2d32394fa34c2bd093283b12257fa42cc8d8dcd4dc032af79981c7d,0.0389438866572541,0.6102114450440249,0.2905722103770575,0.0879837787685464,0.0183326815107356,0.175048828125,2.592,863ff359f109c8d4fbd978d4439474bcfe0ab5f2065efa125c935b85f1a7b1cf99540a82b2d32394fa34c2bd093283b12257fa42cc8d8dcd4dc032af79981c7d,0.5662853730033381,0.321347465429799,0.1123671615668627,0.7049699483032161,14.50798711361895,0.1630220784754089,0.4005012847849152,0.5573280512189925
480,2a86f9aefb1a5b1a9e7501645a1fbb9bebd024e20d246b3497d902b0928018d9632bff40f5851041d8a7cc53b50eace5a4c04b93d56092e2e5015046c76c6dec,english_griffinlim_eval_final/fake_english_griffinlim/english_fake_0480.wav,0,4.104,-3.998934745788574,4.877041816711426,0.006356692417793,english,-3.493954062461853,2a86f9aefb1a5b1a9e7501645a1fbb9bebd024e20d246b3497d902b0928018d9632bff40f5851041d8a7cc53b50eace5a4c04b93d56092e2e5015046c76c6dec,0.006356692417793,0.8540963414749094,0.0884087347530651,0.0512957696056926,0.0279707633078742,0.231170654296875,4.104,2a86f9aefb1a5b1a9e7501645a1fbb9bebd024e20d246b3497d902b0928018d9632bff40f5851041d8a7cc53b50eace5a4c04b93d56092e2e5015046c76c6dec,,,,,,,,
481,3db4d991b3de584e9bf5ebdaffba6dcc4aff31cc074b46bb3fd174a97ebb679be42e747df634081b3fda5aebdf5ee528ec08751b67f698bc6c9ad5fadfc60c76,english_griffinlim_eval_final/fake_english_griffinlim/english_fake_0481.wav,0,6.384,-5.868707656860352,6.762565612792969,0.1814184400316721,english,-5.36372697353363,3db4d991b3de584e9bf5ebdaffba6dcc4aff31cc074b46bb3fd174a97ebb679be42e747df634081b3fda5aebdf5ee528ec08751b67f698bc6c9ad5fadfc60c76,0.1814184400316721,0.6599214664948806,0.1826026304949285,0.1564138030671676,0.0682093728427936,0.723724365234375,6.384,3db4d991b3de584e9bf5ebdaffba6dcc4aff31cc074b46bb3fd174a97ebb679be42e747df634081b3fda5aebdf5ee528ec08751b67f698bc6c9ad5fadfc60c76,,,,,,,,
482,d77cbdb365ac46df98a7832d24893d0705078ae23ae8b4b4877dc1da824f6b208889a7999643c94c161b36da365f4c392dd35672076e62ee330d07ede280209c,english_griffinlim_eval_final/fake_english_griffinlim/english_fake_0482.wav,0,2.376,-1.1920932531356812,1.63067364692688,0.0089002485162952,english,-0.68711256980896,d77cbdb365ac46df98a7832d24893d0705078ae23ae8b4b4877dc1da824f6b208889a7999643c94c161b36da365f4c392dd35672076e62ee330d07ede280209c,0.0089002485162952,0.7754705052719024,0.1606586651397353,0.0539862763917799,0.0210499286451444,0.14825439453125,2.376,d77cbdb365ac46df98a7832d24893d0705078ae23ae8b4b4877dc1da824f6b208889a7999643c94c161b36da365f4c392dd35672076e62ee330d07ede280209c,,,,,,,,
483,6ac8b1a295e2a4a5b11a602a368771530cd7b900ee5d8b552946eb8d32c21f4694c786c41ca996b12adb8a1d1e15160f84cb0632d9359cf84c6d99a18745692e,english_griffinlim_eval_final/fake_english_griffinlim/english_fake_0483.wav,0,5.328,-1.0762059688568115,1.5101497173309326,0.0074639669180992,english,-0.5712252855300903,6ac8b1a295e2a4a5b11a602a368771530cd7b900ee5d8b552946eb8d32c21f4694c786c41ca996b12adb8a1d1e15160f84cb0632d9359cf84c6d99a18745692e,0.0074639669180992,0.8627490266459003,0.1033056278795328,0.0307361622770338,0.0421898432791538,0.410308837890625,5.328,6ac8b1a295e2a4a5b11a602a368771530cd7b900ee5d8b552946eb8d32c21f4694c786c41ca996b12adb8a1d1e15160f84cb0632d9359cf84c6d99a18745692e,0.7780559887736173,0.1626146433331313,0.0593293678932513,0.7259404813865862,14.450181370093071,0.1494703162294798,0.4073227103896456,0.5771796879576263
484,62c0b4fa1d686b717e90c329ac25cc9cc7e91223da2d1de9686ac50eae13f921aa33e842d125b15e065eeb9bd5448d1f06d846c7d546a5b7757370b1f91b1840,english_griffinlim_eval_final/fake_english_griffinlim/english_fake_0484.wav,0,5.448,-1.841963648796081,2.2530362606048584,0.026945020383117,english,-1.33698296546936,62c0b4fa1d686b717e90c329ac25cc9cc7e91223da2d1de9686ac50eae13f921aa33e842d125b15e065eeb9bd5448d1f06d846c7d546a5b7757370b1f91b1840,0.026945020383117,0.9636472325087702,0.02346827209309,0.0118963024027772,0.0814587849146566,0.574615478515625,5.448,62c0b4fa1d686b717e90c329ac25cc9cc7e91223da2d1de9686ac50eae13f921aa33e842d125b15e065eeb9bd5448d1f06d846c7d546a5b7757370b1f91b1840,,,,,,,,
485,7841e5ad885d6e6511503d6cee44b326f268953a3a417aa4b6057e87151baef20276e90af0a8082536f3255de8534cd3ec51a06821808ea0b4849480e7521204,english_griffinlim_eval_final/fake_english_griffinlim/english_fake_0485.wav,0,4.536,-0.469469666481018,0.5511751174926758,0.0079233909269526,english,0.03551101684570318,7841e5ad885d6e6511503d6cee44b326f268953a3a417aa4b6057e87151baef20276e90af0a8082536f3255de8534cd3ec51a06821808ea0b4849480e7521204,0.0079233909269526,0.8006907764138567,0.1209361693892354,0.0707307261429228,0.0240242656987436,0.258941650390625,4.536,7841e5ad885d6e6511503d6cee44b326f268953a3a417aa4b6057e87151baef20276e90af0a8082536f3255de8534cd3ec51a06821808ea0b4849480e7521204,,,,,,,,
486,59d350f6575fbc9ad7ed5bea5a9b7c63dea9c56671a1d45309d049b73c74cbb97f715adebb5226b25cad6dacef282e31e24606dded30615588f3f96f79b5cb0d,english_griffinlim_eval_final/fake_english_griffinlim/english_fake_0486.wav,0,6.336,-6.07144832611084,7.01380729675293,0.0333038346297796,english,-5.566467642784119,59d350f6575fbc9ad7ed5bea5a9b7c63dea9c56671a1d45309d049b73c74cbb97f715adebb5226b25cad6dacef282e31e24606dded30615588f3f96f79b5cb0d,0.0333038346297796,0.8496797786063941,0.1234854400359263,0.0251789491030674,0.0610466551799439,0.480621337890625,6.336,59d350f6575fbc9ad7ed5bea5a9b7c63dea9c56671a1d45309d049b73c74cbb97f715adebb5226b25cad6dacef282e31e24606dded30615588f3f96f79b5cb0d,,,,,,,,
487,aa0f68e3a1ecd7edc3bee027c59d022e2c9c21c643d23c2dcb5ec38175531e30155b5b8b5783f5af0d1bbe4c99aaee82d28e4dc2e711c49f0b780b91ca0fa613,english_griffinlim_eval_final/fake_english_griffinlim/english_fake_0487.wav,0,4.152,5.036111354827881,-6.43693208694458,0.1799223109535292,english,5.541092038154602,aa0f68e3a1ecd7edc3bee027c59d022e2c9c21c643d23c2dcb5ec38175531e30155b5b8b5783f5af0d1bbe4c99aaee82d28e4dc2e711c49f0b780b91ca0fa613,0.1799223109535292,0.4862701146532876,0.3567603460295609,0.1325013994032322,0.0076586219209437,0.04193115234375,4.152,aa0f68e3a1ecd7edc3bee027c59d022e2c9c21c643d23c2dcb5ec38175531e30155b5b8b5783f5af0d1bbe4c99aaee82d28e4dc2e711c49f0b780b91ca0fa613,,,,,,,,
488,2d0e152e5c3736951873b259c7e9e0e657716506e80b46075cf128a522ed95bd4eabd672fc31432924cf0d8632e48aaa4c791e517be06235a7d0d1a9e84f7b55,english_griffinlim_eval_final/fake_english_griffinlim/english_fake_0488.wav,0,5.856,-4.163856506347656,4.987028121948242,0.2682526638729236,english,-3.658875823020935,2d0e152e5c3736951873b259c7e9e0e657716506e80b46075cf128a522ed95bd4eabd672fc31432924cf0d8632e48aaa4c791e517be06235a7d0d1a9e84f7b55,0.2682526638729236,0.7973493075911643,0.1356821978864022,0.0664515686609201,0.1039901482789328,0.81146240234375,5.856,2d0e152e5c3736951873b259c7e9e0e657716506e80b46075cf128a522ed95bd4eabd672fc31432924cf0d8632e48aaa4c791e517be06235a7d0d1a9e84f7b55,,,,,,,,
489,677f643d2bdefa8a69d48e3ada8989baaa389fe8f5d656ed5b91ae022e95142df657be3f5a90e96dffb0c7497797ed00440c7f6b85be6d5b29ffdbfa3be1e495,english_griffinlim_eval_final/fake_english_griffinlim/english_fake_0489.wav,0,2.928,-0.0455135591328144,-0.0285326838493347,0.0521556994756738,english,0.4594671241939068,677f643d2bdefa8a69d48e3ada8989baaa389fe8f5d656ed5b91ae022e95142df657be3f5a90e96dffb0c7497797ed00440c7f6b85be6d5b29ffdbfa3be1e495,0.0521556994756738,0.5807197819731228,0.2998286004664364,0.1029484648585187,0.013609839479905,0.129638671875,2.928,677f643d2bdefa8a69d48e3ada8989baaa389fe8f5d656ed5b91ae022e95142df657be3f5a90e96dffb0c7497797ed00440c7f6b85be6d5b29ffdbfa3be1e495,,,,,,,,
490,413d8320abd971048dfbdc73e91563de0c9eac2231e0f197c1643fd0a18c4866261b8a27de0679747a417f57b3998e389de5a42bfa9d235025204a9937c56257,english_griffinlim_eval_final/fake_english_griffinlim/english_fake_0490.wav,0,3.264,-5.94736385345459,6.887454509735107,0.0505696852747124,english,-5.442383170127869,413d8320abd971048dfbdc73e91563de0c9eac2231e0f197c1643fd0a18c4866261b8a27de0679747a417f57b3998e389de5a42bfa9d235025204a9937c56257,0.0505696852747124,0.9714633870701784,0.0211816621183552,0.0066160627011973,0.0929081386233525,0.539947509765625,3.264,413d8320abd971048dfbdc73e91563de0c9eac2231e0f197c1643fd0a18c4866261b8a27de0679747a417f57b3998e389de5a42bfa9d235025204a9937c56257,,,,,,,,
491,7ee4652a364c56cfe0e61f20c26c2de1eeafa01fd5add3d4caed72d340fb1738e9cccf80bb643032b8b9ebcf16c83cdb190ef3ab131bc6e76c167a426e70b22e,english_griffinlim_eval_final/fake_english_griffinlim/english_fake_0491.wav,0,5.76,-4.88987922668457,5.721278190612793,0.0094213107807645,english,-4.384898543357849,7ee4652a364c56cfe0e61f20c26c2de1eeafa01fd5add3d4caed72d340fb1738e9cccf80bb643032b8b9ebcf16c83cdb190ef3ab131bc6e76c167a426e70b22e,0.0094213107807645,0.9470867034680526,0.0420785454256798,0.009431324813335,0.0649842313710573,0.548919677734375,5.76,7ee4652a364c56cfe0e61f20c26c2de1eeafa01fd5add3d4caed72d340fb1738e9cccf80bb643032b8b9ebcf16c83cdb190ef3ab131bc6e76c167a426e70b22e,,,,,,,,
492,aa60cad613ee216c697b0d33d27e3baacff9525869b8e4e5d4f29c8c8a7b2c9edd439038e21c16b0fe21bf04a57eefba0e9749416a1311449dcfa86bf588423d,english_griffinlim_eval_final/fake_english_griffinlim/english_fake_0492.wav,0,3.744,-2.2830395698547363,3.145925045013428,0.0051620736996285,english,-1.7780588865280151,aa60cad613ee216c697b0d33d27e3baacff9525869b8e4e5d4f29c8c8a7b2c9edd439038e21c16b0fe21bf04a57eefba0e9749416a1311449dcfa86bf588423d,0.0051620736996285,0.8798033483371683,0.0792139452650149,0.0343763691243309,0.0294379370027231,0.214019775390625,3.744,aa60cad613ee216c697b0d33d27e3baacff9525869b8e4e5d4f29c8c8a7b2c9edd439038e21c16b0fe21bf04a57eefba0e9749416a1311449dcfa86bf588423d,,,,,,,,
493,90d6d58e3bac55d4668e79580473286d7d5be658e533ce74db1a82f7e7bd86cdad0593235270da5bcfc5d4e022d90be9f28e4e6a6f3ecf8247ab766c5d8ba0f6,english_griffinlim_eval_final/fake_english_griffinlim/english_fake_0493.wav,0,3.552,-6.106923580169678,7.058351516723633,0.296597049910711,english,-5.6019428968429565,90d6d58e3bac55d4668e79580473286d7d5be658e533ce74db1a82f7e7bd86cdad0593235270da5bcfc5d4e022d90be9f28e4e6a6f3ecf8247ab766c5d8ba0f6,0.296597049910711,0.9243019471159732,0.0674143927738274,0.0078272929774204,0.1164834954863907,0.624969482421875,3.552,90d6d58e3bac55d4668e79580473286d7d5be658e533ce74db1a82f7e7bd86cdad0593235270da5bcfc5d4e022d90be9f28e4e6a6f3ecf8247ab766c5d8ba0f6,,,,,,,,
494,337bd48d700da4d21c52ebcbc085a032a073b257f573c003a2c4d0539cbe080f6666417208d1fce4bf4d4d6299f7fade3122be362bf102a9f6260df38fedf147,english_griffinlim_eval_final/fake_english_griffinlim/english_fake_0494.wav,0,5.544,-5.895770072937012,6.825643062591553,0.2873994179017846,english,-5.3907893896102905,337bd48d700da4d21c52ebcbc085a032a073b257f573c003a2c4d0539cbe080f6666417208d1fce4bf4d4d6299f7fade3122be362bf102a9f6260df38fedf147,0.2873994179017846,0.7300608808461111,0.2333001695375331,0.0361411527036296,0.1131787774732538,0.987457275390625,5.544,337bd48d700da4d21c52ebcbc085a032a073b257f573c003a2c4d0539cbe080f6666417208d1fce4bf4d4d6299f7fade3122be362bf102a9f6260df38fedf147,,,,,,,,
495,cea18d12298f2bbae520713a1cfcf05e63b2b9470dcc0adadabc81e69d8d57a0f3c22c06bc4f280d08b9084d3e16b22b3c5d60f7711c9db8dba0d3f53075a34e,english_griffinlim_eval_final/fake_english_griffinlim/english_fake_0495.wav,0,4.896,-4.052021026611328,4.931164264678955,0.7945339779700705,english,-3.547040343284607,cea18d12298f2bbae520713a1cfcf05e63b2b9470dcc0adadabc81e69d8d57a0f3c22c06bc4f280d08b9084d3e16b22b3c5d60f7711c9db8dba0d3f53075a34e,0.7945339779700705,0.4091857413902772,0.1110884118093464,0.4769953677179671,0.0407629206866087,0.571868896484375,4.896,cea18d12298f2bbae520713a1cfcf05e63b2b9470dcc0adadabc81e69d8d57a0f3c22c06bc4f280d08b9084d3e16b22b3c5d60f7711c9db8dba0d3f53075a34e,,,,,,,,
496,ad4ea5a248f0236960d7c174e58c9a233c9e6bd037ec2e2aeedb5ea7d35840709636c4f84e413694d851337c2f815ed8e92c171d4a5586cf6b6f45627255dbc5,english_griffinlim_eval_final/fake_english_griffinlim/english_fake_0496.wav,0,5.64,-5.8827972412109375,6.697013378143311,0.0313828442217488,english,-5.377816557884216,ad4ea5a248f0236960d7c174e58c9a233c9e6bd037ec2e2aeedb5ea7d35840709636c4f84e413694d851337c2f815ed8e92c171d4a5586cf6b6f45627255dbc5,0.0313828442217488,0.9481096369937893,0.04810508790055,0.003261429629024,0.107063678365144,0.925445556640625,5.64,ad4ea5a248f0236960d7c174e58c9a233c9e6bd037ec2e2aeedb5ea7d35840709636c4f84e413694d851337c2f815ed8e92c171d4a5586cf6b6f45627255dbc5,,,,,,,,
497,79ce8451fea8968eae6f84f6814187a7a9d4a4da089294de5565c6872ff1f951ebdcfb6b74c51cd7c08a2745c89c5ae67c5464dd4c0b22e55b2d4b1d7c0181bf,english_griffinlim_eval_final/fake_english_griffinlim/english_fake_0497.wav,0,6.048,-4.982746601104736,5.769092559814453,0.0608512701647356,english,-4.477765917778015,79ce8451fea8968eae6f84f6814187a7a9d4a4da089294de5565c6872ff1f951ebdcfb6b74c51cd7c08a2745c89c5ae67c5464dd4c0b22e55b2d4b1d7c0181bf,0.0608512701647356,0.9423120065507468,0.0500186533232059,0.0072236828149862,0.1145259494868858,0.946136474609375,6.048,79ce8451fea8968eae6f84f6814187a7a9d4a4da089294de5565c6872ff1f951ebdcfb6b74c51cd7c08a2745c89c5ae67c5464dd4c0b22e55b2d4b1d7c0181bf,0.8977646467016781,0.0755843317213098,0.0266510215770121,0.6933917279915998,14.641020811682264,0.1279116210110767,0.3571850321578909,0.5233891821679072
498,3a3a12ef79a5ae168e17630ddee4bc75ac379e7a4bd0a2c01e9dfef7f09c47891f3ab3c3943a9b3255d4962453f314a139edc4c88d3e71a3128f49ef85947a79,english_griffinlim_eval_final/fake_english_griffinlim/english_fake_0498.wav,0,5.328,-3.361804962158203,4.092395782470703,0.0963854105809635,english,-2.856824278831482,3a3a12ef79a5ae168e17630ddee4bc75ac379e7a4bd0a2c01e9dfef7f09c47891f3ab3c3943a9b3255d4962453f314a139edc4c88d3e71a3128f49ef85947a79,0.0963854105809635,0.7485794715971856,0.2085435961664357,0.0421605201656196,0.0885677044136449,0.826934814453125,5.328,3a3a12ef79a5ae168e17630ddee4bc75ac379e7a4bd0a2c01e9dfef7f09c47891f3ab3c3943a9b3255d4962453f314a139edc4c88d3e71a3128f49ef85947a79,0.73298272200814,0.2170896043825674,0.0499276736092927,0.6855790787576281,14.677710087415528,0.1251214299293782,0.3500672029681245,0.5150226908020883
499,8fc0eb2fce585c5234c75e00be7a6be635a7a04b7e181f362ace7f5acf7e42a74125393235b5008e34eb3bb6650b005724968f62618822e2247bc1bca5135470,english_griffinlim_eval_final/fake_english_griffinlim/english_fake_0499.wav,0,4.104,1.3852146863937378,-2.0851471424102783,0.5449717492501498,english,1.890195369720459,8fc0eb2fce585c5234c75e00be7a6be635a7a04b7e181f362ace7f5acf7e42a74125393235b5008e34eb3bb6650b005724968f62618822e2247bc1bca5135470,0.5449717492501498,0.4212050756370831,0.2506789132393532,0.3160260260405176,0.0162866343241523,0.197357177734375,4.104,8fc0eb2fce585c5234c75e00be7a6be635a7a04b7e181f362ace7f5acf7e42a74125393235b5008e34eb3bb6650b005724968f62618822e2247bc1bca5135470,,,,,,,,
500,a9f9dcd9aaff87741df3ed4e72e055ed390ce2b88e7c13dde116b33ec01c291db3eb287b9e3f1b87e359c8a957f59b44a9297811c50cda231be7f86a320b89d0,english_griffinlim_eval_final/fake_english_griffinlim/english_fake_0500.wav,0,3.192,-2.3941779136657715,3.2251124382019043,0.0181034877717016,english,-1.8891972303390503,a9f9dcd9aaff87741df3ed4e72e055ed390ce2b88e7c13dde116b33ec01c291db3eb287b9e3f1b87e359c8a957f59b44a9297811c50cda231be7f86a320b89d0,0.0181034877717016,0.9513986370724204,0.0400230915276962,0.0079669176865645,0.0988516922638919,0.819610595703125,3.192,a9f9dcd9aaff87741df3ed4e72e055ed390ce2b88e7c13dde116b33ec01c291db3eb287b9e3f1b87e359c8a957f59b44a9297811c50cda231be7f86a320b89d0,,,,,,,,
501,5ede2541c89ae6392684906501e3543e435abcc64e0c36672a3e937e9c3a7dbcae24b9ff3a35da87f25519033a14db74514ccfd3e19fa31999cc97a0ef853cbb,english_griffinlim_eval_final/fake_english_griffinlim/english_fake_0501.wav,0,3.696,-3.3918848037719727,4.277614593505859,0.0488550910448304,english,-2.8869041204452515,5ede2541c89ae6392684906501e3543e435abcc64e0c36672a3e937e9c3a7dbcae24b9ff3a35da87f25519033a14db74514ccfd3e19fa31999cc97a0ef853cbb,0.0488550910448304,0.6538338236694493,0.279714986047446,0.060952637603813,0.0300363207525602,0.24456787109375,3.696,5ede2541c89ae6392684906501e3543e435abcc64e0c36672a3e937e9c3a7dbcae24b9ff3a35da87f25519033a14db74514ccfd3e19fa31999cc97a0ef853cbb,,,,,,,,
502,1ce2d4bc81c3f40364305355b10c3a76c81c31af593cdba291a5c7d79eea4b3acb1bffb6dfbac787c1eedf652c443c973c39dd9901f5756b4c23d0ff26ca9e71,english_griffinlim_eval_final/fake_english_griffinlim/english_fake_0502.wav,0,5.544,0.7693235874176025,-1.228564977645874,0.0077004415530121,english,1.2743042707443237,1ce2d4bc81c3f40364305355b10c3a76c81c31af593cdba291a5c7d79eea4b3acb1bffb6dfbac787c1eedf652c443c973c39dd9901f5756b4c23d0ff26ca9e71,0.0077004415530121,0.932164673551819,0.0518530531039432,0.0147535698703343,0.0684779144846565,0.65118408203125,5.544,1ce2d4bc81c3f40364305355b10c3a76c81c31af593cdba291a5c7d79eea4b3acb1bffb6dfbac787c1eedf652c443c973c39dd9901f5756b4c23d0ff26ca9e71,,,,,,,,
503,4f99ca969abd138a072604765bf3a2699bf5d891cbf285a3da1c252af37d1640d887935c6a7902bfb04dad99092d39cddd52decebe09068486e68636692f6072,english_griffinlim_eval_final/fake_english_griffinlim/english_fake_0503.wav,0,7.704,-4.918770790100098,5.7402873039245605,0.0789435729258737,english,-4.4137901067733765,4f99ca969abd138a072604765bf3a2699bf5d891cbf285a3da1c252af37d1640d887935c6a7902bfb04dad99092d39cddd52decebe09068486e68636692f6072,0.0789435729258737,0.7971227975082562,0.1851930400476873,0.0168249308099243,0.0839406142092789,0.77313232421875,7.704,4f99ca969abd138a072604765bf3a2699bf5d891cbf285a3da1c252af37d1640d887935c6a7902bfb04dad99092d39cddd52decebe09068486e68636692f6072,,,,,,,,
504,c7fa9b2502b716b516b076ca89ff79e29d183ac0c006ce10ce33b61b0cd08542049535c83a89ff71168375d4a3bbbca2bcc25ecf5cc5f0653563862b73121cd2,english_griffinlim_eval_final/fake_english_griffinlim/english_fake_0504.wav,0,6.504,-3.882313489913941,4.811471462249756,0.1664332231401662,english,-3.3773328065872197,c7fa9b2502b716b516b076ca89ff79e29d183ac0c006ce10ce33b61b0cd08542049535c83a89ff71168375d4a3bbbca2bcc25ecf5cc5f0653563862b73121cd2,0.1664332231401662,0.7955386952795616,0.167896122473125,0.0360500321302201,0.1060953380484249,0.9288330078125,6.504,c7fa9b2502b716b516b076ca89ff79e29d183ac0c006ce10ce33b61b0cd08542049535c83a89ff71168375d4a3bbbca2bcc25ecf5cc5f0653563862b73121cd2,,,,,,,,
505,630e7ec8d2545191cf156c922d12179c4f8511b8c94f0541de112038504984103fe8b71948de64fdf7a6a41056817910ccd5362661c26235644f0ebc9943ce38,english_griffinlim_eval_final/fake_english_griffinlim/english_fake_0505.wav,0,3.696,-3.083626747131348,3.850045919418335,0.0121434389509053,english,-2.578646063804627,630e7ec8d2545191cf156c922d12179c4f8511b8c94f0541de112038504984103fe8b71948de64fdf7a6a41056817910ccd5362661c26235644f0ebc9943ce38,0.0121434389509053,0.8663459067536772,0.125775488973608,0.0071198817763259,0.0869572353032558,0.868896484375,3.696,630e7ec8d2545191cf156c922d12179c4f8511b8c94f0541de112038504984103fe8b71948de64fdf7a6a41056817910ccd5362661c26235644f0ebc9943ce38,,,,,,,,
506,df4eb895370c0c7cf250acd7cdf604699f726ad7df1c54695226494cd2661e1cd02bde1a991637381b670c1d6c6870a87ab1d8e270ed5b3d459cd5dcbc01bac5,english_griffinlim_eval_final/fake_english_griffinlim/english_fake_0506.wav,0,5.88,-4.084232807159424,4.935178279876709,0.5901775921702903,english,-3.5792521238327026,df4eb895370c0c7cf250acd7cdf604699f726ad7df1c54695226494cd2661e1cd02bde1a991637381b670c1d6c6870a87ab1d8e270ed5b3d459cd5dcbc01bac5,0.5901775921702903,0.376561587500962,0.2280347053277525,0.3932815388659745,0.0466340362628137,0.805938720703125,5.88,df4eb895370c0c7cf250acd7cdf604699f726ad7df1c54695226494cd2661e1cd02bde1a991637381b670c1d6c6870a87ab1d8e270ed5b3d459cd5dcbc01bac5,,,,,,,,
507,1892185a5f450b7b4659e791cf442591bcd1809f6461f80914e4335a0b4ab38ee71b55e86e0c068cf0358397c58a295bd583691234b5ee98aafc775dff2b33b0,english_griffinlim_eval_final/fake_english_griffinlim/english_fake_0507.wav,0,6.024,-2.292019844055176,3.009993314743042,0.0927702215369839,english,-1.7870391607284546,1892185a5f450b7b4659e791cf442591bcd1809f6461f80914e4335a0b4ab38ee71b55e86e0c068cf0358397c58a295bd583691234b5ee98aafc775dff2b33b0,0.0927702215369839,0.9536139022931938,0.0355245139262769,0.0104212445988233,0.1145323056739409,0.859161376953125,6.024,1892185a5f450b7b4659e791cf442591bcd1809f6461f80914e4335a0b4ab38ee71b55e86e0c068cf0358397c58a295bd583691234b5ee98aafc775dff2b33b0,,,,,,,,
508,c1ea9914f987e4eaaa3b5f5e8a6ab35963d355d828930c7455cf32e2882c0677085edf026177b5e39d2800b42973ffc362e0f7df2a181b49b7f420e9e5702ad9,english_griffinlim_eval_final/fake_english_griffinlim/english_fake_0508.wav,0,4.344,5.698320865631104,-7.288928031921387,0.1350684619781534,english,6.203301548957826,c1ea9914f987e4eaaa3b5f5e8a6ab35963d355d828930c7455cf32e2882c0677085edf026177b5e39d2800b42973ffc362e0f7df2a181b49b7f420e9e5702ad9,0.1350684619781534,0.5268752391717993,0.3097790772656437,0.1381995646558893,0.0069067873811932,0.032684326171875,4.344,c1ea9914f987e4eaaa3b5f5e8a6ab35963d355d828930c7455cf32e2882c0677085edf026177b5e39d2800b42973ffc362e0f7df2a181b49b7f420e9e5702ad9,,,,,,,,
509,ab72e9ab22713aec03a3189202a0713e56016ea07569b3041fcd65d77c9eb3f8c692f7ccaec75c16bbc62476d528f434d829193994cf07fcde9e3b1e4a2fa93a,english_griffinlim_eval_final/fake_english_griffinlim/english_fake_0509.wav,0,4.272,-5.878215789794922,6.6778669357299805,0.2061004423566789,english,-5.373235106468201,ab72e9ab22713aec03a3189202a0713e56016ea07569b3041fcd65d77c9eb3f8c692f7ccaec75c16bbc62476d528f434d829193994cf07fcde9e3b1e4a2fa93a,0.2061004423566789,0.664097387252533,0.3080532701184769,0.0268663364394634,0.0754473161628441,0.588043212890625,4.272,ab72e9ab22713aec03a3189202a0713e56016ea07569b3041fcd65d77c9eb3f8c692f7ccaec75c16bbc62476d528f434d829193994cf07fcde9e3b1e4a2fa93a,,,,,,,,
510,362d319cfc12ca4cb99179fc03d9b1336e51313d88cbd4675f686b5a5496985e95c22b5a09dbcb4dd070654104fdb3b5e2e254464bd7936cd83306546509d61f,english_griffinlim_eval_final/fake_english_griffinlim/english_fake_0510.wav,0,5.784,-3.946744918823242,4.807159900665283,0.0198292697941081,english,-3.441764235496521,362d319cfc12ca4cb99179fc03d9b1336e51313d88cbd4675f686b5a5496985e95c22b5a09dbcb4dd070654104fdb3b5e2e254464bd7936cd83306546509d61f,0.0198292697941081,0.9332798824187808,0.0612163142120511,0.0050011785769827,0.1042027425256338,0.990020751953125,5.784,362d319cfc12ca4cb99179fc03d9b1336e51313d88cbd4675f686b5a5496985e95c22b5a09dbcb4dd070654104fdb3b5e2e254464bd7936cd83306546509d61f,,,,,,,,
511,95374f4f0281ce754ec20477f0fb494597129dcbd84a71b9840512f16624ca875a5d182e2d11413d3344e7cfc09432596ca9a53c1de30ea445daae342c2d251f,english_griffinlim_eval_final/fake_english_griffinlim/english_fake_0511.wav,0,3.996,-5.657763957977295,6.4501261711120605,0.0511240548480562,english,-5.152783274650574,95374f4f0281ce754ec20477f0fb494597129dcbd84a71b9840512f16624ca875a5d182e2d11413d3344e7cfc09432596ca9a53c1de30ea445daae342c2d251f,0.0511240548480562,0.6382271412891865,0.3273633769620048,0.0312805852919714,0.040759224232061,0.391021728515625,3.996,95374f4f0281ce754ec20477f0fb494597129dcbd84a71b9840512f16624ca875a5d182e2d11413d3344e7cfc09432596ca9a53c1de30ea445daae342c2d251f,,,,,,,,
512,cc3564ba9160b09d78f20c91f7c875f51a2e7e6eb150f1f331159fbb023eeba2b040c3ee286d53f1994347fca1a636ba6343078b7b1d67dab83d60271ea994da,english_griffinlim_eval_final/fake_english_griffinlim/english_fake_0512.wav,0,4.104,-5.961922645568848,6.835718154907227,0.1837292363195282,english,-5.4569419622421265,cc3564ba9160b09d78f20c91f7c875f51a2e7e6eb150f1f331159fbb023eeba2b040c3ee286d53f1994347fca1a636ba6343078b7b1d67dab83d60271ea994da,0.1837292363195282,0.9037739485144148,0.0935370817485254,0.0023979531861529,0.1325170186013709,0.990020751953125,4.104,cc3564ba9160b09d78f20c91f7c875f51a2e7e6eb150f1f331159fbb023eeba2b040c3ee286d53f1994347fca1a636ba6343078b7b1d67dab83d60271ea994da,,,,,,,,
513,50a3974c5ad2d08c1b064c761f39a0065d1d1a6b686e9723b24b9eccec71d13762b8d5807215cb8fb5e7c6a27efe6b7f038e962f32b4a24ab07d8f0feb0a2807,english_griffinlim_eval_final/fake_english_griffinlim/english_fake_0513.wav,0,4.896,-2.680760145187378,3.683881282806397,0.0054782511628048,english,-2.1757794618606567,50a3974c5ad2d08c1b064c761f39a0065d1d1a6b686e9723b24b9eccec71d13762b8d5807215cb8fb5e7c6a27efe6b7f038e962f32b4a24ab07d8f0feb0a2807,0.0054782511628048,0.8584287836247287,0.0986981804401618,0.0400885141148404,0.0447915832520849,0.497833251953125,4.896,50a3974c5ad2d08c1b064c761f39a0065d1d1a6b686e9723b24b9eccec71d13762b8d5807215cb8fb5e7c6a27efe6b7f038e962f32b4a24ab07d8f0feb0a2807,,,,,,,,
514,ac6c32f959398d495a2bd3ff3a6d7b3dc0f9700ded23aef5f248bc799b3210e84b90cf8eaca63f0bd7caad7fd8d2f1914223a32a39085381242d0f0b0411ce5d,english_griffinlim_eval_final/fake_english_griffinlim/english_fake_0514.wav,0,7.872,-6.008108139038086,6.856163501739502,0.0474589783719925,english,-5.503127455711365,ac6c32f959398d495a2bd3ff3a6d7b3dc0f9700ded23aef5f248bc799b3210e84b90cf8eaca63f0bd7caad7fd8d2f1914223a32a39085381242d0f0b0411ce5d,0.0474589783719925,0.8295892534342398,0.1380718835327313,0.0309821741955647,0.0663552653489345,0.584503173828125,7.872,ac6c32f959398d495a2bd3ff3a6d7b3dc0f9700ded23aef5f248bc799b3210e84b90cf8eaca63f0bd7caad7fd8d2f1914223a32a39085381242d0f0b0411ce5d,,,,,,,,
515,790d3c7dca38df38badf91b9f25b8d9a7680b57ca71e70d73b341fdc7591dca9e7941eacdc34a0e9962bf5bdb04a0cc9b166f90c908682086dd2256e3bc6344c,english_griffinlim_eval_final/fake_english_griffinlim/english_fake_0515.wav,0,5.544,-5.928801536560059,6.92379093170166,0.9078977571894696,english,-5.423820853233337,790d3c7dca38df38badf91b9f25b8d9a7680b57ca71e70d73b341fdc7591dca9e7941eacdc34a0e9962bf5bdb04a0cc9b166f90c908682086dd2256e3bc6344c,0.9078977571894696,0.8915945586726614,0.0720714332421464,0.0361950086485837,0.168233873833378,0.990020751953125,5.544,790d3c7dca38df38badf91b9f25b8d9a7680b57ca71e70d73b341fdc7591dca9e7941eacdc34a0e9962bf5bdb04a0cc9b166f90c908682086dd2256e3bc6344c,,,,,,,,
516,5b9265839ec3c73c4bf4ef1348528cd6778c87938ecdbab9101c7f2cdac971ce0ba043e7e73c116a22b97b9fa458c34f1ea84e584e6c0be602b6e4456ca4839b,english_griffinlim_eval_final/fake_english_griffinlim/english_fake_0516.wav,0,5.328,-4.513772010803223,5.317412853240967,0.008341866178913,english,-4.0087913274765015,5b9265839ec3c73c4bf4ef1348528cd6778c87938ecdbab9101c7f2cdac971ce0ba043e7e73c116a22b97b9fa458c34f1ea84e584e6c0be602b6e4456ca4839b,0.008341866178913,0.8192645096914932,0.1655969137920487,0.013388410229198,0.0560008632372383,0.6351318359375,5.328,5b9265839ec3c73c4bf4ef1348528cd6778c87938ecdbab9101c7f2cdac971ce0ba043e7e73c116a22b97b9fa458c34f1ea84e584e6c0be602b6e4456ca4839b,,,,,,,,
517,46369e01baf2553b6269322ed95fc7afe1865c88e5f462390a20e35e6af12cc97960c4874ecda585cb422e132fee3f04da4f91fa41175b3b36d9bc7d7033edf1,english_griffinlim_eval_final/fake_english_griffinlim/english_fake_0517.wav,0,5.508,-5.653238773345947,6.403616905212402,0.0348744905322228,english,-5.148258090019226,46369e01baf2553b6269322ed95fc7afe1865c88e5f462390a20e35e6af12cc97960c4874ecda585cb422e132fee3f04da4f91fa41175b3b36d9bc7d7033edf1,0.0348744905322228,0.7057313670809493,0.2708010346363053,0.0220485920691917,0.0614771124691822,0.6754150390625,5.508,46369e01baf2553b6269322ed95fc7afe1865c88e5f462390a20e35e6af12cc97960c4874ecda585cb422e132fee3f04da4f91fa41175b3b36d9bc7d7033edf1,,,,,,,,
518,8d730a3e00a296c6af5e6b318953e1fabd2c26959e212954a0b949bd82081c7e24b621adda8de124549fe925752ca508cdb2f609c5dfedc7f3e5190f1bb5694c,english_griffinlim_eval_final/fake_english_griffinlim/english_fake_0518.wav,0,5.52,-0.6820350885391235,1.1524016857147217,0.0187243450802331,english,-0.17705440521240234,8d730a3e00a296c6af5e6b318953e1fabd2c26959e212954a0b949bd82081c7e24b621adda8de124549fe925752ca508cdb2f609c5dfedc7f3e5190f1bb5694c,0.0187243450802331,0.7769730728062402,0.1533179009666165,0.0591183569878662,0.020024631339166,0.12164306640625,5.52,8d730a3e00a296c6af5e6b318953e1fabd2c26959e212954a0b949bd82081c7e24b621adda8de124549fe925752ca508cdb2f609c5dfedc7f3e5190f1bb5694c,,,,,,,,
519,8bb1b6035772c575e287ffd80c92b07954ccf17732f806e55a33200d7696fe355c1718c988712b7dab6a14212d59a5184a76c799cca8063effe6194ecc9bac7a,english_griffinlim_eval_final/fake_english_griffinlim/english_fake_0519.wav,0,6.384,-4.650572776794434,5.418732643127441,0.0259501971951758,english,-4.145592093467712,8bb1b6035772c575e287ffd80c92b07954ccf17732f806e55a33200d7696fe355c1718c988712b7dab6a14212d59a5184a76c799cca8063effe6194ecc9bac7a,0.0259501971951758,0.9014099543308306,0.0569007005186159,0.0410058054028949,0.0896509466311675,0.8531494140625,6.384,8bb1b6035772c575e287ffd80c92b07954ccf17732f806e55a33200d7696fe355c1718c988712b7dab6a14212d59a5184a76c799cca8063effe6194ecc9bac7a,,,,,,,,
520,d366eca35b53578a90927d35767c576830ed244f1e3ef7fac62e6f386e8165aca2d77a6c5bdd5be6db1fab7509f638e18e6368f69237786ace2018c760a25132,english_griffinlim_eval_final/fake_english_griffinlim/english_fake_0520.wav,0,4.248,-1.0618797540664673,1.5879697799682615,0.0246927183207432,english,-0.5568990707397461,d366eca35b53578a90927d35767c576830ed244f1e3ef7fac62e6f386e8165aca2d77a6c5bdd5be6db1fab7509f638e18e6368f69237786ace2018c760a25132,0.0246927183207432,0.7674621853567763,0.2159996036744904,0.0141993995923376,0.0491801655769201,0.413848876953125,4.248,d366eca35b53578a90927d35767c576830ed244f1e3ef7fac62e6f386e8165aca2d77a6c5bdd5be6db1fab7509f638e18e6368f69237786ace2018c760a25132,,,,,,,,
521,f21d4d232e4d48ef7d883a998ea47ab197fe586c809979066e3490da7296f873099b8b1d52fe911b073142071fc68364987e51acd6e417825d36b8aabb430701,english_griffinlim_eval_final/fake_english_griffinlim/english_fake_0521.wav,0,3.6,-6.0051774978637695,6.919650554656982,0.0129006985983615,english,-5.500196814537048,f21d4d232e4d48ef7d883a998ea47ab197fe586c809979066e3490da7296f873099b8b1d52fe911b073142071fc68364987e51acd6e417825d36b8aabb430701,0.0129006985983615,0.9741169262128772,0.0198982991090183,0.0051524076081072,0.088827145035831,0.71002197265625,3.6,f21d4d232e4d48ef7d883a998ea47ab197fe586c809979066e3490da7296f873099b8b1d52fe911b073142071fc68364987e51acd6e417825d36b8aabb430701,,,,,,,,
522,5eaa49f00193ae8a891fa69e0c5a5ddbaf415ec00f344e11d982c8ec02606e2c4af3b7d9e4dc96fc3f68a296ff841aabea06ee2177d4966adfaeb885a7031ced,english_griffinlim_eval_final/fake_english_griffinlim/english_fake_0522.wav,0,6.336,-2.315986394882202,3.253995656967163,0.0043914496900024,english,-1.811005711555481,5eaa49f00193ae8a891fa69e0c5a5ddbaf415ec00f344e11d982c8ec02606e2c4af3b7d9e4dc96fc3f68a296ff841aabea06ee2177d4966adfaeb885a7031ced,0.0043914496900024,0.8485174178686335,0.1115113293586437,0.0356619965579336,0.0333669411289054,0.432281494140625,6.336,5eaa49f00193ae8a891fa69e0c5a5ddbaf415ec00f344e11d982c8ec02606e2c4af3b7d9e4dc96fc3f68a296ff841aabea06ee2177d4966adfaeb885a7031ced,,,,,,,,
523,b26466e216cd2e3f47c3ca97fb5e55326fc117d171d8bbe5a3c996542a403adfd1c50887fa104aa017c1f31230dfa6610263fd060b38365fc274171e77664690,english_griffinlim_eval_final/fake_english_griffinlim/english_fake_0523.wav,0,5.292,-4.153968334197998,4.978090763092041,0.0116183091463457,english,-3.648987650871277,b26466e216cd2e3f47c3ca97fb5e55326fc117d171d8bbe5a3c996542a403adfd1c50887fa104aa017c1f31230dfa6610263fd060b38365fc274171e77664690,0.0116183091463457,0.8286648152337409,0.1075430181994732,0.0581219568600914,0.0300680351040528,0.25128173828125,5.292,b26466e216cd2e3f47c3ca97fb5e55326fc117d171d8bbe5a3c996542a403adfd1c50887fa104aa017c1f31230dfa6610263fd060b38365fc274171e77664690,,,,,,,,
524,d00446e08c607630db0b554cb2c45a91bb46f87042798b0b18a106c5d68b3779c2e2cb46c1b73393743f0c93e08cd978fddac08e3b6ea40ceda2b1ff6e858bc4,english_griffinlim_eval_final/fake_english_griffinlim/english_fake_0524.wav,0,3.276,-4.083103179931641,4.864043235778809,0.0115342586194004,english,-3.5781224966049194,d00446e08c607630db0b554cb2c45a91bb46f87042798b0b18a106c5d68b3779c2e2cb46c1b73393743f0c93e08cd978fddac08e3b6ea40ceda2b1ff6e858bc4,0.0115342586194004,0.7379494298261701,0.1992896251523147,0.0594944590292183,0.0418617246457341,0.495208740234375,3.276,d00446e08c607630db0b554cb2c45a91bb46f87042798b0b18a106c5d68b3779c2e2cb46c1b73393743f0c93e08cd978fddac08e3b6ea40ceda2b1ff6e858bc4,,,,,,,,
525,f1e2e9cfb3e71915941135c03f485fbc43d845535824ca12c1b08f6a2d6f6ebb8cb8df358e468fc63ef64bf61aefc06eabd1e176a3c08543618fa0b20c0b304f,english_griffinlim_eval_final/fake_english_griffinlim/english_fake_0525.wav,0,5.256,-4.822400093078613,5.597117424011231,0.0063452662637452,english,-4.317419409751892,f1e2e9cfb3e71915941135c03f485fbc43d845535824ca12c1b08f6a2d6f6ebb8cb8df358e468fc63ef64bf61aefc06eabd1e176a3c08543618fa0b20c0b304f,0.0063452662637452,0.8900921800754265,0.0818418666389625,0.0268502291473553,0.0670260778780346,0.73114013671875,5.256,f1e2e9cfb3e71915941135c03f485fbc43d845535824ca12c1b08f6a2d6f6ebb8cb8df358e468fc63ef64bf61aefc06eabd1e176a3c08543618fa0b20c0b304f,,,,,,,,
526,cf658764e695270837ad8af4462cb4fdaeec21a451e3c9ee585dcec3b999e0ac6f0a5f2de7548e919d2ffa1cc94d7f78fb8dbc1eba8bfe3cf0875c9c50235b63,english_griffinlim_eval_final/fake_english_griffinlim/english_fake_0526.wav,0,6.1126875,-3.97160577774048,4.844688892364502,0.0199145701086449,english,-3.4666250944137587,cf658764e695270837ad8af4462cb4fdaeec21a451e3c9ee585dcec3b999e0ac6f0a5f2de7548e919d2ffa1cc94d7f78fb8dbc1eba8bfe3cf0875c9c50235b63,0.0199145701086449,0.778702450857521,0.1367007479326718,0.0798771838956885,0.0330226731782247,0.335235595703125,6.1126875,cf658764e695270837ad8af4462cb4fdaeec21a451e3c9ee585dcec3b999e0ac6f0a5f2de7548e919d2ffa1cc94d7f78fb8dbc1eba8bfe3cf0875c9c50235b63,,,,,,,,
527,f55c6165fa5861bdc125327d4b843577e9a8bfb7ea35c342c2ede9afdc2712162e9837cfd1d48ceee25cd5c8be7cf8eb044b8bc738d2849e392fc0a843f67079,english_griffinlim_eval_final/fake_english_griffinlim/english_fake_0527.wav,0,7.416,-5.9168548583984375,6.754483222961426,0.8325917746299726,english,-5.411874175071716,f55c6165fa5861bdc125327d4b843577e9a8bfb7ea35c342c2ede9afdc2712162e9837cfd1d48ceee25cd5c8be7cf8eb044b8bc738d2849e392fc0a843f67079,0.8325917746299726,0.9300927916523544,0.0623744111134186,0.0074144130118591,0.1625040466192369,0.989990234375,7.416,f55c6165fa5861bdc125327d4b843577e9a8bfb7ea35c342c2ede9afdc2712162e9837cfd1d48ceee25cd5c8be7cf8eb044b8bc738d2849e392fc0a843f67079,,,,,,,,
528,4ee06352238f3271984b2617d0b21542e5b53832a3a3c72fc734639aa0fd35f3f6a6a119b9321d40a849042a29c6f540ea3c9a1ef2c66b05a931f983c75ec30e,english_griffinlim_eval_final/fake_english_griffinlim/english_fake_0528.wav,0,4.896,-6.036673545837402,6.95574951171875,0.0365808445033105,english,-5.531692862510681,4ee06352238f3271984b2617d0b21542e5b53832a3a3c72fc734639aa0fd35f3f6a6a119b9321d40a849042a29c6f540ea3c9a1ef2c66b05a931f983c75ec30e,0.0365808445033105,0.944325227507798,0.0480107429535689,0.0067068780390156,0.0793953142417257,0.503326416015625,4.896,4ee06352238f3271984b2617d0b21542e5b53832a3a3c72fc734639aa0fd35f3f6a6a119b9321d40a849042a29c6f540ea3c9a1ef2c66b05a931f983c75ec30e,,,,,,,,
529,cc7e6dc7797985d7c5d09a8db7f72f5e4ab65de1872d8e3e311560227b0d2bf1ccf82e612b6192616a2af4c76c051dc634cb94928c0bba49d2d5027c96decf1b,english_griffinlim_eval_final/fake_english_griffinlim/english_fake_0529.wav,0,3.672,-0.6913546323776245,1.236161470413208,0.0042833585292807,english,-0.18637394905090332,cc7e6dc7797985d7c5d09a8db7f72f5e4ab65de1872d8e3e311560227b0d2bf1ccf82e612b6192616a2af4c76c051dc634cb94928c0bba49d2d5027c96decf1b,0.0042833585292807,0.8932516580991454,0.073013517916795,0.0285945392693823,0.0326137781272078,0.25921630859375,3.672,cc7e6dc7797985d7c5d09a8db7f72f5e4ab65de1872d8e3e311560227b0d2bf1ccf82e612b6192616a2af4c76c051dc634cb94928c0bba49d2d5027c96decf1b,,,,,,,,
530,7691c6d88abf0ea4dd82b8c1c34905b72d42a44c71198603796eb7273b01dff9e21db0f73cf3c387264188e3dd5c9802a75ca5e8a1dd9b36cf57197b5cf1e14c,english_griffinlim_eval_final/fake_english_griffinlim/english_fake_0530.wav,0,4.104,-0.7133585214614868,1.0963577032089231,0.0171306799025597,english,-0.20837783813476562,7691c6d88abf0ea4dd82b8c1c34905b72d42a44c71198603796eb7273b01dff9e21db0f73cf3c387264188e3dd5c9802a75ca5e8a1dd9b36cf57197b5cf1e14c,0.0171306799025597,0.7317688627526076,0.224602309215217,0.0377712214504986,0.0284852463274509,0.259552001953125,4.104,7691c6d88abf0ea4dd82b8c1c34905b72d42a44c71198603796eb7273b01dff9e21db0f73cf3c387264188e3dd5c9802a75ca5e8a1dd9b36cf57197b5cf1e14c,,,,,,,,
531,1d8a5a86ea20aa36ecf601cae7c6cdaf25cface549454f3f365cdd1a36c0d36008c4f37b5c9f9823f50bc946fadd1f803ef7a70f74f613d2eedfd455caa9e595,english_griffinlim_eval_final/fake_english_griffinlim/english_fake_0531.wav,0,7.152,-2.0641393661499023,2.731332302093506,0.0257398139627714,english,-1.5591586828231812,1d8a5a86ea20aa36ecf601cae7c6cdaf25cface549454f3f365cdd1a36c0d36008c4f37b5c9f9823f50bc946fadd1f803ef7a70f74f613d2eedfd455caa9e595,0.0257398139627714,0.7140306756678046,0.2147691868843584,0.0620994863068731,0.0211595532100178,0.24371337890625,7.152,1d8a5a86ea20aa36ecf601cae7c6cdaf25cface549454f3f365cdd1a36c0d36008c4f37b5c9f9823f50bc946fadd1f803ef7a70f74f613d2eedfd455caa9e595,,,,,,,,
532,fb6f8778471660b62a30900b077d2fec2b6d4f599bd1896c93da7b7a8e601fc72a638c1cbb4b0ec550d981c39c3222fa251a53222b9b05c364b97ba239bd6d4c,english_griffinlim_eval_final/fake_english_griffinlim/english_fake_0532.wav,0,3.984,-2.4338021278381348,3.202954292297364,0.1247346918271192,english,-1.9288214445114136,fb6f8778471660b62a30900b077d2fec2b6d4f599bd1896c93da7b7a8e601fc72a638c1cbb4b0ec550d981c39c3222fa251a53222b9b05c364b97ba239bd6d4c,0.1247346918271192,0.5980894569710505,0.3102085151861475,0.0887327812942265,0.0406408480844676,0.358917236328125,3.984,fb6f8778471660b62a30900b077d2fec2b6d4f599bd1896c93da7b7a8e601fc72a638c1cbb4b0ec550d981c39c3222fa251a53222b9b05c364b97ba239bd6d4c,,,,,,,,
533,3edf4b5a0cbf9980fc696cc1f71c5ea73ff6a7bdfadac46c2965325ece452b575cd5a51551251456d4fbfc3d621d23a13c32b856241bc0d37134acb2327deab3,english_griffinlim_eval_final/fake_english_griffinlim/english_fake_0533.wav,0,6.216,-5.759790897369385,6.622076988220215,0.8910240742618277,english,-5.254810214042664,3edf4b5a0cbf9980fc696cc1f71c5ea73ff6a7bdfadac46c2965325ece452b575cd5a51551251456d4fbfc3d621d23a13c32b856241bc0d37134acb2327deab3,0.8910240742618277,0.8609100976286149,0.1122836611540068,0.0266333261718003,0.1617076472895081,0.989990234375,6.216,3edf4b5a0cbf9980fc696cc1f71c5ea73ff6a7bdfadac46c2965325ece452b575cd5a51551251456d4fbfc3d621d23a13c32b856241bc0d37134acb2327deab3,0.7692771253256747,0.1747949886471171,0.055927886027208,0.6695014687828929,14.727583856234986,0.1297777050389572,0.3444256413491874,0.5021763924949746
534,a2a22d751c2843ab999936591f3b6f94656a5aa1b21bb26d2c3fc105b934579966c219aac6c85f4157974d99f90fed9479d21c5c2342d7a2d0e80e711384af84,english_griffinlim_eval_final/fake_english_griffinlim/english_fake_0534.wav,0,7.056,-4.70864725112915,5.414914131164551,0.2571553197837591,english,-4.203666567802429,a2a22d751c2843ab999936591f3b6f94656a5aa1b21bb26d2c3fc105b934579966c219aac6c85f4157974d99f90fed9479d21c5c2342d7a2d0e80e711384af84,0.2571553197837591,0.7775847082865797,0.1009457981980771,0.1205743434365129,0.0806052572660111,0.624420166015625,7.056,a2a22d751c2843ab999936591f3b6f94656a5aa1b21bb26d2c3fc105b934579966c219aac6c85f4157974d99f90fed9479d21c5c2342d7a2d0e80e711384af84,,,,,,,,
535,052e4952bf4ab01e82f051346a73726e616a5aa4bcfc0d6c0cc86de1028de03e93cfb7ec3d4ef7fffd4b81448991c5f583c1a75774f0405922a6eaa4c8e7554b,english_griffinlim_eval_final/fake_english_griffinlim/english_fake_0535.wav,0,3.624,-0.7598758935928345,1.210280418395996,0.0069767234063233,english,-0.2548952102661133,052e4952bf4ab01e82f051346a73726e616a5aa4bcfc0d6c0cc86de1028de03e93cfb7ec3d4ef7fffd4b81448991c5f583c1a75774f0405922a6eaa4c8e7554b,0.0069767234063233,0.9381662527336216,0.038315111606823,0.0219251089955936,0.0608270518635002,0.4954833984375,3.624,052e4952bf4ab01e82f051346a73726e616a5aa4bcfc0d6c0cc86de1028de03e93cfb7ec3d4ef7fffd4b81448991c5f583c1a75774f0405922a6eaa4c8e7554b,,,,,,,,
536,fe024e7c89f2831e19be52d4146f469192339777aa731fae2074543b35f500431f4ce8647d9e394762bb6cef43615f7ec2f6bac46df8832a5c687b4946a89e80,english_griffinlim_eval_final/fake_english_griffinlim/english_fake_0536.wav,0,6.384,-5.953466415405273,6.9200944900512695,0.0054479372298241,english,-5.448485732078552,fe024e7c89f2831e19be52d4146f469192339777aa731fae2074543b35f500431f4ce8647d9e394762bb6cef43615f7ec2f6bac46df8832a5c687b4946a89e80,0.0054479372298241,0.8300080850555498,0.1281781316423451,0.0379271500320422,0.0369043778546007,0.480499267578125,6.384,fe024e7c89f2831e19be52d4146f469192339777aa731fae2074543b35f500431f4ce8647d9e394762bb6cef43615f7ec2f6bac46df8832a5c687b4946a89e80,,,,,,,,
537,59db7cbd4b6002315c9b08092e79c84afb90515c99ab880c4a9bbe31265c403eb0f7a1f09967dcf235150a3e1ddbf9ef32222cc700f9b1ce0aace4cb7505e16c,english_griffinlim_eval_final/fake_english_griffinlim/english_fake_0537.wav,0,4.488,-5.845883846282959,6.755363941192627,0.0176550531041533,english,-5.340903162956238,59db7cbd4b6002315c9b08092e79c84afb90515c99ab880c4a9bbe31265c403eb0f7a1f09967dcf235150a3e1ddbf9ef32222cc700f9b1ce0aace4cb7505e16c,0.0176550531041533,0.7438413101143746,0.245504772611767,0.0098702752724904,0.0806294736519464,0.94378662109375,4.488,59db7cbd4b6002315c9b08092e79c84afb90515c99ab880c4a9bbe31265c403eb0f7a1f09967dcf235150a3e1ddbf9ef32222cc700f9b1ce0aace4cb7505e16c,,,,,,,,
538,7910368e882a9224845963c6721c69d279cb1f15d4c870a2fc1be7e0a44ecd26be23b462c0006b856195642d03bc7ee1f3759fde1ee37788a46334c31c01276b,english_griffinlim_eval_final/fake_english_griffinlim/english_fake_0538.wav,0,2.232,-5.840394020080566,6.678111553192139,0.0127940996151711,english,-5.335413336753845,7910368e882a9224845963c6721c69d279cb1f15d4c870a2fc1be7e0a44ecd26be23b462c0006b856195642d03bc7ee1f3759fde1ee37788a46334c31c01276b,0.0127940996151711,0.932363254176092,0.045680490810177,0.0205264883677414,0.0664468282260701,0.43853759765625,2.232,7910368e882a9224845963c6721c69d279cb1f15d4c870a2fc1be7e0a44ecd26be23b462c0006b856195642d03bc7ee1f3759fde1ee37788a46334c31c01276b,,,,,,,,
539,cb0b0c7991c763340fc674acc4885c5d13ee791dfd6056f18562d91c318fd1640bdb17f61e61a87ea26cf6867ad1350d3f517732329b8320c324982e58bddcec,english_griffinlim_eval_final/fake_english_griffinlim/english_fake_0539.wav,0,3.648,-0.159925952553749,-0.0345827937126159,0.0051798405210151,english,0.3450547307729722,cb0b0c7991c763340fc674acc4885c5d13ee791dfd6056f18562d91c318fd1640bdb17f61e61a87ea26cf6867ad1350d3f517732329b8320c324982e58bddcec,0.0051798405210151,0.8336006017126993,0.1247112188127082,0.0354762485323205,0.0274911990029524,0.25775146484375,3.648,cb0b0c7991c763340fc674acc4885c5d13ee791dfd6056f18562d91c318fd1640bdb17f61e61a87ea26cf6867ad1350d3f517732329b8320c324982e58bddcec,,,,,,,,
540,c948b5166ffa7f0a17b7d067f7f99418cfe1cf101ee9b845047cdcb43911af6bc2c5f775f5099e60052e8edf9d59a2a0fdd906095c9ea0f02c8af763b2088235,english_griffinlim_eval_final/fake_english_griffinlim/english_fake_0540.wav,0,3.624,-4.323655128479004,5.165762901306152,0.727801824519722,english,-3.8186744451522827,c948b5166ffa7f0a17b7d067f7f99418cfe1cf101ee9b845047cdcb43911af6bc2c5f775f5099e60052e8edf9d59a2a0fdd906095c9ea0f02c8af763b2088235,0.727801824519722,0.4967296871636379,0.4185578710369239,0.0843061155332326,0.1083121560446175,0.976837158203125,3.624,c948b5166ffa7f0a17b7d067f7f99418cfe1cf101ee9b845047cdcb43911af6bc2c5f775f5099e60052e8edf9d59a2a0fdd906095c9ea0f02c8af763b2088235,,,,,,,,
541,ab84a621f52d398150ac593392424f8d99e265cf69a25aef10d8222187d4da096854b3302504ba3e568d2febed4234eda0d3c85280b58ad5a2c063e82a8d3379,english_griffinlim_eval_final/fake_english_griffinlim/english_fake_0541.wav,0,4.14,-5.878884315490723,6.826352119445801,0.1610347319660969,english,-5.3739036321640015,ab84a621f52d398150ac593392424f8d99e265cf69a25aef10d8222187d4da096854b3302504ba3e568d2febed4234eda0d3c85280b58ad5a2c063e82a8d3379,0.1610347319660969,0.961946494978018,0.0355688343459912,0.0021599516190998,0.1365066415400479,0.979400634765625,4.14,ab84a621f52d398150ac593392424f8d99e265cf69a25aef10d8222187d4da096854b3302504ba3e568d2febed4234eda0d3c85280b58ad5a2c063e82a8d3379,0.8959076768753136,0.0806521794231403,0.0234401437015459,0.7624338761666452,14.24934871600624,0.1604394272579779,0.4411111181752554,0.621431087072732
542,f95c9f478228e092e2955d5f9ac7f3ed04e8e3d6dae1cde6bb7ff2906bd5196e116ed863adfbbe02dd7c2012665a5d5d3f85d447a1c9cc58d293eeded5ee1763,english_griffinlim_eval_final/fake_english_griffinlim/english_fake_0542.wav,0,2.736,-2.059166193008423,2.630990028381348,0.0295017003366132,english,-1.5541855096817017,f95c9f478228e092e2955d5f9ac7f3ed04e8e3d6dae1cde6bb7ff2906bd5196e116ed863adfbbe02dd7c2012665a5d5d3f85d447a1c9cc58d293eeded5ee1763,0.0295017003366132,0.8204708112312242,0.1539520800879608,0.0246103303744761,0.0770259851123061,0.647918701171875,2.736,f95c9f478228e092e2955d5f9ac7f3ed04e8e3d6dae1cde6bb7ff2906bd5196e116ed863adfbbe02dd7c2012665a5d5d3f85d447a1c9cc58d293eeded5ee1763,,,,,,,,
543,38f82bcb2781f7da7b0d5150b30526c2ea236b7f2c3fb985ac9fe54eccbca08df83ac97bf5881a6f63d989744e39ce9436aebe410bff2cd36577a29db5ce8c8a,english_griffinlim_eval_final/fake_english_griffinlim/english_fake_0543.wav,0,5.856,-4.364505767822266,5.1756086349487305,0.0334139193110979,english,-3.8595250844955444,38f82bcb2781f7da7b0d5150b30526c2ea236b7f2c3fb985ac9fe54eccbca08df83ac97bf5881a6f63d989744e39ce9436aebe410bff2cd36577a29db5ce8c8a,0.0334139193110979,0.942991940957262,0.0287963062164067,0.0274865470759093,0.0936274455428703,0.77001953125,5.856,38f82bcb2781f7da7b0d5150b30526c2ea236b7f2c3fb985ac9fe54eccbca08df83ac97bf5881a6f63d989744e39ce9436aebe410bff2cd36577a29db5ce8c8a,,,,,,,,
544,82db0aaa96cc481a275b587be8508837e2d48fd05f95513d8bd8a6ec665d1c8b306621d9016398a8533c3544e1341daa39f8669ad4cfd701a0a4973ad1990c65,english_griffinlim_eval_final/fake_english_griffinlim/english_fake_0544.wav,0,4.176,-3.712223768234253,4.576750755310059,0.0534849047214171,english,-3.2072430849075317,82db0aaa96cc481a275b587be8508837e2d48fd05f95513d8bd8a6ec665d1c8b306621d9016398a8533c3544e1341daa39f8669ad4cfd701a0a4973ad1990c65,0.0534849047214171,0.7307628373913844,0.2060464647465875,0.0607879969854701,0.0458325538615167,0.34503173828125,4.176,82db0aaa96cc481a275b587be8508837e2d48fd05f95513d8bd8a6ec665d1c8b306621d9016398a8533c3544e1341daa39f8669ad4cfd701a0a4973ad1990c65,,,,,,,,
545,1021e146675cfa012da5d577b0c590b05b1843f6cf0755fca2d7197743507f6d4234740af632151c4f47ee3b64d47a697efeefbddae60b7a63730a3567c8e17d,english_griffinlim_eval_final/fake_english_griffinlim/english_fake_0545.wav,0,2.496,-0.8224957585334778,1.2750508785247805,0.0534046174099938,english,-0.3175150752067566,1021e146675cfa012da5d577b0c590b05b1843f6cf0755fca2d7197743507f6d4234740af632151c4f47ee3b64d47a697efeefbddae60b7a63730a3567c8e17d,0.0534046174099938,0.6842189204683728,0.3110005769509097,0.0042219458282219,0.0933380138381053,0.961578369140625,2.496,1021e146675cfa012da5d577b0c590b05b1843f6cf0755fca2d7197743507f6d4234740af632151c4f47ee3b64d47a697efeefbddae60b7a63730a3567c8e17d,,,,,,,,
546,d4aebd5a6484e24def5164f5af040b303529cc6a4eae69a7f5bc235bdc1c4c43b1b6bb9c1d266d68833ded62b102d605fd3404f7ce01517b4b295c92151aa8c8,english_griffinlim_eval_final/fake_english_griffinlim/english_fake_0546.wav,0,3.96,-0.5622485876083374,1.0207931995391846,0.0418477734736744,english,-0.05726790428161621,d4aebd5a6484e24def5164f5af040b303529cc6a4eae69a7f5bc235bdc1c4c43b1b6bb9c1d266d68833ded62b102d605fd3404f7ce01517b4b295c92151aa8c8,0.0418477734736744,0.8403679419494579,0.1433801331515402,0.015530028687035,0.0873970525507607,0.73388671875,3.96,d4aebd5a6484e24def5164f5af040b303529cc6a4eae69a7f5bc235bdc1c4c43b1b6bb9c1d266d68833ded62b102d605fd3404f7ce01517b4b295c92151aa8c8,,,,,,,,
547,6f857ae9cce34722194f3a0ce7e20fe135389b0a34665e177823f4eb7bf15d047674909de00c38b2fd376c6c62a52b445941dd3422df80c43c74f750b0296006,english_griffinlim_eval_final/fake_english_griffinlim/english_fake_0547.wav,0,5.58,-2.263056755065918,3.137986898422241,0.0284348087509406,english,-1.7580760717391968,6f857ae9cce34722194f3a0ce7e20fe135389b0a34665e177823f4eb7bf15d047674909de00c38b2fd376c6c62a52b445941dd3422df80c43c74f750b0296006,0.0284348087509406,0.6423611608568519,0.3007332130654627,0.0499568449279294,0.0247645416448757,0.32781982421875,5.58,6f857ae9cce34722194f3a0ce7e20fe135389b0a34665e177823f4eb7bf15d047674909de00c38b2fd376c6c62a52b445941dd3422df80c43c74f750b0296006,,,,,,,,
548,2e0be8cfd0d2d424f0368344ee039ff625b62409bfd0b61450ca58644525456f394ddc26a2cd01d2e18fdbbc1f04d85a927ec9b3dbbd33527492f6ff7fdb2cb4,english_griffinlim_eval_final/fake_english_griffinlim/english_fake_0548.wav,0,2.712,-0.9507259130477904,1.3436256647109983,0.0490747298954736,english,-0.4457452297210692,2e0be8cfd0d2d424f0368344ee039ff625b62409bfd0b61450ca58644525456f394ddc26a2cd01d2e18fdbbc1f04d85a927ec9b3dbbd33527492f6ff7fdb2cb4,0.0490747298954736,0.7626938674823227,0.2025233407858858,0.033847402654286,0.076488063503107,0.65704345703125,2.712,2e0be8cfd0d2d424f0368344ee039ff625b62409bfd0b61450ca58644525456f394ddc26a2cd01d2e18fdbbc1f04d85a927ec9b3dbbd33527492f6ff7fdb2cb4,,,,,,,,
549,f9d3f80f6dd2d1a184e3e06cfd16c8ad0d2080beab663a4555ea959b0509ef417a8a077a3e5cb9fa33fee015e187f4f6744f9a95995c1c9b397138a3b6d20d3f,english_griffinlim_eval_final/fake_english_griffinlim/english_fake_0549.wav,0,6.408,-0.1381080895662307,0.1017401218414306,0.0709230705378207,english,0.36687259376049053,f9d3f80f6dd2d1a184e3e06cfd16c8ad0d2080beab663a4555ea959b0509ef417a8a077a3e5cb9fa33fee015e187f4f6744f9a95995c1c9b397138a3b6d20d3f,0.0709230705378207,0.6288689189885972,0.2333845319954608,0.1215384310656266,0.0135135003396632,0.135498046875,6.408,f9d3f80f6dd2d1a184e3e06cfd16c8ad0d2080beab663a4555ea959b0509ef417a8a077a3e5cb9fa33fee015e187f4f6744f9a95995c1c9b397138a3b6d20d3f,,,,,,,,
550,3f43fdb1b0dddb0ded4320520d635a6ce69f61c403288657f0d3f8242b8cd37ef9ea92db9687dd91f2a709720698ef24bae3c8d15daeac7c0e90a55f2f6c9997,english_griffinlim_eval_final/fake_english_griffinlim/english_fake_0550.wav,0,2.256,-1.8991316556930544,2.6875903606414795,0.0081839215601695,english,-1.3941509723663332,3f43fdb1b0dddb0ded4320520d635a6ce69f61c403288657f0d3f8242b8cd37ef9ea92db9687dd91f2a709720698ef24bae3c8d15daeac7c0e90a55f2f6c9997,0.0081839215601695,0.807047198433367,0.1248157992452576,0.0656779217979755,0.0495524968510709,0.5205078125,2.256,3f43fdb1b0dddb0ded4320520d635a6ce69f61c403288657f0d3f8242b8cd37ef9ea92db9687dd91f2a709720698ef24bae3c8d15daeac7c0e90a55f2f6c9997,,,,,,,,
551,9580ae1517d29659e14d19a678f6d566a12963409826f176769f289b020b007089dd2966f6ce721419435498458237ac5003ae0fd9a688d0e12b1bc47e2c4148,english_griffinlim_eval_final/fake_english_griffinlim/english_fake_0551.wav,0,5.136,-4.70729923248291,5.513185977935791,0.0311496021587108,english,-4.202318549156189,9580ae1517d29659e14d19a678f6d566a12963409826f176769f289b020b007089dd2966f6ce721419435498458237ac5003ae0fd9a688d0e12b1bc47e2c4148,0.0311496021587108,0.8825989158346472,0.1090878911660844,0.0074370609135346,0.0822807462147923,0.67529296875,5.136,9580ae1517d29659e14d19a678f6d566a12963409826f176769f289b020b007089dd2966f6ce721419435498458237ac5003ae0fd9a688d0e12b1bc47e2c4148,,,,,,,,
552,02d76c5b5ba4203f9fd78b84f45777c359bba6e2604ef385611916282e8e571b4bf255902c0acaf881f169f3419f1d2530a03d3cc59665d1025611bc66afd8fc,english_griffinlim_eval_final/fake_english_griffinlim/english_fake_0552.wav,0,4.392,-1.5826791524887085,2.37147068977356,0.0133405204168396,english,-1.0776984691619873,02d76c5b5ba4203f9fd78b84f45777c359bba6e2604ef385611916282e8e571b4bf255902c0acaf881f169f3419f1d2530a03d3cc59665d1025611bc66afd8fc,0.0133405204168396,0.7698242980651349,0.1664476927545118,0.0540509931557188,0.0213490943718213,0.16375732421875,4.392,02d76c5b5ba4203f9fd78b84f45777c359bba6e2604ef385611916282e8e571b4bf255902c0acaf881f169f3419f1d2530a03d3cc59665d1025611bc66afd8fc,,,,,,,,
553,0bef629616e386ce6ce9f8b87e6140686c54c59dca5ebc7fb38d9cc2bfcfc22ac2295cac84d88bb942d69f14c2217fb4fddff5dad3b7b9cf3f6310fc2c54f980,english_griffinlim_eval_final/fake_english_griffinlim/english_fake_0553.wav,0,2.616,-0.5940523743629456,1.1320106983184814,0.0184427082069917,english,-0.08907169103622437,0bef629616e386ce6ce9f8b87e6140686c54c59dca5ebc7fb38d9cc2bfcfc22ac2295cac84d88bb942d69f14c2217fb4fddff5dad3b7b9cf3f6310fc2c54f980,0.0184427082069917,0.8606915286132016,0.1201879754839792,0.0180228509296376,0.0740027654831049,0.607635498046875,2.616,0bef629616e386ce6ce9f8b87e6140686c54c59dca5ebc7fb38d9cc2bfcfc22ac2295cac84d88bb942d69f14c2217fb4fddff5dad3b7b9cf3f6310fc2c54f980,,,,,,,,
554,c779b4a584492e83c221f3edc54f97040cdd29cdf99c8e27dcd6bcbf8adef344cfdd6962c2010c99baf4c5e039a23c27e6e9c446396cd07601b3de08419274c4,english_griffinlim_eval_final/fake_english_griffinlim/english_fake_0554.wav,0,4.248,-3.6160542964935294,4.436023235321045,0.0158527657917778,english,-3.111073613166808,c779b4a584492e83c221f3edc54f97040cdd29cdf99c8e27dcd6bcbf8adef344cfdd6962c2010c99baf4c5e039a23c27e6e9c446396cd07601b3de08419274c4,0.0158527657917778,0.7725055041898929,0.1610901802812778,0.0584271138909895,0.0246283939942797,0.178680419921875,4.248,c779b4a584492e83c221f3edc54f97040cdd29cdf99c8e27dcd6bcbf8adef344cfdd6962c2010c99baf4c5e039a23c27e6e9c446396cd07601b3de08419274c4,,,,,,,,
555,bb65f965901ecaabb77348ff7ceb00d32f53ae3ad115600d46b83c83ca7413ebb0b7269525cd57343e61959e4a92e44797dd6692eb0bf003973bf1982cf156d3,english_griffinlim_eval_final/fake_english_griffinlim/english_fake_0555.wav,0,6.984,-3.111877679824829,3.89955997467041,0.033054046398566,english,-2.606896996498108,bb65f965901ecaabb77348ff7ceb00d32f53ae3ad115600d46b83c83ca7413ebb0b7269525cd57343e61959e4a92e44797dd6692eb0bf003973bf1982cf156d3,0.033054046398566,0.7060123491316,0.2508404893932273,0.041969984755178,0.0671950534407523,0.832244873046875,6.984,bb65f965901ecaabb77348ff7ceb00d32f53ae3ad115600d46b83c83ca7413ebb0b7269525cd57343e61959e4a92e44797dd6692eb0bf003973bf1982cf156d3,,,,,,,,
556,36543d26ad616cb0e9f203f4cab078a27f4fde672852e0c62761c308dc70ca739c99e7dd1c0905775c6b8445e81d21656694e5536177ff4a2be7d27745633c24,english_griffinlim_eval_final/fake_english_griffinlim/english_fake_0556.wav,0,7.164,-3.6919021606445312,4.514816761016846,0.2712889374115868,english,-3.18692147731781,36543d26ad616cb0e9f203f4cab078a27f4fde672852e0c62761c308dc70ca739c99e7dd1c0905775c6b8445e81d21656694e5536177ff4a2be7d27745633c24,0.2712889374115868,0.509099472710772,0.4165492998196418,0.0725555274743088,0.051028338613325,0.580718994140625,7.164,36543d26ad616cb0e9f203f4cab078a27f4fde672852e0c62761c308dc70ca739c99e7dd1c0905775c6b8445e81d21656694e5536177ff4a2be7d27745633c24,,,,,,,,
557,fa552041006acdb1700d1a4faca1565aa4190cc21242eb67cf459af1a7dc235ff7b65c6fd024e21419e84b3fc9246005b9614c0d41ff2745e6c05d4d79b53066,english_griffinlim_eval_final/fake_english_griffinlim/english_fake_0557.wav,0,3.6,-3.498751640319824,4.394197940826416,0.2371208798575454,english,-2.993770956993103,fa552041006acdb1700d1a4faca1565aa4190cc21242eb67cf459af1a7dc235ff7b65c6fd024e21419e84b3fc9246005b9614c0d41ff2745e6c05d4d79b53066,0.2371208798575454,0.6123987878492806,0.1788204449301683,0.2081630080884462,0.0886867891691627,0.989990234375,3.6,fa552041006acdb1700d1a4faca1565aa4190cc21242eb67cf459af1a7dc235ff7b65c6fd024e21419e84b3fc9246005b9614c0d41ff2745e6c05d4d79b53066,,,,,,,,
558,97b5754c2b7322d08cc69d621f60a6be00d50a86ef476e6a240529cb2dc06025626beddbcafff75d80ec8871a4b8cae6dd253dfa7009ee443b82423108973e01,english_griffinlim_eval_final/fake_english_griffinlim/english_fake_0558.wav,0,3.36,-0.4305341243743896,0.688216507434845,0.1198105738825288,english,0.0744465589523316,97b5754c2b7322d08cc69d621f60a6be00d50a86ef476e6a240529cb2dc06025626beddbcafff75d80ec8871a4b8cae6dd253dfa7009ee443b82423108973e01,0.1198105738825288,0.514718094241094,0.35413224283441,0.111187720683359,0.0102080323594274,0.063568115234375,3.36,97b5754c2b7322d08cc69d621f60a6be00d50a86ef476e6a240529cb2dc06025626beddbcafff75d80ec8871a4b8cae6dd253dfa7009ee443b82423108973e01,,,,,,,,
559,fbb3edf1627fedb89befeb7f1f9e2a5ac21c28e8bbfabe5e3641b4c10b1e322f02c24556ec35ada619c308b81f7214b639fd72be45b11d6f3e7fb542c1b7c652,english_griffinlim_eval_final/fake_english_griffinlim/english_fake_0559.wav,0,4.464,-3.8146586418151855,4.741743087768555,0.0364054421587195,english,-3.3096779584884644,fbb3edf1627fedb89befeb7f1f9e2a5ac21c28e8bbfabe5e3641b4c10b1e322f02c24556ec35ada619c308b81f7214b639fd72be45b11d6f3e7fb542c1b7c652,0.0364054421587195,0.7116578635974795,0.1867219620450713,0.0973684096366743,0.0353180150471403,0.33905029296875,4.464,fbb3edf1627fedb89befeb7f1f9e2a5ac21c28e8bbfabe5e3641b4c10b1e322f02c24556ec35ada619c308b81f7214b639fd72be45b11d6f3e7fb542c1b7c652,,,,,,,,
560,5400ece6c5494d2d3b17aa3a8d41017c3ed6192bf7563ec4df3aec50a2147fcbc26fefef4724fd1e4aa9b3bdc9b315798443e2edc690b9ff40ab3f073a21a13c,english_griffinlim_eval_final/fake_english_griffinlim/english_fake_0560.wav,0,3.96,0.3476240038871765,-0.7545304298400879,0.1524179114007031,english,0.8526046872138977,5400ece6c5494d2d3b17aa3a8d41017c3ed6192bf7563ec4df3aec50a2147fcbc26fefef4724fd1e4aa9b3bdc9b315798443e2edc690b9ff40ab3f073a21a13c,0.1524179114007031,0.5560775370262312,0.2410314338590495,0.18765287952249,0.0139653006759083,0.1102294921875,3.96,5400ece6c5494d2d3b17aa3a8d41017c3ed6192bf7563ec4df3aec50a2147fcbc26fefef4724fd1e4aa9b3bdc9b315798443e2edc690b9ff40ab3f073a21a13c,,,,,,,,
561,3da990b3d9fca70dd6c31114a10c04fcc60659b1d4e23dbb9eb2c352da62dcbaf354959ddc9b876718a470b8817bd5f17c87bfa8d53e3436a60edaacd15f5a53,english_griffinlim_eval_final/fake_english_griffinlim/english_fake_0561.wav,0,5.328,-6.038541793823242,6.948220729827881,0.0021152174695689,english,-5.533561110496521,3da990b3d9fca70dd6c31114a10c04fcc60659b1d4e23dbb9eb2c352da62dcbaf354959ddc9b876718a470b8817bd5f17c87bfa8d53e3436a60edaacd15f5a53,0.0021152174695689,0.7396902845989098,0.1119868000931485,0.1460550016137688,0.0469793154554103,0.989990234375,5.328,3da990b3d9fca70dd6c31114a10c04fcc60659b1d4e23dbb9eb2c352da62dcbaf354959ddc9b876718a470b8817bd5f17c87bfa8d53e3436a60edaacd15f5a53,,,,,,,,
562,3410b300ff1847c7f61a4bbe0549c48223b36c4afccb0d587fe3a9b798a3149f7a4fc665766f4d05511035e7065678f9e71c58bf1475445932a87b5c6766c961,english_griffinlim_eval_final/fake_english_griffinlim/english_fake_0562.wav,0,6.096,-5.818674564361572,6.651726722717285,0.0039126407503993,english,-5.313693881034851,3410b300ff1847c7f61a4bbe0549c48223b36c4afccb0d587fe3a9b798a3149f7a4fc665766f4d05511035e7065678f9e71c58bf1475445932a87b5c6766c961,0.0039126407503993,0.8494961011615302,0.1373904557003346,0.0114066342695472,0.0573937376407342,0.749908447265625,6.096,3410b300ff1847c7f61a4bbe0549c48223b36c4afccb0d587fe3a9b798a3149f7a4fc665766f4d05511035e7065678f9e71c58bf1475445932a87b5c6766c961,,,,,,,,
563,aa9deee85bb83d18aa6c383ff13982ca702c8b2905a98b10c198120ad619189d5c23136a85b74aafdc67532f0e8380387a444987c72a999d2cd1ad2e2b1235c1,english_griffinlim_eval_final/fake_english_griffinlim/english_fake_0563.wav,0,5.784,-0.6592860221862793,1.0969929695129397,0.018205660182398,english,-0.1543053388595581,aa9deee85bb83d18aa6c383ff13982ca702c8b2905a98b10c198120ad619189d5c23136a85b74aafdc67532f0e8380387a444987c72a999d2cd1ad2e2b1235c1,0.018205660182398,0.7678172883761515,0.1635296162055593,0.0588033246064398,0.0210995608612115,0.164520263671875,5.784,aa9deee85bb83d18aa6c383ff13982ca702c8b2905a98b10c198120ad619189d5c23136a85b74aafdc67532f0e8380387a444987c72a999d2cd1ad2e2b1235c1,,,,,,,,
564,9cda2749734101fae176bd7ebde6f70df1132f8026ff6fa988e8890244ba9ac8644f7da5d1a27545b25a495995fb38e86a0da9c0196950bcd920b6fdddc6e566,english_griffinlim_eval_final/fake_english_griffinlim/english_fake_0564.wav,0,3.864,-0.5801438093185425,1.1009613275527954,0.0266317780665314,english,-0.07516312599182129,9cda2749734101fae176bd7ebde6f70df1132f8026ff6fa988e8890244ba9ac8644f7da5d1a27545b25a495995fb38e86a0da9c0196950bcd920b6fdddc6e566,0.0266317780665314,0.7752246721126023,0.0927736515773348,0.1258953192923794,0.0295458634868472,0.218017578125,3.864,9cda2749734101fae176bd7ebde6f70df1132f8026ff6fa988e8890244ba9ac8644f7da5d1a27545b25a495995fb38e86a0da9c0196950bcd920b6fdddc6e566,,,,,,,,
565,a0d75390c8b41580383054729cf4122b26bc196620e3f9d916831c63001b3e0937f14efe9ffefffcd303017411d256bb1e93dccab3cc981b2b28c4cd4dc1c6e0,english_griffinlim_eval_final/fake_english_griffinlim/english_fake_0565.wav,0,3.216,-0.6010765433311462,1.2240773439407349,0.1076586341702645,english,-0.09609586000442505,a0d75390c8b41580383054729cf4122b26bc196620e3f9d916831c63001b3e0937f14efe9ffefffcd303017411d256bb1e93dccab3cc981b2b28c4cd4dc1c6e0,0.1076586341702645,0.7784313804971819,0.2135190149983583,0.0075412610276733,0.1058934234926568,0.894073486328125,3.216,a0d75390c8b41580383054729cf4122b26bc196620e3f9d916831c63001b3e0937f14efe9ffefffcd303017411d256bb1e93dccab3cc981b2b28c4cd4dc1c6e0,,,,,,,,
566,dd19cf19ebf1de1608fc82002902a7b5ed3d6a661aee43fb7ead0ecd4d91ab28d9f4898c0ae0db469b9988981a46f5f23d72487587d043bfdace9bf9043329c5,english_griffinlim_eval_final/fake_english_griffinlim/english_fake_0566.wav,0,5.76,-5.898822784423828,6.723059177398682,0.7271872526672885,english,-5.393842101097107,dd19cf19ebf1de1608fc82002902a7b5ed3d6a661aee43fb7ead0ecd4d91ab28d9f4898c0ae0db469b9988981a46f5f23d72487587d043bfdace9bf9043329c5,0.7271872526672885,0.6071778261954565,0.3624732121871493,0.0299657362339621,0.1143702113387926,0.901153564453125,5.76,dd19cf19ebf1de1608fc82002902a7b5ed3d6a661aee43fb7ead0ecd4d91ab28d9f4898c0ae0db469b9988981a46f5f23d72487587d043bfdace9bf9043329c5,,,,,,,,
567,7c67afa1e21b586e51df0d669c52abdd234720e287b445a8a10bd6692af3a685f7a0950933931a003769f7b11c961b6327d4e3da390273a0076fc66c2fde2df5,english_griffinlim_eval_final/fake_english_griffinlim/english_fake_0567.wav,0,4.5,-1.0941861867904663,1.7269883155822754,0.01010528662485,english,-0.5892055034637451,7c67afa1e21b586e51df0d669c52abdd234720e287b445a8a10bd6692af3a685f7a0950933931a003769f7b11c961b6327d4e3da390273a0076fc66c2fde2df5,0.01010528662485,0.7323148003380759,0.2174560467324238,0.0474872230190722,0.0440850686843072,0.58428955078125,4.5,7c67afa1e21b586e51df0d669c52abdd234720e287b445a8a10bd6692af3a685f7a0950933931a003769f7b11c961b6327d4e3da390273a0076fc66c2fde2df5,,,,,,,,
568,be9a9a4bfc1540abb8c248fa73f7ec3dfba25406857709c866cd8e98740fc6a25c38bd050d88844de8fd2b0e358189ee8b9b8250dcbdf1bd3b57305f8bd2841b,english_griffinlim_eval_final/fake_english_griffinlim/english_fake_0568.wav,0,5.472,-0.5049806833267212,0.9072583317756652,0.4244028715914895,english,0.0,be9a9a4bfc1540abb8c248fa73f7ec3dfba25406857709c866cd8e98740fc6a25c38bd050d88844de8fd2b0e358189ee8b9b8250dcbdf1bd3b57305f8bd2841b,0.4244028715914895,0.4804335665494165,0.1820938357134079,0.3329470209873196,0.0308599792069487,0.451629638671875,5.472,be9a9a4bfc1540abb8c248fa73f7ec3dfba25406857709c866cd8e98740fc6a25c38bd050d88844de8fd2b0e358189ee8b9b8250dcbdf1bd3b57305f8bd2841b,,,,,,,,
569,b6fee361fe4439076b9e8378ba49a14b86f6d27bfa5d58d92aac1423dddd7ce95bede4d93ec7083ee68ada1049ba2f7aba6f727375d54816e9b765919f18704c,english_griffinlim_eval_final/fake_english_griffinlim/english_fake_0569.wav,0,5.688,-6.124507427215576,7.042643070220947,0.1491427083399663,english,-5.619526743888855,b6fee361fe4439076b9e8378ba49a14b86f6d27bfa5d58d92aac1423dddd7ce95bede4d93ec7083ee68ada1049ba2f7aba6f727375d54816e9b765919f18704c,0.1491427083399663,0.8737387443226045,0.0481725071808513,0.0773155924844517,0.0894545409909939,0.6121826171875,5.688,b6fee361fe4439076b9e8378ba49a14b86f6d27bfa5d58d92aac1423dddd7ce95bede4d93ec7083ee68ada1049ba2f7aba6f727375d54816e9b765919f18704c,,,,,,,,
570,a2576ccf04ad8c0dbe2b29f3843c1ed984d8bd91480766f4bf99c933d99ae8d2b32afc34c7e185b06c2b16deae4fbabb8030906be2455973e2d85d92b0afbc6e,english_griffinlim_eval_final/fake_english_griffinlim/english_fake_0570.wav,0,3.96,-1.729575514793396,2.610148429870605,0.0019215267654073,english,-1.2245948314666748,a2576ccf04ad8c0dbe2b29f3843c1ed984d8bd91480766f4bf99c933d99ae8d2b32afc34c7e185b06c2b16deae4fbabb8030906be2455973e2d85d92b0afbc6e,0.0019215267654073,0.9254870078881072,0.0525254343994058,0.0196703892321588,0.0496875508334688,0.573516845703125,3.96,a2576ccf04ad8c0dbe2b29f3843c1ed984d8bd91480766f4bf99c933d99ae8d2b32afc34c7e185b06c2b16deae4fbabb8030906be2455973e2d85d92b0afbc6e,,,,,,,,
571,d24a7ace1756ae1196a87d2bcc115dd67474dd38edb4e4fa65b6cf0510e008993067a975966c0240a43d54e3322652f615e6694df749966c42703ffd25e34cad,english_griffinlim_eval_final/fake_english_griffinlim/english_fake_0571.wav,0,3.696,-6.053346633911133,6.969620704650879,0.0073758934913125,english,-5.548365950584412,d24a7ace1756ae1196a87d2bcc115dd67474dd38edb4e4fa65b6cf0510e008993067a975966c0240a43d54e3322652f615e6694df749966c42703ffd25e34cad,0.0073758934913125,0.9697694108306742,0.0242265001143412,0.0050972528424108,0.0788584709446295,0.671234130859375,3.696,d24a7ace1756ae1196a87d2bcc115dd67474dd38edb4e4fa65b6cf0510e008993067a975966c0240a43d54e3322652f615e6694df749966c42703ffd25e34cad,,,,,,,,
572,e22cb4fdc2557670db67d16fc85d1403f928a93320c819e2097a1f627d23ee48d8b9db0d2b128e56d0ef197f6a777bd68e79261bec6e152c4b1ad943efa6044a,english_griffinlim_eval_final/fake_english_griffinlim/english_fake_0572.wav,0,5.736,-5.883042335510254,6.708971977233887,0.0109510794300566,english,-5.378061652183533,e22cb4fdc2557670db67d16fc85d1403f928a93320c819e2097a1f627d23ee48d8b9db0d2b128e56d0ef197f6a777bd68e79261bec6e152c4b1ad943efa6044a,0.0109510794300566,0.9426720198465994,0.0525358506634059,0.0040501300797742,0.0902153400530093,0.874298095703125,5.736,e22cb4fdc2557670db67d16fc85d1403f928a93320c819e2097a1f627d23ee48d8b9db0d2b128e56d0ef197f6a777bd68e79261bec6e152c4b1ad943efa6044a,,,,,,,,
573,5c415dfc9cd81e5501771fdd20c89c18c76b9c542b67c33d5fd2c889f33baf0318476b6925704edff8cdcf4e0c1e482ff85067b8f569bbc703bdf9fba4995a51,english_griffinlim_eval_final/fake_english_griffinlim/english_fake_0573.wav,0,6.516,-3.266411066055298,4.1408891677856445,0.0068218885182628,english,-2.7614303827285767,5c415dfc9cd81e5501771fdd20c89c18c76b9c542b67c33d5fd2c889f33baf0318476b6925704edff8cdcf4e0c1e482ff85067b8f569bbc703bdf9fba4995a51,0.0068218885182628,0.916734173466157,0.0749126307876447,0.0070311168239275,0.0653449350362187,0.67547607421875,6.516,5c415dfc9cd81e5501771fdd20c89c18c76b9c542b67c33d5fd2c889f33baf0318476b6925704edff8cdcf4e0c1e482ff85067b8f569bbc703bdf9fba4995a51,,,,,,,,
574,7963691c43c8cc498c58f117527522bf772c76c38530570bc55ef04834f67fb7a9227bd0fa1f13e64e8de1cde6594f3501e172ab86559697c08726cac26f4c6f,english_griffinlim_eval_final/fake_english_griffinlim/english_fake_0574.wav,0,5.184,-5.018582344055176,5.8499956130981445,0.0142749959934581,english,-4.513601660728455,7963691c43c8cc498c58f117527522bf772c76c38530570bc55ef04834f67fb7a9227bd0fa1f13e64e8de1cde6594f3501e172ab86559697c08726cac26f4c6f,0.0142749959934581,0.8947164220829884,0.0792524917735385,0.0233865512227923,0.044065743904895,0.270904541015625,5.184,7963691c43c8cc498c58f117527522bf772c76c38530570bc55ef04834f67fb7a9227bd0fa1f13e64e8de1cde6594f3501e172ab86559697c08726cac26f4c6f,,,,,,,,
575,0ea1a97b445e3749d1421a0ad4295d8f62777d03e1c593a394a64c285f550cd3158599134354884ddad00cb5c8a306b11e9160332b5940995d665cc7b39343c2,english_griffinlim_eval_final/fake_english_griffinlim/english_fake_0575.wav,0,4.752,-4.85196590423584,5.593503475189209,0.0413143509041716,english,-4.346985220909119,0ea1a97b445e3749d1421a0ad4295d8f62777d03e1c593a394a64c285f550cd3158599134354884ddad00cb5c8a306b11e9160332b5940995d665cc7b39343c2,0.0413143509041716,0.8144146768315181,0.1007181099829399,0.0835197404080752,0.0636169092261053,0.544891357421875,4.752,0ea1a97b445e3749d1421a0ad4295d8f62777d03e1c593a394a64c285f550cd3158599134354884ddad00cb5c8a306b11e9160332b5940995d665cc7b39343c2,,,,,,,,
576,cb8c70e028fbef95a09b2d733debc284bd025bd30d530da681db17c45a97286e66d5ba0a62fb84cd3d02516384f1a8871926ce1ce8af0fd46948d170b18f4d0a,english_griffinlim_eval_final/fake_english_griffinlim/english_fake_0576.wav,0,5.328,-4.805688381195068,5.494997024536133,0.5692781222232463,english,-4.300707697868347,cb8c70e028fbef95a09b2d733debc284bd025bd30d530da681db17c45a97286e66d5ba0a62fb84cd3d02516384f1a8871926ce1ce8af0fd46948d170b18f4d0a,0.5692781222232463,0.8141575186599341,0.0462164602346922,0.1393253982565374,0.1292469841769859,0.989990234375,5.328,cb8c70e028fbef95a09b2d733debc284bd025bd30d530da681db17c45a97286e66d5ba0a62fb84cd3d02516384f1a8871926ce1ce8af0fd46948d170b18f4d0a,,,,,,,,
577,8b09d2eb65ea95f0a9e9efee2b3b4f24f27f44fcd1142605db1dffa31f67c4ee7e18fbc9537ef747ccbf16bc7849183f9bbec22089bd8cb0a3ee435f56195c0a,english_griffinlim_eval_final/fake_english_griffinlim/english_fake_0577.wav,0,2.664,-1.3238399028778076,1.6617114543914795,0.0032917063993544,english,-0.8188592195510864,8b09d2eb65ea95f0a9e9efee2b3b4f24f27f44fcd1142605db1dffa31f67c4ee7e18fbc9537ef747ccbf16bc7849183f9bbec22089bd8cb0a3ee435f56195c0a,0.0032917063993544,0.8953230910307108,0.0774418748622136,0.0230359333045097,0.0361063942982844,0.307586669921875,2.664,8b09d2eb65ea95f0a9e9efee2b3b4f24f27f44fcd1142605db1dffa31f67c4ee7e18fbc9537ef747ccbf16bc7849183f9bbec22089bd8cb0a3ee435f56195c0a,,,,,,,,
578,b46d39377dbd8cdc64a32072992b3dd64598d10d56ae41b2f35be11a4f720289768b4202c7daa085552bfe06c96a8021d8003f59bb76d628585e962934f683b9,english_griffinlim_eval_final/fake_english_griffinlim/english_fake_0578.wav,0,6.072,-2.1015191078186035,2.8283238410949707,0.049858999775779,english,-1.5965384244918823,b46d39377dbd8cdc64a32072992b3dd64598d10d56ae41b2f35be11a4f720289768b4202c7daa085552bfe06c96a8021d8003f59bb76d628585e962934f683b9,0.049858999775779,0.9304346054120288,0.0564542862473512,0.0125216286577181,0.100346543565954,0.808563232421875,6.072,b46d39377dbd8cdc64a32072992b3dd64598d10d56ae41b2f35be11a4f720289768b4202c7daa085552bfe06c96a8021d8003f59bb76d628585e962934f683b9,,,,,,,,
579,ac033bcb388b843d9826ed30f7b6bcbce5f9e8202097f796c10aff8c58d5e766bbb828804ce3d725b5354221db9b376d486fc0248be1e565d70f6a9bf77701de,english_griffinlim_eval_final/fake_english_griffinlim/english_fake_0579.wav,0,6.516,-5.39138650894165,6.086929321289063,0.0145760602861213,english,-4.886405825614929,ac033bcb388b843d9826ed30f7b6bcbce5f9e8202097f796c10aff8c58d5e766bbb828804ce3d725b5354221db9b376d486fc0248be1e565d70f6a9bf77701de,0.0145760602861213,0.9496246402668932,0.036367183402278,0.0122821705988934,0.0594295143712432,0.426422119140625,6.516,ac033bcb388b843d9826ed30f7b6bcbce5f9e8202097f796c10aff8c58d5e766bbb828804ce3d725b5354221db9b376d486fc0248be1e565d70f6a9bf77701de,,,,,,,,
580,491edfc53b18f6ed2adb948995aad20d259fef47fbe9c0b41645ef56547f952bef2eb5cd378f3f4f9b51aa6f57480e50b52a7a6077a69d0544f878dcd85a451b,english_griffinlim_eval_final/fake_english_griffinlim/english_fake_0580.wav,0,2.304,-2.232239484786988,2.962815761566162,0.3117197480895691,english,-1.727258801460267,491edfc53b18f6ed2adb948995aad20d259fef47fbe9c0b41645ef56547f952bef2eb5cd378f3f4f9b51aa6f57480e50b52a7a6077a69d0544f878dcd85a451b,0.3117197480895691,0.6435458616465444,0.3325114132199718,0.023479449251005,0.1086484795489809,0.9228515625,2.304,491edfc53b18f6ed2adb948995aad20d259fef47fbe9c0b41645ef56547f952bef2eb5cd378f3f4f9b51aa6f57480e50b52a7a6077a69d0544f878dcd85a451b,,,,,,,,
581,fbb3edf1627fedb89befeb7f1f9e2a5ac21c28e8bbfabe5e3641b4c10b1e322f02c24556ec35ada619c308b81f7214b639fd72be45b11d6f3e7fb542c1b7c652,english_griffinlim_eval_final/fake_english_griffinlim/english_fake_0581.wav,0,3.792,-5.825412750244141,6.696988105773926,0.898981989025017,english,-5.320432066917419,fbb3edf1627fedb89befeb7f1f9e2a5ac21c28e8bbfabe5e3641b4c10b1e322f02c24556ec35ada619c308b81f7214b639fd72be45b11d6f3e7fb542c1b7c652,0.898981989025017,0.2959792384855733,0.2075326291087635,0.4951023776267722,0.0554867367179572,0.8057861328125,3.792,fbb3edf1627fedb89befeb7f1f9e2a5ac21c28e8bbfabe5e3641b4c10b1e322f02c24556ec35ada619c308b81f7214b639fd72be45b11d6f3e7fb542c1b7c652,,,,,,,,
582,9a960474622d563c86ed765228fde7143b4049625694ce700446aa3ebd1affc4b696fcf01e3d6be9d17f948b03538abe5e1e35bace38a2fd99d599dce2a542cd,english_griffinlim_eval_final/fake_english_griffinlim/english_fake_0582.wav,0,3.096,-4.565320014953613,5.280258655548096,0.0094910490156406,english,-4.060339331626892,9a960474622d563c86ed765228fde7143b4049625694ce700446aa3ebd1affc4b696fcf01e3d6be9d17f948b03538abe5e1e35bace38a2fd99d599dce2a542cd,0.0094910490156406,0.7768560248388846,0.2104223117170006,0.0112927990710059,0.0606123751035887,0.669464111328125,3.096,9a960474622d563c86ed765228fde7143b4049625694ce700446aa3ebd1affc4b696fcf01e3d6be9d17f948b03538abe5e1e35bace38a2fd99d599dce2a542cd,,,,,,,,
583,541e1ac0f68a705793e0b9a7a80777a982a887702dd49a51b692f43922fa9c0a355876d477b591893ae2577969fa65d1c5f4d8bf6cb2eaeb1afcf810d74fbe87,english_griffinlim_eval_final/fake_english_griffinlim/english_fake_0583.wav,0,3.852,-5.969830513000488,6.769144058227539,0.0363462090492815,english,-5.464849829673767,541e1ac0f68a705793e0b9a7a80777a982a887702dd49a51b692f43922fa9c0a355876d477b591893ae2577969fa65d1c5f4d8bf6cb2eaeb1afcf810d74fbe87,0.0363462090492815,0.8820738516312518,0.0342441617541317,0.0823706023871792,0.0690764934420942,0.50372314453125,3.852,541e1ac0f68a705793e0b9a7a80777a982a887702dd49a51b692f43922fa9c0a355876d477b591893ae2577969fa65d1c5f4d8bf6cb2eaeb1afcf810d74fbe87,,,,,,,,
584,01d41e22f6db7c81a5acfebc1216379016739c7204e0b95306dbf23fad9244781d6fe76084f3e172d3873199d800522fcebcb16dd83b442884fd6382714072a3,english_griffinlim_eval_final/fake_english_griffinlim/english_fake_0584.wav,0,3.96,-1.4128735065460205,2.104278564453125,0.0060323740533114,english,-0.9078928232192993,01d41e22f6db7c81a5acfebc1216379016739c7204e0b95306dbf23fad9244781d6fe76084f3e172d3873199d800522fcebcb16dd83b442884fd6382714072a3,0.0060323740533114,0.7895603630833329,0.1468362725886982,0.0540579532355515,0.0213905749424659,0.245147705078125,3.96,01d41e22f6db7c81a5acfebc1216379016739c7204e0b95306dbf23fad9244781d6fe76084f3e172d3873199d800522fcebcb16dd83b442884fd6382714072a3,,,,,,,,
585,5c0d244ab40d4e6db0e9d8150b356131087d2d035b16bc8ed8444ab4e5f5e85a5b17616470210a0483f2317c0cb13a3eafa616872f873c94832443d6d97012fc,english_griffinlim_eval_final/fake_english_griffinlim/english_fake_0585.wav,0,2.736,-0.7185962200164795,0.9184780716896056,0.0078235263281167,english,-0.2136155366897583,5c0d244ab40d4e6db0e9d8150b356131087d2d035b16bc8ed8444ab4e5f5e85a5b17616470210a0483f2317c0cb13a3eafa616872f873c94832443d6d97012fc,0.0078235263281167,0.7981794995804027,0.1815671072759238,0.0174733608226616,0.0448635552981548,0.442474365234375,2.736,5c0d244ab40d4e6db0e9d8150b356131087d2d035b16bc8ed8444ab4e5f5e85a5b17616470210a0483f2317c0cb13a3eafa616872f873c94832443d6d97012fc,,,,,,,,
586,1dff59d07c4718b02238d94f96899fe4afe8b4997ca0cb04378384177e5befc888a5a91886cd56c09e8f6647d4a4448fe8c3d1ff17038b217fee48816050a698,english_griffinlim_eval_final/fake_english_griffinlim/english_fake_0586.wav,0,6.876,-6.05776834487915,6.925278663635254,0.1451775527589387,english,-5.552787661552429,1dff59d07c4718b02238d94f96899fe4afe8b4997ca0cb04378384177e5befc888a5a91886cd56c09e8f6647d4a4448fe8c3d1ff17038b217fee48816050a698,0.1451775527589387,0.5886877780348727,0.4021664685740374,0.0082528920229305,0.0760514569681028,0.848724365234375,6.876,1dff59d07c4718b02238d94f96899fe4afe8b4997ca0cb04378384177e5befc888a5a91886cd56c09e8f6647d4a4448fe8c3d1ff17038b217fee48816050a698,,,,,,,,
587,b566d9a197fe3f8460c3a8ee231144d01d514f398b3ab48cd53e54f50d6671daac5f3af85095f0712d3df583288dcc70764aaf445c5246a8b1e90f1dc2c0d241,english_griffinlim_eval_final/fake_english_griffinlim/english_fake_0587.wav,0,3.576,-5.2278547286987305,5.910400390625,0.0731092865828871,english,-4.722874045372009,b566d9a197fe3f8460c3a8ee231144d01d514f398b3ab48cd53e54f50d6671daac5f3af85095f0712d3df583288dcc70764aaf445c5246a8b1e90f1dc2c0d241,0.0731092865828871,0.9344946515604928,0.0528076654066836,0.0120692778329536,0.1004443258862343,0.65643310546875,3.576,b566d9a197fe3f8460c3a8ee231144d01d514f398b3ab48cd53e54f50d6671daac5f3af85095f0712d3df583288dcc70764aaf445c5246a8b1e90f1dc2c0d241,,,,,,,,
588,bdde3969049e54b39619b71aed67742465975208798f32ee76863e71ee93354081e0e0098fa3e85d0c945f3a62b69e32df1074a275db736dd23895a023518b2c,english_griffinlim_eval_final/fake_english_griffinlim/english_fake_0588.wav,0,3.456,-6.004868507385254,6.856697082519531,0.0835406161942605,english,-5.499887824058533,bdde3969049e54b39619b71aed67742465975208798f32ee76863e71ee93354081e0e0098fa3e85d0c945f3a62b69e32df1074a275db736dd23895a023518b2c,0.0835406161942605,0.9496947769438896,0.021474385189545,0.0281877118591439,0.0965753007627077,0.569091796875,3.456,bdde3969049e54b39619b71aed67742465975208798f32ee76863e71ee93354081e0e0098fa3e85d0c945f3a62b69e32df1074a275db736dd23895a023518b2c,,,,,,,,
589,837b199fe273207b2c6fb22ea17e9c3919e09101253efb03fa1c5a0709c30e135594a71fe4fe1f881bd6565cdc2513cfb829a685e8963bee5b9909011f77b4fa,english_griffinlim_eval_final/fake_english_griffinlim/english_fake_0589.wav,0,7.056,-2.8339319229125977,3.495978832244873,0.0232080786209537,english,-2.3289512395858765,837b199fe273207b2c6fb22ea17e9c3919e09101253efb03fa1c5a0709c30e135594a71fe4fe1f881bd6565cdc2513cfb829a685e8963bee5b9909011f77b4fa,0.0232080786209537,0.8235027463715303,0.1459076805127813,0.0284855335494329,0.0519433322540719,0.48150634765625,7.056,837b199fe273207b2c6fb22ea17e9c3919e09101253efb03fa1c5a0709c30e135594a71fe4fe1f881bd6565cdc2513cfb829a685e8963bee5b9909011f77b4fa,,,,,,,,
590,2648b9233842ccd399c847f426963172fd89176e6dbe3b4cbbaf113c5051801d1fb165bab5fe541158070dc75c49a889d33e524a078de7ee7c8de087b6fc920e,english_griffinlim_eval_final/fake_english_griffinlim/english_fake_0590.wav,0,5.184,-5.940774917602539,6.919002056121826,0.9478263175610924,english,-5.435794234275818,2648b9233842ccd399c847f426963172fd89176e6dbe3b4cbbaf113c5051801d1fb165bab5fe541158070dc75c49a889d33e524a078de7ee7c8de087b6fc920e,0.9478263175610924,0.2360825101149039,0.276700322093004,0.486008883883775,0.059334781549904,0.877655029296875,5.184,2648b9233842ccd399c847f426963172fd89176e6dbe3b4cbbaf113c5051801d1fb165bab5fe541158070dc75c49a889d33e524a078de7ee7c8de087b6fc920e,,,,,,,,
591,d351e196167ed8a9d181610dfc56685ca89b058832ab64fca0d8cdc6771e895be50a0e4e0d953d193c61c025a8b334619409bab1f1a240b6fbfeb77e2bb2f345,english_griffinlim_eval_final/fake_english_griffinlim/english_fake_0591.wav,0,7.02,-3.910860538482666,4.796962738037109,0.0040425400927967,english,-3.405879855155945,d351e196167ed8a9d181610dfc56685ca89b058832ab64fca0d8cdc6771e895be50a0e4e0d953d193c61c025a8b334619409bab1f1a240b6fbfeb77e2bb2f345,0.0040425400927967,0.8255358699540618,0.1520368165424579,0.0216113995986243,0.0693918893010728,0.989990234375,7.02,d351e196167ed8a9d181610dfc56685ca89b058832ab64fca0d8cdc6771e895be50a0e4e0d953d193c61c025a8b334619409bab1f1a240b6fbfeb77e2bb2f345,,,,,,,,
592,2fcc2acb0b72afeb7c58fbe878b11a6ccde1576faea16056138081e560383cb3c2653ee754ba2d4ca9ac7e34a9c8257c4444bbf964fac77ae209e644e2301162,english_griffinlim_eval_final/fake_english_griffinlim/english_fake_0592.wav,0,2.916,-5.66616153717041,6.550590515136719,0.9597443533846838,english,-5.161180853843689,2fcc2acb0b72afeb7c58fbe878b11a6ccde1576faea16056138081e560383cb3c2653ee754ba2d4ca9ac7e34a9c8257c4444bbf964fac77ae209e644e2301162,0.9597443533846838,0.5109441533966773,0.3918681517565888,0.0970685215715246,0.1365585281024375,0.989990234375,2.916,2fcc2acb0b72afeb7c58fbe878b11a6ccde1576faea16056138081e560383cb3c2653ee754ba2d4ca9ac7e34a9c8257c4444bbf964fac77ae209e644e2301162,,,,,,,,
593,a478ada9cc2b5c25a23939987583624bfb039ad544b09d229a90735f3c1da33191c627aaf24789e0d1e2bbc96de65cb394dd326602d341b1bcdc8fa1dcabf166,english_griffinlim_eval_final/fake_english_griffinlim/english_fake_0593.wav,0,5.616,6.557792663574219,-8.5196533203125,0.310811631227384,english,7.06277334690094,a478ada9cc2b5c25a23939987583624bfb039ad544b09d229a90735f3c1da33191c627aaf24789e0d1e2bbc96de65cb394dd326602d341b1bcdc8fa1dcabf166,0.310811631227384,0.4405217766323044,0.3668232519316927,0.1627537718202232,0.0032346582573987,0.01397705078125,5.616,a478ada9cc2b5c25a23939987583624bfb039ad544b09d229a90735f3c1da33191c627aaf24789e0d1e2bbc96de65cb394dd326602d341b1bcdc8fa1dcabf166,,,,,,,,
594,c0f152b0fda37a1db3849341e9cd56082fc2420bdd224af4f68be87d57a32c4ada8363d09d62ba512b954a00f0adf94b74bf971be2ca61b865b1c0bc29f077cf,english_griffinlim_eval_final/fake_english_griffinlim/english_fake_0594.wav,0,5.352,-0.3936905562877655,0.7523508071899414,0.0556301261387625,english,0.11129012703895569,c0f152b0fda37a1db3849341e9cd56082fc2420bdd224af4f68be87d57a32c4ada8363d09d62ba512b954a00f0adf94b74bf971be2ca61b865b1c0bc29f077cf,0.0556301261387625,0.6238343254043802,0.3203005653906361,0.050585685421536,0.0311552062892149,0.329864501953125,5.352,c0f152b0fda37a1db3849341e9cd56082fc2420bdd224af4f68be87d57a32c4ada8363d09d62ba512b954a00f0adf94b74bf971be2ca61b865b1c0bc29f077cf,,,,,,,,
595,57df887fa1313ebea6ceda18f79ec5a3ab6366113bc086bd31c1c7753355ca55cea77bde6833d87dba9733efeb29dc3655585fd36933f1c1007dcfc58f6f9ea0,english_griffinlim_eval_final/fake_english_griffinlim/english_fake_0595.wav,0,3.672,-0.8977601528167725,1.4010249376296997,0.0073130530616582,english,-0.39277946949005127,57df887fa1313ebea6ceda18f79ec5a3ab6366113bc086bd31c1c7753355ca55cea77bde6833d87dba9733efeb29dc3655585fd36933f1c1007dcfc58f6f9ea0,0.0073130530616582,0.8381898588082033,0.1107494784278067,0.0437523670725515,0.0256732160037857,0.17913818359375,3.672,57df887fa1313ebea6ceda18f79ec5a3ab6366113bc086bd31c1c7753355ca55cea77bde6833d87dba9733efeb29dc3655585fd36933f1c1007dcfc58f6f9ea0,,,,,,,,
596,965364936b9289493f45c92df686d7a74d8408b792d4cbe0e26b97081039c6223385390c736188d76c8bd4b81e682cfc0f2390e4426cb5e0d34ae4c6ab4f0a71,english_griffinlim_eval_final/fake_english_griffinlim/english_fake_0596.wav,0,4.248,-5.931994438171387,6.762113571166992,0.0215374974297345,english,-5.4270137548446655,965364936b9289493f45c92df686d7a74d8408b792d4cbe0e26b97081039c6223385390c736188d76c8bd4b81e682cfc0f2390e4426cb5e0d34ae4c6ab4f0a71,0.0215374974297345,0.848449947326342,0.1469742816529224,0.0039178569889945,0.0936778347551092,0.91314697265625,4.248,965364936b9289493f45c92df686d7a74d8408b792d4cbe0e26b97081039c6223385390c736188d76c8bd4b81e682cfc0f2390e4426cb5e0d34ae4c6ab4f0a71,,,,,,,,
597,f8b86421f3f6cd2e736e7b7044146b4ceab68d73694d1e256d23aabbd92d3364c0a9489b3416961e1a99e2f71fae8f9ee9a8502c7414059fa2f8cfc116ac0b5c,english_griffinlim_eval_final/fake_english_griffinlim/english_fake_0597.wav,0,4.344,4.963440895080566,-6.206225395202637,0.0051322967717545,english,5.468421578407288,f8b86421f3f6cd2e736e7b7044146b4ceab68d73694d1e256d23aabbd92d3364c0a9489b3416961e1a99e2f71fae8f9ee9a8502c7414059fa2f8cfc116ac0b5c,0.0051322967717545,0.7744436933088936,0.1928305187754403,0.0278422770675671,0.0323916621181942,0.436370849609375,4.344,f8b86421f3f6cd2e736e7b7044146b4ceab68d73694d1e256d23aabbd92d3364c0a9489b3416961e1a99e2f71fae8f9ee9a8502c7414059fa2f8cfc116ac0b5c,,,,,,,,
598,bcff2cf641b29abfe0e45b124cebb4ccd7d96bb5fadfd40363037e1164a90a5b26549f8357ab574d4c70718b311f06830ee1d10ee0f7a2fa059816e5e9a2dfd4,english_griffinlim_eval_final/fake_english_griffinlim/english_fake_0598.wav,0,4.416,-5.953823566436768,6.811113357543945,0.0154017368317151,english,-5.448842883110046,bcff2cf641b29abfe0e45b124cebb4ccd7d96bb5fadfd40363037e1164a90a5b26549f8357ab574d4c70718b311f06830ee1d10ee0f7a2fa059816e5e9a2dfd4,0.0154017368317151,0.94724439181408,0.0410709689753633,0.0107000735327084,0.0791902987061933,0.623687744140625,4.416,bcff2cf641b29abfe0e45b124cebb4ccd7d96bb5fadfd40363037e1164a90a5b26549f8357ab574d4c70718b311f06830ee1d10ee0f7a2fa059816e5e9a2dfd4,,,,,,,,
599,9563ef8cd6ecd585c01e6142c2a9c1b58de48b90a1d5fc42b5c2e58601162140b82b7b6f4daeeae317a9716b0dcbaa501b9a1de5b06c721bdc8b6623d2592d5e,english_griffinlim_eval_final/fake_english_griffinlim/english_fake_0599.wav,0,4.356,-5.50874137878418,6.3980584144592285,0.0188459456951716,english,-5.0037606954574585,9563ef8cd6ecd585c01e6142c2a9c1b58de48b90a1d5fc42b5c2e58601162140b82b7b6f4daeeae317a9716b0dcbaa501b9a1de5b06c721bdc8b6623d2592d5e,0.0188459456951716,0.8530876135858213,0.1255905126438475,0.0195943944456068,0.0579190780986621,0.4527587890625,4.356,9563ef8cd6ecd585c01e6142c2a9c1b58de48b90a1d5fc42b5c2e58601162140b82b7b6f4daeeae317a9716b0dcbaa501b9a1de5b06c721bdc8b6623d2592d5e,,,,,,,,
600,c0db48545d02751a7ed265f690e88a493a7640146f541a6d4b526b541dc9bed47b9760eb43912080a9e11816489dad0c719bae172ab800bdeb7f3bdb9d6ead73,english_griffinlim_eval_final/fake_english_griffinlim/english_fake_0600.wav,0,5.688,-6.0172882080078125,6.908327102661133,0.1494082052159137,english,-5.512307524681091,c0db48545d02751a7ed265f690e88a493a7640146f541a6d4b526b541dc9bed47b9760eb43912080a9e11816489dad0c719bae172ab800bdeb7f3bdb9d6ead73,0.1494082052159137,0.7489060456319635,0.2192590475198633,0.0313911819487045,0.1060443232172218,0.990020751953125,5.688,c0db48545d02751a7ed265f690e88a493a7640146f541a6d4b526b541dc9bed47b9760eb43912080a9e11816489dad0c719bae172ab800bdeb7f3bdb9d6ead73,,,,,,,,
601,54dc820077b05bf576973afed1f32e6af12c378296b118c651a9e42efdbddac8ddeb0604771e9034aea18ea46f907d253ef8ca45e6d51eb6d3e4e1c56dd4bf4b,english_griffinlim_eval_final/fake_english_griffinlim/english_fake_0601.wav,0,4.416,-0.5567673444747925,1.0068708658218384,0.891535148858782,english,-0.05178666114807129,54dc820077b05bf576973afed1f32e6af12c378296b118c651a9e42efdbddac8ddeb0604771e9034aea18ea46f907d253ef8ca45e6d51eb6d3e4e1c56dd4bf4b,0.891535148858782,0.3367797730725009,0.0582380439466153,0.6020774404873481,0.0378063877894609,0.64019775390625,4.416,54dc820077b05bf576973afed1f32e6af12c378296b118c651a9e42efdbddac8ddeb0604771e9034aea18ea46f907d253ef8ca45e6d51eb6d3e4e1c56dd4bf4b,,,,,,,,
602,1389aa6394a426e5f6a9cc17818a113e6baf25cff4312d10d5a1908735149c97a9e71e55a14bfa07e4add55a3a94ed3991a67a7dafee83b6a5b3d83016816858,english_griffinlim_eval_final/fake_english_griffinlim/english_fake_0602.wav,0,3.504,-5.915857791900635,6.823317527770996,0.0167617509187038,english,-5.410877108573914,1389aa6394a426e5f6a9cc17818a113e6baf25cff4312d10d5a1908735149c97a9e71e55a14bfa07e4add55a3a94ed3991a67a7dafee83b6a5b3d83016816858,0.0167617509187038,0.7127874300275019,0.2647689380665616,0.0210464536849806,0.0628919413289248,0.73480224609375,3.504,1389aa6394a426e5f6a9cc17818a113e6baf25cff4312d10d5a1908735149c97a9e71e55a14bfa07e4add55a3a94ed3991a67a7dafee83b6a5b3d83016816858,,,,,,,,
603,8796693fb19970eda73c742a411fd9fdea613f4d64d9a3b5e6c756fa7dc6648f34705ff8b294fa3543663ed6b1b6ab6f5cc2e37f278ab0b112aaa9c2de33aa20,english_griffinlim_eval_final/fake_english_griffinlim/english_fake_0603.wav,0,3.132,-3.682887315750122,4.567470073699951,0.0323242159050051,english,-3.177906632423401,8796693fb19970eda73c742a411fd9fdea613f4d64d9a3b5e6c756fa7dc6648f34705ff8b294fa3543663ed6b1b6ab6f5cc2e37f278ab0b112aaa9c2de33aa20,0.0323242159050051,0.6417266585454124,0.2703126695873402,0.0748474195557655,0.0155105027572161,0.119232177734375,3.132,8796693fb19970eda73c742a411fd9fdea613f4d64d9a3b5e6c756fa7dc6648f34705ff8b294fa3543663ed6b1b6ab6f5cc2e37f278ab0b112aaa9c2de33aa20,,,,,,,,
604,ac607d4aa0d8778ba8fe8560be64554c5c14880f54b28539f26c2f33c1513ad6e9fb90d8d55b9025b5a11e620091f06f04e3da30536714ccc0fe22f25ab98559,english_griffinlim_eval_final/fake_english_griffinlim/english_fake_0604.wav,0,4.224,-5.781062126159668,6.534104347229004,0.1208551214779492,english,-5.276081442832947,ac607d4aa0d8778ba8fe8560be64554c5c14880f54b28539f26c2f33c1513ad6e9fb90d8d55b9025b5a11e620091f06f04e3da30536714ccc0fe22f25ab98559,0.1208551214779492,0.8901446701443368,0.092423343470193,0.016924778116917,0.1081069141226947,0.771148681640625,4.224,ac607d4aa0d8778ba8fe8560be64554c5c14880f54b28539f26c2f33c1513ad6e9fb90d8d55b9025b5a11e620091f06f04e3da30536714ccc0fe22f25ab98559,,,,,,,,
605,762536642be71e032d46c7775283ea954494e6a6ec1d016a96f776b6812b2c04125b9f6519054836d3808a767975ae889250695ae20f649da1e64b94557f985e,english_griffinlim_eval_final/fake_english_griffinlim/english_fake_0605.wav,0,4.464,-4.430818557739258,5.163035869598389,0.0122439119770604,english,-3.9258378744125366,762536642be71e032d46c7775283ea954494e6a6ec1d016a96f776b6812b2c04125b9f6519054836d3808a767975ae889250695ae20f649da1e64b94557f985e,0.0122439119770604,0.8824215006159559,0.0911698760821424,0.0232512791735144,0.041917804148816,0.26068115234375,4.464,762536642be71e032d46c7775283ea954494e6a6ec1d016a96f776b6812b2c04125b9f6519054836d3808a767975ae889250695ae20f649da1e64b94557f985e,0.8016087249483412,0.1480589318045297,0.0503323432471288,0.6698011531189221,14.74772395131458,0.1198470392070579,0.3413290196009538,0.5010138034250046
606,99c56632a9826deac9b2bad1a665a6696fe7fc7bce7f598fbe3369c2561582d1c1efe30b880d6730baed72bf39c0b8e976d636be1a66fcef07da59dece84054d,english_griffinlim_eval_final/fake_english_griffinlim/english_fake_0606.wav,0,5.724,-5.650162696838379,6.50288724899292,0.0266741735559371,english,-5.145182013511658,99c56632a9826deac9b2bad1a665a6696fe7fc7bce7f598fbe3369c2561582d1c1efe30b880d6730baed72bf39c0b8e976d636be1a66fcef07da59dece84054d,0.0266741735559371,0.8085331071767636,0.1070009146232467,0.0807542997719896,0.0373352505184532,0.28973388671875,5.724,99c56632a9826deac9b2bad1a665a6696fe7fc7bce7f598fbe3369c2561582d1c1efe30b880d6730baed72bf39c0b8e976d636be1a66fcef07da59dece84054d,,,,,,,,
607,6ab990fcf5d4e1ad9818253d6eaf38ff12ea79947889ecc6fa5b83abb1255e5efaecf145b4b5901c76ffba604feec68ae2bfb46c6957b3460f53c87e20cfb772,english_griffinlim_eval_final/fake_english_griffinlim/english_fake_0607.wav,0,5.04,-4.587587356567383,5.392735958099365,0.0100759222038878,english,-4.082606673240662,6ab990fcf5d4e1ad9818253d6eaf38ff12ea79947889ecc6fa5b83abb1255e5efaecf145b4b5901c76ffba604feec68ae2bfb46c6957b3460f53c87e20cfb772,0.0100759222038878,0.7857462996417189,0.1643018122157084,0.0450632324684776,0.0329503311580635,0.360198974609375,5.04,6ab990fcf5d4e1ad9818253d6eaf38ff12ea79947889ecc6fa5b83abb1255e5efaecf145b4b5901c76ffba604feec68ae2bfb46c6957b3460f53c87e20cfb772,,,,,,,,
608,32383b0c72c52b927f570d868cee45bc4594638e599bbe18eb4a8b86c45a365ca83b77ec3e7463d394f870282418081a0e849e870b3b2431977651b14b6d63a7,english_griffinlim_eval_final/fake_english_griffinlim/english_fake_0608.wav,0,3.384,-0.5204862356185913,0.9834567904472352,0.0277688225736937,english,-0.015505552291870117,32383b0c72c52b927f570d868cee45bc4594638e599bbe18eb4a8b86c45a365ca83b77ec3e7463d394f870282418081a0e849e870b3b2431977651b14b6d63a7,0.0277688225736937,0.6806597620494519,0.2272019120773089,0.0778641562496349,0.0150861360914646,0.087005615234375,3.384,32383b0c72c52b927f570d868cee45bc4594638e599bbe18eb4a8b86c45a365ca83b77ec3e7463d394f870282418081a0e849e870b3b2431977651b14b6d63a7,,,,,,,,
609,a22721fa679ec702c9306f00becf645a864dbbe305fe6ff39e01e9fb780ccc8ad7913af19c3f1aebd4211cde70ed4cf17e23154c65125df7bdb3adfe3be7a2bc,english_griffinlim_eval_final/fake_english_griffinlim/english_fake_0609.wav,0,2.688,-4.591575622558594,5.460622787475586,0.0132548189420522,english,-4.086594939231873,a22721fa679ec702c9306f00becf645a864dbbe305fe6ff39e01e9fb780ccc8ad7913af19c3f1aebd4211cde70ed4cf17e23154c65125df7bdb3adfe3be7a2bc,0.0132548189420522,0.9238228974614892,0.0690060808209384,0.0064087657748043,0.085911369274637,0.7159423828125,2.688,a22721fa679ec702c9306f00becf645a864dbbe305fe6ff39e01e9fb780ccc8ad7913af19c3f1aebd4211cde70ed4cf17e23154c65125df7bdb3adfe3be7a2bc,,,,,,,,
610,e80b40908fa49afbc617da992c0736d82bbe441589a8e6d390ad0533bc1aca7e5e4dc76629de5433eaf6c9a5b2aa2846308b5fbb909bcba9af2b5cbb41e5a8de,english_griffinlim_eval_final/fake_english_griffinlim/english_fake_0610.wav,0,5.436,1.0874203443527222,-1.7127209901809692,0.7427618133093082,english,1.5924010276794434,e80b40908fa49afbc617da992c0736d82bbe441589a8e6d390ad0533bc1aca7e5e4dc76629de5433eaf6c9a5b2aa2846308b5fbb909bcba9af2b5cbb41e5a8de,0.7427618133093082,0.3967930333086096,0.1348816294045447,0.4606274118538653,0.0226549050123678,0.383514404296875,5.436,e80b40908fa49afbc617da992c0736d82bbe441589a8e6d390ad0533bc1aca7e5e4dc76629de5433eaf6c9a5b2aa2846308b5fbb909bcba9af2b5cbb41e5a8de,0.5522500569824532,0.2228051318488239,0.2249448111687227,0.6813146008875519,14.6400171504516,0.1485894855223458,0.3733887884393088,0.5270950721656006
611,791ee877b1b288514e9b36f085940c68b8bc96e671228ad976a0efa548785a0d1b7db570a1cd866034e185eec85c7f22c76764dbd773fa81d6979d5aa143482e,english_griffinlim_eval_final/fake_english_griffinlim/english_fake_0611.wav,0,4.824,-2.9624838829040527,3.627101182937622,0.0495181372814335,english,-2.4575031995773315,791ee877b1b288514e9b36f085940c68b8bc96e671228ad976a0efa548785a0d1b7db570a1cd866034e185eec85c7f22c76764dbd773fa81d6979d5aa143482e,0.0495181372814335,0.8091628356321876,0.1421592058844016,0.0474185209359417,0.0682921015651195,0.552825927734375,4.824,791ee877b1b288514e9b36f085940c68b8bc96e671228ad976a0efa548785a0d1b7db570a1cd866034e185eec85c7f22c76764dbd773fa81d6979d5aa143482e,,,,,,,,
612,af63476850a1b9b0a2aec7694b0e840aa6867b5173e653327f0ffc2c14c174afe59393316fb0d1b8294f17115196d9934d34edfc27c2987422c7cfa78cf1dbef,english_griffinlim_eval_final/fake_english_griffinlim/english_fake_0612.wav,0,6.168,-4.9105610847473145,5.63703203201294,0.0100429538518653,english,-4.405580401420593,af63476850a1b9b0a2aec7694b0e840aa6867b5173e653327f0ffc2c14c174afe59393316fb0d1b8294f17115196d9934d34edfc27c2987422c7cfa78cf1dbef,0.0100429538518653,0.8499052721651523,0.1346569179699089,0.013650184790227,0.0547048090961602,0.5675048828125,6.168,af63476850a1b9b0a2aec7694b0e840aa6867b5173e653327f0ffc2c14c174afe59393316fb0d1b8294f17115196d9934d34edfc27c2987422c7cfa78cf1dbef,,,,,,,,
613,f4515060e7f480a24c0778e8f3d5d1d286ed616552851a6c3c9c6aee7303d249fbffd910c70869b7620fc33b38c8b618b934eeea78ef4cde3c1be1566b44501e,english_griffinlim_eval_final/fake_english_griffinlim/english_fake_0613.wav,0,6.228,-3.7295982837677,4.588322162628174,0.0066575559658419,english,-3.224617600440979,f4515060e7f480a24c0778e8f3d5d1d286ed616552851a6c3c9c6aee7303d249fbffd910c70869b7620fc33b38c8b618b934eeea78ef4cde3c1be1566b44501e,0.0066575559658419,0.8018523560713904,0.182372260160901,0.0144474338614945,0.0629469930008231,0.82537841796875,6.228,f4515060e7f480a24c0778e8f3d5d1d286ed616552851a6c3c9c6aee7303d249fbffd910c70869b7620fc33b38c8b618b934eeea78ef4cde3c1be1566b44501e,,,,,,,,
614,38750f6fe4575f45443936753f75d6e7875cf624362bd4bc50a7430cd3b69784b783b9f9601d9f1c1d6c6da22d9af4b1523da231ea55a13189c6d5a4923d728c,english_griffinlim_eval_final/fake_english_griffinlim/english_fake_0614.wav,0,5.904,-3.72078800201416,4.534126281738281,0.0130709468451275,english,-3.215807318687439,38750f6fe4575f45443936753f75d6e7875cf624362bd4bc50a7430cd3b69784b783b9f9601d9f1c1d6c6da22d9af4b1523da231ea55a13189c6d5a4923d728c,0.0130709468451275,0.8673551189722533,0.1017622251291503,0.0277670426922041,0.0438028321898093,0.352294921875,5.904,38750f6fe4575f45443936753f75d6e7875cf624362bd4bc50a7430cd3b69784b783b9f9601d9f1c1d6c6da22d9af4b1523da231ea55a13189c6d5a4923d728c,0.795991109062388,0.1459138654206908,0.0580950255169212,0.7091712947175561,14.538285232309311,0.1413703610028592,0.389845382756151,0.5576054775824129
615,5cd95c7c22c6fd21f386f93b700187d1559ab9a63eab1b44b4af4717e61bee61dbf54a0de0d35e3014a441bc557f5a0a4d36ad4e3a815d4bd3c395c9e98daade,english_griffinlim_eval_final/fake_english_griffinlim/english_fake_0615.wav,0,4.248,-5.99743127822876,6.875945091247559,0.0092233081146526,english,-5.492450594902039,5cd95c7c22c6fd21f386f93b700187d1559ab9a63eab1b44b4af4717e61bee61dbf54a0de0d35e3014a441bc557f5a0a4d36ad4e3a815d4bd3c395c9e98daade,0.0092233081146526,0.8358517950200153,0.0636490133490483,0.0995878645132661,0.0798656559300536,0.976837158203125,4.248,5cd95c7c22c6fd21f386f93b700187d1559ab9a63eab1b44b4af4717e61bee61dbf54a0de0d35e3014a441bc557f5a0a4d36ad4e3a815d4bd3c395c9e98daade,,,,,,,,
616,392c0beffdd3617b039eda723efc74a4fdc4819078c85420b1b42ba87768ae86c8ab2f1ab8016d0f5482109b97262596243599d06863e78086a42b3451322eb4,english_griffinlim_eval_final/fake_english_griffinlim/english_fake_0616.wav,0,2.088,-5.323067665100098,6.094219207763672,0.0092957348370771,english,-4.8180869817733765,392c0beffdd3617b039eda723efc74a4fdc4819078c85420b1b42ba87768ae86c8ab2f1ab8016d0f5482109b97262596243599d06863e78086a42b3451322eb4,0.0092957348370771,0.8823565299037704,0.095373807575499,0.0186724690142181,0.0407382798892134,0.20465087890625,2.088,392c0beffdd3617b039eda723efc74a4fdc4819078c85420b1b42ba87768ae86c8ab2f1ab8016d0f5482109b97262596243599d06863e78086a42b3451322eb4,,,,,,,,
617,2a6b4159f54e2c66b20eadffd33e20742a7db35e932fbac7dfec4c167901fb3904c6bfc69df429ac91827c744442143a31b54407b8ac6ba439c4057cf18d5ed1,english_griffinlim_eval_final/fake_english_griffinlim/english_fake_0617.wav,0,6.672,-0.2597928941249847,0.5730642080307007,0.1080801516822886,english,0.2451877892017365,2a6b4159f54e2c66b20eadffd33e20742a7db35e932fbac7dfec4c167901fb3904c6bfc69df429ac91827c744442143a31b54407b8ac6ba439c4057cf18d5ed1,0.1080801516822886,0.5980377449494614,0.2384102212143931,0.1588315143427557,0.032315205634003,0.429443359375,6.672,2a6b4159f54e2c66b20eadffd33e20742a7db35e932fbac7dfec4c167901fb3904c6bfc69df429ac91827c744442143a31b54407b8ac6ba439c4057cf18d5ed1,,,,,,,,
618,faf58637592369d770c1e99d28e3bb236d605fb5b9698c416ae3e5d5e7ed183994e3ffd2b0797dfe740081986f41f79ba0d3694de35933e435632a5b4ff0a773,english_griffinlim_eval_final/fake_english_griffinlim/english_fake_0618.wav,0,5.208,-4.6970930099487305,5.641247749328613,0.9386239220876094,english,-4.192112326622009,faf58637592369d770c1e99d28e3bb236d605fb5b9698c416ae3e5d5e7ed183994e3ffd2b0797dfe740081986f41f79ba0d3694de35933e435632a5b4ff0a773,0.9386239220876094,0.3061733053177507,0.3503236106532509,0.3430489193361802,0.0841543634118837,0.989990234375,5.208,faf58637592369d770c1e99d28e3bb236d605fb5b9698c416ae3e5d5e7ed183994e3ffd2b0797dfe740081986f41f79ba0d3694de35933e435632a5b4ff0a773,,,,,,,,
619,53613589ab79bc1e0adf447e24e6c757a6a4e335666376281cdaa3dc11e91192292c79468790c0098e74a51fe34528f38215d3bad4c6ff091d5e8eb880bd44b5,english_griffinlim_eval_final/fake_english_griffinlim/english_fake_0619.wav,0,7.08,-5.18008279800415,5.94029712677002,0.1059278328043126,english,-4.675102114677429,53613589ab79bc1e0adf447e24e6c757a6a4e335666376281cdaa3dc11e91192292c79468790c0098e74a51fe34528f38215d3bad4c6ff091d5e8eb880bd44b5,0.1059278328043126,0.6859193113042651,0.2848512991473234,0.0282031497760439,0.0742178508672512,0.754241943359375,7.08,53613589ab79bc1e0adf447e24e6c757a6a4e335666376281cdaa3dc11e91192292c79468790c0098e74a51fe34528f38215d3bad4c6ff091d5e8eb880bd44b5,,,,,,,,
620,c4215a63594a310a1f1003e4cc4a990ad4c7475e8cb46582a77860e27dc59993062e0d817ccd56b5eea9c8f436b1ab5140e7b4a616264571c5836dfd87080ca9,english_griffinlim_eval_final/fake_english_griffinlim/english_fake_0620.wav,0,5.292,-3.914281845092773,4.689579963684082,0.9638346792193336,english,-3.409301161766052,c4215a63594a310a1f1003e4cc4a990ad4c7475e8cb46582a77860e27dc59993062e0d817ccd56b5eea9c8f436b1ab5140e7b4a616264571c5836dfd87080ca9,0.9638346792193336,0.2667859579694871,0.2989041215557286,0.4318544551897257,0.0432022042051577,0.49261474609375,5.292,c4215a63594a310a1f1003e4cc4a990ad4c7475e8cb46582a77860e27dc59993062e0d817ccd56b5eea9c8f436b1ab5140e7b4a616264571c5836dfd87080ca9,,,,,,,,
621,f1eb76a5e7dd1c7ffeb45215e3da870ce38ba0e337f76fdb6539d48ed4c31b2e00766c845ea2aeacb99e5281cc9fe27485ae2c87f1ebed00b74d9b86e25101b6,english_griffinlim_eval_final/fake_english_griffinlim/english_fake_0621.wav,0,2.208,-0.5008425712585449,1.0113348960876465,0.0058738081708721,english,0.0041381120681762695,f1eb76a5e7dd1c7ffeb45215e3da870ce38ba0e337f76fdb6539d48ed4c31b2e00766c845ea2aeacb99e5281cc9fe27485ae2c87f1ebed00b74d9b86e25101b6,0.0058738081708721,0.731356038815665,0.2203582011693703,0.0446867057071515,0.036920030313603,0.4935302734375,2.208,f1eb76a5e7dd1c7ffeb45215e3da870ce38ba0e337f76fdb6539d48ed4c31b2e00766c845ea2aeacb99e5281cc9fe27485ae2c87f1ebed00b74d9b86e25101b6,,,,,,,,
622,35ccc4e99ddb267d35f75aa058b23f6ea3c9da20e74e9c2745ddb1f41605964743e052a272f1a80b9f4578e231280c399e434f92a933241c713594971da70557,english_griffinlim_eval_final/fake_english_griffinlim/english_fake_0622.wav,0,4.536,-5.399935722351074,6.202171325683594,0.9926694288387784,english,-4.894955039024353,35ccc4e99ddb267d35f75aa058b23f6ea3c9da20e74e9c2745ddb1f41605964743e052a272f1a80b9f4578e231280c399e434f92a933241c713594971da70557,0.9926694288387784,0.4933579548682052,0.2375192398942925,0.2690142145816532,0.1375527147866282,0.989990234375,4.536,35ccc4e99ddb267d35f75aa058b23f6ea3c9da20e74e9c2745ddb1f41605964743e052a272f1a80b9f4578e231280c399e434f92a933241c713594971da70557,,,,,,,,
623,b00573e8183d0e309e85451df0fcf2467a17a1a13174021062da3e4b0f13cb8a2e20cc3fe2d13e76f2ceedf17deaedd5f03f57a4da5e1cb608adbbee77dac7f0,english_griffinlim_eval_final/fake_english_griffinlim/english_fake_0623.wav,0,3.336,2.0116567611694336,-2.7232213020324707,0.0285042046394982,english,2.516637444496155,b00573e8183d0e309e85451df0fcf2467a17a1a13174021062da3e4b0f13cb8a2e20cc3fe2d13e76f2ceedf17deaedd5f03f57a4da5e1cb608adbbee77dac7f0,0.0285042046394982,0.6748732497179194,0.2148783573801229,0.0962477190040808,0.014839053330807,0.106231689453125,3.336,b00573e8183d0e309e85451df0fcf2467a17a1a13174021062da3e4b0f13cb8a2e20cc3fe2d13e76f2ceedf17deaedd5f03f57a4da5e1cb608adbbee77dac7f0,,,,,,,,
624,db3a2a5958d594e6dd2d0f4663c3bda5b9a56f53e0b0a2b2d6404d6b0b37a2383557a711ad512b1f844c0585caa02979f3f3f2548e63baaf4c2060641bdeffc7,english_griffinlim_eval_final/fake_english_griffinlim/english_fake_0624.wav,0,5.352,-1.6504367589950562,2.1633572578430176,0.2495902979037925,english,-1.145456075668335,db3a2a5958d594e6dd2d0f4663c3bda5b9a56f53e0b0a2b2d6404d6b0b37a2383557a711ad512b1f844c0585caa02979f3f3f2548e63baaf4c2060641bdeffc7,0.2495902979037925,0.8712459606526184,0.1092651761655017,0.0190926967779167,0.1261910935564397,0.95098876953125,5.352,db3a2a5958d594e6dd2d0f4663c3bda5b9a56f53e0b0a2b2d6404d6b0b37a2383557a711ad512b1f844c0585caa02979f3f3f2548e63baaf4c2060641bdeffc7,,,,,,,,
625,39e41b044c52582b14d6b64ef3f2abdaa81fe1c6db2f57cc631957af5d9123e9a9178215ce7d6de0e54702622f06f40d84ec53e69506786c836e9f4dc8e5ec09,english_griffinlim_eval_final/fake_english_griffinlim/english_fake_0625.wav,0,3.936,-6.13295316696167,7.028254508972168,0.0721310480524882,english,-5.627972483634949,39e41b044c52582b14d6b64ef3f2abdaa81fe1c6db2f57cc631957af5d9123e9a9178215ce7d6de0e54702622f06f40d84ec53e69506786c836e9f4dc8e5ec09,0.0721310480524882,0.8490905107238131,0.1465278176703625,0.0038703872994325,0.107559745679365,0.8948974609375,3.936,39e41b044c52582b14d6b64ef3f2abdaa81fe1c6db2f57cc631957af5d9123e9a9178215ce7d6de0e54702622f06f40d84ec53e69506786c836e9f4dc8e5ec09,,,,,,,,
626,fe778162f7b16b5dfc1177485eff2cde1ce2ce7f165c1eef9607fdc5457eeca369b8586bc02ad8224c38d3b132e52b0ba239ed0931d69bafa6b5cac9a7938276,english_griffinlim_eval_final/fake_english_griffinlim/english_fake_0626.wav,0,5.668625,-4.182374954223633,5.08087158203125,0.0290079330479726,english,-3.6773942708969116,fe778162f7b16b5dfc1177485eff2cde1ce2ce7f165c1eef9607fdc5457eeca369b8586bc02ad8224c38d3b132e52b0ba239ed0931d69bafa6b5cac9a7938276,0.0290079330479726,0.9469630235696074,0.0472942139304482,0.0050106218531619,0.0911662364896279,0.7232666015625,5.668625,fe778162f7b16b5dfc1177485eff2cde1ce2ce7f165c1eef9607fdc5457eeca369b8586bc02ad8224c38d3b132e52b0ba239ed0931d69bafa6b5cac9a7938276,,,,,,,,
627,295294c457d8341c05921b7e51ed90f2ba6ca4501929920d36ec1a91d4cb46fe02072ff2669237db9e901c49d77b98e68af2a2ee9db11952eee71e902d30d4f4,english_griffinlim_eval_final/fake_english_griffinlim/english_fake_0627.wav,0,5.976,-5.888762950897217,6.723912239074707,0.6977767925718596,english,-5.383782267570496,295294c457d8341c05921b7e51ed90f2ba6ca4501929920d36ec1a91d4cb46fe02072ff2669237db9e901c49d77b98e68af2a2ee9db11952eee71e902d30d4f4,0.6977767925718596,0.7507798577467505,0.1114223927904303,0.1374439819052013,0.1249026681723765,0.961517333984375,5.976,295294c457d8341c05921b7e51ed90f2ba6ca4501929920d36ec1a91d4cb46fe02072ff2669237db9e901c49d77b98e68af2a2ee9db11952eee71e902d30d4f4,,,,,,,,
628,041ed5fcab5c90c4c0fc444f02da9438d66262b2cae49bf7894ec9f095d0601c3297cbcfa3e069927ab54cf2b233f72ab230358cd24133277ddf9f9f8149b224,english_griffinlim_eval_final/fake_english_griffinlim/english_fake_0628.wav,0,3.408,-1.3550794124603271,2.1982579231262207,0.0024730675850193,english,-0.850098729133606,041ed5fcab5c90c4c0fc444f02da9438d66262b2cae49bf7894ec9f095d0601c3297cbcfa3e069927ab54cf2b233f72ab230358cd24133277ddf9f9f8149b224,0.0024730675850193,0.7965352258736514,0.1709032319222273,0.0287988962719483,0.0356828260219879,0.533447265625,3.408,041ed5fcab5c90c4c0fc444f02da9438d66262b2cae49bf7894ec9f095d0601c3297cbcfa3e069927ab54cf2b233f72ab230358cd24133277ddf9f9f8149b224,,,,,,,,
629,2e8f95ac5b92766221b9e0c8d8ec2f190986e3cc291f550886a6b6c8b934673e062bb5dfffbb33b96f91d04466c578fe334abb3edaaf35a674f6d34f519cbdbc,english_griffinlim_eval_final/fake_english_griffinlim/english_fake_0629.wav,0,2.064,-5.758337020874023,6.536809921264648,0.2850289406521,english,-5.253356337547302,2e8f95ac5b92766221b9e0c8d8ec2f190986e3cc291f550886a6b6c8b934673e062bb5dfffbb33b96f91d04466c578fe334abb3edaaf35a674f6d34f519cbdbc,0.2850289406521,0.5615931059517122,0.3801793627563772,0.0571884720256887,0.0704022144754884,0.57086181640625,2.064,2e8f95ac5b92766221b9e0c8d8ec2f190986e3cc291f550886a6b6c8b934673e062bb5dfffbb33b96f91d04466c578fe334abb3edaaf35a674f6d34f519cbdbc,,,,,,,,
630,88ee2cc842f33a6af3b7bbb10c39384592bb5348830da78aed116e136a7b69175a3f3ce2edfa71c206380d14f9a008674b68656c5e14cd7090025af666bfe4ec,english_griffinlim_eval_final/fake_english_griffinlim/english_fake_0630.wav,0,2.28,-0.7077860832214355,1.1890037059783936,0.2659170026756449,english,-0.20280539989471436,88ee2cc842f33a6af3b7bbb10c39384592bb5348830da78aed116e136a7b69175a3f3ce2edfa71c206380d14f9a008674b68656c5e14cd7090025af666bfe4ec,0.2659170026756449,0.2868594123820225,0.6676634643612768,0.0425090187864083,0.0393273843615475,0.579986572265625,2.28,88ee2cc842f33a6af3b7bbb10c39384592bb5348830da78aed116e136a7b69175a3f3ce2edfa71c206380d14f9a008674b68656c5e14cd7090025af666bfe4ec,,,,,,,,
631,7456ec8b40142e1863ac5d241bfa1d7687fb9aa96941da3128bf4c4d81cdf2f9ab0e693f768047a1b87268a4612f4c5ecb52f23920e0fe146b04542d2c292148,english_griffinlim_eval_final/fake_english_griffinlim/english_fake_0631.wav,0,4.2,-3.494860887527466,4.40219259262085,0.008737438726084,english,-2.9898802042007446,7456ec8b40142e1863ac5d241bfa1d7687fb9aa96941da3128bf4c4d81cdf2f9ab0e693f768047a1b87268a4612f4c5ecb52f23920e0fe146b04542d2c292148,0.008737438726084,0.916506043377723,0.0633344899626589,0.019103244895334,0.0724113307445576,0.67034912109375,4.2,7456ec8b40142e1863ac5d241bfa1d7687fb9aa96941da3128bf4c4d81cdf2f9ab0e693f768047a1b87268a4612f4c5ecb52f23920e0fe146b04542d2c292148,,,,,,,,
632,aa0e926a1b5b4f9e38599c533beffe173e3c0031f2aecc94aad4737e575f93dc519ac5f730913e21fb3db182326a06ade5c8e140fc78b5358b7e5203cd04e2e0,english_griffinlim_eval_final/fake_english_griffinlim/english_fake_0632.wav,0,2.592,-4.860296249389648,5.689069747924805,0.9736529326556956,english,-4.355315566062927,aa0e926a1b5b4f9e38599c533beffe173e3c0031f2aecc94aad4737e575f93dc519ac5f730913e21fb3db182326a06ade5c8e140fc78b5358b7e5203cd04e2e0,0.9736529326556956,0.9272047623096812,0.0584988381156499,0.0142425801334361,0.1960854895148462,0.990020751953125,2.592,aa0e926a1b5b4f9e38599c533beffe173e3c0031f2aecc94aad4737e575f93dc519ac5f730913e21fb3db182326a06ade5c8e140fc78b5358b7e5203cd04e2e0,,,,,,,,
633,4bb37dc4cbd0586c6983a904b9ca7289126280afc27dfbfde5e1a4f56322f012351f1c1d3fb679867ef51c085954280cb606f5115bb1782f9ca754a471302b8e,english_griffinlim_eval_final/fake_english_griffinlim/english_fake_0633.wav,0,3.456,-1.9341919422149656,2.8073105812072754,0.0024531477540688,english,-1.4292112588882444,4bb37dc4cbd0586c6983a904b9ca7289126280afc27dfbfde5e1a4f56322f012351f1c1d3fb679867ef51c085954280cb606f5115bb1782f9ca754a471302b8e,0.0024531477540688,0.8501519092294165,0.1179079012339159,0.02704739472899,0.0329386033903421,0.41107177734375,3.456,4bb37dc4cbd0586c6983a904b9ca7289126280afc27dfbfde5e1a4f56322f012351f1c1d3fb679867ef51c085954280cb606f5115bb1782f9ca754a471302b8e,,,,,,,,
634,0933d3fdcc6d51036d7f36a5bacad3bfb08209417bd2a3658ca64933fdf8ae03e7a6fe44ecff309b1d563119b3642cb51f80424e6ed971d0f769ec01afff1766,english_griffinlim_eval_final/fake_english_griffinlim/english_fake_0634.wav,0,3.936,-6.076897621154785,6.9483642578125,0.9618850212143326,english,-5.571916937828064,0933d3fdcc6d51036d7f36a5bacad3bfb08209417bd2a3658ca64933fdf8ae03e7a6fe44ecff309b1d563119b3642cb51f80424e6ed971d0f769ec01afff1766,0.9618850212143326,0.3541445536915201,0.210134085435152,0.4351030664484042,0.0857777032003307,0.91131591796875,3.936,0933d3fdcc6d51036d7f36a5bacad3bfb08209417bd2a3658ca64933fdf8ae03e7a6fe44ecff309b1d563119b3642cb51f80424e6ed971d0f769ec01afff1766,,,,,,,,
635,0b64cedb9abde3a51be4e679e74e75dc2726d689a370f82d53443b199de885672c4c1e8f0c57d73199cbf70d001bf9f68c15140c687d03eaa60de472f2cd1139,english_griffinlim_eval_final/fake_english_griffinlim/english_fake_0635.wav,0,3.912,-5.403656959533691,6.195237159729004,0.073715445419175,english,-4.89867627620697,0b64cedb9abde3a51be4e679e74e75dc2726d689a370f82d53443b199de885672c4c1e8f0c57d73199cbf70d001bf9f68c15140c687d03eaa60de472f2cd1139,0.073715445419175,0.7022695505095957,0.2321857581827086,0.064378846700573,0.0669694023954465,0.62384033203125,3.912,0b64cedb9abde3a51be4e679e74e75dc2726d689a370f82d53443b199de885672c4c1e8f0c57d73199cbf70d001bf9f68c15140c687d03eaa60de472f2cd1139,,,,,,,,
636,9512ce701610c86108d16bfea418d204afa210e7f6c75d42db9a6b51bec07e9eb09bf98ef5aa04b604915b8c111d85fc0ec4470033196a59f34be1b1d6c09030,english_griffinlim_eval_final/fake_english_griffinlim/english_fake_0636.wav,0,5.448,-3.661530494689941,4.488064289093018,0.0079996434400593,english,-3.1565498113632198,9512ce701610c86108d16bfea418d204afa210e7f6c75d42db9a6b51bec07e9eb09bf98ef5aa04b604915b8c111d85fc0ec4470033196a59f34be1b1d6c09030,0.0079996434400593,0.8817455528773166,0.0811603743764336,0.0317770395193593,0.0329192367920378,0.244476318359375,5.448,9512ce701610c86108d16bfea418d204afa210e7f6c75d42db9a6b51bec07e9eb09bf98ef5aa04b604915b8c111d85fc0ec4470033196a59f34be1b1d6c09030,0.8183748495305925,0.1260942035039245,0.0555309469654828,0.6796881206115066,14.667292516859131,0.139286602727883,0.3667859158581301,0.5225176060168097
637,8cbea52aa26bdf09b7e3df2221e07657d07d85edad0ca02aae3d1aa4d4754e9f6c48cb67e67228dfb2a86e37ef7fe93fbe4511d41e06c01cc34c9d0c5de6491b,english_griffinlim_eval_final/fake_english_griffinlim/english_fake_0637.wav,0,2.496,-2.401170253753662,3.123577833175659,0.2807626750282299,english,-1.896189570426941,8cbea52aa26bdf09b7e3df2221e07657d07d85edad0ca02aae3d1aa4d4754e9f6c48cb67e67228dfb2a86e37ef7fe93fbe4511d41e06c01cc34c9d0c5de6491b,0.2807626750282299,0.5384122970848665,0.3658834276219066,0.0948902759243487,0.0810226624099764,0.810791015625,2.496,8cbea52aa26bdf09b7e3df2221e07657d07d85edad0ca02aae3d1aa4d4754e9f6c48cb67e67228dfb2a86e37ef7fe93fbe4511d41e06c01cc34c9d0c5de6491b,,,,,,,,
638,50621129ff7cff1c7952acb2bc3419e49906184af2f0dd6b780db8cceb7500d1cd9ada428fd29df880e134f7de4494cdd1ba4113fa47dba7f85e41f76f26836a,english_griffinlim_eval_final/fake_english_griffinlim/english_fake_0638.wav,0,4.272,-5.99522590637207,6.892602920532227,0.0178039508894074,english,-5.490245223045349,50621129ff7cff1c7952acb2bc3419e49906184af2f0dd6b780db8cceb7500d1cd9ada428fd29df880e134f7de4494cdd1ba4113fa47dba7f85e41f76f26836a,0.0178039508894074,0.8728813300787756,0.0622019044909562,0.0626531826119777,0.0511643230154454,0.378875732421875,4.272,50621129ff7cff1c7952acb2bc3419e49906184af2f0dd6b780db8cceb7500d1cd9ada428fd29df880e134f7de4494cdd1ba4113fa47dba7f85e41f76f26836a,,,,,,,,
639,ee227fc801eef20e039f95e8b646810743d168df97e0dc6941d13743eedf278b953719e5d30854eb0bc5f2d15cc4c9460aac37db7da6e202a61c97c240127655,english_griffinlim_eval_final/fake_english_griffinlim/english_fake_0639.wav,0,3.696,-0.9554738998413086,1.6428464651107788,0.0821697225100009,english,-0.4504932165145874,ee227fc801eef20e039f95e8b646810743d168df97e0dc6941d13743eedf278b953719e5d30854eb0bc5f2d15cc4c9460aac37db7da6e202a61c97c240127655,0.0821697225100009,0.841705346757035,0.1309033305047894,0.026788994821688,0.0977895318445208,0.765289306640625,3.696,ee227fc801eef20e039f95e8b646810743d168df97e0dc6941d13743eedf278b953719e5d30854eb0bc5f2d15cc4c9460aac37db7da6e202a61c97c240127655,,,,,,,,
640,3910727ceff0888f682cef433e99386f0d3c46e5475166e72acf3fc1744e5c50403e47c974fe54669d3d1d82d9afe2ff0c417885a10170dabe39b22c1c661323,english_griffinlim_eval_final/fake_english_griffinlim/english_fake_0640.wav,0,6.516,-2.328277111053467,3.11313533782959,0.0235528810094782,english,-1.8232964277267456,3910727ceff0888f682cef433e99386f0d3c46e5475166e72acf3fc1744e5c50403e47c974fe54669d3d1d82d9afe2ff0c417885a10170dabe39b22c1c661323,0.0235528810094782,0.7078859517096242,0.2666267392378508,0.0213952010502526,0.0358016673700469,0.411407470703125,6.516,3910727ceff0888f682cef433e99386f0d3c46e5475166e72acf3fc1744e5c50403e47c974fe54669d3d1d82d9afe2ff0c417885a10170dabe39b22c1c661323,,,,,,,,
641,3510909f2bc9762f5d0cffde382eed84a2090201c2644a9b70d5dfcdc8050f0b0170b146dfd029f162133b853a311d6c4f3b566edb0207ca2fce0925ab395715,english_griffinlim_eval_final/fake_english_griffinlim/english_fake_0641.wav,0,3.936,-6.171663284301758,7.1290788650512695,0.0701774108331976,english,-5.666682600975037,3510909f2bc9762f5d0cffde382eed84a2090201c2644a9b70d5dfcdc8050f0b0170b146dfd029f162133b853a311d6c4f3b566edb0207ca2fce0925ab395715,0.0701774108331976,0.6494424697500544,0.1207681022867823,0.2295045136880885,0.0743414726890094,0.990020751953125,3.936,3510909f2bc9762f5d0cffde382eed84a2090201c2644a9b70d5dfcdc8050f0b0170b146dfd029f162133b853a311d6c4f3b566edb0207ca2fce0925ab395715,,,,,,,,
642,afabb771d70fa7e22d77f0a5722e6ef736236fcc635836efcd7e6aaa2f84233202abed349809594be11a7bc0b2dc6ccb060bc1a029ffdfa1fcd5c307ca289dc3,english_griffinlim_eval_final/fake_english_griffinlim/english_fake_0642.wav,0,3.624,-3.4371225833892822,4.321237564086914,0.0868115594198416,english,-2.932141900062561,afabb771d70fa7e22d77f0a5722e6ef736236fcc635836efcd7e6aaa2f84233202abed349809594be11a7bc0b2dc6ccb060bc1a029ffdfa1fcd5c307ca289dc3,0.0868115594198416,0.7087378515613705,0.2044687665425433,0.085989509829037,0.0845076040058157,0.84088134765625,3.624,afabb771d70fa7e22d77f0a5722e6ef736236fcc635836efcd7e6aaa2f84233202abed349809594be11a7bc0b2dc6ccb060bc1a029ffdfa1fcd5c307ca289dc3,,,,,,,,
643,9be1ead1cee12188a2dab24a35d02529554a6d6a07c4205a178ceac5470ffda986be41a4614d509ef2d9ce38175f24c6e44ee2e96202ddc886c1a1c375176cc8,english_griffinlim_eval_final/fake_english_griffinlim/english_fake_0643.wav,0,2.664,-4.155317783355713,4.954389572143555,0.3270702262587301,english,-3.6503371000289917,9be1ead1cee12188a2dab24a35d02529554a6d6a07c4205a178ceac5470ffda986be41a4614d509ef2d9ce38175f24c6e44ee2e96202ddc886c1a1c375176cc8,0.3270702262587301,0.6797068799760555,0.3159890289884217,0.0038186747432677,0.1035067109939291,0.77532958984375,2.664,9be1ead1cee12188a2dab24a35d02529554a6d6a07c4205a178ceac5470ffda986be41a4614d509ef2d9ce38175f24c6e44ee2e96202ddc886c1a1c375176cc8,,,,,,,,
644,af66a3ec730ecc5126f5ff2770318ea1f410edaf4f64d436614b1cb8388849f9d2441645fe8c54666911a8e146037b5f98fe5aa138f016a76b7c387e57121102,english_griffinlim_eval_final/fake_english_griffinlim/english_fake_0644.wav,0,6.444,-2.917078733444214,3.7195796966552734,0.0120866332442243,english,-2.4120980501174927,af66a3ec730ecc5126f5ff2770318ea1f410edaf4f64d436614b1cb8388849f9d2441645fe8c54666911a8e146037b5f98fe5aa138f016a76b7c387e57121102,0.0120866332442243,0.7952049291247038,0.181570955690101,0.0214345853999325,0.0566165603268705,0.667755126953125,6.444,af66a3ec730ecc5126f5ff2770318ea1f410edaf4f64d436614b1cb8388849f9d2441645fe8c54666911a8e146037b5f98fe5aa138f016a76b7c387e57121102,,,,,,,,
645,0b06298e6ca36b01573a44569c8fdcb8a862d12683eeb38eaf2fc7c4abd97b440381b04b6376e8cd9adf80398bf7992c40114ef5081342fc4fbc98ac1c92b3e3,english_griffinlim_eval_final/fake_english_griffinlim/english_fake_0645.wav,0,3.432,-1.6842124462127686,2.4576311111450195,0.0015066546227297,english,-1.1792317628860474,0b06298e6ca36b01573a44569c8fdcb8a862d12683eeb38eaf2fc7c4abd97b440381b04b6376e8cd9adf80398bf7992c40114ef5081342fc4fbc98ac1c92b3e3,0.0015066546227297,0.912928532940838,0.0632753220542765,0.0227197689720845,0.0731978073776419,0.942901611328125,3.432,0b06298e6ca36b01573a44569c8fdcb8a862d12683eeb38eaf2fc7c4abd97b440381b04b6376e8cd9adf80398bf7992c40114ef5081342fc4fbc98ac1c92b3e3,,,,,,,,
646,613ed1b8523a49e0efc61fc7d81787a253c40ad9fea2ae583c62fe0a083bc6659eeb46a5381b690c502d96ea1868a257aacba32534460a1347cc74aa59471a9a,english_griffinlim_eval_final/fake_english_griffinlim/english_fake_0646.wav,0,6.0,-5.921016216278076,6.8226518630981445,0.7802595594200291,english,-5.416035532951355,613ed1b8523a49e0efc61fc7d81787a253c40ad9fea2ae583c62fe0a083bc6659eeb46a5381b690c502d96ea1868a257aacba32534460a1347cc74aa59471a9a,0.7802595594200291,0.8467772158861055,0.0857718608914535,0.0672087534430834,0.1480523001142555,0.989990234375,6.0,613ed1b8523a49e0efc61fc7d81787a253c40ad9fea2ae583c62fe0a083bc6659eeb46a5381b690c502d96ea1868a257aacba32534460a1347cc74aa59471a9a,,,,,,,,
647,e18a0fd4cdcfef0b6b0f8ebb071c45d851e14dfe3f85d99c59582c6a4f901f5e560fe6ea7ced662cd01206a7687f48eabe6291569fef4b0e289b9ae7de4b3903,english_griffinlim_eval_final/fake_english_griffinlim/english_fake_0647.wav,0,6.408,-6.023035049438477,6.904261112213135,0.0222786441059975,english,-5.518054366111755,e18a0fd4cdcfef0b6b0f8ebb071c45d851e14dfe3f85d99c59582c6a4f901f5e560fe6ea7ced662cd01206a7687f48eabe6291569fef4b0e289b9ae7de4b3903,0.0222786441059975,0.8094476711609705,0.1742828663880896,0.0157387433573247,0.0891213865880147,0.990020751953125,6.408,e18a0fd4cdcfef0b6b0f8ebb071c45d851e14dfe3f85d99c59582c6a4f901f5e560fe6ea7ced662cd01206a7687f48eabe6291569fef4b0e289b9ae7de4b3903,,,,,,,,
648,66cc023b7c3cf9e35db102a495f1668eafd8523d8c9e18aa28863fc9afa0d9b31bc22378c16b5eafe42a2fa3d1648b65ebc35b168502fc9829e27a5cf3ebbc64,english_griffinlim_eval_final/fake_english_griffinlim/english_fake_0648.wav,0,3.708,-0.5628244876861572,1.0729992389678955,0.0108777811155046,english,-0.057843804359436035,66cc023b7c3cf9e35db102a495f1668eafd8523d8c9e18aa28863fc9afa0d9b31bc22378c16b5eafe42a2fa3d1648b65ebc35b168502fc9829e27a5cf3ebbc64,0.0108777811155046,0.7624143282885137,0.1539806167540991,0.0711118180677237,0.0171457799535424,0.14227294921875,3.708,66cc023b7c3cf9e35db102a495f1668eafd8523d8c9e18aa28863fc9afa0d9b31bc22378c16b5eafe42a2fa3d1648b65ebc35b168502fc9829e27a5cf3ebbc64,,,,,,,,
649,1ce770dc6ee32c28882cf66fb38a9557ff644d3c96603625e15136f81c383091759241f325f99310048e1200a7ef6ea18ef245df25340e4f706c6790ed595b6c,english_griffinlim_eval_final/fake_english_griffinlim/english_fake_0649.wav,0,3.36,-5.337314605712891,6.153451442718506,0.0125796426598859,english,-4.832333922386169,1ce770dc6ee32c28882cf66fb38a9557ff644d3c96603625e15136f81c383091759241f325f99310048e1200a7ef6ea18ef245df25340e4f706c6790ed595b6c,0.0125796426598859,0.8943453627577924,0.1025716251801733,0.00262510375313,0.1004629949638816,0.990020751953125,3.36,1ce770dc6ee32c28882cf66fb38a9557ff644d3c96603625e15136f81c383091759241f325f99310048e1200a7ef6ea18ef245df25340e4f706c6790ed595b6c,,,,,,,,
650,dd7a9b21953a5c903473e3072793c485f1d23eb2b1f3344f1c7808c89c1f968707afed0233a8bb707e88870d817cbf3d5f89881e45cf1172e0fef8d8c3575d20,english_griffinlim_eval_final/fake_english_griffinlim/english_fake_0650.wav,0,2.496,-0.6096145510673523,1.1642965078353882,0.0018205163078661,english,-0.1046338677406311,dd7a9b21953a5c903473e3072793c485f1d23eb2b1f3344f1c7808c89c1f968707afed0233a8bb707e88870d817cbf3d5f89881e45cf1172e0fef8d8c3575d20,0.0018205163078661,0.919352844001072,0.0545800281532114,0.0222000244964323,0.0351473392051183,0.343841552734375,2.496,dd7a9b21953a5c903473e3072793c485f1d23eb2b1f3344f1c7808c89c1f968707afed0233a8bb707e88870d817cbf3d5f89881e45cf1172e0fef8d8c3575d20,,,,,,,,
651,87303335495e24fe793e71c7c273bedc2e089e4b883e26b89f9b523e81acf74c995bcdb53a4a045a44e2ada70276e3b369bb03dfdb53ff0e1ea33f99ae765474,english_griffinlim_eval_final/fake_english_griffinlim/english_fake_0651.wav,0,7.632,-5.926630973815918,6.809783458709717,0.4552115694669272,english,-5.421650290489197,87303335495e24fe793e71c7c273bedc2e089e4b883e26b89f9b523e81acf74c995bcdb53a4a045a44e2ada70276e3b369bb03dfdb53ff0e1ea33f99ae765474,0.4552115694669272,0.6770439850892473,0.2879353853796204,0.0347604095632138,0.1107039145955101,0.989990234375,7.632,87303335495e24fe793e71c7c273bedc2e089e4b883e26b89f9b523e81acf74c995bcdb53a4a045a44e2ada70276e3b369bb03dfdb53ff0e1ea33f99ae765474,,,,,,,,
652,95374f4f0281ce754ec20477f0fb494597129dcbd84a71b9840512f16624ca875a5d182e2d11413d3344e7cfc09432596ca9a53c1de30ea445daae342c2d251f,english_griffinlim_eval_final/fake_english_griffinlim/english_fake_0652.wav,0,3.168,-4.174793243408203,4.904073715209961,0.0868142415883998,english,-3.669812560081482,95374f4f0281ce754ec20477f0fb494597129dcbd84a71b9840512f16624ca875a5d182e2d11413d3344e7cfc09432596ca9a53c1de30ea445daae342c2d251f,0.0868142415883998,0.6687095473948068,0.2486210131503251,0.0808805068784037,0.0536966520378717,0.457550048828125,3.168,95374f4f0281ce754ec20477f0fb494597129dcbd84a71b9840512f16624ca875a5d182e2d11413d3344e7cfc09432596ca9a53c1de30ea445daae342c2d251f,0.6727409660963527,0.2677319460988688,0.0595270878047783,0.7445026816380715,14.32456378935072,0.1693703595370007,0.4293511436419251,0.5973904605568191
653,5ae89f99b4f3c845a5fbf48fb6d612b635b0862dedec1cf43ccafa23e74e613f4b3a009cc3c06cec89c660565e45a7d090319d045b8dd90994ea98330f112e83,english_griffinlim_eval_final/fake_english_griffinlim/english_fake_0653.wav,0,5.292,-5.993395805358887,6.897940635681152,0.0575119389030356,english,-5.4884151220321655,5ae89f99b4f3c845a5fbf48fb6d612b635b0862dedec1cf43ccafa23e74e613f4b3a009cc3c06cec89c660565e45a7d090319d045b8dd90994ea98330f112e83,0.0575119389030356,0.7700665912951278,0.1950827440939717,0.0339204476499458,0.0781582012228006,0.7274169921875,5.292,5ae89f99b4f3c845a5fbf48fb6d612b635b0862dedec1cf43ccafa23e74e613f4b3a009cc3c06cec89c660565e45a7d090319d045b8dd90994ea98330f112e83,,,,,,,,
654,11e6316ec9b71ee1430512276994e02318f29d3e8b7b9990a0eac1f1ff92787d380f5bc4375f26576cdf549c02e5211c249cfaf76973fd8a5cff7b73cd8b00a3,english_griffinlim_eval_final/fake_english_griffinlim/english_fake_0654.wav,0,4.536,-5.830660820007324,6.593900203704834,0.0150691173517453,english,-5.325680136680603,11e6316ec9b71ee1430512276994e02318f29d3e8b7b9990a0eac1f1ff92787d380f5bc4375f26576cdf549c02e5211c249cfaf76973fd8a5cff7b73cd8b00a3,0.0150691173517453,0.9357308203233596,0.0412725614782834,0.0211157780034398,0.0572020177312182,0.355865478515625,4.536,11e6316ec9b71ee1430512276994e02318f29d3e8b7b9990a0eac1f1ff92787d380f5bc4375f26576cdf549c02e5211c249cfaf76973fd8a5cff7b73cd8b00a3,,,,,,,,
655,9e6707223d942aa738eb439e1d188ea972862c0ca1b345e4d4fa7c67fa8bb27957bcc175288acd2294dc57cd7daf8e7da8834e94702ed08c9ed2426e049e7972,english_griffinlim_eval_final/fake_english_griffinlim/english_fake_0655.wav,0,6.696,-5.995116233825684,6.866796016693115,0.7454279927729981,english,-5.490135550498962,9e6707223d942aa738eb439e1d188ea972862c0ca1b345e4d4fa7c67fa8bb27957bcc175288acd2294dc57cd7daf8e7da8834e94702ed08c9ed2426e049e7972,0.7454279927729981,0.5795929950191314,0.2184032011480652,0.2015407715977654,0.103598095586121,0.990020751953125,6.696,9e6707223d942aa738eb439e1d188ea972862c0ca1b345e4d4fa7c67fa8bb27957bcc175288acd2294dc57cd7daf8e7da8834e94702ed08c9ed2426e049e7972,,,,,,,,
656,1744cff9d33b70420c7e5517881e81ec4bab1ac475e3b8a679a9a6fbd46953075741df42b0c6c0b80d66dc72c01297c3cc55e5e5fc7f53e84a435bf555987863,english_griffinlim_eval_final/fake_english_griffinlim/english_fake_0656.wav,0,7.308,-6.138505935668945,7.059818267822266,0.148005607198427,english,-5.633525252342224,1744cff9d33b70420c7e5517881e81ec4bab1ac475e3b8a679a9a6fbd46953075741df42b0c6c0b80d66dc72c01297c3cc55e5e5fc7f53e84a435bf555987863,0.148005607198427,0.9099714968447458,0.0768748031849626,0.0128605574912697,0.1218109504487524,0.990020751953125,7.308,1744cff9d33b70420c7e5517881e81ec4bab1ac475e3b8a679a9a6fbd46953075741df42b0c6c0b80d66dc72c01297c3cc55e5e5fc7f53e84a435bf555987863,,,,,,,,
657,e23b6366c67dd6a08b588c479df4ea2a32a8e8109a1cc646a1316ab1f10668f441f881faf3f11c82ea44d3711d5f5a7f879a8442ae4d3ce5c99be1b94226c829,english_griffinlim_eval_final/fake_english_griffinlim/english_fake_0657.wav,0,4.752,-6.035673141479492,7.007902145385742,0.5089075890384529,english,-5.530692458152771,e23b6366c67dd6a08b588c479df4ea2a32a8e8109a1cc646a1316ab1f10668f441f881faf3f11c82ea44d3711d5f5a7f879a8442ae4d3ce5c99be1b94226c829,0.5089075890384529,0.9585694752444788,0.0358593933517716,0.005399512527142,0.1544006631541972,0.989990234375,4.752,e23b6366c67dd6a08b588c479df4ea2a32a8e8109a1cc646a1316ab1f10668f441f881faf3f11c82ea44d3711d5f5a7f879a8442ae4d3ce5c99be1b94226c829,,,,,,,,
658,b36f2e4225307f7e16b7b71c74862c0b5c57e6f285e1a9a3a3a7b03dffc931bd0e9b16d780826ea9f04ff0304d6132588b87fe6ad9ad410fe66207a8d6d7fbbb,english_griffinlim_eval_final/fake_english_griffinlim/english_fake_0658.wav,0,4.512,-5.520716667175293,6.274317741394043,0.01064900978645,english,-5.015735983848572,b36f2e4225307f7e16b7b71c74862c0b5c57e6f285e1a9a3a3a7b03dffc931bd0e9b16d780826ea9f04ff0304d6132588b87fe6ad9ad410fe66207a8d6d7fbbb,0.01064900978645,0.9227569123312024,0.0631070488070128,0.0125987349687815,0.0659926447651757,0.543609619140625,4.512,b36f2e4225307f7e16b7b71c74862c0b5c57e6f285e1a9a3a3a7b03dffc931bd0e9b16d780826ea9f04ff0304d6132588b87fe6ad9ad410fe66207a8d6d7fbbb,,,,,,,,
659,d18c467a83ec3a64ca6d5a6f371e18808b86ce70628835bf4ba503cd26b9e4bfe4dc75978f9e7a2fc1ca030ab0c00b35247979f8d8530b34ac559df8d2185713,english_griffinlim_eval_final/fake_english_griffinlim/english_fake_0659.wav,0,4.488,-5.800323009490967,6.651971817016602,0.2283045578515216,english,-5.295342326164246,d18c467a83ec3a64ca6d5a6f371e18808b86ce70628835bf4ba503cd26b9e4bfe4dc75978f9e7a2fc1ca030ab0c00b35247979f8d8530b34ac559df8d2185713,0.2283045578515216,0.5105881249367653,0.4819822548519669,0.0066827384046866,0.081394727072206,0.87774658203125,4.488,d18c467a83ec3a64ca6d5a6f371e18808b86ce70628835bf4ba503cd26b9e4bfe4dc75978f9e7a2fc1ca030ab0c00b35247979f8d8530b34ac559df8d2185713,,,,,,,,
660,26119d8875376e9919a93ab63e3b76854cdc4169cf5678a6b13b3686eb1d2fcbacd475c1ea243ba85bcfdf63102208986f87a0b92c7abd6f235e2e116df36426,english_griffinlim_eval_final/fake_english_griffinlim/english_fake_0660.wav,0,7.656,-1.4221107959747314,2.0045790672302246,0.0229016926696689,english,-0.9171301126480103,26119d8875376e9919a93ab63e3b76854cdc4169cf5678a6b13b3686eb1d2fcbacd475c1ea243ba85bcfdf63102208986f87a0b92c7abd6f235e2e116df36426,0.0229016926696689,0.8441343674127646,0.1109828881824111,0.041303732977244,0.0407742310523353,0.3287353515625,7.656,26119d8875376e9919a93ab63e3b76854cdc4169cf5678a6b13b3686eb1d2fcbacd475c1ea243ba85bcfdf63102208986f87a0b92c7abd6f235e2e116df36426,,,,,,,,
661,c49b575dbc02e42a4192bf6569e1667d1a6aff985c5088331119118b1439ed29fac846942b04523214581bc387b4a20c9bad508379c52217616dcd0509dd382b,english_griffinlim_eval_final/fake_english_griffinlim/english_fake_0661.wav,0,3.216,-3.1579012870788574,3.919081449508667,0.0317453589958059,english,-2.6529206037521362,c49b575dbc02e42a4192bf6569e1667d1a6aff985c5088331119118b1439ed29fac846942b04523214581bc387b4a20c9bad508379c52217616dcd0509dd382b,0.0317453589958059,0.8814650643327929,0.0771147317633135,0.0406052755605414,0.0864693011427631,0.70281982421875,3.216,c49b575dbc02e42a4192bf6569e1667d1a6aff985c5088331119118b1439ed29fac846942b04523214581bc387b4a20c9bad508379c52217616dcd0509dd382b,,,,,,,,
662,757beaeb3dcab1faa1135fbbebc9a4315e7a569f749fbe21a8816905a981bec0b5aa2fe402d60d902cbc2fcaadbd204e02d7a72d388b389e9d7ff3b170f879e1,english_griffinlim_eval_final/fake_english_griffinlim/english_fake_0662.wav,0,3.096,-0.6196616888046265,0.7888773083686829,0.0100968780424058,english,-0.11468100547790527,757beaeb3dcab1faa1135fbbebc9a4315e7a569f749fbe21a8816905a981bec0b5aa2fe402d60d902cbc2fcaadbd204e02d7a72d388b389e9d7ff3b170f879e1,0.0100968780424058,0.8643584329700464,0.1078626465849277,0.0253825562850641,0.048893611334827,0.373809814453125,3.096,757beaeb3dcab1faa1135fbbebc9a4315e7a569f749fbe21a8816905a981bec0b5aa2fe402d60d902cbc2fcaadbd204e02d7a72d388b389e9d7ff3b170f879e1,,,,,,,,
663,45acba30df55b96c38c068fb1dee07547cc851b367b448349d64b9bb644134a4f0a243f38f7a4944d7b161e048fe7a596617e10e154397f4c197ebdb43e7bd95,english_griffinlim_eval_final/fake_english_griffinlim/english_fake_0663.wav,0,2.424,-3.68590235710144,4.485069274902344,0.0074117011068694,english,-3.180921673774719,45acba30df55b96c38c068fb1dee07547cc851b367b448349d64b9bb644134a4f0a243f38f7a4944d7b161e048fe7a596617e10e154397f4c197ebdb43e7bd95,0.0074117011068694,0.790557195284889,0.1250499108750689,0.0772391757849598,0.0250006359869117,0.236419677734375,2.424,45acba30df55b96c38c068fb1dee07547cc851b367b448349d64b9bb644134a4f0a243f38f7a4944d7b161e048fe7a596617e10e154397f4c197ebdb43e7bd95,,,,,,,,
664,14320970ffdaea0bf00b5d57fbf9e430dde3266f0b1d4c8d44141b247cecb1ae2d71668931f5c0fced09f2467ae4beb7b82cedb30c7ef2591b712108dc155809,english_griffinlim_eval_final/fake_english_griffinlim/english_fake_0664.wav,0,3.768,-0.7070226669311523,1.013801097869873,0.2670950969462811,english,-0.20204198360443115,14320970ffdaea0bf00b5d57fbf9e430dde3266f0b1d4c8d44141b247cecb1ae2d71668931f5c0fced09f2467ae4beb7b82cedb30c7ef2591b712108dc155809,0.2670950969462811,0.6350398804112963,0.0947109364329807,0.2655821269319224,0.0324064582971649,0.214019775390625,3.768,14320970ffdaea0bf00b5d57fbf9e430dde3266f0b1d4c8d44141b247cecb1ae2d71668931f5c0fced09f2467ae4beb7b82cedb30c7ef2591b712108dc155809,,,,,,,,
665,b0293c99fd0574fed2d4c0bea56853edc44cc63edc57a2905ac282db2893094985d90b61b5964ef057dec1daa2a42924ba1e4c6dd8d9737fcd260f8270e49401,english_griffinlim_eval_final/fake_english_griffinlim/english_fake_0665.wav,0,5.52,-3.361513137817383,4.121402740478516,0.0173805508916795,english,-2.8565324544906616,b0293c99fd0574fed2d4c0bea56853edc44cc63edc57a2905ac282db2893094985d90b61b5964ef057dec1daa2a42924ba1e4c6dd8d9737fcd260f8270e49401,0.0173805508916795,0.8772302668292479,0.0691930696682706,0.0508873822821379,0.0478169115017053,0.358306884765625,5.52,b0293c99fd0574fed2d4c0bea56853edc44cc63edc57a2905ac282db2893094985d90b61b5964ef057dec1daa2a42924ba1e4c6dd8d9737fcd260f8270e49401,,,,,,,,
666,6452014fe5dfcddfe303a981068805e8209b3a7bfd27640fc32a259ad0ff15d95efdf80719b31b2d1e403c5c8ae1cf18b72ee375e836d6b892c3dc4f8672450f,english_griffinlim_eval_final/fake_english_griffinlim/english_fake_0666.wav,0,2.28,-6.129553318023682,6.918397903442383,0.0218454457274284,english,-5.6245726346969604,6452014fe5dfcddfe303a981068805e8209b3a7bfd27640fc32a259ad0ff15d95efdf80719b31b2d1e403c5c8ae1cf18b72ee375e836d6b892c3dc4f8672450f,0.0218454457274284,0.7696208204403183,0.1997464047134242,0.0291980059395434,0.0615753432774082,0.5526123046875,2.28,6452014fe5dfcddfe303a981068805e8209b3a7bfd27640fc32a259ad0ff15d95efdf80719b31b2d1e403c5c8ae1cf18b72ee375e836d6b892c3dc4f8672450f,,,,,,,,
667,d45dc874d979b91dd6188684674456ba06634ca45106be0f137a42c6a69e0dbf4d81a9a3ad456213c28cec6308b1fa31165574c99757d3d5debf38914c4a25d4,english_griffinlim_eval_final/fake_english_griffinlim/english_fake_0667.wav,0,4.2,-5.7681169509887695,6.659218788146973,0.0072468502716386,english,-5.263136267662048,d45dc874d979b91dd6188684674456ba06634ca45106be0f137a42c6a69e0dbf4d81a9a3ad456213c28cec6308b1fa31165574c99757d3d5debf38914c4a25d4,0.0072468502716386,0.904219784005106,0.0742598029322296,0.0183245073868926,0.0429298803542695,0.30975341796875,4.2,d45dc874d979b91dd6188684674456ba06634ca45106be0f137a42c6a69e0dbf4d81a9a3ad456213c28cec6308b1fa31165574c99757d3d5debf38914c4a25d4,,,,,,,,
668,e0e4d1cd7c5b678bc8918882cb0a87cddf2ed32589d5db607900f79fda5e4d390b6200c339fe7e2faef88ced7f65983583c2d47b76247732160108d47083496f,english_griffinlim_eval_final/fake_english_griffinlim/english_fake_0668.wav,0,3.336,-0.6261930465698242,1.145872950553894,0.1057819450710388,english,-0.12121236324310303,e0e4d1cd7c5b678bc8918882cb0a87cddf2ed32589d5db607900f79fda5e4d390b6200c339fe7e2faef88ced7f65983583c2d47b76247732160108d47083496f,0.1057819450710388,0.6184353105000078,0.3613522691338776,0.0177824491189567,0.0483823736656401,0.368499755859375,3.336,e0e4d1cd7c5b678bc8918882cb0a87cddf2ed32589d5db607900f79fda5e4d390b6200c339fe7e2faef88ced7f65983583c2d47b76247732160108d47083496f,0.6498745887804589,0.3058102007009984,0.0443152105185425,0.7840210848528844,14.073415055989988,0.1893097766705636,0.4806290218134177,0.6551177598233672
669,1431a7074cef726568fdee65a648aaade99ac3907b809d12dc30851364c2b16f1058cb8ad442418441d1f4b589e11747904a0d77c297ec7f0d886d1d67f3de0b,english_griffinlim_eval_final/fake_english_griffinlim/english_fake_0669.wav,0,4.272,-2.562793254852295,3.414517879486084,0.0270091780915732,english,-2.0578125715255737,1431a7074cef726568fdee65a648aaade99ac3907b809d12dc30851364c2b16f1058cb8ad442418441d1f4b589e11747904a0d77c297ec7f0d886d1d67f3de0b,0.0270091780915732,0.636151491408872,0.2715219042743462,0.0913127679736748,0.0710515003297639,0.989990234375,4.272,1431a7074cef726568fdee65a648aaade99ac3907b809d12dc30851364c2b16f1058cb8ad442418441d1f4b589e11747904a0d77c297ec7f0d886d1d67f3de0b,,,,,,,,
670,63a4e47b6d3cfd98330c334e868d3c41685834cfec2c5c38865472410ca2fe8e204cf0758be426b09c7785bddf1354610f63dd1d2ef4e4eac6e23e1455235417,english_griffinlim_eval_final/fake_english_griffinlim/english_fake_0670.wav,0,6.516,-6.18035364151001,7.078197002410889,0.0560376726097371,english,-5.675372958183289,63a4e47b6d3cfd98330c334e868d3c41685834cfec2c5c38865472410ca2fe8e204cf0758be426b09c7785bddf1354610f63dd1d2ef4e4eac6e23e1455235417,0.0560376726097371,0.8249938337520565,0.1623680923736509,0.0119389348047858,0.0890746658579236,0.813690185546875,6.516,63a4e47b6d3cfd98330c334e868d3c41685834cfec2c5c38865472410ca2fe8e204cf0758be426b09c7785bddf1354610f63dd1d2ef4e4eac6e23e1455235417,,,,,,,,
671,a2643cb681b7914ec83b421f816f7c3ddbcbec003008c8983721cd73503c4c5b52a775a74e514a873a66dbf672f71d198616b448ad67ed4a00edee91c06c368c,english_griffinlim_eval_final/fake_english_griffinlim/english_fake_0671.wav,0,3.36,-4.2970709800720215,5.13957405090332,0.0343292930797221,english,-3.7920902967453003,a2643cb681b7914ec83b421f816f7c3ddbcbec003008c8983721cd73503c4c5b52a775a74e514a873a66dbf672f71d198616b448ad67ed4a00edee91c06c368c,0.0343292930797221,0.6509477674743283,0.2958454074390841,0.051018986361881,0.0471413529481475,0.52484130859375,3.36,a2643cb681b7914ec83b421f816f7c3ddbcbec003008c8983721cd73503c4c5b52a775a74e514a873a66dbf672f71d198616b448ad67ed4a00edee91c06c368c,,,,,,,,
672,31e293a5e1d05f63b7a03727a7326cf680e5f0a22546e144d1e4e83f1bd49760a740ddc11f34c5335c2e2340d0950e52037da318e76cc076f8d7ed4d594db6f8,english_griffinlim_eval_final/fake_english_griffinlim/english_fake_0672.wav,0,2.184,-1.1326977014541626,1.534766674041748,0.127683776205039,english,-0.6277170181274414,31e293a5e1d05f63b7a03727a7326cf680e5f0a22546e144d1e4e83f1bd49760a740ddc11f34c5335c2e2340d0950e52037da318e76cc076f8d7ed4d594db6f8,0.127683776205039,0.7982509818736659,0.1200568219635634,0.0809686242383866,0.0907240136782088,0.6650390625,2.184,31e293a5e1d05f63b7a03727a7326cf680e5f0a22546e144d1e4e83f1bd49760a740ddc11f34c5335c2e2340d0950e52037da318e76cc076f8d7ed4d594db6f8,,,,,,,,
673,0e158b24aeef0c21c6864108c70ea9fae815e865916fd6fa7a4dca42ad7694d46c3aa47d22d1946623e718ab6f5cdc030f244b0362e5553f81c8f22c25082b22,english_griffinlim_eval_final/fake_english_griffinlim/english_fake_0673.wav,0,5.076,-6.043190956115723,7.005447864532471,0.1233304325485551,english,-5.5382102727890015,0e158b24aeef0c21c6864108c70ea9fae815e865916fd6fa7a4dca42ad7694d46c3aa47d22d1946623e718ab6f5cdc030f244b0362e5553f81c8f22c25082b22,0.1233304325485551,0.9495052334894776,0.0427561192237476,0.0073541041053994,0.1256382824960839,0.9342041015625,5.076,0e158b24aeef0c21c6864108c70ea9fae815e865916fd6fa7a4dca42ad7694d46c3aa47d22d1946623e718ab6f5cdc030f244b0362e5553f81c8f22c25082b22,,,,,,,,
674,2be1cc674ad3ffb015a014198634b3f07d1dd0ffc01e453f1cf522d6afe152cbd5becfb0717d728f37a1c6d3df194cf8d2f4506ef17fd2fcbc65b1c540862403,english_griffinlim_eval_final/fake_english_griffinlim/english_fake_0674.wav,0,6.072,4.689667701721191,-5.960711479187012,0.5721980020813335,english,5.194648385047913,2be1cc674ad3ffb015a014198634b3f07d1dd0ffc01e453f1cf522d6afe152cbd5becfb0717d728f37a1c6d3df194cf8d2f4506ef17fd2fcbc65b1c540862403,0.5721980020813335,0.3990114000501206,0.3085304400280245,0.2706358463206464,0.00802307989963,0.109283447265625,6.072,2be1cc674ad3ffb015a014198634b3f07d1dd0ffc01e453f1cf522d6afe152cbd5becfb0717d728f37a1c6d3df194cf8d2f4506ef17fd2fcbc65b1c540862403,,,,,,,,
675,51737fe821932a1f9e4aa7b594d2e26412a8d3b1ab7a16ed6be8f9f1938ca7ca24508451b7e29f41a92a77cf8b1f508c37f8a3097e75e0f7c4e25f5d38c29076,english_griffinlim_eval_final/fake_english_griffinlim/english_fake_0675.wav,0,5.364,-5.779813289642334,6.494401931762695,0.0180288541044844,english,-5.274832606315613,51737fe821932a1f9e4aa7b594d2e26412a8d3b1ab7a16ed6be8f9f1938ca7ca24508451b7e29f41a92a77cf8b1f508c37f8a3097e75e0f7c4e25f5d38c29076,0.0180288541044844,0.7993209540827133,0.1384409702916013,0.0594233308622162,0.0459961878078341,0.45361328125,5.364,51737fe821932a1f9e4aa7b594d2e26412a8d3b1ab7a16ed6be8f9f1938ca7ca24508451b7e29f41a92a77cf8b1f508c37f8a3097e75e0f7c4e25f5d38c29076,,,,,,,,
676,a03911872e6a1bb38ba9476bfe58d1b97e15d4fcb701bd2888fd9fd6c077fb8297fb7e315394aeb09916c1c49a90f73c3f74f1733ad26aa701dfcca7ca51b2fb,english_griffinlim_eval_final/fake_english_griffinlim/english_fake_0676.wav,0,7.752,-0.0879649668931961,0.243349552154541,0.2245387172918346,english,0.4170157164335251,a03911872e6a1bb38ba9476bfe58d1b97e15d4fcb701bd2888fd9fd6c077fb8297fb7e315394aeb09916c1c49a90f73c3f74f1733ad26aa701dfcca7ca51b2fb,0.2245387172918346,0.5784248730272374,0.2197118833292847,0.1861838083577527,0.0136417548005256,0.118927001953125,7.752,a03911872e6a1bb38ba9476bfe58d1b97e15d4fcb701bd2888fd9fd6c077fb8297fb7e315394aeb09916c1c49a90f73c3f74f1733ad26aa701dfcca7ca51b2fb,,,,,,,,
677,372293e65cdab88771e028a4351651ab2eff64438ddafc211e089247dcdccca350153465eb5409ce708081d9ad384af45d1dc57bbe030ae1a2c0edd561322fb8,english_griffinlim_eval_final/fake_english_griffinlim/english_fake_0677.wav,0,7.128,-0.15952730178833,0.0925419181585311,0.0287137724077192,english,0.3454533815383912,372293e65cdab88771e028a4351651ab2eff64438ddafc211e089247dcdccca350153465eb5409ce708081d9ad384af45d1dc57bbe030ae1a2c0edd561322fb8,0.0287137724077192,0.8631757617464314,0.0696946974139143,0.0641270418862516,0.0442734895044658,0.317291259765625,7.128,372293e65cdab88771e028a4351651ab2eff64438ddafc211e089247dcdccca350153465eb5409ce708081d9ad384af45d1dc57bbe030ae1a2c0edd561322fb8,,,,,,,,
678,b419faab633f2099c6405ff157b4d9fb5675219570f2683a4d08cbadeac4431e9d9b30dfa9b04f79aad9d8e3f75fda964809f3aa72ae9d0a4a025c59417f3dd1,english_griffinlim_eval_final/fake_english_griffinlim/english_fake_0678.wav,0,5.472,-5.707308769226074,6.641402244567871,0.0671906346499078,english,-5.202328085899353,b419faab633f2099c6405ff157b4d9fb5675219570f2683a4d08cbadeac4431e9d9b30dfa9b04f79aad9d8e3f75fda964809f3aa72ae9d0a4a025c59417f3dd1,0.0671906346499078,0.6183968637073017,0.2991603647064199,0.0784238591487409,0.0347734002307997,0.390777587890625,5.472,b419faab633f2099c6405ff157b4d9fb5675219570f2683a4d08cbadeac4431e9d9b30dfa9b04f79aad9d8e3f75fda964809f3aa72ae9d0a4a025c59417f3dd1,,,,,,,,
679,7a79ef86945a0ed5e5053d368f18efed75b430b67b8d9b56ed1c4554cf876ed1cb4929c6521da2b4deec0a6411608947dee178aad65656c62cf1f07795ae91f5,english_griffinlim_eval_final/fake_english_griffinlim/english_fake_0679.wav,0,5.76,-2.793797731399536,3.4964592456817627,0.0188474484663463,english,-2.288817048072815,7a79ef86945a0ed5e5053d368f18efed75b430b67b8d9b56ed1c4554cf876ed1cb4929c6521da2b4deec0a6411608947dee178aad65656c62cf1f07795ae91f5,0.0188474484663463,0.7795600791779859,0.1965367706821368,0.0217219684064264,0.0482518464015907,0.48333740234375,5.76,7a79ef86945a0ed5e5053d368f18efed75b430b67b8d9b56ed1c4554cf876ed1cb4929c6521da2b4deec0a6411608947dee178aad65656c62cf1f07795ae91f5,0.6805174121367165,0.2460403442861347,0.0734422435771487,0.6958191921187045,14.568317841725149,0.1535644294453953,0.3868025826421802,0.5434271608401442
680,7713d46c0fe18be2d186ebc2b8ff9d13fd8ec68ca42832381983ffe9fa05b38754cdc187f3346f8ab2b626fb74b8d475381fe5c11ebf8bcb4dffdec9aeaa60c6,english_griffinlim_eval_final/fake_english_griffinlim/english_fake_0680.wav,0,5.376,-1.49895441532135,1.7804726362228394,0.3575062495105394,english,-0.9939737319946289,7713d46c0fe18be2d186ebc2b8ff9d13fd8ec68ca42832381983ffe9fa05b38754cdc187f3346f8ab2b626fb74b8d475381fe5c11ebf8bcb4dffdec9aeaa60c6,0.3575062495105394,0.7745466915884504,0.1528709374918762,0.0721559215146301,0.117186888886724,0.95391845703125,5.376,7713d46c0fe18be2d186ebc2b8ff9d13fd8ec68ca42832381983ffe9fa05b38754cdc187f3346f8ab2b626fb74b8d475381fe5c11ebf8bcb4dffdec9aeaa60c6,,,,,,,,
681,29b8505586cd43382cd695da6b943f401104be710a5b60e814ac5fe7e06b39459cf8fe1701ca83f8154b3ccd749df7c2aef33ff23950bb1a135b1e1c393dbcf6,english_griffinlim_eval_final/fake_english_griffinlim/english_fake_0681.wav,0,5.856,-5.93933629989624,6.843128204345703,0.6209917283463399,english,-5.434355616569519,29b8505586cd43382cd695da6b943f401104be710a5b60e814ac5fe7e06b39459cf8fe1701ca83f8154b3ccd749df7c2aef33ff23950bb1a135b1e1c393dbcf6,0.6209917283463399,0.4777598300913587,0.5132318803522306,0.0087896423470515,0.1018336579363654,0.989990234375,5.856,29b8505586cd43382cd695da6b943f401104be710a5b60e814ac5fe7e06b39459cf8fe1701ca83f8154b3ccd749df7c2aef33ff23950bb1a135b1e1c393dbcf6,,,,,,,,
682,04960d53cc851eeb6d93f21a09e09ab36fe16943acb226ced1211d7250ab2f1b9a1d655c1cc03d50006e396010851ad52d4c53f49dd77b080b01c4230704c68d,english_griffinlim_eval_final/fake_english_griffinlim/english_fake_0682.wav,0,7.704,0.7471630573272705,-1.1154844760894775,0.0247424674271118,english,1.2521437406539917,04960d53cc851eeb6d93f21a09e09ab36fe16943acb226ced1211d7250ab2f1b9a1d655c1cc03d50006e396010851ad52d4c53f49dd77b080b01c4230704c68d,0.0247424674271118,0.7502072378410543,0.1728457060139719,0.0661354391842336,0.0196057852772139,0.192413330078125,7.704,04960d53cc851eeb6d93f21a09e09ab36fe16943acb226ced1211d7250ab2f1b9a1d655c1cc03d50006e396010851ad52d4c53f49dd77b080b01c4230704c68d,,,,,,,,
683,e790d1a6d652b49b74172d96fca249c1d46c38806613534de93e324492059b41bb491639158ff5b5efe117d167447b1dca743bff0b32dcfe07b12a43fb13a86e,english_griffinlim_eval_final/fake_english_griffinlim/english_fake_0683.wav,0,4.104,-5.818564414978027,6.618321418762207,0.3833170289803305,english,-5.313583731651306,e790d1a6d652b49b74172d96fca249c1d46c38806613534de93e324492059b41bb491639158ff5b5efe117d167447b1dca743bff0b32dcfe07b12a43fb13a86e,0.3833170289803305,0.7030520247618388,0.027967738160846,0.2686196179526811,0.1011707618961161,0.989990234375,4.104,e790d1a6d652b49b74172d96fca249c1d46c38806613534de93e324492059b41bb491639158ff5b5efe117d167447b1dca743bff0b32dcfe07b12a43fb13a86e,,,,,,,,
684,b576116e091d7fea2d297c83cd3f70b6d318ce0cc2b92f5c76340a3a3e07d1d58df1abec9467802cab25ca2690be3933202ed851e74c01a0ab40a12b95a05836,english_griffinlim_eval_final/fake_english_griffinlim/english_fake_0684.wav,0,3.672,-6.117030620574951,7.102499008178711,0.6522772837440992,english,-5.61204993724823,b576116e091d7fea2d297c83cd3f70b6d318ce0cc2b92f5c76340a3a3e07d1d58df1abec9467802cab25ca2690be3933202ed851e74c01a0ab40a12b95a05836,0.6522772837440992,0.886873440122466,0.084678137328551,0.0283915908294691,0.1538346527548738,0.990020751953125,3.672,b576116e091d7fea2d297c83cd3f70b6d318ce0cc2b92f5c76340a3a3e07d1d58df1abec9467802cab25ca2690be3933202ed851e74c01a0ab40a12b95a05836,,,,,,,,
685,3e0938d71630fde4362ee5a31c9395ad8875384e82037d06196c52f7885662f31df164ae98c16e0dff6d7115b542574f9d7d66e26bd89af33b38e5415e506910,english_griffinlim_eval_final/fake_english_griffinlim/english_fake_0685.wav,0,7.128,-5.934451580047607,6.803991794586182,0.0707788345308357,english,-5.429470896720886,3e0938d71630fde4362ee5a31c9395ad8875384e82037d06196c52f7885662f31df164ae98c16e0dff6d7115b542574f9d7d66e26bd89af33b38e5415e506910,0.0707788345308357,0.6557789306429486,0.3218513906898677,0.0215509413195447,0.0788839061638243,0.93048095703125,7.128,3e0938d71630fde4362ee5a31c9395ad8875384e82037d06196c52f7885662f31df164ae98c16e0dff6d7115b542574f9d7d66e26bd89af33b38e5415e506910,,,,,,,,
686,11d55937d8c1157520506db779f4c41b84b4e1e067d4e87a0e1b26e7c7ff1f75b5ac5b0be3c377161c11238f3ef4e1c426be56805c26c6adc071b54847c32ecf,english_griffinlim_eval_final/fake_english_griffinlim/english_fake_0686.wav,0,3.168,-0.7673768997192383,1.2938649654388428,0.1265359192244713,english,-0.2623962163925171,11d55937d8c1157520506db779f4c41b84b4e1e067d4e87a0e1b26e7c7ff1f75b5ac5b0be3c377161c11238f3ef4e1c426be56805c26c6adc071b54847c32ecf,0.1265359192244713,0.4931806338763853,0.4589559240699139,0.0466586773212555,0.0651175646153301,0.790374755859375,3.168,11d55937d8c1157520506db779f4c41b84b4e1e067d4e87a0e1b26e7c7ff1f75b5ac5b0be3c377161c11238f3ef4e1c426be56805c26c6adc071b54847c32ecf,,,,,,,,
687,1dff59d07c4718b02238d94f96899fe4afe8b4997ca0cb04378384177e5befc888a5a91886cd56c09e8f6647d4a4448fe8c3d1ff17038b217fee48816050a698,english_griffinlim_eval_final/fake_english_griffinlim/english_fake_0687.wav,0,7.668,-5.957451820373535,6.904018402099609,0.150466920911003,english,-5.452471137046814,1dff59d07c4718b02238d94f96899fe4afe8b4997ca0cb04378384177e5befc888a5a91886cd56c09e8f6647d4a4448fe8c3d1ff17038b217fee48816050a698,0.150466920911003,0.7877018950094297,0.2026255354787685,0.0092223493845796,0.1074944874574325,0.990020751953125,7.668,1dff59d07c4718b02238d94f96899fe4afe8b4997ca0cb04378384177e5befc888a5a91886cd56c09e8f6647d4a4448fe8c3d1ff17038b217fee48816050a698,,,,,,,,
688,3a4228fd1f7614c4550485d454331fc488ff9d71d5c363080e7ef21e1ca55230f787a622c2932fb10d2f56b3e72e0363ded620f44d41021f6a85d8b9ec25b3e7,english_griffinlim_eval_final/fake_english_griffinlim/english_fake_0688.wav,0,5.832,-5.493496417999268,6.329291343688965,0.0148426149564125,english,-4.988515734672546,3a4228fd1f7614c4550485d454331fc488ff9d71d5c363080e7ef21e1ca55230f787a622c2932fb10d2f56b3e72e0363ded620f44d41021f6a85d8b9ec25b3e7,0.0148426149564125,0.8954095794310264,0.090843549939472,0.0119154389063982,0.0562217603667091,0.44158935546875,5.832,3a4228fd1f7614c4550485d454331fc488ff9d71d5c363080e7ef21e1ca55230f787a622c2932fb10d2f56b3e72e0363ded620f44d41021f6a85d8b9ec25b3e7,,,,,,,,
689,f8df32165ae35b8fa424b6847071e038ff35b7982ec54540d43f92c2728a29d6398f895e9769645c763899932af6c9edb6947d756297f6fb6f4b3c26d07494b0,english_griffinlim_eval_final/fake_english_griffinlim/english_fake_0689.wav,0,6.84,-4.78791618347168,5.517041206359863,0.0057261704801428,english,-4.2829355001449585,f8df32165ae35b8fa424b6847071e038ff35b7982ec54540d43f92c2728a29d6398f895e9769645c763899932af6c9edb6947d756297f6fb6f4b3c26d07494b0,0.0057261704801428,0.901717040047636,0.0756671502770502,0.0207736861163768,0.0562339675644956,0.6256103515625,6.84,f8df32165ae35b8fa424b6847071e038ff35b7982ec54540d43f92c2728a29d6398f895e9769645c763899932af6c9edb6947d756297f6fb6f4b3c26d07494b0,,,,,,,,
690,65a3247e71ea8dbb7e6a66257e49e5a661f1234c087092eb7f5e82d8058775130471743bad317b082afa1a0917f5f9c3d5ea3e874c4e2730a4227913a4967bb6,english_griffinlim_eval_final/fake_english_griffinlim/english_fake_0690.wav,0,3.924,-4.410666465759277,5.229466915130615,0.0453408343950349,english,-3.905685782432556,65a3247e71ea8dbb7e6a66257e49e5a661f1234c087092eb7f5e82d8058775130471743bad317b082afa1a0917f5f9c3d5ea3e874c4e2730a4227913a4967bb6,0.0453408343950349,0.9548725341053076,0.0370182331246339,0.0076652353782467,0.1178464633417458,0.951324462890625,3.924,65a3247e71ea8dbb7e6a66257e49e5a661f1234c087092eb7f5e82d8058775130471743bad317b082afa1a0917f5f9c3d5ea3e874c4e2730a4227913a4967bb6,,,,,,,,
691,6a68c3c987eb8d47ea267684e98097bb16d195cdf898d80f57ac32a3f4d384eb6f65656f55d5555daef7152242fce7b0dfa1a58e00ffe142c282e7377acd5fd1,english_griffinlim_eval_final/fake_english_griffinlim/english_fake_0691.wav,0,5.256,-2.9543142318725586,3.6663742065429688,0.0032136497989285,english,-2.4493335485458374,6a68c3c987eb8d47ea267684e98097bb16d195cdf898d80f57ac32a3f4d384eb6f65656f55d5555daef7152242fce7b0dfa1a58e00ffe142c282e7377acd5fd1,0.0032136497989285,0.923249775745654,0.0447438870461574,0.0304445323264786,0.0604726834801661,0.699432373046875,5.256,6a68c3c987eb8d47ea267684e98097bb16d195cdf898d80f57ac32a3f4d384eb6f65656f55d5555daef7152242fce7b0dfa1a58e00ffe142c282e7377acd5fd1,,,,,,,,
692,b419faab633f2099c6405ff157b4d9fb5675219570f2683a4d08cbadeac4431e9d9b30dfa9b04f79aad9d8e3f75fda964809f3aa72ae9d0a4a025c59417f3dd1,english_griffinlim_eval_final/fake_english_griffinlim/english_fake_0692.wav,0,4.248,-0.9629520177841188,1.6576173305511477,0.0239073037798472,english,-0.45797133445739757,b419faab633f2099c6405ff157b4d9fb5675219570f2683a4d08cbadeac4431e9d9b30dfa9b04f79aad9d8e3f75fda964809f3aa72ae9d0a4a025c59417f3dd1,0.0239073037798472,0.557139386587296,0.3714926796678929,0.0674425227765198,0.0341606106974413,0.5968017578125,4.248,b419faab633f2099c6405ff157b4d9fb5675219570f2683a4d08cbadeac4431e9d9b30dfa9b04f79aad9d8e3f75fda964809f3aa72ae9d0a4a025c59417f3dd1,,,,,,,,
693,2d06c060ec8ab9b0f82ffff38e0ef76ba173bb07a21fe24397de9f7cf0a753526ac360d25a209b2a0dc2601f2cc3486eb6e5ecf0ddb5f0f5a678bd738c4a0ba8,english_griffinlim_eval_final/fake_english_griffinlim/english_fake_0693.wav,0,2.016,0.5105432868003845,-1.1738417148590088,0.0187174679386661,english,1.0155239701271057,2d06c060ec8ab9b0f82ffff38e0ef76ba173bb07a21fe24397de9f7cf0a753526ac360d25a209b2a0dc2601f2cc3486eb6e5ecf0ddb5f0f5a678bd738c4a0ba8,0.0187174679386661,0.9635636709361708,0.029522691494816,0.0059339745958632,0.0837114218010285,0.544921875,2.016,2d06c060ec8ab9b0f82ffff38e0ef76ba173bb07a21fe24397de9f7cf0a753526ac360d25a209b2a0dc2601f2cc3486eb6e5ecf0ddb5f0f5a678bd738c4a0ba8,,,,,,,,
694,7b74fcb1ded6fec41af94dd38efb6804c3c503943fd78e27cb1778c89a54ea02b434f8419937c49149515e2afc7863d1898996f827fd165c45a48473d6d99789,english_griffinlim_eval_final/fake_english_griffinlim/english_fake_0694.wav,0,6.264,-4.813462257385254,5.614933967590332,0.605464514403314,english,-4.308481574058533,7b74fcb1ded6fec41af94dd38efb6804c3c503943fd78e27cb1778c89a54ea02b434f8419937c49149515e2afc7863d1898996f827fd165c45a48473d6d99789,0.605464514403314,0.8657363304352798,0.0661820256037225,0.0676828251888834,0.1255442857972347,0.790679931640625,6.264,7b74fcb1ded6fec41af94dd38efb6804c3c503943fd78e27cb1778c89a54ea02b434f8419937c49149515e2afc7863d1898996f827fd165c45a48473d6d99789,,,,,,,,
695,c49b575dbc02e42a4192bf6569e1667d1a6aff985c5088331119118b1439ed29fac846942b04523214581bc387b4a20c9bad508379c52217616dcd0509dd382b,english_griffinlim_eval_final/fake_english_griffinlim/english_fake_0695.wav,0,2.544,-0.7916842699050903,0.9495657086372375,0.0023113569253173,english,-0.28670358657836914,c49b575dbc02e42a4192bf6569e1667d1a6aff985c5088331119118b1439ed29fac846942b04523214581bc387b4a20c9bad508379c52217616dcd0509dd382b,0.0023113569253173,0.8841446683065776,0.0777007144747746,0.0366522376596476,0.0599940374364643,0.72332763671875,2.544,c49b575dbc02e42a4192bf6569e1667d1a6aff985c5088331119118b1439ed29fac846942b04523214581bc387b4a20c9bad508379c52217616dcd0509dd382b,,,,,,,,
696,c0b583476807fc51401c6064438fc25a4a8d35703ad4c82b6e3aba4165b1b4d8e96499310ae12e59865be5cca5131ce9ae42e9973df62e522e152764929f38f2,english_griffinlim_eval_final/fake_english_griffinlim/english_fake_0696.wav,0,4.272,-0.4848945140838623,0.8500951528549194,0.0118133569961842,english,0.020086169242858887,c0b583476807fc51401c6064438fc25a4a8d35703ad4c82b6e3aba4165b1b4d8e96499310ae12e59865be5cca5131ce9ae42e9973df62e522e152764929f38f2,0.0118133569961842,0.875385856256882,0.1018862575746074,0.0215391038495049,0.0700936849412966,0.65997314453125,4.272,c0b583476807fc51401c6064438fc25a4a8d35703ad4c82b6e3aba4165b1b4d8e96499310ae12e59865be5cca5131ce9ae42e9973df62e522e152764929f38f2,,,,,,,,
697,a80be13481df881b71ccfe94687332be7cf60442b14de11ca8619cfb813fe03c9374789a36cf5aff8b50740824ac23e751ff63eebaa2acf6e988c7580b056267,english_griffinlim_eval_final/fake_english_griffinlim/english_fake_0697.wav,0,5.712,-5.930139541625977,6.87547779083252,0.0416504129189534,english,-5.425158858299255,a80be13481df881b71ccfe94687332be7cf60442b14de11ca8619cfb813fe03c9374789a36cf5aff8b50740824ac23e751ff63eebaa2acf6e988c7580b056267,0.0416504129189534,0.7406385065094787,0.2239251618584957,0.0320639364849986,0.0389396079537941,0.295684814453125,5.712,a80be13481df881b71ccfe94687332be7cf60442b14de11ca8619cfb813fe03c9374789a36cf5aff8b50740824ac23e751ff63eebaa2acf6e988c7580b056267,,,,,,,,
698,9b19e3b15e1a152fd9c2056c1a8bf0da6ec79b30b93bb8689ca4168d1d6c2d4a6cb114dfe826ea4e164e36df8e80817db01aed7d7f8f3fad4219eef539710ec8,english_griffinlim_eval_final/fake_english_griffinlim/english_fake_0698.wav,0,2.736,-3.93154501914978,4.771731376647949,0.1461965105422187,english,-3.4265643358230586,9b19e3b15e1a152fd9c2056c1a8bf0da6ec79b30b93bb8689ca4168d1d6c2d4a6cb114dfe826ea4e164e36df8e80817db01aed7d7f8f3fad4219eef539710ec8,0.1461965105422187,0.4799360519868058,0.4638228549684823,0.0527185252209926,0.035683958961527,0.368621826171875,2.736,9b19e3b15e1a152fd9c2056c1a8bf0da6ec79b30b93bb8689ca4168d1d6c2d4a6cb114dfe826ea4e164e36df8e80817db01aed7d7f8f3fad4219eef539710ec8,,,,,,,,
699,5eaa49f00193ae8a891fa69e0c5a5ddbaf415ec00f344e11d982c8ec02606e2c4af3b7d9e4dc96fc3f68a296ff841aabea06ee2177d4966adfaeb885a7031ced,english_griffinlim_eval_final/fake_english_griffinlim/english_fake_0699.wav,0,6.372,-0.9508740305900574,1.4897806644439695,0.0349269962341425,english,-0.4458933472633362,5eaa49f00193ae8a891fa69e0c5a5ddbaf415ec00f344e11d982c8ec02606e2c4af3b7d9e4dc96fc3f68a296ff841aabea06ee2177d4966adfaeb885a7031ced,0.0349269962341425,0.7550188027524617,0.1787130346631658,0.0625534948619263,0.0374812765118372,0.334808349609375,6.372,5eaa49f00193ae8a891fa69e0c5a5ddbaf415ec00f344e11d982c8ec02606e2c4af3b7d9e4dc96fc3f68a296ff841aabea06ee2177d4966adfaeb885a7031ced,0.7009908369374832,0.1884490253344818,0.1105601377280348,0.7114276503342827,14.48584506712108,0.1616852252791007,0.4070354203462158,0.5644202832451464
700,d4bab49a464a3e29d7ca09078f5bb36b22fdb901f2f30a962122e3775d8266455234d000c5731d0055275766d48a4a4112850b2d73b75d75405f03f4c78afbaf,english_griffinlim_eval_final/fake_english_griffinlim/english_fake_0700.wav,0,4.44,4.691351413726807,-5.849478244781494,0.0923542965704404,english,5.196332097053528,d4bab49a464a3e29d7ca09078f5bb36b22fdb901f2f30a962122e3775d8266455234d000c5731d0055275766d48a4a4112850b2d73b75d75405f03f4c78afbaf,0.0923542965704404,0.5771369243934944,0.2866041470095221,0.1155138874445823,0.0107486736320722,0.057891845703125,4.44,d4bab49a464a3e29d7ca09078f5bb36b22fdb901f2f30a962122e3775d8266455234d000c5731d0055275766d48a4a4112850b2d73b75d75405f03f4c78afbaf,,,,,,,,
701,085da0d2d420d3b0b54e6217dfee4ab92d8c8d412a2a3c26022043c30e8d003ff898852fdb84650f252e0584105840736e58fd5e82ba27b9161397c409a706a5,english_griffinlim_eval_final/fake_english_griffinlim/english_fake_0701.wav,0,3.888,3.012267589569092,-3.8047842979431152,0.0298968094370252,english,3.517248272895813,085da0d2d420d3b0b54e6217dfee4ab92d8c8d412a2a3c26022043c30e8d003ff898852fdb84650f252e0584105840736e58fd5e82ba27b9161397c409a706a5,0.0298968094370252,0.6809448728317465,0.1982368082354815,0.103808158017293,0.0154592183196895,0.12060546875,3.888,085da0d2d420d3b0b54e6217dfee4ab92d8c8d412a2a3c26022043c30e8d003ff898852fdb84650f252e0584105840736e58fd5e82ba27b9161397c409a706a5,,,,,,,,
702,d0b62ac1e57e267f16088ee614cdaf09a9826c3b704ce2f79746ef16e248c19f9ff54ab124c25647def1f4414dc2a510eb8b6cfd3a41ae6681571b91b2a6f9df,english_griffinlim_eval_final/fake_english_griffinlim/english_fake_0702.wav,0,2.568,1.0214049816131592,-1.2014410495758057,0.0114163191308233,english,1.5263856649398804,d0b62ac1e57e267f16088ee614cdaf09a9826c3b704ce2f79746ef16e248c19f9ff54ab124c25647def1f4414dc2a510eb8b6cfd3a41ae6681571b91b2a6f9df,0.0114163191308233,0.7425401937945664,0.1971021965919683,0.0509252255984589,0.0206312160422912,0.15838623046875,2.568,d0b62ac1e57e267f16088ee614cdaf09a9826c3b704ce2f79746ef16e248c19f9ff54ab124c25647def1f4414dc2a510eb8b6cfd3a41ae6681571b91b2a6f9df,,,,,,,,
703,4a8ca5468142b119b1ffddec7649917346593c561957a163c4d1cf605ad4386cd049335f46a303403290804a6803d7e41c166fd67773536bc4cb9937f6dac450,english_griffinlim_eval_final/fake_english_griffinlim/english_fake_0703.wav,0,2.808,3.33712100982666,-4.191540241241455,0.3679529801653134,english,3.8421016931533813,4a8ca5468142b119b1ffddec7649917346593c561957a163c4d1cf605ad4386cd049335f46a303403290804a6803d7e41c166fd67773536bc4cb9937f6dac450,0.3679529801653134,0.3727431285425167,0.3915500891988459,0.216616042198863,0.0103737912445149,0.152801513671875,2.808,4a8ca5468142b119b1ffddec7649917346593c561957a163c4d1cf605ad4386cd049335f46a303403290804a6803d7e41c166fd67773536bc4cb9937f6dac450,,,,,,,,
704,c3969c8c165071610948a68bbc433369c0e431ad5581137e47e70d8395da67d1ad5df3f344af96226705df579d6dcc399a307bb6a876ae2e3ae55676572b4213,english_griffinlim_eval_final/fake_english_griffinlim/english_fake_0704.wav,0,5.304,-5.8105878829956055,6.697646141052246,0.0241099558987784,english,-5.305607199668884,c3969c8c165071610948a68bbc433369c0e431ad5581137e47e70d8395da67d1ad5df3f344af96226705df579d6dcc399a307bb6a876ae2e3ae55676572b4213,0.0241099558987784,0.8943757726062375,0.0802090384453221,0.0236848184972858,0.0591790904894191,0.40106201171875,5.304,c3969c8c165071610948a68bbc433369c0e431ad5581137e47e70d8395da67d1ad5df3f344af96226705df579d6dcc399a307bb6a876ae2e3ae55676572b4213,,,,,,,,
705,57c1af95690cc609ae9b624378d71903486561981a9cf056cedb0c0ff39383cafb7f47f61aab8285dcb7e7690a28f45bb5fe18282bf73b8f63b7ac38bbd70cd6,english_griffinlim_eval_final/fake_english_griffinlim/english_fake_0705.wav,0,7.884,-5.345187187194824,6.165753364562988,0.0707139524403595,english,-4.840206503868103,57c1af95690cc609ae9b624378d71903486561981a9cf056cedb0c0ff39383cafb7f47f61aab8285dcb7e7690a28f45bb5fe18282bf73b8f63b7ac38bbd70cd6,0.0707139524403595,0.9690614712887594,0.0191819928224673,0.0111833710041886,0.1043775878894155,0.8033447265625,7.884,57c1af95690cc609ae9b624378d71903486561981a9cf056cedb0c0ff39383cafb7f47f61aab8285dcb7e7690a28f45bb5fe18282bf73b8f63b7ac38bbd70cd6,0.8918190969009705,0.0704493376799995,0.0377315654190301,0.7636764766487234,14.249167816593774,0.16098905364607,0.4385485799551339,0.6174073989249254
706,dc3db1a53620d85b9664bf89a66c12905ad39c9c4cd2bf52b2a9c731b0935ec25efa72329932cda761f94c235839ecdd57623571630451a40704ca86cf75b218,english_griffinlim_eval_final/fake_english_griffinlim/english_fake_0706.wav,0,6.624,-5.959849834442139,6.893957614898682,0.2922570375211045,english,-5.4548691511154175,dc3db1a53620d85b9664bf89a66c12905ad39c9c4cd2bf52b2a9c731b0935ec25efa72329932cda761f94c235839ecdd57623571630451a40704ca86cf75b218,0.2922570375211045,0.7348009129410485,0.1713286027545129,0.0934030634562723,0.1072810551141529,0.990020751953125,6.624,dc3db1a53620d85b9664bf89a66c12905ad39c9c4cd2bf52b2a9c731b0935ec25efa72329932cda761f94c235839ecdd57623571630451a40704ca86cf75b218,,,,,,,,
707,fbb452fe9306470e99a0343817b59ccfe59f4512f7d3b9de94347c1d1521c5d4d76f0566c2b593eec517eb632ed0bd8b70cfed46ffa03df1ebf774bb3dc6c7f3,english_griffinlim_eval_final/fake_english_griffinlim/english_fake_0707.wav,0,3.264,-5.644662380218506,6.531503677368164,0.1873047992450794,english,-5.139681696891785,fbb452fe9306470e99a0343817b59ccfe59f4512f7d3b9de94347c1d1521c5d4d76f0566c2b593eec517eb632ed0bd8b70cfed46ffa03df1ebf774bb3dc6c7f3,0.1873047992450794,0.6289114548761789,0.2447383306961496,0.1243751113306759,0.0522441601138041,0.408966064453125,3.264,fbb452fe9306470e99a0343817b59ccfe59f4512f7d3b9de94347c1d1521c5d4d76f0566c2b593eec517eb632ed0bd8b70cfed46ffa03df1ebf774bb3dc6c7f3,,,,,,,,
708,750c869aa08744178bfc3228faaf65539ac7037cbc8769c0db7f58c08a5873b9275b4ee7cef6237c47f44abae105a449a821a99023bf11cb7260073a0e64ebbf,english_griffinlim_eval_final/fake_english_griffinlim/english_fake_0708.wav,0,7.224,-2.510782241821289,3.2942352294921875,0.0029027158618755,english,-2.005801558494568,750c869aa08744178bfc3228faaf65539ac7037cbc8769c0db7f58c08a5873b9275b4ee7cef6237c47f44abae105a449a821a99023bf11cb7260073a0e64ebbf,0.0029027158618755,0.8976283435202973,0.0826043070212271,0.018802844037789,0.0735677081536261,0.990020751953125,7.224,750c869aa08744178bfc3228faaf65539ac7037cbc8769c0db7f58c08a5873b9275b4ee7cef6237c47f44abae105a449a821a99023bf11cb7260073a0e64ebbf,,,,,,,,
709,1534d6ca32e51550cde95ba74837dbf959471e9eef8607ee5ad785848d64fe6353dcc5007f3a6a5757ccb39b21296a7a9b2558eae9e00bf1e863a6810fc528f7,english_griffinlim_eval_final/fake_english_griffinlim/english_fake_0709.wav,0,3.12,-2.139902353286743,2.7546205520629883,0.0686855916639516,english,-1.634921669960022,1534d6ca32e51550cde95ba74837dbf959471e9eef8607ee5ad785848d64fe6353dcc5007f3a6a5757ccb39b21296a7a9b2558eae9e00bf1e863a6810fc528f7,0.0686855916639516,0.6249600175307904,0.3495613323239945,0.0237495615895622,0.0562580241941345,0.54095458984375,3.12,1534d6ca32e51550cde95ba74837dbf959471e9eef8607ee5ad785848d64fe6353dcc5007f3a6a5757ccb39b21296a7a9b2558eae9e00bf1e863a6810fc528f7,,,,,,,,
710,975a1df584466da33877be891c3201d8c2ad689747e94e011f0764a592fc78317a9cecba72eda6de9997f736df3af479df21793d639121a6064a6dd5d447bbf3,english_griffinlim_eval_final/fake_english_griffinlim/english_fake_0710.wav,0,4.464,-0.7106903791427612,1.0907273292541504,0.0032126741760931,english,-0.20570969581604004,975a1df584466da33877be891c3201d8c2ad689747e94e011f0764a592fc78317a9cecba72eda6de9997f736df3af479df21793d639121a6064a6dd5d447bbf3,0.0032126741760931,0.8459767043844965,0.126589233280636,0.0233754257452799,0.0349823477923355,0.43359375,4.464,975a1df584466da33877be891c3201d8c2ad689747e94e011f0764a592fc78317a9cecba72eda6de9997f736df3af479df21793d639121a6064a6dd5d447bbf3,,,,,,,,
711,23bfba2a8e10157be83cf6d98aaec7787db06d9c20e18e6c60f0e18096306e559f55703221e7ab14b5ded165b57e4053c67b92da270e1c978d3d684705937842,english_griffinlim_eval_final/fake_english_griffinlim/english_fake_0711.wav,0,6.72,-2.395000457763672,3.061260461807251,0.4146484618051128,english,-1.8900197744369507,23bfba2a8e10157be83cf6d98aaec7787db06d9c20e18e6c60f0e18096306e559f55703221e7ab14b5ded165b57e4053c67b92da270e1c978d3d684705937842,0.4146484618051128,0.5264902086999408,0.4341146730534073,0.038773814783829,0.0878930905383775,0.912109375,6.72,23bfba2a8e10157be83cf6d98aaec7787db06d9c20e18e6c60f0e18096306e559f55703221e7ab14b5ded165b57e4053c67b92da270e1c978d3d684705937842,,,,,,,,
712,1e0478349259a1230fbfeadfba465629f6c3e49ba48acd1cdb4070ab3666c689c6a6436e9347003a8611d7219594bc80045007a1dabd9488cde5fafe19567a38,english_griffinlim_eval_final/fake_english_griffinlim/english_fake_0712.wav,0,6.48,-5.969991683959961,6.939424514770508,0.4952736001478288,english,-5.46501100063324,1e0478349259a1230fbfeadfba465629f6c3e49ba48acd1cdb4070ab3666c689c6a6436e9347003a8611d7219594bc80045007a1dabd9488cde5fafe19567a38,0.4952736001478288,0.5440354730293528,0.0761610022945343,0.3781312226938473,0.0537723302034408,0.705535888671875,6.48,1e0478349259a1230fbfeadfba465629f6c3e49ba48acd1cdb4070ab3666c689c6a6436e9347003a8611d7219594bc80045007a1dabd9488cde5fafe19567a38,,,,,,,,
713,a1573f20b82d1823b5a8db60e86c33cc97b7f9218ef77edbb9526d7bc1d4fbfacd6c436ea0e25b86a5cb79c59593ca09407b67e2256d712f76912fc86c8a76df,english_griffinlim_eval_final/fake_english_griffinlim/english_fake_0713.wav,0,3.288,-0.8379529714584351,1.327232837677002,0.0579040167876087,english,-0.33297228813171387,a1573f20b82d1823b5a8db60e86c33cc97b7f9218ef77edbb9526d7bc1d4fbfacd6c436ea0e25b86a5cb79c59593ca09407b67e2256d712f76912fc86c8a76df,0.0579040167876087,0.9070029831162784,0.0786778216859278,0.0138814429025082,0.1173080933432833,0.96417236328125,3.288,a1573f20b82d1823b5a8db60e86c33cc97b7f9218ef77edbb9526d7bc1d4fbfacd6c436ea0e25b86a5cb79c59593ca09407b67e2256d712f76912fc86c8a76df,,,,,,,,
714,6195c07d70df174a7918edc93ba38f7b642ecd8a13837d26643e3384b1865d8d3f8dc0e52b8245e0771fb23b2ab8f780c75100a4151bea1801f4003e1f0e513c,english_griffinlim_eval_final/fake_english_griffinlim/english_fake_0714.wav,0,4.704,-5.891453742980957,6.655456066131592,0.1029709029348969,english,-5.386473059654236,6195c07d70df174a7918edc93ba38f7b642ecd8a13837d26643e3384b1865d8d3f8dc0e52b8245e0771fb23b2ab8f780c75100a4151bea1801f4003e1f0e513c,0.1029709029348969,0.8911300698979177,0.0998302283100524,0.0085391439012266,0.1073272406165417,0.79437255859375,4.704,6195c07d70df174a7918edc93ba38f7b642ecd8a13837d26643e3384b1865d8d3f8dc0e52b8245e0771fb23b2ab8f780c75100a4151bea1801f4003e1f0e513c,,,,,,,,
715,6e9b4c450717fdd08ec6418d8c33ef07595e9f15d1ca7211690fe6df6a5a1da87043c508fe2fc1929e789c066c1998d45b67bfc93df928202e760d075571e060,english_griffinlim_eval_final/fake_english_griffinlim/english_fake_0715.wav,0,5.688,-5.939826965332031,6.840813159942627,0.0042989494345237,english,-5.43484628200531,6e9b4c450717fdd08ec6418d8c33ef07595e9f15d1ca7211690fe6df6a5a1da87043c508fe2fc1929e789c066c1998d45b67bfc93df928202e760d075571e060,0.0042989494345237,0.9027005188233068,0.0857839303833562,0.0101815803072627,0.068029348951712,0.7835693359375,5.688,6e9b4c450717fdd08ec6418d8c33ef07595e9f15d1ca7211690fe6df6a5a1da87043c508fe2fc1929e789c066c1998d45b67bfc93df928202e760d075571e060,,,,,,,,
716,97b5754c2b7322d08cc69d621f60a6be00d50a86ef476e6a240529cb2dc06025626beddbcafff75d80ec8871a4b8cae6dd253dfa7009ee443b82423108973e01,english_griffinlim_eval_final/fake_english_griffinlim/english_fake_0716.wav,0,3.552,3.0402328968048096,-3.8280200958251953,0.1054952343580063,english,3.5452135801315308,97b5754c2b7322d08cc69d621f60a6be00d50a86ef476e6a240529cb2dc06025626beddbcafff75d80ec8871a4b8cae6dd253dfa7009ee443b82423108973e01,0.1054952343580063,0.5385296809722172,0.3064523754142284,0.1314796508144607,0.0082604899177031,0.045623779296875,3.552,97b5754c2b7322d08cc69d621f60a6be00d50a86ef476e6a240529cb2dc06025626beddbcafff75d80ec8871a4b8cae6dd253dfa7009ee443b82423108973e01,,,,,,,,
717,e672f807b4c044d9dfec385223da4895648cefecbfe66a9090671423ea436be38b37e3f8847c3f42d58bd574c40e3fa15174173121f48291532899279e8dfc56,english_griffinlim_eval_final/fake_english_griffinlim/english_fake_0717.wav,0,4.584,-3.042760372161865,3.992717981338501,0.0239005070246034,english,-2.5377796888351436,e672f807b4c044d9dfec385223da4895648cefecbfe66a9090671423ea436be38b37e3f8847c3f42d58bd574c40e3fa15174173121f48291532899279e8dfc56,0.0239005070246034,0.6913994239600867,0.2879694169301845,0.0193890789827259,0.0688498741190175,0.82781982421875,4.584,e672f807b4c044d9dfec385223da4895648cefecbfe66a9090671423ea436be38b37e3f8847c3f42d58bd574c40e3fa15174173121f48291532899279e8dfc56,,,,,,,,
718,f69822d775aa8b002cdbeed8ac6ae89a88a68a350a76a99c7d67eae9463236f277549a525500e4ba1873d2cc2757ca045d09b610b3c1a06f40a08ff0f8d9dd4d,english_griffinlim_eval_final/fake_english_griffinlim/english_fake_0718.wav,0,3.672,-0.5213921070098877,0.855132520198822,0.0016021288835459,english,-0.016411423683166504,f69822d775aa8b002cdbeed8ac6ae89a88a68a350a76a99c7d67eae9463236f277549a525500e4ba1873d2cc2757ca045d09b610b3c1a06f40a08ff0f8d9dd4d,0.0016021288835459,0.8571265922585095,0.0743439433759154,0.0671904728813099,0.0670421583902349,0.989990234375,3.672,f69822d775aa8b002cdbeed8ac6ae89a88a68a350a76a99c7d67eae9463236f277549a525500e4ba1873d2cc2757ca045d09b610b3c1a06f40a08ff0f8d9dd4d,,,,,,,,
719,d1813b3a39bbd5d6f35e04e8e2151930a40e56cefcc57eb71351d6cde06a360b99e6c7791989ff337b308103b8dd7f2f705c01f88506ec4146042276b5a122ce,english_griffinlim_eval_final/fake_english_griffinlim/english_fake_0719.wav,0,5.112,-2.946238279342652,3.6479837894439697,0.9643646481361768,english,-2.4412575960159306,d1813b3a39bbd5d6f35e04e8e2151930a40e56cefcc57eb71351d6cde06a360b99e6c7791989ff337b308103b8dd7f2f705c01f88506ec4146042276b5a122ce,0.9643646481361768,0.9209224379140264,0.0759906703657895,0.0029145280934157,0.1866402026466244,0.990020751953125,5.112,d1813b3a39bbd5d6f35e04e8e2151930a40e56cefcc57eb71351d6cde06a360b99e6c7791989ff337b308103b8dd7f2f705c01f88506ec4146042276b5a122ce,,,,,,,,
720,700776cf6647cf502615fc138780c544dab5a3079778a7762e7819eedc18f3d6c278a791b527efe51b60dd00f50400995f8194f0ec77ecfc4c1b781796c1b7ad,english_griffinlim_eval_final/fake_english_griffinlim/english_fake_0720.wav,0,7.236,-0.4847733974456787,0.6715772747993469,0.1116798968083715,english,0.02020728588104248,700776cf6647cf502615fc138780c544dab5a3079778a7762e7819eedc18f3d6c278a791b527efe51b60dd00f50400995f8194f0ec77ecfc4c1b781796c1b7ad,0.1116798968083715,0.6827864745013376,0.2038999082773261,0.1106479592708661,0.0437139327541618,0.4180908203125,7.236,700776cf6647cf502615fc138780c544dab5a3079778a7762e7819eedc18f3d6c278a791b527efe51b60dd00f50400995f8194f0ec77ecfc4c1b781796c1b7ad,,,,,,,,
721,95e9c85d7a593f6c5b99b8af013eeafefc7c9871b493130e50d2d3ded157dd15565df18c302e41958c194c8a45f38139c13312a407cfa14d4c2d5f4800610ed6,english_griffinlim_eval_final/fake_english_griffinlim/english_fake_0721.wav,0,4.788,-4.298556327819824,5.166731834411621,0.0010237187576441,english,-3.793575644493103,95e9c85d7a593f6c5b99b8af013eeafefc7c9871b493130e50d2d3ded157dd15565df18c302e41958c194c8a45f38139c13312a407cfa14d4c2d5f4800610ed6,0.0010237187576441,0.960681586401552,0.0287957211285733,0.0090565505628149,0.0648794791384523,0.84405517578125,4.788,95e9c85d7a593f6c5b99b8af013eeafefc7c9871b493130e50d2d3ded157dd15565df18c302e41958c194c8a45f38139c13312a407cfa14d4c2d5f4800610ed6,,,,,,,,
722,c5004727b0b0f6dfc76348ad7f0ff1484f92b9bd1e19154ecd1d893dcf26e5b2d2d56dc45c20740dd19582f8a3bcce1bf90164dc344f01c8661905f9c3c78198,english_griffinlim_eval_final/fake_english_griffinlim/english_fake_0722.wav,0,2.496,4.332455635070801,-5.45480489730835,0.0960340621936163,english,4.837436318397522,c5004727b0b0f6dfc76348ad7f0ff1484f92b9bd1e19154ecd1d893dcf26e5b2d2d56dc45c20740dd19582f8a3bcce1bf90164dc344f01c8661905f9c3c78198,0.0960340621936163,0.5268401729903743,0.3178171983768228,0.1324131641089327,0.0076183036125013,0.038299560546875,2.496,c5004727b0b0f6dfc76348ad7f0ff1484f92b9bd1e19154ecd1d893dcf26e5b2d2d56dc45c20740dd19582f8a3bcce1bf90164dc344f01c8661905f9c3c78198,,,,,,,,
723,bf607e1a7846948495e6685fb5d22aa242aff7509f5867117afa372757e21a86aa55503773f3c7f7413e2c1f2f9dcb6314b5431de4be899c01069bd8594bb918,english_griffinlim_eval_final/fake_english_griffinlim/english_fake_0723.wav,0,2.232,-5.666402816772461,6.484955310821533,0.0042944350688439,english,-5.16142213344574,bf607e1a7846948495e6685fb5d22aa242aff7509f5867117afa372757e21a86aa55503773f3c7f7413e2c1f2f9dcb6314b5431de4be899c01069bd8594bb918,0.0042944350688439,0.9206036927464064,0.0447635080409683,0.0320199486574904,0.0462582967620094,0.3624267578125,2.232,bf607e1a7846948495e6685fb5d22aa242aff7509f5867117afa372757e21a86aa55503773f3c7f7413e2c1f2f9dcb6314b5431de4be899c01069bd8594bb918,,,,,,,,
724,6517018bdcb85beec8f121be650661069d80796213593db34274c9f92b3c3914129e27786e0c3dbcfe51abf7eb647fdd44143b7883abbbdb621b3884c9240b41,english_griffinlim_eval_final/fake_english_griffinlim/english_fake_0724.wav,0,3.144,-0.4859412312507629,0.430486649274826,0.0260889732811495,english,0.019039452075958307,6517018bdcb85beec8f121be650661069d80796213593db34274c9f92b3c3914129e27786e0c3dbcfe51abf7eb647fdd44143b7883abbbdb621b3884c9240b41,0.0260889732811495,0.7665952980304312,0.2265508217109334,0.0063769023386531,0.0945902909684844,0.990020751953125,3.144,6517018bdcb85beec8f121be650661069d80796213593db34274c9f92b3c3914129e27786e0c3dbcfe51abf7eb647fdd44143b7883abbbdb621b3884c9240b41,,,,,,,,
725,261902fd23f83fff961976a161dd750896c8083c6e43fd7ea0913fe63fcd4ecb3acf6e2803cc583385eccd92760f88605cf5ffa62e91574a379fe32fe8950ae6,english_griffinlim_eval_final/fake_english_griffinlim/english_fake_0725.wav,0,3.72,-0.2863044142723083,0.4917213022708893,0.010299926729848,english,0.2186762690544129,261902fd23f83fff961976a161dd750896c8083c6e43fd7ea0913fe63fcd4ecb3acf6e2803cc583385eccd92760f88605cf5ffa62e91574a379fe32fe8950ae6,0.010299926729848,0.8575863933141143,0.0748559480180254,0.0649164364549335,0.0437434361587091,0.37164306640625,3.72,261902fd23f83fff961976a161dd750896c8083c6e43fd7ea0913fe63fcd4ecb3acf6e2803cc583385eccd92760f88605cf5ffa62e91574a379fe32fe8950ae6,0.7590808653403175,0.1681424331661497,0.0727767014935327,0.6961779277456033,14.570443834713222,0.1522942954831776,0.3854062846875635,0.5427002062916129
726,9a91a00fa1c8844d761e0bbb191f87d023185b5eaa08a6bc2f4030e7f2604c4f84ecc8725e7a47df26158f1414a2b868368eba0dca8545c3afcb74dfb6d20400,english_griffinlim_eval_final/fake_english_griffinlim/english_fake_0726.wav,0,4.824,-4.004494667053223,4.7481231689453125,0.0138350257030865,english,-3.4995139837265015,9a91a00fa1c8844d761e0bbb191f87d023185b5eaa08a6bc2f4030e7f2604c4f84ecc8725e7a47df26158f1414a2b868368eba0dca8545c3afcb74dfb6d20400,0.0138350257030865,0.9551958433213188,0.0373494923318328,0.0065588439810866,0.0809054927916966,0.661224365234375,4.824,9a91a00fa1c8844d761e0bbb191f87d023185b5eaa08a6bc2f4030e7f2604c4f84ecc8725e7a47df26158f1414a2b868368eba0dca8545c3afcb74dfb6d20400,0.883379881903746,0.084267443033527,0.0323526750627269,0.7181595461492587,14.468041465227095,0.1559170830600509,0.4112985629672043,0.5737870372203717
727,2a07754b8ff0b74f15d832d7bb1ba0ac2376df955a8e485f3382f16ab870f5cf4d922dcc5b9640063661404dbf9d9c753f572ed2dcf0acbe196064174c91ad46,english_griffinlim_eval_final/fake_english_griffinlim/english_fake_0727.wav,0,3.924,-6.020499229431152,6.953783988952637,0.0032039668163911,english,-5.515518546104431,2a07754b8ff0b74f15d832d7bb1ba0ac2376df955a8e485f3382f16ab870f5cf4d922dcc5b9640063661404dbf9d9c753f572ed2dcf0acbe196064174c91ad46,0.0032039668163911,0.957536978938775,0.0284912837758757,0.0124462807790783,0.0625575750847421,0.612030029296875,3.924,2a07754b8ff0b74f15d832d7bb1ba0ac2376df955a8e485f3382f16ab870f5cf4d922dcc5b9640063661404dbf9d9c753f572ed2dcf0acbe196064174c91ad46,,,,,,,,
728,5c02a9ca889957e43e024cb5a149bccd6a6964f4c27674cf00781c97e041b9703fd1a31a26556c13a7bb873a198531d4dbcf5ffb1f884e00f2570b782b5e3dae,english_griffinlim_eval_final/fake_english_griffinlim/english_fake_0728.wav,0,7.164,-6.003077507019043,6.957882404327393,0.0258800226558307,english,-5.498096823692322,5c02a9ca889957e43e024cb5a149bccd6a6964f4c27674cf00781c97e041b9703fd1a31a26556c13a7bb873a198531d4dbcf5ffb1f884e00f2570b782b5e3dae,0.0258800226558307,0.9857890791108848,0.0098579259255959,0.0038146642436094,0.107469556125749,0.953826904296875,7.164,5c02a9ca889957e43e024cb5a149bccd6a6964f4c27674cf00781c97e041b9703fd1a31a26556c13a7bb873a198531d4dbcf5ffb1f884e00f2570b782b5e3dae,,,,,,,,
729,bc27b1e42318f9c3b83abf8606eb98b57d5ca7221977b3be27bea4911ca7197492875b731e422436b921b5886a97f3eef1fc49fc764f2d81d9520a2cfa9b007a,english_griffinlim_eval_final/fake_english_griffinlim/english_fake_0729.wav,0,4.128,-4.359624862670898,5.24383544921875,0.0110201670241642,english,-3.8546441793441772,bc27b1e42318f9c3b83abf8606eb98b57d5ca7221977b3be27bea4911ca7197492875b731e422436b921b5886a97f3eef1fc49fc764f2d81d9520a2cfa9b007a,0.0110201670241642,0.9368560990719408,0.0470003709146327,0.0144579824898387,0.0619078574504698,0.448699951171875,4.128,bc27b1e42318f9c3b83abf8606eb98b57d5ca7221977b3be27bea4911ca7197492875b731e422436b921b5886a97f3eef1fc49fc764f2d81d9520a2cfa9b007a,,,,,,,,
730,2e50a600d8e9ea4c5d047767466ac38ef1f0c08f49197e7810c30a62f3fe5da4c06ac9719d31a89d9b8055a1ee8f3b9500da1ef5abe9c2c5e9355886d514944c,english_griffinlim_eval_final/fake_english_griffinlim/english_fake_0730.wav,0,6.432,-0.8449000716209412,1.3036980628967283,0.0047216343536846,english,-0.33991938829421997,2e50a600d8e9ea4c5d047767466ac38ef1f0c08f49197e7810c30a62f3fe5da4c06ac9719d31a89d9b8055a1ee8f3b9500da1ef5abe9c2c5e9355886d514944c,0.0047216343536846,0.8945979161038772,0.0693524722353942,0.0311036191666502,0.0325757429347503,0.33514404296875,6.432,2e50a600d8e9ea4c5d047767466ac38ef1f0c08f49197e7810c30a62f3fe5da4c06ac9719d31a89d9b8055a1ee8f3b9500da1ef5abe9c2c5e9355886d514944c,,,,,,,,
731,a97730f86fa90560ae105669364412a9ad393b32839d0151236604af188212aab60bf5168a7975fdd0a448dd3131543f5c0032e737a7164b41e9d9d85ffd6660,english_griffinlim_eval_final/fake_english_griffinlim/english_fake_0731.wav,0,6.264,-5.710511207580566,6.507827758789063,0.0037105680576246,english,-5.205530524253845,a97730f86fa90560ae105669364412a9ad393b32839d0151236604af188212aab60bf5168a7975fdd0a448dd3131543f5c0032e737a7164b41e9d9d85ffd6660,0.0037105680576246,0.9618932314263312,0.0315545041205615,0.0055044480328894,0.0770935624107905,0.85308837890625,6.264,a97730f86fa90560ae105669364412a9ad393b32839d0151236604af188212aab60bf5168a7975fdd0a448dd3131543f5c0032e737a7164b41e9d9d85ffd6660,,,,,,,,
732,30cd7a526019c81da505760e51e6708329718e2104481f22bcd2b3de33079a4adc29d59966c5fea2caa77444232f41e0de20360d68a5dc1bf20308b3a519c162,english_griffinlim_eval_final/fake_english_griffinlim/english_fake_0732.wav,0,3.144,-5.448841571807861,6.2837443351745605,0.1817204180099539,english,-4.94386088848114,30cd7a526019c81da505760e51e6708329718e2104481f22bcd2b3de33079a4adc29d59966c5fea2caa77444232f41e0de20360d68a5dc1bf20308b3a519c162,0.1817204180099539,0.6327392287914652,0.3407664793540149,0.0258831621799665,0.0935784970452874,0.87420654296875,3.144,30cd7a526019c81da505760e51e6708329718e2104481f22bcd2b3de33079a4adc29d59966c5fea2caa77444232f41e0de20360d68a5dc1bf20308b3a519c162,,,,,,,,
733,13fe2d4194885cf2a467daf7cc262b38df8bf3091d9c2d68ee3ad6ad42b0485484155c849badc52ab4b245afc1781168f9c01fd416e364138ef1d17669174cf1,english_griffinlim_eval_final/fake_english_griffinlim/english_fake_0733.wav,0,5.496,-3.4201788902282715,4.265028953552246,0.0092834482076984,english,-2.9151982069015503,13fe2d4194885cf2a467daf7cc262b38df8bf3091d9c2d68ee3ad6ad42b0485484155c849badc52ab4b245afc1781168f9c01fd416e364138ef1d17669174cf1,0.0092834482076984,0.8546925735087633,0.1223071641792107,0.0200915368201375,0.0402665605758078,0.356658935546875,5.496,13fe2d4194885cf2a467daf7cc262b38df8bf3091d9c2d68ee3ad6ad42b0485484155c849badc52ab4b245afc1781168f9c01fd416e364138ef1d17669174cf1,,,,,,,,
734,b419faab633f2099c6405ff157b4d9fb5675219570f2683a4d08cbadeac4431e9d9b30dfa9b04f79aad9d8e3f75fda964809f3aa72ae9d0a4a025c59417f3dd1,english_griffinlim_eval_final/fake_english_griffinlim/english_fake_0734.wav,0,4.272,-1.978731989860535,2.807004928588867,0.0552465932502478,english,-1.4737513065338137,b419faab633f2099c6405ff157b4d9fb5675219570f2683a4d08cbadeac4431e9d9b30dfa9b04f79aad9d8e3f75fda964809f3aa72ae9d0a4a025c59417f3dd1,0.0552465932502478,0.6324148984424304,0.2673760117568634,0.0913740530581718,0.0222369490776225,0.197601318359375,4.272,b419faab633f2099c6405ff157b4d9fb5675219570f2683a4d08cbadeac4431e9d9b30dfa9b04f79aad9d8e3f75fda964809f3aa72ae9d0a4a025c59417f3dd1,,,,,,,,
735,ef3c42676cdcbd615a267077d665aa545b0697e469f98269103d5c15d9c4f5505cbaac4fb4bfb698488368bf5afe4be5e93335a9fd0f411eedab4c7f973e3424,english_griffinlim_eval_final/fake_english_griffinlim/english_fake_0735.wav,0,3.6,-0.973821759223938,1.565171241760254,0.0155371368128618,english,-0.4688410758972168,ef3c42676cdcbd615a267077d665aa545b0697e469f98269103d5c15d9c4f5505cbaac4fb4bfb698488368bf5afe4be5e93335a9fd0f411eedab4c7f973e3424,0.0155371368128618,0.752826403004483,0.1558725189738101,0.0803045718424721,0.0185654246653071,0.1275634765625,3.6,ef3c42676cdcbd615a267077d665aa545b0697e469f98269103d5c15d9c4f5505cbaac4fb4bfb698488368bf5afe4be5e93335a9fd0f411eedab4c7f973e3424,,,,,,,,
736,e6fee26e65b516e1eb3a270be759604126f129c9b354103d5fadd5a2f8ee1547369c204d9c7b81034bfcdc986c04081a906a207e84adedb0b506f51c15dfc7c3,english_griffinlim_eval_final/fake_english_griffinlim/english_fake_0736.wav,0,3.792,-0.7246770262718201,1.143754482269287,0.038855631259908,english,-0.21969634294509888,e6fee26e65b516e1eb3a270be759604126f129c9b354103d5fadd5a2f8ee1547369c204d9c7b81034bfcdc986c04081a906a207e84adedb0b506f51c15dfc7c3,0.038855631259908,0.7051540550190422,0.2363377441030897,0.0576120913489016,0.0761988042472839,0.84246826171875,3.792,e6fee26e65b516e1eb3a270be759604126f129c9b354103d5fadd5a2f8ee1547369c204d9c7b81034bfcdc986c04081a906a207e84adedb0b506f51c15dfc7c3,,,,,,,,
737,5cb9f39b3aba7d8a2e1bd68456b76227d48449780fe5622f3efec5fa7bf431bf2c0dc630cae5e59bd4e26dc7315be32541ddab3ef4efdd875057ada76a72e00c,english_griffinlim_eval_final/fake_english_griffinlim/english_fake_0737.wav,0,5.016,-0.3985359370708465,0.5023321509361267,0.0118920754009894,english,0.10644474625587469,5cb9f39b3aba7d8a2e1bd68456b76227d48449780fe5622f3efec5fa7bf431bf2c0dc630cae5e59bd4e26dc7315be32541ddab3ef4efdd875057ada76a72e00c,0.0118920754009894,0.8255814228087978,0.1131127490087366,0.0535578712468431,0.0254983394700384,0.173492431640625,5.016,5cb9f39b3aba7d8a2e1bd68456b76227d48449780fe5622f3efec5fa7bf431bf2c0dc630cae5e59bd4e26dc7315be32541ddab3ef4efdd875057ada76a72e00c,,,,,,,,
738,c475bde33fbb581af38dffdb94023506b4b82d9e91f883915e2af55ea10660270f6a1e7fc4aa3c813f811bdd6cbd6608503a4f8d109b2070f91dca2fb59d9850,english_griffinlim_eval_final/fake_english_griffinlim/english_fake_0738.wav,0,7.968,-2.2575366497039795,3.102605104446411,0.0325692831987579,english,-1.7525559663772583,c475bde33fbb581af38dffdb94023506b4b82d9e91f883915e2af55ea10660270f6a1e7fc4aa3c813f811bdd6cbd6608503a4f8d109b2070f91dca2fb59d9850,0.0325692831987579,0.8566384469419395,0.1197642732706884,0.0213187360852477,0.0507641715882535,0.3807373046875,7.968,c475bde33fbb581af38dffdb94023506b4b82d9e91f883915e2af55ea10660270f6a1e7fc4aa3c813f811bdd6cbd6608503a4f8d109b2070f91dca2fb59d9850,,,,,,,,
739,17e4314d93594f14a6087b8588bccc4b3869e208c710bec4b00bbf10bd972e6079fceb4a7de94702d018521ed26a2696f2a3b26a993ff5322e9b284bdce53e4a,english_griffinlim_eval_final/fake_english_griffinlim/english_fake_0739.wav,0,4.32,-5.9940266609191895,6.873337745666504,0.0814812919076049,english,-5.489045977592468,17e4314d93594f14a6087b8588bccc4b3869e208c710bec4b00bbf10bd972e6079fceb4a7de94702d018521ed26a2696f2a3b26a993ff5322e9b284bdce53e4a,0.0814812919076049,0.7107859025268751,0.2765375334738726,0.0114113706294228,0.0672928312386991,0.556243896484375,4.32,17e4314d93594f14a6087b8588bccc4b3869e208c710bec4b00bbf10bd972e6079fceb4a7de94702d018521ed26a2696f2a3b26a993ff5322e9b284bdce53e4a,,,,,,,,
740,0287247ffe715e77eaf6d4470f6e91e8b3df507c28d888e5bb1c2eb1deb4cc10fa8c06753ff2a257183c21832815fa2d876567bd091ade8853ebdf5a5a383863,english_griffinlim_eval_final/fake_english_griffinlim/english_fake_0740.wav,0,5.616,-1.3846131563186646,2.1673812866210938,0.0239513218064971,english,-0.8796324729919434,0287247ffe715e77eaf6d4470f6e91e8b3df507c28d888e5bb1c2eb1deb4cc10fa8c06753ff2a257183c21832815fa2d876567bd091ade8853ebdf5a5a383863,0.0239513218064971,0.7423427966545,0.1687107067285216,0.0809411207767354,0.0242266264625513,0.222930908203125,5.616,0287247ffe715e77eaf6d4470f6e91e8b3df507c28d888e5bb1c2eb1deb4cc10fa8c06753ff2a257183c21832815fa2d876567bd091ade8853ebdf5a5a383863,,,,,,,,
741,3e359e9c55220fe9e6fe85ef75392380dfb599ff51a0aa6395303c039917f52b55a3bb4165d4486489dbaea6e1a265854547e93ac5efd1a8dcbfd8ef58356aaa,english_griffinlim_eval_final/fake_english_griffinlim/english_fake_0741.wav,0,3.78,-6.006266117095947,6.902071952819824,0.0151226465867154,english,-5.501285433769226,3e359e9c55220fe9e6fe85ef75392380dfb599ff51a0aa6395303c039917f52b55a3bb4165d4486489dbaea6e1a265854547e93ac5efd1a8dcbfd8ef58356aaa,0.0151226465867154,0.8797417196500257,0.0951959935758081,0.0239071694215318,0.0728067407694339,0.63739013671875,3.78,3e359e9c55220fe9e6fe85ef75392380dfb599ff51a0aa6395303c039917f52b55a3bb4165d4486489dbaea6e1a265854547e93ac5efd1a8dcbfd8ef58356aaa,,,,,,,,
742,0f997bb52e250c33544069a78281d9572dbb093ad65631e8ce7704904d92699ee75deade6ea95f4bc6bc6a1d725010f6718e5e864a34c8ed866e9a08c2cb9d57,english_griffinlim_eval_final/fake_english_griffinlim/english_fake_0742.wav,0,3.168,-2.6598472595214844,3.462764024734497,0.0485428511347716,english,-2.154866576194763,0f997bb52e250c33544069a78281d9572dbb093ad65631e8ce7704904d92699ee75deade6ea95f4bc6bc6a1d725010f6718e5e864a34c8ed866e9a08c2cb9d57,0.0485428511347716,0.7922029254455542,0.0751567057373229,0.1314631750883053,0.0674430674549463,0.603668212890625,3.168,0f997bb52e250c33544069a78281d9572dbb093ad65631e8ce7704904d92699ee75deade6ea95f4bc6bc6a1d725010f6718e5e864a34c8ed866e9a08c2cb9d57,,,,,,,,
743,eb5bd9827fac85124129e5f3f5c5f25eabf3fa5941df635270a4402e74c53cb62df02ce2ae418c58dd2dd53b888a36e0fc67afe37291178c626fb5f642136324,english_griffinlim_eval_final/fake_english_griffinlim/english_fake_0743.wav,0,3.216,-1.4461781978607178,2.2218246459960938,0.0041359717209124,english,-0.9411975145339966,eb5bd9827fac85124129e5f3f5c5f25eabf3fa5941df635270a4402e74c53cb62df02ce2ae418c58dd2dd53b888a36e0fc67afe37291178c626fb5f642136324,0.0041359717209124,0.8928224210725785,0.0838269327642893,0.0198682326284389,0.0385386118070763,0.324676513671875,3.216,eb5bd9827fac85124129e5f3f5c5f25eabf3fa5941df635270a4402e74c53cb62df02ce2ae418c58dd2dd53b888a36e0fc67afe37291178c626fb5f642136324,,,,,,,,
744,fdb77e50196cf7d74c2e21915bd9bc495f816adf36fb10430ff94bc329dbd3a78cd9535473ecfc8892f3c4b02c5ee4864c51bbeac2da20650b20ab3c7a363a8e,english_griffinlim_eval_final/fake_english_griffinlim/english_fake_0744.wav,0,3.132,6.3806023597717285,-8.21424388885498,0.2267789704070225,english,6.88558304309845,fdb77e50196cf7d74c2e21915bd9bc495f816adf36fb10430ff94bc329dbd3a78cd9535473ecfc8892f3c4b02c5ee4864c51bbeac2da20650b20ab3c7a363a8e,0.2267789704070225,0.4517835209235868,0.3450542274365972,0.1750812145875942,0.0053363720319734,0.02545166015625,3.132,fdb77e50196cf7d74c2e21915bd9bc495f816adf36fb10430ff94bc329dbd3a78cd9535473ecfc8892f3c4b02c5ee4864c51bbeac2da20650b20ab3c7a363a8e,,,,,,,,
745,80351aa5f3a52d0846a6831339125965224a3f1d75b5823a950635fb3edbcbf6b1935c78f0692bed8c7ded191cafb6c16aa2b03781a6f3ee5b392c20e0a74dd0,english_griffinlim_eval_final/fake_english_griffinlim/english_fake_0745.wav,0,2.496,4.224725723266602,-5.383578300476074,0.008046473871978,english,4.729706406593323,80351aa5f3a52d0846a6831339125965224a3f1d75b5823a950635fb3edbcbf6b1935c78f0692bed8c7ded191cafb6c16aa2b03781a6f3ee5b392c20e0a74dd0,0.008046473871978,0.8954222780600412,0.082761073494973,0.0203641468750215,0.0647415570280522,0.555450439453125,2.496,80351aa5f3a52d0846a6831339125965224a3f1d75b5823a950635fb3edbcbf6b1935c78f0692bed8c7ded191cafb6c16aa2b03781a6f3ee5b392c20e0a74dd0,,,,,,,,
746,2d57276f6a1da49695a689e7d1f2d4434b5b8bd47742d4883cabc1aea47c0719ce07fd5fa9e3c2b3670cc4d601d96a74a1bc7f5de878eeb0d8a9331a66da5eed,english_griffinlim_eval_final/fake_english_griffinlim/english_fake_0746.wav,0,5.076,-3.687324523925781,4.5410871505737305,0.0018651952166078,english,-3.1823438405990596,2d57276f6a1da49695a689e7d1f2d4434b5b8bd47742d4883cabc1aea47c0719ce07fd5fa9e3c2b3670cc4d601d96a74a1bc7f5de878eeb0d8a9331a66da5eed,0.0018651952166078,0.9431889540848996,0.0414434245996051,0.0130682041178789,0.0493152476237831,0.575225830078125,5.076,2d57276f6a1da49695a689e7d1f2d4434b5b8bd47742d4883cabc1aea47c0719ce07fd5fa9e3c2b3670cc4d601d96a74a1bc7f5de878eeb0d8a9331a66da5eed,,,,,,,,
747,d2e4ad0496aabd52f399d27989be23ad0be0bb0af6522d076a0176522c5a0d081e17771d62d82ff618c8c9de6ebecaf91a9d473ded4819ce3a11247093b75da6,english_griffinlim_eval_final/fake_english_griffinlim/english_fake_0747.wav,0,5.904,-5.594218254089356,6.383464813232422,0.2803923135460109,english,-5.089237570762635,d2e4ad0496aabd52f399d27989be23ad0be0bb0af6522d076a0176522c5a0d081e17771d62d82ff618c8c9de6ebecaf91a9d473ded4819ce3a11247093b75da6,0.2803923135460109,0.7312945230831678,0.2540590497933697,0.0141562040928165,0.1062529283563335,0.884490966796875,5.904,d2e4ad0496aabd52f399d27989be23ad0be0bb0af6522d076a0176522c5a0d081e17771d62d82ff618c8c9de6ebecaf91a9d473ded4819ce3a11247093b75da6,,,,,,,,
748,dd72354c03ab84af23953f82fe5108b17f2d9fbb0d5bfb4cfdcad2c42cf2d911363b69a3ea0423e0621580124c5dc183f356844a28a1ac4fc64984e94077970f,english_griffinlim_eval_final/fake_english_griffinlim/english_fake_0748.wav,0,6.48,-6.092236518859863,7.013579368591309,0.0812390931412026,english,-5.587255835533142,dd72354c03ab84af23953f82fe5108b17f2d9fbb0d5bfb4cfdcad2c42cf2d911363b69a3ea0423e0621580124c5dc183f356844a28a1ac4fc64984e94077970f,0.0812390931412026,0.9563120386707644,0.0390621022739958,0.0042467525965035,0.1220363028843161,0.990020751953125,6.48,dd72354c03ab84af23953f82fe5108b17f2d9fbb0d5bfb4cfdcad2c42cf2d911363b69a3ea0423e0621580124c5dc183f356844a28a1ac4fc64984e94077970f,,,,,,,,
749,50949c92fa5b3d84b36afa6e05451483cc8b3ce237ca92a1e0b4906792e95c0a9dc42bbf0136d8f9062ed840de61a9aa2bba111d0314ba59ebdf964594485c9a,english_griffinlim_eval_final/fake_english_griffinlim/english_fake_0749.wav,0,5.22,-2.279799222946167,3.230257511138916,0.0097910613748051,english,-1.7748185396194458,50949c92fa5b3d84b36afa6e05451483cc8b3ce237ca92a1e0b4906792e95c0a9dc42bbf0136d8f9062ed840de61a9aa2bba111d0314ba59ebdf964594485c9a,0.0097910613748051,0.9268313622263664,0.0405518217818558,0.030831033191798,0.0571785123614026,0.47100830078125,5.22,50949c92fa5b3d84b36afa6e05451483cc8b3ce237ca92a1e0b4906792e95c0a9dc42bbf0136d8f9062ed840de61a9aa2bba111d0314ba59ebdf964594485c9a,,,,,,,,
750,5495a4ec53a17d58f9e2a77d66ebb608c49dd24a382b8d273e78e0d80f7c7622688feb50c420eff5349c11ece6f147c613decb47cae6c87e7b75d132561ab949,english_griffinlim_eval_final/fake_english_griffinlim/english_fake_0750.wav,0,5.88,-1.2555989027023315,1.9363056421279907,0.0139757653658204,english,-0.7506182193756104,5495a4ec53a17d58f9e2a77d66ebb608c49dd24a382b8d273e78e0d80f7c7622688feb50c420eff5349c11ece6f147c613decb47cae6c87e7b75d132561ab949,0.0139757653658204,0.8150179183879697,0.10065857845187,0.0787370929685847,0.0298370318012586,0.281036376953125,5.88,5495a4ec53a17d58f9e2a77d66ebb608c49dd24a382b8d273e78e0d80f7c7622688feb50c420eff5349c11ece6f147c613decb47cae6c87e7b75d132561ab949,,,,,,,,
751,7963691c43c8cc498c58f117527522bf772c76c38530570bc55ef04834f67fb7a9227bd0fa1f13e64e8de1cde6594f3501e172ab86559697c08726cac26f4c6f,english_griffinlim_eval_final/fake_english_griffinlim/english_fake_0751.wav,0,6.936,-5.964852333068848,6.869651794433594,0.1963523036215409,english,-5.4598716497421265,7963691c43c8cc498c58f117527522bf772c76c38530570bc55ef04834f67fb7a9227bd0fa1f13e64e8de1cde6594f3501e172ab86559697c08726cac26f4c6f,0.1963523036215409,0.9137810330326648,0.0588306279985971,0.0269573518195036,0.1158228438055465,0.849945068359375,6.936,7963691c43c8cc498c58f117527522bf772c76c38530570bc55ef04834f67fb7a9227bd0fa1f13e64e8de1cde6594f3501e172ab86559697c08726cac26f4c6f,,,,,,,,
752,cd4e462c5f5a0edeb9d372eab00787bce22dc7fd13cc2f49d6d5f0da3285843aae8b819ed0685c9788fcedadeb4ea1ee6156d0eac7072576a72207028c4ace5e,english_griffinlim_eval_final/fake_english_griffinlim/english_fake_0752.wav,0,7.44,-5.0665283203125,5.816526412963867,0.0016831780450363,english,-4.561547636985779,cd4e462c5f5a0edeb9d372eab00787bce22dc7fd13cc2f49d6d5f0da3285843aae8b819ed0685c9788fcedadeb4ea1ee6156d0eac7072576a72207028c4ace5e,0.0016831780450363,0.81253711126367,0.1808117141549375,0.0059106674953661,0.0580588380493703,0.990020751953125,7.44,cd4e462c5f5a0edeb9d372eab00787bce22dc7fd13cc2f49d6d5f0da3285843aae8b819ed0685c9788fcedadeb4ea1ee6156d0eac7072576a72207028c4ace5e,,,,,,,,
753,70c21ca1cc3de05f3c23b11615cd7d5dd078e03cda0cd46224c802cb358d2bddc9df76042f0f15fe5c3d655d19f20193db107b130128af209e229afabf047b54,english_griffinlim_eval_final/fake_english_griffinlim/english_fake_0753.wav,0,3.192,-0.196848526597023,0.1092812716960907,0.0239330989771111,english,0.3081321567296982,70c21ca1cc3de05f3c23b11615cd7d5dd078e03cda0cd46224c802cb358d2bddc9df76042f0f15fe5c3d655d19f20193db107b130128af209e229afabf047b54,0.0239330989771111,0.658513915984754,0.2515788986434003,0.0777599820038295,0.0165285346646352,0.16143798828125,3.192,70c21ca1cc3de05f3c23b11615cd7d5dd078e03cda0cd46224c802cb358d2bddc9df76042f0f15fe5c3d655d19f20193db107b130128af209e229afabf047b54,,,,,,,,
754,1f155ce718ebead44cab02f2f161ca36f0c89c03f4421dba13526ed1ad8ccd1357dcb8d7f42db35b18e0ae133d77e9cc837c29c2e871fc597ae5318d76cdee43,english_griffinlim_eval_final/fake_english_griffinlim/english_fake_0754.wav,0,6.288,-0.363840639591217,0.7363972067832947,0.0169524937632021,english,0.1411400437355042,1f155ce718ebead44cab02f2f161ca36f0c89c03f4421dba13526ed1ad8ccd1357dcb8d7f42db35b18e0ae133d77e9cc837c29c2e871fc597ae5318d76cdee43,0.0169524937632021,0.8093334740445096,0.142401225628252,0.0415220642117652,0.0272339429442947,0.19696044921875,6.288,1f155ce718ebead44cab02f2f161ca36f0c89c03f4421dba13526ed1ad8ccd1357dcb8d7f42db35b18e0ae133d77e9cc837c29c2e871fc597ae5318d76cdee43,,,,,,,,
755,f093d3978c8bad4ab036fdc51400b95ae8ee3717ae7f89c18a61da17fd7ca7d80266e22862cc5fa7050b288cf5b7df8b0c031a1e94c620c789070c620ba5e807,english_griffinlim_eval_final/fake_english_griffinlim/english_fake_0755.wav,0,6.12,-0.620873212814331,0.8216718435287476,0.1046570330776131,english,-0.11589252948760986,f093d3978c8bad4ab036fdc51400b95ae8ee3717ae7f89c18a61da17fd7ca7d80266e22862cc5fa7050b288cf5b7df8b0c031a1e94c620c789070c620ba5e807,0.1046570330776131,0.7332357548613468,0.1174534428749864,0.1479596919618188,0.0614708079798825,0.598175048828125,6.12,f093d3978c8bad4ab036fdc51400b95ae8ee3717ae7f89c18a61da17fd7ca7d80266e22862cc5fa7050b288cf5b7df8b0c031a1e94c620c789070c620ba5e807,,,,,,,,
756,372293e65cdab88771e028a4351651ab2eff64438ddafc211e089247dcdccca350153465eb5409ce708081d9ad384af45d1dc57bbe030ae1a2c0edd561322fb8,english_griffinlim_eval_final/fake_english_griffinlim/english_fake_0756.wav,0,6.696,-5.417852401733398,6.207798957824707,0.1216451466025616,english,-4.912871718406677,372293e65cdab88771e028a4351651ab2eff64438ddafc211e089247dcdccca350153465eb5409ce708081d9ad384af45d1dc57bbe030ae1a2c0edd561322fb8,0.1216451466025616,0.940294751956284,0.0372686698998191,0.0216962987760153,0.0907521804234933,0.5379638671875,6.696,372293e65cdab88771e028a4351651ab2eff64438ddafc211e089247dcdccca350153465eb5409ce708081d9ad384af45d1dc57bbe030ae1a2c0edd561322fb8,,,,,,,,
757,10cdce246e990bae29f8547c038bc65278906935b312dfba267869b6edc3a0538a1ac13e3f58b264a9a66673d083c86ce307894c844dd85d3087784539fbe3fa,english_griffinlim_eval_final/fake_english_griffinlim/english_fake_0757.wav,0,5.544,-6.114984512329102,7.013833522796631,0.1676064550823073,english,-5.61000382900238,10cdce246e990bae29f8547c038bc65278906935b312dfba267869b6edc3a0538a1ac13e3f58b264a9a66673d083c86ce307894c844dd85d3087784539fbe3fa,0.1676064550823073,0.8913783522833487,0.0894615022193432,0.0186130102404779,0.1077054224505136,0.748931884765625,5.544,10cdce246e990bae29f8547c038bc65278906935b312dfba267869b6edc3a0538a1ac13e3f58b264a9a66673d083c86ce307894c844dd85d3087784539fbe3fa,,,,,,,,
758,00d4ca0109ca85ac39bba85d3cb32ce4912837c7e6b901722a8339a5327b0f32c6c68beb8ecdf7e8ec5face851cfe65796b9849d55e0bcd4e41cc397f8e5b133,english_griffinlim_eval_final/fake_english_griffinlim/english_fake_0758.wav,0,3.864,-1.4504765272140503,2.222870111465454,0.0092156407556224,english,-0.9454958438873291,00d4ca0109ca85ac39bba85d3cb32ce4912837c7e6b901722a8339a5327b0f32c6c68beb8ecdf7e8ec5face851cfe65796b9849d55e0bcd4e41cc397f8e5b133,0.0092156407556224,0.7929448512987646,0.1616355586071396,0.0391405908309792,0.027650104896752,0.243560791015625,3.864,00d4ca0109ca85ac39bba85d3cb32ce4912837c7e6b901722a8339a5327b0f32c6c68beb8ecdf7e8ec5face851cfe65796b9849d55e0bcd4e41cc397f8e5b133,,,,,,,,
759,87c37ac8f79802cd859b6edf1fe035bbf2d13750e27266dd30d46e58cacde54fc7bd99f472e4da9d1c5cfe017eff41c80ac8eaa1233544671eef5d86787de04f,english_griffinlim_eval_final/fake_english_griffinlim/english_fake_0759.wav,0,5.328,-5.245201110839844,6.028853893280029,0.3132645409742667,english,-4.740220427513123,87c37ac8f79802cd859b6edf1fe035bbf2d13750e27266dd30d46e58cacde54fc7bd99f472e4da9d1c5cfe017eff41c80ac8eaa1233544671eef5d86787de04f,0.3132645409742667,0.7024645797152298,0.2793709693384088,0.0177261567269558,0.1131841259782147,0.985443115234375,5.328,87c37ac8f79802cd859b6edf1fe035bbf2d13750e27266dd30d46e58cacde54fc7bd99f472e4da9d1c5cfe017eff41c80ac8eaa1233544671eef5d86787de04f,,,,,,,,
760,4b1851d1f72d011509bf7b0069da625200b055be9c84396c4077ea70256869a57bf083031617df9e1a4575d44d480c2aee0fadb3db952371ac6c43c68c50cedb,english_griffinlim_eval_final/fake_english_griffinlim/english_fake_0760.wav,0,4.584,-5.925713539123535,6.7939300537109375,0.0484015415431035,english,-5.420732855796814,4b1851d1f72d011509bf7b0069da625200b055be9c84396c4077ea70256869a57bf083031617df9e1a4575d44d480c2aee0fadb3db952371ac6c43c68c50cedb,0.0484015415431035,0.9464646917534028,0.0308436999599679,0.0220131855484387,0.0930473376252651,0.64813232421875,4.584,4b1851d1f72d011509bf7b0069da625200b055be9c84396c4077ea70256869a57bf083031617df9e1a4575d44d480c2aee0fadb3db952371ac6c43c68c50cedb,,,,,,,,
761,99675ca9d5d92277163ef9f6529c21605bd10fa97f3be72bcdbe2214ccc5eb08f7a10b0f5dd42d73262400aa22ff71bbe4adb3e1c680a17b4da0c405a5e85176,english_griffinlim_eval_final/fake_english_griffinlim/english_fake_0761.wav,0,4.968,-6.023857116699219,6.9317946434021,0.0890860589046054,english,-5.518876433372498,99675ca9d5d92277163ef9f6529c21605bd10fa97f3be72bcdbe2214ccc5eb08f7a10b0f5dd42d73262400aa22ff71bbe4adb3e1c680a17b4da0c405a5e85176,0.0890860589046054,0.8372155404776581,0.1340401061244896,0.0281163905707898,0.093570259985484,0.743621826171875,4.968,99675ca9d5d92277163ef9f6529c21605bd10fa97f3be72bcdbe2214ccc5eb08f7a10b0f5dd42d73262400aa22ff71bbe4adb3e1c680a17b4da0c405a5e85176,,,,,,,,
762,a5e66746c29d73af3c819921ba2da9d5def979742373d444c226e37abdf7a0c8db4f2ac699d327289e9d6246272b6a0b2665f3538f7c5d6b3550961dc3a4cb08,english_griffinlim_eval_final/fake_english_griffinlim/english_fake_0762.wav,0,4.5,-5.676348686218262,6.427416324615479,0.0063346079852429,english,-5.1713680028915405,a5e66746c29d73af3c819921ba2da9d5def979742373d444c226e37abdf7a0c8db4f2ac699d327289e9d6246272b6a0b2665f3538f7c5d6b3550961dc3a4cb08,0.0063346079852429,0.8933837972395653,0.0775968711160483,0.0245299513532065,0.0335798530804205,0.234222412109375,4.5,a5e66746c29d73af3c819921ba2da9d5def979742373d444c226e37abdf7a0c8db4f2ac699d327289e9d6246272b6a0b2665f3538f7c5d6b3550961dc3a4cb08,,,,,,,,
763,00309ae51fe07824676d5a3b39837b0a8927c064b7a054f3083f6f9cf7741987f8c92cb60c4c93e86a4e1be11dad46b92285584802bbe6a0fd618ca0f44b2959,english_griffinlim_eval_final/fake_english_griffinlim/english_fake_0763.wav,0,3.6,-6.104450702667236,7.031322479248047,0.026205396944866,english,-5.599470019340515,00309ae51fe07824676d5a3b39837b0a8927c064b7a054f3083f6f9cf7741987f8c92cb60c4c93e86a4e1be11dad46b92285584802bbe6a0fd618ca0f44b2959,0.026205396944866,0.8966654530529711,0.0895019322089068,0.0129071796516359,0.081515362604361,0.625457763671875,3.6,00309ae51fe07824676d5a3b39837b0a8927c064b7a054f3083f6f9cf7741987f8c92cb60c4c93e86a4e1be11dad46b92285584802bbe6a0fd618ca0f44b2959,,,,,,,,
764,8ee4523d092dea7faa7ad7118b6836a92c11349ce608bff9e294af2e26118f189e4033f458ddfb2b8b145b5cfd5e5e30a7fbe1fa6f2ef374c4a2479f49172c1a,english_griffinlim_eval_final/fake_english_griffinlim/english_fake_0764.wav,0,7.128,-5.433487892150879,6.304387092590332,0.0125434120074892,english,-4.928507208824158,8ee4523d092dea7faa7ad7118b6836a92c11349ce608bff9e294af2e26118f189e4033f458ddfb2b8b145b5cfd5e5e30a7fbe1fa6f2ef374c4a2479f49172c1a,0.0125434120074892,0.9352927638265542,0.0413643230645015,0.0200845643485734,0.0428604221020795,0.27117919921875,7.128,8ee4523d092dea7faa7ad7118b6836a92c11349ce608bff9e294af2e26118f189e4033f458ddfb2b8b145b5cfd5e5e30a7fbe1fa6f2ef374c4a2479f49172c1a,,,,,,,,
765,7963691c43c8cc498c58f117527522bf772c76c38530570bc55ef04834f67fb7a9227bd0fa1f13e64e8de1cde6594f3501e172ab86559697c08726cac26f4c6f,english_griffinlim_eval_final/fake_english_griffinlim/english_fake_0765.wav,0,5.256,-5.9223175048828125,6.868993282318115,0.0191321487418027,english,-5.417336821556091,7963691c43c8cc498c58f117527522bf772c76c38530570bc55ef04834f67fb7a9227bd0fa1f13e64e8de1cde6594f3501e172ab86559697c08726cac26f4c6f,0.0191321487418027,0.8771237660553657,0.0878591463332021,0.0321051163409908,0.0427356896720335,0.24456787109375,5.256,7963691c43c8cc498c58f117527522bf772c76c38530570bc55ef04834f67fb7a9227bd0fa1f13e64e8de1cde6594f3501e172ab86559697c08726cac26f4c6f,,,,,,,,
766,ddba4ff63f85cf8639b254095363ee175eda05b7ae044292278baf09be69e01a30fca4af182ab40c38565f69ef2880694d8c2454560a274fe94be9f2b3ede4be,english_griffinlim_eval_final/fake_english_griffinlim/english_fake_0766.wav,0,6.768,-0.442793607711792,0.7488055229187012,0.7871330919324774,english,0.0621870756149292,ddba4ff63f85cf8639b254095363ee175eda05b7ae044292278baf09be69e01a30fca4af182ab40c38565f69ef2880694d8c2454560a274fe94be9f2b3ede4be,0.7871330919324774,0.2128303595191287,0.7018157235765424,0.0787585684940729,0.0235848608335649,0.296173095703125,6.768,ddba4ff63f85cf8639b254095363ee175eda05b7ae044292278baf09be69e01a30fca4af182ab40c38565f69ef2880694d8c2454560a274fe94be9f2b3ede4be,,,,,,,,
767,29b8505586cd43382cd695da6b943f401104be710a5b60e814ac5fe7e06b39459cf8fe1701ca83f8154b3ccd749df7c2aef33ff23950bb1a135b1e1c393dbcf6,english_griffinlim_eval_final/fake_english_griffinlim/english_fake_0767.wav,0,6.312,-5.920631408691406,6.770303249359131,0.2761662670647167,english,-5.415650725364685,29b8505586cd43382cd695da6b943f401104be710a5b60e814ac5fe7e06b39459cf8fe1701ca83f8154b3ccd749df7c2aef33ff23950bb1a135b1e1c393dbcf6,0.2761662670647167,0.8159263364991329,0.1791253816432943,0.0047598001071624,0.1230336022688973,0.990020751953125,6.312,29b8505586cd43382cd695da6b943f401104be710a5b60e814ac5fe7e06b39459cf8fe1701ca83f8154b3ccd749df7c2aef33ff23950bb1a135b1e1c393dbcf6,,,,,,,,
768,bafb31f40d7dd60848b3342d29d6d1db7744e62ab7997c34c1636bb530f83c85e859b6ac658a02fdc849169338cacf4d028c05725e9fb8f6b064cd5a9019e4bc,english_griffinlim_eval_final/fake_english_griffinlim/english_fake_0768.wav,0,7.464,-0.9147031903266908,1.5800937414169312,0.0162883218574843,english,-0.4097225069999696,bafb31f40d7dd60848b3342d29d6d1db7744e62ab7997c34c1636bb530f83c85e859b6ac658a02fdc849169338cacf4d028c05725e9fb8f6b064cd5a9019e4bc,0.0162883218574843,0.8888432923323942,0.0878115760562865,0.0210770524595007,0.0511889281266052,0.430633544921875,7.464,bafb31f40d7dd60848b3342d29d6d1db7744e62ab7997c34c1636bb530f83c85e859b6ac658a02fdc849169338cacf4d028c05725e9fb8f6b064cd5a9019e4bc,,,,,,,,
769,4acb5d34eb7041591652c837bab4162e8b6bfb9aa8e65aa052a7e1eeee4597b7fe36eddfa47f3f20e411ee31e0076c7b63c2aa8ba92bbe163c79dcb5d8311395,english_griffinlim_eval_final/fake_english_griffinlim/english_fake_0769.wav,0,5.496,-6.0272321701049805,6.953861236572266,0.1148296210941976,english,-5.522251486778259,4acb5d34eb7041591652c837bab4162e8b6bfb9aa8e65aa052a7e1eeee4597b7fe36eddfa47f3f20e411ee31e0076c7b63c2aa8ba92bbe163c79dcb5d8311395,0.1148296210941976,0.8390267820147796,0.1473462729144109,0.0130844795502797,0.1058782401697427,0.8680419921875,5.496,4acb5d34eb7041591652c837bab4162e8b6bfb9aa8e65aa052a7e1eeee4597b7fe36eddfa47f3f20e411ee31e0076c7b63c2aa8ba92bbe163c79dcb5d8311395,,,,,,,,
770,15bea30589e107ba836c75690a0c461966b2a35e5a730beec446199ada08a7818096b936c7a4cbe828eb459a72a11c1745ee7eb534dbe5543508318dc048f256,english_griffinlim_eval_final/fake_english_griffinlim/english_fake_0770.wav,0,5.664,-1.2263166904449463,1.873417973518372,0.0051024804862156,english,-0.7213360071182251,15bea30589e107ba836c75690a0c461966b2a35e5a730beec446199ada08a7818096b936c7a4cbe828eb459a72a11c1745ee7eb534dbe5543508318dc048f256,0.0051024804862156,0.9134264260382028,0.0611290367886242,0.022905787703008,0.0479726290498442,0.47412109375,5.664,15bea30589e107ba836c75690a0c461966b2a35e5a730beec446199ada08a7818096b936c7a4cbe828eb459a72a11c1745ee7eb534dbe5543508318dc048f256,,,,,,,,
771,c5a4a7402862496056f2631e1189778239983349048f433580cde4e4c3e531f80d3a2b21cae404209d86a908fc3e1131e1bfdc3642498e1e051214d39b65b7ea,english_griffinlim_eval_final/fake_english_griffinlim/english_fake_0771.wav,0,4.344,-4.338344573974609,5.232516288757324,0.0025954943967915,english,-3.833363890647888,c5a4a7402862496056f2631e1189778239983349048f433580cde4e4c3e531f80d3a2b21cae404209d86a908fc3e1131e1bfdc3642498e1e051214d39b65b7ea,0.0025954943967915,0.8719147248823252,0.0830569004072026,0.0420762256477125,0.0427233474237328,0.549713134765625,4.344,c5a4a7402862496056f2631e1189778239983349048f433580cde4e4c3e531f80d3a2b21cae404209d86a908fc3e1131e1bfdc3642498e1e051214d39b65b7ea,,,,,,,,
772,0a418a5678721353da80d2ca2abb89df1cf6da912135762ff0b046ee50725ade5564d71329e2bac85ce57069b17818d51b24b7db84f0440758860882d5af9c48,english_griffinlim_eval_final/fake_english_griffinlim/english_fake_0772.wav,0,2.616,-2.964384794235229,3.828867912292481,0.3591807857164967,english,-2.459404110908508,0a418a5678721353da80d2ca2abb89df1cf6da912135762ff0b046ee50725ade5564d71329e2bac85ce57069b17818d51b24b7db84f0440758860882d5af9c48,0.3591807857164967,0.341878342409306,0.6486336245881723,0.008637516866929,0.0722480810946744,0.856842041015625,2.616,0a418a5678721353da80d2ca2abb89df1cf6da912135762ff0b046ee50725ade5564d71329e2bac85ce57069b17818d51b24b7db84f0440758860882d5af9c48,0.4401142078267618,0.5056266062531977,0.0542591859200405,0.7788851842804141,14.111989602728292,0.1832083368055792,0.4753807666113233,0.6506239683244168
773,a008c2bbab02a3b00e5d284f1750dcda96802a8b7ddd5946fd672caae31ab48bf586944a29c675b7c44aaa14fc3b9bb3f4820c177cc7db550f9acf1b524e9bca,english_griffinlim_eval_final/fake_english_griffinlim/english_fake_0773.wav,0,5.712,-5.624799728393555,6.448600769042969,0.1636139265781723,english,-5.1198190450668335,a008c2bbab02a3b00e5d284f1750dcda96802a8b7ddd5946fd672caae31ab48bf586944a29c675b7c44aaa14fc3b9bb3f4820c177cc7db550f9acf1b524e9bca,0.1636139265781723,0.6941884072734739,0.2492230310734312,0.0562410899423331,0.099092115334613,0.990020751953125,5.712,a008c2bbab02a3b00e5d284f1750dcda96802a8b7ddd5946fd672caae31ab48bf586944a29c675b7c44aaa14fc3b9bb3f4820c177cc7db550f9acf1b524e9bca,,,,,,,,
774,7c0d14e3385e52014f26ffdf47a2a747199f91c1f6f92cf887691df9c12f177fbd8695b112f174e3c20840cdb702e8ba708cbfe1e0959e046233193a977c3c86,english_griffinlim_eval_final/fake_english_griffinlim/english_fake_0774.wav,0,4.968,-5.700389862060547,6.471302032470703,0.1294972629082631,english,-5.195409178733826,7c0d14e3385e52014f26ffdf47a2a747199f91c1f6f92cf887691df9c12f177fbd8695b112f174e3c20840cdb702e8ba708cbfe1e0959e046233193a977c3c86,0.1294972629082631,0.8751284168688929,0.1024886487170393,0.021946818739967,0.1098737069271366,0.83660888671875,4.968,7c0d14e3385e52014f26ffdf47a2a747199f91c1f6f92cf887691df9c12f177fbd8695b112f174e3c20840cdb702e8ba708cbfe1e0959e046233193a977c3c86,,,,,,,,
775,3f8c120d55b1e8fd45b4588a8e981e61040eda6923828a5f483f704ba201e745359478b3ea8d80b5c0d1798ba948d7de3a80d65f5e1a7f53ebf1a8143ab0d0eb,english_griffinlim_eval_final/fake_english_griffinlim/english_fake_0775.wav,0,6.912,-6.059793949127197,7.017104148864746,0.0078298808175344,english,-5.554813265800476,3f8c120d55b1e8fd45b4588a8e981e61040eda6923828a5f483f704ba201e745359478b3ea8d80b5c0d1798ba948d7de3a80d65f5e1a7f53ebf1a8143ab0d0eb,0.0078298808175344,0.9187628294518608,0.068563605636637,0.0111183685309707,0.0625097760970288,0.62841796875,6.912,3f8c120d55b1e8fd45b4588a8e981e61040eda6923828a5f483f704ba201e745359478b3ea8d80b5c0d1798ba948d7de3a80d65f5e1a7f53ebf1a8143ab0d0eb,,,,,,,,
776,90f0090f855642dcd580e4b7dbea8b8d79973e7919247ce03a928d5ec52c2d329398f933e41d857102928d06fff3f10ceb6a0aa2c0871c91a6668b9edcc1989c,english_griffinlim_eval_final/fake_english_griffinlim/english_fake_0776.wav,0,7.416,-5.235479831695557,6.109381675720215,0.0204327758155279,english,-4.7304991483688354,90f0090f855642dcd580e4b7dbea8b8d79973e7919247ce03a928d5ec52c2d329398f933e41d857102928d06fff3f10ceb6a0aa2c0871c91a6668b9edcc1989c,0.0204327758155279,0.9441837964229496,0.0302957311501188,0.0247423085510018,0.0866595692877948,0.800140380859375,7.416,90f0090f855642dcd580e4b7dbea8b8d79973e7919247ce03a928d5ec52c2d329398f933e41d857102928d06fff3f10ceb6a0aa2c0871c91a6668b9edcc1989c,,,,,,,,
777,444d0fa7d140a61fbb031de7af88504ded7c0998fa41e015ce8afdbbf6f7e91c03cd2b9a14b7cf50cc1b270d59f1b76cbe4618b10a3a6e09f90280124cbd1655,english_griffinlim_eval_final/fake_english_griffinlim/english_fake_0777.wav,0,4.7020625,-0.6252586841583252,1.1682405471801758,0.0825945842759802,english,-0.120278000831604,444d0fa7d140a61fbb031de7af88504ded7c0998fa41e015ce8afdbbf6f7e91c03cd2b9a14b7cf50cc1b270d59f1b76cbe4618b10a3a6e09f90280124cbd1655,0.0825945842759802,0.6015205698424426,0.2551807070270667,0.1269783267316205,0.013587690988526,0.102813720703125,4.7020625,444d0fa7d140a61fbb031de7af88504ded7c0998fa41e015ce8afdbbf6f7e91c03cd2b9a14b7cf50cc1b270d59f1b76cbe4618b10a3a6e09f90280124cbd1655,0.5771091387255289,0.2717078158961009,0.1511830453783703,0.7157045717557515,14.39799225356494,0.185624962545989,0.4224031382085892,0.5738718935317897
778,06eb40ac579f42807bcff6b5422646c4851d2425c4e2023feef5543bd6ea1c89089a78a04c49a14dd56a9905f2a7674e34affb7b662153c58a068794a14b9262,english_griffinlim_eval_final/fake_english_griffinlim/english_fake_0778.wav,0,3.144,-4.271562099456787,5.000229358673096,0.0043872875872621,english,-3.766581416130066,06eb40ac579f42807bcff6b5422646c4851d2425c4e2023feef5543bd6ea1c89089a78a04c49a14dd56a9905f2a7674e34affb7b662153c58a068794a14b9262,0.0043872875872621,0.8107060609712169,0.1824923592877702,0.0058488817768115,0.0791149813443985,0.990020751953125,3.144,06eb40ac579f42807bcff6b5422646c4851d2425c4e2023feef5543bd6ea1c89089a78a04c49a14dd56a9905f2a7674e34affb7b662153c58a068794a14b9262,,,,,,,,
779,da2174735363e215289319616b36fc7c5957925c2579d479d6c57a015c249fdcac0defeae261fa313dc05de5e11296bf947576e4e434898a61e99afdcadc977d,english_griffinlim_eval_final/fake_english_griffinlim/english_fake_0779.wav,0,6.432,1.379930853843689,-1.9377144575119016,0.1122087622898656,english,1.8849115371704102,da2174735363e215289319616b36fc7c5957925c2579d479d6c57a015c249fdcac0defeae261fa313dc05de5e11296bf947576e4e434898a61e99afdcadc977d,0.1122087622898656,0.6390749474080432,0.2144071208925122,0.1331832746404157,0.0172584963108658,0.107452392578125,6.432,da2174735363e215289319616b36fc7c5957925c2579d479d6c57a015c249fdcac0defeae261fa313dc05de5e11296bf947576e4e434898a61e99afdcadc977d,,,,,,,,
780,ba370fa0682c4a54b45c42b321b98accc7e07396f54a5b1fdd41095e7be86e0830481f720c9569f6635ded3d9815c453b269bd1a7de379b14f8aa0ba4fca86b8,english_griffinlim_eval_final/fake_english_griffinlim/english_fake_0780.wav,0,2.88,5.084335803985596,-6.518666744232178,0.0968213225511877,english,5.589316487312317,ba370fa0682c4a54b45c42b321b98accc7e07396f54a5b1fdd41095e7be86e0830481f720c9569f6635ded3d9815c453b269bd1a7de379b14f8aa0ba4fca86b8,0.0968213225511877,0.5293840038773137,0.3184417963634809,0.1291292655558763,0.0086150026514288,0.0557861328125,2.88,ba370fa0682c4a54b45c42b321b98accc7e07396f54a5b1fdd41095e7be86e0830481f720c9569f6635ded3d9815c453b269bd1a7de379b14f8aa0ba4fca86b8,,,,,,,,
781,4a5ddd91386f5c8c1841e5cbb7ee661e105d02ab64d2060f9bf170e30af4c0cc2f2ef0bab7bb4bf68a1384692cd2b80f3cc5c54fd7b87c8c35ca01c0e27177b4,english_griffinlim_eval_final/fake_english_griffinlim/english_fake_0781.wav,0,7.272,-0.3219026029109955,0.8100340962409973,0.016320398665487,english,0.1830780804157257,4a5ddd91386f5c8c1841e5cbb7ee661e105d02ab64d2060f9bf170e30af4c0cc2f2ef0bab7bb4bf68a1384692cd2b80f3cc5c54fd7b87c8c35ca01c0e27177b4,0.016320398665487,0.8018433694186268,0.1373825266466301,0.0515652710716474,0.0228012558838382,0.194183349609375,7.272,4a5ddd91386f5c8c1841e5cbb7ee661e105d02ab64d2060f9bf170e30af4c0cc2f2ef0bab7bb4bf68a1384692cd2b80f3cc5c54fd7b87c8c35ca01c0e27177b4,,,,,,,,
782,b15afb2e48dfae2b0ab41a1438127545dc8a674a77c00454a5af7375916d4b259113180dd5a41012dff51cf00b1ce09f2d2957278e105d3091ae1522ce487503,english_griffinlim_eval_final/fake_english_griffinlim/english_fake_0782.wav,0,7.668,-2.135582447052002,2.9360625743865967,0.0073943054020346,english,-1.6306017637252808,b15afb2e48dfae2b0ab41a1438127545dc8a674a77c00454a5af7375916d4b259113180dd5a41012dff51cf00b1ce09f2d2957278e105d3091ae1522ce487503,0.0073943054020346,0.6016197249925244,0.3856636340484394,0.0107738632514968,0.0500974235839072,0.990020751953125,7.668,b15afb2e48dfae2b0ab41a1438127545dc8a674a77c00454a5af7375916d4b259113180dd5a41012dff51cf00b1ce09f2d2957278e105d3091ae1522ce487503,0.6183250570832659,0.326047073833033,0.0556278690837011,0.7229032211692037,14.467063987402462,0.1486606363860908,0.4014797704870871,0.5705439546076223
783,1e3693d113e759b546de3c5d9f8e883eafcaa93953e37878cb16dbf6621f45195b6b057f171d787758a3da1d86619192eeea36064f6d12d98dc473b63c69f4c3,english_griffinlim_eval_final/fake_english_griffinlim/english_fake_0783.wav,0,4.716,-4.475909233093262,5.351507663726807,0.308669713068431,english,-3.9709285497665405,1e3693d113e759b546de3c5d9f8e883eafcaa93953e37878cb16dbf6621f45195b6b057f171d787758a3da1d86619192eeea36064f6d12d98dc473b63c69f4c3,0.308669713068431,0.5269797669789417,0.4565390743807705,0.0157335986731146,0.0833957216205623,0.831695556640625,4.716,1e3693d113e759b546de3c5d9f8e883eafcaa93953e37878cb16dbf6621f45195b6b057f171d787758a3da1d86619192eeea36064f6d12d98dc473b63c69f4c3,,,,,,,,
784,0f705f5d06ffe231b773c6e24f70b60fbacba33f80ff4bd0e2fbadcb8707f2bf28f25302a93e5221af60e510530971371500a4328a6f24f08788ba42a1a1d562,english_griffinlim_eval_final/fake_english_griffinlim/english_fake_0784.wav,0,6.648,-6.040643692016602,6.95969295501709,0.9716983946835032,english,-5.53566300868988,0f705f5d06ffe231b773c6e24f70b60fbacba33f80ff4bd0e2fbadcb8707f2bf28f25302a93e5221af60e510530971371500a4328a6f24f08788ba42a1a1d562,0.9716983946835032,0.8633264266790966,0.118640561924471,0.0178632875024171,0.177973989979566,0.989990234375,6.648,0f705f5d06ffe231b773c6e24f70b60fbacba33f80ff4bd0e2fbadcb8707f2bf28f25302a93e5221af60e510530971371500a4328a6f24f08788ba42a1a1d562,,,,,,,,
785,f5535d8894fde26e853f611107d08112c9da78bdd2ac2d40c52e9cc8052ba06d695952912945855e0c345aa01c51b23ca16d7b8f3e72424c4545f72790fc9546,english_griffinlim_eval_final/fake_english_griffinlim/english_fake_0785.wav,0,3.024,-0.4211562275886535,0.711074709892273,0.0383588073772127,english,0.08382445573806768,f5535d8894fde26e853f611107d08112c9da78bdd2ac2d40c52e9cc8052ba06d695952912945855e0c345aa01c51b23ca16d7b8f3e72424c4545f72790fc9546,0.0383588073772127,0.6400996569685778,0.234359746917609,0.107353216593583,0.0118772915600503,0.06890869140625,3.024,f5535d8894fde26e853f611107d08112c9da78bdd2ac2d40c52e9cc8052ba06d695952912945855e0c345aa01c51b23ca16d7b8f3e72424c4545f72790fc9546,,,,,,,,
786,5f047713c8bdb300204b259abe32d12fcf660d9a2cc190b3bb5520d11149e42fa014dd345e5a363027c7e44c54b2855883d1e39562744ed33a43d38d935a0832,english_griffinlim_eval_final/fake_english_griffinlim/english_fake_0786.wav,0,2.64,-2.680258750915528,3.53004789352417,0.1892939553970569,english,-2.1752780675888066,5f047713c8bdb300204b259abe32d12fcf660d9a2cc190b3bb5520d11149e42fa014dd345e5a363027c7e44c54b2855883d1e39562744ed33a43d38d935a0832,0.1892939553970569,0.5152103734654315,0.2071913094264832,0.2649712385173694,0.0155490136208686,0.19451904296875,2.64,5f047713c8bdb300204b259abe32d12fcf660d9a2cc190b3bb5520d11149e42fa014dd345e5a363027c7e44c54b2855883d1e39562744ed33a43d38d935a0832,,,,,,,,
787,e8d772630f10e6721312f6829daf7b0e66dbd0cf9ea7d09973d2cac3047add71b521fa583db54c92c0a6cfb3a1e65ce513f1cdd22dc053bce048bc66e586b248,english_griffinlim_eval_final/fake_english_griffinlim/english_fake_0787.wav,0,5.976,-5.833492279052734,6.713779449462891,0.0337116622131657,english,-5.328511595726013,e8d772630f10e6721312f6829daf7b0e66dbd0cf9ea7d09973d2cac3047add71b521fa583db54c92c0a6cfb3a1e65ce513f1cdd22dc053bce048bc66e586b248,0.0337116622131657,0.7958974455627406,0.1721324955475437,0.031022751123018,0.0762186821453364,0.76751708984375,5.976,e8d772630f10e6721312f6829daf7b0e66dbd0cf9ea7d09973d2cac3047add71b521fa583db54c92c0a6cfb3a1e65ce513f1cdd22dc053bce048bc66e586b248,,,,,,,,
788,a05406a5eba158bcb40734bd3ad652d38bdd7e8514c35a5e2111831e56084fb06df244b9dadd705142185c2fb74a0aa1e3429632930935e7809639f677105f61,english_griffinlim_eval_final/fake_english_griffinlim/english_fake_0788.wav,0,4.32,-0.340319812297821,0.5861100554466248,0.0582832517602507,english,0.1646608710289002,a05406a5eba158bcb40734bd3ad652d38bdd7e8514c35a5e2111831e56084fb06df244b9dadd705142185c2fb74a0aa1e3429632930935e7809639f677105f61,0.0582832517602507,0.5777640386564463,0.378626389212655,0.0411122525310489,0.0451015054422307,0.545867919921875,4.32,a05406a5eba158bcb40734bd3ad652d38bdd7e8514c35a5e2111831e56084fb06df244b9dadd705142185c2fb74a0aa1e3429632930935e7809639f677105f61,,,,,,,,
789,7901622282b4a34e1b1367e79c8435281595ba66942f5bcd6a63be9d03f1853b9a78cfe7751b28d704b0b71ef0622d4f2286b307c4c4232841726caa7d102f03,english_griffinlim_eval_final/fake_english_griffinlim/english_fake_0789.wav,0,5.76,-4.232038497924805,5.071531772613525,0.0211725415121734,english,-3.7270578145980835,7901622282b4a34e1b1367e79c8435281595ba66942f5bcd6a63be9d03f1853b9a78cfe7751b28d704b0b71ef0622d4f2286b307c4c4232841726caa7d102f03,0.0211725415121734,0.6759350711154667,0.3024679988713685,0.0198444617499569,0.0568566394065052,0.74505615234375,5.76,7901622282b4a34e1b1367e79c8435281595ba66942f5bcd6a63be9d03f1853b9a78cfe7751b28d704b0b71ef0622d4f2286b307c4c4232841726caa7d102f03,,,,,,,,
790,a1960f07d823fcb9e8eccca859b92483011823383ed30bf4493ba24237cf283f0d0ab396f9094d310e825006f8480f0bd0cd5bd867bcabc45acce93a3a8325a2,english_griffinlim_eval_final/fake_english_griffinlim/english_fake_0790.wav,0,5.508,-6.089513778686523,7.143331527709961,0.1593016450851554,english,-5.584533095359802,a1960f07d823fcb9e8eccca859b92483011823383ed30bf4493ba24237cf283f0d0ab396f9094d310e825006f8480f0bd0cd5bd867bcabc45acce93a3a8325a2,0.1593016450851554,0.8755398439307633,0.1218475556190287,0.0022380485765126,0.1212337454060149,0.952056884765625,5.508,a1960f07d823fcb9e8eccca859b92483011823383ed30bf4493ba24237cf283f0d0ab396f9094d310e825006f8480f0bd0cd5bd867bcabc45acce93a3a8325a2,,,,,,,,
791,ac033bcb388b843d9826ed30f7b6bcbce5f9e8202097f796c10aff8c58d5e766bbb828804ce3d725b5354221db9b376d486fc0248be1e565d70f6a9bf77701de,english_griffinlim_eval_final/fake_english_griffinlim/english_fake_0791.wav,0,3.78,-0.7498747706413269,1.3047816753387451,0.0072708616811827,english,-0.2448940873146057,ac033bcb388b843d9826ed30f7b6bcbce5f9e8202097f796c10aff8c58d5e766bbb828804ce3d725b5354221db9b376d486fc0248be1e565d70f6a9bf77701de,0.0072708616811827,0.9639891886314064,0.0247933512033193,0.0098771286963996,0.0718829067999894,0.59368896484375,3.78,ac033bcb388b843d9826ed30f7b6bcbce5f9e8202097f796c10aff8c58d5e766bbb828804ce3d725b5354221db9b376d486fc0248be1e565d70f6a9bf77701de,,,,,,,,
792,fead302562c0f7a3cdcf560ca226fb47bef72865d97bc047d16fa52c6c3a8528f70760545553b6a4342d14601b10410f40c37165c707d44db2c75de052b5aa68,english_griffinlim_eval_final/fake_english_griffinlim/english_fake_0792.wav,0,2.256,6.289175987243652,-8.188091278076172,0.1643153103601339,english,6.7941566705703735,fead302562c0f7a3cdcf560ca226fb47bef72865d97bc047d16fa52c6c3a8528f70760545553b6a4342d14601b10410f40c37165c707d44db2c75de052b5aa68,0.1643153103601339,0.4522391647613204,0.3557555713150165,0.1627361669424065,0.0034826417431881,0.0191650390625,2.256,fead302562c0f7a3cdcf560ca226fb47bef72865d97bc047d16fa52c6c3a8528f70760545553b6a4342d14601b10410f40c37165c707d44db2c75de052b5aa68,,,,,,,,
793,b87dd0680063cbd3dc57f5b9b20c14f020f511c3f18467d52e816db909dbe2be05b8ea36a4bca91179503817a1b093a9e6036abb514c6ad1aaf1ffa71b3d32ce,english_griffinlim_eval_final/fake_english_griffinlim/english_fake_0793.wav,0,6.696,-2.46059799194336,3.203823566436768,0.1803285787774166,english,-1.9556173086166386,b87dd0680063cbd3dc57f5b9b20c14f020f511c3f18467d52e816db909dbe2be05b8ea36a4bca91179503817a1b093a9e6036abb514c6ad1aaf1ffa71b3d32ce,0.1803285787774166,0.6774028580956953,0.2906241411588863,0.0310671724543391,0.0771508711667317,0.701141357421875,6.696,b87dd0680063cbd3dc57f5b9b20c14f020f511c3f18467d52e816db909dbe2be05b8ea36a4bca91179503817a1b093a9e6036abb514c6ad1aaf1ffa71b3d32ce,,,,,,,,
794,a68fadba7d3da3006c0133368483ecf2a26b1c369333435ebeb962dab9fd16d2f5d57404f1da0d0a19aca63b3c56c0c74eb6399d6f441bb8c042c61526c48dd4,english_griffinlim_eval_final/fake_english_griffinlim/english_fake_0794.wav,0,6.336,-5.830677032470703,6.701709270477295,0.1064424165670265,english,-5.325696349143982,a68fadba7d3da3006c0133368483ecf2a26b1c369333435ebeb962dab9fd16d2f5d57404f1da0d0a19aca63b3c56c0c74eb6399d6f441bb8c042c61526c48dd4,0.1064424165670265,0.9460439652406472,0.0349992462399029,0.018503310320894,0.1148672155706524,0.870361328125,6.336,a68fadba7d3da3006c0133368483ecf2a26b1c369333435ebeb962dab9fd16d2f5d57404f1da0d0a19aca63b3c56c0c74eb6399d6f441bb8c042c61526c48dd4,,,,,,,,
795,ef3c42676cdcbd615a267077d665aa545b0697e469f98269103d5c15d9c4f5505cbaac4fb4bfb698488368bf5afe4be5e93335a9fd0f411eedab4c7f973e3424,english_griffinlim_eval_final/fake_english_griffinlim/english_fake_0795.wav,0,5.796,-4.862936019897461,5.758141040802002,0.0158943553298005,english,-4.35795533657074,ef3c42676cdcbd615a267077d665aa545b0697e469f98269103d5c15d9c4f5505cbaac4fb4bfb698488368bf5afe4be5e93335a9fd0f411eedab4c7f973e3424,0.0158943553298005,0.8274945107600501,0.1345508226790822,0.0339023483283053,0.0353155515255198,0.268646240234375,5.796,ef3c42676cdcbd615a267077d665aa545b0697e469f98269103d5c15d9c4f5505cbaac4fb4bfb698488368bf5afe4be5e93335a9fd0f411eedab4c7f973e3424,,,,,,,,
796,1a89d88e5613b49b8ada61f3f2012ceb01ca9304c37739f9f4466d5ba7dee91b22f0b3669bf3a5d265b3735e6a66155d146b9c2a9ec44fb60e5880dcc20c444d,english_griffinlim_eval_final/fake_english_griffinlim/english_fake_0796.wav,0,3.744,-2.532139301300049,3.329000949859619,0.1813726829673709,english,-2.0271586179733276,1a89d88e5613b49b8ada61f3f2012ceb01ca9304c37739f9f4466d5ba7dee91b22f0b3669bf3a5d265b3735e6a66155d146b9c2a9ec44fb60e5880dcc20c444d,0.1813726829673709,0.6725069666101191,0.1995702489970171,0.1262994074562426,0.0574124670719292,0.436004638671875,3.744,1a89d88e5613b49b8ada61f3f2012ceb01ca9304c37739f9f4466d5ba7dee91b22f0b3669bf3a5d265b3735e6a66155d146b9c2a9ec44fb60e5880dcc20c444d,,,,,,,,
797,782ec7b338418a4966cc49ae09265d258705091874fb4d3a7fc76c9541738a997af0f51e9ef6045dc01874a060b482c7adfbfff2a51b50fa8d03764248956d48,english_griffinlim_eval_final/fake_english_griffinlim/english_fake_0797.wav,0,4.824,-5.922890663146973,6.76115608215332,0.1289415600296777,english,-5.4179099798202515,782ec7b338418a4966cc49ae09265d258705091874fb4d3a7fc76c9541738a997af0f51e9ef6045dc01874a060b482c7adfbfff2a51b50fa8d03764248956d48,0.1289415600296777,0.869018251279653,0.1262432673248459,0.0042439044571439,0.1033491184587191,0.73382568359375,4.824,782ec7b338418a4966cc49ae09265d258705091874fb4d3a7fc76c9541738a997af0f51e9ef6045dc01874a060b482c7adfbfff2a51b50fa8d03764248956d48,0.7603079038891987,0.1891697404515696,0.0505223556592317,0.7022260089653278,14.598827508925876,0.1288203821904433,0.3686783302889971,0.5383577620399396
798,7ede86cac4d15a7bc7564b2cb136af72f03aa9835e1319140ac972907c3bc299d6cb4650ed8f935a8470019b93e8d3c5e7984c323410403abd70f6ac5ee750fd,english_griffinlim_eval_final/fake_english_griffinlim/english_fake_0798.wav,0,7.128,-5.072718143463135,5.902478218078613,0.0228195936095909,english,-4.567737460136414,7ede86cac4d15a7bc7564b2cb136af72f03aa9835e1319140ac972907c3bc299d6cb4650ed8f935a8470019b93e8d3c5e7984c323410403abd70f6ac5ee750fd,0.0228195936095909,0.8661194461685553,0.0513626379303359,0.0807047974145013,0.0543706885052497,0.507415771484375,7.128,7ede86cac4d15a7bc7564b2cb136af72f03aa9835e1319140ac972907c3bc299d6cb4650ed8f935a8470019b93e8d3c5e7984c323410403abd70f6ac5ee750fd,,,,,,,,
799,314bf7a75a1c5b42ef74a78af44df03ff3fe8f4d26cb7cbba7d6a2ae5b5fdab21dfaa0751a7840a7a0b8a7061c9db15bc0913e4217a6ef18f64f2b6770d3e107,english_griffinlim_eval_final/fake_english_griffinlim/english_fake_0799.wav,0,4.932,-3.3974854946136475,4.305970191955566,0.0153575452532357,english,-2.8925048112869263,314bf7a75a1c5b42ef74a78af44df03ff3fe8f4d26cb7cbba7d6a2ae5b5fdab21dfaa0751a7840a7a0b8a7061c9db15bc0913e4217a6ef18f64f2b6770d3e107,0.0153575452532357,0.8537246927523082,0.1156180802162581,0.0281649976017388,0.0490019235414158,0.388671875,4.932,314bf7a75a1c5b42ef74a78af44df03ff3fe8f4d26cb7cbba7d6a2ae5b5fdab21dfaa0751a7840a7a0b8a7061c9db15bc0913e4217a6ef18f64f2b6770d3e107,,,,,,,,
800,9e9081b9bdf3e0a0e94f318f3e7b554a6b04dfaa1ee799564e55a70099b461ece00fcef86aa34f02fc316ea91e1f1335ec8639cab1622560badf8924ea1fe858,english_griffinlim_eval_final/fake_english_griffinlim/english_fake_0800.wav,0,5.976,-6.021890640258789,6.9535346031188965,0.0329735356804588,english,-5.516909956932068,9e9081b9bdf3e0a0e94f318f3e7b554a6b04dfaa1ee799564e55a70099b461ece00fcef86aa34f02fc316ea91e1f1335ec8639cab1622560badf8924ea1fe858,0.0329735356804588,0.9162868751166156,0.0729748572250991,0.0101022323653307,0.0952468725311069,0.822601318359375,5.976,9e9081b9bdf3e0a0e94f318f3e7b554a6b04dfaa1ee799564e55a70099b461ece00fcef86aa34f02fc316ea91e1f1335ec8639cab1622560badf8924ea1fe858,,,,,,,,
801,bcbcf2d9d8a56ab7f08782b30a8c3302a0f996ade98ffbde41483fa09a8fbb9cf254b15374d0a1a72c51bb75ab9f2cbe8ebc5916d8e5832ef0eb5c43860f71d2,english_griffinlim_eval_final/fake_english_griffinlim/english_fake_0801.wav,0,4.536,-3.4633734226226807,4.487802505493164,0.0669835649618137,english,-2.9583927392959595,bcbcf2d9d8a56ab7f08782b30a8c3302a0f996ade98ffbde41483fa09a8fbb9cf254b15374d0a1a72c51bb75ab9f2cbe8ebc5916d8e5832ef0eb5c43860f71d2,0.0669835649618137,0.924154872481481,0.070730014701908,0.0043167199522811,0.0877086767109718,0.53533935546875,4.536,bcbcf2d9d8a56ab7f08782b30a8c3302a0f996ade98ffbde41483fa09a8fbb9cf254b15374d0a1a72c51bb75ab9f2cbe8ebc5916d8e5832ef0eb5c43860f71d2,,,,,,,,
802,827ec12d835b8a4dd847f01b6f1b936b964f5994a2cdc1fb37228228d53dfa26b5f5364ec2153df9348ba174f2e435ce0918f8b71df41fed09e3fd0d7eec39ef,english_griffinlim_eval_final/fake_english_griffinlim/english_fake_0802.wav,0,3.636,-4.748395919799805,5.439406394958496,0.0276334358642414,english,-4.2434152364730835,827ec12d835b8a4dd847f01b6f1b936b964f5994a2cdc1fb37228228d53dfa26b5f5364ec2153df9348ba174f2e435ce0918f8b71df41fed09e3fd0d7eec39ef,0.0276334358642414,0.6277023863105464,0.3553184749749744,0.014951194979404,0.0495016412057866,0.601104736328125,3.636,827ec12d835b8a4dd847f01b6f1b936b964f5994a2cdc1fb37228228d53dfa26b5f5364ec2153df9348ba174f2e435ce0918f8b71df41fed09e3fd0d7eec39ef,0.6112012811520509,0.2987254644109658,0.0900732544369831,0.7436364264415876,14.296246970716526,0.180983755128892,0.4457939111073805,0.6069644809149907
803,3c9b36decab172c516e345d2df4c6621ebe89115e41690baef9c0e96ba299a329a76f9b14a05c511c4fa5b5c0f3da918c92b1e38a42984c29d50fac03a8532e3,english_griffinlim_eval_final/fake_english_griffinlim/english_fake_0803.wav,0,6.384,-5.876187324523926,6.753820419311523,0.0086594454078947,english,-5.371206641197205,3c9b36decab172c516e345d2df4c6621ebe89115e41690baef9c0e96ba299a329a76f9b14a05c511c4fa5b5c0f3da918c92b1e38a42984c29d50fac03a8532e3,0.0086594454078947,0.9375386032009172,0.0483147155342824,0.0128239299957681,0.0648871217297793,0.6002197265625,6.384,3c9b36decab172c516e345d2df4c6621ebe89115e41690baef9c0e96ba299a329a76f9b14a05c511c4fa5b5c0f3da918c92b1e38a42984c29d50fac03a8532e3,,,,,,,,
804,f6462410c1b2266a4dc2c897e70e63807355de7da8d25648554fae02937d9c487343cb0eb8e009868920d489d8b8ff243a24b06243c67532a4e1e6c4bf3a7495,english_griffinlim_eval_final/fake_english_griffinlim/english_fake_0804.wav,0,7.92,-5.874021530151367,6.743917942047119,0.0751666491490626,english,-5.369040846824646,f6462410c1b2266a4dc2c897e70e63807355de7da8d25648554fae02937d9c487343cb0eb8e009868920d489d8b8ff243a24b06243c67532a4e1e6c4bf3a7495,0.0751666491490626,0.6904057119684598,0.3027705992206439,0.0058358750134917,0.0758508072535395,0.833587646484375,7.92,f6462410c1b2266a4dc2c897e70e63807355de7da8d25648554fae02937d9c487343cb0eb8e009868920d489d8b8ff243a24b06243c67532a4e1e6c4bf3a7495,,,,,,,,
805,01c3eaf58721d6914387b475e306775e0857187d3c9f782741fc8742b7c07dad1cfeaa5d7d2bc0c9222ab67a7feef6d0e23701e4f89b86140a657f380eff26f4,english_griffinlim_eval_final/fake_english_griffinlim/english_fake_0805.wav,0,3.264,-5.262709140777588,6.01146125793457,0.157829576799142,english,-4.757728457450867,01c3eaf58721d6914387b475e306775e0857187d3c9f782741fc8742b7c07dad1cfeaa5d7d2bc0c9222ab67a7feef6d0e23701e4f89b86140a657f380eff26f4,0.157829576799142,0.496242129403439,0.4660950260463946,0.036185611084339,0.0584838902994956,0.64556884765625,3.264,01c3eaf58721d6914387b475e306775e0857187d3c9f782741fc8742b7c07dad1cfeaa5d7d2bc0c9222ab67a7feef6d0e23701e4f89b86140a657f380eff26f4,,,,,,,,
806,abd00749aa0419083c2e79c2e176963117c2b8dc3c54d1f939de48d899f1e5883d43891d3702745e6a8095f14a37392e332ac9e86c0a1de7b06136947e079be3,english_griffinlim_eval_final/fake_english_griffinlim/english_fake_0806.wav,0,3.384,-0.931440532207489,1.4220764636993408,0.0223266909366979,english,-0.4264598488807678,abd00749aa0419083c2e79c2e176963117c2b8dc3c54d1f939de48d899f1e5883d43891d3702745e6a8095f14a37392e332ac9e86c0a1de7b06136947e079be3,0.0223266909366979,0.5740054354838243,0.3878868598229695,0.031868906670525,0.0266336247505919,0.409698486328125,3.384,abd00749aa0419083c2e79c2e176963117c2b8dc3c54d1f939de48d899f1e5883d43891d3702745e6a8095f14a37392e332ac9e86c0a1de7b06136947e079be3,,,,,,,,
807,2a1b5ca580208267f82336795c23130277007e6587812f59c276262730de1678c6681fbd55ff40657d277f64ea7a25f9bf4ef17e113d2f0620f9256ae083afc3,english_griffinlim_eval_final/fake_english_griffinlim/english_fake_0807.wav,0,3.456,-0.1273046880960464,-0.4157944619655609,0.0088887047664015,english,0.3776759952306748,2a1b5ca580208267f82336795c23130277007e6587812f59c276262730de1678c6681fbd55ff40657d277f64ea7a25f9bf4ef17e113d2f0620f9256ae083afc3,0.0088887047664015,0.7715943866004372,0.1445572491826827,0.0762560694102455,0.0249925263875029,0.269989013671875,3.456,2a1b5ca580208267f82336795c23130277007e6587812f59c276262730de1678c6681fbd55ff40657d277f64ea7a25f9bf4ef17e113d2f0620f9256ae083afc3,,,,,,,,
808,d3369adb42a5bb317e9afa72876164d4d72b43a1db061e3d55ca721bfc8668b6e52c3e02e2d2e2b422de1ae7d5fbdc1fea3656bc1d24b5646cac1686ae84941a,english_griffinlim_eval_final/fake_english_griffinlim/english_fake_0808.wav,0,4.932,-0.4853222370147705,0.6931565999984741,0.0062419115589552,english,0.019658446311950684,d3369adb42a5bb317e9afa72876164d4d72b43a1db061e3d55ca721bfc8668b6e52c3e02e2d2e2b422de1ae7d5fbdc1fea3656bc1d24b5646cac1686ae84941a,0.0062419115589552,0.90527027392285,0.0654063149925935,0.0268169498579348,0.0466664398864061,0.416961669921875,4.932,d3369adb42a5bb317e9afa72876164d4d72b43a1db061e3d55ca721bfc8668b6e52c3e02e2d2e2b422de1ae7d5fbdc1fea3656bc1d24b5646cac1686ae84941a,,,,,,,,
809,656fce1f450d46daea5a25f689fab13f0b774ad0777d37eb8a6db44b349279ae0023ef843f7a9d8040388875178acef371a1a754637332ec96b181bbd62863a5,english_griffinlim_eval_final/fake_english_griffinlim/english_fake_0809.wav,0,6.48,-5.934056282043457,6.902928829193115,0.0647753369069219,english,-5.429075598716736,656fce1f450d46daea5a25f689fab13f0b774ad0777d37eb8a6db44b349279ae0023ef843f7a9d8040388875178acef371a1a754637332ec96b181bbd62863a5,0.0647753369069219,0.8048541078277749,0.1908426582401502,0.003781787362219,0.1020029258478433,0.990020751953125,6.48,656fce1f450d46daea5a25f689fab13f0b774ad0777d37eb8a6db44b349279ae0023ef843f7a9d8040388875178acef371a1a754637332ec96b181bbd62863a5,,,,,,,,
810,340be2aa5e117a3c046217595e22339bebc9a90105e0cee2afea7b678865b9f5ea13bd427e03e724db605f8b153fffbc385a4dd0ee64e9883749f7c802f93dd4,english_griffinlim_eval_final/fake_english_griffinlim/english_fake_0810.wav,0,6.696,-1.167937159538269,1.7117754220962524,0.0054936795023461,english,-0.6629564762115479,340be2aa5e117a3c046217595e22339bebc9a90105e0cee2afea7b678865b9f5ea13bd427e03e724db605f8b153fffbc385a4dd0ee64e9883749f7c802f93dd4,0.0054936795023461,0.8714220996018613,0.1187216499173308,0.008519342529103,0.0662034815271651,0.800445556640625,6.696,340be2aa5e117a3c046217595e22339bebc9a90105e0cee2afea7b678865b9f5ea13bd427e03e724db605f8b153fffbc385a4dd0ee64e9883749f7c802f93dd4,,,,,,,,
811,eeef41d2e7269667ba572d070b4dc6501f4cce0362ceb647a1e95d26f9296bd5ed1537a8435d495cb456605fc2275b1b2de28dcb1b20bea9c7a268b0209650a5,english_griffinlim_eval_final/fake_english_griffinlim/english_fake_0811.wav,0,2.592,1.5883079767227173,-2.157299041748047,0.0141416563112276,english,2.0932886600494385,eeef41d2e7269667ba572d070b4dc6501f4cce0362ceb647a1e95d26f9296bd5ed1537a8435d495cb456605fc2275b1b2de28dcb1b20bea9c7a268b0209650a5,0.0141416563112276,0.6945878049326942,0.2340249384380683,0.0622188671789868,0.0216216656896099,0.226226806640625,2.592,eeef41d2e7269667ba572d070b4dc6501f4cce0362ceb647a1e95d26f9296bd5ed1537a8435d495cb456605fc2275b1b2de28dcb1b20bea9c7a268b0209650a5,,,,,,,,
812,930ceeafb80c5353bb6165302776fe2857e8790e4cdaea5765fcb068a79aabf3dbe5269eaa2a79f4de2db6dd4d911884d4a698319b337d457c89dd62f971ac19,english_griffinlim_eval_final/fake_english_griffinlim/english_fake_0812.wav,0,3.96,-5.019882678985596,5.66265869140625,0.0448994612525037,english,-4.5149019956588745,930ceeafb80c5353bb6165302776fe2857e8790e4cdaea5765fcb068a79aabf3dbe5269eaa2a79f4de2db6dd4d911884d4a698319b337d457c89dd62f971ac19,0.0448994612525037,0.6407324864481797,0.338027161797906,0.0179725145544405,0.0390137912631506,0.36932373046875,3.96,930ceeafb80c5353bb6165302776fe2857e8790e4cdaea5765fcb068a79aabf3dbe5269eaa2a79f4de2db6dd4d911884d4a698319b337d457c89dd62f971ac19,,,,,,,,
813,7908c85af79fdda0bf739f192d9c97439c955f945729666f83eb11bc2ee43f0c3f43cdeea624ca62e802192e0b43ccf1971ee1548b768e5a0b5cf15435f698c9,english_griffinlim_eval_final/fake_english_griffinlim/english_fake_0813.wav,0,3.048,-0.8984135389328003,1.269282579421997,0.005087529835624,english,-0.3934328556060791,7908c85af79fdda0bf739f192d9c97439c955f945729666f83eb11bc2ee43f0c3f43cdeea624ca62e802192e0b43ccf1971ee1548b768e5a0b5cf15435f698c9,0.005087529835624,0.8509417104573211,0.1028222765001501,0.0390360765819722,0.0260360254002651,0.19610595703125,3.048,7908c85af79fdda0bf739f192d9c97439c955f945729666f83eb11bc2ee43f0c3f43cdeea624ca62e802192e0b43ccf1971ee1548b768e5a0b5cf15435f698c9,,,,,,,,
814,55059aaa3ae7bab6ff1f1cb38ff963ec9acf2292b465e39c3390523edb154c5c745a558e15ca86b3d281b520433a953d31036a3a91af9369633d7db9dd3c8077,english_griffinlim_eval_final/fake_english_griffinlim/english_fake_0814.wav,0,6.624,-2.629909038543701,3.6013333797454834,0.0322585306795306,english,-2.12492835521698,55059aaa3ae7bab6ff1f1cb38ff963ec9acf2292b465e39c3390523edb154c5c745a558e15ca86b3d281b520433a953d31036a3a91af9369633d7db9dd3c8077,0.0322585306795306,0.7396015473755595,0.2139528083024769,0.0442102428987979,0.048812655339117,0.51910400390625,6.624,55059aaa3ae7bab6ff1f1cb38ff963ec9acf2292b465e39c3390523edb154c5c745a558e15ca86b3d281b520433a953d31036a3a91af9369633d7db9dd3c8077,,,,,,,,
815,2a9b5225fba7cee568598efce9b322a3dbfa6b6c27044b4ba5182d7c30e07c0a9a23946f664ae42579d108ed89ae21a2b772da0f07f80e5b5c444bab77839110,english_griffinlim_eval_final/fake_english_griffinlim/english_fake_0815.wav,0,4.176,-3.369091033935547,4.273144245147705,0.0112186667815442,english,-2.8641103506088257,2a9b5225fba7cee568598efce9b322a3dbfa6b6c27044b4ba5182d7c30e07c0a9a23946f664ae42579d108ed89ae21a2b772da0f07f80e5b5c444bab77839110,0.0112186667815442,0.7207277812823101,0.2541516688506672,0.0219712606012441,0.0394079858912398,0.48382568359375,4.176,2a9b5225fba7cee568598efce9b322a3dbfa6b6c27044b4ba5182d7c30e07c0a9a23946f664ae42579d108ed89ae21a2b772da0f07f80e5b5c444bab77839110,,,,,,,,
816,4f395f279ed6a513e09da0279b08b2cfcea8ac5f8921c5aa33e99ed4465b50e074e54031e19e85e61b88637490db77e74e97a7906c58f4b201b5f4a9e6d39462,english_griffinlim_eval_final/fake_english_griffinlim/english_fake_0816.wav,0,5.868,-5.096315383911133,5.935943126678467,0.1428636373900801,english,-4.591334700584412,4f395f279ed6a513e09da0279b08b2cfcea8ac5f8921c5aa33e99ed4465b50e074e54031e19e85e61b88637490db77e74e97a7906c58f4b201b5f4a9e6d39462,0.1428636373900801,0.8693255393549413,0.0925737546244568,0.0376788275594683,0.1144537153336183,0.937103271484375,5.868,4f395f279ed6a513e09da0279b08b2cfcea8ac5f8921c5aa33e99ed4465b50e074e54031e19e85e61b88637490db77e74e97a7906c58f4b201b5f4a9e6d39462,,,,,,,,
817,9d57aeaf822cf699a70f18cb334c05f1080d61026ca5846e228240d759ec9883ec9247705b74116fe5ffc25b2d5437ef83b60f3dbb8b601fdd3e5e78bc651e31,english_griffinlim_eval_final/fake_english_griffinlim/english_fake_0817.wav,0,4.584,-4.858338356018066,5.648420333862305,0.0077613750018102,english,-4.353357672691345,9d57aeaf822cf699a70f18cb334c05f1080d61026ca5846e228240d759ec9883ec9247705b74116fe5ffc25b2d5437ef83b60f3dbb8b601fdd3e5e78bc651e31,0.0077613750018102,0.8702352426632732,0.0944312062183224,0.0310856472470059,0.0369610520945903,0.294952392578125,4.584,9d57aeaf822cf699a70f18cb334c05f1080d61026ca5846e228240d759ec9883ec9247705b74116fe5ffc25b2d5437ef83b60f3dbb8b601fdd3e5e78bc651e31,,,,,,,,
818,0499323117b11e14d7bfbc635d664ef7e2429151a061997d97bae96caf291ab6002e65f13948fe755b776bfa001941307a48729552352003dd3f76a6cc398d1a,english_griffinlim_eval_final/fake_english_griffinlim/english_fake_0818.wav,0,6.264,-6.038802146911621,6.900439262390137,0.0064669210013226,english,-5.5338214635849,0499323117b11e14d7bfbc635d664ef7e2429151a061997d97bae96caf291ab6002e65f13948fe755b776bfa001941307a48729552352003dd3f76a6cc398d1a,0.0064669210013226,0.8377762892328262,0.0617716821650894,0.0987517190087693,0.0588809427609259,0.805572509765625,6.264,0499323117b11e14d7bfbc635d664ef7e2429151a061997d97bae96caf291ab6002e65f13948fe755b776bfa001941307a48729552352003dd3f76a6cc398d1a,,,,,,,,
819,484702b2c0c0ca5f26808269963c202b9173abe5892622aa809a273299e186e7c42e77254c845581dba57a32a3696b39e39b3eba1cd718b01a72a65743fd5ec9,english_griffinlim_eval_final/fake_english_griffinlim/english_fake_0819.wav,0,2.256,0.0938543528318405,0.1069407016038894,0.0414814020952592,english,0.5988350361585617,484702b2c0c0ca5f26808269963c202b9173abe5892622aa809a273299e186e7c42e77254c845581dba57a32a3696b39e39b3eba1cd718b01a72a65743fd5ec9,0.0414814020952592,0.6596179718583504,0.2207264789398422,0.1114802745385831,0.0215480374945845,0.14752197265625,2.256,484702b2c0c0ca5f26808269963c202b9173abe5892622aa809a273299e186e7c42e77254c845581dba57a32a3696b39e39b3eba1cd718b01a72a65743fd5ec9,,,,,,,,
820,87b42e85779256f12cd8467a8790384f4d1ba3aa2c3821b798e151f94702c8fecb77a8f125195bf02e72b9c5cf01c3d6ddda5e6d3aa87b4bc525756a8c2b8807,english_griffinlim_eval_final/fake_english_griffinlim/english_fake_0820.wav,0,5.688,-5.975987434387207,6.847986698150635,0.4329617860467816,english,-5.471006751060486,87b42e85779256f12cd8467a8790384f4d1ba3aa2c3821b798e151f94702c8fecb77a8f125195bf02e72b9c5cf01c3d6ddda5e6d3aa87b4bc525756a8c2b8807,0.4329617860467816,0.7289290965888885,0.2415389534685215,0.0291617506244516,0.120683896752003,0.989990234375,5.688,87b42e85779256f12cd8467a8790384f4d1ba3aa2c3821b798e151f94702c8fecb77a8f125195bf02e72b9c5cf01c3d6ddda5e6d3aa87b4bc525756a8c2b8807,,,,,,,,
821,b8f3f43a6dc3d1619720569fa59e7065ab99c2b26a7c98d17f53178289badd79eb2be4abd6cfb2e15b46e447e53d773d8045c0928fc340b575ff1c0199ac99a4,english_griffinlim_eval_final/fake_english_griffinlim/english_fake_0821.wav,0,6.336,-3.513524055480957,4.37590217590332,0.0691475385008674,english,-3.008543372154236,b8f3f43a6dc3d1619720569fa59e7065ab99c2b26a7c98d17f53178289badd79eb2be4abd6cfb2e15b46e447e53d773d8045c0928fc340b575ff1c0199ac99a4,0.0691475385008674,0.8990980147280733,0.0910106050770274,0.0091514727013482,0.0922856936300649,0.697113037109375,6.336,b8f3f43a6dc3d1619720569fa59e7065ab99c2b26a7c98d17f53178289badd79eb2be4abd6cfb2e15b46e447e53d773d8045c0928fc340b575ff1c0199ac99a4,,,,,,,,
822,8796693fb19970eda73c742a411fd9fdea613f4d64d9a3b5e6c756fa7dc6648f34705ff8b294fa3543663ed6b1b6ab6f5cc2e37f278ab0b112aaa9c2de33aa20,english_griffinlim_eval_final/fake_english_griffinlim/english_fake_0822.wav,0,4.14,3.9638726711273193,-5.020326614379883,0.1120832752958597,english,4.4688533544540405,8796693fb19970eda73c742a411fd9fdea613f4d64d9a3b5e6c756fa7dc6648f34705ff8b294fa3543663ed6b1b6ab6f5cc2e37f278ab0b112aaa9c2de33aa20,0.1120832752958597,0.5448250317776646,0.3025011510919894,0.1289590262321745,0.0081149586824094,0.039642333984375,4.14,8796693fb19970eda73c742a411fd9fdea613f4d64d9a3b5e6c756fa7dc6648f34705ff8b294fa3543663ed6b1b6ab6f5cc2e37f278ab0b112aaa9c2de33aa20,,,,,,,,
823,acbb9fc5829e3def6fd0435189e6ddfd61de2c61bb9c9f52eca4825f70ae4cd8218bdf2c59218ac040dd93dcba34a5286b6678a1928cae7c4c80f93867347367,english_griffinlim_eval_final/fake_english_griffinlim/english_fake_0823.wav,0,6.66,-4.36789083480835,5.1261725425720215,0.00997885385911,english,-3.8629101514816284,acbb9fc5829e3def6fd0435189e6ddfd61de2c61bb9c9f52eca4825f70ae4cd8218bdf2c59218ac040dd93dcba34a5286b6678a1928cae7c4c80f93867347367,0.00997885385911,0.8796724169807828,0.0863373540861601,0.0289721187801175,0.0328524463643091,0.2491455078125,6.66,acbb9fc5829e3def6fd0435189e6ddfd61de2c61bb9c9f52eca4825f70ae4cd8218bdf2c59218ac040dd93dcba34a5286b6678a1928cae7c4c80f93867347367,,,,,,,,
824,e73887a1470c4c1749eead8a5f1bbbd8ca93078e705e5d801d0af54fd172876374112132748edf3465461aeec1094fe946995407dbe91c45a75c59980ce2cc38,english_griffinlim_eval_final/fake_english_griffinlim/english_fake_0824.wav,0,5.436,-4.467057228088379,5.248767852783203,0.001036104053697,english,-3.9620765447616577,e73887a1470c4c1749eead8a5f1bbbd8ca93078e705e5d801d0af54fd172876374112132748edf3465461aeec1094fe946995407dbe91c45a75c59980ce2cc38,0.001036104053697,0.8816166104813334,0.1034379327887014,0.0126788224036992,0.0496896942781728,0.781524658203125,5.436,e73887a1470c4c1749eead8a5f1bbbd8ca93078e705e5d801d0af54fd172876374112132748edf3465461aeec1094fe946995407dbe91c45a75c59980ce2cc38,,,,,,,,
825,f57c5b0a00142382cb44dc5552ef4ed6f01e45d741e58a1db8ca8f80e14b967d9bdb981427791a446beda35c2bfb5955e203702bbd9e8377c1ac31c7448f2fd6,english_griffinlim_eval_final/fake_english_griffinlim/english_fake_0825.wav,0,6.696,-3.52667498588562,4.41507625579834,0.0674877432568102,english,-3.021694302558899,f57c5b0a00142382cb44dc5552ef4ed6f01e45d741e58a1db8ca8f80e14b967d9bdb981427791a446beda35c2bfb5955e203702bbd9e8377c1ac31c7448f2fd6,0.0674877432568102,0.75624445346605,0.2324616843062433,0.0107317978214369,0.095914734458218,0.989990234375,6.696,f57c5b0a00142382cb44dc5552ef4ed6f01e45d741e58a1db8ca8f80e14b967d9bdb981427791a446beda35c2bfb5955e203702bbd9e8377c1ac31c7448f2fd6,,,,,,,,
826,0dc9b5e38d56554932dd6ee93b057b49d785f2149bb7a7247b7c03d6689c92d40d978084ad37228a720d5bba3b922cb2fa7b71a1472756a872b5423254b030df,english_griffinlim_eval_final/fake_english_griffinlim/english_fake_0826.wav,0,5.64,-4.319913387298584,4.977437973022461,0.0321244415725064,english,-3.814932703971863,0dc9b5e38d56554932dd6ee93b057b49d785f2149bb7a7247b7c03d6689c92d40d978084ad37228a720d5bba3b922cb2fa7b71a1472756a872b5423254b030df,0.0321244415725064,0.7363518616956707,0.2021508745605953,0.0560057538688692,0.029620535659566,0.236663818359375,5.64,0dc9b5e38d56554932dd6ee93b057b49d785f2149bb7a7247b7c03d6689c92d40d978084ad37228a720d5bba3b922cb2fa7b71a1472756a872b5423254b030df,,,,,,,,
827,c948b5166ffa7f0a17b7d067f7f99418cfe1cf101ee9b845047cdcb43911af6bc2c5f775f5099e60052e8edf9d59a2a0fdd906095c9ea0f02c8af763b2088235,english_griffinlim_eval_final/fake_english_griffinlim/english_fake_0827.wav,0,5.904,-5.085447788238525,5.936977386474609,0.4456348656692288,english,-4.580467104911804,c948b5166ffa7f0a17b7d067f7f99418cfe1cf101ee9b845047cdcb43911af6bc2c5f775f5099e60052e8edf9d59a2a0fdd906095c9ea0f02c8af763b2088235,0.4456348656692288,0.7634710365148533,0.2146018509914417,0.0216883656148012,0.1252499054358465,0.989990234375,5.904,c948b5166ffa7f0a17b7d067f7f99418cfe1cf101ee9b845047cdcb43911af6bc2c5f775f5099e60052e8edf9d59a2a0fdd906095c9ea0f02c8af763b2088235,,,,,,,,
828,e65a080fff0542a6f631500a73f0942c6a837f5d2baf7d185215c326575326235ca7ed6fa4ea5dc9b0c74fa5382524e0f392e304cd998f6e932d1ba79fb74546,english_griffinlim_eval_final/fake_english_griffinlim/english_fake_0828.wav,0,4.92,-5.903032302856445,6.724729537963867,0.0432460461613187,english,-5.398051619529724,e65a080fff0542a6f631500a73f0942c6a837f5d2baf7d185215c326575326235ca7ed6fa4ea5dc9b0c74fa5382524e0f392e304cd998f6e932d1ba79fb74546,0.0432460461613187,0.9594953037517048,0.0299381399783146,0.0097936902473355,0.0918099603991235,0.62744140625,4.92,e65a080fff0542a6f631500a73f0942c6a837f5d2baf7d185215c326575326235ca7ed6fa4ea5dc9b0c74fa5382524e0f392e304cd998f6e932d1ba79fb74546,,,,,,,,
829,609a12e87d4fbd0b9c95319ac26a5c208287abb8c0b7708a28a6546ec34fc83846200927f910b4f764768ccde8d02948cad8e305b0a9a1b91b8c928493c6c80a,english_griffinlim_eval_final/fake_english_griffinlim/english_fake_0829.wav,0,2.976,-0.7052754163742065,1.2990237474441528,0.0072386456784473,english,-0.20029473304748535,609a12e87d4fbd0b9c95319ac26a5c208287abb8c0b7708a28a6546ec34fc83846200927f910b4f764768ccde8d02948cad8e305b0a9a1b91b8c928493c6c80a,0.0072386456784473,0.9663833808323148,0.0287802193744602,0.0044540680014106,0.1030976299437479,0.989990234375,2.976,609a12e87d4fbd0b9c95319ac26a5c208287abb8c0b7708a28a6546ec34fc83846200927f910b4f764768ccde8d02948cad8e305b0a9a1b91b8c928493c6c80a,,,,,,,,
830,f0ea206776edd98e6ab41801393839be2d3a3508647336452079b21ddc3ed6eafddd8489e7a79cf149c48136862b49b77c412f7721653750f051aa12c2858e0b,english_griffinlim_eval_final/fake_english_griffinlim/english_fake_0830.wav,0,2.4,3.445931911468506,-4.403996467590332,0.0482680097205409,english,3.950912594795227,f0ea206776edd98e6ab41801393839be2d3a3508647336452079b21ddc3ed6eafddd8489e7a79cf149c48136862b49b77c412f7721653750f051aa12c2858e0b,0.0482680097205409,0.5997920446925166,0.2627361069336513,0.1159928792462163,0.0099744456627435,0.053466796875,2.4,f0ea206776edd98e6ab41801393839be2d3a3508647336452079b21ddc3ed6eafddd8489e7a79cf149c48136862b49b77c412f7721653750f051aa12c2858e0b,0.6091021103857654,0.2725864049591942,0.1183114846550403,0.7025632357069678,14.537344477317223,0.1572939380898808,0.3976636825323026,0.5531919927844355
831,701a0466c1eb4e16c45ceb7ef33fac66e2ec11fdfb02431ce7cce1d051e77685a83ae42d4921273c2bf6530b987c63e517b72b9e409249b60e555681fdac72e8,english_griffinlim_eval_final/fake_english_griffinlim/english_fake_0831.wav,0,7.464,-6.002036094665527,6.82269811630249,0.1261692941880967,english,-5.497055411338806,701a0466c1eb4e16c45ceb7ef33fac66e2ec11fdfb02431ce7cce1d051e77685a83ae42d4921273c2bf6530b987c63e517b72b9e409249b60e555681fdac72e8,0.1261692941880967,0.9212649841710344,0.0609778501941481,0.0174914359132099,0.1202651895513383,0.989990234375,7.464,701a0466c1eb4e16c45ceb7ef33fac66e2ec11fdfb02431ce7cce1d051e77685a83ae42d4921273c2bf6530b987c63e517b72b9e409249b60e555681fdac72e8,,,,,,,,
832,69115167653f8328c1e51b59d157186866b60adc18f44f69a0158b6f202d66c68aee8deddece3b696e874b3d2d513e964161f76c359c1ca89683e5a5ffb59cff,english_griffinlim_eval_final/fake_english_griffinlim/english_fake_0832.wav,0,6.912,-0.765931248664856,1.0388935804367063,0.0710563419924276,english,-0.26095056533813477,69115167653f8328c1e51b59d157186866b60adc18f44f69a0158b6f202d66c68aee8deddece3b696e874b3d2d513e964161f76c359c1ca89683e5a5ffb59cff,0.0710563419924276,0.6561548805985198,0.2249130177551754,0.1002687759049241,0.0119479251305334,0.062774658203125,6.912,69115167653f8328c1e51b59d157186866b60adc18f44f69a0158b6f202d66c68aee8deddece3b696e874b3d2d513e964161f76c359c1ca89683e5a5ffb59cff,,,,,,,,
833,639f341eacc1ebecbcda2739f4c39f629c2d933bfb79318de6d0e38b56a8592be82fb9854d31d1579adbb9af91cd711a9b7f9dabf053cf5bdf0acbf33edb3640,english_griffinlim_eval_final/fake_english_griffinlim/english_fake_0833.wav,0,6.552,-0.5513620376586914,0.9289443492889404,0.0555398212391119,english,-0.046381354331970215,639f341eacc1ebecbcda2739f4c39f629c2d933bfb79318de6d0e38b56a8592be82fb9854d31d1579adbb9af91cd711a9b7f9dabf053cf5bdf0acbf33edb3640,0.0555398212391119,0.6679557814962302,0.2468493515391089,0.072677256839808,0.0178357745966692,0.13232421875,6.552,639f341eacc1ebecbcda2739f4c39f629c2d933bfb79318de6d0e38b56a8592be82fb9854d31d1579adbb9af91cd711a9b7f9dabf053cf5bdf0acbf33edb3640,,,,,,,,
834,f02077f36c9f0e54f79c6c31410d3f0f6480760d8098e5a7bff5026cb776c81af12e0bc2f6c80b5c7a6064626b85fc6852a224f6e45a33c6a5ef4aabe9206ad6,english_griffinlim_eval_final/fake_english_griffinlim/english_fake_0834.wav,0,2.784,-4.468876361846924,5.239805221557617,0.9829850591758836,english,-3.9638956785202026,f02077f36c9f0e54f79c6c31410d3f0f6480760d8098e5a7bff5026cb776c81af12e0bc2f6c80b5c7a6064626b85fc6852a224f6e45a33c6a5ef4aabe9206ad6,0.9829850591758836,0.5083356529423926,0.3443795330021565,0.1470039059265512,0.1324295652101754,0.84515380859375,2.784,f02077f36c9f0e54f79c6c31410d3f0f6480760d8098e5a7bff5026cb776c81af12e0bc2f6c80b5c7a6064626b85fc6852a224f6e45a33c6a5ef4aabe9206ad6,,,,,,,,
835,fd7acee71c8a4973ac1f95645d4d578bd37952a18500c26e9a1d9408c3b9f6bb7e9ad8241ea201785032196fbafd6c2a6ea55c6946fa88590cd1b61bec9d87e4,english_griffinlim_eval_final/fake_english_griffinlim/english_fake_0835.wav,0,3.744,-0.5731692314147949,0.996611475944519,0.9244067491301116,english,-0.06818854808807373,fd7acee71c8a4973ac1f95645d4d578bd37952a18500c26e9a1d9408c3b9f6bb7e9ad8241ea201785032196fbafd6c2a6ea55c6946fa88590cd1b61bec9d87e4,0.9244067491301116,0.3803142916733288,0.1029687803805122,0.5162686784132092,0.0805501259847086,0.989990234375,3.744,fd7acee71c8a4973ac1f95645d4d578bd37952a18500c26e9a1d9408c3b9f6bb7e9ad8241ea201785032196fbafd6c2a6ea55c6946fa88590cd1b61bec9d87e4,,,,,,,,
836,9489088a420426808becec14c5f401ed90743aab43f0ea3a7103e44a9a49dbe34a988a64a728e2a0a1211acd83899a91998b77dfdba504b2154a6900315ffa62,english_griffinlim_eval_final/fake_english_griffinlim/english_fake_0836.wav,0,6.732,-5.134318828582764,5.947700500488281,0.09696123993781,english,-4.6293381452560425,9489088a420426808becec14c5f401ed90743aab43f0ea3a7103e44a9a49dbe34a988a64a728e2a0a1211acd83899a91998b77dfdba504b2154a6900315ffa62,0.09696123993781,0.5405192329365096,0.4144550338626248,0.0427164126000538,0.0456759815998655,0.6072998046875,6.732,9489088a420426808becec14c5f401ed90743aab43f0ea3a7103e44a9a49dbe34a988a64a728e2a0a1211acd83899a91998b77dfdba504b2154a6900315ffa62,0.5715769256297104,0.3655548703479916,0.0628682040222979,0.7039523801055274,14.545990085690423,0.1505831531878785,0.3888572890340956,0.5497855575848155
837,7b078d68ac8c3a795a3b4a28afef165712db00c8e4c825e663625fee37443747d11985c26bf5b29a94d5ebeb1acfddbf0b514980b7d9052a6ec0f4fac1f7f658,english_griffinlim_eval_final/fake_english_griffinlim/english_fake_0837.wav,0,4.08,-4.985736846923828,5.70020055770874,0.9760965477064956,english,-4.480756163597107,7b078d68ac8c3a795a3b4a28afef165712db00c8e4c825e663625fee37443747d11985c26bf5b29a94d5ebeb1acfddbf0b514980b7d9052a6ec0f4fac1f7f658,0.9760965477064956,0.437330540475438,0.2478969269344214,0.3142641776952299,0.1013855273963257,0.799407958984375,4.08,7b078d68ac8c3a795a3b4a28afef165712db00c8e4c825e663625fee37443747d11985c26bf5b29a94d5ebeb1acfddbf0b514980b7d9052a6ec0f4fac1f7f658,,,,,,,,
838,11ec372417df77b07bb129cc7572637abe768dd9ba9a6cf66c66b5081a6016aa00fb0a31287220448ed090f18b89fb45ff7e35247c32e492909a9d08f7645c84,english_griffinlim_eval_final/fake_english_griffinlim/english_fake_0838.wav,0,7.464,-0.481516420841217,0.8099050521850586,0.0215681988788302,english,0.023464262485504206,11ec372417df77b07bb129cc7572637abe768dd9ba9a6cf66c66b5081a6016aa00fb0a31287220448ed090f18b89fb45ff7e35247c32e492909a9d08f7645c84,0.0215681988788302,0.7835857671356135,0.1451592284535204,0.0612772025423962,0.0212098243654554,0.17193603515625,7.464,11ec372417df77b07bb129cc7572637abe768dd9ba9a6cf66c66b5081a6016aa00fb0a31287220448ed090f18b89fb45ff7e35247c32e492909a9d08f7645c84,,,,,,,,
839,f138d75a743543591fb23c61bbb2cfc4a204866aa791fdddc2a868be75a3f5851013ee0e9036241396a08fce890ff0911b3218224b0b11dc917eb7b4fa2e8cec,english_griffinlim_eval_final/fake_english_griffinlim/english_fake_0839.wav,0,3.708,-1.9968184232711792,2.918337821960449,0.0042014479307726,english,-1.491837739944458,f138d75a743543591fb23c61bbb2cfc4a204866aa791fdddc2a868be75a3f5851013ee0e9036241396a08fce890ff0911b3218224b0b11dc917eb7b4fa2e8cec,0.0042014479307726,0.876729912915014,0.1049413365549121,0.0155866949634897,0.0439470114197051,0.4346923828125,3.708,f138d75a743543591fb23c61bbb2cfc4a204866aa791fdddc2a868be75a3f5851013ee0e9036241396a08fce890ff0911b3218224b0b11dc917eb7b4fa2e8cec,0.7878481920167494,0.1593192458751788,0.0528325621080716,0.7953531503702125,13.961583878791208,0.2048049965830179,0.514944815554333,0.6880054889477667
840,44ec161cdffed62571788b80e844aec44dcb7ba4608b914186bb120358c90f53cb81c54ba4babe45449a3504f2929f40ec69c3cec759370c9f26efc9aabe6b01,english_griffinlim_eval_final/fake_english_griffinlim/english_fake_0840.wav,0,5.148,-0.8279372453689575,1.2401375770568848,0.013749901029875,english,-0.32295656204223633,44ec161cdffed62571788b80e844aec44dcb7ba4608b914186bb120358c90f53cb81c54ba4babe45449a3504f2929f40ec69c3cec759370c9f26efc9aabe6b01,0.013749901029875,0.7538313961759886,0.1714748407038952,0.0633985321529215,0.0183863282901124,0.17633056640625,5.148,44ec161cdffed62571788b80e844aec44dcb7ba4608b914186bb120358c90f53cb81c54ba4babe45449a3504f2929f40ec69c3cec759370c9f26efc9aabe6b01,,,,,,,,
841,fe47f7429a8b74dac1af555a066bf3631aca9f68332f0c9a863bfb2a3b1a591005ed8546e708f9cbbc02aad144afb89da53d5115b656368d8ec2a02e7c745493,english_griffinlim_eval_final/fake_english_griffinlim/english_fake_0841.wav,0,3.72,-0.7671604156494141,1.2889838218688965,0.0046866237108009,english,-0.26217973232269287,fe47f7429a8b74dac1af555a066bf3631aca9f68332f0c9a863bfb2a3b1a591005ed8546e708f9cbbc02aad144afb89da53d5115b656368d8ec2a02e7c745493,0.0046866237108009,0.84910419793134,0.1059828286888566,0.0379311823765098,0.0245980502768957,0.213409423828125,3.72,fe47f7429a8b74dac1af555a066bf3631aca9f68332f0c9a863bfb2a3b1a591005ed8546e708f9cbbc02aad144afb89da53d5115b656368d8ec2a02e7c745493,0.7256212132211417,0.1944764784957018,0.0799023082831565,0.7389720834070346,14.353287574691754,0.1654450627249331,0.431577960693476,0.5984289801470393
842,3bc17351c38c39515b097e6f4aeea8855cc3a6e92a6931562797f93602d111c930bb4bf709a6005a94076dcab5ad03a4a33fb5fc42bf539c6ed1538b42abbf3b,english_griffinlim_eval_final/fake_english_griffinlim/english_fake_0842.wav,0,3.696,-0.4856647253036499,0.7886135578155518,0.0493446883350025,english,0.01931595802307129,3bc17351c38c39515b097e6f4aeea8855cc3a6e92a6931562797f93602d111c930bb4bf709a6005a94076dcab5ad03a4a33fb5fc42bf539c6ed1538b42abbf3b,0.0493446883350025,0.6657569753380177,0.1877758009452268,0.1388515742546419,0.02310350264013,0.20721435546875,3.696,3bc17351c38c39515b097e6f4aeea8855cc3a6e92a6931562797f93602d111c930bb4bf709a6005a94076dcab5ad03a4a33fb5fc42bf539c6ed1538b42abbf3b,,,,,,,,
843,8e05a9762bba8885d665f8ab67084a8adc8c1690725914992dcf9f84a1f11352da18624b6bad7d77301c9ae6a69e3dbf0a68e91086fd32a256cce450e2233db5,english_griffinlim_eval_final/fake_english_griffinlim/english_fake_0843.wav,0,3.144,-6.005956649780273,6.830718040466309,0.0076474133999555,english,-5.500975966453552,8e05a9762bba8885d665f8ab67084a8adc8c1690725914992dcf9f84a1f11352da18624b6bad7d77301c9ae6a69e3dbf0a68e91086fd32a256cce450e2233db5,0.0076474133999555,0.8481813267798968,0.1235581754509003,0.0255869824472953,0.0456146507651169,0.399688720703125,3.144,8e05a9762bba8885d665f8ab67084a8adc8c1690725914992dcf9f84a1f11352da18624b6bad7d77301c9ae6a69e3dbf0a68e91086fd32a256cce450e2233db5,0.7226689940665575,0.1978985069616953,0.0794324989717473,0.7519416669889227,14.27843584969838,0.1707140309522277,0.4409141108344638,0.6118729252526769
844,d13e3108d8a06b9d137d31f1f316e23c76b2390e5249950e5838db2ac85aaa589e85340fe2ce8d17d0329b541e57a5abba13a857998ad85e135175a621ae6561,english_griffinlim_eval_final/fake_english_griffinlim/english_fake_0844.wav,0,5.616,-1.902129054069519,2.623460292816162,0.8855214709071783,english,-1.3971483707427979,d13e3108d8a06b9d137d31f1f316e23c76b2390e5249950e5838db2ac85aaa589e85340fe2ce8d17d0329b541e57a5abba13a857998ad85e135175a621ae6561,0.8855214709071783,0.4117000358624357,0.1865949064169181,0.4007552897092685,0.0711536922112707,0.82452392578125,5.616,d13e3108d8a06b9d137d31f1f316e23c76b2390e5249950e5838db2ac85aaa589e85340fe2ce8d17d0329b541e57a5abba13a857998ad85e135175a621ae6561,,,,,,,,
845,59480438402ee9da6aa819c7f2a46c26316c6deba59a1e512846341d3e7a9ef5575eb5a210c9792155c90c65953a7092ce786c9f6c1f69b3eb8a0bba6919862a,english_griffinlim_eval_final/fake_english_griffinlim/english_fake_0845.wav,0,2.496,-6.018810272216797,6.934671878814697,0.0336854294664264,english,-5.513829588890076,59480438402ee9da6aa819c7f2a46c26316c6deba59a1e512846341d3e7a9ef5575eb5a210c9792155c90c65953a7092ce786c9f6c1f69b3eb8a0bba6919862a,0.0336854294664264,0.877904577617741,0.1177841601180383,0.003614770874791,0.0905690334365754,0.69329833984375,2.496,59480438402ee9da6aa819c7f2a46c26316c6deba59a1e512846341d3e7a9ef5575eb5a210c9792155c90c65953a7092ce786c9f6c1f69b3eb8a0bba6919862a,,,,,,,,
846,1d9427acc5f17c32a5b25d630cefb1ac6d902790b1fdb35c29cc48457721ff5cbfb642c99394e598c3824e54d95f99429a6acabdf7cc1614d48954fdfd01647e,english_griffinlim_eval_final/fake_english_griffinlim/english_fake_0846.wav,0,4.344,-2.9204258918762207,3.866056919097901,0.0025686735707936,english,-2.4154452085494995,1d9427acc5f17c32a5b25d630cefb1ac6d902790b1fdb35c29cc48457721ff5cbfb642c99394e598c3824e54d95f99429a6acabdf7cc1614d48954fdfd01647e,0.0025686735707936,0.9008871786813902,0.0650426304392813,0.029294491329006,0.0344340405977049,0.376312255859375,4.344,1d9427acc5f17c32a5b25d630cefb1ac6d902790b1fdb35c29cc48457721ff5cbfb642c99394e598c3824e54d95f99429a6acabdf7cc1614d48954fdfd01647e,,,,,,,,
847,ae13a4a776cf3019e7003e952cb2def0333cc044ddab4e84c2d9e900baad18d586fac6fbd80404141c91b0accd3bab1dd663aa83b10a7de6ca3a1064e1a8a39e,english_griffinlim_eval_final/fake_english_griffinlim/english_fake_0847.wav,0,6.984,-3.2652013301849365,4.066926002502441,0.0299164381045917,english,-2.7602206468582153,ae13a4a776cf3019e7003e952cb2def0333cc044ddab4e84c2d9e900baad18d586fac6fbd80404141c91b0accd3bab1dd663aa83b10a7de6ca3a1064e1a8a39e,0.0299164381045917,0.8865946323024018,0.047663561462551,0.0650083905708125,0.0917879319073611,0.9276123046875,6.984,ae13a4a776cf3019e7003e952cb2def0333cc044ddab4e84c2d9e900baad18d586fac6fbd80404141c91b0accd3bab1dd663aa83b10a7de6ca3a1064e1a8a39e,,,,,,,,
848,a38c683ea3889ad8403d1d5920c1a8673c206145f16151267d0efcf470b032337bbd162e9f13ecf16be07c4628f90ab8a744b14792366a5272a726ffd97ecd8d,english_griffinlim_eval_final/fake_english_griffinlim/english_fake_0848.wav,0,3.216,-2.4500622749328613,3.2795681953430176,0.4827585692565256,english,-1.9450815916061401,a38c683ea3889ad8403d1d5920c1a8673c206145f16151267d0efcf470b032337bbd162e9f13ecf16be07c4628f90ab8a744b14792366a5272a726ffd97ecd8d,0.4827585692565256,0.5370531977652752,0.1743673026512924,0.2881546102891395,0.0875185082794752,0.990020751953125,3.216,a38c683ea3889ad8403d1d5920c1a8673c206145f16151267d0efcf470b032337bbd162e9f13ecf16be07c4628f90ab8a744b14792366a5272a726ffd97ecd8d,,,,,,,,
849,e4ec8236a5639fff262dae93156eee993a7047de4fbff288a87d0ce90e6d1d506aa5523ce733361b005b1ddbd73ea62b915541442d1bfb7f2bcb01a8daffeeee,english_griffinlim_eval_final/fake_english_griffinlim/english_fake_0849.wav,0,4.416,0.2288715094327926,-0.332485944032669,0.0125793277896261,english,0.7338521927595139,e4ec8236a5639fff262dae93156eee993a7047de4fbff288a87d0ce90e6d1d506aa5523ce733361b005b1ddbd73ea62b915541442d1bfb7f2bcb01a8daffeeee,0.0125793277896261,0.8523716872920861,0.0695962158169888,0.0751861831635761,0.0430347003937885,0.3717041015625,4.416,e4ec8236a5639fff262dae93156eee993a7047de4fbff288a87d0ce90e6d1d506aa5523ce733361b005b1ddbd73ea62b915541442d1bfb7f2bcb01a8daffeeee,,,,,,,,
850,198a51fa2f4a7bf5d5946ec1f826b9f8389bab768b237252ead78feb7492069ff2162a7e13545f9c65650b39a26849181fe4ef0c7501bb166a71b4a6e526e9c8,english_griffinlim_eval_final/fake_english_griffinlim/english_fake_0850.wav,0,4.728,-4.066243171691895,4.791499137878418,0.3398449312186709,english,-3.5612624883651742,198a51fa2f4a7bf5d5946ec1f826b9f8389bab768b237252ead78feb7492069ff2162a7e13545f9c65650b39a26849181fe4ef0c7501bb166a71b4a6e526e9c8,0.3398449312186709,0.682066339117012,0.1161705167235938,0.201127749917901,0.0920441120493011,0.87713623046875,4.728,198a51fa2f4a7bf5d5946ec1f826b9f8389bab768b237252ead78feb7492069ff2162a7e13545f9c65650b39a26849181fe4ef0c7501bb166a71b4a6e526e9c8,,,,,,,,
851,655b9c2bbedc9e0a19d9ede62c678d3af37d9b0da1264f5a9d0e3e32ca102c7636b91ac97e1bafb44402c5380f241f26259abb456534a0b772dabb25012e30c3,english_griffinlim_eval_final/fake_english_griffinlim/english_fake_0851.wav,0,4.824,-6.084465503692627,7.015907287597656,0.3204094890994352,english,-5.579484820365906,655b9c2bbedc9e0a19d9ede62c678d3af37d9b0da1264f5a9d0e3e32ca102c7636b91ac97e1bafb44402c5380f241f26259abb456534a0b772dabb25012e30c3,0.3204094890994352,0.7099239191746002,0.1782963511845371,0.1110450114126991,0.0862539511611856,0.676849365234375,4.824,655b9c2bbedc9e0a19d9ede62c678d3af37d9b0da1264f5a9d0e3e32ca102c7636b91ac97e1bafb44402c5380f241f26259abb456534a0b772dabb25012e30c3,,,,,,,,
852,f2575ffc7d2d220100354a6074025b53f756f3fb7e9dfe544ef0e2f7334da8f01c03470829b2dd7f4b55a01321aa67c6b25533528dace02f0ede613c558df300,english_griffinlim_eval_final/fake_english_griffinlim/english_fake_0852.wav,0,4.608,-3.388728380203247,4.197993278503418,0.1443201943739748,english,-2.883747696876526,f2575ffc7d2d220100354a6074025b53f756f3fb7e9dfe544ef0e2f7334da8f01c03470829b2dd7f4b55a01321aa67c6b25533528dace02f0ede613c558df300,0.1443201943739748,0.8013964734907474,0.1451778133092685,0.0528300564914534,0.0956669852408792,0.756988525390625,4.608,f2575ffc7d2d220100354a6074025b53f756f3fb7e9dfe544ef0e2f7334da8f01c03470829b2dd7f4b55a01321aa67c6b25533528dace02f0ede613c558df300,,,,,,,,
853,2da9bb79dacf58301b5d57a56cd23f3acb8e5285f575555537d1036d939060a9dd1a78707721e4056d7873eec170af9ec729055efba89e01c301fb610da1e8d7,english_griffinlim_eval_final/fake_english_griffinlim/english_fake_0853.wav,0,4.848,-4.129812240600586,5.023587226867676,0.0061557595726413,english,-3.6248315572738647,2da9bb79dacf58301b5d57a56cd23f3acb8e5285f575555537d1036d939060a9dd1a78707721e4056d7873eec170af9ec729055efba89e01c301fb610da1e8d7,0.0061557595726413,0.9360452255579716,0.0331024903630991,0.0291909816445477,0.0628115785264153,0.59393310546875,4.848,2da9bb79dacf58301b5d57a56cd23f3acb8e5285f575555537d1036d939060a9dd1a78707721e4056d7873eec170af9ec729055efba89e01c301fb610da1e8d7,,,,,,,,
854,4779be1c6beb90f5a6341ef5655c2c3a670a764c9c067600de821c89d5f452973f1853d1ad04425d6e465ba18791014dcd03298bbd7ef48b18af21743ab0bd9e,english_griffinlim_eval_final/fake_english_griffinlim/english_fake_0854.wav,0,4.992,-5.457886695861816,6.253619194030762,0.0327061572884748,english,-4.952906012535095,4779be1c6beb90f5a6341ef5655c2c3a670a764c9c067600de821c89d5f452973f1853d1ad04425d6e465ba18791014dcd03298bbd7ef48b18af21743ab0bd9e,0.0327061572884748,0.8082708382317072,0.1087263387799512,0.0800724554149678,0.0420714637395678,0.298309326171875,4.992,4779be1c6beb90f5a6341ef5655c2c3a670a764c9c067600de821c89d5f452973f1853d1ad04425d6e465ba18791014dcd03298bbd7ef48b18af21743ab0bd9e,0.8074085749371687,0.141431621460204,0.0511598036026273,0.6806371596603655,14.700826011954211,0.1217731168467428,0.3484389957293045,0.5135979945374294
855,ab0a6e5aa9103a870766bd4c2c3f9515ce145b252494b279d93e5439455859f3c9613b553abee80316486c8153b34c42b68c323e119e547c5f62b75a6030d192,english_griffinlim_eval_final/fake_english_griffinlim/english_fake_0855.wav,0,5.508,-5.960284233093262,6.795462608337402,0.0267647397210321,english,-5.4553035497665405,ab0a6e5aa9103a870766bd4c2c3f9515ce145b252494b279d93e5439455859f3c9613b553abee80316486c8153b34c42b68c323e119e547c5f62b75a6030d192,0.0267647397210321,0.962986515669529,0.0244237690476079,0.0121107491301184,0.1112210494677863,0.990020751953125,5.508,ab0a6e5aa9103a870766bd4c2c3f9515ce145b252494b279d93e5439455859f3c9613b553abee80316486c8153b34c42b68c323e119e547c5f62b75a6030d192,,,,,,,,
856,fd52910d24299328945044ddd49dd2d79ef95c7b0d6e38d06d65a1d9330f64f45a8426cf556ed10a705307dcf622e1fe152ee48d5bd2e38b89b4da815b5c38a6,english_griffinlim_eval_final/fake_english_griffinlim/english_fake_0856.wav,0,5.544,-6.019702911376953,7.036761283874512,0.4430502492131855,english,-5.514722228050232,fd52910d24299328945044ddd49dd2d79ef95c7b0d6e38d06d65a1d9330f64f45a8426cf556ed10a705307dcf622e1fe152ee48d5bd2e38b89b4da815b5c38a6,0.4430502492131855,0.8976419721729647,0.0960231363785707,0.0060508950375275,0.1402895659362343,0.959625244140625,5.544,fd52910d24299328945044ddd49dd2d79ef95c7b0d6e38d06d65a1d9330f64f45a8426cf556ed10a705307dcf622e1fe152ee48d5bd2e38b89b4da815b5c38a6,,,,,,,,
857,53f3a1ababf2543e3f79739434893c64e1f5bb3e94c1f3e8d053ed7650183182a922f2959399ac2ac3827c824b225074ed237b465bdbc65c79edc92fe8e6ee61,english_griffinlim_eval_final/fake_english_griffinlim/english_fake_0857.wav,0,2.784,-2.9390172958374023,3.8040671348571777,0.0644069304495255,english,-2.434036612510681,53f3a1ababf2543e3f79739434893c64e1f5bb3e94c1f3e8d053ed7650183182a922f2959399ac2ac3827c824b225074ed237b465bdbc65c79edc92fe8e6ee61,0.0644069304495255,0.8853521814189214,0.0825500394298937,0.0316089541288516,0.1065716261803751,0.834014892578125,2.784,53f3a1ababf2543e3f79739434893c64e1f5bb3e94c1f3e8d053ed7650183182a922f2959399ac2ac3827c824b225074ed237b465bdbc65c79edc92fe8e6ee61,0.8305853544349696,0.1201426088347933,0.0492720367302369,0.7691522942526372,14.17696072040851,0.1782715877735948,0.4619552115588701,0.6362313901118591
858,c4a05f45f97d490bd513adca7ca171fae49f6d1c1f1024312ccd0fe1d179f2e4e7009789f1fce79140503702698634d6f89391bbd150fda6e9365243bb02468b,english_griffinlim_eval_final/fake_english_griffinlim/english_fake_0858.wav,0,4.344,-5.967925071716309,6.8086676597595215,0.0142112656444976,english,-5.462944388389587,c4a05f45f97d490bd513adca7ca171fae49f6d1c1f1024312ccd0fe1d179f2e4e7009789f1fce79140503702698634d6f89391bbd150fda6e9365243bb02468b,0.0142112656444976,0.8503346568206542,0.093379297442109,0.0545844496344056,0.0590146190490965,0.55328369140625,4.344,c4a05f45f97d490bd513adca7ca171fae49f6d1c1f1024312ccd0fe1d179f2e4e7009789f1fce79140503702698634d6f89391bbd150fda6e9365243bb02468b,,,,,,,,
859,ae2bbec69aab1485eb55e2aaa2ed856f5e6288752532928ff41c9c832644b3e042b7748c95efa842645fa5a7531866abf1d9325ed52d74310c7abb88c4b738ec,english_griffinlim_eval_final/fake_english_griffinlim/english_fake_0859.wav,0,2.904,-6.035146713256836,6.93718147277832,0.1437086899678721,english,-5.530166029930115,ae2bbec69aab1485eb55e2aaa2ed856f5e6288752532928ff41c9c832644b3e042b7748c95efa842645fa5a7531866abf1d9325ed52d74310c7abb88c4b738ec,0.1437086899678721,0.6910340801409064,0.2455244372897148,0.0627694007391197,0.0883990338457036,0.7852783203125,2.904,ae2bbec69aab1485eb55e2aaa2ed856f5e6288752532928ff41c9c832644b3e042b7748c95efa842645fa5a7531866abf1d9325ed52d74310c7abb88c4b738ec,,,,,,,,
860,4992481727517f6467702cb336e6c83956aa14f5746743dd3e77248208af37cdfff1bf4e46090ba011cf4b31af326298b298cdae76ceeee5891671a173e61aff,english_griffinlim_eval_final/fake_english_griffinlim/english_fake_0860.wav,0,3.672,-2.7340188026428223,3.60565996170044,0.0330474260522277,english,-2.229038119316101,4992481727517f6467702cb336e6c83956aa14f5746743dd3e77248208af37cdfff1bf4e46090ba011cf4b31af326298b298cdae76ceeee5891671a173e61aff,0.0330474260522277,0.7166939010886824,0.1468547476042214,0.1264546953207573,0.0205320710182001,0.141265869140625,3.672,4992481727517f6467702cb336e6c83956aa14f5746743dd3e77248208af37cdfff1bf4e46090ba011cf4b31af326298b298cdae76ceeee5891671a173e61aff,,,,,,,,
861,b15e81b74f3a01152401371744ce17a419c45a9415478075dd9d5dab5818374ad025c732871b55b1d5242f40357f577ab2dfd02950081c195bf04dd7b8aa7910,english_griffinlim_eval_final/fake_english_griffinlim/english_fake_0861.wav,0,5.976,-5.972541332244873,6.908952236175537,0.1085718262179549,english,-5.467560648918152,b15e81b74f3a01152401371744ce17a419c45a9415478075dd9d5dab5818374ad025c732871b55b1d5242f40357f577ab2dfd02950081c195bf04dd7b8aa7910,0.1085718262179549,0.9458887989901862,0.050835269095472,0.0028707064466562,0.119452862726134,0.902313232421875,5.976,b15e81b74f3a01152401371744ce17a419c45a9415478075dd9d5dab5818374ad025c732871b55b1d5242f40357f577ab2dfd02950081c195bf04dd7b8aa7910,,,,,,,,
862,a4af86783d53105aac4b6b62daad1f025209812be5334dfcac32446b7188f7d3e3d27e9a922472a79cce05ac99670fa5c040b97cdfbace708453023f449cfe4f,english_griffinlim_eval_final/fake_english_griffinlim/english_fake_0862.wav,0,5.832,-1.560896396636963,2.2107503414154053,0.2618105806350986,english,-1.0559157133102417,a4af86783d53105aac4b6b62daad1f025209812be5334dfcac32446b7188f7d3e3d27e9a922472a79cce05ac99670fa5c040b97cdfbace708453023f449cfe4f,0.2618105806350986,0.9074630519519152,0.0644781542543823,0.0276783439968311,0.1288267569860984,0.944976806640625,5.832,a4af86783d53105aac4b6b62daad1f025209812be5334dfcac32446b7188f7d3e3d27e9a922472a79cce05ac99670fa5c040b97cdfbace708453023f449cfe4f,,,,,,,,
863,b2e6ab6e09902afeb053f1d722553671229dcae0a113aa243831db452f4c1dd9e4155c9f5d66162287a27a8d0fba082e3bccc5f366b325cb293d1c60467e2b64,english_griffinlim_eval_final/fake_english_griffinlim/english_fake_0863.wav,0,5.304,-3.212017059326172,3.936656475067138,0.0130822516964268,english,-2.7070363759994507,b2e6ab6e09902afeb053f1d722553671229dcae0a113aa243831db452f4c1dd9e4155c9f5d66162287a27a8d0fba082e3bccc5f366b325cb293d1c60467e2b64,0.0130822516964268,0.950467899036126,0.0386428073287334,0.0091921581942801,0.0602686342926974,0.41070556640625,5.304,b2e6ab6e09902afeb053f1d722553671229dcae0a113aa243831db452f4c1dd9e4155c9f5d66162287a27a8d0fba082e3bccc5f366b325cb293d1c60467e2b64,,,,,,,,
864,b7a06485b66ceca8f705861fa9e7a4cba67430ffa115ab2ade662d0565d27d8754c7a4061f48849742776c92efad66ade4a648d25f20b3f560ab663f42256d4c,english_griffinlim_eval_final/fake_english_griffinlim/english_fake_0864.wav,0,3.456,-0.5949852466583252,1.1357492208480835,0.0144559937669464,english,-0.090004563331604,b7a06485b66ceca8f705861fa9e7a4cba67430ffa115ab2ade662d0565d27d8754c7a4061f48849742776c92efad66ade4a648d25f20b3f560ab663f42256d4c,0.0144559937669464,0.5300091344348122,0.3665162050552395,0.0934457271189246,0.0195995644050061,0.514129638671875,3.456,b7a06485b66ceca8f705861fa9e7a4cba67430ffa115ab2ade662d0565d27d8754c7a4061f48849742776c92efad66ade4a648d25f20b3f560ab663f42256d4c,,,,,,,,
865,8d0e1eb79f6b76705cc5af2590b6b1d85297a3666be5be7420f6ee5d3db8f81b0df4097cdf6e9ee75ac8436aef1eb3352e5dbecbb127cdefb441d5aa376b56f5,english_griffinlim_eval_final/fake_english_griffinlim/english_fake_0865.wav,0,2.808,-0.0111176259815692,0.1125408709049224,0.0004611732085993,english,0.493863057345152,8d0e1eb79f6b76705cc5af2590b6b1d85297a3666be5be7420f6ee5d3db8f81b0df4097cdf6e9ee75ac8436aef1eb3352e5dbecbb127cdefb441d5aa376b56f5,0.0004611732085993,0.8603965162581155,0.0996030546216478,0.0360226602734315,0.0389097524385869,0.729400634765625,2.808,8d0e1eb79f6b76705cc5af2590b6b1d85297a3666be5be7420f6ee5d3db8f81b0df4097cdf6e9ee75ac8436aef1eb3352e5dbecbb127cdefb441d5aa376b56f5,0.7424889553150881,0.1830149756399683,0.0744960690449435,0.7089075464113426,14.507446680938436,0.1590220204244392,0.3988292221758465,0.5583831728724415
866,4fe313b29861b4b597ad455c89a5075abbde5a78592e26c63c7bf1d17f4e7314b5c06bfafbc36ceea3b7410160d022aabe9f642707492f93d2dfa809829f11ab,english_griffinlim_eval_final/fake_english_griffinlim/english_fake_0866.wav,0,5.592,-4.571893215179443,5.374159812927246,0.2170181582858889,english,-4.066912531852722,4fe313b29861b4b597ad455c89a5075abbde5a78592e26c63c7bf1d17f4e7314b5c06bfafbc36ceea3b7410160d022aabe9f642707492f93d2dfa809829f11ab,0.2170181582858889,0.5949528357755102,0.3333069694019495,0.0707466451744188,0.0735423318518582,0.749481201171875,5.592,4fe313b29861b4b597ad455c89a5075abbde5a78592e26c63c7bf1d17f4e7314b5c06bfafbc36ceea3b7410160d022aabe9f642707492f93d2dfa809829f11ab,,,,,,,,
867,141d2fb979ebab495f92c338e4ca2fcc5a9d7b10f19be3047972ea5a0656809b99460f8afa0f5b12848e69becfe6185ae8f44f773289568ba1745fdbbdffaa82,english_griffinlim_eval_final/fake_english_griffinlim/english_fake_0867.wav,0,5.868,-5.982135772705078,6.969081878662109,0.0348569106410224,english,-5.477155089378357,141d2fb979ebab495f92c338e4ca2fcc5a9d7b10f19be3047972ea5a0656809b99460f8afa0f5b12848e69becfe6185ae8f44f773289568ba1745fdbbdffaa82,0.0348569106410224,0.9072408346272168,0.0819526048281204,0.0100428232958931,0.0896867168159034,0.747344970703125,5.868,141d2fb979ebab495f92c338e4ca2fcc5a9d7b10f19be3047972ea5a0656809b99460f8afa0f5b12848e69becfe6185ae8f44f773289568ba1745fdbbdffaa82,0.8389454583747782,0.1160236321378813,0.0450309094873405,0.7247193943959023,14.45912561749324,0.1494685159574079,0.3992936531606417,0.5688129549882818
868,cf166b2a376b2518887f5a2e3c347a69f495260309ac27cc1b860d599c86cf85ebf2f20f4dbee126894eecf204d9ef657ffd494c46e75ba0d5c4a227396385eb,english_griffinlim_eval_final/fake_english_griffinlim/english_fake_0868.wav,0,4.86,-6.077730178833008,6.957768440246582,0.3515343127538012,english,-5.572749495506287,cf166b2a376b2518887f5a2e3c347a69f495260309ac27cc1b860d599c86cf85ebf2f20f4dbee126894eecf204d9ef657ffd494c46e75ba0d5c4a227396385eb,0.3515343127538012,0.8092172707339594,0.0993064231837702,0.0912698764660076,0.1232475914847614,0.990020751953125,4.86,cf166b2a376b2518887f5a2e3c347a69f495260309ac27cc1b860d599c86cf85ebf2f20f4dbee126894eecf204d9ef657ffd494c46e75ba0d5c4a227396385eb,,,,,,,,
869,360a60af78d0612a060e6d6ba151636158209368ef8e61b4b8c3d6d80004e8e60e05a8502c7e7f0012328377934a147bbf09e1f1ad3f4ebe5ab3b5ce7382dd65,english_griffinlim_eval_final/fake_english_griffinlim/english_fake_0869.wav,0,3.168,-3.616315364837648,4.179283142089844,0.0513917534515334,english,-3.1113346815109266,360a60af78d0612a060e6d6ba151636158209368ef8e61b4b8c3d6d80004e8e60e05a8502c7e7f0012328377934a147bbf09e1f1ad3f4ebe5ab3b5ce7382dd65,0.0513917534515334,0.7898846999016452,0.0691126457829274,0.1389909458942455,0.0548775818301663,0.4315185546875,3.168,360a60af78d0612a060e6d6ba151636158209368ef8e61b4b8c3d6d80004e8e60e05a8502c7e7f0012328377934a147bbf09e1f1ad3f4ebe5ab3b5ce7382dd65,,,,,,,,
870,aebcedca97d4dfba67111773ff08416107789ed1535a4fdefa8f75d7c4feeb7f9f26283b32a81371ef2ae11107f1ad4b308b5dfe0d3a8bdb9b7be22c83754d4e,english_griffinlim_eval_final/fake_english_griffinlim/english_fake_0870.wav,0,2.544,-0.9629782438278198,1.3808133602142334,0.0203816431852261,english,-0.45799756050109863,aebcedca97d4dfba67111773ff08416107789ed1535a4fdefa8f75d7c4feeb7f9f26283b32a81371ef2ae11107f1ad4b308b5dfe0d3a8bdb9b7be22c83754d4e,0.0203816431852261,0.927126767130657,0.032310498639245,0.0398347464807871,0.0908754686337943,0.740325927734375,2.544,aebcedca97d4dfba67111773ff08416107789ed1535a4fdefa8f75d7c4feeb7f9f26283b32a81371ef2ae11107f1ad4b308b5dfe0d3a8bdb9b7be22c83754d4e,,,,,,,,
871,31133cc097d3a307032444b005a6c73f3a30eb6194e3cc1c4aeeb72161bd3fdfca786c90906932e958e7a713ed22237af8e93c310add52b42705c69dfdc9d862,english_griffinlim_eval_final/fake_english_griffinlim/english_fake_0871.wav,0,3.816,5.492268562316895,-7.114311218261719,0.1243309473797418,english,5.997249245643617,31133cc097d3a307032444b005a6c73f3a30eb6194e3cc1c4aeeb72161bd3fdfca786c90906932e958e7a713ed22237af8e93c310add52b42705c69dfdc9d862,0.1243309473797418,0.5187302782660996,0.3184890993360115,0.1369629259064661,0.0069027946540917,0.041046142578125,3.816,31133cc097d3a307032444b005a6c73f3a30eb6194e3cc1c4aeeb72161bd3fdfca786c90906932e958e7a713ed22237af8e93c310add52b42705c69dfdc9d862,,,,,,,,
872,7963691c43c8cc498c58f117527522bf772c76c38530570bc55ef04834f67fb7a9227bd0fa1f13e64e8de1cde6594f3501e172ab86559697c08726cac26f4c6f,english_griffinlim_eval_final/fake_english_griffinlim/english_fake_0872.wav,0,4.896,-6.111741065979004,7.033449649810791,0.0539248576130085,english,-5.606760382652283,7963691c43c8cc498c58f117527522bf772c76c38530570bc55ef04834f67fb7a9227bd0fa1f13e64e8de1cde6594f3501e172ab86559697c08726cac26f4c6f,0.0539248576130085,0.8270602000644142,0.1163638007022917,0.0545261182804278,0.0500463061009862,0.26776123046875,4.896,7963691c43c8cc498c58f117527522bf772c76c38530570bc55ef04834f67fb7a9227bd0fa1f13e64e8de1cde6594f3501e172ab86559697c08726cac26f4c6f,,,,,,,,
873,94e0029173b383f6bb8e6e5e8dfef3626d3d9d994a196e8e7bbdb0f34af77e25895e9b7c513b8a5f34db29084fb00838670bdf2e7735d34c53ed30363e8d7a17,english_griffinlim_eval_final/fake_english_griffinlim/english_fake_0873.wav,0,6.24,-1.101892113685608,1.6646907329559326,0.916434150926763,english,-0.5969114303588867,94e0029173b383f6bb8e6e5e8dfef3626d3d9d994a196e8e7bbdb0f34af77e25895e9b7c513b8a5f34db29084fb00838670bdf2e7735d34c53ed30363e8d7a17,0.916434150926763,0.3283883744670497,0.5463233899749347,0.124642070818011,0.0859494941766092,0.839447021484375,6.24,94e0029173b383f6bb8e6e5e8dfef3626d3d9d994a196e8e7bbdb0f34af77e25895e9b7c513b8a5f34db29084fb00838670bdf2e7735d34c53ed30363e8d7a17,,,,,,,,
874,068d2e0f81d4dd78bb9ce831cdefd14260f76428bf86b5c93d1c31fefafaeae08d9669c70c2118ae9febea3b523ce00deec29c1654dda41bdf44e1d55d1a5127,english_griffinlim_eval_final/fake_english_griffinlim/english_fake_0874.wav,0,4.572,-0.6581628322601318,1.1851558685302734,0.0031622867462614,english,-0.15318214893341064,068d2e0f81d4dd78bb9ce831cdefd14260f76428bf86b5c93d1c31fefafaeae08d9669c70c2118ae9febea3b523ce00deec29c1654dda41bdf44e1d55d1a5127,0.0031622867462614,0.922359669322278,0.0580950210216662,0.0164664981331349,0.0422910139051897,0.413970947265625,4.572,068d2e0f81d4dd78bb9ce831cdefd14260f76428bf86b5c93d1c31fefafaeae08d9669c70c2118ae9febea3b523ce00deec29c1654dda41bdf44e1d55d1a5127,,,,,,,,
875,3ba1bd9ba75198b6a877c1dc3399cb48cc7218516ac808bec57449617c10f7f1570579eea37fb50a650a7346d5348c75f9ca316583d59adca3eadff00fdafb12,english_griffinlim_eval_final/fake_english_griffinlim/english_fake_0875.wav,0,2.184,-3.993119239807129,4.827929496765137,0.000684117666067,english,-3.4881385564804077,3ba1bd9ba75198b6a877c1dc3399cb48cc7218516ac808bec57449617c10f7f1570579eea37fb50a650a7346d5348c75f9ca316583d59adca3eadff00fdafb12,0.000684117666067,0.9482707650116858,0.0400931624013147,0.00991893750336,0.0560863068836355,0.72039794921875,2.184,3ba1bd9ba75198b6a877c1dc3399cb48cc7218516ac808bec57449617c10f7f1570579eea37fb50a650a7346d5348c75f9ca316583d59adca3eadff00fdafb12,,,,,,,,
876,f95c9f478228e092e2955d5f9ac7f3ed04e8e3d6dae1cde6bb7ff2906bd5196e116ed863adfbbe02dd7c2012665a5d5d3f85d447a1c9cc58d293eeded5ee1763,english_griffinlim_eval_final/fake_english_griffinlim/english_fake_0876.wav,0,5.976,-6.030407428741455,6.835022926330566,0.1875452570464415,english,-5.525426745414734,f95c9f478228e092e2955d5f9ac7f3ed04e8e3d6dae1cde6bb7ff2906bd5196e116ed863adfbbe02dd7c2012665a5d5d3f85d447a1c9cc58d293eeded5ee1763,0.1875452570464415,0.7957712301683386,0.1601000149473165,0.0433392601993772,0.0872200369986203,0.635101318359375,5.976,f95c9f478228e092e2955d5f9ac7f3ed04e8e3d6dae1cde6bb7ff2906bd5196e116ed863adfbbe02dd7c2012665a5d5d3f85d447a1c9cc58d293eeded5ee1763,,,,,,,,
877,446a17a9c0c83bd0f1f9b25dfd8e097e8773bc164a7081854ac4b7e9003bde34bccf4c7c3687fa5b6cda5afa30ae8898f66f87843168ded29ff65a97689d3fce,english_griffinlim_eval_final/fake_english_griffinlim/english_fake_0877.wav,0,3.432,-1.047350525856018,1.6678242683410645,0.0777293658692303,english,-0.5423698425292969,446a17a9c0c83bd0f1f9b25dfd8e097e8773bc164a7081854ac4b7e9003bde34bccf4c7c3687fa5b6cda5afa30ae8898f66f87843168ded29ff65a97689d3fce,0.0777293658692303,0.6133367029762989,0.2144896803054995,0.16659522717795,0.0276952249389244,0.298919677734375,3.432,446a17a9c0c83bd0f1f9b25dfd8e097e8773bc164a7081854ac4b7e9003bde34bccf4c7c3687fa5b6cda5afa30ae8898f66f87843168ded29ff65a97689d3fce,,,,,,,,
878,aa0aa6c12cc130b987cfe9a9eeabb0f8f068db30cf82656b3a1660198c6f4b81ce65c5b9a67879d29bb57edf3afca3538aab1ad0b2b2f6101c7e9e798b6be56b,english_griffinlim_eval_final/fake_english_griffinlim/english_fake_0878.wav,0,3.36,-5.695346832275391,6.462635517120361,0.0134448529207322,english,-5.190366148948669,aa0aa6c12cc130b987cfe9a9eeabb0f8f068db30cf82656b3a1660198c6f4b81ce65c5b9a67879d29bb57edf3afca3538aab1ad0b2b2f6101c7e9e798b6be56b,0.0134448529207322,0.7888121755483882,0.1645004695023451,0.041910092361099,0.0327581671757661,0.248138427734375,3.36,aa0aa6c12cc130b987cfe9a9eeabb0f8f068db30cf82656b3a1660198c6f4b81ce65c5b9a67879d29bb57edf3afca3538aab1ad0b2b2f6101c7e9e798b6be56b,,,,,,,,
879,d83fdccca9769420abdaed1f3ae86ae7d925c3a43a17770c3b931613a03e8d6ed32a7aaa07163dd79016b8be140611cba54c7d296beac05b58ad3f6c00c05a44,english_griffinlim_eval_final/fake_english_griffinlim/english_fake_0879.wav,0,4.032,4.844412803649902,-6.161798000335693,0.0446520735434855,english,5.3493934869766235,d83fdccca9769420abdaed1f3ae86ae7d925c3a43a17770c3b931613a03e8d6ed32a7aaa07163dd79016b8be140611cba54c7d296beac05b58ad3f6c00c05a44,0.0446520735434855,0.6224455238000597,0.274715365464231,0.0869240838047867,0.0134630032886423,0.108001708984375,4.032,d83fdccca9769420abdaed1f3ae86ae7d925c3a43a17770c3b931613a03e8d6ed32a7aaa07163dd79016b8be140611cba54c7d296beac05b58ad3f6c00c05a44,0.610658293720788,0.297987464815095,0.0913542414641169,0.7332241422518315,14.330760146039134,0.1825381455634295,0.4419622323597214,0.6000903418819976
880,d7b8bd57a847b9f6a92eb975f2fe0a8686ee95a9e71b0168d5ee36090c94b373186a93d864491807465a14b0cb0cd867c6a52509095f73cb3c58490f0fb7f149,english_griffinlim_eval_final/fake_english_griffinlim/english_fake_0880.wav,0,7.92,-0.4954805374145508,0.8259580731391907,0.0357343559702157,english,0.00950014591217041,d7b8bd57a847b9f6a92eb975f2fe0a8686ee95a9e71b0168d5ee36090c94b373186a93d864491807465a14b0cb0cd867c6a52509095f73cb3c58490f0fb7f149,0.0357343559702157,0.8504779202334322,0.1319372230691853,0.0166487211438107,0.0782098123019841,0.74884033203125,7.92,d7b8bd57a847b9f6a92eb975f2fe0a8686ee95a9e71b0168d5ee36090c94b373186a93d864491807465a14b0cb0cd867c6a52509095f73cb3c58490f0fb7f149,,,,,,,,
881,f1a60f2e4410f0e58f1721110203035145750ce2bc1ba35b2dd927564edf5d4e01c88617fb532e6a27c97f770d264a6b91864dfdae47af1ad2bb6a7d198a3a5f,english_griffinlim_eval_final/fake_english_griffinlim/english_fake_0881.wav,0,3.336,-2.4580864906311035,3.3464341163635254,0.030946344648638,english,-1.9531058073043823,f1a60f2e4410f0e58f1721110203035145750ce2bc1ba35b2dd927564edf5d4e01c88617fb532e6a27c97f770d264a6b91864dfdae47af1ad2bb6a7d198a3a5f,0.030946344648638,0.8982999957143785,0.0952268597992941,0.0055757310340011,0.0856918603974645,0.63726806640625,3.336,f1a60f2e4410f0e58f1721110203035145750ce2bc1ba35b2dd927564edf5d4e01c88617fb532e6a27c97f770d264a6b91864dfdae47af1ad2bb6a7d198a3a5f,,,,,,,,
882,1e6f4b0a04b5d0d1b9bad571e182b5818bc5b161cf990136f19dbdf083c12681dfb19fac99c01f89d075dd0f9df319a654cd5d3452442a4c6945428db099766c,english_griffinlim_eval_final/fake_english_griffinlim/english_fake_0882.wav,0,2.784,-5.241545677185059,6.057061195373535,0.3680058255938409,english,-4.736564993858337,1e6f4b0a04b5d0d1b9bad571e182b5818bc5b161cf990136f19dbdf083c12681dfb19fac99c01f89d075dd0f9df319a654cd5d3452442a4c6945428db099766c,0.3680058255938409,0.7480322979520573,0.0286382958399006,0.2228259115972255,0.1037056287999721,0.873138427734375,2.784,1e6f4b0a04b5d0d1b9bad571e182b5818bc5b161cf990136f19dbdf083c12681dfb19fac99c01f89d075dd0f9df319a654cd5d3452442a4c6945428db099766c,,,,,,,,
883,dc7a6852f48d22de3cbcd76a7d2deeeec6198b4460fd6a6400b465b60c87bae9fa62e64609548d33496d04f34d0b0a99fa64977b866ddbc189994f779ae01608,english_griffinlim_eval_final/fake_english_griffinlim/english_fake_0883.wav,0,3.264,-4.752134323120117,5.559755802154541,0.0174202280269855,english,-4.247153639793396,dc7a6852f48d22de3cbcd76a7d2deeeec6198b4460fd6a6400b465b60c87bae9fa62e64609548d33496d04f34d0b0a99fa64977b866ddbc189994f779ae01608,0.0174202280269855,0.9306988487376964,0.043307860439415,0.0252053493061839,0.088889142720529,0.74102783203125,3.264,dc7a6852f48d22de3cbcd76a7d2deeeec6198b4460fd6a6400b465b60c87bae9fa62e64609548d33496d04f34d0b0a99fa64977b866ddbc189994f779ae01608,0.8454235974793318,0.1023266318601878,0.0522497706604803,0.7660093222078155,14.23093784167851,0.1633066732814379,0.4423737515277717,0.6212837313078662
884,82557ed50b74bac49d5fb53a88f1e68cce75de29a91d98c3cf2d1af73ac1a4a05b8bf92c984a37192e63b7209242b64dac903c3c69101cbe7d196047a60cf886,english_griffinlim_eval_final/fake_english_griffinlim/english_fake_0884.wav,0,7.308,-3.151948928833008,3.973667621612549,0.0513099998350136,english,-2.6469682455062866,82557ed50b74bac49d5fb53a88f1e68cce75de29a91d98c3cf2d1af73ac1a4a05b8bf92c984a37192e63b7209242b64dac903c3c69101cbe7d196047a60cf886,0.0513099998350136,0.8684788235806722,0.1176276757085221,0.0129005425412694,0.0794640303128184,0.654144287109375,7.308,82557ed50b74bac49d5fb53a88f1e68cce75de29a91d98c3cf2d1af73ac1a4a05b8bf92c984a37192e63b7209242b64dac903c3c69101cbe7d196047a60cf886,0.8117844644158624,0.1519639360638132,0.0362515995203243,0.7081295351930321,14.53428556233986,0.1478939127655017,0.3869666948676006,0.552523352576523
885,e0e45102bccd63c24ba978c5b2e36426de8db4e7a2c5fe43e2df5220bd2b3051b1ece996cd6fd8f12d6999973461c490bd5db05e4947609f122e5dc2bfcef5fb,english_griffinlim_eval_final/fake_english_griffinlim/english_fake_0885.wav,0,4.416,-4.44008731842041,5.25436544418335,0.0109125561387828,english,-3.935106635093689,e0e45102bccd63c24ba978c5b2e36426de8db4e7a2c5fe43e2df5220bd2b3051b1ece996cd6fd8f12d6999973461c490bd5db05e4947609f122e5dc2bfcef5fb,0.0109125561387828,0.8905779455734464,0.0862263169251006,0.0203412357535745,0.0439809302270259,0.290313720703125,4.416,e0e45102bccd63c24ba978c5b2e36426de8db4e7a2c5fe43e2df5220bd2b3051b1ece996cd6fd8f12d6999973461c490bd5db05e4947609f122e5dc2bfcef5fb,,,,,,,,
886,fd48e7acec23ba4e8630b5065164f337a76a615c7a2bc40c7d860e1e429f32834c6e9928aee0e47c844295e71d003be056e099d178268103c277a965ddfe4778,english_griffinlim_eval_final/fake_english_griffinlim/english_fake_0886.wav,0,6.744,-5.946123123168945,6.857001304626465,0.0088864095519991,english,-5.441142439842224,fd48e7acec23ba4e8630b5065164f337a76a615c7a2bc40c7d860e1e429f32834c6e9928aee0e47c844295e71d003be056e099d178268103c277a965ddfe4778,0.0088864095519991,0.9438503937737708,0.0445040395025072,0.0106666960503672,0.0780826285658817,0.7781982421875,6.744,fd48e7acec23ba4e8630b5065164f337a76a615c7a2bc40c7d860e1e429f32834c6e9928aee0e47c844295e71d003be056e099d178268103c277a965ddfe4778,,,,,,,,
887,2244e45bd05ba9bc961063bbea119b7e7a548e31afe1315539c26301a870d3b2ae1c9a0738dc7fa6b9383e926e225bf66b4cde27fc00b62e601e2d6a3fc7baae,english_griffinlim_eval_final/fake_english_griffinlim/english_fake_0887.wav,0,5.22,-5.605117321014404,6.362650871276856,0.2447403799532773,english,-5.100136637687683,2244e45bd05ba9bc961063bbea119b7e7a548e31afe1315539c26301a870d3b2ae1c9a0738dc7fa6b9383e926e225bf66b4cde27fc00b62e601e2d6a3fc7baae,0.2447403799532773,0.7050175253341502,0.0756540248329908,0.2182834700709332,0.0767413847746158,0.736358642578125,5.22,2244e45bd05ba9bc961063bbea119b7e7a548e31afe1315539c26301a870d3b2ae1c9a0738dc7fa6b9383e926e225bf66b4cde27fc00b62e601e2d6a3fc7baae,,,,,,,,
888,76c9f8a8f018cb1a1837f237862266e5e4558b176f18afa1692f9061136d7ed1220f71b4dc61d1afd073d6632d2cb497c30d8222c299c6a65184c32128c535a7,english_griffinlim_eval_final/fake_english_griffinlim/english_fake_0888.wav,0,4.392,-0.8757759928703308,1.3337633609771729,0.0414302637694971,english,-0.3707953095436096,76c9f8a8f018cb1a1837f237862266e5e4558b176f18afa1692f9061136d7ed1220f71b4dc61d1afd073d6632d2cb497c30d8222c299c6a65184c32128c535a7,0.0414302637694971,0.7803464968678905,0.1447985617085847,0.0728516294571541,0.0519125781032568,0.41302490234375,4.392,76c9f8a8f018cb1a1837f237862266e5e4558b176f18afa1692f9061136d7ed1220f71b4dc61d1afd073d6632d2cb497c30d8222c299c6a65184c32128c535a7,0.7471096979151208,0.1886729295831064,0.0642173725017726,0.7278191803382343,14.412990369011544,0.1645164686313318,0.4151007499054521,0.5793892013749437
889,cc7cc15dbf1966fe301042b960b06893a68fd036d88915f4267b56d3d1dbd2c4aff1078274af41f50a01168b66f71b1ef9b9b12a6a64747dd70329071684590d,english_griffinlim_eval_final/fake_english_griffinlim/english_fake_0889.wav,0,4.32,-0.3847307562828064,0.4300052523612976,0.0341488146731951,english,0.1202499270439148,cc7cc15dbf1966fe301042b960b06893a68fd036d88915f4267b56d3d1dbd2c4aff1078274af41f50a01168b66f71b1ef9b9b12a6a64747dd70329071684590d,0.0341488146731951,0.6472415289687692,0.2648010818009424,0.0751181179476083,0.0164981134921592,0.155029296875,4.32,cc7cc15dbf1966fe301042b960b06893a68fd036d88915f4267b56d3d1dbd2c4aff1078274af41f50a01168b66f71b1ef9b9b12a6a64747dd70329071684590d,,,,,,,,
890,cce369fc705a1134e453fab4a71a97a62179bfe154532e45953569ba46ca92afafea1873b47080e2a2d758b2e820712f88d881d7cd56025ea7e4ef9a678ccc28,english_griffinlim_eval_final/fake_english_griffinlim/english_fake_0890.wav,0,4.752,-5.927214622497559,6.818208694458008,0.0233978792594058,english,-5.422233939170837,cce369fc705a1134e453fab4a71a97a62179bfe154532e45953569ba46ca92afafea1873b47080e2a2d758b2e820712f88d881d7cd56025ea7e4ef9a678ccc28,0.0233978792594058,0.7572839835485166,0.1420884563840636,0.0954478088219342,0.0319929860002592,0.299591064453125,4.752,cce369fc705a1134e453fab4a71a97a62179bfe154532e45953569ba46ca92afafea1873b47080e2a2d758b2e820712f88d881d7cd56025ea7e4ef9a678ccc28,,,,,,,,
891,a86c9335f90a338b6316d8d2458f24c018ff96cc7a3955154135ac74b16bc14f141117cbc072c019f3006b5825b692a8172a56c436d2c9c4f50f591253d89a68,english_griffinlim_eval_final/fake_english_griffinlim/english_fake_0891.wav,0,7.416,-0.6692540645599365,1.1638801097869873,0.286012263330132,english,-0.16427338123321533,a86c9335f90a338b6316d8d2458f24c018ff96cc7a3955154135ac74b16bc14f141117cbc072c019f3006b5825b692a8172a56c436d2c9c4f50f591253d89a68,0.286012263330132,0.5584286514175698,0.1647148597535606,0.2737445214372144,0.0393307904280232,0.54583740234375,7.416,a86c9335f90a338b6316d8d2458f24c018ff96cc7a3955154135ac74b16bc14f141117cbc072c019f3006b5825b692a8172a56c436d2c9c4f50f591253d89a68,,,,,,,,
892,5eaa49f00193ae8a891fa69e0c5a5ddbaf415ec00f344e11d982c8ec02606e2c4af3b7d9e4dc96fc3f68a296ff841aabea06ee2177d4966adfaeb885a7031ced,english_griffinlim_eval_final/fake_english_griffinlim/english_fake_0892.wav,0,3.24,1.3592437505722046,-1.8977206945419312,0.0240679620344472,english,1.8642244338989258,5eaa49f00193ae8a891fa69e0c5a5ddbaf415ec00f344e11d982c8ec02606e2c4af3b7d9e4dc96fc3f68a296ff841aabea06ee2177d4966adfaeb885a7031ced,0.0240679620344472,0.658389108787231,0.2745558694667617,0.057532890762791,0.0204398000417574,0.1978759765625,3.24,5eaa49f00193ae8a891fa69e0c5a5ddbaf415ec00f344e11d982c8ec02606e2c4af3b7d9e4dc96fc3f68a296ff841aabea06ee2177d4966adfaeb885a7031ced,,,,,,,,
893,7992ee59c8a9af9b74fd6f0cc12eaee3da35f588ff19c8859c39fb46d64da542518c2cbe3f8d7657ed6838f721781f9bbb0c82bc15bf31fb662c88b124ba6494,english_griffinlim_eval_final/fake_english_griffinlim/english_fake_0893.wav,0,4.824,-3.975057601928711,4.814663887023926,0.0141278088971221,english,-3.4700769186019897,7992ee59c8a9af9b74fd6f0cc12eaee3da35f588ff19c8859c39fb46d64da542518c2cbe3f8d7657ed6838f721781f9bbb0c82bc15bf31fb662c88b124ba6494,0.0141278088971221,0.7115827691739863,0.1832427453890729,0.1038909702907386,0.0676289698817224,0.959014892578125,4.824,7992ee59c8a9af9b74fd6f0cc12eaee3da35f588ff19c8859c39fb46d64da542518c2cbe3f8d7657ed6838f721781f9bbb0c82bc15bf31fb662c88b124ba6494,,,,,,,,
894,2648b9233842ccd399c847f426963172fd89176e6dbe3b4cbbaf113c5051801d1fb165bab5fe541158070dc75c49a889d33e524a078de7ee7c8de087b6fc920e,english_griffinlim_eval_final/fake_english_griffinlim/english_fake_0894.wav,0,6.408,-5.115375518798828,5.765523910522461,0.9679391660220064,english,-4.610394835472107,2648b9233842ccd399c847f426963172fd89176e6dbe3b4cbbaf113c5051801d1fb165bab5fe541158070dc75c49a889d33e524a078de7ee7c8de087b6fc920e,0.9679391660220064,0.3766735119858018,0.2099038469700196,0.4123013126732486,0.0637092877015312,0.6007080078125,6.408,2648b9233842ccd399c847f426963172fd89176e6dbe3b4cbbaf113c5051801d1fb165bab5fe541158070dc75c49a889d33e524a078de7ee7c8de087b6fc920e,,,,,,,,
895,66c5ade06d5c39018494d85399f777a4e54aff64fa61496148dbcfb071f01d3867fdb943e218a92ed7e7dc3207828418408b8a00a0e175d12296a340d5e2fc1e,english_griffinlim_eval_final/fake_english_griffinlim/english_fake_0895.wav,0,7.56,-5.869372367858887,6.74075174331665,0.1362824364316812,english,-5.3643916845321655,66c5ade06d5c39018494d85399f777a4e54aff64fa61496148dbcfb071f01d3867fdb943e218a92ed7e7dc3207828418408b8a00a0e175d12296a340d5e2fc1e,0.1362824364316812,0.7263638148733468,0.2555201164666932,0.0173325896164978,0.0834353518944613,0.777435302734375,7.56,66c5ade06d5c39018494d85399f777a4e54aff64fa61496148dbcfb071f01d3867fdb943e218a92ed7e7dc3207828418408b8a00a0e175d12296a340d5e2fc1e,,,,,,,,
896,99eff2a26dd921ba0702130d8ba09ba245538852f2b45112a6bc394bbd2a99b4ae826748a9df907ce7ead060ee31daa4b19c9a7b271f25e7a3e66017464a5893,english_griffinlim_eval_final/fake_english_griffinlim/english_fake_0896.wav,0,2.856,-0.550065815448761,1.01246976852417,0.6747363632255361,english,-0.045085132122039795,99eff2a26dd921ba0702130d8ba09ba245538852f2b45112a6bc394bbd2a99b4ae826748a9df907ce7ead060ee31daa4b19c9a7b271f25e7a3e66017464a5893,0.6747363632255361,0.416362916789493,0.2570912762221685,0.3258228791294356,0.0804611059482939,0.983978271484375,2.856,99eff2a26dd921ba0702130d8ba09ba245538852f2b45112a6bc394bbd2a99b4ae826748a9df907ce7ead060ee31daa4b19c9a7b271f25e7a3e66017464a5893,,,,,,,,
897,d1813b3a39bbd5d6f35e04e8e2151930a40e56cefcc57eb71351d6cde06a360b99e6c7791989ff337b308103b8dd7f2f705c01f88506ec4146042276b5a122ce,english_griffinlim_eval_final/fake_english_griffinlim/english_fake_0897.wav,0,6.864,-0.0672493577003479,0.3452466130256653,0.1253568898316492,english,0.4377313256263733,d1813b3a39bbd5d6f35e04e8e2151930a40e56cefcc57eb71351d6cde06a360b99e6c7791989ff337b308103b8dd7f2f705c01f88506ec4146042276b5a122ce,0.1253568898316492,0.6691872976695564,0.2219800618788062,0.1051712274212279,0.0385124371099969,0.32818603515625,6.864,d1813b3a39bbd5d6f35e04e8e2151930a40e56cefcc57eb71351d6cde06a360b99e6c7791989ff337b308103b8dd7f2f705c01f88506ec4146042276b5a122ce,0.7274747167767871,0.1984105545902239,0.0741147286329889,0.6842504473953916,14.66470054911613,0.1318302294770825,0.3649702598132973,0.5255073149813625
898,e8e299ceb26b0e13b890a83f6e2aa8c464520fe1271a4ab4f4e853f296d4c70c50f829f7bd0eae70d82b1f9b93f432c70682122db4fb7427c802ff11ceba0fd5,english_griffinlim_eval_final/fake_english_griffinlim/english_fake_0898.wav,0,4.32,-2.140645980834961,2.989210605621338,0.0079442568044518,english,-1.6356652975082397,e8e299ceb26b0e13b890a83f6e2aa8c464520fe1271a4ab4f4e853f296d4c70c50f829f7bd0eae70d82b1f9b93f432c70682122db4fb7427c802ff11ceba0fd5,0.0079442568044518,0.8764532059876764,0.110683785906339,0.0114988794607842,0.0654882587283537,0.6488037109375,4.32,e8e299ceb26b0e13b890a83f6e2aa8c464520fe1271a4ab4f4e853f296d4c70c50f829f7bd0eae70d82b1f9b93f432c70682122db4fb7427c802ff11ceba0fd5,,,,,,,,
899,4c9c8cbd6e079193d65a7e04f31a0dfae0fb5fd58f2b35b91d31ff6046028276d41e47650626d0b2c99b8d894414ae68c495d346c9c260d0dc6b14b9cfe7298c,english_griffinlim_eval_final/fake_english_griffinlim/english_fake_0899.wav,0,6.3,0.8899682760238647,-1.309916615486145,0.1072417697806833,english,1.394948959350586,4c9c8cbd6e079193d65a7e04f31a0dfae0fb5fd58f2b35b91d31ff6046028276d41e47650626d0b2c99b8d894414ae68c495d346c9c260d0dc6b14b9cfe7298c,0.1072417697806833,0.626584604403809,0.1556341831056682,0.212147209990222,0.0294867008211803,0.388946533203125,6.3,4c9c8cbd6e079193d65a7e04f31a0dfae0fb5fd58f2b35b91d31ff6046028276d41e47650626d0b2c99b8d894414ae68c495d346c9c260d0dc6b14b9cfe7298c,,,,,,,,
900,b56ce5c4a3fa8b8f8f730736d5cd10f19915e92fbc63d121679a541cfd3a225d584bee330df7fffa2a5b270449c780e395e4fa46e685855aec2b511dc7dca104,english_griffinlim_eval_final/fake_english_griffinlim/english_fake_0900.wav,0,3.768,-1.748184323310852,2.6397910118103027,0.4290161198956809,english,-1.2432036399841309,b56ce5c4a3fa8b8f8f730736d5cd10f19915e92fbc63d121679a541cfd3a225d584bee330df7fffa2a5b270449c780e395e4fa46e685855aec2b511dc7dca104,0.4290161198956809,0.7060944559395992,0.0792966763473512,0.213717913879775,0.0805896331904427,0.602874755859375,3.768,b56ce5c4a3fa8b8f8f730736d5cd10f19915e92fbc63d121679a541cfd3a225d584bee330df7fffa2a5b270449c780e395e4fa46e685855aec2b511dc7dca104,,,,,,,,
901,a91353e64024852cd001d6fe17a31bee8c82d1f30376155994ef602a2bd387b40b6befd84245937a0e355121e50dce126d77eb2fb6d709d7ae22eea7d6343c17,english_griffinlim_eval_final/fake_english_griffinlim/english_fake_0901.wav,0,6.144,-5.844642639160156,6.797950744628906,0.277203030266565,english,-5.339661955833435,a91353e64024852cd001d6fe17a31bee8c82d1f30376155994ef602a2bd387b40b6befd84245937a0e355121e50dce126d77eb2fb6d709d7ae22eea7d6343c17,0.277203030266565,0.6073145493529098,0.3600951685803318,0.0316301413667499,0.0767373235046484,0.70068359375,6.144,a91353e64024852cd001d6fe17a31bee8c82d1f30376155994ef602a2bd387b40b6befd84245937a0e355121e50dce126d77eb2fb6d709d7ae22eea7d6343c17,,,,,,,,
902,159b58b5b8c0be4886690fdb1021843612807181e092f8c4e248190b8fb4e3a300bbdeddc8b9eebf043f129da38256409213f78bdf4cca33e4650a9eaf5d8526,english_griffinlim_eval_final/fake_english_griffinlim/english_fake_0902.wav,0,3.048,-3.537945508956909,4.275369644165039,0.116071042383992,english,-3.032964825630188,159b58b5b8c0be4886690fdb1021843612807181e092f8c4e248190b8fb4e3a300bbdeddc8b9eebf043f129da38256409213f78bdf4cca33e4650a9eaf5d8526,0.116071042383992,0.551620626775682,0.3524552675160793,0.0948578567877718,0.0687808297011553,0.81048583984375,3.048,159b58b5b8c0be4886690fdb1021843612807181e092f8c4e248190b8fb4e3a300bbdeddc8b9eebf043f129da38256409213f78bdf4cca33e4650a9eaf5d8526,0.6344199850309611,0.2374993183119792,0.1280806966570597,0.6897288723155843,14.652279545672696,0.1266811503397796,0.3579035788935757,0.5244411022373074
903,8abb5db0eef834e8f6dbcdd9f0d74cb131e5fcb6a764445ab5e98cfc43d920def095e69306da6e03da7030540d732162aa0126e9b9c22ff034f06cd2a4ab2173,english_griffinlim_eval_final/fake_english_griffinlim/english_fake_0903.wav,0,2.664,4.696199893951416,-6.166505813598633,0.0081112426605675,english,5.201180577278137,8abb5db0eef834e8f6dbcdd9f0d74cb131e5fcb6a764445ab5e98cfc43d920def095e69306da6e03da7030540d732162aa0126e9b9c22ff034f06cd2a4ab2173,0.0081112426605675,0.779810296642549,0.1876000837180176,0.0278043616090241,0.0332210693656207,0.311431884765625,2.664,8abb5db0eef834e8f6dbcdd9f0d74cb131e5fcb6a764445ab5e98cfc43d920def095e69306da6e03da7030540d732162aa0126e9b9c22ff034f06cd2a4ab2173,,,,,,,,
904,a41b49f8d6eeb4e645b0a2bda92ae9eca9b7e1ab97810f77041c7f813463519cf45983f4605f81d12857a23d579b70596d00e8a3a7563aa10d42115fe3a73d47,english_griffinlim_eval_final/fake_english_griffinlim/english_fake_0904.wav,0,5.16,-2.729001045227051,3.5002541542053223,0.0869940852595344,english,-2.2240203619003296,a41b49f8d6eeb4e645b0a2bda92ae9eca9b7e1ab97810f77041c7f813463519cf45983f4605f81d12857a23d579b70596d00e8a3a7563aa10d42115fe3a73d47,0.0869940852595344,0.7311558289166072,0.1479896896336426,0.1184986749988031,0.0480490101069146,0.38519287109375,5.16,a41b49f8d6eeb4e645b0a2bda92ae9eca9b7e1ab97810f77041c7f813463519cf45983f4605f81d12857a23d579b70596d00e8a3a7563aa10d42115fe3a73d47,,,,,,,,
905,cbbf0b4896d532ed8bfad4d3a82e356c699d62cc1f88faaaae8cfeca06bb2376e81af1802e342dfedc6673c08b59d030e0892299d0d516938fc4b40c0b9396fe,english_griffinlim_eval_final/fake_english_griffinlim/english_fake_0905.wav,0,4.776,-6.063414573669434,6.937892913818359,0.1631652587439945,english,-5.558433890342712,cbbf0b4896d532ed8bfad4d3a82e356c699d62cc1f88faaaae8cfeca06bb2376e81af1802e342dfedc6673c08b59d030e0892299d0d516938fc4b40c0b9396fe,0.1631652587439945,0.8714546195781632,0.1209139140979965,0.0072068792787616,0.1156845741585082,0.858367919921875,4.776,cbbf0b4896d532ed8bfad4d3a82e356c699d62cc1f88faaaae8cfeca06bb2376e81af1802e342dfedc6673c08b59d030e0892299d0d516938fc4b40c0b9396fe,,,,,,,,
906,344c8d7e1e6fd996d881232606c3742cd344cae9e25cad0dbdb46e42d2ff74e8434deb4c6da13efd6e735ad95cbbc88b310ecacdeec47af5945e56caa2583651,english_griffinlim_eval_final/fake_english_griffinlim/english_fake_0906.wav,0,4.992,-0.1805498749017715,0.4216183125972748,0.1047104496276025,english,0.3244308084249497,344c8d7e1e6fd996d881232606c3742cd344cae9e25cad0dbdb46e42d2ff74e8434deb4c6da13efd6e735ad95cbbc88b310ecacdeec47af5945e56caa2583651,0.1047104496276025,0.5286529937872209,0.3751190540287141,0.091772631714446,0.0320197121656348,0.415435791015625,4.992,344c8d7e1e6fd996d881232606c3742cd344cae9e25cad0dbdb46e42d2ff74e8434deb4c6da13efd6e735ad95cbbc88b310ecacdeec47af5945e56caa2583651,,,,,,,,
907,e873e7a2b27ce654de6921916a75fd32f3addbe2f0d3debde9c8ac68a0fc624e039368043edd2f2dd5ae19f5e311c3a228d1cad655c55713d88366f7026ed09a,english_griffinlim_eval_final/fake_english_griffinlim/english_fake_0907.wav,0,5.148,-5.961319923400879,6.853005409240723,0.2930615198734086,english,-5.456339240074158,e873e7a2b27ce654de6921916a75fd32f3addbe2f0d3debde9c8ac68a0fc624e039368043edd2f2dd5ae19f5e311c3a228d1cad655c55713d88366f7026ed09a,0.2930615198734086,0.8649124430232199,0.0999405675518901,0.0347187393983792,0.1208803994545456,0.86248779296875,5.148,e873e7a2b27ce654de6921916a75fd32f3addbe2f0d3debde9c8ac68a0fc624e039368043edd2f2dd5ae19f5e311c3a228d1cad655c55713d88366f7026ed09a,0.7332722861585327,0.1918086023977359,0.0749191114437313,0.7366834209701261,14.306929649791805,0.1910372910207326,0.442164989824209,0.5970859113649845
908,bc5a71e9a79cb49f68661c1eaa86abe855b84ed3f880445aaa45ac909a3040e2630a5ba3deeaa5ec5f6aa890d75410a52d06562af517b286e67b2cd539b3f4a4,english_griffinlim_eval_final/fake_english_griffinlim/english_fake_0908.wav,0,3.42,-1.440093994140625,2.038421392440796,0.0117489822596026,english,-0.9351133108139038,bc5a71e9a79cb49f68661c1eaa86abe855b84ed3f880445aaa45ac909a3040e2630a5ba3deeaa5ec5f6aa890d75410a52d06562af517b286e67b2cd539b3f4a4,0.0117489822596026,0.78114885319376,0.1608569574468108,0.0495923978122367,0.0229059074712891,0.15216064453125,3.42,bc5a71e9a79cb49f68661c1eaa86abe855b84ed3f880445aaa45ac909a3040e2630a5ba3deeaa5ec5f6aa890d75410a52d06562af517b286e67b2cd539b3f4a4,,,,,,,,
909,e7290b010bf35d7cd117f6a85b79dd72c28d246ea6fea4b3c81c7c86fa32528c4f7c69d3c2c625a1df5f1f0420b14ecbfcb89a0053db0b855a8384ef71b1b520,english_griffinlim_eval_final/fake_english_griffinlim/english_fake_0909.wav,0,6.696,-5.862458229064941,6.897641181945801,0.095601433223895,english,-5.35747754573822,e7290b010bf35d7cd117f6a85b79dd72c28d246ea6fea4b3c81c7c86fa32528c4f7c69d3c2c625a1df5f1f0420b14ecbfcb89a0053db0b855a8384ef71b1b520,0.095601433223895,0.8122331722686809,0.1751801676726619,0.0121586303333232,0.1065137402361005,0.990020751953125,6.696,e7290b010bf35d7cd117f6a85b79dd72c28d246ea6fea4b3c81c7c86fa32528c4f7c69d3c2c625a1df5f1f0420b14ecbfcb89a0053db0b855a8384ef71b1b520,,,,,,,,
910,a1881aa7f5c8a03355c575c40251b3a2a987a6c86522bc77acb556a0267e5190bc3778424c9846f9e73c372fd67fc131c84fd484e072d72c15e29e59606d9c92,english_griffinlim_eval_final/fake_english_griffinlim/english_fake_0910.wav,0,4.896,-4.3678879737854,5.235845565795898,0.0361733514494337,english,-3.862907290458679,a1881aa7f5c8a03355c575c40251b3a2a987a6c86522bc77acb556a0267e5190bc3778424c9846f9e73c372fd67fc131c84fd484e072d72c15e29e59606d9c92,0.0361733514494337,0.8707051724285114,0.1152605148904311,0.0132308909660824,0.0858631258992198,0.717254638671875,4.896,a1881aa7f5c8a03355c575c40251b3a2a987a6c86522bc77acb556a0267e5190bc3778424c9846f9e73c372fd67fc131c84fd484e072d72c15e29e59606d9c92,,,,,,,,
911,29b8505586cd43382cd695da6b943f401104be710a5b60e814ac5fe7e06b39459cf8fe1701ca83f8154b3ccd749df7c2aef33ff23950bb1a135b1e1c393dbcf6,english_griffinlim_eval_final/fake_english_griffinlim/english_fake_0911.wav,0,5.58,-5.896329879760742,6.799009799957275,0.1172493403356084,english,-5.391349196434021,29b8505586cd43382cd695da6b943f401104be710a5b60e814ac5fe7e06b39459cf8fe1701ca83f8154b3ccd749df7c2aef33ff23950bb1a135b1e1c393dbcf6,0.1172493403356084,0.6062644798548058,0.3836799503411008,0.0087900576693307,0.0611865986140192,0.612030029296875,5.58,29b8505586cd43382cd695da6b943f401104be710a5b60e814ac5fe7e06b39459cf8fe1701ca83f8154b3ccd749df7c2aef33ff23950bb1a135b1e1c393dbcf6,,,,,,,,
912,9c36ca39fbb5f0e1b7d04c76152d2d13695cc4c6681a7bfefbec9b33e68c6320185285db2432fabc103fa94ce6cfafa4563af166c77b845ded14887f9287a540,english_griffinlim_eval_final/fake_english_griffinlim/english_fake_0912.wav,0,5.568,-6.085783004760742,7.02571964263916,0.0118071159468202,english,-5.580802321434021,9c36ca39fbb5f0e1b7d04c76152d2d13695cc4c6681a7bfefbec9b33e68c6320185285db2432fabc103fa94ce6cfafa4563af166c77b845ded14887f9287a540,0.0118071159468202,0.8081701237781069,0.1610440753560281,0.0285739186266095,0.0480559852210511,0.511016845703125,5.568,9c36ca39fbb5f0e1b7d04c76152d2d13695cc4c6681a7bfefbec9b33e68c6320185285db2432fabc103fa94ce6cfafa4563af166c77b845ded14887f9287a540,,,,,,,,
913,ac033bcb388b843d9826ed30f7b6bcbce5f9e8202097f796c10aff8c58d5e766bbb828804ce3d725b5354221db9b376d486fc0248be1e565d70f6a9bf77701de,english_griffinlim_eval_final/fake_english_griffinlim/english_fake_0913.wav,0,6.3,-3.367795944213867,4.206324577331543,0.0119314304258423,english,-2.862815260887146,ac033bcb388b843d9826ed30f7b6bcbce5f9e8202097f796c10aff8c58d5e766bbb828804ce3d725b5354221db9b376d486fc0248be1e565d70f6a9bf77701de,0.0119314304258423,0.9125200744123344,0.0733722437792121,0.0121859848493722,0.0548686952375825,0.446441650390625,6.3,ac033bcb388b843d9826ed30f7b6bcbce5f9e8202097f796c10aff8c58d5e766bbb828804ce3d725b5354221db9b376d486fc0248be1e565d70f6a9bf77701de,,,,,,,,
914,d7b8bd57a847b9f6a92eb975f2fe0a8686ee95a9e71b0168d5ee36090c94b373186a93d864491807465a14b0cb0cd867c6a52509095f73cb3c58490f0fb7f149,english_griffinlim_eval_final/fake_english_griffinlim/english_fake_0914.wav,0,4.14,-1.05918550491333,1.650156021118164,0.0028421068710525,english,-0.5542048215866089,d7b8bd57a847b9f6a92eb975f2fe0a8686ee95a9e71b0168d5ee36090c94b373186a93d864491807465a14b0cb0cd867c6a52509095f73cb3c58490f0fb7f149,0.0028421068710525,0.8426753998038417,0.1392406795893944,0.0168995897928746,0.0721736603879229,0.95660400390625,4.14,d7b8bd57a847b9f6a92eb975f2fe0a8686ee95a9e71b0168d5ee36090c94b373186a93d864491807465a14b0cb0cd867c6a52509095f73cb3c58490f0fb7f149,,,,,,,,
915,a615cd433b46fc7089e4ac8cb0cf11f1a9556fd859ca452c54dd934b277f25d083b12d766390e7d639bdd9dbf1dd1b8b744ac39559d16cd3e8f9568abeb26e76,english_griffinlim_eval_final/fake_english_griffinlim/english_fake_0915.wav,0,2.88,-0.5311843156814575,0.6130611896514893,0.0015835865215867,english,-0.026203632354736328,a615cd433b46fc7089e4ac8cb0cf11f1a9556fd859ca452c54dd934b277f25d083b12d766390e7d639bdd9dbf1dd1b8b744ac39559d16cd3e8f9568abeb26e76,0.0015835865215867,0.795670486655898,0.1712024506021478,0.0322896172873669,0.0643773129610091,0.989990234375,2.88,a615cd433b46fc7089e4ac8cb0cf11f1a9556fd859ca452c54dd934b277f25d083b12d766390e7d639bdd9dbf1dd1b8b744ac39559d16cd3e8f9568abeb26e76,,,,,,,,
916,0f18104e03d5e581438478e9674a659629658c17a3e794bcc28993da355930aca6d790aff81d0d7ab22de74f548b9e8961dc2d5ecb81f3bf3e19910e4501a480,english_griffinlim_eval_final/fake_english_griffinlim/english_fake_0916.wav,0,7.488,-0.2429153770208358,0.3902072608470917,0.0143007819926612,english,0.2620653063058854,0f18104e03d5e581438478e9674a659629658c17a3e794bcc28993da355930aca6d790aff81d0d7ab22de74f548b9e8961dc2d5ecb81f3bf3e19910e4501a480,0.0143007819926612,0.7753442019875285,0.2053432925375216,0.0167695797768126,0.0457094002849389,0.5506591796875,7.488,0f18104e03d5e581438478e9674a659629658c17a3e794bcc28993da355930aca6d790aff81d0d7ab22de74f548b9e8961dc2d5ecb81f3bf3e19910e4501a480,0.6951804213387065,0.2492925360377192,0.0555270426235743,0.7084258872497349,14.524040071373491,0.15168057348325,0.3946431338889147,0.5556953095673173
917,6ac8b1a295e2a4a5b11a602a368771530cd7b900ee5d8b552946eb8d32c21f4694c786c41ca996b12adb8a1d1e15160f84cb0632d9359cf84c6d99a18745692e,english_griffinlim_eval_final/fake_english_griffinlim/english_fake_0917.wav,0,5.328,-4.470373153686523,5.266445159912109,0.0283566885747321,english,-3.9653924703598022,6ac8b1a295e2a4a5b11a602a368771530cd7b900ee5d8b552946eb8d32c21f4694c786c41ca996b12adb8a1d1e15160f84cb0632d9359cf84c6d99a18745692e,0.0283566885747321,0.8442250226904704,0.1252453558120552,0.0296964468656399,0.0823747568466602,0.78173828125,5.328,6ac8b1a295e2a4a5b11a602a368771530cd7b900ee5d8b552946eb8d32c21f4694c786c41ca996b12adb8a1d1e15160f84cb0632d9359cf84c6d99a18745692e,,,,,,,,
918,9eb48b93568156e588fc8fb440555147c9f8d5f35b40949376d183eb113a2091c00ed17b4710c327f0e81c7b8a93e6d8d0dd6a4f4e3d35ec54e78f15e72aed78,english_griffinlim_eval_final/fake_english_griffinlim/english_fake_0918.wav,0,3.336,-0.5919210910797119,1.022094964981079,0.0349029397550442,english,-0.08694040775299072,9eb48b93568156e588fc8fb440555147c9f8d5f35b40949376d183eb113a2091c00ed17b4710c327f0e81c7b8a93e6d8d0dd6a4f4e3d35ec54e78f15e72aed78,0.0349029397550442,0.6416775245976613,0.2855693307296021,0.0640415693341182,0.021316035887763,0.186767578125,3.336,9eb48b93568156e588fc8fb440555147c9f8d5f35b40949376d183eb113a2091c00ed17b4710c327f0e81c7b8a93e6d8d0dd6a4f4e3d35ec54e78f15e72aed78,,,,,,,,
919,fa552041006acdb1700d1a4faca1565aa4190cc21242eb67cf459af1a7dc235ff7b65c6fd024e21419e84b3fc9246005b9614c0d41ff2745e6c05d4d79b53066,english_griffinlim_eval_final/fake_english_griffinlim/english_fake_0919.wav,0,5.544,-5.882999897003174,6.751351356506348,0.8140907141854992,english,-5.378019213676453,fa552041006acdb1700d1a4faca1565aa4190cc21242eb67cf459af1a7dc235ff7b65c6fd024e21419e84b3fc9246005b9614c0d41ff2745e6c05d4d79b53066,0.8140907141854992,0.621717481447786,0.100868285052227,0.2770803050022196,0.110067431058676,0.990020751953125,5.544,fa552041006acdb1700d1a4faca1565aa4190cc21242eb67cf459af1a7dc235ff7b65c6fd024e21419e84b3fc9246005b9614c0d41ff2745e6c05d4d79b53066,,,,,,,,
920,44a811500fcc5978466bb5e6410db6c767bf125e34c5e7b3b216f262e63d1221232418673393122ea0560dcf07329a6f49561f935c6332b8c1e0ed16c69c4064,english_griffinlim_eval_final/fake_english_griffinlim/english_fake_0920.wav,0,6.876,-0.5778268575668335,1.020686149597168,0.013857497845157,english,-0.0728461742401123,44a811500fcc5978466bb5e6410db6c767bf125e34c5e7b3b216f262e63d1221232418673393122ea0560dcf07329a6f49561f935c6332b8c1e0ed16c69c4064,0.013857497845157,0.8147018180376107,0.1288576567570586,0.0480926381709158,0.0244786134743261,0.207366943359375,6.876,44a811500fcc5978466bb5e6410db6c767bf125e34c5e7b3b216f262e63d1221232418673393122ea0560dcf07329a6f49561f935c6332b8c1e0ed16c69c4064,,,,,,,,
921,84f3198c4b413e6a7cab24d48529584c694f3501efa7e1605531153f9bfc82d8d3892b44db6bcf3dd0a946854917a5e265a10ff20d56bdf24a56ffd3dbbabb69,english_griffinlim_eval_final/fake_english_griffinlim/english_fake_0921.wav,0,3.144,-5.86732292175293,6.878331184387207,0.1293299977477332,english,-5.3623422384262085,84f3198c4b413e6a7cab24d48529584c694f3501efa7e1605531153f9bfc82d8d3892b44db6bcf3dd0a946854917a5e265a10ff20d56bdf24a56ffd3dbbabb69,0.1293299977477332,0.7857333131247326,0.1777695500150049,0.0361386520407566,0.114063814083176,0.989990234375,3.144,84f3198c4b413e6a7cab24d48529584c694f3501efa7e1605531153f9bfc82d8d3892b44db6bcf3dd0a946854917a5e265a10ff20d56bdf24a56ffd3dbbabb69,,,,,,,,
922,379dd19cb981e4e0c55e088d74083093ee704d0d2332e65e056b9022bdec56c78d8ad347227fd8b76f9cec853b8fe539142ee5745e0a97c2a4c471187541f91a,english_griffinlim_eval_final/fake_english_griffinlim/english_fake_0922.wav,0,4.608,-6.010399341583252,6.808643341064453,0.0606488447797072,english,-5.505418658256531,379dd19cb981e4e0c55e088d74083093ee704d0d2332e65e056b9022bdec56c78d8ad347227fd8b76f9cec853b8fe539142ee5745e0a97c2a4c471187541f91a,0.0606488447797072,0.927869441627435,0.0681234891205772,0.0033923643401519,0.0940757788150504,0.6356201171875,4.608,379dd19cb981e4e0c55e088d74083093ee704d0d2332e65e056b9022bdec56c78d8ad347227fd8b76f9cec853b8fe539142ee5745e0a97c2a4c471187541f91a,,,,,,,,
923,cf658764e695270837ad8af4462cb4fdaeec21a451e3c9ee585dcec3b999e0ac6f0a5f2de7548e919d2ffa1cc94d7f78fb8dbc1eba8bfe3cf0875c9c50235b63,english_griffinlim_eval_final/fake_english_griffinlim/english_fake_0923.wav,0,5.668625,-1.5354183912277222,2.20513916015625,0.0042595971121658,english,-1.030437707901001,cf658764e695270837ad8af4462cb4fdaeec21a451e3c9ee585dcec3b999e0ac6f0a5f2de7548e919d2ffa1cc94d7f78fb8dbc1eba8bfe3cf0875c9c50235b63,0.0042595971121658,0.8692101041819373,0.0871205071303603,0.0380285853037518,0.0301019444339232,0.33856201171875,5.668625,cf658764e695270837ad8af4462cb4fdaeec21a451e3c9ee585dcec3b999e0ac6f0a5f2de7548e919d2ffa1cc94d7f78fb8dbc1eba8bfe3cf0875c9c50235b63,,,,,,,,
924,c6eb344e73639480a864317ce53d06649da664c14d0f42c70e3b9f1e721d1933101d329d75fdc7cc41e1e12ad27bae77e82f3e5e9b2cdb9e9660bc8a0c06fe66,english_griffinlim_eval_final/fake_english_griffinlim/english_fake_0924.wav,0,2.808,-4.248064994812012,5.050776958465576,0.0102576956205393,english,-3.7430843114852905,c6eb344e73639480a864317ce53d06649da664c14d0f42c70e3b9f1e721d1933101d329d75fdc7cc41e1e12ad27bae77e82f3e5e9b2cdb9e9660bc8a0c06fe66,0.0102576956205393,0.8458263222865268,0.0750658518096476,0.0752339187610425,0.0379850137375163,0.290740966796875,2.808,c6eb344e73639480a864317ce53d06649da664c14d0f42c70e3b9f1e721d1933101d329d75fdc7cc41e1e12ad27bae77e82f3e5e9b2cdb9e9660bc8a0c06fe66,,,,,,,,
925,dc4115f212a35b4033e14324c2066943950f56e64a8f216253b8eb3d067ee6241be32aecddb7fb230f7a4f6688a36ed29225aeb1cfaac159672b16aea0100ded,english_griffinlim_eval_final/fake_english_griffinlim/english_fake_0925.wav,0,6.192,-5.4246110916137695,6.26641845703125,0.0040811744829509,english,-4.919630408287048,dc4115f212a35b4033e14324c2066943950f56e64a8f216253b8eb3d067ee6241be32aecddb7fb230f7a4f6688a36ed29225aeb1cfaac159672b16aea0100ded,0.0040811744829509,0.8600147900918726,0.0916909979723199,0.0472110285399023,0.073516749019878,0.990020751953125,6.192,dc4115f212a35b4033e14324c2066943950f56e64a8f216253b8eb3d067ee6241be32aecddb7fb230f7a4f6688a36ed29225aeb1cfaac159672b16aea0100ded,,,,,,,,
926,56c9515f7f1653269380879c4755c059963960f4bcfe79fff2d0fd20c5c4832c44d8eac0f652bb29cac4932d60cfb03395932b05c179d20a59e1969eae8b980c,english_griffinlim_eval_final/fake_english_griffinlim/english_fake_0926.wav,0,5.256,-5.249703884124756,6.101929664611816,0.1547510934171819,english,-4.744723200798035,56c9515f7f1653269380879c4755c059963960f4bcfe79fff2d0fd20c5c4832c44d8eac0f652bb29cac4932d60cfb03395932b05c179d20a59e1969eae8b980c,0.1547510934171819,0.8295436185718456,0.1224030577237146,0.0473746151336245,0.0917876704368147,0.661895751953125,5.256,56c9515f7f1653269380879c4755c059963960f4bcfe79fff2d0fd20c5c4832c44d8eac0f652bb29cac4932d60cfb03395932b05c179d20a59e1969eae8b980c,,,,,,,,
927,933590530e2425f0c01dac30ccf6a87ad6432637401fe8e599e9942768181f805da879cb732c790f604368998dffeab3bbbd68f980483df4bec42c3f2df45944,english_griffinlim_eval_final/fake_english_griffinlim/english_fake_0927.wav,0,6.384,-5.722367286682129,6.595285415649414,0.1170437769439911,english,-5.217386603355408,933590530e2425f0c01dac30ccf6a87ad6432637401fe8e599e9942768181f805da879cb732c790f604368998dffeab3bbbd68f980483df4bec42c3f2df45944,0.1170437769439911,0.8630675333292444,0.0992158411077906,0.0373534562355432,0.1137454362285831,0.989990234375,6.384,933590530e2425f0c01dac30ccf6a87ad6432637401fe8e599e9942768181f805da879cb732c790f604368998dffeab3bbbd68f980483df4bec42c3f2df45944,,,,,,,,
928,9430e5e18fd4eaabcbe041177c7860fa75aec9407d276e1da3afeffdf5c6579394cccf13e03156186482479b3d166b82acb9e3b64aea47ef0b83c06e64628d2f,english_griffinlim_eval_final/fake_english_griffinlim/english_fake_0928.wav,0,7.056,2.967109441757202,-3.798326969146729,0.0573963320179771,english,3.4720901250839233,9430e5e18fd4eaabcbe041177c7860fa75aec9407d276e1da3afeffdf5c6579394cccf13e03156186482479b3d166b82acb9e3b64aea47ef0b83c06e64628d2f,0.0573963320179771,0.7791524515549155,0.1644721310092118,0.0543798664809093,0.0525041962646086,0.43798828125,7.056,9430e5e18fd4eaabcbe041177c7860fa75aec9407d276e1da3afeffdf5c6579394cccf13e03156186482479b3d166b82acb9e3b64aea47ef0b83c06e64628d2f,,,,,,,,
929,d2f20344739505c6c1a141fc3a5268d572656b8c5cbd40d7e5a7f00dc95bf1b600cf69e78b3c9320d230df9075614100752464d75f37774053bad565b72cb88b,english_griffinlim_eval_final/fake_english_griffinlim/english_fake_0929.wav,0,5.352,-1.391749143600464,1.9096193313598635,0.0247549378300302,english,-0.8867684602737429,d2f20344739505c6c1a141fc3a5268d572656b8c5cbd40d7e5a7f00dc95bf1b600cf69e78b3c9320d230df9075614100752464d75f37774053bad565b72cb88b,0.0247549378300302,0.8554708284019759,0.1372225225521789,0.0067442660404555,0.0980358068203621,0.979278564453125,5.352,d2f20344739505c6c1a141fc3a5268d572656b8c5cbd40d7e5a7f00dc95bf1b600cf69e78b3c9320d230df9075614100752464d75f37774053bad565b72cb88b,,,,,,,,
930,2666d4fd2cd037cc0fbe54a3b27d4c1ffc44b84e05fa19e1e4e8487cb5b2bebf33dc6f42059e34d474957dabee27045fb078bea0689ea676650e6da35f60a3fc,english_griffinlim_eval_final/fake_english_griffinlim/english_fake_0930.wav,0,3.024,-0.867919921875,1.4068026542663574,0.0103685546814193,english,-0.3629392385482788,2666d4fd2cd037cc0fbe54a3b27d4c1ffc44b84e05fa19e1e4e8487cb5b2bebf33dc6f42059e34d474957dabee27045fb078bea0689ea676650e6da35f60a3fc,0.0103685546814193,0.8859744998534996,0.1030765533521068,0.0093371767863385,0.0581227718826131,0.444610595703125,3.024,2666d4fd2cd037cc0fbe54a3b27d4c1ffc44b84e05fa19e1e4e8487cb5b2bebf33dc6f42059e34d474957dabee27045fb078bea0689ea676650e6da35f60a3fc,,,,,,,,
931,f86623298d3dbab0187cbb055721fd4596c8665c4e19fd49626680bad857630e33db565c426d2d648df7136e1e3374004d18f072ce5da469596f6a1ebe8f5e62,english_griffinlim_eval_final/fake_english_griffinlim/english_fake_0931.wav,0,6.84,-5.970691680908203,6.87214469909668,0.8199904457396973,english,-5.465710997581482,f86623298d3dbab0187cbb055721fd4596c8665c4e19fd49626680bad857630e33db565c426d2d648df7136e1e3374004d18f072ce5da469596f6a1ebe8f5e62,0.8199904457396973,0.8653801295411445,0.1076752969565784,0.0266693487490004,0.1492449173889996,0.923614501953125,6.84,f86623298d3dbab0187cbb055721fd4596c8665c4e19fd49626680bad857630e33db565c426d2d648df7136e1e3374004d18f072ce5da469596f6a1ebe8f5e62,,,,,,,,
932,fdf0df76b287ef6d4405d81a740d3adaf9308b9feeceb55a0e58a4f82852f21a45f4255fde374b857c2e994020205692012ef84db6ccfe9bef7b9ba58853f3a2,english_griffinlim_eval_final/fake_english_griffinlim/english_fake_0932.wav,0,4.44,-5.639978408813477,6.541909217834473,0.2434816326742093,english,-5.134997725486755,fdf0df76b287ef6d4405d81a740d3adaf9308b9feeceb55a0e58a4f82852f21a45f4255fde374b857c2e994020205692012ef84db6ccfe9bef7b9ba58853f3a2,0.2434816326742093,0.8192009293275777,0.0931587537582573,0.0871175636299106,0.1047582397270952,0.78277587890625,4.44,fdf0df76b287ef6d4405d81a740d3adaf9308b9feeceb55a0e58a4f82852f21a45f4255fde374b857c2e994020205692012ef84db6ccfe9bef7b9ba58853f3a2,,,,,,,,
933,0014a05b7983f18441b13ce4e4949b6d5d93ffabc11009b3808e9823f0e0ac52d1616f1d029a69581bb57dc83084d9f0edd9761948b4648ecf67d0647bda11e8,english_griffinlim_eval_final/fake_english_griffinlim/english_fake_0933.wav,0,4.272,-2.2854371070861816,3.105081081390381,0.0324460292980476,english,-1.7804564237594604,0014a05b7983f18441b13ce4e4949b6d5d93ffabc11009b3808e9823f0e0ac52d1616f1d029a69581bb57dc83084d9f0edd9761948b4648ecf67d0647bda11e8,0.0324460292980476,0.7172018741942828,0.1978970733407107,0.0826232604458444,0.0469246718768393,0.489501953125,4.272,0014a05b7983f18441b13ce4e4949b6d5d93ffabc11009b3808e9823f0e0ac52d1616f1d029a69581bb57dc83084d9f0edd9761948b4648ecf67d0647bda11e8,,,,,,,,
934,3ebf9922255527d1c5a01508d3e3200a18a43663f6dec767bc5fd726c4d4c645e99580957d562c5996cb5f6745001fac4bd353595311b6080b07d0f92cfc9bf1,english_griffinlim_eval_final/fake_english_griffinlim/english_fake_0934.wav,0,7.296,-4.947272300720215,5.877129077911377,0.0908520532723246,english,-4.442291617393494,3ebf9922255527d1c5a01508d3e3200a18a43663f6dec767bc5fd726c4d4c645e99580957d562c5996cb5f6745001fac4bd353595311b6080b07d0f92cfc9bf1,0.0908520532723246,0.6166422634042349,0.3276533134659379,0.0514089009112616,0.0323290814406923,0.34027099609375,7.296,3ebf9922255527d1c5a01508d3e3200a18a43663f6dec767bc5fd726c4d4c645e99580957d562c5996cb5f6745001fac4bd353595311b6080b07d0f92cfc9bf1,,,,,,,,
935,d097f954eaec0370c2cb2dc847b65047eece3d52167ce7437ebf013e6d5efff551ca1a14b28eb14cc051a5d5639b2fdc5a48823f3396f9a2de70ac385872b73e,english_griffinlim_eval_final/fake_english_griffinlim/english_fake_0935.wav,0,6.408,-5.199664115905762,6.081806182861328,0.0085493244498983,english,-4.6946834325790405,d097f954eaec0370c2cb2dc847b65047eece3d52167ce7437ebf013e6d5efff551ca1a14b28eb14cc051a5d5639b2fdc5a48823f3396f9a2de70ac385872b73e,0.0085493244498983,0.8787401449153946,0.0820856965770909,0.0332051093393507,0.0291732962769812,0.21954345703125,6.408,d097f954eaec0370c2cb2dc847b65047eece3d52167ce7437ebf013e6d5efff551ca1a14b28eb14cc051a5d5639b2fdc5a48823f3396f9a2de70ac385872b73e,,,,,,,,
936,a2576ccf04ad8c0dbe2b29f3843c1ed984d8bd91480766f4bf99c933d99ae8d2b32afc34c7e185b06c2b16deae4fbabb8030906be2455973e2d85d92b0afbc6e,english_griffinlim_eval_final/fake_english_griffinlim/english_fake_0936.wav,0,3.996,-3.912837505340576,4.662407875061035,0.0039848668529306,english,-3.407856822013855,a2576ccf04ad8c0dbe2b29f3843c1ed984d8bd91480766f4bf99c933d99ae8d2b32afc34c7e185b06c2b16deae4fbabb8030906be2455973e2d85d92b0afbc6e,0.0039848668529306,0.9213475397812432,0.0550838923833668,0.0221104599656398,0.0631464676047476,0.655181884765625,3.996,a2576ccf04ad8c0dbe2b29f3843c1ed984d8bd91480766f4bf99c933d99ae8d2b32afc34c7e185b06c2b16deae4fbabb8030906be2455973e2d85d92b0afbc6e,,,,,,,,
937,15f4b2d89fd6ef677ad0cf16118393247db64e892060c2b238c09fa625e31ed5d5c4b4e05b0de21c6fc2202db2a2ebf567b2fd032758dbfbeb9897aecb2ab555,english_griffinlim_eval_final/fake_english_griffinlim/english_fake_0937.wav,0,2.88,-5.849465847015381,6.757444858551025,0.8897039919783593,english,-5.34448516368866,15f4b2d89fd6ef677ad0cf16118393247db64e892060c2b238c09fa625e31ed5d5c4b4e05b0de21c6fc2202db2a2ebf567b2fd032758dbfbeb9897aecb2ab555,0.8897039919783593,0.8691716815324237,0.1252025471948966,0.0054176950704754,0.1690412555464084,0.948028564453125,2.88,15f4b2d89fd6ef677ad0cf16118393247db64e892060c2b238c09fa625e31ed5d5c4b4e05b0de21c6fc2202db2a2ebf567b2fd032758dbfbeb9897aecb2ab555,0.7985659217235979,0.1662024351352374,0.0352316431411646,0.7786424227385642,14.130605772503015,0.1793739566158302,0.4553164434910114,0.633864684489584
938,97b0a8cafca94ad000c2f7319bb44bb0fc2e8c6304db9c52adc1e338521d8289bd86eaef23b214695595059f6a65914fa781be7ab74dbefaa2cf87ae0ae40a9f,english_griffinlim_eval_final/fake_english_griffinlim/english_fake_0938.wav,0,5.184,-5.66127347946167,6.378693580627441,0.3430788858703578,english,-5.156292796134949,97b0a8cafca94ad000c2f7319bb44bb0fc2e8c6304db9c52adc1e338521d8289bd86eaef23b214695595059f6a65914fa781be7ab74dbefaa2cf87ae0ae40a9f,0.3430788858703578,0.6185301043913849,0.1612553635231507,0.2185870572913955,0.0558345432940704,0.50762939453125,5.184,97b0a8cafca94ad000c2f7319bb44bb0fc2e8c6304db9c52adc1e338521d8289bd86eaef23b214695595059f6a65914fa781be7ab74dbefaa2cf87ae0ae40a9f,,,,,,,,
939,d897e5daf41e8ea156de4a56db72182dbb38224160d717b6ca77ee25cb9e1303af33b9939e8d053755d0b15d6b43e0e06e4ce62f111f07e97a0b2df96bb512dd,english_griffinlim_eval_final/fake_english_griffinlim/english_fake_0939.wav,0,2.664,-1.5922859907150269,2.3707380294799805,0.0032460980512965,english,-1.0873053073883057,d897e5daf41e8ea156de4a56db72182dbb38224160d717b6ca77ee25cb9e1303af33b9939e8d053755d0b15d6b43e0e06e4ce62f111f07e97a0b2df96bb512dd,0.0032460980512965,0.8956029694817715,0.0861461473788092,0.0153339878378899,0.041432642402766,0.3760986328125,2.664,d897e5daf41e8ea156de4a56db72182dbb38224160d717b6ca77ee25cb9e1303af33b9939e8d053755d0b15d6b43e0e06e4ce62f111f07e97a0b2df96bb512dd,,,,,,,,
940,d2a2d01fb1f7f6eea38d6e8851dc0e3e8d3340bad2a04b8543c9cda7e10c8131f01a96bfa57702b6f75ba1aa7f2ec5a5aaa23b7fab1de385fad60ce99e9e6c5c,english_griffinlim_eval_final/fake_english_griffinlim/english_fake_0940.wav,0,6.6,-5.931276321411133,6.874225616455078,0.9991990212366249,english,-5.426295638084412,d2a2d01fb1f7f6eea38d6e8851dc0e3e8d3340bad2a04b8543c9cda7e10c8131f01a96bfa57702b6f75ba1aa7f2ec5a5aaa23b7fab1de385fad60ce99e9e6c5c,0.9991990212366249,0.8965321208861102,0.0434054800583518,0.0599605913937419,0.2196899380732808,0.990020751953125,6.6,d2a2d01fb1f7f6eea38d6e8851dc0e3e8d3340bad2a04b8543c9cda7e10c8131f01a96bfa57702b6f75ba1aa7f2ec5a5aaa23b7fab1de385fad60ce99e9e6c5c,,,,,,,,
941,eac3a80b2371b110ded6551ce8466c8fbdec5bb202ac04390b23d14c84bf3bfb03682de4e28ae53f38cf06ba57debd1b40eed2c8a759c6e6d7a28c48206ca82d,english_griffinlim_eval_final/fake_english_griffinlim/english_fake_0941.wav,0,2.424,-5.788215637207031,6.577654838562012,0.1262780319681792,english,-5.28323495388031,eac3a80b2371b110ded6551ce8466c8fbdec5bb202ac04390b23d14c84bf3bfb03682de4e28ae53f38cf06ba57debd1b40eed2c8a759c6e6d7a28c48206ca82d,0.1262780319681792,0.7790036103771091,0.1414331918250222,0.0787732600035332,0.0855788442900806,0.6319580078125,2.424,eac3a80b2371b110ded6551ce8466c8fbdec5bb202ac04390b23d14c84bf3bfb03682de4e28ae53f38cf06ba57debd1b40eed2c8a759c6e6d7a28c48206ca82d,,,,,,,,
942,af9c15b78f47fc932ee4a2fab15488dd4295f87b2a3359c855aad4f383b20bced882b0bb7ffa51fe7a08897bcd7370705108bb2cd7dd3919806d7d39f2209c7f,english_griffinlim_eval_final/fake_english_griffinlim/english_fake_0942.wav,0,4.824,-5.964632987976074,6.778165817260742,0.0503407983442554,english,-5.459652304649353,af9c15b78f47fc932ee4a2fab15488dd4295f87b2a3359c855aad4f383b20bced882b0bb7ffa51fe7a08897bcd7370705108bb2cd7dd3919806d7d39f2209c7f,0.0503407983442554,0.7896407984055984,0.2010678613354977,0.008632770417475,0.0934066661471423,0.887664794921875,4.824,af9c15b78f47fc932ee4a2fab15488dd4295f87b2a3359c855aad4f383b20bced882b0bb7ffa51fe7a08897bcd7370705108bb2cd7dd3919806d7d39f2209c7f,,,,,,,,
943,3447120ac93b7c7788687c259b7f55058804e4982c36174a9a0af762495a6c2310915d2b10562a1f75255d5b0a18eefb304ef7b042006d96d83158f22d238de8,english_griffinlim_eval_final/fake_english_griffinlim/english_fake_0943.wav,0,5.652,-6.133234977722168,7.044723510742188,0.006177269698681,english,-5.628254294395447,3447120ac93b7c7788687c259b7f55058804e4982c36174a9a0af762495a6c2310915d2b10562a1f75255d5b0a18eefb304ef7b042006d96d83158f22d238de8,0.006177269698681,0.9145613956765548,0.0540429132108286,0.0298344109272095,0.0601521970579388,0.61785888671875,5.652,3447120ac93b7c7788687c259b7f55058804e4982c36174a9a0af762495a6c2310915d2b10562a1f75255d5b0a18eefb304ef7b042006d96d83158f22d238de8,,,,,,,,
944,dd883c56080c8067671af81ed7ec905d41f2d68bb7c715dd2ad25e5147eeb71763a9db6dc8a838cbc09a237b63896965f4d94263e0196567753eb9ba7fafc5c9,english_griffinlim_eval_final/fake_english_griffinlim/english_fake_0944.wav,0,3.384,0.7310296297073364,-0.9851453304290771,0.0337288162717477,english,1.2360103130340576,dd883c56080c8067671af81ed7ec905d41f2d68bb7c715dd2ad25e5147eeb71763a9db6dc8a838cbc09a237b63896965f4d94263e0196567753eb9ba7fafc5c9,0.0337288162717477,0.8148451420078454,0.1361569852933831,0.0480228903987758,0.0735098891270131,0.6322021484375,3.384,dd883c56080c8067671af81ed7ec905d41f2d68bb7c715dd2ad25e5147eeb71763a9db6dc8a838cbc09a237b63896965f4d94263e0196567753eb9ba7fafc5c9,,,,,,,,
945,c4ce66044a86fef147ec0f3ef541957dca56b5a4018690acf7093c52d0a571080408841165d45d8c3f4df6b0af4551da6fb0ad4647a30d1de4c7a63b475297ef,english_griffinlim_eval_final/fake_english_griffinlim/english_fake_0945.wav,0,2.184,-0.6784301996231079,1.2272738218307495,0.0206314288671622,english,-0.17344951629638672,c4ce66044a86fef147ec0f3ef541957dca56b5a4018690acf7093c52d0a571080408841165d45d8c3f4df6b0af4551da6fb0ad4647a30d1de4c7a63b475297ef,0.0206314288671622,0.6536077152122701,0.240323366544945,0.0893552573898193,0.0127931134976526,0.115753173828125,2.184,c4ce66044a86fef147ec0f3ef541957dca56b5a4018690acf7093c52d0a571080408841165d45d8c3f4df6b0af4551da6fb0ad4647a30d1de4c7a63b475297ef,,,,,,,,
946,1e96e4da92f5ad7a12b21e433d0465b8bc50e14d8da7f1f0e7bae2a15ff6443e2f244d995e7969deb2f6a4a0cf06fa4fb629e247c4815fe3e4e80ad25247b55d,english_griffinlim_eval_final/fake_english_griffinlim/english_fake_0946.wav,0,3.504,-4.111274719238281,5.084054946899414,0.0017328863566044,english,-3.60629403591156,1e96e4da92f5ad7a12b21e433d0465b8bc50e14d8da7f1f0e7bae2a15ff6443e2f244d995e7969deb2f6a4a0cf06fa4fb629e247c4815fe3e4e80ad25247b55d,0.0017328863566044,0.9103674651564576,0.0680671363149544,0.0185556496976114,0.0408515122286993,0.474822998046875,3.504,1e96e4da92f5ad7a12b21e433d0465b8bc50e14d8da7f1f0e7bae2a15ff6443e2f244d995e7969deb2f6a4a0cf06fa4fb629e247c4815fe3e4e80ad25247b55d,,,,,,,,
947,5ced37e6adb74135d4bbf33cb2958aaffe4b3a3138191de89734a6cdfee371e23159ecdb155d6b1d9e6400ef8087e5af745fe9f924be5ad2d4cd0aed53cfd070,english_griffinlim_eval_final/fake_english_griffinlim/english_fake_0947.wav,0,4.104,-0.606256902217865,1.1688828468322754,0.0057765051684543,english,-0.1012762188911438,5ced37e6adb74135d4bbf33cb2958aaffe4b3a3138191de89734a6cdfee371e23159ecdb155d6b1d9e6400ef8087e5af745fe9f924be5ad2d4cd0aed53cfd070,0.0057765051684543,0.8967740374929543,0.0795115702629268,0.0202588310640084,0.0389467350427131,0.301025390625,4.104,5ced37e6adb74135d4bbf33cb2958aaffe4b3a3138191de89734a6cdfee371e23159ecdb155d6b1d9e6400ef8087e5af745fe9f924be5ad2d4cd0aed53cfd070,,,,,,,,
948,aa9941b68c0d09069571c0105e601b61631c79ef1c9e1fa6bc2a7b15bbb7e1cbae92efee9449f68e4aaa4219b3b897e0382b39a5fc689c6b7bcf60bcf776dd22,english_griffinlim_eval_final/fake_english_griffinlim/english_fake_0948.wav,0,2.328,-1.9990609884262085,2.76181435585022,0.0062871500909115,english,-1.4940803050994873,aa9941b68c0d09069571c0105e601b61631c79ef1c9e1fa6bc2a7b15bbb7e1cbae92efee9449f68e4aaa4219b3b897e0382b39a5fc689c6b7bcf60bcf776dd22,0.0062871500909115,0.7433079503926896,0.2311057133639441,0.0220458482680357,0.03843840728817,0.465423583984375,2.328,aa9941b68c0d09069571c0105e601b61631c79ef1c9e1fa6bc2a7b15bbb7e1cbae92efee9449f68e4aaa4219b3b897e0382b39a5fc689c6b7bcf60bcf776dd22,0.6752762511798454,0.2669428325044899,0.0577809163156647,0.8197891578871028,13.68723782799306,0.2479766391581822,0.5842432145658866,0.7392983542161935
949,a798343b00e21a66385272fa92340119e06451802053a00a7603841ffbcdba96f2e4fb79a7347642466cc2d446e926e680e7889fed915a7e72604f29d49c5fe9,english_griffinlim_eval_final/fake_english_griffinlim/english_fake_0949.wav,0,2.976,0.4649608731269836,-0.6549839377403259,0.0645047739979519,english,0.9699415564537048,a798343b00e21a66385272fa92340119e06451802053a00a7603841ffbcdba96f2e4fb79a7347642466cc2d446e926e680e7889fed915a7e72604f29d49c5fe9,0.0645047739979519,0.7926910659549414,0.1505988504381464,0.0555034137055332,0.0694644096695987,0.49822998046875,2.976,a798343b00e21a66385272fa92340119e06451802053a00a7603841ffbcdba96f2e4fb79a7347642466cc2d446e926e680e7889fed915a7e72604f29d49c5fe9,,,,,,,,
950,18ae3b317f15a738e98fc195f953e7f975a9f2ec9bd739e3cdf054c7bafdded24be9b549f9fffa5cc1a9446ae31619cfbd832c74597b9e1e5bc97cef15cc5081,english_griffinlim_eval_final/fake_english_griffinlim/english_fake_0950.wav,0,6.024,-4.887314319610596,5.737424850463867,0.777759677146661,english,-4.3823336362838745,18ae3b317f15a738e98fc195f953e7f975a9f2ec9bd739e3cdf054c7bafdded24be9b549f9fffa5cc1a9446ae31619cfbd832c74597b9e1e5bc97cef15cc5081,0.777759677146661,0.5935061989899371,0.2620974767042084,0.1439903505367828,0.113150225776018,0.989990234375,6.024,18ae3b317f15a738e98fc195f953e7f975a9f2ec9bd739e3cdf054c7bafdded24be9b549f9fffa5cc1a9446ae31619cfbd832c74597b9e1e5bc97cef15cc5081,,,,,,,,
951,109e12ab3ca92cd964fefd14305011059350f817a0f73591a1c51f39eda6cb25775e2de18ec7ec4cd48df939b7c94177768faa496457d2ea42531f7d8a65af34,english_griffinlim_eval_final/fake_english_griffinlim/english_fake_0951.wav,0,2.184,-1.8458412885665887,2.3072497844696045,0.8048169548247018,english,-1.3408606052398675,109e12ab3ca92cd964fefd14305011059350f817a0f73591a1c51f39eda6cb25775e2de18ec7ec4cd48df939b7c94177768faa496457d2ea42531f7d8a65af34,0.8048169548247018,0.883618625692123,0.1057558136720917,0.0104000534620671,0.1644985044313184,0.950347900390625,2.184,109e12ab3ca92cd964fefd14305011059350f817a0f73591a1c51f39eda6cb25775e2de18ec7ec4cd48df939b7c94177768faa496457d2ea42531f7d8a65af34,,,,,,,,
952,bbe3ec9e9746fdb7a9d059ce97343c079109198568ed03e183091af91b3f292be302728c554c23502f21fe4f788a9bebfae3c1155df03f1641e1940489d1457a,english_griffinlim_eval_final/fake_english_griffinlim/english_fake_0952.wav,0,4.896,-6.071544647216797,6.996827125549316,0.089522856468967,english,-5.566563963890076,bbe3ec9e9746fdb7a9d059ce97343c079109198568ed03e183091af91b3f292be302728c554c23502f21fe4f788a9bebfae3c1155df03f1641e1940489d1457a,0.089522856468967,0.9664194146281824,0.0272158215672122,0.0056554204996265,0.0982294400422555,0.577789306640625,4.896,bbe3ec9e9746fdb7a9d059ce97343c079109198568ed03e183091af91b3f292be302728c554c23502f21fe4f788a9bebfae3c1155df03f1641e1940489d1457a,,,,,,,,
953,fb7ac40ceaf529e45275fd681c575ddcb7d49eaf12187663d0a615b3187ba2d22df6128d04fbb5c8b3adb337a11bde7ba56f90d8531091fd49c7424fa1474cfa,english_griffinlim_eval_final/fake_english_griffinlim/english_fake_0953.wav,0,6.516,-0.848761796951294,1.267514705657959,0.0082293330151366,english,-0.34378111362457275,fb7ac40ceaf529e45275fd681c575ddcb7d49eaf12187663d0a615b3187ba2d22df6128d04fbb5c8b3adb337a11bde7ba56f90d8531091fd49c7424fa1474cfa,0.0082293330151366,0.8942425217541975,0.0761563743294114,0.0264248669025113,0.0426393433522606,0.38623046875,6.516,fb7ac40ceaf529e45275fd681c575ddcb7d49eaf12187663d0a615b3187ba2d22df6128d04fbb5c8b3adb337a11bde7ba56f90d8531091fd49c7424fa1474cfa,,,,,,,,
954,1d71aa0453aa10e5b4aa05091eddaae210bea62f4f4f70ffa504ba614d9512afcb5f135ae353baef02d66969ea55d58fbaf894b0aef59f89b67792776990ffde,english_griffinlim_eval_final/fake_english_griffinlim/english_fake_0954.wav,0,5.508,-5.43686056137085,6.268342971801758,0.0314608735489229,english,-4.931879878044128,1d71aa0453aa10e5b4aa05091eddaae210bea62f4f4f70ffa504ba614d9512afcb5f135ae353baef02d66969ea55d58fbaf894b0aef59f89b67792776990ffde,0.0314608735489229,0.9126899897827582,0.0719884168049997,0.0142570492025727,0.0769240516084967,0.571563720703125,5.508,1d71aa0453aa10e5b4aa05091eddaae210bea62f4f4f70ffa504ba614d9512afcb5f135ae353baef02d66969ea55d58fbaf894b0aef59f89b67792776990ffde,,,,,,,,
955,b15e81b74f3a01152401371744ce17a419c45a9415478075dd9d5dab5818374ad025c732871b55b1d5242f40357f577ab2dfd02950081c195bf04dd7b8aa7910,english_griffinlim_eval_final/fake_english_griffinlim/english_fake_0955.wav,0,5.148,-6.001156330108643,6.901419162750244,0.5705447904548437,english,-5.496175646781921,b15e81b74f3a01152401371744ce17a419c45a9415478075dd9d5dab5818374ad025c732871b55b1d5242f40357f577ab2dfd02950081c195bf04dd7b8aa7910,0.5705447904548437,0.9553937047802548,0.0417971726587151,0.0026286216987958,0.1561323706806468,0.989990234375,5.148,b15e81b74f3a01152401371744ce17a419c45a9415478075dd9d5dab5818374ad025c732871b55b1d5242f40357f577ab2dfd02950081c195bf04dd7b8aa7910,,,,,,,,
956,a97730f86fa90560ae105669364412a9ad393b32839d0151236604af188212aab60bf5168a7975fdd0a448dd3131543f5c0032e737a7164b41e9d9d85ffd6660,english_griffinlim_eval_final/fake_english_griffinlim/english_fake_0956.wav,0,5.544,-5.945289611816406,6.85595178604126,0.2832673156677909,english,-5.440308928489685,a97730f86fa90560ae105669364412a9ad393b32839d0151236604af188212aab60bf5168a7975fdd0a448dd3131543f5c0032e737a7164b41e9d9d85ffd6660,0.2832673156677909,0.9803308849440006,0.0170367537988858,0.0022333090323551,0.1243055438988071,0.714874267578125,5.544,a97730f86fa90560ae105669364412a9ad393b32839d0151236604af188212aab60bf5168a7975fdd0a448dd3131543f5c0032e737a7164b41e9d9d85ffd6660,,,,,,,,
957,e76bf275d7fa70296086fa2910e6a819e61d8454440b9546c15fe81e26ab615464303e4553c11c864f70f33967ed366b10048ce3e89ff4d6a3930f77384d25a3,english_griffinlim_eval_final/fake_english_griffinlim/english_fake_0957.wav,0,3.456,-5.952674388885498,6.719140529632568,0.2484447330427596,english,-5.447693705558777,e76bf275d7fa70296086fa2910e6a819e61d8454440b9546c15fe81e26ab615464303e4553c11c864f70f33967ed366b10048ce3e89ff4d6a3930f77384d25a3,0.2484447330427596,0.687442343378442,0.1993430058838891,0.1122650622306312,0.0762669800009048,0.586212158203125,3.456,e76bf275d7fa70296086fa2910e6a819e61d8454440b9546c15fe81e26ab615464303e4553c11c864f70f33967ed366b10048ce3e89ff4d6a3930f77384d25a3,,,,,,,,
958,d94575afaf19996cc6eb6c97d6c74bc5af2f18292b6ba5a9e1229b273a7a30bd7b4733cd5016553fd5d9b86f331b227ba03aa20cbc8b03c55ea6d14fb8003c1a,english_griffinlim_eval_final/fake_english_griffinlim/english_fake_0958.wav,0,6.384,-5.864744186401367,6.7215495109558105,0.0282338364340861,english,-5.359763503074646,d94575afaf19996cc6eb6c97d6c74bc5af2f18292b6ba5a9e1229b273a7a30bd7b4733cd5016553fd5d9b86f331b227ba03aa20cbc8b03c55ea6d14fb8003c1a,0.0282338364340861,0.9124159088359092,0.0793917359616777,0.0072628372110907,0.0809344174279485,0.66668701171875,6.384,d94575afaf19996cc6eb6c97d6c74bc5af2f18292b6ba5a9e1229b273a7a30bd7b4733cd5016553fd5d9b86f331b227ba03aa20cbc8b03c55ea6d14fb8003c1a,,,,,,,,
959,f8c304a8a8e0064242f3e3ce19c7962ce27d81ace6c14103cb047ec7ac20817bcde3decc5a1709e35901dca1e02d3c491d4fe87ff30ba0b368b51795efc7766c,english_griffinlim_eval_final/fake_english_griffinlim/english_fake_0959.wav,0,6.6,-5.640693187713623,6.480581283569336,0.0483867563392181,english,-5.135712504386902,f8c304a8a8e0064242f3e3ce19c7962ce27d81ace6c14103cb047ec7ac20817bcde3decc5a1709e35901dca1e02d3c491d4fe87ff30ba0b368b51795efc7766c,0.0483867563392181,0.8972421204693356,0.0833021949611648,0.0186804697147316,0.087707039537413,0.715087890625,6.6,f8c304a8a8e0064242f3e3ce19c7962ce27d81ace6c14103cb047ec7ac20817bcde3decc5a1709e35901dca1e02d3c491d4fe87ff30ba0b368b51795efc7766c,,,,,,,,
960,e3c57f66455f33a631d0744781b055996ef2fe58ab711271c66d10a9616b387f7edf256e0c0bfa748e048bda8dedc857c534e4f9387706edc1d7a3853d744f07,english_griffinlim_eval_final/fake_english_griffinlim/english_fake_0960.wav,0,6.732,-5.972231388092041,6.832727909088135,0.000189034910313,english,-5.46725070476532,e3c57f66455f33a631d0744781b055996ef2fe58ab711271c66d10a9616b387f7edf256e0c0bfa748e048bda8dedc857c534e4f9387706edc1d7a3853d744f07,0.000189034910313,0.878820445757797,0.1035242799562287,0.0165611380087901,0.0415910915455395,0.990020751953125,6.732,e3c57f66455f33a631d0744781b055996ef2fe58ab711271c66d10a9616b387f7edf256e0c0bfa748e048bda8dedc857c534e4f9387706edc1d7a3853d744f07,,,,,,,,
961,cc7cc15dbf1966fe301042b960b06893a68fd036d88915f4267b56d3d1dbd2c4aff1078274af41f50a01168b66f71b1ef9b9b12a6a64747dd70329071684590d,english_griffinlim_eval_final/fake_english_griffinlim/english_fake_0961.wav,0,6.768,-2.0272669792175293,2.8100643157958984,0.0134261075754672,english,-1.522286295890808,cc7cc15dbf1966fe301042b960b06893a68fd036d88915f4267b56d3d1dbd2c4aff1078274af41f50a01168b66f71b1ef9b9b12a6a64747dd70329071684590d,0.0134261075754672,0.879541194497462,0.0991070228474094,0.0203442342101811,0.0758975237988793,0.79449462890625,6.768,cc7cc15dbf1966fe301042b960b06893a68fd036d88915f4267b56d3d1dbd2c4aff1078274af41f50a01168b66f71b1ef9b9b12a6a64747dd70329071684590d,0.8444387879497893,0.1212733937242575,0.034287818325953,0.766123549100088,14.218243191615455,0.1691173367486245,0.4447856192910461,0.6239282997045972
962,498358dde158a9aa778a4b7c438b374197e0b249d6d6cf782030c121694a306f5519235d8d286cd0266ea860a5d7608681a80c4e9129823f8c30f8df9e4931f1,english_griffinlim_eval_final/fake_english_griffinlim/english_fake_0962.wav,0,4.488,-0.4091493487358093,0.6535971760749817,0.0517206793508781,english,0.09583133459091187,498358dde158a9aa778a4b7c438b374197e0b249d6d6cf782030c121694a306f5519235d8d286cd0266ea860a5d7608681a80c4e9129823f8c30f8df9e4931f1,0.0517206793508781,0.6318515298727824,0.2453231913229478,0.1044422622319138,0.0115009128149955,0.0726318359375,4.488,498358dde158a9aa778a4b7c438b374197e0b249d6d6cf782030c121694a306f5519235d8d286cd0266ea860a5d7608681a80c4e9129823f8c30f8df9e4931f1,,,,,,,,
963,89905eb1a6d0a068725d05eabd42f633218e7b974dd3c55cb9510139ec5257841e1fd22dbe59765697919cdb89bef1af66928d657669460bf8ca72e31468f308,english_griffinlim_eval_final/fake_english_griffinlim/english_fake_0963.wav,0,3.456,-2.055675983428955,2.958559036254883,0.006246911248042,english,-1.5506953001022339,89905eb1a6d0a068725d05eabd42f633218e7b974dd3c55cb9510139ec5257841e1fd22dbe59765697919cdb89bef1af66928d657669460bf8ca72e31468f308,0.006246911248042,0.8180569426097066,0.1544364936587328,0.0268707538924374,0.0816556863611936,0.990020751953125,3.456,89905eb1a6d0a068725d05eabd42f633218e7b974dd3c55cb9510139ec5257841e1fd22dbe59765697919cdb89bef1af66928d657669460bf8ca72e31468f308,,,,,,,,
964,84830d3d4f6785fc72a37ed13ce8429d6498985116558779c4be096dfa80ba8b35550eb80fc173ac96730eec5d8706a959747143bc3a1d5b785ead46366406fe,english_griffinlim_eval_final/fake_english_griffinlim/english_fake_0964.wav,0,2.976,-1.1280235052108765,1.8894047737121584,0.0032757442983115,english,-0.6230428218841553,84830d3d4f6785fc72a37ed13ce8429d6498985116558779c4be096dfa80ba8b35550eb80fc173ac96730eec5d8706a959747143bc3a1d5b785ead46366406fe,0.0032757442983115,0.9450561583012562,0.0413158143118115,0.0115445656387906,0.0532713903171228,0.46728515625,2.976,84830d3d4f6785fc72a37ed13ce8429d6498985116558779c4be096dfa80ba8b35550eb80fc173ac96730eec5d8706a959747143bc3a1d5b785ead46366406fe,,,,,,,,
965,c69130a3e19945c0d14980fc2ffe0069362ac9af410703afe5c24cb5640b943d6ef752386572199e804c5e2fc446c363a914d8825bb7a197f6bcb62a7f3b3769,english_griffinlim_eval_final/fake_english_griffinlim/english_fake_0965.wav,0,6.96,-5.613781452178955,6.410374164581299,0.0521680628664948,english,-5.108800768852234,c69130a3e19945c0d14980fc2ffe0069362ac9af410703afe5c24cb5640b943d6ef752386572199e804c5e2fc446c363a914d8825bb7a197f6bcb62a7f3b3769,0.0521680628664948,0.8041099510674883,0.1455710839826905,0.0486432881136165,0.0586004346518876,0.4898681640625,6.96,c69130a3e19945c0d14980fc2ffe0069362ac9af410703afe5c24cb5640b943d6ef752386572199e804c5e2fc446c363a914d8825bb7a197f6bcb62a7f3b3769,,,,,,,,
966,39c7f4a092c239dd28b5af1f5d2478b19641bae496c30909b4d3eaa73bdcb6e1ccfa348210a57be42889112d2eb3f99efc3d142574f6bb9174ce2be1c3781066,english_griffinlim_eval_final/fake_english_griffinlim/english_fake_0966.wav,0,7.56,-3.823976993560791,4.616879463195801,0.0482012863229026,english,-3.31899631023407,39c7f4a092c239dd28b5af1f5d2478b19641bae496c30909b4d3eaa73bdcb6e1ccfa348210a57be42889112d2eb3f99efc3d142574f6bb9174ce2be1c3781066,0.0482012863229026,0.9076582993042356,0.0830323299780112,0.0087415600074759,0.1029042812670544,0.930572509765625,7.56,39c7f4a092c239dd28b5af1f5d2478b19641bae496c30909b4d3eaa73bdcb6e1ccfa348210a57be42889112d2eb3f99efc3d142574f6bb9174ce2be1c3781066,0.8552471561035889,0.127426339087594,0.0173265048088171,0.7449778200832102,14.346774000696458,0.159350505650392,0.4189429855088614,0.5914636347657487
967,57d9be2eeda5fbaad0290c45f4e95813da95e09633d5fd84df35a758151788abec644a351cdf610c7b792561d1db0ac6f122dbc94404646941967bd6f0befd44,english_griffinlim_eval_final/fake_english_griffinlim/english_fake_0967.wav,0,7.44,-5.298618793487549,6.080413341522217,0.9545946773987588,english,-4.793638110160828,57d9be2eeda5fbaad0290c45f4e95813da95e09633d5fd84df35a758151788abec644a351cdf610c7b792561d1db0ac6f122dbc94404646941967bd6f0befd44,0.9545946773987588,0.4098821088992948,0.3038618399801354,0.2858131849055443,0.0985854377850619,0.990020751953125,7.44,57d9be2eeda5fbaad0290c45f4e95813da95e09633d5fd84df35a758151788abec644a351cdf610c7b792561d1db0ac6f122dbc94404646941967bd6f0befd44,,,,,,,,
968,51fa6d508aad2990a48fb8f22bdf288db2cee0aec1bb0a94791e9fe1b36748025501aecdeedd83fa7861ae00b20e7405b8af03b3760f46c93b02baa328402da9,english_griffinlim_eval_final/fake_english_griffinlim/english_fake_0968.wav,0,2.496,-0.4744477868080139,0.800449788570404,0.0177493507330869,english,0.030532896518707275,51fa6d508aad2990a48fb8f22bdf288db2cee0aec1bb0a94791e9fe1b36748025501aecdeedd83fa7861ae00b20e7405b8af03b3760f46c93b02baa328402da9,0.0177493507330869,0.7980993003498411,0.1386055056167851,0.0614345759945958,0.0544696754571021,0.48321533203125,2.496,51fa6d508aad2990a48fb8f22bdf288db2cee0aec1bb0a94791e9fe1b36748025501aecdeedd83fa7861ae00b20e7405b8af03b3760f46c93b02baa328402da9,,,,,,,,
969,bf35656a89be5e1cff674565dbf2957250385cfde9d9bca4542c6cd6e935788443e41d4e200f71926398c380c8d38f5b244a59c4b3c34c3557a3761890bdf363,english_griffinlim_eval_final/fake_english_griffinlim/english_fake_0969.wav,0,5.436,-6.099215507507324,6.997082710266113,0.2147835299101539,english,-5.594234824180603,bf35656a89be5e1cff674565dbf2957250385cfde9d9bca4542c6cd6e935788443e41d4e200f71926398c380c8d38f5b244a59c4b3c34c3557a3761890bdf363,0.2147835299101539,0.6796376172808849,0.1304196089635405,0.1891442729231032,0.0811370317030175,0.840789794921875,5.436,bf35656a89be5e1cff674565dbf2957250385cfde9d9bca4542c6cd6e935788443e41d4e200f71926398c380c8d38f5b244a59c4b3c34c3557a3761890bdf363,,,,,,,,
970,b5c9bb77e34f76e3130ba662c4ca78975345e97102b27b4b0fa1c4e4780e078d0487746e577e24531eb5370dd51cb466d469a66dfc378b61001c198fcf9c8756,english_griffinlim_eval_final/fake_english_griffinlim/english_fake_0970.wav,0,5.58,-6.119784355163574,7.086726188659668,0.4570455935729386,english,-5.614803671836853,b5c9bb77e34f76e3130ba662c4ca78975345e97102b27b4b0fa1c4e4780e078d0487746e577e24531eb5370dd51cb466d469a66dfc378b61001c198fcf9c8756,0.4570455935729386,0.924175403354916,0.0484165150320768,0.0268762073167254,0.1074365484090863,0.478271484375,5.58,b5c9bb77e34f76e3130ba662c4ca78975345e97102b27b4b0fa1c4e4780e078d0487746e577e24531eb5370dd51cb466d469a66dfc378b61001c198fcf9c8756,,,,,,,,
971,3bf9ec1d034c30b92251126c0c8e036f9db120dafe3b9662995d3eb41ba79f8f041a8b4452a1b932ffe500f5767ba431cc4b25c71dc04c5c4298653ca3ac4b75,english_griffinlim_eval_final/fake_english_griffinlim/english_fake_0971.wav,0,3.408,-0.6900525689125061,1.1959853172302246,0.02092166823128,english,-0.1850718855857849,3bf9ec1d034c30b92251126c0c8e036f9db120dafe3b9662995d3eb41ba79f8f041a8b4452a1b932ffe500f5767ba431cc4b25c71dc04c5c4298653ca3ac4b75,0.02092166823128,0.7179980258786897,0.2094637781123542,0.0621094049992648,0.0211023245775165,0.14508056640625,3.408,3bf9ec1d034c30b92251126c0c8e036f9db120dafe3b9662995d3eb41ba79f8f041a8b4452a1b932ffe500f5767ba431cc4b25c71dc04c5c4298653ca3ac4b75,,,,,,,,
972,f8a81fc514bbce776184be6870e932bd66efd0815e617244fb9e75ecd5e3c91076a8723dc2d9da39eab697ce1dfd7fe596611172127057daac456e21ac721b56,english_griffinlim_eval_final/fake_english_griffinlim/english_fake_0972.wav,0,6.12,-5.909091472625732,6.796093940734863,0.0272728995039992,english,-5.404110789299011,f8a81fc514bbce776184be6870e932bd66efd0815e617244fb9e75ecd5e3c91076a8723dc2d9da39eab697ce1dfd7fe596611172127057daac456e21ac721b56,0.0272728995039992,0.6930987296112745,0.2777880814936742,0.0267429503263801,0.0466987233321177,0.555511474609375,6.12,f8a81fc514bbce776184be6870e932bd66efd0815e617244fb9e75ecd5e3c91076a8723dc2d9da39eab697ce1dfd7fe596611172127057daac456e21ac721b56,,,,,,,,
973,af294a21d920e11013661f4735c1ebd5df298b0c73074b35ae4c3ea490ee8e630766fc629741346f123353256859ef7d055ee8dcce07e48a091cc8bedec671e3,english_griffinlim_eval_final/fake_english_griffinlim/english_fake_0973.wav,0,7.128,-5.393911361694336,6.189877033233643,0.9635831599108255,english,-4.888930678367615,af294a21d920e11013661f4735c1ebd5df298b0c73074b35ae4c3ea490ee8e630766fc629741346f123353256859ef7d055ee8dcce07e48a091cc8bedec671e3,0.9635831599108255,0.5114238139746532,0.4851048323564192,0.0031555465384242,0.1277449462563037,0.892791748046875,7.128,af294a21d920e11013661f4735c1ebd5df298b0c73074b35ae4c3ea490ee8e630766fc629741346f123353256859ef7d055ee8dcce07e48a091cc8bedec671e3,,,,,,,,
974,208571fb655f77d9a6a235473dd04677c0b85eebfc0916a5c5b4ef2899929f1756cfb65d4c8a6b478a33bebaef865df4d05a710eda69b3f27394128a343f65a0,english_griffinlim_eval_final/fake_english_griffinlim/english_fake_0974.wav,0,7.608,-5.824228763580322,6.680875778198242,0.0126924598036304,english,-5.319248080253601,208571fb655f77d9a6a235473dd04677c0b85eebfc0916a5c5b4ef2899929f1756cfb65d4c8a6b478a33bebaef865df4d05a710eda69b3f27394128a343f65a0,0.0126924598036304,0.9636418279662148,0.0295211094723819,0.0059216413126871,0.0820673230691413,0.76898193359375,7.608,208571fb655f77d9a6a235473dd04677c0b85eebfc0916a5c5b4ef2899929f1756cfb65d4c8a6b478a33bebaef865df4d05a710eda69b3f27394128a343f65a0,,,,,,,,
975,b4e19dfab5a3c6f229fea93118d677dd0b2bb61418fbbeb4eb7a28dfd3d34c49268a4893c5dcbd8eb4a8926a2dcb560dcf2f34781b0a6b5fada53421203903ab,english_griffinlim_eval_final/fake_english_griffinlim/english_fake_0975.wav,0,2.712,-1.917404532432556,2.4786505699157715,0.006182638329516,english,-1.4124238491058347,b4e19dfab5a3c6f229fea93118d677dd0b2bb61418fbbeb4eb7a28dfd3d34c49268a4893c5dcbd8eb4a8926a2dcb560dcf2f34781b0a6b5fada53421203903ab,0.006182638329516,0.8803296407307316,0.0899469806928848,0.0268375884602322,0.0460734052996142,0.375885009765625,2.712,b4e19dfab5a3c6f229fea93118d677dd0b2bb61418fbbeb4eb7a28dfd3d34c49268a4893c5dcbd8eb4a8926a2dcb560dcf2f34781b0a6b5fada53421203903ab,,,,,,,,
976,5de424a68012cf2938d0651d7f269248ec895b1740d376251e87b4f68202e20ab6dc8d0999d66e6fa267de63f10055f0e8952fe9587099f0f3d700de283d706c,english_griffinlim_eval_final/fake_english_griffinlim/english_fake_0976.wav,0,2.472,-4.814793109893799,5.696548461914063,0.0129832754604961,english,-4.309812426567078,5de424a68012cf2938d0651d7f269248ec895b1740d376251e87b4f68202e20ab6dc8d0999d66e6fa267de63f10055f0e8952fe9587099f0f3d700de283d706c,0.0129832754604961,0.9709384884708144,0.0196821138067671,0.0081126936096351,0.069191005411812,0.40850830078125,2.472,5de424a68012cf2938d0651d7f269248ec895b1740d376251e87b4f68202e20ab6dc8d0999d66e6fa267de63f10055f0e8952fe9587099f0f3d700de283d706c,,,,,,,,
977,b0e92d077f3a4e88f4a03ebd7d5533602f612afcc83f5e13e651d275b205ab3231bf68ca7bd299939ddf2e3b439cee5937ac3b02f25c878179e8467ac1cbc66b,english_griffinlim_eval_final/fake_english_griffinlim/english_fake_0977.wav,0,5.712,6.00827693939209,-7.757003784179687,0.2873601673806672,english,6.513257622718811,b0e92d077f3a4e88f4a03ebd7d5533602f612afcc83f5e13e651d275b205ab3231bf68ca7bd299939ddf2e3b439cee5937ac3b02f25c878179e8467ac1cbc66b,0.2873601673806672,0.4571055086558071,0.36128442569152,0.1537238389194243,0.0050727302511377,0.026611328125,5.712,b0e92d077f3a4e88f4a03ebd7d5533602f612afcc83f5e13e651d275b205ab3231bf68ca7bd299939ddf2e3b439cee5937ac3b02f25c878179e8467ac1cbc66b,,,,,,,,
978,a33782132330fc941b615d0f8adb052f76e3fbf97db0cd6315c66aeef5035e5606e448d813c6d5f99f89ab8c6aa0bd9ae28e5b1df2ceaa77af9f7226ff95e3ac,english_griffinlim_eval_final/fake_english_griffinlim/english_fake_0978.wav,0,6.156,-0.4190731644630432,0.8033612370491028,0.0559163515349115,english,0.08590751886367798,a33782132330fc941b615d0f8adb052f76e3fbf97db0cd6315c66aeef5035e5606e448d813c6d5f99f89ab8c6aa0bd9ae28e5b1df2ceaa77af9f7226ff95e3ac,0.0559163515349115,0.6603520679096484,0.1754935015379553,0.1618054211299542,0.0463877162464528,0.626434326171875,6.156,a33782132330fc941b615d0f8adb052f76e3fbf97db0cd6315c66aeef5035e5606e448d813c6d5f99f89ab8c6aa0bd9ae28e5b1df2ceaa77af9f7226ff95e3ac,,,,,,,,
979,23155b3c9b54685ab85e13f624e6e07bd88f4280ce08d3e2cac43dc044c9aa8ca68d9cf70689d485319e8d91a60b6d25089f57ffb8156d07bff67d67f1a0a8e9,english_griffinlim_eval_final/fake_english_griffinlim/english_fake_0979.wav,0,5.796,-0.6356766223907471,1.1312519311904907,0.6178433398970817,english,-0.13069593906402588,23155b3c9b54685ab85e13f624e6e07bd88f4280ce08d3e2cac43dc044c9aa8ca68d9cf70689d485319e8d91a60b6d25089f57ffb8156d07bff67d67f1a0a8e9,0.6178433398970817,0.4225482611624968,0.1452474902400935,0.4261894270377986,0.026458921459107,0.464508056640625,5.796,23155b3c9b54685ab85e13f624e6e07bd88f4280ce08d3e2cac43dc044c9aa8ca68d9cf70689d485319e8d91a60b6d25089f57ffb8156d07bff67d67f1a0a8e9,,,,,,,,
980,e12421d0d1b807824929dfe328162ee2885be073c16a20e1463bd429a3c62d36ce83843ebc71f3557623852fe8c714db5b76e00adad050e39105e5bb98ca5cf9,english_griffinlim_eval_final/fake_english_griffinlim/english_fake_0980.wav,0,7.44,-5.167582511901856,6.0281171798706055,0.1238399939592369,english,-4.662601828575135,e12421d0d1b807824929dfe328162ee2885be073c16a20e1463bd429a3c62d36ce83843ebc71f3557623852fe8c714db5b76e00adad050e39105e5bb98ca5cf9,0.1238399939592369,0.7995573058999935,0.1398403355092086,0.0598740835368012,0.0892700275678764,0.8001708984375,7.44,e12421d0d1b807824929dfe328162ee2885be073c16a20e1463bd429a3c62d36ce83843ebc71f3557623852fe8c714db5b76e00adad050e39105e5bb98ca5cf9,,,,,,,,
981,5d56e7886635dbba694e805416df7c1cd903973721f96774d1e1c1e4ae536141d0da664d55deecd47e9df99e218908d679e94367617294e26476f610b5df7add,english_griffinlim_eval_final/fake_english_griffinlim/english_fake_0981.wav,0,7.44,-3.1531338691711426,3.953232526779175,0.9629041809638256,english,-2.6481531858444214,5d56e7886635dbba694e805416df7c1cd903973721f96774d1e1c1e4ae536141d0da664d55deecd47e9df99e218908d679e94367617294e26476f610b5df7add,0.9629041809638256,0.3537211348874894,0.0975625878962417,0.5481461217274991,0.0748595652144205,0.989990234375,7.44,5d56e7886635dbba694e805416df7c1cd903973721f96774d1e1c1e4ae536141d0da664d55deecd47e9df99e218908d679e94367617294e26476f610b5df7add,,,,,,,,
982,3c63752972fd7e12a49f8c1dc8f504bc6ffc985ecbcd8a39b722370fc2859e20d9738ab5aef22fd4505ea0847ca0925195cee299a86457caa74b317e16004a36,english_griffinlim_eval_final/fake_english_griffinlim/english_fake_0982.wav,0,3.288,4.85852575302124,-6.185343265533447,0.0574264166429348,english,5.363506436347961,3c63752972fd7e12a49f8c1dc8f504bc6ffc985ecbcd8a39b722370fc2859e20d9738ab5aef22fd4505ea0847ca0925195cee299a86457caa74b317e16004a36,0.0574264166429348,0.5917570748163734,0.2660605194556665,0.1186952354330586,0.0094382560975284,0.060028076171875,3.288,3c63752972fd7e12a49f8c1dc8f504bc6ffc985ecbcd8a39b722370fc2859e20d9738ab5aef22fd4505ea0847ca0925195cee299a86457caa74b317e16004a36,,,,,,,,
983,e1b76c52e8da14f87a77be4722c3f5f25c7b2a1c9b1c59fa52636d2e9a890d7f891b8c048d8a781b28dbc191e263f497bca0c1d40bd949b975694a3af28b6d09,english_griffinlim_eval_final/fake_english_griffinlim/english_fake_0983.wav,0,5.952,-5.926441669464111,6.834767818450928,0.0231444822109031,english,-5.42146098613739,e1b76c52e8da14f87a77be4722c3f5f25c7b2a1c9b1c59fa52636d2e9a890d7f891b8c048d8a781b28dbc191e263f497bca0c1d40bd949b975694a3af28b6d09,0.0231444822109031,0.9009059385885104,0.0898491537879028,0.0080388176901634,0.0690181840511677,0.538787841796875,5.952,e1b76c52e8da14f87a77be4722c3f5f25c7b2a1c9b1c59fa52636d2e9a890d7f891b8c048d8a781b28dbc191e263f497bca0c1d40bd949b975694a3af28b6d09,,,,,,,,
984,79f4d8e5dd8db7a5bd09e08c63907cd244b2fdabc93b3224cfdca3368b80fb07e4cb6d77c35e65dad6db2eb2a14603e996a7c542317f6825b277b27dba8cb183,english_griffinlim_eval_final/fake_english_griffinlim/english_fake_0984.wav,0,5.808,-5.313745498657227,6.107318878173828,0.0103686398968089,english,-4.808764815330505,79f4d8e5dd8db7a5bd09e08c63907cd244b2fdabc93b3224cfdca3368b80fb07e4cb6d77c35e65dad6db2eb2a14603e996a7c542317f6825b277b27dba8cb183,0.0103686398968089,0.910953651922658,0.0693837227746033,0.0171104577633331,0.0482669009796138,0.368408203125,5.808,79f4d8e5dd8db7a5bd09e08c63907cd244b2fdabc93b3224cfdca3368b80fb07e4cb6d77c35e65dad6db2eb2a14603e996a7c542317f6825b277b27dba8cb183,,,,,,,,
985,25bc1fb5e8fb8c59df9cdb4dd07be6837d50ff86b6582a5c4f01e6bc9fd5674a5c403798d8e0eeaa6ded4e2d25ce5c6ca650fbddef5e05efc861469d548e05ab,english_griffinlim_eval_final/fake_english_griffinlim/english_fake_0985.wav,0,4.92,-3.4044525623321533,4.157483100891113,0.0344252974982596,english,-2.899471879005432,25bc1fb5e8fb8c59df9cdb4dd07be6837d50ff86b6582a5c4f01e6bc9fd5674a5c403798d8e0eeaa6ded4e2d25ce5c6ca650fbddef5e05efc861469d548e05ab,0.0344252974982596,0.7939483444526272,0.1836966002384863,0.0198981706136374,0.0482877085896716,0.333953857421875,4.92,25bc1fb5e8fb8c59df9cdb4dd07be6837d50ff86b6582a5c4f01e6bc9fd5674a5c403798d8e0eeaa6ded4e2d25ce5c6ca650fbddef5e05efc861469d548e05ab,,,,,,,,
986,ea6af2f035b41b076462b218d20822bcf91a491c7b894e6ae5df8721003d07e28894b3ef0b8093e857238a3d7fb363ec6687af9548cda5437399c30804eb5b67,english_griffinlim_eval_final/fake_english_griffinlim/english_fake_0986.wav,0,5.256,-5.812039375305176,6.676046371459961,0.0105382158106168,english,-5.307058691978455,ea6af2f035b41b076462b218d20822bcf91a491c7b894e6ae5df8721003d07e28894b3ef0b8093e857238a3d7fb363ec6687af9548cda5437399c30804eb5b67,0.0105382158106168,0.915326222609028,0.0665620166167901,0.0161213393784596,0.0552048598052213,0.435943603515625,5.256,ea6af2f035b41b076462b218d20822bcf91a491c7b894e6ae5df8721003d07e28894b3ef0b8093e857238a3d7fb363ec6687af9548cda5437399c30804eb5b67,,,,,,,,
987,34426206799bc4092f403c29a19865e64a408245ca869fc3ba79ba6d48ad6290c7d7aab7b3f1ea421290ebe31bded6a36f04fedf0720b2ff4df64a6098d1702d,english_griffinlim_eval_final/fake_english_griffinlim/english_fake_0987.wav,0,5.52,-6.078886985778809,7.021915435791016,0.0788156062159352,english,-5.573906302452087,34426206799bc4092f403c29a19865e64a408245ca869fc3ba79ba6d48ad6290c7d7aab7b3f1ea421290ebe31bded6a36f04fedf0720b2ff4df64a6098d1702d,0.0788156062159352,0.940845858543214,0.0549740516641489,0.0038912174063398,0.1222141447708056,0.990020751953125,5.52,34426206799bc4092f403c29a19865e64a408245ca869fc3ba79ba6d48ad6290c7d7aab7b3f1ea421290ebe31bded6a36f04fedf0720b2ff4df64a6098d1702d,,,,,,,,
988,b1f0b30b0dcf3134fb8b9b30cc035d68eb8725c323d49b46e983a9f0fb80479d608d0799c46c97347b1c10faf993e97c1a9758f8541182146e0a3d79ee9a41df,english_griffinlim_eval_final/fake_english_griffinlim/english_fake_0988.wav,0,6.696,-5.416598320007324,6.263662338256836,0.3943648383368447,english,-4.911617636680603,b1f0b30b0dcf3134fb8b9b30cc035d68eb8725c323d49b46e983a9f0fb80479d608d0799c46c97347b1c10faf993e97c1a9758f8541182146e0a3d79ee9a41df,0.3943648383368447,0.5916267397289512,0.0444247579630927,0.363342990588464,0.0756671812556708,0.989990234375,6.696,b1f0b30b0dcf3134fb8b9b30cc035d68eb8725c323d49b46e983a9f0fb80479d608d0799c46c97347b1c10faf993e97c1a9758f8541182146e0a3d79ee9a41df,,,,,,,,
989,c2f9823f99efd104b16583651f3b8f8ed29e5f28a0655f5ae0bdfc8f0df9468f008e859c255b8b404c836273baca98c82c4c88d0de2c19f8293d4b1e971885d8,english_griffinlim_eval_final/fake_english_griffinlim/english_fake_0989.wav,0,6.3,-5.920598030090332,6.835121154785156,0.1364677092961932,english,-5.415617346763611,c2f9823f99efd104b16583651f3b8f8ed29e5f28a0655f5ae0bdfc8f0df9468f008e859c255b8b404c836273baca98c82c4c88d0de2c19f8293d4b1e971885d8,0.1364677092961932,0.9662780410813137,0.0201531351765369,0.0128706840256152,0.101868248156344,0.607421875,6.3,c2f9823f99efd104b16583651f3b8f8ed29e5f28a0655f5ae0bdfc8f0df9468f008e859c255b8b404c836273baca98c82c4c88d0de2c19f8293d4b1e971885d8,,,,,,,,
990,7cba7455872358bbbe6c8a326277149048dffe1eca34ea97f1320da2bb407fbe160493c6f1a51384199ef75c23c4c231aa78a6b84428b58b7ab70bb73882ab91,english_griffinlim_eval_final/fake_english_griffinlim/english_fake_0990.wav,0,4.32,-5.928110122680664,6.758126735687256,0.0527685198693912,english,-5.423129439353943,7cba7455872358bbbe6c8a326277149048dffe1eca34ea97f1320da2bb407fbe160493c6f1a51384199ef75c23c4c231aa78a6b84428b58b7ab70bb73882ab91,0.0527685198693912,0.8648739925761786,0.1281832478638406,0.006403346380897,0.1050040574424372,0.902496337890625,4.32,7cba7455872358bbbe6c8a326277149048dffe1eca34ea97f1320da2bb407fbe160493c6f1a51384199ef75c23c4c231aa78a6b84428b58b7ab70bb73882ab91,,,,,,,,
991,acefbb332db5ce3a5176cabcf11976d544177c9cc2aa0341e37bf9831b07b0c93eea6bfc53d97214ab261d1debb927bf66afb61c88db722415a5af6545b5ed9d,english_griffinlim_eval_final/fake_english_griffinlim/english_fake_0991.wav,0,6.876,6.411506652832031,-8.297760963439941,0.2931559322616995,english,6.916487336158752,acefbb332db5ce3a5176cabcf11976d544177c9cc2aa0341e37bf9831b07b0c93eea6bfc53d97214ab261d1debb927bf66afb61c88db722415a5af6545b5ed9d,0.2931559322616995,0.4773703187285136,0.339032394509097,0.1540602355551552,0.0047802756189658,0.023406982421875,6.876,acefbb332db5ce3a5176cabcf11976d544177c9cc2aa0341e37bf9831b07b0c93eea6bfc53d97214ab261d1debb927bf66afb61c88db722415a5af6545b5ed9d,,,,,,,,
992,6b225f22a2c838abbf75f1c0198a0906edf40f735083fef11d54b4babd72343815bbcb534eb17c294877c03a85ea0924066b9b832e25f88325243f9315027483,english_griffinlim_eval_final/fake_english_griffinlim/english_fake_0992.wav,0,3.984,-4.17469596862793,4.985811233520508,0.0115095558289149,english,-3.6697152853012085,6b225f22a2c838abbf75f1c0198a0906edf40f735083fef11d54b4babd72343815bbcb534eb17c294877c03a85ea0924066b9b832e25f88325243f9315027483,0.0115095558289149,0.9581003278436582,0.0282444890528428,0.0119753420871467,0.0615187373051699,0.3956298828125,3.984,6b225f22a2c838abbf75f1c0198a0906edf40f735083fef11d54b4babd72343815bbcb534eb17c294877c03a85ea0924066b9b832e25f88325243f9315027483,,,,,,,,
993,cba69cadd7529fb0a7581b6b7027d38e44adc19148969d8c48a9d7be17a4cfdd3957aec1f7439fd8b97ee51076f9d9303b75633a9143b2d870cd4da7a8f31808,english_griffinlim_eval_final/fake_english_griffinlim/english_fake_0993.wav,0,6.936,-0.9585373401641846,1.4677236080169678,0.0186849169222233,english,-0.4535566568374634,cba69cadd7529fb0a7581b6b7027d38e44adc19148969d8c48a9d7be17a4cfdd3957aec1f7439fd8b97ee51076f9d9303b75633a9143b2d870cd4da7a8f31808,0.0186849169222233,0.8068918570993892,0.146783546456742,0.0423750893678501,0.0358950007747452,0.329742431640625,6.936,cba69cadd7529fb0a7581b6b7027d38e44adc19148969d8c48a9d7be17a4cfdd3957aec1f7439fd8b97ee51076f9d9303b75633a9143b2d870cd4da7a8f31808,,,,,,,,
994,c948b5166ffa7f0a17b7d067f7f99418cfe1cf101ee9b845047cdcb43911af6bc2c5f775f5099e60052e8edf9d59a2a0fdd906095c9ea0f02c8af763b2088235,english_griffinlim_eval_final/fake_english_griffinlim/english_fake_0994.wav,0,3.024,-1.2514766454696655,1.8263870477676392,0.4714958914338653,english,-0.7464959621429443,c948b5166ffa7f0a17b7d067f7f99418cfe1cf101ee9b845047cdcb43911af6bc2c5f775f5099e60052e8edf9d59a2a0fdd906095c9ea0f02c8af763b2088235,0.4714958914338653,0.2091049102195175,0.7651803911447584,0.0242724345138028,0.0591732045288221,0.841583251953125,3.024,c948b5166ffa7f0a17b7d067f7f99418cfe1cf101ee9b845047cdcb43911af6bc2c5f775f5099e60052e8edf9d59a2a0fdd906095c9ea0f02c8af763b2088235,0.3259246385937561,0.5628469111217658,0.1112284502844781,0.7661642449156645,14.127523677454212,0.2006153428664781,0.482855776538388,0.645217129400794
995,e23c56421f12c9f6639a0d79e2fd13bfd55cddf74f29bd15f3d0c8f70c74144c3ec6d6e1be85c7fd1e7c3d529f633d9a2eb52f47075a7e497922ccbfdb165bf4,english_griffinlim_eval_final/fake_english_griffinlim/english_fake_0995.wav,0,4.536,-4.681290626525879,5.570425987243652,0.1292195274112237,english,-4.176309943199158,e23c56421f12c9f6639a0d79e2fd13bfd55cddf74f29bd15f3d0c8f70c74144c3ec6d6e1be85c7fd1e7c3d529f633d9a2eb52f47075a7e497922ccbfdb165bf4,0.1292195274112237,0.5920907218914566,0.3694903635786449,0.0378401799229794,0.0884998787031596,0.990020751953125,4.536,e23c56421f12c9f6639a0d79e2fd13bfd55cddf74f29bd15f3d0c8f70c74144c3ec6d6e1be85c7fd1e7c3d529f633d9a2eb52f47075a7e497922ccbfdb165bf4,,,,,,,,
996,54530c97e7799cc3f9da18bf6bf60ae8e43a27a8a8218ea52ea920eda7c9aeb929695a51f626122b93e67c418947aca373754ce1d0adc6bc40cb5c59db1d8322,english_griffinlim_eval_final/fake_english_griffinlim/english_fake_0996.wav,0,3.816,-5.412812232971191,6.169024467468262,0.0816734840621796,english,-4.90783154964447,54530c97e7799cc3f9da18bf6bf60ae8e43a27a8a8218ea52ea920eda7c9aeb929695a51f626122b93e67c418947aca373754ce1d0adc6bc40cb5c59db1d8322,0.0816734840621796,0.895901720790256,0.0636573840115893,0.0398118308114892,0.0988193027102754,0.712615966796875,3.816,54530c97e7799cc3f9da18bf6bf60ae8e43a27a8a8218ea52ea920eda7c9aeb929695a51f626122b93e67c418947aca373754ce1d0adc6bc40cb5c59db1d8322,,,,,,,,
997,a22721fa679ec702c9306f00becf645a864dbbe305fe6ff39e01e9fb780ccc8ad7913af19c3f1aebd4211cde70ed4cf17e23154c65125df7bdb3adfe3be7a2bc,english_griffinlim_eval_final/fake_english_griffinlim/english_fake_0997.wav,0,4.464,-5.935183048248291,6.8496527671813965,0.0638396614391463,english,-5.43020236492157,a22721fa679ec702c9306f00becf645a864dbbe305fe6ff39e01e9fb780ccc8ad7913af19c3f1aebd4211cde70ed4cf17e23154c65125df7bdb3adfe3be7a2bc,0.0638396614391463,0.8862717646667466,0.1055827520213749,0.0075490543821106,0.0995376622063661,0.7674560546875,4.464,a22721fa679ec702c9306f00becf645a864dbbe305fe6ff39e01e9fb780ccc8ad7913af19c3f1aebd4211cde70ed4cf17e23154c65125df7bdb3adfe3be7a2bc,,,,,,,,
998,1eff4631dc269207618994527c66eb15c32fe75cdd16f377e1d46d17ffc037100b75d92cd77f84caa6ebee2c8542164edcaa42c3ac4a4548208a6ed93eeb1a66,english_griffinlim_eval_final/fake_english_griffinlim/english_fake_0998.wav,0,4.176,-5.860282897949219,6.732131004333496,0.995909510759681,english,-5.355302214622498,1eff4631dc269207618994527c66eb15c32fe75cdd16f377e1d46d17ffc037100b75d92cd77f84caa6ebee2c8542164edcaa42c3ac4a4548208a6ed93eeb1a66,0.995909510759681,0.761699809472647,0.1196009602738639,0.1185682448728797,0.1870576995505923,0.989990234375,4.176,1eff4631dc269207618994527c66eb15c32fe75cdd16f377e1d46d17ffc037100b75d92cd77f84caa6ebee2c8542164edcaa42c3ac4a4548208a6ed93eeb1a66,,,,,,,,
999,8b56f5bf65dd7a2030f67c37e8bb6fabe108ba61228980c097c9d4c9cf62f4f54f4783a93e8cdb9c0c49c46ee124d69ba3b504199720978bdbb636f383dbc031,english_griffinlim_eval_final/fake_english_griffinlim/english_fake_0999.wav,0,3.672,-2.9720711708068848,3.749170303344727,0.0092777680936851,english,-2.4670904874801636,8b56f5bf65dd7a2030f67c37e8bb6fabe108ba61228980c097c9d4c9cf62f4f54f4783a93e8cdb9c0c49c46ee124d69ba3b504199720978bdbb636f383dbc031,0.0092777680936851,0.8245313781568647,0.111514023552729,0.0588298643158452,0.0321841820951346,0.2705078125,3.672,8b56f5bf65dd7a2030f67c37e8bb6fabe108ba61228980c097c9d4c9cf62f4f54f4783a93e8cdb9c0c49c46ee124d69ba3b504199720978bdbb636f383dbc031,,,,,,,,
1000,8796693fb19970eda73c742a411fd9fdea613f4d64d9a3b5e6c756fa7dc6648f34705ff8b294fa3543663ed6b1b6ab6f5cc2e37f278ab0b112aaa9c2de33aa20,english_griffinlim_eval_final/fake_english_griffinlim/english_fake_1000.wav,0,6.696,-2.6410460472106934,3.4406003952026367,0.0964249554366354,english,-2.136065363883972,8796693fb19970eda73c742a411fd9fdea613f4d64d9a3b5e6c756fa7dc6648f34705ff8b294fa3543663ed6b1b6ab6f5cc2e37f278ab0b112aaa9c2de33aa20,0.0964249554366354,0.5831688104443032,0.3425911879548603,0.0630164635109819,0.0180616921774242,0.171234130859375,6.696,8796693fb19970eda73c742a411fd9fdea613f4d64d9a3b5e6c756fa7dc6648f34705ff8b294fa3543663ed6b1b6ab6f5cc2e37f278ab0b112aaa9c2de33aa20,,,,,,,,
1001,44a775a2292181986e9cc35d5c1b6e3577ef93d5b9dc0c8052a85aa92b08a0fcd73e54d4b6c500fb141d5e2dea4cb9e4108029d64acccc9118a99a7dfed99224,english_griffinlim_eval_final/fake_english_griffinlim/english_fake_1001.wav,0,3.576,-0.6777663230895996,1.192432165145874,0.0073717691594108,english,-0.17278563976287842,44a775a2292181986e9cc35d5c1b6e3577ef93d5b9dc0c8052a85aa92b08a0fcd73e54d4b6c500fb141d5e2dea4cb9e4108029d64acccc9118a99a7dfed99224,0.0073717691594108,0.8942390993595453,0.076660279360597,0.0263479317345301,0.0452750469597898,0.34326171875,3.576,44a775a2292181986e9cc35d5c1b6e3577ef93d5b9dc0c8052a85aa92b08a0fcd73e54d4b6c500fb141d5e2dea4cb9e4108029d64acccc9118a99a7dfed99224,,,,,,,,
1002,72fa4494c0ae90905d3e7b046cced92d9dfd9a1dfe7bd6b417b25b624c3ede012ea9f4347190f7df632505485b9b85aee0eab6012f82eedcede303e47450e7d7,english_griffinlim_eval_final/fake_english_griffinlim/english_fake_1002.wav,0,2.136,-0.2254149168729782,0.5401180386543274,0.0068578886229342,english,0.279565766453743,72fa4494c0ae90905d3e7b046cced92d9dfd9a1dfe7bd6b417b25b624c3ede012ea9f4347190f7df632505485b9b85aee0eab6012f82eedcede303e47450e7d7,0.0068578886229342,0.8991697354698018,0.0704078884990992,0.0292373447425808,0.0700168768749073,0.645233154296875,2.136,72fa4494c0ae90905d3e7b046cced92d9dfd9a1dfe7bd6b417b25b624c3ede012ea9f4347190f7df632505485b9b85aee0eab6012f82eedcede303e47450e7d7,0.7869015065070664,0.1451682410007257,0.0679302524922079,0.7590486040187727,14.252153393368998,0.1671846108035633,0.4479717424426192,0.6240058522089222
1003,29b8505586cd43382cd695da6b943f401104be710a5b60e814ac5fe7e06b39459cf8fe1701ca83f8154b3ccd749df7c2aef33ff23950bb1a135b1e1c393dbcf6,english_griffinlim_eval_final/fake_english_griffinlim/english_fake_1003.wav,0,4.536,-5.784690380096436,6.6340651512146,0.9430700457294036,english,-5.279709696769715,29b8505586cd43382cd695da6b943f401104be710a5b60e814ac5fe7e06b39459cf8fe1701ca83f8154b3ccd749df7c2aef33ff23950bb1a135b1e1c393dbcf6,0.9430700457294036,0.5160631069977601,0.4745529771371943,0.0092711867076762,0.1357118311023305,0.989990234375,4.536,29b8505586cd43382cd695da6b943f401104be710a5b60e814ac5fe7e06b39459cf8fe1701ca83f8154b3ccd749df7c2aef33ff23950bb1a135b1e1c393dbcf6,,,,,,,,
1004,6ac8b1a295e2a4a5b11a602a368771530cd7b900ee5d8b552946eb8d32c21f4694c786c41ca996b12adb8a1d1e15160f84cb0632d9359cf84c6d99a18745692e,english_griffinlim_eval_final/fake_english_griffinlim/english_fake_1004.wav,0,2.916,-1.0890114307403564,1.7039308547973633,0.0174076150764201,english,-0.5840307474136353,6ac8b1a295e2a4a5b11a602a368771530cd7b900ee5d8b552946eb8d32c21f4694c786c41ca996b12adb8a1d1e15160f84cb0632d9359cf84c6d99a18745692e,0.0174076150764201,0.7096405371720907,0.2089649167769364,0.07098489894966,0.019831300300566,0.163177490234375,2.916,6ac8b1a295e2a4a5b11a602a368771530cd7b900ee5d8b552946eb8d32c21f4694c786c41ca996b12adb8a1d1e15160f84cb0632d9359cf84c6d99a18745692e,,,,,,,,
1005,e0e2a4b0b6d984bb3d0b3bbf39f81d5a2a6e475ab7201ea87ad6a862e4b59a75ac7c4f3d2b1f487bab13d4bcfbd672b5df88ac44768e78eb85eb481e6e2555c0,english_griffinlim_eval_final/fake_english_griffinlim/english_fake_1005.wav,0,3.84,-3.996259689331055,4.734842300415039,0.1593420289558893,english,-3.491279006004334,e0e2a4b0b6d984bb3d0b3bbf39f81d5a2a6e475ab7201ea87ad6a862e4b59a75ac7c4f3d2b1f487bab13d4bcfbd672b5df88ac44768e78eb85eb481e6e2555c0,0.1593420289558893,0.8163549019862495,0.1357375494764141,0.0474510397976686,0.1151289764514908,0.952728271484375,3.84,e0e2a4b0b6d984bb3d0b3bbf39f81d5a2a6e475ab7201ea87ad6a862e4b59a75ac7c4f3d2b1f487bab13d4bcfbd672b5df88ac44768e78eb85eb481e6e2555c0,,,,,,,,
1006,3626fa6b9645ba859cf611370be40d14691f5d0a46511e57ee7d8ff7b00e19aff177a20ddb75e1a05055baea2ce937592490a12437a579fcaeba1d37103887dd,english_griffinlim_eval_final/fake_english_griffinlim/english_fake_1006.wav,0,2.544,-0.1994114965200424,0.4003789722919464,0.0043704971006742,english,0.30556918680667877,3626fa6b9645ba859cf611370be40d14691f5d0a46511e57ee7d8ff7b00e19aff177a20ddb75e1a05055baea2ce937592490a12437a579fcaeba1d37103887dd,0.0043704971006742,0.8250466204307146,0.1301691290360337,0.038014163548221,0.0261664985862939,0.24542236328125,2.544,3626fa6b9645ba859cf611370be40d14691f5d0a46511e57ee7d8ff7b00e19aff177a20ddb75e1a05055baea2ce937592490a12437a579fcaeba1d37103887dd,,,,,,,,
1007,9951ecb742632b5f8a1f7261773a64ea24d42f0996ee9f146ee52603983754d7154ad60f3fc5efd069a6cb2afd95f899e8843c0b082016fed5ba7394fc096270,english_griffinlim_eval_final/fake_english_griffinlim/english_fake_1007.wav,0,3.276,-6.084984302520752,6.999660491943359,0.3740957138236046,english,-5.580003619194031,9951ecb742632b5f8a1f7261773a64ea24d42f0996ee9f146ee52603983754d7154ad60f3fc5efd069a6cb2afd95f899e8843c0b082016fed5ba7394fc096270,0.3740957138236046,0.952085087814618,0.0457874939725078,0.001930947536358,0.1511828791356842,0.990020751953125,3.276,9951ecb742632b5f8a1f7261773a64ea24d42f0996ee9f146ee52603983754d7154ad60f3fc5efd069a6cb2afd95f899e8843c0b082016fed5ba7394fc096270,,,,,,,,
1008,ea7d4f67f5be8964a8531f9379b02798ce8d690f5a4223b5821485d66307d8218feec1a8aa5e509cc795faefb2e731e80a18f241360ac43362115069814579a4,english_griffinlim_eval_final/fake_english_griffinlim/english_fake_1008.wav,0,4.248,-6.069242000579834,6.986607551574707,0.2852032024986936,english,-5.564261317253113,ea7d4f67f5be8964a8531f9379b02798ce8d690f5a4223b5821485d66307d8218feec1a8aa5e509cc795faefb2e731e80a18f241360ac43362115069814579a4,0.2852032024986936,0.9522408722238864,0.0436920033343279,0.0036449798425358,0.1242125151088638,0.7149658203125,4.248,ea7d4f67f5be8964a8531f9379b02798ce8d690f5a4223b5821485d66307d8218feec1a8aa5e509cc795faefb2e731e80a18f241360ac43362115069814579a4,,,,,,,,
1009,b79788da7f5b198b99c1a0aa8c380faa4b3db54541bbbb8d1108965ae3283a6a0eb1994f28e3421a313f48d2f2cf2c3037f3acc5cfa2c64125f807ffea933175,english_griffinlim_eval_final/fake_english_griffinlim/english_fake_1009.wav,0,4.608,-4.271585941314697,5.091804504394531,0.0084780214481147,english,-3.766605257987976,b79788da7f5b198b99c1a0aa8c380faa4b3db54541bbbb8d1108965ae3283a6a0eb1994f28e3421a313f48d2f2cf2c3037f3acc5cfa2c64125f807ffea933175,0.0084780214481147,0.7276093033721839,0.2014023694702112,0.0694855092165463,0.0614726033782697,0.887054443359375,4.608,b79788da7f5b198b99c1a0aa8c380faa4b3db54541bbbb8d1108965ae3283a6a0eb1994f28e3421a313f48d2f2cf2c3037f3acc5cfa2c64125f807ffea933175,,,,,,,,
1010,939991dfcf12d8250739f3b4e5ed47e0dc4bf8ffb69810f4ab853aa12872a811941be35b7e91af5df8350d75d3c61d1301aba694c41deb3f38f1414703bc0461,english_griffinlim_eval_final/fake_english_griffinlim/english_fake_1010.wav,0,3.216,-3.765869140625,4.566116809844971,0.0280266886815474,english,-3.260888457298279,939991dfcf12d8250739f3b4e5ed47e0dc4bf8ffb69810f4ab853aa12872a811941be35b7e91af5df8350d75d3c61d1301aba694c41deb3f38f1414703bc0461,0.0280266886815474,0.8001830574004606,0.1925747216249603,0.0062088795568047,0.0734989150307547,0.63623046875,3.216,939991dfcf12d8250739f3b4e5ed47e0dc4bf8ffb69810f4ab853aa12872a811941be35b7e91af5df8350d75d3c61d1301aba694c41deb3f38f1414703bc0461,,,,,,,,
1011,372293e65cdab88771e028a4351651ab2eff64438ddafc211e089247dcdccca350153465eb5409ce708081d9ad384af45d1dc57bbe030ae1a2c0edd561322fb8,english_griffinlim_eval_final/fake_english_griffinlim/english_fake_1011.wav,0,7.704,-4.264646053314209,5.089517116546631,0.4037733113808093,english,-3.759665369987488,372293e65cdab88771e028a4351651ab2eff64438ddafc211e089247dcdccca350153465eb5409ce708081d9ad384af45d1dc57bbe030ae1a2c0edd561322fb8,0.4037733113808093,0.9696348900248136,0.0160295737352023,0.0139885751776008,0.1359532177611755,0.891265869140625,7.704,372293e65cdab88771e028a4351651ab2eff64438ddafc211e089247dcdccca350153465eb5409ce708081d9ad384af45d1dc57bbe030ae1a2c0edd561322fb8,,,,,,,,
1012,5597b775cae1114a1a3c97619b375561277b50a7ae07186db8ccb9ea77390d29cfc9fd118ca12b84ea2aa47019d247ce3ee378265cfa7bbc417e436001d59269,english_griffinlim_eval_final/fake_english_griffinlim/english_fake_1012.wav,0,4.416,-5.782916069030762,6.618379592895508,0.0726019507797794,english,-5.2779353857040405,5597b775cae1114a1a3c97619b375561277b50a7ae07186db8ccb9ea77390d29cfc9fd118ca12b84ea2aa47019d247ce3ee378265cfa7bbc417e436001d59269,0.0726019507797794,0.9603058262194246,0.0358280710425931,0.0035000657305152,0.1241922212274936,0.96368408203125,4.416,5597b775cae1114a1a3c97619b375561277b50a7ae07186db8ccb9ea77390d29cfc9fd118ca12b84ea2aa47019d247ce3ee378265cfa7bbc417e436001d59269,,,,,,,,
1013,e66509a7f96a4caa500499af0cebf9bab387fc359e6845f566053a777a206e4259f905a41084848301755623e90efc5f71e1a53db906c59ce5c3adfb74e56148,english_griffinlim_eval_final/fake_english_griffinlim/english_fake_1013.wav,0,7.512,-5.829586982727051,6.816638946533203,0.4323014028772219,english,-5.32460629940033,e66509a7f96a4caa500499af0cebf9bab387fc359e6845f566053a777a206e4259f905a41084848301755623e90efc5f71e1a53db906c59ce5c3adfb74e56148,0.4323014028772219,0.6432955312134812,0.3398338409779822,0.0163930562041285,0.1074779649680345,0.990020751953125,7.512,e66509a7f96a4caa500499af0cebf9bab387fc359e6845f566053a777a206e4259f905a41084848301755623e90efc5f71e1a53db906c59ce5c3adfb74e56148,,,,,,,,
1014,b5c9bb77e34f76e3130ba662c4ca78975345e97102b27b4b0fa1c4e4780e078d0487746e577e24531eb5370dd51cb466d469a66dfc378b61001c198fcf9c8756,english_griffinlim_eval_final/fake_english_griffinlim/english_fake_1014.wav,0,5.616,-5.792248725891113,6.580032825469971,0.0443610466239769,english,-5.287268042564392,b5c9bb77e34f76e3130ba662c4ca78975345e97102b27b4b0fa1c4e4780e078d0487746e577e24531eb5370dd51cb466d469a66dfc378b61001c198fcf9c8756,0.0443610466239769,0.8951502455283471,0.0741193292953775,0.0292412580618016,0.0623168416276983,0.360198974609375,5.616,b5c9bb77e34f76e3130ba662c4ca78975345e97102b27b4b0fa1c4e4780e078d0487746e577e24531eb5370dd51cb466d469a66dfc378b61001c198fcf9c8756,,,,,,,,
1015,3147a120d4f77e4d4a516ef0a7e82c86e9871fd71a2d533af75ab53987ae375720846e673a581cc1d6ac7567396c030dd19e5fc295c1537438cb1aa28e2be0b1,english_griffinlim_eval_final/fake_english_griffinlim/english_fake_1015.wav,0,6.048,-5.883056640625,6.603821754455566,0.0083313413032271,english,-5.378075957298279,3147a120d4f77e4d4a516ef0a7e82c86e9871fd71a2d533af75ab53987ae375720846e673a581cc1d6ac7567396c030dd19e5fc295c1537438cb1aa28e2be0b1,0.0083313413032271,0.9091111842939767,0.0684228967525922,0.0202403148702359,0.0493811919168042,0.43292236328125,6.048,3147a120d4f77e4d4a516ef0a7e82c86e9871fd71a2d533af75ab53987ae375720846e673a581cc1d6ac7567396c030dd19e5fc295c1537438cb1aa28e2be0b1,,,,,,,,
1016,9cb4c09780d97b53a59084b22b899c0a3295c1ecab3769ccf83905d17ef055f895159580cfae4b4b2bbdd634a38c4f74974cca519b3653e00e8f7fbe7d166c5a,english_griffinlim_eval_final/fake_english_griffinlim/english_fake_1016.wav,0,7.308,-6.132926940917969,7.04206132888794,0.0481874736063504,english,-5.627946257591248,9cb4c09780d97b53a59084b22b899c0a3295c1ecab3769ccf83905d17ef055f895159580cfae4b4b2bbdd634a38c4f74974cca519b3653e00e8f7fbe7d166c5a,0.0481874736063504,0.9243561421983568,0.060446369242456,0.0141374234277111,0.0768478813620212,0.541656494140625,7.308,9cb4c09780d97b53a59084b22b899c0a3295c1ecab3769ccf83905d17ef055f895159580cfae4b4b2bbdd634a38c4f74974cca519b3653e00e8f7fbe7d166c5a,,,,,,,,
1017,8b3bfefd2870c4de03ef724329813e87a1e929397923cd6ca61ac29408086f225d158494979efad659ad88d8ddc3381d5ac57b4b56300e400efb0b6e27a392c1,english_griffinlim_eval_final/fake_english_griffinlim/english_fake_1017.wav,0,3.6,-4.262951850891113,5.069404125213623,0.0050896682538279,english,-3.757971167564392,8b3bfefd2870c4de03ef724329813e87a1e929397923cd6ca61ac29408086f225d158494979efad659ad88d8ddc3381d5ac57b4b56300e400efb0b6e27a392c1,0.0050896682538279,0.9058605393205426,0.0759093519206415,0.01651320763168,0.056603500637008,0.531494140625,3.6,8b3bfefd2870c4de03ef724329813e87a1e929397923cd6ca61ac29408086f225d158494979efad659ad88d8ddc3381d5ac57b4b56300e400efb0b6e27a392c1,,,,,,,,
1018,423ab9ec4bfd2aeeb3bc9fda4a472672b0f3763fd5d9fe7ec3cf4587b8509be550f5e52f204ecc731d30ee36114e66fc0cd23d8281248067d017967ee1a15422,english_griffinlim_eval_final/fake_english_griffinlim/english_fake_1018.wav,0,6.384,-1.4714874029159546,2.0655176639556885,0.1329344112935748,english,-0.9665067195892334,423ab9ec4bfd2aeeb3bc9fda4a472672b0f3763fd5d9fe7ec3cf4587b8509be550f5e52f204ecc731d30ee36114e66fc0cd23d8281248067d017967ee1a15422,0.1329344112935748,0.832254703702687,0.0785837907933632,0.0884753007950736,0.0921157397671861,0.76995849609375,6.384,423ab9ec4bfd2aeeb3bc9fda4a472672b0f3763fd5d9fe7ec3cf4587b8509be550f5e52f204ecc731d30ee36114e66fc0cd23d8281248067d017967ee1a15422,,,,,,,,
1019,1f8a4142e72f09451b4070b0443674c6e7c2ce291e5fe5bc8f30fc22646e2eb71c11a1520957abca5715c5505f3be8197e80445dd847c1d39105bf5b18467e36,english_griffinlim_eval_final/fake_english_griffinlim/english_fake_1019.wav,0,5.856,-3.5314764976501465,4.366084098815918,0.9472528053686928,english,-3.0264958143234253,1f8a4142e72f09451b4070b0443674c6e7c2ce291e5fe5bc8f30fc22646e2eb71c11a1520957abca5715c5505f3be8197e80445dd847c1d39105bf5b18467e36,0.9472528053686928,0.415897362323734,0.2300539743828397,0.3534127207662765,0.087774772084443,0.873809814453125,5.856,1f8a4142e72f09451b4070b0443674c6e7c2ce291e5fe5bc8f30fc22646e2eb71c11a1520957abca5715c5505f3be8197e80445dd847c1d39105bf5b18467e36,,,,,,,,
1020,8790ab0f2c01674132ddc87f706766da49406800f1170d997f74fd7beeb1cad1769595e1dc9cf1cd836dc4c422e0b4049c5f02baa1582a61afba2ebea04f0d56,english_griffinlim_eval_final/fake_english_griffinlim/english_fake_1020.wav,0,2.76,5.919756889343262,-7.663374423980713,0.1068866510137354,english,6.424737572669983,8790ab0f2c01674132ddc87f706766da49406800f1170d997f74fd7beeb1cad1769595e1dc9cf1cd836dc4c422e0b4049c5f02baa1582a61afba2ebea04f0d56,0.1068866510137354,0.5159156924244965,0.3182921664657839,0.1396386005024431,0.0065435246106392,0.03497314453125,2.76,8790ab0f2c01674132ddc87f706766da49406800f1170d997f74fd7beeb1cad1769595e1dc9cf1cd836dc4c422e0b4049c5f02baa1582a61afba2ebea04f0d56,,,,,,,,
1021,df7d2a24562e1687e8e79a78f1dcd7e025a6b6b6f326daaf34a51c3f02757506cf4502b1a7f1134cd3d9506be48c8179a1171fcb1dd2c461f601d04da33889cc,english_griffinlim_eval_final/fake_english_griffinlim/english_fake_1021.wav,0,5.904,-6.022840976715088,6.950784206390381,0.0162745832793462,english,-5.517860293388367,df7d2a24562e1687e8e79a78f1dcd7e025a6b6b6f326daaf34a51c3f02757506cf4502b1a7f1134cd3d9506be48c8179a1171fcb1dd2c461f601d04da33889cc,0.0162745832793462,0.8222827020530334,0.1599850957278443,0.0169674535510227,0.0880643971818785,0.989990234375,5.904,df7d2a24562e1687e8e79a78f1dcd7e025a6b6b6f326daaf34a51c3f02757506cf4502b1a7f1134cd3d9506be48c8179a1171fcb1dd2c461f601d04da33889cc,,,,,,,,
1022,861d368ee4691533936bec58535ca7c02edbce3553587ffdc2d498c88a2956a216026b6fda261e85a283cd8f637514a0b90b260cd2eea3f11b442840205e6eec,english_griffinlim_eval_final/fake_english_griffinlim/english_fake_1022.wav,0,4.656,-2.786792516708374,3.652698516845703,0.0113781110126217,english,-2.281811833381653,861d368ee4691533936bec58535ca7c02edbce3553587ffdc2d498c88a2956a216026b6fda261e85a283cd8f637514a0b90b260cd2eea3f11b442840205e6eec,0.0113781110126217,0.9173076368269488,0.0696292290989207,0.011071513523284,0.0538026978863347,0.376220703125,4.656,861d368ee4691533936bec58535ca7c02edbce3553587ffdc2d498c88a2956a216026b6fda261e85a283cd8f637514a0b90b260cd2eea3f11b442840205e6eec,,,,,,,,
1023,aa308a6660bba7cbeccf02b5d203d0bb01e43d9526e64699e7a05d7fa61950840ee499dbd298f88c874ea183fad157665a2091e3b298ae06bf95a8de9b96618e,english_griffinlim_eval_final/fake_english_griffinlim/english_fake_1023.wav,0,4.728,-2.975433349609375,3.824411392211914,0.0862159073225147,english,-2.470452666282654,aa308a6660bba7cbeccf02b5d203d0bb01e43d9526e64699e7a05d7fa61950840ee499dbd298f88c874ea183fad157665a2091e3b298ae06bf95a8de9b96618e,0.0862159073225147,0.7061926244440926,0.1391764154687311,0.1497507278357851,0.0329989067511844,0.234100341796875,4.728,aa308a6660bba7cbeccf02b5d203d0bb01e43d9526e64699e7a05d7fa61950840ee499dbd298f88c874ea183fad157665a2091e3b298ae06bf95a8de9b96618e,,,,,,,,
1024,c06bf88c5e26199f3a35ace15411e4f54242d4545f87cff76de84cfccb897e555a01b8d82f2ab85143cf8523e282be5d6457f0447d34d3ffb84deb178985e04b,english_griffinlim_eval_final/fake_english_griffinlim/english_fake_1024.wav,0,2.592,-4.267767906188965,5.200350761413574,0.0062080265764927,english,-3.7627872228622437,c06bf88c5e26199f3a35ace15411e4f54242d4545f87cff76de84cfccb897e555a01b8d82f2ab85143cf8523e282be5d6457f0447d34d3ffb84deb178985e04b,0.0062080265764927,0.8327179842812142,0.0769581263698545,0.0879656250730152,0.0415077451452264,0.44720458984375,2.592,c06bf88c5e26199f3a35ace15411e4f54242d4545f87cff76de84cfccb897e555a01b8d82f2ab85143cf8523e282be5d6457f0447d34d3ffb84deb178985e04b,,,,,,,,
1025,768ac5f209c13ac5aef11a298aad9819c9b6caf494a900f7cd96cb53581b215cb62dafc7772ec512c58145e4ef6e9f2259043f68eb217e1e89f0be7bc46b7a8c,english_griffinlim_eval_final/fake_english_griffinlim/english_fake_1025.wav,0,2.976,-3.355574369430542,4.268170356750488,0.3764933300951722,english,-2.850593686103821,768ac5f209c13ac5aef11a298aad9819c9b6caf494a900f7cd96cb53581b215cb62dafc7772ec512c58145e4ef6e9f2259043f68eb217e1e89f0be7bc46b7a8c,0.3764933300951722,0.923781232826754,0.0475608133523514,0.0283240937203765,0.1150664605927321,0.552093505859375,2.976,768ac5f209c13ac5aef11a298aad9819c9b6caf494a900f7cd96cb53581b215cb62dafc7772ec512c58145e4ef6e9f2259043f68eb217e1e89f0be7bc46b7a8c,,,,,,,,
1026,0a418a5678721353da80d2ca2abb89df1cf6da912135762ff0b046ee50725ade5564d71329e2bac85ce57069b17818d51b24b7db84f0440758860882d5af9c48,english_griffinlim_eval_final/fake_english_griffinlim/english_fake_1026.wav,0,3.024,-1.1333290338516235,1.7473928928375244,0.0211052701915347,english,-0.6283483505249023,0a418a5678721353da80d2ca2abb89df1cf6da912135762ff0b046ee50725ade5564d71329e2bac85ce57069b17818d51b24b7db84f0440758860882d5af9c48,0.0211052701915347,0.798511813825257,0.1703118243370592,0.0300388634044938,0.0585423108865506,0.496551513671875,3.024,0a418a5678721353da80d2ca2abb89df1cf6da912135762ff0b046ee50725ade5564d71329e2bac85ce57069b17818d51b24b7db84f0440758860882d5af9c48,,,,,,,,
1027,1225019d528d47c1a589b05ca13577c68d50b27cb794f00d65a7a4be094e4f5e9f0bc35233e80e36ddfba17fa9c185dec071949ab8a2dce2a58b5d4d9b49d290,english_griffinlim_eval_final/fake_english_griffinlim/english_fake_1027.wav,0,3.6,-0.162731721997261,0.1420823037624359,0.0021482620215913,english,0.3422489613294602,1225019d528d47c1a589b05ca13577c68d50b27cb794f00d65a7a4be094e4f5e9f0bc35233e80e36ddfba17fa9c185dec071949ab8a2dce2a58b5d4d9b49d290,0.0021482620215913,0.987429540159517,0.0065576112977562,0.0037395033021894,0.0415531785799272,0.317779541015625,3.6,1225019d528d47c1a589b05ca13577c68d50b27cb794f00d65a7a4be094e4f5e9f0bc35233e80e36ddfba17fa9c185dec071949ab8a2dce2a58b5d4d9b49d290,,,,,,,,
1028,d375e73a2aab64bd8428fcccbe19a071f12ac301142386cfa496e1df68fe553bcc279625c5719f2137c219634ccc323582f7defb1e0ba52b4ab0f93f0d3461a3,english_griffinlim_eval_final/fake_english_griffinlim/english_fake_1028.wav,0,5.256,-4.0378241539001465,4.695580959320068,0.0007838888984623,english,-3.5328434705734253,d375e73a2aab64bd8428fcccbe19a071f12ac301142386cfa496e1df68fe553bcc279625c5719f2137c219634ccc323582f7defb1e0ba52b4ab0f93f0d3461a3,0.0007838888984623,0.949729030358502,0.0382787857869861,0.0108555816043838,0.0587203925650384,0.836029052734375,5.256,d375e73a2aab64bd8428fcccbe19a071f12ac301142386cfa496e1df68fe553bcc279625c5719f2137c219634ccc323582f7defb1e0ba52b4ab0f93f0d3461a3,,,,,,,,
1029,66d8693f2ded1b51d2d39ef039958290d0de0e7b6c400a9f42d581fa6014a4d20c49509ef27c5cb420686eee0ea3b09b6fdcb566f838b631bd6056c51469ad8b,english_griffinlim_eval_final/fake_english_griffinlim/english_fake_1029.wav,0,2.916,-5.631328582763672,6.367875576019287,0.0165873913992018,english,-5.126347899436951,66d8693f2ded1b51d2d39ef039958290d0de0e7b6c400a9f42d581fa6014a4d20c49509ef27c5cb420686eee0ea3b09b6fdcb566f838b631bd6056c51469ad8b,0.0165873913992018,0.9235739499201184,0.055833706590904,0.0201326466804598,0.0914881491103732,0.779510498046875,2.916,66d8693f2ded1b51d2d39ef039958290d0de0e7b6c400a9f42d581fa6014a4d20c49509ef27c5cb420686eee0ea3b09b6fdcb566f838b631bd6056c51469ad8b,,,,,,,,
1030,5b024c9fd4ebb4c6af6a1ceac8d53a0baf927721722ebbc039a50c7aaaaa99a56d79bb670ded86d5e7cbe34eeb2d18f594db0c7c22449af4ba4abb19123d8731,english_griffinlim_eval_final/fake_english_griffinlim/english_fake_1030.wav,0,5.064,-0.7521697282791138,1.2068262100219729,0.0036580413303115,english,-0.24718904495239258,5b024c9fd4ebb4c6af6a1ceac8d53a0baf927721722ebbc039a50c7aaaaa99a56d79bb670ded86d5e7cbe34eeb2d18f594db0c7c22449af4ba4abb19123d8731,0.0036580413303115,0.8337347309151448,0.1196830472925553,0.0341751071738922,0.0170208713558246,0.2073974609375,5.064,5b024c9fd4ebb4c6af6a1ceac8d53a0baf927721722ebbc039a50c7aaaaa99a56d79bb670ded86d5e7cbe34eeb2d18f594db0c7c22449af4ba4abb19123d8731,,,,,,,,
1031,0c62e7bc794b538067d7d92ae657444639c585478b82240cfea92b48ceb7c93c8af87060b95cb4cc55ba098baf112d5bddc9573d656db1badc93f99e1bf60dc4,english_griffinlim_eval_final/fake_english_griffinlim/english_fake_1031.wav,0,2.328,3.710092306137085,-4.8742876052856445,0.0414674181118983,english,4.215072989463806,0c62e7bc794b538067d7d92ae657444639c585478b82240cfea92b48ceb7c93c8af87060b95cb4cc55ba098baf112d5bddc9573d656db1badc93f99e1bf60dc4,0.0414674181118983,0.837423742725592,0.1501836542250352,0.0119516260599965,0.092469852136377,0.752655029296875,2.328,0c62e7bc794b538067d7d92ae657444639c585478b82240cfea92b48ceb7c93c8af87060b95cb4cc55ba098baf112d5bddc9573d656db1badc93f99e1bf60dc4,,,,,,,,
1032,a67ea11203bf123fcd175858ced893c999654827e1be9016973959723c52339bcc804a4b6c052cf0dd3c0b189fdb22207e8a0bae5e2f02245083c80d76d730a3,english_griffinlim_eval_final/fake_english_griffinlim/english_fake_1032.wav,0,5.688,0.4844375550746918,-1.1759968996047974,0.0214441606497959,english,0.989418238401413,a67ea11203bf123fcd175858ced893c999654827e1be9016973959723c52339bcc804a4b6c052cf0dd3c0b189fdb22207e8a0bae5e2f02245083c80d76d730a3,0.0214441606497959,0.9099258655660168,0.0499083461024064,0.0391521040184937,0.062778062915379,0.474517822265625,5.688,a67ea11203bf123fcd175858ced893c999654827e1be9016973959723c52339bcc804a4b6c052cf0dd3c0b189fdb22207e8a0bae5e2f02245083c80d76d730a3,0.8587785624727909,0.0822271431987223,0.0589942943284866,0.683792961506982,14.67802884362042,0.1262466093767572,0.3547582632778974,0.5190016550226972
1033,1f6286a5b24547ed38ae76a92f6137da435710abc44e69f5f18cdca2344830bf440cbceba714edf256853b6442d8aad824020713908529435d15fabdd5be30c3,english_griffinlim_eval_final/fake_english_griffinlim/english_fake_1033.wav,0,4.848,-0.8399463891983032,1.3691400289535522,0.0201905922133309,english,-0.33496570587158203,1f6286a5b24547ed38ae76a92f6137da435710abc44e69f5f18cdca2344830bf440cbceba714edf256853b6442d8aad824020713908529435d15fabdd5be30c3,0.0201905922133309,0.6727529150232949,0.2880057948009463,0.0249940259676555,0.0155951676380318,0.151397705078125,4.848,1f6286a5b24547ed38ae76a92f6137da435710abc44e69f5f18cdca2344830bf440cbceba714edf256853b6442d8aad824020713908529435d15fabdd5be30c3,,,,,,,,
1034,c359cf89568802c1ff684a6e8983800bc0d6873bb8a6f27867f346b2aaa5a6d910077b47d6f5cbd855cf2f99f06715b79237794a9fc488508de1fd25f36ff9f2,english_griffinlim_eval_final/fake_english_griffinlim/english_fake_1034.wav,0,5.376,-5.33925724029541,6.150256633758545,0.034645652796752,english,-4.834276556968689,c359cf89568802c1ff684a6e8983800bc0d6873bb8a6f27867f346b2aaa5a6d910077b47d6f5cbd855cf2f99f06715b79237794a9fc488508de1fd25f36ff9f2,0.034645652796752,0.947113471115296,0.016889410338959,0.0356177126166142,0.1041132942265803,0.89520263671875,5.376,c359cf89568802c1ff684a6e8983800bc0d6873bb8a6f27867f346b2aaa5a6d910077b47d6f5cbd855cf2f99f06715b79237794a9fc488508de1fd25f36ff9f2,,,,,,,,
1035,c4a05f45f97d490bd513adca7ca171fae49f6d1c1f1024312ccd0fe1d179f2e4e7009789f1fce79140503702698634d6f89391bbd150fda6e9365243bb02468b,english_griffinlim_eval_final/fake_english_griffinlim/english_fake_1035.wav,0,7.944,-5.8560471534729,6.748330593109131,0.031473649980223,english,-5.351066470146179,c4a05f45f97d490bd513adca7ca171fae49f6d1c1f1024312ccd0fe1d179f2e4e7009789f1fce79140503702698634d6f89391bbd150fda6e9365243bb02468b,0.031473649980223,0.9280072915136066,0.0381290075108552,0.0329321989322532,0.0685148954456607,0.531341552734375,7.944,c4a05f45f97d490bd513adca7ca171fae49f6d1c1f1024312ccd0fe1d179f2e4e7009789f1fce79140503702698634d6f89391bbd150fda6e9365243bb02468b,,,,,,,,
1036,d1813b3a39bbd5d6f35e04e8e2151930a40e56cefcc57eb71351d6cde06a360b99e6c7791989ff337b308103b8dd7f2f705c01f88506ec4146042276b5a122ce,english_griffinlim_eval_final/fake_english_griffinlim/english_fake_1036.wav,0,6.6,0.2274398952722549,-0.2623944878578186,0.0100980086597056,english,0.7324205785989761,d1813b3a39bbd5d6f35e04e8e2151930a40e56cefcc57eb71351d6cde06a360b99e6c7791989ff337b308103b8dd7f2f705c01f88506ec4146042276b5a122ce,0.0100980086597056,0.8514980365039113,0.0691708563302972,0.0707089549650684,0.0212702109460535,0.16961669921875,6.6,d1813b3a39bbd5d6f35e04e8e2151930a40e56cefcc57eb71351d6cde06a360b99e6c7791989ff337b308103b8dd7f2f705c01f88506ec4146042276b5a122ce,0.8186194919546355,0.111336979101438,0.0700435289439263,0.6818631842818081,14.662512498494827,0.1374386021967491,0.3696643534883985,0.5264135209172125
1037,b7a61d12e5df27da729ede26093609d5a904f3f3518089a5ab5e55f991d095245fc0db9cf4565ce408507d37457b06fdeca27b03c1bf4ee1f50b5d65271dfea2,english_griffinlim_eval_final/fake_english_griffinlim/english_fake_1037.wav,0,6.384,-4.716032981872559,5.420197486877441,0.990312349948331,english,-4.211052298545837,b7a61d12e5df27da729ede26093609d5a904f3f3518089a5ab5e55f991d095245fc0db9cf4565ce408507d37457b06fdeca27b03c1bf4ee1f50b5d65271dfea2,0.990312349948331,0.856260632658805,0.0931066983674359,0.0505210991439187,0.1877837970227064,0.989990234375,6.384,b7a61d12e5df27da729ede26093609d5a904f3f3518089a5ab5e55f991d095245fc0db9cf4565ce408507d37457b06fdeca27b03c1bf4ee1f50b5d65271dfea2,,,,,,,,
1038,c1d22f3acecfa6e00ef0bc0fa8c6b05130858d48b4508e96edcb2ad8f1566b8f13b3db464cb0794730415d074196b3448cfe5163092b64067f3015d5cd9a0c75,english_griffinlim_eval_final/fake_english_griffinlim/english_fake_1038.wav,0,4.104,-5.791225910186768,6.553053855895996,0.0171092919150027,english,-5.286245226860046,c1d22f3acecfa6e00ef0bc0fa8c6b05130858d48b4508e96edcb2ad8f1566b8f13b3db464cb0794730415d074196b3448cfe5163092b64067f3015d5cd9a0c75,0.0171092919150027,0.9335386143125454,0.0643004923117262,0.001690926073394,0.0881607669811401,0.733062744140625,4.104,c1d22f3acecfa6e00ef0bc0fa8c6b05130858d48b4508e96edcb2ad8f1566b8f13b3db464cb0794730415d074196b3448cfe5163092b64067f3015d5cd9a0c75,,,,,,,,
1039,206710ecc1fcd76f0e083acbd83a04bd9613a02785b70caed19e7764dc00239a37407730310c555c891505342dd257b101e6b9df14e7d4b855b73e42df72dd96,english_griffinlim_eval_final/fake_english_griffinlim/english_fake_1039.wav,0,5.688,-3.771787405014038,4.596797943115234,0.9868195320010495,english,-3.266806721687317,206710ecc1fcd76f0e083acbd83a04bd9613a02785b70caed19e7764dc00239a37407730310c555c891505342dd257b101e6b9df14e7d4b855b73e42df72dd96,0.9868195320010495,0.265909445165057,0.4470398246295271,0.2868882206010735,0.1007280780357342,0.990020751953125,5.688,206710ecc1fcd76f0e083acbd83a04bd9613a02785b70caed19e7764dc00239a37407730310c555c891505342dd257b101e6b9df14e7d4b855b73e42df72dd96,,,,,,,,
1040,9a91a00fa1c8844d761e0bbb191f87d023185b5eaa08a6bc2f4030e7f2604c4f84ecc8725e7a47df26158f1414a2b868368eba0dca8545c3afcb74dfb6d20400,english_griffinlim_eval_final/fake_english_griffinlim/english_fake_1040.wav,0,4.752,-2.2307050228118896,2.6538960933685303,0.0186311069212234,english,-1.7257243394851685,9a91a00fa1c8844d761e0bbb191f87d023185b5eaa08a6bc2f4030e7f2604c4f84ecc8725e7a47df26158f1414a2b868368eba0dca8545c3afcb74dfb6d20400,0.0186311069212234,0.966433084989285,0.0312536286653625,0.0019846170664224,0.1096060468103443,0.98529052734375,4.752,9a91a00fa1c8844d761e0bbb191f87d023185b5eaa08a6bc2f4030e7f2604c4f84ecc8725e7a47df26158f1414a2b868368eba0dca8545c3afcb74dfb6d20400,,,,,,,,
1041,8ed772bcb6e686110c2775e003598e40e0f6743431af6ecb357724cc7b8e4b4f19dcca57e31a16863bec6d27535b2f4b405a44a794aa25b8bcb4d506b9f37733,english_griffinlim_eval_final/fake_english_griffinlim/english_fake_1041.wav,0,3.456,5.938080310821533,-7.721394062042236,0.40947168774419,english,6.443060994148254,8ed772bcb6e686110c2775e003598e40e0f6743431af6ecb357724cc7b8e4b4f19dcca57e31a16863bec6d27535b2f4b405a44a794aa25b8bcb4d506b9f37733,0.40947168774419,0.5838182854427271,0.0947739103692654,0.3205475572281541,0.0659380491279553,0.706512451171875,3.456,8ed772bcb6e686110c2775e003598e40e0f6743431af6ecb357724cc7b8e4b4f19dcca57e31a16863bec6d27535b2f4b405a44a794aa25b8bcb4d506b9f37733,,,,,,,,
1042,4625d817627c80ce7313d36d01e1f671a74f8689d0c644f4508eb1df03240b2140b993098755dcd9275b897796b1810db4db8621e49e23461b126c098bf9e5b9,english_griffinlim_eval_final/fake_english_griffinlim/english_fake_1042.wav,0,5.592,0.2898788154125213,-0.3573263585567474,0.0165286508093683,english,0.7948594987392426,4625d817627c80ce7313d36d01e1f671a74f8689d0c644f4508eb1df03240b2140b993098755dcd9275b897796b1810db4db8621e49e23461b126c098bf9e5b9,0.0165286508093683,0.879599752821871,0.0680624994711636,0.0505852210919519,0.0463320958291025,0.345123291015625,5.592,4625d817627c80ce7313d36d01e1f671a74f8689d0c644f4508eb1df03240b2140b993098755dcd9275b897796b1810db4db8621e49e23461b126c098bf9e5b9,,,,,,,,
1043,c9a53379f05baeec4de2c763c78f16983bfe09957fc61b3807658ef31cc44739a046aee30875dbb554762b47b832f2b53bda37a5d09aedc45fe9c9bb42fa8c99,english_griffinlim_eval_final/fake_english_griffinlim/english_fake_1043.wav,0,3.624,-6.098265647888184,6.990664005279541,0.2368491506559506,english,-5.593284964561462,c9a53379f05baeec4de2c763c78f16983bfe09957fc61b3807658ef31cc44739a046aee30875dbb554762b47b832f2b53bda37a5d09aedc45fe9c9bb42fa8c99,0.2368491506559506,0.8498412622562562,0.0779452457932368,0.0719734924394243,0.1259354979620977,0.989990234375,3.624,c9a53379f05baeec4de2c763c78f16983bfe09957fc61b3807658ef31cc44739a046aee30875dbb554762b47b832f2b53bda37a5d09aedc45fe9c9bb42fa8c99,,,,,,,,
1044,2613068726292355af6306df9b9448429d185bd61430a67718d1da33e22d3b695383a562c5a385f7df0cfd18b3cda8fa718e306ac9879707519a3ccaddb00154,english_griffinlim_eval_final/fake_english_griffinlim/english_fake_1044.wav,0,5.424,-6.045958995819092,6.91807746887207,0.1852568247689882,english,-5.540978312492371,2613068726292355af6306df9b9448429d185bd61430a67718d1da33e22d3b695383a562c5a385f7df0cfd18b3cda8fa718e306ac9879707519a3ccaddb00154,0.1852568247689882,0.9874821320937808,0.0087411550690519,0.0034166872216351,0.1074137966211743,0.55487060546875,5.424,2613068726292355af6306df9b9448429d185bd61430a67718d1da33e22d3b695383a562c5a385f7df0cfd18b3cda8fa718e306ac9879707519a3ccaddb00154,0.940026903683253,0.0406656988404597,0.0193073974762872,0.6867854780760472,14.68028534817596,0.1210143553069815,0.3444966158842342,0.5091150075456663
1045,7875326d70187b3567fdc797cb3343b1a1369828b9812bd20c0a3436dd059cc7633d05e08346b89d73d6bc1035d5454572d561bf245e15265ad5ad11b945bf18,english_griffinlim_eval_final/fake_english_griffinlim/english_fake_1045.wav,0,4.92,-5.795487403869629,6.6405792236328125,0.1349887846172739,english,-5.290506720542908,7875326d70187b3567fdc797cb3343b1a1369828b9812bd20c0a3436dd059cc7633d05e08346b89d73d6bc1035d5454572d561bf245e15265ad5ad11b945bf18,0.1349887846172739,0.8706737636184654,0.0539706726466124,0.0749084505469005,0.0946693678206013,0.6796875,4.92,7875326d70187b3567fdc797cb3343b1a1369828b9812bd20c0a3436dd059cc7633d05e08346b89d73d6bc1035d5454572d561bf245e15265ad5ad11b945bf18,,,,,,,,
1046,e769288996b62166131fee52a9c7243e7b2cc0c5a4851d0f7255ab95b92b62afea0f1e7a307a1caa5dd523023fca574ff7175065b356ec799bc337fef80ee1f0,english_griffinlim_eval_final/fake_english_griffinlim/english_fake_1046.wav,0,7.02,-6.000013828277588,6.939935684204102,0.428587157136964,english,-5.495033144950867,e769288996b62166131fee52a9c7243e7b2cc0c5a4851d0f7255ab95b92b62afea0f1e7a307a1caa5dd523023fca574ff7175065b356ec799bc337fef80ee1f0,0.428587157136964,0.711675413088884,0.2196651968854408,0.068252283007833,0.0963523135032558,0.768829345703125,7.02,e769288996b62166131fee52a9c7243e7b2cc0c5a4851d0f7255ab95b92b62afea0f1e7a307a1caa5dd523023fca574ff7175065b356ec799bc337fef80ee1f0,,,,,,,,
1047,56379b1b40ca1f908a6a95c1115a2bbb60ecbaf61469d33d94a527ab5ef775f4e4295212a64a969cab83e8962e3e36db8228a717c3b387941b0dd66bb4cf7c60,english_griffinlim_eval_final/fake_english_griffinlim/english_fake_1047.wav,0,6.228,-1.913248300552368,2.68701171875,0.0026790058361379,english,-1.4082676172256468,56379b1b40ca1f908a6a95c1115a2bbb60ecbaf61469d33d94a527ab5ef775f4e4295212a64a969cab83e8962e3e36db8228a717c3b387941b0dd66bb4cf7c60,0.0026790058361379,0.915358261628412,0.0565063406966187,0.0264013771283821,0.0470082903062076,0.58258056640625,6.228,56379b1b40ca1f908a6a95c1115a2bbb60ecbaf61469d33d94a527ab5ef775f4e4295212a64a969cab83e8962e3e36db8228a717c3b387941b0dd66bb4cf7c60,,,,,,,,
1048,47eab07d923d67d86227a7cef43ba747a0bb73c42ddf79a028f02e524bcb7ec8958a0f8f0c9365130c8ace2dfb83390d035ce5950b19f38463079bf11f5509eb,english_griffinlim_eval_final/fake_english_griffinlim/english_fake_1048.wav,0,3.0,4.983749866485596,-6.340526103973389,0.0010158303468932,english,5.488730549812317,47eab07d923d67d86227a7cef43ba747a0bb73c42ddf79a028f02e524bcb7ec8958a0f8f0c9365130c8ace2dfb83390d035ce5950b19f38463079bf11f5509eb,0.0010158303468932,0.9443645027147942,0.0504721808074971,0.003655646619822,0.0524166044970497,0.63433837890625,3.0,47eab07d923d67d86227a7cef43ba747a0bb73c42ddf79a028f02e524bcb7ec8958a0f8f0c9365130c8ace2dfb83390d035ce5950b19f38463079bf11f5509eb,0.8300749721683935,0.143671516072426,0.0262535117591804,0.8177199191230915,13.842195462305032,0.2018045603416194,0.5190188754547232,0.7059529072229186
1049,9430e5e18fd4eaabcbe041177c7860fa75aec9407d276e1da3afeffdf5c6579394cccf13e03156186482479b3d166b82acb9e3b64aea47ef0b83c06e64628d2f,english_griffinlim_eval_final/fake_english_griffinlim/english_fake_1049.wav,0,3.24,5.295036315917969,-6.779397487640381,0.0032515122176398,english,5.80001699924469,9430e5e18fd4eaabcbe041177c7860fa75aec9407d276e1da3afeffdf5c6579394cccf13e03156186482479b3d166b82acb9e3b64aea47ef0b83c06e64628d2f,0.0032515122176398,0.9166752880026944,0.0669941718311838,0.0145150581784506,0.0473502326950167,0.44354248046875,3.24,9430e5e18fd4eaabcbe041177c7860fa75aec9407d276e1da3afeffdf5c6579394cccf13e03156186482479b3d166b82acb9e3b64aea47ef0b83c06e64628d2f,,,,,,,,
1050,d1c5f949b950acff73774df763348084cac3b5e4d3593069e091c5962357ac3ee43613ca3ae0bd45d12357dc37c535b5f1016945d71f74f1f3dfa8f8e0995338,english_griffinlim_eval_final/fake_english_griffinlim/english_fake_1050.wav,0,2.688,-0.652477502822876,1.0719821453094482,0.042002757747178,english,-0.14749681949615479,d1c5f949b950acff73774df763348084cac3b5e4d3593069e091c5962357ac3ee43613ca3ae0bd45d12357dc37c535b5f1016945d71f74f1f3dfa8f8e0995338,0.042002757747178,0.5105487307432793,0.4568399403564577,0.0237133802259498,0.0201327221229862,0.28326416015625,2.688,d1c5f949b950acff73774df763348084cac3b5e4d3593069e091c5962357ac3ee43613ca3ae0bd45d12357dc37c535b5f1016945d71f74f1f3dfa8f8e0995338,0.5736222851309671,0.344290975810349,0.0820867390586838,0.7488453954511634,14.306377299907927,0.1669783329859481,0.4327792090337262,0.6047702851661284
1051,c7fa9b2502b716b516b076ca89ff79e29d183ac0c006ce10ce33b61b0cd08542049535c83a89ff71168375d4a3bbbca2bcc25ecf5cc5f0653563862b73121cd2,english_griffinlim_eval_final/fake_english_griffinlim/english_fake_1051.wav,0,4.944,-3.593838214874268,4.459244728088379,0.153138579199909,english,-3.088857531547547,c7fa9b2502b716b516b076ca89ff79e29d183ac0c006ce10ce33b61b0cd08542049535c83a89ff71168375d4a3bbbca2bcc25ecf5cc5f0653563862b73121cd2,0.153138579199909,0.8262849444782241,0.1507762975841593,0.0225909572163411,0.1059179089235105,0.828216552734375,4.944,c7fa9b2502b716b516b076ca89ff79e29d183ac0c006ce10ce33b61b0cd08542049535c83a89ff71168375d4a3bbbca2bcc25ecf5cc5f0653563862b73121cd2,,,,,,,,
1052,e9fe2574cd5a40cc2e044e84ced3a065a0b623b437d77ea66c436d94cfa8b83fc46982c12af18a5e85c31fda3af6a182386bf9f8708e642b1607221fbae84a43,english_griffinlim_eval_final/fake_english_griffinlim/english_fake_1052.wav,0,3.852,-3.985407829284668,4.809528350830078,0.0050858242970048,english,-3.4804271459579468,e9fe2574cd5a40cc2e044e84ced3a065a0b623b437d77ea66c436d94cfa8b83fc46982c12af18a5e85c31fda3af6a182386bf9f8708e642b1607221fbae84a43,0.0050858242970048,0.7698360640436447,0.1977662544641659,0.0313010185181944,0.0594333241219988,0.809173583984375,3.852,e9fe2574cd5a40cc2e044e84ced3a065a0b623b437d77ea66c436d94cfa8b83fc46982c12af18a5e85c31fda3af6a182386bf9f8708e642b1607221fbae84a43,,,,,,,,
1053,e543cc12c580c37bb3b8b3f7904755db09992fc3d80a6166c231ad1dd6ac939bd8dc0a9e857b6d160cd42ebc5f8e9c9cd086e289027f1efa0ed914e44537b513,english_griffinlim_eval_final/fake_english_griffinlim/english_fake_1053.wav,0,4.824,0.5787286162376404,-1.0539993047714231,0.0027034955294132,english,1.0837092995643616,e543cc12c580c37bb3b8b3f7904755db09992fc3d80a6166c231ad1dd6ac939bd8dc0a9e857b6d160cd42ebc5f8e9c9cd086e289027f1efa0ed914e44537b513,0.0027034955294132,0.902527781569052,0.0435586185299434,0.0421890541477003,0.0178061259761072,0.158660888671875,4.824,e543cc12c580c37bb3b8b3f7904755db09992fc3d80a6166c231ad1dd6ac939bd8dc0a9e857b6d160cd42ebc5f8e9c9cd086e289027f1efa0ed914e44537b513,0.8165765583498888,0.0982477957891855,0.0851756458609257,0.7201131872180138,14.45292232536404,0.1603674745819164,0.4151258053318095,0.5764644231736552
1054,0c65f439b152536bf785a2c15fedbc0e6b4966363f5ae1d8bab8c842d3bdd10de3c7c062a30628323f9cc753e880e7b19ad9fc264dfaa71956a20817f97ea808,english_griffinlim_eval_final/fake_english_griffinlim/english_fake_1054.wav,0,4.104,-5.152677059173584,5.8927764892578125,0.0156674763414048,english,-4.647696375846863,0c65f439b152536bf785a2c15fedbc0e6b4966363f5ae1d8bab8c842d3bdd10de3c7c062a30628323f9cc753e880e7b19ad9fc264dfaa71956a20817f97ea808,0.0156674763414048,0.7083343673362299,0.108114648662769,0.182875348970497,0.0664452815317658,0.990020751953125,4.104,0c65f439b152536bf785a2c15fedbc0e6b4966363f5ae1d8bab8c842d3bdd10de3c7c062a30628323f9cc753e880e7b19ad9fc264dfaa71956a20817f97ea808,,,,,,,,
1055,54dc820077b05bf576973afed1f32e6af12c378296b118c651a9e42efdbddac8ddeb0604771e9034aea18ea46f907d253ef8ca45e6d51eb6d3e4e1c56dd4bf4b,english_griffinlim_eval_final/fake_english_griffinlim/english_fake_1055.wav,0,7.584,-2.544140815734864,3.274961471557617,0.0270491563252011,english,-2.039160132408143,54dc820077b05bf576973afed1f32e6af12c378296b118c651a9e42efdbddac8ddeb0604771e9034aea18ea46f907d253ef8ca45e6d51eb6d3e4e1c56dd4bf4b,0.0270491563252011,0.8733864141249619,0.0574145618525004,0.0686398137132977,0.0835719865380114,0.875152587890625,7.584,54dc820077b05bf576973afed1f32e6af12c378296b118c651a9e42efdbddac8ddeb0604771e9034aea18ea46f907d253ef8ca45e6d51eb6d3e4e1c56dd4bf4b,,,,,,,,
1056,ec89bf72638f6265060c86f7407b002bb309d6f741e3a5fd806c873e17b7fe6fc8709aa83aa29f2fd8fb85c32e4362da17de510e68100b9ab69112a7a4b98a8b,english_griffinlim_eval_final/fake_english_griffinlim/english_fake_1056.wav,0,3.624,4.180591583251953,-5.462654113769531,0.0049056664843907,english,4.685572266578674,ec89bf72638f6265060c86f7407b002bb309d6f741e3a5fd806c873e17b7fe6fc8709aa83aa29f2fd8fb85c32e4362da17de510e68100b9ab69112a7a4b98a8b,0.0049056664843907,0.7562833998686777,0.2212589286947871,0.0181716095810145,0.029572179692599,0.399993896484375,3.624,ec89bf72638f6265060c86f7407b002bb309d6f741e3a5fd806c873e17b7fe6fc8709aa83aa29f2fd8fb85c32e4362da17de510e68100b9ab69112a7a4b98a8b,0.6608822115631932,0.270443431681476,0.0686743567553307,0.7753007104609155,14.081586958193688,0.2050169261545972,0.482907994160572,0.6492873078104296
1057,ce09e8b6f08592b2c66c5ebd837e6283b9c6b1aa360af734e785aad86ed4e173b720ca9c5fa38dac48b4c3c83529e45b9d757208f2abd8c10e354ceb7985905e,english_griffinlim_eval_final/fake_english_griffinlim/english_fake_1057.wav,0,4.536,-1.0235337018966677,1.7519049644470217,0.0026084581690342,english,-0.5185530185699465,ce09e8b6f08592b2c66c5ebd837e6283b9c6b1aa360af734e785aad86ed4e173b720ca9c5fa38dac48b4c3c83529e45b9d757208f2abd8c10e354ceb7985905e,0.0026084581690342,0.965577135318673,0.0293485796323094,0.0041609248498331,0.0657234009181206,0.687713623046875,4.536,ce09e8b6f08592b2c66c5ebd837e6283b9c6b1aa360af734e785aad86ed4e173b720ca9c5fa38dac48b4c3c83529e45b9d757208f2abd8c10e354ceb7985905e,,,,,,,,
1058,b91749a4dc04cd412c5f85dfd0d53e4588a23ca6033fee0a3b81099a9fe6f6aeaf0ef42e2a10fa6ec926526e26cb7bd813e3704a4a9d8f534228930b3dfa171d,english_griffinlim_eval_final/fake_english_griffinlim/english_fake_1058.wav,0,5.016,-6.0874786376953125,7.009016513824463,0.2396025599985864,english,-5.582497954368591,b91749a4dc04cd412c5f85dfd0d53e4588a23ca6033fee0a3b81099a9fe6f6aeaf0ef42e2a10fa6ec926526e26cb7bd813e3704a4a9d8f534228930b3dfa171d,0.2396025599985864,0.9684049493635624,0.0236462652329008,0.0076927201801802,0.129176443027956,0.824859619140625,5.016,b91749a4dc04cd412c5f85dfd0d53e4588a23ca6033fee0a3b81099a9fe6f6aeaf0ef42e2a10fa6ec926526e26cb7bd813e3704a4a9d8f534228930b3dfa171d,,,,,,,,
1059,be23dc498fd25333eef1f452d0f12ffa622fd31bd261828ed35c1820aaf944065649dc5371b28e19d056478206e076dae38a576c6d78ff7247c158e6c7905b90,english_griffinlim_eval_final/fake_english_griffinlim/english_fake_1059.wav,0,7.092,-5.50447940826416,6.277852535247803,0.6308493436345023,english,-4.999498724937439,be23dc498fd25333eef1f452d0f12ffa622fd31bd261828ed35c1820aaf944065649dc5371b28e19d056478206e076dae38a576c6d78ff7247c158e6c7905b90,0.6308493436345023,0.7486294854417562,0.0799632465271011,0.1709742593370469,0.0965037987938349,0.692047119140625,7.092,be23dc498fd25333eef1f452d0f12ffa622fd31bd261828ed35c1820aaf944065649dc5371b28e19d056478206e076dae38a576c6d78ff7247c158e6c7905b90,,,,,,,,
1060,d00446e08c607630db0b554cb2c45a91bb46f87042798b0b18a106c5d68b3779c2e2cb46c1b73393743f0c93e08cd978fddac08e3b6ea40ceda2b1ff6e858bc4,english_griffinlim_eval_final/fake_english_griffinlim/english_fake_1060.wav,0,4.896,-1.5820178985595703,2.338684558868408,0.005396916223606,english,-1.0770372152328491,d00446e08c607630db0b554cb2c45a91bb46f87042798b0b18a106c5d68b3779c2e2cb46c1b73393743f0c93e08cd978fddac08e3b6ea40ceda2b1ff6e858bc4,0.005396916223606,0.9435507509606036,0.0365644928506878,0.0179213607792692,0.0449921957606097,0.346710205078125,4.896,d00446e08c607630db0b554cb2c45a91bb46f87042798b0b18a106c5d68b3779c2e2cb46c1b73393743f0c93e08cd978fddac08e3b6ea40ceda2b1ff6e858bc4,,,,,,,,
1061,82f6efc51109b0bf49ddffc1c25f741e829f97693190472af40ef149afc34810117bcf347aa5dc553239a149ca670eb50780f5aa54c5744c7406ea577fb9de23,english_griffinlim_eval_final/fake_english_griffinlim/english_fake_1061.wav,0,3.84,-3.4091060161590576,4.201083660125732,0.0584336277388417,english,-2.9041253328323364,82f6efc51109b0bf49ddffc1c25f741e829f97693190472af40ef149afc34810117bcf347aa5dc553239a149ca670eb50780f5aa54c5744c7406ea577fb9de23,0.0584336277388417,0.7978674549413537,0.1745648426972417,0.027318217665047,0.1044858122461109,0.990020751953125,3.84,82f6efc51109b0bf49ddffc1c25f741e829f97693190472af40ef149afc34810117bcf347aa5dc553239a149ca670eb50780f5aa54c5744c7406ea577fb9de23,0.7775811504814746,0.1720052766772039,0.0504135728413216,0.8014117019907825,14.009305368486205,0.1729900730246384,0.4768451157086793,0.6685315367417137
1062,ea08915a37c26ed98cc464706540a92a075302cd829dbce57d0b90a260595961853e855b1834e71b361c3ed93ce6028fec3939b543cd2fb209f59991f05e086f,english_griffinlim_eval_final/fake_english_griffinlim/english_fake_1062.wav,0,4.392,1.522564172744751,-2.5877161026000977,0.0309713139248563,english,2.027544856071472,ea08915a37c26ed98cc464706540a92a075302cd829dbce57d0b90a260595961853e855b1834e71b361c3ed93ce6028fec3939b543cd2fb209f59991f05e086f,0.0309713139248563,0.9534923765392388,0.0368795396222163,0.0091459958084751,0.0889504709796601,0.6341552734375,4.392,ea08915a37c26ed98cc464706540a92a075302cd829dbce57d0b90a260595961853e855b1834e71b361c3ed93ce6028fec3939b543cd2fb209f59991f05e086f,,,,,,,,
1063,409cd65d420a277b83b2021d2f9ed4086713d62a714661a851f13367f9ce3171b940f57dd4216f6c7e6f877ca02bb8d104475499592153735f1c91bd88960a56,english_griffinlim_eval_final/fake_english_griffinlim/english_fake_1063.wav,0,4.056,-2.811776161193848,3.729543685913086,0.0206175590605617,english,-2.306795477867127,409cd65d420a277b83b2021d2f9ed4086713d62a714661a851f13367f9ce3171b940f57dd4216f6c7e6f877ca02bb8d104475499592153735f1c91bd88960a56,0.0206175590605617,0.927007944632627,0.0622292450352729,0.0103510067133306,0.0990952097483536,0.871734619140625,4.056,409cd65d420a277b83b2021d2f9ed4086713d62a714661a851f13367f9ce3171b940f57dd4216f6c7e6f877ca02bb8d104475499592153735f1c91bd88960a56,0.8644874728720087,0.109492385393064,0.0260201417349273,0.7670214737434753,14.206636939805117,0.1716905623410474,0.4461421699527335,0.6237209922400977
1064,a2576ccf04ad8c0dbe2b29f3843c1ed984d8bd91480766f4bf99c933d99ae8d2b32afc34c7e185b06c2b16deae4fbabb8030906be2455973e2d85d92b0afbc6e,english_griffinlim_eval_final/fake_english_griffinlim/english_fake_1064.wav,0,5.58,0.1450237929821014,-0.1884996145963668,0.0062603285753423,english,0.6500044763088226,a2576ccf04ad8c0dbe2b29f3843c1ed984d8bd91480766f4bf99c933d99ae8d2b32afc34c7e185b06c2b16deae4fbabb8030906be2455973e2d85d92b0afbc6e,0.0062603285753423,0.8531012243830712,0.1321856484328934,0.0129017364288765,0.0463651722841788,0.502166748046875,5.58,a2576ccf04ad8c0dbe2b29f3843c1ed984d8bd91480766f4bf99c933d99ae8d2b32afc34c7e185b06c2b16deae4fbabb8030906be2455973e2d85d92b0afbc6e,,,,,,,,
1065,96c0da2dcd7d4e389b5dc6b335b69d9730b895eab6a02da975919f9674c4018f395a9f07b65628c2a6f46465077b4745aa8b08bf60d7650e88fdeca6a24b8e53,english_griffinlim_eval_final/fake_english_griffinlim/english_fake_1065.wav,0,6.24,5.123826026916504,-6.6039581298828125,0.0061849333375003,english,5.628806710243225,96c0da2dcd7d4e389b5dc6b335b69d9730b895eab6a02da975919f9674c4018f395a9f07b65628c2a6f46465077b4745aa8b08bf60d7650e88fdeca6a24b8e53,0.0061849333375003,0.878600767320421,0.0714870813126433,0.048602186929901,0.0562121129574096,0.659088134765625,6.24,96c0da2dcd7d4e389b5dc6b335b69d9730b895eab6a02da975919f9674c4018f395a9f07b65628c2a6f46465077b4745aa8b08bf60d7650e88fdeca6a24b8e53,,,,,,,,
1066,77600d1ea840721bc62cd5a1444822538c380c4255c3bb966d35e4c71344e0691303c4add4223e9fe842b24d65e08ae2e99c956f4acb898bff34adad75171112,english_griffinlim_eval_final/fake_english_griffinlim/english_fake_1066.wav,0,4.176,-0.1412932276725769,-0.0007900599157437,0.0053627743043289,english,0.3636874556541443,77600d1ea840721bc62cd5a1444822538c380c4255c3bb966d35e4c71344e0691303c4add4223e9fe842b24d65e08ae2e99c956f4acb898bff34adad75171112,0.0053627743043289,0.8217899295207503,0.1556712456092656,0.0217950158161704,0.0731605792516799,0.909515380859375,4.176,77600d1ea840721bc62cd5a1444822538c380c4255c3bb966d35e4c71344e0691303c4add4223e9fe842b24d65e08ae2e99c956f4acb898bff34adad75171112,,,,,,,,
1067,d9685b3072e3c4a70a6b40148754add887a267c29f421ccd5bb35938588bef7e04510e6a6eb27c23568bf7ad0b4cbfb6d6271ac4b3d16eefc6f62c36c26ad2c3,english_griffinlim_eval_final/fake_english_griffinlim/english_fake_1067.wav,0,3.912,0.3577937483787536,-0.7065626978874207,0.1965712258649435,english,0.8627744317054749,d9685b3072e3c4a70a6b40148754add887a267c29f421ccd5bb35938588bef7e04510e6a6eb27c23568bf7ad0b4cbfb6d6271ac4b3d16eefc6f62c36c26ad2c3,0.1965712258649435,0.5442168585859011,0.3499550159885333,0.1037156870972834,0.042798053269941,0.402496337890625,3.912,d9685b3072e3c4a70a6b40148754add887a267c29f421ccd5bb35938588bef7e04510e6a6eb27c23568bf7ad0b4cbfb6d6271ac4b3d16eefc6f62c36c26ad2c3,,,,,,,,
1068,62fe38605370af736776af0cf066ab4ecda0c9e8728cfed5af765d5a867d833be5aad777dab6264b2334aaaae106e2e7d9644caff94d066e0611d7175218305f,english_griffinlim_eval_final/fake_english_griffinlim/english_fake_1068.wav,0,4.176,-5.781897068023682,6.598293304443359,0.2161025426614284,english,-5.2769163846969604,62fe38605370af736776af0cf066ab4ecda0c9e8728cfed5af765d5a867d833be5aad777dab6264b2334aaaae106e2e7d9644caff94d066e0611d7175218305f,0.2161025426614284,0.8518273924495751,0.1209863670591016,0.0268883025739079,0.1176094245701115,0.862060546875,4.176,62fe38605370af736776af0cf066ab4ecda0c9e8728cfed5af765d5a867d833be5aad777dab6264b2334aaaae106e2e7d9644caff94d066e0611d7175218305f,,,,,,,,
1069,412883aa7bf829540d83b5d1560e65e87d0a5b2091d506c316c38848b3aa7a2ef88a6b53639ca928cdf5bbf6b81fae618515470f0f0b3ab495aaf65c06e983ce,english_griffinlim_eval_final/fake_english_griffinlim/english_fake_1069.wav,0,2.952,-4.651961803436279,5.533472061157227,0.0023580441938696,english,-4.146981120109558,412883aa7bf829540d83b5d1560e65e87d0a5b2091d506c316c38848b3aa7a2ef88a6b53639ca928cdf5bbf6b81fae618515470f0f0b3ab495aaf65c06e983ce,0.0023580441938696,0.9345131455477668,0.0480581849248603,0.0108697201697468,0.024744373118245,0.136322021484375,2.952,412883aa7bf829540d83b5d1560e65e87d0a5b2091d506c316c38848b3aa7a2ef88a6b53639ca928cdf5bbf6b81fae618515470f0f0b3ab495aaf65c06e983ce,,,,,,,,
1070,be1640b4c794094904729c08e5835176512d09ae1829124f574dbc1a5be79df263fd758710ab673c3ab7d9a9e42eba83f3e8900c501d57500475815b8d072cb2,english_griffinlim_eval_final/fake_english_griffinlim/english_fake_1070.wav,0,6.408,-0.0619680471718311,0.1182181686162948,0.0058100903196535,english,0.44301263615489006,be1640b4c794094904729c08e5835176512d09ae1829124f574dbc1a5be79df263fd758710ab673c3ab7d9a9e42eba83f3e8900c501d57500475815b8d072cb2,0.0058100903196535,0.9731054336439834,0.0200822426282921,0.0059178135588906,0.0664254027588948,0.622711181640625,6.408,be1640b4c794094904729c08e5835176512d09ae1829124f574dbc1a5be79df263fd758710ab673c3ab7d9a9e42eba83f3e8900c501d57500475815b8d072cb2,,,,,,,,
1071,1c6b510e4b94655025d950b34448a9da9e8904360decd22c4d5dd1286f79228c712367e82499042498fdf2bb4c71032981fd78deefaa5d82fe5f9b372432aa2b,english_griffinlim_eval_final/fake_english_griffinlim/english_fake_1071.wav,0,2.424,-5.812423706054688,6.716882705688477,0.1257362029058487,english,-5.307443022727967,1c6b510e4b94655025d950b34448a9da9e8904360decd22c4d5dd1286f79228c712367e82499042498fdf2bb4c71032981fd78deefaa5d82fe5f9b372432aa2b,0.1257362029058487,0.9462408454202376,0.0429348775171672,0.01058094797078,0.1228283533496978,0.81298828125,2.424,1c6b510e4b94655025d950b34448a9da9e8904360decd22c4d5dd1286f79228c712367e82499042498fdf2bb4c71032981fd78deefaa5d82fe5f9b372432aa2b,,,,,,,,
1072,f6fbe981d1f5d3994dd03ab50a5819c5417b2fd0b9a75378f6299800220b5e7fcc246597179982820f756c6c64f3afe5ca17b521e5ae68786cb2127111eab5fe,english_griffinlim_eval_final/fake_english_griffinlim/english_fake_1072.wav,0,6.48,-0.6003310680389404,0.9204756617546082,0.0067126179354431,english,-0.09535038471221924,f6fbe981d1f5d3994dd03ab50a5819c5417b2fd0b9a75378f6299800220b5e7fcc246597179982820f756c6c64f3afe5ca17b521e5ae68786cb2127111eab5fe,0.0067126179354431,0.9037729510044558,0.0705260712655187,0.0199589438660506,0.0256191756986922,0.158294677734375,6.48,f6fbe981d1f5d3994dd03ab50a5819c5417b2fd0b9a75378f6299800220b5e7fcc246597179982820f756c6c64f3afe5ca17b521e5ae68786cb2127111eab5fe,,,,,,,,
1073,6ac8b1a295e2a4a5b11a602a368771530cd7b900ee5d8b552946eb8d32c21f4694c786c41ca996b12adb8a1d1e15160f84cb0632d9359cf84c6d99a18745692e,english_griffinlim_eval_final/fake_english_griffinlim/english_fake_1073.wav,0,5.256,-2.8471803665161133,3.70766544342041,0.0114043577929783,english,-2.342199683189392,6ac8b1a295e2a4a5b11a602a368771530cd7b900ee5d8b552946eb8d32c21f4694c786c41ca996b12adb8a1d1e15160f84cb0632d9359cf84c6d99a18745692e,0.0114043577929783,0.8841177983702857,0.0996859862299453,0.015123659424102,0.0616209520556746,0.5609130859375,5.256,6ac8b1a295e2a4a5b11a602a368771530cd7b900ee5d8b552946eb8d32c21f4694c786c41ca996b12adb8a1d1e15160f84cb0632d9359cf84c6d99a18745692e,,,,,,,,
1074,b21dc0eecff2a84748f469c5fe062c9c81a94e85aecd943288f52eb736af8a1b096d68c20890fe7091ba7360ac8a876c07cf66be0eb1931be75ebfca44a06e41,english_griffinlim_eval_final/fake_english_griffinlim/english_fake_1074.wav,0,2.4,-0.3882525563240051,0.485576719045639,0.0773183578467149,english,0.11672812700271606,b21dc0eecff2a84748f469c5fe062c9c81a94e85aecd943288f52eb736af8a1b096d68c20890fe7091ba7360ac8a876c07cf66be0eb1931be75ebfca44a06e41,0.0773183578467149,0.6169816913944496,0.2507717216431059,0.1307828959239196,0.0517153807020351,0.558258056640625,2.4,b21dc0eecff2a84748f469c5fe062c9c81a94e85aecd943288f52eb736af8a1b096d68c20890fe7091ba7360ac8a876c07cf66be0eb1931be75ebfca44a06e41,,,,,,,,
1075,36922c402abcb8a960e15a726c1eb0bc363d122ae506ce244e70ed2856d94436d80da7151a14c5bdf25b8b780e67ebe3d286677fde1a458b1348677b58ada1ec,english_griffinlim_eval_final/fake_english_griffinlim/english_fake_1075.wav,0,3.348,-1.982031226158142,2.795205593109131,0.002760966513632,english,-1.477050542831421,36922c402abcb8a960e15a726c1eb0bc363d122ae506ce244e70ed2856d94436d80da7151a14c5bdf25b8b780e67ebe3d286677fde1a458b1348677b58ada1ec,0.002760966513632,0.9375269676815532,0.0433579927097629,0.0162358305177134,0.0383784638748959,0.317047119140625,3.348,36922c402abcb8a960e15a726c1eb0bc363d122ae506ce244e70ed2856d94436d80da7151a14c5bdf25b8b780e67ebe3d286677fde1a458b1348677b58ada1ec,0.8902477034492801,0.0620190417153619,0.0477332548353579,0.767701183293132,14.13681462460418,0.1990740938457536,0.4803085709196302,0.6429485620664079
1076,7ec39bb3cb8524d5c37c47ad31a657957eaa6d92cfffa5946f73dd3d7a9009b5ea24cdec98407e393434731f6115432bf7e1ce474a844a233d9c08accd6b90f7,english_griffinlim_eval_final/fake_english_griffinlim/english_fake_1076.wav,0,3.276,-5.878089904785156,6.853352069854736,0.0149559292084706,english,-5.373109221458435,7ec39bb3cb8524d5c37c47ad31a657957eaa6d92cfffa5946f73dd3d7a9009b5ea24cdec98407e393434731f6115432bf7e1ce474a844a233d9c08accd6b90f7,0.0149559292084706,0.9272061959267768,0.045533753310541,0.0263894073394763,0.0678773357963552,0.48260498046875,3.276,7ec39bb3cb8524d5c37c47ad31a657957eaa6d92cfffa5946f73dd3d7a9009b5ea24cdec98407e393434731f6115432bf7e1ce474a844a233d9c08accd6b90f7,,,,,,,,
1077,8a8aef48c6f43e29d9bcc8ac22562e5edf3fe0cda3318aff8042b5a5dc22931c1625661b4148688336afb2de6b86a41a86f90a43a752bff04b4560fb68612ed9,english_griffinlim_eval_final/fake_english_griffinlim/english_fake_1077.wav,0,4.752,2.529358386993408,-3.103062629699707,0.0032349370177236,english,3.0343390703201294,8a8aef48c6f43e29d9bcc8ac22562e5edf3fe0cda3318aff8042b5a5dc22931c1625661b4148688336afb2de6b86a41a86f90a43a752bff04b4560fb68612ed9,0.0032349370177236,0.8783434060795118,0.0712503407772588,0.0461807744279834,0.0302631244077848,0.34942626953125,4.752,8a8aef48c6f43e29d9bcc8ac22562e5edf3fe0cda3318aff8042b5a5dc22931c1625661b4148688336afb2de6b86a41a86f90a43a752bff04b4560fb68612ed9,,,,,,,,
1078,c42a23f67177dda1636890108c1e4bdb0a076c2e6a863ba282eff5f7753b76902fb745b9e6b9ce2ffd2f7fe5c150228e15ba0bf7a36c23a5000470a494878d53,english_griffinlim_eval_final/fake_english_griffinlim/english_fake_1078.wav,0,2.76,4.204455852508545,-5.503293514251709,0.0016804392898784,english,4.709436535835266,c42a23f67177dda1636890108c1e4bdb0a076c2e6a863ba282eff5f7753b76902fb745b9e6b9ce2ffd2f7fe5c150228e15ba0bf7a36c23a5000470a494878d53,0.0016804392898784,0.9677655002057955,0.0203089826693711,0.0079575982312546,0.0306780279888904,0.21240234375,2.76,c42a23f67177dda1636890108c1e4bdb0a076c2e6a863ba282eff5f7753b76902fb745b9e6b9ce2ffd2f7fe5c150228e15ba0bf7a36c23a5000470a494878d53,,,,,,,,
1079,6a8c1a14620661b745d0a2322f7003029fee9f696c0188791fae303cf14cccba44b8b7088d8b1ddd41c1ed07572d98d242f6a37a2283e7419f41632fa6e11a4c,english_griffinlim_eval_final/fake_english_griffinlim/english_fake_1079.wav,0,5.016,-5.805360794067383,6.700028419494629,0.0165836213664603,english,-5.300380110740662,6a8c1a14620661b745d0a2322f7003029fee9f696c0188791fae303cf14cccba44b8b7088d8b1ddd41c1ed07572d98d242f6a37a2283e7419f41632fa6e11a4c,0.0165836213664603,0.8897656376805116,0.1062559072806866,0.0033783878651693,0.0820479223860342,0.754425048828125,5.016,6a8c1a14620661b745d0a2322f7003029fee9f696c0188791fae303cf14cccba44b8b7088d8b1ddd41c1ed07572d98d242f6a37a2283e7419f41632fa6e11a4c,,,,,,,,
1080,f7ed6dee3c380c5cd70e1098d3991ba201ddd9a1eba1c9936c35f81c3e9e2545bd357fd225d5d300e3436e7c1c5abb105d43c8ae4856548d4ce79c3df6526513,english_griffinlim_eval_final/fake_english_griffinlim/english_fake_1080.wav,0,6.084,-5.75502872467041,6.576932907104492,0.028101465570634,english,-5.250048041343689,f7ed6dee3c380c5cd70e1098d3991ba201ddd9a1eba1c9936c35f81c3e9e2545bd357fd225d5d300e3436e7c1c5abb105d43c8ae4856548d4ce79c3df6526513,0.028101465570634,0.7277239337553243,0.2686756755630913,0.002630494698843,0.06233478162206,0.68701171875,6.084,f7ed6dee3c380c5cd70e1098d3991ba201ddd9a1eba1c9936c35f81c3e9e2545bd357fd225d5d300e3436e7c1c5abb105d43c8ae4856548d4ce79c3df6526513,,,,,,,,
1081,067fc5b331cf8a653de2299f580542723f467cbac5aea1b5d1852c913b7e5a6d0b7cfc01536a90198b9a00256229fe85f4189cdfc6c8b120f29822dfb8487ec9,english_griffinlim_eval_final/fake_english_griffinlim/english_fake_1081.wav,0,4.416,-2.149625778198242,2.817671060562134,0.0082481226452138,english,-1.644645094871521,067fc5b331cf8a653de2299f580542723f467cbac5aea1b5d1852c913b7e5a6d0b7cfc01536a90198b9a00256229fe85f4189cdfc6c8b120f29822dfb8487ec9,0.0082481226452138,0.8065569014345119,0.1776095567064655,0.0125634573133684,0.0340042518670679,0.321014404296875,4.416,067fc5b331cf8a653de2299f580542723f467cbac5aea1b5d1852c913b7e5a6d0b7cfc01536a90198b9a00256229fe85f4189cdfc6c8b120f29822dfb8487ec9,,,,,,,,
1082,e2b25b63d51bc81dc2c9a756699f1535212beb8c61b684eae202243d5dbfd4efb2a7fabe022f1d7458169ad56cebd5da6c5cd935d2fd29ed9dfb192934e4f223,english_griffinlim_eval_final/fake_english_griffinlim/english_fake_1082.wav,0,3.936,-6.087238311767578,6.999127864837647,0.0025062618600712,english,-5.582257628440857,e2b25b63d51bc81dc2c9a756699f1535212beb8c61b684eae202243d5dbfd4efb2a7fabe022f1d7458169ad56cebd5da6c5cd935d2fd29ed9dfb192934e4f223,0.0025062618600712,0.9552241163867108,0.0386614960510711,0.0039960534709872,0.0428692358003842,0.373870849609375,3.936,e2b25b63d51bc81dc2c9a756699f1535212beb8c61b684eae202243d5dbfd4efb2a7fabe022f1d7458169ad56cebd5da6c5cd935d2fd29ed9dfb192934e4f223,,,,,,,,
1083,895da14fea81e76eb374466679400191566e2f67aeeec17c6413a16d4f42c995b07edb79e0c2cef82681875061b31f580d9c79578451c80e08fd02c18498a557,english_griffinlim_eval_final/fake_english_griffinlim/english_fake_1083.wav,0,3.408,4.2295355796813965,-5.416180610656738,0.011919396099274,english,4.734516263008118,895da14fea81e76eb374466679400191566e2f67aeeec17c6413a16d4f42c995b07edb79e0c2cef82681875061b31f580d9c79578451c80e08fd02c18498a557,0.011919396099274,0.7118718208449005,0.2432007445148654,0.0350140096487173,0.0185387911383884,0.181732177734375,3.408,895da14fea81e76eb374466679400191566e2f67aeeec17c6413a16d4f42c995b07edb79e0c2cef82681875061b31f580d9c79578451c80e08fd02c18498a557,,,,,,,,
1084,7a26aeb9f5b262da90fc33f9f480092abf865160c3c66b6e812af463fd4c5712c83648329feebab91f3466287c6ce9b3c81739311de579303045cb92a8d6f6ce,english_griffinlim_eval_final/fake_english_griffinlim/english_fake_1084.wav,0,3.672,-5.995239734649658,6.963224411010742,0.0028665026862589,english,-5.490259051322937,7a26aeb9f5b262da90fc33f9f480092abf865160c3c66b6e812af463fd4c5712c83648329feebab91f3466287c6ce9b3c81739311de579303045cb92a8d6f6ce,0.0028665026862589,0.9589055024076868,0.0274301210157268,0.0093358691884198,0.0304165364884658,0.16973876953125,3.672,7a26aeb9f5b262da90fc33f9f480092abf865160c3c66b6e812af463fd4c5712c83648329feebab91f3466287c6ce9b3c81739311de579303045cb92a8d6f6ce,,,,,,,,
1085,cbe5ebf5c32d8ebeb1894e7dc8e6e0448c6cd3370d2e2b0cb60db2d1a375cc897a20b1106c01a53442f327efe35f6e9b91832a87e72d3a0e519d0a3644349659,english_griffinlim_eval_final/fake_english_griffinlim/english_fake_1085.wav,0,3.432,-0.7050384283065796,0.4679613411426544,0.0016117945756817,english,-0.2000577449798584,cbe5ebf5c32d8ebeb1894e7dc8e6e0448c6cd3370d2e2b0cb60db2d1a375cc897a20b1106c01a53442f327efe35f6e9b91832a87e72d3a0e519d0a3644349659,0.0016117945756817,0.9418630335933188,0.029754540170554,0.0177133318224369,0.0186392713153363,0.119415283203125,3.432,cbe5ebf5c32d8ebeb1894e7dc8e6e0448c6cd3370d2e2b0cb60db2d1a375cc897a20b1106c01a53442f327efe35f6e9b91832a87e72d3a0e519d0a3644349659,,,,,,,,
1086,a0eef2ebc57b40edf9a0fa5ce6fc4dc6631d41cc0ac1ff74811ff1e3d0186484eddcafd78f4173d556ec6a272964e568ee34e43020ee27254eeda3b6c999363a,english_griffinlim_eval_final/fake_english_griffinlim/english_fake_1086.wav,0,5.568,-0.992623209953308,1.183542013168335,0.1160966468292483,english,-0.4876425266265868,a0eef2ebc57b40edf9a0fa5ce6fc4dc6631d41cc0ac1ff74811ff1e3d0186484eddcafd78f4173d556ec6a272964e568ee34e43020ee27254eeda3b6c999363a,0.1160966468292483,0.7590423025860872,0.0970177710104427,0.1437576619013614,0.0957039867891537,0.989990234375,5.568,a0eef2ebc57b40edf9a0fa5ce6fc4dc6631d41cc0ac1ff74811ff1e3d0186484eddcafd78f4173d556ec6a272964e568ee34e43020ee27254eeda3b6c999363a,,,,,,,,
1087,e790d1a6d652b49b74172d96fca249c1d46c38806613534de93e324492059b41bb491639158ff5b5efe117d167447b1dca743bff0b32dcfe07b12a43fb13a86e,english_griffinlim_eval_final/fake_english_griffinlim/english_fake_1087.wav,0,4.536,-4.577661514282227,5.452145099639893,0.5689043956062938,english,-4.072680830955505,e790d1a6d652b49b74172d96fca249c1d46c38806613534de93e324492059b41bb491639158ff5b5efe117d167447b1dca743bff0b32dcfe07b12a43fb13a86e,0.5689043956062938,0.928865634859308,0.0304637528635363,0.040404446345852,0.1223202063079022,0.58526611328125,4.536,e790d1a6d652b49b74172d96fca249c1d46c38806613534de93e324492059b41bb491639158ff5b5efe117d167447b1dca743bff0b32dcfe07b12a43fb13a86e,,,,,,,,
1088,38c8a0fff0da67ea3ea8dd2ca2a1fc952ae06b2152799a8d8205ad1d5e745c3d2179685fca781a90fd2f012cfe03a0b839776aa6bcd36f82e3d424bdbcad1404,english_griffinlim_eval_final/fake_english_griffinlim/english_fake_1088.wav,0,5.856,6.454407215118408,-8.329429626464844,0.0562008191709652,english,6.959387898445129,38c8a0fff0da67ea3ea8dd2ca2a1fc952ae06b2152799a8d8205ad1d5e745c3d2179685fca781a90fd2f012cfe03a0b839776aa6bcd36f82e3d424bdbcad1404,0.0562008191709652,0.5931060440291324,0.1862267222114074,0.134900536926304,0.0035834064453871,0.021026611328125,5.856,38c8a0fff0da67ea3ea8dd2ca2a1fc952ae06b2152799a8d8205ad1d5e745c3d2179685fca781a90fd2f012cfe03a0b839776aa6bcd36f82e3d424bdbcad1404,,,,,,,,
1089,75d2af86173a1ecb9a2e4de5e780b4b0c2751b0730c9d8ead8c658ae6224cc6ee41be6560a1cdae3cd24053a0ba4421901b37bff29aa6011e61a0fb8653394aa,english_griffinlim_eval_final/fake_english_griffinlim/english_fake_1089.wav,0,2.52,0.0743019431829452,-0.1631584465503692,0.0051265029905171,english,0.5792826265096664,75d2af86173a1ecb9a2e4de5e780b4b0c2751b0730c9d8ead8c658ae6224cc6ee41be6560a1cdae3cd24053a0ba4421901b37bff29aa6011e61a0fb8653394aa,0.0051265029905171,0.8737151897292,0.1006503396798838,0.0223485885462612,0.0347594705346203,0.24847412109375,2.52,75d2af86173a1ecb9a2e4de5e780b4b0c2751b0730c9d8ead8c658ae6224cc6ee41be6560a1cdae3cd24053a0ba4421901b37bff29aa6011e61a0fb8653394aa,,,,,,,,
1090,7901622282b4a34e1b1367e79c8435281595ba66942f5bcd6a63be9d03f1853b9a78cfe7751b28d704b0b71ef0622d4f2286b307c4c4232841726caa7d102f03,english_griffinlim_eval_final/fake_english_griffinlim/english_fake_1090.wav,0,6.876,4.3242692947387695,-5.62464714050293,0.0034681308179833,english,4.829249978065491,7901622282b4a34e1b1367e79c8435281595ba66942f5bcd6a63be9d03f1853b9a78cfe7751b28d704b0b71ef0622d4f2286b307c4c4232841726caa7d102f03,0.0034681308179833,0.8154096008360885,0.1729239029006073,0.0093130664251666,0.0413361135487198,0.62408447265625,6.876,7901622282b4a34e1b1367e79c8435281595ba66942f5bcd6a63be9d03f1853b9a78cfe7751b28d704b0b71ef0622d4f2286b307c4c4232841726caa7d102f03,0.7731851451380047,0.1794897575818539,0.0473250972801413,0.7682265343588444,14.18047393747914,0.1771692569842838,0.4626447281086822,0.6373961691979054
1091,ab43bbde8dd98948b7e6b8393d966519e92744fd96172349c9d20cd1247a67a9e41415818b1ab8f0c456d23244cf15a1188a078707b96a3a8476783890c4a42f,english_griffinlim_eval_final/fake_english_griffinlim/english_fake_1091.wav,0,4.5,-6.075468063354492,6.962654113769531,0.0129880982653812,english,-5.570487380027771,ab43bbde8dd98948b7e6b8393d966519e92744fd96172349c9d20cd1247a67a9e41415818b1ab8f0c456d23244cf15a1188a078707b96a3a8476783890c4a42f,0.0129880982653812,0.9775783034213076,0.017798133915513,0.0039530501448433,0.0744571395544246,0.533905029296875,4.5,ab43bbde8dd98948b7e6b8393d966519e92744fd96172349c9d20cd1247a67a9e41415818b1ab8f0c456d23244cf15a1188a078707b96a3a8476783890c4a42f,,,,,,,,
1092,4b800f7801f842a590f68465cc0e45395f77dfffec9e61402096e35e8e005b21181e56e3e4fa1cda8991ead4decf378db9e055380057302c786917d219095730,english_griffinlim_eval_final/fake_english_griffinlim/english_fake_1092.wav,0,2.832,0.3334689736366272,-0.7111950516700745,0.0684964796718585,english,0.8384496569633484,4b800f7801f842a590f68465cc0e45395f77dfffec9e61402096e35e8e005b21181e56e3e4fa1cda8991ead4decf378db9e055380057302c786917d219095730,0.0684964796718585,0.7794825065272952,0.2143589332862558,0.0057679750027778,0.0988643397723394,0.85894775390625,2.832,4b800f7801f842a590f68465cc0e45395f77dfffec9e61402096e35e8e005b21181e56e3e4fa1cda8991ead4decf378db9e055380057302c786917d219095730,,,,,,,,
1093,939991dfcf12d8250739f3b4e5ed47e0dc4bf8ffb69810f4ab853aa12872a811941be35b7e91af5df8350d75d3c61d1301aba694c41deb3f38f1414703bc0461,english_griffinlim_eval_final/fake_english_griffinlim/english_fake_1093.wav,0,2.736,-2.7433385848999023,3.47540283203125,0.0158580941650733,english,-2.238357901573181,939991dfcf12d8250739f3b4e5ed47e0dc4bf8ffb69810f4ab853aa12872a811941be35b7e91af5df8350d75d3c61d1301aba694c41deb3f38f1414703bc0461,0.0158580941650733,0.8009384157407867,0.1930810944399828,0.0047265108088975,0.0569777984776351,0.4810791015625,2.736,939991dfcf12d8250739f3b4e5ed47e0dc4bf8ffb69810f4ab853aa12872a811941be35b7e91af5df8350d75d3c61d1301aba694c41deb3f38f1414703bc0461,,,,,,,,
1094,f138d75a743543591fb23c61bbb2cfc4a204866aa791fdddc2a868be75a3f5851013ee0e9036241396a08fce890ff0911b3218224b0b11dc917eb7b4fa2e8cec,english_griffinlim_eval_final/fake_english_griffinlim/english_fake_1094.wav,0,5.832,-5.53862190246582,6.378483772277832,0.0937191615647659,english,-5.033641219139099,f138d75a743543591fb23c61bbb2cfc4a204866aa791fdddc2a868be75a3f5851013ee0e9036241396a08fce890ff0911b3218224b0b11dc917eb7b4fa2e8cec,0.0937191615647659,0.8931494624199804,0.104749895024242,0.0017622782119792,0.1082652031926178,0.8509521484375,5.832,f138d75a743543591fb23c61bbb2cfc4a204866aa791fdddc2a868be75a3f5851013ee0e9036241396a08fce890ff0911b3218224b0b11dc917eb7b4fa2e8cec,,,,,,,,
1095,76dc1a1d95e971afd52e3af7321b340b2969459991d80578762c1c5dd4fe1fae1a9baa10126bff15baf19c9688fa900e4f231e83d757bfa1d3a1befa641097a2,english_griffinlim_eval_final/fake_english_griffinlim/english_fake_1095.wav,0,2.784,3.2052807807922363,-4.033232688903809,0.0035414029139406,english,3.7102614641189575,76dc1a1d95e971afd52e3af7321b340b2969459991d80578762c1c5dd4fe1fae1a9baa10126bff15baf19c9688fa900e4f231e83d757bfa1d3a1befa641097a2,0.0035414029139406,0.8020165822641773,0.0896626140381427,0.0620164519795215,0.0079734605542647,0.057830810546875,2.784,76dc1a1d95e971afd52e3af7321b340b2969459991d80578762c1c5dd4fe1fae1a9baa10126bff15baf19c9688fa900e4f231e83d757bfa1d3a1befa641097a2,,,,,,,,
1096,af9c15b78f47fc932ee4a2fab15488dd4295f87b2a3359c855aad4f383b20bced882b0bb7ffa51fe7a08897bcd7370705108bb2cd7dd3919806d7d39f2209c7f,english_griffinlim_eval_final/fake_english_griffinlim/english_fake_1096.wav,0,7.524,-0.6977931261062622,0.8792933821678162,0.188155147034552,english,-0.19281244277954102,af9c15b78f47fc932ee4a2fab15488dd4295f87b2a3359c855aad4f383b20bced882b0bb7ffa51fe7a08897bcd7370705108bb2cd7dd3919806d7d39f2209c7f,0.188155147034552,0.8071940355290186,0.1607705686878055,0.0316126969094098,0.0975514951335783,0.79833984375,7.524,af9c15b78f47fc932ee4a2fab15488dd4295f87b2a3359c855aad4f383b20bced882b0bb7ffa51fe7a08897bcd7370705108bb2cd7dd3919806d7d39f2209c7f,,,,,,,,
1097,341ce7bb8bca97ea26dbb3fe4bb111a51e5b2173cf305527dbc4155064cf046baab8c77c7fd1dc924893b6282332542e289382f4fc1ba0094799ec30c4d2401c,english_griffinlim_eval_final/fake_english_griffinlim/english_fake_1097.wav,0,3.936,-1.1242538690567017,1.6510167121887207,0.9905346177100278,english,-0.6192731857299805,341ce7bb8bca97ea26dbb3fe4bb111a51e5b2173cf305527dbc4155064cf046baab8c77c7fd1dc924893b6282332542e289382f4fc1ba0094799ec30c4d2401c,0.9905346177100278,0.989912073918871,0.009877610728392,0.0001330566267151,0.2129614857092179,0.990020751953125,3.936,341ce7bb8bca97ea26dbb3fe4bb111a51e5b2173cf305527dbc4155064cf046baab8c77c7fd1dc924893b6282332542e289382f4fc1ba0094799ec30c4d2401c,0.9788825714033764,0.0174920152590032,0.0036254133376202,0.7810731856053135,14.170971107571493,0.1543737168963205,0.4323861775752696,0.6211718852389246
1098,660e172686ec94a57ff9b53c037ec555f986f7e150c5e89f23582e37f74d338362395d99558d0fb61ec59cd978d06bde5b557b58a55f0967f5dbbb72b76a32f0,english_griffinlim_eval_final/fake_english_griffinlim/english_fake_1098.wav,0,4.704,-4.632506847381592,5.450404167175293,0.1677568935352988,english,-4.127526164054871,660e172686ec94a57ff9b53c037ec555f986f7e150c5e89f23582e37f74d338362395d99558d0fb61ec59cd978d06bde5b557b58a55f0967f5dbbb72b76a32f0,0.1677568935352988,0.7436689603847515,0.2518325715778532,0.0040107567952753,0.0878921963838526,0.665252685546875,4.704,660e172686ec94a57ff9b53c037ec555f986f7e150c5e89f23582e37f74d338362395d99558d0fb61ec59cd978d06bde5b557b58a55f0967f5dbbb72b76a32f0,,,,,,,,
1099,aec0db8667fd63471da924559b9c2024ef9b7362db5d7936a1ca97a6d9534becf2d0aabc2a8750e67ddc44c02e9865565be7c5bdf4c944d9a12353a0c4a1bee2,english_griffinlim_eval_final/fake_english_griffinlim/english_fake_1099.wav,0,4.32,-5.996518135070801,6.843708038330078,0.2891809405939574,english,-5.49153745174408,aec0db8667fd63471da924559b9c2024ef9b7362db5d7936a1ca97a6d9534becf2d0aabc2a8750e67ddc44c02e9865565be7c5bdf4c944d9a12353a0c4a1bee2,0.2891809405939574,0.9469868304358164,0.0348992785466327,0.0179004164217799,0.1400957470870453,0.9566650390625,4.32,aec0db8667fd63471da924559b9c2024ef9b7362db5d7936a1ca97a6d9534becf2d0aabc2a8750e67ddc44c02e9865565be7c5bdf4c944d9a12353a0c4a1bee2,,,,,,,,
1100,bb11b3d2b69d5c672eb4924af6bf46447a193f29e08ae1bc0a834a271aaea698c9ab4583bb2cfef9d18d10a4ac043db1624968a1eb5fe33ded79f7e4e737f31a,english_griffinlim_eval_final/fake_english_griffinlim/english_fake_1100.wav,0,5.808,-2.828689813613892,3.642798900604248,0.1128463328447144,english,-2.323709130287171,bb11b3d2b69d5c672eb4924af6bf46447a193f29e08ae1bc0a834a271aaea698c9ab4583bb2cfef9d18d10a4ac043db1624968a1eb5fe33ded79f7e4e737f31a,0.1128463328447144,0.5840099339991313,0.2485222651940737,0.1659924737372145,0.0505354696469367,0.677337646484375,5.808,bb11b3d2b69d5c672eb4924af6bf46447a193f29e08ae1bc0a834a271aaea698c9ab4583bb2cfef9d18d10a4ac043db1624968a1eb5fe33ded79f7e4e737f31a,,,,,,,,
1101,3d500be5f0ac82734ed233877afd75e82a0bbc6ff6317dda86bf1200c1a21c26f1d0923dd27d8a1d0b5a015ab3df12e5e7091a959b21c2da852854f0365fbe5e,english_griffinlim_eval_final/fake_english_griffinlim/english_fake_1101.wav,0,7.92,-1.7412840127944946,2.183896064758301,0.5249278659505272,english,-1.2363033294677734,3d500be5f0ac82734ed233877afd75e82a0bbc6ff6317dda86bf1200c1a21c26f1d0923dd27d8a1d0b5a015ab3df12e5e7091a959b21c2da852854f0365fbe5e,0.5249278659505272,0.8188243518743086,0.1798652405215356,0.001132711407299,0.1319118094619034,0.989990234375,7.92,3d500be5f0ac82734ed233877afd75e82a0bbc6ff6317dda86bf1200c1a21c26f1d0923dd27d8a1d0b5a015ab3df12e5e7091a959b21c2da852854f0365fbe5e,0.8333354123805164,0.1589487493436037,0.0077158382758797,0.7139942891012074,14.541998301079884,0.1343379794808962,0.3744006814648045,0.5438680113560895
1102,7b6e114446e117251c6361f5225d2c39b7b3a9133f7c701c2d35e97b54b083bea5e17726182235c2f06cbd9ed216ca1dd19927344cc5040b652d8008f547002f,english_griffinlim_eval_final/fake_english_griffinlim/english_fake_1102.wav,0,4.224,4.342214107513428,-5.700727462768555,0.0336996616416562,english,4.847194790840149,7b6e114446e117251c6361f5225d2c39b7b3a9133f7c701c2d35e97b54b083bea5e17726182235c2f06cbd9ed216ca1dd19927344cc5040b652d8008f547002f,0.0336996616416562,0.6072817161454199,0.3568616184863082,0.0269611376338158,0.0199897388046418,0.21905517578125,4.224,7b6e114446e117251c6361f5225d2c39b7b3a9133f7c701c2d35e97b54b083bea5e17726182235c2f06cbd9ed216ca1dd19927344cc5040b652d8008f547002f,,,,,,,,
1103,e5c49349b46a5471e68d499248fcad692fe3b21ade0f6d322a5a0885bb9b4ad0a25c014960ef85b8e6c726966a89640f9044f515feb665f24dd6f415d701f98e,english_griffinlim_eval_final/fake_english_griffinlim/english_fake_1103.wav,0,3.264,0.925045609474182,-1.1943612098693848,0.0191393728054224,english,1.4300262928009033,e5c49349b46a5471e68d499248fcad692fe3b21ade0f6d322a5a0885bb9b4ad0a25c014960ef85b8e6c726966a89640f9044f515feb665f24dd6f415d701f98e,0.0191393728054224,0.6979745380646561,0.2613219292274606,0.0375900379314767,0.0350928503720998,0.360931396484375,3.264,e5c49349b46a5471e68d499248fcad692fe3b21ade0f6d322a5a0885bb9b4ad0a25c014960ef85b8e6c726966a89640f9044f515feb665f24dd6f415d701f98e,,,,,,,,
1104,6c8b180c44ef69690f4d5cbb33aa02a9791c51955b32dc3d3787193811797243c4285f05064b6be80d6a36582067e2b8102c8d878e5eed3e09781e6fee00e365,english_griffinlim_eval_final/fake_english_griffinlim/english_fake_1104.wav,0,5.256,-3.5655133724212646,4.343510627746582,0.0135386115198217,english,-3.0605326890945435,6c8b180c44ef69690f4d5cbb33aa02a9791c51955b32dc3d3787193811797243c4285f05064b6be80d6a36582067e2b8102c8d878e5eed3e09781e6fee00e365,0.0135386115198217,0.8705487473963314,0.056356108650296,0.0693883596844413,0.0330767333877653,0.214874267578125,5.256,6c8b180c44ef69690f4d5cbb33aa02a9791c51955b32dc3d3787193811797243c4285f05064b6be80d6a36582067e2b8102c8d878e5eed3e09781e6fee00e365,,,,,,,,
1105,a159ff4505d86b648912becb5d1f40824cf313b25dba3ca1ed18c7293a524c3fe980b3d0ee7074e072ce61a2cefd4ca60668b302b4a58e9eeb8ee636c1cb2474,english_griffinlim_eval_final/fake_english_griffinlim/english_fake_1105.wav,0,5.04,-1.1750568151474,1.8332902193069456,0.0109643378127117,english,-0.6700761318206787,a159ff4505d86b648912becb5d1f40824cf313b25dba3ca1ed18c7293a524c3fe980b3d0ee7074e072ce61a2cefd4ca60668b302b4a58e9eeb8ee636c1cb2474,0.0109643378127117,0.8605935682728393,0.0631204238210907,0.0709593891532871,0.0275641836361213,0.180999755859375,5.04,a159ff4505d86b648912becb5d1f40824cf313b25dba3ca1ed18c7293a524c3fe980b3d0ee7074e072ce61a2cefd4ca60668b302b4a58e9eeb8ee636c1cb2474,,,,,,,,
1106,c3be192f4fdace9a5295eca439519ec10e07da1e20276f4eb050cb026ce3cc73a08af1dd48a6355e0e963c7af7944cb7236333ae249d7818703e967338efd261,english_griffinlim_eval_final/fake_english_griffinlim/english_fake_1106.wav,0,6.576,6.4712815284729,-8.324130058288574,0.1459634341032895,english,6.976262211799622,c3be192f4fdace9a5295eca439519ec10e07da1e20276f4eb050cb026ce3cc73a08af1dd48a6355e0e963c7af7944cb7236333ae249d7818703e967338efd261,0.1459634341032895,0.5028101324169778,0.2309493910844544,0.1619462976804143,0.002035173454407,0.00958251953125,6.576,c3be192f4fdace9a5295eca439519ec10e07da1e20276f4eb050cb026ce3cc73a08af1dd48a6355e0e963c7af7944cb7236333ae249d7818703e967338efd261,,,,,,,,
1107,103356e655ed8f2c38b6c900d1cc53dc4bd8c3091483447ca8bfa92820ec94db1deb6d054bf28795160a65f99a5a0a5ce9b3b27a2607c3cd9b4e7c507afa1491,english_griffinlim_eval_final/fake_english_griffinlim/english_fake_1107.wav,0,2.064,-2.4010539054870605,3.386828899383545,0.0202300082575061,english,-1.8960732221603394,103356e655ed8f2c38b6c900d1cc53dc4bd8c3091483447ca8bfa92820ec94db1deb6d054bf28795160a65f99a5a0a5ce9b3b27a2607c3cd9b4e7c507afa1491,0.0202300082575061,0.9544021279355662,0.0430843755545857,0.0021754934105673,0.1116667135859085,0.93084716796875,2.064,103356e655ed8f2c38b6c900d1cc53dc4bd8c3091483447ca8bfa92820ec94db1deb6d054bf28795160a65f99a5a0a5ce9b3b27a2607c3cd9b4e7c507afa1491,,,,,,,,
1108,fc0b5f0d37046cbb75a9d2b626ec260b901afc97a5b9b37f5ec2a73a9aa52c6c705057d1fc684bd383448d75f2cfd33eee31571e13ae709072d88c15d8874dba,english_griffinlim_eval_final/fake_english_griffinlim/english_fake_1108.wav,0,4.392,1.0368868112564087,-1.8388659954071045,0.005296483732915,english,1.5418674945831299,fc0b5f0d37046cbb75a9d2b626ec260b901afc97a5b9b37f5ec2a73a9aa52c6c705057d1fc684bd383448d75f2cfd33eee31571e13ae709072d88c15d8874dba,0.005296483732915,0.8356681955832017,0.1428284592818858,0.0179313606559911,0.0344217595350157,0.355560302734375,4.392,fc0b5f0d37046cbb75a9d2b626ec260b901afc97a5b9b37f5ec2a73a9aa52c6c705057d1fc684bd383448d75f2cfd33eee31571e13ae709072d88c15d8874dba,,,,,,,,
1109,6ca23850b3c20061878f758a4151972f3b13b39c4173046f32fa91d7c7df57fa18d4e1753a6be749c5b442121c052f383da66b1565e99a408fde33b2002150da,english_griffinlim_eval_final/fake_english_griffinlim/english_fake_1109.wav,0,4.272,-5.852614879608154,6.793375015258789,0.6795748779408638,english,-5.347634196281433,6ca23850b3c20061878f758a4151972f3b13b39c4173046f32fa91d7c7df57fa18d4e1753a6be749c5b442121c052f383da66b1565e99a408fde33b2002150da,0.6795748779408638,0.8433209091606079,0.1434543185548617,0.0130713365605882,0.1499841055633128,0.990020751953125,4.272,6ca23850b3c20061878f758a4151972f3b13b39c4173046f32fa91d7c7df57fa18d4e1753a6be749c5b442121c052f383da66b1565e99a408fde33b2002150da,,,,,,,,
1110,5ac4781c8fb69232a4e733817ac5d8551a8da93aac0d11eacf1ac4b310bb4d8e2d61bac63f587312afa160b9540a19b34daef235138b9a4bc3510dd93274babb,english_griffinlim_eval_final/fake_english_griffinlim/english_fake_1110.wav,0,3.672,1.7995318174362185,-2.944172143936157,0.0017947869643394,english,2.3045125007629395,5ac4781c8fb69232a4e733817ac5d8551a8da93aac0d11eacf1ac4b310bb4d8e2d61bac63f587312afa160b9540a19b34daef235138b9a4bc3510dd93274babb,0.0017947869643394,0.9356105328104004,0.0579211000694962,0.0042092935263697,0.0428682521173965,0.448760986328125,3.672,5ac4781c8fb69232a4e733817ac5d8551a8da93aac0d11eacf1ac4b310bb4d8e2d61bac63f587312afa160b9540a19b34daef235138b9a4bc3510dd93274babb,,,,,,,,
1111,73c7d9eb4a971d51be45dfca0ea4f0ba29c62b633f27c8cfd72d2cad59b9f4fe387f33f54d8ee43c196460eb2e21a2a9ed9b8b10f384bd26ea7eb48fc8070c00,english_griffinlim_eval_final/fake_english_griffinlim/english_fake_1111.wav,0,5.064,0.2777889668941498,-0.3483079969882965,0.0781495815726793,english,0.782769650220871,73c7d9eb4a971d51be45dfca0ea4f0ba29c62b633f27c8cfd72d2cad59b9f4fe387f33f54d8ee43c196460eb2e21a2a9ed9b8b10f384bd26ea7eb48fc8070c00,0.0781495815726793,0.5909477083235319,0.2901402520186071,0.1071960022278822,0.0170213390109351,0.172271728515625,5.064,73c7d9eb4a971d51be45dfca0ea4f0ba29c62b633f27c8cfd72d2cad59b9f4fe387f33f54d8ee43c196460eb2e21a2a9ed9b8b10f384bd26ea7eb48fc8070c00,,,,,,,,
1112,63c051282dd116a7ba9f9b728e3b4e901c318ceacccc02033db52455e43ed204f6b9f1c62d7b2e01effb2c31d5c98e62ea1183ba1a8e02fb4220a0c2ee622e9f,english_griffinlim_eval_final/fake_english_griffinlim/english_fake_1112.wav,0,6.84,2.3451714515686035,-3.1113595962524414,0.0628682085117754,english,2.8501521348953247,63c051282dd116a7ba9f9b728e3b4e901c318ceacccc02033db52455e43ed204f6b9f1c62d7b2e01effb2c31d5c98e62ea1183ba1a8e02fb4220a0c2ee622e9f,0.0628682085117754,0.7331921560558379,0.2444421805170895,0.0212897249133848,0.0603536040015514,0.5628662109375,6.84,63c051282dd116a7ba9f9b728e3b4e901c318ceacccc02033db52455e43ed204f6b9f1c62d7b2e01effb2c31d5c98e62ea1183ba1a8e02fb4220a0c2ee622e9f,,,,,,,,
1113,ff152b650c667b41c3f64f73e5e2cd4296f7aa2db1eb2d7eb66a96767985fd9f5b293abdfb65ccf4e9d80ad967fbc0a2b96afdab057ad6f269eb5a10f508feec,english_griffinlim_eval_final/fake_english_griffinlim/english_fake_1113.wav,0,3.456,-5.721897125244141,6.524815082550049,0.0022640710027666,english,-5.216916441917419,ff152b650c667b41c3f64f73e5e2cd4296f7aa2db1eb2d7eb66a96767985fd9f5b293abdfb65ccf4e9d80ad967fbc0a2b96afdab057ad6f269eb5a10f508feec,0.0022640710027666,0.8142277006944636,0.1739514522635973,0.0110873023058057,0.069496595463579,0.97216796875,3.456,ff152b650c667b41c3f64f73e5e2cd4296f7aa2db1eb2d7eb66a96767985fd9f5b293abdfb65ccf4e9d80ad967fbc0a2b96afdab057ad6f269eb5a10f508feec,,,,,,,,
1114,275cebeb6198f486d2965dcbf0971b9bda164c9369b803f8d1c139f367bc67505bb34b0004bdbed8184ca83903f43ab7ac393bf11b303dd0eae3dba9f1194fe4,english_griffinlim_eval_final/fake_english_griffinlim/english_fake_1114.wav,0,2.112,-0.6530399322509766,0.9654698967933656,0.0014189988879238,english,-0.14805924892425537,275cebeb6198f486d2965dcbf0971b9bda164c9369b803f8d1c139f367bc67505bb34b0004bdbed8184ca83903f43ab7ac393bf11b303dd0eae3dba9f1194fe4,0.0014189988879238,0.9358625903759894,0.030438866228711,0.0250711605028865,0.0210182241606297,0.147796630859375,2.112,275cebeb6198f486d2965dcbf0971b9bda164c9369b803f8d1c139f367bc67505bb34b0004bdbed8184ca83903f43ab7ac393bf11b303dd0eae3dba9f1194fe4,,,,,,,,
1115,57d9be2eeda5fbaad0290c45f4e95813da95e09633d5fd84df35a758151788abec644a351cdf610c7b792561d1db0ac6f122dbc94404646941967bd6f0befd44,english_griffinlim_eval_final/fake_english_griffinlim/english_fake_1115.wav,0,5.544,-2.399329900741577,3.2249817848205566,0.0477626372622382,english,-1.894349217414856,57d9be2eeda5fbaad0290c45f4e95813da95e09633d5fd84df35a758151788abec644a351cdf610c7b792561d1db0ac6f122dbc94404646941967bd6f0befd44,0.0477626372622382,0.8054351216435618,0.1038997964730735,0.0899378240760034,0.0730466981087497,0.69866943359375,5.544,57d9be2eeda5fbaad0290c45f4e95813da95e09633d5fd84df35a758151788abec644a351cdf610c7b792561d1db0ac6f122dbc94404646941967bd6f0befd44,,,,,,,,
1116,57d9be2eeda5fbaad0290c45f4e95813da95e09633d5fd84df35a758151788abec644a351cdf610c7b792561d1db0ac6f122dbc94404646941967bd6f0befd44,english_griffinlim_eval_final/fake_english_griffinlim/english_fake_1116.wav,0,5.4,-1.980069041252136,2.8658969402313232,0.4289661138689018,english,-1.4750883579254148,57d9be2eeda5fbaad0290c45f4e95813da95e09633d5fd84df35a758151788abec644a351cdf610c7b792561d1db0ac6f122dbc94404646941967bd6f0befd44,0.4289661138689018,0.608318560912626,0.224929183395519,0.1662390132551943,0.0869751307052893,0.85003662109375,5.4,57d9be2eeda5fbaad0290c45f4e95813da95e09633d5fd84df35a758151788abec644a351cdf610c7b792561d1db0ac6f122dbc94404646941967bd6f0befd44,0.7000270206718533,0.1996243206872209,0.1003486586409257,0.7075157837028894,14.54800206187248,0.1445779319318715,0.3852914940258444,0.5486903342474004
1117,a0e06ab030e6deadab4bb0e3f155660b8ff899fc80119568844a10b84155ce0e0a1a76bfe282be0609190bc61a595a7c6da49fc12d02a30c31ea35515a92ccfa,english_griffinlim_eval_final/fake_english_griffinlim/english_fake_1117.wav,0,2.832,-1.992440819740296,2.630629539489746,0.0167392095825188,english,-1.4874601364135749,a0e06ab030e6deadab4bb0e3f155660b8ff899fc80119568844a10b84155ce0e0a1a76bfe282be0609190bc61a595a7c6da49fc12d02a30c31ea35515a92ccfa,0.0167392095825188,0.8717691262498634,0.1037266426841068,0.0238692881453933,0.0783401439760382,0.67919921875,2.832,a0e06ab030e6deadab4bb0e3f155660b8ff899fc80119568844a10b84155ce0e0a1a76bfe282be0609190bc61a595a7c6da49fc12d02a30c31ea35515a92ccfa,,,,,,,,
1118,415181dd3f1c55f1a85159db41044b2670e5ac4617530d205779bb6e08330e8392382e184acd8f80747cc793c83bfccd696f12756d1bf729d7cc66e009cc819b,english_griffinlim_eval_final/fake_english_griffinlim/english_fake_1118.wav,0,5.664,-4.778425216674805,5.647301197052002,0.0618928451554591,english,-4.2734445333480835,415181dd3f1c55f1a85159db41044b2670e5ac4617530d205779bb6e08330e8392382e184acd8f80747cc793c83bfccd696f12756d1bf729d7cc66e009cc819b,0.0618928451554591,0.8669359569433612,0.1088491249299676,0.0236783737445163,0.0870575679876499,0.6873779296875,5.664,415181dd3f1c55f1a85159db41044b2670e5ac4617530d205779bb6e08330e8392382e184acd8f80747cc793c83bfccd696f12756d1bf729d7cc66e009cc819b,,,,,,,,
1119,091b9c61a534e512d2a79ff45e6c5a0bd69aaf29f94e3a291020b76f915a91a19a360baf9f0adef09ff5526250fe490bf874b00b4d1c0176582ef78469d5e422,english_griffinlim_eval_final/fake_english_griffinlim/english_fake_1119.wav,0,2.784,-0.7244832515716553,0.8792573809623718,0.0679979486627408,english,-0.21950256824493408,091b9c61a534e512d2a79ff45e6c5a0bd69aaf29f94e3a291020b76f915a91a19a360baf9f0adef09ff5526250fe490bf874b00b4d1c0176582ef78469d5e422,0.0679979486627408,0.9051884320838371,0.0491940623740427,0.0453331727378073,0.1165979626877404,0.946380615234375,2.784,091b9c61a534e512d2a79ff45e6c5a0bd69aaf29f94e3a291020b76f915a91a19a360baf9f0adef09ff5526250fe490bf874b00b4d1c0176582ef78469d5e422,,,,,,,,
1120,6142c35ec4ad127f8934c670334b482109bccba265756fd2a400b11a039b163256c8cf4aeaa492598a670f3af3662515bd68a1f1a972a8d2a0fe419aabb3088b,english_griffinlim_eval_final/fake_english_griffinlim/english_fake_1120.wav,0,3.996,1.7061794996261597,-2.490285396575928,0.0080905698632185,english,2.211160182952881,6142c35ec4ad127f8934c670334b482109bccba265756fd2a400b11a039b163256c8cf4aeaa492598a670f3af3662515bd68a1f1a972a8d2a0fe419aabb3088b,0.0080905698632185,0.9185984708434446,0.0698237770472511,0.0111898434357878,0.0959719427374714,0.989990234375,3.996,6142c35ec4ad127f8934c670334b482109bccba265756fd2a400b11a039b163256c8cf4aeaa492598a670f3af3662515bd68a1f1a972a8d2a0fe419aabb3088b,,,,,,,,
1121,757beaeb3dcab1faa1135fbbebc9a4315e7a569f749fbe21a8816905a981bec0b5aa2fe402d60d902cbc2fcaadbd204e02d7a72d388b389e9d7ff3b170f879e1,english_griffinlim_eval_final/fake_english_griffinlim/english_fake_1121.wav,0,3.42,-0.6717165112495422,1.1447569131851196,0.0075205383893397,english,-0.16673582792282104,757beaeb3dcab1faa1135fbbebc9a4315e7a569f749fbe21a8816905a981bec0b5aa2fe402d60d902cbc2fcaadbd204e02d7a72d388b389e9d7ff3b170f879e1,0.0075205383893397,0.9667974317134338,0.0235219279855628,0.008560861878699,0.0605533649803744,0.414581298828125,3.42,757beaeb3dcab1faa1135fbbebc9a4315e7a569f749fbe21a8816905a981bec0b5aa2fe402d60d902cbc2fcaadbd204e02d7a72d388b389e9d7ff3b170f879e1,,,,,,,,
1122,6e0fd0acd3f05f5e1b021c8fd307adaeeb266234ff32bf5243ab1dc632244c52336373d76fa3ae1b30802e631c19e126bcff784690f929011d6c9141cead23e1,english_griffinlim_eval_final/fake_english_griffinlim/english_fake_1122.wav,0,5.016,-0.6512966156005859,1.0874624252319336,0.0101099704531272,english,-0.14631593227386475,6e0fd0acd3f05f5e1b021c8fd307adaeeb266234ff32bf5243ab1dc632244c52336373d76fa3ae1b30802e631c19e126bcff784690f929011d6c9141cead23e1,0.0101099704531272,0.972168308298412,0.0265160046789264,0.0008463103599203,0.0921431204300358,0.840301513671875,5.016,6e0fd0acd3f05f5e1b021c8fd307adaeeb266234ff32bf5243ab1dc632244c52336373d76fa3ae1b30802e631c19e126bcff784690f929011d6c9141cead23e1,,,,,,,,
1123,a33782132330fc941b615d0f8adb052f76e3fbf97db0cd6315c66aeef5035e5606e448d813c6d5f99f89ab8c6aa0bd9ae28e5b1df2ceaa77af9f7226ff95e3ac,english_griffinlim_eval_final/fake_english_griffinlim/english_fake_1123.wav,0,6.696,-0.4369265735149383,0.6399935483932495,0.0574141249757386,english,0.06805410981178289,a33782132330fc941b615d0f8adb052f76e3fbf97db0cd6315c66aeef5035e5606e448d813c6d5f99f89ab8c6aa0bd9ae28e5b1df2ceaa77af9f7226ff95e3ac,0.0574141249757386,0.6254125914387886,0.3210568332238375,0.05138572368964,0.0427111493718867,0.52984619140625,6.696,a33782132330fc941b615d0f8adb052f76e3fbf97db0cd6315c66aeef5035e5606e448d813c6d5f99f89ab8c6aa0bd9ae28e5b1df2ceaa77af9f7226ff95e3ac,,,,,,,,
1124,04a248bc0cc9b8d91ed448e89914226cdc02d79ad7d6e16b1f465a314c309237bd129173d14caf301a038141a7e3e1be76c61c098ad7ed2d91a3cdaf3dd4b7a7,english_griffinlim_eval_final/fake_english_griffinlim/english_fake_1124.wav,0,3.504,2.949720859527588,-3.936281442642212,0.0027006422679016,english,3.454701542854309,04a248bc0cc9b8d91ed448e89914226cdc02d79ad7d6e16b1f465a314c309237bd129173d14caf301a038141a7e3e1be76c61c098ad7ed2d91a3cdaf3dd4b7a7,0.0027006422679016,0.9034466201073056,0.074199074769942,0.0202546824856302,0.0434670118972441,0.454498291015625,3.504,04a248bc0cc9b8d91ed448e89914226cdc02d79ad7d6e16b1f465a314c309237bd129173d14caf301a038141a7e3e1be76c61c098ad7ed2d91a3cdaf3dd4b7a7,0.8372829153858866,0.1072083189797314,0.0555087656343819,0.8203210958312972,13.790705007919222,0.2094580846112656,0.546954888499406,0.725890633463269
