pair_id,analysis_cluster,path,label,duration_s,bonafide_logit,spoof_logit,inferred_normalization,peak_limited,weight,language,difficulty,client_id,overlap_weight,low_energy_frac,mid_energy_frac,high_energy_frac,rms,peak,duration_s_cov,analysis_cluster_cov,low_frac,mid_frac,high_frac,gini,entropy,topk_1pct,topk_5pct,topk_10pct
0,2f0f109ed0afdb1a06c0ad751e352d0e0dc41767609a511c4b9111a62769bc467468b5f4d3cf2c618cc479ca33b2a7b3412b01d883cfcb15d8cb23222912fd16,hindi_griffinlim_eval_final/fake_hindi_griffinlim/hindi_fake_0000.wav,0,4.5,-2.8053395748138428,3.725528478622437,rms_matched,False,0.0293967239649715,hindi,-3.2547266483306885,2f0f109ed0afdb1a06c0ad751e352d0e0dc41767609a511c4b9111a62769bc467468b5f4d3cf2c618cc479ca33b2a7b3412b01d883cfcb15d8cb23222912fd16,0.0293967239649715,0.37319031942745,0.3334266177556667,0.2893916992143228,0.0562648389632628,0.296069860458374,4.5,2f0f109ed0afdb1a06c0ad751e352d0e0dc41767609a511c4b9111a62769bc467468b5f4d3cf2c618cc479ca33b2a7b3412b01d883cfcb15d8cb23222912fd16,,,,,,,,
1,17e10c81b592f9aa499bd3ea283821d28dee580e2bfbf51ca891c71024bf0736cc26c5ef9790ef591ff7cf3136930b935c33bc7fb1c65c080ff270baf27c8fe5,hindi_griffinlim_eval_final/fake_hindi_griffinlim/hindi_fake_0001.wav,0,4.464,-4.780567646026611,5.579265117645264,rms_matched,False,0.7730719266445575,hindi,-5.229954719543457,17e10c81b592f9aa499bd3ea283821d28dee580e2bfbf51ca891c71024bf0736cc26c5ef9790ef591ff7cf3136930b935c33bc7fb1c65c080ff270baf27c8fe5,0.7730719266445575,0.8331096739709701,0.0806112670396356,0.086195727919222,0.120299908080431,0.990020751953125,4.464,17e10c81b592f9aa499bd3ea283821d28dee580e2bfbf51ca891c71024bf0736cc26c5ef9790ef591ff7cf3136930b935c33bc7fb1c65c080ff270baf27c8fe5,,,,,,,,
2,bd008914e8d61f280ef49d1b81b9ba5feafa0195842fb73953d414962085d13881380f143efa9cc3014fb5083f2ca49ec0ac216b23e48f676493303b320d17d3,hindi_griffinlim_eval_final/fake_hindi_griffinlim/hindi_fake_0002.wav,0,6.624,-0.4745744466781616,0.9831240773200988,rms_matched,False,0.089426038552739,hindi,-0.9239615201950073,bd008914e8d61f280ef49d1b81b9ba5feafa0195842fb73953d414962085d13881380f143efa9cc3014fb5083f2ca49ec0ac216b23e48f676493303b320d17d3,0.089426038552739,0.535423894993024,0.2396277574368052,0.2220354060111583,0.0849893671129851,0.6232538223266602,6.624,bd008914e8d61f280ef49d1b81b9ba5feafa0195842fb73953d414962085d13881380f143efa9cc3014fb5083f2ca49ec0ac216b23e48f676493303b320d17d3,,,,,,,,
3,76ae0779e8b42a6cebddc96f1c8be8cd17dc128ea3dc6c77c1afef491eb3334aec08ac644ce6b553783bec6530bcd7a8d7869d249d8fc4cbf394c176c2a03fe0,hindi_griffinlim_eval_final/fake_hindi_griffinlim/hindi_fake_0003.wav,0,3.204,5.680367946624756,-7.373922348022461,rms_matched,False,0.0312505635719886,hindi,5.23098087310791,76ae0779e8b42a6cebddc96f1c8be8cd17dc128ea3dc6c77c1afef491eb3334aec08ac644ce6b553783bec6530bcd7a8d7869d249d8fc4cbf394c176c2a03fe0,0.0312505635719886,0.2688306927559997,0.3887083853678891,0.3377954023213401,0.0363299584875295,0.2020924091339111,3.204,76ae0779e8b42a6cebddc96f1c8be8cd17dc128ea3dc6c77c1afef491eb3334aec08ac644ce6b553783bec6530bcd7a8d7869d249d8fc4cbf394c176c2a03fe0,,,,,,,,
4,ef72dad515c406393c07ffac9b57e6cd1e83073c82a001d49ea19a30fd9976d0d50d4c5cffcfdbec8ea222c152695775d85c227194f2e56516531e1c8e76ff70,hindi_griffinlim_eval_final/fake_hindi_griffinlim/hindi_fake_0004.wav,0,4.392,-4.323846817016602,5.246596813201904,rms_matched,False,0.0414732838798506,hindi,-4.773233890533447,ef72dad515c406393c07ffac9b57e6cd1e83073c82a001d49ea19a30fd9976d0d50d4c5cffcfdbec8ea222c152695775d85c227194f2e56516531e1c8e76ff70,0.0414732838798506,0.4650892116161041,0.3532072213375878,0.1798723134204699,0.1120207108547966,0.861562967300415,4.392,ef72dad515c406393c07ffac9b57e6cd1e83073c82a001d49ea19a30fd9976d0d50d4c5cffcfdbec8ea222c152695775d85c227194f2e56516531e1c8e76ff70,,,,,,,,
5,f1b62e5d3473776b945ef79fbad0a46a621fb136b143d7aeb75a7cb854ebe0807524eee04fe8d83b3311152dad97e341e18ed5b8981b3cf322fec4e0700894bb,hindi_griffinlim_eval_final/fake_hindi_griffinlim/hindi_fake_0005.wav,0,4.704,4.332098960876465,-5.660590171813965,rms_matched,False,0.6431849636250409,hindi,3.882711887359619,f1b62e5d3473776b945ef79fbad0a46a621fb136b143d7aeb75a7cb854ebe0807524eee04fe8d83b3311152dad97e341e18ed5b8981b3cf322fec4e0700894bb,0.6431849636250409,0.7915768472680763,0.0422591854670182,0.1660542229922223,0.1156077624060912,0.981292724609375,4.704,f1b62e5d3473776b945ef79fbad0a46a621fb136b143d7aeb75a7cb854ebe0807524eee04fe8d83b3311152dad97e341e18ed5b8981b3cf322fec4e0700894bb,,,,,,,,
6,c8eabd52eef7e16e14998264ec78831ec7b891135ad93c446e459d4643b02c721b412f4fc828522a478fdbd2d5f4ca9838991a89368c78cb7f0617b3837a00ca,hindi_griffinlim_eval_final/fake_hindi_griffinlim/hindi_fake_0006.wav,0,3.78,-0.7153568267822266,1.088850021362305,rms_matched,False,0.0308466069799671,hindi,-1.1647439002990723,c8eabd52eef7e16e14998264ec78831ec7b891135ad93c446e459d4643b02c721b412f4fc828522a478fdbd2d5f4ca9838991a89368c78cb7f0617b3837a00ca,0.0308466069799671,0.3587181299975317,0.3496946934217959,0.2878197182304605,0.0570722276319422,0.3126177191734314,3.78,c8eabd52eef7e16e14998264ec78831ec7b891135ad93c446e459d4643b02c721b412f4fc828522a478fdbd2d5f4ca9838991a89368c78cb7f0617b3837a00ca,,,,,,,,
7,64fcf403ddfb930184eae9b9ad9fbb9a712ebab06fdb5e7dbe7621dcd2cd5101f593c37e8e254ff38294b6dcc8bec4808c197c2d7599c0c4126045b1ac9b51d0,hindi_griffinlim_eval_final/fake_hindi_griffinlim/hindi_fake_0007.wav,0,3.144,5.371298789978027,-6.766499042510986,rms_matched,False,0.0352660085948577,hindi,4.921911716461182,64fcf403ddfb930184eae9b9ad9fbb9a712ebab06fdb5e7dbe7621dcd2cd5101f593c37e8e254ff38294b6dcc8bec4808c197c2d7599c0c4126045b1ac9b51d0,0.0352660085948577,0.3951584652806724,0.3114120768216156,0.2897047351155978,0.0595430889062071,0.2920807003974914,3.144,64fcf403ddfb930184eae9b9ad9fbb9a712ebab06fdb5e7dbe7621dcd2cd5101f593c37e8e254ff38294b6dcc8bec4808c197c2d7599c0c4126045b1ac9b51d0,,,,,,,,
8,f552d4cedc22293c27ab4a86fc3985ecf1bd8fe9e6664f6a835675acf4173fa94bfa392ddccd06a177ae2bf6e412212f42973dec10c26a7cfa02c48ddd7c7978,hindi_griffinlim_eval_final/fake_hindi_griffinlim/hindi_fake_0008.wav,0,4.176,-0.6441074013710022,1.1341817378997805,rms_matched,False,0.2361152144897889,hindi,-1.093494474887848,f552d4cedc22293c27ab4a86fc3985ecf1bd8fe9e6664f6a835675acf4173fa94bfa392ddccd06a177ae2bf6e412212f42973dec10c26a7cfa02c48ddd7c7978,0.2361152144897889,0.5958962367244377,0.2328025727520933,0.1692274530777369,0.1076110046932937,0.8856586217880249,4.176,f552d4cedc22293c27ab4a86fc3985ecf1bd8fe9e6664f6a835675acf4173fa94bfa392ddccd06a177ae2bf6e412212f42973dec10c26a7cfa02c48ddd7c7978,,,,,,,,
9,4fcdd17805b736cac2dc920985d2187185e759b54d9cfe7d2654dd8f4aff10e630e579edcb5cb4d04f215bebe6d096d9e932203345ad7272e889beca6a5c20e7,hindi_griffinlim_eval_final/fake_hindi_griffinlim/hindi_fake_0009.wav,0,4.716,-2.5510454177856445,3.319931983947754,rms_matched,False,0.0867592622623418,hindi,-3.0004324913024902,4fcdd17805b736cac2dc920985d2187185e759b54d9cfe7d2654dd8f4aff10e630e579edcb5cb4d04f215bebe6d096d9e932203345ad7272e889beca6a5c20e7,0.0867592622623418,0.3640824577192678,0.4058784554934432,0.2269260729525394,0.0689057533201589,0.6078752279281616,4.716,4fcdd17805b736cac2dc920985d2187185e759b54d9cfe7d2654dd8f4aff10e630e579edcb5cb4d04f215bebe6d096d9e932203345ad7272e889beca6a5c20e7,,,,,,,,
10,c3b879809a9ebf0d819103be644fbf3fee1c8cafd1e2c2f905c8d6d5c2497bcd47b0cb932bb4106b5729479e89ca660253ad1158181c72462d1ce0499047db90,hindi_griffinlim_eval_final/fake_hindi_griffinlim/hindi_fake_0010.wav,0,6.66,-0.7535967230796814,1.1827173233032229,rms_matched,False,0.1192503611380628,hindi,-1.202983796596527,c3b879809a9ebf0d819103be644fbf3fee1c8cafd1e2c2f905c8d6d5c2497bcd47b0cb932bb4106b5729479e89ca660253ad1158181c72462d1ce0499047db90,0.1192503611380628,0.7023652790633027,0.15021017415492,0.1455513224399134,0.1316321276004632,0.9771559238433838,6.66,c3b879809a9ebf0d819103be644fbf3fee1c8cafd1e2c2f905c8d6d5c2497bcd47b0cb932bb4106b5729479e89ca660253ad1158181c72462d1ce0499047db90,,,,,,,,
11,79741f3153a904c0ddeb1d81d69b137d61adb2a3f1c8ea30fd32a88a4f7028bbb73f1515f3cac14ad147b8c1845846d96d9333173f71677d207b7ff1357a37c5,hindi_griffinlim_eval_final/fake_hindi_griffinlim/hindi_fake_0011.wav,0,3.624,5.331462860107422,-6.755108833312988,rms_matched,False,0.0248937918467835,hindi,4.882075786590576,79741f3153a904c0ddeb1d81d69b137d61adb2a3f1c8ea30fd32a88a4f7028bbb73f1515f3cac14ad147b8c1845846d96d9333173f71677d207b7ff1357a37c5,0.0248937918467835,0.3407085122292909,0.337918217224295,0.3172833136887968,0.0520459589853482,0.2620373368263244,3.624,79741f3153a904c0ddeb1d81d69b137d61adb2a3f1c8ea30fd32a88a4f7028bbb73f1515f3cac14ad147b8c1845846d96d9333173f71677d207b7ff1357a37c5,,,,,,,,
12,ea8f8541a19f474c4246d33005ad2c365f8b82b7a9b214bc39bd7b0ea6469e6d17fc574bce867f5fa60612c98df61735b7e95bf0d9c731a290e4c4bd515098bb,hindi_griffinlim_eval_final/fake_hindi_griffinlim/hindi_fake_0012.wav,0,4.068,-0.5994541049003601,1.2291383743286133,rms_matched,False,0.0918660879878051,hindi,-1.0488411784172058,ea8f8541a19f474c4246d33005ad2c365f8b82b7a9b214bc39bd7b0ea6469e6d17fc574bce867f5fa60612c98df61735b7e95bf0d9c731a290e4c4bd515098bb,0.0918660879878051,0.5244870394091443,0.2751086256298194,0.1978989204946582,0.0885862720190917,0.5856865048408508,4.068,ea8f8541a19f474c4246d33005ad2c365f8b82b7a9b214bc39bd7b0ea6469e6d17fc574bce867f5fa60612c98df61735b7e95bf0d9c731a290e4c4bd515098bb,,,,,,,,
13,38a6ab913e27c72c3f28f3d2da65caa00933288bfaaa24633ad7168676bf34a4bdf59bba015f1be078031901c2a05ed997cd106fc7bb6ffe0cead3f59ca77415,hindi_griffinlim_eval_final/fake_hindi_griffinlim/hindi_fake_0013.wav,0,7.704,6.928382873535156,-8.970319747924805,rms_matched,False,0.0077672037067791,hindi,6.4789958000183105,38a6ab913e27c72c3f28f3d2da65caa00933288bfaaa24633ad7168676bf34a4bdf59bba015f1be078031901c2a05ed997cd106fc7bb6ffe0cead3f59ca77415,0.0077672037067791,0.1949730089571608,0.393338572321543,0.4066225415399723,0.021058032110713,0.1045902967453002,7.704,38a6ab913e27c72c3f28f3d2da65caa00933288bfaaa24633ad7168676bf34a4bdf59bba015f1be078031901c2a05ed997cd106fc7bb6ffe0cead3f59ca77415,,,,,,,,
14,63293ff4cc67280b10da2df2fd2763db65ca8493af191e121605b45457373b9d2f7d073324125f2ec4d3d5aa138903f3532048b49083306757421a463dcad13b,hindi_griffinlim_eval_final/fake_hindi_griffinlim/hindi_fake_0014.wav,0,6.768,-4.556509017944336,5.290450096130371,rms_matched,False,0.0240706238586606,hindi,-5.005896091461182,63293ff4cc67280b10da2df2fd2763db65ca8493af191e121605b45457373b9d2f7d073324125f2ec4d3d5aa138903f3532048b49083306757421a463dcad13b,0.0240706238586606,0.4594732104873777,0.3834180016721388,0.1551795880994531,0.1081915763471095,0.7819330096244812,6.768,63293ff4cc67280b10da2df2fd2763db65ca8493af191e121605b45457373b9d2f7d073324125f2ec4d3d5aa138903f3532048b49083306757421a463dcad13b,,,,,,,,
15,4cef3c57c7794a486d20711b806222df778778312c01a26669a9c4fd75b74a3792424787393673b302401d3d994431c97c30b2d1b8bd6caa0fd563460fed5093,hindi_griffinlim_eval_final/fake_hindi_griffinlim/hindi_fake_0015.wav,0,5.04,-5.735421657562256,6.575371265411377,rms_matched,False,0.0321104209626239,hindi,-6.184808731079102,4cef3c57c7794a486d20711b806222df778778312c01a26669a9c4fd75b74a3792424787393673b302401d3d994431c97c30b2d1b8bd6caa0fd563460fed5093,0.0321104209626239,0.726722428295271,0.1322887840538492,0.1395823513931605,0.1519048053143558,0.9379231929779052,5.04,4cef3c57c7794a486d20711b806222df778778312c01a26669a9c4fd75b74a3792424787393673b302401d3d994431c97c30b2d1b8bd6caa0fd563460fed5093,,,,,,,,
16,0da032e5bf4a63a5c9c3635155d8b45eb4ede0261ddae34b641e4aafb72b2d0e9c8e8605132280cb39465883c7c2dd82e747a12e1e9b1827d272574483945e5a,hindi_griffinlim_eval_final/fake_hindi_griffinlim/hindi_fake_0016.wav,0,6.768,-0.2676135897636413,0.608653724193573,rms_matched,False,0.0174183847205674,hindi,-0.7170006632804871,0da032e5bf4a63a5c9c3635155d8b45eb4ede0261ddae34b641e4aafb72b2d0e9c8e8605132280cb39465883c7c2dd82e747a12e1e9b1827d272574483945e5a,0.0174183847205674,0.3197006814796624,0.380495147160101,0.2958393003955945,0.0530278983402182,0.3330267667770386,6.768,0da032e5bf4a63a5c9c3635155d8b45eb4ede0261ddae34b641e4aafb72b2d0e9c8e8605132280cb39465883c7c2dd82e747a12e1e9b1827d272574483945e5a,,,,,,,,
17,53c5dd7ebb08179dca2b5f3992b991b3d28288202e01a950d1e70510db84b5cdf9cb5e72803a4212e7428e60b2ddda26a81dbdc01410725d0d6de265d86cb530,hindi_griffinlim_eval_final/fake_hindi_griffinlim/hindi_fake_0017.wav,0,5.508,-2.670175790786743,3.468857288360596,rms_matched,False,0.0406268377681955,hindi,-3.119562864303589,53c5dd7ebb08179dca2b5f3992b991b3d28288202e01a950d1e70510db84b5cdf9cb5e72803a4212e7428e60b2ddda26a81dbdc01410725d0d6de265d86cb530,0.0406268377681955,0.4428811547693625,0.2954847991448387,0.2582097962628053,0.0710621168434442,0.4446845054626465,5.508,53c5dd7ebb08179dca2b5f3992b991b3d28288202e01a950d1e70510db84b5cdf9cb5e72803a4212e7428e60b2ddda26a81dbdc01410725d0d6de265d86cb530,,,,,,,,
18,38a6ab913e27c72c3f28f3d2da65caa00933288bfaaa24633ad7168676bf34a4bdf59bba015f1be078031901c2a05ed997cd106fc7bb6ffe0cead3f59ca77415,hindi_griffinlim_eval_final/fake_hindi_griffinlim/hindi_fake_0018.wav,0,4.824,5.494444847106934,-6.937358856201172,rms_matched,False,0.0113316322990116,hindi,5.045057773590088,38a6ab913e27c72c3f28f3d2da65caa00933288bfaaa24633ad7168676bf34a4bdf59bba015f1be078031901c2a05ed997cd106fc7bb6ffe0cead3f59ca77415,0.0113316322990116,0.2416165182494026,0.3539165638783197,0.3997691679405789,0.0356939423235125,0.1911333203315735,4.824,38a6ab913e27c72c3f28f3d2da65caa00933288bfaaa24633ad7168676bf34a4bdf59bba015f1be078031901c2a05ed997cd106fc7bb6ffe0cead3f59ca77415,,,,,,,,
19,00d8f7a5ea747472015787836b4694d24375a49cf2ca78088c1d29494110637aafa66bc0d135549c19cfc68886760475c2ae2584673c8d57e77eb82d3ddd6109,hindi_griffinlim_eval_final/fake_hindi_griffinlim/hindi_fake_0019.wav,0,6.696,-2.437987327575684,3.29176926612854,rms_matched,False,0.038833747632237,hindi,-2.8873744010925297,00d8f7a5ea747472015787836b4694d24375a49cf2ca78088c1d29494110637aafa66bc0d135549c19cfc68886760475c2ae2584673c8d57e77eb82d3ddd6109,0.038833747632237,0.4850382549780139,0.3056183128192552,0.2066777536872556,0.08818959976106,0.5937042832374573,6.696,00d8f7a5ea747472015787836b4694d24375a49cf2ca78088c1d29494110637aafa66bc0d135549c19cfc68886760475c2ae2584673c8d57e77eb82d3ddd6109,,,,,,,,
20,66a88b75ea15aaa9fb4c1df2cbe47bb9c4ab8413fc8ce00c0e57e575c654fb438f8e904a08fd98bcd999bce1172284461b746308609836e75916aa7cf8c2a2d4,hindi_griffinlim_eval_final/fake_hindi_griffinlim/hindi_fake_0020.wav,0,5.94,5.772384643554688,-7.457581520080566,rms_matched,False,0.0479924290066937,hindi,5.322997570037843,66a88b75ea15aaa9fb4c1df2cbe47bb9c4ab8413fc8ce00c0e57e575c654fb438f8e904a08fd98bcd999bce1172284461b746308609836e75916aa7cf8c2a2d4,0.0479924290066937,0.2279634808050467,0.4169063690906647,0.3505878117213077,0.0347971668971578,0.4193331599235534,5.94,66a88b75ea15aaa9fb4c1df2cbe47bb9c4ab8413fc8ce00c0e57e575c654fb438f8e904a08fd98bcd999bce1172284461b746308609836e75916aa7cf8c2a2d4,,,,,,,,
21,93f71918fbe69cad830cb49211cb10c9344e04ceca427ea39db38c8b5f5f200a4706f0a12646585364ff3b44f3bb75784005797e3e3259fd9579fa985955b3ac,hindi_griffinlim_eval_final/fake_hindi_griffinlim/hindi_fake_0021.wav,0,4.032,1.2045787572860718,-1.6472114324569702,rms_matched,False,0.0319541032808651,hindi,0.7551916837692261,93f71918fbe69cad830cb49211cb10c9344e04ceca427ea39db38c8b5f5f200a4706f0a12646585364ff3b44f3bb75784005797e3e3259fd9579fa985955b3ac,0.0319541032808651,0.452671274276108,0.337749227275319,0.2078630972580114,0.1171117892443236,0.9260263442993164,4.032,93f71918fbe69cad830cb49211cb10c9344e04ceca427ea39db38c8b5f5f200a4706f0a12646585364ff3b44f3bb75784005797e3e3259fd9579fa985955b3ac,,,,,,,,
22,16c775b5ac1a75459692a8e2c553ec084df96439cf53c5129ce1e5c20a9a04d3ed23204cf582fe74c9dc12a473fb3072139ea313cee5ce51c0d17acf8cd16333,hindi_griffinlim_eval_final/fake_hindi_griffinlim/hindi_fake_0022.wav,0,5.472,-0.1688642650842666,0.1704996228218078,rms_matched,False,0.0512945896123517,hindi,-0.6182513386011124,16c775b5ac1a75459692a8e2c553ec084df96439cf53c5129ce1e5c20a9a04d3ed23204cf582fe74c9dc12a473fb3072139ea313cee5ce51c0d17acf8cd16333,0.0512945896123517,0.3585982903877813,0.3526914201685124,0.2850266159001874,0.0572374315485974,0.451538622379303,5.472,16c775b5ac1a75459692a8e2c553ec084df96439cf53c5129ce1e5c20a9a04d3ed23204cf582fe74c9dc12a473fb3072139ea313cee5ce51c0d17acf8cd16333,,,,,,,,
23,d002200225d5b38de9dd8b95e9fb77c24724f8a56ee0b31f6ee2260b5636a1e23c0fadcae1156f88b703128798bd749901930f35e839ea2a2bb2bcb8afe5cc74,hindi_griffinlim_eval_final/fake_hindi_griffinlim/hindi_fake_0023.wav,0,6.876,-3.863708972930908,4.788866996765137,rms_matched,False,0.0848899506405048,hindi,-4.313096046447754,d002200225d5b38de9dd8b95e9fb77c24724f8a56ee0b31f6ee2260b5636a1e23c0fadcae1156f88b703128798bd749901930f35e839ea2a2bb2bcb8afe5cc74,0.0848899506405048,0.688798025129941,0.1693255271482005,0.1402029596715287,0.1313891185419316,0.9374603033065796,6.876,d002200225d5b38de9dd8b95e9fb77c24724f8a56ee0b31f6ee2260b5636a1e23c0fadcae1156f88b703128798bd749901930f35e839ea2a2bb2bcb8afe5cc74,,,,,,,,
24,3a9a2751ae7b00505f0ab31fe4c6b3d76e4b23763244c136363aed1903cc89d8668e1187df7236c6ac0ef40422fd5802ca4000aa26a29cc5c77c978b07a4d12a,hindi_griffinlim_eval_final/fake_hindi_griffinlim/hindi_fake_0024.wav,0,5.328,-4.916905403137207,5.6630635261535645,rms_matched,False,0.0403390641653236,hindi,-5.366292476654053,3a9a2751ae7b00505f0ab31fe4c6b3d76e4b23763244c136363aed1903cc89d8668e1187df7236c6ac0ef40422fd5802ca4000aa26a29cc5c77c978b07a4d12a,0.0403390641653236,0.6438099186850997,0.1744687509024675,0.1797312193934593,0.1202532646418677,0.7197030782699585,5.328,3a9a2751ae7b00505f0ab31fe4c6b3d76e4b23763244c136363aed1903cc89d8668e1187df7236c6ac0ef40422fd5802ca4000aa26a29cc5c77c978b07a4d12a,,,,,,,,
25,9960686415eb494ee9537261d6666881f9ba972c52152db480cd96dd07d7bf619cd2f1f9d30815cdc61bbbd4eb031b57cf2297022021dc923732cd69a3a4a5d4,hindi_griffinlim_eval_final/fake_hindi_griffinlim/hindi_fake_0025.wav,0,4.284,1.1769739389419556,-1.7814064025878906,rms_matched,False,0.0438839798663505,hindi,0.7275868654251099,9960686415eb494ee9537261d6666881f9ba972c52152db480cd96dd07d7bf619cd2f1f9d30815cdc61bbbd4eb031b57cf2297022021dc923732cd69a3a4a5d4,0.0438839798663505,0.35722666067923,0.3226746241384476,0.3157929720308658,0.0508308472058083,0.3315985798835754,4.284,9960686415eb494ee9537261d6666881f9ba972c52152db480cd96dd07d7bf619cd2f1f9d30815cdc61bbbd4eb031b57cf2297022021dc923732cd69a3a4a5d4,,,,,,,,
26,4644748187470f64f6ed65cf1359011fe9976a6793a239689c6fea7b052468f9b14522162bcf4f659a819bbfb682ab2b57edc3a8b2009dba5d6986635b97e9c1,hindi_griffinlim_eval_final/fake_hindi_griffinlim/hindi_fake_0026.wav,0,7.308,-0.3265812993049621,0.7322325110435486,rms_matched,False,0.0261078480725904,hindi,-0.7759683728218079,4644748187470f64f6ed65cf1359011fe9976a6793a239689c6fea7b052468f9b14522162bcf4f659a819bbfb682ab2b57edc3a8b2009dba5d6986635b97e9c1,0.0261078480725904,0.5986926548143564,0.2108539375264577,0.1879223955765879,0.106818892830017,0.6080367565155029,7.308,4644748187470f64f6ed65cf1359011fe9976a6793a239689c6fea7b052468f9b14522162bcf4f659a819bbfb682ab2b57edc3a8b2009dba5d6986635b97e9c1,,,,,,,,
27,9be22651e8bee8e72a3187d9a27f0e9ed24c178b528062b4ae5d6a2a32dbb8c6001f6d3f15d60270fefa422a2c58426a2c915931d43266eb48a2d15836111a95,hindi_griffinlim_eval_final/fake_hindi_griffinlim/hindi_fake_0027.wav,0,5.76,2.41006851196289,-3.064716339111328,rms_matched,False,0.0655185673414562,hindi,1.9606814384460445,9be22651e8bee8e72a3187d9a27f0e9ed24c178b528062b4ae5d6a2a32dbb8c6001f6d3f15d60270fefa422a2c58426a2c915931d43266eb48a2d15836111a95,0.0655185673414562,0.4202976065632307,0.2963689553790214,0.2797251403018259,0.0617976226656487,0.4622415900230407,5.76,9be22651e8bee8e72a3187d9a27f0e9ed24c178b528062b4ae5d6a2a32dbb8c6001f6d3f15d60270fefa422a2c58426a2c915931d43266eb48a2d15836111a95,,,,,,,,
28,f8c05fcdb50a537ce73d8e72c60b569d19a31b8e0792bf6ea46d66c769fb708c0087e260a59f3e48f8272304ee14cb57fecdf53a2873f5d72ca5a3378a149caa,hindi_griffinlim_eval_final/fake_hindi_griffinlim/hindi_fake_0028.wav,0,6.216,-1.9710065126419067,2.416449546813965,rms_matched,False,0.620569158004306,hindi,-2.4203935861587524,f8c05fcdb50a537ce73d8e72c60b569d19a31b8e0792bf6ea46d66c769fb708c0087e260a59f3e48f8272304ee14cb57fecdf53a2873f5d72ca5a3378a149caa,0.620569158004306,0.8886108392743849,0.1019179295871116,0.0093851210556588,0.1366052286884867,0.990020751953125,6.208,f8c05fcdb50a537ce73d8e72c60b569d19a31b8e0792bf6ea46d66c769fb708c0087e260a59f3e48f8272304ee14cb57fecdf53a2873f5d72ca5a3378a149caa,,,,,,,,
29,17306c4d97ad8d7c04ac7c04602b8fedcfa3c2ebcd61c2fb2f7f5a27a23151389ed00cbdf1497e6791a0abc7028b848d8f17ade7089c928531200cd7ca2c4bc8,hindi_griffinlim_eval_final/fake_hindi_griffinlim/hindi_fake_0029.wav,0,6.588,-1.22855806350708,1.660346269607544,peak_normalized,True,0.1018163840861444,hindi,-1.6779451370239258,17306c4d97ad8d7c04ac7c04602b8fedcfa3c2ebcd61c2fb2f7f5a27a23151389ed00cbdf1497e6791a0abc7028b848d8f17ade7089c928531200cd7ca2c4bc8,0.1018163840861444,0.8963675934870404,0.0745248983121563,0.0290712499995591,0.165567257159682,0.989990234375,6.576,17306c4d97ad8d7c04ac7c04602b8fedcfa3c2ebcd61c2fb2f7f5a27a23151389ed00cbdf1497e6791a0abc7028b848d8f17ade7089c928531200cd7ca2c4bc8,,,,,,,,
30,bd008914e8d61f280ef49d1b81b9ba5feafa0195842fb73953d414962085d13881380f143efa9cc3014fb5083f2ca49ec0ac216b23e48f676493303b320d17d3,hindi_griffinlim_eval_final/fake_hindi_griffinlim/hindi_fake_0030.wav,0,3.816,-0.62653648853302,0.6449829339981079,rms_matched,False,0.0896947223175411,hindi,-1.0759235620498657,bd008914e8d61f280ef49d1b81b9ba5feafa0195842fb73953d414962085d13881380f143efa9cc3014fb5083f2ca49ec0ac216b23e48f676493303b320d17d3,0.0896947223175411,0.4954614608351792,0.2662970572028209,0.2350985914828192,0.0774777891355305,0.5036544799804688,3.816,bd008914e8d61f280ef49d1b81b9ba5feafa0195842fb73953d414962085d13881380f143efa9cc3014fb5083f2ca49ec0ac216b23e48f676493303b320d17d3,,,,,,,,
31,e0a47331065c4e1a9ffd6eed4cb902b631814a6130faf9401d447eba044cf1af767ff9a242e7c97886c74ac130ec73716192fd074e4abca825e77caca52e0ca0,hindi_griffinlim_eval_final/fake_hindi_griffinlim/hindi_fake_0031.wav,0,3.492,-0.2525525689125061,0.1471122503280639,rms_matched,False,0.0407329302120953,hindi,-0.7019396424293518,e0a47331065c4e1a9ffd6eed4cb902b631814a6130faf9401d447eba044cf1af767ff9a242e7c97886c74ac130ec73716192fd074e4abca825e77caca52e0ca0,0.0407329302120953,0.6317342387853804,0.1809726290831593,0.1851771599251406,0.1203102223679928,0.6859751343727112,3.492,e0a47331065c4e1a9ffd6eed4cb902b631814a6130faf9401d447eba044cf1af767ff9a242e7c97886c74ac130ec73716192fd074e4abca825e77caca52e0ca0,,,,,,,,
32,d24af5ee15190d3fc14dfc4ee3c75c75fe66fb537d4c7cf94e0e7d489ba442240b112a68a9dcd921ed48aaf17649bacd187e913bf4f22c1471cdc0fd263e9aa7,hindi_griffinlim_eval_final/fake_hindi_griffinlim/hindi_fake_0032.wav,0,6.372,-5.282249450683594,6.088520050048828,rms_matched,False,0.0126252574414539,hindi,-5.7316365242004395,d24af5ee15190d3fc14dfc4ee3c75c75fe66fb537d4c7cf94e0e7d489ba442240b112a68a9dcd921ed48aaf17649bacd187e913bf4f22c1471cdc0fd263e9aa7,0.0126252574414539,0.564998741980741,0.3234850197502149,0.1101299496576243,0.1425098656778563,0.9265060424804688,6.372,d24af5ee15190d3fc14dfc4ee3c75c75fe66fb537d4c7cf94e0e7d489ba442240b112a68a9dcd921ed48aaf17649bacd187e913bf4f22c1471cdc0fd263e9aa7,,,,,,,,
33,daa76944376a4ffb1588dd2a305c507bc1b8e14eafbbb1784aba0d0e901a3ceccaa5f1d84909bc13f2ff0ab6c7facb2ac2e487daed3470c7fe44022f33cd2a26,hindi_griffinlim_eval_final/fake_hindi_griffinlim/hindi_fake_0033.wav,0,3.348,5.505373001098633,-7.050452709197998,rms_matched,False,0.0268374268098531,hindi,5.055985927581787,daa76944376a4ffb1588dd2a305c507bc1b8e14eafbbb1784aba0d0e901a3ceccaa5f1d84909bc13f2ff0ab6c7facb2ac2e487daed3470c7fe44022f33cd2a26,0.0268374268098531,0.2649561254767046,0.3657500546058606,0.3648638060254617,0.0396483667019764,0.2623696327209472,3.348,daa76944376a4ffb1588dd2a305c507bc1b8e14eafbbb1784aba0d0e901a3ceccaa5f1d84909bc13f2ff0ab6c7facb2ac2e487daed3470c7fe44022f33cd2a26,0.3032873819466622,0.363242013788974,0.3334706042643636,0.7551427796763519,14.06777609049776,0.2421579076150582,0.5002350724011103,0.6400407265752532
34,c0fce8f25f23b41ed1321b49a5940b20f8b61130c14559d79ddf3816e5a433e06cad1469ff786911ce97ba8ea234da6b623881f3bb65339d1d3dd296e477a193,hindi_griffinlim_eval_final/fake_hindi_griffinlim/hindi_fake_0034.wav,0,7.056,-0.7441538572311401,0.8601850867271423,rms_matched,False,0.2660811848557959,hindi,-1.1935409307479858,c0fce8f25f23b41ed1321b49a5940b20f8b61130c14559d79ddf3816e5a433e06cad1469ff786911ce97ba8ea234da6b623881f3bb65339d1d3dd296e477a193,0.2660811848557959,0.8729827068003139,0.0730361285696424,0.0538873333779564,0.1323791214251606,0.79345703125,7.056,c0fce8f25f23b41ed1321b49a5940b20f8b61130c14559d79ddf3816e5a433e06cad1469ff786911ce97ba8ea234da6b623881f3bb65339d1d3dd296e477a193,,,,,,,,
35,7fbf4c95e3140e3dc38caf6b69156e7b0c31b692322f830bd453acafa852716c55556b85dab23eb2fcf7567541c68490442cf56fba72b2b29acffe250f110146,hindi_griffinlim_eval_final/fake_hindi_griffinlim/hindi_fake_0035.wav,0,7.056,-2.7970361709594727,3.6993257999420166,rms_matched,False,0.0401041701980787,hindi,-3.2464232444763184,7fbf4c95e3140e3dc38caf6b69156e7b0c31b692322f830bd453acafa852716c55556b85dab23eb2fcf7567541c68490442cf56fba72b2b29acffe250f110146,0.0401041701980787,0.552836215524327,0.2527622549866613,0.1919824812117195,0.103104937599981,0.6948421001434326,7.056,7fbf4c95e3140e3dc38caf6b69156e7b0c31b692322f830bd453acafa852716c55556b85dab23eb2fcf7567541c68490442cf56fba72b2b29acffe250f110146,,,,,,,,
36,1da3e82d56c4b06d4028ecc92aca9dc352823b8ec3e30de4da211906b610e38731002b15ef77c26455730b72f40ec1685543812f28aebbf3d093e8e83b3bad25,hindi_griffinlim_eval_final/fake_hindi_griffinlim/hindi_fake_0036.wav,0,6.48,-3.847411870956421,4.720641613006592,rms_matched,False,0.0461069160898952,hindi,-4.296798944473267,1da3e82d56c4b06d4028ecc92aca9dc352823b8ec3e30de4da211906b610e38731002b15ef77c26455730b72f40ec1685543812f28aebbf3d093e8e83b3bad25,0.0461069160898952,0.4939407877483837,0.2788409375742491,0.2242758534767421,0.081020481717756,0.5198355913162231,6.48,1da3e82d56c4b06d4028ecc92aca9dc352823b8ec3e30de4da211906b610e38731002b15ef77c26455730b72f40ec1685543812f28aebbf3d093e8e83b3bad25,,,,,,,,
37,75c6bb7203a8fae0c08c18b39bebaf7f25f86e3b2cdbb1dbd65927288474b3fa5b24c5c88144d238b93b8327677bdfbdf560078a95a3594a6b6ea7dbf3f3eec8,hindi_griffinlim_eval_final/fake_hindi_griffinlim/hindi_fake_0037.wav,0,2.88,-1.8974517583847048,2.490051746368408,rms_matched,False,0.100152812282565,hindi,-2.3468388319015503,75c6bb7203a8fae0c08c18b39bebaf7f25f86e3b2cdbb1dbd65927288474b3fa5b24c5c88144d238b93b8327677bdfbdf560078a95a3594a6b6ea7dbf3f3eec8,0.100152812282565,0.7320988617534331,0.1640715850235042,0.1024986434333532,0.1504436102340954,0.9900000095367432,2.88,75c6bb7203a8fae0c08c18b39bebaf7f25f86e3b2cdbb1dbd65927288474b3fa5b24c5c88144d238b93b8327677bdfbdf560078a95a3594a6b6ea7dbf3f3eec8,,,,,,,,
38,1ab26689a68e6aeb9ee56daf140f5d65c19295d6b65eaef9f51f22cbd867b635758194eb9640790ea7d37a0de2bd5d0f235fb7662cc80dda56261f92c3cb4475,hindi_griffinlim_eval_final/fake_hindi_griffinlim/hindi_fake_0038.wav,0,2.916,0.4633710086345672,-0.7882614135742188,rms_matched,False,0.1442168677591783,hindi,0.013983935117721502,1ab26689a68e6aeb9ee56daf140f5d65c19295d6b65eaef9f51f22cbd867b635758194eb9640790ea7d37a0de2bd5d0f235fb7662cc80dda56261f92c3cb4475,0.1442168677591783,0.4203739841877501,0.3078053078976435,0.2681757025659687,0.0672297954958335,0.569074273109436,2.916,1ab26689a68e6aeb9ee56daf140f5d65c19295d6b65eaef9f51f22cbd867b635758194eb9640790ea7d37a0de2bd5d0f235fb7662cc80dda56261f92c3cb4475,,,,,,,,
39,ccd20bfc67c11f3e895626eb3d7e07e2eecb1ce583467fa1a70d8bda435a9fc5cf14c4a421d7811cf579acb2397447cbd649ac6eaaa8073a71a7d04ccb90882b,hindi_griffinlim_eval_final/fake_hindi_griffinlim/hindi_fake_0039.wav,0,5.328,5.558692932128906,-7.086342811584473,peak_normalized,True,0.6568733700910898,hindi,5.1093058586120605,ccd20bfc67c11f3e895626eb3d7e07e2eecb1ce583467fa1a70d8bda435a9fc5cf14c4a421d7811cf579acb2397447cbd649ac6eaaa8073a71a7d04ccb90882b,0.6568733700910898,0.9191484148932108,0.0658805376268602,0.0149180292392263,0.139985269325642,0.990020751953125,5.328,ccd20bfc67c11f3e895626eb3d7e07e2eecb1ce583467fa1a70d8bda435a9fc5cf14c4a421d7811cf579acb2397447cbd649ac6eaaa8073a71a7d04ccb90882b,,,,,,,,
40,424c16a8450e8b742c1380d9d38d919d880a36379e8c7e09126a2a8411022bc42cbae339c1d8dfd42695fb073ca783ed5e86b8a2531d11c4491259ab1378e445,hindi_griffinlim_eval_final/fake_hindi_griffinlim/hindi_fake_0040.wav,0,5.976,6.974804401397705,-9.019097328186035,rms_matched,False,0.014343645383102,hindi,6.525417327880859,424c16a8450e8b742c1380d9d38d919d880a36379e8c7e09126a2a8411022bc42cbae339c1d8dfd42695fb073ca783ed5e86b8a2531d11c4491259ab1378e445,0.014343645383102,0.1926807326138918,0.4061755188383975,0.3960644802936193,0.016596754785444,0.0761677622795105,5.976,424c16a8450e8b742c1380d9d38d919d880a36379e8c7e09126a2a8411022bc42cbae339c1d8dfd42695fb073ca783ed5e86b8a2531d11c4491259ab1378e445,0.1906830123664312,0.4085785684962532,0.4007384191373155,0.7654035682891163,13.975151113124909,0.2540457516766541,0.5122264477020617,0.6518331304481483
41,8c19c5b99c8b1ac2264eb9486484732c9d5ec2f0bcc679213d2b2d740efeec83673995013ff2ad72008fa9176ea0eedf32ea29d6b09e71426ac03b6026cff906,hindi_griffinlim_eval_final/fake_hindi_griffinlim/hindi_fake_0041.wav,0,3.42,-0.659954309463501,1.200368881225586,rms_matched,False,0.0634366127962708,hindi,-1.1093413829803467,8c19c5b99c8b1ac2264eb9486484732c9d5ec2f0bcc679213d2b2d740efeec83673995013ff2ad72008fa9176ea0eedf32ea29d6b09e71426ac03b6026cff906,0.0634366127962708,0.4873450376756543,0.2735283184189035,0.236420058066025,0.0851622730375248,0.552192211151123,3.42,8c19c5b99c8b1ac2264eb9486484732c9d5ec2f0bcc679213d2b2d740efeec83673995013ff2ad72008fa9176ea0eedf32ea29d6b09e71426ac03b6026cff906,,,,,,,,
42,23e7986df66ecae7556379ef6a8c59490f3a38d789ddcbb9af2e0bdac45ded855c8a27be3ec862f45918adec219022883c1f64ea3ca811371c818856357ef5be,hindi_griffinlim_eval_final/fake_hindi_griffinlim/hindi_fake_0042.wav,0,7.02,-1.268982172012329,1.7544950246810913,rms_matched,False,0.0320666739091898,hindi,-1.7183692455291748,23e7986df66ecae7556379ef6a8c59490f3a38d789ddcbb9af2e0bdac45ded855c8a27be3ec862f45918adec219022883c1f64ea3ca811371c818856357ef5be,0.0320666739091898,0.4320542687569666,0.3393738557944888,0.225665906931104,0.0823717974095642,0.595832109451294,7.02,23e7986df66ecae7556379ef6a8c59490f3a38d789ddcbb9af2e0bdac45ded855c8a27be3ec862f45918adec219022883c1f64ea3ca811371c818856357ef5be,,,,,,,,
43,4fcdd17805b736cac2dc920985d2187185e759b54d9cfe7d2654dd8f4aff10e630e579edcb5cb4d04f215bebe6d096d9e932203345ad7272e889beca6a5c20e7,hindi_griffinlim_eval_final/fake_hindi_griffinlim/hindi_fake_0043.wav,0,5.22,-3.0955936908721924,3.966989040374756,rms_matched,False,0.1505085028621863,hindi,-3.544980764389038,4fcdd17805b736cac2dc920985d2187185e759b54d9cfe7d2654dd8f4aff10e630e579edcb5cb4d04f215bebe6d096d9e932203345ad7272e889beca6a5c20e7,0.1505085028621863,0.3661828276787886,0.3673621857627506,0.2629975139345822,0.0587659324385104,0.616474986076355,5.22,4fcdd17805b736cac2dc920985d2187185e759b54d9cfe7d2654dd8f4aff10e630e579edcb5cb4d04f215bebe6d096d9e932203345ad7272e889beca6a5c20e7,,,,,,,,
44,3aef16007bd29046bf29aa965433206ce23419410af7d4bc3d292635ddc31b83ce37bccb79f9f0fb3d857b77a1bba903b1dfbadc1d390b9c5b687a475c9f29a6,hindi_griffinlim_eval_final/fake_hindi_griffinlim/hindi_fake_0044.wav,0,4.788,-0.6397351622581482,1.1091231107711792,rms_matched,False,0.0839073024357937,hindi,-1.089122235774994,3aef16007bd29046bf29aa965433206ce23419410af7d4bc3d292635ddc31b83ce37bccb79f9f0fb3d857b77a1bba903b1dfbadc1d390b9c5b687a475c9f29a6,0.0839073024357937,0.4430514554411283,0.3264259212938978,0.2274949974096555,0.0819056937131544,0.6601319909095764,4.788,3aef16007bd29046bf29aa965433206ce23419410af7d4bc3d292635ddc31b83ce37bccb79f9f0fb3d857b77a1bba903b1dfbadc1d390b9c5b687a475c9f29a6,,,,,,,,
45,7fbf4c95e3140e3dc38caf6b69156e7b0c31b692322f830bd453acafa852716c55556b85dab23eb2fcf7567541c68490442cf56fba72b2b29acffe250f110146,hindi_griffinlim_eval_final/fake_hindi_griffinlim/hindi_fake_0045.wav,0,4.932,-1.664406657218933,2.3494582176208496,rms_matched,False,0.0219650193596974,hindi,-2.113793730735779,7fbf4c95e3140e3dc38caf6b69156e7b0c31b692322f830bd453acafa852716c55556b85dab23eb2fcf7567541c68490442cf56fba72b2b29acffe250f110146,0.0219650193596974,0.3796812335344845,0.3264504275037605,0.2901570470927707,0.0626052046455448,0.3415982723236084,4.932,7fbf4c95e3140e3dc38caf6b69156e7b0c31b692322f830bd453acafa852716c55556b85dab23eb2fcf7567541c68490442cf56fba72b2b29acffe250f110146,,,,,,,,
46,ca96256894b92e0525b6f8bf5bac013efa869bfe9b8ec767a84d2e0b6f9f3108886cad7b3c9e622cc74ce7c803c4f9d96080e182713805211464db35f0adb51e,hindi_griffinlim_eval_final/fake_hindi_griffinlim/hindi_fake_0046.wav,0,6.948,1.6069148778915403,-2.2732977867126465,rms_matched,False,0.6572333904011931,hindi,1.1575278043746946,ca96256894b92e0525b6f8bf5bac013efa869bfe9b8ec767a84d2e0b6f9f3108886cad7b3c9e622cc74ce7c803c4f9d96080e182713805211464db35f0adb51e,0.6572333904011931,0.9825194226440628,0.0159512094346176,0.0014498900330263,0.1443450385753889,0.989990234375,6.944,ca96256894b92e0525b6f8bf5bac013efa869bfe9b8ec767a84d2e0b6f9f3108886cad7b3c9e622cc74ce7c803c4f9d96080e182713805211464db35f0adb51e,,,,,,,,
47,e1687c2dade4c9e56bf74181a1c6eabd5d85fb05e2ded2d7f443e3cdf646f19b835db4fd303c73f3b7e94b0d03f6d27c4429abdaf1a56ee81e35ee7bc67bc67c,hindi_griffinlim_eval_final/fake_hindi_griffinlim/hindi_fake_0047.wav,0,4.32,1.3030668497085571,-1.88677978515625,rms_matched,False,0.0158718748807384,hindi,0.8536797761917114,e1687c2dade4c9e56bf74181a1c6eabd5d85fb05e2ded2d7f443e3cdf646f19b835db4fd303c73f3b7e94b0d03f6d27c4429abdaf1a56ee81e35ee7bc67bc67c,0.0158718748807384,0.3171887864086944,0.3597582701838999,0.3194222032726951,0.0579063576438068,0.3333264589309692,4.32,e1687c2dade4c9e56bf74181a1c6eabd5d85fb05e2ded2d7f443e3cdf646f19b835db4fd303c73f3b7e94b0d03f6d27c4429abdaf1a56ee81e35ee7bc67bc67c,,,,,,,,
48,0296590f079d0307e6a54bed03a9a137e124eae99c566ac40f5e14ff6f07084af6f1b3c11b51c8910d774cc6ae571696c616838249c2e12fe64eae03221496c8,hindi_griffinlim_eval_final/fake_hindi_griffinlim/hindi_fake_0048.wav,0,6.588,1.901610255241394,-2.49619197845459,rms_matched,False,0.5494982458158681,hindi,1.4522231817245483,0296590f079d0307e6a54bed03a9a137e124eae99c566ac40f5e14ff6f07084af6f1b3c11b51c8910d774cc6ae571696c616838249c2e12fe64eae03221496c8,0.5494982458158681,0.3934527491214015,0.3162627664095908,0.2864256749576278,0.0591229641750604,0.9510992169380188,6.588,0296590f079d0307e6a54bed03a9a137e124eae99c566ac40f5e14ff6f07084af6f1b3c11b51c8910d774cc6ae571696c616838249c2e12fe64eae03221496c8,,,,,,,,
49,ecc7e59a32c148c0940caf49e33b11c6c9cbcd065d19c3a636df8798f9a2b79eec188e8b8ec5c0ba3212d762cde863f145957a01d44291181826e1579efbcf79,hindi_griffinlim_eval_final/fake_hindi_griffinlim/hindi_fake_0049.wav,0,4.644,6.876372337341309,-8.97127914428711,rms_matched,False,0.0187576297604182,hindi,6.426985263824463,ecc7e59a32c148c0940caf49e33b11c6c9cbcd065d19c3a636df8798f9a2b79eec188e8b8ec5c0ba3212d762cde863f145957a01d44291181826e1579efbcf79,0.0187576297604182,0.1812387560377618,0.411322804096647,0.4017689848602171,0.0138319755273115,0.0603025555610656,4.644,ecc7e59a32c148c0940caf49e33b11c6c9cbcd065d19c3a636df8798f9a2b79eec188e8b8ec5c0ba3212d762cde863f145957a01d44291181826e1579efbcf79,,,,,,,,
50,c7c4e5ded1e6121c38594d1e3bbb5a49f1d269f96c2591f9e2d4da7cf5c9cdc7598248c5d24452c832160a2503d344167242cafabc1dc3936e1a6065b281ae77,hindi_griffinlim_eval_final/fake_hindi_griffinlim/hindi_fake_0050.wav,0,6.024,-5.722820281982422,6.669093132019043,peak_normalized,True,0.1632808685321036,hindi,-6.172207355499268,c7c4e5ded1e6121c38594d1e3bbb5a49f1d269f96c2591f9e2d4da7cf5c9cdc7598248c5d24452c832160a2503d344167242cafabc1dc3936e1a6065b281ae77,0.1632808685321036,0.9545642187096054,0.0378937447084451,0.0075058977516129,0.168981235644948,0.990020751953125,6.016,c7c4e5ded1e6121c38594d1e3bbb5a49f1d269f96c2591f9e2d4da7cf5c9cdc7598248c5d24452c832160a2503d344167242cafabc1dc3936e1a6065b281ae77,,,,,,,,
51,0db277015ed4c7602383504e75bcfead10db6e33b12e442a983cb259a17baf2c98daf32f18e2c1917269103a2ef1776d88cab0357c43c487473d8fa511dde7e8,hindi_griffinlim_eval_final/fake_hindi_griffinlim/hindi_fake_0051.wav,0,3.96,-0.5912673473358154,1.004473328590393,rms_matched,False,0.178138653883648,hindi,-1.0406544208526611,0db277015ed4c7602383504e75bcfead10db6e33b12e442a983cb259a17baf2c98daf32f18e2c1917269103a2ef1776d88cab0357c43c487473d8fa511dde7e8,0.178138653883648,0.4291504282946087,0.3025693828211304,0.2647677882612869,0.0666232083718191,0.6175682544708252,3.96,0db277015ed4c7602383504e75bcfead10db6e33b12e442a983cb259a17baf2c98daf32f18e2c1917269103a2ef1776d88cab0357c43c487473d8fa511dde7e8,,,,,,,,
52,5910123d516315dfc2a43523d5cbc63444096a4cd38bb8b772155e3c51fb2f1eb673beaa1603de242ad8aa5dafe9d0ebd85a1c02bc6a7ee45e636585932306ae,hindi_griffinlim_eval_final/fake_hindi_griffinlim/hindi_fake_0052.wav,0,3.06,7.011088848114014,-9.06399154663086,rms_matched,False,0.0259478694864653,hindi,6.561701774597168,5910123d516315dfc2a43523d5cbc63444096a4cd38bb8b772155e3c51fb2f1eb673beaa1603de242ad8aa5dafe9d0ebd85a1c02bc6a7ee45e636585932306ae,0.0259478694864653,0.1936293119116736,0.4068757489656956,0.3943359196502926,0.0178188927391054,0.0884650945663452,3.06,5910123d516315dfc2a43523d5cbc63444096a4cd38bb8b772155e3c51fb2f1eb673beaa1603de242ad8aa5dafe9d0ebd85a1c02bc6a7ee45e636585932306ae,,,,,,,,
53,c45d64f4a9ad8d1efb4d802830abc40f0e0e29e23a1d399fb4e668a1781d60c7b6329f4ed2b4ee75586b7ef748b73a373cb36707965a2b5785d7e9ce6196f390,hindi_griffinlim_eval_final/fake_hindi_griffinlim/hindi_fake_0053.wav,0,6.012,0.4160752892494201,-0.6512079834938049,peak_normalized,True,0.8125244350719761,hindi,-0.03331178426742559,c45d64f4a9ad8d1efb4d802830abc40f0e0e29e23a1d399fb4e668a1781d60c7b6329f4ed2b4ee75586b7ef748b73a373cb36707965a2b5785d7e9ce6196f390,0.8125244350719761,0.7481889411883429,0.2311383358379583,0.0206090714479776,0.1091075800450877,0.989990234375,6.0,c45d64f4a9ad8d1efb4d802830abc40f0e0e29e23a1d399fb4e668a1781d60c7b6329f4ed2b4ee75586b7ef748b73a373cb36707965a2b5785d7e9ce6196f390,,,,,,,,
54,eb0cf518c980fbaafc44b52459e6edc777cf01758412dc63e1de49438b83b2d292941510deee22dd7111854884991b9e9fc276183f07dc59d4a6c8174d8da2dd,hindi_griffinlim_eval_final/fake_hindi_griffinlim/hindi_fake_0054.wav,0,6.012,-4.20736026763916,4.96710205078125,rms_matched,False,0.0532981335104904,hindi,-4.656747341156006,eb0cf518c980fbaafc44b52459e6edc777cf01758412dc63e1de49438b83b2d292941510deee22dd7111854884991b9e9fc276183f07dc59d4a6c8174d8da2dd,0.0532981335104904,0.4850941534295282,0.3687856921566525,0.1443270838732442,0.1118952594870044,0.8864306211471558,6.012,eb0cf518c980fbaafc44b52459e6edc777cf01758412dc63e1de49438b83b2d292941510deee22dd7111854884991b9e9fc276183f07dc59d4a6c8174d8da2dd,,,,,,,,
55,aafda704e52784565ee078117b2a7941d822e96444d43cfe115de75e654f8c08c23b050eebe7b4264498537464b6e45cd0624f23aec65f904b156464d5056d52,hindi_griffinlim_eval_final/fake_hindi_griffinlim/hindi_fake_0055.wav,0,6.84,-0.3077782392501831,0.4973560869693756,rms_matched,False,0.0562341484926174,hindi,-0.7571653127670288,aafda704e52784565ee078117b2a7941d822e96444d43cfe115de75e654f8c08c23b050eebe7b4264498537464b6e45cd0624f23aec65f904b156464d5056d52,0.0562341484926174,0.4848352545856825,0.2610566813735617,0.2508476254486973,0.0729408817946149,0.4947808384895324,6.84,aafda704e52784565ee078117b2a7941d822e96444d43cfe115de75e654f8c08c23b050eebe7b4264498537464b6e45cd0624f23aec65f904b156464d5056d52,,,,,,,,
56,2f15fd7bc51b2ba02064a0da5d475e0d6fc67649859ea797ce166b32fbfcd6af3d56241cdaa9d7107918bf5979de4ab7e702c6f255f5f2cfb0d154e19d960b17,hindi_griffinlim_eval_final/fake_hindi_griffinlim/hindi_fake_0056.wav,0,5.04,-0.5464831590652466,1.037123203277588,rms_matched,False,0.03088904061625,hindi,-0.9958702325820923,2f15fd7bc51b2ba02064a0da5d475e0d6fc67649859ea797ce166b32fbfcd6af3d56241cdaa9d7107918bf5979de4ab7e702c6f255f5f2cfb0d154e19d960b17,0.03088904061625,0.3978376780848816,0.3264247600231576,0.2723638984141893,0.0624234192975698,0.3510253429412842,5.04,2f15fd7bc51b2ba02064a0da5d475e0d6fc67649859ea797ce166b32fbfcd6af3d56241cdaa9d7107918bf5979de4ab7e702c6f255f5f2cfb0d154e19d960b17,,,,,,,,
57,d90832cc68e035bb366f526063da0ab186f06a937ef3231ab75fc53435821a112d7bb6d7115d594de6dfbd621d82acbd51ea43de2dd65619fe4b023cdf759fc9,hindi_griffinlim_eval_final/fake_hindi_griffinlim/hindi_fake_0057.wav,0,4.536,-5.021361351013184,5.713284492492676,rms_matched,False,0.0545063998930287,hindi,-5.470748424530029,d90832cc68e035bb366f526063da0ab186f06a937ef3231ab75fc53435821a112d7bb6d7115d594de6dfbd621d82acbd51ea43de2dd65619fe4b023cdf759fc9,0.0545063998930287,0.6552081150570823,0.2086221531649048,0.1344089677251659,0.1302711081055649,0.8166987895965576,4.536,d90832cc68e035bb366f526063da0ab186f06a937ef3231ab75fc53435821a112d7bb6d7115d594de6dfbd621d82acbd51ea43de2dd65619fe4b023cdf759fc9,,,,,,,,
58,3255dc44d5426ad255e14c4db4d12b224dfffd1e594a400a47cee7aafcd670d56a9834052a13be30307100ec6a3e1f8bffe33260e25f32c5a89ef64c744c0433,hindi_griffinlim_eval_final/fake_hindi_griffinlim/hindi_fake_0058.wav,0,4.32,6.4349775314331055,-8.292372703552246,rms_matched,False,0.0205794333587205,hindi,5.98559045791626,3255dc44d5426ad255e14c4db4d12b224dfffd1e594a400a47cee7aafcd670d56a9834052a13be30307100ec6a3e1f8bffe33260e25f32c5a89ef64c744c0433,0.0205794333587205,0.2093697786276694,0.4016654965310711,0.3838408802157616,0.02250926433182,0.1218131780624389,4.32,3255dc44d5426ad255e14c4db4d12b224dfffd1e594a400a47cee7aafcd670d56a9834052a13be30307100ec6a3e1f8bffe33260e25f32c5a89ef64c744c0433,,,,,,,,
59,fab15f5f87bd26a0f326787f96d92497bbfb5aea170dd8a415966cb8f7a5a7011bcb0b50bc9d46cdcf3edecaa6cf6753be6afd814aa420c9fd4e4ab3a40e7faa,hindi_griffinlim_eval_final/fake_hindi_griffinlim/hindi_fake_0059.wav,0,6.948,-5.1561384201049805,5.871242523193359,rms_matched,False,0.0985576492522217,hindi,-5.605525493621826,fab15f5f87bd26a0f326787f96d92497bbfb5aea170dd8a415966cb8f7a5a7011bcb0b50bc9d46cdcf3edecaa6cf6753be6afd814aa420c9fd4e4ab3a40e7faa,0.0985576492522217,0.6406623407281845,0.2032223161285161,0.1540355456490742,0.1140558409265852,0.8163459897041321,6.948,fab15f5f87bd26a0f326787f96d92497bbfb5aea170dd8a415966cb8f7a5a7011bcb0b50bc9d46cdcf3edecaa6cf6753be6afd814aa420c9fd4e4ab3a40e7faa,,,,,,,,
60,9c12887b11ae7ce76bcb5c4ca6b56f174e89c82f02c52c05b93ac7a40b6fb7b28d8474241a7dc36b3ad5b36eab48a209bf7e68a905ca64ac40b89e9311dec25d,hindi_griffinlim_eval_final/fake_hindi_griffinlim/hindi_fake_0060.wav,0,2.736,6.121066093444824,-7.928644180297852,rms_matched,False,0.0246729133726029,hindi,5.6716790199279785,9c12887b11ae7ce76bcb5c4ca6b56f174e89c82f02c52c05b93ac7a40b6fb7b28d8474241a7dc36b3ad5b36eab48a209bf7e68a905ca64ac40b89e9311dec25d,0.0246729133726029,0.2281532111863765,0.3923096065501245,0.374498690423905,0.0269664873521054,0.1209855079650878,2.736,9c12887b11ae7ce76bcb5c4ca6b56f174e89c82f02c52c05b93ac7a40b6fb7b28d8474241a7dc36b3ad5b36eab48a209bf7e68a905ca64ac40b89e9311dec25d,0.2420027478423298,0.3899304208130406,0.3680668313446295,0.7208104559270256,14.402782435039784,0.1809428036674803,0.424285931834725,0.579390731994552
61,ccd20bfc67c11f3e895626eb3d7e07e2eecb1ce583467fa1a70d8bda435a9fc5cf14c4a421d7811cf579acb2397447cbd649ac6eaaa8073a71a7d04ccb90882b,hindi_griffinlim_eval_final/fake_hindi_griffinlim/hindi_fake_0061.wav,0,5.508,-5.108929634094238,5.919467926025391,rms_matched,False,0.0298185333388755,hindi,-5.558316707611084,ccd20bfc67c11f3e895626eb3d7e07e2eecb1ce583467fa1a70d8bda435a9fc5cf14c4a421d7811cf579acb2397447cbd649ac6eaaa8073a71a7d04ccb90882b,0.0298185333388755,0.597094340250185,0.2457473032830991,0.1557816826373125,0.1394101178671905,0.9900000095367432,5.508,ccd20bfc67c11f3e895626eb3d7e07e2eecb1ce583467fa1a70d8bda435a9fc5cf14c4a421d7811cf579acb2397447cbd649ac6eaaa8073a71a7d04ccb90882b,,,,,,,,
62,c0fce8f25f23b41ed1321b49a5940b20f8b61130c14559d79ddf3816e5a433e06cad1469ff786911ce97ba8ea234da6b623881f3bb65339d1d3dd296e477a193,hindi_griffinlim_eval_final/fake_hindi_griffinlim/hindi_fake_0062.wav,0,3.528,-2.315727710723877,3.1929969787597656,rms_matched,False,0.0342155905598956,hindi,-2.7651147842407227,c0fce8f25f23b41ed1321b49a5940b20f8b61130c14559d79ddf3816e5a433e06cad1469ff786911ce97ba8ea234da6b623881f3bb65339d1d3dd296e477a193,0.0342155905598956,0.4754761153551938,0.2332641329245396,0.2894968057399651,0.1120532912797126,0.8994309306144714,3.528,c0fce8f25f23b41ed1321b49a5940b20f8b61130c14559d79ddf3816e5a433e06cad1469ff786911ce97ba8ea234da6b623881f3bb65339d1d3dd296e477a193,0.4481280413429147,0.2798241343515766,0.2720478243055086,0.7059055243908074,14.545957373769877,0.1457901027418791,0.3896482143139606,0.5521740363403419
63,0d2120fd5389d89f197e877a642aeb305bd4d8a9820d642a3ca7e83fe64ca61a0a8b15a37958f3629aa855408d3eabc56d2521ff9a06db24bd0c95320f66efab,hindi_griffinlim_eval_final/fake_hindi_griffinlim/hindi_fake_0063.wav,0,7.38,-2.861288547515869,3.733577251434326,rms_matched,False,0.0575647335996188,hindi,-3.310675621032715,0d2120fd5389d89f197e877a642aeb305bd4d8a9820d642a3ca7e83fe64ca61a0a8b15a37958f3629aa855408d3eabc56d2521ff9a06db24bd0c95320f66efab,0.0575647335996188,0.6897379882990994,0.1572467938137751,0.1512630026967535,0.1322370716132316,0.90997314453125,7.38,0d2120fd5389d89f197e877a642aeb305bd4d8a9820d642a3ca7e83fe64ca61a0a8b15a37958f3629aa855408d3eabc56d2521ff9a06db24bd0c95320f66efab,,,,,,,,
64,5b3872837902e6d95327320c254ce8cc9e7b69e3ad4e2e54f93009f6f44af95a3b2bd03dd9504518ddea0ce1bb0793458ea03d00ccd3c918aba1a0a91476da99,hindi_griffinlim_eval_final/fake_hindi_griffinlim/hindi_fake_0064.wav,0,4.296,-1.3025611639022827,1.9166252613067627,rms_matched,False,0.0732936149158405,hindi,-1.7519482374191284,5b3872837902e6d95327320c254ce8cc9e7b69e3ad4e2e54f93009f6f44af95a3b2bd03dd9504518ddea0ce1bb0793458ea03d00ccd3c918aba1a0a91476da99,0.0732936149158405,0.4221373292547118,0.2900883565045732,0.2842783529218353,0.0635864048947446,0.4594497084617615,4.296,5b3872837902e6d95327320c254ce8cc9e7b69e3ad4e2e54f93009f6f44af95a3b2bd03dd9504518ddea0ce1bb0793458ea03d00ccd3c918aba1a0a91476da99,,,,,,,,
65,bbc6419b468f96f9a81d7c8c0eeb06dc2ef630ef810662472bff59d9df3e43bc26b9d784d84faaa541a3d2e1541014302610a7426fb91797046b37d96bacaf2e,hindi_griffinlim_eval_final/fake_hindi_griffinlim/hindi_fake_0065.wav,0,6.516,2.7266182899475098,-3.369704246520996,rms_matched,False,0.0263553869283467,hindi,2.277231216430664,bbc6419b468f96f9a81d7c8c0eeb06dc2ef630ef810662472bff59d9df3e43bc26b9d784d84faaa541a3d2e1541014302610a7426fb91797046b37d96bacaf2e,0.0263553869283467,0.3934583562283195,0.3108576043430278,0.2918795009373385,0.0560790898668824,0.3132709264755249,6.516,bbc6419b468f96f9a81d7c8c0eeb06dc2ef630ef810662472bff59d9df3e43bc26b9d784d84faaa541a3d2e1541014302610a7426fb91797046b37d96bacaf2e,,,,,,,,
66,cc1693f2d0cabb0990f6510436b2406fbe0c4858c27f2c0b104c5f5c2499816770058f47af5d1bee60ed9027a18d60ad2e9dec2e2c3476373afe61afa078a3a4,hindi_griffinlim_eval_final/fake_hindi_griffinlim/hindi_fake_0066.wav,0,5.04,3.3475444316864014,-4.079725742340088,rms_matched,False,0.0277488092035682,hindi,2.8981573581695557,cc1693f2d0cabb0990f6510436b2406fbe0c4858c27f2c0b104c5f5c2499816770058f47af5d1bee60ed9027a18d60ad2e9dec2e2c3476373afe61afa078a3a4,0.0277488092035682,0.2663331914212127,0.3781480288033113,0.350726944515751,0.0350010929491872,0.2423681020736694,5.04,cc1693f2d0cabb0990f6510436b2406fbe0c4858c27f2c0b104c5f5c2499816770058f47af5d1bee60ed9027a18d60ad2e9dec2e2c3476373afe61afa078a3a4,,,,,,,,
67,0eef353f918900f4b6b2c52b697013c0ac2340228d97696f460545e777a0a619dc934a6e2bdc5329525c74d683591af809ae5b8d4157abba6321a5b7366bb73e,hindi_griffinlim_eval_final/fake_hindi_griffinlim/hindi_fake_0067.wav,0,3.312,7.028583526611328,-9.114568710327148,rms_matched,False,0.0255577271620501,hindi,6.579196453094482,0eef353f918900f4b6b2c52b697013c0ac2340228d97696f460545e777a0a619dc934a6e2bdc5329525c74d683591af809ae5b8d4157abba6321a5b7366bb73e,0.0255577271620501,0.1851954423168222,0.4098703724535742,0.3997935483030395,0.0137464842581142,0.0571268796920776,3.312,0eef353f918900f4b6b2c52b697013c0ac2340228d97696f460545e777a0a619dc934a6e2bdc5329525c74d683591af809ae5b8d4157abba6321a5b7366bb73e,,,,,,,,
68,aa9327f862e22c8a7e7c1cc05e596b019cb19e79329dfd7495112ab3dafda315d4ab663885cb951c63be27858c37f1aa245b0907d689b37ee4db113148053cc6,hindi_griffinlim_eval_final/fake_hindi_griffinlim/hindi_fake_0068.wav,0,3.96,-5.850872039794922,6.700232982635498,rms_matched,False,0.0221173644600183,hindi,-6.300259113311768,aa9327f862e22c8a7e7c1cc05e596b019cb19e79329dfd7495112ab3dafda315d4ab663885cb951c63be27858c37f1aa245b0907d689b37ee4db113148053cc6,0.0221173644600183,0.4267235535449488,0.4374099318110742,0.13409204444255,0.110934066397606,0.7432361841201782,3.96,aa9327f862e22c8a7e7c1cc05e596b019cb19e79329dfd7495112ab3dafda315d4ab663885cb951c63be27858c37f1aa245b0907d689b37ee4db113148053cc6,,,,,,,,
69,38a6ab913e27c72c3f28f3d2da65caa00933288bfaaa24633ad7168676bf34a4bdf59bba015f1be078031901c2a05ed997cd106fc7bb6ffe0cead3f59ca77415,hindi_griffinlim_eval_final/fake_hindi_griffinlim/hindi_fake_0069.wav,0,7.884,6.928349494934082,-8.903316497802734,rms_matched,False,0.0076966867621023,hindi,6.478962421417236,38a6ab913e27c72c3f28f3d2da65caa00933288bfaaa24633ad7168676bf34a4bdf59bba015f1be078031901c2a05ed997cd106fc7bb6ffe0cead3f59ca77415,0.0076966867621023,0.1973254164104775,0.3957649671088549,0.4018666254098385,0.0221466363211966,0.115492045879364,7.884,38a6ab913e27c72c3f28f3d2da65caa00933288bfaaa24633ad7168676bf34a4bdf59bba015f1be078031901c2a05ed997cd106fc7bb6ffe0cead3f59ca77415,,,,,,,,
70,c88824395561074e0eb0ebc1280d4866dbc29f01c026899e205a1db558ba1be8d683a10dc5e1f8117571ea0794f699ebe359e833d714ad66942a429a2112a5a6,hindi_griffinlim_eval_final/fake_hindi_griffinlim/hindi_fake_0070.wav,0,4.248,6.808674812316895,-8.821113586425781,rms_matched,False,0.0187670828259737,hindi,6.35928773880005,c88824395561074e0eb0ebc1280d4866dbc29f01c026899e205a1db558ba1be8d683a10dc5e1f8117571ea0794f699ebe359e833d714ad66942a429a2112a5a6,0.0187670828259737,0.2067441724994668,0.4003186507272718,0.3877905867502221,0.0209304823533315,0.0910692811012268,4.248,c88824395561074e0eb0ebc1280d4866dbc29f01c026899e205a1db558ba1be8d683a10dc5e1f8117571ea0794f699ebe359e833d714ad66942a429a2112a5a6,,,,,,,,
71,4c946f553c704abd727b3818b1d22dba011a368043575278b58ae219f71cb8914e6cac82abe55d7da17f49bea4cceb3b96c17355a6f5b078c19a947defb9061c,hindi_griffinlim_eval_final/fake_hindi_griffinlim/hindi_fake_0071.wav,0,5.004,-4.229163646697998,5.026724815368652,rms_matched,False,0.0338551170740268,hindi,-4.678550720214844,4c946f553c704abd727b3818b1d22dba011a368043575278b58ae219f71cb8914e6cac82abe55d7da17f49bea4cceb3b96c17355a6f5b078c19a947defb9061c,0.0338551170740268,0.5905601543985873,0.2295427615815352,0.1780929361989851,0.1244171175218008,0.8201658725738525,5.004,4c946f553c704abd727b3818b1d22dba011a368043575278b58ae219f71cb8914e6cac82abe55d7da17f49bea4cceb3b96c17355a6f5b078c19a947defb9061c,,,,,,,,
72,1963c5f396b43a02ea6a7cf2cacaafb042bfe53209c711d2325e2e4cfd7185370746e463b5ceb83f9ac807e048b8891b494db95e3bd7eccfbef896877eea9bbc,hindi_griffinlim_eval_final/fake_hindi_griffinlim/hindi_fake_0072.wav,0,3.096,-0.9277247786521912,1.5317202806472778,rms_matched,False,0.0417644260442744,hindi,-1.3771118521690369,1963c5f396b43a02ea6a7cf2cacaafb042bfe53209c711d2325e2e4cfd7185370746e463b5ceb83f9ac807e048b8891b494db95e3bd7eccfbef896877eea9bbc,0.0417644260442744,0.4063683001139056,0.341313988555757,0.2491099724162106,0.0711352521551415,0.4188300371170044,3.096,1963c5f396b43a02ea6a7cf2cacaafb042bfe53209c711d2325e2e4cfd7185370746e463b5ceb83f9ac807e048b8891b494db95e3bd7eccfbef896877eea9bbc,0.3667052058532565,0.3556442235169391,0.2776505706298043,0.7756656204288341,14.01430954501722,0.2215892252762938,0.5013115068247571,0.6608821503945933
73,ccd20bfc67c11f3e895626eb3d7e07e2eecb1ce583467fa1a70d8bda435a9fc5cf14c4a421d7811cf579acb2397447cbd649ac6eaaa8073a71a7d04ccb90882b,hindi_griffinlim_eval_final/fake_hindi_griffinlim/hindi_fake_0073.wav,0,5.652,2.4046740531921387,-3.250442743301392,peak_normalized,True,0.8237810670143404,hindi,1.955286979675293,ccd20bfc67c11f3e895626eb3d7e07e2eecb1ce583467fa1a70d8bda435a9fc5cf14c4a421d7811cf579acb2397447cbd649ac6eaaa8073a71a7d04ccb90882b,0.8237810670143404,0.903740733959698,0.0889713902560059,0.0072294562951579,0.127855465564624,0.990020751953125,5.648,ccd20bfc67c11f3e895626eb3d7e07e2eecb1ce583467fa1a70d8bda435a9fc5cf14c4a421d7811cf579acb2397447cbd649ac6eaaa8073a71a7d04ccb90882b,,,,,,,,
74,b64c2976e1395e1a65c549fed8cab613af6f6cf8e2f34416a1933b4c64f0b29ffcb82150ee5e396dab451f109f414930ff4938b4241d97e8919fe9f99a02893d,hindi_griffinlim_eval_final/fake_hindi_griffinlim/hindi_fake_0074.wav,0,6.48,-2.5613129138946533,3.4107978343963623,rms_matched,False,0.051208831719833,hindi,-3.010699987411499,b64c2976e1395e1a65c549fed8cab613af6f6cf8e2f34416a1933b4c64f0b29ffcb82150ee5e396dab451f109f414930ff4938b4241d97e8919fe9f99a02893d,0.051208831719833,0.3945053386515698,0.3212755727621945,0.280554737943772,0.0580682309977957,0.4348456859588623,6.48,b64c2976e1395e1a65c549fed8cab613af6f6cf8e2f34416a1933b4c64f0b29ffcb82150ee5e396dab451f109f414930ff4938b4241d97e8919fe9f99a02893d,,,,,,,,
75,6990e943cefc8a2ed3e12aa2c2a781793096d1aaf311b175943b3029333a59e74f30086965cfb6f7db8b79b431c41a44e6b4aa3f806707fc0c4e5da883dd1d54,hindi_griffinlim_eval_final/fake_hindi_griffinlim/hindi_fake_0075.wav,0,4.5,-0.4639559388160705,0.9017799496650696,rms_matched,False,0.1085413044205805,hindi,-0.9133430123329163,6990e943cefc8a2ed3e12aa2c2a781793096d1aaf311b175943b3029333a59e74f30086965cfb6f7db8b79b431c41a44e6b4aa3f806707fc0c4e5da883dd1d54,0.1085413044205805,0.4510318986942768,0.3329711962035829,0.2135046444697234,0.0912207395083169,0.7973575592041016,4.5,6990e943cefc8a2ed3e12aa2c2a781793096d1aaf311b175943b3029333a59e74f30086965cfb6f7db8b79b431c41a44e6b4aa3f806707fc0c4e5da883dd1d54,,,,,,,,
76,b9854a362f9f2796f98c3105310553f5d5b1d2aea5f247080a0d9ab5d329ac51e5e519bad74bd68b022867bb103a42741c9523a32ce80c3a4ac8ed64c4bde957,hindi_griffinlim_eval_final/fake_hindi_griffinlim/hindi_fake_0076.wav,0,4.056,0.0085566379129886,0.2272842228412628,rms_matched,False,0.0123821149139253,hindi,-0.4408304356038571,b9854a362f9f2796f98c3105310553f5d5b1d2aea5f247080a0d9ab5d329ac51e5e519bad74bd68b022867bb103a42741c9523a32ce80c3a4ac8ed64c4bde957,0.0123821149139253,0.2805889404205349,0.3838575320351907,0.3325045000269439,0.0636027178476937,0.4353526830673218,4.056,b9854a362f9f2796f98c3105310553f5d5b1d2aea5f247080a0d9ab5d329ac51e5e519bad74bd68b022867bb103a42741c9523a32ce80c3a4ac8ed64c4bde957,0.2840022922168115,0.3782323803707978,0.3377653274123906,0.6945811024818831,14.556728959938834,0.1621620144903108,0.3915329737673281,0.5445382077928955
77,aafda704e52784565ee078117b2a7941d822e96444d43cfe115de75e654f8c08c23b050eebe7b4264498537464b6e45cd0624f23aec65f904b156464d5056d52,hindi_griffinlim_eval_final/fake_hindi_griffinlim/hindi_fake_0077.wav,0,5.112,-1.2389628887176514,1.9074769020080569,rms_matched,False,0.0551539936415799,hindi,-1.688349962234497,aafda704e52784565ee078117b2a7941d822e96444d43cfe115de75e654f8c08c23b050eebe7b4264498537464b6e45cd0624f23aec65f904b156464d5056d52,0.0551539936415799,0.5643122846659337,0.2093421811574216,0.2238547257761458,0.0951916834207423,0.5889948010444641,5.112,aafda704e52784565ee078117b2a7941d822e96444d43cfe115de75e654f8c08c23b050eebe7b4264498537464b6e45cd0624f23aec65f904b156464d5056d52,,,,,,,,
78,0663aeb40f5d5ea46610cac3ca0183f2193b429770c84b516efe7d199b8b110944005539d986613fdc9d6532694f43c3a8e4dfc9de8ae7bfbc8b57b412ef71dd,hindi_griffinlim_eval_final/fake_hindi_griffinlim/hindi_fake_0078.wav,0,3.42,-3.366594314575196,4.24650239944458,rms_matched,False,0.1025515072210959,hindi,-3.815981388092042,0663aeb40f5d5ea46610cac3ca0183f2193b429770c84b516efe7d199b8b110944005539d986613fdc9d6532694f43c3a8e4dfc9de8ae7bfbc8b57b412ef71dd,0.1025515072210959,0.4553226982277994,0.3039730105188685,0.2377624127821489,0.0781046167253263,0.5887167453765869,3.42,0663aeb40f5d5ea46610cac3ca0183f2193b429770c84b516efe7d199b8b110944005539d986613fdc9d6532694f43c3a8e4dfc9de8ae7bfbc8b57b412ef71dd,,,,,,,,
79,63293ff4cc67280b10da2df2fd2763db65ca8493af191e121605b45457373b9d2f7d073324125f2ec4d3d5aa138903f3532048b49083306757421a463dcad13b,hindi_griffinlim_eval_final/fake_hindi_griffinlim/hindi_fake_0079.wav,0,3.6,-0.6341654062271118,1.1716935634613037,rms_matched,False,0.0591854826680826,hindi,-1.0835524797439575,63293ff4cc67280b10da2df2fd2763db65ca8493af191e121605b45457373b9d2f7d073324125f2ec4d3d5aa138903f3532048b49083306757421a463dcad13b,0.0591854826680826,0.3177784587621631,0.4059344840502439,0.2727744166459929,0.0578661197547664,0.4739525914192199,3.6,63293ff4cc67280b10da2df2fd2763db65ca8493af191e121605b45457373b9d2f7d073324125f2ec4d3d5aa138903f3532048b49083306757421a463dcad13b,,,,,,,,
80,4165462ba3028c7e25d5ff7abf7e81fe2d31ab129cfa039232a6753837447e299445e86cc1a94db3a8957d1cf55c3a1aaa96b297a0c75a814bc1a2df686daae8,hindi_griffinlim_eval_final/fake_hindi_griffinlim/hindi_fake_0080.wav,0,6.48,-0.95205557346344,1.363372802734375,rms_matched,False,0.0609985190889964,hindi,-1.4014426469802856,4165462ba3028c7e25d5ff7abf7e81fe2d31ab129cfa039232a6753837447e299445e86cc1a94db3a8957d1cf55c3a1aaa96b297a0c75a814bc1a2df686daae8,0.0609985190889964,0.5802570939298253,0.243950793156509,0.1736177878560039,0.1010997547359526,0.6556020379066467,6.48,4165462ba3028c7e25d5ff7abf7e81fe2d31ab129cfa039232a6753837447e299445e86cc1a94db3a8957d1cf55c3a1aaa96b297a0c75a814bc1a2df686daae8,,,,,,,,
81,6cd8f602bf899de8fa9a30238cb461650682d47e62a5d12042ec213877ca4d9f7f83e3635c1374cddf16260688058dddb7ba7f5466c279dadd85e033038b6b08,hindi_griffinlim_eval_final/fake_hindi_griffinlim/hindi_fake_0081.wav,0,3.528,-0.7445360422134399,1.3936645984649658,rms_matched,False,0.0530432123791553,hindi,-1.1939231157302856,6cd8f602bf899de8fa9a30238cb461650682d47e62a5d12042ec213877ca4d9f7f83e3635c1374cddf16260688058dddb7ba7f5466c279dadd85e033038b6b08,0.0530432123791553,0.3806803411354027,0.3360920530532411,0.2797736187612898,0.0636750988231119,0.441688597202301,3.528,6cd8f602bf899de8fa9a30238cb461650682d47e62a5d12042ec213877ca4d9f7f83e3635c1374cddf16260688058dddb7ba7f5466c279dadd85e033038b6b08,,,,,,,,
82,43dc11a5328c78dc9536527d6945245d5b3e371fdeea987ac538a30956eacc649639e2b09c28bf3ee4f4f764475880bb8f68a5cd20ef78800a664b72a86ffe58,hindi_griffinlim_eval_final/fake_hindi_griffinlim/hindi_fake_0082.wav,0,4.752,-4.657141208648682,5.420348167419434,rms_matched,False,0.1703803861200521,hindi,-5.106528282165527,43dc11a5328c78dc9536527d6945245d5b3e371fdeea987ac538a30956eacc649639e2b09c28bf3ee4f4f764475880bb8f68a5cd20ef78800a664b72a86ffe58,0.1703803861200521,0.5835079835334848,0.2471638683853954,0.1671736898884644,0.1066824654603853,0.8448528051376343,4.752,43dc11a5328c78dc9536527d6945245d5b3e371fdeea987ac538a30956eacc649639e2b09c28bf3ee4f4f764475880bb8f68a5cd20ef78800a664b72a86ffe58,,,,,,,,
83,755950c6eb4b91d87a8d62458e27e794e08783fbb4e47b61730e21bb685a9d3634dab0401114292ec8b3d3a282e0248c34c8868056fdb057716c14ae2b9844fc,hindi_griffinlim_eval_final/fake_hindi_griffinlim/hindi_fake_0083.wav,0,4.824,0.4362897574901581,-0.681256115436554,peak_normalized,True,0.4118547940901791,hindi,-0.013097316026687622,755950c6eb4b91d87a8d62458e27e794e08783fbb4e47b61730e21bb685a9d3634dab0401114292ec8b3d3a282e0248c34c8868056fdb057716c14ae2b9844fc,0.4118547940901791,0.9367052881306048,0.0624359509309163,0.0008267299199467,0.1557445449391796,0.990020751953125,4.816,755950c6eb4b91d87a8d62458e27e794e08783fbb4e47b61730e21bb685a9d3634dab0401114292ec8b3d3a282e0248c34c8868056fdb057716c14ae2b9844fc,0.9432632973283714,0.0519939030673446,0.0047427996042839,0.7171173480999582,14.539043710621511,0.129509964454545,0.3641217030001064,0.5358133268080387
84,ca96256894b92e0525b6f8bf5bac013efa869bfe9b8ec767a84d2e0b6f9f3108886cad7b3c9e622cc74ce7c803c4f9d96080e182713805211464db35f0adb51e,hindi_griffinlim_eval_final/fake_hindi_griffinlim/hindi_fake_0084.wav,0,4.104,-2.349085569381714,3.2124414443969727,rms_matched,False,0.3022683552922125,hindi,-2.7984726428985596,ca96256894b92e0525b6f8bf5bac013efa869bfe9b8ec767a84d2e0b6f9f3108886cad7b3c9e622cc74ce7c803c4f9d96080e182713805211464db35f0adb51e,0.3022683552922125,0.667149595564997,0.1731982123220225,0.1575571377484013,0.1121906238730238,0.875216543674469,4.104,ca96256894b92e0525b6f8bf5bac013efa869bfe9b8ec767a84d2e0b6f9f3108886cad7b3c9e622cc74ce7c803c4f9d96080e182713805211464db35f0adb51e,,,,,,,,
85,be71c5c863d6de0f351032d62a7be08c92ba176b5062de0dafb4440746492bbcf9cd33f72220ff106d4b21f86dd04bb624bf109c7252900c3f92b4303d603af1,hindi_griffinlim_eval_final/fake_hindi_griffinlim/hindi_fake_0085.wav,0,7.56,6.096100330352783,-7.940455913543701,rms_matched,False,0.0100987358757043,hindi,5.6467132568359375,be71c5c863d6de0f351032d62a7be08c92ba176b5062de0dafb4440746492bbcf9cd33f72220ff106d4b21f86dd04bb624bf109c7252900c3f92b4303d603af1,0.0100987358757043,0.2246660072947305,0.3908259452320134,0.3794045924734864,0.0262490659970208,0.1380791664123535,7.56,be71c5c863d6de0f351032d62a7be08c92ba176b5062de0dafb4440746492bbcf9cd33f72220ff106d4b21f86dd04bb624bf109c7252900c3f92b4303d603af1,,,,,,,,
86,46f23ae11e8565e979749342e1097a77fe3ef574253f10323351763c97b22c07b42362b03c576fa1d45361cede36368bbd6b9325f1f93cd2b8ed161a560ece2a,hindi_griffinlim_eval_final/fake_hindi_griffinlim/hindi_fake_0086.wav,0,3.552,-0.5776784420013428,0.8107609748840332,rms_matched,False,0.0722448667333756,hindi,-1.0270655155181885,46f23ae11e8565e979749342e1097a77fe3ef574253f10323351763c97b22c07b42362b03c576fa1d45361cede36368bbd6b9325f1f93cd2b8ed161a560ece2a,0.0722448667333756,0.4267583395403152,0.3336016406417545,0.2364184318024998,0.0723946336406087,0.4972857236862182,3.552,46f23ae11e8565e979749342e1097a77fe3ef574253f10323351763c97b22c07b42362b03c576fa1d45361cede36368bbd6b9325f1f93cd2b8ed161a560ece2a,,,,,,,,
87,b4f42e39378d93e8dbfced78bbf812a8cc9189b8dfbb1c6645703265e04ab91bedc692dbfa2b975577e7674dd6c8f12fb351477a3655c9646374d3f3b3fbc1a6,hindi_griffinlim_eval_final/fake_hindi_griffinlim/hindi_fake_0087.wav,0,3.06,5.351820468902588,-6.729514122009277,rms_matched,False,0.0696909414766628,hindi,4.902433395385742,b4f42e39378d93e8dbfced78bbf812a8cc9189b8dfbb1c6645703265e04ab91bedc692dbfa2b975577e7674dd6c8f12fb351477a3655c9646374d3f3b3fbc1a6,0.0696909414766628,0.3334170493757722,0.3203184024218236,0.3423924083437806,0.0508360455029926,0.4338340163230896,3.06,b4f42e39378d93e8dbfced78bbf812a8cc9189b8dfbb1c6645703265e04ab91bedc692dbfa2b975577e7674dd6c8f12fb351477a3655c9646374d3f3b3fbc1a6,,,,,,,,
88,aff2956ed66065c2040906c6e11253e54ffc0b308716a128efaa77f3d6e3556995079d82c9e63b19a0ab8b910eee082f68314b87acfd5c070341b6b9e1bda5bf,hindi_griffinlim_eval_final/fake_hindi_griffinlim/hindi_fake_0088.wav,0,6.48,-0.6746882200241089,1.0728129148483276,rms_matched,False,0.0494722863901605,hindi,-1.1240752935409546,aff2956ed66065c2040906c6e11253e54ffc0b308716a128efaa77f3d6e3556995079d82c9e63b19a0ab8b910eee082f68314b87acfd5c070341b6b9e1bda5bf,0.0494722863901605,0.4580930537267522,0.2828928547237224,0.2557372545800153,0.0752732960328973,0.5409599542617798,6.48,aff2956ed66065c2040906c6e11253e54ffc0b308716a128efaa77f3d6e3556995079d82c9e63b19a0ab8b910eee082f68314b87acfd5c070341b6b9e1bda5bf,,,,,,,,
89,e6f76063e0bed01647274603154c6319e89caf2d63a94e0c72490f58e3bca473aba94f53d264079979a367057af8c6e8152ef88087ac70720ea6175f8f9e4970,hindi_griffinlim_eval_final/fake_hindi_griffinlim/hindi_fake_0089.wav,0,6.3,-1.2486118078231812,1.7677888870239258,rms_matched,False,0.0496799150320336,hindi,-1.6979988813400269,e6f76063e0bed01647274603154c6319e89caf2d63a94e0c72490f58e3bca473aba94f53d264079979a367057af8c6e8152ef88087ac70720ea6175f8f9e4970,0.0496799150320336,0.4147109885844819,0.3129353197648769,0.2691929727030543,0.0686721222095637,0.5270442962646484,6.3,e6f76063e0bed01647274603154c6319e89caf2d63a94e0c72490f58e3bca473aba94f53d264079979a367057af8c6e8152ef88087ac70720ea6175f8f9e4970,,,,,,,,
90,ca96256894b92e0525b6f8bf5bac013efa869bfe9b8ec767a84d2e0b6f9f3108886cad7b3c9e622cc74ce7c803c4f9d96080e182713805211464db35f0adb51e,hindi_griffinlim_eval_final/fake_hindi_griffinlim/hindi_fake_0090.wav,0,6.156,3.180342674255371,-4.0139594078063965,rms_matched,False,0.3549473415943407,hindi,2.7309556007385254,ca96256894b92e0525b6f8bf5bac013efa869bfe9b8ec767a84d2e0b6f9f3108886cad7b3c9e622cc74ce7c803c4f9d96080e182713805211464db35f0adb51e,0.3549473415943407,0.9788153569688296,0.0195607502547087,0.0015460907877401,0.1451850567438749,0.78466796875,6.144,ca96256894b92e0525b6f8bf5bac013efa869bfe9b8ec767a84d2e0b6f9f3108886cad7b3c9e622cc74ce7c803c4f9d96080e182713805211464db35f0adb51e,,,,,,,,
91,a6d08697c738730178993390c6a57ba2b8e2944e43cf91bc222be8589b56ae2271a0e072fadd7f735cc7479c0ea16887e186a8e4a478276381c1d96dcd49e461,hindi_griffinlim_eval_final/fake_hindi_griffinlim/hindi_fake_0091.wav,0,5.22,7.040712356567383,-9.143683433532717,rms_matched,False,0.0187284653796777,hindi,6.591325283050537,a6d08697c738730178993390c6a57ba2b8e2944e43cf91bc222be8589b56ae2271a0e072fadd7f735cc7479c0ea16887e186a8e4a478276381c1d96dcd49e461,0.0187284653796777,0.176598442727294,0.4138466389640277,0.4042550324928932,0.0110533551040491,0.0510013103485107,5.22,a6d08697c738730178993390c6a57ba2b8e2944e43cf91bc222be8589b56ae2271a0e072fadd7f735cc7479c0ea16887e186a8e4a478276381c1d96dcd49e461,,,,,,,,
92,8a05ca02926d437b43ff4cc21925621fc16dbeaf8e35977e8c6f5da4d29494951203f52e20050d365fe263f76336e15d23cf8d1f0c0514c9fd900f7d92b108a1,hindi_griffinlim_eval_final/fake_hindi_griffinlim/hindi_fake_0092.wav,0,4.356,1.8335219621658323,-2.116042375564575,peak_normalized,True,0.5580876115670288,hindi,1.3841348886489866,8a05ca02926d437b43ff4cc21925621fc16dbeaf8e35977e8c6f5da4d29494951203f52e20050d365fe263f76336e15d23cf8d1f0c0514c9fd900f7d92b108a1,0.5580876115670288,0.930791950314178,0.0669032567349691,0.0022609800352552,0.1493475191734019,0.990020751953125,4.352,8a05ca02926d437b43ff4cc21925621fc16dbeaf8e35977e8c6f5da4d29494951203f52e20050d365fe263f76336e15d23cf8d1f0c0514c9fd900f7d92b108a1,,,,,,,,
93,52f22814969ddf3ae439c9927cdc815781938e7b8db9939cbe5cc7211c83b3dd6eccb62b360571d4002d64878c3b70340e8a76bf784048ff984b73b71d31fc52,hindi_griffinlim_eval_final/fake_hindi_griffinlim/hindi_fake_0093.wav,0,3.132,5.626894950866699,-7.243029594421387,rms_matched,False,0.0266124041604064,hindi,5.1775078773498535,52f22814969ddf3ae439c9927cdc815781938e7b8db9939cbe5cc7211c83b3dd6eccb62b360571d4002d64878c3b70340e8a76bf784048ff984b73b71d31fc52,0.0266124041604064,0.2521779205627318,0.3818336402654068,0.3612296544349864,0.0319533511989376,0.1637526750564575,3.132,52f22814969ddf3ae439c9927cdc815781938e7b8db9939cbe5cc7211c83b3dd6eccb62b360571d4002d64878c3b70340e8a76bf784048ff984b73b71d31fc52,,,,,,,,
94,c7c4e5ded1e6121c38594d1e3bbb5a49f1d269f96c2591f9e2d4da7cf5c9cdc7598248c5d24452c832160a2503d344167242cafabc1dc3936e1a6065b281ae77,hindi_griffinlim_eval_final/fake_hindi_griffinlim/hindi_fake_0094.wav,0,2.64,-5.926198959350586,6.9432878494262695,rms_matched,False,0.1994841764456983,hindi,-6.375586032867432,c7c4e5ded1e6121c38594d1e3bbb5a49f1d269f96c2591f9e2d4da7cf5c9cdc7598248c5d24452c832160a2503d344167242cafabc1dc3936e1a6065b281ae77,0.1994841764456983,0.9326307230356896,0.0290778973211258,0.0382501606382952,0.165598966422684,0.936737060546875,2.64,c7c4e5ded1e6121c38594d1e3bbb5a49f1d269f96c2591f9e2d4da7cf5c9cdc7598248c5d24452c832160a2503d344167242cafabc1dc3936e1a6065b281ae77,,,,,,,,
95,f398e532c4307d0fb6f23dda4b599e05c8483a5211aab4dba56e24a0acc89810af5b98cc96afe0b55fdee3b41250c05571fa3d170e517213e71e52e481a80df1,hindi_griffinlim_eval_final/fake_hindi_griffinlim/hindi_fake_0095.wav,0,3.744,-0.4399845004081726,0.6237135529518127,rms_matched,False,0.2696831719787801,hindi,-0.8893715739250183,f398e532c4307d0fb6f23dda4b599e05c8483a5211aab4dba56e24a0acc89810af5b98cc96afe0b55fdee3b41250c05571fa3d170e517213e71e52e481a80df1,0.2696831719787801,0.9350475997042836,0.0579195809452067,0.006978711684459,0.1541867307764542,0.841400146484375,3.744,f398e532c4307d0fb6f23dda4b599e05c8483a5211aab4dba56e24a0acc89810af5b98cc96afe0b55fdee3b41250c05571fa3d170e517213e71e52e481a80df1,,,,,,,,
96,cba73505723d31fe1d355fd9c1ba00f36d72661f667b151bb2e4db347100a72793ca3d5351e0293af666bf35d2684deb3e4bbc6fe630ffabe699d80709a0ea07,hindi_griffinlim_eval_final/fake_hindi_griffinlim/hindi_fake_0096.wav,0,7.128,6.027261734008789,-7.832672119140625,rms_matched,False,0.0128509584382104,hindi,5.577874660491943,cba73505723d31fe1d355fd9c1ba00f36d72661f667b151bb2e4db347100a72793ca3d5351e0293af666bf35d2684deb3e4bbc6fe630ffabe699d80709a0ea07,0.0128509584382104,0.244380839243531,0.3924353374875007,0.3584682075412578,0.0319618729663631,0.1885891556739807,7.128,cba73505723d31fe1d355fd9c1ba00f36d72661f667b151bb2e4db347100a72793ca3d5351e0293af666bf35d2684deb3e4bbc6fe630ffabe699d80709a0ea07,,,,,,,,
97,64fcf403ddfb930184eae9b9ad9fbb9a712ebab06fdb5e7dbe7621dcd2cd5101f593c37e8e254ff38294b6dcc8bec4808c197c2d7599c0c4126045b1ac9b51d0,hindi_griffinlim_eval_final/fake_hindi_griffinlim/hindi_fake_0097.wav,0,4.704,4.86343240737915,-6.010639190673828,rms_matched,False,0.02345748570542,hindi,4.414045333862305,64fcf403ddfb930184eae9b9ad9fbb9a712ebab06fdb5e7dbe7621dcd2cd5101f593c37e8e254ff38294b6dcc8bec4808c197c2d7599c0c4126045b1ac9b51d0,0.02345748570542,0.3305665583835618,0.3390782495001579,0.325882518216285,0.0487031941540938,0.2665357589721679,4.704,64fcf403ddfb930184eae9b9ad9fbb9a712ebab06fdb5e7dbe7621dcd2cd5101f593c37e8e254ff38294b6dcc8bec4808c197c2d7599c0c4126045b1ac9b51d0,,,,,,,,
98,bd008914e8d61f280ef49d1b81b9ba5feafa0195842fb73953d414962085d13881380f143efa9cc3014fb5083f2ca49ec0ac216b23e48f676493303b320d17d3,hindi_griffinlim_eval_final/fake_hindi_griffinlim/hindi_fake_0098.wav,0,4.932,4.934202671051025,-6.130171775817871,rms_matched,False,0.0268213492517931,hindi,4.48481559753418,bd008914e8d61f280ef49d1b81b9ba5feafa0195842fb73953d414962085d13881380f143efa9cc3014fb5083f2ca49ec0ac216b23e48f676493303b320d17d3,0.0268213492517931,0.4268540337737783,0.2897009346404298,0.279815913686069,0.0658903977363637,0.3341838121414184,4.932,bd008914e8d61f280ef49d1b81b9ba5feafa0195842fb73953d414962085d13881380f143efa9cc3014fb5083f2ca49ec0ac216b23e48f676493303b320d17d3,,,,,,,,
99,9392443e20fff21db185ec2e21925398c267cdaec962d7a8bff381ae171fd3563894988fe4244da0866881fb39e56492843fac59b139c31b99211d6c8f44c2ac,hindi_griffinlim_eval_final/fake_hindi_griffinlim/hindi_fake_0099.wav,0,4.356,-4.629782199859619,5.508194923400879,rms_matched,False,0.0416807056375412,hindi,-5.079169273376465,9392443e20fff21db185ec2e21925398c267cdaec962d7a8bff381ae171fd3563894988fe4244da0866881fb39e56492843fac59b139c31b99211d6c8f44c2ac,0.0416807056375412,0.4340840303994198,0.3460405867021983,0.2170093856707285,0.0811546995208504,0.5217297673225403,4.356,9392443e20fff21db185ec2e21925398c267cdaec962d7a8bff381ae171fd3563894988fe4244da0866881fb39e56492843fac59b139c31b99211d6c8f44c2ac,0.3387131286363788,0.3654403831163784,0.2958464882472428,0.751794058903184,14.1166269956162,0.2331896824639494,0.4841775847952617,0.6279119914572905
100,4ed9b617b3f93ef9ae23b42f64cf4e1d53ffefcf405e7e908ad346119c60ff08710f902131c673fcca0a5f0b8980b8e128ba5e30ccefc5780ced1cacb3dde0ed,hindi_griffinlim_eval_final/fake_hindi_griffinlim/hindi_fake_0100.wav,0,4.824,6.437680721282959,-8.302474975585938,rms_matched,False,0.0161971263976843,hindi,5.988293647766113,4ed9b617b3f93ef9ae23b42f64cf4e1d53ffefcf405e7e908ad346119c60ff08710f902131c673fcca0a5f0b8980b8e128ba5e30ccefc5780ced1cacb3dde0ed,0.0161971263976843,0.2327265640717438,0.3979752808686345,0.3643519609230988,0.0310881772913121,0.1616019010543823,4.824,4ed9b617b3f93ef9ae23b42f64cf4e1d53ffefcf405e7e908ad346119c60ff08710f902131c673fcca0a5f0b8980b8e128ba5e30ccefc5780ced1cacb3dde0ed,,,,,,,,
101,3aef16007bd29046bf29aa965433206ce23419410af7d4bc3d292635ddc31b83ce37bccb79f9f0fb3d857b77a1bba903b1dfbadc1d390b9c5b687a475c9f29a6,hindi_griffinlim_eval_final/fake_hindi_griffinlim/hindi_fake_0101.wav,0,5.58,0.3219454288482666,-0.5294684767723083,rms_matched,False,0.1054845830916031,hindi,-0.1274416446685791,3aef16007bd29046bf29aa965433206ce23419410af7d4bc3d292635ddc31b83ce37bccb79f9f0fb3d857b77a1bba903b1dfbadc1d390b9c5b687a475c9f29a6,0.1054845830916031,0.3076012207814156,0.3864519794587979,0.3021254423340873,0.0515093789153474,0.596705973148346,5.58,3aef16007bd29046bf29aa965433206ce23419410af7d4bc3d292635ddc31b83ce37bccb79f9f0fb3d857b77a1bba903b1dfbadc1d390b9c5b687a475c9f29a6,,,,,,,,
102,d09397973383a68b428b2de77fa5f97b990441e1d4f668eca001e162425c7928eb19441bc4e961b80af9f9414a3d1ce66d15cc8fde6c11fbb24bf65ac1eddcf0,hindi_griffinlim_eval_final/fake_hindi_griffinlim/hindi_fake_0102.wav,0,4.608,-5.384976863861084,6.110483169555664,rms_matched,False,0.0823660668614946,hindi,-5.83436393737793,d09397973383a68b428b2de77fa5f97b990441e1d4f668eca001e162425c7928eb19441bc4e961b80af9f9414a3d1ce66d15cc8fde6c11fbb24bf65ac1eddcf0,0.0823660668614946,0.4970342729497627,0.3112828673849429,0.1892063776072622,0.0918587716873993,0.6641092896461487,4.608,d09397973383a68b428b2de77fa5f97b990441e1d4f668eca001e162425c7928eb19441bc4e961b80af9f9414a3d1ce66d15cc8fde6c11fbb24bf65ac1eddcf0,,,,,,,,
103,9960686415eb494ee9537261d6666881f9ba972c52152db480cd96dd07d7bf619cd2f1f9d30815cdc61bbbd4eb031b57cf2297022021dc923732cd69a3a4a5d4,hindi_griffinlim_eval_final/fake_hindi_griffinlim/hindi_fake_0103.wav,0,7.164,0.60979163646698,-0.7768210768699646,rms_matched,False,0.0140933313971185,hindi,0.16040456295013428,9960686415eb494ee9537261d6666881f9ba972c52152db480cd96dd07d7bf619cd2f1f9d30815cdc61bbbd4eb031b57cf2297022021dc923732cd69a3a4a5d4,0.0140933313971185,0.3343004428832185,0.3351107883869563,0.3262330158930805,0.0482308141903794,0.2542170882225036,7.164,9960686415eb494ee9537261d6666881f9ba972c52152db480cd96dd07d7bf619cd2f1f9d30815cdc61bbbd4eb031b57cf2297022021dc923732cd69a3a4a5d4,,,,,,,,
104,949d46bd8792e08b2ee6c5736df551c23a26e45db1306d71836317cfc115ff4cf71da8164c9063aeefd98bd8c12626dbe22b79a07420d6fe8317fb6fc9fa368b,hindi_griffinlim_eval_final/fake_hindi_griffinlim/hindi_fake_0104.wav,0,4.572,5.602084636688232,-7.13361930847168,rms_matched,False,0.0262947813401834,hindi,5.152697563171387,949d46bd8792e08b2ee6c5736df551c23a26e45db1306d71836317cfc115ff4cf71da8164c9063aeefd98bd8c12626dbe22b79a07420d6fe8317fb6fc9fa368b,0.0262947813401834,0.3116040526415999,0.3476341268972298,0.3363926019635287,0.0444413044398972,0.2626760005950928,4.572,949d46bd8792e08b2ee6c5736df551c23a26e45db1306d71836317cfc115ff4cf71da8164c9063aeefd98bd8c12626dbe22b79a07420d6fe8317fb6fc9fa368b,,,,,,,,
105,9960686415eb494ee9537261d6666881f9ba972c52152db480cd96dd07d7bf619cd2f1f9d30815cdc61bbbd4eb031b57cf2297022021dc923732cd69a3a4a5d4,hindi_griffinlim_eval_final/fake_hindi_griffinlim/hindi_fake_0105.wav,0,4.824,5.09269905090332,-6.409096717834473,rms_matched,False,0.0181575907797133,hindi,4.643311977386475,9960686415eb494ee9537261d6666881f9ba972c52152db480cd96dd07d7bf619cd2f1f9d30815cdc61bbbd4eb031b57cf2297022021dc923732cd69a3a4a5d4,0.0181575907797133,0.3005452263316773,0.3512633488855269,0.3434303608306058,0.0425963396976757,0.2103113532066345,4.824,9960686415eb494ee9537261d6666881f9ba972c52152db480cd96dd07d7bf619cd2f1f9d30815cdc61bbbd4eb031b57cf2297022021dc923732cd69a3a4a5d4,,,,,,,,
106,169afd68fa12674be328762c77fff1783f807dfc52a7f9b0ec599d77f5fb9bd8998ec8f9fea575f4bee8d86d2ea242a97ee6de9da1bf191f541113fd3c432206,hindi_griffinlim_eval_final/fake_hindi_griffinlim/hindi_fake_0106.wav,0,5.688,1.4596418142318726,-2.023970127105713,rms_matched,False,0.0733091541865246,hindi,1.0102547407150269,169afd68fa12674be328762c77fff1783f807dfc52a7f9b0ec599d77f5fb9bd8998ec8f9fea575f4bee8d86d2ea242a97ee6de9da1bf191f541113fd3c432206,0.0733091541865246,0.3112607226809817,0.3749455202625876,0.309667202079423,0.0472655159992421,0.4806737303733825,5.688,169afd68fa12674be328762c77fff1783f807dfc52a7f9b0ec599d77f5fb9bd8998ec8f9fea575f4bee8d86d2ea242a97ee6de9da1bf191f541113fd3c432206,,,,,,,,
107,203176393d9928d38b3aecb45ba1ad1c05c8223b492bfe21e6c5c6359083f8bb68f24ab7bf449051e8527e9beee0055a3628608173b59bad7bf948e6d3e0ff27,hindi_griffinlim_eval_final/fake_hindi_griffinlim/hindi_fake_0107.wav,0,7.992,-0.670081377029419,1.054184913635254,rms_matched,False,0.0039130820795807,hindi,-1.1194684505462646,203176393d9928d38b3aecb45ba1ad1c05c8223b492bfe21e6c5c6359083f8bb68f24ab7bf449051e8527e9beee0055a3628608173b59bad7bf948e6d3e0ff27,0.0039130820795807,0.6781492732986284,0.1434042001859773,0.177008584404231,0.1616911048290525,0.950039803981781,7.992,203176393d9928d38b3aecb45ba1ad1c05c8223b492bfe21e6c5c6359083f8bb68f24ab7bf449051e8527e9beee0055a3628608173b59bad7bf948e6d3e0ff27,,,,,,,,
108,c0fce8f25f23b41ed1321b49a5940b20f8b61130c14559d79ddf3816e5a433e06cad1469ff786911ce97ba8ea234da6b623881f3bb65339d1d3dd296e477a193,hindi_griffinlim_eval_final/fake_hindi_griffinlim/hindi_fake_0108.wav,0,4.968,0.5884982943534851,-1.1383733749389648,rms_matched,False,0.9196079207907614,hindi,0.1391112208366394,c0fce8f25f23b41ed1321b49a5940b20f8b61130c14559d79ddf3816e5a433e06cad1469ff786911ce97ba8ea234da6b623881f3bb65339d1d3dd296e477a193,0.9196079207907614,0.8298385359212385,0.0853561840367424,0.0846278410053108,0.0923717458529763,0.815155029296875,4.96,c0fce8f25f23b41ed1321b49a5940b20f8b61130c14559d79ddf3816e5a433e06cad1469ff786911ce97ba8ea234da6b623881f3bb65339d1d3dd296e477a193,0.8601645026657248,0.0828514477694774,0.0569840495647979,0.7721766617980272,14.178792334517178,0.1738620431150107,0.451546575090417,0.6278193092721687
109,d1d9c267ebee74a32597d31c9167b2edb1f99cb7f4aa13501a5cc3bd519deaa2516058fb40da1e55deef24bb43e231ab5f17484bb11468d631c90e3bf29b76d4,hindi_griffinlim_eval_final/fake_hindi_griffinlim/hindi_fake_0109.wav,0,7.848,6.9524688720703125,-8.978012084960938,rms_matched,False,0.0127949141359677,hindi,6.503081798553467,d1d9c267ebee74a32597d31c9167b2edb1f99cb7f4aa13501a5cc3bd519deaa2516058fb40da1e55deef24bb43e231ab5f17484bb11468d631c90e3bf29b76d4,0.0127949141359677,0.1728816856534835,0.4154444662397387,0.4061685150634127,0.0073834091769514,0.0339307785034179,7.848,d1d9c267ebee74a32597d31c9167b2edb1f99cb7f4aa13501a5cc3bd519deaa2516058fb40da1e55deef24bb43e231ab5f17484bb11468d631c90e3bf29b76d4,,,,,,,,
110,3a9a2751ae7b00505f0ab31fe4c6b3d76e4b23763244c136363aed1903cc89d8668e1187df7236c6ac0ef40422fd5802ca4000aa26a29cc5c77c978b07a4d12a,hindi_griffinlim_eval_final/fake_hindi_griffinlim/hindi_fake_0110.wav,0,5.4,-1.9840294122695925,2.716270446777344,rms_matched,False,0.0597929896808977,hindi,-2.433416485786438,3a9a2751ae7b00505f0ab31fe4c6b3d76e4b23763244c136363aed1903cc89d8668e1187df7236c6ac0ef40422fd5802ca4000aa26a29cc5c77c978b07a4d12a,0.0597929896808977,0.6287350678605651,0.1776616474903335,0.191378374333855,0.1130310157337464,0.7231907844543457,5.4,3a9a2751ae7b00505f0ab31fe4c6b3d76e4b23763244c136363aed1903cc89d8668e1187df7236c6ac0ef40422fd5802ca4000aa26a29cc5c77c978b07a4d12a,,,,,,,,
111,36062260d676bde6039ce120c376465b2bd64e0699bac4f5ccf693568a39376a0cbc895a1c3ad2b74de0236420dc51f0dc3bc8d7f1fcac394756286a2c426056,hindi_griffinlim_eval_final/fake_hindi_griffinlim/hindi_fake_0111.wav,0,5.976,0.8233320713043213,-1.6228573322296145,peak_normalized,True,0.6249279264104874,hindi,0.3739449977874756,36062260d676bde6039ce120c376465b2bd64e0699bac4f5ccf693568a39376a0cbc895a1c3ad2b74de0236420dc51f0dc3bc8d7f1fcac394756286a2c426056,0.6249279264104874,0.919447606865744,0.0727154731392346,0.0078019177495976,0.1406023378569605,0.989990234375,5.968,36062260d676bde6039ce120c376465b2bd64e0699bac4f5ccf693568a39376a0cbc895a1c3ad2b74de0236420dc51f0dc3bc8d7f1fcac394756286a2c426056,,,,,,,,
112,9960686415eb494ee9537261d6666881f9ba972c52152db480cd96dd07d7bf619cd2f1f9d30815cdc61bbbd4eb031b57cf2297022021dc923732cd69a3a4a5d4,hindi_griffinlim_eval_final/fake_hindi_griffinlim/hindi_fake_0112.wav,0,4.248,2.7120869159698486,-3.4962549209594727,rms_matched,False,0.0349883727338479,hindi,2.262699842453003,9960686415eb494ee9537261d6666881f9ba972c52152db480cd96dd07d7bf619cd2f1f9d30815cdc61bbbd4eb031b57cf2297022021dc923732cd69a3a4a5d4,0.0349883727338479,0.3759105583362705,0.317270616427852,0.3027213837228177,0.0559526970149935,0.3211836218833923,4.248,9960686415eb494ee9537261d6666881f9ba972c52152db480cd96dd07d7bf619cd2f1f9d30815cdc61bbbd4eb031b57cf2297022021dc923732cd69a3a4a5d4,,,,,,,,
113,3aef16007bd29046bf29aa965433206ce23419410af7d4bc3d292635ddc31b83ce37bccb79f9f0fb3d857b77a1bba903b1dfbadc1d390b9c5b687a475c9f29a6,hindi_griffinlim_eval_final/fake_hindi_griffinlim/hindi_fake_0113.wav,0,5.94,-0.8121730089187622,1.3463122844696045,rms_matched,False,0.0393223844206412,hindi,-1.261560082435608,3aef16007bd29046bf29aa965433206ce23419410af7d4bc3d292635ddc31b83ce37bccb79f9f0fb3d857b77a1bba903b1dfbadc1d390b9c5b687a475c9f29a6,0.0393223844206412,0.4047875357309162,0.3453683126464505,0.2467089630559134,0.0747358723672049,0.552642285823822,5.94,3aef16007bd29046bf29aa965433206ce23419410af7d4bc3d292635ddc31b83ce37bccb79f9f0fb3d857b77a1bba903b1dfbadc1d390b9c5b687a475c9f29a6,0.4086230687249698,0.3453761679975819,0.2460007632774483,0.7062401965805023,14.52356695303075,0.1547535268504756,0.3988648736126825,0.5578099025654948
114,ea8f8541a19f474c4246d33005ad2c365f8b82b7a9b214bc39bd7b0ea6469e6d17fc574bce867f5fa60612c98df61735b7e95bf0d9c731a290e4c4bd515098bb,hindi_griffinlim_eval_final/fake_hindi_griffinlim/hindi_fake_0114.wav,0,7.2,-0.4161746203899383,0.6088725924491882,rms_matched,False,0.0564596857494327,hindi,-0.8655616939067841,ea8f8541a19f474c4246d33005ad2c365f8b82b7a9b214bc39bd7b0ea6469e6d17fc574bce867f5fa60612c98df61735b7e95bf0d9c731a290e4c4bd515098bb,0.0564596857494327,0.5775921912603011,0.2492082667402249,0.1709203455454716,0.1010869909025014,0.6675823926925659,7.2,ea8f8541a19f474c4246d33005ad2c365f8b82b7a9b214bc39bd7b0ea6469e6d17fc574bce867f5fa60612c98df61735b7e95bf0d9c731a290e4c4bd515098bb,,,,,,,,
115,2b0295a46df33cca7111334e28048e4ca8856ac39e51ceba5d127c2defec2c84aa3dbbe0b2cd9a0057a3710d4ca5936186ac62306a21dbc4f493acb9486d1452,hindi_griffinlim_eval_final/fake_hindi_griffinlim/hindi_fake_0115.wav,0,4.392,-0.4456780850887298,0.4468225538730621,rms_matched,False,0.1332594473458443,hindi,-0.8950651586055756,2b0295a46df33cca7111334e28048e4ca8856ac39e51ceba5d127c2defec2c84aa3dbbe0b2cd9a0057a3710d4ca5936186ac62306a21dbc4f493acb9486d1452,0.1332594473458443,0.3997236201532932,0.3258237745195664,0.2711008900243946,0.066704808535446,0.6320052146911621,4.392,2b0295a46df33cca7111334e28048e4ca8856ac39e51ceba5d127c2defec2c84aa3dbbe0b2cd9a0057a3710d4ca5936186ac62306a21dbc4f493acb9486d1452,,,,,,,,
116,4ed9b617b3f93ef9ae23b42f64cf4e1d53ffefcf405e7e908ad346119c60ff08710f902131c673fcca0a5f0b8980b8e128ba5e30ccefc5780ced1cacb3dde0ed,hindi_griffinlim_eval_final/fake_hindi_griffinlim/hindi_fake_0116.wav,0,3.132,6.495184898376465,-8.416419982910156,rms_matched,False,0.0216130221638242,hindi,6.045797824859619,4ed9b617b3f93ef9ae23b42f64cf4e1d53ffefcf405e7e908ad346119c60ff08710f902131c673fcca0a5f0b8980b8e128ba5e30ccefc5780ced1cacb3dde0ed,0.0216130221638242,0.2268338763582049,0.393176714575942,0.3747195919757395,0.0276589835455441,0.1243731379508972,3.132,4ed9b617b3f93ef9ae23b42f64cf4e1d53ffefcf405e7e908ad346119c60ff08710f902131c673fcca0a5f0b8980b8e128ba5e30ccefc5780ced1cacb3dde0ed,,,,,,,,
117,bec3277c6c8dbacb7aa7ba04a9c35f956190d6a1d2fdff7d1f82854e93ec3ec507db37e34e75f4b99337491f09abeabf9d41eabbc90cd14cb24790a508fbb712,hindi_griffinlim_eval_final/fake_hindi_griffinlim/hindi_fake_0117.wav,0,6.12,-3.634590148925781,4.457133293151856,rms_matched,False,0.1582093536624583,hindi,-4.083977222442627,bec3277c6c8dbacb7aa7ba04a9c35f956190d6a1d2fdff7d1f82854e93ec3ec507db37e34e75f4b99337491f09abeabf9d41eabbc90cd14cb24790a508fbb712,0.1582093536624583,0.938074369006672,0.0615596696462889,0.0003079906829313,0.1624357495020121,0.91546630859375,6.112,bec3277c6c8dbacb7aa7ba04a9c35f956190d6a1d2fdff7d1f82854e93ec3ec507db37e34e75f4b99337491f09abeabf9d41eabbc90cd14cb24790a508fbb712,,,,,,,,
118,b78cf5eebb8ae39161b94c37c3e8aa39f57e5639997972f1ec983cb9f44fcefc18f1c4227b3d8b263477f3444fe05696da0cbd5dacd3cb3900b2cbcf2370b155,hindi_griffinlim_eval_final/fake_hindi_griffinlim/hindi_fake_0118.wav,0,4.464,-0.9473922252655028,1.4571832418441772,rms_matched,False,0.077619880689385,hindi,-1.3967792987823486,b78cf5eebb8ae39161b94c37c3e8aa39f57e5639997972f1ec983cb9f44fcefc18f1c4227b3d8b263477f3444fe05696da0cbd5dacd3cb3900b2cbcf2370b155,0.077619880689385,0.4627239942675428,0.2823160992563949,0.2517569481454239,0.0729944441032624,0.5071731805801392,4.464,b78cf5eebb8ae39161b94c37c3e8aa39f57e5639997972f1ec983cb9f44fcefc18f1c4227b3d8b263477f3444fe05696da0cbd5dacd3cb3900b2cbcf2370b155,,,,,,,,
119,5a2a681a4af95b92777b6adcd74644a5291136b27678f3afb168b9ebcc348031ce19ae24e738331ee6e5e5e54f6c4c560d455f898f348ad11957ec799c28fe59,hindi_griffinlim_eval_final/fake_hindi_griffinlim/hindi_fake_0119.wav,0,5.868,-3.821632385253906,4.588865756988525,rms_matched,False,0.1630795369734667,hindi,-4.271019458770752,5a2a681a4af95b92777b6adcd74644a5291136b27678f3afb168b9ebcc348031ce19ae24e738331ee6e5e5e54f6c4c560d455f898f348ad11957ec799c28fe59,0.1630795369734667,0.5154501866293729,0.2683626187368292,0.2134127600482633,0.0845077594496078,0.7220945954322815,5.868,5a2a681a4af95b92777b6adcd74644a5291136b27678f3afb168b9ebcc348031ce19ae24e738331ee6e5e5e54f6c4c560d455f898f348ad11957ec799c28fe59,,,,,,,,
120,9392443e20fff21db185ec2e21925398c267cdaec962d7a8bff381ae171fd3563894988fe4244da0866881fb39e56492843fac59b139c31b99211d6c8f44c2ac,hindi_griffinlim_eval_final/fake_hindi_griffinlim/hindi_fake_0120.wav,0,5.616,-0.6839722394943237,1.1530840396881104,rms_matched,False,0.0439461573850159,hindi,-1.1333593130111694,9392443e20fff21db185ec2e21925398c267cdaec962d7a8bff381ae171fd3563894988fe4244da0866881fb39e56492843fac59b139c31b99211d6c8f44c2ac,0.0439461573850159,0.4084518876994672,0.31300629703496,0.2748549448216208,0.0615495920275936,0.4011634588241577,5.616,9392443e20fff21db185ec2e21925398c267cdaec962d7a8bff381ae171fd3563894988fe4244da0866881fb39e56492843fac59b139c31b99211d6c8f44c2ac,,,,,,,,
121,9492b0374bde3e9f6b0f2910f764eb837b8a3c261e9705422378ca4e59d7e977df84518e2169c11a238bf11cbd8477391bc51fdcf9134ad8216402b0cd5c37c6,hindi_griffinlim_eval_final/fake_hindi_griffinlim/hindi_fake_0121.wav,0,4.788,-0.8062227964401245,1.3664346933364868,rms_matched,False,0.0381422750224655,hindi,-1.2556098699569702,9492b0374bde3e9f6b0f2910f764eb837b8a3c261e9705422378ca4e59d7e977df84518e2169c11a238bf11cbd8477391bc51fdcf9134ad8216402b0cd5c37c6,0.0381422750224655,0.3272101750186971,0.3636636790311366,0.305246670910349,0.0497478717831442,0.3470616936683655,4.788,9492b0374bde3e9f6b0f2910f764eb837b8a3c261e9705422378ca4e59d7e977df84518e2169c11a238bf11cbd8477391bc51fdcf9134ad8216402b0cd5c37c6,,,,,,,,
122,9564825a0829d21edd512e0523b3dccf946f9cd0f8b90c2589961c1867f2100b337df3df56dcee0dbdc7b4f23de4dc7d2af884dea2f7a3f6a3f3dc081879acfa,hindi_griffinlim_eval_final/fake_hindi_griffinlim/hindi_fake_0122.wav,0,4.5,6.135743618011475,-7.938090801239014,rms_matched,False,0.0172870552566999,hindi,5.686356544494629,9564825a0829d21edd512e0523b3dccf946f9cd0f8b90c2589961c1867f2100b337df3df56dcee0dbdc7b4f23de4dc7d2af884dea2f7a3f6a3f3dc081879acfa,0.0172870552566999,0.276664924221451,0.3655308830410932,0.3531346140268547,0.039834105970074,0.2014020085334777,4.5,9564825a0829d21edd512e0523b3dccf946f9cd0f8b90c2589961c1867f2100b337df3df56dcee0dbdc7b4f23de4dc7d2af884dea2f7a3f6a3f3dc081879acfa,,,,,,,,
123,b3a9d00791dae63b944756627fdb96c21c53f4d69beef3a56780607d83e56d0a6faf52d5d704c925bb323f8b2c9a168a87c2cd94fcc3d3abf6b034c9e7f5cd77,hindi_griffinlim_eval_final/fake_hindi_griffinlim/hindi_fake_0123.wav,0,3.864,-1.8931440114974976,2.7027816772460938,rms_matched,False,0.0914871501266895,hindi,-2.3425310850143433,b3a9d00791dae63b944756627fdb96c21c53f4d69beef3a56780607d83e56d0a6faf52d5d704c925bb323f8b2c9a168a87c2cd94fcc3d3abf6b034c9e7f5cd77,0.0914871501266895,0.6151695364586924,0.2018802065336601,0.180527486873646,0.1088747162006995,0.6973440051078796,3.864,b3a9d00791dae63b944756627fdb96c21c53f4d69beef3a56780607d83e56d0a6faf52d5d704c925bb323f8b2c9a168a87c2cd94fcc3d3abf6b034c9e7f5cd77,,,,,,,,
124,1a88297b510c4d15acdd9d6a3f50d13fd6420c8f934e487a7ec5096ab5fbebef165269d581a12002a5eca2cf3fbced4552441668df9c027abd45ef0895eabbc2,hindi_griffinlim_eval_final/fake_hindi_griffinlim/hindi_fake_0124.wav,0,6.804,-4.086191654205322,4.94113826751709,rms_matched,False,0.0358567642117589,hindi,-4.535578727722168,1a88297b510c4d15acdd9d6a3f50d13fd6420c8f934e487a7ec5096ab5fbebef165269d581a12002a5eca2cf3fbced4552441668df9c027abd45ef0895eabbc2,0.0358567642117589,0.6484446283318126,0.1955183874560773,0.1544888723201516,0.1359140291121772,0.932190716266632,6.804,1a88297b510c4d15acdd9d6a3f50d13fd6420c8f934e487a7ec5096ab5fbebef165269d581a12002a5eca2cf3fbced4552441668df9c027abd45ef0895eabbc2,,,,,,,,
125,35b57937a48c8fa81eaa6a6af0b8228f449a80b7228b9d97f8ba3a9963ecfdc2bd5c60372b83e4f7ca0133fbb9c4dfdbcb554dbf34c2a262de380f4d396f042a,hindi_griffinlim_eval_final/fake_hindi_griffinlim/hindi_fake_0125.wav,0,4.788,-0.431179940700531,0.9529771208763124,rms_matched,False,0.1540896942981082,hindi,-0.8805670142173767,35b57937a48c8fa81eaa6a6af0b8228f449a80b7228b9d97f8ba3a9963ecfdc2bd5c60372b83e4f7ca0133fbb9c4dfdbcb554dbf34c2a262de380f4d396f042a,0.1540896942981082,0.3925205332166162,0.423827453626838,0.1815640883176258,0.0955930063158873,0.9900000095367432,4.788,35b57937a48c8fa81eaa6a6af0b8228f449a80b7228b9d97f8ba3a9963ecfdc2bd5c60372b83e4f7ca0133fbb9c4dfdbcb554dbf34c2a262de380f4d396f042a,0.4013474225164698,0.381746534290171,0.2169060431933592,0.7600919207991428,14.146683743093057,0.2041334354141296,0.4757079196593999,0.6362390416872069
126,02a40eed38bf20ab1ddca1a5c60f5b2cadd5455be21c7a1ab8e87d65a6fec68495c0d24d8fecdfe3f9d132fdfa842dba33dca093df21b19f3d325519779d13d0,hindi_griffinlim_eval_final/fake_hindi_griffinlim/hindi_fake_0126.wav,0,5.868,-0.4982502460479736,1.032078742980957,rms_matched,False,0.0382415686830928,hindi,-0.9476373195648193,02a40eed38bf20ab1ddca1a5c60f5b2cadd5455be21c7a1ab8e87d65a6fec68495c0d24d8fecdfe3f9d132fdfa842dba33dca093df21b19f3d325519779d13d0,0.0382415686830928,0.3276517788127899,0.3612093632815998,0.3075046449391505,0.0579498819302019,0.4982001781463623,5.868,02a40eed38bf20ab1ddca1a5c60f5b2cadd5455be21c7a1ab8e87d65a6fec68495c0d24d8fecdfe3f9d132fdfa842dba33dca093df21b19f3d325519779d13d0,,,,,,,,
127,6e20e06229081bf9c063f01cd7b3e0a759f5953624213afea5c397d4b7fe9a4dc5dae704a5faf61147d4155de50dc4a2cafdf78e7e2f8a3dc8633f276065b4cc,hindi_griffinlim_eval_final/fake_hindi_griffinlim/hindi_fake_0127.wav,0,4.5,-2.1881771087646484,3.1122000217437744,rms_matched,False,0.0856074257899806,hindi,-2.637564182281494,6e20e06229081bf9c063f01cd7b3e0a759f5953624213afea5c397d4b7fe9a4dc5dae704a5faf61147d4155de50dc4a2cafdf78e7e2f8a3dc8633f276065b4cc,0.0856074257899806,0.5779179696725569,0.2238030384387802,0.1957724751861563,0.098399216294917,0.6367811560630798,4.5,6e20e06229081bf9c063f01cd7b3e0a759f5953624213afea5c397d4b7fe9a4dc5dae704a5faf61147d4155de50dc4a2cafdf78e7e2f8a3dc8633f276065b4cc,,,,,,,,
128,a2b044a3cc841c74db098b363426777071a763d77db580920c5fc4e1955a9099b5c35c47b7e4225544e88c454349e2877524aacedf99fc459bfd50146fcb48d3,hindi_griffinlim_eval_final/fake_hindi_griffinlim/hindi_fake_0128.wav,0,5.22,-1.3476687669754028,2.066230535507202,rms_matched,False,0.0746913955221426,hindi,-1.7970558404922485,a2b044a3cc841c74db098b363426777071a763d77db580920c5fc4e1955a9099b5c35c47b7e4225544e88c454349e2877524aacedf99fc459bfd50146fcb48d3,0.0746913955221426,0.3588237809271278,0.3899181494233738,0.2479038913573271,0.0669281394321318,0.601416826248169,5.22,a2b044a3cc841c74db098b363426777071a763d77db580920c5fc4e1955a9099b5c35c47b7e4225544e88c454349e2877524aacedf99fc459bfd50146fcb48d3,,,,,,,,
129,0296590f079d0307e6a54bed03a9a137e124eae99c566ac40f5e14ff6f07084af6f1b3c11b51c8910d774cc6ae571696c616838249c2e12fe64eae03221496c8,hindi_griffinlim_eval_final/fake_hindi_griffinlim/hindi_fake_0129.wav,0,6.84,4.420341491699219,-5.445611953735352,rms_matched,False,0.6128726573654453,hindi,3.970954418182373,0296590f079d0307e6a54bed03a9a137e124eae99c566ac40f5e14ff6f07084af6f1b3c11b51c8910d774cc6ae571696c616838249c2e12fe64eae03221496c8,0.6128726573654453,0.3232708478667737,0.348795132287034,0.3236758864256079,0.0446937991658991,0.950186550617218,6.84,0296590f079d0307e6a54bed03a9a137e124eae99c566ac40f5e14ff6f07084af6f1b3c11b51c8910d774cc6ae571696c616838249c2e12fe64eae03221496c8,,,,,,,,
130,8023dc679c28a4172456d8e4b741aba9ed1895ba41b8cd0fd18f02c6775991869a2b8c2802e6ee72defb8caf5ec8ccad0b6fe8fa2b264bb9448ebca8b25c5989,hindi_griffinlim_eval_final/fake_hindi_griffinlim/hindi_fake_0130.wav,0,6.588,0.3422127366065979,-0.5769107937812805,rms_matched,False,0.0395115610217146,hindi,-0.1071743369102478,8023dc679c28a4172456d8e4b741aba9ed1895ba41b8cd0fd18f02c6775991869a2b8c2802e6ee72defb8caf5ec8ccad0b6fe8fa2b264bb9448ebca8b25c5989,0.0395115610217146,0.4164730749535211,0.4011254220735163,0.1802656673590207,0.0986845446033257,0.8188697099685669,6.588,8023dc679c28a4172456d8e4b741aba9ed1895ba41b8cd0fd18f02c6775991869a2b8c2802e6ee72defb8caf5ec8ccad0b6fe8fa2b264bb9448ebca8b25c5989,,,,,,,,
131,aaf6b52267451edd43f92433e040803b7c695022ac637484427c841d61dddefbc79acf6b684ebc2769e18c649d9b7a520a0041ecb7898d3f7e49d804f477a3ac,hindi_griffinlim_eval_final/fake_hindi_griffinlim/hindi_fake_0131.wav,0,3.06,5.730306148529053,-7.368249416351318,rms_matched,False,0.0207498139012016,hindi,5.280919075012207,aaf6b52267451edd43f92433e040803b7c695022ac637484427c841d61dddefbc79acf6b684ebc2769e18c649d9b7a520a0041ecb7898d3f7e49d804f477a3ac,0.0207498139012016,0.2222404024494309,0.3821848406947158,0.3907769650918178,0.0269941183195299,0.1306264400482177,3.06,aaf6b52267451edd43f92433e040803b7c695022ac637484427c841d61dddefbc79acf6b684ebc2769e18c649d9b7a520a0041ecb7898d3f7e49d804f477a3ac,,,,,,,,
132,aa9327f862e22c8a7e7c1cc05e596b019cb19e79329dfd7495112ab3dafda315d4ab663885cb951c63be27858c37f1aa245b0907d689b37ee4db113148053cc6,hindi_griffinlim_eval_final/fake_hindi_griffinlim/hindi_fake_0132.wav,0,3.492,-0.5739858150482178,0.488295167684555,rms_matched,False,0.1850128735812343,hindi,-1.0233728885650635,aa9327f862e22c8a7e7c1cc05e596b019cb19e79329dfd7495112ab3dafda315d4ab663885cb951c63be27858c37f1aa245b0907d689b37ee4db113148053cc6,0.1850128735812343,0.526118458155145,0.3168730251981162,0.154991111074368,0.1033523844751478,0.8509448766708374,3.492,aa9327f862e22c8a7e7c1cc05e596b019cb19e79329dfd7495112ab3dafda315d4ab663885cb951c63be27858c37f1aa245b0907d689b37ee4db113148053cc6,,,,,,,,
133,ff8d1bfdc7d8be2fd275f506691f3ba70d9d60666488ab551bcbb76c3fe93c7cfaa703f465f40b60131807d73913eb37830221336b6803114df015fb7caed36e,hindi_griffinlim_eval_final/fake_hindi_griffinlim/hindi_fake_0133.wav,0,3.528,-0.6094527840614319,1.2100768089294434,rms_matched,False,0.0772046763482883,hindi,-1.0588398575782776,ff8d1bfdc7d8be2fd275f506691f3ba70d9d60666488ab551bcbb76c3fe93c7cfaa703f465f40b60131807d73913eb37830221336b6803114df015fb7caed36e,0.0772046763482883,0.4631934653799943,0.3396905899543953,0.1948368601246173,0.090634704065613,0.6598171591758728,3.528,ff8d1bfdc7d8be2fd275f506691f3ba70d9d60666488ab551bcbb76c3fe93c7cfaa703f465f40b60131807d73913eb37830221336b6803114df015fb7caed36e,,,,,,,,
134,6b807daab3e34c4820b8d1479f760b35e44e818f9121ce49b70e8cf1fa61e9248b255de0499371b2da3b304c64dd088e8079a770832d3e1036b7d8fb52aebfc8,hindi_griffinlim_eval_final/fake_hindi_griffinlim/hindi_fake_0134.wav,0,6.12,-0.4663004875183105,0.9969496726989746,rms_matched,False,0.1994493023031501,hindi,-0.9156875610351562,6b807daab3e34c4820b8d1479f760b35e44e818f9121ce49b70e8cf1fa61e9248b255de0499371b2da3b304c64dd088e8079a770832d3e1036b7d8fb52aebfc8,0.1994493023031501,0.5801037384381631,0.2440173916006256,0.1736221090749572,0.0987663653684824,0.8231884241104126,6.12,6b807daab3e34c4820b8d1479f760b35e44e818f9121ce49b70e8cf1fa61e9248b255de0499371b2da3b304c64dd088e8079a770832d3e1036b7d8fb52aebfc8,,,,,,,,
135,5e46ac50eb1d862c9c16cabb7768b1b412ed7ec5a51e13e22953cbb21d43c30f5addea8f5b6797634a95c8140661feb46f36a8e68d9968dc8452c0ac88af7e59,hindi_griffinlim_eval_final/fake_hindi_griffinlim/hindi_fake_0135.wav,0,3.78,0.6254888772964478,-1.128114938735962,rms_matched,False,0.0458882568931567,hindi,0.17610180377960205,5e46ac50eb1d862c9c16cabb7768b1b412ed7ec5a51e13e22953cbb21d43c30f5addea8f5b6797634a95c8140661feb46f36a8e68d9968dc8452c0ac88af7e59,0.0458882568931567,0.3980982170854449,0.3294071273053227,0.2689550295311849,0.0646453408493588,0.400674819946289,3.78,5e46ac50eb1d862c9c16cabb7768b1b412ed7ec5a51e13e22953cbb21d43c30f5addea8f5b6797634a95c8140661feb46f36a8e68d9968dc8452c0ac88af7e59,,,,,,,,
136,7645441bdc18d3b030505861df550d84664b9a9931552e1efeafab2fc218b84b74173a02073f3ab449dfd6be412293b9bfbe39fc0b97793fff0f586d8212ca0d,hindi_griffinlim_eval_final/fake_hindi_griffinlim/hindi_fake_0136.wav,0,5.076,-4.068129062652588,4.807220458984375,rms_matched,False,0.0361617421265402,hindi,-4.517516136169434,7645441bdc18d3b030505861df550d84664b9a9931552e1efeafab2fc218b84b74173a02073f3ab449dfd6be412293b9bfbe39fc0b97793fff0f586d8212ca0d,0.0361617421265402,0.5141939940793937,0.3270097469009326,0.1567302274919311,0.1081422545060769,0.7066435217857361,5.076,7645441bdc18d3b030505861df550d84664b9a9931552e1efeafab2fc218b84b74173a02073f3ab449dfd6be412293b9bfbe39fc0b97793fff0f586d8212ca0d,,,,,,,,
137,90b97ef0ba555036393f0384c8e6f86e4106dc805efe211de0476387e0aa1b4ba028900e2d59bd67c2c14f82e16765211bded26276241d0c0173fa32e166b9b2,hindi_griffinlim_eval_final/fake_hindi_griffinlim/hindi_fake_0137.wav,0,3.276,-0.6761230230331421,1.266157150268555,rms_matched,False,0.0366383408321606,hindi,-1.1255100965499878,90b97ef0ba555036393f0384c8e6f86e4106dc805efe211de0476387e0aa1b4ba028900e2d59bd67c2c14f82e16765211bded26276241d0c0173fa32e166b9b2,0.0366383408321606,0.3548003527332717,0.2962193788347116,0.3453170121271883,0.0575198254243343,0.3960719108581543,3.276,90b97ef0ba555036393f0384c8e6f86e4106dc805efe211de0476387e0aa1b4ba028900e2d59bd67c2c14f82e16765211bded26276241d0c0173fa32e166b9b2,,,,,,,,
138,439f45a458aa3fb2b90c635b0b8f07e4182c5aec6177ec417f91ee355768fc1655301d31a1c35a6a1727014480d611123576f5e9f6c96385b515a83690d70366,hindi_griffinlim_eval_final/fake_hindi_griffinlim/hindi_fake_0138.wav,0,4.5,-0.4348898231983185,1.0570275783538818,rms_matched,False,0.3947577256058505,hindi,-0.8842768967151642,439f45a458aa3fb2b90c635b0b8f07e4182c5aec6177ec417f91ee355768fc1655301d31a1c35a6a1727014480d611123576f5e9f6c96385b515a83690d70366,0.3947577256058505,0.5715202122480734,0.2496476470224926,0.176443697753649,0.0959611036243919,0.8987130522727966,4.5,439f45a458aa3fb2b90c635b0b8f07e4182c5aec6177ec417f91ee355768fc1655301d31a1c35a6a1727014480d611123576f5e9f6c96385b515a83690d70366,,,,,,,,
139,cb191bbd6bef46c81c9d5a49421a071897ee938b184fb94525d71950769ff71a8e4c5380bac3087cf73f11082371a95a9e76e594ba58d9520d5892e39d9d167e,hindi_griffinlim_eval_final/fake_hindi_griffinlim/hindi_fake_0139.wav,0,5.58,-5.095600128173828,5.841721534729004,rms_matched,False,0.2017549971319069,hindi,-5.544987201690674,cb191bbd6bef46c81c9d5a49421a071897ee938b184fb94525d71950769ff71a8e4c5380bac3087cf73f11082371a95a9e76e594ba58d9520d5892e39d9d167e,0.2017549971319069,0.8048649629153677,0.1556527976550736,0.0394057175453405,0.1434218529107961,0.932159423828125,5.568,cb191bbd6bef46c81c9d5a49421a071897ee938b184fb94525d71950769ff71a8e4c5380bac3087cf73f11082371a95a9e76e594ba58d9520d5892e39d9d167e,,,,,,,,
140,b78cf5eebb8ae39161b94c37c3e8aa39f57e5639997972f1ec983cb9f44fcefc18f1c4227b3d8b263477f3444fe05696da0cbd5dacd3cb3900b2cbcf2370b155,hindi_griffinlim_eval_final/fake_hindi_griffinlim/hindi_fake_0140.wav,0,5.328,-0.6316274404525757,1.1418476104736328,rms_matched,False,0.0758977086120855,hindi,-1.0810145139694214,b78cf5eebb8ae39161b94c37c3e8aa39f57e5639997972f1ec983cb9f44fcefc18f1c4227b3d8b263477f3444fe05696da0cbd5dacd3cb3900b2cbcf2370b155,0.0758977086120855,0.5048635115073077,0.2615230901363089,0.2306467572053769,0.0828300814958638,0.5795385837554932,5.328,b78cf5eebb8ae39161b94c37c3e8aa39f57e5639997972f1ec983cb9f44fcefc18f1c4227b3d8b263477f3444fe05696da0cbd5dacd3cb3900b2cbcf2370b155,,,,,,,,
141,3f0b866ee8d4499e4c0de09d34862acbb1ea0139f53bf7f1271a8648fb35d9a3a31272a8bc7af870e3b52bf7f4cb51ae512fa07df79663eaeafa30221c0b200b,hindi_griffinlim_eval_final/fake_hindi_griffinlim/hindi_fake_0141.wav,0,4.896,-5.533791542053223,6.310334205627441,peak_normalized,True,0.3976493238280565,hindi,-5.983178615570068,3f0b866ee8d4499e4c0de09d34862acbb1ea0139f53bf7f1271a8648fb35d9a3a31272a8bc7af870e3b52bf7f4cb51ae512fa07df79663eaeafa30221c0b200b,0.3976493238280565,0.8753282601933104,0.0718520419204158,0.0527879292834281,0.145308553912003,0.989990234375,4.896,3f0b866ee8d4499e4c0de09d34862acbb1ea0139f53bf7f1271a8648fb35d9a3a31272a8bc7af870e3b52bf7f4cb51ae512fa07df79663eaeafa30221c0b200b,,,,,,,,
142,389842e0cd33cfb9876ef3d2f0e50eb0d9842d3a72efb647244e2cab4f456609c2fe3c3584b5307808cc70d8a9f6cbc18617ef2eadf45ed518b03c0dee8dfd87,hindi_griffinlim_eval_final/fake_hindi_griffinlim/hindi_fake_0142.wav,0,5.784,0.6984066367149353,-1.049138069152832,peak_normalized,True,0.9625708911371272,hindi,0.2490195631980896,389842e0cd33cfb9876ef3d2f0e50eb0d9842d3a72efb647244e2cab4f456609c2fe3c3584b5307808cc70d8a9f6cbc18617ef2eadf45ed518b03c0dee8dfd87,0.9625708911371272,0.8807729551932192,0.1182361275007546,0.0008756177076635,0.1059619582707353,0.990020751953125,5.776,389842e0cd33cfb9876ef3d2f0e50eb0d9842d3a72efb647244e2cab4f456609c2fe3c3584b5307808cc70d8a9f6cbc18617ef2eadf45ed518b03c0dee8dfd87,0.8992341165054107,0.0935156889201914,0.0072501945743977,0.7834180390244683,14.114776014706392,0.1761784974506918,0.4581431483836308,0.6398210305915286
143,1ab26689a68e6aeb9ee56daf140f5d65c19295d6b65eaef9f51f22cbd867b635758194eb9640790ea7d37a0de2bd5d0f235fb7662cc80dda56261f92c3cb4475,hindi_griffinlim_eval_final/fake_hindi_griffinlim/hindi_fake_0143.wav,0,3.096,1.7314728498458862,-2.6470727920532227,rms_matched,False,0.0153724772067276,hindi,1.2820857763290405,1ab26689a68e6aeb9ee56daf140f5d65c19295d6b65eaef9f51f22cbd867b635758194eb9640790ea7d37a0de2bd5d0f235fb7662cc80dda56261f92c3cb4475,0.0153724772067276,0.3083768618677335,0.2805271834647534,0.408194393483836,0.0696845542296675,0.5569395422935486,3.096,1ab26689a68e6aeb9ee56daf140f5d65c19295d6b65eaef9f51f22cbd867b635758194eb9640790ea7d37a0de2bd5d0f235fb7662cc80dda56261f92c3cb4475,,,,,,,,
144,ac38b13197dccd9b8389b7ea08fa62f18a0ad7549e1dcb0ac6d9a05f3c3cf0e1a38c50b32020c420310616620b70345d1c7ec60431e9af8f1dd471d271dd2c81,hindi_griffinlim_eval_final/fake_hindi_griffinlim/hindi_fake_0144.wav,0,4.176,-5.209214210510254,5.995450973510742,rms_matched,False,0.0242430398719265,hindi,-5.6586012840271,ac38b13197dccd9b8389b7ea08fa62f18a0ad7549e1dcb0ac6d9a05f3c3cf0e1a38c50b32020c420310616620b70345d1c7ec60431e9af8f1dd471d271dd2c81,0.0242430398719265,0.526484050525842,0.2641702019561525,0.2076943280959513,0.1243095059614701,0.8690035939216614,4.176,ac38b13197dccd9b8389b7ea08fa62f18a0ad7549e1dcb0ac6d9a05f3c3cf0e1a38c50b32020c420310616620b70345d1c7ec60431e9af8f1dd471d271dd2c81,,,,,,,,
145,ef72dad515c406393c07ffac9b57e6cd1e83073c82a001d49ea19a30fd9976d0d50d4c5cffcfdbec8ea222c152695775d85c227194f2e56516531e1c8e76ff70,hindi_griffinlim_eval_final/fake_hindi_griffinlim/hindi_fake_0145.wav,0,3.048,-0.5913089513778687,0.9294111728668212,rms_matched,False,0.0633313402843779,hindi,-1.0406960248947144,ef72dad515c406393c07ffac9b57e6cd1e83073c82a001d49ea19a30fd9976d0d50d4c5cffcfdbec8ea222c152695775d85c227194f2e56516531e1c8e76ff70,0.0633313402843779,0.4404521041872466,0.3884054669127004,0.169155720293569,0.1074505581223153,0.8518919944763184,3.048,ef72dad515c406393c07ffac9b57e6cd1e83073c82a001d49ea19a30fd9976d0d50d4c5cffcfdbec8ea222c152695775d85c227194f2e56516531e1c8e76ff70,,,,,,,,
146,51ac71db84d066b7c2fe1dd940f0e75602010e8a2c0a23df2b47108a43c6df09aea35278f729be243a1d02576df693c13705cc367b391889be00e5a572b08fb5,hindi_griffinlim_eval_final/fake_hindi_griffinlim/hindi_fake_0146.wav,0,7.452,1.0747778415679932,-1.566821575164795,rms_matched,False,0.0335892629876892,hindi,0.6253907680511475,51ac71db84d066b7c2fe1dd940f0e75602010e8a2c0a23df2b47108a43c6df09aea35278f729be243a1d02576df693c13705cc367b391889be00e5a572b08fb5,0.0335892629876892,0.3900427543013702,0.3244413989633721,0.281829063240652,0.0576511288022778,0.4002830386161804,7.452,51ac71db84d066b7c2fe1dd940f0e75602010e8a2c0a23df2b47108a43c6df09aea35278f729be243a1d02576df693c13705cc367b391889be00e5a572b08fb5,0.4425365760861249,0.3083600521252415,0.2491033717886334,0.7330628873203544,14.28363249348381,0.2024460392544716,0.4589753598502655,0.6067043677224447
147,9929c6f2b01a8c28f2e56c628d79399fb1e541643209aa4c5e28768681147947cad19a67ec59f260cf85a4586e3d35fe427119ab932c78c14583d719abff7062,hindi_griffinlim_eval_final/fake_hindi_griffinlim/hindi_fake_0147.wav,0,4.32,-2.953853845596313,3.796218872070313,rms_matched,False,0.0199877111121378,hindi,-3.4032409191131587,9929c6f2b01a8c28f2e56c628d79399fb1e541643209aa4c5e28768681147947cad19a67ec59f260cf85a4586e3d35fe427119ab932c78c14583d719abff7062,0.0199877111121378,0.5511312699932451,0.2980279941005955,0.1493248670071828,0.1375983303487496,0.9267963767051696,4.32,9929c6f2b01a8c28f2e56c628d79399fb1e541643209aa4c5e28768681147947cad19a67ec59f260cf85a4586e3d35fe427119ab932c78c14583d719abff7062,,,,,,,,
148,6df5947ecd6093ba0b8088111d11231f209c5377b37d2ec78fb66df1c555d0c218e4a7dfd601f4d5395ec9f0579ec4eca44d2fd60b09e80bc62ef446ea485886,hindi_griffinlim_eval_final/fake_hindi_griffinlim/hindi_fake_0148.wav,0,3.42,-0.5049405097961426,1.0805269479751587,rms_matched,False,0.1382946882081308,hindi,-0.9543275833129883,6df5947ecd6093ba0b8088111d11231f209c5377b37d2ec78fb66df1c555d0c218e4a7dfd601f4d5395ec9f0579ec4eca44d2fd60b09e80bc62ef446ea485886,0.1382946882081308,0.4402781606442924,0.3543045566220128,0.2027210129828101,0.077586596464657,0.6226055026054382,3.42,6df5947ecd6093ba0b8088111d11231f209c5377b37d2ec78fb66df1c555d0c218e4a7dfd601f4d5395ec9f0579ec4eca44d2fd60b09e80bc62ef446ea485886,,,,,,,,
149,43bc745f9a7b6bd69a6cf5af88d6d8a31436266533dfa04def07f906d4fd43867f88a11badb4e6b57aefd010b66136392f98b79281d97eebcad6333be3d07cb2,hindi_griffinlim_eval_final/fake_hindi_griffinlim/hindi_fake_0149.wav,0,3.996,-0.9014008045196532,1.519932985305786,rms_matched,False,0.0455364440087603,hindi,-1.350787878036499,43bc745f9a7b6bd69a6cf5af88d6d8a31436266533dfa04def07f906d4fd43867f88a11badb4e6b57aefd010b66136392f98b79281d97eebcad6333be3d07cb2,0.0455364440087603,0.3839540868313917,0.3267685250208605,0.2853093884256783,0.0562255916987208,0.3292097449302673,3.996,43bc745f9a7b6bd69a6cf5af88d6d8a31436266533dfa04def07f906d4fd43867f88a11badb4e6b57aefd010b66136392f98b79281d97eebcad6333be3d07cb2,,,,,,,,
150,c9e3c968c1d5b3622fc320ddfee5e4f9ab20a053ad60bc247ae48a626a9989bc2687e3e054f55a444c9ccb71e2ddce887fc8fdfa617ebb5e9d4771676d8074b4,hindi_griffinlim_eval_final/fake_hindi_griffinlim/hindi_fake_0150.wav,0,6.444,0.8358750343322754,-1.3835365772247314,rms_matched,False,0.0160781677533069,hindi,0.3864879608154297,c9e3c968c1d5b3622fc320ddfee5e4f9ab20a053ad60bc247ae48a626a9989bc2687e3e054f55a444c9ccb71e2ddce887fc8fdfa617ebb5e9d4771676d8074b4,0.0160781677533069,0.3277942971445243,0.3416380380109964,0.3263306255531241,0.0484601360749272,0.2651098966598511,6.444,c9e3c968c1d5b3622fc320ddfee5e4f9ab20a053ad60bc247ae48a626a9989bc2687e3e054f55a444c9ccb71e2ddce887fc8fdfa617ebb5e9d4771676d8074b4,,,,,,,,
151,80d92595b38c164010ef7313465d16463f2c96fa6fc022b2e01e189d36b259ca8c60d34dedd33eb9e2efc010529edd502641106737ba607a53218e01e86be40a,hindi_griffinlim_eval_final/fake_hindi_griffinlim/hindi_fake_0151.wav,0,7.38,-1.717726707458496,2.518470764160156,rms_matched,False,0.0315267605227924,hindi,-2.167113780975342,80d92595b38c164010ef7313465d16463f2c96fa6fc022b2e01e189d36b259ca8c60d34dedd33eb9e2efc010529edd502641106737ba607a53218e01e86be40a,0.0315267605227924,0.4519539804759529,0.3452162744791397,0.2005064430029317,0.0932103731965941,0.6976181864738464,7.38,80d92595b38c164010ef7313465d16463f2c96fa6fc022b2e01e189d36b259ca8c60d34dedd33eb9e2efc010529edd502641106737ba607a53218e01e86be40a,,,,,,,,
152,42dbccb16fa1ce50253a96dee532a7c4030f9daa92599271e4c0692efc8e58f669205bbcedf0ddf1f51f1e5753260ad39f6e0a5e6f85d5d24b3c5b3a20114c4c,hindi_griffinlim_eval_final/fake_hindi_griffinlim/hindi_fake_0152.wav,0,4.248,0.9955211877822876,-1.697525978088379,rms_matched,False,0.4531731255843835,hindi,0.5461341142654419,42dbccb16fa1ce50253a96dee532a7c4030f9daa92599271e4c0692efc8e58f669205bbcedf0ddf1f51f1e5753260ad39f6e0a5e6f85d5d24b3c5b3a20114c4c,0.4531731255843835,0.9884750714650408,0.0112790202967874,0.0001973465856635,0.1611620295501328,0.990020751953125,4.24,42dbccb16fa1ce50253a96dee532a7c4030f9daa92599271e4c0692efc8e58f669205bbcedf0ddf1f51f1e5753260ad39f6e0a5e6f85d5d24b3c5b3a20114c4c,,,,,,,,
153,551ead2654838dfeb5faff96cbcc6d7ca4ac208e9f84293d31d5c89ae3e612bcc525e7f2cc8a050c834c1d550d9880c84e908cf0c4e90a885b36001c989f7aa6,hindi_griffinlim_eval_final/fake_hindi_griffinlim/hindi_fake_0153.wav,0,4.788,-0.7330468893051147,1.2043085098266602,rms_matched,False,0.0359126891877915,hindi,-1.1824339628219604,551ead2654838dfeb5faff96cbcc6d7ca4ac208e9f84293d31d5c89ae3e612bcc525e7f2cc8a050c834c1d550d9880c84e908cf0c4e90a885b36001c989f7aa6,0.0359126891877915,0.3676173449284893,0.285014169046262,0.3443596112691177,0.0699660787410106,0.593915581703186,4.788,551ead2654838dfeb5faff96cbcc6d7ca4ac208e9f84293d31d5c89ae3e612bcc525e7f2cc8a050c834c1d550d9880c84e908cf0c4e90a885b36001c989f7aa6,,,,,,,,
154,5191b8af39731f5141ffac823e13e25016e5b3109209f12d3337bdfc92ddff74ea717e293a01fe3b90fb2be2a87b0621cc385140b097b7e6d76f1d2e2f319d74,hindi_griffinlim_eval_final/fake_hindi_griffinlim/hindi_fake_0154.wav,0,6.696,-5.551457405090332,6.45268440246582,rms_matched,False,0.0491307935757602,hindi,-6.000844478607178,5191b8af39731f5141ffac823e13e25016e5b3109209f12d3337bdfc92ddff74ea717e293a01fe3b90fb2be2a87b0621cc385140b097b7e6d76f1d2e2f319d74,0.0491307935757602,0.5460826024029279,0.3108888358947331,0.1412659960485379,0.121157015898295,0.9240859746932985,6.696,5191b8af39731f5141ffac823e13e25016e5b3109209f12d3337bdfc92ddff74ea717e293a01fe3b90fb2be2a87b0621cc385140b097b7e6d76f1d2e2f319d74,,,,,,,,
155,d24af5ee15190d3fc14dfc4ee3c75c75fe66fb537d4c7cf94e0e7d489ba442240b112a68a9dcd921ed48aaf17649bacd187e913bf4f22c1471cdc0fd263e9aa7,hindi_griffinlim_eval_final/fake_hindi_griffinlim/hindi_fake_0155.wav,0,5.904,-4.993661880493164,5.833560466766357,rms_matched,False,0.0236392969380893,hindi,-5.44304895401001,d24af5ee15190d3fc14dfc4ee3c75c75fe66fb537d4c7cf94e0e7d489ba442240b112a68a9dcd921ed48aaf17649bacd187e913bf4f22c1471cdc0fd263e9aa7,0.0236392969380893,0.568647702065496,0.3151821811242201,0.1147203234861082,0.13696921945368,0.9340150952339172,5.904,d24af5ee15190d3fc14dfc4ee3c75c75fe66fb537d4c7cf94e0e7d489ba442240b112a68a9dcd921ed48aaf17649bacd187e913bf4f22c1471cdc0fd263e9aa7,,,,,,,,
156,55facf37cfec7564d08860906bdb688d9e2c45d7ac50a054dcc66778b3b1a10a9489051097f6fe9232742597187752dc71f4f0432aa771771721c259ff4324c7,hindi_griffinlim_eval_final/fake_hindi_griffinlim/hindi_fake_0156.wav,0,5.94,-2.8289735317230225,3.6778645515441895,rms_matched,False,0.1258592122007225,hindi,-3.278360605239868,55facf37cfec7564d08860906bdb688d9e2c45d7ac50a054dcc66778b3b1a10a9489051097f6fe9232742597187752dc71f4f0432aa771771721c259ff4324c7,0.1258592122007225,0.458581750943773,0.2576827361524579,0.281526080201282,0.0955521089645991,0.9900000095367432,5.94,55facf37cfec7564d08860906bdb688d9e2c45d7ac50a054dcc66778b3b1a10a9489051097f6fe9232742597187752dc71f4f0432aa771771721c259ff4324c7,0.4662069224033003,0.2900610867288486,0.2437319908678511,0.6782562990942758,14.702528148793458,0.1269506718132607,0.3513001429580044,0.5120104594608532
157,550c775712c46fac6b29f44c8e1e47790ad3d24a4596e9befdad47efbafbcd202634809eed3f54d8b62ec448b24bbe8a67c224d24ae7ed2b6870581a3fd2dcd3,hindi_griffinlim_eval_final/fake_hindi_griffinlim/hindi_fake_0157.wav,0,4.248,-3.74571704864502,4.688701629638672,rms_matched,False,0.0706204542268009,hindi,-4.195104122161865,550c775712c46fac6b29f44c8e1e47790ad3d24a4596e9befdad47efbafbcd202634809eed3f54d8b62ec448b24bbe8a67c224d24ae7ed2b6870581a3fd2dcd3,0.0706204542268009,0.6617549428780116,0.2030027349194713,0.1335535970155806,0.1299127512721651,0.8345697522163391,4.248,550c775712c46fac6b29f44c8e1e47790ad3d24a4596e9befdad47efbafbcd202634809eed3f54d8b62ec448b24bbe8a67c224d24ae7ed2b6870581a3fd2dcd3,,,,,,,,
158,5a6f47bcb6c561dcfa6961b198d280ba77d188c7e511b84b1481770b1878583bcc74c8674f4f862c9ccbb54f4cfa3b2919ef94c8ace1c6fb22abe7c70365f402,hindi_griffinlim_eval_final/fake_hindi_griffinlim/hindi_fake_0158.wav,0,6.66,-4.636747360229492,5.440436363220215,rms_matched,False,0.0713402323561496,hindi,-5.086134433746338,5a6f47bcb6c561dcfa6961b198d280ba77d188c7e511b84b1481770b1878583bcc74c8674f4f862c9ccbb54f4cfa3b2919ef94c8ace1c6fb22abe7c70365f402,0.0713402323561496,0.545840447606287,0.2906766674470443,0.1614524669972722,0.1118645443584868,0.8781653642654419,6.66,5a6f47bcb6c561dcfa6961b198d280ba77d188c7e511b84b1481770b1878583bcc74c8674f4f862c9ccbb54f4cfa3b2919ef94c8ace1c6fb22abe7c70365f402,,,,,,,,
159,256a0ab2364a69f69c073cac0258702b33d8269739cd421abc11e45a2c7678787e46498a06ee3a13077e9dfea487f22061fc549def882ff192ca5fb1d2671807,hindi_griffinlim_eval_final/fake_hindi_griffinlim/hindi_fake_0159.wav,0,4.32,6.333089828491211,-8.230891227722168,rms_matched,False,0.0191195586618835,hindi,5.883702754974365,256a0ab2364a69f69c073cac0258702b33d8269739cd421abc11e45a2c7678787e46498a06ee3a13077e9dfea487f22061fc549def882ff192ca5fb1d2671807,0.0191195586618835,0.2151586765128819,0.4041990588651112,0.3756871939355838,0.0255800302606922,0.1349539756774902,4.32,256a0ab2364a69f69c073cac0258702b33d8269739cd421abc11e45a2c7678787e46498a06ee3a13077e9dfea487f22061fc549def882ff192ca5fb1d2671807,,,,,,,,
160,3255dc44d5426ad255e14c4db4d12b224dfffd1e594a400a47cee7aafcd670d56a9834052a13be30307100ec6a3e1f8bffe33260e25f32c5a89ef64c744c0433,hindi_griffinlim_eval_final/fake_hindi_griffinlim/hindi_fake_0160.wav,0,4.932,5.713236808776856,-7.318313121795654,rms_matched,False,0.0196140817448119,hindi,5.263849735260011,3255dc44d5426ad255e14c4db4d12b224dfffd1e594a400a47cee7aafcd670d56a9834052a13be30307100ec6a3e1f8bffe33260e25f32c5a89ef64c744c0433,0.0196140817448119,0.2396914683249666,0.3910303058948157,0.3644620826136825,0.0290016413134865,0.1563227176666259,4.932,3255dc44d5426ad255e14c4db4d12b224dfffd1e594a400a47cee7aafcd670d56a9834052a13be30307100ec6a3e1f8bffe33260e25f32c5a89ef64c744c0433,,,,,,,,
161,42adfde56dd3d69ed58436d1e8a55fac999afb0e390ebc65c299c3cd2b7258cb079683412241e54e7fa275e56a02bd19a10d6a17fead09988cd0fad2e6061e7b,hindi_griffinlim_eval_final/fake_hindi_griffinlim/hindi_fake_0161.wav,0,5.94,-5.185497283935547,5.9445481300354,rms_matched,False,0.1527712759209598,hindi,-5.634884357452393,42adfde56dd3d69ed58436d1e8a55fac999afb0e390ebc65c299c3cd2b7258cb079683412241e54e7fa275e56a02bd19a10d6a17fead09988cd0fad2e6061e7b,0.1527712759209598,0.6006266120063698,0.2210538820873976,0.1762644579400422,0.1057540532119046,0.8333855271339417,5.94,42adfde56dd3d69ed58436d1e8a55fac999afb0e390ebc65c299c3cd2b7258cb079683412241e54e7fa275e56a02bd19a10d6a17fead09988cd0fad2e6061e7b,,,,,,,,
162,58913ffb4a411d7b14318c0cadbfb8ccdf1ed3dd5c7173b948c382329be9bb3fd15f6a5b863c94639786da4b32fa679087d9b0d4a04711dec86e1b82ed92c369,hindi_griffinlim_eval_final/fake_hindi_griffinlim/hindi_fake_0162.wav,0,6.408,-3.1982638835906982,4.014512062072754,rms_matched,False,0.6404757302462059,hindi,-3.647650957107544,58913ffb4a411d7b14318c0cadbfb8ccdf1ed3dd5c7173b948c382329be9bb3fd15f6a5b863c94639786da4b32fa679087d9b0d4a04711dec86e1b82ed92c369,0.6404757302462059,0.7385418521321108,0.2213188123163892,0.0399895866948945,0.1034952237024698,0.82110595703125,6.4,58913ffb4a411d7b14318c0cadbfb8ccdf1ed3dd5c7173b948c382329be9bb3fd15f6a5b863c94639786da4b32fa679087d9b0d4a04711dec86e1b82ed92c369,,,,,,,,
163,5ed8ac2780bfa08239e0aaa23e691fbf20930452cfd1163db395388d3dbff09ffc862aedc9ce80763a39a782ecb2ad5f729198b4f8565adbfc50bb5327957cc2,hindi_griffinlim_eval_final/fake_hindi_griffinlim/hindi_fake_0163.wav,0,6.3,-2.649839162826538,3.434254646301269,rms_matched,False,0.1066412712841594,hindi,-3.099226236343384,5ed8ac2780bfa08239e0aaa23e691fbf20930452cfd1163db395388d3dbff09ffc862aedc9ce80763a39a782ecb2ad5f729198b4f8565adbfc50bb5327957cc2,0.1066412712841594,0.6500885536354751,0.1808196030553635,0.1669251739454827,0.1133306615607596,0.797193169593811,6.3,5ed8ac2780bfa08239e0aaa23e691fbf20930452cfd1163db395388d3dbff09ffc862aedc9ce80763a39a782ecb2ad5f729198b4f8565adbfc50bb5327957cc2,,,,,,,,
164,ff8f23f061245d69de7cccf1ee33e0ebd713c56e08f5a4a2f4732746be391af221f711cf9aee47cf8cc4c6402985c5231bff4ac03eaaa1e1a1cef4e1cdaf2936,hindi_griffinlim_eval_final/fake_hindi_griffinlim/hindi_fake_0164.wav,0,6.336,3.364229440689087,-4.115230083465576,rms_matched,False,0.0141694677729552,hindi,2.914842367172241,ff8f23f061245d69de7cccf1ee33e0ebd713c56e08f5a4a2f4732746be391af221f711cf9aee47cf8cc4c6402985c5231bff4ac03eaaa1e1a1cef4e1cdaf2936,0.0141694677729552,0.3192369247583597,0.3631712883778027,0.3135569791863092,0.0506497343315019,0.2719873785972595,6.336,ff8f23f061245d69de7cccf1ee33e0ebd713c56e08f5a4a2f4732746be391af221f711cf9aee47cf8cc4c6402985c5231bff4ac03eaaa1e1a1cef4e1cdaf2936,,,,,,,,
165,ad5e39137a4e6b3d63af8cb8c0616cf40e99a3d4e3b2d21118d8229a2c45c9cf229a042465be9620e596282b99a880abfc64e732d2898b8e3264a6a3e1871102,hindi_griffinlim_eval_final/fake_hindi_griffinlim/hindi_fake_0165.wav,0,7.74,4.771488189697266,-5.978519439697266,rms_matched,False,0.0168071375854209,hindi,4.32210111618042,ad5e39137a4e6b3d63af8cb8c0616cf40e99a3d4e3b2d21118d8229a2c45c9cf229a042465be9620e596282b99a880abfc64e732d2898b8e3264a6a3e1871102,0.0168071375854209,0.3413335741503027,0.3336020596493913,0.3208663173353968,0.048756707037888,0.2921528816223144,7.74,ad5e39137a4e6b3d63af8cb8c0616cf40e99a3d4e3b2d21118d8229a2c45c9cf229a042465be9620e596282b99a880abfc64e732d2898b8e3264a6a3e1871102,,,,,,,,
166,3d60da54a5e96710c627c37362c5f17d026c725b99466b5596f08c6584beafa8dd546aff3ef61dd1cfda5150cdd82d08970d8ad36a49e933571b903361a6cbdd,hindi_griffinlim_eval_final/fake_hindi_griffinlim/hindi_fake_0166.wav,0,6.12,3.32141661643982,-4.11302375793457,rms_matched,False,0.019476505756891,hindi,2.872029542922974,3d60da54a5e96710c627c37362c5f17d026c725b99466b5596f08c6584beafa8dd546aff3ef61dd1cfda5150cdd82d08970d8ad36a49e933571b903361a6cbdd,0.019476505756891,0.2607422533407437,0.3889727425653132,0.3457852603769098,0.037405781014561,0.2581570744514465,6.12,3d60da54a5e96710c627c37362c5f17d026c725b99466b5596f08c6584beafa8dd546aff3ef61dd1cfda5150cdd82d08970d8ad36a49e933571b903361a6cbdd,0.3522407197204593,0.3665258101711458,0.2812334701083948,0.7323117706612661,14.237858570533168,0.2217236566697511,0.4678421493016864,0.6079191187643903
167,ae1ae84ba2341eb4c7c3fa47026ddc0b784387b58fa28c0a69f32c966e590141de3da70921c65c3477fb49575fab03213843d087f177422adb685978ca5c4b13,hindi_griffinlim_eval_final/fake_hindi_griffinlim/hindi_fake_0167.wav,0,4.932,-1.4605644941329956,2.221787214279175,rms_matched,False,0.0577668641822307,hindi,-1.9099515676498413,ae1ae84ba2341eb4c7c3fa47026ddc0b784387b58fa28c0a69f32c966e590141de3da70921c65c3477fb49575fab03213843d087f177422adb685978ca5c4b13,0.0577668641822307,0.420308661006086,0.2990164770125585,0.2772320081789317,0.0623879488494586,0.4194799065589905,4.932,ae1ae84ba2341eb4c7c3fa47026ddc0b784387b58fa28c0a69f32c966e590141de3da70921c65c3477fb49575fab03213843d087f177422adb685978ca5c4b13,,,,,,,,
168,2755cbb1978d17293826c36025fffd2b0966f60a48ee026f909afce38191de6da445c4ee2d684bf32d65bb5779ea78ba4f2360baac46e6f48710b9c531277adc,hindi_griffinlim_eval_final/fake_hindi_griffinlim/hindi_fake_0168.wav,0,5.256,-2.873675346374512,3.754333019256592,rms_matched,False,0.0561873526454775,hindi,-3.323062419891358,2755cbb1978d17293826c36025fffd2b0966f60a48ee026f909afce38191de6da445c4ee2d684bf32d65bb5779ea78ba4f2360baac46e6f48710b9c531277adc,0.0561873526454775,0.3309980290415255,0.4380823727584454,0.227987697303168,0.0697644267508721,0.6174118518829346,5.256,2755cbb1978d17293826c36025fffd2b0966f60a48ee026f909afce38191de6da445c4ee2d684bf32d65bb5779ea78ba4f2360baac46e6f48710b9c531277adc,,,,,,,,
169,c127090a8261671f4e68cc31639996579099a014bbd65dc05c580ea8961637ae6978ac28c265bbba5145400258f062bf70f582aac610a13525cacf73579563bd,hindi_griffinlim_eval_final/fake_hindi_griffinlim/hindi_fake_0169.wav,0,3.636,-4.302700996398926,5.26131010055542,rms_matched,False,0.1296402178376332,hindi,-4.7520880699157715,c127090a8261671f4e68cc31639996579099a014bbd65dc05c580ea8961637ae6978ac28c265bbba5145400258f062bf70f582aac610a13525cacf73579563bd,0.1296402178376332,0.5817278463277282,0.2546703279092093,0.1614879890853876,0.1089378979452783,0.7855064272880554,3.636,c127090a8261671f4e68cc31639996579099a014bbd65dc05c580ea8961637ae6978ac28c265bbba5145400258f062bf70f582aac610a13525cacf73579563bd,,,,,,,,
170,cb80d11c3532ab20b83037029cb1c2394ea6339f697e7101b9288365e3387903da82dc7d32bb6f1a45d5659f6ffacc187711e06195561c5e4f09721683bbd761,hindi_griffinlim_eval_final/fake_hindi_griffinlim/hindi_fake_0170.wav,0,6.024,-2.1291534900665283,2.873666286468506,rms_matched,False,0.0733136299523118,hindi,-2.578540563583374,cb80d11c3532ab20b83037029cb1c2394ea6339f697e7101b9288365e3387903da82dc7d32bb6f1a45d5659f6ffacc187711e06195561c5e4f09721683bbd761,0.0733136299523118,0.6788936016915726,0.185051591656532,0.1343700705181687,0.1281504552947001,0.8491302132606506,6.024,cb80d11c3532ab20b83037029cb1c2394ea6339f697e7101b9288365e3387903da82dc7d32bb6f1a45d5659f6ffacc187711e06195561c5e4f09721683bbd761,,,,,,,,
171,00d8f7a5ea747472015787836b4694d24375a49cf2ca78088c1d29494110637aafa66bc0d135549c19cfc68886760475c2ae2584673c8d57e77eb82d3ddd6109,hindi_griffinlim_eval_final/fake_hindi_griffinlim/hindi_fake_0171.wav,0,4.86,-3.03635573387146,3.920763492584229,rms_matched,False,0.0836110519854169,hindi,-3.4857428073883057,00d8f7a5ea747472015787836b4694d24375a49cf2ca78088c1d29494110637aafa66bc0d135549c19cfc68886760475c2ae2584673c8d57e77eb82d3ddd6109,0.0836110519854169,0.6124910755280653,0.2325319927058448,0.1529779785614403,0.1193898652397826,0.8358421325683594,4.86,00d8f7a5ea747472015787836b4694d24375a49cf2ca78088c1d29494110637aafa66bc0d135549c19cfc68886760475c2ae2584673c8d57e77eb82d3ddd6109,,,,,,,,
172,90041b5706ee244ae468f77fc173f418af7eaeaf77e9e240c6591775adf0b6ec1c2f106f53801ddbf0589017f91e6a1a6eada42c508689e48968b979a528588a,hindi_griffinlim_eval_final/fake_hindi_griffinlim/hindi_fake_0172.wav,0,3.816,-0.7157911658287048,0.9456456303596495,rms_matched,False,0.0199620307598532,hindi,-1.1651782393455505,90041b5706ee244ae468f77fc173f418af7eaeaf77e9e240c6591775adf0b6ec1c2f106f53801ddbf0589017f91e6a1a6eada42c508689e48968b979a528588a,0.0199620307598532,0.3075721047851901,0.3487558290893798,0.339624232186746,0.0480460979741348,0.2530755400657654,3.816,90041b5706ee244ae468f77fc173f418af7eaeaf77e9e240c6591775adf0b6ec1c2f106f53801ddbf0589017f91e6a1a6eada42c508689e48968b979a528588a,,,,,,,,
173,f46c93c748a0c35594f074957a1b3ee72c090d5d18df96adad96f0ce2b54206b31c17b71d8553a83b3e053869270a1823fdc46be2f35cb0fd9f65d05cf8c568e,hindi_griffinlim_eval_final/fake_hindi_griffinlim/hindi_fake_0173.wav,0,7.128,4.193841457366943,-5.233723163604736,rms_matched,False,0.0106667187363229,hindi,3.7444543838500977,f46c93c748a0c35594f074957a1b3ee72c090d5d18df96adad96f0ce2b54206b31c17b71d8553a83b3e053869270a1823fdc46be2f35cb0fd9f65d05cf8c568e,0.0106667187363229,0.2351245497320699,0.4043818930988911,0.3557841213593732,0.0320994654762309,0.1726295948028564,7.128,f46c93c748a0c35594f074957a1b3ee72c090d5d18df96adad96f0ce2b54206b31c17b71d8553a83b3e053869270a1823fdc46be2f35cb0fd9f65d05cf8c568e,,,,,,,,
174,76ae0779e8b42a6cebddc96f1c8be8cd17dc128ea3dc6c77c1afef491eb3334aec08ac644ce6b553783bec6530bcd7a8d7869d249d8fc4cbf394c176c2a03fe0,hindi_griffinlim_eval_final/fake_hindi_griffinlim/hindi_fake_0174.wav,0,4.248,-0.4599962830543518,0.5353909134864807,rms_matched,False,0.0850351575474478,hindi,-0.9093833565711975,76ae0779e8b42a6cebddc96f1c8be8cd17dc128ea3dc6c77c1afef491eb3334aec08ac644ce6b553783bec6530bcd7a8d7869d249d8fc4cbf394c176c2a03fe0,0.0850351575474478,0.4032437321734567,0.3241172181478124,0.2690676663841119,0.0624421085225734,0.4813714623451233,4.248,76ae0779e8b42a6cebddc96f1c8be8cd17dc128ea3dc6c77c1afef491eb3334aec08ac644ce6b553783bec6530bcd7a8d7869d249d8fc4cbf394c176c2a03fe0,,,,,,,,
175,aaf6b52267451edd43f92433e040803b7c695022ac637484427c841d61dddefbc79acf6b684ebc2769e18c649d9b7a520a0041ecb7898d3f7e49d804f477a3ac,hindi_griffinlim_eval_final/fake_hindi_griffinlim/hindi_fake_0175.wav,0,2.664,6.118137359619141,-7.913684844970703,rms_matched,False,0.019894838170733,hindi,5.668750286102295,aaf6b52267451edd43f92433e040803b7c695022ac637484427c841d61dddefbc79acf6b684ebc2769e18c649d9b7a520a0041ecb7898d3f7e49d804f477a3ac,0.019894838170733,0.2151353326996154,0.3843535528646721,0.3957092495737208,0.025822389806237,0.1109257340431213,2.664,aaf6b52267451edd43f92433e040803b7c695022ac637484427c841d61dddefbc79acf6b684ebc2769e18c649d9b7a520a0041ecb7898d3f7e49d804f477a3ac,,,,,,,,
176,aae384c088b18eed8da9fe141de09f584054ad55ee2a6514c682c1bd425784ed886c928e35a66fa611ccad98b44274839b2b5f7c3fe678e1c8740cfc90389187,hindi_griffinlim_eval_final/fake_hindi_griffinlim/hindi_fake_0176.wav,0,3.06,-1.4573653936386108,1.9882490634918213,rms_matched,False,0.0884158135757889,hindi,-1.9067524671554565,aae384c088b18eed8da9fe141de09f584054ad55ee2a6514c682c1bd425784ed886c928e35a66fa611ccad98b44274839b2b5f7c3fe678e1c8740cfc90389187,0.0884158135757889,0.5109691555846353,0.2604525346285371,0.2255875540056203,0.0812294429638122,0.4938129186630249,3.06,aae384c088b18eed8da9fe141de09f584054ad55ee2a6514c682c1bd425784ed886c928e35a66fa611ccad98b44274839b2b5f7c3fe678e1c8740cfc90389187,,,,,,,,
177,ffcbc3951f469a43cf363b5df83d56ab30c65a40bb5bf05ee2ae8f98f55d6c76d8cf505d8bd32cf189c373ef1e0a52d01d2fc3cfeea863dd3ea1546eb2ef68cf,hindi_griffinlim_eval_final/fake_hindi_griffinlim/hindi_fake_0177.wav,0,6.696,-2.2233572006225586,3.037937641143799,rms_matched,False,0.2145241049700941,hindi,-2.6727442741394043,ffcbc3951f469a43cf363b5df83d56ab30c65a40bb5bf05ee2ae8f98f55d6c76d8cf505d8bd32cf189c373ef1e0a52d01d2fc3cfeea863dd3ea1546eb2ef68cf,0.2145241049700941,0.3389792935932097,0.4049425904898006,0.2529445161990133,0.0632870667048238,0.8284326791763306,6.696,ffcbc3951f469a43cf363b5df83d56ab30c65a40bb5bf05ee2ae8f98f55d6c76d8cf505d8bd32cf189c373ef1e0a52d01d2fc3cfeea863dd3ea1546eb2ef68cf,,,,,,,,
178,23dd6e26b3a5106b8ad2de2def45e53280a12df6c47364b2bf652743a0198329d4e46b73fe42287703f0146d0bdb9be101cb22064f7b79578248fdc2ca2085f0,hindi_griffinlim_eval_final/fake_hindi_griffinlim/hindi_fake_0178.wav,0,5.328,-0.8286003470420837,1.2741742134094238,rms_matched,False,0.0407558821378433,hindi,-1.2779874205589294,23dd6e26b3a5106b8ad2de2def45e53280a12df6c47364b2bf652743a0198329d4e46b73fe42287703f0146d0bdb9be101cb22064f7b79578248fdc2ca2085f0,0.0407558821378433,0.569203665875326,0.2306748064212204,0.1975807358995865,0.1042468840483233,0.6360613703727722,5.328,23dd6e26b3a5106b8ad2de2def45e53280a12df6c47364b2bf652743a0198329d4e46b73fe42287703f0146d0bdb9be101cb22064f7b79578248fdc2ca2085f0,,,,,,,,
179,807d2d7c9c8215754978fae4f17e36eb94cecc9ae19fe736e8d34d12bb62a75c0a67fbffd21303dc8908bb876f10a3f50e3174c8ca7b0cd61245d875cafffc70,hindi_griffinlim_eval_final/fake_hindi_griffinlim/hindi_fake_0179.wav,0,5.076,0.0908826515078544,-0.13313689827919,rms_matched,False,0.0578664606932429,hindi,-0.3585044220089913,807d2d7c9c8215754978fae4f17e36eb94cecc9ae19fe736e8d34d12bb62a75c0a67fbffd21303dc8908bb876f10a3f50e3174c8ca7b0cd61245d875cafffc70,0.0578664606932429,0.3579499012791702,0.3839480886243887,0.2547274148716102,0.0616417833634655,0.4891749024391174,5.076,807d2d7c9c8215754978fae4f17e36eb94cecc9ae19fe736e8d34d12bb62a75c0a67fbffd21303dc8908bb876f10a3f50e3174c8ca7b0cd61245d875cafffc70,,,,,,,,
180,c1edd0ef566e809ba01bf1a3011df6cd0fbf6a1675ba8002e671dd7b16588ea30ff434c78aaae27b190d16c6d7bd32bdd4a6b1ca631c0b3f819e807b3cdef585,hindi_griffinlim_eval_final/fake_hindi_griffinlim/hindi_fake_0180.wav,0,4.284,6.362807750701904,-8.232223510742188,rms_matched,False,0.0189431940240614,hindi,5.913420677185059,c1edd0ef566e809ba01bf1a3011df6cd0fbf6a1675ba8002e671dd7b16588ea30ff434c78aaae27b190d16c6d7bd32bdd4a6b1ca631c0b3f819e807b3cdef585,0.0189431940240614,0.1821484574710596,0.4270274401501646,0.3857895664483264,0.0184894399055576,0.0968567728996276,4.284,c1edd0ef566e809ba01bf1a3011df6cd0fbf6a1675ba8002e671dd7b16588ea30ff434c78aaae27b190d16c6d7bd32bdd4a6b1ca631c0b3f819e807b3cdef585,,,,,,,,
181,3db6bed8f713bb226c8e1414c97e0da016bf5573c7281dda13149cf951a3bab57698d09a84cbf226aebc5f978c42bbb83ee009e4e787f7674304a0ef235be968,hindi_griffinlim_eval_final/fake_hindi_griffinlim/hindi_fake_0181.wav,0,5.976,2.162395477294922,-2.796456813812256,rms_matched,False,0.0067359745168195,hindi,1.7130084037780762,3db6bed8f713bb226c8e1414c97e0da016bf5573c7281dda13149cf951a3bab57698d09a84cbf226aebc5f978c42bbb83ee009e4e787f7674304a0ef235be968,0.0067359745168195,0.979298351055262,0.0166853286830799,0.003982083818152,0.2105003158398113,0.989990234375,5.968,3db6bed8f713bb226c8e1414c97e0da016bf5573c7281dda13149cf951a3bab57698d09a84cbf226aebc5f978c42bbb83ee009e4e787f7674304a0ef235be968,,,,,,,,
182,551ead2654838dfeb5faff96cbcc6d7ca4ac208e9f84293d31d5c89ae3e612bcc525e7f2cc8a050c834c1d550d9880c84e908cf0c4e90a885b36001c989f7aa6,hindi_griffinlim_eval_final/fake_hindi_griffinlim/hindi_fake_0182.wav,0,5.688,-0.6581112146377563,1.064178466796875,rms_matched,False,0.0172092332467362,hindi,-1.107498288154602,551ead2654838dfeb5faff96cbcc6d7ca4ac208e9f84293d31d5c89ae3e612bcc525e7f2cc8a050c834c1d550d9880c84e908cf0c4e90a885b36001c989f7aa6,0.0172092332467362,0.3036270901566008,0.3826884463724606,0.309793886458082,0.0514029464656627,0.3128631711006164,5.688,551ead2654838dfeb5faff96cbcc6d7ca4ac208e9f84293d31d5c89ae3e612bcc525e7f2cc8a050c834c1d550d9880c84e908cf0c4e90a885b36001c989f7aa6,,,,,,,,
183,e811478820937736d1074ae0c51bf72791cd1029b63b639e8dd3ab8f6d8ce46e9eed447dd3edfeca171695425e9496970dbbe5f3cb9b07cba7fed66459eff2c3,hindi_griffinlim_eval_final/fake_hindi_griffinlim/hindi_fake_0183.wav,0,3.528,4.917114734649658,-6.01984977722168,rms_matched,False,0.0336353543738683,hindi,4.4677276611328125,e811478820937736d1074ae0c51bf72791cd1029b63b639e8dd3ab8f6d8ce46e9eed447dd3edfeca171695425e9496970dbbe5f3cb9b07cba7fed66459eff2c3,0.0336353543738683,0.3883665262614126,0.3193549492714957,0.2883486488576284,0.0641414858260626,0.3695758581161499,3.528,e811478820937736d1074ae0c51bf72791cd1029b63b639e8dd3ab8f6d8ce46e9eed447dd3edfeca171695425e9496970dbbe5f3cb9b07cba7fed66459eff2c3,,,,,,,,
184,9392443e20fff21db185ec2e21925398c267cdaec962d7a8bff381ae171fd3563894988fe4244da0866881fb39e56492843fac59b139c31b99211d6c8f44c2ac,hindi_griffinlim_eval_final/fake_hindi_griffinlim/hindi_fake_0184.wav,0,5.22,-0.4465818703174591,1.0161664485931396,rms_matched,False,0.0261565110778663,hindi,-0.8959689438343048,9392443e20fff21db185ec2e21925398c267cdaec962d7a8bff381ae171fd3563894988fe4244da0866881fb39e56492843fac59b139c31b99211d6c8f44c2ac,0.0261565110778663,0.4046331197447292,0.320103288373209,0.2715578882046617,0.0627682156407502,0.3229287266731262,5.22,9392443e20fff21db185ec2e21925398c267cdaec962d7a8bff381ae171fd3563894988fe4244da0866881fb39e56492843fac59b139c31b99211d6c8f44c2ac,,,,,,,,
185,d09397973383a68b428b2de77fa5f97b990441e1d4f668eca001e162425c7928eb19441bc4e961b80af9f9414a3d1ce66d15cc8fde6c11fbb24bf65ac1eddcf0,hindi_griffinlim_eval_final/fake_hindi_griffinlim/hindi_fake_0185.wav,0,4.752,-5.733743667602539,6.596085548400879,rms_matched,False,0.2503471611257836,hindi,-6.183130741119385,d09397973383a68b428b2de77fa5f97b990441e1d4f668eca001e162425c7928eb19441bc4e961b80af9f9414a3d1ce66d15cc8fde6c11fbb24bf65ac1eddcf0,0.2503471611257836,0.5385984870497672,0.2826879078334448,0.1764411262666981,0.0963040420129645,0.8584087491035461,4.752,d09397973383a68b428b2de77fa5f97b990441e1d4f668eca001e162425c7928eb19441bc4e961b80af9f9414a3d1ce66d15cc8fde6c11fbb24bf65ac1eddcf0,,,,,,,,
186,70c96a46f6827039223782fee3a93b99fa8168c84d3e5f9a0e2a1f16cfc1d62ad6f52d19ac175ad3ee541abd81068d089df3693e843b932053395156f6ff36b6,hindi_griffinlim_eval_final/fake_hindi_griffinlim/hindi_fake_0186.wav,0,6.156,-0.6719119548797607,1.161520004272461,rms_matched,False,0.0168807461942828,hindi,-1.1212990283966064,70c96a46f6827039223782fee3a93b99fa8168c84d3e5f9a0e2a1f16cfc1d62ad6f52d19ac175ad3ee541abd81068d089df3693e843b932053395156f6ff36b6,0.0168807461942828,0.6224545134586411,0.1985300997001798,0.1770863129720208,0.1286027913359482,0.7523235082626343,6.156,70c96a46f6827039223782fee3a93b99fa8168c84d3e5f9a0e2a1f16cfc1d62ad6f52d19ac175ad3ee541abd81068d089df3693e843b932053395156f6ff36b6,,,,,,,,
187,f552d4cedc22293c27ab4a86fc3985ecf1bd8fe9e6664f6a835675acf4173fa94bfa392ddccd06a177ae2bf6e412212f42973dec10c26a7cfa02c48ddd7c7978,hindi_griffinlim_eval_final/fake_hindi_griffinlim/hindi_fake_0187.wav,0,4.176,-0.2281122654676437,0.0218989551067352,rms_matched,False,0.0982377349135948,hindi,-0.6774993389844894,f552d4cedc22293c27ab4a86fc3985ecf1bd8fe9e6664f6a835675acf4173fa94bfa392ddccd06a177ae2bf6e412212f42973dec10c26a7cfa02c48ddd7c7978,0.0982377349135948,0.4759787899657399,0.2828965303980795,0.2385262530176252,0.0876106909029137,0.7059078216552734,4.176,f552d4cedc22293c27ab4a86fc3985ecf1bd8fe9e6664f6a835675acf4173fa94bfa392ddccd06a177ae2bf6e412212f42973dec10c26a7cfa02c48ddd7c7978,,,,,,,,
188,0db277015ed4c7602383504e75bcfead10db6e33b12e442a983cb259a17baf2c98daf32f18e2c1917269103a2ef1776d88cab0357c43c487473d8fa511dde7e8,hindi_griffinlim_eval_final/fake_hindi_griffinlim/hindi_fake_0188.wav,0,4.5,-3.01048231124878,3.887701749801636,rms_matched,False,0.157372069910284,hindi,-3.459869384765626,0db277015ed4c7602383504e75bcfead10db6e33b12e442a983cb259a17baf2c98daf32f18e2c1917269103a2ef1776d88cab0357c43c487473d8fa511dde7e8,0.157372069910284,0.4677918062434386,0.2886728812616987,0.2403551878536546,0.0757614907320613,0.6521843075752258,4.5,0db277015ed4c7602383504e75bcfead10db6e33b12e442a983cb259a17baf2c98daf32f18e2c1917269103a2ef1776d88cab0357c43c487473d8fa511dde7e8,0.442628064888694,0.3047154623104545,0.2526564728008516,0.74713513909586,14.237953545826104,0.195654868155405,0.4648278792110431,0.6207155152662579
189,0d2120fd5389d89f197e877a642aeb305bd4d8a9820d642a3ca7e83fe64ca61a0a8b15a37958f3629aa855408d3eabc56d2521ff9a06db24bd0c95320f66efab,hindi_griffinlim_eval_final/fake_hindi_griffinlim/hindi_fake_0189.wav,0,7.488,-2.8334498405456543,3.5079822540283203,rms_matched,False,0.6981790436710806,hindi,-3.2828369140625,0d2120fd5389d89f197e877a642aeb305bd4d8a9820d642a3ca7e83fe64ca61a0a8b15a37958f3629aa855408d3eabc56d2521ff9a06db24bd0c95320f66efab,0.6981790436710806,0.9762837677909716,0.0212590494950058,0.0023704197692922,0.1398691892178119,0.98651123046875,7.488,0d2120fd5389d89f197e877a642aeb305bd4d8a9820d642a3ca7e83fe64ca61a0a8b15a37958f3629aa855408d3eabc56d2521ff9a06db24bd0c95320f66efab,,,,,,,,
190,b3384290eb1959d422480362d83e5209c28470116f7c5b10b0306ace4c6c34fec56325a07bec155e841663e775d0573922c4e90dd59bad4795f5d75530c6732e,hindi_griffinlim_eval_final/fake_hindi_griffinlim/hindi_fake_0190.wav,0,7.236,-0.6383262872695923,0.9215377569198608,rms_matched,False,0.0463122138219199,hindi,-1.087713360786438,b3384290eb1959d422480362d83e5209c28470116f7c5b10b0306ace4c6c34fec56325a07bec155e841663e775d0573922c4e90dd59bad4795f5d75530c6732e,0.0463122138219199,0.5418155920778663,0.2451924477442083,0.2104101625230191,0.0974255928748024,0.6824197173118591,7.236,b3384290eb1959d422480362d83e5209c28470116f7c5b10b0306ace4c6c34fec56325a07bec155e841663e775d0573922c4e90dd59bad4795f5d75530c6732e,0.5471506729168075,0.2441584941377317,0.2086908329454607,0.6784226899183681,14.672430165002606,0.1406096811369811,0.3658171514564685,0.5217022150563794
191,68f6c1a73cd1fedebd22d190a8c2352a4feea8200e8d49174816717f511d25ed723e883d204f75070930e1375aede06c9900b2a5e505584b63ef82d42f37fe3a,hindi_griffinlim_eval_final/fake_hindi_griffinlim/hindi_fake_0191.wav,0,6.156,3.434454917907715,-4.167827606201172,rms_matched,False,0.0143563707264293,hindi,2.985067844390869,68f6c1a73cd1fedebd22d190a8c2352a4feea8200e8d49174816717f511d25ed723e883d204f75070930e1375aede06c9900b2a5e505584b63ef82d42f37fe3a,0.0143563707264293,0.2676701460670754,0.4069668928857186,0.3211765434701764,0.0452603200273231,0.2827606201171875,6.156,68f6c1a73cd1fedebd22d190a8c2352a4feea8200e8d49174816717f511d25ed723e883d204f75070930e1375aede06c9900b2a5e505584b63ef82d42f37fe3a,,,,,,,,
192,9564825a0829d21edd512e0523b3dccf946f9cd0f8b90c2589961c1867f2100b337df3df56dcee0dbdc7b4f23de4dc7d2af884dea2f7a3f6a3f3dc081879acfa,hindi_griffinlim_eval_final/fake_hindi_griffinlim/hindi_fake_0192.wav,0,4.068,5.681936264038086,-7.303760528564453,rms_matched,False,0.0202083566558254,hindi,5.23254919052124,9564825a0829d21edd512e0523b3dccf946f9cd0f8b90c2589961c1867f2100b337df3df56dcee0dbdc7b4f23de4dc7d2af884dea2f7a3f6a3f3dc081879acfa,0.0202083566558254,0.2822169453186869,0.3669959154899165,0.3462218135831699,0.0409360750176517,0.2115558385848999,4.068,9564825a0829d21edd512e0523b3dccf946f9cd0f8b90c2589961c1867f2100b337df3df56dcee0dbdc7b4f23de4dc7d2af884dea2f7a3f6a3f3dc081879acfa,0.3177634875805653,0.35275470850647,0.3294818039129645,0.6957597842683803,14.575944620191958,0.150081918427141,0.3876604194260199,0.5458227307285087
193,b9854a362f9f2796f98c3105310553f5d5b1d2aea5f247080a0d9ab5d329ac51e5e519bad74bd68b022867bb103a42741c9523a32ce80c3a4ac8ed64c4bde957,hindi_griffinlim_eval_final/fake_hindi_griffinlim/hindi_fake_0193.wav,0,5.16,-2.9237053394317627,3.7349586486816406,rms_matched,False,0.1891706693990347,hindi,-3.3730924129486084,b9854a362f9f2796f98c3105310553f5d5b1d2aea5f247080a0d9ab5d329ac51e5e519bad74bd68b022867bb103a42741c9523a32ce80c3a4ac8ed64c4bde957,0.1891706693990347,0.4232289935128886,0.2800921707339971,0.2937212139034775,0.0731804950209435,0.7991540431976318,5.16,b9854a362f9f2796f98c3105310553f5d5b1d2aea5f247080a0d9ab5d329ac51e5e519bad74bd68b022867bb103a42741c9523a32ce80c3a4ac8ed64c4bde957,,,,,,,,
194,fab15f5f87bd26a0f326787f96d92497bbfb5aea170dd8a415966cb8f7a5a7011bcb0b50bc9d46cdcf3edecaa6cf6753be6afd814aa420c9fd4e4ab3a40e7faa,hindi_griffinlim_eval_final/fake_hindi_griffinlim/hindi_fake_0194.wav,0,6.048,-1.674506425857544,2.3740944862365723,rms_matched,False,0.2177839343819962,hindi,-2.1238934993743896,fab15f5f87bd26a0f326787f96d92497bbfb5aea170dd8a415966cb8f7a5a7011bcb0b50bc9d46cdcf3edecaa6cf6753be6afd814aa420c9fd4e4ab3a40e7faa,0.2177839343819962,0.5422892813503979,0.2517290470473572,0.2033059895807341,0.0873558197249033,0.7708203196525574,6.048,fab15f5f87bd26a0f326787f96d92497bbfb5aea170dd8a415966cb8f7a5a7011bcb0b50bc9d46cdcf3edecaa6cf6753be6afd814aa420c9fd4e4ab3a40e7faa,,,,,,,,
195,3cc689cef88ce2eef03fd3065b6ad230f3510ced585ce0ed79f637bea2ddf7ab025d93e97a52c579d31d186f0512b29153286885b7c54221a569102a68dec661,hindi_griffinlim_eval_final/fake_hindi_griffinlim/hindi_fake_0195.wav,0,3.24,-2.417259454727173,3.3949906826019287,rms_matched,False,0.0281812861724874,hindi,-2.8666465282440186,3cc689cef88ce2eef03fd3065b6ad230f3510ced585ce0ed79f637bea2ddf7ab025d93e97a52c579d31d186f0512b29153286885b7c54221a569102a68dec661,0.0281812861724874,0.3539626196405152,0.5009394573258269,0.143235923157798,0.1039729281887773,0.7865252494812012,3.24,3cc689cef88ce2eef03fd3065b6ad230f3510ced585ce0ed79f637bea2ddf7ab025d93e97a52c579d31d186f0512b29153286885b7c54221a569102a68dec661,,,,,,,,
196,5a6f47bcb6c561dcfa6961b198d280ba77d188c7e511b84b1481770b1878583bcc74c8674f4f862c9ccbb54f4cfa3b2919ef94c8ace1c6fb22abe7c70365f402,hindi_griffinlim_eval_final/fake_hindi_griffinlim/hindi_fake_0196.wav,0,5.796,-2.065216541290283,2.821908473968506,rms_matched,False,0.0251603019219371,hindi,-2.514603614807129,5a6f47bcb6c561dcfa6961b198d280ba77d188c7e511b84b1481770b1878583bcc74c8674f4f862c9ccbb54f4cfa3b2919ef94c8ace1c6fb22abe7c70365f402,0.0251603019219371,0.6059416650964666,0.2344999356038682,0.1574849091737899,0.1194423569729038,0.6837219595909119,5.796,5a6f47bcb6c561dcfa6961b198d280ba77d188c7e511b84b1481770b1878583bcc74c8674f4f862c9ccbb54f4cfa3b2919ef94c8ace1c6fb22abe7c70365f402,,,,,,,,
197,b5368a2dff773c397ef5c49e62c79de17d88d95d2079d13c22dfd061e40dd1528406716bf6158aee618664f8bd5cd01289e1e410afda482364672472b003fd9b,hindi_griffinlim_eval_final/fake_hindi_griffinlim/hindi_fake_0197.wav,0,5.4,-0.3806131780147552,0.8917341828346252,rms_matched,False,0.0341885308516998,hindi,-0.830000251531601,b5368a2dff773c397ef5c49e62c79de17d88d95d2079d13c22dfd061e40dd1528406716bf6158aee618664f8bd5cd01289e1e410afda482364672472b003fd9b,0.0341885308516998,0.3313648371642658,0.3505463782536273,0.3140742931588556,0.0476981816562597,0.3236190676689148,5.4,b5368a2dff773c397ef5c49e62c79de17d88d95d2079d13c22dfd061e40dd1528406716bf6158aee618664f8bd5cd01289e1e410afda482364672472b003fd9b,,,,,,,,
198,a34b3f5fa057f54bc74179593acc5d316145622c5ece92f2e9b2d74a2de7fa87ed863a9061955f68625d580b33faa23dcd31f9c5a6f9c1e1dd8790a4ba671f57,hindi_griffinlim_eval_final/fake_hindi_griffinlim/hindi_fake_0198.wav,0,3.384,-0.83579421043396,1.4499940872192385,rms_matched,False,0.0351240747393778,hindi,-1.2851812839508057,a34b3f5fa057f54bc74179593acc5d316145622c5ece92f2e9b2d74a2de7fa87ed863a9061955f68625d580b33faa23dcd31f9c5a6f9c1e1dd8790a4ba671f57,0.0351240747393778,0.3336354213437317,0.371250347962643,0.2910646711384722,0.0516906417982517,0.2890198230743408,3.384,a34b3f5fa057f54bc74179593acc5d316145622c5ece92f2e9b2d74a2de7fa87ed863a9061955f68625d580b33faa23dcd31f9c5a6f9c1e1dd8790a4ba671f57,,,,,,,,
199,db99ff8c0fa5f332a55cf562817f27833925bf83271532f90ecc088ffe11617a28606fb228d4141231dcc26af3b0b52af5256e3aa720feabe7797623552c295e,hindi_griffinlim_eval_final/fake_hindi_griffinlim/hindi_fake_0199.wav,0,6.408,3.4561548233032227,-4.246055603027344,rms_matched,False,0.0379203159049431,hindi,3.006767749786377,db99ff8c0fa5f332a55cf562817f27833925bf83271532f90ecc088ffe11617a28606fb228d4141231dcc26af3b0b52af5256e3aa720feabe7797623552c295e,0.0379203159049431,0.3803996502024541,0.3125323356697348,0.3030183291889858,0.0555501268064758,0.3934100270271301,6.408,db99ff8c0fa5f332a55cf562817f27833925bf83271532f90ecc088ffe11617a28606fb228d4141231dcc26af3b0b52af5256e3aa720feabe7797623552c295e,,,,,,,,
200,b78cf5eebb8ae39161b94c37c3e8aa39f57e5639997972f1ec983cb9f44fcefc18f1c4227b3d8b263477f3444fe05696da0cbd5dacd3cb3900b2cbcf2370b155,hindi_griffinlim_eval_final/fake_hindi_griffinlim/hindi_fake_0200.wav,0,3.06,-0.8205827474594116,1.0802127122879028,rms_matched,False,0.1212234138718018,hindi,-1.2699698209762573,b78cf5eebb8ae39161b94c37c3e8aa39f57e5639997972f1ec983cb9f44fcefc18f1c4227b3d8b263477f3444fe05696da0cbd5dacd3cb3900b2cbcf2370b155,0.1212234138718018,0.5617317634086197,0.2277031130221176,0.2077849125177957,0.0939116592544058,0.6259739995002747,3.06,b78cf5eebb8ae39161b94c37c3e8aa39f57e5639997972f1ec983cb9f44fcefc18f1c4227b3d8b263477f3444fe05696da0cbd5dacd3cb3900b2cbcf2370b155,,,,,,,,
201,3dbb15be45bbb6a44cee0c715a4fd06c4e5267061420217c4a4279a8f47365fa3c7243c274d08ddaa39a11d39b1c281760c59e358f1a4b14914923605831a3b8,hindi_griffinlim_eval_final/fake_hindi_griffinlim/hindi_fake_0201.wav,0,3.492,5.244156360626221,-6.719438076019287,rms_matched,False,0.0299598175378509,hindi,4.794769287109375,3dbb15be45bbb6a44cee0c715a4fd06c4e5267061420217c4a4279a8f47365fa3c7243c274d08ddaa39a11d39b1c281760c59e358f1a4b14914923605831a3b8,0.0299598175378509,0.2839408169484843,0.3607950246488659,0.350508411120295,0.0388629114663,0.2290006875991821,3.492,3dbb15be45bbb6a44cee0c715a4fd06c4e5267061420217c4a4279a8f47365fa3c7243c274d08ddaa39a11d39b1c281760c59e358f1a4b14914923605831a3b8,0.3402743842634194,0.334134529028981,0.3255910867075995,0.7627573348817405,14.05641727229918,0.2322274033019131,0.5090242652447267,0.6532737504269457
202,bd008914e8d61f280ef49d1b81b9ba5feafa0195842fb73953d414962085d13881380f143efa9cc3014fb5083f2ca49ec0ac216b23e48f676493303b320d17d3,hindi_griffinlim_eval_final/fake_hindi_griffinlim/hindi_fake_0202.wav,0,6.768,-0.2259985655546188,0.3656428754329681,rms_matched,False,0.0797382141841399,hindi,-0.6753856390714645,bd008914e8d61f280ef49d1b81b9ba5feafa0195842fb73953d414962085d13881380f143efa9cc3014fb5083f2ca49ec0ac216b23e48f676493303b320d17d3,0.0797382141841399,0.5246780669605573,0.2446567674092924,0.2276068296530277,0.0833030901525643,0.6076031923294067,6.768,bd008914e8d61f280ef49d1b81b9ba5feafa0195842fb73953d414962085d13881380f143efa9cc3014fb5083f2ca49ec0ac216b23e48f676493303b320d17d3,,,,,,,,
203,550c775712c46fac6b29f44c8e1e47790ad3d24a4596e9befdad47efbafbcd202634809eed3f54d8b62ec448b24bbe8a67c224d24ae7ed2b6870581a3fd2dcd3,hindi_griffinlim_eval_final/fake_hindi_griffinlim/hindi_fake_0203.wav,0,6.3,-3.3209595680236816,4.071086883544922,rms_matched,False,0.1188171240258134,hindi,-3.7703466415405273,550c775712c46fac6b29f44c8e1e47790ad3d24a4596e9befdad47efbafbcd202634809eed3f54d8b62ec448b24bbe8a67c224d24ae7ed2b6870581a3fd2dcd3,0.1188171240258134,0.6484736687442466,0.2112908866271282,0.1384268460777899,0.1246378411198109,0.9456833600997924,6.3,550c775712c46fac6b29f44c8e1e47790ad3d24a4596e9befdad47efbafbcd202634809eed3f54d8b62ec448b24bbe8a67c224d24ae7ed2b6870581a3fd2dcd3,,,,,,,,
204,56ba5616ef927a5c046387ad41208d615386a7bf95a3752a607516baf5fcc8fa5a93d8319617fcece315e6fc4a611dc2c2a3ec78a7e0244368ddcba4c2bfee0a,hindi_griffinlim_eval_final/fake_hindi_griffinlim/hindi_fake_0204.wav,0,5.58,-0.3237381875514984,0.7198875546455383,rms_matched,False,0.0769651670966995,hindi,-0.7731252610683441,56ba5616ef927a5c046387ad41208d615386a7bf95a3752a607516baf5fcc8fa5a93d8319617fcece315e6fc4a611dc2c2a3ec78a7e0244368ddcba4c2bfee0a,0.0769651670966995,0.5723935293416046,0.2274809006794988,0.1977503847349672,0.0950623710129327,0.6190847158432007,5.58,56ba5616ef927a5c046387ad41208d615386a7bf95a3752a607516baf5fcc8fa5a93d8319617fcece315e6fc4a611dc2c2a3ec78a7e0244368ddcba4c2bfee0a,,,,,,,,
205,f1b62e5d3473776b945ef79fbad0a46a621fb136b143d7aeb75a7cb854ebe0807524eee04fe8d83b3311152dad97e341e18ed5b8981b3cf322fec4e0700894bb,hindi_griffinlim_eval_final/fake_hindi_griffinlim/hindi_fake_0205.wav,0,5.112,2.148812294006348,-2.6813597679138184,rms_matched,False,0.7719918790237305,hindi,1.6994252204895024,f1b62e5d3473776b945ef79fbad0a46a621fb136b143d7aeb75a7cb854ebe0807524eee04fe8d83b3311152dad97e341e18ed5b8981b3cf322fec4e0700894bb,0.7719918790237305,0.7837011170030541,0.0187884831795416,0.1973528488410549,0.0966871656357286,0.87750244140625,5.104,f1b62e5d3473776b945ef79fbad0a46a621fb136b143d7aeb75a7cb854ebe0807524eee04fe8d83b3311152dad97e341e18ed5b8981b3cf322fec4e0700894bb,,,,,,,,
206,58913ffb4a411d7b14318c0cadbfb8ccdf1ed3dd5c7173b948c382329be9bb3fd15f6a5b863c94639786da4b32fa679087d9b0d4a04711dec86e1b82ed92c369,hindi_griffinlim_eval_final/fake_hindi_griffinlim/hindi_fake_0206.wav,0,6.66,-5.961431503295898,6.853458881378174,rms_matched,False,0.0287466806152278,hindi,-6.410818576812744,58913ffb4a411d7b14318c0cadbfb8ccdf1ed3dd5c7173b948c382329be9bb3fd15f6a5b863c94639786da4b32fa679087d9b0d4a04711dec86e1b82ed92c369,0.0287466806152278,0.4966967180114572,0.3048077979366857,0.1966943582087706,0.1138504751178206,0.8696765899658203,6.66,58913ffb4a411d7b14318c0cadbfb8ccdf1ed3dd5c7173b948c382329be9bb3fd15f6a5b863c94639786da4b32fa679087d9b0d4a04711dec86e1b82ed92c369,,,,,,,,
207,ff8d1bfdc7d8be2fd275f506691f3ba70d9d60666488ab551bcbb76c3fe93c7cfaa703f465f40b60131807d73913eb37830221336b6803114df015fb7caed36e,hindi_griffinlim_eval_final/fake_hindi_griffinlim/hindi_fake_0207.wav,0,2.556,-0.941239595413208,1.5425715446472168,rms_matched,False,0.1137079762985444,hindi,-1.3906266689300537,ff8d1bfdc7d8be2fd275f506691f3ba70d9d60666488ab551bcbb76c3fe93c7cfaa703f465f40b60131807d73913eb37830221336b6803114df015fb7caed36e,0.1137079762985444,0.5590342199301475,0.2522519140829132,0.1866679637127851,0.1029672081776898,0.7059051394462585,2.556,ff8d1bfdc7d8be2fd275f506691f3ba70d9d60666488ab551bcbb76c3fe93c7cfaa703f465f40b60131807d73913eb37830221336b6803114df015fb7caed36e,0.4221010872689865,0.3125118008066346,0.2653871119243789,0.6986980406894268,14.569787555435276,0.1494130089182801,0.3833611132546437,0.5431259963479651
208,9a862e8c754a334f2c39963b8da67e4e6e46ef2889e6ac772bb3e3847c4e1586e46be4d21adf569a90009925022013d8900d5ec065a6eaf767a5f0c3f1317f6d,hindi_griffinlim_eval_final/fake_hindi_griffinlim/hindi_fake_0208.wav,0,4.248,-5.986029624938965,6.888328552246094,rms_matched,False,0.0537008202173406,hindi,-6.4354166984558105,9a862e8c754a334f2c39963b8da67e4e6e46ef2889e6ac772bb3e3847c4e1586e46be4d21adf569a90009925022013d8900d5ec065a6eaf767a5f0c3f1317f6d,0.0537008202173406,0.4727958473606768,0.3428736002211637,0.1822309159923538,0.1014322757637849,0.7434550523757935,4.248,9a862e8c754a334f2c39963b8da67e4e6e46ef2889e6ac772bb3e3847c4e1586e46be4d21adf569a90009925022013d8900d5ec065a6eaf767a5f0c3f1317f6d,,,,,,,,
209,a34b3f5fa057f54bc74179593acc5d316145622c5ece92f2e9b2d74a2de7fa87ed863a9061955f68625d580b33faa23dcd31f9c5a6f9c1e1dd8790a4ba671f57,hindi_griffinlim_eval_final/fake_hindi_griffinlim/hindi_fake_0209.wav,0,4.68,-3.23811936378479,4.112954139709473,rms_matched,False,0.0774060276774531,hindi,-3.6875064373016357,a34b3f5fa057f54bc74179593acc5d316145622c5ece92f2e9b2d74a2de7fa87ed863a9061955f68625d580b33faa23dcd31f9c5a6f9c1e1dd8790a4ba671f57,0.0774060276774531,0.3958921055750509,0.377483464823339,0.2241589440500405,0.0841798137377257,0.7455065846443176,4.68,a34b3f5fa057f54bc74179593acc5d316145622c5ece92f2e9b2d74a2de7fa87ed863a9061955f68625d580b33faa23dcd31f9c5a6f9c1e1dd8790a4ba671f57,,,,,,,,
210,da10f782c53d93ec1dbf793a1f5404dbdfd390c9abdacd218d0c47e2366a569d50841b5ad9075f9b83e2c16b9194ab1be1f91e407a546218999fa14e2b49a3eb,hindi_griffinlim_eval_final/fake_hindi_griffinlim/hindi_fake_0210.wav,0,3.024,-3.1216540336608887,3.89327621459961,rms_matched,False,0.1168740693974949,hindi,-3.5710411071777344,da10f782c53d93ec1dbf793a1f5404dbdfd390c9abdacd218d0c47e2366a569d50841b5ad9075f9b83e2c16b9194ab1be1f91e407a546218999fa14e2b49a3eb,0.1168740693974949,0.6002903560703801,0.2062277975157042,0.1908644054536631,0.0990210798358161,0.6106209754943848,3.024,da10f782c53d93ec1dbf793a1f5404dbdfd390c9abdacd218d0c47e2366a569d50841b5ad9075f9b83e2c16b9194ab1be1f91e407a546218999fa14e2b49a3eb,,,,,,,,
211,4fcdd17805b736cac2dc920985d2187185e759b54d9cfe7d2654dd8f4aff10e630e579edcb5cb4d04f215bebe6d096d9e932203345ad7272e889beca6a5c20e7,hindi_griffinlim_eval_final/fake_hindi_griffinlim/hindi_fake_0211.wav,0,5.328,-2.354458332061768,3.184567451477051,rms_matched,False,0.2859000513770791,hindi,-2.8038454055786137,4fcdd17805b736cac2dc920985d2187185e759b54d9cfe7d2654dd8f4aff10e630e579edcb5cb4d04f215bebe6d096d9e932203345ad7272e889beca6a5c20e7,0.2859000513770791,0.4095292298049873,0.3550579381135812,0.2323982318483376,0.0695249120631458,0.7971585392951965,5.328,4fcdd17805b736cac2dc920985d2187185e759b54d9cfe7d2654dd8f4aff10e630e579edcb5cb4d04f215bebe6d096d9e932203345ad7272e889beca6a5c20e7,,,,,,,,
212,2270a4902001989b755fb2acc9d13918db9f6f89d7d5b1cf38d55ba7ef62d366249b464061d0c3df63c12f38b738d552ba6e854c9e09ebf766f61506d2a1732e,hindi_griffinlim_eval_final/fake_hindi_griffinlim/hindi_fake_0212.wav,0,3.6,4.050755500793457,-5.007280349731445,rms_matched,False,0.0211170995766604,hindi,3.6013684272766113,2270a4902001989b755fb2acc9d13918db9f6f89d7d5b1cf38d55ba7ef62d366249b464061d0c3df63c12f38b738d552ba6e854c9e09ebf766f61506d2a1732e,0.0211170995766604,0.273206593950848,0.3707951053158577,0.3512511709741879,0.0371255041944645,0.1698248982429504,3.6,2270a4902001989b755fb2acc9d13918db9f6f89d7d5b1cf38d55ba7ef62d366249b464061d0c3df63c12f38b738d552ba6e854c9e09ebf766f61506d2a1732e,,,,,,,,
213,2755cbb1978d17293826c36025fffd2b0966f60a48ee026f909afce38191de6da445c4ee2d684bf32d65bb5779ea78ba4f2360baac46e6f48710b9c531277adc,hindi_griffinlim_eval_final/fake_hindi_griffinlim/hindi_fake_0213.wav,0,4.716,-2.8557207584381104,3.693321704864502,rms_matched,False,0.0980794390075919,hindi,-3.305107831954956,2755cbb1978d17293826c36025fffd2b0966f60a48ee026f909afce38191de6da445c4ee2d684bf32d65bb5779ea78ba4f2360baac46e6f48710b9c531277adc,0.0980794390075919,0.4163661443023689,0.3758721804788582,0.2051553025253784,0.0799834702010934,0.6775193214416504,4.716,2755cbb1978d17293826c36025fffd2b0966f60a48ee026f909afce38191de6da445c4ee2d684bf32d65bb5779ea78ba4f2360baac46e6f48710b9c531277adc,,,,,,,,
214,e3d7f69caea5efb2f5319a49faacdc76440549b08282bef1d81bc2ce2e823cf05f2bbb7d1ec46ef4f681113376a098b117c1ac6a8b1dfe88acf27fa6a9961f31,hindi_griffinlim_eval_final/fake_hindi_griffinlim/hindi_fake_0214.wav,0,6.66,-4.801888465881348,5.590800285339356,rms_matched,False,0.0386546915243191,hindi,-5.251275539398193,e3d7f69caea5efb2f5319a49faacdc76440549b08282bef1d81bc2ce2e823cf05f2bbb7d1ec46ef4f681113376a098b117c1ac6a8b1dfe88acf27fa6a9961f31,0.0386546915243191,0.6182260471751119,0.2050518808486477,0.1743217132681901,0.1054387487740385,0.586632251739502,6.66,e3d7f69caea5efb2f5319a49faacdc76440549b08282bef1d81bc2ce2e823cf05f2bbb7d1ec46ef4f681113376a098b117c1ac6a8b1dfe88acf27fa6a9961f31,,,,,,,,
215,04c41ef9e7a610b1bdb35d99443823570fcb9c9a4a63ba7855c471d73f6c1dbdf30796b0f86445c09f70057ce25436f51742b3a4829f5da39a0ebababbec6d59,hindi_griffinlim_eval_final/fake_hindi_griffinlim/hindi_fake_0215.wav,0,6.696,-5.11124324798584,5.853000164031982,rms_matched,False,0.032965987401212,hindi,-5.5606303215026855,04c41ef9e7a610b1bdb35d99443823570fcb9c9a4a63ba7855c471d73f6c1dbdf30796b0f86445c09f70057ce25436f51742b3a4829f5da39a0ebababbec6d59,0.032965987401212,0.4289907669301757,0.322778089316488,0.2458245511645199,0.0899729198003129,0.7207118272781372,6.696,04c41ef9e7a610b1bdb35d99443823570fcb9c9a4a63ba7855c471d73f6c1dbdf30796b0f86445c09f70057ce25436f51742b3a4829f5da39a0ebababbec6d59,,,,,,,,
216,4f7f65a3c1d0ad3bc8c1b1b9d1f99a33e4785aac4a57bf5803876af5b7bd8c4d96f9ce70fa5d287f0aa26fa4aa86e8572fa595a5554dc71ae32d82496237da62,hindi_griffinlim_eval_final/fake_hindi_griffinlim/hindi_fake_0216.wav,0,3.0,2.626184701919556,-3.393270254135132,rms_matched,False,0.1103836099570173,hindi,2.1767976284027104,4f7f65a3c1d0ad3bc8c1b1b9d1f99a33e4785aac4a57bf5803876af5b7bd8c4d96f9ce70fa5d287f0aa26fa4aa86e8572fa595a5554dc71ae32d82496237da62,0.1103836099570173,0.8698398138247063,0.0753200752532575,0.054795084840427,0.165325003754751,0.950927734375,2.992,4f7f65a3c1d0ad3bc8c1b1b9d1f99a33e4785aac4a57bf5803876af5b7bd8c4d96f9ce70fa5d287f0aa26fa4aa86e8572fa595a5554dc71ae32d82496237da62,,,,,,,,
217,5ed8ac2780bfa08239e0aaa23e691fbf20930452cfd1163db395388d3dbff09ffc862aedc9ce80763a39a782ecb2ad5f729198b4f8565adbfc50bb5327957cc2,hindi_griffinlim_eval_final/fake_hindi_griffinlim/hindi_fake_0217.wav,0,6.12,-5.372251510620117,6.172724723815918,rms_matched,False,0.2791597613683001,hindi,-5.821638584136963,5ed8ac2780bfa08239e0aaa23e691fbf20930452cfd1163db395388d3dbff09ffc862aedc9ce80763a39a782ecb2ad5f729198b4f8565adbfc50bb5327957cc2,0.2791597613683001,0.664394704471047,0.1788632849074201,0.154654117383708,0.1168655051354653,0.9899999499320984,6.12,5ed8ac2780bfa08239e0aaa23e691fbf20930452cfd1163db395388d3dbff09ffc862aedc9ce80763a39a782ecb2ad5f729198b4f8565adbfc50bb5327957cc2,,,,,,,,
218,43dc11a5328c78dc9536527d6945245d5b3e371fdeea987ac538a30956eacc649639e2b09c28bf3ee4f4f764475880bb8f68a5cd20ef78800a664b72a86ffe58,hindi_griffinlim_eval_final/fake_hindi_griffinlim/hindi_fake_0218.wav,0,5.292,-4.6623077392578125,5.388001441955566,rms_matched,False,0.1399070299749848,hindi,-5.111694812774658,43dc11a5328c78dc9536527d6945245d5b3e371fdeea987ac538a30956eacc649639e2b09c28bf3ee4f4f764475880bb8f68a5cd20ef78800a664b72a86ffe58,0.1399070299749848,0.5566353518742768,0.2359595499123306,0.20474154718667,0.0910990367329509,0.6918278932571411,5.292,43dc11a5328c78dc9536527d6945245d5b3e371fdeea987ac538a30956eacc649639e2b09c28bf3ee4f4f764475880bb8f68a5cd20ef78800a664b72a86ffe58,,,,,,,,
219,ddc0ae40d79e0f3980eb00cedd80e03d7a0cbf3ab7880588429060f50c16895262e0a1874caae85ee39e8bdd72e5ac94830df955d0cf0ec817d50ce83d61f055,hindi_griffinlim_eval_final/fake_hindi_griffinlim/hindi_fake_0219.wav,0,5.436,-4.852445125579834,5.580045700073242,rms_matched,False,0.0298857337426563,hindi,-5.30183219909668,ddc0ae40d79e0f3980eb00cedd80e03d7a0cbf3ab7880588429060f50c16895262e0a1874caae85ee39e8bdd72e5ac94830df955d0cf0ec817d50ce83d61f055,0.0298857337426563,0.5529391203183586,0.2874930656159922,0.15774589939141,0.1207506408916836,0.8017237782478333,5.436,ddc0ae40d79e0f3980eb00cedd80e03d7a0cbf3ab7880588429060f50c16895262e0a1874caae85ee39e8bdd72e5ac94830df955d0cf0ec817d50ce83d61f055,,,,,,,,
220,79741f3153a904c0ddeb1d81d69b137d61adb2a3f1c8ea30fd32a88a4f7028bbb73f1515f3cac14ad147b8c1845846d96d9333173f71677d207b7ff1357a37c5,hindi_griffinlim_eval_final/fake_hindi_griffinlim/hindi_fake_0220.wav,0,5.016,-0.2590234577655792,0.7672603130340576,rms_matched,False,0.0295236941448283,hindi,-0.7084105312824249,79741f3153a904c0ddeb1d81d69b137d61adb2a3f1c8ea30fd32a88a4f7028bbb73f1515f3cac14ad147b8c1845846d96d9333173f71677d207b7ff1357a37c5,0.0295236941448283,0.3589393713538658,0.3368845442816057,0.3002300797405442,0.056423681068322,0.3497387766838074,5.016,79741f3153a904c0ddeb1d81d69b137d61adb2a3f1c8ea30fd32a88a4f7028bbb73f1515f3cac14ad147b8c1845846d96d9333173f71677d207b7ff1357a37c5,,,,,,,,
221,9564825a0829d21edd512e0523b3dccf946f9cd0f8b90c2589961c1867f2100b337df3df56dcee0dbdc7b4f23de4dc7d2af884dea2f7a3f6a3f3dc081879acfa,hindi_griffinlim_eval_final/fake_hindi_griffinlim/hindi_fake_0221.wav,0,4.356,4.072360992431641,-5.060632705688477,rms_matched,False,0.0202743874221721,hindi,3.622973918914795,9564825a0829d21edd512e0523b3dccf946f9cd0f8b90c2589961c1867f2100b337df3df56dcee0dbdc7b4f23de4dc7d2af884dea2f7a3f6a3f3dc081879acfa,0.0202743874221721,0.276130547316445,0.367066720035308,0.3519541919678876,0.0395855711278648,0.2182168364524841,4.356,9564825a0829d21edd512e0523b3dccf946f9cd0f8b90c2589961c1867f2100b337df3df56dcee0dbdc7b4f23de4dc7d2af884dea2f7a3f6a3f3dc081879acfa,,,,,,,,
222,cea40007071ea914e41633e74d05142fd1f5f8f49c154534816017cf89ce625657c804fe479fe87c08854ecd847697d6ca0fb6bcf424006c307f65430c34785e,hindi_griffinlim_eval_final/fake_hindi_griffinlim/hindi_fake_0222.wav,0,4.248,-0.0440488718450069,-0.0221317112445831,rms_matched,False,0.0470957956108384,hindi,-0.4934359453618526,cea40007071ea914e41633e74d05142fd1f5f8f49c154534816017cf89ce625657c804fe479fe87c08854ecd847697d6ca0fb6bcf424006c307f65430c34785e,0.0470957956108384,0.3537372327948312,0.3970419983599144,0.2464134239494291,0.0805297756843166,0.6867601275444031,4.248,cea40007071ea914e41633e74d05142fd1f5f8f49c154534816017cf89ce625657c804fe479fe87c08854ecd847697d6ca0fb6bcf424006c307f65430c34785e,,,,,,,,
223,1a94dffb861da3c85c0994bc8c83f7b79b502a83733ef28bc302cf6f1d5413001cd86d1c723357821dc3a90ba1b3f65e1203c2fa176b43daa279055fd6e5f529,hindi_griffinlim_eval_final/fake_hindi_griffinlim/hindi_fake_0223.wav,0,2.808,1.9676196575164795,-2.569148063659668,rms_matched,False,0.0313675422564234,hindi,1.5182325839996338,1a94dffb861da3c85c0994bc8c83f7b79b502a83733ef28bc302cf6f1d5413001cd86d1c723357821dc3a90ba1b3f65e1203c2fa176b43daa279055fd6e5f529,0.0313675422564234,0.4001068994618453,0.403380467841458,0.1938468425428899,0.0864428521773988,0.52681964635849,2.808,1a94dffb861da3c85c0994bc8c83f7b79b502a83733ef28bc302cf6f1d5413001cd86d1c723357821dc3a90ba1b3f65e1203c2fa176b43daa279055fd6e5f529,,,,,,,,
224,ffb5eeb570d2ef310e46742868405151da6adb390253787708f24b730c59c01b34656465701e80b1157e9b0f9421b9a06a454f56e2a3a4bdfbf5c6c64addad11,hindi_griffinlim_eval_final/fake_hindi_griffinlim/hindi_fake_0224.wav,0,3.456,0.0664381384849548,-0.2122333943843841,rms_matched,False,0.0479673834317202,hindi,-0.38294893503189087,ffb5eeb570d2ef310e46742868405151da6adb390253787708f24b730c59c01b34656465701e80b1157e9b0f9421b9a06a454f56e2a3a4bdfbf5c6c64addad11,0.0479673834317202,0.4006848513645062,0.2981735538005402,0.2973415651012014,0.0633435231372014,0.4044414758682251,3.456,ffb5eeb570d2ef310e46742868405151da6adb390253787708f24b730c59c01b34656465701e80b1157e9b0f9421b9a06a454f56e2a3a4bdfbf5c6c64addad11,,,,,,,,
225,758b942bfaf2837bafb0696d5ebc123856f4841aed4dc9d31bb010e7a67246791cda1685a1f4de659ed10843f3be1d227e8f4935ca088afa8531c61ab5bbed26,hindi_griffinlim_eval_final/fake_hindi_griffinlim/hindi_fake_0225.wav,0,6.48,-4.618093490600586,5.399932384490967,rms_matched,False,0.1449228568998943,hindi,-5.067480564117432,758b942bfaf2837bafb0696d5ebc123856f4841aed4dc9d31bb010e7a67246791cda1685a1f4de659ed10843f3be1d227e8f4935ca088afa8531c61ab5bbed26,0.1449228568998943,0.6119315773848283,0.2406690460962694,0.1455356689571142,0.1192418905278741,0.9780501127243042,6.48,758b942bfaf2837bafb0696d5ebc123856f4841aed4dc9d31bb010e7a67246791cda1685a1f4de659ed10843f3be1d227e8f4935ca088afa8531c61ab5bbed26,,,,,,,,
226,2755cbb1978d17293826c36025fffd2b0966f60a48ee026f909afce38191de6da445c4ee2d684bf32d65bb5779ea78ba4f2360baac46e6f48710b9c531277adc,hindi_griffinlim_eval_final/fake_hindi_griffinlim/hindi_fake_0226.wav,0,4.32,-3.1302943229675293,3.9450645446777344,rms_matched,False,0.0225230443236056,hindi,-3.579681396484375,2755cbb1978d17293826c36025fffd2b0966f60a48ee026f909afce38191de6da445c4ee2d684bf32d65bb5779ea78ba4f2360baac46e6f48710b9c531277adc,0.0225230443236056,0.3319526722522402,0.4025036149386949,0.2622632413366881,0.0607683670114491,0.3467461466789245,4.32,2755cbb1978d17293826c36025fffd2b0966f60a48ee026f909afce38191de6da445c4ee2d684bf32d65bb5779ea78ba4f2360baac46e6f48710b9c531277adc,,,,,,,,
227,72f877fac9bb314cc8a49f707222e440bdbf0011ca28657fa408f62c6b95ed4f617faa364554b0b0a75f4c74e6a1a745f376376bbadd8c8737f405f04bd49632,hindi_griffinlim_eval_final/fake_hindi_griffinlim/hindi_fake_0227.wav,0,7.128,-0.0647614449262619,0.0333756953477859,rms_matched,False,0.056637183037398,hindi,-0.5141485184431076,72f877fac9bb314cc8a49f707222e440bdbf0011ca28657fa408f62c6b95ed4f617faa364554b0b0a75f4c74e6a1a745f376376bbadd8c8737f405f04bd49632,0.056637183037398,0.446136604574794,0.3873853475356509,0.1646552628836616,0.1100227733725724,0.9900000095367432,7.128,72f877fac9bb314cc8a49f707222e440bdbf0011ca28657fa408f62c6b95ed4f617faa364554b0b0a75f4c74e6a1a745f376376bbadd8c8737f405f04bd49632,,,,,,,,
228,a3069630fb79df0d9eae6fb7c0ed4c47a06faa08d3fe8be08872d56597dc9e31932cf3ffb9d63c47880e76dd8364d7ab7cfa1fe4021aa681218a4854c60fbf45,hindi_griffinlim_eval_final/fake_hindi_griffinlim/hindi_fake_0228.wav,0,3.6,6.25311803817749,-8.104689598083496,rms_matched,False,0.0258770897960184,hindi,5.8037309646606445,a3069630fb79df0d9eae6fb7c0ed4c47a06faa08d3fe8be08872d56597dc9e31932cf3ffb9d63c47880e76dd8364d7ab7cfa1fe4021aa681218a4854c60fbf45,0.0258770897960184,0.2826471974618426,0.358804778367854,0.3536884402771311,0.0371584140914228,0.1905772089958191,3.6,a3069630fb79df0d9eae6fb7c0ed4c47a06faa08d3fe8be08872d56597dc9e31932cf3ffb9d63c47880e76dd8364d7ab7cfa1fe4021aa681218a4854c60fbf45,,,,,,,,
229,be10029504aaa30796d27938620d08189f19a31701c9f552f60c99eff87dddfbf804efc53af08d2670685aeaeeb295c9f3326c85b8127b0ad0d1232f03bc1781,hindi_griffinlim_eval_final/fake_hindi_griffinlim/hindi_fake_0229.wav,0,6.12,-4.4261474609375,5.27883243560791,rms_matched,False,0.1430777915376668,hindi,-4.875534534454346,be10029504aaa30796d27938620d08189f19a31701c9f552f60c99eff87dddfbf804efc53af08d2670685aeaeeb295c9f3326c85b8127b0ad0d1232f03bc1781,0.1430777915376668,0.5188836806655265,0.3071445915415637,0.1716189696739357,0.1040249983370082,0.9270139932632446,6.12,be10029504aaa30796d27938620d08189f19a31701c9f552f60c99eff87dddfbf804efc53af08d2670685aeaeeb295c9f3326c85b8127b0ad0d1232f03bc1781,,,,,,,,
230,0d2120fd5389d89f197e877a642aeb305bd4d8a9820d642a3ca7e83fe64ca61a0a8b15a37958f3629aa855408d3eabc56d2521ff9a06db24bd0c95320f66efab,hindi_griffinlim_eval_final/fake_hindi_griffinlim/hindi_fake_0230.wav,0,3.6,0.9984183311462402,-2.029836654663086,rms_matched,False,0.100673151295913,hindi,0.5490312576293945,0d2120fd5389d89f197e877a642aeb305bd4d8a9820d642a3ca7e83fe64ca61a0a8b15a37958f3629aa855408d3eabc56d2521ff9a06db24bd0c95320f66efab,0.100673151295913,0.582843485089479,0.218991509207855,0.1956660542120255,0.0938333983092654,0.5643232464790344,3.6,0d2120fd5389d89f197e877a642aeb305bd4d8a9820d642a3ca7e83fe64ca61a0a8b15a37958f3629aa855408d3eabc56d2521ff9a06db24bd0c95320f66efab,0.4619870138558436,0.279623161243148,0.2583898249010085,0.7216400984974984,14.462379891903124,0.1534664495886914,0.406818154731981,0.5723120594018615
231,ccd20bfc67c11f3e895626eb3d7e07e2eecb1ce583467fa1a70d8bda435a9fc5cf14c4a421d7811cf579acb2397447cbd649ac6eaaa8073a71a7d04ccb90882b,hindi_griffinlim_eval_final/fake_hindi_griffinlim/hindi_fake_0231.wav,0,7.668,-5.919548034667969,6.776118278503418,rms_matched,False,0.0261095267555095,hindi,-6.3689351081848145,ccd20bfc67c11f3e895626eb3d7e07e2eecb1ce583467fa1a70d8bda435a9fc5cf14c4a421d7811cf579acb2397447cbd649ac6eaaa8073a71a7d04ccb90882b,0.0261095267555095,0.6995093759386268,0.1814350597631749,0.1175196876912296,0.1483922215354914,0.9626092910766602,7.668,ccd20bfc67c11f3e895626eb3d7e07e2eecb1ce583467fa1a70d8bda435a9fc5cf14c4a421d7811cf579acb2397447cbd649ac6eaaa8073a71a7d04ccb90882b,,,,,,,,
232,c45d64f4a9ad8d1efb4d802830abc40f0e0e29e23a1d399fb4e668a1781d60c7b6329f4ed2b4ee75586b7ef748b73a373cb36707965a2b5785d7e9ce6196f390,hindi_griffinlim_eval_final/fake_hindi_griffinlim/hindi_fake_0232.wav,0,6.84,0.0089723207056522,0.0350189507007598,rms_matched,False,0.1325710572180104,hindi,-0.4404147528111935,c45d64f4a9ad8d1efb4d802830abc40f0e0e29e23a1d399fb4e668a1781d60c7b6329f4ed2b4ee75586b7ef748b73a373cb36707965a2b5785d7e9ce6196f390,0.1325710572180104,0.4685728528062595,0.3087131854367303,0.2199475075754926,0.0824164299577612,0.7677533030509949,6.84,c45d64f4a9ad8d1efb4d802830abc40f0e0e29e23a1d399fb4e668a1781d60c7b6329f4ed2b4ee75586b7ef748b73a373cb36707965a2b5785d7e9ce6196f390,,,,,,,,
233,f59a2dc4d475bfb45d9b9628faa8b0e53570d46a05fd85dd8542559975c8cd75bf87c02f557d7ecd3e4eda2872a7e4a57adc699bc30e819c9e5c1c9e520cd02b,hindi_griffinlim_eval_final/fake_hindi_griffinlim/hindi_fake_0233.wav,0,5.04,1.9450502395629885,-2.644988536834717,rms_matched,False,0.0372024721986423,hindi,1.4956631660461428,f59a2dc4d475bfb45d9b9628faa8b0e53570d46a05fd85dd8542559975c8cd75bf87c02f557d7ecd3e4eda2872a7e4a57adc699bc30e819c9e5c1c9e520cd02b,0.0372024721986423,0.4494143012690256,0.2834386760052053,0.2635267558812033,0.0685948370409391,0.3758044838905334,5.04,f59a2dc4d475bfb45d9b9628faa8b0e53570d46a05fd85dd8542559975c8cd75bf87c02f557d7ecd3e4eda2872a7e4a57adc699bc30e819c9e5c1c9e520cd02b,,,,,,,,
234,7645441bdc18d3b030505861df550d84664b9a9931552e1efeafab2fc218b84b74173a02073f3ab449dfd6be412293b9bfbe39fc0b97793fff0f586d8212ca0d,hindi_griffinlim_eval_final/fake_hindi_griffinlim/hindi_fake_0234.wav,0,5.94,0.1358761489391327,-0.1153081655502319,rms_matched,False,0.0899011673431793,hindi,-0.313510924577713,7645441bdc18d3b030505861df550d84664b9a9931552e1efeafab2fc218b84b74173a02073f3ab449dfd6be412293b9bfbe39fc0b97793fff0f586d8212ca0d,0.0899011673431793,0.3926477209759259,0.318133455189738,0.2853740104341051,0.059611907637142,0.5411518216133118,5.94,7645441bdc18d3b030505861df550d84664b9a9931552e1efeafab2fc218b84b74173a02073f3ab449dfd6be412293b9bfbe39fc0b97793fff0f586d8212ca0d,,,,,,,,
235,aafda704e52784565ee078117b2a7941d822e96444d43cfe115de75e654f8c08c23b050eebe7b4264498537464b6e45cd0624f23aec65f904b156464d5056d52,hindi_griffinlim_eval_final/fake_hindi_griffinlim/hindi_fake_0235.wav,0,5.076,0.22662153840065,-0.3360737860202789,rms_matched,False,0.0402159735951058,hindi,-0.2227655351161957,aafda704e52784565ee078117b2a7941d822e96444d43cfe115de75e654f8c08c23b050eebe7b4264498537464b6e45cd0624f23aec65f904b156464d5056d52,0.0402159735951058,0.4215012921119487,0.2896652491321628,0.2853134937565703,0.0651069165660664,0.4082880020141601,5.076,aafda704e52784565ee078117b2a7941d822e96444d43cfe115de75e654f8c08c23b050eebe7b4264498537464b6e45cd0624f23aec65f904b156464d5056d52,,,,,,,,
236,5310b36732adcb306bf541cfc07167aab125fdc69f95b159dc7599776e6c59eba8b9c847e20aad3e0d2cedcc27f1e73e9d9b7e9522ec4287c3f54c98bbca7ea7,hindi_griffinlim_eval_final/fake_hindi_griffinlim/hindi_fake_0236.wav,0,7.236,-5.418159008026123,6.191516876220703,rms_matched,False,0.1147271662839244,hindi,-5.867546081542969,5310b36732adcb306bf541cfc07167aab125fdc69f95b159dc7599776e6c59eba8b9c847e20aad3e0d2cedcc27f1e73e9d9b7e9522ec4287c3f54c98bbca7ea7,0.1147271662839244,0.5885281884182664,0.2151490414537477,0.1937252869513434,0.1025562418648459,0.8167456388473511,7.236,5310b36732adcb306bf541cfc07167aab125fdc69f95b159dc7599776e6c59eba8b9c847e20aad3e0d2cedcc27f1e73e9d9b7e9522ec4287c3f54c98bbca7ea7,,,,,,,,
237,23dd6e26b3a5106b8ad2de2def45e53280a12df6c47364b2bf652743a0198329d4e46b73fe42287703f0146d0bdb9be101cb22064f7b79578248fdc2ca2085f0,hindi_griffinlim_eval_final/fake_hindi_griffinlim/hindi_fake_0237.wav,0,7.2,0.0808461457490921,0.2503643333911896,rms_matched,False,0.0214000832463799,hindi,-0.3685409277677536,23dd6e26b3a5106b8ad2de2def45e53280a12df6c47364b2bf652743a0198329d4e46b73fe42287703f0146d0bdb9be101cb22064f7b79578248fdc2ca2085f0,0.0214000832463799,0.5806948176200611,0.2263915188072838,0.1905505923837904,0.1072508662208575,0.6096226572990417,7.2,23dd6e26b3a5106b8ad2de2def45e53280a12df6c47364b2bf652743a0198329d4e46b73fe42287703f0146d0bdb9be101cb22064f7b79578248fdc2ca2085f0,,,,,,,,
238,0a073b2441b86a13d80728f1a14413d473c4091d1053a3a53982f2c2698abb2a31f35efaefaad9b678d4cf8b27aecc058d4f664d005474a90b8af287ff58c303,hindi_griffinlim_eval_final/fake_hindi_griffinlim/hindi_fake_0238.wav,0,7.536,-0.6708756685256958,1.1690468788146973,rms_matched,False,0.0220459857739969,hindi,-1.1202627420425415,0a073b2441b86a13d80728f1a14413d473c4091d1053a3a53982f2c2698abb2a31f35efaefaad9b678d4cf8b27aecc058d4f664d005474a90b8af287ff58c303,0.0220459857739969,0.4624002474422451,0.2735613535193325,0.2606967554279759,0.0725294134423801,0.4046365618705749,7.536,0a073b2441b86a13d80728f1a14413d473c4091d1053a3a53982f2c2698abb2a31f35efaefaad9b678d4cf8b27aecc058d4f664d005474a90b8af287ff58c303,,,,,,,,
239,9c12887b11ae7ce76bcb5c4ca6b56f174e89c82f02c52c05b93ac7a40b6fb7b28d8474241a7dc36b3ad5b36eab48a209bf7e68a905ca64ac40b89e9311dec25d,hindi_griffinlim_eval_final/fake_hindi_griffinlim/hindi_fake_0239.wav,0,3.996,5.157711982727051,-6.537353515625,rms_matched,False,0.020922606986434,hindi,4.708324909210205,9c12887b11ae7ce76bcb5c4ca6b56f174e89c82f02c52c05b93ac7a40b6fb7b28d8474241a7dc36b3ad5b36eab48a209bf7e68a905ca64ac40b89e9311dec25d,0.020922606986434,0.2867225877359297,0.3691588313515332,0.3394661321646146,0.0395991167987751,0.1821238994598388,3.996,9c12887b11ae7ce76bcb5c4ca6b56f174e89c82f02c52c05b93ac7a40b6fb7b28d8474241a7dc36b3ad5b36eab48a209bf7e68a905ca64ac40b89e9311dec25d,,,,,,,,
240,eadc13b88ea5631a21a2beb0917e9be628171b8aaae29918cb08b2afa62e820e01d0a5e21154b643f10067864ae138783bc31abf1a13b86bcb072fa0f0df4d40,hindi_griffinlim_eval_final/fake_hindi_griffinlim/hindi_fake_0240.wav,0,3.996,7.035828590393066,-9.161163330078123,rms_matched,False,0.0256744424158928,hindi,6.586441516876221,eadc13b88ea5631a21a2beb0917e9be628171b8aaae29918cb08b2afa62e820e01d0a5e21154b643f10067864ae138783bc31abf1a13b86bcb072fa0f0df4d40,0.0256744424158928,0.1778387538799403,0.4118215287188173,0.4049387005628809,0.0099164570068644,0.0442904829978942,3.996,eadc13b88ea5631a21a2beb0917e9be628171b8aaae29918cb08b2afa62e820e01d0a5e21154b643f10067864ae138783bc31abf1a13b86bcb072fa0f0df4d40,,,,,,,,
241,1a94dffb861da3c85c0994bc8c83f7b79b502a83733ef28bc302cf6f1d5413001cd86d1c723357821dc3a90ba1b3f65e1203c2fa176b43daa279055fd6e5f529,hindi_griffinlim_eval_final/fake_hindi_griffinlim/hindi_fake_0241.wav,0,5.868,-3.732213020324707,4.430964469909668,rms_matched,False,0.0317558164222455,hindi,-4.181600093841553,1a94dffb861da3c85c0994bc8c83f7b79b502a83733ef28bc302cf6f1d5413001cd86d1c723357821dc3a90ba1b3f65e1203c2fa176b43daa279055fd6e5f529,0.0317558164222455,0.5062882357512871,0.2985646293144049,0.1925430340293129,0.0939992040801901,0.565610945224762,5.868,1a94dffb861da3c85c0994bc8c83f7b79b502a83733ef28bc302cf6f1d5413001cd86d1c723357821dc3a90ba1b3f65e1203c2fa176b43daa279055fd6e5f529,,,,,,,,
242,c0fce8f25f23b41ed1321b49a5940b20f8b61130c14559d79ddf3816e5a433e06cad1469ff786911ce97ba8ea234da6b623881f3bb65339d1d3dd296e477a193,hindi_griffinlim_eval_final/fake_hindi_griffinlim/hindi_fake_0242.wav,0,3.42,-5.451636791229248,6.2335357666015625,rms_matched,False,0.0252890462644292,hindi,-5.901023864746094,c0fce8f25f23b41ed1321b49a5940b20f8b61130c14559d79ddf3816e5a433e06cad1469ff786911ce97ba8ea234da6b623881f3bb65339d1d3dd296e477a193,0.0252890462644292,0.459432189705874,0.2321026978973676,0.3062493443261896,0.0968358933564163,0.6791249513626099,3.42,c0fce8f25f23b41ed1321b49a5940b20f8b61130c14559d79ddf3816e5a433e06cad1469ff786911ce97ba8ea234da6b623881f3bb65339d1d3dd296e477a193,,,,,,,,
243,4c946f553c704abd727b3818b1d22dba011a368043575278b58ae219f71cb8914e6cac82abe55d7da17f49bea4cceb3b96c17355a6f5b078c19a947defb9061c,hindi_griffinlim_eval_final/fake_hindi_griffinlim/hindi_fake_0243.wav,0,2.592,-3.725352287292481,4.621252536773682,rms_matched,False,0.3863837222790844,hindi,-4.174739360809326,4c946f553c704abd727b3818b1d22dba011a368043575278b58ae219f71cb8914e6cac82abe55d7da17f49bea4cceb3b96c17355a6f5b078c19a947defb9061c,0.3863837222790844,0.6622037094543334,0.1886036576560689,0.1473733146927736,0.1200478198132955,0.9900000095367432,2.592,4c946f553c704abd727b3818b1d22dba011a368043575278b58ae219f71cb8914e6cac82abe55d7da17f49bea4cceb3b96c17355a6f5b078c19a947defb9061c,,,,,,,,
244,0175f4388a3ca66faae78ea57819f8aab986d188f874dde198e28b64248291dde8f43a6912b9de4854f9862a8f832961da3e9194bec9ebef96b1c9b66d956422,hindi_griffinlim_eval_final/fake_hindi_griffinlim/hindi_fake_0244.wav,0,3.528,-0.4509531557559967,0.8557772040367126,rms_matched,False,0.1975946685842233,hindi,-0.9003402292728424,0175f4388a3ca66faae78ea57819f8aab986d188f874dde198e28b64248291dde8f43a6912b9de4854f9862a8f832961da3e9194bec9ebef96b1c9b66d956422,0.1975946685842233,0.5821566126815969,0.2094405841048191,0.2058196157067402,0.0957548523101112,0.7240259051322937,3.528,0175f4388a3ca66faae78ea57819f8aab986d188f874dde198e28b64248291dde8f43a6912b9de4854f9862a8f832961da3e9194bec9ebef96b1c9b66d956422,,,,,,,,
245,8525f36954391ad7696abcf66c1383e5409d52980ebd2d7b1063cc48ed81ebd9f8cf3a8c257f079e986893cfa2455e4c832d04863c8fed7db4f4d5951ec34d1b,hindi_griffinlim_eval_final/fake_hindi_griffinlim/hindi_fake_0245.wav,0,4.788,-0.5222843885421753,0.9628517031669616,rms_matched,False,0.0461973775641909,hindi,-0.971671462059021,8525f36954391ad7696abcf66c1383e5409d52980ebd2d7b1063cc48ed81ebd9f8cf3a8c257f079e986893cfa2455e4c832d04863c8fed7db4f4d5951ec34d1b,0.0461973775641909,0.3532483725169427,0.3078316619733036,0.3352823993367623,0.0556827165951817,0.4507841467857361,4.788,8525f36954391ad7696abcf66c1383e5409d52980ebd2d7b1063cc48ed81ebd9f8cf3a8c257f079e986893cfa2455e4c832d04863c8fed7db4f4d5951ec34d1b,,,,,,,,
246,9698b39cb85f238f1346eea2dba721e4e8fb440bd4d14b632aef84108f02f47d028463a7076a9eb0333b72fab260a9357f045de63eaaa3c7374ce6a692e081ba,hindi_griffinlim_eval_final/fake_hindi_griffinlim/hindi_fake_0246.wav,0,6.912,-1.214535355567932,1.759416937828064,rms_matched,False,0.1322947233110605,hindi,-1.6639224290847776,9698b39cb85f238f1346eea2dba721e4e8fb440bd4d14b632aef84108f02f47d028463a7076a9eb0333b72fab260a9357f045de63eaaa3c7374ce6a692e081ba,0.1322947233110605,0.5437520684541479,0.2597822455847552,0.1940652103065228,0.0972443392380441,0.8294073939323425,6.912,9698b39cb85f238f1346eea2dba721e4e8fb440bd4d14b632aef84108f02f47d028463a7076a9eb0333b72fab260a9357f045de63eaaa3c7374ce6a692e081ba,,,,,,,,
247,aae384c088b18eed8da9fe141de09f584054ad55ee2a6514c682c1bd425784ed886c928e35a66fa611ccad98b44274839b2b5f7c3fe678e1c8740cfc90389187,hindi_griffinlim_eval_final/fake_hindi_griffinlim/hindi_fake_0247.wav,0,5.22,-1.9174340963363647,2.729567050933838,rms_matched,False,0.0511789360014069,hindi,-2.3668211698532104,aae384c088b18eed8da9fe141de09f584054ad55ee2a6514c682c1bd425784ed886c928e35a66fa611ccad98b44274839b2b5f7c3fe678e1c8740cfc90389187,0.0511789360014069,0.4546195293115851,0.3196728733818439,0.2227239625368721,0.0778216784766743,0.511627197265625,5.22,aae384c088b18eed8da9fe141de09f584054ad55ee2a6514c682c1bd425784ed886c928e35a66fa611ccad98b44274839b2b5f7c3fe678e1c8740cfc90389187,,,,,,,,
248,36062260d676bde6039ce120c376465b2bd64e0699bac4f5ccf693568a39376a0cbc895a1c3ad2b74de0236420dc51f0dc3bc8d7f1fcac394756286a2c426056,hindi_griffinlim_eval_final/fake_hindi_griffinlim/hindi_fake_0248.wav,0,7.632,1.8848716020584104,-2.439438343048096,peak_normalized,True,0.0763563785476083,hindi,1.4354845285415647,36062260d676bde6039ce120c376465b2bd64e0699bac4f5ccf693568a39376a0cbc895a1c3ad2b74de0236420dc51f0dc3bc8d7f1fcac394756286a2c426056,0.0763563785476083,0.9049228851608784,0.0793204761928753,0.0157215077896362,0.1686220718089387,0.990020751953125,7.632,36062260d676bde6039ce120c376465b2bd64e0699bac4f5ccf693568a39376a0cbc895a1c3ad2b74de0236420dc51f0dc3bc8d7f1fcac394756286a2c426056,0.8865054459718983,0.1031690281031774,0.0103255259249243,0.7547643420073349,14.249348847589836,0.1805588763825321,0.4299388529285902,0.597674549806789
249,2b0295a46df33cca7111334e28048e4ca8856ac39e51ceba5d127c2defec2c84aa3dbbe0b2cd9a0057a3710d4ca5936186ac62306a21dbc4f493acb9486d1452,hindi_griffinlim_eval_final/fake_hindi_griffinlim/hindi_fake_0249.wav,0,6.516,2.5927648544311523,-3.1677517890930176,rms_matched,False,0.0146014964309718,hindi,2.1433777809143066,2b0295a46df33cca7111334e28048e4ca8856ac39e51ceba5d127c2defec2c84aa3dbbe0b2cd9a0057a3710d4ca5936186ac62306a21dbc4f493acb9486d1452,0.0146014964309718,0.227104390160302,0.4139182911038896,0.3541131026945438,0.0318989065020137,0.2104238271713256,6.516,2b0295a46df33cca7111334e28048e4ca8856ac39e51ceba5d127c2defec2c84aa3dbbe0b2cd9a0057a3710d4ca5936186ac62306a21dbc4f493acb9486d1452,,,,,,,,
250,9492b0374bde3e9f6b0f2910f764eb837b8a3c261e9705422378ca4e59d7e977df84518e2169c11a238bf11cbd8477391bc51fdcf9134ad8216402b0cd5c37c6,hindi_griffinlim_eval_final/fake_hindi_griffinlim/hindi_fake_0250.wav,0,3.96,0.8232043981552124,-1.7791368961334229,rms_matched,False,0.0774099381808368,hindi,0.3738173246383667,9492b0374bde3e9f6b0f2910f764eb837b8a3c261e9705422378ca4e59d7e977df84518e2169c11a238bf11cbd8477391bc51fdcf9134ad8216402b0cd5c37c6,0.0774099381808368,0.3248647154038137,0.4084353537737358,0.2633465723141481,0.0667800331939989,0.6333443522453308,3.96,9492b0374bde3e9f6b0f2910f764eb837b8a3c261e9705422378ca4e59d7e977df84518e2169c11a238bf11cbd8477391bc51fdcf9134ad8216402b0cd5c37c6,,,,,,,,
251,1ab26689a68e6aeb9ee56daf140f5d65c19295d6b65eaef9f51f22cbd867b635758194eb9640790ea7d37a0de2bd5d0f235fb7662cc80dda56261f92c3cb4475,hindi_griffinlim_eval_final/fake_hindi_griffinlim/hindi_fake_0251.wav,0,5.796,3.311925411224365,-4.093743324279785,rms_matched,False,0.1532701684435017,hindi,2.862538337707519,1ab26689a68e6aeb9ee56daf140f5d65c19295d6b65eaef9f51f22cbd867b635758194eb9640790ea7d37a0de2bd5d0f235fb7662cc80dda56261f92c3cb4475,0.1532701684435017,0.5074179953085519,0.2353128197887932,0.2550104353196096,0.1008593669245262,0.9900000095367432,5.796,1ab26689a68e6aeb9ee56daf140f5d65c19295d6b65eaef9f51f22cbd867b635758194eb9640790ea7d37a0de2bd5d0f235fb7662cc80dda56261f92c3cb4475,,,,,,,,
252,ea8ef3168cd29cf3bb33c603fc49336a1b58747fac2bdd17b4f6d59f24ed30a903a1b574e5d276035f8c3141478664e8f36c46a55fb6637e08b183a0969615a0,hindi_griffinlim_eval_final/fake_hindi_griffinlim/hindi_fake_0252.wav,0,4.608,-4.386704444885254,5.10440731048584,rms_matched,False,0.1792521230750527,hindi,-4.8360915184021,ea8ef3168cd29cf3bb33c603fc49336a1b58747fac2bdd17b4f6d59f24ed30a903a1b574e5d276035f8c3141478664e8f36c46a55fb6637e08b183a0969615a0,0.1792521230750527,0.6818445007438511,0.2039383153090377,0.1127562823354629,0.1321171634596546,0.9900000095367432,4.608,ea8ef3168cd29cf3bb33c603fc49336a1b58747fac2bdd17b4f6d59f24ed30a903a1b574e5d276035f8c3141478664e8f36c46a55fb6637e08b183a0969615a0,,,,,,,,
253,bbf090e6e283e4e37184a2e8d18c4e8b316a072a5565f942ab1fe209609ce93499859b1bc6b7111be2f33203c2746e5c37c57a3fcff52e9a7f38780d6fc39a26,hindi_griffinlim_eval_final/fake_hindi_griffinlim/hindi_fake_0253.wav,0,6.948,-1.7530325651168823,2.499485969543457,rms_matched,False,0.0257577755683849,hindi,-2.202419638633728,bbf090e6e283e4e37184a2e8d18c4e8b316a072a5565f942ab1fe209609ce93499859b1bc6b7111be2f33203c2746e5c37c57a3fcff52e9a7f38780d6fc39a26,0.0257577755683849,0.3467130251368086,0.3600405333356606,0.2894781566807923,0.0541544778324508,0.3684584498405456,6.948,bbf090e6e283e4e37184a2e8d18c4e8b316a072a5565f942ab1fe209609ce93499859b1bc6b7111be2f33203c2746e5c37c57a3fcff52e9a7f38780d6fc39a26,,,,,,,,
254,40755351d14a54150898c5756a00e1c19d4099c2b7fca916bd7eb5967ce050c2fa3e5870250539857dbb1005de528c8a967e18a0f7dfd0dfce66024cc6a979c0,hindi_griffinlim_eval_final/fake_hindi_griffinlim/hindi_fake_0254.wav,0,5.76,-1.7938207387924194,2.5552029609680176,rms_matched,False,0.4518580886567312,hindi,-2.243207812309265,40755351d14a54150898c5756a00e1c19d4099c2b7fca916bd7eb5967ce050c2fa3e5870250539857dbb1005de528c8a967e18a0f7dfd0dfce66024cc6a979c0,0.4518580886567312,0.5794476684885354,0.2235606792582602,0.1945126503995105,0.091289022857159,0.918899655342102,5.76,40755351d14a54150898c5756a00e1c19d4099c2b7fca916bd7eb5967ce050c2fa3e5870250539857dbb1005de528c8a967e18a0f7dfd0dfce66024cc6a979c0,,,,,,,,
255,46f23ae11e8565e979749342e1097a77fe3ef574253f10323351763c97b22c07b42362b03c576fa1d45361cede36368bbd6b9325f1f93cd2b8ed161a560ece2a,hindi_griffinlim_eval_final/fake_hindi_griffinlim/hindi_fake_0255.wav,0,2.4,-0.1782215684652328,0.445386677980423,rms_matched,False,0.111541918408591,hindi,-0.6276086419820786,46f23ae11e8565e979749342e1097a77fe3ef574253f10323351763c97b22c07b42362b03c576fa1d45361cede36368bbd6b9325f1f93cd2b8ed161a560ece2a,0.111541918408591,0.507573777774746,0.2942194436531774,0.1955550605399627,0.09204596997044,0.6363571286201477,2.4,46f23ae11e8565e979749342e1097a77fe3ef574253f10323351763c97b22c07b42362b03c576fa1d45361cede36368bbd6b9325f1f93cd2b8ed161a560ece2a,,,,,,,,
256,5b3872837902e6d95327320c254ce8cc9e7b69e3ad4e2e54f93009f6f44af95a3b2bd03dd9504518ddea0ce1bb0793458ea03d00ccd3c918aba1a0a91476da99,hindi_griffinlim_eval_final/fake_hindi_griffinlim/hindi_fake_0256.wav,0,4.656,-4.07777738571167,4.872906684875488,rms_matched,False,0.1440373268754871,hindi,-4.527164459228516,5b3872837902e6d95327320c254ce8cc9e7b69e3ad4e2e54f93009f6f44af95a3b2bd03dd9504518ddea0ce1bb0793458ea03d00ccd3c918aba1a0a91476da99,0.1440373268754871,0.5950045516926983,0.2124317405644663,0.1902145358445716,0.1008098592280087,0.7349219918251038,4.656,5b3872837902e6d95327320c254ce8cc9e7b69e3ad4e2e54f93009f6f44af95a3b2bd03dd9504518ddea0ce1bb0793458ea03d00ccd3c918aba1a0a91476da99,,,,,,,,
257,d24af5ee15190d3fc14dfc4ee3c75c75fe66fb537d4c7cf94e0e7d489ba442240b112a68a9dcd921ed48aaf17649bacd187e913bf4f22c1471cdc0fd263e9aa7,hindi_griffinlim_eval_final/fake_hindi_griffinlim/hindi_fake_0257.wav,0,4.896,0.4646661579608917,-0.5790907144546509,rms_matched,False,0.411278199058149,hindi,0.01527908444404602,d24af5ee15190d3fc14dfc4ee3c75c75fe66fb537d4c7cf94e0e7d489ba442240b112a68a9dcd921ed48aaf17649bacd187e913bf4f22c1471cdc0fd263e9aa7,0.411278199058149,0.8130284100545939,0.1859047246276789,0.0009927740633587,0.1404542119368612,0.976287841796875,4.896,d24af5ee15190d3fc14dfc4ee3c75c75fe66fb537d4c7cf94e0e7d489ba442240b112a68a9dcd921ed48aaf17649bacd187e913bf4f22c1471cdc0fd263e9aa7,,,,,,,,
258,389842e0cd33cfb9876ef3d2f0e50eb0d9842d3a72efb647244e2cab4f456609c2fe3c3584b5307808cc70d8a9f6cbc18617ef2eadf45ed518b03c0dee8dfd87,hindi_griffinlim_eval_final/fake_hindi_griffinlim/hindi_fake_0258.wav,0,4.824,-0.6459226012229919,1.0929713249206543,rms_matched,False,0.3479446870465482,hindi,-1.0953096747398376,389842e0cd33cfb9876ef3d2f0e50eb0d9842d3a72efb647244e2cab4f456609c2fe3c3584b5307808cc70d8a9f6cbc18617ef2eadf45ed518b03c0dee8dfd87,0.3479446870465482,0.5791215574656954,0.2345652824744801,0.1838953935711079,0.1006544139814907,0.9383055567741394,4.824,389842e0cd33cfb9876ef3d2f0e50eb0d9842d3a72efb647244e2cab4f456609c2fe3c3584b5307808cc70d8a9f6cbc18617ef2eadf45ed518b03c0dee8dfd87,,,,,,,,
259,70c96a46f6827039223782fee3a93b99fa8168c84d3e5f9a0e2a1f16cfc1d62ad6f52d19ac175ad3ee541abd81068d089df3693e843b932053395156f6ff36b6,hindi_griffinlim_eval_final/fake_hindi_griffinlim/hindi_fake_0259.wav,0,4.716,-5.798641204833984,6.604208469390869,rms_matched,False,0.1202446696547149,hindi,-6.24802827835083,70c96a46f6827039223782fee3a93b99fa8168c84d3e5f9a0e2a1f16cfc1d62ad6f52d19ac175ad3ee541abd81068d089df3693e843b932053395156f6ff36b6,0.1202446696547149,0.6697963991275929,0.1754540678675688,0.1530352526512226,0.1328182072952472,0.9900000095367432,4.716,70c96a46f6827039223782fee3a93b99fa8168c84d3e5f9a0e2a1f16cfc1d62ad6f52d19ac175ad3ee541abd81068d089df3693e843b932053395156f6ff36b6,,,,,,,,
260,984398a9ba94c5ce43b621c6fee2c6092d5ea3632e0b605bf206a5ae59eba42401dbc36603073eec2117374293d2675a9847d91f1c71deeeeee7c5202840a1ea,hindi_griffinlim_eval_final/fake_hindi_griffinlim/hindi_fake_0260.wav,0,4.896,5.508771896362305,-7.164542198181152,rms_matched,False,0.0144788955495525,hindi,5.059384822845459,984398a9ba94c5ce43b621c6fee2c6092d5ea3632e0b605bf206a5ae59eba42401dbc36603073eec2117374293d2675a9847d91f1c71deeeeee7c5202840a1ea,0.0144788955495525,0.2061362183822619,0.4006157293940999,0.3881351078455134,0.0254050628505084,0.134048581123352,4.896,984398a9ba94c5ce43b621c6fee2c6092d5ea3632e0b605bf206a5ae59eba42401dbc36603073eec2117374293d2675a9847d91f1c71deeeeee7c5202840a1ea,,,,,,,,
261,d1d9c267ebee74a32597d31c9167b2edb1f99cb7f4aa13501a5cc3bd519deaa2516058fb40da1e55deef24bb43e231ab5f17484bb11468d631c90e3bf29b76d4,hindi_griffinlim_eval_final/fake_hindi_griffinlim/hindi_fake_0261.wav,0,3.888,6.994573593139648,-9.108159065246582,rms_matched,False,0.0241150527052852,hindi,6.545186519622803,d1d9c267ebee74a32597d31c9167b2edb1f99cb7f4aa13501a5cc3bd519deaa2516058fb40da1e55deef24bb43e231ab5f17484bb11468d631c90e3bf29b76d4,0.0241150527052852,0.1781295778535205,0.4132419833150047,0.4033627457231833,0.0110555144280908,0.0443660616874694,3.888,d1d9c267ebee74a32597d31c9167b2edb1f99cb7f4aa13501a5cc3bd519deaa2516058fb40da1e55deef24bb43e231ab5f17484bb11468d631c90e3bf29b76d4,,,,,,,,
262,42adfde56dd3d69ed58436d1e8a55fac999afb0e390ebc65c299c3cd2b7258cb079683412241e54e7fa275e56a02bd19a10d6a17fead09988cd0fad2e6061e7b,hindi_griffinlim_eval_final/fake_hindi_griffinlim/hindi_fake_0262.wav,0,3.096,-0.8793617486953735,1.388224720954895,rms_matched,False,0.2427498445381238,hindi,-1.3287488222122192,42adfde56dd3d69ed58436d1e8a55fac999afb0e390ebc65c299c3cd2b7258cb079683412241e54e7fa275e56a02bd19a10d6a17fead09988cd0fad2e6061e7b,0.2427498445381238,0.4677388058204055,0.2880209705286787,0.2409364085298664,0.0693974048079856,0.6035788655281067,3.096,42adfde56dd3d69ed58436d1e8a55fac999afb0e390ebc65c299c3cd2b7258cb079683412241e54e7fa275e56a02bd19a10d6a17fead09988cd0fad2e6061e7b,,,,,,,,
263,e6f76063e0bed01647274603154c6319e89caf2d63a94e0c72490f58e3bca473aba94f53d264079979a367057af8c6e8152ef88087ac70720ea6175f8f9e4970,hindi_griffinlim_eval_final/fake_hindi_griffinlim/hindi_fake_0263.wav,0,4.536,-2.4956040382385254,3.3375895023345947,rms_matched,False,0.08749537892025,hindi,-2.944991111755371,e6f76063e0bed01647274603154c6319e89caf2d63a94e0c72490f58e3bca473aba94f53d264079979a367057af8c6e8152ef88087ac70720ea6175f8f9e4970,0.08749537892025,0.5908141868617057,0.2423449612989205,0.1651944563232155,0.1273554880718668,0.9900000095367432,4.536,e6f76063e0bed01647274603154c6319e89caf2d63a94e0c72490f58e3bca473aba94f53d264079979a367057af8c6e8152ef88087ac70720ea6175f8f9e4970,,,,,,,,
264,bd008914e8d61f280ef49d1b81b9ba5feafa0195842fb73953d414962085d13881380f143efa9cc3014fb5083f2ca49ec0ac216b23e48f676493303b320d17d3,hindi_griffinlim_eval_final/fake_hindi_griffinlim/hindi_fake_0264.wav,0,7.884,-0.7883788347244263,1.2725284099578855,rms_matched,False,0.1257797155719152,hindi,-1.237765908241272,bd008914e8d61f280ef49d1b81b9ba5feafa0195842fb73953d414962085d13881380f143efa9cc3014fb5083f2ca49ec0ac216b23e48f676493303b320d17d3,0.1257797155719152,0.4875730600954066,0.2650553626619094,0.2439618750065229,0.0742684540666382,0.6746870279312134,7.884,bd008914e8d61f280ef49d1b81b9ba5feafa0195842fb73953d414962085d13881380f143efa9cc3014fb5083f2ca49ec0ac216b23e48f676493303b320d17d3,,,,,,,,
265,d5417347b8d450c2aefa6ac74539b48c943a0d94b866457184e18c67074d8c2eb785e7191abf9c2199ef4db0873ef3ca503bfeaee470f6ab2506b8c2120a6669,hindi_griffinlim_eval_final/fake_hindi_griffinlim/hindi_fake_0265.wav,0,6.048,-3.3709075450897217,4.132222652435303,rms_matched,False,0.0472980185287804,hindi,-3.8202946186065674,d5417347b8d450c2aefa6ac74539b48c943a0d94b866457184e18c67074d8c2eb785e7191abf9c2199ef4db0873ef3ca503bfeaee470f6ab2506b8c2120a6669,0.0472980185287804,0.360453940903071,0.4207662778674725,0.2164243825513289,0.0853148954725399,0.7717013359069824,6.048,d5417347b8d450c2aefa6ac74539b48c943a0d94b866457184e18c67074d8c2eb785e7191abf9c2199ef4db0873ef3ca503bfeaee470f6ab2506b8c2120a6669,0.3133900554069218,0.4089423404953333,0.277667604097745,0.7081118664566284,14.496487870685051,0.1656368780456971,0.4022847346765921,0.5598046286456935
266,f4be1316ad0e2da63cc723ae7822391bf5e9bebab20d134595b5dfaa0fcfc42a3907fb02b5ee992a496c84610d4d015a0b2f1e8240dc27a431cd55d69b1ab7e3,hindi_griffinlim_eval_final/fake_hindi_griffinlim/hindi_fake_0266.wav,0,4.356,6.002010822296143,-7.799246788024902,rms_matched,False,0.0214824262774868,hindi,5.552623748779297,f4be1316ad0e2da63cc723ae7822391bf5e9bebab20d134595b5dfaa0fcfc42a3907fb02b5ee992a496c84610d4d015a0b2f1e8240dc27a431cd55d69b1ab7e3,0.0214824262774868,0.2490253121032488,0.3856618426123456,0.3605728761223402,0.0315800162916986,0.1688193678855896,4.356,f4be1316ad0e2da63cc723ae7822391bf5e9bebab20d134595b5dfaa0fcfc42a3907fb02b5ee992a496c84610d4d015a0b2f1e8240dc27a431cd55d69b1ab7e3,0.2770898762257591,0.3790622714109576,0.3438478523632832,0.7040180858658522,14.506299585907652,0.1655674768927131,0.4048393094572685,0.5587330698251467
267,e13c23ee2d8500b3cffa2cdf67ef9d827331c36238411c839fe39b077736953b55de43cff6bb2d96066fb6660cc6542db53e3e5abe00c2cb8d79cf3bc38b22fb,hindi_griffinlim_eval_final/fake_hindi_griffinlim/hindi_fake_0267.wav,0,3.78,6.156723499298096,-7.922570705413818,rms_matched,False,0.0138657778873557,hindi,5.70733642578125,e13c23ee2d8500b3cffa2cdf67ef9d827331c36238411c839fe39b077736953b55de43cff6bb2d96066fb6660cc6542db53e3e5abe00c2cb8d79cf3bc38b22fb,0.0138657778873557,0.1907858634665377,0.3355946263600854,0.4693769980414111,0.0314915100829307,0.2835423350334167,3.78,e13c23ee2d8500b3cffa2cdf67ef9d827331c36238411c839fe39b077736953b55de43cff6bb2d96066fb6660cc6542db53e3e5abe00c2cb8d79cf3bc38b22fb,,,,,,,,
268,c3b879809a9ebf0d819103be644fbf3fee1c8cafd1e2c2f905c8d6d5c2497bcd47b0cb932bb4106b5729479e89ca660253ad1158181c72462d1ce0499047db90,hindi_griffinlim_eval_final/fake_hindi_griffinlim/hindi_fake_0268.wav,0,3.996,3.637665271759033,-4.430838584899902,rms_matched,False,0.0380840629179961,hindi,3.1882781982421875,c3b879809a9ebf0d819103be644fbf3fee1c8cafd1e2c2f905c8d6d5c2497bcd47b0cb932bb4106b5729479e89ca660253ad1158181c72462d1ce0499047db90,0.0380840629179961,0.4752573541820015,0.263926567249804,0.2572404246215758,0.0749978271183391,0.3862940073013305,3.996,c3b879809a9ebf0d819103be644fbf3fee1c8cafd1e2c2f905c8d6d5c2497bcd47b0cb932bb4106b5729479e89ca660253ad1158181c72462d1ce0499047db90,,,,,,,,
269,b5368a2dff773c397ef5c49e62c79de17d88d95d2079d13c22dfd061e40dd1528406716bf6158aee618664f8bd5cd01289e1e410afda482364672472b003fd9b,hindi_griffinlim_eval_final/fake_hindi_griffinlim/hindi_fake_0269.wav,0,3.78,4.326066970825195,-5.356473922729492,rms_matched,False,0.0251176392035636,hindi,3.8766798973083496,b5368a2dff773c397ef5c49e62c79de17d88d95d2079d13c22dfd061e40dd1528406716bf6158aee618664f8bd5cd01289e1e410afda482364672472b003fd9b,0.0251176392035636,0.2965833908301779,0.3566272226470339,0.3421998113581213,0.0416432072668654,0.2199810743331909,3.78,b5368a2dff773c397ef5c49e62c79de17d88d95d2079d13c22dfd061e40dd1528406716bf6158aee618664f8bd5cd01289e1e410afda482364672472b003fd9b,,,,,,,,
270,46f23ae11e8565e979749342e1097a77fe3ef574253f10323351763c97b22c07b42362b03c576fa1d45361cede36368bbd6b9325f1f93cd2b8ed161a560ece2a,hindi_griffinlim_eval_final/fake_hindi_griffinlim/hindi_fake_0270.wav,0,3.696,6.904425144195557,-8.96142578125,rms_matched,False,0.02308869445018,hindi,6.455038070678711,46f23ae11e8565e979749342e1097a77fe3ef574253f10323351763c97b22c07b42362b03c576fa1d45361cede36368bbd6b9325f1f93cd2b8ed161a560ece2a,0.02308869445018,0.1974192092700981,0.4052295907825817,0.3920996947534002,0.0174026337240837,0.0765226483345031,3.696,46f23ae11e8565e979749342e1097a77fe3ef574253f10323351763c97b22c07b42362b03c576fa1d45361cede36368bbd6b9325f1f93cd2b8ed161a560ece2a,,,,,,,,
271,e0b0d9bee4bc7b503aa80e3cc2b981cba7d2cd3493201182fda6cfaf6bd0f3c06ed4dece1470c13e0a96e60f29ff7be6ceb53724edc3973a8e5594a8b8f2fb13,hindi_griffinlim_eval_final/fake_hindi_griffinlim/hindi_fake_0271.wav,0,3.996,5.687641143798828,-7.190433502197266,rms_matched,False,0.0351753753941133,hindi,5.238254070281982,e0b0d9bee4bc7b503aa80e3cc2b981cba7d2cd3493201182fda6cfaf6bd0f3c06ed4dece1470c13e0a96e60f29ff7be6ceb53724edc3973a8e5594a8b8f2fb13,0.0351753753941133,0.5045296016715934,0.2509513440705865,0.2413571346307344,0.0846470200729516,0.4442564845085144,3.996,e0b0d9bee4bc7b503aa80e3cc2b981cba7d2cd3493201182fda6cfaf6bd0f3c06ed4dece1470c13e0a96e60f29ff7be6ceb53724edc3973a8e5594a8b8f2fb13,,,,,,,,
272,ec78af2b863dab21a727f2ae9acf3ca8000403bcaaa82e800686048efeb2dcd359c7afd61fc63ea272d52e127546ccc8650a9df372bdb8f30a4df59e828cc263,hindi_griffinlim_eval_final/fake_hindi_griffinlim/hindi_fake_0272.wav,0,4.536,2.4655838012695312,-2.9093775749206543,rms_matched,False,0.0194708363651302,hindi,2.0161967277526855,ec78af2b863dab21a727f2ae9acf3ca8000403bcaaa82e800686048efeb2dcd359c7afd61fc63ea272d52e127546ccc8650a9df372bdb8f30a4df59e828cc263,0.0194708363651302,0.2980883490580236,0.3865701266245997,0.3112319310726369,0.0489721600139163,0.2710636854171753,4.536,ec78af2b863dab21a727f2ae9acf3ca8000403bcaaa82e800686048efeb2dcd359c7afd61fc63ea272d52e127546ccc8650a9df372bdb8f30a4df59e828cc263,0.3189395395510431,0.39110814937995,0.2899523110690068,0.6957647194583685,14.564197771220782,0.1562424359791877,0.3888067172126836,0.5454919713228528
273,ec293248c910c28091014fec13d47bb69cc84f0b265ad0536d7e39390f3de510ab879fa3c23797defe85d8c846a4e148c971e28da6a90a647a9bc37eb03362bc,hindi_griffinlim_eval_final/fake_hindi_griffinlim/hindi_fake_0273.wav,0,6.408,5.5595245361328125,-7.158055305480957,rms_matched,False,0.0164921724580032,hindi,5.110137462615967,ec293248c910c28091014fec13d47bb69cc84f0b265ad0536d7e39390f3de510ab879fa3c23797defe85d8c846a4e148c971e28da6a90a647a9bc37eb03362bc,0.0164921724580032,0.2562810303371052,0.3746507949572041,0.3640161127929623,0.0318834244631391,0.1902345418930053,6.408,ec293248c910c28091014fec13d47bb69cc84f0b265ad0536d7e39390f3de510ab879fa3c23797defe85d8c846a4e148c971e28da6a90a647a9bc37eb03362bc,,,,,,,,
274,1a88297b510c4d15acdd9d6a3f50d13fd6420c8f934e487a7ec5096ab5fbebef165269d581a12002a5eca2cf3fbced4552441668df9c027abd45ef0895eabbc2,hindi_griffinlim_eval_final/fake_hindi_griffinlim/hindi_fake_0274.wav,0,4.248,-0.5362128019332886,0.6333600282669067,rms_matched,False,0.0959324799040561,hindi,-0.9855998754501343,1a88297b510c4d15acdd9d6a3f50d13fd6420c8f934e487a7ec5096ab5fbebef165269d581a12002a5eca2cf3fbced4552441668df9c027abd45ef0895eabbc2,0.0959324799040561,0.4943822139930384,0.3007054359241772,0.2023625421004232,0.0886697976239568,0.6523093581199646,4.248,1a88297b510c4d15acdd9d6a3f50d13fd6420c8f934e487a7ec5096ab5fbebef165269d581a12002a5eca2cf3fbced4552441668df9c027abd45ef0895eabbc2,,,,,,,,
275,c7a77aac9398049c593a06e3bde552061eb033612d2266a548202cc8790a06dd5c5c4fb002e8013ef38f94abed95b3bea0e56c4cb6aa8deecf7c63373764826d,hindi_griffinlim_eval_final/fake_hindi_griffinlim/hindi_fake_0275.wav,0,5.652,-0.4855928421020508,0.9706135392189026,rms_matched,False,0.0699628225257859,hindi,-0.9349799156188965,c7a77aac9398049c593a06e3bde552061eb033612d2266a548202cc8790a06dd5c5c4fb002e8013ef38f94abed95b3bea0e56c4cb6aa8deecf7c63373764826d,0.0699628225257859,0.4521317146533563,0.2882024071511701,0.2563542020072671,0.0680039340442287,0.4812767505645752,5.652,c7a77aac9398049c593a06e3bde552061eb033612d2266a548202cc8790a06dd5c5c4fb002e8013ef38f94abed95b3bea0e56c4cb6aa8deecf7c63373764826d,0.4503213635233368,0.290462503488158,0.2592161329885052,0.7351125836171928,14.308673241191336,0.1891252999008119,0.4503962447765813,0.6050088259351617
276,6ebad08c5960e5ac3ec20197f173828d6da580b660c01794cdd4270089cdd590b3d512277ba38e372e860e7e9e9d9621fbeec2edd3ab07dcfe713a646c246543,hindi_griffinlim_eval_final/fake_hindi_griffinlim/hindi_fake_0276.wav,0,4.356,-1.739075779914856,2.450927734375,rms_matched,False,0.1140716895039442,hindi,-2.1884628534317017,6ebad08c5960e5ac3ec20197f173828d6da580b660c01794cdd4270089cdd590b3d512277ba38e372e860e7e9e9d9621fbeec2edd3ab07dcfe713a646c246543,0.1140716895039442,0.5382930771693885,0.2362527313480627,0.2223671597822606,0.0844015480819149,0.5784920454025269,4.356,6ebad08c5960e5ac3ec20197f173828d6da580b660c01794cdd4270089cdd590b3d512277ba38e372e860e7e9e9d9621fbeec2edd3ab07dcfe713a646c246543,,,,,,,,
277,984398a9ba94c5ce43b621c6fee2c6092d5ea3632e0b605bf206a5ae59eba42401dbc36603073eec2117374293d2675a9847d91f1c71deeeeee7c5202840a1ea,hindi_griffinlim_eval_final/fake_hindi_griffinlim/hindi_fake_0277.wav,0,2.328,-4.026909828186035,4.914983749389648,rms_matched,False,0.1256550852396041,hindi,-4.476296901702881,984398a9ba94c5ce43b621c6fee2c6092d5ea3632e0b605bf206a5ae59eba42401dbc36603073eec2117374293d2675a9847d91f1c71deeeeee7c5202840a1ea,0.1256550852396041,0.5596622823388594,0.2888406790668241,0.1496488814163498,0.1169230934686482,0.8695583939552307,2.328,984398a9ba94c5ce43b621c6fee2c6092d5ea3632e0b605bf206a5ae59eba42401dbc36603073eec2117374293d2675a9847d91f1c71deeeeee7c5202840a1ea,,,,,,,,
278,9be22651e8bee8e72a3187d9a27f0e9ed24c178b528062b4ae5d6a2a32dbb8c6001f6d3f15d60270fefa422a2c58426a2c915931d43266eb48a2d15836111a95,hindi_griffinlim_eval_final/fake_hindi_griffinlim/hindi_fake_0278.wav,0,7.416,3.4360475540161133,-4.287841796875,rms_matched,False,0.0238884301822083,hindi,2.9866604804992676,9be22651e8bee8e72a3187d9a27f0e9ed24c178b528062b4ae5d6a2a32dbb8c6001f6d3f15d60270fefa422a2c58426a2c915931d43266eb48a2d15836111a95,0.0238884301822083,0.3292980932037037,0.3476740850055466,0.3188968828078285,0.0461103668858486,0.3183804154396057,7.416,9be22651e8bee8e72a3187d9a27f0e9ed24c178b528062b4ae5d6a2a32dbb8c6001f6d3f15d60270fefa422a2c58426a2c915931d43266eb48a2d15836111a95,,,,,,,,
279,e3d7f69caea5efb2f5319a49faacdc76440549b08282bef1d81bc2ce2e823cf05f2bbb7d1ec46ef4f681113376a098b117c1ac6a8b1dfe88acf27fa6a9961f31,hindi_griffinlim_eval_final/fake_hindi_griffinlim/hindi_fake_0279.wav,0,6.12,-1.1971255540847778,1.7648210525512695,rms_matched,False,0.025821910900452,hindi,-1.6465126276016235,e3d7f69caea5efb2f5319a49faacdc76440549b08282bef1d81bc2ce2e823cf05f2bbb7d1ec46ef4f681113376a098b117c1ac6a8b1dfe88acf27fa6a9961f31,0.025821910900452,0.3947297806723863,0.309033753952252,0.2923168407260719,0.0577503869647107,0.3182787895202636,6.12,e3d7f69caea5efb2f5319a49faacdc76440549b08282bef1d81bc2ce2e823cf05f2bbb7d1ec46ef4f681113376a098b117c1ac6a8b1dfe88acf27fa6a9961f31,,,,,,,,
280,c1edd0ef566e809ba01bf1a3011df6cd0fbf6a1675ba8002e671dd7b16588ea30ff434c78aaae27b190d16c6d7bd32bdd4a6b1ca631c0b3f819e807b3cdef585,hindi_griffinlim_eval_final/fake_hindi_griffinlim/hindi_fake_0280.wav,0,4.14,6.917410850524902,-8.97446346282959,rms_matched,False,0.0229271027493082,hindi,6.468023777008057,c1edd0ef566e809ba01bf1a3011df6cd0fbf6a1675ba8002e671dd7b16588ea30ff434c78aaae27b190d16c6d7bd32bdd4a6b1ca631c0b3f819e807b3cdef585,0.0229271027493082,0.176927936655014,0.4187073884433104,0.399105861777807,0.0122367756693755,0.0583306550979614,4.14,c1edd0ef566e809ba01bf1a3011df6cd0fbf6a1675ba8002e671dd7b16588ea30ff434c78aaae27b190d16c6d7bd32bdd4a6b1ca631c0b3f819e807b3cdef585,,,,,,,,
281,311217067d55b7cce037852182d16a8e446e955f838c22ea621a12cf2d0fcb73cef39d58af1b90b48bc6a39e94534cd5781370c0e4affc028225fa2b2f7029f0,hindi_griffinlim_eval_final/fake_hindi_griffinlim/hindi_fake_0281.wav,0,4.536,-0.722243070602417,1.2745743989944458,rms_matched,False,0.0546542848261583,hindi,-1.1716301441192627,311217067d55b7cce037852182d16a8e446e955f838c22ea621a12cf2d0fcb73cef39d58af1b90b48bc6a39e94534cd5781370c0e4affc028225fa2b2f7029f0,0.0546542848261583,0.4990243067787904,0.2621954089137853,0.2355855403105007,0.0790807405299707,0.4605070352554321,4.536,311217067d55b7cce037852182d16a8e446e955f838c22ea621a12cf2d0fcb73cef39d58af1b90b48bc6a39e94534cd5781370c0e4affc028225fa2b2f7029f0,,,,,,,,
282,ecc7e59a32c148c0940caf49e33b11c6c9cbcd065d19c3a636df8798f9a2b79eec188e8b8ec5c0ba3212d762cde863f145957a01d44291181826e1579efbcf79,hindi_griffinlim_eval_final/fake_hindi_griffinlim/hindi_fake_0282.wav,0,5.112,6.181336879730225,-8.072256088256836,rms_matched,False,0.0118977869893686,hindi,5.731949806213379,ecc7e59a32c148c0940caf49e33b11c6c9cbcd065d19c3a636df8798f9a2b79eec188e8b8ec5c0ba3212d762cde863f145957a01d44291181826e1579efbcf79,0.0118977869893686,0.1939802002028025,0.4022964325342407,0.3987700333553144,0.0219453697418116,0.0924881696701049,5.112,ecc7e59a32c148c0940caf49e33b11c6c9cbcd065d19c3a636df8798f9a2b79eec188e8b8ec5c0ba3212d762cde863f145957a01d44291181826e1579efbcf79,,,,,,,,
283,6e20e06229081bf9c063f01cd7b3e0a759f5953624213afea5c397d4b7fe9a4dc5dae704a5faf61147d4155de50dc4a2cafdf78e7e2f8a3dc8633f276065b4cc,hindi_griffinlim_eval_final/fake_hindi_griffinlim/hindi_fake_0283.wav,0,4.716,-2.025428533554077,2.8489158153533936,rms_matched,False,0.0619994164241962,hindi,-2.474815607070923,6e20e06229081bf9c063f01cd7b3e0a759f5953624213afea5c397d4b7fe9a4dc5dae704a5faf61147d4155de50dc4a2cafdf78e7e2f8a3dc8633f276065b4cc,0.0619994164241962,0.4706377755208372,0.278957178643973,0.2471640007343447,0.0755849554559627,0.4959712028503418,4.716,6e20e06229081bf9c063f01cd7b3e0a759f5953624213afea5c397d4b7fe9a4dc5dae704a5faf61147d4155de50dc4a2cafdf78e7e2f8a3dc8633f276065b4cc,,,,,,,,
284,5d04e341d28471b5a0877f8fdc6dfb88a706c40c3a904e7e0b0982891ccab4d619b816f3a5dc1025591b7cfdc9f56ef10169afd22bfcd78c1ee7b6fc4e36bc03,hindi_griffinlim_eval_final/fake_hindi_griffinlim/hindi_fake_0284.wav,0,6.696,4.04643440246582,-4.875210762023926,rms_matched,False,0.0199239435958394,hindi,3.5970473289489746,5d04e341d28471b5a0877f8fdc6dfb88a706c40c3a904e7e0b0982891ccab4d619b816f3a5dc1025591b7cfdc9f56ef10169afd22bfcd78c1ee7b6fc4e36bc03,0.0199239435958394,0.2875677923039976,0.3744265779377103,0.3336519505277531,0.0391592931145573,0.2503271102905273,6.696,5d04e341d28471b5a0877f8fdc6dfb88a706c40c3a904e7e0b0982891ccab4d619b816f3a5dc1025591b7cfdc9f56ef10169afd22bfcd78c1ee7b6fc4e36bc03,,,,,,,,
285,6f3cdaef649635685d3a90ee62bab981848e6ed6f25f28b9b43c2f3d4ac51b4e42a36ead3b4b83add1e9bd60f0c66f05ecfe7c7c5154b6345a1c2f1c85b32fa8,hindi_griffinlim_eval_final/fake_hindi_griffinlim/hindi_fake_0285.wav,0,4.608,-4.2346696853637695,5.065395832061768,rms_matched,False,0.052231664249198,hindi,-4.684056758880615,6f3cdaef649635685d3a90ee62bab981848e6ed6f25f28b9b43c2f3d4ac51b4e42a36ead3b4b83add1e9bd60f0c66f05ecfe7c7c5154b6345a1c2f1c85b32fa8,0.052231664249198,0.5826965640229917,0.2544364530978474,0.1608091588080684,0.1106019495445192,0.6819556951522827,4.608,6f3cdaef649635685d3a90ee62bab981848e6ed6f25f28b9b43c2f3d4ac51b4e42a36ead3b4b83add1e9bd60f0c66f05ecfe7c7c5154b6345a1c2f1c85b32fa8,,,,,,,,
286,cba73505723d31fe1d355fd9c1ba00f36d72661f667b151bb2e4db347100a72793ca3d5351e0293af666bf35d2684deb3e4bbc6fe630ffabe699d80709a0ea07,hindi_griffinlim_eval_final/fake_hindi_griffinlim/hindi_fake_0286.wav,0,6.768,6.519179344177246,-8.447160720825195,rms_matched,False,0.0114227205280622,hindi,6.0697922706604,cba73505723d31fe1d355fd9c1ba00f36d72661f667b151bb2e4db347100a72793ca3d5351e0293af666bf35d2684deb3e4bbc6fe630ffabe699d80709a0ea07,0.0114227205280622,0.2056299830566037,0.4002065408702666,0.3889299950746804,0.0208419821046056,0.0966537594795227,6.768,cba73505723d31fe1d355fd9c1ba00f36d72661f667b151bb2e4db347100a72793ca3d5351e0293af666bf35d2684deb3e4bbc6fe630ffabe699d80709a0ea07,,,,,,,,
287,f8d4690343aebc46b5b4f761cbee6d5cd597474f021f677c62c03c23da03907c8e42536fdd96e5ead2cdf210f62bca5450c4902a6ca872aec66acc854084cb5f,hindi_griffinlim_eval_final/fake_hindi_griffinlim/hindi_fake_0287.wav,0,7.704,-0.0876133888959884,0.1763318181037902,rms_matched,False,0.0106341848899179,hindi,-0.5370004624128341,f8d4690343aebc46b5b4f761cbee6d5cd597474f021f677c62c03c23da03907c8e42536fdd96e5ead2cdf210f62bca5450c4902a6ca872aec66acc854084cb5f,0.0106341848899179,0.2958480938810717,0.3665379759600101,0.3332853817308382,0.0425106830744327,0.2161901593208313,7.704,f8d4690343aebc46b5b4f761cbee6d5cd597474f021f677c62c03c23da03907c8e42536fdd96e5ead2cdf210f62bca5450c4902a6ca872aec66acc854084cb5f,,,,,,,,
288,3cc689cef88ce2eef03fd3065b6ad230f3510ced585ce0ed79f637bea2ddf7ab025d93e97a52c579d31d186f0512b29153286885b7c54221a569102a68dec661,hindi_griffinlim_eval_final/fake_hindi_griffinlim/hindi_fake_0288.wav,0,5.76,-1.212753176689148,1.7292237281799316,rms_matched,False,0.2290860870777192,hindi,-1.6621402502059937,3cc689cef88ce2eef03fd3065b6ad230f3510ced585ce0ed79f637bea2ddf7ab025d93e97a52c579d31d186f0512b29153286885b7c54221a569102a68dec661,0.2290860870777192,0.711045775666896,0.288844078381463,2.412811637554582e-05,0.1368210252305546,0.979827880859375,5.76,3cc689cef88ce2eef03fd3065b6ad230f3510ced585ce0ed79f637bea2ddf7ab025d93e97a52c579d31d186f0512b29153286885b7c54221a569102a68dec661,,,,,,,,
289,95340b846e677ea27571958308bb11e2403ec2e4464bba7c97372d324e628a906f6be086595117707361a5dd7b41295d64031b6b2a5f2e50f6dc0a1841fd7fa2,hindi_griffinlim_eval_final/fake_hindi_griffinlim/hindi_fake_0289.wav,0,7.92,6.808680534362793,-8.789865493774414,rms_matched,False,0.0081965690123227,hindi,6.359293460845947,95340b846e677ea27571958308bb11e2403ec2e4464bba7c97372d324e628a906f6be086595117707361a5dd7b41295d64031b6b2a5f2e50f6dc0a1841fd7fa2,0.0081965690123227,0.2106905185676508,0.3964327581553625,0.3876385608880925,0.0230632911035594,0.1033055186271667,7.92,95340b846e677ea27571958308bb11e2403ec2e4464bba7c97372d324e628a906f6be086595117707361a5dd7b41295d64031b6b2a5f2e50f6dc0a1841fd7fa2,,,,,,,,
290,1ab26689a68e6aeb9ee56daf140f5d65c19295d6b65eaef9f51f22cbd867b635758194eb9640790ea7d37a0de2bd5d0f235fb7662cc80dda56261f92c3cb4475,hindi_griffinlim_eval_final/fake_hindi_griffinlim/hindi_fake_0290.wav,0,5.58,-1.909773230552673,2.739003419876098,rms_matched,False,0.0487384779159909,hindi,-2.3591603040695186,1ab26689a68e6aeb9ee56daf140f5d65c19295d6b65eaef9f51f22cbd867b635758194eb9640790ea7d37a0de2bd5d0f235fb7662cc80dda56261f92c3cb4475,0.0487384779159909,0.4085471505312994,0.2578835542871261,0.3308580610012363,0.0823556486478451,0.7629718780517578,5.58,1ab26689a68e6aeb9ee56daf140f5d65c19295d6b65eaef9f51f22cbd867b635758194eb9640790ea7d37a0de2bd5d0f235fb7662cc80dda56261f92c3cb4475,,,,,,,,
291,0d095340640de1eed083de79682cd69d43729d60e08c0a6819dd49b8f15d143165cd66c8061dffa3ce372d4356c10e0bc5cc1a3a224cbe7e1cfeca4c5cfb413d,hindi_griffinlim_eval_final/fake_hindi_griffinlim/hindi_fake_0291.wav,0,3.96,2.420823574066162,-3.180537700653076,rms_matched,False,0.0347681668788704,hindi,1.9714365005493164,0d095340640de1eed083de79682cd69d43729d60e08c0a6819dd49b8f15d143165cd66c8061dffa3ce372d4356c10e0bc5cc1a3a224cbe7e1cfeca4c5cfb413d,0.0347681668788704,0.3079169327456337,0.3749191069442288,0.313131070543735,0.0474834553687173,0.3117620348930359,3.96,0d095340640de1eed083de79682cd69d43729d60e08c0a6819dd49b8f15d143165cd66c8061dffa3ce372d4356c10e0bc5cc1a3a224cbe7e1cfeca4c5cfb413d,,,,,,,,
292,cb191bbd6bef46c81c9d5a49421a071897ee938b184fb94525d71950769ff71a8e4c5380bac3087cf73f11082371a95a9e76e594ba58d9520d5892e39d9d167e,hindi_griffinlim_eval_final/fake_hindi_griffinlim/hindi_fake_0292.wav,0,5.148,-2.224194526672364,2.9916305541992188,rms_matched,False,0.0208158245982759,hindi,-2.67358160018921,cb191bbd6bef46c81c9d5a49421a071897ee938b184fb94525d71950769ff71a8e4c5380bac3087cf73f11082371a95a9e76e594ba58d9520d5892e39d9d167e,0.0208158245982759,0.3471388353707843,0.4184710995963564,0.2317931826296957,0.0768639459954134,0.52861088514328,5.148,cb191bbd6bef46c81c9d5a49421a071897ee938b184fb94525d71950769ff71a8e4c5380bac3087cf73f11082371a95a9e76e594ba58d9520d5892e39d9d167e,,,,,,,,
293,aaf6b52267451edd43f92433e040803b7c695022ac637484427c841d61dddefbc79acf6b684ebc2769e18c649d9b7a520a0041ecb7898d3f7e49d804f477a3ac,hindi_griffinlim_eval_final/fake_hindi_griffinlim/hindi_fake_0293.wav,0,3.06,5.402003288269043,-6.982845306396484,rms_matched,False,0.0276507243718007,hindi,4.952616214752197,aaf6b52267451edd43f92433e040803b7c695022ac637484427c841d61dddefbc79acf6b684ebc2769e18c649d9b7a520a0041ecb7898d3f7e49d804f477a3ac,0.0276507243718007,0.2486684570004464,0.379047901875266,0.3675358217201335,0.0310456956884018,0.1671226024627685,3.06,aaf6b52267451edd43f92433e040803b7c695022ac637484427c841d61dddefbc79acf6b684ebc2769e18c649d9b7a520a0041ecb7898d3f7e49d804f477a3ac,,,,,,,,
294,fa0e5eaef7ca1de58387002c2b682b7b480943dbad6e36170c4c3dabf85516e30d2a6332548e734128bc69878186e8820b707e22b7de10ba7cd80ed20cbe8f81,hindi_griffinlim_eval_final/fake_hindi_griffinlim/hindi_fake_0294.wav,0,5.616,5.32005500793457,-6.62363338470459,rms_matched,False,0.0290342934046798,hindi,4.870667934417725,fa0e5eaef7ca1de58387002c2b682b7b480943dbad6e36170c4c3dabf85516e30d2a6332548e734128bc69878186e8820b707e22b7de10ba7cd80ed20cbe8f81,0.0290342934046798,0.2713427812753121,0.4292223666517356,0.2954257004714883,0.0506162675992689,0.4196616411209106,5.616,fa0e5eaef7ca1de58387002c2b682b7b480943dbad6e36170c4c3dabf85516e30d2a6332548e734128bc69878186e8820b707e22b7de10ba7cd80ed20cbe8f81,,,,,,,,
295,53c5dd7ebb08179dca2b5f3992b991b3d28288202e01a950d1e70510db84b5cdf9cb5e72803a4212e7428e60b2ddda26a81dbdc01410725d0d6de265d86cb530,hindi_griffinlim_eval_final/fake_hindi_griffinlim/hindi_fake_0295.wav,0,7.668,-1.7542603015899658,2.508989095687866,rms_matched,False,0.0262650768523433,hindi,-2.2036473751068115,53c5dd7ebb08179dca2b5f3992b991b3d28288202e01a950d1e70510db84b5cdf9cb5e72803a4212e7428e60b2ddda26a81dbdc01410725d0d6de265d86cb530,0.0262650768523433,0.4319282803286922,0.2991487531849799,0.2653169155404088,0.0671794993790898,0.4159542322158813,7.668,53c5dd7ebb08179dca2b5f3992b991b3d28288202e01a950d1e70510db84b5cdf9cb5e72803a4212e7428e60b2ddda26a81dbdc01410725d0d6de265d86cb530,,,,,,,,
296,a71fe4c8c51459edc23fad3c7288e0216049d06b3ffb15d556328a42b3d18daf25ac6d1566a0037209e321081df2632dfca7bbeabd547b9eeef87ddf1e6ad329,hindi_griffinlim_eval_final/fake_hindi_griffinlim/hindi_fake_0296.wav,0,4.86,-1.072051167488098,1.633725643157959,rms_matched,False,0.0810987307124736,hindi,-1.5214382410049436,a71fe4c8c51459edc23fad3c7288e0216049d06b3ffb15d556328a42b3d18daf25ac6d1566a0037209e321081df2632dfca7bbeabd547b9eeef87ddf1e6ad329,0.0810987307124736,0.4372242871158079,0.2115321689482432,0.3488342924963778,0.088970200955817,0.8897739052772522,4.86,a71fe4c8c51459edc23fad3c7288e0216049d06b3ffb15d556328a42b3d18daf25ac6d1566a0037209e321081df2632dfca7bbeabd547b9eeef87ddf1e6ad329,,,,,,,,
297,6df5947ecd6093ba0b8088111d11231f209c5377b37d2ec78fb66df1c555d0c218e4a7dfd601f4d5395ec9f0579ec4eca44d2fd60b09e80bc62ef446ea485886,hindi_griffinlim_eval_final/fake_hindi_griffinlim/hindi_fake_0297.wav,0,6.12,-3.647641897201538,4.4482927322387695,rms_matched,False,0.0334779232456466,hindi,-4.097028970718384,6df5947ecd6093ba0b8088111d11231f209c5377b37d2ec78fb66df1c555d0c218e4a7dfd601f4d5395ec9f0579ec4eca44d2fd60b09e80bc62ef446ea485886,0.0334779232456466,0.4111966627572386,0.4392737451588679,0.1476209313834617,0.1049881550562349,0.8379840850830078,6.12,6df5947ecd6093ba0b8088111d11231f209c5377b37d2ec78fb66df1c555d0c218e4a7dfd601f4d5395ec9f0579ec4eca44d2fd60b09e80bc62ef446ea485886,,,,,,,,
298,c3b879809a9ebf0d819103be644fbf3fee1c8cafd1e2c2f905c8d6d5c2497bcd47b0cb932bb4106b5729479e89ca660253ad1158181c72462d1ce0499047db90,hindi_griffinlim_eval_final/fake_hindi_griffinlim/hindi_fake_0298.wav,0,3.96,0.7165849208831787,-1.1039466857910156,rms_matched,False,0.0385296515619836,hindi,0.267197847366333,c3b879809a9ebf0d819103be644fbf3fee1c8cafd1e2c2f905c8d6d5c2497bcd47b0cb932bb4106b5729479e89ca660253ad1158181c72462d1ce0499047db90,0.0385296515619836,0.4583628777162225,0.2721995764510968,0.265807002898874,0.0714221900012384,0.3731232285499573,3.96,c3b879809a9ebf0d819103be644fbf3fee1c8cafd1e2c2f905c8d6d5c2497bcd47b0cb932bb4106b5729479e89ca660253ad1158181c72462d1ce0499047db90,,,,,,,,
299,2d27b396006a861ca7b1d045b46c33a62ae2f394d1da44c60a21ec6da2cbb9bbd3c7db23f5bdf57b185987f7c6157ac50f6af45751dff9a96bafc3fe6b5bea2e,hindi_griffinlim_eval_final/fake_hindi_griffinlim/hindi_fake_0299.wav,0,6.588,-5.763360977172852,6.580135345458984,rms_matched,False,0.0868166815654424,hindi,-6.212748050689697,2d27b396006a861ca7b1d045b46c33a62ae2f394d1da44c60a21ec6da2cbb9bbd3c7db23f5bdf57b185987f7c6157ac50f6af45751dff9a96bafc3fe6b5bea2e,0.0868166815654424,0.5160578997158379,0.2880661456279192,0.1932577248433874,0.0926691124642909,0.7238411903381348,6.588,2d27b396006a861ca7b1d045b46c33a62ae2f394d1da44c60a21ec6da2cbb9bbd3c7db23f5bdf57b185987f7c6157ac50f6af45751dff9a96bafc3fe6b5bea2e,,,,,,,,
300,3c47037b539064a039337a1c897e88029bf7cfb906524864e55c38b90aa9efe57730742089a7f2a1b508952b6272c39cd50f7d701230bde9d0afdf4fefc05d8a,hindi_griffinlim_eval_final/fake_hindi_griffinlim/hindi_fake_0300.wav,0,2.664,-5.571473121643066,6.325815200805664,rms_matched,False,0.0581159444879169,hindi,-6.020860195159912,3c47037b539064a039337a1c897e88029bf7cfb906524864e55c38b90aa9efe57730742089a7f2a1b508952b6272c39cd50f7d701230bde9d0afdf4fefc05d8a,0.0581159444879169,0.4417466506748666,0.3216936136499816,0.2335167088635452,0.0772068717989232,0.4712754487991333,2.664,3c47037b539064a039337a1c897e88029bf7cfb906524864e55c38b90aa9efe57730742089a7f2a1b508952b6272c39cd50f7d701230bde9d0afdf4fefc05d8a,,,,,,,,
301,ff8f23f061245d69de7cccf1ee33e0ebd713c56e08f5a4a2f4732746be391af221f711cf9aee47cf8cc4c6402985c5231bff4ac03eaaa1e1a1cef4e1cdaf2936,hindi_griffinlim_eval_final/fake_hindi_griffinlim/hindi_fake_0301.wav,0,2.088,-3.385270595550537,4.318548679351807,rms_matched,False,0.0569416353150974,hindi,-3.834657669067383,ff8f23f061245d69de7cccf1ee33e0ebd713c56e08f5a4a2f4732746be391af221f711cf9aee47cf8cc4c6402985c5231bff4ac03eaaa1e1a1cef4e1cdaf2936,0.0569416353150974,0.4189269755841207,0.3374850811478991,0.2404697068782077,0.0738164361240286,0.4451485872268677,2.088,ff8f23f061245d69de7cccf1ee33e0ebd713c56e08f5a4a2f4732746be391af221f711cf9aee47cf8cc4c6402985c5231bff4ac03eaaa1e1a1cef4e1cdaf2936,,,,,,,,
302,aa9327f862e22c8a7e7c1cc05e596b019cb19e79329dfd7495112ab3dafda315d4ab663885cb951c63be27858c37f1aa245b0907d689b37ee4db113148053cc6,hindi_griffinlim_eval_final/fake_hindi_griffinlim/hindi_fake_0302.wav,0,5.148,-2.5989561080932617,3.386026382446289,rms_matched,False,0.135082072822021,hindi,-3.0483431816101074,aa9327f862e22c8a7e7c1cc05e596b019cb19e79329dfd7495112ab3dafda315d4ab663885cb951c63be27858c37f1aa245b0907d689b37ee4db113148053cc6,0.135082072822021,0.611282882545731,0.2579234208812813,0.1291815184051378,0.1251167483948569,0.986533522605896,5.148,aa9327f862e22c8a7e7c1cc05e596b019cb19e79329dfd7495112ab3dafda315d4ab663885cb951c63be27858c37f1aa245b0907d689b37ee4db113148053cc6,,,,,,,,
303,8a05ca02926d437b43ff4cc21925621fc16dbeaf8e35977e8c6f5da4d29494951203f52e20050d365fe263f76336e15d23cf8d1f0c0514c9fd900f7d92b108a1,hindi_griffinlim_eval_final/fake_hindi_griffinlim/hindi_fake_0303.wav,0,5.688,-0.4874294400215149,1.0461812019348145,rms_matched,False,0.0716038374070016,hindi,-0.9368165135383606,8a05ca02926d437b43ff4cc21925621fc16dbeaf8e35977e8c6f5da4d29494951203f52e20050d365fe263f76336e15d23cf8d1f0c0514c9fd900f7d92b108a1,0.0716038374070016,0.3969105209915164,0.3347225317813568,0.2649344930384675,0.0616275844076446,0.494187593460083,5.688,8a05ca02926d437b43ff4cc21925621fc16dbeaf8e35977e8c6f5da4d29494951203f52e20050d365fe263f76336e15d23cf8d1f0c0514c9fd900f7d92b108a1,,,,,,,,
304,0296590f079d0307e6a54bed03a9a137e124eae99c566ac40f5e14ff6f07084af6f1b3c11b51c8910d774cc6ae571696c616838249c2e12fe64eae03221496c8,hindi_griffinlim_eval_final/fake_hindi_griffinlim/hindi_fake_0304.wav,0,4.248,2.245166301727295,-2.758417844772339,rms_matched,False,0.0724760371121918,hindi,1.7957792282104492,0296590f079d0307e6a54bed03a9a137e124eae99c566ac40f5e14ff6f07084af6f1b3c11b51c8910d774cc6ae571696c616838249c2e12fe64eae03221496c8,0.0724760371121918,0.360005894439367,0.3337972450653301,0.3019402150533894,0.0529029526992816,0.4240128397941589,4.248,0296590f079d0307e6a54bed03a9a137e124eae99c566ac40f5e14ff6f07084af6f1b3c11b51c8910d774cc6ae571696c616838249c2e12fe64eae03221496c8,,,,,,,,
305,2d27b396006a861ca7b1d045b46c33a62ae2f394d1da44c60a21ec6da2cbb9bbd3c7db23f5bdf57b185987f7c6157ac50f6af45751dff9a96bafc3fe6b5bea2e,hindi_griffinlim_eval_final/fake_hindi_griffinlim/hindi_fake_0305.wav,0,7.488,-5.8396711349487305,6.658026218414307,rms_matched,False,0.1133720134213864,hindi,-6.289058208465576,2d27b396006a861ca7b1d045b46c33a62ae2f394d1da44c60a21ec6da2cbb9bbd3c7db23f5bdf57b185987f7c6157ac50f6af45751dff9a96bafc3fe6b5bea2e,0.1133720134213864,0.4887103969301218,0.2840862741808092,0.2242892231146223,0.0769727136460854,0.6586435437202454,7.488,2d27b396006a861ca7b1d045b46c33a62ae2f394d1da44c60a21ec6da2cbb9bbd3c7db23f5bdf57b185987f7c6157ac50f6af45751dff9a96bafc3fe6b5bea2e,,,,,,,,
306,2dd9387ee31e2dfabf2c664ee5a533b648b4c169efb1d67c4d3246b1e1d4adb4bcf85903b3619f188a6913a5a6e2a7cc0311056fd2cf598a2e20dd9a1cd96193,hindi_griffinlim_eval_final/fake_hindi_griffinlim/hindi_fake_0306.wav,0,6.12,-2.337786197662353,3.182255744934082,rms_matched,False,0.0528957070029902,hindi,-2.7871732711791988,2dd9387ee31e2dfabf2c664ee5a533b648b4c169efb1d67c4d3246b1e1d4adb4bcf85903b3619f188a6913a5a6e2a7cc0311056fd2cf598a2e20dd9a1cd96193,0.0528957070029902,0.5464810344958516,0.2400982039546016,0.2109063026730704,0.0999160639568442,0.6951449513435364,6.12,2dd9387ee31e2dfabf2c664ee5a533b648b4c169efb1d67c4d3246b1e1d4adb4bcf85903b3619f188a6913a5a6e2a7cc0311056fd2cf598a2e20dd9a1cd96193,,,,,,,,
307,56ba5616ef927a5c046387ad41208d615386a7bf95a3752a607516baf5fcc8fa5a93d8319617fcece315e6fc4a611dc2c2a3ec78a7e0244368ddcba4c2bfee0a,hindi_griffinlim_eval_final/fake_hindi_griffinlim/hindi_fake_0307.wav,0,3.636,0.5763607025146484,-1.1168360710144043,rms_matched,False,0.1288841630269522,hindi,0.12697362899780273,56ba5616ef927a5c046387ad41208d615386a7bf95a3752a607516baf5fcc8fa5a93d8319617fcece315e6fc4a611dc2c2a3ec78a7e0244368ddcba4c2bfee0a,0.1288841630269522,0.4009747763488184,0.3215200539637956,0.2740400692240493,0.0628871674242537,0.5492875576019287,3.636,56ba5616ef927a5c046387ad41208d615386a7bf95a3752a607516baf5fcc8fa5a93d8319617fcece315e6fc4a611dc2c2a3ec78a7e0244368ddcba4c2bfee0a,,,,,,,,
308,cea40007071ea914e41633e74d05142fd1f5f8f49c154534816017cf89ce625657c804fe479fe87c08854ecd847697d6ca0fb6bcf424006c307f65430c34785e,hindi_griffinlim_eval_final/fake_hindi_griffinlim/hindi_fake_0308.wav,0,6.768,-0.1809740215539932,0.4186688959598541,rms_matched,False,0.030408310420491,hindi,-0.6303610950708389,cea40007071ea914e41633e74d05142fd1f5f8f49c154534816017cf89ce625657c804fe479fe87c08854ecd847697d6ca0fb6bcf424006c307f65430c34785e,0.030408310420491,0.367421432682902,0.3938427599078138,0.2356734696133453,0.0725610401192337,0.555570125579834,6.768,cea40007071ea914e41633e74d05142fd1f5f8f49c154534816017cf89ce625657c804fe479fe87c08854ecd847697d6ca0fb6bcf424006c307f65430c34785e,,,,,,,,
309,c3ef3ab4323cf25135e6b13c5baf4f313c3c59fea4cf21337ecb956e033b5b79db26a65c4279f7092dda2c2d1a5175e591e08ba495a247500fe295c3b8cc5327,hindi_griffinlim_eval_final/fake_hindi_griffinlim/hindi_fake_0309.wav,0,3.264,-2.6554818153381348,3.515608549118042,rms_matched,False,0.1163088886263202,hindi,-3.1048688888549805,c3ef3ab4323cf25135e6b13c5baf4f313c3c59fea4cf21337ecb956e033b5b79db26a65c4279f7092dda2c2d1a5175e591e08ba495a247500fe295c3b8cc5327,0.1163088886263202,0.6158279067327753,0.205584361560695,0.1762666095414335,0.1072508936212686,0.6918945908546448,3.264,c3ef3ab4323cf25135e6b13c5baf4f313c3c59fea4cf21337ecb956e033b5b79db26a65c4279f7092dda2c2d1a5175e591e08ba495a247500fe295c3b8cc5327,,,,,,,,
310,5d04e341d28471b5a0877f8fdc6dfb88a706c40c3a904e7e0b0982891ccab4d619b816f3a5dc1025591b7cfdc9f56ef10169afd22bfcd78c1ee7b6fc4e36bc03,hindi_griffinlim_eval_final/fake_hindi_griffinlim/hindi_fake_0310.wav,0,5.544,1.5021547079086304,-2.0340867042541504,peak_normalized,True,0.9840918172390511,hindi,1.0527676343917847,5d04e341d28471b5a0877f8fdc6dfb88a706c40c3a904e7e0b0982891ccab4d619b816f3a5dc1025591b7cfdc9f56ef10169afd22bfcd78c1ee7b6fc4e36bc03,0.9840918172390511,0.8579985606873669,0.138394269049504,0.0034955220454304,0.0937280969902042,0.990020751953125,5.536,5d04e341d28471b5a0877f8fdc6dfb88a706c40c3a904e7e0b0982891ccab4d619b816f3a5dc1025591b7cfdc9f56ef10169afd22bfcd78c1ee7b6fc4e36bc03,,,,,,,,
311,9960686415eb494ee9537261d6666881f9ba972c52152db480cd96dd07d7bf619cd2f1f9d30815cdc61bbbd4eb031b57cf2297022021dc923732cd69a3a4a5d4,hindi_griffinlim_eval_final/fake_hindi_griffinlim/hindi_fake_0311.wav,0,3.744,0.2391542345285415,-0.4296949505805969,rms_matched,False,0.053868241267605,hindi,-0.2102328389883042,9960686415eb494ee9537261d6666881f9ba972c52152db480cd96dd07d7bf619cd2f1f9d30815cdc61bbbd4eb031b57cf2297022021dc923732cd69a3a4a5d4,0.053868241267605,0.344538658456762,0.3294208800755402,0.321637873793954,0.0483729459281352,0.339709997177124,3.744,9960686415eb494ee9537261d6666881f9ba972c52152db480cd96dd07d7bf619cd2f1f9d30815cdc61bbbd4eb031b57cf2297022021dc923732cd69a3a4a5d4,,,,,,,,
312,1dab0a43e9720c288528bb0aa9f27d67d429f550442c898d5be29fba84cba6c1f8c882ae46f1d75a260964131e51dd4de0447d2a63dbe72957d89bb70d7af451,hindi_griffinlim_eval_final/fake_hindi_griffinlim/hindi_fake_0312.wav,0,5.256,0.9964420795440674,-1.54801607131958,rms_matched,False,0.0590654172721443,hindi,0.5470550060272217,1dab0a43e9720c288528bb0aa9f27d67d429f550442c898d5be29fba84cba6c1f8c882ae46f1d75a260964131e51dd4de0447d2a63dbe72957d89bb70d7af451,0.0590654172721443,0.372425388445744,0.3194820295849917,0.3041526081475715,0.0513720431151832,0.3847856521606445,5.256,1dab0a43e9720c288528bb0aa9f27d67d429f550442c898d5be29fba84cba6c1f8c882ae46f1d75a260964131e51dd4de0447d2a63dbe72957d89bb70d7af451,,,,,,,,
313,9698b39cb85f238f1346eea2dba721e4e8fb440bd4d14b632aef84108f02f47d028463a7076a9eb0333b72fab260a9357f045de63eaaa3c7374ce6a692e081ba,hindi_griffinlim_eval_final/fake_hindi_griffinlim/hindi_fake_0313.wav,0,7.056,-5.101017951965332,5.967354774475098,rms_matched,False,0.0451638247257812,hindi,-5.550405025482178,9698b39cb85f238f1346eea2dba721e4e8fb440bd4d14b632aef84108f02f47d028463a7076a9eb0333b72fab260a9357f045de63eaaa3c7374ce6a692e081ba,0.0451638247257812,0.5795801342793504,0.223206093814523,0.1952066704787522,0.1115144289698896,0.7920046448707581,7.056,9698b39cb85f238f1346eea2dba721e4e8fb440bd4d14b632aef84108f02f47d028463a7076a9eb0333b72fab260a9357f045de63eaaa3c7374ce6a692e081ba,,,,,,,,
314,9a862e8c754a334f2c39963b8da67e4e6e46ef2889e6ac772bb3e3847c4e1586e46be4d21adf569a90009925022013d8900d5ec065a6eaf767a5f0c3f1317f6d,hindi_griffinlim_eval_final/fake_hindi_griffinlim/hindi_fake_0314.wav,0,6.228,-5.5660176277160645,6.386962890625,rms_matched,False,0.0649684715645442,hindi,-6.01540470123291,9a862e8c754a334f2c39963b8da67e4e6e46ef2889e6ac772bb3e3847c4e1586e46be4d21adf569a90009925022013d8900d5ec065a6eaf767a5f0c3f1317f6d,0.0649684715645442,0.4852032425955181,0.3263518693104619,0.1861506914242936,0.094135811397856,0.7243945002555847,6.228,9a862e8c754a334f2c39963b8da67e4e6e46ef2889e6ac772bb3e3847c4e1586e46be4d21adf569a90009925022013d8900d5ec065a6eaf767a5f0c3f1317f6d,,,,,,,,
315,eadc13b88ea5631a21a2beb0917e9be628171b8aaae29918cb08b2afa62e820e01d0a5e21154b643f10067864ae138783bc31abf1a13b86bcb072fa0f0df4d40,hindi_griffinlim_eval_final/fake_hindi_griffinlim/hindi_fake_0315.wav,0,6.696,0.9371713399887084,-1.3515522480010986,rms_matched,False,0.033965518486859,hindi,0.4877842664718627,eadc13b88ea5631a21a2beb0917e9be628171b8aaae29918cb08b2afa62e820e01d0a5e21154b643f10067864ae138783bc31abf1a13b86bcb072fa0f0df4d40,0.033965518486859,0.3603461312099525,0.3226441217744055,0.3128637066557316,0.0523080583643892,0.3819270133972168,6.696,eadc13b88ea5631a21a2beb0917e9be628171b8aaae29918cb08b2afa62e820e01d0a5e21154b643f10067864ae138783bc31abf1a13b86bcb072fa0f0df4d40,,,,,,,,
316,58913ffb4a411d7b14318c0cadbfb8ccdf1ed3dd5c7173b948c382329be9bb3fd15f6a5b863c94639786da4b32fa679087d9b0d4a04711dec86e1b82ed92c369,hindi_griffinlim_eval_final/fake_hindi_griffinlim/hindi_fake_0316.wav,0,5.04,-5.730527877807617,6.578933238983154,rms_matched,False,0.0294725202857061,hindi,-6.179914951324463,58913ffb4a411d7b14318c0cadbfb8ccdf1ed3dd5c7173b948c382329be9bb3fd15f6a5b863c94639786da4b32fa679087d9b0d4a04711dec86e1b82ed92c369,0.0294725202857061,0.4888142025215325,0.3705334918488094,0.1389946542834468,0.1184559093253871,0.8364415764808655,5.04,58913ffb4a411d7b14318c0cadbfb8ccdf1ed3dd5c7173b948c382329be9bb3fd15f6a5b863c94639786da4b32fa679087d9b0d4a04711dec86e1b82ed92c369,,,,,,,,
317,be71c5c863d6de0f351032d62a7be08c92ba176b5062de0dafb4440746492bbcf9cd33f72220ff106d4b21f86dd04bb624bf109c7252900c3f92b4303d603af1,hindi_griffinlim_eval_final/fake_hindi_griffinlim/hindi_fake_0317.wav,0,6.624,5.925760269165039,-7.759757995605469,rms_matched,False,0.0117529044778097,hindi,5.476373195648193,be71c5c863d6de0f351032d62a7be08c92ba176b5062de0dafb4440746492bbcf9cd33f72220ff106d4b21f86dd04bb624bf109c7252900c3f92b4303d603af1,0.0117529044778097,0.23503349420936,0.3846959703905898,0.3751401575251861,0.0281849446915219,0.137215256690979,6.624,be71c5c863d6de0f351032d62a7be08c92ba176b5062de0dafb4440746492bbcf9cd33f72220ff106d4b21f86dd04bb624bf109c7252900c3f92b4303d603af1,,,,,,,,
318,2270a4902001989b755fb2acc9d13918db9f6f89d7d5b1cf38d55ba7ef62d366249b464061d0c3df63c12f38b738d552ba6e854c9e09ebf766f61506d2a1732e,hindi_griffinlim_eval_final/fake_hindi_griffinlim/hindi_fake_0318.wav,0,5.796,5.875014305114746,-7.579028606414795,rms_matched,False,0.0142561660507373,hindi,5.4256272315979,2270a4902001989b755fb2acc9d13918db9f6f89d7d5b1cf38d55ba7ef62d366249b464061d0c3df63c12f38b738d552ba6e854c9e09ebf766f61506d2a1732e,0.0142561660507373,0.241624696844957,0.386575792102758,0.367085536455084,0.0304550030869473,0.15363210439682,5.796,2270a4902001989b755fb2acc9d13918db9f6f89d7d5b1cf38d55ba7ef62d366249b464061d0c3df63c12f38b738d552ba6e854c9e09ebf766f61506d2a1732e,,,,,,,,
319,ea8f8541a19f474c4246d33005ad2c365f8b82b7a9b214bc39bd7b0ea6469e6d17fc574bce867f5fa60612c98df61735b7e95bf0d9c731a290e4c4bd515098bb,hindi_griffinlim_eval_final/fake_hindi_griffinlim/hindi_fake_0319.wav,0,3.816,-1.7726064920425415,2.5358805656433105,rms_matched,False,0.0914218798093685,hindi,-2.221993565559387,ea8f8541a19f474c4246d33005ad2c365f8b82b7a9b214bc39bd7b0ea6469e6d17fc574bce867f5fa60612c98df61735b7e95bf0d9c731a290e4c4bd515098bb,0.0914218798093685,0.4748853101465545,0.2921999804729271,0.2299698689939105,0.0769273607625733,0.5266452431678772,3.816,ea8f8541a19f474c4246d33005ad2c365f8b82b7a9b214bc39bd7b0ea6469e6d17fc574bce867f5fa60612c98df61735b7e95bf0d9c731a290e4c4bd515098bb,0.3842911902613327,0.334313652573945,0.2813951571647222,0.733357649519252,14.33261502367606,0.1868773497916914,0.4412214789203236,0.596549041541132
320,d5880664e0b201cf24b4972ea9890b801afe05af05cd4302d95952f06934198872328efbf6eb11bf51e169d4c62a0e8756088bbe001fc353a9b6d080ed9ee3dc,hindi_griffinlim_eval_final/fake_hindi_griffinlim/hindi_fake_0320.wav,0,6.552,-5.833674430847168,6.766982078552246,rms_matched,False,0.0594343701282696,hindi,-6.283061504364014,d5880664e0b201cf24b4972ea9890b801afe05af05cd4302d95952f06934198872328efbf6eb11bf51e169d4c62a0e8756088bbe001fc353a9b6d080ed9ee3dc,0.0594343701282696,0.6683296111938936,0.1928615519400303,0.1370681302841791,0.1213975574314472,0.7574371695518494,6.552,d5880664e0b201cf24b4972ea9890b801afe05af05cd4302d95952f06934198872328efbf6eb11bf51e169d4c62a0e8756088bbe001fc353a9b6d080ed9ee3dc,,,,,,,,
321,d5880664e0b201cf24b4972ea9890b801afe05af05cd4302d95952f06934198872328efbf6eb11bf51e169d4c62a0e8756088bbe001fc353a9b6d080ed9ee3dc,hindi_griffinlim_eval_final/fake_hindi_griffinlim/hindi_fake_0321.wav,0,4.176,-4.109903812408447,4.985796928405762,rms_matched,False,0.1335893493364363,hindi,-4.559290885925293,d5880664e0b201cf24b4972ea9890b801afe05af05cd4302d95952f06934198872328efbf6eb11bf51e169d4c62a0e8756088bbe001fc353a9b6d080ed9ee3dc,0.1335893493364363,0.5425325088523663,0.247080229327748,0.2075779929970858,0.08825711147007,0.6323460340499878,4.176,d5880664e0b201cf24b4972ea9890b801afe05af05cd4302d95952f06934198872328efbf6eb11bf51e169d4c62a0e8756088bbe001fc353a9b6d080ed9ee3dc,,,,,,,,
322,da10f782c53d93ec1dbf793a1f5404dbdfd390c9abdacd218d0c47e2366a569d50841b5ad9075f9b83e2c16b9194ab1be1f91e407a546218999fa14e2b49a3eb,hindi_griffinlim_eval_final/fake_hindi_griffinlim/hindi_fake_0322.wav,0,6.024,-5.3172807693481445,6.020162582397461,rms_matched,False,0.1312671655130887,hindi,-5.76666784286499,da10f782c53d93ec1dbf793a1f5404dbdfd390c9abdacd218d0c47e2366a569d50841b5ad9075f9b83e2c16b9194ab1be1f91e407a546218999fa14e2b49a3eb,0.1312671655130887,0.6227862912905796,0.2060941162596541,0.1689341953965868,0.1051269424047214,0.7570610046386719,6.024,da10f782c53d93ec1dbf793a1f5404dbdfd390c9abdacd218d0c47e2366a569d50841b5ad9075f9b83e2c16b9194ab1be1f91e407a546218999fa14e2b49a3eb,,,,,,,,
323,9801769c27a3734c88c438fbbc4fd95e31d1f04128a9c1119883a512df216d892440e9a8f3d14c835b7e50e57a3e746ce0490c6316f545cb28de9cc9947b9545,hindi_griffinlim_eval_final/fake_hindi_griffinlim/hindi_fake_0323.wav,0,4.968,-0.3020569682121277,0.5673276782035828,rms_matched,False,0.0952041196449223,hindi,-0.7514440417289734,9801769c27a3734c88c438fbbc4fd95e31d1f04128a9c1119883a512df216d892440e9a8f3d14c835b7e50e57a3e746ce0490c6316f545cb28de9cc9947b9545,0.0952041196449223,0.5948587644631025,0.2062238412331085,0.1963495469661559,0.0967221045637297,0.6213386058807373,4.968,9801769c27a3734c88c438fbbc4fd95e31d1f04128a9c1119883a512df216d892440e9a8f3d14c835b7e50e57a3e746ce0490c6316f545cb28de9cc9947b9545,,,,,,,,
324,3cc689cef88ce2eef03fd3065b6ad230f3510ced585ce0ed79f637bea2ddf7ab025d93e97a52c579d31d186f0512b29153286885b7c54221a569102a68dec661,hindi_griffinlim_eval_final/fake_hindi_griffinlim/hindi_fake_0324.wav,0,4.716,-1.87823224067688,2.7160685062408447,rms_matched,False,0.0161350033999644,hindi,-2.3276193141937256,3cc689cef88ce2eef03fd3065b6ad230f3510ced585ce0ed79f637bea2ddf7ab025d93e97a52c579d31d186f0512b29153286885b7c54221a569102a68dec661,0.0161350033999644,0.3655618311872282,0.4998490539576322,0.1328329014789069,0.108819947884613,0.7835110425949097,4.716,3cc689cef88ce2eef03fd3065b6ad230f3510ced585ce0ed79f637bea2ddf7ab025d93e97a52c579d31d186f0512b29153286885b7c54221a569102a68dec661,,,,,,,,
325,8023dc679c28a4172456d8e4b741aba9ed1895ba41b8cd0fd18f02c6775991869a2b8c2802e6ee72defb8caf5ec8ccad0b6fe8fa2b264bb9448ebca8b25c5989,hindi_griffinlim_eval_final/fake_hindi_griffinlim/hindi_fake_0325.wav,0,6.228,-3.7222509384155273,4.592748641967773,rms_matched,False,0.0320749357551479,hindi,-4.171638011932373,8023dc679c28a4172456d8e4b741aba9ed1895ba41b8cd0fd18f02c6775991869a2b8c2802e6ee72defb8caf5ec8ccad0b6fe8fa2b264bb9448ebca8b25c5989,0.0320749357551479,0.4118102081652008,0.4218887403335741,0.1641854180443231,0.0976456469501902,0.7493082880973816,6.228,8023dc679c28a4172456d8e4b741aba9ed1895ba41b8cd0fd18f02c6775991869a2b8c2802e6ee72defb8caf5ec8ccad0b6fe8fa2b264bb9448ebca8b25c5989,,,,,,,,
326,e13c23ee2d8500b3cffa2cdf67ef9d827331c36238411c839fe39b077736953b55de43cff6bb2d96066fb6660cc6542db53e3e5abe00c2cb8d79cf3bc38b22fb,hindi_griffinlim_eval_final/fake_hindi_griffinlim/hindi_fake_0326.wav,0,3.6,6.838738441467285,-8.913566589355469,rms_matched,False,0.0216037403438282,hindi,6.3893513679504395,e13c23ee2d8500b3cffa2cdf67ef9d827331c36238411c839fe39b077736953b55de43cff6bb2d96066fb6660cc6542db53e3e5abe00c2cb8d79cf3bc38b22fb,0.0216037403438282,0.2052161059795308,0.4016015208826366,0.3880972256729992,0.0212859647326471,0.0999553203582763,3.6,e13c23ee2d8500b3cffa2cdf67ef9d827331c36238411c839fe39b077736953b55de43cff6bb2d96066fb6660cc6542db53e3e5abe00c2cb8d79cf3bc38b22fb,,,,,,,,
327,9daf98d1ee349378718aead0f9edd13b1352e0fe0e72a2d71aa458a79d9f474c8680549bf1d62115d59c13d52d97364c5672adb795ac73db59b709c92cb7870e,hindi_griffinlim_eval_final/fake_hindi_griffinlim/hindi_fake_0327.wav,0,3.528,-0.782440185546875,1.38123619556427,rms_matched,False,0.0704812166986724,hindi,-1.2318272590637207,9daf98d1ee349378718aead0f9edd13b1352e0fe0e72a2d71aa458a79d9f474c8680549bf1d62115d59c13d52d97364c5672adb795ac73db59b709c92cb7870e,0.0704812166986724,0.3901574164718758,0.3762850807753487,0.2304093879645111,0.0746180451154488,0.5744659900665283,3.528,9daf98d1ee349378718aead0f9edd13b1352e0fe0e72a2d71aa458a79d9f474c8680549bf1d62115d59c13d52d97364c5672adb795ac73db59b709c92cb7870e,,,,,,,,
328,a77463c4923319faa0aa9e316c75a0c0b8b57506ca68d5ae159872b937710f58e5559c8f319e0d9b23c3c80f7bff29a739634859ac38c3cb38e1f278cc7d4b97,hindi_griffinlim_eval_final/fake_hindi_griffinlim/hindi_fake_0328.wav,0,6.192,4.069516181945801,-4.960406303405762,rms_matched,False,0.0151599090448388,hindi,3.620129108428955,a77463c4923319faa0aa9e316c75a0c0b8b57506ca68d5ae159872b937710f58e5559c8f319e0d9b23c3c80f7bff29a739634859ac38c3cb38e1f278cc7d4b97,0.0151599090448388,0.277337649517366,0.368779577932409,0.3492239407675174,0.0363599057301393,0.1832649111747741,6.192,a77463c4923319faa0aa9e316c75a0c0b8b57506ca68d5ae159872b937710f58e5559c8f319e0d9b23c3c80f7bff29a739634859ac38c3cb38e1f278cc7d4b97,,,,,,,,
329,ed5627c36413bada41ea1e6c75f249a22863f90dfe81b12b40587549b6f59442964cae88a1db7d7b111bdf5baee22c51842eefbfa75af862de09d7609b6e3af2,hindi_griffinlim_eval_final/fake_hindi_griffinlim/hindi_fake_0329.wav,0,3.528,-0.8649871945381165,1.3369691371917725,rms_matched,False,0.493219914541245,hindi,-1.3143742680549622,ed5627c36413bada41ea1e6c75f249a22863f90dfe81b12b40587549b6f59442964cae88a1db7d7b111bdf5baee22c51842eefbfa75af862de09d7609b6e3af2,0.493219914541245,0.8598961799154727,0.1316685073698355,0.0083669368176716,0.1399457357972917,0.909820556640625,3.52,ed5627c36413bada41ea1e6c75f249a22863f90dfe81b12b40587549b6f59442964cae88a1db7d7b111bdf5baee22c51842eefbfa75af862de09d7609b6e3af2,,,,,,,,
330,9daf98d1ee349378718aead0f9edd13b1352e0fe0e72a2d71aa458a79d9f474c8680549bf1d62115d59c13d52d97364c5672adb795ac73db59b709c92cb7870e,hindi_griffinlim_eval_final/fake_hindi_griffinlim/hindi_fake_0330.wav,0,4.176,-2.5373873710632324,3.349676609039306,rms_matched,False,0.0600272158602428,hindi,-2.986774444580078,9daf98d1ee349378718aead0f9edd13b1352e0fe0e72a2d71aa458a79d9f474c8680549bf1d62115d59c13d52d97364c5672adb795ac73db59b709c92cb7870e,0.0600272158602428,0.4969639588362733,0.3297778100585994,0.1710974149263978,0.1009430404130748,0.703231155872345,4.176,9daf98d1ee349378718aead0f9edd13b1352e0fe0e72a2d71aa458a79d9f474c8680549bf1d62115d59c13d52d97364c5672adb795ac73db59b709c92cb7870e,0.3692665466202078,0.3710311033936262,0.2597023499861659,0.7183276042017175,14.35449509513531,0.198977433635888,0.4275141352099762,0.5753381414221074
331,46369e01baf2553b6269322ed95fc7afe1865c88e5f462390a20e35e6af12cc97960c4874ecda585cb422e132fee3f04da4f91fa41175b3b36d9bc7d7033edf1,hindi_griffinlim_eval_final/fake_hindi_griffinlim/hindi_fake_0331.wav,0,5.04,-0.2607082426548004,0.2589415609836578,rms_matched,False,0.0295635695550438,hindi,-0.7100953161716461,46369e01baf2553b6269322ed95fc7afe1865c88e5f462390a20e35e6af12cc97960c4874ecda585cb422e132fee3f04da4f91fa41175b3b36d9bc7d7033edf1,0.0295635695550438,0.3876581094453949,0.3421491622506918,0.2665768325639587,0.0648567249554891,0.3872694373130798,5.04,46369e01baf2553b6269322ed95fc7afe1865c88e5f462390a20e35e6af12cc97960c4874ecda585cb422e132fee3f04da4f91fa41175b3b36d9bc7d7033edf1,,,,,,,,
332,29bcb273adde2fc3bc2e4595307cca55f7a2164b643bd634a478297488389dd87132dba219b5a51a5b42b59a42fe5eef68ff2cd098bb675cf680befd442613d5,hindi_griffinlim_eval_final/fake_hindi_griffinlim/hindi_fake_0332.wav,0,5.256,-0.7534881830215454,1.2243919372558594,rms_matched,False,0.1183043203350104,hindi,-1.2028752565383911,29bcb273adde2fc3bc2e4595307cca55f7a2164b643bd634a478297488389dd87132dba219b5a51a5b42b59a42fe5eef68ff2cd098bb675cf680befd442613d5,0.1183043203350104,0.507324503651374,0.280836581218285,0.2091761190580467,0.0920680061043171,0.755981981754303,5.256,29bcb273adde2fc3bc2e4595307cca55f7a2164b643bd634a478297488389dd87132dba219b5a51a5b42b59a42fe5eef68ff2cd098bb675cf680befd442613d5,,,,,,,,
333,02a40eed38bf20ab1ddca1a5c60f5b2cadd5455be21c7a1ab8e87d65a6fec68495c0d24d8fecdfe3f9d132fdfa842dba33dca093df21b19f3d325519779d13d0,hindi_griffinlim_eval_final/fake_hindi_griffinlim/hindi_fake_0333.wav,0,3.24,5.664750099182129,-7.318172454833984,rms_matched,False,0.0242662088901772,hindi,5.215363025665283,02a40eed38bf20ab1ddca1a5c60f5b2cadd5455be21c7a1ab8e87d65a6fec68495c0d24d8fecdfe3f9d132fdfa842dba33dca093df21b19f3d325519779d13d0,0.0242662088901772,0.2774472672693198,0.3661001780064148,0.3518427506492871,0.0376587637403488,0.1817360520362854,3.24,02a40eed38bf20ab1ddca1a5c60f5b2cadd5455be21c7a1ab8e87d65a6fec68495c0d24d8fecdfe3f9d132fdfa842dba33dca093df21b19f3d325519779d13d0,,,,,,,,
334,79741f3153a904c0ddeb1d81d69b137d61adb2a3f1c8ea30fd32a88a4f7028bbb73f1515f3cac14ad147b8c1845846d96d9333173f71677d207b7ff1357a37c5,hindi_griffinlim_eval_final/fake_hindi_griffinlim/hindi_fake_0334.wav,0,5.232,-2.1642816066741943,2.8871395587921143,rms_matched,False,0.1011739059276043,hindi,-2.61366868019104,79741f3153a904c0ddeb1d81d69b137d61adb2a3f1c8ea30fd32a88a4f7028bbb73f1515f3cac14ad147b8c1845846d96d9333173f71677d207b7ff1357a37c5,0.1011739059276043,0.4372288751358823,0.300162391315839,0.2592173549126351,0.0712059022794176,0.6013485193252563,5.232,79741f3153a904c0ddeb1d81d69b137d61adb2a3f1c8ea30fd32a88a4f7028bbb73f1515f3cac14ad147b8c1845846d96d9333173f71677d207b7ff1357a37c5,,,,,,,,
335,a260ddbc5acffed848007a0a9ec6b79936f77999c825631f8f7eb91c11e3369d404de512eb961b464b0208a5da2d4a8cf154dba0a4d11010520e02dbf6039b2f,hindi_griffinlim_eval_final/fake_hindi_griffinlim/hindi_fake_0335.wav,0,5.868,-4.954599380493164,5.782218456268311,rms_matched,False,0.0244320588080985,hindi,-5.40398645401001,a260ddbc5acffed848007a0a9ec6b79936f77999c825631f8f7eb91c11e3369d404de512eb961b464b0208a5da2d4a8cf154dba0a4d11010520e02dbf6039b2f,0.0244320588080985,0.3592197090109218,0.5011683994348651,0.1381110919734513,0.1146738449601525,0.98465234041214,5.868,a260ddbc5acffed848007a0a9ec6b79936f77999c825631f8f7eb91c11e3369d404de512eb961b464b0208a5da2d4a8cf154dba0a4d11010520e02dbf6039b2f,,,,,,,,
336,ae0a0fe60554522906f5f10d702870d8b639c50f99a9ba0d357814bdce5f39421c6e2ac11f10a3e1b2d1bc606b887b6fc12d2b50fa34afe36a725b6191d5ab4b,hindi_griffinlim_eval_final/fake_hindi_griffinlim/hindi_fake_0336.wav,0,7.224,-1.9177348613739007,2.5891599655151367,rms_matched,False,0.0229165659519934,hindi,-2.367121934890746,ae0a0fe60554522906f5f10d702870d8b639c50f99a9ba0d357814bdce5f39421c6e2ac11f10a3e1b2d1bc606b887b6fc12d2b50fa34afe36a725b6191d5ab4b,0.0229165659519934,0.4342193805526172,0.2905925389038281,0.271559993443001,0.0646847194897967,0.3477178812026977,7.224,ae0a0fe60554522906f5f10d702870d8b639c50f99a9ba0d357814bdce5f39421c6e2ac11f10a3e1b2d1bc606b887b6fc12d2b50fa34afe36a725b6191d5ab4b,,,,,,,,
337,8532ee1920f74cab963f7b2895f0b5d5519a8762bb1f3b742293915270928c8826003a955e9a9a092982572ddaceed20ff3eaedd2517aa8c4a3759585bfb5493,hindi_griffinlim_eval_final/fake_hindi_griffinlim/hindi_fake_0337.wav,0,6.084,-0.6453819870948792,1.2103664875030518,rms_matched,False,0.0177498013098803,hindi,-1.0947690606117249,8532ee1920f74cab963f7b2895f0b5d5519a8762bb1f3b742293915270928c8826003a955e9a9a092982572ddaceed20ff3eaedd2517aa8c4a3759585bfb5493,0.0177498013098803,0.2750109686553729,0.4308408988930648,0.2902866401500921,0.0485613411017615,0.3165647983551025,6.084,8532ee1920f74cab963f7b2895f0b5d5519a8762bb1f3b742293915270928c8826003a955e9a9a092982572ddaceed20ff3eaedd2517aa8c4a3759585bfb5493,,,,,,,,
338,ccd20bfc67c11f3e895626eb3d7e07e2eecb1ce583467fa1a70d8bda435a9fc5cf14c4a421d7811cf579acb2397447cbd649ac6eaaa8073a71a7d04ccb90882b,hindi_griffinlim_eval_final/fake_hindi_griffinlim/hindi_fake_0338.wav,0,3.564,-4.297094345092773,5.081413269042969,rms_matched,False,0.1087481162370208,hindi,-4.746481418609619,ccd20bfc67c11f3e895626eb3d7e07e2eecb1ce583467fa1a70d8bda435a9fc5cf14c4a421d7811cf579acb2397447cbd649ac6eaaa8073a71a7d04ccb90882b,0.1087481162370208,0.6920361872641405,0.1821752397155117,0.1242784289701868,0.1415580544637298,0.9900000095367432,3.564,ccd20bfc67c11f3e895626eb3d7e07e2eecb1ce583467fa1a70d8bda435a9fc5cf14c4a421d7811cf579acb2397447cbd649ac6eaaa8073a71a7d04ccb90882b,,,,,,,,
339,9be22651e8bee8e72a3187d9a27f0e9ed24c178b528062b4ae5d6a2a32dbb8c6001f6d3f15d60270fefa422a2c58426a2c915931d43266eb48a2d15836111a95,hindi_griffinlim_eval_final/fake_hindi_griffinlim/hindi_fake_0339.wav,0,4.248,-0.4434027671813965,0.9132031798362732,rms_matched,False,0.1685406087335914,hindi,-0.8927898406982422,9be22651e8bee8e72a3187d9a27f0e9ed24c178b528062b4ae5d6a2a32dbb8c6001f6d3f15d60270fefa422a2c58426a2c915931d43266eb48a2d15836111a95,0.1685406087335914,0.4740355501467709,0.277662805070114,0.2450567118364143,0.0679519107717182,0.5439915657043457,4.248,9be22651e8bee8e72a3187d9a27f0e9ed24c178b528062b4ae5d6a2a32dbb8c6001f6d3f15d60270fefa422a2c58426a2c915931d43266eb48a2d15836111a95,,,,,,,,
340,287db5b3c7065ffc1e6827c0bc87dc4a6b6a45c159642fe8d490d5adb6ce18a5b4b528f921503762bbb20b1fcd84f5f8256a9a11cd4ccf55964f301b416b08d2,hindi_griffinlim_eval_final/fake_hindi_griffinlim/hindi_fake_0340.wav,0,6.3,-1.9498021602630613,2.74788761138916,rms_matched,False,0.0222998684168834,hindi,-2.3991892337799072,287db5b3c7065ffc1e6827c0bc87dc4a6b6a45c159642fe8d490d5adb6ce18a5b4b528f921503762bbb20b1fcd84f5f8256a9a11cd4ccf55964f301b416b08d2,0.0222998684168834,0.3622589942512286,0.3150386793752129,0.3192384620747153,0.0596592258990091,0.4064338803291321,6.3,287db5b3c7065ffc1e6827c0bc87dc4a6b6a45c159642fe8d490d5adb6ce18a5b4b528f921503762bbb20b1fcd84f5f8256a9a11cd4ccf55964f301b416b08d2,,,,,,,,
341,ec293248c910c28091014fec13d47bb69cc84f0b265ad0536d7e39390f3de510ab879fa3c23797defe85d8c846a4e148c971e28da6a90a647a9bc37eb03362bc,hindi_griffinlim_eval_final/fake_hindi_griffinlim/hindi_fake_0341.wav,0,4.608,-0.7866994738578796,1.416445255279541,rms_matched,False,0.060929758514893,hindi,-1.2360865473747253,ec293248c910c28091014fec13d47bb69cc84f0b265ad0536d7e39390f3de510ab879fa3c23797defe85d8c846a4e148c971e28da6a90a647a9bc37eb03362bc,0.060929758514893,0.4295753384337839,0.3492826865665664,0.2184613351540647,0.0830146424334751,0.6274354457855225,4.608,ec293248c910c28091014fec13d47bb69cc84f0b265ad0536d7e39390f3de510ab879fa3c23797defe85d8c846a4e148c971e28da6a90a647a9bc37eb03362bc,,,,,,,,
342,a3c9eb18e51d74ec5fbf9ca9ca1d5edf24c691d0f685ef2ffc8689d107710a300eec2172a79cc039b119ebc451ab794cb8519ce2d3c37209c7f24649089a7fc2,hindi_griffinlim_eval_final/fake_hindi_griffinlim/hindi_fake_0342.wav,0,5.4,2.28966760635376,-2.98565411567688,rms_matched,False,0.0174001631295634,hindi,1.8402805328369145,a3c9eb18e51d74ec5fbf9ca9ca1d5edf24c691d0f685ef2ffc8689d107710a300eec2172a79cc039b119ebc451ab794cb8519ce2d3c37209c7f24649089a7fc2,0.0174001631295634,0.2900505344833589,0.3749074718518395,0.3308655631874724,0.0433189787885441,0.2365556955337524,5.4,a3c9eb18e51d74ec5fbf9ca9ca1d5edf24c691d0f685ef2ffc8689d107710a300eec2172a79cc039b119ebc451ab794cb8519ce2d3c37209c7f24649089a7fc2,,,,,,,,
343,3e444b1d4cdc23e8a54c43d1ac3345d6835dbaa76477746b5e5250bce5018392d78fb03ea06a10b718ac956846d3e8010411d57ef75bf8debac74979ebf00f1d,hindi_griffinlim_eval_final/fake_hindi_griffinlim/hindi_fake_0343.wav,0,3.576,-5.799149513244629,6.644255638122559,rms_matched,False,0.5556799721523941,hindi,-6.248536586761475,3e444b1d4cdc23e8a54c43d1ac3345d6835dbaa76477746b5e5250bce5018392d78fb03ea06a10b718ac956846d3e8010411d57ef75bf8debac74979ebf00f1d,0.5556799721523941,0.865343957235406,0.1342064254634095,0.0003917046335563,0.1440029818847659,0.989990234375,3.568,3e444b1d4cdc23e8a54c43d1ac3345d6835dbaa76477746b5e5250bce5018392d78fb03ea06a10b718ac956846d3e8010411d57ef75bf8debac74979ebf00f1d,,,,,,,,
344,1605878cdc4bdeab0724827abc448ec019fcc59763e097294754173714e955fe80a28c12eed4a39a58f442138b886e755cd644efb115aa2599c6e50a20e63a74,hindi_griffinlim_eval_final/fake_hindi_griffinlim/hindi_fake_0344.wav,0,3.528,-1.2071398496627808,1.875942349433899,rms_matched,False,0.0435770972662427,hindi,-1.6565269231796265,1605878cdc4bdeab0724827abc448ec019fcc59763e097294754173714e955fe80a28c12eed4a39a58f442138b886e755cd644efb115aa2599c6e50a20e63a74,0.0435770972662427,0.3484699603681986,0.4190871657171334,0.2298623483573119,0.0785812410594036,0.6146491765975952,3.528,1605878cdc4bdeab0724827abc448ec019fcc59763e097294754173714e955fe80a28c12eed4a39a58f442138b886e755cd644efb115aa2599c6e50a20e63a74,,,,,,,,
345,cf3aeeacb5f17296626b5c4098ec5eac55e41cd4794e1b866c7c42ccda4ff82ab59144d9af79e6479243e61724113d6c7ccccb7dc02e7a235f5ff37eee99c5d8,hindi_griffinlim_eval_final/fake_hindi_griffinlim/hindi_fake_0345.wav,0,2.304,6.685417175292969,-8.702284812927246,rms_matched,False,0.0270852877723141,hindi,6.236030101776123,cf3aeeacb5f17296626b5c4098ec5eac55e41cd4794e1b866c7c42ccda4ff82ab59144d9af79e6479243e61724113d6c7ccccb7dc02e7a235f5ff37eee99c5d8,0.0270852877723141,0.2082611471747173,0.4036361586555426,0.3830877139970535,0.0229855522623893,0.107127845287323,2.304,cf3aeeacb5f17296626b5c4098ec5eac55e41cd4794e1b866c7c42ccda4ff82ab59144d9af79e6479243e61724113d6c7ccccb7dc02e7a235f5ff37eee99c5d8,,,,,,,,
346,b9e669f9010e60c988c15c6c357649706d91c33219725e9a2b12fe7903fa536fc8b34a51ea158f2ba92027617b4944a2514cfa7beb4249f26b23754403940006,hindi_griffinlim_eval_final/fake_hindi_griffinlim/hindi_fake_0346.wav,0,6.948,-4.567633152008057,5.300825119018555,rms_matched,False,0.040974134114032,hindi,-5.017020225524902,b9e669f9010e60c988c15c6c357649706d91c33219725e9a2b12fe7903fa536fc8b34a51ea158f2ba92027617b4944a2514cfa7beb4249f26b23754403940006,0.040974134114032,0.952685729723348,0.0466260014072375,0.000641811534931,0.1843838600845641,0.989990234375,6.944,b9e669f9010e60c988c15c6c357649706d91c33219725e9a2b12fe7903fa536fc8b34a51ea158f2ba92027617b4944a2514cfa7beb4249f26b23754403940006,,,,,,,,
347,c7c4e5ded1e6121c38594d1e3bbb5a49f1d269f96c2591f9e2d4da7cf5c9cdc7598248c5d24452c832160a2503d344167242cafabc1dc3936e1a6065b281ae77,hindi_griffinlim_eval_final/fake_hindi_griffinlim/hindi_fake_0347.wav,0,5.016,-3.744535446166992,4.511261463165283,rms_matched,False,0.0003212424112323,hindi,-4.193922519683838,c7c4e5ded1e6121c38594d1e3bbb5a49f1d269f96c2591f9e2d4da7cf5c9cdc7598248c5d24452c832160a2503d344167242cafabc1dc3936e1a6065b281ae77,0.0003212424112323,0.949035467913885,0.0406166639778112,0.0103240006845888,0.243649604263227,0.990020751953125,5.008,c7c4e5ded1e6121c38594d1e3bbb5a49f1d269f96c2591f9e2d4da7cf5c9cdc7598248c5d24452c832160a2503d344167242cafabc1dc3936e1a6065b281ae77,,,,,,,,
348,e0a36ee267ea8131975092e3f0b285cc85c2ecf0e47fa58a4f81eea8ef911bc2e939a2fe85859b96f77623060400a6ad1157350fd138ac8523288698254e8c4e,hindi_griffinlim_eval_final/fake_hindi_griffinlim/hindi_fake_0348.wav,0,5.904,-0.2981164753437042,0.5852978229522705,rms_matched,False,0.0320797253411053,hindi,-0.7475035488605499,e0a36ee267ea8131975092e3f0b285cc85c2ecf0e47fa58a4f81eea8ef911bc2e939a2fe85859b96f77623060400a6ad1157350fd138ac8523288698254e8c4e,0.0320797253411053,0.497202300424991,0.2692810311950417,0.2303786336072844,0.0823840532848092,0.4612475037574768,5.904,e0a36ee267ea8131975092e3f0b285cc85c2ecf0e47fa58a4f81eea8ef911bc2e939a2fe85859b96f77623060400a6ad1157350fd138ac8523288698254e8c4e,,,,,,,,
349,f26e5928f716985bc8f4d827952dad56a5ef30e0da734a77a5224d9a0868ec78bfa430efda3ea5dd5bf4c69c0c60cff5d80782822ec2df77ce10f2cd82712f53,hindi_griffinlim_eval_final/fake_hindi_griffinlim/hindi_fake_0349.wav,0,4.716,0.0498492419719696,0.0902391225099563,rms_matched,False,0.0445771413115484,hindi,-0.3995378315448761,f26e5928f716985bc8f4d827952dad56a5ef30e0da734a77a5224d9a0868ec78bfa430efda3ea5dd5bf4c69c0c60cff5d80782822ec2df77ce10f2cd82712f53,0.0445771413115484,0.3243017446883399,0.3444401558300268,0.3269187771982593,0.0458919307518346,0.3436829447746277,4.716,f26e5928f716985bc8f4d827952dad56a5ef30e0da734a77a5224d9a0868ec78bfa430efda3ea5dd5bf4c69c0c60cff5d80782822ec2df77ce10f2cd82712f53,,,,,,,,
350,1605878cdc4bdeab0724827abc448ec019fcc59763e097294754173714e955fe80a28c12eed4a39a58f442138b886e755cd644efb115aa2599c6e50a20e63a74,hindi_griffinlim_eval_final/fake_hindi_griffinlim/hindi_fake_0350.wav,0,6.336,0.0754570811986923,0.0231207609176635,rms_matched,False,0.04120587734924,hindi,-0.3739299923181534,1605878cdc4bdeab0724827abc448ec019fcc59763e097294754173714e955fe80a28c12eed4a39a58f442138b886e755cd644efb115aa2599c6e50a20e63a74,0.04120587734924,0.2979016535197543,0.4541386323292566,0.2450010057747143,0.0678614815747194,0.645316481590271,6.336,1605878cdc4bdeab0724827abc448ec019fcc59763e097294754173714e955fe80a28c12eed4a39a58f442138b886e755cd644efb115aa2599c6e50a20e63a74,,,,,,,,
351,f4be1316ad0e2da63cc723ae7822391bf5e9bebab20d134595b5dfaa0fcfc42a3907fb02b5ee992a496c84610d4d015a0b2f1e8240dc27a431cd55d69b1ab7e3,hindi_griffinlim_eval_final/fake_hindi_griffinlim/hindi_fake_0351.wav,0,7.02,-0.275851845741272,0.5450296401977539,rms_matched,False,0.0459896031839052,hindi,-0.7252389192581177,f4be1316ad0e2da63cc723ae7822391bf5e9bebab20d134595b5dfaa0fcfc42a3907fb02b5ee992a496c84610d4d015a0b2f1e8240dc27a431cd55d69b1ab7e3,0.0459896031839052,0.4061142302410173,0.3610928619579082,0.2297870721947818,0.0748193946531086,0.5956965684890747,7.02,f4be1316ad0e2da63cc723ae7822391bf5e9bebab20d134595b5dfaa0fcfc42a3907fb02b5ee992a496c84610d4d015a0b2f1e8240dc27a431cd55d69b1ab7e3,0.3648900198773833,0.3901463221637191,0.2449636579588977,0.7210075643268448,14.343509667862936,0.1979450335102719,0.4337978106932434,0.5814113856140264
352,621e009fa43e75aecd867db6acd010a1a280b1faeb916e3a5e1a0bf8346fd32406c7ac120765bc592bf0484fcc239c756ead9625c64f9c6b3e9210bdf698995c,hindi_griffinlim_eval_final/fake_hindi_griffinlim/hindi_fake_0352.wav,0,4.968,-1.1864700317382812,1.722440242767334,rms_matched,False,0.0925039164520028,hindi,-1.635857105255127,621e009fa43e75aecd867db6acd010a1a280b1faeb916e3a5e1a0bf8346fd32406c7ac120765bc592bf0484fcc239c756ead9625c64f9c6b3e9210bdf698995c,0.0925039164520028,0.3985526798635916,0.3302942374741489,0.2677092076598024,0.0627628887269672,0.5302226543426514,4.968,621e009fa43e75aecd867db6acd010a1a280b1faeb916e3a5e1a0bf8346fd32406c7ac120765bc592bf0484fcc239c756ead9625c64f9c6b3e9210bdf698995c,,,,,,,,
353,70d88d4c44e1cdf95c1d79d4d5377362b0a154121ae535e0dd78dae908e37e7c5d6e5bbdf117f33fa7fe3e2b3b823339ff5afc7854685263b27e78ada3a47e35,hindi_griffinlim_eval_final/fake_hindi_griffinlim/hindi_fake_0353.wav,0,4.896,-5.621356964111328,6.415772438049316,rms_matched,False,0.0933288330563619,hindi,-6.070744037628174,70d88d4c44e1cdf95c1d79d4d5377362b0a154121ae535e0dd78dae908e37e7c5d6e5bbdf117f33fa7fe3e2b3b823339ff5afc7854685263b27e78ada3a47e35,0.0933288330563619,0.7316080129180821,0.1562214947328219,0.1107858315529644,0.1387416450880675,0.8921926021575928,4.896,70d88d4c44e1cdf95c1d79d4d5377362b0a154121ae535e0dd78dae908e37e7c5d6e5bbdf117f33fa7fe3e2b3b823339ff5afc7854685263b27e78ada3a47e35,,,,,,,,
354,ca96256894b92e0525b6f8bf5bac013efa869bfe9b8ec767a84d2e0b6f9f3108886cad7b3c9e622cc74ce7c803c4f9d96080e182713805211464db35f0adb51e,hindi_griffinlim_eval_final/fake_hindi_griffinlim/hindi_fake_0354.wav,0,6.012,-5.639903545379639,6.477447509765625,rms_matched,False,0.0295728677600559,hindi,-6.089290618896484,ca96256894b92e0525b6f8bf5bac013efa869bfe9b8ec767a84d2e0b6f9f3108886cad7b3c9e622cc74ce7c803c4f9d96080e182713805211464db35f0adb51e,0.0295728677600559,0.7157550819618995,0.1683599060485044,0.1143812993074569,0.1435556559873879,0.8325296640396118,6.012,ca96256894b92e0525b6f8bf5bac013efa869bfe9b8ec767a84d2e0b6f9f3108886cad7b3c9e622cc74ce7c803c4f9d96080e182713805211464db35f0adb51e,,,,,,,,
355,112f76f2e0c2f27b09b20340cd82d13c315858e70901593392d2bbaf1377a5ed05b373a77f5f93b0298be6ad7e0285d8dea7c8fc9e9d3ce601d702ff3e3a7d91,hindi_griffinlim_eval_final/fake_hindi_griffinlim/hindi_fake_0355.wav,0,7.02,6.158987045288086,-8.001465797424316,rms_matched,False,0.0145373521306974,hindi,5.70959997177124,112f76f2e0c2f27b09b20340cd82d13c315858e70901593392d2bbaf1377a5ed05b373a77f5f93b0298be6ad7e0285d8dea7c8fc9e9d3ce601d702ff3e3a7d91,0.0145373521306974,0.2295243563042655,0.3871477973687101,0.3782963929669064,0.0251178934822404,0.1539334654808044,7.02,112f76f2e0c2f27b09b20340cd82d13c315858e70901593392d2bbaf1377a5ed05b373a77f5f93b0298be6ad7e0285d8dea7c8fc9e9d3ce601d702ff3e3a7d91,,,,,,,,
356,38a6ab913e27c72c3f28f3d2da65caa00933288bfaaa24633ad7168676bf34a4bdf59bba015f1be078031901c2a05ed997cd106fc7bb6ffe0cead3f59ca77415,hindi_griffinlim_eval_final/fake_hindi_griffinlim/hindi_fake_0356.wav,0,3.78,5.7744460105896,-7.541717529296875,rms_matched,False,0.0175151830480586,hindi,5.325058937072754,38a6ab913e27c72c3f28f3d2da65caa00933288bfaaa24633ad7168676bf34a4bdf59bba015f1be078031901c2a05ed997cd106fc7bb6ffe0cead3f59ca77415,0.0175151830480586,0.2330879656885528,0.3684074794203617,0.3940555775652063,0.0337891432486088,0.2076246738433838,3.78,38a6ab913e27c72c3f28f3d2da65caa00933288bfaaa24633ad7168676bf34a4bdf59bba015f1be078031901c2a05ed997cd106fc7bb6ffe0cead3f59ca77415,,,,,,,,
357,80ffb7f21aebcd96b01f5098bdf0f377f31fa297c2c30290be3dcd6a69b87e7570cd2e9ce41edb96038e485ce70cf75436dba4a0c7925bb36a68db134979c585,hindi_griffinlim_eval_final/fake_hindi_griffinlim/hindi_fake_0357.wav,0,4.608,-2.3285207748413086,3.243068218231201,rms_matched,False,0.1071637057495743,hindi,-2.7779078483581543,80ffb7f21aebcd96b01f5098bdf0f377f31fa297c2c30290be3dcd6a69b87e7570cd2e9ce41edb96038e485ce70cf75436dba4a0c7925bb36a68db134979c585,0.1071637057495743,0.6047571688169514,0.209221437581275,0.1835534461683518,0.1023127762269614,0.6785174608230591,4.608,80ffb7f21aebcd96b01f5098bdf0f377f31fa297c2c30290be3dcd6a69b87e7570cd2e9ce41edb96038e485ce70cf75436dba4a0c7925bb36a68db134979c585,,,,,,,,
358,8a05ca02926d437b43ff4cc21925621fc16dbeaf8e35977e8c6f5da4d29494951203f52e20050d365fe263f76336e15d23cf8d1f0c0514c9fd900f7d92b108a1,hindi_griffinlim_eval_final/fake_hindi_griffinlim/hindi_fake_0358.wav,0,6.948,-4.382518768310547,5.265778541564941,rms_matched,False,0.1763871673685646,hindi,-4.831905841827393,8a05ca02926d437b43ff4cc21925621fc16dbeaf8e35977e8c6f5da4d29494951203f52e20050d365fe263f76336e15d23cf8d1f0c0514c9fd900f7d92b108a1,0.1763871673685646,0.6362885076373513,0.2122781392957197,0.1494780664657845,0.1175684428201268,0.9728736877441406,6.948,8a05ca02926d437b43ff4cc21925621fc16dbeaf8e35977e8c6f5da4d29494951203f52e20050d365fe263f76336e15d23cf8d1f0c0514c9fd900f7d92b108a1,,,,,,,,
359,6990e943cefc8a2ed3e12aa2c2a781793096d1aaf311b175943b3029333a59e74f30086965cfb6f7db8b79b431c41a44e6b4aa3f806707fc0c4e5da883dd1d54,hindi_griffinlim_eval_final/fake_hindi_griffinlim/hindi_fake_0359.wav,0,4.32,-0.604994535446167,1.0405826568603516,rms_matched,False,0.0340395136046858,hindi,-1.0543816089630127,6990e943cefc8a2ed3e12aa2c2a781793096d1aaf311b175943b3029333a59e74f30086965cfb6f7db8b79b431c41a44e6b4aa3f806707fc0c4e5da883dd1d54,0.0340395136046858,0.3903423845438191,0.4054263815300636,0.2018596099184746,0.0921434402463104,0.6926862597465515,4.32,6990e943cefc8a2ed3e12aa2c2a781793096d1aaf311b175943b3029333a59e74f30086965cfb6f7db8b79b431c41a44e6b4aa3f806707fc0c4e5da883dd1d54,,,,,,,,
360,2755cbb1978d17293826c36025fffd2b0966f60a48ee026f909afce38191de6da445c4ee2d684bf32d65bb5779ea78ba4f2360baac46e6f48710b9c531277adc,hindi_griffinlim_eval_final/fake_hindi_griffinlim/hindi_fake_0360.wav,0,2.556,-0.6301891803741455,1.1212395429611206,rms_matched,False,0.0443134834032316,hindi,-1.0795762538909912,2755cbb1978d17293826c36025fffd2b0966f60a48ee026f909afce38191de6da445c4ee2d684bf32d65bb5779ea78ba4f2360baac46e6f48710b9c531277adc,0.0443134834032316,0.2863414640104923,0.4031404572569112,0.3064979479721832,0.0465921369424194,0.3199333548545837,2.556,2755cbb1978d17293826c36025fffd2b0966f60a48ee026f909afce38191de6da445c4ee2d684bf32d65bb5779ea78ba4f2360baac46e6f48710b9c531277adc,,,,,,,,
361,b4dcba6c853f94a6e9abf98d501e79af3eec51ee1635fb1529bb4103e9fa495c7c937b7c4e4219bf3d414b549d2476904d15ff5feeb26b478b01bdc367f61bb2,hindi_griffinlim_eval_final/fake_hindi_griffinlim/hindi_fake_0361.wav,0,3.852,0.4197246432304382,-0.5209890604019165,rms_matched,False,0.0668598952756839,hindi,-0.029662430286407526,b4dcba6c853f94a6e9abf98d501e79af3eec51ee1635fb1529bb4103e9fa495c7c937b7c4e4219bf3d414b549d2476904d15ff5feeb26b478b01bdc367f61bb2,0.0668598952756839,0.3668053219854782,0.3279172187041379,0.3013676872578819,0.0522108646826318,0.3767814040184021,3.852,b4dcba6c853f94a6e9abf98d501e79af3eec51ee1635fb1529bb4103e9fa495c7c937b7c4e4219bf3d414b549d2476904d15ff5feeb26b478b01bdc367f61bb2,0.3803620228003162,0.3244113014468293,0.2952266757528544,0.7221416686532116,14.424766242354591,0.167842922444446,0.419893410749901,0.5800537458592104
362,4c946f553c704abd727b3818b1d22dba011a368043575278b58ae219f71cb8914e6cac82abe55d7da17f49bea4cceb3b96c17355a6f5b078c19a947defb9061c,hindi_griffinlim_eval_final/fake_hindi_griffinlim/hindi_fake_0362.wav,0,3.888,-5.692278861999512,6.532504081726074,rms_matched,False,0.1568974829848515,hindi,-6.141665935516357,4c946f553c704abd727b3818b1d22dba011a368043575278b58ae219f71cb8914e6cac82abe55d7da17f49bea4cceb3b96c17355a6f5b078c19a947defb9061c,0.1568974829848515,0.6192957299240259,0.2378815770428215,0.1411028798020159,0.1264126167206598,0.9900000095367432,3.888,4c946f553c704abd727b3818b1d22dba011a368043575278b58ae219f71cb8914e6cac82abe55d7da17f49bea4cceb3b96c17355a6f5b078c19a947defb9061c,,,,,,,,
363,80d92595b38c164010ef7313465d16463f2c96fa6fc022b2e01e189d36b259ca8c60d34dedd33eb9e2efc010529edd502641106737ba607a53218e01e86be40a,hindi_griffinlim_eval_final/fake_hindi_griffinlim/hindi_fake_0363.wav,0,4.356,-1.5376816987991333,2.2509570121765137,rms_matched,False,0.0855681915190851,hindi,-1.987068772315979,80d92595b38c164010ef7313465d16463f2c96fa6fc022b2e01e189d36b259ca8c60d34dedd33eb9e2efc010529edd502641106737ba607a53218e01e86be40a,0.0855681915190851,0.4059680273465794,0.3451468140894501,0.2456219808218042,0.0674141279665252,0.5262972116470337,4.356,80d92595b38c164010ef7313465d16463f2c96fa6fc022b2e01e189d36b259ca8c60d34dedd33eb9e2efc010529edd502641106737ba607a53218e01e86be40a,,,,,,,,
364,0b0be66321658747b6942ac54496bcf15f205ec5468184dbc0f65a4cb4b175d240d39625f77f45537b8108cebca77574e09be59da116602782a75d1fae832a2e,hindi_griffinlim_eval_final/fake_hindi_griffinlim/hindi_fake_0364.wav,0,3.06,6.903287410736084,-8.92407512664795,rms_matched,False,0.0248418058255767,hindi,6.453900337219238,0b0be66321658747b6942ac54496bcf15f205ec5468184dbc0f65a4cb4b175d240d39625f77f45537b8108cebca77574e09be59da116602782a75d1fae832a2e,0.0248418058255767,0.1923388492926007,0.4067869508386411,0.3955723878137559,0.0173490829751979,0.0781258344650268,3.06,0b0be66321658747b6942ac54496bcf15f205ec5468184dbc0f65a4cb4b175d240d39625f77f45537b8108cebca77574e09be59da116602782a75d1fae832a2e,,,,,,,,
365,53c5dd7ebb08179dca2b5f3992b991b3d28288202e01a950d1e70510db84b5cdf9cb5e72803a4212e7428e60b2ddda26a81dbdc01410725d0d6de265d86cb530,hindi_griffinlim_eval_final/fake_hindi_griffinlim/hindi_fake_0365.wav,0,3.348,-0.480749249458313,0.5661770701408386,rms_matched,False,0.0396746540833996,hindi,-0.9301363229751587,53c5dd7ebb08179dca2b5f3992b991b3d28288202e01a950d1e70510db84b5cdf9cb5e72803a4212e7428e60b2ddda26a81dbdc01410725d0d6de265d86cb530,0.0396746540833996,0.3358965763963803,0.3386833981093677,0.3209409745861627,0.0468430003829391,0.2678736448287964,3.348,53c5dd7ebb08179dca2b5f3992b991b3d28288202e01a950d1e70510db84b5cdf9cb5e72803a4212e7428e60b2ddda26a81dbdc01410725d0d6de265d86cb530,,,,,,,,
366,ae1ae84ba2341eb4c7c3fa47026ddc0b784387b58fa28c0a69f32c966e590141de3da70921c65c3477fb49575fab03213843d087f177422adb685978ca5c4b13,hindi_griffinlim_eval_final/fake_hindi_griffinlim/hindi_fake_0366.wav,0,3.996,-2.7063026428222656,3.611015558242798,rms_matched,False,0.0508253118811425,hindi,-3.1556897163391113,ae1ae84ba2341eb4c7c3fa47026ddc0b784387b58fa28c0a69f32c966e590141de3da70921c65c3477fb49575fab03213843d087f177422adb685978ca5c4b13,0.0508253118811425,0.5040984947985483,0.2388179542422775,0.2541803975388098,0.0810949724941928,0.4699730277061462,3.996,ae1ae84ba2341eb4c7c3fa47026ddc0b784387b58fa28c0a69f32c966e590141de3da70921c65c3477fb49575fab03213843d087f177422adb685978ca5c4b13,0.4491555972273187,0.267584952535177,0.2832594502375043,0.7045382890725045,14.555843314144536,0.1439055553831408,0.3839429221605885,0.5481698205275026
367,4d52efb85f43252b4fa0af3ad7d8890f17e05c834b40f81b03d9f240ca3117bd7db0c1aa0bbdfc8844a852050c37a5d8911082669f388a4572d8971f41ed26e3,hindi_griffinlim_eval_final/fake_hindi_griffinlim/hindi_fake_0367.wav,0,4.14,-0.4842017292976379,0.4913645982742309,rms_matched,False,0.0949406282480158,hindi,-0.9335888028144836,4d52efb85f43252b4fa0af3ad7d8890f17e05c834b40f81b03d9f240ca3117bd7db0c1aa0bbdfc8844a852050c37a5d8911082669f388a4572d8971f41ed26e3,0.0949406282480158,0.5043553636104424,0.2551818196591914,0.2374488073366894,0.0756407546110819,0.4874245524406433,4.14,4d52efb85f43252b4fa0af3ad7d8890f17e05c834b40f81b03d9f240ca3117bd7db0c1aa0bbdfc8844a852050c37a5d8911082669f388a4572d8971f41ed26e3,,,,,,,,
368,2f15fd7bc51b2ba02064a0da5d475e0d6fc67649859ea797ce166b32fbfcd6af3d56241cdaa9d7107918bf5979de4ab7e702c6f255f5f2cfb0d154e19d960b17,hindi_griffinlim_eval_final/fake_hindi_griffinlim/hindi_fake_0368.wav,0,5.004,-0.5051320791244507,0.9569334387779236,rms_matched,False,0.0514914835956387,hindi,-0.9545191526412964,2f15fd7bc51b2ba02064a0da5d475e0d6fc67649859ea797ce166b32fbfcd6af3d56241cdaa9d7107918bf5979de4ab7e702c6f255f5f2cfb0d154e19d960b17,0.0514914835956387,0.3563848527204654,0.3404702423357169,0.2992475683835359,0.0522876933756392,0.3864582180976867,5.004,2f15fd7bc51b2ba02064a0da5d475e0d6fc67649859ea797ce166b32fbfcd6af3d56241cdaa9d7107918bf5979de4ab7e702c6f255f5f2cfb0d154e19d960b17,,,,,,,,
369,3f0b866ee8d4499e4c0de09d34862acbb1ea0139f53bf7f1271a8648fb35d9a3a31272a8bc7af870e3b52bf7f4cb51ae512fa07df79663eaeafa30221c0b200b,hindi_griffinlim_eval_final/fake_hindi_griffinlim/hindi_fake_0369.wav,0,3.168,-4.291172981262207,5.096909523010254,peak_normalized,True,0.8817633670418504,hindi,-4.740560054779053,3f0b866ee8d4499e4c0de09d34862acbb1ea0139f53bf7f1271a8648fb35d9a3a31272a8bc7af870e3b52bf7f4cb51ae512fa07df79663eaeafa30221c0b200b,0.8817633670418504,0.932694518880005,0.0618177316628875,0.0054428698283135,0.1319063652004376,0.990020751953125,3.168,3f0b866ee8d4499e4c0de09d34862acbb1ea0139f53bf7f1271a8648fb35d9a3a31272a8bc7af870e3b52bf7f4cb51ae512fa07df79663eaeafa30221c0b200b,0.9001497939463364,0.0895090519703405,0.010341154083323,0.7874410995324632,13.998277028392858,0.2056947465567685,0.5127553072054553,0.6787847607979314
370,203176393d9928d38b3aecb45ba1ad1c05c8223b492bfe21e6c5c6359083f8bb68f24ab7bf449051e8527e9beee0055a3628608173b59bad7bf948e6d3e0ff27,hindi_griffinlim_eval_final/fake_hindi_griffinlim/hindi_fake_0370.wav,0,3.888,-4.912312030792236,5.76130485534668,rms_matched,False,0.0033414277399819,hindi,-5.361699104309082,203176393d9928d38b3aecb45ba1ad1c05c8223b492bfe21e6c5c6359083f8bb68f24ab7bf449051e8527e9beee0055a3628608173b59bad7bf948e6d3e0ff27,0.0033414277399819,0.60652519749129,0.1505570796650009,0.2416076418522136,0.1565679853175214,0.8987962603569031,3.888,203176393d9928d38b3aecb45ba1ad1c05c8223b492bfe21e6c5c6359083f8bb68f24ab7bf449051e8527e9beee0055a3628608173b59bad7bf948e6d3e0ff27,,,,,,,,
371,eadc13b88ea5631a21a2beb0917e9be628171b8aaae29918cb08b2afa62e820e01d0a5e21154b643f10067864ae138783bc31abf1a13b86bcb072fa0f0df4d40,hindi_griffinlim_eval_final/fake_hindi_griffinlim/hindi_fake_0371.wav,0,6.3,-0.0412514396011829,0.2460446804761886,rms_matched,False,0.0260162735916583,hindi,-0.4906385131180286,eadc13b88ea5631a21a2beb0917e9be628171b8aaae29918cb08b2afa62e820e01d0a5e21154b643f10067864ae138783bc31abf1a13b86bcb072fa0f0df4d40,0.0260162735916583,0.3997171276427944,0.3048922402461755,0.2914827633579241,0.0597310491513262,0.3440507650375366,6.3,eadc13b88ea5631a21a2beb0917e9be628171b8aaae29918cb08b2afa62e820e01d0a5e21154b643f10067864ae138783bc31abf1a13b86bcb072fa0f0df4d40,,,,,,,,
372,0663aeb40f5d5ea46610cac3ca0183f2193b429770c84b516efe7d199b8b110944005539d986613fdc9d6532694f43c3a8e4dfc9de8ae7bfbc8b57b412ef71dd,hindi_griffinlim_eval_final/fake_hindi_griffinlim/hindi_fake_0372.wav,0,7.74,-4.238798141479492,4.967337131500244,rms_matched,False,0.1312411197827347,hindi,-4.688185214996338,0663aeb40f5d5ea46610cac3ca0183f2193b429770c84b516efe7d199b8b110944005539d986613fdc9d6532694f43c3a8e4dfc9de8ae7bfbc8b57b412ef71dd,0.1312411197827347,0.5836537382517903,0.2487916699429163,0.1654448100024657,0.1080821137702488,0.9125712513923644,7.74,0663aeb40f5d5ea46610cac3ca0183f2193b429770c84b516efe7d199b8b110944005539d986613fdc9d6532694f43c3a8e4dfc9de8ae7bfbc8b57b412ef71dd,,,,,,,,
373,1ab26689a68e6aeb9ee56daf140f5d65c19295d6b65eaef9f51f22cbd867b635758194eb9640790ea7d37a0de2bd5d0f235fb7662cc80dda56261f92c3cb4475,hindi_griffinlim_eval_final/fake_hindi_griffinlim/hindi_fake_0373.wav,0,3.816,-0.5706152319908142,0.7360603213310242,rms_matched,False,0.0855383044866024,hindi,-1.02000230550766,1ab26689a68e6aeb9ee56daf140f5d65c19295d6b65eaef9f51f22cbd867b635758194eb9640790ea7d37a0de2bd5d0f235fb7662cc80dda56261f92c3cb4475,0.0855383044866024,0.3986090608285803,0.3485464547554019,0.2497427647304176,0.0712987420716907,0.5780110955238342,3.816,1ab26689a68e6aeb9ee56daf140f5d65c19295d6b65eaef9f51f22cbd867b635758194eb9640790ea7d37a0de2bd5d0f235fb7662cc80dda56261f92c3cb4475,0.3889672781630358,0.3579999898877598,0.2530327319492043,0.7706167277590861,14.074191318311396,0.2157628022071958,0.4957346304109586,0.6518241791855245
374,755950c6eb4b91d87a8d62458e27e794e08783fbb4e47b61730e21bb685a9d3634dab0401114292ec8b3d3a282e0248c34c8868056fdb057716c14ae2b9844fc,hindi_griffinlim_eval_final/fake_hindi_griffinlim/hindi_fake_0374.wav,0,4.428,-0.8989868760108948,1.2002524137496948,peak_normalized,True,0.0345573647031969,hindi,-1.3483739495277405,755950c6eb4b91d87a8d62458e27e794e08783fbb4e47b61730e21bb685a9d3634dab0401114292ec8b3d3a282e0248c34c8868056fdb057716c14ae2b9844fc,0.0345573647031969,0.9485559661401008,0.0489104118282771,0.0025033288722065,0.1918436435862844,0.989990234375,4.416,755950c6eb4b91d87a8d62458e27e794e08783fbb4e47b61730e21bb685a9d3634dab0401114292ec8b3d3a282e0248c34c8868056fdb057716c14ae2b9844fc,,,,,,,,
375,3f6b6371f7312ac797f5d02bf334e9b13ead1882e2e9958e0a766c835a40fc8236d150a219d214e4879b1713d00569d69293518868e735ef6e2e030b1def79d1,hindi_griffinlim_eval_final/fake_hindi_griffinlim/hindi_fake_0375.wav,0,7.38,-0.1831563711166381,0.4236341714859009,rms_matched,False,0.0221546894695507,hindi,-0.6325434446334838,3f6b6371f7312ac797f5d02bf334e9b13ead1882e2e9958e0a766c835a40fc8236d150a219d214e4879b1713d00569d69293518868e735ef6e2e030b1def79d1,0.0221546894695507,0.3132048235425286,0.3365781163892846,0.3462681709228098,0.051282838069683,0.4303298592567444,7.38,3f6b6371f7312ac797f5d02bf334e9b13ead1882e2e9958e0a766c835a40fc8236d150a219d214e4879b1713d00569d69293518868e735ef6e2e030b1def79d1,,,,,,,,
376,cf3aeeacb5f17296626b5c4098ec5eac55e41cd4794e1b866c7c42ccda4ff82ab59144d9af79e6479243e61724113d6c7ccccb7dc02e7a235f5ff37eee99c5d8,hindi_griffinlim_eval_final/fake_hindi_griffinlim/hindi_fake_0376.wav,0,4.428,6.4133148193359375,-8.334146499633789,rms_matched,False,0.0194619500214547,hindi,5.963927745819092,cf3aeeacb5f17296626b5c4098ec5eac55e41cd4794e1b866c7c42ccda4ff82ab59144d9af79e6479243e61724113d6c7ccccb7dc02e7a235f5ff37eee99c5d8,0.0194619500214547,0.2630143781506664,0.3759247324781429,0.3560160345933693,0.0359367629482601,0.1883730888366699,4.428,cf3aeeacb5f17296626b5c4098ec5eac55e41cd4794e1b866c7c42ccda4ff82ab59144d9af79e6479243e61724113d6c7ccccb7dc02e7a235f5ff37eee99c5d8,,,,,,,,
377,169afd68fa12674be328762c77fff1783f807dfc52a7f9b0ec599d77f5fb9bd8998ec8f9fea575f4bee8d86d2ea242a97ee6de9da1bf191f541113fd3c432206,hindi_griffinlim_eval_final/fake_hindi_griffinlim/hindi_fake_0377.wav,0,4.716,-3.0499913692474365,3.897830009460449,rms_matched,False,0.0526399725362609,hindi,-3.4993784427642822,169afd68fa12674be328762c77fff1783f807dfc52a7f9b0ec599d77f5fb9bd8998ec8f9fea575f4bee8d86d2ea242a97ee6de9da1bf191f541113fd3c432206,0.0526399725362609,0.6728988970591713,0.2216530573882481,0.104104926335352,0.1462275787981756,0.9780879020690918,4.716,169afd68fa12674be328762c77fff1783f807dfc52a7f9b0ec599d77f5fb9bd8998ec8f9fea575f4bee8d86d2ea242a97ee6de9da1bf191f541113fd3c432206,,,,,,,,
378,ae0a0fe60554522906f5f10d702870d8b639c50f99a9ba0d357814bdce5f39421c6e2ac11f10a3e1b2d1bc606b887b6fc12d2b50fa34afe36a725b6191d5ab4b,hindi_griffinlim_eval_final/fake_hindi_griffinlim/hindi_fake_0378.wav,0,5.784,-0.8701658248901367,1.2040026187896729,rms_matched,False,0.029721790575128,hindi,-1.3195528984069824,ae0a0fe60554522906f5f10d702870d8b639c50f99a9ba0d357814bdce5f39421c6e2ac11f10a3e1b2d1bc606b887b6fc12d2b50fa34afe36a725b6191d5ab4b,0.029721790575128,0.4460684490430386,0.279612448242944,0.2706428744308832,0.0664093739623098,0.3462895154953003,5.784,ae0a0fe60554522906f5f10d702870d8b639c50f99a9ba0d357814bdce5f39421c6e2ac11f10a3e1b2d1bc606b887b6fc12d2b50fa34afe36a725b6191d5ab4b,,,,,,,,
379,05fd2a7f0d7cbe9acb1d838706b64a2ab489f6d0d2e7ff3a4243b1bb89ca3c1bc2e8dfd22bf11cf6e2fd9f11c2809b3dbf3db935d566ab6b6ee3122e3bfc20ed,hindi_griffinlim_eval_final/fake_hindi_griffinlim/hindi_fake_0379.wav,0,3.456,6.623379707336426,-8.629730224609375,rms_matched,False,0.0232555671072284,hindi,6.17399263381958,05fd2a7f0d7cbe9acb1d838706b64a2ab489f6d0d2e7ff3a4243b1bb89ca3c1bc2e8dfd22bf11cf6e2fd9f11c2809b3dbf3db935d566ab6b6ee3122e3bfc20ed,0.0232555671072284,0.2423859776248023,0.3814365978182296,0.3714841860037662,0.0298426352661463,0.1497059464454651,3.456,05fd2a7f0d7cbe9acb1d838706b64a2ab489f6d0d2e7ff3a4243b1bb89ca3c1bc2e8dfd22bf11cf6e2fd9f11c2809b3dbf3db935d566ab6b6ee3122e3bfc20ed,,,,,,,,
380,95cc33ae73783f08510cc8b475a3f7da1144f0cdbfbe42446afc4e8942bf842722a12076a164393f2c52e0db9026e5f129a90feb451956b70f7366a89e026f1c,hindi_griffinlim_eval_final/fake_hindi_griffinlim/hindi_fake_0380.wav,0,6.552,6.946166038513184,-8.929366111755371,rms_matched,False,0.010976220273815,hindi,6.496778964996338,95cc33ae73783f08510cc8b475a3f7da1144f0cdbfbe42446afc4e8942bf842722a12076a164393f2c52e0db9026e5f129a90feb451956b70f7366a89e026f1c,0.010976220273815,0.1969057640204845,0.4021280127793525,0.3958274474182888,0.0196571450674437,0.0878174304962158,6.552,95cc33ae73783f08510cc8b475a3f7da1144f0cdbfbe42446afc4e8942bf842722a12076a164393f2c52e0db9026e5f129a90feb451956b70f7366a89e026f1c,,,,,,,,
381,c127090a8261671f4e68cc31639996579099a014bbd65dc05c580ea8961637ae6978ac28c265bbba5145400258f062bf70f582aac610a13525cacf73579563bd,hindi_griffinlim_eval_final/fake_hindi_griffinlim/hindi_fake_0381.wav,0,7.02,-5.255025386810303,5.967198371887207,rms_matched,False,0.033067559635864,hindi,-5.704412460327148,c127090a8261671f4e68cc31639996579099a014bbd65dc05c580ea8961637ae6978ac28c265bbba5145400258f062bf70f582aac610a13525cacf73579563bd,0.033067559635864,0.514081433046686,0.3499248026031193,0.1344430817206447,0.1234347504564327,0.9448137879371644,7.02,c127090a8261671f4e68cc31639996579099a014bbd65dc05c580ea8961637ae6978ac28c265bbba5145400258f062bf70f582aac610a13525cacf73579563bd,,,,,,,,
382,ff8d1bfdc7d8be2fd275f506691f3ba70d9d60666488ab551bcbb76c3fe93c7cfaa703f465f40b60131807d73913eb37830221336b6803114df015fb7caed36e,hindi_griffinlim_eval_final/fake_hindi_griffinlim/hindi_fake_0382.wav,0,3.348,3.4127533435821533,-4.184711933135986,rms_matched,False,0.0345082895292971,hindi,2.9633662700653076,ff8d1bfdc7d8be2fd275f506691f3ba70d9d60666488ab551bcbb76c3fe93c7cfaa703f465f40b60131807d73913eb37830221336b6803114df015fb7caed36e,0.0345082895292971,0.2877172614123913,0.4077867699483283,0.3009184036802489,0.0532064877856871,0.3888684511184692,3.348,ff8d1bfdc7d8be2fd275f506691f3ba70d9d60666488ab551bcbb76c3fe93c7cfaa703f465f40b60131807d73913eb37830221336b6803114df015fb7caed36e,,,,,,,,
383,2f15fd7bc51b2ba02064a0da5d475e0d6fc67649859ea797ce166b32fbfcd6af3d56241cdaa9d7107918bf5979de4ab7e702c6f255f5f2cfb0d154e19d960b17,hindi_griffinlim_eval_final/fake_hindi_griffinlim/hindi_fake_0383.wav,0,5.976,-0.5201132297515869,1.0062806606292725,rms_matched,False,0.0310924503292323,hindi,-0.9695003032684326,2f15fd7bc51b2ba02064a0da5d475e0d6fc67649859ea797ce166b32fbfcd6af3d56241cdaa9d7107918bf5979de4ab7e702c6f255f5f2cfb0d154e19d960b17,0.0310924503292323,0.3616415243411677,0.3295425074754887,0.3052618805757245,0.0593873761661212,0.4320862889289856,5.976,2f15fd7bc51b2ba02064a0da5d475e0d6fc67649859ea797ce166b32fbfcd6af3d56241cdaa9d7107918bf5979de4ab7e702c6f255f5f2cfb0d154e19d960b17,,,,,,,,
384,3db6bed8f713bb226c8e1414c97e0da016bf5573c7281dda13149cf951a3bab57698d09a84cbf226aebc5f978c42bbb83ee009e4e787f7674304a0ef235be968,hindi_griffinlim_eval_final/fake_hindi_griffinlim/hindi_fake_0384.wav,0,7.488,-0.2288056463003158,0.246426522731781,rms_matched,False,0.0028549097228974,hindi,-0.6781927198171616,3db6bed8f713bb226c8e1414c97e0da016bf5573c7281dda13149cf951a3bab57698d09a84cbf226aebc5f978c42bbb83ee009e4e787f7674304a0ef235be968,0.0028549097228974,0.9652735852394716,0.0335250854142303,0.0011675599154168,0.2153082561442484,0.990020751953125,7.488,3db6bed8f713bb226c8e1414c97e0da016bf5573c7281dda13149cf951a3bab57698d09a84cbf226aebc5f978c42bbb83ee009e4e787f7674304a0ef235be968,,,,,,,,
385,fab15f5f87bd26a0f326787f96d92497bbfb5aea170dd8a415966cb8f7a5a7011bcb0b50bc9d46cdcf3edecaa6cf6753be6afd814aa420c9fd4e4ab3a40e7faa,hindi_griffinlim_eval_final/fake_hindi_griffinlim/hindi_fake_0385.wav,0,6.876,-2.309133052825928,3.1823389530181885,rms_matched,False,0.0700969346409655,hindi,-2.758520126342774,fab15f5f87bd26a0f326787f96d92497bbfb5aea170dd8a415966cb8f7a5a7011bcb0b50bc9d46cdcf3edecaa6cf6753be6afd814aa420c9fd4e4ab3a40e7faa,0.0700969346409655,0.5677627737081575,0.2263949989833029,0.2031418629401746,0.090304602562593,0.5929559469223022,6.876,fab15f5f87bd26a0f326787f96d92497bbfb5aea170dd8a415966cb8f7a5a7011bcb0b50bc9d46cdcf3edecaa6cf6753be6afd814aa420c9fd4e4ab3a40e7faa,,,,,,,,
386,13b72f7b7cca925bd373d5f2eab80cc1ea66148b333a85d6ca12be7e926fa2faf00dd733d0c670651eca79a91b3efeaf6918600638811c1c946b261c671a525e,hindi_griffinlim_eval_final/fake_hindi_griffinlim/hindi_fake_0386.wav,0,4.356,1.7244991064071655,-2.486801147460937,rms_matched,False,0.0319973650377135,hindi,1.2751120328903198,13b72f7b7cca925bd373d5f2eab80cc1ea66148b333a85d6ca12be7e926fa2faf00dd733d0c670651eca79a91b3efeaf6918600638811c1c946b261c671a525e,0.0319973650377135,0.3409915862178155,0.3626366589166171,0.2926679898107224,0.0551425717237343,0.3439880013465881,4.356,13b72f7b7cca925bd373d5f2eab80cc1ea66148b333a85d6ca12be7e926fa2faf00dd733d0c670651eca79a91b3efeaf6918600638811c1c946b261c671a525e,0.3209614074201276,0.3872546418022837,0.2917839507775887,0.7007197465103403,14.52917858963009,0.1622932546656094,0.3953838330858937,0.5505612169514051
387,ca6156fb12800e3b3fc41f9907777531141ebf8f445b70901bc7137ffd0e5516c2229f3c8c695423887299cdfe5b9160cea313d614a4ba540d5ff4102dda821e,hindi_griffinlim_eval_final/fake_hindi_griffinlim/hindi_fake_0387.wav,0,4.968,-0.5482581257820129,0.8535662889480591,peak_normalized,True,0.9902512600372286,hindi,-0.9976451992988586,ca6156fb12800e3b3fc41f9907777531141ebf8f445b70901bc7137ffd0e5516c2229f3c8c695423887299cdfe5b9160cea313d614a4ba540d5ff4102dda821e,0.9902512600372286,0.8255123823350802,0.1659133812180818,0.0084396642666435,0.0853717144540231,0.990020751953125,4.96,ca6156fb12800e3b3fc41f9907777531141ebf8f445b70901bc7137ffd0e5516c2229f3c8c695423887299cdfe5b9160cea313d614a4ba540d5ff4102dda821e,,,,,,,,
388,a71fe4c8c51459edc23fad3c7288e0216049d06b3ffb15d556328a42b3d18daf25ac6d1566a0037209e321081df2632dfca7bbeabd547b9eeef87ddf1e6ad329,hindi_griffinlim_eval_final/fake_hindi_griffinlim/hindi_fake_0388.wav,0,6.84,-2.3765718936920166,3.176485300064087,rms_matched,False,0.0332592966653724,hindi,-2.8259589672088623,a71fe4c8c51459edc23fad3c7288e0216049d06b3ffb15d556328a42b3d18daf25ac6d1566a0037209e321081df2632dfca7bbeabd547b9eeef87ddf1e6ad329,0.0332592966653724,0.5457586983071484,0.2282229720086163,0.2237811321772566,0.1019850140095584,0.6860030293464661,6.84,a71fe4c8c51459edc23fad3c7288e0216049d06b3ffb15d556328a42b3d18daf25ac6d1566a0037209e321081df2632dfca7bbeabd547b9eeef87ddf1e6ad329,,,,,,,,
389,6599122319c224d4b370bdaa817d68a9d0d1774b81aada4980c0519f78ae3a9ebea33cc1b8fc6a20008d791474bdefb675e448b3c00d10d0fd05a39e153e922e,hindi_griffinlim_eval_final/fake_hindi_griffinlim/hindi_fake_0389.wav,0,5.256,-0.3424729108810425,0.7769782543182373,rms_matched,False,0.0574677912878202,hindi,-0.7918599843978882,6599122319c224d4b370bdaa817d68a9d0d1774b81aada4980c0519f78ae3a9ebea33cc1b8fc6a20008d791474bdefb675e448b3c00d10d0fd05a39e153e922e,0.0574677912878202,0.4772469468975853,0.2737910268680898,0.245707134380758,0.0742901890821865,0.4713132977485657,5.256,6599122319c224d4b370bdaa817d68a9d0d1774b81aada4980c0519f78ae3a9ebea33cc1b8fc6a20008d791474bdefb675e448b3c00d10d0fd05a39e153e922e,,,,,,,,
390,a066789aa8ea6303bb07718d19b64857704e55535723a8dd43b6976195e18e9adc3a825f268a88ccc32ef7316d710fad8123af7ba21fb7c93daa171de917a426,hindi_griffinlim_eval_final/fake_hindi_griffinlim/hindi_fake_0390.wav,0,3.96,-0.2985873222351074,0.5560787320137024,peak_normalized,True,0.9861586421188276,hindi,-0.7479743957519531,a066789aa8ea6303bb07718d19b64857704e55535723a8dd43b6976195e18e9adc3a825f268a88ccc32ef7316d710fad8123af7ba21fb7c93daa171de917a426,0.9861586421188276,0.8503338793167721,0.129177150661698,0.0204100298842457,0.0937607314564916,0.990020751953125,3.952,a066789aa8ea6303bb07718d19b64857704e55535723a8dd43b6976195e18e9adc3a825f268a88ccc32ef7316d710fad8123af7ba21fb7c93daa171de917a426,,,,,,,,
391,72f877fac9bb314cc8a49f707222e440bdbf0011ca28657fa408f62c6b95ed4f617faa364554b0b0a75f4c74e6a1a745f376376bbadd8c8737f405f04bd49632,hindi_griffinlim_eval_final/fake_hindi_griffinlim/hindi_fake_0391.wav,0,5.58,-5.604448318481445,6.383495330810547,rms_matched,False,0.0574777815501325,hindi,-6.053835391998291,72f877fac9bb314cc8a49f707222e440bdbf0011ca28657fa408f62c6b95ed4f617faa364554b0b0a75f4c74e6a1a745f376376bbadd8c8737f405f04bd49632,0.0574777815501325,0.540624534244624,0.2996988450914556,0.1576484333774355,0.1115615783975322,0.8062532544136047,5.58,72f877fac9bb314cc8a49f707222e440bdbf0011ca28657fa408f62c6b95ed4f617faa364554b0b0a75f4c74e6a1a745f376376bbadd8c8737f405f04bd49632,,,,,,,,
392,75c6bb7203a8fae0c08c18b39bebaf7f25f86e3b2cdbb1dbd65927288474b3fa5b24c5c88144d238b93b8327677bdfbdf560078a95a3594a6b6ea7dbf3f3eec8,hindi_griffinlim_eval_final/fake_hindi_griffinlim/hindi_fake_0392.wav,0,5.4,-5.326593399047852,6.073996067047119,rms_matched,False,0.141646454431205,hindi,-5.775980472564697,75c6bb7203a8fae0c08c18b39bebaf7f25f86e3b2cdbb1dbd65927288474b3fa5b24c5c88144d238b93b8327677bdfbdf560078a95a3594a6b6ea7dbf3f3eec8,0.141646454431205,0.6375116939282212,0.1930385878949994,0.167435471636222,0.1144307122574132,0.8540789484977722,5.4,75c6bb7203a8fae0c08c18b39bebaf7f25f86e3b2cdbb1dbd65927288474b3fa5b24c5c88144d238b93b8327677bdfbdf560078a95a3594a6b6ea7dbf3f3eec8,,,,,,,,
393,93f71918fbe69cad830cb49211cb10c9344e04ceca427ea39db38c8b5f5f200a4706f0a12646585364ff3b44f3bb75784005797e3e3259fd9579fa985955b3ac,hindi_griffinlim_eval_final/fake_hindi_griffinlim/hindi_fake_0393.wav,0,5.796,-2.708113431930542,3.5057172775268555,rms_matched,False,0.0039828767205537,hindi,-3.1575005054473877,93f71918fbe69cad830cb49211cb10c9344e04ceca427ea39db38c8b5f5f200a4706f0a12646585364ff3b44f3bb75784005797e3e3259fd9579fa985955b3ac,0.0039828767205537,0.3772493302851372,0.4773187736107017,0.1441331227739681,0.1375406301599645,0.9871053099632264,5.796,93f71918fbe69cad830cb49211cb10c9344e04ceca427ea39db38c8b5f5f200a4706f0a12646585364ff3b44f3bb75784005797e3e3259fd9579fa985955b3ac,,,,,,,,
394,9daf98d1ee349378718aead0f9edd13b1352e0fe0e72a2d71aa458a79d9f474c8680549bf1d62115d59c13d52d97364c5672adb795ac73db59b709c92cb7870e,hindi_griffinlim_eval_final/fake_hindi_griffinlim/hindi_fake_0394.wav,0,3.96,-0.7600562572479248,1.3099279403686523,rms_matched,False,0.0494410724937377,hindi,-1.2094433307647705,9daf98d1ee349378718aead0f9edd13b1352e0fe0e72a2d71aa458a79d9f474c8680549bf1d62115d59c13d52d97364c5672adb795ac73db59b709c92cb7870e,0.0494410724937377,0.4041170495134674,0.3753720859554419,0.2177127601372503,0.0804331557865463,0.5748351216316223,3.96,9daf98d1ee349378718aead0f9edd13b1352e0fe0e72a2d71aa458a79d9f474c8680549bf1d62115d59c13d52d97364c5672adb795ac73db59b709c92cb7870e,,,,,,,,
395,c7a77aac9398049c593a06e3bde552061eb033612d2266a548202cc8790a06dd5c5c4fb002e8013ef38f94abed95b3bea0e56c4cb6aa8deecf7c63373764826d,hindi_griffinlim_eval_final/fake_hindi_griffinlim/hindi_fake_0395.wav,0,4.86,-3.33432936668396,4.162776947021484,rms_matched,False,0.0962694137029903,hindi,-3.7837164402008057,c7a77aac9398049c593a06e3bde552061eb033612d2266a548202cc8790a06dd5c5c4fb002e8013ef38f94abed95b3bea0e56c4cb6aa8deecf7c63373764826d,0.0962694137029903,0.6739624190780269,0.1741073010107282,0.1498580439914316,0.1187700781352295,0.7515320181846619,4.86,c7a77aac9398049c593a06e3bde552061eb033612d2266a548202cc8790a06dd5c5c4fb002e8013ef38f94abed95b3bea0e56c4cb6aa8deecf7c63373764826d,,,,,,,,
396,e6aef31fac7411f3f1b15c566dede061e3024cde1382d7ca1a860a093ad5b0b9c87aaa13c749ef9982c688d7a8d715c11aee89c2e3d541b9ba3dc73c5ec5cb85,hindi_griffinlim_eval_final/fake_hindi_griffinlim/hindi_fake_0396.wav,0,5.436,0.0127007402479648,-0.2490260452032089,rms_matched,False,0.3228447287172968,hindi,-0.4366863332688809,e6aef31fac7411f3f1b15c566dede061e3024cde1382d7ca1a860a093ad5b0b9c87aaa13c749ef9982c688d7a8d715c11aee89c2e3d541b9ba3dc73c5ec5cb85,0.3228447287172968,0.9718573093814648,0.0254845466325196,0.0025977121784976,0.1582550684511159,0.930694580078125,5.424,e6aef31fac7411f3f1b15c566dede061e3024cde1382d7ca1a860a093ad5b0b9c87aaa13c749ef9982c688d7a8d715c11aee89c2e3d541b9ba3dc73c5ec5cb85,,,,,,,,
397,5d11b952e9611a75d83a6b37c9eb61990cda39a280a57ed6b8e1e5169bbf408c23a2618a05bd8ed04bef3258fc84db91cac825708b4163b8053d8301d130370b,hindi_griffinlim_eval_final/fake_hindi_griffinlim/hindi_fake_0397.wav,0,7.776,-0.1152734607458114,-0.2682558894157409,rms_matched,False,0.7169841610912066,hindi,-0.5646605342626572,5d11b952e9611a75d83a6b37c9eb61990cda39a280a57ed6b8e1e5169bbf408c23a2618a05bd8ed04bef3258fc84db91cac825708b4163b8053d8301d130370b,0.7169841610912066,0.9508176722478582,0.0339768148161144,0.0150533733904147,0.1089983348046483,0.637664794921875,7.776,5d11b952e9611a75d83a6b37c9eb61990cda39a280a57ed6b8e1e5169bbf408c23a2618a05bd8ed04bef3258fc84db91cac825708b4163b8053d8301d130370b,,,,,,,,
398,e2de24c9d3a10973bd81a43c7e81d2b7747c4395b5c28a66daed073de149a6e5d8cc3da3877c75c105e7ffa814d8ad54ef34008e39a9bbab1df11bbc31bfd2fb,hindi_griffinlim_eval_final/fake_hindi_griffinlim/hindi_fake_0398.wav,0,5.508,-1.6264479160308838,2.0051462650299072,rms_matched,False,0.0983403292640588,hindi,-2.0758349895477295,e2de24c9d3a10973bd81a43c7e81d2b7747c4395b5c28a66daed073de149a6e5d8cc3da3877c75c105e7ffa814d8ad54ef34008e39a9bbab1df11bbc31bfd2fb,0.0983403292640588,0.6420116211389614,0.1989473026033727,0.1570297377297545,0.1266671025661522,0.9434120059013368,5.508,e2de24c9d3a10973bd81a43c7e81d2b7747c4395b5c28a66daed073de149a6e5d8cc3da3877c75c105e7ffa814d8ad54ef34008e39a9bbab1df11bbc31bfd2fb,,,,,,,,
399,461059307d756b80d08835b893bbee0e93e8cf237db0b4ba90a0b34adfa5ee77c44a3777d5a0c19d7a920260f7fd54fdd84661371abe9ece4b08ea2624146827,hindi_griffinlim_eval_final/fake_hindi_griffinlim/hindi_fake_0399.wav,0,5.976,-0.5190393924713135,1.0712146759033203,rms_matched,False,0.0235650050533372,hindi,-0.9684264659881592,461059307d756b80d08835b893bbee0e93e8cf237db0b4ba90a0b34adfa5ee77c44a3777d5a0c19d7a920260f7fd54fdd84661371abe9ece4b08ea2624146827,0.0235650050533372,0.3424502322115603,0.3352202559768801,0.3181648905932358,0.0490370747760803,0.2874795794486999,5.976,461059307d756b80d08835b893bbee0e93e8cf237db0b4ba90a0b34adfa5ee77c44a3777d5a0c19d7a920260f7fd54fdd84661371abe9ece4b08ea2624146827,,,,,,,,
400,e0b0d9bee4bc7b503aa80e3cc2b981cba7d2cd3493201182fda6cfaf6bd0f3c06ed4dece1470c13e0a96e60f29ff7be6ceb53724edc3973a8e5594a8b8f2fb13,hindi_griffinlim_eval_final/fake_hindi_griffinlim/hindi_fake_0400.wav,0,7.2,-0.3885407447814941,0.7395810484886169,rms_matched,False,0.0488836544994131,hindi,-0.8379278182983398,e0b0d9bee4bc7b503aa80e3cc2b981cba7d2cd3493201182fda6cfaf6bd0f3c06ed4dece1470c13e0a96e60f29ff7be6ceb53724edc3973a8e5594a8b8f2fb13,0.0488836544994131,0.4654724023204385,0.2818950555354256,0.249349473253712,0.0782266003641376,0.5852505564689636,7.2,e0b0d9bee4bc7b503aa80e3cc2b981cba7d2cd3493201182fda6cfaf6bd0f3c06ed4dece1470c13e0a96e60f29ff7be6ceb53724edc3973a8e5594a8b8f2fb13,,,,,,,,
401,7b90778674a3659c892533d96bb0aa534879da17cd2f9cb1ae73fc3cc114dda10eba8bb6cfeddbafde910b396a60b95e64b4134430071bf2dd23b8d6a9c32785,hindi_griffinlim_eval_final/fake_hindi_griffinlim/hindi_fake_0401.wav,0,7.092,6.332725524902344,-8.256475448608398,rms_matched,False,0.0121646008316368,hindi,5.883338451385498,7b90778674a3659c892533d96bb0aa534879da17cd2f9cb1ae73fc3cc114dda10eba8bb6cfeddbafde910b396a60b95e64b4134430071bf2dd23b8d6a9c32785,0.0121646008316368,0.239126127446794,0.394652877851441,0.3614052931243985,0.0288323928317967,0.1467072963714599,7.092,7b90778674a3659c892533d96bb0aa534879da17cd2f9cb1ae73fc3cc114dda10eba8bb6cfeddbafde910b396a60b95e64b4134430071bf2dd23b8d6a9c32785,0.2529334617066557,0.3971781686095066,0.3498883696838376,0.6817773936997669,14.65917623514669,0.1394877245155479,0.3690064614631189,0.5263058815730618
402,345ead41094d4bf4aae58398d87ab219b6ffd948dd640a1a2a4da43e2522343c539d11a27052a9cca1014b590e440971db0710852df02639dc9f3d304469aaca,hindi_griffinlim_eval_final/fake_hindi_griffinlim/hindi_fake_0402.wav,0,3.6,-2.214964866638184,3.147911548614502,rms_matched,False,0.0160243920354261,hindi,-2.6643519401550297,345ead41094d4bf4aae58398d87ab219b6ffd948dd640a1a2a4da43e2522343c539d11a27052a9cca1014b590e440971db0710852df02639dc9f3d304469aaca,0.0160243920354261,0.3854354072150505,0.4474246754360311,0.1649044131551185,0.0961170001204625,0.5717976093292236,3.6,345ead41094d4bf4aae58398d87ab219b6ffd948dd640a1a2a4da43e2522343c539d11a27052a9cca1014b590e440971db0710852df02639dc9f3d304469aaca,,,,,,,,
403,7a089d86c2c82f061df264f419453e3740e2a7e030b13163f8802012baaa04bb35130896e3ee83c688d07bce1c74d40e83dabdca6a911dc25d15f97ebb75b7e4,hindi_griffinlim_eval_final/fake_hindi_griffinlim/hindi_fake_0403.wav,0,5.796,-0.5699739456176758,0.9913389086723328,rms_matched,False,0.0323892905934726,hindi,-1.0193610191345215,7a089d86c2c82f061df264f419453e3740e2a7e030b13163f8802012baaa04bb35130896e3ee83c688d07bce1c74d40e83dabdca6a911dc25d15f97ebb75b7e4,0.0323892905934726,0.4443688547977615,0.290240856522219,0.2620493084467178,0.0725455336545508,0.4393846392631531,5.796,7a089d86c2c82f061df264f419453e3740e2a7e030b13163f8802012baaa04bb35130896e3ee83c688d07bce1c74d40e83dabdca6a911dc25d15f97ebb75b7e4,,,,,,,,
404,038cbd3b3ba6f4aa92f2c4c86ba365b95aeb66bfafd37c2803b769b28c260573e0387b85d8ce77f0fea215ffc971b366a14916fe782fc7b0c238062ec238b0c3,hindi_griffinlim_eval_final/fake_hindi_griffinlim/hindi_fake_0404.wav,0,6.516,2.7934556007385254,-3.501940965652466,rms_matched,False,0.0246022850212017,hindi,2.3440685272216797,038cbd3b3ba6f4aa92f2c4c86ba365b95aeb66bfafd37c2803b769b28c260573e0387b85d8ce77f0fea215ffc971b366a14916fe782fc7b0c238062ec238b0c3,0.0246022850212017,0.3643046903873757,0.3210662841184846,0.3104676456347535,0.0521643652728461,0.3130015730857849,6.516,038cbd3b3ba6f4aa92f2c4c86ba365b95aeb66bfafd37c2803b769b28c260573e0387b85d8ce77f0fea215ffc971b366a14916fe782fc7b0c238062ec238b0c3,,,,,,,,
405,287db5b3c7065ffc1e6827c0bc87dc4a6b6a45c159642fe8d490d5adb6ce18a5b4b528f921503762bbb20b1fcd84f5f8256a9a11cd4ccf55964f301b416b08d2,hindi_griffinlim_eval_final/fake_hindi_griffinlim/hindi_fake_0405.wav,0,3.816,-3.299222707748413,4.235881328582764,rms_matched,False,0.0436732838626502,hindi,-3.748609781265259,287db5b3c7065ffc1e6827c0bc87dc4a6b6a45c159642fe8d490d5adb6ce18a5b4b528f921503762bbb20b1fcd84f5f8256a9a11cd4ccf55964f301b416b08d2,0.0436732838626502,0.4342844156243378,0.2969362223732895,0.2658202533314905,0.0729849330160346,0.4490850567817688,3.816,287db5b3c7065ffc1e6827c0bc87dc4a6b6a45c159642fe8d490d5adb6ce18a5b4b528f921503762bbb20b1fcd84f5f8256a9a11cd4ccf55964f301b416b08d2,,,,,,,,
406,b4069adc243cc7836a2bf30d44984b772c144f867bb92b4226209bcdc0783ee26b25bf51d2c4e42b8af14bfe3d183fb5aed4fd783bddc50d124f0970cce3dcd8,hindi_griffinlim_eval_final/fake_hindi_griffinlim/hindi_fake_0406.wav,0,5.328,-1.8205269575119016,2.57564115524292,rms_matched,False,0.1872183107966455,hindi,-2.2699140310287476,b4069adc243cc7836a2bf30d44984b772c144f867bb92b4226209bcdc0783ee26b25bf51d2c4e42b8af14bfe3d183fb5aed4fd783bddc50d124f0970cce3dcd8,0.1872183107966455,0.599417730522319,0.2232920359744233,0.1751555295871685,0.1076165413535524,0.8780606389045715,5.328,b4069adc243cc7836a2bf30d44984b772c144f867bb92b4226209bcdc0783ee26b25bf51d2c4e42b8af14bfe3d183fb5aed4fd783bddc50d124f0970cce3dcd8,,,,,,,,
407,4cef3c57c7794a486d20711b806222df778778312c01a26669a9c4fd75b74a3792424787393673b302401d3d994431c97c30b2d1b8bd6caa0fd563460fed5093,hindi_griffinlim_eval_final/fake_hindi_griffinlim/hindi_fake_0407.wav,0,6.552,3.3002700805664062,-4.012084007263184,rms_matched,False,0.0222015457218281,hindi,2.8508830070495605,4cef3c57c7794a486d20711b806222df778778312c01a26669a9c4fd75b74a3792424787393673b302401d3d994431c97c30b2d1b8bd6caa0fd563460fed5093,0.0222015457218281,0.4462434636152919,0.2170322686874401,0.3341438934651735,0.0857627898503905,0.6581981182098389,6.552,4cef3c57c7794a486d20711b806222df778778312c01a26669a9c4fd75b74a3792424787393673b302401d3d994431c97c30b2d1b8bd6caa0fd563460fed5093,,,,,,,,
408,ae0207e1b992822da425c226998ea35fa5a75ad2e871945773ba6a3a2a1198e2b949343a3576e4840ddbf58db73c345288cca62ba4835d8a03bf508c2d06f3d6,hindi_griffinlim_eval_final/fake_hindi_griffinlim/hindi_fake_0408.wav,0,7.74,-2.531503200531006,3.035795927047729,peak_normalized,True,0.2453375214355,hindi,-2.9808902740478516,ae0207e1b992822da425c226998ea35fa5a75ad2e871945773ba6a3a2a1198e2b949343a3576e4840ddbf58db73c345288cca62ba4835d8a03bf508c2d06f3d6,0.2453375214355,0.9554465339345732,0.0425869875538866,0.0019266610410931,0.1595786080036575,0.989990234375,7.728,ae0207e1b992822da425c226998ea35fa5a75ad2e871945773ba6a3a2a1198e2b949343a3576e4840ddbf58db73c345288cca62ba4835d8a03bf508c2d06f3d6,,,,,,,,
409,758b942bfaf2837bafb0696d5ebc123856f4841aed4dc9d31bb010e7a67246791cda1685a1f4de659ed10843f3be1d227e8f4935ca088afa8531c61ab5bbed26,hindi_griffinlim_eval_final/fake_hindi_griffinlim/hindi_fake_0409.wav,0,7.956,-0.5333646535873413,0.8148948550224304,peak_normalized,True,0.9354100309973794,hindi,-0.982751727104187,758b942bfaf2837bafb0696d5ebc123856f4841aed4dc9d31bb010e7a67246791cda1685a1f4de659ed10843f3be1d227e8f4935ca088afa8531c61ab5bbed26,0.9354100309973794,0.9307210811028386,0.0672331940859147,0.0019509781257188,0.1129189826127309,0.989990234375,7.952,758b942bfaf2837bafb0696d5ebc123856f4841aed4dc9d31bb010e7a67246791cda1685a1f4de659ed10843f3be1d227e8f4935ca088afa8531c61ab5bbed26,,,,,,,,
410,37b6f1162616e55fc582c2dae2bad013d8c460c8c44a22899b8c6d8b306cbc3e2eec8eb0f3e9c12e912ccb39aa07d9334bfdfc914e2622b7e610d06cd5c47c70,hindi_griffinlim_eval_final/fake_hindi_griffinlim/hindi_fake_0410.wav,0,4.032,-0.8204838037490845,1.297954797744751,rms_matched,False,0.8198435440264412,hindi,-1.2698708772659302,37b6f1162616e55fc582c2dae2bad013d8c460c8c44a22899b8c6d8b306cbc3e2eec8eb0f3e9c12e912ccb39aa07d9334bfdfc914e2622b7e610d06cd5c47c70,0.8198435440264412,0.951568111977914,0.0477559688965449,0.0005869709384223,0.1296720123377301,0.875213623046875,4.032,37b6f1162616e55fc582c2dae2bad013d8c460c8c44a22899b8c6d8b306cbc3e2eec8eb0f3e9c12e912ccb39aa07d9334bfdfc914e2622b7e610d06cd5c47c70,,,,,,,,
411,2fab289aa06c3d3ed662c848272fccd54cfe903fbc7895c797a394c8ac5314a6dcbd94b498eb6af96d006c568ea2a0d523ca6b0212684ed46408338da97c2b0b,hindi_griffinlim_eval_final/fake_hindi_griffinlim/hindi_fake_0411.wav,0,4.68,3.304489850997925,-4.389598846435547,rms_matched,False,0.4690050955530177,hindi,2.855102777481079,2fab289aa06c3d3ed662c848272fccd54cfe903fbc7895c797a394c8ac5314a6dcbd94b498eb6af96d006c568ea2a0d523ca6b0212684ed46408338da97c2b0b,0.4690050955530177,0.8356681191279205,0.1386112015503818,0.0256402764915622,0.1357248726600345,0.930450439453125,4.672,2fab289aa06c3d3ed662c848272fccd54cfe903fbc7895c797a394c8ac5314a6dcbd94b498eb6af96d006c568ea2a0d523ca6b0212684ed46408338da97c2b0b,,,,,,,,
412,68cb270e1215efd79204c075fb9df17b4ea024a7c09f74970ea4e506e73229238b2c3b3fc62c0f650e4fbd93cfbdd109b4442bcd5292c50b81cf80146568bf42,hindi_griffinlim_eval_final/fake_hindi_griffinlim/hindi_fake_0412.wav,0,6.588,1.4872010946273804,-2.01747989654541,rms_matched,False,0.0184330900055259,hindi,1.0378140211105347,68cb270e1215efd79204c075fb9df17b4ea024a7c09f74970ea4e506e73229238b2c3b3fc62c0f650e4fbd93cfbdd109b4442bcd5292c50b81cf80146568bf42,0.0184330900055259,0.3434565599121413,0.3431336989868891,0.3092603455052987,0.0499981445933384,0.2706782817840576,6.588,68cb270e1215efd79204c075fb9df17b4ea024a7c09f74970ea4e506e73229238b2c3b3fc62c0f650e4fbd93cfbdd109b4442bcd5292c50b81cf80146568bf42,0.3812754412255918,0.3263971373777011,0.292327421396707,0.7031769409012814,14.520044897084889,0.1624109745930875,0.4028603154135011,0.5580278916160791
413,d09397973383a68b428b2de77fa5f97b990441e1d4f668eca001e162425c7928eb19441bc4e961b80af9f9414a3d1ce66d15cc8fde6c11fbb24bf65ac1eddcf0,hindi_griffinlim_eval_final/fake_hindi_griffinlim/hindi_fake_0413.wav,0,7.488,-3.179183959960937,4.004363059997559,rms_matched,False,0.0628137486059183,hindi,-3.6285710334777828,d09397973383a68b428b2de77fa5f97b990441e1d4f668eca001e162425c7928eb19441bc4e961b80af9f9414a3d1ce66d15cc8fde6c11fbb24bf65ac1eddcf0,0.0628137486059183,0.4941827838352371,0.3089184460453444,0.1943119780849775,0.0885544031973352,0.677386999130249,7.488,d09397973383a68b428b2de77fa5f97b990441e1d4f668eca001e162425c7928eb19441bc4e961b80af9f9414a3d1ce66d15cc8fde6c11fbb24bf65ac1eddcf0,0.4834987437367493,0.3045650522909207,0.2119362039723299,0.7060060475687717,14.55408857761536,0.1411783884876959,0.386700663765074,0.5528211680591242
414,6990e943cefc8a2ed3e12aa2c2a781793096d1aaf311b175943b3029333a59e74f30086965cfb6f7db8b79b431c41a44e6b4aa3f806707fc0c4e5da883dd1d54,hindi_griffinlim_eval_final/fake_hindi_griffinlim/hindi_fake_0414.wav,0,6.228,-3.403667449951172,4.075978755950928,rms_matched,False,0.0269036082432829,hindi,-3.8530545234680176,6990e943cefc8a2ed3e12aa2c2a781793096d1aaf311b175943b3029333a59e74f30086965cfb6f7db8b79b431c41a44e6b4aa3f806707fc0c4e5da883dd1d54,0.0269036082432829,0.458893603374577,0.3531391602594786,0.1857037423768739,0.1033877485750318,0.7480342984199524,6.228,6990e943cefc8a2ed3e12aa2c2a781793096d1aaf311b175943b3029333a59e74f30086965cfb6f7db8b79b431c41a44e6b4aa3f806707fc0c4e5da883dd1d54,,,,,,,,
415,c8eabd52eef7e16e14998264ec78831ec7b891135ad93c446e459d4643b02c721b412f4fc828522a478fdbd2d5f4ca9838991a89368c78cb7f0617b3837a00ca,hindi_griffinlim_eval_final/fake_hindi_griffinlim/hindi_fake_0415.wav,0,2.988,3.53174352645874,-4.236537933349609,rms_matched,False,0.031874475612427,hindi,3.082356452941894,c8eabd52eef7e16e14998264ec78831ec7b891135ad93c446e459d4643b02c721b412f4fc828522a478fdbd2d5f4ca9838991a89368c78cb7f0617b3837a00ca,0.031874475612427,0.3184885678922911,0.3408659425037758,0.3363001082414955,0.0477150804331752,0.2757771611213684,2.988,c8eabd52eef7e16e14998264ec78831ec7b891135ad93c446e459d4643b02c721b412f4fc828522a478fdbd2d5f4ca9838991a89368c78cb7f0617b3837a00ca,0.3121140393336095,0.3455899288309472,0.3422960318354432,0.744280564453548,14.222370982508176,0.2084038928647694,0.4696609505718563,0.6196231721297493
416,5191b8af39731f5141ffac823e13e25016e5b3109209f12d3337bdfc92ddff74ea717e293a01fe3b90fb2be2a87b0621cc385140b097b7e6d76f1d2e2f319d74,hindi_griffinlim_eval_final/fake_hindi_griffinlim/hindi_fake_0416.wav,0,5.688,-4.946907997131348,5.67606782913208,rms_matched,False,0.2281985887056278,hindi,-5.396295070648193,5191b8af39731f5141ffac823e13e25016e5b3109209f12d3337bdfc92ddff74ea717e293a01fe3b90fb2be2a87b0621cc385140b097b7e6d76f1d2e2f319d74,0.2281985887056278,0.4697562655196379,0.3408050655976787,0.187116577001868,0.0958729415935912,0.9836814403533936,5.688,5191b8af39731f5141ffac823e13e25016e5b3109209f12d3337bdfc92ddff74ea717e293a01fe3b90fb2be2a87b0621cc385140b097b7e6d76f1d2e2f319d74,,,,,,,,
417,7fbf4c95e3140e3dc38caf6b69156e7b0c31b692322f830bd453acafa852716c55556b85dab23eb2fcf7567541c68490442cf56fba72b2b29acffe250f110146,hindi_griffinlim_eval_final/fake_hindi_griffinlim/hindi_fake_0417.wav,0,6.444,-0.491798996925354,0.9101693630218506,rms_matched,False,0.020288790184067,hindi,-0.9411860704421997,7fbf4c95e3140e3dc38caf6b69156e7b0c31b692322f830bd453acafa852716c55556b85dab23eb2fcf7567541c68490442cf56fba72b2b29acffe250f110146,0.020288790184067,0.435794612932816,0.3001608392731582,0.2606782108069714,0.0743125036469183,0.4216709733009338,6.444,7fbf4c95e3140e3dc38caf6b69156e7b0c31b692322f830bd453acafa852716c55556b85dab23eb2fcf7567541c68490442cf56fba72b2b29acffe250f110146,,,,,,,,
418,0e97e303991e6646c845049579a4bea7a25ea775f6b8b44a09e0efd0ae9661ec984c393c92d2522e3158c8b0ca206ad60fd9e136713e18c21dffd72811a88b88,hindi_griffinlim_eval_final/fake_hindi_griffinlim/hindi_fake_0418.wav,0,6.66,-5.496443748474121,6.335694789886475,rms_matched,False,0.0361917364895363,hindi,-5.945830821990967,0e97e303991e6646c845049579a4bea7a25ea775f6b8b44a09e0efd0ae9661ec984c393c92d2522e3158c8b0ca206ad60fd9e136713e18c21dffd72811a88b88,0.0361917364895363,0.7592452360620642,0.1432871657472006,0.0961766759399662,0.1573563070132265,0.990000069141388,6.66,0e97e303991e6646c845049579a4bea7a25ea775f6b8b44a09e0efd0ae9661ec984c393c92d2522e3158c8b0ca206ad60fd9e136713e18c21dffd72811a88b88,,,,,,,,
419,8525f36954391ad7696abcf66c1383e5409d52980ebd2d7b1063cc48ed81ebd9f8cf3a8c257f079e986893cfa2455e4c832d04863c8fed7db4f4d5951ec34d1b,hindi_griffinlim_eval_final/fake_hindi_griffinlim/hindi_fake_0419.wav,0,5.868,-0.372351586818695,0.8006013035774231,rms_matched,False,0.0365524367473455,hindi,-0.8217386603355408,8525f36954391ad7696abcf66c1383e5409d52980ebd2d7b1063cc48ed81ebd9f8cf3a8c257f079e986893cfa2455e4c832d04863c8fed7db4f4d5951ec34d1b,0.0365524367473455,0.4280159054504001,0.2906084037330169,0.277918144814783,0.0663080929974269,0.417523443698883,5.868,8525f36954391ad7696abcf66c1383e5409d52980ebd2d7b1063cc48ed81ebd9f8cf3a8c257f079e986893cfa2455e4c832d04863c8fed7db4f4d5951ec34d1b,,,,,,,,
420,46f23ae11e8565e979749342e1097a77fe3ef574253f10323351763c97b22c07b42362b03c576fa1d45361cede36368bbd6b9325f1f93cd2b8ed161a560ece2a,hindi_griffinlim_eval_final/fake_hindi_griffinlim/hindi_fake_0420.wav,0,5.232,-4.376853942871094,5.290943145751953,rms_matched,False,0.0973216588735512,hindi,-4.8262410163879395,46f23ae11e8565e979749342e1097a77fe3ef574253f10323351763c97b22c07b42362b03c576fa1d45361cede36368bbd6b9325f1f93cd2b8ed161a560ece2a,0.0973216588735512,0.6679497781098948,0.1781649213418678,0.1519059672562829,0.1221112974645219,0.8234931826591492,5.232,46f23ae11e8565e979749342e1097a77fe3ef574253f10323351763c97b22c07b42362b03c576fa1d45361cede36368bbd6b9325f1f93cd2b8ed161a560ece2a,,,,,,,,
421,9698b39cb85f238f1346eea2dba721e4e8fb440bd4d14b632aef84108f02f47d028463a7076a9eb0333b72fab260a9357f045de63eaaa3c7374ce6a692e081ba,hindi_griffinlim_eval_final/fake_hindi_griffinlim/hindi_fake_0421.wav,0,7.092,-0.4513104856014251,0.9192848801612854,rms_matched,False,0.0418159874205636,hindi,-0.9006975591182709,9698b39cb85f238f1346eea2dba721e4e8fb440bd4d14b632aef84108f02f47d028463a7076a9eb0333b72fab260a9357f045de63eaaa3c7374ce6a692e081ba,0.0418159874205636,0.4847431884428388,0.2861568676863437,0.2264982762352946,0.0851110546604871,0.5975344181060791,7.092,9698b39cb85f238f1346eea2dba721e4e8fb440bd4d14b632aef84108f02f47d028463a7076a9eb0333b72fab260a9357f045de63eaaa3c7374ce6a692e081ba,,,,,,,,
422,c1edd0ef566e809ba01bf1a3011df6cd0fbf6a1675ba8002e671dd7b16588ea30ff434c78aaae27b190d16c6d7bd32bdd4a6b1ca631c0b3f819e807b3cdef585,hindi_griffinlim_eval_final/fake_hindi_griffinlim/hindi_fake_0422.wav,0,3.708,6.652477264404297,-8.67624282836914,rms_matched,False,0.0223842038374224,hindi,6.203090190887451,c1edd0ef566e809ba01bf1a3011df6cd0fbf6a1675ba8002e671dd7b16588ea30ff434c78aaae27b190d16c6d7bd32bdd4a6b1ca631c0b3f819e807b3cdef585,0.0223842038374224,0.1869623022082623,0.4165073286969311,0.3912694546444976,0.0168582008644385,0.0800194144248962,3.708,c1edd0ef566e809ba01bf1a3011df6cd0fbf6a1675ba8002e671dd7b16588ea30ff434c78aaae27b190d16c6d7bd32bdd4a6b1ca631c0b3f819e807b3cdef585,,,,,,,,
423,04c41ef9e7a610b1bdb35d99443823570fcb9c9a4a63ba7855c471d73f6c1dbdf30796b0f86445c09f70057ce25436f51742b3a4829f5da39a0ebababbec6d59,hindi_griffinlim_eval_final/fake_hindi_griffinlim/hindi_fake_0423.wav,0,6.48,-0.4772369861602783,0.6113957762718201,rms_matched,False,0.0296051936834418,hindi,-0.926624059677124,04c41ef9e7a610b1bdb35d99443823570fcb9c9a4a63ba7855c471d73f6c1dbdf30796b0f86445c09f70057ce25436f51742b3a4829f5da39a0ebababbec6d59,0.0296051936834418,0.3747545243747744,0.2934413952969119,0.3288980246697697,0.0736771891551557,0.6424126029014587,6.48,04c41ef9e7a610b1bdb35d99443823570fcb9c9a4a63ba7855c471d73f6c1dbdf30796b0f86445c09f70057ce25436f51742b3a4829f5da39a0ebababbec6d59,,,,,,,,
424,1a88297b510c4d15acdd9d6a3f50d13fd6420c8f934e487a7ec5096ab5fbebef165269d581a12002a5eca2cf3fbced4552441668df9c027abd45ef0895eabbc2,hindi_griffinlim_eval_final/fake_hindi_griffinlim/hindi_fake_0424.wav,0,5.004,-5.478158950805664,6.2653985023498535,rms_matched,False,0.0887368673217093,hindi,-5.92754602432251,1a88297b510c4d15acdd9d6a3f50d13fd6420c8f934e487a7ec5096ab5fbebef165269d581a12002a5eca2cf3fbced4552441668df9c027abd45ef0895eabbc2,0.0887368673217093,0.6119650363427637,0.2173736932382163,0.1684843912032118,0.1132168406104988,0.7824233770370483,5.004,1a88297b510c4d15acdd9d6a3f50d13fd6420c8f934e487a7ec5096ab5fbebef165269d581a12002a5eca2cf3fbced4552441668df9c027abd45ef0895eabbc2,,,,,,,,
425,7645441bdc18d3b030505861df550d84664b9a9931552e1efeafab2fc218b84b74173a02073f3ab449dfd6be412293b9bfbe39fc0b97793fff0f586d8212ca0d,hindi_griffinlim_eval_final/fake_hindi_griffinlim/hindi_fake_0425.wav,0,7.488,-3.928380012512207,4.777287006378174,rms_matched,False,0.0548587830837574,hindi,-4.377767086029053,7645441bdc18d3b030505861df550d84664b9a9931552e1efeafab2fc218b84b74173a02073f3ab449dfd6be412293b9bfbe39fc0b97793fff0f586d8212ca0d,0.0548587830837574,0.5074729483422928,0.3045415073527787,0.1854603752059892,0.0929587285498533,0.6854556798934937,7.488,7645441bdc18d3b030505861df550d84664b9a9931552e1efeafab2fc218b84b74173a02073f3ab449dfd6be412293b9bfbe39fc0b97793fff0f586d8212ca0d,,,,,,,,
426,5e46ac50eb1d862c9c16cabb7768b1b412ed7ec5a51e13e22953cbb21d43c30f5addea8f5b6797634a95c8140661feb46f36a8e68d9968dc8452c0ac88af7e59,hindi_griffinlim_eval_final/fake_hindi_griffinlim/hindi_fake_0426.wav,0,3.384,-0.5479413270950317,1.1005699634552002,rms_matched,False,0.0676863915100193,hindi,-0.9973284006118774,5e46ac50eb1d862c9c16cabb7768b1b412ed7ec5a51e13e22953cbb21d43c30f5addea8f5b6797634a95c8140661feb46f36a8e68d9968dc8452c0ac88af7e59,0.0676863915100193,0.4403026602851843,0.3184043486128126,0.2381693288699767,0.0751820285835146,0.4997414350509643,3.384,5e46ac50eb1d862c9c16cabb7768b1b412ed7ec5a51e13e22953cbb21d43c30f5addea8f5b6797634a95c8140661feb46f36a8e68d9968dc8452c0ac88af7e59,,,,,,,,
427,ddc0ae40d79e0f3980eb00cedd80e03d7a0cbf3ab7880588429060f50c16895262e0a1874caae85ee39e8bdd72e5ac94830df955d0cf0ec817d50ce83d61f055,hindi_griffinlim_eval_final/fake_hindi_griffinlim/hindi_fake_0427.wav,0,5.904,-3.579505681991577,4.434239387512207,rms_matched,False,0.007346666378841,hindi,-4.028892755508423,ddc0ae40d79e0f3980eb00cedd80e03d7a0cbf3ab7880588429060f50c16895262e0a1874caae85ee39e8bdd72e5ac94830df955d0cf0ec817d50ce83d61f055,0.007346666378841,0.6142166537193726,0.2356120483318986,0.1486925770014067,0.1432016193464058,0.7969427704811096,5.904,ddc0ae40d79e0f3980eb00cedd80e03d7a0cbf3ab7880588429060f50c16895262e0a1874caae85ee39e8bdd72e5ac94830df955d0cf0ec817d50ce83d61f055,0.4639127823078218,0.3081621865166984,0.2279250311754797,0.6993316723609444,14.516440993332395,0.1705561233708962,0.3960020975412117,0.5469482356607753
428,169afd68fa12674be328762c77fff1783f807dfc52a7f9b0ec599d77f5fb9bd8998ec8f9fea575f4bee8d86d2ea242a97ee6de9da1bf191f541113fd3c432206,hindi_griffinlim_eval_final/fake_hindi_griffinlim/hindi_fake_0428.wav,0,5.22,-2.255228042602539,3.166384696960449,rms_matched,False,0.0839496291833644,hindi,-2.7046151161193848,169afd68fa12674be328762c77fff1783f807dfc52a7f9b0ec599d77f5fb9bd8998ec8f9fea575f4bee8d86d2ea242a97ee6de9da1bf191f541113fd3c432206,0.0839496291833644,0.6151130985291747,0.2547717079188016,0.1284274689238277,0.125795716305609,0.9075096845626832,5.22,169afd68fa12674be328762c77fff1783f807dfc52a7f9b0ec599d77f5fb9bd8998ec8f9fea575f4bee8d86d2ea242a97ee6de9da1bf191f541113fd3c432206,,,,,,,,
429,0175f4388a3ca66faae78ea57819f8aab986d188f874dde198e28b64248291dde8f43a6912b9de4854f9862a8f832961da3e9194bec9ebef96b1c9b66d956422,hindi_griffinlim_eval_final/fake_hindi_griffinlim/hindi_fake_0429.wav,0,4.428,-1.0661731958389282,1.6595838069915771,rms_matched,False,0.0893447429668765,hindi,-1.515560269355774,0175f4388a3ca66faae78ea57819f8aab986d188f874dde198e28b64248291dde8f43a6912b9de4854f9862a8f832961da3e9194bec9ebef96b1c9b66d956422,0.0893447429668765,0.5855762565818599,0.2167000425076236,0.1951272109626535,0.0963879823807067,0.6012049317359924,4.428,0175f4388a3ca66faae78ea57819f8aab986d188f874dde198e28b64248291dde8f43a6912b9de4854f9862a8f832961da3e9194bec9ebef96b1c9b66d956422,,,,,,,,
430,a066789aa8ea6303bb07718d19b64857704e55535723a8dd43b6976195e18e9adc3a825f268a88ccc32ef7316d710fad8123af7ba21fb7c93daa171de917a426,hindi_griffinlim_eval_final/fake_hindi_griffinlim/hindi_fake_0430.wav,0,6.48,0.1830609142780304,-0.3602471351623535,rms_matched,False,0.0213239209678808,hindi,-0.2663261592388153,a066789aa8ea6303bb07718d19b64857704e55535723a8dd43b6976195e18e9adc3a825f268a88ccc32ef7316d710fad8123af7ba21fb7c93daa171de917a426,0.0213239209678808,0.4278777142391236,0.3159227208544734,0.2532280868853006,0.0813328374946852,0.5328331589698792,6.48,a066789aa8ea6303bb07718d19b64857704e55535723a8dd43b6976195e18e9adc3a825f268a88ccc32ef7316d710fad8123af7ba21fb7c93daa171de917a426,,,,,,,,
431,29bcb273adde2fc3bc2e4595307cca55f7a2164b643bd634a478297488389dd87132dba219b5a51a5b42b59a42fe5eef68ff2cd098bb675cf680befd442613d5,hindi_griffinlim_eval_final/fake_hindi_griffinlim/hindi_fake_0431.wav,0,3.888,-0.5380887985229492,0.7012092471122742,rms_matched,False,0.0892232488783079,hindi,-0.9874758720397949,29bcb273adde2fc3bc2e4595307cca55f7a2164b643bd634a478297488389dd87132dba219b5a51a5b42b59a42fe5eef68ff2cd098bb675cf680befd442613d5,0.0892232488783079,0.5888296449389679,0.2117614556576045,0.1971160037204881,0.1109416968002287,0.7811384201049805,3.888,29bcb273adde2fc3bc2e4595307cca55f7a2164b643bd634a478297488389dd87132dba219b5a51a5b42b59a42fe5eef68ff2cd098bb675cf680befd442613d5,,,,,,,,
432,d4c2879ab41c9e74ea638e9cb5b2a557d5683744a6c2eb0fed1f4c7adef59c90f549a18287b7f8e6b74136651dafda58acaccbf4fb627728befbe6573a61f4b8,hindi_griffinlim_eval_final/fake_hindi_griffinlim/hindi_fake_0432.wav,0,4.608,-2.9018051624298096,3.712658405303955,rms_matched,False,0.1442609779992892,hindi,-3.3511922359466553,d4c2879ab41c9e74ea638e9cb5b2a557d5683744a6c2eb0fed1f4c7adef59c90f549a18287b7f8e6b74136651dafda58acaccbf4fb627728befbe6573a61f4b8,0.1442609779992892,0.6166955985874915,0.2158356776074211,0.1652342181527484,0.1066538917469413,0.754277765750885,4.608,d4c2879ab41c9e74ea638e9cb5b2a557d5683744a6c2eb0fed1f4c7adef59c90f549a18287b7f8e6b74136651dafda58acaccbf4fb627728befbe6573a61f4b8,,,,,,,,
433,42dbccb16fa1ce50253a96dee532a7c4030f9daa92599271e4c0692efc8e58f669205bbcedf0ddf1f51f1e5753260ad39f6e0a5e6f85d5d24b3c5b3a20114c4c,hindi_griffinlim_eval_final/fake_hindi_griffinlim/hindi_fake_0433.wav,0,3.24,5.264560699462891,-6.611222267150879,rms_matched,False,0.1194615827636295,hindi,4.815173625946045,42dbccb16fa1ce50253a96dee532a7c4030f9daa92599271e4c0692efc8e58f669205bbcedf0ddf1f51f1e5753260ad39f6e0a5e6f85d5d24b3c5b3a20114c4c,0.1194615827636295,0.4265214257432673,0.2893127224442563,0.2806442598170789,0.0670569525534544,0.5466470718383789,3.24,42dbccb16fa1ce50253a96dee532a7c4030f9daa92599271e4c0692efc8e58f669205bbcedf0ddf1f51f1e5753260ad39f6e0a5e6f85d5d24b3c5b3a20114c4c,,,,,,,,
434,b9e669f9010e60c988c15c6c357649706d91c33219725e9a2b12fe7903fa536fc8b34a51ea158f2ba92027617b4944a2514cfa7beb4249f26b23754403940006,hindi_griffinlim_eval_final/fake_hindi_griffinlim/hindi_fake_0434.wav,0,4.248,-5.536327362060547,6.317734718322754,rms_matched,False,0.0843431442071062,hindi,-5.985714435577393,b9e669f9010e60c988c15c6c357649706d91c33219725e9a2b12fe7903fa536fc8b34a51ea158f2ba92027617b4944a2514cfa7beb4249f26b23754403940006,0.0843431442071062,0.9723305738047908,0.0272468609224834,0.0003805157409938,0.1811847108478457,0.946197509765625,4.24,b9e669f9010e60c988c15c6c357649706d91c33219725e9a2b12fe7903fa536fc8b34a51ea158f2ba92027617b4944a2514cfa7beb4249f26b23754403940006,,,,,,,,
435,cb191bbd6bef46c81c9d5a49421a071897ee938b184fb94525d71950769ff71a8e4c5380bac3087cf73f11082371a95a9e76e594ba58d9520d5892e39d9d167e,hindi_griffinlim_eval_final/fake_hindi_griffinlim/hindi_fake_0435.wav,0,5.976,-3.99368953704834,4.843177318572998,rms_matched,False,0.0545389612884655,hindi,-4.4430766105651855,cb191bbd6bef46c81c9d5a49421a071897ee938b184fb94525d71950769ff71a8e4c5380bac3087cf73f11082371a95a9e76e594ba58d9520d5892e39d9d167e,0.0545389612884655,0.4051873921620822,0.379388999691627,0.2132507186344492,0.096576109143304,0.8747152090072632,5.976,cb191bbd6bef46c81c9d5a49421a071897ee938b184fb94525d71950769ff71a8e4c5380bac3087cf73f11082371a95a9e76e594ba58d9520d5892e39d9d167e,,,,,,,,
436,52f22814969ddf3ae439c9927cdc815781938e7b8db9939cbe5cc7211c83b3dd6eccb62b360571d4002d64878c3b70340e8a76bf784048ff984b73b71d31fc52,hindi_griffinlim_eval_final/fake_hindi_griffinlim/hindi_fake_0436.wav,0,2.952,3.0443553924560547,-3.806990623474121,rms_matched,False,0.0311695738515335,hindi,2.594968318939209,52f22814969ddf3ae439c9927cdc815781938e7b8db9939cbe5cc7211c83b3dd6eccb62b360571d4002d64878c3b70340e8a76bf784048ff984b73b71d31fc52,0.0311695738515335,0.3488382545984602,0.3353922633524466,0.3118380653448442,0.0517459450892226,0.2537925839424133,2.952,52f22814969ddf3ae439c9927cdc815781938e7b8db9939cbe5cc7211c83b3dd6eccb62b360571d4002d64878c3b70340e8a76bf784048ff984b73b71d31fc52,,,,,,,,
437,e0a36ee267ea8131975092e3f0b285cc85c2ecf0e47fa58a4f81eea8ef911bc2e939a2fe85859b96f77623060400a6ad1157350fd138ac8523288698254e8c4e,hindi_griffinlim_eval_final/fake_hindi_griffinlim/hindi_fake_0437.wav,0,4.032,-0.2009055614471435,0.6379124522209167,rms_matched,False,0.0627541973906443,hindi,-0.6502926349639893,e0a36ee267ea8131975092e3f0b285cc85c2ecf0e47fa58a4f81eea8ef911bc2e939a2fe85859b96f77623060400a6ad1157350fd138ac8523288698254e8c4e,0.0627541973906443,0.5432522064229888,0.2491056980548228,0.2047425832859878,0.091985290747788,0.5436121821403503,4.032,e0a36ee267ea8131975092e3f0b285cc85c2ecf0e47fa58a4f81eea8ef911bc2e939a2fe85859b96f77623060400a6ad1157350fd138ac8523288698254e8c4e,,,,,,,,
438,eadc13b88ea5631a21a2beb0917e9be628171b8aaae29918cb08b2afa62e820e01d0a5e21154b643f10067864ae138783bc31abf1a13b86bcb072fa0f0df4d40,hindi_griffinlim_eval_final/fake_hindi_griffinlim/hindi_fake_0438.wav,0,6.66,2.0239040851593018,-2.45271110534668,rms_matched,False,0.023704317038541,hindi,1.574517011642456,eadc13b88ea5631a21a2beb0917e9be628171b8aaae29918cb08b2afa62e820e01d0a5e21154b643f10067864ae138783bc31abf1a13b86bcb072fa0f0df4d40,0.023704317038541,0.3176647009430896,0.3471633613885026,0.3308351497036592,0.0448395777599444,0.3051319718360901,6.66,eadc13b88ea5631a21a2beb0917e9be628171b8aaae29918cb08b2afa62e820e01d0a5e21154b643f10067864ae138783bc31abf1a13b86bcb072fa0f0df4d40,,,,,,,,
439,cb974805e163f0eec357012f483d57476c8229c9aca280469ccd5adc74516c39f36d16c23091c86bb18522064887048eb5d8c5b9259503a6de95d555745793b7,hindi_griffinlim_eval_final/fake_hindi_griffinlim/hindi_fake_0439.wav,0,6.948,-0.4126200973987579,0.673786461353302,rms_matched,False,0.0174040948718973,hindi,-0.8620071709156036,cb974805e163f0eec357012f483d57476c8229c9aca280469ccd5adc74516c39f36d16c23091c86bb18522064887048eb5d8c5b9259503a6de95d555745793b7,0.0174040948718973,0.3430465982734938,0.3714182201655333,0.281792140682959,0.0585757691736362,0.3642516732215881,6.948,cb974805e163f0eec357012f483d57476c8229c9aca280469ccd5adc74516c39f36d16c23091c86bb18522064887048eb5d8c5b9259503a6de95d555745793b7,,,,,,,,
440,aabd80b27714da5c6b5d4592a6f29f161db3cb06672ab14afb56eaf550ac0be0c14536ba5df7358621f018a4bc767c8c8477eaa4746830cf31ec4cdbcc2193fc,hindi_griffinlim_eval_final/fake_hindi_griffinlim/hindi_fake_0440.wav,0,4.356,4.519235134124756,-5.575173377990723,rms_matched,False,0.0219865176432623,hindi,4.06984806060791,aabd80b27714da5c6b5d4592a6f29f161db3cb06672ab14afb56eaf550ac0be0c14536ba5df7358621f018a4bc767c8c8477eaa4746830cf31ec4cdbcc2193fc,0.0219865176432623,0.2941460987970051,0.3564669298091422,0.3448057418005009,0.0388547613993706,0.185639202594757,4.356,aabd80b27714da5c6b5d4592a6f29f161db3cb06672ab14afb56eaf550ac0be0c14536ba5df7358621f018a4bc767c8c8477eaa4746830cf31ec4cdbcc2193fc,,,,,,,,
441,7b90778674a3659c892533d96bb0aa534879da17cd2f9cb1ae73fc3cc114dda10eba8bb6cfeddbafde910b396a60b95e64b4134430071bf2dd23b8d6a9c32785,hindi_griffinlim_eval_final/fake_hindi_griffinlim/hindi_fake_0441.wav,0,3.852,6.724711418151856,-8.721698760986328,rms_matched,False,0.0215019178655715,hindi,6.275324344635011,7b90778674a3659c892533d96bb0aa534879da17cd2f9cb1ae73fc3cc114dda10eba8bb6cfeddbafde910b396a60b95e64b4134430071bf2dd23b8d6a9c32785,0.0215019178655715,0.204232711943507,0.4047126185785815,0.3859877049098473,0.019684714075657,0.0848097205162048,3.852,7b90778674a3659c892533d96bb0aa534879da17cd2f9cb1ae73fc3cc114dda10eba8bb6cfeddbafde910b396a60b95e64b4134430071bf2dd23b8d6a9c32785,0.2068476630715136,0.4061404195316104,0.3870119173968758,0.7000487614979249,14.524283391287398,0.1663795332033288,0.4018029633192478,0.5534052232716702
442,2de3db24e998f00d734a8da3c51f592d40cdff55dfae3f290f4b0ef2e1acb63313eba952692afa76afcc1912d4c5fbd103d7bc838757a2bd55293827e758500e,hindi_griffinlim_eval_final/fake_hindi_griffinlim/hindi_fake_0442.wav,0,4.32,6.527861595153809,-8.45988941192627,rms_matched,False,0.0158463265376279,hindi,6.078474521636963,2de3db24e998f00d734a8da3c51f592d40cdff55dfae3f290f4b0ef2e1acb63313eba952692afa76afcc1912d4c5fbd103d7bc838757a2bd55293827e758500e,0.0158463265376279,0.2629008275730621,0.3777507768450755,0.3547809884170992,0.0382455893050153,0.183107316493988,4.32,2de3db24e998f00d734a8da3c51f592d40cdff55dfae3f290f4b0ef2e1acb63313eba952692afa76afcc1912d4c5fbd103d7bc838757a2bd55293827e758500e,,,,,,,,
443,b4069adc243cc7836a2bf30d44984b772c144f867bb92b4226209bcdc0783ee26b25bf51d2c4e42b8af14bfe3d183fb5aed4fd783bddc50d124f0970cce3dcd8,hindi_griffinlim_eval_final/fake_hindi_griffinlim/hindi_fake_0443.wav,0,4.32,6.991001129150391,-9.059438705444336,rms_matched,False,0.0237095191830902,hindi,6.541614055633545,b4069adc243cc7836a2bf30d44984b772c144f867bb92b4226209bcdc0783ee26b25bf51d2c4e42b8af14bfe3d183fb5aed4fd783bddc50d124f0970cce3dcd8,0.0237095191830902,0.1785084259661141,0.4143032529115323,0.4018454217271409,0.0103097699003348,0.0433690547943115,4.32,b4069adc243cc7836a2bf30d44984b772c144f867bb92b4226209bcdc0783ee26b25bf51d2c4e42b8af14bfe3d183fb5aed4fd783bddc50d124f0970cce3dcd8,,,,,,,,
444,e811478820937736d1074ae0c51bf72791cd1029b63b639e8dd3ab8f6d8ce46e9eed447dd3edfeca171695425e9496970dbbe5f3cb9b07cba7fed66459eff2c3,hindi_griffinlim_eval_final/fake_hindi_griffinlim/hindi_fake_0444.wav,0,6.3,-2.2446234226226807,2.8808608055114746,rms_matched,False,0.0230016644066145,hindi,-2.6940104961395264,e811478820937736d1074ae0c51bf72791cd1029b63b639e8dd3ab8f6d8ce46e9eed447dd3edfeca171695425e9496970dbbe5f3cb9b07cba7fed66459eff2c3,0.0230016644066145,0.5990673130986819,0.2120877714375107,0.1864175764979735,0.1119655820820315,0.6232563853263855,6.3,e811478820937736d1074ae0c51bf72791cd1029b63b639e8dd3ab8f6d8ce46e9eed447dd3edfeca171695425e9496970dbbe5f3cb9b07cba7fed66459eff2c3,,,,,,,,
445,05fd2a7f0d7cbe9acb1d838706b64a2ab489f6d0d2e7ff3a4243b1bb89ca3c1bc2e8dfd22bf11cf6e2fd9f11c2809b3dbf3db935d566ab6b6ee3122e3bfc20ed,hindi_griffinlim_eval_final/fake_hindi_griffinlim/hindi_fake_0445.wav,0,4.176,-0.1037614643573761,0.1664459407329559,rms_matched,False,0.0317087766824485,hindi,-0.5531485378742218,05fd2a7f0d7cbe9acb1d838706b64a2ab489f6d0d2e7ff3a4243b1bb89ca3c1bc2e8dfd22bf11cf6e2fd9f11c2809b3dbf3db935d566ab6b6ee3122e3bfc20ed,0.0317087766824485,0.3895998140039873,0.3160496863432824,0.2905477252657652,0.0596110296035817,0.3193539977073669,4.176,05fd2a7f0d7cbe9acb1d838706b64a2ab489f6d0d2e7ff3a4243b1bb89ca3c1bc2e8dfd22bf11cf6e2fd9f11c2809b3dbf3db935d566ab6b6ee3122e3bfc20ed,,,,,,,,
446,6e20e06229081bf9c063f01cd7b3e0a759f5953624213afea5c397d4b7fe9a4dc5dae704a5faf61147d4155de50dc4a2cafdf78e7e2f8a3dc8633f276065b4cc,hindi_griffinlim_eval_final/fake_hindi_griffinlim/hindi_fake_0446.wav,0,2.628,-4.41898775100708,5.341788768768311,rms_matched,False,0.1061666158055281,hindi,-4.868374824523926,6e20e06229081bf9c063f01cd7b3e0a759f5953624213afea5c397d4b7fe9a4dc5dae704a5faf61147d4155de50dc4a2cafdf78e7e2f8a3dc8633f276065b4cc,0.1061666158055281,0.5837081306224942,0.2195512732349563,0.1942553138816505,0.0995675842503988,0.6178290247917175,2.628,6e20e06229081bf9c063f01cd7b3e0a759f5953624213afea5c397d4b7fe9a4dc5dae704a5faf61147d4155de50dc4a2cafdf78e7e2f8a3dc8633f276065b4cc,,,,,,,,
447,a34b3f5fa057f54bc74179593acc5d316145622c5ece92f2e9b2d74a2de7fa87ed863a9061955f68625d580b33faa23dcd31f9c5a6f9c1e1dd8790a4ba671f57,hindi_griffinlim_eval_final/fake_hindi_griffinlim/hindi_fake_0447.wav,0,3.384,-0.5004945397377014,1.0118157863616943,rms_matched,False,0.0886301083587355,hindi,-0.9498816132545471,a34b3f5fa057f54bc74179593acc5d316145622c5ece92f2e9b2d74a2de7fa87ed863a9061955f68625d580b33faa23dcd31f9c5a6f9c1e1dd8790a4ba671f57,0.0886301083587355,0.4207206978903922,0.3882843673939279,0.189036064523308,0.0993221546791786,0.8597756624221802,3.384,a34b3f5fa057f54bc74179593acc5d316145622c5ece92f2e9b2d74a2de7fa87ed863a9061955f68625d580b33faa23dcd31f9c5a6f9c1e1dd8790a4ba671f57,,,,,,,,
448,43dc11a5328c78dc9536527d6945245d5b3e371fdeea987ac538a30956eacc649639e2b09c28bf3ee4f4f764475880bb8f68a5cd20ef78800a664b72a86ffe58,hindi_griffinlim_eval_final/fake_hindi_griffinlim/hindi_fake_0448.wav,0,5.832,-5.531891822814941,6.296282768249512,rms_matched,False,0.0609753522341206,hindi,-5.981278896331787,43dc11a5328c78dc9536527d6945245d5b3e371fdeea987ac538a30956eacc649639e2b09c28bf3ee4f4f764475880bb8f68a5cd20ef78800a664b72a86ffe58,0.0609753522341206,0.5675680847758333,0.2458136191292776,0.1843808584930059,0.0980845932259084,0.6236252784729004,5.832,43dc11a5328c78dc9536527d6945245d5b3e371fdeea987ac538a30956eacc649639e2b09c28bf3ee4f4f764475880bb8f68a5cd20ef78800a664b72a86ffe58,,,,,,,,
449,807d2d7c9c8215754978fae4f17e36eb94cecc9ae19fe736e8d34d12bb62a75c0a67fbffd21303dc8908bb876f10a3f50e3174c8ca7b0cd61245d875cafffc70,hindi_griffinlim_eval_final/fake_hindi_griffinlim/hindi_fake_0449.wav,0,6.12,-0.408263623714447,0.8852967619895935,rms_matched,False,0.0225028669928499,hindi,-0.8576506972312927,807d2d7c9c8215754978fae4f17e36eb94cecc9ae19fe736e8d34d12bb62a75c0a67fbffd21303dc8908bb876f10a3f50e3174c8ca7b0cd61245d875cafffc70,0.0225028669928499,0.3236961008497254,0.3711063698646862,0.3012106904517097,0.0501913258569536,0.312860369682312,6.12,807d2d7c9c8215754978fae4f17e36eb94cecc9ae19fe736e8d34d12bb62a75c0a67fbffd21303dc8908bb876f10a3f50e3174c8ca7b0cd61245d875cafffc70,,,,,,,,
450,02a40eed38bf20ab1ddca1a5c60f5b2cadd5455be21c7a1ab8e87d65a6fec68495c0d24d8fecdfe3f9d132fdfa842dba33dca093df21b19f3d325519779d13d0,hindi_griffinlim_eval_final/fake_hindi_griffinlim/hindi_fake_0450.wav,0,4.248,4.048397064208984,-4.896023750305176,rms_matched,False,0.0264465756626253,hindi,3.5990099906921387,02a40eed38bf20ab1ddca1a5c60f5b2cadd5455be21c7a1ab8e87d65a6fec68495c0d24d8fecdfe3f9d132fdfa842dba33dca093df21b19f3d325519779d13d0,0.0264465756626253,0.2989103259674377,0.3560545617253752,0.3407286499417037,0.0416187017480569,0.2385177612304687,4.248,02a40eed38bf20ab1ddca1a5c60f5b2cadd5455be21c7a1ab8e87d65a6fec68495c0d24d8fecdfe3f9d132fdfa842dba33dca093df21b19f3d325519779d13d0,,,,,,,,
451,78899c686b3bdef6619b63f98b03d3f5fdf2ca7427d0ce6dace8a10befc17941b33c5b7b7c2a808f0c670e9560ad5da356b6f4b06407ce3e1a299787168c3b6a,hindi_griffinlim_eval_final/fake_hindi_griffinlim/hindi_fake_0451.wav,0,5.58,-4.401926517486572,5.190818786621094,rms_matched,False,0.1648518174188384,hindi,-4.851313591003418,78899c686b3bdef6619b63f98b03d3f5fdf2ca7427d0ce6dace8a10befc17941b33c5b7b7c2a808f0c670e9560ad5da356b6f4b06407ce3e1a299787168c3b6a,0.1648518174188384,0.4483564662837635,0.3074181606193735,0.2410743692203689,0.072551435131165,0.6836745142936707,5.58,78899c686b3bdef6619b63f98b03d3f5fdf2ca7427d0ce6dace8a10befc17941b33c5b7b7c2a808f0c670e9560ad5da356b6f4b06407ce3e1a299787168c3b6a,,,,,,,,
452,385b2ee342869a3a1f9add4ac419003ee7426e166e5d1bcfafe0ac31c42b8b7fedb05feda633d4f1bbe50b8295b67306309ada6a657caf1720c3c97245eeaeb2,hindi_griffinlim_eval_final/fake_hindi_griffinlim/hindi_fake_0452.wav,0,7.956,-1.3179601430892944,1.95024573802948,rms_matched,False,0.063583715733227,hindi,-1.7673472166061401,385b2ee342869a3a1f9add4ac419003ee7426e166e5d1bcfafe0ac31c42b8b7fedb05feda633d4f1bbe50b8295b67306309ada6a657caf1720c3c97245eeaeb2,0.063583715733227,0.3566939197799283,0.368445979152777,0.2712546111218389,0.0599596904366458,0.5957865715026855,7.956,385b2ee342869a3a1f9add4ac419003ee7426e166e5d1bcfafe0ac31c42b8b7fedb05feda633d4f1bbe50b8295b67306309ada6a657caf1720c3c97245eeaeb2,,,,,,,,
453,6df5947ecd6093ba0b8088111d11231f209c5377b37d2ec78fb66df1c555d0c218e4a7dfd601f4d5395ec9f0579ec4eca44d2fd60b09e80bc62ef446ea485886,hindi_griffinlim_eval_final/fake_hindi_griffinlim/hindi_fake_0453.wav,0,3.96,-3.359522581100464,4.186059951782227,rms_matched,False,0.114354149730965,hindi,-3.8089096546173096,6df5947ecd6093ba0b8088111d11231f209c5377b37d2ec78fb66df1c555d0c218e4a7dfd601f4d5395ec9f0579ec4eca44d2fd60b09e80bc62ef446ea485886,0.114354149730965,0.514040075476992,0.336809541713847,0.1472455044121916,0.1051731451876027,0.813840389251709,3.96,6df5947ecd6093ba0b8088111d11231f209c5377b37d2ec78fb66df1c555d0c218e4a7dfd601f4d5395ec9f0579ec4eca44d2fd60b09e80bc62ef446ea485886,,,,,,,,
454,547e2977be99b122ceb7196c97d4bb97bc3bdb4261d43618dbc385183d672f6e43db8b2c67f0ddbfecfa5f7adcbe25b21aa515729c369a5161e7fefbe2e6a91c,hindi_griffinlim_eval_final/fake_hindi_griffinlim/hindi_fake_0454.wav,0,7.596,-5.370107173919678,6.215394496917725,rms_matched,False,0.1403584268464516,hindi,-5.819494247436523,547e2977be99b122ceb7196c97d4bb97bc3bdb4261d43618dbc385183d672f6e43db8b2c67f0ddbfecfa5f7adcbe25b21aa515729c369a5161e7fefbe2e6a91c,0.1403584268464516,0.7259151916176226,0.1530600590765533,0.119420077589179,0.1328207216234229,0.9899999499320984,7.596,547e2977be99b122ceb7196c97d4bb97bc3bdb4261d43618dbc385183d672f6e43db8b2c67f0ddbfecfa5f7adcbe25b21aa515729c369a5161e7fefbe2e6a91c,,,,,,,,
455,95cc33ae73783f08510cc8b475a3f7da1144f0cdbfbe42446afc4e8942bf842722a12076a164393f2c52e0db9026e5f129a90feb451956b70f7366a89e026f1c,hindi_griffinlim_eval_final/fake_hindi_griffinlim/hindi_fake_0455.wav,0,2.988,6.955405235290527,-9.022464752197266,rms_matched,False,0.0283570476995845,hindi,6.506018161773682,95cc33ae73783f08510cc8b475a3f7da1144f0cdbfbe42446afc4e8942bf842722a12076a164393f2c52e0db9026e5f129a90feb451956b70f7366a89e026f1c,0.0283570476995845,0.1940496974700113,0.4052161893108336,0.3953701904038664,0.0168703197513617,0.0875691771507263,2.988,95cc33ae73783f08510cc8b475a3f7da1144f0cdbfbe42446afc4e8942bf842722a12076a164393f2c52e0db9026e5f129a90feb451956b70f7366a89e026f1c,,,,,,,,
456,7a089d86c2c82f061df264f419453e3740e2a7e030b13163f8802012baaa04bb35130896e3ee83c688d07bce1c74d40e83dabdca6a911dc25d15f97ebb75b7e4,hindi_griffinlim_eval_final/fake_hindi_griffinlim/hindi_fake_0456.wav,0,4.32,-2.228541374206543,3.1444201469421387,rms_matched,False,0.0409905195598488,hindi,-2.6779284477233887,7a089d86c2c82f061df264f419453e3740e2a7e030b13163f8802012baaa04bb35130896e3ee83c688d07bce1c74d40e83dabdca6a911dc25d15f97ebb75b7e4,0.0409905195598488,0.6052989561177494,0.2653164759287985,0.1278636677193197,0.1374830181409123,0.9340375661849976,4.32,7a089d86c2c82f061df264f419453e3740e2a7e030b13163f8802012baaa04bb35130896e3ee83c688d07bce1c74d40e83dabdca6a911dc25d15f97ebb75b7e4,,,,,,,,
457,c0fce8f25f23b41ed1321b49a5940b20f8b61130c14559d79ddf3816e5a433e06cad1469ff786911ce97ba8ea234da6b623881f3bb65339d1d3dd296e477a193,hindi_griffinlim_eval_final/fake_hindi_griffinlim/hindi_fake_0457.wav,0,2.808,-1.9764810800552368,2.6662607192993164,rms_matched,False,0.0963989619905595,hindi,-2.4258681535720825,c0fce8f25f23b41ed1321b49a5940b20f8b61130c14559d79ddf3816e5a433e06cad1469ff786911ce97ba8ea234da6b623881f3bb65339d1d3dd296e477a193,0.0963989619905595,0.4652830668102122,0.2824876070033559,0.2505730351874043,0.1095248126113215,0.9900000095367432,2.808,c0fce8f25f23b41ed1321b49a5940b20f8b61130c14559d79ddf3816e5a433e06cad1469ff786911ce97ba8ea234da6b623881f3bb65339d1d3dd296e477a193,,,,,,,,
458,7a089d86c2c82f061df264f419453e3740e2a7e030b13163f8802012baaa04bb35130896e3ee83c688d07bce1c74d40e83dabdca6a911dc25d15f97ebb75b7e4,hindi_griffinlim_eval_final/fake_hindi_griffinlim/hindi_fake_0458.wav,0,6.84,-0.6447243690490723,0.9088297486305236,rms_matched,False,0.0303084637532379,hindi,-1.094111442565918,7a089d86c2c82f061df264f419453e3740e2a7e030b13163f8802012baaa04bb35130896e3ee83c688d07bce1c74d40e83dabdca6a911dc25d15f97ebb75b7e4,0.0303084637532379,0.5932870117310185,0.2213304044114474,0.1831954314011573,0.1083272264410669,0.6414881348609924,6.84,7a089d86c2c82f061df264f419453e3740e2a7e030b13163f8802012baaa04bb35130896e3ee83c688d07bce1c74d40e83dabdca6a911dc25d15f97ebb75b7e4,,,,,,,,
459,d002200225d5b38de9dd8b95e9fb77c24724f8a56ee0b31f6ee2260b5636a1e23c0fadcae1156f88b703128798bd749901930f35e839ea2a2bb2bcb8afe5cc74,hindi_griffinlim_eval_final/fake_hindi_griffinlim/hindi_fake_0459.wav,0,5.616,-4.118340969085693,4.919703483581543,rms_matched,False,0.1010812112383575,hindi,-4.567728042602539,d002200225d5b38de9dd8b95e9fb77c24724f8a56ee0b31f6ee2260b5636a1e23c0fadcae1156f88b703128798bd749901930f35e839ea2a2bb2bcb8afe5cc74,0.1010812112383575,0.6449937195507237,0.1965878666504156,0.1565407474149592,0.1179411338537866,0.8263360857963562,5.616,d002200225d5b38de9dd8b95e9fb77c24724f8a56ee0b31f6ee2260b5636a1e23c0fadcae1156f88b703128798bd749901930f35e839ea2a2bb2bcb8afe5cc74,,,,,,,,
460,a71fe4c8c51459edc23fad3c7288e0216049d06b3ffb15d556328a42b3d18daf25ac6d1566a0037209e321081df2632dfca7bbeabd547b9eeef87ddf1e6ad329,hindi_griffinlim_eval_final/fake_hindi_griffinlim/hindi_fake_0460.wav,0,7.848,2.7331676483154297,-3.672494411468506,rms_matched,False,0.1651780558640088,hindi,2.283780574798584,a71fe4c8c51459edc23fad3c7288e0216049d06b3ffb15d556328a42b3d18daf25ac6d1566a0037209e321081df2632dfca7bbeabd547b9eeef87ddf1e6ad329,0.1651780558640088,0.94145323645281,0.0494798850431867,0.0089924305082809,0.1543194247627396,0.872344970703125,7.84,a71fe4c8c51459edc23fad3c7288e0216049d06b3ffb15d556328a42b3d18daf25ac6d1566a0037209e321081df2632dfca7bbeabd547b9eeef87ddf1e6ad329,,,,,,,,
461,76ae0779e8b42a6cebddc96f1c8be8cd17dc128ea3dc6c77c1afef491eb3334aec08ac644ce6b553783bec6530bcd7a8d7869d249d8fc4cbf394c176c2a03fe0,hindi_griffinlim_eval_final/fake_hindi_griffinlim/hindi_fake_0461.wav,0,3.456,5.638782501220703,-7.220447540283203,rms_matched,False,0.0425926095417208,hindi,5.189395427703857,76ae0779e8b42a6cebddc96f1c8be8cd17dc128ea3dc6c77c1afef491eb3334aec08ac644ce6b553783bec6530bcd7a8d7869d249d8fc4cbf394c176c2a03fe0,0.0425926095417208,0.2590995639718718,0.3836377298173814,0.3526066499241997,0.0336730315049925,0.2550370097160339,3.456,76ae0779e8b42a6cebddc96f1c8be8cd17dc128ea3dc6c77c1afef491eb3334aec08ac644ce6b553783bec6530bcd7a8d7869d249d8fc4cbf394c176c2a03fe0,,,,,,,,
462,550c775712c46fac6b29f44c8e1e47790ad3d24a4596e9befdad47efbafbcd202634809eed3f54d8b62ec448b24bbe8a67c224d24ae7ed2b6870581a3fd2dcd3,hindi_griffinlim_eval_final/fake_hindi_griffinlim/hindi_fake_0462.wav,0,3.06,-2.218724250793457,3.05725622177124,rms_matched,False,0.1960700057333071,hindi,-2.6681113243103027,550c775712c46fac6b29f44c8e1e47790ad3d24a4596e9befdad47efbafbcd202634809eed3f54d8b62ec448b24bbe8a67c224d24ae7ed2b6870581a3fd2dcd3,0.1960700057333071,0.6541912351177314,0.1922021181805197,0.1515789286259932,0.1165544633995996,0.8248072266578674,3.06,550c775712c46fac6b29f44c8e1e47790ad3d24a4596e9befdad47efbafbcd202634809eed3f54d8b62ec448b24bbe8a67c224d24ae7ed2b6870581a3fd2dcd3,,,,,,,,
463,05fd2a7f0d7cbe9acb1d838706b64a2ab489f6d0d2e7ff3a4243b1bb89ca3c1bc2e8dfd22bf11cf6e2fd9f11c2809b3dbf3db935d566ab6b6ee3122e3bfc20ed,hindi_griffinlim_eval_final/fake_hindi_griffinlim/hindi_fake_0463.wav,0,3.336,-3.084702253341675,3.997973918914795,rms_matched,False,0.0641755856041307,hindi,-3.5340893268585205,05fd2a7f0d7cbe9acb1d838706b64a2ab489f6d0d2e7ff3a4243b1bb89ca3c1bc2e8dfd22bf11cf6e2fd9f11c2809b3dbf3db935d566ab6b6ee3122e3bfc20ed,0.0641755856041307,0.4726096426893811,0.2857170741638443,0.2384009309976468,0.0774136711058614,0.4691777229309082,3.336,05fd2a7f0d7cbe9acb1d838706b64a2ab489f6d0d2e7ff3a4243b1bb89ca3c1bc2e8dfd22bf11cf6e2fd9f11c2809b3dbf3db935d566ab6b6ee3122e3bfc20ed,,,,,,,,
464,df520ae6630f89c5941ffecf315f19953bdca51d6b7beb825aacd71405cc44f29ad01463f8b079cb10faf201b544d74dfd136f3353babacd39f80623d2c64bb7,hindi_griffinlim_eval_final/fake_hindi_griffinlim/hindi_fake_0464.wav,0,5.148,-0.4936027526855469,1.0939815044403076,rms_matched,False,0.0677879060981753,hindi,-0.9429898262023926,df520ae6630f89c5941ffecf315f19953bdca51d6b7beb825aacd71405cc44f29ad01463f8b079cb10faf201b544d74dfd136f3353babacd39f80623d2c64bb7,0.0677879060981753,0.4859030794786941,0.2746750275964433,0.2363022474343406,0.0769839567516788,0.5093690752983093,5.148,df520ae6630f89c5941ffecf315f19953bdca51d6b7beb825aacd71405cc44f29ad01463f8b079cb10faf201b544d74dfd136f3353babacd39f80623d2c64bb7,,,,,,,,
465,c23750233f36c49e4bd285f7ea96c015a9c0fa1055cc2e3ee658ab3d0c7bb39963cc35135c8a024638d1789f2cbdc707f40441d5f6a13cf69e31d9abae8a130a,hindi_griffinlim_eval_final/fake_hindi_griffinlim/hindi_fake_0465.wav,0,3.06,-3.022797107696533,3.877784729003906,rms_matched,False,0.0500062959750786,hindi,-3.472184181213379,c23750233f36c49e4bd285f7ea96c015a9c0fa1055cc2e3ee658ab3d0c7bb39963cc35135c8a024638d1789f2cbdc707f40441d5f6a13cf69e31d9abae8a130a,0.0500062959750786,0.5693371203962466,0.2267795529043663,0.2021450489035067,0.1220615308168027,0.8459164500236511,3.06,c23750233f36c49e4bd285f7ea96c015a9c0fa1055cc2e3ee658ab3d0c7bb39963cc35135c8a024638d1789f2cbdc707f40441d5f6a13cf69e31d9abae8a130a,,,,,,,,
466,f1b62e5d3473776b945ef79fbad0a46a621fb136b143d7aeb75a7cb854ebe0807524eee04fe8d83b3311152dad97e341e18ed5b8981b3cf322fec4e0700894bb,hindi_griffinlim_eval_final/fake_hindi_griffinlim/hindi_fake_0466.wav,0,3.816,1.7066208124160769,-2.4522595405578613,rms_matched,False,0.3576258634489179,hindi,1.2572337388992312,f1b62e5d3473776b945ef79fbad0a46a621fb136b143d7aeb75a7cb854ebe0807524eee04fe8d83b3311152dad97e341e18ed5b8981b3cf322fec4e0700894bb,0.3576258634489179,0.7205659707935713,0.0229138742530305,0.2564016380078499,0.1046881514242643,0.821746826171875,3.808,f1b62e5d3473776b945ef79fbad0a46a621fb136b143d7aeb75a7cb854ebe0807524eee04fe8d83b3311152dad97e341e18ed5b8981b3cf322fec4e0700894bb,,,,,,,,
467,17e10c81b592f9aa499bd3ea283821d28dee580e2bfbf51ca891c71024bf0736cc26c5ef9790ef591ff7cf3136930b935c33bc7fb1c65c080ff270baf27c8fe5,hindi_griffinlim_eval_final/fake_hindi_griffinlim/hindi_fake_0467.wav,0,5.76,-0.4104702472686767,0.9868211150169371,rms_matched,False,0.0459450886100186,hindi,-0.8598573207855225,17e10c81b592f9aa499bd3ea283821d28dee580e2bfbf51ca891c71024bf0736cc26c5ef9790ef591ff7cf3136930b935c33bc7fb1c65c080ff270baf27c8fe5,0.0459450886100186,0.4544415973371248,0.3122747719350652,0.230451940030997,0.0843322993388397,0.6098865866661072,5.76,17e10c81b592f9aa499bd3ea283821d28dee580e2bfbf51ca891c71024bf0736cc26c5ef9790ef591ff7cf3136930b935c33bc7fb1c65c080ff270baf27c8fe5,,,,,,,,
468,203176393d9928d38b3aecb45ba1ad1c05c8223b492bfe21e6c5c6359083f8bb68f24ab7bf449051e8527e9beee0055a3628608173b59bad7bf948e6d3e0ff27,hindi_griffinlim_eval_final/fake_hindi_griffinlim/hindi_fake_0468.wav,0,2.664,-5.20726203918457,5.965498924255371,rms_matched,False,0.0223876259593271,hindi,-5.656649112701416,203176393d9928d38b3aecb45ba1ad1c05c8223b492bfe21e6c5c6359083f8bb68f24ab7bf449051e8527e9beee0055a3628608173b59bad7bf948e6d3e0ff27,0.0223876259593271,0.6960356439755631,0.1740112696004025,0.1284339143443869,0.1530278553212574,0.8532625436782837,2.664,203176393d9928d38b3aecb45ba1ad1c05c8223b492bfe21e6c5c6359083f8bb68f24ab7bf449051e8527e9beee0055a3628608173b59bad7bf948e6d3e0ff27,,,,,,,,
469,6e20e06229081bf9c063f01cd7b3e0a759f5953624213afea5c397d4b7fe9a4dc5dae704a5faf61147d4155de50dc4a2cafdf78e7e2f8a3dc8633f276065b4cc,hindi_griffinlim_eval_final/fake_hindi_griffinlim/hindi_fake_0469.wav,0,4.896,-0.991184949874878,1.4811222553253174,rms_matched,False,0.0355465255406282,hindi,-1.4405720233917236,6e20e06229081bf9c063f01cd7b3e0a759f5953624213afea5c397d4b7fe9a4dc5dae704a5faf61147d4155de50dc4a2cafdf78e7e2f8a3dc8633f276065b4cc,0.0355465255406282,0.390011010432298,0.3098829838502435,0.2962679887652027,0.0580800463438925,0.3458709716796875,4.896,6e20e06229081bf9c063f01cd7b3e0a759f5953624213afea5c397d4b7fe9a4dc5dae704a5faf61147d4155de50dc4a2cafdf78e7e2f8a3dc8633f276065b4cc,,,,,,,,
470,58913ffb4a411d7b14318c0cadbfb8ccdf1ed3dd5c7173b948c382329be9bb3fd15f6a5b863c94639786da4b32fa679087d9b0d4a04711dec86e1b82ed92c369,hindi_griffinlim_eval_final/fake_hindi_griffinlim/hindi_fake_0470.wav,0,4.86,-3.511438131332397,4.431528091430664,rms_matched,False,0.0318596071493559,hindi,-3.9608252048492427,58913ffb4a411d7b14318c0cadbfb8ccdf1ed3dd5c7173b948c382329be9bb3fd15f6a5b863c94639786da4b32fa679087d9b0d4a04711dec86e1b82ed92c369,0.0318596071493559,0.3031080319285837,0.4520605923512821,0.2423031692583631,0.0766607205387327,0.6653674244880676,4.86,58913ffb4a411d7b14318c0cadbfb8ccdf1ed3dd5c7173b948c382329be9bb3fd15f6a5b863c94639786da4b32fa679087d9b0d4a04711dec86e1b82ed92c369,,,,,,,,
471,3f6b6371f7312ac797f5d02bf334e9b13ead1882e2e9958e0a766c835a40fc8236d150a219d214e4879b1713d00569d69293518868e735ef6e2e030b1def79d1,hindi_griffinlim_eval_final/fake_hindi_griffinlim/hindi_fake_0471.wav,0,6.66,-1.5711973905563354,2.258396863937378,rms_matched,False,0.0396876752003968,hindi,-2.020584464073181,3f6b6371f7312ac797f5d02bf334e9b13ead1882e2e9958e0a766c835a40fc8236d150a219d214e4879b1713d00569d69293518868e735ef6e2e030b1def79d1,0.0396876752003968,0.3700396946726489,0.2941262347949793,0.3323303993419528,0.0577467773619227,0.4867540001869201,6.66,3f6b6371f7312ac797f5d02bf334e9b13ead1882e2e9958e0a766c835a40fc8236d150a219d214e4879b1713d00569d69293518868e735ef6e2e030b1def79d1,,,,,,,,
472,c127090a8261671f4e68cc31639996579099a014bbd65dc05c580ea8961637ae6978ac28c265bbba5145400258f062bf70f582aac610a13525cacf73579563bd,hindi_griffinlim_eval_final/fake_hindi_griffinlim/hindi_fake_0472.wav,0,5.94,-4.8869171142578125,5.557189464569092,rms_matched,False,0.7555123817896479,hindi,-5.336304187774658,c127090a8261671f4e68cc31639996579099a014bbd65dc05c580ea8961637ae6978ac28c265bbba5145400258f062bf70f582aac610a13525cacf73579563bd,0.7555123817896479,0.8857186912989765,0.1126428241009719,0.0015452950487681,0.1302570979086967,0.989990234375,5.936,c127090a8261671f4e68cc31639996579099a014bbd65dc05c580ea8961637ae6978ac28c265bbba5145400258f062bf70f582aac610a13525cacf73579563bd,,,,,,,,
473,70c96a46f6827039223782fee3a93b99fa8168c84d3e5f9a0e2a1f16cfc1d62ad6f52d19ac175ad3ee541abd81068d089df3693e843b932053395156f6ff36b6,hindi_griffinlim_eval_final/fake_hindi_griffinlim/hindi_fake_0473.wav,0,3.924,-5.268510818481445,6.089570045471191,rms_matched,False,0.0578577278983606,hindi,-5.717897891998291,70c96a46f6827039223782fee3a93b99fa8168c84d3e5f9a0e2a1f16cfc1d62ad6f52d19ac175ad3ee541abd81068d089df3693e843b932053395156f6ff36b6,0.0578577278983606,0.6849098832626701,0.1815066073930227,0.1320011249720326,0.1400439096293353,0.8921411037445068,3.924,70c96a46f6827039223782fee3a93b99fa8168c84d3e5f9a0e2a1f16cfc1d62ad6f52d19ac175ad3ee541abd81068d089df3693e843b932053395156f6ff36b6,,,,,,,,
474,d1d9c267ebee74a32597d31c9167b2edb1f99cb7f4aa13501a5cc3bd519deaa2516058fb40da1e55deef24bb43e231ab5f17484bb11468d631c90e3bf29b76d4,hindi_griffinlim_eval_final/fake_hindi_griffinlim/hindi_fake_0474.wav,0,5.22,7.019501686096191,-9.111689567565918,rms_matched,False,0.0209174801806218,hindi,6.570114612579346,d1d9c267ebee74a32597d31c9167b2edb1f99cb7f4aa13501a5cc3bd519deaa2516058fb40da1e55deef24bb43e231ab5f17484bb11468d631c90e3bf29b76d4,0.0209174801806218,0.1768025309375287,0.412404910687651,0.4053975492736305,0.0091252572410583,0.0429170131683349,5.22,d1d9c267ebee74a32597d31c9167b2edb1f99cb7f4aa13501a5cc3bd519deaa2516058fb40da1e55deef24bb43e231ab5f17484bb11468d631c90e3bf29b76d4,,,,,,,,
475,a77463c4923319faa0aa9e316c75a0c0b8b57506ca68d5ae159872b937710f58e5559c8f319e0d9b23c3c80f7bff29a739634859ac38c3cb38e1f278cc7d4b97,hindi_griffinlim_eval_final/fake_hindi_griffinlim/hindi_fake_0475.wav,0,2.34,-0.6887357234954834,1.1031081676483154,rms_matched,False,0.0488614673497165,hindi,-1.138122797012329,a77463c4923319faa0aa9e316c75a0c0b8b57506ca68d5ae159872b937710f58e5559c8f319e0d9b23c3c80f7bff29a739634859ac38c3cb38e1f278cc7d4b97,0.0488614673497165,0.416877716807401,0.2958360525605138,0.2834715163523857,0.0613369111975472,0.3030408024787903,2.34,a77463c4923319faa0aa9e316c75a0c0b8b57506ca68d5ae159872b937710f58e5559c8f319e0d9b23c3c80f7bff29a739634859ac38c3cb38e1f278cc7d4b97,,,,,,,,
476,a3c9eb18e51d74ec5fbf9ca9ca1d5edf24c691d0f685ef2ffc8689d107710a300eec2172a79cc039b119ebc451ab794cb8519ce2d3c37209c7f24649089a7fc2,hindi_griffinlim_eval_final/fake_hindi_griffinlim/hindi_fake_0476.wav,0,3.492,6.434126853942871,-8.301435470581055,rms_matched,False,0.0250084675771102,hindi,5.984739780426025,a3c9eb18e51d74ec5fbf9ca9ca1d5edf24c691d0f685ef2ffc8689d107710a300eec2172a79cc039b119ebc451ab794cb8519ce2d3c37209c7f24649089a7fc2,0.0250084675771102,0.2089285690859284,0.4022902801734496,0.3836948576568414,0.0218478812807466,0.1172995567321777,3.492,a3c9eb18e51d74ec5fbf9ca9ca1d5edf24c691d0f685ef2ffc8689d107710a300eec2172a79cc039b119ebc451ab794cb8519ce2d3c37209c7f24649089a7fc2,,,,,,,,
477,552fd8cf90f15edcaf7388b1164d58d7eae5f20674dc780b9efb9d43c80af1ccbdef88d0ddfb76038b9614eda2b556cbb4fa8a46ca54ad7dcc43d9298b63f1eb,hindi_griffinlim_eval_final/fake_hindi_griffinlim/hindi_fake_0477.wav,0,3.888,0.1885859370231628,-0.4412663578987121,rms_matched,False,0.0321734162031791,hindi,-0.2608011364936829,552fd8cf90f15edcaf7388b1164d58d7eae5f20674dc780b9efb9d43c80af1ccbdef88d0ddfb76038b9614eda2b556cbb4fa8a46ca54ad7dcc43d9298b63f1eb,0.0321734162031791,0.3912691221755907,0.309583370812414,0.2956979181662261,0.0656106616068081,0.3980304598808288,3.888,552fd8cf90f15edcaf7388b1164d58d7eae5f20674dc780b9efb9d43c80af1ccbdef88d0ddfb76038b9614eda2b556cbb4fa8a46ca54ad7dcc43d9298b63f1eb,,,,,,,,
478,a71fe4c8c51459edc23fad3c7288e0216049d06b3ffb15d556328a42b3d18daf25ac6d1566a0037209e321081df2632dfca7bbeabd547b9eeef87ddf1e6ad329,hindi_griffinlim_eval_final/fake_hindi_griffinlim/hindi_fake_0478.wav,0,3.24,-5.476966857910156,6.2819929122924805,rms_matched,False,0.0656032777577879,hindi,-5.926353931427002,a71fe4c8c51459edc23fad3c7288e0216049d06b3ffb15d556328a42b3d18daf25ac6d1566a0037209e321081df2632dfca7bbeabd547b9eeef87ddf1e6ad329,0.0656032777577879,0.5528795036187749,0.240773062344812,0.2040264079379173,0.1000066245861459,0.6202319860458374,3.24,a71fe4c8c51459edc23fad3c7288e0216049d06b3ffb15d556328a42b3d18daf25ac6d1566a0037209e321081df2632dfca7bbeabd547b9eeef87ddf1e6ad329,,,,,,,,
479,5b3872837902e6d95327320c254ce8cc9e7b69e3ad4e2e54f93009f6f44af95a3b2bd03dd9504518ddea0ce1bb0793458ea03d00ccd3c918aba1a0a91476da99,hindi_griffinlim_eval_final/fake_hindi_griffinlim/hindi_fake_0479.wav,0,4.824,-2.912659883499145,3.833667516708374,rms_matched,False,0.0670589053837603,hindi,-3.3620469570159908,5b3872837902e6d95327320c254ce8cc9e7b69e3ad4e2e54f93009f6f44af95a3b2bd03dd9504518ddea0ce1bb0793458ea03d00ccd3c918aba1a0a91476da99,0.0670589053837603,0.495835113550465,0.2762087075212804,0.2252184531830282,0.0800827711668574,0.5128259062767029,4.824,5b3872837902e6d95327320c254ce8cc9e7b69e3ad4e2e54f93009f6f44af95a3b2bd03dd9504518ddea0ce1bb0793458ea03d00ccd3c918aba1a0a91476da99,0.4330429014359266,0.308420622046805,0.2585364765172683,0.6969377060076869,14.57938884264101,0.1480465784341554,0.3841387426220418,0.5428543153709855
480,23e7986df66ecae7556379ef6a8c59490f3a38d789ddcbb9af2e0bdac45ded855c8a27be3ec862f45918adec219022883c1f64ea3ca811371c818856357ef5be,hindi_griffinlim_eval_final/fake_hindi_griffinlim/hindi_fake_0480.wav,0,4.788,-4.669726371765137,5.40587043762207,rms_matched,False,0.075528626039014,hindi,-5.119113445281982,23e7986df66ecae7556379ef6a8c59490f3a38d789ddcbb9af2e0bdac45ded855c8a27be3ec862f45918adec219022883c1f64ea3ca811371c818856357ef5be,0.075528626039014,0.61360636412153,0.2225395418590336,0.1618140306596813,0.1167340488765642,0.7868167757987976,4.788,23e7986df66ecae7556379ef6a8c59490f3a38d789ddcbb9af2e0bdac45ded855c8a27be3ec862f45918adec219022883c1f64ea3ca811371c818856357ef5be,,,,,,,,
481,b3a9d00791dae63b944756627fdb96c21c53f4d69beef3a56780607d83e56d0a6faf52d5d704c925bb323f8b2c9a168a87c2cd94fcc3d3abf6b034c9e7f5cd77,hindi_griffinlim_eval_final/fake_hindi_griffinlim/hindi_fake_0481.wav,0,4.656,-0.3956305980682373,0.7503692507743835,rms_matched,False,0.0745900965045549,hindi,-0.845017671585083,b3a9d00791dae63b944756627fdb96c21c53f4d69beef3a56780607d83e56d0a6faf52d5d704c925bb323f8b2c9a168a87c2cd94fcc3d3abf6b034c9e7f5cd77,0.0745900965045549,0.4454235050552116,0.2912559347259626,0.259821943202267,0.0711137076495768,0.5161138772964478,4.656,b3a9d00791dae63b944756627fdb96c21c53f4d69beef3a56780607d83e56d0a6faf52d5d704c925bb323f8b2c9a168a87c2cd94fcc3d3abf6b034c9e7f5cd77,,,,,,,,
482,0db277015ed4c7602383504e75bcfead10db6e33b12e442a983cb259a17baf2c98daf32f18e2c1917269103a2ef1776d88cab0357c43c487473d8fa511dde7e8,hindi_griffinlim_eval_final/fake_hindi_griffinlim/hindi_fake_0482.wav,0,4.068,-0.7944613695144653,1.1093037128448486,rms_matched,False,0.0568157209526163,hindi,-1.243848443031311,0db277015ed4c7602383504e75bcfead10db6e33b12e442a983cb259a17baf2c98daf32f18e2c1917269103a2ef1776d88cab0357c43c487473d8fa511dde7e8,0.0568157209526163,0.4549512902452759,0.2917313134794536,0.2499582416141252,0.0748999042512115,0.4779986143112182,4.068,0db277015ed4c7602383504e75bcfead10db6e33b12e442a983cb259a17baf2c98daf32f18e2c1917269103a2ef1776d88cab0357c43c487473d8fa511dde7e8,,,,,,,,
483,b9854a362f9f2796f98c3105310553f5d5b1d2aea5f247080a0d9ab5d329ac51e5e519bad74bd68b022867bb103a42741c9523a32ce80c3a4ac8ed64c4bde957,hindi_griffinlim_eval_final/fake_hindi_griffinlim/hindi_fake_0483.wav,0,3.216,3.743096113204956,-4.50067663192749,rms_matched,False,0.0344272417612344,hindi,3.2937090396881104,b9854a362f9f2796f98c3105310553f5d5b1d2aea5f247080a0d9ab5d329ac51e5e519bad74bd68b022867bb103a42741c9523a32ce80c3a4ac8ed64c4bde957,0.0344272417612344,0.4014223358512105,0.2843992096559068,0.3112391851984344,0.0688953077276385,0.4327939748764038,3.216,b9854a362f9f2796f98c3105310553f5d5b1d2aea5f247080a0d9ab5d329ac51e5e519bad74bd68b022867bb103a42741c9523a32ce80c3a4ac8ed64c4bde957,0.3862572146588149,0.3083062049873925,0.3054365803537926,0.7466638142751418,14.234455848067151,0.1979668513554723,0.4632643955216509,0.619824332669621
484,8525f36954391ad7696abcf66c1383e5409d52980ebd2d7b1063cc48ed81ebd9f8cf3a8c257f079e986893cfa2455e4c832d04863c8fed7db4f4d5951ec34d1b,hindi_griffinlim_eval_final/fake_hindi_griffinlim/hindi_fake_0484.wav,0,4.32,-0.3742162883281708,0.9950369000434875,rms_matched,False,0.052916346317405,hindi,-0.8236033618450165,8525f36954391ad7696abcf66c1383e5409d52980ebd2d7b1063cc48ed81ebd9f8cf3a8c257f079e986893cfa2455e4c832d04863c8fed7db4f4d5951ec34d1b,0.052916346317405,0.3445925693520258,0.3412722178333182,0.3103071520163703,0.0505012775701358,0.3738633990287781,4.32,8525f36954391ad7696abcf66c1383e5409d52980ebd2d7b1063cc48ed81ebd9f8cf3a8c257f079e986893cfa2455e4c832d04863c8fed7db4f4d5951ec34d1b,,,,,,,,
485,9392443e20fff21db185ec2e21925398c267cdaec962d7a8bff381ae171fd3563894988fe4244da0866881fb39e56492843fac59b139c31b99211d6c8f44c2ac,hindi_griffinlim_eval_final/fake_hindi_griffinlim/hindi_fake_0485.wav,0,3.024,-0.5224299430847168,0.9910906553268432,rms_matched,False,0.0467056317530064,hindi,-0.9718170166015625,9392443e20fff21db185ec2e21925398c267cdaec962d7a8bff381ae171fd3563894988fe4244da0866881fb39e56492843fac59b139c31b99211d6c8f44c2ac,0.0467056317530064,0.3785361678317229,0.3419614007857488,0.2759371205765483,0.0603531449199851,0.3574305176734924,3.024,9392443e20fff21db185ec2e21925398c267cdaec962d7a8bff381ae171fd3563894988fe4244da0866881fb39e56492843fac59b139c31b99211d6c8f44c2ac,,,,,,,,
486,cba73505723d31fe1d355fd9c1ba00f36d72661f667b151bb2e4db347100a72793ca3d5351e0293af666bf35d2684deb3e4bbc6fe630ffabe699d80709a0ea07,hindi_griffinlim_eval_final/fake_hindi_griffinlim/hindi_fake_0486.wav,0,6.048,6.044079780578613,-7.829204082489014,rms_matched,False,0.0137704654606455,hindi,5.594692707061768,cba73505723d31fe1d355fd9c1ba00f36d72661f667b151bb2e4db347100a72793ca3d5351e0293af666bf35d2684deb3e4bbc6fe630ffabe699d80709a0ea07,0.0137704654606455,0.2268344431772743,0.3976798720992174,0.3707911336913882,0.0281255720121413,0.1514490842819214,6.048,cba73505723d31fe1d355fd9c1ba00f36d72661f667b151bb2e4db347100a72793ca3d5351e0293af666bf35d2684deb3e4bbc6fe630ffabe699d80709a0ea07,,,,,,,,
487,6df5947ecd6093ba0b8088111d11231f209c5377b37d2ec78fb66df1c555d0c218e4a7dfd601f4d5395ec9f0579ec4eca44d2fd60b09e80bc62ef446ea485886,hindi_griffinlim_eval_final/fake_hindi_griffinlim/hindi_fake_0487.wav,0,2.736,-1.5338181257247925,2.179715633392334,rms_matched,False,0.1551620391226426,hindi,-1.9832051992416382,6df5947ecd6093ba0b8088111d11231f209c5377b37d2ec78fb66df1c555d0c218e4a7dfd601f4d5395ec9f0579ec4eca44d2fd60b09e80bc62ef446ea485886,0.1551620391226426,0.4593112598975927,0.3010258429813371,0.2363958075549229,0.0720742667559459,0.5495728254318237,2.736,6df5947ecd6093ba0b8088111d11231f209c5377b37d2ec78fb66df1c555d0c218e4a7dfd601f4d5395ec9f0579ec4eca44d2fd60b09e80bc62ef446ea485886,,,,,,,,
488,f398e532c4307d0fb6f23dda4b599e05c8483a5211aab4dba56e24a0acc89810af5b98cc96afe0b55fdee3b41250c05571fa3d170e517213e71e52e481a80df1,hindi_griffinlim_eval_final/fake_hindi_griffinlim/hindi_fake_0488.wav,0,4.584,-2.5374789237976074,3.471806049346924,rms_matched,False,0.0227142658453811,hindi,-2.986865997314453,f398e532c4307d0fb6f23dda4b599e05c8483a5211aab4dba56e24a0acc89810af5b98cc96afe0b55fdee3b41250c05571fa3d170e517213e71e52e481a80df1,0.0227142658453811,0.5764919453887979,0.2411074414011025,0.180334917160968,0.1193629234931539,0.6961957812309265,4.584,f398e532c4307d0fb6f23dda4b599e05c8483a5211aab4dba56e24a0acc89810af5b98cc96afe0b55fdee3b41250c05571fa3d170e517213e71e52e481a80df1,,,,,,,,
489,a260ddbc5acffed848007a0a9ec6b79936f77999c825631f8f7eb91c11e3369d404de512eb961b464b0208a5da2d4a8cf154dba0a4d11010520e02dbf6039b2f,hindi_griffinlim_eval_final/fake_hindi_griffinlim/hindi_fake_0489.wav,0,4.428,-3.584925889968872,4.555423259735107,rms_matched,False,0.0226764757500106,hindi,-4.034312963485718,a260ddbc5acffed848007a0a9ec6b79936f77999c825631f8f7eb91c11e3369d404de512eb961b464b0208a5da2d4a8cf154dba0a4d11010520e02dbf6039b2f,0.0226764757500106,0.286013863644242,0.5868411547616126,0.1255399917817447,0.1058636219591649,0.9056910872459412,4.428,a260ddbc5acffed848007a0a9ec6b79936f77999c825631f8f7eb91c11e3369d404de512eb961b464b0208a5da2d4a8cf154dba0a4d11010520e02dbf6039b2f,,,,,,,,
490,32bf5ca000a1d646bb2e636e32c4bd507750c204271ab585b1e9fab7d08103c7e07825bdb376119fdef205be82f6e81766655dd5590cc21ec598b79a5c18e45f,hindi_griffinlim_eval_final/fake_hindi_griffinlim/hindi_fake_0490.wav,0,5.58,-0.4799193143844604,1.0807164907455444,rms_matched,False,0.0344719627851223,hindi,-0.9293063879013062,32bf5ca000a1d646bb2e636e32c4bd507750c204271ab585b1e9fab7d08103c7e07825bdb376119fdef205be82f6e81766655dd5590cc21ec598b79a5c18e45f,0.0344719627851223,0.3781903859854263,0.3170567885269132,0.3007839542501374,0.0542442530852685,0.3337202668190002,5.58,32bf5ca000a1d646bb2e636e32c4bd507750c204271ab585b1e9fab7d08103c7e07825bdb376119fdef205be82f6e81766655dd5590cc21ec598b79a5c18e45f,,,,,,,,
491,5549b78a80f610ada13425ce57675ee97038a21d344187eab6b96f1006fd53e01f693feb367b9348c379911488a464a23b3c95a61f2295aa86d9cf6d8292c43c,hindi_griffinlim_eval_final/fake_hindi_griffinlim/hindi_fake_0491.wav,0,7.776,-3.419684410095215,4.2938232421875,rms_matched,False,0.0257939575191847,hindi,-3.8690714836120605,5549b78a80f610ada13425ce57675ee97038a21d344187eab6b96f1006fd53e01f693feb367b9348c379911488a464a23b3c95a61f2295aa86d9cf6d8292c43c,0.0257939575191847,0.3050154821006294,0.4147708714923944,0.2765427493007619,0.0545586357886695,0.4539685845375061,7.776,5549b78a80f610ada13425ce57675ee97038a21d344187eab6b96f1006fd53e01f693feb367b9348c379911488a464a23b3c95a61f2295aa86d9cf6d8292c43c,,,,,,,,
492,43bc745f9a7b6bd69a6cf5af88d6d8a31436266533dfa04def07f906d4fd43867f88a11badb4e6b57aefd010b66136392f98b79281d97eebcad6333be3d07cb2,hindi_griffinlim_eval_final/fake_hindi_griffinlim/hindi_fake_0492.wav,0,2.232,0.2345069795846939,-0.5907160639762878,rms_matched,False,0.0829745416718824,hindi,-0.2148800939321518,43bc745f9a7b6bd69a6cf5af88d6d8a31436266533dfa04def07f906d4fd43867f88a11badb4e6b57aefd010b66136392f98b79281d97eebcad6333be3d07cb2,0.0829745416718824,0.3563278412249743,0.3415617454750084,0.29841816992166,0.0495059658935112,0.3363248109817505,2.232,43bc745f9a7b6bd69a6cf5af88d6d8a31436266533dfa04def07f906d4fd43867f88a11badb4e6b57aefd010b66136392f98b79281d97eebcad6333be3d07cb2,,,,,,,,
493,bbf090e6e283e4e37184a2e8d18c4e8b316a072a5565f942ab1fe209609ce93499859b1bc6b7111be2f33203c2746e5c37c57a3fcff52e9a7f38780d6fc39a26,hindi_griffinlim_eval_final/fake_hindi_griffinlim/hindi_fake_0493.wav,0,2.556,-0.3205756843090057,0.6836068630218506,rms_matched,False,0.0599490280151163,hindi,-0.7699627578258514,bbf090e6e283e4e37184a2e8d18c4e8b316a072a5565f942ab1fe209609ce93499859b1bc6b7111be2f33203c2746e5c37c57a3fcff52e9a7f38780d6fc39a26,0.0599490280151163,0.3591702000841035,0.3277819114041045,0.3090689395826839,0.0490301444532854,0.2917080521583557,2.556,bbf090e6e283e4e37184a2e8d18c4e8b316a072a5565f942ab1fe209609ce93499859b1bc6b7111be2f33203c2746e5c37c57a3fcff52e9a7f38780d6fc39a26,,,,,,,,
494,b3384290eb1959d422480362d83e5209c28470116f7c5b10b0306ace4c6c34fec56325a07bec155e841663e775d0573922c4e90dd59bad4795f5d75530c6732e,hindi_griffinlim_eval_final/fake_hindi_griffinlim/hindi_fake_0494.wav,0,4.68,-0.5359464287757874,1.0534238815307615,rms_matched,False,0.065188245806585,hindi,-0.9853335022926331,b3384290eb1959d422480362d83e5209c28470116f7c5b10b0306ace4c6c34fec56325a07bec155e841663e775d0573922c4e90dd59bad4795f5d75530c6732e,0.065188245806585,0.5824892295545437,0.2195699369217933,0.1954435530099326,0.1065970155895814,0.7019351720809937,4.68,b3384290eb1959d422480362d83e5209c28470116f7c5b10b0306ace4c6c34fec56325a07bec155e841663e775d0573922c4e90dd59bad4795f5d75530c6732e,,,,,,,,
495,3a9a2751ae7b00505f0ab31fe4c6b3d76e4b23763244c136363aed1903cc89d8668e1187df7236c6ac0ef40422fd5802ca4000aa26a29cc5c77c978b07a4d12a,hindi_griffinlim_eval_final/fake_hindi_griffinlim/hindi_fake_0495.wav,0,6.948,-5.779629707336426,6.611684799194336,rms_matched,False,0.0214353812290699,hindi,-6.2290167808532715,3a9a2751ae7b00505f0ab31fe4c6b3d76e4b23763244c136363aed1903cc89d8668e1187df7236c6ac0ef40422fd5802ca4000aa26a29cc5c77c978b07a4d12a,0.0214353812290699,0.5829792940862192,0.2182809509411174,0.1969996186258256,0.1232372266047692,0.8258007764816284,6.948,3a9a2751ae7b00505f0ab31fe4c6b3d76e4b23763244c136363aed1903cc89d8668e1187df7236c6ac0ef40422fd5802ca4000aa26a29cc5c77c978b07a4d12a,,,,,,,,
496,e0b0d9bee4bc7b503aa80e3cc2b981cba7d2cd3493201182fda6cfaf6bd0f3c06ed4dece1470c13e0a96e60f29ff7be6ceb53724edc3973a8e5594a8b8f2fb13,hindi_griffinlim_eval_final/fake_hindi_griffinlim/hindi_fake_0496.wav,0,5.796,-0.1593193709850311,0.3020373284816742,rms_matched,False,0.0319029235360812,hindi,-0.6087064445018768,e0b0d9bee4bc7b503aa80e3cc2b981cba7d2cd3493201182fda6cfaf6bd0f3c06ed4dece1470c13e0a96e60f29ff7be6ceb53724edc3973a8e5594a8b8f2fb13,0.0319029235360812,0.4791156295933366,0.270056629203713,0.2475919001760831,0.0809571225069728,0.4833426475524902,5.796,e0b0d9bee4bc7b503aa80e3cc2b981cba7d2cd3493201182fda6cfaf6bd0f3c06ed4dece1470c13e0a96e60f29ff7be6ceb53724edc3973a8e5594a8b8f2fb13,,,,,,,,
497,9a862e8c754a334f2c39963b8da67e4e6e46ef2889e6ac772bb3e3847c4e1586e46be4d21adf569a90009925022013d8900d5ec065a6eaf767a5f0c3f1317f6d,hindi_griffinlim_eval_final/fake_hindi_griffinlim/hindi_fake_0497.wav,0,7.056,-5.583822250366211,6.405624866485596,rms_matched,False,0.0640048656811788,hindi,-6.033209323883057,9a862e8c754a334f2c39963b8da67e4e6e46ef2889e6ac772bb3e3847c4e1586e46be4d21adf569a90009925022013d8900d5ec065a6eaf767a5f0c3f1317f6d,0.0640048656811788,0.4334369764907475,0.3462541615322893,0.2176047710050929,0.0832515493512516,0.7128421068191528,7.056,9a862e8c754a334f2c39963b8da67e4e6e46ef2889e6ac772bb3e3847c4e1586e46be4d21adf569a90009925022013d8900d5ec065a6eaf767a5f0c3f1317f6d,0.3690160932873917,0.3647332068453204,0.2662506998672878,0.6969426813253743,14.584352490089554,0.146119125844059,0.3831063163549986,0.5421279517385748
498,3255dc44d5426ad255e14c4db4d12b224dfffd1e594a400a47cee7aafcd670d56a9834052a13be30307100ec6a3e1f8bffe33260e25f32c5a89ef64c744c0433,hindi_griffinlim_eval_final/fake_hindi_griffinlim/hindi_fake_0498.wav,0,2.664,6.988822937011719,-9.090202331542969,rms_matched,False,0.0313215305090623,hindi,6.539435863494873,3255dc44d5426ad255e14c4db4d12b224dfffd1e594a400a47cee7aafcd670d56a9834052a13be30307100ec6a3e1f8bffe33260e25f32c5a89ef64c744c0433,0.0313215305090623,0.1875302388250528,0.4102196325593997,0.3972169760878749,0.0135319981778128,0.0594487786293029,2.664,3255dc44d5426ad255e14c4db4d12b224dfffd1e594a400a47cee7aafcd670d56a9834052a13be30307100ec6a3e1f8bffe33260e25f32c5a89ef64c744c0433,0.1809652213453896,0.4154130275379869,0.4036217511166234,0.7475694693843651,14.175348300454928,0.219271869821509,0.4782023961759903,0.6239262308820325
499,0303022c144407f09d8f97be16ba6f2c41ac249e162b24f7d213f0c8a10c4235a4dbd0f53c4d6bcd674ea939898fa29d241a0c183c8f8b5963f55ea5a5327379,hindi_griffinlim_eval_final/fake_hindi_griffinlim/hindi_fake_0499.wav,0,6.084,3.862235546112061,-4.667681694030762,rms_matched,False,0.0118052738957287,hindi,3.4128484725952153,0303022c144407f09d8f97be16ba6f2c41ac249e162b24f7d213f0c8a10c4235a4dbd0f53c4d6bcd674ea939898fa29d241a0c183c8f8b5963f55ea5a5327379,0.0118052738957287,0.2949208671093015,0.3469020675185269,0.3538643937209074,0.0446833887377173,0.2320923209190368,6.084,0303022c144407f09d8f97be16ba6f2c41ac249e162b24f7d213f0c8a10c4235a4dbd0f53c4d6bcd674ea939898fa29d241a0c183c8f8b5963f55ea5a5327379,,,,,,,,
500,29bcb273adde2fc3bc2e4595307cca55f7a2164b643bd634a478297488389dd87132dba219b5a51a5b42b59a42fe5eef68ff2cd098bb675cf680befd442613d5,hindi_griffinlim_eval_final/fake_hindi_griffinlim/hindi_fake_0500.wav,0,6.048,-0.4611378312110901,0.6663427948951721,rms_matched,False,0.1033091581308941,hindi,-0.9105249047279358,29bcb273adde2fc3bc2e4595307cca55f7a2164b643bd634a478297488389dd87132dba219b5a51a5b42b59a42fe5eef68ff2cd098bb675cf680befd442613d5,0.1033091581308941,0.5706813074050986,0.2205298575138261,0.2063872475647985,0.102592868422123,0.8009315133094788,6.048,29bcb273adde2fc3bc2e4595307cca55f7a2164b643bd634a478297488389dd87132dba219b5a51a5b42b59a42fe5eef68ff2cd098bb675cf680befd442613d5,,,,,,,,
501,ec98bf4f4c7ebeb53552af57da3d7a49f21818abc1725b040a1b968399e00793bb92c3c43fc8a718ebdf2cd08df8a20903f45474f2545ae873ddfb15c6a759c5,hindi_griffinlim_eval_final/fake_hindi_griffinlim/hindi_fake_0501.wav,0,5.436,-2.5838193893432617,3.387059450149536,rms_matched,False,0.0560300925048274,hindi,-3.0332064628601074,ec98bf4f4c7ebeb53552af57da3d7a49f21818abc1725b040a1b968399e00793bb92c3c43fc8a718ebdf2cd08df8a20903f45474f2545ae873ddfb15c6a759c5,0.0560300925048274,0.56507300114025,0.24918263812948,0.1833689390933016,0.0990622424938783,0.6126400828361511,5.436,ec98bf4f4c7ebeb53552af57da3d7a49f21818abc1725b040a1b968399e00793bb92c3c43fc8a718ebdf2cd08df8a20903f45474f2545ae873ddfb15c6a759c5,,,,,,,,
502,5d04e341d28471b5a0877f8fdc6dfb88a706c40c3a904e7e0b0982891ccab4d619b816f3a5dc1025591b7cfdc9f56ef10169afd22bfcd78c1ee7b6fc4e36bc03,hindi_griffinlim_eval_final/fake_hindi_griffinlim/hindi_fake_0502.wav,0,3.384,0.7649635076522827,-1.0480741262435913,rms_matched,False,0.100247253618163,hindi,0.315576434135437,5d04e341d28471b5a0877f8fdc6dfb88a706c40c3a904e7e0b0982891ccab4d619b816f3a5dc1025591b7cfdc9f56ef10169afd22bfcd78c1ee7b6fc4e36bc03,0.100247253618163,0.3425728413734791,0.3687084922128902,0.2847149490633103,0.0544893846223097,0.4830183982849121,3.384,5d04e341d28471b5a0877f8fdc6dfb88a706c40c3a904e7e0b0982891ccab4d619b816f3a5dc1025591b7cfdc9f56ef10169afd22bfcd78c1ee7b6fc4e36bc03,,,,,,,,
503,4cef3c57c7794a486d20711b806222df778778312c01a26669a9c4fd75b74a3792424787393673b302401d3d994431c97c30b2d1b8bd6caa0fd563460fed5093,hindi_griffinlim_eval_final/fake_hindi_griffinlim/hindi_fake_0503.wav,0,5.544,-4.665911674499512,5.479593276977539,rms_matched,False,0.0031770393964071,hindi,-5.115298748016357,4cef3c57c7794a486d20711b806222df778778312c01a26669a9c4fd75b74a3792424787393673b302401d3d994431c97c30b2d1b8bd6caa0fd563460fed5093,0.0031770393964071,0.8181500802314804,0.1022825594026922,0.0785637072627511,0.1961908333073795,0.9900000095367432,5.544,4cef3c57c7794a486d20711b806222df778778312c01a26669a9c4fd75b74a3792424787393673b302401d3d994431c97c30b2d1b8bd6caa0fd563460fed5093,,,,,,,,
504,c9e3c968c1d5b3622fc320ddfee5e4f9ab20a053ad60bc247ae48a626a9989bc2687e3e054f55a444c9ccb71e2ddce887fc8fdfa617ebb5e9d4771676d8074b4,hindi_griffinlim_eval_final/fake_hindi_griffinlim/hindi_fake_0504.wav,0,7.416,-0.3565766811370849,0.8796492218971252,rms_matched,False,0.0240175876282635,hindi,-0.8059637546539307,c9e3c968c1d5b3622fc320ddfee5e4f9ab20a053ad60bc247ae48a626a9989bc2687e3e054f55a444c9ccb71e2ddce887fc8fdfa617ebb5e9d4771676d8074b4,0.0240175876282635,0.3584334464014612,0.3328399489231983,0.3046574964286349,0.0539781658643726,0.3671875596046448,7.416,c9e3c968c1d5b3622fc320ddfee5e4f9ab20a053ad60bc247ae48a626a9989bc2687e3e054f55a444c9ccb71e2ddce887fc8fdfa617ebb5e9d4771676d8074b4,,,,,,,,
505,f7e4c76ee18115342ce951e969ae7be895523c1249240808025273db43ef06eff07f846de9b3a24d822ac09b3fcc9a6655535a3e0adb370bde8640f64560620b,hindi_griffinlim_eval_final/fake_hindi_griffinlim/hindi_fake_0505.wav,0,4.428,-2.830909252166748,3.6449191570281982,rms_matched,False,0.0928840559007628,hindi,-3.2802963256835938,f7e4c76ee18115342ce951e969ae7be895523c1249240808025273db43ef06eff07f846de9b3a24d822ac09b3fcc9a6655535a3e0adb370bde8640f64560620b,0.0928840559007628,0.6624299387862852,0.180597304191911,0.1549416352582633,0.1172121295033173,0.7330259084701538,4.428,f7e4c76ee18115342ce951e969ae7be895523c1249240808025273db43ef06eff07f846de9b3a24d822ac09b3fcc9a6655535a3e0adb370bde8640f64560620b,,,,,,,,
506,cb80d11c3532ab20b83037029cb1c2394ea6339f697e7101b9288365e3387903da82dc7d32bb6f1a45d5659f6ffacc187711e06195561c5e4f09721683bbd761,hindi_griffinlim_eval_final/fake_hindi_griffinlim/hindi_fake_0506.wav,0,2.664,-2.059518337249756,2.700678825378418,rms_matched,False,0.1424785291499413,hindi,-2.5089054107666016,cb80d11c3532ab20b83037029cb1c2394ea6339f697e7101b9288365e3387903da82dc7d32bb6f1a45d5659f6ffacc187711e06195561c5e4f09721683bbd761,0.1424785291499413,0.5802426480865353,0.2316298689655069,0.1856347580134526,0.0980407014441277,0.647276759147644,2.664,cb80d11c3532ab20b83037029cb1c2394ea6339f697e7101b9288365e3387903da82dc7d32bb6f1a45d5659f6ffacc187711e06195561c5e4f09721683bbd761,,,,,,,,
507,755950c6eb4b91d87a8d62458e27e794e08783fbb4e47b61730e21bb685a9d3634dab0401114292ec8b3d3a282e0248c34c8868056fdb057716c14ae2b9844fc,hindi_griffinlim_eval_final/fake_hindi_griffinlim/hindi_fake_0507.wav,0,3.42,-0.7808269262313843,1.1892482042312622,peak_normalized,True,0.2276379953736452,hindi,-1.23021399974823,755950c6eb4b91d87a8d62458e27e794e08783fbb4e47b61730e21bb685a9d3634dab0401114292ec8b3d3a282e0248c34c8868056fdb057716c14ae2b9844fc,0.2276379953736452,0.9394572915055794,0.0596596411796038,0.0008526877737995,0.1692965638603976,0.989990234375,3.408,755950c6eb4b91d87a8d62458e27e794e08783fbb4e47b61730e21bb685a9d3634dab0401114292ec8b3d3a282e0248c34c8868056fdb057716c14ae2b9844fc,,,,,,,,
508,d70eec2d8533e3a33d9b86756515c60f981b91fec38baaad39f756259fc08103cb6a12f82c2cc01189e8c8558b9ca80d52fc0cd6ebe18cab27de267929b51584,hindi_griffinlim_eval_final/fake_hindi_griffinlim/hindi_fake_0508.wav,0,3.132,3.865715742111206,-4.654155254364014,rms_matched,False,0.1385539509985658,hindi,3.4163286685943604,d70eec2d8533e3a33d9b86756515c60f981b91fec38baaad39f756259fc08103cb6a12f82c2cc01189e8c8558b9ca80d52fc0cd6ebe18cab27de267929b51584,0.1385539509985658,0.5102310599350918,0.252262603550656,0.2348660544218024,0.084709679520958,0.634913980960846,3.132,d70eec2d8533e3a33d9b86756515c60f981b91fec38baaad39f756259fc08103cb6a12f82c2cc01189e8c8558b9ca80d52fc0cd6ebe18cab27de267929b51584,,,,,,,,
509,4fcdd17805b736cac2dc920985d2187185e759b54d9cfe7d2654dd8f4aff10e630e579edcb5cb4d04f215bebe6d096d9e932203345ad7272e889beca6a5c20e7,hindi_griffinlim_eval_final/fake_hindi_griffinlim/hindi_fake_0509.wav,0,6.336,-1.1228810548782349,1.7895723581314087,rms_matched,False,0.2108355716921651,hindi,-1.5722681283950806,4fcdd17805b736cac2dc920985d2187185e759b54d9cfe7d2654dd8f4aff10e630e579edcb5cb4d04f215bebe6d096d9e932203345ad7272e889beca6a5c20e7,0.2108355716921651,0.4378191150781283,0.3400210691157672,0.2192906493407002,0.0726167508593938,0.7514514923095703,6.336,4fcdd17805b736cac2dc920985d2187185e759b54d9cfe7d2654dd8f4aff10e630e579edcb5cb4d04f215bebe6d096d9e932203345ad7272e889beca6a5c20e7,,,,,,,,
510,93f71918fbe69cad830cb49211cb10c9344e04ceca427ea39db38c8b5f5f200a4706f0a12646585364ff3b44f3bb75784005797e3e3259fd9579fa985955b3ac,hindi_griffinlim_eval_final/fake_hindi_griffinlim/hindi_fake_0510.wav,0,3.276,-0.3165965676307678,-0.0190586149692535,rms_matched,False,0.0425257621975075,hindi,-0.7659836411476135,93f71918fbe69cad830cb49211cb10c9344e04ceca427ea39db38c8b5f5f200a4706f0a12646585364ff3b44f3bb75784005797e3e3259fd9579fa985955b3ac,0.0425257621975075,0.4639459414804634,0.3839841759143719,0.1503657720870644,0.1207078270005357,0.9199719429016112,3.276,93f71918fbe69cad830cb49211cb10c9344e04ceca427ea39db38c8b5f5f200a4706f0a12646585364ff3b44f3bb75784005797e3e3259fd9579fa985955b3ac,,,,,,,,
511,e13c23ee2d8500b3cffa2cdf67ef9d827331c36238411c839fe39b077736953b55de43cff6bb2d96066fb6660cc6542db53e3e5abe00c2cb8d79cf3bc38b22fb,hindi_griffinlim_eval_final/fake_hindi_griffinlim/hindi_fake_0511.wav,0,3.78,6.566067695617676,-8.488511085510254,rms_matched,False,0.0196620290189825,hindi,6.11668062210083,e13c23ee2d8500b3cffa2cdf67ef9d827331c36238411c839fe39b077736953b55de43cff6bb2d96066fb6660cc6542db53e3e5abe00c2cb8d79cf3bc38b22fb,0.0196620290189825,0.2354580290609014,0.3856391850416758,0.3740403107079372,0.0282636486744805,0.1250351071357727,3.78,e13c23ee2d8500b3cffa2cdf67ef9d827331c36238411c839fe39b077736953b55de43cff6bb2d96066fb6660cc6542db53e3e5abe00c2cb8d79cf3bc38b22fb,,,,,,,,
512,2312b0d85bd1eb1a017264abf770df086e10cec218cf1ab48b90f9d7f621d8ae8372b07338224060fcac6cfb337fcfcb6966c160942f9fcec4c67e7f5df44520,hindi_griffinlim_eval_final/fake_hindi_griffinlim/hindi_fake_0512.wav,0,3.024,-4.319195747375488,5.237548828125,peak_normalized,True,0.4637607569705845,hindi,-4.768582820892334,2312b0d85bd1eb1a017264abf770df086e10cec218cf1ab48b90f9d7f621d8ae8372b07338224060fcac6cfb337fcfcb6966c160942f9fcec4c67e7f5df44520,0.4637607569705845,0.9475799466937088,0.0482880877310215,0.0041134367895046,0.1586194991181476,0.989990234375,3.024,2312b0d85bd1eb1a017264abf770df086e10cec218cf1ab48b90f9d7f621d8ae8372b07338224060fcac6cfb337fcfcb6966c160942f9fcec4c67e7f5df44520,,,,,,,,
513,42dbccb16fa1ce50253a96dee532a7c4030f9daa92599271e4c0692efc8e58f669205bbcedf0ddf1f51f1e5753260ad39f6e0a5e6f85d5d24b3c5b3a20114c4c,hindi_griffinlim_eval_final/fake_hindi_griffinlim/hindi_fake_0513.wav,0,3.456,-0.6034904718399048,1.1158382892608645,rms_matched,False,0.1408863655160661,hindi,-1.0528775453567505,42dbccb16fa1ce50253a96dee532a7c4030f9daa92599271e4c0692efc8e58f669205bbcedf0ddf1f51f1e5753260ad39f6e0a5e6f85d5d24b3c5b3a20114c4c,0.1408863655160661,0.642717564335904,0.1865868806203743,0.1684230916463424,0.1148175793319525,0.7867807149887085,3.456,42dbccb16fa1ce50253a96dee532a7c4030f9daa92599271e4c0692efc8e58f669205bbcedf0ddf1f51f1e5753260ad39f6e0a5e6f85d5d24b3c5b3a20114c4c,,,,,,,,
514,60b2daa4cda30b5320834f3c2d21ea1841b52ccd7bf7ed4689f3ff27ca59c3323707c95e9a17bea4082356c576bbc3f17a00106134240f3632529b329fc1e62a,hindi_griffinlim_eval_final/fake_hindi_griffinlim/hindi_fake_0514.wav,0,7.956,-2.4610471725463867,3.17018461227417,rms_matched,False,0.3034012496676808,hindi,-2.9104342460632324,60b2daa4cda30b5320834f3c2d21ea1841b52ccd7bf7ed4689f3ff27ca59c3323707c95e9a17bea4082356c576bbc3f17a00106134240f3632529b329fc1e62a,0.3034012496676808,0.9977277251063872,0.0019343667282496,0.0002567621588973,0.1455086462855886,0.78094482421875,7.952,60b2daa4cda30b5320834f3c2d21ea1841b52ccd7bf7ed4689f3ff27ca59c3323707c95e9a17bea4082356c576bbc3f17a00106134240f3632529b329fc1e62a,,,,,,,,
515,7a089d86c2c82f061df264f419453e3740e2a7e030b13163f8802012baaa04bb35130896e3ee83c688d07bce1c74d40e83dabdca6a911dc25d15f97ebb75b7e4,hindi_griffinlim_eval_final/fake_hindi_griffinlim/hindi_fake_0515.wav,0,6.408,-2.792379379272461,3.596774816513061,rms_matched,False,0.0290042355344699,hindi,-3.2417664527893066,7a089d86c2c82f061df264f419453e3740e2a7e030b13163f8802012baaa04bb35130896e3ee83c688d07bce1c74d40e83dabdca6a911dc25d15f97ebb75b7e4,0.0290042355344699,0.6073744217125762,0.2094856609517883,0.1809082500272547,0.1109733567212244,0.6319836378097534,6.408,7a089d86c2c82f061df264f419453e3740e2a7e030b13163f8802012baaa04bb35130896e3ee83c688d07bce1c74d40e83dabdca6a911dc25d15f97ebb75b7e4,,,,,,,,
516,43bc745f9a7b6bd69a6cf5af88d6d8a31436266533dfa04def07f906d4fd43867f88a11badb4e6b57aefd010b66136392f98b79281d97eebcad6333be3d07cb2,hindi_griffinlim_eval_final/fake_hindi_griffinlim/hindi_fake_0516.wav,0,4.212,4.812260627746582,-5.8776445388793945,rms_matched,False,0.040171311162688,hindi,4.362873554229736,43bc745f9a7b6bd69a6cf5af88d6d8a31436266533dfa04def07f906d4fd43867f88a11badb4e6b57aefd010b66136392f98b79281d97eebcad6333be3d07cb2,0.040171311162688,0.3520854479931387,0.3286693168385329,0.3148943699055235,0.0499093488098473,0.309110939502716,4.212,43bc745f9a7b6bd69a6cf5af88d6d8a31436266533dfa04def07f906d4fd43867f88a11badb4e6b57aefd010b66136392f98b79281d97eebcad6333be3d07cb2,,,,,,,,
517,74751bae9cd9bc9a9c005dce39ee035a3d1a201afb6bc83523226793b7fa2526d2c29ccebaaee7bcc6af9949646ae1bde77eade6fcec218564391c06e0ec86d3,hindi_griffinlim_eval_final/fake_hindi_griffinlim/hindi_fake_0517.wav,0,7.2,5.612166404724121,-7.120375633239746,rms_matched,False,0.0164039067917423,hindi,5.162779331207275,74751bae9cd9bc9a9c005dce39ee035a3d1a201afb6bc83523226793b7fa2526d2c29ccebaaee7bcc6af9949646ae1bde77eade6fcec218564391c06e0ec86d3,0.0164039067917423,0.3224901413034338,0.3448603728995325,0.3282787332817146,0.044933490281838,0.2548851370811462,7.2,74751bae9cd9bc9a9c005dce39ee035a3d1a201afb6bc83523226793b7fa2526d2c29ccebaaee7bcc6af9949646ae1bde77eade6fcec218564391c06e0ec86d3,,,,,,,,
518,9564825a0829d21edd512e0523b3dccf946f9cd0f8b90c2589961c1867f2100b337df3df56dcee0dbdc7b4f23de4dc7d2af884dea2f7a3f6a3f3dc081879acfa,hindi_griffinlim_eval_final/fake_hindi_griffinlim/hindi_fake_0518.wav,0,6.948,4.931699275970459,-6.179751873016357,rms_matched,False,0.0122147811891059,hindi,4.482312202453613,9564825a0829d21edd512e0523b3dccf946f9cd0f8b90c2589961c1867f2100b337df3df56dcee0dbdc7b4f23de4dc7d2af884dea2f7a3f6a3f3dc081879acfa,0.0122147811891059,0.2842367350784017,0.3616846621717826,0.3492955845686592,0.0413139892184623,0.2312098145484924,6.948,9564825a0829d21edd512e0523b3dccf946f9cd0f8b90c2589961c1867f2100b337df3df56dcee0dbdc7b4f23de4dc7d2af884dea2f7a3f6a3f3dc081879acfa,,,,,,,,
519,46369e01baf2553b6269322ed95fc7afe1865c88e5f462390a20e35e6af12cc97960c4874ecda585cb422e132fee3f04da4f91fa41175b3b36d9bc7d7033edf1,hindi_griffinlim_eval_final/fake_hindi_griffinlim/hindi_fake_0519.wav,0,7.56,-1.6222314834594729,2.4101970195770264,rms_matched,False,0.0281630501568547,hindi,-2.0716185569763184,46369e01baf2553b6269322ed95fc7afe1865c88e5f462390a20e35e6af12cc97960c4874ecda585cb422e132fee3f04da4f91fa41175b3b36d9bc7d7033edf1,0.0281630501568547,0.3424469177360153,0.3634591164336747,0.290228064882336,0.0566799838526872,0.4453519582748413,7.56,46369e01baf2553b6269322ed95fc7afe1865c88e5f462390a20e35e6af12cc97960c4874ecda585cb422e132fee3f04da4f91fa41175b3b36d9bc7d7033edf1,,,,,,,,
520,b9854a362f9f2796f98c3105310553f5d5b1d2aea5f247080a0d9ab5d329ac51e5e519bad74bd68b022867bb103a42741c9523a32ce80c3a4ac8ed64c4bde957,hindi_griffinlim_eval_final/fake_hindi_griffinlim/hindi_fake_0520.wav,0,3.864,-0.5615730881690979,1.160420298576355,rms_matched,False,0.0256592221488142,hindi,-1.0109601616859436,b9854a362f9f2796f98c3105310553f5d5b1d2aea5f247080a0d9ab5d329ac51e5e519bad74bd68b022867bb103a42741c9523a32ce80c3a4ac8ed64c4bde957,0.0256592221488142,0.2899663187110955,0.3621966278192252,0.3443146153157853,0.0551974211398776,0.4268486499786377,3.864,b9854a362f9f2796f98c3105310553f5d5b1d2aea5f247080a0d9ab5d329ac51e5e519bad74bd68b022867bb103a42741c9523a32ce80c3a4ac8ed64c4bde957,,,,,,,,
521,b3a9d00791dae63b944756627fdb96c21c53f4d69beef3a56780607d83e56d0a6faf52d5d704c925bb323f8b2c9a168a87c2cd94fcc3d3abf6b034c9e7f5cd77,hindi_griffinlim_eval_final/fake_hindi_griffinlim/hindi_fake_0521.wav,0,2.256,0.4395678639411926,-0.9317759871482848,rms_matched,False,0.0546939492556728,hindi,-0.009819209575653076,b3a9d00791dae63b944756627fdb96c21c53f4d69beef3a56780607d83e56d0a6faf52d5d704c925bb323f8b2c9a168a87c2cd94fcc3d3abf6b034c9e7f5cd77,0.0546939492556728,0.373745905616887,0.318544963770913,0.3037836511420158,0.056640651258029,0.3430860638618469,2.256,b3a9d00791dae63b944756627fdb96c21c53f4d69beef3a56780607d83e56d0a6faf52d5d704c925bb323f8b2c9a168a87c2cd94fcc3d3abf6b034c9e7f5cd77,,,,,,,,
522,949d46bd8792e08b2ee6c5736df551c23a26e45db1306d71836317cfc115ff4cf71da8164c9063aeefd98bd8c12626dbe22b79a07420d6fe8317fb6fc9fa368b,hindi_griffinlim_eval_final/fake_hindi_griffinlim/hindi_fake_0522.wav,0,6.588,5.764593601226807,-7.417431831359863,rms_matched,False,0.0218709061110106,hindi,5.315206527709961,949d46bd8792e08b2ee6c5736df551c23a26e45db1306d71836317cfc115ff4cf71da8164c9063aeefd98bd8c12626dbe22b79a07420d6fe8317fb6fc9fa368b,0.0218709061110106,0.328253766937208,0.3389119459978028,0.3282978004314736,0.0469850091084007,0.2998815774917602,6.588,949d46bd8792e08b2ee6c5736df551c23a26e45db1306d71836317cfc115ff4cf71da8164c9063aeefd98bd8c12626dbe22b79a07420d6fe8317fb6fc9fa368b,,,,,,,,
523,79741f3153a904c0ddeb1d81d69b137d61adb2a3f1c8ea30fd32a88a4f7028bbb73f1515f3cac14ad147b8c1845846d96d9333173f71677d207b7ff1357a37c5,hindi_griffinlim_eval_final/fake_hindi_griffinlim/hindi_fake_0523.wav,0,3.864,0.2840014100074768,-0.5657719373703003,rms_matched,False,0.027878286466258,hindi,-0.1653856635093689,79741f3153a904c0ddeb1d81d69b137d61adb2a3f1c8ea30fd32a88a4f7028bbb73f1515f3cac14ad147b8c1845846d96d9333173f71677d207b7ff1357a37c5,0.027878286466258,0.2799998781738072,0.372322715511021,0.3432670065315039,0.0398478807053998,0.242246389389038,3.864,79741f3153a904c0ddeb1d81d69b137d61adb2a3f1c8ea30fd32a88a4f7028bbb73f1515f3cac14ad147b8c1845846d96d9333173f71677d207b7ff1357a37c5,,,,,,,,
524,d39d516dfccbf4297a953030579625b84d76314cdd257472c46f3116b9f0238183eaa531151e2a8bd4968015c10fb293e815f5a2c36475f899e88f5ed90676ea,hindi_griffinlim_eval_final/fake_hindi_griffinlim/hindi_fake_0524.wav,0,5.688,-0.5591999292373657,0.7268845438957214,rms_matched,False,0.1340660147005642,hindi,-1.0085870027542114,d39d516dfccbf4297a953030579625b84d76314cdd257472c46f3116b9f0238183eaa531151e2a8bd4968015c10fb293e815f5a2c36475f899e88f5ed90676ea,0.1340660147005642,0.5982802723880207,0.2317579887038267,0.167829294928199,0.1133697620945447,0.9010037779808044,5.688,d39d516dfccbf4297a953030579625b84d76314cdd257472c46f3116b9f0238183eaa531151e2a8bd4968015c10fb293e815f5a2c36475f899e88f5ed90676ea,,,,,,,,
525,c127090a8261671f4e68cc31639996579099a014bbd65dc05c580ea8961637ae6978ac28c265bbba5145400258f062bf70f582aac610a13525cacf73579563bd,hindi_griffinlim_eval_final/fake_hindi_griffinlim/hindi_fake_0525.wav,0,6.3,-5.699585914611816,6.517645359039307,rms_matched,False,0.0326041895298738,hindi,-6.148972988128662,c127090a8261671f4e68cc31639996579099a014bbd65dc05c580ea8961637ae6978ac28c265bbba5145400258f062bf70f582aac610a13525cacf73579563bd,0.0326041895298738,0.5669308996818797,0.2957605048933336,0.1355171888216747,0.1182360922981974,0.7646524310112,6.3,c127090a8261671f4e68cc31639996579099a014bbd65dc05c580ea8961637ae6978ac28c265bbba5145400258f062bf70f582aac610a13525cacf73579563bd,,,,,,,,
526,fb9238da4a8e2de73d33aea159760300d3ec17f24329ad1fd35ab53c3d452ac1fa903c1488c73bf0daeb50763d260efbf7fcf79c1453a1558722a64e0a69afbe,hindi_griffinlim_eval_final/fake_hindi_griffinlim/hindi_fake_0526.wav,0,7.236,-0.6396177411079407,0.9607765674591064,rms_matched,False,0.0128959695381847,hindi,-1.0890048146247864,fb9238da4a8e2de73d33aea159760300d3ec17f24329ad1fd35ab53c3d452ac1fa903c1488c73bf0daeb50763d260efbf7fcf79c1453a1558722a64e0a69afbe,0.0128959695381847,0.2956322698247883,0.3880792639814409,0.3122126506877199,0.0461171737432007,0.2599150538444519,7.236,fb9238da4a8e2de73d33aea159760300d3ec17f24329ad1fd35ab53c3d452ac1fa903c1488c73bf0daeb50763d260efbf7fcf79c1453a1558722a64e0a69afbe,,,,,,,,
527,78014d1d0043184446ff0c083c8868966598975e5daebb9725dc92f60fa5c8d06ce1bb84b84760f14d38217866e6bde176419a1bd9e5f166429d74168b3dd926,hindi_griffinlim_eval_final/fake_hindi_griffinlim/hindi_fake_0527.wav,0,5.976,0.1647326797246933,-0.104742482304573,rms_matched,False,0.0182569314123225,hindi,-0.2846543937921524,78014d1d0043184446ff0c083c8868966598975e5daebb9725dc92f60fa5c8d06ce1bb84b84760f14d38217866e6bde176419a1bd9e5f166429d74168b3dd926,0.0182569314123225,0.2791040163624106,0.4079900697919591,0.3087660766850424,0.0456725402643479,0.2901061773300171,5.976,78014d1d0043184446ff0c083c8868966598975e5daebb9725dc92f60fa5c8d06ce1bb84b84760f14d38217866e6bde176419a1bd9e5f166429d74168b3dd926,,,,,,,,
528,2de3db24e998f00d734a8da3c51f592d40cdff55dfae3f290f4b0ef2e1acb63313eba952692afa76afcc1912d4c5fbd103d7bc838757a2bd55293827e758500e,hindi_griffinlim_eval_final/fake_hindi_griffinlim/hindi_fake_0528.wav,0,4.068,2.1527116298675537,-2.7828948497772217,rms_matched,False,0.0359408143033915,hindi,1.703324556350708,2de3db24e998f00d734a8da3c51f592d40cdff55dfae3f290f4b0ef2e1acb63313eba952692afa76afcc1912d4c5fbd103d7bc838757a2bd55293827e758500e,0.0359408143033915,0.3918169962834085,0.3163809530288139,0.2881896732136512,0.0625302835169959,0.3707080483436584,4.068,2de3db24e998f00d734a8da3c51f592d40cdff55dfae3f290f4b0ef2e1acb63313eba952692afa76afcc1912d4c5fbd103d7bc838757a2bd55293827e758500e,,,,,,,,
529,b3384290eb1959d422480362d83e5209c28470116f7c5b10b0306ace4c6c34fec56325a07bec155e841663e775d0573922c4e90dd59bad4795f5d75530c6732e,hindi_griffinlim_eval_final/fake_hindi_griffinlim/hindi_fake_0529.wav,0,7.056,-0.5001606941223145,0.8017111420631409,rms_matched,False,0.0346862481179771,hindi,-0.9495477676391602,b3384290eb1959d422480362d83e5209c28470116f7c5b10b0306ace4c6c34fec56325a07bec155e841663e775d0573922c4e90dd59bad4795f5d75530c6732e,0.0346862481179771,0.5130158978221913,0.2642953726374575,0.2199001183835381,0.0922650059383648,0.6128957867622375,7.056,b3384290eb1959d422480362d83e5209c28470116f7c5b10b0306ace4c6c34fec56325a07bec155e841663e775d0573922c4e90dd59bad4795f5d75530c6732e,,,,,,,,
530,aae384c088b18eed8da9fe141de09f584054ad55ee2a6514c682c1bd425784ed886c928e35a66fa611ccad98b44274839b2b5f7c3fe678e1c8740cfc90389187,hindi_griffinlim_eval_final/fake_hindi_griffinlim/hindi_fake_0530.wav,0,2.808,-4.452116012573242,5.271322250366211,rms_matched,False,0.1770244437786386,hindi,-4.901503086090088,aae384c088b18eed8da9fe141de09f584054ad55ee2a6514c682c1bd425784ed886c928e35a66fa611ccad98b44274839b2b5f7c3fe678e1c8740cfc90389187,0.1770244437786386,0.4370950308309691,0.3525896603715177,0.2075399235141672,0.0797079150424223,0.6876696348190308,2.808,aae384c088b18eed8da9fe141de09f584054ad55ee2a6514c682c1bd425784ed886c928e35a66fa611ccad98b44274839b2b5f7c3fe678e1c8740cfc90389187,,,,,,,,
531,13cef0dba059a4aa0064866e51ca703ad2552c2645eb99722846129b96051db0f22a99235faf822876c13bd3f02e86f138d6a0413f980cf028f54c5fdc58b9b9,hindi_griffinlim_eval_final/fake_hindi_griffinlim/hindi_fake_0531.wav,0,4.14,-0.615419864654541,0.9326385855674744,rms_matched,False,0.0643113717323726,hindi,-1.0648069381713867,13cef0dba059a4aa0064866e51ca703ad2552c2645eb99722846129b96051db0f22a99235faf822876c13bd3f02e86f138d6a0413f980cf028f54c5fdc58b9b9,0.0643113717323726,0.689835725926118,0.159316093307951,0.1487941846780189,0.1348689067103332,0.8548027873039246,4.14,13cef0dba059a4aa0064866e51ca703ad2552c2645eb99722846129b96051db0f22a99235faf822876c13bd3f02e86f138d6a0413f980cf028f54c5fdc58b9b9,,,,,,,,
532,55facf37cfec7564d08860906bdb688d9e2c45d7ac50a054dcc66778b3b1a10a9489051097f6fe9232742597187752dc71f4f0432aa771771721c259ff4324c7,hindi_griffinlim_eval_final/fake_hindi_griffinlim/hindi_fake_0532.wav,0,4.86,-5.492400646209717,6.208148956298828,rms_matched,False,0.0463750533625835,hindi,-5.9417877197265625,55facf37cfec7564d08860906bdb688d9e2c45d7ac50a054dcc66778b3b1a10a9489051097f6fe9232742597187752dc71f4f0432aa771771721c259ff4324c7,0.0463750533625835,0.5036019478333082,0.3266342737569077,0.1677737682199027,0.1086132462916792,0.7750349044799805,4.86,55facf37cfec7564d08860906bdb688d9e2c45d7ac50a054dcc66778b3b1a10a9489051097f6fe9232742597187752dc71f4f0432aa771771721c259ff4324c7,,,,,,,,
533,5a2a681a4af95b92777b6adcd74644a5291136b27678f3afb168b9ebcc348031ce19ae24e738331ee6e5e5e54f6c4c560d455f898f348ad11957ec799c28fe59,hindi_griffinlim_eval_final/fake_hindi_griffinlim/hindi_fake_0533.wav,0,5.796,-4.2722249031066895,5.049684524536133,rms_matched,False,0.0649836627393167,hindi,-4.721611976623535,5a2a681a4af95b92777b6adcd74644a5291136b27678f3afb168b9ebcc348031ce19ae24e738331ee6e5e5e54f6c4c560d455f898f348ad11957ec799c28fe59,0.0649836627393167,0.4302002074356469,0.311838498534335,0.2547536223371973,0.0701873232768379,0.5366833209991455,5.796,5a2a681a4af95b92777b6adcd74644a5291136b27678f3afb168b9ebcc348031ce19ae24e738331ee6e5e5e54f6c4c560d455f898f348ad11957ec799c28fe59,0.4298686566470118,0.3131321734831113,0.2569991698698768,0.7269069439200415,14.41148191342079,0.1634144316820567,0.4198847983609243,0.5825441187120894
534,16c775b5ac1a75459692a8e2c553ec084df96439cf53c5129ce1e5c20a9a04d3ed23204cf582fe74c9dc12a473fb3072139ea313cee5ce51c0d17acf8cd16333,hindi_griffinlim_eval_final/fake_hindi_griffinlim/hindi_fake_0534.wav,0,5.148,-0.1782746016979217,0.5161900520324707,rms_matched,False,0.1961694934502517,hindi,-0.6276616752147675,16c775b5ac1a75459692a8e2c553ec084df96439cf53c5129ce1e5c20a9a04d3ed23204cf582fe74c9dc12a473fb3072139ea313cee5ce51c0d17acf8cd16333,0.1961694934502517,0.3449970157185856,0.3413951143861707,0.3095601699922132,0.0505306137975636,0.6319565773010254,5.148,16c775b5ac1a75459692a8e2c553ec084df96439cf53c5129ce1e5c20a9a04d3ed23204cf582fe74c9dc12a473fb3072139ea313cee5ce51c0d17acf8cd16333,,,,,,,,
535,0f018a99663f33afbb7d38aee281fb1afcfd07f9e7acd00383f604e1e17c38d6ed8adf1bd2ccbf927a52c5adefb8ac4b158ce27a7c2ed9581e71202eb302dfb3,hindi_griffinlim_eval_final/fake_hindi_griffinlim/hindi_fake_0535.wav,0,5.292,-5.745281219482422,6.551987171173096,rms_matched,False,0.0326039963464506,hindi,-6.194668292999268,0f018a99663f33afbb7d38aee281fb1afcfd07f9e7acd00383f604e1e17c38d6ed8adf1bd2ccbf927a52c5adefb8ac4b158ce27a7c2ed9581e71202eb302dfb3,0.0326039963464506,0.4316500871985428,0.451377289398219,0.1154978843957461,0.1230221553010265,0.990000069141388,5.292,0f018a99663f33afbb7d38aee281fb1afcfd07f9e7acd00383f604e1e17c38d6ed8adf1bd2ccbf927a52c5adefb8ac4b158ce27a7c2ed9581e71202eb302dfb3,,,,,,,,
536,c7a77aac9398049c593a06e3bde552061eb033612d2266a548202cc8790a06dd5c5c4fb002e8013ef38f94abed95b3bea0e56c4cb6aa8deecf7c63373764826d,hindi_griffinlim_eval_final/fake_hindi_griffinlim/hindi_fake_0536.wav,0,3.888,-1.1279481649398804,1.7251436710357666,rms_matched,False,0.4013928728299447,hindi,-1.577335238456726,c7a77aac9398049c593a06e3bde552061eb033612d2266a548202cc8790a06dd5c5c4fb002e8013ef38f94abed95b3bea0e56c4cb6aa8deecf7c63373764826d,0.4013928728299447,0.5345579570351374,0.2331679440027336,0.2292565867863204,0.0836640373231159,0.8255922198295593,3.888,c7a77aac9398049c593a06e3bde552061eb033612d2266a548202cc8790a06dd5c5c4fb002e8013ef38f94abed95b3bea0e56c4cb6aa8deecf7c63373764826d,,,,,,,,
537,e1687c2dade4c9e56bf74181a1c6eabd5d85fb05e2ded2d7f443e3cdf646f19b835db4fd303c73f3b7e94b0d03f6d27c4429abdaf1a56ee81e35ee7bc67bc67c,hindi_griffinlim_eval_final/fake_hindi_griffinlim/hindi_fake_0537.wav,0,5.076,6.014177322387695,-7.791808605194092,rms_matched,False,0.0182449071497933,hindi,5.56479024887085,e1687c2dade4c9e56bf74181a1c6eabd5d85fb05e2ded2d7f443e3cdf646f19b835db4fd303c73f3b7e94b0d03f6d27c4429abdaf1a56ee81e35ee7bc67bc67c,0.0182449071497933,0.1970964681411108,0.4311916503339765,0.366759274516073,0.028083779602636,0.206151008605957,5.076,e1687c2dade4c9e56bf74181a1c6eabd5d85fb05e2ded2d7f443e3cdf646f19b835db4fd303c73f3b7e94b0d03f6d27c4429abdaf1a56ee81e35ee7bc67bc67c,,,,,,,,
538,80d92595b38c164010ef7313465d16463f2c96fa6fc022b2e01e189d36b259ca8c60d34dedd33eb9e2efc010529edd502641106737ba607a53218e01e86be40a,hindi_griffinlim_eval_final/fake_hindi_griffinlim/hindi_fake_0538.wav,0,5.076,-3.554862260818481,4.41812801361084,rms_matched,False,0.08823521177165,hindi,-4.004249334335327,80d92595b38c164010ef7313465d16463f2c96fa6fc022b2e01e189d36b259ca8c60d34dedd33eb9e2efc010529edd502641106737ba607a53218e01e86be40a,0.08823521177165,0.5850709862151542,0.2481417165158262,0.1647329009750525,0.1108663539333458,0.7899875044822693,5.076,80d92595b38c164010ef7313465d16463f2c96fa6fc022b2e01e189d36b259ca8c60d34dedd33eb9e2efc010529edd502641106737ba607a53218e01e86be40a,,,,,,,,
539,c1edd0ef566e809ba01bf1a3011df6cd0fbf6a1675ba8002e671dd7b16588ea30ff434c78aaae27b190d16c6d7bd32bdd4a6b1ca631c0b3f819e807b3cdef585,hindi_griffinlim_eval_final/fake_hindi_griffinlim/hindi_fake_0539.wav,0,2.808,6.704456806182861,-8.763917922973633,rms_matched,False,0.0279072044380223,hindi,6.255069732666016,c1edd0ef566e809ba01bf1a3011df6cd0fbf6a1675ba8002e671dd7b16588ea30ff434c78aaae27b190d16c6d7bd32bdd4a6b1ca631c0b3f819e807b3cdef585,0.0279072044380223,0.1859476985157385,0.4153030998755552,0.3934342849890857,0.0165225660586569,0.0850382447242736,2.808,c1edd0ef566e809ba01bf1a3011df6cd0fbf6a1675ba8002e671dd7b16588ea30ff434c78aaae27b190d16c6d7bd32bdd4a6b1ca631c0b3f819e807b3cdef585,,,,,,,,
540,311217067d55b7cce037852182d16a8e446e955f838c22ea621a12cf2d0fcb73cef39d58af1b90b48bc6a39e94534cd5781370c0e4affc028225fa2b2f7029f0,hindi_griffinlim_eval_final/fake_hindi_griffinlim/hindi_fake_0540.wav,0,2.88,0.3569609522819519,-0.3948945701122284,rms_matched,False,0.0567146473140565,hindi,-0.0924261212348938,311217067d55b7cce037852182d16a8e446e955f838c22ea621a12cf2d0fcb73cef39d58af1b90b48bc6a39e94534cd5781370c0e4affc028225fa2b2f7029f0,0.0567146473140565,0.4301024398559991,0.2894435828116445,0.2768379886039697,0.0682921263381156,0.4140679836273193,2.88,311217067d55b7cce037852182d16a8e446e955f838c22ea621a12cf2d0fcb73cef39d58af1b90b48bc6a39e94534cd5781370c0e4affc028225fa2b2f7029f0,,,,,,,,
541,5e46ac50eb1d862c9c16cabb7768b1b412ed7ec5a51e13e22953cbb21d43c30f5addea8f5b6797634a95c8140661feb46f36a8e68d9968dc8452c0ac88af7e59,hindi_griffinlim_eval_final/fake_hindi_griffinlim/hindi_fake_0541.wav,0,2.664,-2.618652582168579,3.4741287231445312,rms_matched,False,0.1615722717230746,hindi,-3.068039655685425,5e46ac50eb1d862c9c16cabb7768b1b412ed7ec5a51e13e22953cbb21d43c30f5addea8f5b6797634a95c8140661feb46f36a8e68d9968dc8452c0ac88af7e59,0.1615722717230746,0.4826730378674866,0.2902463488773208,0.2239919026117658,0.0810957932695961,0.6297284364700317,2.664,5e46ac50eb1d862c9c16cabb7768b1b412ed7ec5a51e13e22953cbb21d43c30f5addea8f5b6797634a95c8140661feb46f36a8e68d9968dc8452c0ac88af7e59,0.5395222819131525,0.26997470586797,0.1905030122188774,0.7561765062633301,14.24036524755292,0.1787613318607027,0.4532390811463108,0.6232667817814089
542,0e97e303991e6646c845049579a4bea7a25ea775f6b8b44a09e0efd0ae9661ec984c393c92d2522e3158c8b0ca206ad60fd9e136713e18c21dffd72811a88b88,hindi_griffinlim_eval_final/fake_hindi_griffinlim/hindi_fake_0542.wav,0,7.308,-1.70506489276886,2.41636323928833,rms_matched,False,0.1383401636397628,hindi,-2.1544519662857056,0e97e303991e6646c845049579a4bea7a25ea775f6b8b44a09e0efd0ae9661ec984c393c92d2522e3158c8b0ca206ad60fd9e136713e18c21dffd72811a88b88,0.1383401636397628,0.4393057976632246,0.3156718266608333,0.2417555787449154,0.0744381679294359,0.749130129814148,7.308,0e97e303991e6646c845049579a4bea7a25ea775f6b8b44a09e0efd0ae9661ec984c393c92d2522e3158c8b0ca206ad60fd9e136713e18c21dffd72811a88b88,,,,,,,,
543,e811478820937736d1074ae0c51bf72791cd1029b63b639e8dd3ab8f6d8ce46e9eed447dd3edfeca171695425e9496970dbbe5f3cb9b07cba7fed66459eff2c3,hindi_griffinlim_eval_final/fake_hindi_griffinlim/hindi_fake_0543.wav,0,4.608,-0.1976819485425949,0.2952441275119781,rms_matched,False,0.058815406165613,hindi,-0.6470690220594406,e811478820937736d1074ae0c51bf72791cd1029b63b639e8dd3ab8f6d8ce46e9eed447dd3edfeca171695425e9496970dbbe5f3cb9b07cba7fed66459eff2c3,0.058815406165613,0.6226085886016671,0.1955733685175109,0.1794107027932676,0.1144242338248551,0.7105460166931152,4.608,e811478820937736d1074ae0c51bf72791cd1029b63b639e8dd3ab8f6d8ce46e9eed447dd3edfeca171695425e9496970dbbe5f3cb9b07cba7fed66459eff2c3,,,,,,,,
544,f46c93c748a0c35594f074957a1b3ee72c090d5d18df96adad96f0ce2b54206b31c17b71d8553a83b3e053869270a1823fdc46be2f35cb0fd9f65d05cf8c568e,hindi_griffinlim_eval_final/fake_hindi_griffinlim/hindi_fake_0544.wav,0,7.416,-0.237444207072258,0.6886782646179199,rms_matched,False,0.0139329985148557,hindi,-0.6868312805891037,f46c93c748a0c35594f074957a1b3ee72c090d5d18df96adad96f0ce2b54206b31c17b71d8553a83b3e053869270a1823fdc46be2f35cb0fd9f65d05cf8c568e,0.0139329985148557,0.2029450739105564,0.5149431922417406,0.2783629794818675,0.0474655522159784,0.407997727394104,7.416,f46c93c748a0c35594f074957a1b3ee72c090d5d18df96adad96f0ce2b54206b31c17b71d8553a83b3e053869270a1823fdc46be2f35cb0fd9f65d05cf8c568e,,,,,,,,
545,0a7f98f856cff63c03fcd05e03e181c17ce5d6545037394992a6f0afe1ed3716ef537d63a1e24a45ffc22233c24ee08fdec3372afad0b4389efc86ce4e7dee2c,hindi_griffinlim_eval_final/fake_hindi_griffinlim/hindi_fake_0545.wav,0,6.876,-2.929874420166016,3.554872989654541,rms_matched,False,0.0933636600551136,hindi,-3.3792614936828618,0a7f98f856cff63c03fcd05e03e181c17ce5d6545037394992a6f0afe1ed3716ef537d63a1e24a45ffc22233c24ee08fdec3372afad0b4389efc86ce4e7dee2c,0.0933636600551136,0.95994259105527,0.0379883170035921,0.0020201008051946,0.1752665595622501,0.989990234375,6.864,0a7f98f856cff63c03fcd05e03e181c17ce5d6545037394992a6f0afe1ed3716ef537d63a1e24a45ffc22233c24ee08fdec3372afad0b4389efc86ce4e7dee2c,,,,,,,,
546,d39d516dfccbf4297a953030579625b84d76314cdd257472c46f3116b9f0238183eaa531151e2a8bd4968015c10fb293e815f5a2c36475f899e88f5ed90676ea,hindi_griffinlim_eval_final/fake_hindi_griffinlim/hindi_fake_0546.wav,0,6.876,-0.141437754034996,0.1324014216661453,rms_matched,False,0.0541739849520235,hindi,-0.5908248275518417,d39d516dfccbf4297a953030579625b84d76314cdd257472c46f3116b9f0238183eaa531151e2a8bd4968015c10fb293e815f5a2c36475f899e88f5ed90676ea,0.0541739849520235,0.6396113949478327,0.1978340547495967,0.1605800910069459,0.1202594630955112,0.8063722848892212,6.876,d39d516dfccbf4297a953030579625b84d76314cdd257472c46f3116b9f0238183eaa531151e2a8bd4968015c10fb293e815f5a2c36475f899e88f5ed90676ea,,,,,,,,
547,60b2daa4cda30b5320834f3c2d21ea1841b52ccd7bf7ed4689f3ff27ca59c3323707c95e9a17bea4082356c576bbc3f17a00106134240f3632529b329fc1e62a,hindi_griffinlim_eval_final/fake_hindi_griffinlim/hindi_fake_0547.wav,0,6.408,-2.2477712631225586,3.0082969665527344,rms_matched,False,0.0661946686416837,hindi,-2.6971583366394043,60b2daa4cda30b5320834f3c2d21ea1841b52ccd7bf7ed4689f3ff27ca59c3323707c95e9a17bea4082356c576bbc3f17a00106134240f3632529b329fc1e62a,0.0661946686416837,0.7492783508663003,0.1280849224298079,0.1210045438183009,0.1448814926269563,0.9506732225418092,6.408,60b2daa4cda30b5320834f3c2d21ea1841b52ccd7bf7ed4689f3ff27ca59c3323707c95e9a17bea4082356c576bbc3f17a00106134240f3632529b329fc1e62a,,,,,,,,
548,4d52efb85f43252b4fa0af3ad7d8890f17e05c834b40f81b03d9f240ca3117bd7db0c1aa0bbdfc8844a852050c37a5d8911082669f388a4572d8971f41ed26e3,hindi_griffinlim_eval_final/fake_hindi_griffinlim/hindi_fake_0548.wav,0,5.796,-2.572803020477295,3.2943546772003174,rms_matched,False,0.1797056469747184,hindi,-3.0221900939941406,4d52efb85f43252b4fa0af3ad7d8890f17e05c834b40f81b03d9f240ca3117bd7db0c1aa0bbdfc8844a852050c37a5d8911082669f388a4572d8971f41ed26e3,0.1797056469747184,0.6644024593526869,0.1845475287763447,0.1492310060687863,0.116781912302974,0.8831318020820618,5.796,4d52efb85f43252b4fa0af3ad7d8890f17e05c834b40f81b03d9f240ca3117bd7db0c1aa0bbdfc8844a852050c37a5d8911082669f388a4572d8971f41ed26e3,,,,,,,,
549,32bf5ca000a1d646bb2e636e32c4bd507750c204271ab585b1e9fab7d08103c7e07825bdb376119fdef205be82f6e81766655dd5590cc21ec598b79a5c18e45f,hindi_griffinlim_eval_final/fake_hindi_griffinlim/hindi_fake_0549.wav,0,4.716,4.4275970458984375,-5.443902969360352,rms_matched,False,0.027665671402283,hindi,3.978209972381592,32bf5ca000a1d646bb2e636e32c4bd507750c204271ab585b1e9fab7d08103c7e07825bdb376119fdef205be82f6e81766655dd5590cc21ec598b79a5c18e45f,0.027665671402283,0.3106252941030448,0.3516322956807146,0.3332931532176979,0.0431258011063427,0.2557514905929565,4.716,32bf5ca000a1d646bb2e636e32c4bd507750c204271ab585b1e9fab7d08103c7e07825bdb376119fdef205be82f6e81766655dd5590cc21ec598b79a5c18e45f,,,,,,,,
550,66a88b75ea15aaa9fb4c1df2cbe47bb9c4ab8413fc8ce00c0e57e575c654fb438f8e904a08fd98bcd999bce1172284461b746308609836e75916aa7cf8c2a2d4,hindi_griffinlim_eval_final/fake_hindi_griffinlim/hindi_fake_0550.wav,0,5.076,6.454846382141113,-8.299736022949219,rms_matched,False,0.0153425785362107,hindi,6.005459308624268,66a88b75ea15aaa9fb4c1df2cbe47bb9c4ab8413fc8ce00c0e57e575c654fb438f8e904a08fd98bcd999bce1172284461b746308609836e75916aa7cf8c2a2d4,0.0153425785362107,0.2168690905998959,0.398408373466605,0.3796045195324756,0.0256664274789709,0.1270963549613952,5.076,66a88b75ea15aaa9fb4c1df2cbe47bb9c4ab8413fc8ce00c0e57e575c654fb438f8e904a08fd98bcd999bce1172284461b746308609836e75916aa7cf8c2a2d4,,,,,,,,
551,5910123d516315dfc2a43523d5cbc63444096a4cd38bb8b772155e3c51fb2f1eb673beaa1603de242ad8aa5dafe9d0ebd85a1c02bc6a7ee45e636585932306ae,hindi_griffinlim_eval_final/fake_hindi_griffinlim/hindi_fake_0551.wav,0,2.88,7.0245680809021,-9.11806583404541,rms_matched,False,0.0252718436699634,hindi,6.575181007385254,5910123d516315dfc2a43523d5cbc63444096a4cd38bb8b772155e3c51fb2f1eb673beaa1603de242ad8aa5dafe9d0ebd85a1c02bc6a7ee45e636585932306ae,0.0252718436699634,0.1919977826115224,0.4096298706409324,0.39334829082008,0.0174239752296987,0.0744864344596862,2.88,5910123d516315dfc2a43523d5cbc63444096a4cd38bb8b772155e3c51fb2f1eb673beaa1603de242ad8aa5dafe9d0ebd85a1c02bc6a7ee45e636585932306ae,,,,,,,,
552,9492b0374bde3e9f6b0f2910f764eb837b8a3c261e9705422378ca4e59d7e977df84518e2169c11a238bf11cbd8477391bc51fdcf9134ad8216402b0cd5c37c6,hindi_griffinlim_eval_final/fake_hindi_griffinlim/hindi_fake_0552.wav,0,4.32,-0.2052316516637802,-0.1078184843063354,rms_matched,False,0.0857084017277981,hindi,-0.6546187251806259,9492b0374bde3e9f6b0f2910f764eb837b8a3c261e9705422378ca4e59d7e977df84518e2169c11a238bf11cbd8477391bc51fdcf9134ad8216402b0cd5c37c6,0.0857084017277981,0.4051222254602581,0.3566639273947652,0.2354181124674602,0.0803299339204596,0.6947730779647827,4.32,9492b0374bde3e9f6b0f2910f764eb837b8a3c261e9705422378ca4e59d7e977df84518e2169c11a238bf11cbd8477391bc51fdcf9134ad8216402b0cd5c37c6,,,,,,,,
553,8525f36954391ad7696abcf66c1383e5409d52980ebd2d7b1063cc48ed81ebd9f8cf3a8c257f079e986893cfa2455e4c832d04863c8fed7db4f4d5951ec34d1b,hindi_griffinlim_eval_final/fake_hindi_griffinlim/hindi_fake_0553.wav,0,5.688,2.335991382598877,-2.8619441986083984,rms_matched,False,0.0721685882898418,hindi,1.8866043090820312,8525f36954391ad7696abcf66c1383e5409d52980ebd2d7b1063cc48ed81ebd9f8cf3a8c257f079e986893cfa2455e4c832d04863c8fed7db4f4d5951ec34d1b,0.0721685882898418,0.3689955726796037,0.3253696415364299,0.3017956572108751,0.0531679783037592,0.4606199860572815,5.688,8525f36954391ad7696abcf66c1383e5409d52980ebd2d7b1063cc48ed81ebd9f8cf3a8c257f079e986893cfa2455e4c832d04863c8fed7db4f4d5951ec34d1b,,,,,,,,
554,0a073b2441b86a13d80728f1a14413d473c4091d1053a3a53982f2c2698abb2a31f35efaefaad9b678d4cf8b27aecc058d4f664d005474a90b8af287ff58c303,hindi_griffinlim_eval_final/fake_hindi_griffinlim/hindi_fake_0554.wav,0,4.464,-0.3039731681346893,0.6348539590835571,rms_matched,False,0.1726068565038293,hindi,-0.753360241651535,0a073b2441b86a13d80728f1a14413d473c4091d1053a3a53982f2c2698abb2a31f35efaefaad9b678d4cf8b27aecc058d4f664d005474a90b8af287ff58c303,0.1726068565038293,0.5135236497489494,0.2486788375120445,0.2347216055493379,0.0815192131517272,0.6700615286827087,4.464,0a073b2441b86a13d80728f1a14413d473c4091d1053a3a53982f2c2698abb2a31f35efaefaad9b678d4cf8b27aecc058d4f664d005474a90b8af287ff58c303,,,,,,,,
555,0303022c144407f09d8f97be16ba6f2c41ac249e162b24f7d213f0c8a10c4235a4dbd0f53c4d6bcd674ea939898fa29d241a0c183c8f8b5963f55ea5a5327379,hindi_griffinlim_eval_final/fake_hindi_griffinlim/hindi_fake_0555.wav,0,4.968,1.4627723693847656,-1.9269750118255613,rms_matched,False,0.0356393931515914,hindi,1.01338529586792,0303022c144407f09d8f97be16ba6f2c41ac249e162b24f7d213f0c8a10c4235a4dbd0f53c4d6bcd674ea939898fa29d241a0c183c8f8b5963f55ea5a5327379,0.0356393931515914,0.3715540405033978,0.3134859011641332,0.3110468705592279,0.0548898776733238,0.3489928245544433,4.968,0303022c144407f09d8f97be16ba6f2c41ac249e162b24f7d213f0c8a10c4235a4dbd0f53c4d6bcd674ea939898fa29d241a0c183c8f8b5963f55ea5a5327379,,,,,,,,
556,f80e8e7256ea5492f4348976b84ada48d5eb23b88fcdf8d91416a71dd893fe5b04b8d3499d1f7b32520a99532ccf8246cf21e077ae08b65d5d16f4edd11601dc,hindi_griffinlim_eval_final/fake_hindi_griffinlim/hindi_fake_0556.wav,0,4.968,6.809511184692383,-8.760900497436523,rms_matched,False,0.026309140935103,hindi,6.360124111175537,f80e8e7256ea5492f4348976b84ada48d5eb23b88fcdf8d91416a71dd893fe5b04b8d3499d1f7b32520a99532ccf8246cf21e077ae08b65d5d16f4edd11601dc,0.026309140935103,0.1709198972438944,0.4167816295476479,0.4069146814081986,0.0046151486436018,0.02017742395401,4.968,f80e8e7256ea5492f4348976b84ada48d5eb23b88fcdf8d91416a71dd893fe5b04b8d3499d1f7b32520a99532ccf8246cf21e077ae08b65d5d16f4edd11601dc,,,,,,,,
557,2312b0d85bd1eb1a017264abf770df086e10cec218cf1ab48b90f9d7f621d8ae8372b07338224060fcac6cfb337fcfcb6966c160942f9fcec4c67e7f5df44520,hindi_griffinlim_eval_final/fake_hindi_griffinlim/hindi_fake_0557.wav,0,6.156,-5.075601577758789,5.8488593101501465,peak_normalized,True,0.05265078118925,hindi,-5.524988651275635,2312b0d85bd1eb1a017264abf770df086e10cec218cf1ab48b90f9d7f621d8ae8372b07338224060fcac6cfb337fcfcb6966c160942f9fcec4c67e7f5df44520,0.05265078118925,0.93716348578665,0.0540608856746495,0.0087598237475935,0.1809151795058321,0.989990234375,6.144,2312b0d85bd1eb1a017264abf770df086e10cec218cf1ab48b90f9d7f621d8ae8372b07338224060fcac6cfb337fcfcb6966c160942f9fcec4c67e7f5df44520,,,,,,,,
558,a77463c4923319faa0aa9e316c75a0c0b8b57506ca68d5ae159872b937710f58e5559c8f319e0d9b23c3c80f7bff29a739634859ac38c3cb38e1f278cc7d4b97,hindi_griffinlim_eval_final/fake_hindi_griffinlim/hindi_fake_0558.wav,0,6.012,6.035544395446777,-7.853371143341064,rms_matched,False,0.012713913903205,hindi,5.586157321929932,a77463c4923319faa0aa9e316c75a0c0b8b57506ca68d5ae159872b937710f58e5559c8f319e0d9b23c3c80f7bff29a739634859ac38c3cb38e1f278cc7d4b97,0.012713913903205,0.2451597866956894,0.3812694555997832,0.3687562467247516,0.0295209110495953,0.1256871819496154,6.012,a77463c4923319faa0aa9e316c75a0c0b8b57506ca68d5ae159872b937710f58e5559c8f319e0d9b23c3c80f7bff29a739634859ac38c3cb38e1f278cc7d4b97,,,,,,,,
559,c88824395561074e0eb0ebc1280d4866dbc29f01c026899e205a1db558ba1be8d683a10dc5e1f8117571ea0794f699ebe359e833d714ad66942a429a2112a5a6,hindi_griffinlim_eval_final/fake_hindi_griffinlim/hindi_fake_0559.wav,0,5.616,6.727602481842041,-8.651927947998047,rms_matched,False,0.0138332883326293,hindi,6.278215408325195,c88824395561074e0eb0ebc1280d4866dbc29f01c026899e205a1db558ba1be8d683a10dc5e1f8117571ea0794f699ebe359e833d714ad66942a429a2112a5a6,0.0138332883326293,0.2132015569400492,0.397571480892689,0.3839280968067826,0.0230482994144916,0.10236656665802,5.616,c88824395561074e0eb0ebc1280d4866dbc29f01c026899e205a1db558ba1be8d683a10dc5e1f8117571ea0794f699ebe359e833d714ad66942a429a2112a5a6,,,,,,,,
560,d002200225d5b38de9dd8b95e9fb77c24724f8a56ee0b31f6ee2260b5636a1e23c0fadcae1156f88b703128798bd749901930f35e839ea2a2bb2bcb8afe5cc74,hindi_griffinlim_eval_final/fake_hindi_griffinlim/hindi_fake_0560.wav,0,6.12,-4.867355823516846,5.554757595062256,rms_matched,False,0.2147956237465997,hindi,-5.316742897033691,d002200225d5b38de9dd8b95e9fb77c24724f8a56ee0b31f6ee2260b5636a1e23c0fadcae1156f88b703128798bd749901930f35e839ea2a2bb2bcb8afe5cc74,0.2147956237465997,0.5857268314620879,0.2400667918367138,0.1721772446975239,0.1105266374676419,0.9899999499320984,6.12,d002200225d5b38de9dd8b95e9fb77c24724f8a56ee0b31f6ee2260b5636a1e23c0fadcae1156f88b703128798bd749901930f35e839ea2a2bb2bcb8afe5cc74,,,,,,,,
561,f46c93c748a0c35594f074957a1b3ee72c090d5d18df96adad96f0ce2b54206b31c17b71d8553a83b3e053869270a1823fdc46be2f35cb0fd9f65d05cf8c568e,hindi_griffinlim_eval_final/fake_hindi_griffinlim/hindi_fake_0561.wav,0,3.528,-0.4138084948062897,0.9925133585929872,rms_matched,False,0.1071318661316613,hindi,-0.8631955683231354,f46c93c748a0c35594f074957a1b3ee72c090d5d18df96adad96f0ce2b54206b31c17b71d8553a83b3e053869270a1823fdc46be2f35cb0fd9f65d05cf8c568e,0.1071318661316613,0.3797566794663967,0.4594671898187066,0.1587313114231592,0.0959639865275224,0.88426673412323,3.528,f46c93c748a0c35594f074957a1b3ee72c090d5d18df96adad96f0ce2b54206b31c17b71d8553a83b3e053869270a1823fdc46be2f35cb0fd9f65d05cf8c568e,,,,,,,,
562,d002200225d5b38de9dd8b95e9fb77c24724f8a56ee0b31f6ee2260b5636a1e23c0fadcae1156f88b703128798bd749901930f35e839ea2a2bb2bcb8afe5cc74,hindi_griffinlim_eval_final/fake_hindi_griffinlim/hindi_fake_0562.wav,0,6.516,-5.596953392028809,6.433011054992676,rms_matched,False,0.1887498117276946,hindi,-6.046340465545654,d002200225d5b38de9dd8b95e9fb77c24724f8a56ee0b31f6ee2260b5636a1e23c0fadcae1156f88b703128798bd749901930f35e839ea2a2bb2bcb8afe5cc74,0.1887498117276946,0.6530639505336628,0.1977881228375862,0.1472059769614289,0.1175916835518838,0.943195343017578,6.516,d002200225d5b38de9dd8b95e9fb77c24724f8a56ee0b31f6ee2260b5636a1e23c0fadcae1156f88b703128798bd749901930f35e839ea2a2bb2bcb8afe5cc74,,,,,,,,
563,1963c5f396b43a02ea6a7cf2cacaafb042bfe53209c711d2325e2e4cfd7185370746e463b5ceb83f9ac807e048b8891b494db95e3bd7eccfbef896877eea9bbc,hindi_griffinlim_eval_final/fake_hindi_griffinlim/hindi_fake_0563.wav,0,2.916,3.2563464641571045,-3.9850282669067374,rms_matched,False,0.0415931560725686,hindi,2.806959390640259,1963c5f396b43a02ea6a7cf2cacaafb042bfe53209c711d2325e2e4cfd7185370746e463b5ceb83f9ac807e048b8891b494db95e3bd7eccfbef896877eea9bbc,0.0415931560725686,0.4548491579878244,0.3431671636375574,0.1993963755852111,0.0913630136286657,0.5639379620552063,2.916,1963c5f396b43a02ea6a7cf2cacaafb042bfe53209c711d2325e2e4cfd7185370746e463b5ceb83f9ac807e048b8891b494db95e3bd7eccfbef896877eea9bbc,,,,,,,,
564,806c8f1750366fd789fd41da89a86157e07cc51bb8aae5e3e963abd25d659afa282b2d5d1ae80d08eb78bcbf88984ac5b1c10bb62f2582cdaa48774594e5b746,hindi_griffinlim_eval_final/fake_hindi_griffinlim/hindi_fake_0564.wav,0,6.408,-0.4211840331554413,0.8636125326156616,rms_matched,False,0.0410823291217384,hindi,-0.870571106672287,806c8f1750366fd789fd41da89a86157e07cc51bb8aae5e3e963abd25d659afa282b2d5d1ae80d08eb78bcbf88984ac5b1c10bb62f2582cdaa48774594e5b746,0.0410823291217384,0.5592287998881393,0.2326428112327628,0.205511192105164,0.0976308197699886,0.6056402921676636,6.408,806c8f1750366fd789fd41da89a86157e07cc51bb8aae5e3e963abd25d659afa282b2d5d1ae80d08eb78bcbf88984ac5b1c10bb62f2582cdaa48774594e5b746,,,,,,,,
565,cea40007071ea914e41633e74d05142fd1f5f8f49c154534816017cf89ce625657c804fe479fe87c08854ecd847697d6ca0fb6bcf424006c307f65430c34785e,hindi_griffinlim_eval_final/fake_hindi_griffinlim/hindi_fake_0565.wav,0,5.364,0.5095999240875244,-0.6064491868019104,rms_matched,False,0.0322931191731028,hindi,0.06021285057067871,cea40007071ea914e41633e74d05142fd1f5f8f49c154534816017cf89ce625657c804fe479fe87c08854ecd847697d6ca0fb6bcf424006c307f65430c34785e,0.0322931191731028,0.3264374294071693,0.4026017547566293,0.2674131535822725,0.0629449996219188,0.4833000302314758,5.364,cea40007071ea914e41633e74d05142fd1f5f8f49c154534816017cf89ce625657c804fe479fe87c08854ecd847697d6ca0fb6bcf424006c307f65430c34785e,,,,,,,,
566,7326fd44da6109c89ec276b95f98ffd39047d49d7e1536130289a11dbfa602021daf12361b10c901a36586a3b2506e03697a0e6c20142cb527e312e04ac11aff,hindi_griffinlim_eval_final/fake_hindi_griffinlim/hindi_fake_0566.wav,0,4.68,4.099273681640625,-5.018594741821289,rms_matched,False,0.0172355864893533,hindi,3.6498866081237793,7326fd44da6109c89ec276b95f98ffd39047d49d7e1536130289a11dbfa602021daf12361b10c901a36586a3b2506e03697a0e6c20142cb527e312e04ac11aff,0.0172355864893533,0.21987134896814,0.4194243735235129,0.3561912321293483,0.03516410960467,0.2352263331413269,4.68,7326fd44da6109c89ec276b95f98ffd39047d49d7e1536130289a11dbfa602021daf12361b10c901a36586a3b2506e03697a0e6c20142cb527e312e04ac11aff,,,,,,,,
567,55facf37cfec7564d08860906bdb688d9e2c45d7ac50a054dcc66778b3b1a10a9489051097f6fe9232742597187752dc71f4f0432aa771771721c259ff4324c7,hindi_griffinlim_eval_final/fake_hindi_griffinlim/hindi_fake_0567.wav,0,5.4,-5.399871349334717,6.165093421936035,rms_matched,False,0.0189998131968079,hindi,-5.8492584228515625,55facf37cfec7564d08860906bdb688d9e2c45d7ac50a054dcc66778b3b1a10a9489051097f6fe9232742597187752dc71f4f0432aa771771721c259ff4324c7,0.0189998131968079,0.4372374095257651,0.3148053721615612,0.2458275791943923,0.0961430772020642,0.6613445281982422,5.4,55facf37cfec7564d08860906bdb688d9e2c45d7ac50a054dcc66778b3b1a10a9489051097f6fe9232742597187752dc71f4f0432aa771771721c259ff4324c7,,,,,,,,
568,b9e669f9010e60c988c15c6c357649706d91c33219725e9a2b12fe7903fa536fc8b34a51ea158f2ba92027617b4944a2514cfa7beb4249f26b23754403940006,hindi_griffinlim_eval_final/fake_hindi_griffinlim/hindi_fake_0568.wav,0,5.688,-4.369025230407715,5.131231307983398,rms_matched,False,0.0703233223021233,hindi,-4.8184123039245605,b9e669f9010e60c988c15c6c357649706d91c33219725e9a2b12fe7903fa536fc8b34a51ea158f2ba92027617b4944a2514cfa7beb4249f26b23754403940006,0.0703233223021233,0.9728272755792589,0.0263250403352305,0.0008007079410685,0.1731175631919066,0.85113525390625,5.68,b9e669f9010e60c988c15c6c357649706d91c33219725e9a2b12fe7903fa536fc8b34a51ea158f2ba92027617b4944a2514cfa7beb4249f26b23754403940006,,,,,,,,
569,34e28668a9c620bcc5172c529794512391e8e08541348c8a084034b7d2648cd193246c3828994fdfb3422d558dfd427518de5b346849457179d617c215efd45e,hindi_griffinlim_eval_final/fake_hindi_griffinlim/hindi_fake_0569.wav,0,3.168,5.862135887145996,-7.500065326690674,rms_matched,False,0.0219707734107263,hindi,5.41274881362915,34e28668a9c620bcc5172c529794512391e8e08541348c8a084034b7d2648cd193246c3828994fdfb3422d558dfd427518de5b346849457179d617c215efd45e,0.0219707734107263,0.2727282904027983,0.3489163234492717,0.3738060165677576,0.0383312232303901,0.2029027342796325,3.168,34e28668a9c620bcc5172c529794512391e8e08541348c8a084034b7d2648cd193246c3828994fdfb3422d558dfd427518de5b346849457179d617c215efd45e,,,,,,,,
570,0663aeb40f5d5ea46610cac3ca0183f2193b429770c84b516efe7d199b8b110944005539d986613fdc9d6532694f43c3a8e4dfc9de8ae7bfbc8b57b412ef71dd,hindi_griffinlim_eval_final/fake_hindi_griffinlim/hindi_fake_0570.wav,0,7.056,-2.8045544624328613,3.633609294891357,rms_matched,False,0.1553577189464894,hindi,-3.253941535949707,0663aeb40f5d5ea46610cac3ca0183f2193b429770c84b516efe7d199b8b110944005539d986613fdc9d6532694f43c3a8e4dfc9de8ae7bfbc8b57b412ef71dd,0.1553577189464894,0.5706500219731008,0.2690679397019781,0.1581908193814157,0.1088031410791635,0.9438701272010804,7.056,0663aeb40f5d5ea46610cac3ca0183f2193b429770c84b516efe7d199b8b110944005539d986613fdc9d6532694f43c3a8e4dfc9de8ae7bfbc8b57b412ef71dd,,,,,,,,
571,8c19c5b99c8b1ac2264eb9486484732c9d5ec2f0bcc679213d2b2d740efeec83673995013ff2ad72008fa9176ea0eedf32ea29d6b09e71426ac03b6026cff906,hindi_griffinlim_eval_final/fake_hindi_griffinlim/hindi_fake_0571.wav,0,4.968,-1.495578408241272,2.260815143585205,rms_matched,False,0.095687962192148,hindi,-1.9449654817581177,8c19c5b99c8b1ac2264eb9486484732c9d5ec2f0bcc679213d2b2d740efeec83673995013ff2ad72008fa9176ea0eedf32ea29d6b09e71426ac03b6026cff906,0.095687962192148,0.4547929465709219,0.2863815638086298,0.2556827806003648,0.0748792798501005,0.6024870276451111,4.968,8c19c5b99c8b1ac2264eb9486484732c9d5ec2f0bcc679213d2b2d740efeec83673995013ff2ad72008fa9176ea0eedf32ea29d6b09e71426ac03b6026cff906,,,,,,,,
572,621e009fa43e75aecd867db6acd010a1a280b1faeb916e3a5e1a0bf8346fd32406c7ac120765bc592bf0484fcc239c756ead9625c64f9c6b3e9210bdf698995c,hindi_griffinlim_eval_final/fake_hindi_griffinlim/hindi_fake_0572.wav,0,5.4,-0.6363442540168762,1.1374711990356443,rms_matched,False,0.0592117451610594,hindi,-1.085731327533722,621e009fa43e75aecd867db6acd010a1a280b1faeb916e3a5e1a0bf8346fd32406c7ac120765bc592bf0484fcc239c756ead9625c64f9c6b3e9210bdf698995c,0.0592117451610594,0.4121628302455609,0.3093245235556502,0.2751127389772824,0.0642725985791779,0.475741982460022,5.4,621e009fa43e75aecd867db6acd010a1a280b1faeb916e3a5e1a0bf8346fd32406c7ac120765bc592bf0484fcc239c756ead9625c64f9c6b3e9210bdf698995c,,,,,,,,
573,ec293248c910c28091014fec13d47bb69cc84f0b265ad0536d7e39390f3de510ab879fa3c23797defe85d8c846a4e148c971e28da6a90a647a9bc37eb03362bc,hindi_griffinlim_eval_final/fake_hindi_griffinlim/hindi_fake_0573.wav,0,4.176,-0.4843055009841919,1.1319221258163452,rms_matched,False,0.0376115491768334,hindi,-0.9336925745010376,ec293248c910c28091014fec13d47bb69cc84f0b265ad0536d7e39390f3de510ab879fa3c23797defe85d8c846a4e148c971e28da6a90a647a9bc37eb03362bc,0.0376115491768334,0.3087135358091297,0.3869090844999572,0.3005153186617831,0.052687107514417,0.3893429636955261,4.176,ec293248c910c28091014fec13d47bb69cc84f0b265ad0536d7e39390f3de510ab879fa3c23797defe85d8c846a4e148c971e28da6a90a647a9bc37eb03362bc,,,,,,,,
574,c88824395561074e0eb0ebc1280d4866dbc29f01c026899e205a1db558ba1be8d683a10dc5e1f8117571ea0794f699ebe359e833d714ad66942a429a2112a5a6,hindi_griffinlim_eval_final/fake_hindi_griffinlim/hindi_fake_0574.wav,0,4.284,6.744335174560547,-8.780427932739258,rms_matched,False,0.0176552875011032,hindi,6.294948101043701,c88824395561074e0eb0ebc1280d4866dbc29f01c026899e205a1db558ba1be8d683a10dc5e1f8117571ea0794f699ebe359e833d714ad66942a429a2112a5a6,0.0176552875011032,0.2138766084424076,0.3957802577714386,0.3851521188010877,0.022810730038017,0.0943952202796936,4.284,c88824395561074e0eb0ebc1280d4866dbc29f01c026899e205a1db558ba1be8d683a10dc5e1f8117571ea0794f699ebe359e833d714ad66942a429a2112a5a6,,,,,,,,
575,cb191bbd6bef46c81c9d5a49421a071897ee938b184fb94525d71950769ff71a8e4c5380bac3087cf73f11082371a95a9e76e594ba58d9520d5892e39d9d167e,hindi_griffinlim_eval_final/fake_hindi_griffinlim/hindi_fake_0575.wav,0,4.248,-3.2252588272094727,4.081753253936768,rms_matched,False,0.0135454895629472,hindi,-3.6746459007263184,cb191bbd6bef46c81c9d5a49421a071897ee938b184fb94525d71950769ff71a8e4c5380bac3087cf73f11082371a95a9e76e594ba58d9520d5892e39d9d167e,0.0135454895629472,0.292048282826976,0.4531313066481645,0.2522682816375149,0.0772005885029228,0.5428093671798706,4.248,cb191bbd6bef46c81c9d5a49421a071897ee938b184fb94525d71950769ff71a8e4c5380bac3087cf73f11082371a95a9e76e594ba58d9520d5892e39d9d167e,,,,,,,,
576,169afd68fa12674be328762c77fff1783f807dfc52a7f9b0ec599d77f5fb9bd8998ec8f9fea575f4bee8d86d2ea242a97ee6de9da1bf191f541113fd3c432206,hindi_griffinlim_eval_final/fake_hindi_griffinlim/hindi_fake_0576.wav,0,4.32,-4.496151924133301,5.435646057128906,rms_matched,False,0.2133987159889123,hindi,-4.9455389976501465,169afd68fa12674be328762c77fff1783f807dfc52a7f9b0ec599d77f5fb9bd8998ec8f9fea575f4bee8d86d2ea242a97ee6de9da1bf191f541113fd3c432206,0.2133987159889123,0.567353841136843,0.2852421851175151,0.1455246075961712,0.1128766712516225,0.9630907773971558,4.32,169afd68fa12674be328762c77fff1783f807dfc52a7f9b0ec599d77f5fb9bd8998ec8f9fea575f4bee8d86d2ea242a97ee6de9da1bf191f541113fd3c432206,,,,,,,,
577,0663aeb40f5d5ea46610cac3ca0183f2193b429770c84b516efe7d199b8b110944005539d986613fdc9d6532694f43c3a8e4dfc9de8ae7bfbc8b57b412ef71dd,hindi_griffinlim_eval_final/fake_hindi_griffinlim/hindi_fake_0577.wav,0,5.04,-0.7608520984649658,1.180496335029602,rms_matched,False,0.1240329889175022,hindi,-1.2102391719818115,0663aeb40f5d5ea46610cac3ca0183f2193b429770c84b516efe7d199b8b110944005539d986613fdc9d6532694f43c3a8e4dfc9de8ae7bfbc8b57b412ef71dd,0.1240329889175022,0.5512832686583344,0.2620670519302581,0.1841858688936983,0.0982718326578299,0.7479315400123596,5.04,0663aeb40f5d5ea46610cac3ca0183f2193b429770c84b516efe7d199b8b110944005539d986613fdc9d6532694f43c3a8e4dfc9de8ae7bfbc8b57b412ef71dd,,,,,,,,
578,b3a9d00791dae63b944756627fdb96c21c53f4d69beef3a56780607d83e56d0a6faf52d5d704c925bb323f8b2c9a168a87c2cd94fcc3d3abf6b034c9e7f5cd77,hindi_griffinlim_eval_final/fake_hindi_griffinlim/hindi_fake_0578.wav,0,3.144,-0.6509128212928772,1.252699375152588,rms_matched,False,0.1261224325075971,hindi,-1.100299894809723,b3a9d00791dae63b944756627fdb96c21c53f4d69beef3a56780607d83e56d0a6faf52d5d704c925bb323f8b2c9a168a87c2cd94fcc3d3abf6b034c9e7f5cd77,0.1261224325075971,0.4910931910810521,0.2748168200741829,0.2311593826462223,0.081757309328537,0.6035493612289429,3.144,b3a9d00791dae63b944756627fdb96c21c53f4d69beef3a56780607d83e56d0a6faf52d5d704c925bb323f8b2c9a168a87c2cd94fcc3d3abf6b034c9e7f5cd77,,,,,,,,
579,aabd80b27714da5c6b5d4592a6f29f161db3cb06672ab14afb56eaf550ac0be0c14536ba5df7358621f018a4bc767c8c8477eaa4746830cf31ec4cdbcc2193fc,hindi_griffinlim_eval_final/fake_hindi_griffinlim/hindi_fake_0579.wav,0,6.3,6.376105785369873,-8.3259859085083,rms_matched,False,0.0118897678663197,hindi,5.926718711853027,aabd80b27714da5c6b5d4592a6f29f161db3cb06672ab14afb56eaf550ac0be0c14536ba5df7358621f018a4bc767c8c8477eaa4746830cf31ec4cdbcc2193fc,0.0118897678663197,0.224208670491647,0.3901681540027009,0.3805965817604639,0.0250442751297694,0.1078413724899292,6.3,aabd80b27714da5c6b5d4592a6f29f161db3cb06672ab14afb56eaf550ac0be0c14536ba5df7358621f018a4bc767c8c8477eaa4746830cf31ec4cdbcc2193fc,,,,,,,,
580,f446689d92087b875d07eaa1d98e4b7e07ec4f8651762d73d8e0ecbae21be60e60a3b7356828d24a8c9071f872f21361ca196ae017820a2908412966f0a59df2,hindi_griffinlim_eval_final/fake_hindi_griffinlim/hindi_fake_0580.wav,0,5.508,6.456474304199219,-8.406269073486328,rms_matched,False,0.015659196987146,hindi,6.007087230682373,f446689d92087b875d07eaa1d98e4b7e07ec4f8651762d73d8e0ecbae21be60e60a3b7356828d24a8c9071f872f21361ca196ae017820a2908412966f0a59df2,0.015659196987146,0.1900660039257704,0.4116527782633837,0.393135539306379,0.0167926686577248,0.0784421563148498,5.508,f446689d92087b875d07eaa1d98e4b7e07ec4f8651762d73d8e0ecbae21be60e60a3b7356828d24a8c9071f872f21361ca196ae017820a2908412966f0a59df2,,,,,,,,
581,2b0295a46df33cca7111334e28048e4ca8856ac39e51ceba5d127c2defec2c84aa3dbbe0b2cd9a0057a3710d4ca5936186ac62306a21dbc4f493acb9486d1452,hindi_griffinlim_eval_final/fake_hindi_griffinlim/hindi_fake_0581.wav,0,5.796,-0.7271362543106079,1.1464908123016355,rms_matched,False,0.1322504976242875,hindi,-1.1765233278274536,2b0295a46df33cca7111334e28048e4ca8856ac39e51ceba5d127c2defec2c84aa3dbbe0b2cd9a0057a3710d4ca5936186ac62306a21dbc4f493acb9486d1452,0.1322504976242875,0.4528250949835168,0.3023675306219124,0.2418581482806291,0.0753020931824925,0.6820335388183594,5.796,2b0295a46df33cca7111334e28048e4ca8856ac39e51ceba5d127c2defec2c84aa3dbbe0b2cd9a0057a3710d4ca5936186ac62306a21dbc4f493acb9486d1452,,,,,,,,
582,93f71918fbe69cad830cb49211cb10c9344e04ceca427ea39db38c8b5f5f200a4706f0a12646585364ff3b44f3bb75784005797e3e3259fd9579fa985955b3ac,hindi_griffinlim_eval_final/fake_hindi_griffinlim/hindi_fake_0582.wav,0,4.572,-4.4318060874938965,5.326851844787598,rms_matched,False,0.0298382688835725,hindi,-4.881193161010742,93f71918fbe69cad830cb49211cb10c9344e04ceca427ea39db38c8b5f5f200a4706f0a12646585364ff3b44f3bb75784005797e3e3259fd9579fa985955b3ac,0.0298382688835725,0.4268516465476537,0.4275005946856523,0.1441104975021367,0.1230951340188036,0.9899999499320984,4.572,93f71918fbe69cad830cb49211cb10c9344e04ceca427ea39db38c8b5f5f200a4706f0a12646585364ff3b44f3bb75784005797e3e3259fd9579fa985955b3ac,,,,,,,,
583,ffb5eeb570d2ef310e46742868405151da6adb390253787708f24b730c59c01b34656465701e80b1157e9b0f9421b9a06a454f56e2a3a4bdfbf5c6c64addad11,hindi_griffinlim_eval_final/fake_hindi_griffinlim/hindi_fake_0583.wav,0,6.66,-1.8371371030807493,2.3648128509521484,rms_matched,False,0.0276523524532813,hindi,-2.286524176597595,ffb5eeb570d2ef310e46742868405151da6adb390253787708f24b730c59c01b34656465701e80b1157e9b0f9421b9a06a454f56e2a3a4bdfbf5c6c64addad11,0.0276523524532813,0.6585270189715731,0.1787952743352704,0.1610332115739604,0.1361681607134673,0.8795381188392639,6.66,ffb5eeb570d2ef310e46742868405151da6adb390253787708f24b730c59c01b34656465701e80b1157e9b0f9421b9a06a454f56e2a3a4bdfbf5c6c64addad11,,,,,,,,
584,6ebad08c5960e5ac3ec20197f173828d6da580b660c01794cdd4270089cdd590b3d512277ba38e372e860e7e9e9d9621fbeec2edd3ab07dcfe713a646c246543,hindi_griffinlim_eval_final/fake_hindi_griffinlim/hindi_fake_0584.wav,0,3.6,-0.95248281955719,1.513620376586914,rms_matched,False,0.1300848221726912,hindi,-1.4018698930740356,6ebad08c5960e5ac3ec20197f173828d6da580b660c01794cdd4270089cdd590b3d512277ba38e372e860e7e9e9d9621fbeec2edd3ab07dcfe713a646c246543,0.1300848221726912,0.6903161240258774,0.150359689310746,0.1574343570500496,0.1270129200729142,0.8592647910118103,3.6,6ebad08c5960e5ac3ec20197f173828d6da580b660c01794cdd4270089cdd590b3d512277ba38e372e860e7e9e9d9621fbeec2edd3ab07dcfe713a646c246543,,,,,,,,
585,184190f8f53136c0e77cb1939a81bd7b91a650163a3cce9cb2af1f732be6a0165a7ec72a286eddf11fc4a60b82602efed4ecdd9ad5d030501c7fd2930d062b64,hindi_griffinlim_eval_final/fake_hindi_griffinlim/hindi_fake_0585.wav,0,6.156,-3.00036358833313,3.817128896713257,rms_matched,False,0.0389720478077942,hindi,-3.4497506618499756,184190f8f53136c0e77cb1939a81bd7b91a650163a3cce9cb2af1f732be6a0165a7ec72a286eddf11fc4a60b82602efed4ecdd9ad5d030501c7fd2930d062b64,0.0389720478077942,0.3901474961054944,0.3251795763985001,0.2809975613184651,0.0583237072484293,0.3899978399276733,6.156,184190f8f53136c0e77cb1939a81bd7b91a650163a3cce9cb2af1f732be6a0165a7ec72a286eddf11fc4a60b82602efed4ecdd9ad5d030501c7fd2930d062b64,,,,,,,,
586,be10029504aaa30796d27938620d08189f19a31701c9f552f60c99eff87dddfbf804efc53af08d2670685aeaeeb295c9f3326c85b8127b0ad0d1232f03bc1781,hindi_griffinlim_eval_final/fake_hindi_griffinlim/hindi_fake_0586.wav,0,4.068,-3.4244091510772705,4.316049575805664,rms_matched,False,0.0493988861407823,hindi,-3.873796224594116,be10029504aaa30796d27938620d08189f19a31701c9f552f60c99eff87dddfbf804efc53af08d2670685aeaeeb295c9f3326c85b8127b0ad0d1232f03bc1781,0.0493988861407823,0.4315600578441074,0.3654741219678457,0.2002083650508007,0.0855217895221124,0.5871187448501587,4.068,be10029504aaa30796d27938620d08189f19a31701c9f552f60c99eff87dddfbf804efc53af08d2670685aeaeeb295c9f3326c85b8127b0ad0d1232f03bc1781,,,,,,,,
587,dbe55388d2e8bae8e64412f527e29fa3691a1c13adcaa6b80313b3e475d2df28d0428a6151d9cd42018d943718c830d69a80c5bf8a6a88200e4c6ba36ad6a748,hindi_griffinlim_eval_final/fake_hindi_griffinlim/hindi_fake_0587.wav,0,4.176,3.685029029846192,-4.33222770690918,rms_matched,False,0.0579865218910552,hindi,3.235641956329346,dbe55388d2e8bae8e64412f527e29fa3691a1c13adcaa6b80313b3e475d2df28d0428a6151d9cd42018d943718c830d69a80c5bf8a6a88200e4c6ba36ad6a748,0.0579865218910552,0.3798750246972362,0.3145611350000167,0.3014827797609428,0.0517432442659254,0.3365059494972229,4.176,dbe55388d2e8bae8e64412f527e29fa3691a1c13adcaa6b80313b3e475d2df28d0428a6151d9cd42018d943718c830d69a80c5bf8a6a88200e4c6ba36ad6a748,,,,,,,,
588,e0a36ee267ea8131975092e3f0b285cc85c2ecf0e47fa58a4f81eea8ef911bc2e939a2fe85859b96f77623060400a6ad1157350fd138ac8523288698254e8c4e,hindi_griffinlim_eval_final/fake_hindi_griffinlim/hindi_fake_0588.wav,0,4.608,-0.3024517297744751,0.6636817455291748,rms_matched,False,0.0490043248429297,hindi,-0.7518388032913208,e0a36ee267ea8131975092e3f0b285cc85c2ecf0e47fa58a4f81eea8ef911bc2e939a2fe85859b96f77623060400a6ad1157350fd138ac8523288698254e8c4e,0.0490043248429297,0.5159671141216098,0.2639953461975646,0.2171908924712467,0.08720274260119,0.5113996863365173,4.608,e0a36ee267ea8131975092e3f0b285cc85c2ecf0e47fa58a4f81eea8ef911bc2e939a2fe85859b96f77623060400a6ad1157350fd138ac8523288698254e8c4e,,,,,,,,
589,ff8d1bfdc7d8be2fd275f506691f3ba70d9d60666488ab551bcbb76c3fe93c7cfaa703f465f40b60131807d73913eb37830221336b6803114df015fb7caed36e,hindi_griffinlim_eval_final/fake_hindi_griffinlim/hindi_fake_0589.wav,0,3.456,6.848168849945068,-8.814203262329102,rms_matched,False,0.0206012511333987,hindi,6.398781776428223,ff8d1bfdc7d8be2fd275f506691f3ba70d9d60666488ab551bcbb76c3fe93c7cfaa703f465f40b60131807d73913eb37830221336b6803114df015fb7caed36e,0.0206012511333987,0.211772784090014,0.397055986732472,0.3856990050432918,0.0231042746080342,0.0994488000869751,3.456,ff8d1bfdc7d8be2fd275f506691f3ba70d9d60666488ab551bcbb76c3fe93c7cfaa703f465f40b60131807d73913eb37830221336b6803114df015fb7caed36e,,,,,,,,
590,0d095340640de1eed083de79682cd69d43729d60e08c0a6819dd49b8f15d143165cd66c8061dffa3ce372d4356c10e0bc5cc1a3a224cbe7e1cfeca4c5cfb413d,hindi_griffinlim_eval_final/fake_hindi_griffinlim/hindi_fake_0590.wav,0,4.608,4.94138765335083,-6.157224655151367,rms_matched,False,0.0279646653534964,hindi,4.492000579833984,0d095340640de1eed083de79682cd69d43729d60e08c0a6819dd49b8f15d143165cd66c8061dffa3ce372d4356c10e0bc5cc1a3a224cbe7e1cfeca4c5cfb413d,0.0279646653534964,0.3464644947398912,0.3353328218899456,0.3144499306199427,0.0522225372019686,0.3041055202484131,4.608,0d095340640de1eed083de79682cd69d43729d60e08c0a6819dd49b8f15d143165cd66c8061dffa3ce372d4356c10e0bc5cc1a3a224cbe7e1cfeca4c5cfb413d,,,,,,,,
591,d24af5ee15190d3fc14dfc4ee3c75c75fe66fb537d4c7cf94e0e7d489ba442240b112a68a9dcd921ed48aaf17649bacd187e913bf4f22c1471cdc0fd263e9aa7,hindi_griffinlim_eval_final/fake_hindi_griffinlim/hindi_fake_0591.wav,0,6.876,2.728501081466675,-3.448793649673462,rms_matched,False,0.1524159337401828,hindi,2.279114007949829,d24af5ee15190d3fc14dfc4ee3c75c75fe66fb537d4c7cf94e0e7d489ba442240b112a68a9dcd921ed48aaf17649bacd187e913bf4f22c1471cdc0fd263e9aa7,0.1524159337401828,0.8171943813579998,0.1782890473729743,0.0044448925506971,0.1517788208365768,0.98101806640625,6.864,d24af5ee15190d3fc14dfc4ee3c75c75fe66fb537d4c7cf94e0e7d489ba442240b112a68a9dcd921ed48aaf17649bacd187e913bf4f22c1471cdc0fd263e9aa7,,,,,,,,
592,8a05ca02926d437b43ff4cc21925621fc16dbeaf8e35977e8c6f5da4d29494951203f52e20050d365fe263f76336e15d23cf8d1f0c0514c9fd900f7d92b108a1,hindi_griffinlim_eval_final/fake_hindi_griffinlim/hindi_fake_0592.wav,0,5.796,-0.8025192022323608,1.2303144931793213,rms_matched,False,0.0353667699163557,hindi,-1.2519062757492065,8a05ca02926d437b43ff4cc21925621fc16dbeaf8e35977e8c6f5da4d29494951203f52e20050d365fe263f76336e15d23cf8d1f0c0514c9fd900f7d92b108a1,0.0353667699163557,0.373909383454768,0.3388257464503056,0.2834805015789548,0.0569803636654134,0.371755301952362,5.796,8a05ca02926d437b43ff4cc21925621fc16dbeaf8e35977e8c6f5da4d29494951203f52e20050d365fe263f76336e15d23cf8d1f0c0514c9fd900f7d92b108a1,,,,,,,,
593,60b2daa4cda30b5320834f3c2d21ea1841b52ccd7bf7ed4689f3ff27ca59c3323707c95e9a17bea4082356c576bbc3f17a00106134240f3632529b329fc1e62a,hindi_griffinlim_eval_final/fake_hindi_griffinlim/hindi_fake_0593.wav,0,3.78,-0.4745345115661621,0.9194785952568054,rms_matched,False,0.1346373164011595,hindi,-0.9239215850830078,60b2daa4cda30b5320834f3c2d21ea1841b52ccd7bf7ed4689f3ff27ca59c3323707c95e9a17bea4082356c576bbc3f17a00106134240f3632529b329fc1e62a,0.1346373164011595,0.6482133427213519,0.1776717033825861,0.1717481962211301,0.110692651363649,0.7270013093948364,3.78,60b2daa4cda30b5320834f3c2d21ea1841b52ccd7bf7ed4689f3ff27ca59c3323707c95e9a17bea4082356c576bbc3f17a00106134240f3632529b329fc1e62a,,,,,,,,
594,bbf090e6e283e4e37184a2e8d18c4e8b316a072a5565f942ab1fe209609ce93499859b1bc6b7111be2f33203c2746e5c37c57a3fcff52e9a7f38780d6fc39a26,hindi_griffinlim_eval_final/fake_hindi_griffinlim/hindi_fake_0594.wav,0,6.228,-0.9252684116363524,1.5053400993347168,rms_matched,False,0.0340911076098573,hindi,-1.3746554851531982,bbf090e6e283e4e37184a2e8d18c4e8b316a072a5565f942ab1fe209609ce93499859b1bc6b7111be2f33203c2746e5c37c57a3fcff52e9a7f38780d6fc39a26,0.0340911076098573,0.3941129194071832,0.321600885064898,0.2806514283820874,0.0588423635400572,0.3711156845092773,6.228,bbf090e6e283e4e37184a2e8d18c4e8b316a072a5565f942ab1fe209609ce93499859b1bc6b7111be2f33203c2746e5c37c57a3fcff52e9a7f38780d6fc39a26,,,,,,,,
595,e2de24c9d3a10973bd81a43c7e81d2b7747c4395b5c28a66daed073de149a6e5d8cc3da3877c75c105e7ffa814d8ad54ef34008e39a9bbab1df11bbc31bfd2fb,hindi_griffinlim_eval_final/fake_hindi_griffinlim/hindi_fake_0595.wav,0,5.4,-4.780311584472656,5.425236701965332,rms_matched,False,0.3879295072053634,hindi,-5.229698657989502,e2de24c9d3a10973bd81a43c7e81d2b7747c4395b5c28a66daed073de149a6e5d8cc3da3877c75c105e7ffa814d8ad54ef34008e39a9bbab1df11bbc31bfd2fb,0.3879295072053634,0.9848929550707066,0.0137709052190595,0.0012793476208862,0.1609722042477326,0.990020751953125,5.392,e2de24c9d3a10973bd81a43c7e81d2b7747c4395b5c28a66daed073de149a6e5d8cc3da3877c75c105e7ffa814d8ad54ef34008e39a9bbab1df11bbc31bfd2fb,,,,,,,,
596,95340b846e677ea27571958308bb11e2403ec2e4464bba7c97372d324e628a906f6be086595117707361a5dd7b41295d64031b6b2a5f2e50f6dc0a1841fd7fa2,hindi_griffinlim_eval_final/fake_hindi_griffinlim/hindi_fake_0596.wav,0,6.876,6.936862945556641,-8.904275894165039,rms_matched,False,0.0105368397381477,hindi,6.487475872039795,95340b846e677ea27571958308bb11e2403ec2e4464bba7c97372d324e628a906f6be086595117707361a5dd7b41295d64031b6b2a5f2e50f6dc0a1841fd7fa2,0.0105368397381477,0.2135533828604407,0.3957163445188708,0.3854377057008268,0.0243563023258107,0.1196987628936767,6.876,95340b846e677ea27571958308bb11e2403ec2e4464bba7c97372d324e628a906f6be086595117707361a5dd7b41295d64031b6b2a5f2e50f6dc0a1841fd7fa2,,,,,,,,
597,51ac71db84d066b7c2fe1dd940f0e75602010e8a2c0a23df2b47108a43c6df09aea35278f729be243a1d02576df693c13705cc367b391889be00e5a572b08fb5,hindi_griffinlim_eval_final/fake_hindi_griffinlim/hindi_fake_0597.wav,0,7.056,-2.90022087097168,3.843127965927124,rms_matched,False,0.0586559770016545,hindi,-3.349607944488526,51ac71db84d066b7c2fe1dd940f0e75602010e8a2c0a23df2b47108a43c6df09aea35278f729be243a1d02576df693c13705cc367b391889be00e5a572b08fb5,0.0586559770016545,0.4715577461404894,0.2905366407282967,0.2348013002755623,0.0745840771128633,0.5360457897186279,7.056,51ac71db84d066b7c2fe1dd940f0e75602010e8a2c0a23df2b47108a43c6df09aea35278f729be243a1d02576df693c13705cc367b391889be00e5a572b08fb5,,,,,,,,
598,634801e3e952aa1af7c19ab36d4ccdba5839f1b3ee5333455fba7edbf6dac42828d7e77c4b4eb6f9830708b06d85de7d9532dbd890f6067da9241172fa0722b8,hindi_griffinlim_eval_final/fake_hindi_griffinlim/hindi_fake_0598.wav,0,6.948,6.847174167633057,-8.839253425598145,rms_matched,False,0.016891593051222,hindi,6.397787094116211,634801e3e952aa1af7c19ab36d4ccdba5839f1b3ee5333455fba7edbf6dac42828d7e77c4b4eb6f9830708b06d85de7d9532dbd890f6067da9241172fa0722b8,0.016891593051222,0.1718171384628465,0.4162615132328569,0.4066858193188303,0.0054010612383033,0.0236907601356506,6.948,634801e3e952aa1af7c19ab36d4ccdba5839f1b3ee5333455fba7edbf6dac42828d7e77c4b4eb6f9830708b06d85de7d9532dbd890f6067da9241172fa0722b8,,,,,,,,
599,389842e0cd33cfb9876ef3d2f0e50eb0d9842d3a72efb647244e2cab4f456609c2fe3c3584b5307808cc70d8a9f6cbc18617ef2eadf45ed518b03c0dee8dfd87,hindi_griffinlim_eval_final/fake_hindi_griffinlim/hindi_fake_0599.wav,0,5.184,-5.112070083618164,5.818602561950684,rms_matched,False,0.1484024042024798,hindi,-5.56145715713501,389842e0cd33cfb9876ef3d2f0e50eb0d9842d3a72efb647244e2cab4f456609c2fe3c3584b5307808cc70d8a9f6cbc18617ef2eadf45ed518b03c0dee8dfd87,0.1484024042024798,0.6459569854033425,0.2073784781735732,0.1448006140978051,0.1225475231014549,0.9308581352233888,5.184,389842e0cd33cfb9876ef3d2f0e50eb0d9842d3a72efb647244e2cab4f456609c2fe3c3584b5307808cc70d8a9f6cbc18617ef2eadf45ed518b03c0dee8dfd87,,,,,,,,
600,ca96256894b92e0525b6f8bf5bac013efa869bfe9b8ec767a84d2e0b6f9f3108886cad7b3c9e622cc74ce7c803c4f9d96080e182713805211464db35f0adb51e,hindi_griffinlim_eval_final/fake_hindi_griffinlim/hindi_fake_0600.wav,0,5.22,2.719759941101074,-3.6566262245178223,rms_matched,False,0.8542391284872782,hindi,2.2703728675842285,ca96256894b92e0525b6f8bf5bac013efa869bfe9b8ec767a84d2e0b6f9f3108886cad7b3c9e622cc74ce7c803c4f9d96080e182713805211464db35f0adb51e,0.8542391284872782,0.9861081117718232,0.0122706291862593,0.0015371802299343,0.1347741843010608,0.971099853515625,5.216,ca96256894b92e0525b6f8bf5bac013efa869bfe9b8ec767a84d2e0b6f9f3108886cad7b3c9e622cc74ce7c803c4f9d96080e182713805211464db35f0adb51e,,,,,,,,
601,ca6156fb12800e3b3fc41f9907777531141ebf8f445b70901bc7137ffd0e5516c2229f3c8c695423887299cdfe5b9160cea313d614a4ba540d5ff4102dda821e,hindi_griffinlim_eval_final/fake_hindi_griffinlim/hindi_fake_0601.wav,0,4.68,-1.0423372983932495,1.7063477039337158,rms_matched,False,0.0334252542338363,hindi,-1.4917243719100952,ca6156fb12800e3b3fc41f9907777531141ebf8f445b70901bc7137ffd0e5516c2229f3c8c695423887299cdfe5b9160cea313d614a4ba540d5ff4102dda821e,0.0334252542338363,0.3444481430483788,0.3295729230738293,0.3236528498511395,0.0838339268788681,0.7856443524360657,4.68,ca6156fb12800e3b3fc41f9907777531141ebf8f445b70901bc7137ffd0e5516c2229f3c8c695423887299cdfe5b9160cea313d614a4ba540d5ff4102dda821e,,,,,,,,
602,a34b3f5fa057f54bc74179593acc5d316145622c5ece92f2e9b2d74a2de7fa87ed863a9061955f68625d580b33faa23dcd31f9c5a6f9c1e1dd8790a4ba671f57,hindi_griffinlim_eval_final/fake_hindi_griffinlim/hindi_fake_0602.wav,0,4.176,-4.538246154785156,5.452783584594727,rms_matched,False,0.1910065137786797,hindi,-4.987633228302002,a34b3f5fa057f54bc74179593acc5d316145622c5ece92f2e9b2d74a2de7fa87ed863a9061955f68625d580b33faa23dcd31f9c5a6f9c1e1dd8790a4ba671f57,0.1910065137786797,0.4409792993553652,0.3907382738266419,0.166146059602553,0.0972424546520513,0.9409847855567932,4.176,a34b3f5fa057f54bc74179593acc5d316145622c5ece92f2e9b2d74a2de7fa87ed863a9061955f68625d580b33faa23dcd31f9c5a6f9c1e1dd8790a4ba671f57,,,,,,,,
603,2fab289aa06c3d3ed662c848272fccd54cfe903fbc7895c797a394c8ac5314a6dcbd94b498eb6af96d006c568ea2a0d523ca6b0212684ed46408338da97c2b0b,hindi_griffinlim_eval_final/fake_hindi_griffinlim/hindi_fake_0603.wav,0,5.652,-3.580387592315674,4.436766624450684,rms_matched,False,0.034944201760643,hindi,-4.0297746658325195,2fab289aa06c3d3ed662c848272fccd54cfe903fbc7895c797a394c8ac5314a6dcbd94b498eb6af96d006c568ea2a0d523ca6b0212684ed46408338da97c2b0b,0.034944201760643,0.5585332809175684,0.257976725460058,0.1813318108789145,0.1032440050316681,0.6081020832061768,5.652,2fab289aa06c3d3ed662c848272fccd54cfe903fbc7895c797a394c8ac5314a6dcbd94b498eb6af96d006c568ea2a0d523ca6b0212684ed46408338da97c2b0b,,,,,,,,
604,80ffb7f21aebcd96b01f5098bdf0f377f31fa297c2c30290be3dcd6a69b87e7570cd2e9ce41edb96038e485ce70cf75436dba4a0c7925bb36a68db134979c585,hindi_griffinlim_eval_final/fake_hindi_griffinlim/hindi_fake_0604.wav,0,6.588,-5.559341430664063,6.408804893493652,rms_matched,False,0.0366074046678969,hindi,-6.008728504180909,80ffb7f21aebcd96b01f5098bdf0f377f31fa297c2c30290be3dcd6a69b87e7570cd2e9ce41edb96038e485ce70cf75436dba4a0c7925bb36a68db134979c585,0.0366074046678969,0.5029118368895923,0.3634136958194409,0.131916911500482,0.1178062887516373,0.8842448592185974,6.588,80ffb7f21aebcd96b01f5098bdf0f377f31fa297c2c30290be3dcd6a69b87e7570cd2e9ce41edb96038e485ce70cf75436dba4a0c7925bb36a68db134979c585,,,,,,,,
605,ea8ef3168cd29cf3bb33c603fc49336a1b58747fac2bdd17b4f6d59f24ed30a903a1b574e5d276035f8c3141478664e8f36c46a55fb6637e08b183a0969615a0,hindi_griffinlim_eval_final/fake_hindi_griffinlim/hindi_fake_0605.wav,0,4.896,-5.434101581573486,6.184655666351318,rms_matched,False,0.1856550254776832,hindi,-5.883488655090332,ea8ef3168cd29cf3bb33c603fc49336a1b58747fac2bdd17b4f6d59f24ed30a903a1b574e5d276035f8c3141478664e8f36c46a55fb6637e08b183a0969615a0,0.1856550254776832,0.5983606858394287,0.2379138176180211,0.1616068737063701,0.102126716440915,0.7740627527236938,4.896,ea8ef3168cd29cf3bb33c603fc49336a1b58747fac2bdd17b4f6d59f24ed30a903a1b574e5d276035f8c3141478664e8f36c46a55fb6637e08b183a0969615a0,0.3426514354648538,0.3504677257522191,0.3068808387829272,0.772231813753506,13.91078084268904,0.2657942106735192,0.5239403418316649,0.6626097454719827
606,df520ae6630f89c5941ffecf315f19953bdca51d6b7beb825aacd71405cc44f29ad01463f8b079cb10faf201b544d74dfd136f3353babacd39f80623d2c64bb7,hindi_griffinlim_eval_final/fake_hindi_griffinlim/hindi_fake_0606.wav,0,3.78,-4.168361663818359,5.046383857727051,rms_matched,False,0.2870523483197326,hindi,-4.617748737335205,df520ae6630f89c5941ffecf315f19953bdca51d6b7beb825aacd71405cc44f29ad01463f8b079cb10faf201b544d74dfd136f3353babacd39f80623d2c64bb7,0.2870523483197326,0.601197357864224,0.2341414458692044,0.1625049687400497,0.1056012679052336,0.8710424900054932,3.78,df520ae6630f89c5941ffecf315f19953bdca51d6b7beb825aacd71405cc44f29ad01463f8b079cb10faf201b544d74dfd136f3353babacd39f80623d2c64bb7,,,,,,,,
607,b4069adc243cc7836a2bf30d44984b772c144f867bb92b4226209bcdc0783ee26b25bf51d2c4e42b8af14bfe3d183fb5aed4fd783bddc50d124f0970cce3dcd8,hindi_griffinlim_eval_final/fake_hindi_griffinlim/hindi_fake_0607.wav,0,5.148,-2.633898973464966,3.442084789276123,rms_matched,False,0.0348331707523429,hindi,-3.0832860469818115,b4069adc243cc7836a2bf30d44984b772c144f867bb92b4226209bcdc0783ee26b25bf51d2c4e42b8af14bfe3d183fb5aed4fd783bddc50d124f0970cce3dcd8,0.0348331707523429,0.5500039359861475,0.2433641163906885,0.2040600203456052,0.0956296074759324,0.5224939584732056,5.148,b4069adc243cc7836a2bf30d44984b772c144f867bb92b4226209bcdc0783ee26b25bf51d2c4e42b8af14bfe3d183fb5aed4fd783bddc50d124f0970cce3dcd8,,,,,,,,
608,a3c9eb18e51d74ec5fbf9ca9ca1d5edf24c691d0f685ef2ffc8689d107710a300eec2172a79cc039b119ebc451ab794cb8519ce2d3c37209c7f24649089a7fc2,hindi_griffinlim_eval_final/fake_hindi_griffinlim/hindi_fake_0608.wav,0,5.652,2.640878915786743,-3.4779539108276367,rms_matched,False,0.0968663635450366,hindi,2.1914918422698975,a3c9eb18e51d74ec5fbf9ca9ca1d5edf24c691d0f685ef2ffc8689d107710a300eec2172a79cc039b119ebc451ab794cb8519ce2d3c37209c7f24649089a7fc2,0.0968663635450366,0.4697627275176488,0.2930440350724981,0.2341036598034649,0.0768590277237234,0.6086156368255615,5.652,a3c9eb18e51d74ec5fbf9ca9ca1d5edf24c691d0f685ef2ffc8689d107710a300eec2172a79cc039b119ebc451ab794cb8519ce2d3c37209c7f24649089a7fc2,,,,,,,,
609,bbf090e6e283e4e37184a2e8d18c4e8b316a072a5565f942ab1fe209609ce93499859b1bc6b7111be2f33203c2746e5c37c57a3fcff52e9a7f38780d6fc39a26,hindi_griffinlim_eval_final/fake_hindi_griffinlim/hindi_fake_0609.wav,0,5.688,-1.3556264638900757,1.9942238330841064,rms_matched,False,0.0427632709672433,hindi,-1.8050135374069214,bbf090e6e283e4e37184a2e8d18c4e8b316a072a5565f942ab1fe209609ce93499859b1bc6b7111be2f33203c2746e5c37c57a3fcff52e9a7f38780d6fc39a26,0.0427632709672433,0.3637961362728073,0.3361733916199683,0.2961037882177521,0.0551248244653711,0.402563989162445,5.688,bbf090e6e283e4e37184a2e8d18c4e8b316a072a5565f942ab1fe209609ce93499859b1bc6b7111be2f33203c2746e5c37c57a3fcff52e9a7f38780d6fc39a26,,,,,,,,
610,0a073b2441b86a13d80728f1a14413d473c4091d1053a3a53982f2c2698abb2a31f35efaefaad9b678d4cf8b27aecc058d4f664d005474a90b8af287ff58c303,hindi_griffinlim_eval_final/fake_hindi_griffinlim/hindi_fake_0610.wav,0,5.376,-3.101418972015381,3.8936336040496826,rms_matched,False,0.1086036720389097,hindi,-3.5508060455322266,0a073b2441b86a13d80728f1a14413d473c4091d1053a3a53982f2c2698abb2a31f35efaefaad9b678d4cf8b27aecc058d4f664d005474a90b8af287ff58c303,0.1086036720389097,0.5823598618856113,0.2168081280309308,0.1982397752402858,0.0987594500603793,0.7076120972633362,5.376,0a073b2441b86a13d80728f1a14413d473c4091d1053a3a53982f2c2698abb2a31f35efaefaad9b678d4cf8b27aecc058d4f664d005474a90b8af287ff58c303,0.5312521448641115,0.247603276023902,0.2211445791119864,0.6937680390732093,14.595814816696953,0.1455560655774366,0.3790444623325241,0.5374657924641176
611,9a862e8c754a334f2c39963b8da67e4e6e46ef2889e6ac772bb3e3847c4e1586e46be4d21adf569a90009925022013d8900d5ec065a6eaf767a5f0c3f1317f6d,hindi_griffinlim_eval_final/fake_hindi_griffinlim/hindi_fake_0611.wav,0,3.456,-5.942687034606934,6.777966976165772,rms_matched,False,0.0484196442406601,hindi,-6.392074108123779,9a862e8c754a334f2c39963b8da67e4e6e46ef2889e6ac772bb3e3847c4e1586e46be4d21adf569a90009925022013d8900d5ec065a6eaf767a5f0c3f1317f6d,0.0484196442406601,0.4900101717625893,0.2813700651318317,0.2263993835456916,0.0983477819261505,0.6761574745178223,3.456,9a862e8c754a334f2c39963b8da67e4e6e46ef2889e6ac772bb3e3847c4e1586e46be4d21adf569a90009925022013d8900d5ec065a6eaf767a5f0c3f1317f6d,,,,,,,,
612,552fd8cf90f15edcaf7388b1164d58d7eae5f20674dc780b9efb9d43c80af1ccbdef88d0ddfb76038b9614eda2b556cbb4fa8a46ca54ad7dcc43d9298b63f1eb,hindi_griffinlim_eval_final/fake_hindi_griffinlim/hindi_fake_0612.wav,0,5.868,5.482571601867676,-6.790134429931641,rms_matched,False,0.0307553863275193,hindi,5.03318452835083,552fd8cf90f15edcaf7388b1164d58d7eae5f20674dc780b9efb9d43c80af1ccbdef88d0ddfb76038b9614eda2b556cbb4fa8a46ca54ad7dcc43d9298b63f1eb,0.0307553863275193,0.3625231501614626,0.3288189687296277,0.3047330460226407,0.0582367249347947,0.4085730910301208,5.868,552fd8cf90f15edcaf7388b1164d58d7eae5f20674dc780b9efb9d43c80af1ccbdef88d0ddfb76038b9614eda2b556cbb4fa8a46ca54ad7dcc43d9298b63f1eb,,,,,,,,
613,aa9327f862e22c8a7e7c1cc05e596b019cb19e79329dfd7495112ab3dafda315d4ab663885cb951c63be27858c37f1aa245b0907d689b37ee4db113148053cc6,hindi_griffinlim_eval_final/fake_hindi_griffinlim/hindi_fake_0613.wav,0,3.492,-1.0900483131408691,1.6999106407165527,rms_matched,False,0.0368276384494804,hindi,-1.5394353866577148,aa9327f862e22c8a7e7c1cc05e596b019cb19e79329dfd7495112ab3dafda315d4ab663885cb951c63be27858c37f1aa245b0907d689b37ee4db113148053cc6,0.0368276384494804,0.4210023549285986,0.4071946545805274,0.1695538418564303,0.0928092409655024,0.605679988861084,3.492,aa9327f862e22c8a7e7c1cc05e596b019cb19e79329dfd7495112ab3dafda315d4ab663885cb951c63be27858c37f1aa245b0907d689b37ee4db113148053cc6,,,,,,,,
614,2b0295a46df33cca7111334e28048e4ca8856ac39e51ceba5d127c2defec2c84aa3dbbe0b2cd9a0057a3710d4ca5936186ac62306a21dbc4f493acb9486d1452,hindi_griffinlim_eval_final/fake_hindi_griffinlim/hindi_fake_0614.wav,0,6.336,-1.771697759628296,2.510554313659668,rms_matched,False,0.1155425928217103,hindi,-2.2210848331451416,2b0295a46df33cca7111334e28048e4ca8856ac39e51ceba5d127c2defec2c84aa3dbbe0b2cd9a0057a3710d4ca5936186ac62306a21dbc4f493acb9486d1452,0.1155425928217103,0.4795567471292378,0.2800525986101275,0.2375358998598351,0.0782966497425424,0.6704370379447937,6.336,2b0295a46df33cca7111334e28048e4ca8856ac39e51ceba5d127c2defec2c84aa3dbbe0b2cd9a0057a3710d4ca5936186ac62306a21dbc4f493acb9486d1452,0.4480985475319542,0.2858376583802678,0.2660637940877779,0.6885378595856755,14.601608905471505,0.1521528887623662,0.3822560619169267,0.5364031991589497
615,38a6ab913e27c72c3f28f3d2da65caa00933288bfaaa24633ad7168676bf34a4bdf59bba015f1be078031901c2a05ed997cd106fc7bb6ffe0cead3f59ca77415,hindi_griffinlim_eval_final/fake_hindi_griffinlim/hindi_fake_0615.wav,0,4.464,5.511499404907227,-7.012821197509766,rms_matched,False,0.0160132330850313,hindi,5.062112331390381,38a6ab913e27c72c3f28f3d2da65caa00933288bfaaa24633ad7168676bf34a4bdf59bba015f1be078031901c2a05ed997cd106fc7bb6ffe0cead3f59ca77415,0.0160132330850313,0.2961534912172009,0.3358151518294314,0.3639132258500319,0.0456810917711451,0.2496527433395385,4.464,38a6ab913e27c72c3f28f3d2da65caa00933288bfaaa24633ad7168676bf34a4bdf59bba015f1be078031901c2a05ed997cd106fc7bb6ffe0cead3f59ca77415,,,,,,,,
616,9f2ff0bc50ccd0ab79eed640359ccb9c1016d458fcfda044203f727fd8063bca505d1f650c0a66a096c753381ca88026043ab86554e6f9229362771eb98cebad,hindi_griffinlim_eval_final/fake_hindi_griffinlim/hindi_fake_0616.wav,0,5.148,4.752495765686035,-5.925216674804688,rms_matched,False,0.0191563318531889,hindi,4.3031086921691895,9f2ff0bc50ccd0ab79eed640359ccb9c1016d458fcfda044203f727fd8063bca505d1f650c0a66a096c753381ca88026043ab86554e6f9229362771eb98cebad,0.0191563318531889,0.2578683808169078,0.3859232301582113,0.3514724436419041,0.0347155949550954,0.1964693665504455,5.148,9f2ff0bc50ccd0ab79eed640359ccb9c1016d458fcfda044203f727fd8063bca505d1f650c0a66a096c753381ca88026043ab86554e6f9229362771eb98cebad,,,,,,,,
617,43dc11a5328c78dc9536527d6945245d5b3e371fdeea987ac538a30956eacc649639e2b09c28bf3ee4f4f764475880bb8f68a5cd20ef78800a664b72a86ffe58,hindi_griffinlim_eval_final/fake_hindi_griffinlim/hindi_fake_0617.wav,0,4.068,-2.836860656738281,3.768967390060425,rms_matched,False,0.0355725035381874,hindi,-3.2862477302551265,43dc11a5328c78dc9536527d6945245d5b3e371fdeea987ac538a30956eacc649639e2b09c28bf3ee4f4f764475880bb8f68a5cd20ef78800a664b72a86ffe58,0.0355725035381874,0.3848210908060371,0.3460895235464781,0.2656174109928997,0.0625276129030736,0.3567346930503845,4.068,43dc11a5328c78dc9536527d6945245d5b3e371fdeea987ac538a30956eacc649639e2b09c28bf3ee4f4f764475880bb8f68a5cd20ef78800a664b72a86ffe58,,,,,,,,
618,2fab289aa06c3d3ed662c848272fccd54cfe903fbc7895c797a394c8ac5314a6dcbd94b498eb6af96d006c568ea2a0d523ca6b0212684ed46408338da97c2b0b,hindi_griffinlim_eval_final/fake_hindi_griffinlim/hindi_fake_0618.wav,0,2.952,-1.4475609064102173,1.891634464263916,rms_matched,False,0.019165972043457,hindi,-1.896947979927063,2fab289aa06c3d3ed662c848272fccd54cfe903fbc7895c797a394c8ac5314a6dcbd94b498eb6af96d006c568ea2a0d523ca6b0212684ed46408338da97c2b0b,0.019165972043457,0.5976908164555733,0.2195574818749884,0.1811764200550464,0.1348829592394124,0.7970536351203918,2.952,2fab289aa06c3d3ed662c848272fccd54cfe903fbc7895c797a394c8ac5314a6dcbd94b498eb6af96d006c568ea2a0d523ca6b0212684ed46408338da97c2b0b,,,,,,,,
619,f4276b793d63656aa644af3755eec97ff45d8df43323576969e1722c9b9f099002febe4c6f3a9401ad2a7011623e315d775ae5c19f3901dfc9cb44d20a5c91df,hindi_griffinlim_eval_final/fake_hindi_griffinlim/hindi_fake_0619.wav,0,3.06,-1.1651474237442017,1.6632378101348877,rms_matched,False,0.1092238204473006,hindi,-1.6145344972610474,f4276b793d63656aa644af3755eec97ff45d8df43323576969e1722c9b9f099002febe4c6f3a9401ad2a7011623e315d775ae5c19f3901dfc9cb44d20a5c91df,0.1092238204473006,0.5991055707430064,0.2052791746832344,0.1929609475779241,0.1030111322667597,0.6588489413261414,3.06,f4276b793d63656aa644af3755eec97ff45d8df43323576969e1722c9b9f099002febe4c6f3a9401ad2a7011623e315d775ae5c19f3901dfc9cb44d20a5c91df,,,,,,,,
620,c1edd0ef566e809ba01bf1a3011df6cd0fbf6a1675ba8002e671dd7b16588ea30ff434c78aaae27b190d16c6d7bd32bdd4a6b1ca631c0b3f819e807b3cdef585,hindi_griffinlim_eval_final/fake_hindi_griffinlim/hindi_fake_0620.wav,0,3.276,6.714139938354492,-8.748472213745117,rms_matched,False,0.0222491102086165,hindi,6.2647528648376465,c1edd0ef566e809ba01bf1a3011df6cd0fbf6a1675ba8002e671dd7b16588ea30ff434c78aaae27b190d16c6d7bd32bdd4a6b1ca631c0b3f819e807b3cdef585,0.0222491102086165,0.1807586141731016,0.4245583093925095,0.3894550388313794,0.0173861496778395,0.0799788832664489,3.276,c1edd0ef566e809ba01bf1a3011df6cd0fbf6a1675ba8002e671dd7b16588ea30ff434c78aaae27b190d16c6d7bd32bdd4a6b1ca631c0b3f819e807b3cdef585,,,,,,,,
621,6f3cdaef649635685d3a90ee62bab981848e6ed6f25f28b9b43c2f3d4ac51b4e42a36ead3b4b83add1e9bd60f0c66f05ecfe7c7c5154b6345a1c2f1c85b32fa8,hindi_griffinlim_eval_final/fake_hindi_griffinlim/hindi_fake_0621.wav,0,7.488,-4.618951797485352,5.337107181549072,rms_matched,False,0.0382182124145872,hindi,-5.068338871002197,6f3cdaef649635685d3a90ee62bab981848e6ed6f25f28b9b43c2f3d4ac51b4e42a36ead3b4b83add1e9bd60f0c66f05ecfe7c7c5154b6345a1c2f1c85b32fa8,0.0382182124145872,0.6077234716052778,0.2569036443378786,0.1337853718833883,0.1255958619474171,0.8654927611351013,7.488,6f3cdaef649635685d3a90ee62bab981848e6ed6f25f28b9b43c2f3d4ac51b4e42a36ead3b4b83add1e9bd60f0c66f05ecfe7c7c5154b6345a1c2f1c85b32fa8,,,,,,,,
622,ca6156fb12800e3b3fc41f9907777531141ebf8f445b70901bc7137ffd0e5516c2229f3c8c695423887299cdfe5b9160cea313d614a4ba540d5ff4102dda821e,hindi_griffinlim_eval_final/fake_hindi_griffinlim/hindi_fake_0622.wav,0,7.848,-0.9012542963027954,1.2458205223083496,rms_matched,False,0.8179901906113,hindi,-1.3506413698196411,ca6156fb12800e3b3fc41f9907777531141ebf8f445b70901bc7137ffd0e5516c2229f3c8c695423887299cdfe5b9160cea313d614a4ba540d5ff4102dda821e,0.8179901906113,0.8328570913062481,0.1597422726950375,0.0072470424154492,0.1078843455883591,0.892303466796875,7.84,ca6156fb12800e3b3fc41f9907777531141ebf8f445b70901bc7137ffd0e5516c2229f3c8c695423887299cdfe5b9160cea313d614a4ba540d5ff4102dda821e,,,,,,,,
623,b5368a2dff773c397ef5c49e62c79de17d88d95d2079d13c22dfd061e40dd1528406716bf6158aee618664f8bd5cd01289e1e410afda482364672472b003fd9b,hindi_griffinlim_eval_final/fake_hindi_griffinlim/hindi_fake_0623.wav,0,5.652,-0.4997973442077636,1.013396978378296,rms_matched,False,0.0414466445319247,hindi,-0.9491844177246094,b5368a2dff773c397ef5c49e62c79de17d88d95d2079d13c22dfd061e40dd1528406716bf6158aee618664f8bd5cd01289e1e410afda482364672472b003fd9b,0.0414466445319247,0.3784883792973836,0.3327105992758775,0.2851363271502809,0.0553104594609781,0.364539623260498,5.652,b5368a2dff773c397ef5c49e62c79de17d88d95d2079d13c22dfd061e40dd1528406716bf6158aee618664f8bd5cd01289e1e410afda482364672472b003fd9b,,,,,,,,
624,29bcb273adde2fc3bc2e4595307cca55f7a2164b643bd634a478297488389dd87132dba219b5a51a5b42b59a42fe5eef68ff2cd098bb675cf680befd442613d5,hindi_griffinlim_eval_final/fake_hindi_griffinlim/hindi_fake_0624.wav,0,4.428,2.663456678390503,-3.335366487503052,rms_matched,False,0.0259131364416858,hindi,2.2140696048736572,29bcb273adde2fc3bc2e4595307cca55f7a2164b643bd634a478297488389dd87132dba219b5a51a5b42b59a42fe5eef68ff2cd098bb675cf680befd442613d5,0.0259131364416858,0.4281707209605234,0.2924579729217366,0.2760697602804795,0.0738610955483643,0.4162869453430176,4.428,29bcb273adde2fc3bc2e4595307cca55f7a2164b643bd634a478297488389dd87132dba219b5a51a5b42b59a42fe5eef68ff2cd098bb675cf680befd442613d5,,,,,,,,
625,63293ff4cc67280b10da2df2fd2763db65ca8493af191e121605b45457373b9d2f7d073324125f2ec4d3d5aa138903f3532048b49083306757421a463dcad13b,hindi_griffinlim_eval_final/fake_hindi_griffinlim/hindi_fake_0625.wav,0,4.356,-0.4056475758552551,0.4717140793800354,rms_matched,False,0.071972149254494,hindi,-0.8550346493721008,63293ff4cc67280b10da2df2fd2763db65ca8493af191e121605b45457373b9d2f7d073324125f2ec4d3d5aa138903f3532048b49083306757421a463dcad13b,0.071972149254494,0.4035079882422957,0.3431564568269641,0.2503718474173547,0.0756262036752097,0.6191322803497314,4.356,63293ff4cc67280b10da2df2fd2763db65ca8493af191e121605b45457373b9d2f7d073324125f2ec4d3d5aa138903f3532048b49083306757421a463dcad13b,,,,,,,,
626,f8c05fcdb50a537ce73d8e72c60b569d19a31b8e0792bf6ea46d66c769fb708c0087e260a59f3e48f8272304ee14cb57fecdf53a2873f5d72ca5a3378a149caa,hindi_griffinlim_eval_final/fake_hindi_griffinlim/hindi_fake_0626.wav,0,5.304,-5.618334770202637,6.342528343200684,rms_matched,False,0.0261821276280632,hindi,-6.067721843719482,f8c05fcdb50a537ce73d8e72c60b569d19a31b8e0792bf6ea46d66c769fb708c0087e260a59f3e48f8272304ee14cb57fecdf53a2873f5d72ca5a3378a149caa,0.0261821276280632,0.4531347757029308,0.4075300387302252,0.1378906480227013,0.1263379734858092,0.9900000095367432,5.304,f8c05fcdb50a537ce73d8e72c60b569d19a31b8e0792bf6ea46d66c769fb708c0087e260a59f3e48f8272304ee14cb57fecdf53a2873f5d72ca5a3378a149caa,,,,,,,,
627,f1b62e5d3473776b945ef79fbad0a46a621fb136b143d7aeb75a7cb854ebe0807524eee04fe8d83b3311152dad97e341e18ed5b8981b3cf322fec4e0700894bb,hindi_griffinlim_eval_final/fake_hindi_griffinlim/hindi_fake_0627.wav,0,4.296,2.2425005435943604,-2.859707832336426,rms_matched,False,0.0640770629686385,hindi,1.7931134700775146,f1b62e5d3473776b945ef79fbad0a46a621fb136b143d7aeb75a7cb854ebe0807524eee04fe8d83b3311152dad97e341e18ed5b8981b3cf322fec4e0700894bb,0.0640770629686385,0.7246598096085151,0.0298842674598598,0.2453698895287437,0.1312609479454453,0.8565673828125,4.288,f1b62e5d3473776b945ef79fbad0a46a621fb136b143d7aeb75a7cb854ebe0807524eee04fe8d83b3311152dad97e341e18ed5b8981b3cf322fec4e0700894bb,,,,,,,,
628,9be22651e8bee8e72a3187d9a27f0e9ed24c178b528062b4ae5d6a2a32dbb8c6001f6d3f15d60270fefa422a2c58426a2c915931d43266eb48a2d15836111a95,hindi_griffinlim_eval_final/fake_hindi_griffinlim/hindi_fake_0628.wav,0,7.308,5.366789817810059,-6.8977484703063965,rms_matched,False,0.0156157432653643,hindi,4.917402744293213,9be22651e8bee8e72a3187d9a27f0e9ed24c178b528062b4ae5d6a2a32dbb8c6001f6d3f15d60270fefa422a2c58426a2c915931d43266eb48a2d15836111a95,0.0156157432653643,0.3089348772871023,0.3526247028644458,0.3338837944420439,0.0416824339297386,0.2327119708061218,7.308,9be22651e8bee8e72a3187d9a27f0e9ed24c178b528062b4ae5d6a2a32dbb8c6001f6d3f15d60270fefa422a2c58426a2c915931d43266eb48a2d15836111a95,,,,,,,,
629,4bf6e446d97c11b48f8309ab29d202711dab968676351fc66463ffd24b97d11fb7d34e50a5bc9544e075ad2038996abb9387ae6a627acb911f4b514124a3d3a7,hindi_griffinlim_eval_final/fake_hindi_griffinlim/hindi_fake_0629.wav,0,4.536,-0.5470336675643921,0.3759130835533142,rms_matched,False,0.1033486840932066,hindi,-0.9964207410812378,4bf6e446d97c11b48f8309ab29d202711dab968676351fc66463ffd24b97d11fb7d34e50a5bc9544e075ad2038996abb9387ae6a627acb911f4b514124a3d3a7,0.1033486840932066,0.5430466253686098,0.2371696043028949,0.2171152045450075,0.0928465704875842,0.6709900498390198,4.536,4bf6e446d97c11b48f8309ab29d202711dab968676351fc66463ffd24b97d11fb7d34e50a5bc9544e075ad2038996abb9387ae6a627acb911f4b514124a3d3a7,,,,,,,,
630,78014d1d0043184446ff0c083c8868966598975e5daebb9725dc92f60fa5c8d06ce1bb84b84760f14d38217866e6bde176419a1bd9e5f166429d74168b3dd926,hindi_griffinlim_eval_final/fake_hindi_griffinlim/hindi_fake_0630.wav,0,7.056,-2.235226631164551,3.082498550415039,rms_matched,False,0.027040129918065,hindi,-2.6846137046813965,78014d1d0043184446ff0c083c8868966598975e5daebb9725dc92f60fa5c8d06ce1bb84b84760f14d38217866e6bde176419a1bd9e5f166429d74168b3dd926,0.027040129918065,0.2969876203939521,0.442886344076743,0.2567112656203251,0.061235789915725,0.5222470760345459,7.056,78014d1d0043184446ff0c083c8868966598975e5daebb9725dc92f60fa5c8d06ce1bb84b84760f14d38217866e6bde176419a1bd9e5f166429d74168b3dd926,,,,,,,,
631,c127090a8261671f4e68cc31639996579099a014bbd65dc05c580ea8961637ae6978ac28c265bbba5145400258f062bf70f582aac610a13525cacf73579563bd,hindi_griffinlim_eval_final/fake_hindi_griffinlim/hindi_fake_0631.wav,0,7.128,-5.716763973236084,6.571967601776123,rms_matched,False,0.0339494459200849,hindi,-6.16615104675293,c127090a8261671f4e68cc31639996579099a014bbd65dc05c580ea8961637ae6978ac28c265bbba5145400258f062bf70f582aac610a13525cacf73579563bd,0.0339494459200849,0.5977716036515209,0.2693275697820058,0.1311862423687708,0.1227958867397163,0.8084957599639893,7.128,c127090a8261671f4e68cc31639996579099a014bbd65dc05c580ea8961637ae6978ac28c265bbba5145400258f062bf70f582aac610a13525cacf73579563bd,,,,,,,,
632,3db6bed8f713bb226c8e1414c97e0da016bf5573c7281dda13149cf951a3bab57698d09a84cbf226aebc5f978c42bbb83ee009e4e787f7674304a0ef235be968,hindi_griffinlim_eval_final/fake_hindi_griffinlim/hindi_fake_0632.wav,0,6.66,1.180959701538086,-1.555955171585083,rms_matched,False,0.0002886139998032,hindi,0.7315726280212402,3db6bed8f713bb226c8e1414c97e0da016bf5573c7281dda13149cf951a3bab57698d09a84cbf226aebc5f978c42bbb83ee009e4e787f7674304a0ef235be968,0.0002886139998032,0.9777527775130485,0.0203590314854769,0.0018591373962967,0.2426772887395068,0.960174560546875,6.656,3db6bed8f713bb226c8e1414c97e0da016bf5573c7281dda13149cf951a3bab57698d09a84cbf226aebc5f978c42bbb83ee009e4e787f7674304a0ef235be968,,,,,,,,
633,aabd80b27714da5c6b5d4592a6f29f161db3cb06672ab14afb56eaf550ac0be0c14536ba5df7358621f018a4bc767c8c8477eaa4746830cf31ec4cdbcc2193fc,hindi_griffinlim_eval_final/fake_hindi_griffinlim/hindi_fake_0633.wav,0,6.588,4.879570484161377,-6.221516132354736,rms_matched,False,0.0124557448531621,hindi,4.430183410644531,aabd80b27714da5c6b5d4592a6f29f161db3cb06672ab14afb56eaf550ac0be0c14536ba5df7358621f018a4bc767c8c8477eaa4746830cf31ec4cdbcc2193fc,0.0124557448531621,0.257822239495697,0.3749926009895603,0.3622973986833553,0.0326285433180578,0.157600462436676,6.588,aabd80b27714da5c6b5d4592a6f29f161db3cb06672ab14afb56eaf550ac0be0c14536ba5df7358621f018a4bc767c8c8477eaa4746830cf31ec4cdbcc2193fc,,,,,,,,
634,e811478820937736d1074ae0c51bf72791cd1029b63b639e8dd3ab8f6d8ce46e9eed447dd3edfeca171695425e9496970dbbe5f3cb9b07cba7fed66459eff2c3,hindi_griffinlim_eval_final/fake_hindi_griffinlim/hindi_fake_0634.wav,0,5.796,-0.5496015548706055,1.12528395652771,rms_matched,False,0.0309790423418826,hindi,-0.9989886283874512,e811478820937736d1074ae0c51bf72791cd1029b63b639e8dd3ab8f6d8ce46e9eed447dd3edfeca171695425e9496970dbbe5f3cb9b07cba7fed66459eff2c3,0.0309790423418826,0.5480150880889101,0.2378518730401328,0.2112450165514876,0.0966737974992126,0.5495021939277649,5.796,e811478820937736d1074ae0c51bf72791cd1029b63b639e8dd3ab8f6d8ce46e9eed447dd3edfeca171695425e9496970dbbe5f3cb9b07cba7fed66459eff2c3,,,,,,,,
635,f552d4cedc22293c27ab4a86fc3985ecf1bd8fe9e6664f6a835675acf4173fa94bfa392ddccd06a177ae2bf6e412212f42973dec10c26a7cfa02c48ddd7c7978,hindi_griffinlim_eval_final/fake_hindi_griffinlim/hindi_fake_0635.wav,0,4.068,-0.7121008038520813,1.020033359527588,rms_matched,False,0.0722127769109552,hindi,-1.161487877368927,f552d4cedc22293c27ab4a86fc3985ecf1bd8fe9e6664f6a835675acf4173fa94bfa392ddccd06a177ae2bf6e412212f42973dec10c26a7cfa02c48ddd7c7978,0.0722127769109552,0.5671048304222175,0.2282885537174566,0.2026048968081241,0.1114909609810577,0.7986668348312378,4.068,f552d4cedc22293c27ab4a86fc3985ecf1bd8fe9e6664f6a835675acf4173fa94bfa392ddccd06a177ae2bf6e412212f42973dec10c26a7cfa02c48ddd7c7978,,,,,,,,
636,5d11b952e9611a75d83a6b37c9eb61990cda39a280a57ed6b8e1e5169bbf408c23a2618a05bd8ed04bef3258fc84db91cac825708b4163b8053d8301d130370b,hindi_griffinlim_eval_final/fake_hindi_griffinlim/hindi_fake_0636.wav,0,7.416,5.416815757751465,-6.848418235778809,rms_matched,False,0.0136030256946174,hindi,4.967428684234619,5d11b952e9611a75d83a6b37c9eb61990cda39a280a57ed6b8e1e5169bbf408c23a2618a05bd8ed04bef3258fc84db91cac825708b4163b8053d8301d130370b,0.0136030256946174,0.3676428542927377,0.3239874174570528,0.3044554194522658,0.0575246591399473,0.3104311227798462,7.416,5d11b952e9611a75d83a6b37c9eb61990cda39a280a57ed6b8e1e5169bbf408c23a2618a05bd8ed04bef3258fc84db91cac825708b4163b8053d8301d130370b,0.32614563776744,0.3463521865604125,0.3275021756721473,0.6917831595034356,14.578865150005669,0.1558964661849282,0.3867068099442531,0.5411063047020136
637,f4ee604449f0bccf330b0b3dec1201e20aa4db5a9eac3094d6847aa2304802a101515b61a081228f8507d9f298afe4d275da66279b222ccdcb4d2e7c2eda850e,hindi_griffinlim_eval_final/fake_hindi_griffinlim/hindi_fake_0637.wav,0,6.552,0.5742877125740051,-0.6251060366630554,rms_matched,False,0.0243816370958513,hindi,0.12490063905715942,f4ee604449f0bccf330b0b3dec1201e20aa4db5a9eac3094d6847aa2304802a101515b61a081228f8507d9f298afe4d275da66279b222ccdcb4d2e7c2eda850e,0.0243816370958513,0.3608650139619517,0.3677509193525621,0.2681177543764615,0.0637627605094402,0.4351106882095337,6.552,f4ee604449f0bccf330b0b3dec1201e20aa4db5a9eac3094d6847aa2304802a101515b61a081228f8507d9f298afe4d275da66279b222ccdcb4d2e7c2eda850e,,,,,,,,
638,7570a71e8291317409ff389bd743ae3946da5a2b9540b1d3be2b8e42560a8338f8ced7349b801dee318d981a4d51d1fe60ece80dc66222d056395f1476a1df67,hindi_griffinlim_eval_final/fake_hindi_griffinlim/hindi_fake_0638.wav,0,5.256,-3.402506351470948,4.306853294372559,rms_matched,False,0.0235280886390611,hindi,-3.851893424987794,7570a71e8291317409ff389bd743ae3946da5a2b9540b1d3be2b8e42560a8338f8ced7349b801dee318d981a4d51d1fe60ece80dc66222d056395f1476a1df67,0.0235280886390611,0.3043419664837595,0.388421497697795,0.3032954127819029,0.0505223400513864,0.3287512063980102,5.256,7570a71e8291317409ff389bd743ae3946da5a2b9540b1d3be2b8e42560a8338f8ced7349b801dee318d981a4d51d1fe60ece80dc66222d056395f1476a1df67,,,,,,,,
639,ea8ef3168cd29cf3bb33c603fc49336a1b58747fac2bdd17b4f6d59f24ed30a903a1b574e5d276035f8c3141478664e8f36c46a55fb6637e08b183a0969615a0,hindi_griffinlim_eval_final/fake_hindi_griffinlim/hindi_fake_0639.wav,0,2.808,-4.692482948303223,5.429015159606934,rms_matched,False,0.0330433354606799,hindi,-5.141870021820068,ea8ef3168cd29cf3bb33c603fc49336a1b58747fac2bdd17b4f6d59f24ed30a903a1b574e5d276035f8c3141478664e8f36c46a55fb6637e08b183a0969615a0,0.0330433354606799,0.6426651704983616,0.238006533012287,0.1177969455790224,0.1360030495530718,0.7591572999954224,2.808,ea8ef3168cd29cf3bb33c603fc49336a1b58747fac2bdd17b4f6d59f24ed30a903a1b574e5d276035f8c3141478664e8f36c46a55fb6637e08b183a0969615a0,,,,,,,,
640,0d2120fd5389d89f197e877a642aeb305bd4d8a9820d642a3ca7e83fe64ca61a0a8b15a37958f3629aa855408d3eabc56d2521ff9a06db24bd0c95320f66efab,hindi_griffinlim_eval_final/fake_hindi_griffinlim/hindi_fake_0640.wav,0,6.948,-2.1815152168273926,2.884507656097412,rms_matched,False,0.0415012275204687,hindi,-2.6309022903442383,0d2120fd5389d89f197e877a642aeb305bd4d8a9820d642a3ca7e83fe64ca61a0a8b15a37958f3629aa855408d3eabc56d2521ff9a06db24bd0c95320f66efab,0.0415012275204687,0.6555087059261606,0.1879214117455973,0.1548993772724453,0.1370380185939324,0.965557873249054,6.948,0d2120fd5389d89f197e877a642aeb305bd4d8a9820d642a3ca7e83fe64ca61a0a8b15a37958f3629aa855408d3eabc56d2521ff9a06db24bd0c95320f66efab,,,,,,,,
641,4165462ba3028c7e25d5ff7abf7e81fe2d31ab129cfa039232a6753837447e299445e86cc1a94db3a8957d1cf55c3a1aaa96b297a0c75a814bc1a2df686daae8,hindi_griffinlim_eval_final/fake_hindi_griffinlim/hindi_fake_0641.wav,0,7.128,-1.5492569208145142,1.926519632339477,rms_matched,False,0.0219119734007018,hindi,-1.9986439943313599,4165462ba3028c7e25d5ff7abf7e81fe2d31ab129cfa039232a6753837447e299445e86cc1a94db3a8957d1cf55c3a1aaa96b297a0c75a814bc1a2df686daae8,0.0219119734007018,0.7733179240518748,0.1147501739715318,0.1104985039077166,0.1506000952937471,0.8235394358634949,7.128,4165462ba3028c7e25d5ff7abf7e81fe2d31ab129cfa039232a6753837447e299445e86cc1a94db3a8957d1cf55c3a1aaa96b297a0c75a814bc1a2df686daae8,,,,,,,,
642,16c775b5ac1a75459692a8e2c553ec084df96439cf53c5129ce1e5c20a9a04d3ed23204cf582fe74c9dc12a473fb3072139ea313cee5ce51c0d17acf8cd16333,hindi_griffinlim_eval_final/fake_hindi_griffinlim/hindi_fake_0642.wav,0,4.68,-0.2731329798698425,0.7306390404701233,rms_matched,False,0.105355595212331,hindi,-0.7225200533866882,16c775b5ac1a75459692a8e2c553ec084df96439cf53c5129ce1e5c20a9a04d3ed23204cf582fe74c9dc12a473fb3072139ea313cee5ce51c0d17acf8cd16333,0.105355595212331,0.5446614846936721,0.2523185047699897,0.2003702097878417,0.0915851227360977,0.6418302059173584,4.68,16c775b5ac1a75459692a8e2c553ec084df96439cf53c5129ce1e5c20a9a04d3ed23204cf582fe74c9dc12a473fb3072139ea313cee5ce51c0d17acf8cd16333,,,,,,,,
643,7645441bdc18d3b030505861df550d84664b9a9931552e1efeafab2fc218b84b74173a02073f3ab449dfd6be412293b9bfbe39fc0b97793fff0f586d8212ca0d,hindi_griffinlim_eval_final/fake_hindi_griffinlim/hindi_fake_0643.wav,0,5.436,-0.6650042533874512,1.1884304285049438,rms_matched,False,0.8404810924977051,hindi,-1.1143913269042969,7645441bdc18d3b030505861df550d84664b9a9931552e1efeafab2fc218b84b74173a02073f3ab449dfd6be412293b9bfbe39fc0b97793fff0f586d8212ca0d,0.8404810924977051,0.8260160414709752,0.1735415633602008,0.0003326748018919,0.1167882845288017,0.9639892578125,5.424,7645441bdc18d3b030505861df550d84664b9a9931552e1efeafab2fc218b84b74173a02073f3ab449dfd6be412293b9bfbe39fc0b97793fff0f586d8212ca0d,,,,,,,,
644,e0b0d9bee4bc7b503aa80e3cc2b981cba7d2cd3493201182fda6cfaf6bd0f3c06ed4dece1470c13e0a96e60f29ff7be6ceb53724edc3973a8e5594a8b8f2fb13,hindi_griffinlim_eval_final/fake_hindi_griffinlim/hindi_fake_0644.wav,0,6.696,-0.2065619975328445,0.451689064502716,rms_matched,False,0.0289042553744545,hindi,-0.6559490710496902,e0b0d9bee4bc7b503aa80e3cc2b981cba7d2cd3493201182fda6cfaf6bd0f3c06ed4dece1470c13e0a96e60f29ff7be6ceb53724edc3973a8e5594a8b8f2fb13,0.0289042553744545,0.4860169245325381,0.2620051094958578,0.2486403310878714,0.0813095092165072,0.4920347332954407,6.696,e0b0d9bee4bc7b503aa80e3cc2b981cba7d2cd3493201182fda6cfaf6bd0f3c06ed4dece1470c13e0a96e60f29ff7be6ceb53724edc3973a8e5594a8b8f2fb13,,,,,,,,
645,66a86ae3d3f3eb48e5bad97a370e6813f967d7744dc410051a5092e6bbd0da658ea468af2518aef0db5231c7bd0ed0034baa278b9bd688d6e2dc295d9692ecb8,hindi_griffinlim_eval_final/fake_hindi_griffinlim/hindi_fake_0645.wav,0,7.056,6.82973051071167,-8.726631164550781,rms_matched,False,0.0139766349830019,hindi,6.380343437194824,66a86ae3d3f3eb48e5bad97a370e6813f967d7744dc410051a5092e6bbd0da658ea468af2518aef0db5231c7bd0ed0034baa278b9bd688d6e2dc295d9692ecb8,0.0139766349830019,0.1685787056330174,0.3678867056827321,0.4589670044676238,0.0230059825771233,0.2998362779617309,7.056,66a86ae3d3f3eb48e5bad97a370e6813f967d7744dc410051a5092e6bbd0da658ea468af2518aef0db5231c7bd0ed0034baa278b9bd688d6e2dc295d9692ecb8,,,,,,,,
646,02a40eed38bf20ab1ddca1a5c60f5b2cadd5455be21c7a1ab8e87d65a6fec68495c0d24d8fecdfe3f9d132fdfa842dba33dca093df21b19f3d325519779d13d0,hindi_griffinlim_eval_final/fake_hindi_griffinlim/hindi_fake_0646.wav,0,5.436,-0.510273277759552,0.8733435273170471,rms_matched,False,0.0181075973038546,hindi,-0.9596603512763977,02a40eed38bf20ab1ddca1a5c60f5b2cadd5455be21c7a1ab8e87d65a6fec68495c0d24d8fecdfe3f9d132fdfa842dba33dca093df21b19f3d325519779d13d0,0.0181075973038546,0.3277741212398571,0.3369407510690702,0.3310677762322515,0.0476174251416435,0.244178295135498,5.436,02a40eed38bf20ab1ddca1a5c60f5b2cadd5455be21c7a1ab8e87d65a6fec68495c0d24d8fecdfe3f9d132fdfa842dba33dca093df21b19f3d325519779d13d0,,,,,,,,
647,0175f4388a3ca66faae78ea57819f8aab986d188f874dde198e28b64248291dde8f43a6912b9de4854f9862a8f832961da3e9194bec9ebef96b1c9b66d956422,hindi_griffinlim_eval_final/fake_hindi_griffinlim/hindi_fake_0647.wav,0,5.508,-0.4486978054046631,0.8436771035194397,rms_matched,False,0.1384469243580834,hindi,-0.8980848789215088,0175f4388a3ca66faae78ea57819f8aab986d188f874dde198e28b64248291dde8f43a6912b9de4854f9862a8f832961da3e9194bec9ebef96b1c9b66d956422,0.1384469243580834,0.5599697479136554,0.2281665503493472,0.2092358706800574,0.0896023903561386,0.6758444905281067,5.508,0175f4388a3ca66faae78ea57819f8aab986d188f874dde198e28b64248291dde8f43a6912b9de4854f9862a8f832961da3e9194bec9ebef96b1c9b66d956422,,,,,,,,
648,f4276b793d63656aa644af3755eec97ff45d8df43323576969e1722c9b9f099002febe4c6f3a9401ad2a7011623e315d775ae5c19f3901dfc9cb44d20a5c91df,hindi_griffinlim_eval_final/fake_hindi_griffinlim/hindi_fake_0648.wav,0,6.336,-0.9770729541778564,1.48335599899292,rms_matched,False,0.0758408192763494,hindi,-1.4264600276947021,f4276b793d63656aa644af3755eec97ff45d8df43323576969e1722c9b9f099002febe4c6f3a9401ad2a7011623e315d775ae5c19f3901dfc9cb44d20a5c91df,0.0758408192763494,0.4340294881318895,0.2912796932143497,0.2711393633604568,0.0685413751489548,0.5685893297195435,6.336,f4276b793d63656aa644af3755eec97ff45d8df43323576969e1722c9b9f099002febe4c6f3a9401ad2a7011623e315d775ae5c19f3901dfc9cb44d20a5c91df,,,,,,,,
649,a77463c4923319faa0aa9e316c75a0c0b8b57506ca68d5ae159872b937710f58e5559c8f319e0d9b23c3c80f7bff29a739634859ac38c3cb38e1f278cc7d4b97,hindi_griffinlim_eval_final/fake_hindi_griffinlim/hindi_fake_0649.wav,0,4.176,-0.2179333120584488,0.5357958674430847,rms_matched,False,0.026408983090608,hindi,-0.6673203855752945,a77463c4923319faa0aa9e316c75a0c0b8b57506ca68d5ae159872b937710f58e5559c8f319e0d9b23c3c80f7bff29a739634859ac38c3cb38e1f278cc7d4b97,0.026408983090608,0.3335628428483071,0.3385083341146327,0.3236241316494516,0.0461056638030063,0.2254874110221862,4.176,a77463c4923319faa0aa9e316c75a0c0b8b57506ca68d5ae159872b937710f58e5559c8f319e0d9b23c3c80f7bff29a739634859ac38c3cb38e1f278cc7d4b97,,,,,,,,
650,4c946f553c704abd727b3818b1d22dba011a368043575278b58ae219f71cb8914e6cac82abe55d7da17f49bea4cceb3b96c17355a6f5b078c19a947defb9061c,hindi_griffinlim_eval_final/fake_hindi_griffinlim/hindi_fake_0650.wav,0,5.472,-5.40500545501709,6.130177974700928,rms_matched,False,0.0343580429362943,hindi,-5.8543925285339355,4c946f553c704abd727b3818b1d22dba011a368043575278b58ae219f71cb8914e6cac82abe55d7da17f49bea4cceb3b96c17355a6f5b078c19a947defb9061c,0.0343580429362943,0.6296561583218774,0.2005286690654521,0.1678543106299863,0.1263351279219435,0.7921341061592102,5.472,4c946f553c704abd727b3818b1d22dba011a368043575278b58ae219f71cb8914e6cac82abe55d7da17f49bea4cceb3b96c17355a6f5b078c19a947defb9061c,,,,,,,,
651,2de3db24e998f00d734a8da3c51f592d40cdff55dfae3f290f4b0ef2e1acb63313eba952692afa76afcc1912d4c5fbd103d7bc838757a2bd55293827e758500e,hindi_griffinlim_eval_final/fake_hindi_griffinlim/hindi_fake_0651.wav,0,4.788,1.2747790813446045,-1.81879985332489,rms_matched,False,0.0266061307776495,hindi,0.8253920078277588,2de3db24e998f00d734a8da3c51f592d40cdff55dfae3f290f4b0ef2e1acb63313eba952692afa76afcc1912d4c5fbd103d7bc838757a2bd55293827e758500e,0.0266061307776495,0.3880096053206693,0.3097753094780919,0.2985687530330724,0.0623367428797038,0.3597184419631958,4.788,2de3db24e998f00d734a8da3c51f592d40cdff55dfae3f290f4b0ef2e1acb63313eba952692afa76afcc1912d4c5fbd103d7bc838757a2bd55293827e758500e,,,,,,,,
652,ef72dad515c406393c07ffac9b57e6cd1e83073c82a001d49ea19a30fd9976d0d50d4c5cffcfdbec8ea222c152695775d85c227194f2e56516531e1c8e76ff70,hindi_griffinlim_eval_final/fake_hindi_griffinlim/hindi_fake_0652.wav,0,4.056,-0.4136742949485779,0.9077903628349304,rms_matched,False,0.0361276017857598,hindi,-0.8630613684654236,ef72dad515c406393c07ffac9b57e6cd1e83073c82a001d49ea19a30fd9976d0d50d4c5cffcfdbec8ea222c152695775d85c227194f2e56516531e1c8e76ff70,0.0361276017857598,0.5069494505666303,0.3345075162762904,0.1568547425757881,0.1201604153494615,0.850497305393219,4.056,ef72dad515c406393c07ffac9b57e6cd1e83073c82a001d49ea19a30fd9976d0d50d4c5cffcfdbec8ea222c152695775d85c227194f2e56516531e1c8e76ff70,0.4246094204882231,0.3606613390901548,0.2147292404216221,0.7241492464971715,14.465229859712773,0.1479510692534428,0.4003181839984487,0.5709712259578021
653,68cb270e1215efd79204c075fb9df17b4ea024a7c09f74970ea4e506e73229238b2c3b3fc62c0f650e4fbd93cfbdd109b4442bcd5292c50b81cf80146568bf42,hindi_griffinlim_eval_final/fake_hindi_griffinlim/hindi_fake_0653.wav,0,7.992,-0.0995571464300155,0.1557468324899673,rms_matched,False,0.0117266982094623,hindi,-0.5489442199468612,68cb270e1215efd79204c075fb9df17b4ea024a7c09f74970ea4e506e73229238b2c3b3fc62c0f650e4fbd93cfbdd109b4442bcd5292c50b81cf80146568bf42,0.0117266982094623,0.2714762421276142,0.3968324354653307,0.3274057664379389,0.0409401788689125,0.2519310116767883,7.992,68cb270e1215efd79204c075fb9df17b4ea024a7c09f74970ea4e506e73229238b2c3b3fc62c0f650e4fbd93cfbdd109b4442bcd5292c50b81cf80146568bf42,,,,,,,,
654,1605878cdc4bdeab0724827abc448ec019fcc59763e097294754173714e955fe80a28c12eed4a39a58f442138b886e755cd644efb115aa2599c6e50a20e63a74,hindi_griffinlim_eval_final/fake_hindi_griffinlim/hindi_fake_0654.wav,0,3.888,-1.9535821676254272,2.8040108680725098,rms_matched,False,0.0511690761752058,hindi,-2.402969241142273,1605878cdc4bdeab0724827abc448ec019fcc59763e097294754173714e955fe80a28c12eed4a39a58f442138b886e755cd644efb115aa2599c6e50a20e63a74,0.0511690761752058,0.330806068028594,0.4032439740451377,0.263506954370132,0.0806407295962127,0.7443313002586365,3.888,1605878cdc4bdeab0724827abc448ec019fcc59763e097294754173714e955fe80a28c12eed4a39a58f442138b886e755cd644efb115aa2599c6e50a20e63a74,,,,,,,,
655,b69e010df6113e5d308dc62955e0f00639179e3f7074a50ff065d102adab88d624810f4c5bb6e59977dd65ba69bdff66ff08dc72ff47bd0dbd8dace3e3c392d7,hindi_griffinlim_eval_final/fake_hindi_griffinlim/hindi_fake_0655.wav,0,5.688,6.199358940124512,-8.075528144836426,rms_matched,False,0.0139330910719968,hindi,5.749971866607666,b69e010df6113e5d308dc62955e0f00639179e3f7074a50ff065d102adab88d624810f4c5bb6e59977dd65ba69bdff66ff08dc72ff47bd0dbd8dace3e3c392d7,0.0139330910719968,0.2152918703413449,0.3906843280064078,0.3890051272239846,0.0239197260113117,0.1201632618904113,5.688,b69e010df6113e5d308dc62955e0f00639179e3f7074a50ff065d102adab88d624810f4c5bb6e59977dd65ba69bdff66ff08dc72ff47bd0dbd8dace3e3c392d7,,,,,,,,
656,cea40007071ea914e41633e74d05142fd1f5f8f49c154534816017cf89ce625657c804fe479fe87c08854ecd847697d6ca0fb6bcf424006c307f65430c34785e,hindi_griffinlim_eval_final/fake_hindi_griffinlim/hindi_fake_0656.wav,0,4.572,4.424637794494629,-5.365272521972656,rms_matched,False,0.019564721545941,hindi,3.975250720977783,cea40007071ea914e41633e74d05142fd1f5f8f49c154534816017cf89ce625657c804fe479fe87c08854ecd847697d6ca0fb6bcf424006c307f65430c34785e,0.019564721545941,0.3278616661208426,0.3833105702899713,0.2853477763063026,0.066018087163837,0.4350517988204956,4.572,cea40007071ea914e41633e74d05142fd1f5f8f49c154534816017cf89ce625657c804fe479fe87c08854ecd847697d6ca0fb6bcf424006c307f65430c34785e,,,,,,,,
657,b5368a2dff773c397ef5c49e62c79de17d88d95d2079d13c22dfd061e40dd1528406716bf6158aee618664f8bd5cd01289e1e410afda482364672472b003fd9b,hindi_griffinlim_eval_final/fake_hindi_griffinlim/hindi_fake_0657.wav,0,6.3,3.08530068397522,-3.786535501480103,rms_matched,False,0.2461472811996978,hindi,2.6359136104583745,b5368a2dff773c397ef5c49e62c79de17d88d95d2079d13c22dfd061e40dd1528406716bf6158aee618664f8bd5cd01289e1e410afda482364672472b003fd9b,0.2461472811996978,0.4314793812231436,0.2919108765046034,0.2729979513067441,0.0659257364281748,0.7544882893562317,6.3,b5368a2dff773c397ef5c49e62c79de17d88d95d2079d13c22dfd061e40dd1528406716bf6158aee618664f8bd5cd01289e1e410afda482364672472b003fd9b,,,,,,,,
658,95cc33ae73783f08510cc8b475a3f7da1144f0cdbfbe42446afc4e8942bf842722a12076a164393f2c52e0db9026e5f129a90feb451956b70f7366a89e026f1c,hindi_griffinlim_eval_final/fake_hindi_griffinlim/hindi_fake_0658.wav,0,6.408,7.011423110961914,-9.07767105102539,rms_matched,False,0.0105131877968505,hindi,6.562036037445068,95cc33ae73783f08510cc8b475a3f7da1144f0cdbfbe42446afc4e8942bf842722a12076a164393f2c52e0db9026e5f129a90feb451956b70f7366a89e026f1c,0.0105131877968505,0.1912516933062709,0.4038890174137748,0.3997457419122711,0.0194430514436734,0.0862464308738708,6.408,95cc33ae73783f08510cc8b475a3f7da1144f0cdbfbe42446afc4e8942bf842722a12076a164393f2c52e0db9026e5f129a90feb451956b70f7366a89e026f1c,,,,,,,,
659,0d095340640de1eed083de79682cd69d43729d60e08c0a6819dd49b8f15d143165cd66c8061dffa3ce372d4356c10e0bc5cc1a3a224cbe7e1cfeca4c5cfb413d,hindi_griffinlim_eval_final/fake_hindi_griffinlim/hindi_fake_0659.wav,0,7.056,1.1289454698562622,-1.6882641315460205,rms_matched,False,0.0289158382800599,hindi,0.6795583963394165,0d095340640de1eed083de79682cd69d43729d60e08c0a6819dd49b8f15d143165cd66c8061dffa3ce372d4356c10e0bc5cc1a3a224cbe7e1cfeca4c5cfb413d,0.0289158382800599,0.4027540079251714,0.308744747322073,0.2847226733362585,0.0610374886836603,0.3924747109413147,7.056,0d095340640de1eed083de79682cd69d43729d60e08c0a6819dd49b8f15d143165cd66c8061dffa3ce372d4356c10e0bc5cc1a3a224cbe7e1cfeca4c5cfb413d,,,,,,,,
660,ea8f8541a19f474c4246d33005ad2c365f8b82b7a9b214bc39bd7b0ea6469e6d17fc574bce867f5fa60612c98df61735b7e95bf0d9c731a290e4c4bd515098bb,hindi_griffinlim_eval_final/fake_hindi_griffinlim/hindi_fake_0660.wav,0,3.06,-0.1224064528942108,0.1081715375185012,rms_matched,False,0.1408107331808706,hindi,-0.5717935264110565,ea8f8541a19f474c4246d33005ad2c365f8b82b7a9b214bc39bd7b0ea6469e6d17fc574bce867f5fa60612c98df61735b7e95bf0d9c731a290e4c4bd515098bb,0.1408107331808706,0.6535363737566701,0.2117131298405662,0.1330011625681532,0.1247159428566488,0.8568829894065857,3.06,ea8f8541a19f474c4246d33005ad2c365f8b82b7a9b214bc39bd7b0ea6469e6d17fc574bce867f5fa60612c98df61735b7e95bf0d9c731a290e4c4bd515098bb,,,,,,,,
661,68b08c34ed8b5919c7565855d192c459a11812d7fdaaebf088cb6579ae585983139315774bcb13db7e2a5d51f8c236ea2f485e182c91e2edd75609091f07d48c,hindi_griffinlim_eval_final/fake_hindi_griffinlim/hindi_fake_0661.wav,0,4.86,-1.103077054023743,1.5339040756225586,rms_matched,False,0.0381537776915541,hindi,-1.5524641275405886,68b08c34ed8b5919c7565855d192c459a11812d7fdaaebf088cb6579ae585983139315774bcb13db7e2a5d51f8c236ea2f485e182c91e2edd75609091f07d48c,0.0381537776915541,0.3230519147637201,0.3999188392506638,0.2731826587747787,0.0556313918613632,0.4039767980575561,4.86,68b08c34ed8b5919c7565855d192c459a11812d7fdaaebf088cb6579ae585983139315774bcb13db7e2a5d51f8c236ea2f485e182c91e2edd75609091f07d48c,,,,,,,,
662,3512a2ce63a4044e19713803ad92889a443d1d6fe4e83bd00833b842957b10139899aa75c48d47ecd6d7e02112c2f7d3dbf5e752d40bfb9bffe073a8983b56b9,hindi_griffinlim_eval_final/fake_hindi_griffinlim/hindi_fake_0662.wav,0,6.408,2.857654571533203,-3.56611967086792,rms_matched,False,0.0109691835125395,hindi,2.4082674980163574,3512a2ce63a4044e19713803ad92889a443d1d6fe4e83bd00833b842957b10139899aa75c48d47ecd6d7e02112c2f7d3dbf5e752d40bfb9bffe073a8983b56b9,0.0109691835125395,0.2290383624111924,0.4158097418627575,0.350488769872559,0.0329456117999909,0.1691039800643921,6.408,3512a2ce63a4044e19713803ad92889a443d1d6fe4e83bd00833b842957b10139899aa75c48d47ecd6d7e02112c2f7d3dbf5e752d40bfb9bffe073a8983b56b9,,,,,,,,
663,ffcbc3951f469a43cf363b5df83d56ab30c65a40bb5bf05ee2ae8f98f55d6c76d8cf505d8bd32cf189c373ef1e0a52d01d2fc3cfeea863dd3ea1546eb2ef68cf,hindi_griffinlim_eval_final/fake_hindi_griffinlim/hindi_fake_0663.wav,0,6.516,-3.673883438110352,4.494856357574463,rms_matched,False,0.0421665951710243,hindi,-4.123270511627197,ffcbc3951f469a43cf363b5df83d56ab30c65a40bb5bf05ee2ae8f98f55d6c76d8cf505d8bd32cf189c373ef1e0a52d01d2fc3cfeea863dd3ea1546eb2ef68cf,0.0421665951710243,0.4047284431385282,0.3425360633884762,0.2499292344861383,0.0777041733491436,0.6278300285339355,6.516,ffcbc3951f469a43cf363b5df83d56ab30c65a40bb5bf05ee2ae8f98f55d6c76d8cf505d8bd32cf189c373ef1e0a52d01d2fc3cfeea863dd3ea1546eb2ef68cf,,,,,,,,
664,b9e669f9010e60c988c15c6c357649706d91c33219725e9a2b12fe7903fa536fc8b34a51ea158f2ba92027617b4944a2514cfa7beb4249f26b23754403940006,hindi_griffinlim_eval_final/fake_hindi_griffinlim/hindi_fake_0664.wav,0,6.516,-1.933704733848572,2.594521760940552,rms_matched,False,0.3838476899834361,hindi,-2.3830918073654175,b9e669f9010e60c988c15c6c357649706d91c33219725e9a2b12fe7903fa536fc8b34a51ea158f2ba92027617b4944a2514cfa7beb4249f26b23754403940006,0.3838476899834361,0.9670146216390384,0.0313777491996277,0.0015325521213737,0.148280053823478,0.87762451171875,6.512,b9e669f9010e60c988c15c6c357649706d91c33219725e9a2b12fe7903fa536fc8b34a51ea158f2ba92027617b4944a2514cfa7beb4249f26b23754403940006,,,,,,,,
665,23e7986df66ecae7556379ef6a8c59490f3a38d789ddcbb9af2e0bdac45ded855c8a27be3ec862f45918adec219022883c1f64ea3ca811371c818856357ef5be,hindi_griffinlim_eval_final/fake_hindi_griffinlim/hindi_fake_0665.wav,0,5.508,-4.021327018737793,4.748363494873047,rms_matched,False,0.0737147546074055,hindi,-4.470714092254639,23e7986df66ecae7556379ef6a8c59490f3a38d789ddcbb9af2e0bdac45ded855c8a27be3ec862f45918adec219022883c1f64ea3ca811371c818856357ef5be,0.0737147546074055,0.9442229855108468,0.0397636058685239,0.0159650020394259,0.1747505109122223,0.936614990234375,5.504,23e7986df66ecae7556379ef6a8c59490f3a38d789ddcbb9af2e0bdac45ded855c8a27be3ec862f45918adec219022883c1f64ea3ca811371c818856357ef5be,,,,,,,,
666,d39d516dfccbf4297a953030579625b84d76314cdd257472c46f3116b9f0238183eaa531151e2a8bd4968015c10fb293e815f5a2c36475f899e88f5ed90676ea,hindi_griffinlim_eval_final/fake_hindi_griffinlim/hindi_fake_0666.wav,0,4.5,-0.6119554042816162,0.624434769153595,rms_matched,False,0.1599644852664917,hindi,-1.061342477798462,d39d516dfccbf4297a953030579625b84d76314cdd257472c46f3116b9f0238183eaa531151e2a8bd4968015c10fb293e815f5a2c36475f899e88f5ed90676ea,0.1599644852664917,0.5171959479869502,0.253707247210892,0.2261661728953944,0.0883305890451095,0.7363450527191162,4.5,d39d516dfccbf4297a953030579625b84d76314cdd257472c46f3116b9f0238183eaa531151e2a8bd4968015c10fb293e815f5a2c36475f899e88f5ed90676ea,,,,,,,,
667,9296b5aa6010d28b45a780046d322620298dbbf3189b322a311bd2aaf58e1b3d55d7ca923cccd5f1fadb32a84b85b5c86517b92c6cdefbcee928d6ea9af98645,hindi_griffinlim_eval_final/fake_hindi_griffinlim/hindi_fake_0667.wav,0,7.128,-1.0540679693222046,1.5924625396728516,rms_matched,False,0.0193242591201214,hindi,-1.5034550428390503,9296b5aa6010d28b45a780046d322620298dbbf3189b322a311bd2aaf58e1b3d55d7ca923cccd5f1fadb32a84b85b5c86517b92c6cdefbcee928d6ea9af98645,0.0193242591201214,0.3461169206427247,0.3791011860827092,0.2712747637894011,0.0599376313019852,0.3902467489242553,7.128,9296b5aa6010d28b45a780046d322620298dbbf3189b322a311bd2aaf58e1b3d55d7ca923cccd5f1fadb32a84b85b5c86517b92c6cdefbcee928d6ea9af98645,,,,,,,,
668,75c6bb7203a8fae0c08c18b39bebaf7f25f86e3b2cdbb1dbd65927288474b3fa5b24c5c88144d238b93b8327677bdfbdf560078a95a3594a6b6ea7dbf3f3eec8,hindi_griffinlim_eval_final/fake_hindi_griffinlim/hindi_fake_0668.wav,0,5.94,-5.856451988220215,6.6953535079956055,rms_matched,False,0.0407561037846182,hindi,-6.3058390617370605,75c6bb7203a8fae0c08c18b39bebaf7f25f86e3b2cdbb1dbd65927288474b3fa5b24c5c88144d238b93b8327677bdfbdf560078a95a3594a6b6ea7dbf3f3eec8,0.0407561037846182,0.6156483325198502,0.210108438108609,0.1724734871710805,0.1202554999060641,0.7786833643913269,5.94,75c6bb7203a8fae0c08c18b39bebaf7f25f86e3b2cdbb1dbd65927288474b3fa5b24c5c88144d238b93b8327677bdfbdf560078a95a3594a6b6ea7dbf3f3eec8,0.5553082373269783,0.2438191501133961,0.2008726125596256,0.6955277890732041,14.595917688589736,0.1440635706958227,0.3800442170679844,0.5395873235572826
669,ec1882fc4ac252c0d462191a4703bb6c913b73dd21950682e8327a6a076c8333f4c5708f7d9426b51a98435d5f79d26ca06428a64a6ac9513537409eb663f5af,hindi_griffinlim_eval_final/fake_hindi_griffinlim/hindi_fake_0669.wav,0,5.508,5.697039604187012,-7.340963363647461,rms_matched,False,0.0130601016441045,hindi,5.247652530670166,ec1882fc4ac252c0d462191a4703bb6c913b73dd21950682e8327a6a076c8333f4c5708f7d9426b51a98435d5f79d26ca06428a64a6ac9513537409eb663f5af,0.0130601016441045,0.2419441919930991,0.3818425653506677,0.3712903002202745,0.0306029366584117,0.1358328461647033,5.508,ec1882fc4ac252c0d462191a4703bb6c913b73dd21950682e8327a6a076c8333f4c5708f7d9426b51a98435d5f79d26ca06428a64a6ac9513537409eb663f5af,,,,,,,,
670,621e009fa43e75aecd867db6acd010a1a280b1faeb916e3a5e1a0bf8346fd32406c7ac120765bc592bf0484fcc239c756ead9625c64f9c6b3e9210bdf698995c,hindi_griffinlim_eval_final/fake_hindi_griffinlim/hindi_fake_0670.wav,0,7.236,-0.2863067388534546,0.4989172518253326,rms_matched,False,0.0241466890431919,hindi,-0.7356938123703003,621e009fa43e75aecd867db6acd010a1a280b1faeb916e3a5e1a0bf8346fd32406c7ac120765bc592bf0484fcc239c756ead9625c64f9c6b3e9210bdf698995c,0.0241466890431919,0.3781849325480997,0.3297001875855981,0.288329722939727,0.0566616536530073,0.3513583540916443,7.236,621e009fa43e75aecd867db6acd010a1a280b1faeb916e3a5e1a0bf8346fd32406c7ac120765bc592bf0484fcc239c756ead9625c64f9c6b3e9210bdf698995c,,,,,,,,
671,9be22651e8bee8e72a3187d9a27f0e9ed24c178b528062b4ae5d6a2a32dbb8c6001f6d3f15d60270fefa422a2c58426a2c915931d43266eb48a2d15836111a95,hindi_griffinlim_eval_final/fake_hindi_griffinlim/hindi_fake_0671.wav,0,4.68,3.259252548217773,-3.947908878326416,rms_matched,False,0.1048082634919016,hindi,2.8098654747009273,9be22651e8bee8e72a3187d9a27f0e9ed24c178b528062b4ae5d6a2a32dbb8c6001f6d3f15d60270fefa422a2c58426a2c915931d43266eb48a2d15836111a95,0.1048082634919016,0.3961334117879111,0.3106875067354786,0.2893149302477211,0.0571818870208852,0.4913222789764404,4.68,9be22651e8bee8e72a3187d9a27f0e9ed24c178b528062b4ae5d6a2a32dbb8c6001f6d3f15d60270fefa422a2c58426a2c915931d43266eb48a2d15836111a95,,,,,,,,
672,0f018a99663f33afbb7d38aee281fb1afcfd07f9e7acd00383f604e1e17c38d6ed8adf1bd2ccbf927a52c5adefb8ac4b158ce27a7c2ed9581e71202eb302dfb3,hindi_griffinlim_eval_final/fake_hindi_griffinlim/hindi_fake_0672.wav,0,3.276,-3.6155266761779785,4.403512001037598,rms_matched,False,0.0147939650520801,hindi,-4.064913749694824,0f018a99663f33afbb7d38aee281fb1afcfd07f9e7acd00383f604e1e17c38d6ed8adf1bd2ccbf927a52c5adefb8ac4b158ce27a7c2ed9581e71202eb302dfb3,0.0147939650520801,0.4794775024635931,0.4133094413066678,0.1059385868723705,0.1432360303916688,0.990000069141388,3.276,0f018a99663f33afbb7d38aee281fb1afcfd07f9e7acd00383f604e1e17c38d6ed8adf1bd2ccbf927a52c5adefb8ac4b158ce27a7c2ed9581e71202eb302dfb3,,,,,,,,
673,552fd8cf90f15edcaf7388b1164d58d7eae5f20674dc780b9efb9d43c80af1ccbdef88d0ddfb76038b9614eda2b556cbb4fa8a46ca54ad7dcc43d9298b63f1eb,hindi_griffinlim_eval_final/fake_hindi_griffinlim/hindi_fake_0673.wav,0,3.708,5.888250350952148,-7.603726387023926,rms_matched,False,0.0175172578356316,hindi,5.438863277435303,552fd8cf90f15edcaf7388b1164d58d7eae5f20674dc780b9efb9d43c80af1ccbdef88d0ddfb76038b9614eda2b556cbb4fa8a46ca54ad7dcc43d9298b63f1eb,0.0175172578356316,0.3015845210618102,0.3462810808157726,0.3479340876630273,0.0459090494352143,0.2169790267944336,3.708,552fd8cf90f15edcaf7388b1164d58d7eae5f20674dc780b9efb9d43c80af1ccbdef88d0ddfb76038b9614eda2b556cbb4fa8a46ca54ad7dcc43d9298b63f1eb,,,,,,,,
674,ec78af2b863dab21a727f2ae9acf3ca8000403bcaaa82e800686048efeb2dcd359c7afd61fc63ea272d52e127546ccc8650a9df372bdb8f30a4df59e828cc263,hindi_griffinlim_eval_final/fake_hindi_griffinlim/hindi_fake_0674.wav,0,6.408,0.2371193170547485,-0.3053872585296631,rms_matched,False,0.0149813142985251,hindi,-0.2122677564620972,ec78af2b863dab21a727f2ae9acf3ca8000403bcaaa82e800686048efeb2dcd359c7afd61fc63ea272d52e127546ccc8650a9df372bdb8f30a4df59e828cc263,0.0149813142985251,0.2828134981832581,0.3946160814783076,0.3181959446464765,0.0438387753826505,0.2511504888534546,6.408,ec78af2b863dab21a727f2ae9acf3ca8000403bcaaa82e800686048efeb2dcd359c7afd61fc63ea272d52e127546ccc8650a9df372bdb8f30a4df59e828cc263,,,,,,,,
675,95340b846e677ea27571958308bb11e2403ec2e4464bba7c97372d324e628a906f6be086595117707361a5dd7b41295d64031b6b2a5f2e50f6dc0a1841fd7fa2,hindi_griffinlim_eval_final/fake_hindi_griffinlim/hindi_fake_0675.wav,0,7.884,6.933429718017578,-8.998777389526367,rms_matched,False,0.0089926846244317,hindi,6.484042644500732,95340b846e677ea27571958308bb11e2403ec2e4464bba7c97372d324e628a906f6be086595117707361a5dd7b41295d64031b6b2a5f2e50f6dc0a1841fd7fa2,0.0089926846244317,0.211732496880626,0.395438390226703,0.387777503768902,0.0238184896522973,0.1259322762489318,7.884,95340b846e677ea27571958308bb11e2403ec2e4464bba7c97372d324e628a906f6be086595117707361a5dd7b41295d64031b6b2a5f2e50f6dc0a1841fd7fa2,,,,,,,,
676,78ece404c10c0cffd89ca462c3b3c90a2a01c6952c6ddde490d8ee2328c5c86af021cb340fdc9f2e1cad3733905d00d25292a63c668178c3cf8cf8fe02947c58,hindi_griffinlim_eval_final/fake_hindi_griffinlim/hindi_fake_0676.wav,0,6.66,-0.5975064635276794,1.0448428392410278,rms_matched,False,0.030952263217544,hindi,-1.0468935370445251,78ece404c10c0cffd89ca462c3b3c90a2a01c6952c6ddde490d8ee2328c5c86af021cb340fdc9f2e1cad3733905d00d25292a63c668178c3cf8cf8fe02947c58,0.030952263217544,0.4007212431371432,0.3149488371687323,0.2810094601570373,0.0716900291740644,0.5371856093406677,6.66,78ece404c10c0cffd89ca462c3b3c90a2a01c6952c6ddde490d8ee2328c5c86af021cb340fdc9f2e1cad3733905d00d25292a63c668178c3cf8cf8fe02947c58,,,,,,,,
677,a8cef7bd6abaf998566f0ccf8db1ec57de7ea766b6d81496d00a45d203ac4c57386b31d9c6d11d1a9db94b00c5c32594ece3fe7e08bc5f00ae7a043c8a74d9cd,hindi_griffinlim_eval_final/fake_hindi_griffinlim/hindi_fake_0677.wav,0,7.056,-3.40794324874878,4.345113754272461,rms_matched,False,0.0805352356400623,hindi,-3.857330322265626,a8cef7bd6abaf998566f0ccf8db1ec57de7ea766b6d81496d00a45d203ac4c57386b31d9c6d11d1a9db94b00c5c32594ece3fe7e08bc5f00ae7a043c8a74d9cd,0.0805352356400623,0.4639617999903265,0.2922147633097113,0.2411182976111651,0.0821404410268551,0.7127745747566223,7.056,a8cef7bd6abaf998566f0ccf8db1ec57de7ea766b6d81496d00a45d203ac4c57386b31d9c6d11d1a9db94b00c5c32594ece3fe7e08bc5f00ae7a043c8a74d9cd,,,,,,,,
678,da10f782c53d93ec1dbf793a1f5404dbdfd390c9abdacd218d0c47e2366a569d50841b5ad9075f9b83e2c16b9194ab1be1f91e407a546218999fa14e2b49a3eb,hindi_griffinlim_eval_final/fake_hindi_griffinlim/hindi_fake_0678.wav,0,3.096,-3.799569129943848,4.606189727783203,rms_matched,False,0.1146085688199171,hindi,-4.248956203460693,da10f782c53d93ec1dbf793a1f5404dbdfd390c9abdacd218d0c47e2366a569d50841b5ad9075f9b83e2c16b9194ab1be1f91e407a546218999fa14e2b49a3eb,0.1146085688199171,0.6319501808565322,0.2122110778683732,0.1538021158181469,0.114201337696624,0.731192409992218,3.096,da10f782c53d93ec1dbf793a1f5404dbdfd390c9abdacd218d0c47e2366a569d50841b5ad9075f9b83e2c16b9194ab1be1f91e407a546218999fa14e2b49a3eb,,,,,,,,
679,80d92595b38c164010ef7313465d16463f2c96fa6fc022b2e01e189d36b259ca8c60d34dedd33eb9e2efc010529edd502641106737ba607a53218e01e86be40a,hindi_griffinlim_eval_final/fake_hindi_griffinlim/hindi_fake_0679.wav,0,7.236,-3.4868624210357666,4.36727237701416,rms_matched,False,0.0276085066084248,hindi,-3.9362494945526123,80d92595b38c164010ef7313465d16463f2c96fa6fc022b2e01e189d36b259ca8c60d34dedd33eb9e2efc010529edd502641106737ba607a53218e01e86be40a,0.0276085066084248,0.5078629705928174,0.3207129519131335,0.1693143363521847,0.1041967330483211,0.702698290348053,7.236,80d92595b38c164010ef7313465d16463f2c96fa6fc022b2e01e189d36b259ca8c60d34dedd33eb9e2efc010529edd502641106737ba607a53218e01e86be40a,0.4987728376399791,0.3176073955921296,0.1836197667678913,0.7003074403067788,14.587765372592392,0.1381304968341774,0.3800387824090516,0.5440901676841304
680,0a7f98f856cff63c03fcd05e03e181c17ce5d6545037394992a6f0afe1ed3716ef537d63a1e24a45ffc22233c24ee08fdec3372afad0b4389efc86ce4e7dee2c,hindi_griffinlim_eval_final/fake_hindi_griffinlim/hindi_fake_0680.wav,0,3.456,-2.6130034923553467,3.2466769218444824,rms_matched,False,0.2633744515891548,hindi,-3.0623905658721924,0a7f98f856cff63c03fcd05e03e181c17ce5d6545037394992a6f0afe1ed3716ef537d63a1e24a45ffc22233c24ee08fdec3372afad0b4389efc86ce4e7dee2c,0.2633744515891548,0.9835927830193346,0.0120075851313993,0.0043574652681048,0.1681177861921173,0.9398193359375,3.456,0a7f98f856cff63c03fcd05e03e181c17ce5d6545037394992a6f0afe1ed3716ef537d63a1e24a45ffc22233c24ee08fdec3372afad0b4389efc86ce4e7dee2c,,,,,,,,
681,f446689d92087b875d07eaa1d98e4b7e07ec4f8651762d73d8e0ecbae21be60e60a3b7356828d24a8c9071f872f21361ca196ae017820a2908412966f0a59df2,hindi_griffinlim_eval_final/fake_hindi_griffinlim/hindi_fake_0681.wav,0,5.94,6.006766319274902,-7.807395935058594,rms_matched,False,0.0162116898141417,hindi,5.557379245758057,f446689d92087b875d07eaa1d98e4b7e07ec4f8651762d73d8e0ecbae21be60e60a3b7356828d24a8c9071f872f21361ca196ae017820a2908412966f0a59df2,0.0162116898141417,0.2310781019331724,0.3868909528391488,0.3771354143131291,0.0254027402035552,0.1360873579978943,5.94,f446689d92087b875d07eaa1d98e4b7e07ec4f8651762d73d8e0ecbae21be60e60a3b7356828d24a8c9071f872f21361ca196ae017820a2908412966f0a59df2,,,,,,,,
682,7fbf4c95e3140e3dc38caf6b69156e7b0c31b692322f830bd453acafa852716c55556b85dab23eb2fcf7567541c68490442cf56fba72b2b29acffe250f110146,hindi_griffinlim_eval_final/fake_hindi_griffinlim/hindi_fake_0682.wav,0,5.508,1.4611295461654663,-2.1280975341796875,rms_matched,False,0.0362263029604917,hindi,1.0117424726486206,7fbf4c95e3140e3dc38caf6b69156e7b0c31b692322f830bd453acafa852716c55556b85dab23eb2fcf7567541c68490442cf56fba72b2b29acffe250f110146,0.0362263029604917,0.4662092439899662,0.2672442780158187,0.2632426697391951,0.0775175138427935,0.483574628829956,5.508,7fbf4c95e3140e3dc38caf6b69156e7b0c31b692322f830bd453acafa852716c55556b85dab23eb2fcf7567541c68490442cf56fba72b2b29acffe250f110146,,,,,,,,
683,5910123d516315dfc2a43523d5cbc63444096a4cd38bb8b772155e3c51fb2f1eb673beaa1603de242ad8aa5dafe9d0ebd85a1c02bc6a7ee45e636585932306ae,hindi_griffinlim_eval_final/fake_hindi_griffinlim/hindi_fake_0683.wav,0,2.988,6.998553276062012,-9.103279113769531,rms_matched,False,0.0259136937588693,hindi,6.549166202545166,5910123d516315dfc2a43523d5cbc63444096a4cd38bb8b772155e3c51fb2f1eb673beaa1603de242ad8aa5dafe9d0ebd85a1c02bc6a7ee45e636585932306ae,0.0259136937588693,0.1967675134032309,0.4049881864262662,0.3930246785142123,0.0177490925286049,0.0785481333732605,2.988,5910123d516315dfc2a43523d5cbc63444096a4cd38bb8b772155e3c51fb2f1eb673beaa1603de242ad8aa5dafe9d0ebd85a1c02bc6a7ee45e636585932306ae,,,,,,,,
684,95340b846e677ea27571958308bb11e2403ec2e4464bba7c97372d324e628a906f6be086595117707361a5dd7b41295d64031b6b2a5f2e50f6dc0a1841fd7fa2,hindi_griffinlim_eval_final/fake_hindi_griffinlim/hindi_fake_0684.wav,0,6.696,5.705061435699463,-7.427155494689941,rms_matched,False,0.0111984382104298,hindi,5.255674362182617,95340b846e677ea27571958308bb11e2403ec2e4464bba7c97372d324e628a906f6be086595117707361a5dd7b41295d64031b6b2a5f2e50f6dc0a1841fd7fa2,0.0111984382104298,0.2598189058433924,0.3726850643398836,0.3626612980357306,0.0344851358299498,0.1671223044395446,6.696,95340b846e677ea27571958308bb11e2403ec2e4464bba7c97372d324e628a906f6be086595117707361a5dd7b41295d64031b6b2a5f2e50f6dc0a1841fd7fa2,,,,,,,,
685,c3ef3ab4323cf25135e6b13c5baf4f313c3c59fea4cf21337ecb956e033b5b79db26a65c4279f7092dda2c2d1a5175e591e08ba495a247500fe295c3b8cc5327,hindi_griffinlim_eval_final/fake_hindi_griffinlim/hindi_fake_0685.wav,0,3.144,3.1677982807159424,-4.201000213623047,rms_matched,False,0.1645895390988511,hindi,2.7184112071990967,c3ef3ab4323cf25135e6b13c5baf4f313c3c59fea4cf21337ecb956e033b5b79db26a65c4279f7092dda2c2d1a5175e591e08ba495a247500fe295c3b8cc5327,0.1645895390988511,0.6274292039089991,0.1872307312668725,0.1828037039775724,0.1063056516456741,0.7266565561294556,3.144,c3ef3ab4323cf25135e6b13c5baf4f313c3c59fea4cf21337ecb956e033b5b79db26a65c4279f7092dda2c2d1a5175e591e08ba495a247500fe295c3b8cc5327,,,,,,,,
686,c61dfdcb5c80424483b0d50a3dfa425610d6b7850a341571bd0e34c8a4d96fd3e8c53d963dd19f7a44a40cde8c84d2e0ac7043114c9f70604f378dcb27a96199,hindi_griffinlim_eval_final/fake_hindi_griffinlim/hindi_fake_0686.wav,0,6.228,1.046652913093567,-1.425715446472168,rms_matched,False,0.0027027812477072,hindi,0.5972658395767212,c61dfdcb5c80424483b0d50a3dfa425610d6b7850a341571bd0e34c8a4d96fd3e8c53d963dd19f7a44a40cde8c84d2e0ac7043114c9f70604f378dcb27a96199,0.0027027812477072,0.1607368782728479,0.2499228528919986,0.5867840157050568,0.0590219143536335,0.6559188365936279,6.228,c61dfdcb5c80424483b0d50a3dfa425610d6b7850a341571bd0e34c8a4d96fd3e8c53d963dd19f7a44a40cde8c84d2e0ac7043114c9f70604f378dcb27a96199,,,,,,,,
687,23dd6e26b3a5106b8ad2de2def45e53280a12df6c47364b2bf652743a0198329d4e46b73fe42287703f0146d0bdb9be101cb22064f7b79578248fdc2ca2085f0,hindi_griffinlim_eval_final/fake_hindi_griffinlim/hindi_fake_0687.wav,0,5.112,-0.4187287092208862,0.7487161755561829,rms_matched,False,0.0608546868387428,hindi,-0.8681157827377319,23dd6e26b3a5106b8ad2de2def45e53280a12df6c47364b2bf652743a0198329d4e46b73fe42287703f0146d0bdb9be101cb22064f7b79578248fdc2ca2085f0,0.0608546868387428,0.6092618507872203,0.2099939301342742,0.1783713409611765,0.1131922911708771,0.7358829975128174,5.112,23dd6e26b3a5106b8ad2de2def45e53280a12df6c47364b2bf652743a0198329d4e46b73fe42287703f0146d0bdb9be101cb22064f7b79578248fdc2ca2085f0,,,,,,,,
688,d5880664e0b201cf24b4972ea9890b801afe05af05cd4302d95952f06934198872328efbf6eb11bf51e169d4c62a0e8756088bbe001fc353a9b6d080ed9ee3dc,hindi_griffinlim_eval_final/fake_hindi_griffinlim/hindi_fake_0688.wav,0,5.724,-5.901780605316162,6.821300506591797,rms_matched,False,0.0328258766237041,hindi,-6.351167678833008,d5880664e0b201cf24b4972ea9890b801afe05af05cd4302d95952f06934198872328efbf6eb11bf51e169d4c62a0e8756088bbe001fc353a9b6d080ed9ee3dc,0.0328258766237041,0.8213080934834431,0.1784796833056046,0.0001570136395805,0.1731912427721559,0.965087890625,5.712,d5880664e0b201cf24b4972ea9890b801afe05af05cd4302d95952f06934198872328efbf6eb11bf51e169d4c62a0e8756088bbe001fc353a9b6d080ed9ee3dc,,,,,,,,
689,7ee51ec09b8af4f5d3502101adc32f4c67fe0a30b5566bf94a9854fc03ca4b259a0d5669d5ab493a6f9c3d989368a86e6bdc03c1bf0dc61a4995e783776c2ba2,hindi_griffinlim_eval_final/fake_hindi_griffinlim/hindi_fake_0689.wav,0,4.32,-0.603186309337616,0.9193617701530457,rms_matched,False,0.0285303100976155,hindi,-1.0525733828544617,7ee51ec09b8af4f5d3502101adc32f4c67fe0a30b5566bf94a9854fc03ca4b259a0d5669d5ab493a6f9c3d989368a86e6bdc03c1bf0dc61a4995e783776c2ba2,0.0285303100976155,0.3412169916287811,0.3378259696364676,0.3169412874545257,0.0483609467205238,0.2551531791687011,4.32,7ee51ec09b8af4f5d3502101adc32f4c67fe0a30b5566bf94a9854fc03ca4b259a0d5669d5ab493a6f9c3d989368a86e6bdc03c1bf0dc61a4995e783776c2ba2,,,,,,,,
690,52f22814969ddf3ae439c9927cdc815781938e7b8db9939cbe5cc7211c83b3dd6eccb62b360571d4002d64878c3b70340e8a76bf784048ff984b73b71d31fc52,hindi_griffinlim_eval_final/fake_hindi_griffinlim/hindi_fake_0690.wav,0,4.284,-2.3512206077575684,3.2556605339050293,rms_matched,False,0.043046296071327,hindi,-2.800607681274414,52f22814969ddf3ae439c9927cdc815781938e7b8db9939cbe5cc7211c83b3dd6eccb62b360571d4002d64878c3b70340e8a76bf784048ff984b73b71d31fc52,0.043046296071327,0.4517697570869478,0.2879966480158351,0.2567450824133165,0.0690523860433421,0.3704418540000915,4.284,52f22814969ddf3ae439c9927cdc815781938e7b8db9939cbe5cc7211c83b3dd6eccb62b360571d4002d64878c3b70340e8a76bf784048ff984b73b71d31fc52,,,,,,,,
691,a260ddbc5acffed848007a0a9ec6b79936f77999c825631f8f7eb91c11e3369d404de512eb961b464b0208a5da2d4a8cf154dba0a4d11010520e02dbf6039b2f,hindi_griffinlim_eval_final/fake_hindi_griffinlim/hindi_fake_0691.wav,0,5.616,-3.947485446929932,4.779370307922363,rms_matched,False,0.010428374583168,hindi,-4.396872520446777,a260ddbc5acffed848007a0a9ec6b79936f77999c825631f8f7eb91c11e3369d404de512eb961b464b0208a5da2d4a8cf154dba0a4d11010520e02dbf6039b2f,0.010428374583168,0.3484044208965817,0.5068829013475646,0.1430964924907543,0.1095299118029113,0.7912607789039612,5.616,a260ddbc5acffed848007a0a9ec6b79936f77999c825631f8f7eb91c11e3369d404de512eb961b464b0208a5da2d4a8cf154dba0a4d11010520e02dbf6039b2f,,,,,,,,
692,eb0cf518c980fbaafc44b52459e6edc777cf01758412dc63e1de49438b83b2d292941510deee22dd7111854884991b9e9fc276183f07dc59d4a6c8174d8da2dd,hindi_griffinlim_eval_final/fake_hindi_griffinlim/hindi_fake_0692.wav,0,3.06,-0.6271964311599731,0.8674494624137878,rms_matched,False,0.0352943628147087,hindi,-1.0765835046768188,eb0cf518c980fbaafc44b52459e6edc777cf01758412dc63e1de49438b83b2d292941510deee22dd7111854884991b9e9fc276183f07dc59d4a6c8174d8da2dd,0.0352943628147087,0.5461677603132892,0.2427480356158985,0.2091965881506403,0.1091871673165926,0.6547339558601379,3.06,eb0cf518c980fbaafc44b52459e6edc777cf01758412dc63e1de49438b83b2d292941510deee22dd7111854884991b9e9fc276183f07dc59d4a6c8174d8da2dd,,,,,,,,
693,e1687c2dade4c9e56bf74181a1c6eabd5d85fb05e2ded2d7f443e3cdf646f19b835db4fd303c73f3b7e94b0d03f6d27c4429abdaf1a56ee81e35ee7bc67bc67c,hindi_griffinlim_eval_final/fake_hindi_griffinlim/hindi_fake_0693.wav,0,4.608,-1.4544013738632202,2.2177298069000244,rms_matched,False,0.0907988713179898,hindi,-1.903788447380066,e1687c2dade4c9e56bf74181a1c6eabd5d85fb05e2ded2d7f443e3cdf646f19b835db4fd303c73f3b7e94b0d03f6d27c4429abdaf1a56ee81e35ee7bc67bc67c,0.0907988713179898,0.4726618230696975,0.2282336271806451,0.2966263472672928,0.0992334661840197,0.9324408769607544,4.608,e1687c2dade4c9e56bf74181a1c6eabd5d85fb05e2ded2d7f443e3cdf646f19b835db4fd303c73f3b7e94b0d03f6d27c4429abdaf1a56ee81e35ee7bc67bc67c,,,,,,,,
694,4fcdd17805b736cac2dc920985d2187185e759b54d9cfe7d2654dd8f4aff10e630e579edcb5cb4d04f215bebe6d096d9e932203345ad7272e889beca6a5c20e7,hindi_griffinlim_eval_final/fake_hindi_griffinlim/hindi_fake_0694.wav,0,5.148,-2.227123260498047,2.973389148712158,rms_matched,False,0.1672276001195464,hindi,-2.6765103340148926,4fcdd17805b736cac2dc920985d2187185e759b54d9cfe7d2654dd8f4aff10e630e579edcb5cb4d04f215bebe6d096d9e932203345ad7272e889beca6a5c20e7,0.1672276001195464,0.4034298574232927,0.341281624698276,0.2520479568411706,0.0649454463121308,0.649234414100647,5.148,4fcdd17805b736cac2dc920985d2187185e759b54d9cfe7d2654dd8f4aff10e630e579edcb5cb4d04f215bebe6d096d9e932203345ad7272e889beca6a5c20e7,,,,,,,,
695,ff8f23f061245d69de7cccf1ee33e0ebd713c56e08f5a4a2f4732746be391af221f711cf9aee47cf8cc4c6402985c5231bff4ac03eaaa1e1a1cef4e1cdaf2936,hindi_griffinlim_eval_final/fake_hindi_griffinlim/hindi_fake_0695.wav,0,6.948,0.2703346312046051,-0.5522415041923523,rms_matched,False,0.0370990743228378,hindi,-0.1790524423122406,ff8f23f061245d69de7cccf1ee33e0ebd713c56e08f5a4a2f4732746be391af221f711cf9aee47cf8cc4c6402985c5231bff4ac03eaaa1e1a1cef4e1cdaf2936,0.0370990743228378,0.4300929649992154,0.3010054880802128,0.2654526169016561,0.0682889260697561,0.4667588472366333,6.948,ff8f23f061245d69de7cccf1ee33e0ebd713c56e08f5a4a2f4732746be391af221f711cf9aee47cf8cc4c6402985c5231bff4ac03eaaa1e1a1cef4e1cdaf2936,,,,,,,,
696,755950c6eb4b91d87a8d62458e27e794e08783fbb4e47b61730e21bb685a9d3634dab0401114292ec8b3d3a282e0248c34c8868056fdb057716c14ae2b9844fc,hindi_griffinlim_eval_final/fake_hindi_griffinlim/hindi_fake_0696.wav,0,3.744,-0.4725822210311889,0.5036319494247437,peak_normalized,True,0.8794038504803678,hindi,-0.9219692945480347,755950c6eb4b91d87a8d62458e27e794e08783fbb4e47b61730e21bb685a9d3634dab0401114292ec8b3d3a282e0248c34c8868056fdb057716c14ae2b9844fc,0.8794038504803678,0.957825786261848,0.0407038380504817,0.0014330592756194,0.1339533051462713,0.990020751953125,3.744,755950c6eb4b91d87a8d62458e27e794e08783fbb4e47b61730e21bb685a9d3634dab0401114292ec8b3d3a282e0248c34c8868056fdb057716c14ae2b9844fc,,,,,,,,
697,e3d7f69caea5efb2f5319a49faacdc76440549b08282bef1d81bc2ce2e823cf05f2bbb7d1ec46ef4f681113376a098b117c1ac6a8b1dfe88acf27fa6a9961f31,hindi_griffinlim_eval_final/fake_hindi_griffinlim/hindi_fake_0697.wav,0,4.5,-3.0168442726135254,3.860516786575317,rms_matched,False,0.4803425774559716,hindi,-3.466231346130371,e3d7f69caea5efb2f5319a49faacdc76440549b08282bef1d81bc2ce2e823cf05f2bbb7d1ec46ef4f681113376a098b117c1ac6a8b1dfe88acf27fa6a9961f31,0.4803425774559716,0.5825392287556208,0.2461475260799867,0.1690964348931013,0.1003997474410462,0.9899999499320984,4.5,e3d7f69caea5efb2f5319a49faacdc76440549b08282bef1d81bc2ce2e823cf05f2bbb7d1ec46ef4f681113376a098b117c1ac6a8b1dfe88acf27fa6a9961f31,,,,,,,,
698,2270a4902001989b755fb2acc9d13918db9f6f89d7d5b1cf38d55ba7ef62d366249b464061d0c3df63c12f38b738d552ba6e854c9e09ebf766f61506d2a1732e,hindi_griffinlim_eval_final/fake_hindi_griffinlim/hindi_fake_0698.wav,0,2.988,6.533899307250977,-8.492599487304688,rms_matched,False,0.0214903542635542,hindi,6.084512233734131,2270a4902001989b755fb2acc9d13918db9f6f89d7d5b1cf38d55ba7ef62d366249b464061d0c3df63c12f38b738d552ba6e854c9e09ebf766f61506d2a1732e,0.0214903542635542,0.2342194001385554,0.3864583938931654,0.3744204525561147,0.0286605584172455,0.1209372282028198,2.988,2270a4902001989b755fb2acc9d13918db9f6f89d7d5b1cf38d55ba7ef62d366249b464061d0c3df63c12f38b738d552ba6e854c9e09ebf766f61506d2a1732e,,,,,,,,
699,ffb5eeb570d2ef310e46742868405151da6adb390253787708f24b730c59c01b34656465701e80b1157e9b0f9421b9a06a454f56e2a3a4bdfbf5c6c64addad11,hindi_griffinlim_eval_final/fake_hindi_griffinlim/hindi_fake_0699.wav,0,4.248,-0.5858883857727051,1.14576518535614,rms_matched,False,0.0331098353324521,hindi,-1.0352754592895508,ffb5eeb570d2ef310e46742868405151da6adb390253787708f24b730c59c01b34656465701e80b1157e9b0f9421b9a06a454f56e2a3a4bdfbf5c6c64addad11,0.0331098353324521,0.5570417612408815,0.2374199276814378,0.203050138681032,0.1022983994170495,0.5644449591636658,4.248,ffb5eeb570d2ef310e46742868405151da6adb390253787708f24b730c59c01b34656465701e80b1157e9b0f9421b9a06a454f56e2a3a4bdfbf5c6c64addad11,0.5414856868283606,0.2533290853522261,0.2051852278194132,0.716270123836305,14.46901538184657,0.1589336000786996,0.4073630356750351,0.5682576989956557
700,550c775712c46fac6b29f44c8e1e47790ad3d24a4596e9befdad47efbafbcd202634809eed3f54d8b62ec448b24bbe8a67c224d24ae7ed2b6870581a3fd2dcd3,hindi_griffinlim_eval_final/fake_hindi_griffinlim/hindi_fake_0700.wav,0,3.456,-0.8420703411102295,1.3786468505859375,rms_matched,False,0.0800604924922498,hindi,-1.2914574146270752,550c775712c46fac6b29f44c8e1e47790ad3d24a4596e9befdad47efbafbcd202634809eed3f54d8b62ec448b24bbe8a67c224d24ae7ed2b6870581a3fd2dcd3,0.0800604924922498,0.6239645453926237,0.2316979119228066,0.1426507916913957,0.1258314242827602,0.8424112796783447,3.456,550c775712c46fac6b29f44c8e1e47790ad3d24a4596e9befdad47efbafbcd202634809eed3f54d8b62ec448b24bbe8a67c224d24ae7ed2b6870581a3fd2dcd3,,,,,,,,
701,90b97ef0ba555036393f0384c8e6f86e4106dc805efe211de0476387e0aa1b4ba028900e2d59bd67c2c14f82e16765211bded26276241d0c0173fa32e166b9b2,hindi_griffinlim_eval_final/fake_hindi_griffinlim/hindi_fake_0701.wav,0,6.228,3.3112611770629883,-4.0954179763793945,rms_matched,False,0.0181434270427901,hindi,2.8618741035461426,90b97ef0ba555036393f0384c8e6f86e4106dc805efe211de0476387e0aa1b4ba028900e2d59bd67c2c14f82e16765211bded26276241d0c0173fa32e166b9b2,0.0181434270427901,0.2653527670193277,0.3718675243494752,0.3583041563371599,0.0357683142775534,0.233513593673706,6.228,90b97ef0ba555036393f0384c8e6f86e4106dc805efe211de0476387e0aa1b4ba028900e2d59bd67c2c14f82e16765211bded26276241d0c0173fa32e166b9b2,,,,,,,,
702,f8c05fcdb50a537ce73d8e72c60b569d19a31b8e0792bf6ea46d66c769fb708c0087e260a59f3e48f8272304ee14cb57fecdf53a2873f5d72ca5a3378a149caa,hindi_griffinlim_eval_final/fake_hindi_griffinlim/hindi_fake_0702.wav,0,3.744,-5.912537097930908,6.79968786239624,rms_matched,False,0.2151023624472406,hindi,-6.361924171447754,f8c05fcdb50a537ce73d8e72c60b569d19a31b8e0792bf6ea46d66c769fb708c0087e260a59f3e48f8272304ee14cb57fecdf53a2873f5d72ca5a3378a149caa,0.2151023624472406,0.5734181271506231,0.2793065112669641,0.1455259379982885,0.1167742392634741,0.9900000095367432,3.744,f8c05fcdb50a537ce73d8e72c60b569d19a31b8e0792bf6ea46d66c769fb708c0087e260a59f3e48f8272304ee14cb57fecdf53a2873f5d72ca5a3378a149caa,,,,,,,,
703,9c12887b11ae7ce76bcb5c4ca6b56f174e89c82f02c52c05b93ac7a40b6fb7b28d8474241a7dc36b3ad5b36eab48a209bf7e68a905ca64ac40b89e9311dec25d,hindi_griffinlim_eval_final/fake_hindi_griffinlim/hindi_fake_0703.wav,0,2.952,6.7860307693481445,-8.807666778564453,rms_matched,False,0.0241202227223489,hindi,6.336643695831299,9c12887b11ae7ce76bcb5c4ca6b56f174e89c82f02c52c05b93ac7a40b6fb7b28d8474241a7dc36b3ad5b36eab48a209bf7e68a905ca64ac40b89e9311dec25d,0.0241202227223489,0.1964501673290845,0.4055902858147646,0.392788561940989,0.0189008414355101,0.0819760560989379,2.952,9c12887b11ae7ce76bcb5c4ca6b56f174e89c82f02c52c05b93ac7a40b6fb7b28d8474241a7dc36b3ad5b36eab48a209bf7e68a905ca64ac40b89e9311dec25d,,,,,,,,
704,9929c6f2b01a8c28f2e56c628d79399fb1e541643209aa4c5e28768681147947cad19a67ec59f260cf85a4586e3d35fe427119ab932c78c14583d719abff7062,hindi_griffinlim_eval_final/fake_hindi_griffinlim/hindi_fake_0704.wav,0,5.328,-4.702993392944336,5.554317474365234,rms_matched,False,0.0179595833930897,hindi,-5.152380466461182,9929c6f2b01a8c28f2e56c628d79399fb1e541643209aa4c5e28768681147947cad19a67ec59f260cf85a4586e3d35fe427119ab932c78c14583d719abff7062,0.0179595833930897,0.627764070890056,0.232459032764166,0.1384496964704871,0.1493989887176451,0.9739303588867188,5.328,9929c6f2b01a8c28f2e56c628d79399fb1e541643209aa4c5e28768681147947cad19a67ec59f260cf85a4586e3d35fe427119ab932c78c14583d719abff7062,,,,,,,,
705,0eef353f918900f4b6b2c52b697013c0ac2340228d97696f460545e777a0a619dc934a6e2bdc5329525c74d683591af809ae5b8d4157abba6321a5b7366bb73e,hindi_griffinlim_eval_final/fake_hindi_griffinlim/hindi_fake_0705.wav,0,2.736,7.04105281829834,-9.141990661621094,rms_matched,False,0.0276298883636312,hindi,6.591665744781494,0eef353f918900f4b6b2c52b697013c0ac2340228d97696f460545e777a0a619dc934a6e2bdc5329525c74d683591af809ae5b8d4157abba6321a5b7366bb73e,0.0276298883636312,0.1895634326796214,0.4073843665353153,0.3977731759460027,0.0157820212760375,0.0696684718132019,2.736,0eef353f918900f4b6b2c52b697013c0ac2340228d97696f460545e777a0a619dc934a6e2bdc5329525c74d683591af809ae5b8d4157abba6321a5b7366bb73e,0.1888641106917973,0.4100472463573745,0.4010886429508281,0.7215772614268132,14.394697892574497,0.1813187231976747,0.4321199265653268,0.5851379683825886
706,cba73505723d31fe1d355fd9c1ba00f36d72661f667b151bb2e4db347100a72793ca3d5351e0293af666bf35d2684deb3e4bbc6fe630ffabe699d80709a0ea07,hindi_griffinlim_eval_final/fake_hindi_griffinlim/hindi_fake_0706.wav,0,7.128,5.408735275268555,-6.884130477905273,rms_matched,False,0.013158522127337,hindi,4.959348201751709,cba73505723d31fe1d355fd9c1ba00f36d72661f667b151bb2e4db347100a72793ca3d5351e0293af666bf35d2684deb3e4bbc6fe630ffabe699d80709a0ea07,0.013158522127337,0.2633521843112634,0.3776568519436865,0.3543858449106024,0.0337564926954279,0.183109700679779,7.128,cba73505723d31fe1d355fd9c1ba00f36d72661f667b151bb2e4db347100a72793ca3d5351e0293af666bf35d2684deb3e4bbc6fe630ffabe699d80709a0ea07,,,,,,,,
707,bbc6419b468f96f9a81d7c8c0eeb06dc2ef630ef810662472bff59d9df3e43bc26b9d784d84faaa541a3d2e1541014302610a7426fb91797046b37d96bacaf2e,hindi_griffinlim_eval_final/fake_hindi_griffinlim/hindi_fake_0707.wav,0,6.66,3.290879249572754,-3.835074186325073,rms_matched,False,0.0898470882339795,hindi,2.841492176055908,bbc6419b468f96f9a81d7c8c0eeb06dc2ef630ef810662472bff59d9df3e43bc26b9d784d84faaa541a3d2e1541014302610a7426fb91797046b37d96bacaf2e,0.0898470882339795,0.3638590849195621,0.3272919319874022,0.3048328506963766,0.049842871583955,0.495427131652832,6.66,bbc6419b468f96f9a81d7c8c0eeb06dc2ef630ef810662472bff59d9df3e43bc26b9d784d84faaa541a3d2e1541014302610a7426fb91797046b37d96bacaf2e,,,,,,,,
708,e0a36ee267ea8131975092e3f0b285cc85c2ecf0e47fa58a4f81eea8ef911bc2e939a2fe85859b96f77623060400a6ad1157350fd138ac8523288698254e8c4e,hindi_griffinlim_eval_final/fake_hindi_griffinlim/hindi_fake_0708.wav,0,5.292,3.141845226287842,-3.8916878700256334,rms_matched,False,0.0260393409997098,hindi,2.692458152770996,e0a36ee267ea8131975092e3f0b285cc85c2ecf0e47fa58a4f81eea8ef911bc2e939a2fe85859b96f77623060400a6ad1157350fd138ac8523288698254e8c4e,0.0260393409997098,0.3779273233471406,0.3254012292208935,0.2927973782375071,0.0582444937934003,0.326104998588562,5.292,e0a36ee267ea8131975092e3f0b285cc85c2ecf0e47fa58a4f81eea8ef911bc2e939a2fe85859b96f77623060400a6ad1157350fd138ac8523288698254e8c4e,,,,,,,,
709,42adfde56dd3d69ed58436d1e8a55fac999afb0e390ebc65c299c3cd2b7258cb079683412241e54e7fa275e56a02bd19a10d6a17fead09988cd0fad2e6061e7b,hindi_griffinlim_eval_final/fake_hindi_griffinlim/hindi_fake_0709.wav,0,3.636,-0.6658411026000977,1.018216848373413,rms_matched,False,0.1220585049308504,hindi,-1.1152281761169434,42adfde56dd3d69ed58436d1e8a55fac999afb0e390ebc65c299c3cd2b7258cb079683412241e54e7fa275e56a02bd19a10d6a17fead09988cd0fad2e6061e7b,0.1220585049308504,0.5079016231776302,0.2760014696104232,0.2134071735750624,0.086791134465713,0.6387105584144592,3.636,42adfde56dd3d69ed58436d1e8a55fac999afb0e390ebc65c299c3cd2b7258cb079683412241e54e7fa275e56a02bd19a10d6a17fead09988cd0fad2e6061e7b,,,,,,,,
710,3c47037b539064a039337a1c897e88029bf7cfb906524864e55c38b90aa9efe57730742089a7f2a1b508952b6272c39cd50f7d701230bde9d0afdf4fefc05d8a,hindi_griffinlim_eval_final/fake_hindi_griffinlim/hindi_fake_0710.wav,0,3.024,-5.883216857910156,6.711485385894775,rms_matched,False,0.269028575835573,hindi,-6.332603931427002,3c47037b539064a039337a1c897e88029bf7cfb906524864e55c38b90aa9efe57730742089a7f2a1b508952b6272c39cd50f7d701230bde9d0afdf4fefc05d8a,0.269028575835573,0.6007336201963859,0.2319661980627688,0.1650848694995005,0.1035921120044035,0.8075684905052185,3.024,3c47037b539064a039337a1c897e88029bf7cfb906524864e55c38b90aa9efe57730742089a7f2a1b508952b6272c39cd50f7d701230bde9d0afdf4fefc05d8a,,,,,,,,
711,95cc33ae73783f08510cc8b475a3f7da1144f0cdbfbe42446afc4e8942bf842722a12076a164393f2c52e0db9026e5f129a90feb451956b70f7366a89e026f1c,hindi_griffinlim_eval_final/fake_hindi_griffinlim/hindi_fake_0711.wav,0,7.524,6.975594997406006,-8.986680030822754,rms_matched,False,0.0107021012578699,hindi,6.52620792388916,95cc33ae73783f08510cc8b475a3f7da1144f0cdbfbe42446afc4e8942bf842722a12076a164393f2c52e0db9026e5f129a90feb451956b70f7366a89e026f1c,0.0107021012578699,0.1849066807728599,0.4048565509317625,0.4049783338228909,0.0159178796103378,0.0925940871238708,7.524,95cc33ae73783f08510cc8b475a3f7da1144f0cdbfbe42446afc4e8942bf842722a12076a164393f2c52e0db9026e5f129a90feb451956b70f7366a89e026f1c,,,,,,,,
712,cb80d11c3532ab20b83037029cb1c2394ea6339f697e7101b9288365e3387903da82dc7d32bb6f1a45d5659f6ffacc187711e06195561c5e4f09721683bbd761,hindi_griffinlim_eval_final/fake_hindi_griffinlim/hindi_fake_0712.wav,0,3.816,-0.2560113072395324,-0.0282946527004241,rms_matched,False,0.3813949549206196,hindi,-0.7053983807563782,cb80d11c3532ab20b83037029cb1c2394ea6339f697e7101b9288365e3387903da82dc7d32bb6f1a45d5659f6ffacc187711e06195561c5e4f09721683bbd761,0.3813949549206196,0.5898086280063107,0.2335418420018151,0.1743605406214713,0.1005401168301203,0.899562418460846,3.816,cb80d11c3532ab20b83037029cb1c2394ea6339f697e7101b9288365e3387903da82dc7d32bb6f1a45d5659f6ffacc187711e06195561c5e4f09721683bbd761,,,,,,,,
713,e1687c2dade4c9e56bf74181a1c6eabd5d85fb05e2ded2d7f443e3cdf646f19b835db4fd303c73f3b7e94b0d03f6d27c4429abdaf1a56ee81e35ee7bc67bc67c,hindi_griffinlim_eval_final/fake_hindi_griffinlim/hindi_fake_0713.wav,0,3.348,4.934873580932617,-6.235854625701904,rms_matched,False,0.038072575733807,hindi,4.4854865074157715,e1687c2dade4c9e56bf74181a1c6eabd5d85fb05e2ded2d7f443e3cdf646f19b835db4fd303c73f3b7e94b0d03f6d27c4429abdaf1a56ee81e35ee7bc67bc67c,0.038072575733807,0.2519879294618298,0.3947304111867919,0.3486596640282225,0.0377873509584926,0.296974778175354,3.348,e1687c2dade4c9e56bf74181a1c6eabd5d85fb05e2ded2d7f443e3cdf646f19b835db4fd303c73f3b7e94b0d03f6d27c4429abdaf1a56ee81e35ee7bc67bc67c,,,,,,,,
714,f552d4cedc22293c27ab4a86fc3985ecf1bd8fe9e6664f6a835675acf4173fa94bfa392ddccd06a177ae2bf6e412212f42973dec10c26a7cfa02c48ddd7c7978,hindi_griffinlim_eval_final/fake_hindi_griffinlim/hindi_fake_0714.wav,0,4.14,-0.7207565307617188,1.361738681793213,rms_matched,False,0.0638617712109083,hindi,-1.1701436042785645,f552d4cedc22293c27ab4a86fc3985ecf1bd8fe9e6664f6a835675acf4173fa94bfa392ddccd06a177ae2bf6e412212f42973dec10c26a7cfa02c48ddd7c7978,0.0638617712109083,0.4681499663181943,0.3071877201204231,0.2218764040017287,0.0821453334288064,0.5505508184432983,4.14,f552d4cedc22293c27ab4a86fc3985ecf1bd8fe9e6664f6a835675acf4173fa94bfa392ddccd06a177ae2bf6e412212f42973dec10c26a7cfa02c48ddd7c7978,,,,,,,,
715,424c16a8450e8b742c1380d9d38d919d880a36379e8c7e09126a2a8411022bc42cbae339c1d8dfd42695fb073ca783ed5e86b8a2531d11c4491259ab1378e445,hindi_griffinlim_eval_final/fake_hindi_griffinlim/hindi_fake_0715.wav,0,6.336,7.0142927169799805,-9.100860595703123,rms_matched,False,0.0157721576222191,hindi,6.564905643463135,424c16a8450e8b742c1380d9d38d919d880a36379e8c7e09126a2a8411022bc42cbae339c1d8dfd42695fb073ca783ed5e86b8a2531d11c4491259ab1378e445,0.0157721576222191,0.1802494453716542,0.4118298151996827,0.4026126867888309,0.0114958576698941,0.0590059757232666,6.336,424c16a8450e8b742c1380d9d38d919d880a36379e8c7e09126a2a8411022bc42cbae339c1d8dfd42695fb073ca783ed5e86b8a2531d11c4491259ab1378e445,,,,,,,,
716,2312b0d85bd1eb1a017264abf770df086e10cec218cf1ab48b90f9d7f621d8ae8372b07338224060fcac6cfb337fcfcb6966c160942f9fcec4c67e7f5df44520,hindi_griffinlim_eval_final/fake_hindi_griffinlim/hindi_fake_0716.wav,0,7.092,-5.92591667175293,6.77656364440918,peak_normalized,True,0.0088659871625448,hindi,-6.375303745269775,2312b0d85bd1eb1a017264abf770df086e10cec218cf1ab48b90f9d7f621d8ae8372b07338224060fcac6cfb337fcfcb6966c160942f9fcec4c67e7f5df44520,0.0088659871625448,0.9460500072434754,0.0472763340869042,0.0066609938638497,0.200663055112918,0.990020751953125,7.088,2312b0d85bd1eb1a017264abf770df086e10cec218cf1ab48b90f9d7f621d8ae8372b07338224060fcac6cfb337fcfcb6966c160942f9fcec4c67e7f5df44520,,,,,,,,
717,da10f782c53d93ec1dbf793a1f5404dbdfd390c9abdacd218d0c47e2366a569d50841b5ad9075f9b83e2c16b9194ab1be1f91e407a546218999fa14e2b49a3eb,hindi_griffinlim_eval_final/fake_hindi_griffinlim/hindi_fake_0717.wav,0,3.936,-3.1258718967437744,4.003207683563232,rms_matched,False,0.164516939773883,hindi,-3.57525897026062,da10f782c53d93ec1dbf793a1f5404dbdfd390c9abdacd218d0c47e2366a569d50841b5ad9075f9b83e2c16b9194ab1be1f91e407a546218999fa14e2b49a3eb,0.164516939773883,0.5673069338226268,0.2668821629566918,0.1636690295292551,0.1078717576853849,0.8495795130729675,3.936,da10f782c53d93ec1dbf793a1f5404dbdfd390c9abdacd218d0c47e2366a569d50841b5ad9075f9b83e2c16b9194ab1be1f91e407a546218999fa14e2b49a3eb,,,,,,,,
718,aabd80b27714da5c6b5d4592a6f29f161db3cb06672ab14afb56eaf550ac0be0c14536ba5df7358621f018a4bc767c8c8477eaa4746830cf31ec4cdbcc2193fc,hindi_griffinlim_eval_final/fake_hindi_griffinlim/hindi_fake_0718.wav,0,3.672,6.102843284606934,-7.925144195556641,rms_matched,False,0.0234188050767207,hindi,5.653456211090088,aabd80b27714da5c6b5d4592a6f29f161db3cb06672ab14afb56eaf550ac0be0c14536ba5df7358621f018a4bc767c8c8477eaa4746830cf31ec4cdbcc2193fc,0.0234188050767207,0.263765398152858,0.3777035103334366,0.3538790108083531,0.0335101298439379,0.1566672921180725,3.672,aabd80b27714da5c6b5d4592a6f29f161db3cb06672ab14afb56eaf550ac0be0c14536ba5df7358621f018a4bc767c8c8477eaa4746830cf31ec4cdbcc2193fc,,,,,,,,
719,51ac71db84d066b7c2fe1dd940f0e75602010e8a2c0a23df2b47108a43c6df09aea35278f729be243a1d02576df693c13705cc367b391889be00e5a572b08fb5,hindi_griffinlim_eval_final/fake_hindi_griffinlim/hindi_fake_0719.wav,0,6.408,-0.0614389143884182,0.1859253346920013,rms_matched,False,0.0449495689760215,hindi,-0.5108259879052639,51ac71db84d066b7c2fe1dd940f0e75602010e8a2c0a23df2b47108a43c6df09aea35278f729be243a1d02576df693c13705cc367b391889be00e5a572b08fb5,0.0449495689760215,0.4866766014013339,0.2723566433536667,0.2378374840859086,0.0763153158545859,0.4736825227737427,6.408,51ac71db84d066b7c2fe1dd940f0e75602010e8a2c0a23df2b47108a43c6df09aea35278f729be243a1d02576df693c13705cc367b391889be00e5a572b08fb5,,,,,,,,
720,ec293248c910c28091014fec13d47bb69cc84f0b265ad0536d7e39390f3de510ab879fa3c23797defe85d8c846a4e148c971e28da6a90a647a9bc37eb03362bc,hindi_griffinlim_eval_final/fake_hindi_griffinlim/hindi_fake_0720.wav,0,4.356,-2.037473440170288,2.720580577850342,rms_matched,False,0.0262504315629886,hindi,-2.486860513687134,ec293248c910c28091014fec13d47bb69cc84f0b265ad0536d7e39390f3de510ab879fa3c23797defe85d8c846a4e148c971e28da6a90a647a9bc37eb03362bc,0.0262504315629886,0.4900459516149844,0.2992755944927744,0.2079256566044377,0.0924450059085376,0.5047648549079895,4.356,ec293248c910c28091014fec13d47bb69cc84f0b265ad0536d7e39390f3de510ab879fa3c23797defe85d8c846a4e148c971e28da6a90a647a9bc37eb03362bc,,,,,,,,
721,6cd8f602bf899de8fa9a30238cb461650682d47e62a5d12042ec213877ca4d9f7f83e3635c1374cddf16260688058dddb7ba7f5466c279dadd85e033038b6b08,hindi_griffinlim_eval_final/fake_hindi_griffinlim/hindi_fake_0721.wav,0,7.596,4.214368343353272,-5.100107192993164,rms_matched,False,0.0100571798548385,hindi,3.7649812698364267,6cd8f602bf899de8fa9a30238cb461650682d47e62a5d12042ec213877ca4d9f7f83e3635c1374cddf16260688058dddb7ba7f5466c279dadd85e033038b6b08,0.0100571798548385,0.2582274704673264,0.3924720365872791,0.3445607567021868,0.0378522446405278,0.2100348472595214,7.596,6cd8f602bf899de8fa9a30238cb461650682d47e62a5d12042ec213877ca4d9f7f83e3635c1374cddf16260688058dddb7ba7f5466c279dadd85e033038b6b08,,,,,,,,
722,6b807daab3e34c4820b8d1479f760b35e44e818f9121ce49b70e8cf1fa61e9248b255de0499371b2da3b304c64dd088e8079a770832d3e1036b7d8fb52aebfc8,hindi_griffinlim_eval_final/fake_hindi_griffinlim/hindi_fake_0722.wav,0,5.58,-2.762200832366944,3.5525174140930176,rms_matched,False,0.0644265008921203,hindi,-3.2115879058837895,6b807daab3e34c4820b8d1479f760b35e44e818f9121ce49b70e8cf1fa61e9248b255de0499371b2da3b304c64dd088e8079a770832d3e1036b7d8fb52aebfc8,0.0644265008921203,0.5871628151896796,0.2231040605131994,0.187451557695702,0.1023444669813797,0.6555862426757812,5.58,6b807daab3e34c4820b8d1479f760b35e44e818f9121ce49b70e8cf1fa61e9248b255de0499371b2da3b304c64dd088e8079a770832d3e1036b7d8fb52aebfc8,,,,,,,,
723,f45c7af99cc930fd6608f77ecb2d546727ab3df3d36731c90215b9a72ff548ff082f57c38aa6e6b7f2c905aa9f92f4f5dff3c954449ce05e56f8604bf1753618,hindi_griffinlim_eval_final/fake_hindi_griffinlim/hindi_fake_0723.wav,0,4.68,6.460705757141113,-8.318296432495117,rms_matched,False,0.0167828786609891,hindi,6.011318683624268,f45c7af99cc930fd6608f77ecb2d546727ab3df3d36731c90215b9a72ff548ff082f57c38aa6e6b7f2c905aa9f92f4f5dff3c954449ce05e56f8604bf1753618,0.0167828786609891,0.209287605558226,0.3972927313837981,0.3883311375999456,0.0219990914532613,0.098793625831604,4.68,f45c7af99cc930fd6608f77ecb2d546727ab3df3d36731c90215b9a72ff548ff082f57c38aa6e6b7f2c905aa9f92f4f5dff3c954449ce05e56f8604bf1753618,,,,,,,,
724,37b6f1162616e55fc582c2dae2bad013d8c460c8c44a22899b8c6d8b306cbc3e2eec8eb0f3e9c12e912ccb39aa07d9334bfdfc914e2622b7e610d06cd5c47c70,hindi_griffinlim_eval_final/fake_hindi_griffinlim/hindi_fake_0724.wav,0,6.624,-4.4754838943481445,5.390056610107422,rms_matched,False,0.0581686761155002,hindi,-4.92487096786499,37b6f1162616e55fc582c2dae2bad013d8c460c8c44a22899b8c6d8b306cbc3e2eec8eb0f3e9c12e912ccb39aa07d9334bfdfc914e2622b7e610d06cd5c47c70,0.0581686761155002,0.6364526819861873,0.2423751260288387,0.1195475285833134,0.1327809590751179,0.945401668548584,6.624,37b6f1162616e55fc582c2dae2bad013d8c460c8c44a22899b8c6d8b306cbc3e2eec8eb0f3e9c12e912ccb39aa07d9334bfdfc914e2622b7e610d06cd5c47c70,,,,,,,,
725,f4acf13791d1ffc57965afc160c66ab08985a745fc07997aced0be646a308c8b8c3f851c7143204d02449b094fd7811bc980a05b337acdadb7e2a83dd9c9c2bb,hindi_griffinlim_eval_final/fake_hindi_griffinlim/hindi_fake_0725.wav,0,4.968,-3.8738746643066406,4.709999561309815,rms_matched,False,0.1113219370640019,hindi,-4.323261737823486,f4acf13791d1ffc57965afc160c66ab08985a745fc07997aced0be646a308c8b8c3f851c7143204d02449b094fd7811bc980a05b337acdadb7e2a83dd9c9c2bb,0.1113219370640019,0.476197433796774,0.2707831481648809,0.2496661550537351,0.0682605721009795,0.4975748062133789,4.968,f4acf13791d1ffc57965afc160c66ab08985a745fc07997aced0be646a308c8b8c3f851c7143204d02449b094fd7811bc980a05b337acdadb7e2a83dd9c9c2bb,0.4184540395750882,0.3010538957756864,0.2804920646492254,0.6990215245878115,14.559312974561236,0.1536978832257033,0.3876878965690144,0.5464341411396194
726,aaf6b52267451edd43f92433e040803b7c695022ac637484427c841d61dddefbc79acf6b684ebc2769e18c649d9b7a520a0041ecb7898d3f7e49d804f477a3ac,hindi_griffinlim_eval_final/fake_hindi_griffinlim/hindi_fake_0726.wav,0,3.132,6.538894176483154,-8.434505462646484,rms_matched,False,0.0253309540064303,hindi,6.089507102966309,aaf6b52267451edd43f92433e040803b7c695022ac637484427c841d61dddefbc79acf6b684ebc2769e18c649d9b7a520a0041ecb7898d3f7e49d804f477a3ac,0.0253309540064303,0.2009176593963011,0.402872062396878,0.3910212266612631,0.0193313339510455,0.0928748250007629,3.132,aaf6b52267451edd43f92433e040803b7c695022ac637484427c841d61dddefbc79acf6b684ebc2769e18c649d9b7a520a0041ecb7898d3f7e49d804f477a3ac,0.2274689563612033,0.3933758631032741,0.3791551805355224,0.7352658614833318,14.310894670121822,0.1906820217314289,0.4497420067640846,0.6045422233068184
727,b9e669f9010e60c988c15c6c357649706d91c33219725e9a2b12fe7903fa536fc8b34a51ea158f2ba92027617b4944a2514cfa7beb4249f26b23754403940006,hindi_griffinlim_eval_final/fake_hindi_griffinlim/hindi_fake_0727.wav,0,5.508,-5.885252952575684,6.798715591430664,rms_matched,False,0.024504978054005,hindi,-6.334640026092529,b9e669f9010e60c988c15c6c357649706d91c33219725e9a2b12fe7903fa536fc8b34a51ea158f2ba92027617b4944a2514cfa7beb4249f26b23754403940006,0.024504978054005,0.7448157603892489,0.1544430992503156,0.0995202119887579,0.1624649689854537,0.9854302406311036,5.508,b9e669f9010e60c988c15c6c357649706d91c33219725e9a2b12fe7903fa536fc8b34a51ea158f2ba92027617b4944a2514cfa7beb4249f26b23754403940006,,,,,,,,
728,dbe55388d2e8bae8e64412f527e29fa3691a1c13adcaa6b80313b3e475d2df28d0428a6151d9cd42018d943718c830d69a80c5bf8a6a88200e4c6ba36ad6a748,hindi_griffinlim_eval_final/fake_hindi_griffinlim/hindi_fake_0728.wav,0,4.224,-2.624229907989502,3.5063283443450928,rms_matched,False,0.3455295874471917,hindi,-3.0736169815063477,dbe55388d2e8bae8e64412f527e29fa3691a1c13adcaa6b80313b3e475d2df28d0428a6151d9cd42018d943718c830d69a80c5bf8a6a88200e4c6ba36ad6a748,0.3455295874471917,0.6147228704865527,0.2259813263478091,0.1572808239427845,0.1113816184113909,0.9815061092376708,4.224,dbe55388d2e8bae8e64412f527e29fa3691a1c13adcaa6b80313b3e475d2df28d0428a6151d9cd42018d943718c830d69a80c5bf8a6a88200e4c6ba36ad6a748,,,,,,,,
729,984398a9ba94c5ce43b621c6fee2c6092d5ea3632e0b605bf206a5ae59eba42401dbc36603073eec2117374293d2675a9847d91f1c71deeeeee7c5202840a1ea,hindi_griffinlim_eval_final/fake_hindi_griffinlim/hindi_fake_0729.wav,0,3.0,0.1226418614387512,-0.0510347038507461,rms_matched,False,0.0898091354832228,hindi,-0.3267452120780945,984398a9ba94c5ce43b621c6fee2c6092d5ea3632e0b605bf206a5ae59eba42401dbc36603073eec2117374293d2675a9847d91f1c71deeeeee7c5202840a1ea,0.0898091354832228,0.5347841745911825,0.262336573936875,0.2001973813925395,0.0916647261366269,0.5749453902244568,3.0,984398a9ba94c5ce43b621c6fee2c6092d5ea3632e0b605bf206a5ae59eba42401dbc36603073eec2117374293d2675a9847d91f1c71deeeeee7c5202840a1ea,,,,,,,,
730,c7c4e5ded1e6121c38594d1e3bbb5a49f1d269f96c2591f9e2d4da7cf5c9cdc7598248c5d24452c832160a2503d344167242cafabc1dc3936e1a6065b281ae77,hindi_griffinlim_eval_final/fake_hindi_griffinlim/hindi_fake_0730.wav,0,7.512,-3.7990546226501465,4.432424068450928,rms_matched,False,0.0019659332849287,hindi,-4.248441696166992,c7c4e5ded1e6121c38594d1e3bbb5a49f1d269f96c2591f9e2d4da7cf5c9cdc7598248c5d24452c832160a2503d344167242cafabc1dc3936e1a6065b281ae77,0.0019659332849287,0.9477968660848416,0.0428360731551289,0.0093325918904568,0.2169237355423308,0.989990234375,7.504,c7c4e5ded1e6121c38594d1e3bbb5a49f1d269f96c2591f9e2d4da7cf5c9cdc7598248c5d24452c832160a2503d344167242cafabc1dc3936e1a6065b281ae77,,,,,,,,
731,667b36242d97d9f3edcf1ad89b30e576116248bed850abd8f8852c007009e17b15b9fe3776de3b0ab9053d43354b02bfb3f91c34bf13ab0d2ff8ebd00039a285,hindi_griffinlim_eval_final/fake_hindi_griffinlim/hindi_fake_0731.wav,0,5.868,4.5462141036987305,-5.548540115356445,rms_matched,False,0.0157127334331833,hindi,4.096827030181885,667b36242d97d9f3edcf1ad89b30e576116248bed850abd8f8852c007009e17b15b9fe3776de3b0ab9053d43354b02bfb3f91c34bf13ab0d2ff8ebd00039a285,0.0157127334331833,0.2777145613582959,0.3616758215896385,0.3557949822262972,0.0365592349091603,0.1871039271354675,5.868,667b36242d97d9f3edcf1ad89b30e576116248bed850abd8f8852c007009e17b15b9fe3776de3b0ab9053d43354b02bfb3f91c34bf13ab0d2ff8ebd00039a285,,,,,,,,
732,9296b5aa6010d28b45a780046d322620298dbbf3189b322a311bd2aaf58e1b3d55d7ca923cccd5f1fadb32a84b85b5c86517b92c6cdefbcee928d6ea9af98645,hindi_griffinlim_eval_final/fake_hindi_griffinlim/hindi_fake_0732.wav,0,5.796,-2.794511318206787,3.6126632690429688,rms_matched,False,0.0304961404517263,hindi,-3.243898391723633,9296b5aa6010d28b45a780046d322620298dbbf3189b322a311bd2aaf58e1b3d55d7ca923cccd5f1fadb32a84b85b5c86517b92c6cdefbcee928d6ea9af98645,0.0304961404517263,0.3962341878654407,0.3348088405094554,0.2655495743391033,0.0640101132703621,0.3912345170974731,5.796,9296b5aa6010d28b45a780046d322620298dbbf3189b322a311bd2aaf58e1b3d55d7ca923cccd5f1fadb32a84b85b5c86517b92c6cdefbcee928d6ea9af98645,,,,,,,,
733,ffb5eeb570d2ef310e46742868405151da6adb390253787708f24b730c59c01b34656465701e80b1157e9b0f9421b9a06a454f56e2a3a4bdfbf5c6c64addad11,hindi_griffinlim_eval_final/fake_hindi_griffinlim/hindi_fake_0733.wav,0,5.256,-0.4068420529365539,0.8423137664794922,rms_matched,False,0.0509412583677569,hindi,-0.8562291264533997,ffb5eeb570d2ef310e46742868405151da6adb390253787708f24b730c59c01b34656465701e80b1157e9b0f9421b9a06a454f56e2a3a4bdfbf5c6c64addad11,0.0509412583677569,0.4709708360691027,0.2680289001470218,0.2580746975559741,0.0820326481843704,0.5811055898666382,5.256,ffb5eeb570d2ef310e46742868405151da6adb390253787708f24b730c59c01b34656465701e80b1157e9b0f9421b9a06a454f56e2a3a4bdfbf5c6c64addad11,,,,,,,,
734,a1210b5258159b5fb5fda311977b3a1b077b5d1749ce67b7b03278d590973497324f9e4e7a0b17b1f52fc7639965c53871f3e0598c8743f3dd9b8671d147cdac,hindi_griffinlim_eval_final/fake_hindi_griffinlim/hindi_fake_0734.wav,0,2.268,-0.5910106897354126,1.0681663751602173,rms_matched,False,0.0271535976608575,hindi,-1.0403977632522583,a1210b5258159b5fb5fda311977b3a1b077b5d1749ce67b7b03278d590973497324f9e4e7a0b17b1f52fc7639965c53871f3e0598c8743f3dd9b8671d147cdac,0.0271535976608575,0.2561667088136045,0.4148292932482936,0.3246549486525993,0.0425852315313154,0.2413173913955688,2.268,a1210b5258159b5fb5fda311977b3a1b077b5d1749ce67b7b03278d590973497324f9e4e7a0b17b1f52fc7639965c53871f3e0598c8743f3dd9b8671d147cdac,,,,,,,,
735,79741f3153a904c0ddeb1d81d69b137d61adb2a3f1c8ea30fd32a88a4f7028bbb73f1515f3cac14ad147b8c1845846d96d9333173f71677d207b7ff1357a37c5,hindi_griffinlim_eval_final/fake_hindi_griffinlim/hindi_fake_0735.wav,0,2.52,-0.8368920683860779,1.3226253986358645,rms_matched,False,0.0575382629616086,hindi,-1.2862791419029236,79741f3153a904c0ddeb1d81d69b137d61adb2a3f1c8ea30fd32a88a4f7028bbb73f1515f3cac14ad147b8c1845846d96d9333173f71677d207b7ff1357a37c5,0.0575382629616086,0.3657670017458049,0.3294897103917281,0.3008278081274227,0.0564989745469254,0.3678149580955505,2.52,79741f3153a904c0ddeb1d81d69b137d61adb2a3f1c8ea30fd32a88a4f7028bbb73f1515f3cac14ad147b8c1845846d96d9333173f71677d207b7ff1357a37c5,,,,,,,,
736,287db5b3c7065ffc1e6827c0bc87dc4a6b6a45c159642fe8d490d5adb6ce18a5b4b528f921503762bbb20b1fcd84f5f8256a9a11cd4ccf55964f301b416b08d2,hindi_griffinlim_eval_final/fake_hindi_griffinlim/hindi_fake_0736.wav,0,5.976,-0.4280514717102051,0.7959191799163818,rms_matched,False,0.0442178346725541,hindi,-0.8774385452270508,287db5b3c7065ffc1e6827c0bc87dc4a6b6a45c159642fe8d490d5adb6ce18a5b4b528f921503762bbb20b1fcd84f5f8256a9a11cd4ccf55964f301b416b08d2,0.0442178346725541,0.3834899750372775,0.3196488489608199,0.293353227662652,0.0612291905844137,0.4683307409286499,5.976,287db5b3c7065ffc1e6827c0bc87dc4a6b6a45c159642fe8d490d5adb6ce18a5b4b528f921503762bbb20b1fcd84f5f8256a9a11cd4ccf55964f301b416b08d2,,,,,,,,
737,b3a9d00791dae63b944756627fdb96c21c53f4d69beef3a56780607d83e56d0a6faf52d5d704c925bb323f8b2c9a168a87c2cd94fcc3d3abf6b034c9e7f5cd77,hindi_griffinlim_eval_final/fake_hindi_griffinlim/hindi_fake_0737.wav,0,4.704,-0.5453242063522339,1.1492468118667605,rms_matched,False,0.0643603764386427,hindi,-0.9947112798690796,b3a9d00791dae63b944756627fdb96c21c53f4d69beef3a56780607d83e56d0a6faf52d5d704c925bb323f8b2c9a168a87c2cd94fcc3d3abf6b034c9e7f5cd77,0.0643603764386427,0.4051703221543951,0.3183774950669384,0.2730419793412568,0.0636398590525154,0.4668590426445007,4.704,b3a9d00791dae63b944756627fdb96c21c53f4d69beef3a56780607d83e56d0a6faf52d5d704c925bb323f8b2c9a168a87c2cd94fcc3d3abf6b034c9e7f5cd77,,,,,,,,
738,70c96a46f6827039223782fee3a93b99fa8168c84d3e5f9a0e2a1f16cfc1d62ad6f52d19ac175ad3ee541abd81068d089df3693e843b932053395156f6ff36b6,hindi_griffinlim_eval_final/fake_hindi_griffinlim/hindi_fake_0738.wav,0,4.428,-3.8353891372680655,4.707170486450195,rms_matched,False,0.0462687399629276,hindi,-4.284776210784911,70c96a46f6827039223782fee3a93b99fa8168c84d3e5f9a0e2a1f16cfc1d62ad6f52d19ac175ad3ee541abd81068d089df3693e843b932053395156f6ff36b6,0.0462687399629276,0.6604416833203547,0.1742104347385251,0.1634485935329162,0.1234685500647936,0.7138851284980774,4.428,70c96a46f6827039223782fee3a93b99fa8168c84d3e5f9a0e2a1f16cfc1d62ad6f52d19ac175ad3ee541abd81068d089df3693e843b932053395156f6ff36b6,,,,,,,,
739,75c6bb7203a8fae0c08c18b39bebaf7f25f86e3b2cdbb1dbd65927288474b3fa5b24c5c88144d238b93b8327677bdfbdf560078a95a3594a6b6ea7dbf3f3eec8,hindi_griffinlim_eval_final/fake_hindi_griffinlim/hindi_fake_0739.wav,0,7.308,-5.857580661773682,6.722805023193359,rms_matched,False,0.0560600937353028,hindi,-6.306967735290527,75c6bb7203a8fae0c08c18b39bebaf7f25f86e3b2cdbb1dbd65927288474b3fa5b24c5c88144d238b93b8327677bdfbdf560078a95a3594a6b6ea7dbf3f3eec8,0.0560600937353028,0.6383224515476891,0.2023313091810322,0.1573664359659347,0.1146653547670141,0.7478625178337097,7.308,75c6bb7203a8fae0c08c18b39bebaf7f25f86e3b2cdbb1dbd65927288474b3fa5b24c5c88144d238b93b8327677bdfbdf560078a95a3594a6b6ea7dbf3f3eec8,,,,,,,,
740,5a6f47bcb6c561dcfa6961b198d280ba77d188c7e511b84b1481770b1878583bcc74c8674f4f862c9ccbb54f4cfa3b2919ef94c8ace1c6fb22abe7c70365f402,hindi_griffinlim_eval_final/fake_hindi_griffinlim/hindi_fake_0740.wav,0,6.876,-1.354300022125244,1.991152048110962,rms_matched,False,0.0269549758400662,hindi,-1.8036870956420896,5a6f47bcb6c561dcfa6961b198d280ba77d188c7e511b84b1481770b1878583bcc74c8674f4f862c9ccbb54f4cfa3b2919ef94c8ace1c6fb22abe7c70365f402,0.0269549758400662,0.5819116086172268,0.2676688522225785,0.1485147264482873,0.1251318580308738,0.8377284407615662,6.876,5a6f47bcb6c561dcfa6961b198d280ba77d188c7e511b84b1481770b1878583bcc74c8674f4f862c9ccbb54f4cfa3b2919ef94c8ace1c6fb22abe7c70365f402,,,,,,,,
741,b4069adc243cc7836a2bf30d44984b772c144f867bb92b4226209bcdc0783ee26b25bf51d2c4e42b8af14bfe3d183fb5aed4fd783bddc50d124f0970cce3dcd8,hindi_griffinlim_eval_final/fake_hindi_griffinlim/hindi_fake_0741.wav,0,3.6,-1.0077309608459473,1.6257431507110596,rms_matched,False,0.1232734375884632,hindi,-1.457118034362793,b4069adc243cc7836a2bf30d44984b772c144f867bb92b4226209bcdc0783ee26b25bf51d2c4e42b8af14bfe3d183fb5aed4fd783bddc50d124f0970cce3dcd8,0.1232734375884632,0.5213891492598544,0.3064301283869551,0.1698921317986561,0.10033733788696,0.760184109210968,3.6,b4069adc243cc7836a2bf30d44984b772c144f867bb92b4226209bcdc0783ee26b25bf51d2c4e42b8af14bfe3d183fb5aed4fd783bddc50d124f0970cce3dcd8,,,,,,,,
742,1605878cdc4bdeab0724827abc448ec019fcc59763e097294754173714e955fe80a28c12eed4a39a58f442138b886e755cd644efb115aa2599c6e50a20e63a74,hindi_griffinlim_eval_final/fake_hindi_griffinlim/hindi_fake_0742.wav,0,4.752,-1.0142444372177124,1.604217767715454,rms_matched,False,0.0211910590738552,hindi,-1.463631510734558,1605878cdc4bdeab0724827abc448ec019fcc59763e097294754173714e955fe80a28c12eed4a39a58f442138b886e755cd644efb115aa2599c6e50a20e63a74,0.0211910590738552,0.268951914073763,0.4204098898867882,0.306559987928967,0.0463693711930244,0.2969674468040466,4.752,1605878cdc4bdeab0724827abc448ec019fcc59763e097294754173714e955fe80a28c12eed4a39a58f442138b886e755cd644efb115aa2599c6e50a20e63a74,,,,,,,,
743,f4acf13791d1ffc57965afc160c66ab08985a745fc07997aced0be646a308c8b8c3f851c7143204d02449b094fd7811bc980a05b337acdadb7e2a83dd9c9c2bb,hindi_griffinlim_eval_final/fake_hindi_griffinlim/hindi_fake_0743.wav,0,4.5,-0.6901101469993591,1.2162630558013916,rms_matched,False,0.0513998623943815,hindi,-1.1394972205162048,f4acf13791d1ffc57965afc160c66ab08985a745fc07997aced0be646a308c8b8c3f851c7143204d02449b094fd7811bc980a05b337acdadb7e2a83dd9c9c2bb,0.0513998623943815,0.4488714121051051,0.2910544415824828,0.2567291058706608,0.0675148235972308,0.3903419971466064,4.5,f4acf13791d1ffc57965afc160c66ab08985a745fc07997aced0be646a308c8b8c3f851c7143204d02449b094fd7811bc980a05b337acdadb7e2a83dd9c9c2bb,,,,,,,,
744,80ffb7f21aebcd96b01f5098bdf0f377f31fa297c2c30290be3dcd6a69b87e7570cd2e9ce41edb96038e485ce70cf75436dba4a0c7925bb36a68db134979c585,hindi_griffinlim_eval_final/fake_hindi_griffinlim/hindi_fake_0744.wav,0,6.804,-2.8475399017333984,3.765180587768554,rms_matched,False,0.0478471129611468,hindi,-3.296926975250244,80ffb7f21aebcd96b01f5098bdf0f377f31fa297c2c30290be3dcd6a69b87e7570cd2e9ce41edb96038e485ce70cf75436dba4a0c7925bb36a68db134979c585,0.0478471129611468,0.4736076860924448,0.3127783347748687,0.210781137252794,0.0811734544841818,0.5569022297859192,6.804,80ffb7f21aebcd96b01f5098bdf0f377f31fa297c2c30290be3dcd6a69b87e7570cd2e9ce41edb96038e485ce70cf75436dba4a0c7925bb36a68db134979c585,,,,,,,,
745,cb80d11c3532ab20b83037029cb1c2394ea6339f697e7101b9288365e3387903da82dc7d32bb6f1a45d5659f6ffacc187711e06195561c5e4f09721683bbd761,hindi_griffinlim_eval_final/fake_hindi_griffinlim/hindi_fake_0745.wav,0,5.304,-3.2378506660461426,4.096688270568848,rms_matched,False,0.1614886144629713,hindi,-3.6872377395629883,cb80d11c3532ab20b83037029cb1c2394ea6339f697e7101b9288365e3387903da82dc7d32bb6f1a45d5659f6ffacc187711e06195561c5e4f09721683bbd761,0.1614886144629713,0.6610330297177457,0.179710596205785,0.1572385833861376,0.1149062891377406,0.8341478109359741,5.304,cb80d11c3532ab20b83037029cb1c2394ea6339f697e7101b9288365e3387903da82dc7d32bb6f1a45d5659f6ffacc187711e06195561c5e4f09721683bbd761,,,,,,,,
746,51ac71db84d066b7c2fe1dd940f0e75602010e8a2c0a23df2b47108a43c6df09aea35278f729be243a1d02576df693c13705cc367b391889be00e5a572b08fb5,hindi_griffinlim_eval_final/fake_hindi_griffinlim/hindi_fake_0746.wav,0,6.516,-0.4907054901123047,0.999495804309845,rms_matched,False,0.0784755265340284,hindi,-0.9400925636291504,51ac71db84d066b7c2fe1dd940f0e75602010e8a2c0a23df2b47108a43c6df09aea35278f729be243a1d02576df693c13705cc367b391889be00e5a572b08fb5,0.0784755265340284,0.4936912157172333,0.2760828527782068,0.2270850508280705,0.078418718583486,0.5773547291755676,6.516,51ac71db84d066b7c2fe1dd940f0e75602010e8a2c0a23df2b47108a43c6df09aea35278f729be243a1d02576df693c13705cc367b391889be00e5a572b08fb5,,,,,,,,
747,93f71918fbe69cad830cb49211cb10c9344e04ceca427ea39db38c8b5f5f200a4706f0a12646585364ff3b44f3bb75784005797e3e3259fd9579fa985955b3ac,hindi_griffinlim_eval_final/fake_hindi_griffinlim/hindi_fake_0747.wav,0,3.384,-1.733687162399292,2.6192901134490967,rms_matched,False,0.0073263961642704,hindi,-2.1830742359161377,93f71918fbe69cad830cb49211cb10c9344e04ceca427ea39db38c8b5f5f200a4706f0a12646585364ff3b44f3bb75784005797e3e3259fd9579fa985955b3ac,0.0073263961642704,0.4666655528152594,0.3483932610327397,0.1835274842834735,0.1372566068667484,0.899844765663147,3.384,93f71918fbe69cad830cb49211cb10c9344e04ceca427ea39db38c8b5f5f200a4706f0a12646585364ff3b44f3bb75784005797e3e3259fd9579fa985955b3ac,,,,,,,,
748,7a089d86c2c82f061df264f419453e3740e2a7e030b13163f8802012baaa04bb35130896e3ee83c688d07bce1c74d40e83dabdca6a911dc25d15f97ebb75b7e4,hindi_griffinlim_eval_final/fake_hindi_griffinlim/hindi_fake_0748.wav,0,4.14,-0.5484775304794312,0.3478070199489593,rms_matched,False,0.0750827340886632,hindi,-0.9978646039962769,7a089d86c2c82f061df264f419453e3740e2a7e030b13163f8802012baaa04bb35130896e3ee83c688d07bce1c74d40e83dabdca6a911dc25d15f97ebb75b7e4,0.0750827340886632,0.6194490087220887,0.2105799482811524,0.1678324769311384,0.1147846988884299,0.7344542741775513,4.14,7a089d86c2c82f061df264f419453e3740e2a7e030b13163f8802012baaa04bb35130896e3ee83c688d07bce1c74d40e83dabdca6a911dc25d15f97ebb75b7e4,,,,,,,,
749,58913ffb4a411d7b14318c0cadbfb8ccdf1ed3dd5c7173b948c382329be9bb3fd15f6a5b863c94639786da4b32fa679087d9b0d4a04711dec86e1b82ed92c369,hindi_griffinlim_eval_final/fake_hindi_griffinlim/hindi_fake_0749.wav,0,7.668,-5.927372932434082,6.820405960083008,peak_normalized,True,0.4291093327136431,hindi,-6.376760005950928,58913ffb4a411d7b14318c0cadbfb8ccdf1ed3dd5c7173b948c382329be9bb3fd15f6a5b863c94639786da4b32fa679087d9b0d4a04711dec86e1b82ed92c369,0.4291093327136431,0.6937921252617336,0.2617272150351142,0.0443793448255695,0.1171121521044286,0.990020751953125,7.664,58913ffb4a411d7b14318c0cadbfb8ccdf1ed3dd5c7173b948c382329be9bb3fd15f6a5b863c94639786da4b32fa679087d9b0d4a04711dec86e1b82ed92c369,,,,,,,,
750,aae384c088b18eed8da9fe141de09f584054ad55ee2a6514c682c1bd425784ed886c928e35a66fa611ccad98b44274839b2b5f7c3fe678e1c8740cfc90389187,hindi_griffinlim_eval_final/fake_hindi_griffinlim/hindi_fake_0750.wav,0,2.7,-5.547385215759277,6.221900463104248,rms_matched,False,0.0717843206531326,hindi,-5.996772289276123,aae384c088b18eed8da9fe141de09f584054ad55ee2a6514c682c1bd425784ed886c928e35a66fa611ccad98b44274839b2b5f7c3fe678e1c8740cfc90389187,0.0717843206531326,0.6670359473249872,0.1832279027270877,0.147812805676995,0.1235685293986624,0.704923152923584,2.7,aae384c088b18eed8da9fe141de09f584054ad55ee2a6514c682c1bd425784ed886c928e35a66fa611ccad98b44274839b2b5f7c3fe678e1c8740cfc90389187,,,,,,,,
751,daa76944376a4ffb1588dd2a305c507bc1b8e14eafbbb1784aba0d0e901a3ceccaa5f1d84909bc13f2ff0ab6c7facb2ac2e487daed3470c7fe44022f33cd2a26,hindi_griffinlim_eval_final/fake_hindi_griffinlim/hindi_fake_0751.wav,0,4.428,-0.311032772064209,0.517808198928833,rms_matched,False,0.030862800962139,hindi,-0.7604198455810547,daa76944376a4ffb1588dd2a305c507bc1b8e14eafbbb1784aba0d0e901a3ceccaa5f1d84909bc13f2ff0ab6c7facb2ac2e487daed3470c7fe44022f33cd2a26,0.030862800962139,0.3064696934315524,0.3603912997571725,0.3287297233988826,0.044552572811518,0.2854962348937988,4.428,daa76944376a4ffb1588dd2a305c507bc1b8e14eafbbb1784aba0d0e901a3ceccaa5f1d84909bc13f2ff0ab6c7facb2ac2e487daed3470c7fe44022f33cd2a26,,,,,,,,
752,5ed8ac2780bfa08239e0aaa23e691fbf20930452cfd1163db395388d3dbff09ffc862aedc9ce80763a39a782ecb2ad5f729198b4f8565adbfc50bb5327957cc2,hindi_griffinlim_eval_final/fake_hindi_griffinlim/hindi_fake_0752.wav,0,6.3,-0.6393729448318481,1.0750229358673096,rms_matched,False,0.2174873402899106,hindi,-1.0887600183486938,5ed8ac2780bfa08239e0aaa23e691fbf20930452cfd1163db395388d3dbff09ffc862aedc9ce80763a39a782ecb2ad5f729198b4f8565adbfc50bb5327957cc2,0.2174873402899106,0.5862059685691055,0.212580850905764,0.1986453391888127,0.0965119123735204,0.8312802910804749,6.3,5ed8ac2780bfa08239e0aaa23e691fbf20930452cfd1163db395388d3dbff09ffc862aedc9ce80763a39a782ecb2ad5f729198b4f8565adbfc50bb5327957cc2,,,,,,,,
753,1963c5f396b43a02ea6a7cf2cacaafb042bfe53209c711d2325e2e4cfd7185370746e463b5ceb83f9ac807e048b8891b494db95e3bd7eccfbef896877eea9bbc,hindi_griffinlim_eval_final/fake_hindi_griffinlim/hindi_fake_0753.wav,0,5.76,-5.557896137237549,6.36351490020752,rms_matched,False,0.0089114020697516,hindi,-6.0072832107543945,1963c5f396b43a02ea6a7cf2cacaafb042bfe53209c711d2325e2e4cfd7185370746e463b5ceb83f9ac807e048b8891b494db95e3bd7eccfbef896877eea9bbc,0.0089114020697516,0.3553227268990482,0.4824112891016849,0.1601918393251103,0.0991329933369172,0.6340005993843079,5.76,1963c5f396b43a02ea6a7cf2cacaafb042bfe53209c711d2325e2e4cfd7185370746e463b5ceb83f9ac807e048b8891b494db95e3bd7eccfbef896877eea9bbc,,,,,,,,
754,6f3cdaef649635685d3a90ee62bab981848e6ed6f25f28b9b43c2f3d4ac51b4e42a36ead3b4b83add1e9bd60f0c66f05ecfe7c7c5154b6345a1c2f1c85b32fa8,hindi_griffinlim_eval_final/fake_hindi_griffinlim/hindi_fake_0754.wav,0,4.068,-4.554951190948486,5.339440822601318,rms_matched,False,0.082081077297651,hindi,-5.004338264465332,6f3cdaef649635685d3a90ee62bab981848e6ed6f25f28b9b43c2f3d4ac51b4e42a36ead3b4b83add1e9bd60f0c66f05ecfe7c7c5154b6345a1c2f1c85b32fa8,0.082081077297651,0.4892187965163917,0.2821013795811301,0.2257375253118297,0.0823815715988585,0.5646803975105286,4.068,6f3cdaef649635685d3a90ee62bab981848e6ed6f25f28b9b43c2f3d4ac51b4e42a36ead3b4b83add1e9bd60f0c66f05ecfe7c7c5154b6345a1c2f1c85b32fa8,,,,,,,,
755,5910123d516315dfc2a43523d5cbc63444096a4cd38bb8b772155e3c51fb2f1eb673beaa1603de242ad8aa5dafe9d0ebd85a1c02bc6a7ee45e636585932306ae,hindi_griffinlim_eval_final/fake_hindi_griffinlim/hindi_fake_0755.wav,0,4.284,6.980621814727783,-9.02719020843506,rms_matched,False,0.0196868522559701,hindi,6.5312347412109375,5910123d516315dfc2a43523d5cbc63444096a4cd38bb8b772155e3c51fb2f1eb673beaa1603de242ad8aa5dafe9d0ebd85a1c02bc6a7ee45e636585932306ae,0.0196868522559701,0.2009475265482141,0.4032705856667496,0.3906857412556296,0.0197792799070582,0.0962362289428711,4.284,5910123d516315dfc2a43523d5cbc63444096a4cd38bb8b772155e3c51fb2f1eb673beaa1603de242ad8aa5dafe9d0ebd85a1c02bc6a7ee45e636585932306ae,,,,,,,,
756,4f7f65a3c1d0ad3bc8c1b1b9d1f99a33e4785aac4a57bf5803876af5b7bd8c4d96f9ce70fa5d287f0aa26fa4aa86e8572fa595a5554dc71ae32d82496237da62,hindi_griffinlim_eval_final/fake_hindi_griffinlim/hindi_fake_0756.wav,0,5.088,3.105654716491699,-3.858402729034424,peak_normalized,True,0.0321411840800484,hindi,2.6562676429748535,4f7f65a3c1d0ad3bc8c1b1b9d1f99a33e4785aac4a57bf5803876af5b7bd8c4d96f9ce70fa5d287f0aa26fa4aa86e8572fa595a5554dc71ae32d82496237da62,0.0321411840800484,0.8900014969716907,0.0966179746781195,0.0133489498658323,0.1835887313910848,0.989990234375,5.088,4f7f65a3c1d0ad3bc8c1b1b9d1f99a33e4785aac4a57bf5803876af5b7bd8c4d96f9ce70fa5d287f0aa26fa4aa86e8572fa595a5554dc71ae32d82496237da62,,,,,,,,
757,53c5dd7ebb08179dca2b5f3992b991b3d28288202e01a950d1e70510db84b5cdf9cb5e72803a4212e7428e60b2ddda26a81dbdc01410725d0d6de265d86cb530,hindi_griffinlim_eval_final/fake_hindi_griffinlim/hindi_fake_0757.wav,0,4.716,-0.7535597085952759,1.204519271850586,rms_matched,False,0.0351259601653466,hindi,-1.2029467821121216,53c5dd7ebb08179dca2b5f3992b991b3d28288202e01a950d1e70510db84b5cdf9cb5e72803a4212e7428e60b2ddda26a81dbdc01410725d0d6de265d86cb530,0.0351259601653466,0.4083070117456641,0.3164525940472816,0.2715575000051302,0.066581988854067,0.4009729027748108,4.716,53c5dd7ebb08179dca2b5f3992b991b3d28288202e01a950d1e70510db84b5cdf9cb5e72803a4212e7428e60b2ddda26a81dbdc01410725d0d6de265d86cb530,,,,,,,,
758,47de2452e6533a1ac8008a109922c7796071e6e7184f269fea46f1c268cfea53c4370dc1ad37390e369be03a0da5f16fbb9a2a141b8fc250384fa18fb23deae4,hindi_griffinlim_eval_final/fake_hindi_griffinlim/hindi_fake_0758.wav,0,6.696,6.431597709655762,-8.322595596313477,rms_matched,False,0.0104907775361487,hindi,5.982210636138916,47de2452e6533a1ac8008a109922c7796071e6e7184f269fea46f1c268cfea53c4370dc1ad37390e369be03a0da5f16fbb9a2a141b8fc250384fa18fb23deae4,0.0104907775361487,0.2394598217269803,0.3785999738282177,0.3770820587466144,0.0293079674021689,0.1323211193084716,6.696,47de2452e6533a1ac8008a109922c7796071e6e7184f269fea46f1c268cfea53c4370dc1ad37390e369be03a0da5f16fbb9a2a141b8fc250384fa18fb23deae4,,,,,,,,
759,389842e0cd33cfb9876ef3d2f0e50eb0d9842d3a72efb647244e2cab4f456609c2fe3c3584b5307808cc70d8a9f6cbc18617ef2eadf45ed518b03c0dee8dfd87,hindi_griffinlim_eval_final/fake_hindi_griffinlim/hindi_fake_0759.wav,0,4.296,3.1354684829711914,-4.123573303222656,rms_matched,False,0.2933703507533439,hindi,2.6860814094543457,389842e0cd33cfb9876ef3d2f0e50eb0d9842d3a72efb647244e2cab4f456609c2fe3c3584b5307808cc70d8a9f6cbc18617ef2eadf45ed518b03c0dee8dfd87,0.2933703507533439,0.3805925069324736,0.3311002123066367,0.2846491414737217,0.0561040786647879,0.6827786564826965,4.296,389842e0cd33cfb9876ef3d2f0e50eb0d9842d3a72efb647244e2cab4f456609c2fe3c3584b5307808cc70d8a9f6cbc18617ef2eadf45ed518b03c0dee8dfd87,,,,,,,,
760,551ead2654838dfeb5faff96cbcc6d7ca4ac208e9f84293d31d5c89ae3e612bcc525e7f2cc8a050c834c1d550d9880c84e908cf0c4e90a885b36001c989f7aa6,hindi_griffinlim_eval_final/fake_hindi_griffinlim/hindi_fake_0760.wav,0,5.04,-0.5246462821960449,1.1486281156539917,rms_matched,False,0.023714974042264,hindi,-0.9740333557128906,551ead2654838dfeb5faff96cbcc6d7ca4ac208e9f84293d31d5c89ae3e612bcc525e7f2cc8a050c834c1d550d9880c84e908cf0c4e90a885b36001c989f7aa6,0.023714974042264,0.3056934301491737,0.3977480477441462,0.2931403730885999,0.0559365466215923,0.3854333162307739,5.04,551ead2654838dfeb5faff96cbcc6d7ca4ac208e9f84293d31d5c89ae3e612bcc525e7f2cc8a050c834c1d550d9880c84e908cf0c4e90a885b36001c989f7aa6,,,,,,,,
761,df520ae6630f89c5941ffecf315f19953bdca51d6b7beb825aacd71405cc44f29ad01463f8b079cb10faf201b544d74dfd136f3353babacd39f80623d2c64bb7,hindi_griffinlim_eval_final/fake_hindi_griffinlim/hindi_fake_0761.wav,0,5.94,-1.5441299676895142,2.2284114360809326,rms_matched,False,0.1816900046895672,hindi,-1.9935170412063599,df520ae6630f89c5941ffecf315f19953bdca51d6b7beb825aacd71405cc44f29ad01463f8b079cb10faf201b544d74dfd136f3353babacd39f80623d2c64bb7,0.1816900046895672,0.5400683645894244,0.2640225355769564,0.1933589144660989,0.0929373226819092,0.801945686340332,5.94,df520ae6630f89c5941ffecf315f19953bdca51d6b7beb825aacd71405cc44f29ad01463f8b079cb10faf201b544d74dfd136f3353babacd39f80623d2c64bb7,,,,,,,,
762,a77463c4923319faa0aa9e316c75a0c0b8b57506ca68d5ae159872b937710f58e5559c8f319e0d9b23c3c80f7bff29a739634859ac38c3cb38e1f278cc7d4b97,hindi_griffinlim_eval_final/fake_hindi_griffinlim/hindi_fake_0762.wav,0,5.4,0.0004617981612682,-0.1503737568855285,rms_matched,False,0.0207617218883746,hindi,-0.4489252753555775,a77463c4923319faa0aa9e316c75a0c0b8b57506ca68d5ae159872b937710f58e5559c8f319e0d9b23c3c80f7bff29a739634859ac38c3cb38e1f278cc7d4b97,0.0207617218883746,0.3432611829382661,0.3326786575679654,0.3199709571495125,0.0485183666140528,0.2415875196456909,5.4,a77463c4923319faa0aa9e316c75a0c0b8b57506ca68d5ae159872b937710f58e5559c8f319e0d9b23c3c80f7bff29a739634859ac38c3cb38e1f278cc7d4b97,,,,,,,,
763,038cbd3b3ba6f4aa92f2c4c86ba365b95aeb66bfafd37c2803b769b28c260573e0387b85d8ce77f0fea215ffc971b366a14916fe782fc7b0c238062ec238b0c3,hindi_griffinlim_eval_final/fake_hindi_griffinlim/hindi_fake_0763.wav,0,4.86,4.043201923370361,-4.908626556396484,rms_matched,False,0.0589484709186682,hindi,3.5938148498535156,038cbd3b3ba6f4aa92f2c4c86ba365b95aeb66bfafd37c2803b769b28c260573e0387b85d8ce77f0fea215ffc971b366a14916fe782fc7b0c238062ec238b0c3,0.0589484709186682,0.4089143991777711,0.2974712917195787,0.2897793044470045,0.0596087013536337,0.4127199053764343,4.86,038cbd3b3ba6f4aa92f2c4c86ba365b95aeb66bfafd37c2803b769b28c260573e0387b85d8ce77f0fea215ffc971b366a14916fe782fc7b0c238062ec238b0c3,,,,,,,,
764,f4acf13791d1ffc57965afc160c66ab08985a745fc07997aced0be646a308c8b8c3f851c7143204d02449b094fd7811bc980a05b337acdadb7e2a83dd9c9c2bb,hindi_griffinlim_eval_final/fake_hindi_griffinlim/hindi_fake_0764.wav,0,3.42,-4.866737365722656,5.667405128479004,rms_matched,False,0.1931590621320134,hindi,-5.316124439239502,f4acf13791d1ffc57965afc160c66ab08985a745fc07997aced0be646a308c8b8c3f851c7143204d02449b094fd7811bc980a05b337acdadb7e2a83dd9c9c2bb,0.1931590621320134,0.5957603917349147,0.2713010046508617,0.131124208919539,0.122016045552408,0.9801467061042786,3.42,f4acf13791d1ffc57965afc160c66ab08985a745fc07997aced0be646a308c8b8c3f851c7143204d02449b094fd7811bc980a05b337acdadb7e2a83dd9c9c2bb,,,,,,,,
765,2d27b396006a861ca7b1d045b46c33a62ae2f394d1da44c60a21ec6da2cbb9bbd3c7db23f5bdf57b185987f7c6157ac50f6af45751dff9a96bafc3fe6b5bea2e,hindi_griffinlim_eval_final/fake_hindi_griffinlim/hindi_fake_0765.wav,0,5.796,-1.608324646949768,2.4084811210632324,rms_matched,False,0.3147968839326808,hindi,-2.0577117204666138,2d27b396006a861ca7b1d045b46c33a62ae2f394d1da44c60a21ec6da2cbb9bbd3c7db23f5bdf57b185987f7c6157ac50f6af45751dff9a96bafc3fe6b5bea2e,0.3147968839326808,0.4802598796427613,0.281438967762142,0.2351078465876679,0.0731314077629418,0.7752487659454346,5.796,2d27b396006a861ca7b1d045b46c33a62ae2f394d1da44c60a21ec6da2cbb9bbd3c7db23f5bdf57b185987f7c6157ac50f6af45751dff9a96bafc3fe6b5bea2e,,,,,,,,
766,c0c130a042ca336930590bd4ee7ac3a1ddc31953a4a5848ca2b8dc92142e738a1624463ce88100c1acf4fd19242bfcfc04b6c62c0f89e7a958ff9f02f6520a51,hindi_griffinlim_eval_final/fake_hindi_griffinlim/hindi_fake_0766.wav,0,7.308,-0.4885172843933105,0.9530012011528016,rms_matched,False,0.0256969894651764,hindi,-0.9379043579101562,c0c130a042ca336930590bd4ee7ac3a1ddc31953a4a5848ca2b8dc92142e738a1624463ce88100c1acf4fd19242bfcfc04b6c62c0f89e7a958ff9f02f6520a51,0.0256969894651764,0.402500517165644,0.3039778520337745,0.2897450449970989,0.0618711342363559,0.3988208770751953,7.308,c0c130a042ca336930590bd4ee7ac3a1ddc31953a4a5848ca2b8dc92142e738a1624463ce88100c1acf4fd19242bfcfc04b6c62c0f89e7a958ff9f02f6520a51,,,,,,,,
767,0f018a99663f33afbb7d38aee281fb1afcfd07f9e7acd00383f604e1e17c38d6ed8adf1bd2ccbf927a52c5adefb8ac4b158ce27a7c2ed9581e71202eb302dfb3,hindi_griffinlim_eval_final/fake_hindi_griffinlim/hindi_fake_0767.wav,0,6.696,-0.2268870323896408,0.3103350698947906,rms_matched,False,0.0845158597817612,hindi,-0.6762741059064865,0f018a99663f33afbb7d38aee281fb1afcfd07f9e7acd00383f604e1e17c38d6ed8adf1bd2ccbf927a52c5adefb8ac4b158ce27a7c2ed9581e71202eb302dfb3,0.0845158597817612,0.5420171437817795,0.4576570050627773,0.0002327858582719,0.1289853833189662,0.984893798828125,6.688,0f018a99663f33afbb7d38aee281fb1afcfd07f9e7acd00383f604e1e17c38d6ed8adf1bd2ccbf927a52c5adefb8ac4b158ce27a7c2ed9581e71202eb302dfb3,,,,,,,,
768,389842e0cd33cfb9876ef3d2f0e50eb0d9842d3a72efb647244e2cab4f456609c2fe3c3584b5307808cc70d8a9f6cbc18617ef2eadf45ed518b03c0dee8dfd87,hindi_griffinlim_eval_final/fake_hindi_griffinlim/hindi_fake_0768.wav,0,7.536,-2.4008917808532715,3.177887439727783,rms_matched,False,0.0503670513873902,hindi,-2.850278854370117,389842e0cd33cfb9876ef3d2f0e50eb0d9842d3a72efb647244e2cab4f456609c2fe3c3584b5307808cc70d8a9f6cbc18617ef2eadf45ed518b03c0dee8dfd87,0.0503670513873902,0.4074678412420197,0.3187060753144459,0.2701961655270254,0.0640932311436409,0.5189710855484009,7.536,389842e0cd33cfb9876ef3d2f0e50eb0d9842d3a72efb647244e2cab4f456609c2fe3c3584b5307808cc70d8a9f6cbc18617ef2eadf45ed518b03c0dee8dfd87,,,,,,,,
769,a3c9eb18e51d74ec5fbf9ca9ca1d5edf24c691d0f685ef2ffc8689d107710a300eec2172a79cc039b119ebc451ab794cb8519ce2d3c37209c7f24649089a7fc2,hindi_griffinlim_eval_final/fake_hindi_griffinlim/hindi_fake_0769.wav,0,3.132,4.291982173919678,-5.260698318481445,rms_matched,False,0.0358125424278596,hindi,3.842595100402832,a3c9eb18e51d74ec5fbf9ca9ca1d5edf24c691d0f685ef2ffc8689d107710a300eec2172a79cc039b119ebc451ab794cb8519ce2d3c37209c7f24649089a7fc2,0.0358125424278596,0.3141591190657644,0.3559830977891935,0.3253046274769199,0.0429898171841276,0.2295287251472473,3.132,a3c9eb18e51d74ec5fbf9ca9ca1d5edf24c691d0f685ef2ffc8689d107710a300eec2172a79cc039b119ebc451ab794cb8519ce2d3c37209c7f24649089a7fc2,,,,,,,,
770,c7a77aac9398049c593a06e3bde552061eb033612d2266a548202cc8790a06dd5c5c4fb002e8013ef38f94abed95b3bea0e56c4cb6aa8deecf7c63373764826d,hindi_griffinlim_eval_final/fake_hindi_griffinlim/hindi_fake_0770.wav,0,5.328,-5.929584503173828,6.795018196105957,rms_matched,False,0.1427879214229734,hindi,-6.378971576690674,c7a77aac9398049c593a06e3bde552061eb033612d2266a548202cc8790a06dd5c5c4fb002e8013ef38f94abed95b3bea0e56c4cb6aa8deecf7c63373764826d,0.1427879214229734,0.6124216219783983,0.2015302332572902,0.183761875868971,0.1043096695168753,0.769737184047699,5.328,c7a77aac9398049c593a06e3bde552061eb033612d2266a548202cc8790a06dd5c5c4fb002e8013ef38f94abed95b3bea0e56c4cb6aa8deecf7c63373764826d,,,,,,,,
771,36062260d676bde6039ce120c376465b2bd64e0699bac4f5ccf693568a39376a0cbc895a1c3ad2b74de0236420dc51f0dc3bc8d7f1fcac394756286a2c426056,hindi_griffinlim_eval_final/fake_hindi_griffinlim/hindi_fake_0771.wav,0,7.02,-2.0796122550964355,2.582242012023926,peak_normalized,True,0.10166263879422,hindi,-2.5289993286132812,36062260d676bde6039ce120c376465b2bd64e0699bac4f5ccf693568a39376a0cbc895a1c3ad2b74de0236420dc51f0dc3bc8d7f1fcac394756286a2c426056,0.10166263879422,0.9173403798234178,0.074049601177999,0.0085714486940486,0.1684902847656912,0.990020751953125,7.008,36062260d676bde6039ce120c376465b2bd64e0699bac4f5ccf693568a39376a0cbc895a1c3ad2b74de0236420dc51f0dc3bc8d7f1fcac394756286a2c426056,,,,,,,,
772,4f7f65a3c1d0ad3bc8c1b1b9d1f99a33e4785aac4a57bf5803876af5b7bd8c4d96f9ce70fa5d287f0aa26fa4aa86e8572fa595a5554dc71ae32d82496237da62,hindi_griffinlim_eval_final/fake_hindi_griffinlim/hindi_fake_0772.wav,0,3.864,3.784463882446289,-4.951815605163574,peak_normalized,True,0.0478071068197536,hindi,3.3350768089294434,4f7f65a3c1d0ad3bc8c1b1b9d1f99a33e4785aac4a57bf5803876af5b7bd8c4d96f9ce70fa5d287f0aa26fa4aa86e8572fa595a5554dc71ae32d82496237da62,0.0478071068197536,0.9487871693867936,0.0451744091620043,0.006010597053126,0.1890878148975064,0.989990234375,3.856,4f7f65a3c1d0ad3bc8c1b1b9d1f99a33e4785aac4a57bf5803876af5b7bd8c4d96f9ce70fa5d287f0aa26fa4aa86e8572fa595a5554dc71ae32d82496237da62,0.9458832456292332,0.0448773463777243,0.0092394079930426,0.7909362649081582,14.089271194482809,0.1675409771644272,0.4399122445208213,0.6251041566405868
773,2b0295a46df33cca7111334e28048e4ca8856ac39e51ceba5d127c2defec2c84aa3dbbe0b2cd9a0057a3710d4ca5936186ac62306a21dbc4f493acb9486d1452,hindi_griffinlim_eval_final/fake_hindi_griffinlim/hindi_fake_0773.wav,0,6.66,3.783698081970215,-4.595510482788086,rms_matched,False,0.0187562647609702,hindi,3.334311008453369,2b0295a46df33cca7111334e28048e4ca8856ac39e51ceba5d127c2defec2c84aa3dbbe0b2cd9a0057a3710d4ca5936186ac62306a21dbc4f493acb9486d1452,0.0187562647609702,0.2313097704770894,0.4099522026341142,0.3541411389647473,0.03167153474499,0.2457767128944397,6.66,2b0295a46df33cca7111334e28048e4ca8856ac39e51ceba5d127c2defec2c84aa3dbbe0b2cd9a0057a3710d4ca5936186ac62306a21dbc4f493acb9486d1452,,,,,,,,
774,cc1693f2d0cabb0990f6510436b2406fbe0c4858c27f2c0b104c5f5c2499816770058f47af5d1bee60ed9027a18d60ad2e9dec2e2c3476373afe61afa078a3a4,hindi_griffinlim_eval_final/fake_hindi_griffinlim/hindi_fake_0774.wav,0,5.832,4.894962310791016,-6.129701137542725,rms_matched,False,0.0144700705081193,hindi,4.44557523727417,cc1693f2d0cabb0990f6510436b2406fbe0c4858c27f2c0b104c5f5c2499816770058f47af5d1bee60ed9027a18d60ad2e9dec2e2c3476373afe61afa078a3a4,0.0144700705081193,0.2589840396689414,0.376286412286691,0.35976852952509,0.0340806570601189,0.1720399260520935,5.832,cc1693f2d0cabb0990f6510436b2406fbe0c4858c27f2c0b104c5f5c2499816770058f47af5d1bee60ed9027a18d60ad2e9dec2e2c3476373afe61afa078a3a4,,,,,,,,
775,984398a9ba94c5ce43b621c6fee2c6092d5ea3632e0b605bf206a5ae59eba42401dbc36603073eec2117374293d2675a9847d91f1c71deeeeee7c5202840a1ea,hindi_griffinlim_eval_final/fake_hindi_griffinlim/hindi_fake_0775.wav,0,6.504,1.142581343650818,-1.7643836736679075,rms_matched,False,0.0936874339163553,hindi,0.6931942701339724,984398a9ba94c5ce43b621c6fee2c6092d5ea3632e0b605bf206a5ae59eba42401dbc36603073eec2117374293d2675a9847d91f1c71deeeeee7c5202840a1ea,0.0936874339163553,0.4612682189104002,0.2956029614607499,0.2401977022896645,0.0791343931112422,0.6822036504745483,6.504,984398a9ba94c5ce43b621c6fee2c6092d5ea3632e0b605bf206a5ae59eba42401dbc36603073eec2117374293d2675a9847d91f1c71deeeeee7c5202840a1ea,,,,,,,,
776,b4069adc243cc7836a2bf30d44984b772c144f867bb92b4226209bcdc0783ee26b25bf51d2c4e42b8af14bfe3d183fb5aed4fd783bddc50d124f0970cce3dcd8,hindi_griffinlim_eval_final/fake_hindi_griffinlim/hindi_fake_0776.wav,0,7.308,-5.696816444396973,6.532283306121826,rms_matched,False,0.0684913583561258,hindi,-6.146203517913818,b4069adc243cc7836a2bf30d44984b772c144f867bb92b4226209bcdc0783ee26b25bf51d2c4e42b8af14bfe3d183fb5aed4fd783bddc50d124f0970cce3dcd8,0.0684913583561258,0.6585769702105599,0.1853720775534343,0.1541408920170217,0.1199020464376435,0.8185227513313293,7.308,b4069adc243cc7836a2bf30d44984b772c144f867bb92b4226209bcdc0783ee26b25bf51d2c4e42b8af14bfe3d183fb5aed4fd783bddc50d124f0970cce3dcd8,,,,,,,,
777,6ebad08c5960e5ac3ec20197f173828d6da580b660c01794cdd4270089cdd590b3d512277ba38e372e860e7e9e9d9621fbeec2edd3ab07dcfe713a646c246543,hindi_griffinlim_eval_final/fake_hindi_griffinlim/hindi_fake_0777.wav,0,4.968,-3.095308780670166,3.915907382965088,rms_matched,False,0.2587111360537877,hindi,-3.5446958541870117,6ebad08c5960e5ac3ec20197f173828d6da580b660c01794cdd4270089cdd590b3d512277ba38e372e860e7e9e9d9621fbeec2edd3ab07dcfe713a646c246543,0.2587111360537877,0.584275271725423,0.2096228717380961,0.2034591190636759,0.0987660199864891,0.8621591925621033,4.968,6ebad08c5960e5ac3ec20197f173828d6da580b660c01794cdd4270089cdd590b3d512277ba38e372e860e7e9e9d9621fbeec2edd3ab07dcfe713a646c246543,0.4423101539477103,0.2835198591430255,0.2741699869092642,0.7142138855054669,14.438896969407448,0.1772225388548641,0.4175534499073217,0.5717032577136433
778,9564825a0829d21edd512e0523b3dccf946f9cd0f8b90c2589961c1867f2100b337df3df56dcee0dbdc7b4f23de4dc7d2af884dea2f7a3f6a3f3dc081879acfa,hindi_griffinlim_eval_final/fake_hindi_griffinlim/hindi_fake_0778.wav,0,6.048,3.748457431793213,-4.696761608123779,rms_matched,False,0.0146662696569985,hindi,3.299070358276367,9564825a0829d21edd512e0523b3dccf946f9cd0f8b90c2589961c1867f2100b337df3df56dcee0dbdc7b4f23de4dc7d2af884dea2f7a3f6a3f3dc081879acfa,0.0146662696569985,0.2670612728477931,0.3727683639494396,0.3555716138789629,0.037131067270636,0.2066879272460937,6.048,9564825a0829d21edd512e0523b3dccf946f9cd0f8b90c2589961c1867f2100b337df3df56dcee0dbdc7b4f23de4dc7d2af884dea2f7a3f6a3f3dc081879acfa,,,,,,,,
779,eb0cf518c980fbaafc44b52459e6edc777cf01758412dc63e1de49438b83b2d292941510deee22dd7111854884991b9e9fc276183f07dc59d4a6c8174d8da2dd,hindi_griffinlim_eval_final/fake_hindi_griffinlim/hindi_fake_0779.wav,0,4.68,-0.3777130544185638,0.7187904119491577,rms_matched,False,0.0548841553404968,hindi,-0.8271001279354095,eb0cf518c980fbaafc44b52459e6edc777cf01758412dc63e1de49438b83b2d292941510deee22dd7111854884991b9e9fc276183f07dc59d4a6c8174d8da2dd,0.0548841553404968,0.5526240187033455,0.1945442145752877,0.2507522358481515,0.1029701411413494,0.7279260158538818,4.68,eb0cf518c980fbaafc44b52459e6edc777cf01758412dc63e1de49438b83b2d292941510deee22dd7111854884991b9e9fc276183f07dc59d4a6c8174d8da2dd,,,,,,,,
780,ecc7e59a32c148c0940caf49e33b11c6c9cbcd065d19c3a636df8798f9a2b79eec188e8b8ec5c0ba3212d762cde863f145957a01d44291181826e1579efbcf79,hindi_griffinlim_eval_final/fake_hindi_griffinlim/hindi_fake_0780.wav,0,6.336,6.484945297241211,-8.411752700805664,rms_matched,False,0.0112088722222593,hindi,6.035558223724365,ecc7e59a32c148c0940caf49e33b11c6c9cbcd065d19c3a636df8798f9a2b79eec188e8b8ec5c0ba3212d762cde863f145957a01d44291181826e1579efbcf79,0.0112088722222593,0.1858173896093534,0.4077944333152664,0.401255694774611,0.0185114776341661,0.0913161039352417,6.336,ecc7e59a32c148c0940caf49e33b11c6c9cbcd065d19c3a636df8798f9a2b79eec188e8b8ec5c0ba3212d762cde863f145957a01d44291181826e1579efbcf79,,,,,,,,
781,b4c5626549de1a6d4b4aba5a71a46743d0f4d2d8e112428305e445a3d5b788f2ef545a304cb9af7dea34e244041ba584beebde36bf5d5c4f816500371016a63d,hindi_griffinlim_eval_final/fake_hindi_griffinlim/hindi_fake_0781.wav,0,5.04,-3.388124227523804,4.259995460510254,rms_matched,False,0.0885502158021481,hindi,-3.83751130104065,b4c5626549de1a6d4b4aba5a71a46743d0f4d2d8e112428305e445a3d5b788f2ef545a304cb9af7dea34e244041ba584beebde36bf5d5c4f816500371016a63d,0.0885502158021481,0.4262832848196126,0.3241457372199216,0.246399251561793,0.0697834488916782,0.5563802719116211,5.04,b4c5626549de1a6d4b4aba5a71a46743d0f4d2d8e112428305e445a3d5b788f2ef545a304cb9af7dea34e244041ba584beebde36bf5d5c4f816500371016a63d,,,,,,,,
782,ef72dad515c406393c07ffac9b57e6cd1e83073c82a001d49ea19a30fd9976d0d50d4c5cffcfdbec8ea222c152695775d85c227194f2e56516531e1c8e76ff70,hindi_griffinlim_eval_final/fake_hindi_griffinlim/hindi_fake_0782.wav,0,3.312,5.694353103637695,-7.369040489196777,rms_matched,False,0.6374916325847246,hindi,5.24496603012085,ef72dad515c406393c07ffac9b57e6cd1e83073c82a001d49ea19a30fd9976d0d50d4c5cffcfdbec8ea222c152695775d85c227194f2e56516531e1c8e76ff70,0.6374916325847246,0.8587048376636249,0.1177943323053458,0.0234379817576639,0.1372269509742733,0.976043701171875,3.312,ef72dad515c406393c07ffac9b57e6cd1e83073c82a001d49ea19a30fd9976d0d50d4c5cffcfdbec8ea222c152695775d85c227194f2e56516531e1c8e76ff70,0.8444423652104012,0.1190483534396191,0.0365092813499796,0.8671385192502972,13.438928763669404,0.2210601972427539,0.573676779401408,0.7763649151635126
783,038cbd3b3ba6f4aa92f2c4c86ba365b95aeb66bfafd37c2803b769b28c260573e0387b85d8ce77f0fea215ffc971b366a14916fe782fc7b0c238062ec238b0c3,hindi_griffinlim_eval_final/fake_hindi_griffinlim/hindi_fake_0783.wav,0,4.968,-0.5666111707687378,1.1686168909072876,rms_matched,False,0.0610820797482041,hindi,-1.0159982442855835,038cbd3b3ba6f4aa92f2c4c86ba365b95aeb66bfafd37c2803b769b28c260573e0387b85d8ce77f0fea215ffc971b366a14916fe782fc7b0c238062ec238b0c3,0.0610820797482041,0.3812894843297317,0.3247568969210317,0.2900986017488134,0.0563613524165864,0.4212642312049866,4.968,038cbd3b3ba6f4aa92f2c4c86ba365b95aeb66bfafd37c2803b769b28c260573e0387b85d8ce77f0fea215ffc971b366a14916fe782fc7b0c238062ec238b0c3,,,,,,,,
784,758b942bfaf2837bafb0696d5ebc123856f4841aed4dc9d31bb010e7a67246791cda1685a1f4de659ed10843f3be1d227e8f4935ca088afa8531c61ab5bbed26,hindi_griffinlim_eval_final/fake_hindi_griffinlim/hindi_fake_0784.wav,0,7.956,-1.4369655847549438,1.9510433673858645,rms_matched,False,0.074063512654007,hindi,-1.8863526582717896,758b942bfaf2837bafb0696d5ebc123856f4841aed4dc9d31bb010e7a67246791cda1685a1f4de659ed10843f3be1d227e8f4935ca088afa8531c61ab5bbed26,0.074063512654007,0.6128182130902855,0.2271552886784089,0.1580278582822894,0.1132866007718307,0.8379369378089905,7.956,758b942bfaf2837bafb0696d5ebc123856f4841aed4dc9d31bb010e7a67246791cda1685a1f4de659ed10843f3be1d227e8f4935ca088afa8531c61ab5bbed26,,,,,,,,
785,d002200225d5b38de9dd8b95e9fb77c24724f8a56ee0b31f6ee2260b5636a1e23c0fadcae1156f88b703128798bd749901930f35e839ea2a2bb2bcb8afe5cc74,hindi_griffinlim_eval_final/fake_hindi_griffinlim/hindi_fake_0785.wav,0,5.076,-2.0345375537872314,2.805939197540283,rms_matched,False,0.3213140008562481,hindi,-2.483924627304077,d002200225d5b38de9dd8b95e9fb77c24724f8a56ee0b31f6ee2260b5636a1e23c0fadcae1156f88b703128798bd749901930f35e839ea2a2bb2bcb8afe5cc74,0.3213140008562481,0.6205869134814,0.2165317738766806,0.1609221685880495,0.1108912250054628,0.9803335070610046,5.076,d002200225d5b38de9dd8b95e9fb77c24724f8a56ee0b31f6ee2260b5636a1e23c0fadcae1156f88b703128798bd749901930f35e839ea2a2bb2bcb8afe5cc74,,,,,,,,
786,76ae0779e8b42a6cebddc96f1c8be8cd17dc128ea3dc6c77c1afef491eb3334aec08ac644ce6b553783bec6530bcd7a8d7869d249d8fc4cbf394c176c2a03fe0,hindi_griffinlim_eval_final/fake_hindi_griffinlim/hindi_fake_0786.wav,0,3.924,1.1258069276809692,-1.687477707862854,rms_matched,False,0.0309627230626635,hindi,0.6764198541641235,76ae0779e8b42a6cebddc96f1c8be8cd17dc128ea3dc6c77c1afef491eb3334aec08ac644ce6b553783bec6530bcd7a8d7869d249d8fc4cbf394c176c2a03fe0,0.0309627230626635,0.2947675810100257,0.3768841613369547,0.3241706964488547,0.0424091258943906,0.2537335157394409,3.924,76ae0779e8b42a6cebddc96f1c8be8cd17dc128ea3dc6c77c1afef491eb3334aec08ac644ce6b553783bec6530bcd7a8d7869d249d8fc4cbf394c176c2a03fe0,,,,,,,,
787,f398e532c4307d0fb6f23dda4b599e05c8483a5211aab4dba56e24a0acc89810af5b98cc96afe0b55fdee3b41250c05571fa3d170e517213e71e52e481a80df1,hindi_griffinlim_eval_final/fake_hindi_griffinlim/hindi_fake_0787.wav,0,3.096,-1.6471997499465942,2.3022937774658203,rms_matched,False,0.0254622030901748,hindi,-2.09658682346344,f398e532c4307d0fb6f23dda4b599e05c8483a5211aab4dba56e24a0acc89810af5b98cc96afe0b55fdee3b41250c05571fa3d170e517213e71e52e481a80df1,0.0254622030901748,0.5780066841967012,0.2635776372432292,0.1564290768779106,0.1212587191925854,0.6645002365112305,3.096,f398e532c4307d0fb6f23dda4b599e05c8483a5211aab4dba56e24a0acc89810af5b98cc96afe0b55fdee3b41250c05571fa3d170e517213e71e52e481a80df1,,,,,,,,
788,9f2ff0bc50ccd0ab79eed640359ccb9c1016d458fcfda044203f727fd8063bca505d1f650c0a66a096c753381ca88026043ab86554e6f9229362771eb98cebad,hindi_griffinlim_eval_final/fake_hindi_griffinlim/hindi_fake_0788.wav,0,4.14,3.1423778533935547,-3.797560453414917,rms_matched,False,0.0377848995194407,hindi,2.692990779876709,9f2ff0bc50ccd0ab79eed640359ccb9c1016d458fcfda044203f727fd8063bca505d1f650c0a66a096c753381ca88026043ab86554e6f9229362771eb98cebad,0.0377848995194407,0.3033664959832735,0.3567503853361626,0.3353612674567027,0.0425369409363996,0.2927990555763244,4.14,9f2ff0bc50ccd0ab79eed640359ccb9c1016d458fcfda044203f727fd8063bca505d1f650c0a66a096c753381ca88026043ab86554e6f9229362771eb98cebad,,,,,,,,
789,8023dc679c28a4172456d8e4b741aba9ed1895ba41b8cd0fd18f02c6775991869a2b8c2802e6ee72defb8caf5ec8ccad0b6fe8fa2b264bb9448ebca8b25c5989,hindi_griffinlim_eval_final/fake_hindi_griffinlim/hindi_fake_0789.wav,0,7.02,-0.6732262372970581,1.2071186304092407,rms_matched,False,0.0110622314320542,hindi,-1.1226133108139038,8023dc679c28a4172456d8e4b741aba9ed1895ba41b8cd0fd18f02c6775991869a2b8c2802e6ee72defb8caf5ec8ccad0b6fe8fa2b264bb9448ebca8b25c5989,0.0110622314320542,0.3181644531349145,0.4137155409879962,0.2661081999249892,0.0946203810650957,0.8161823749542236,7.02,8023dc679c28a4172456d8e4b741aba9ed1895ba41b8cd0fd18f02c6775991869a2b8c2802e6ee72defb8caf5ec8ccad0b6fe8fa2b264bb9448ebca8b25c5989,,,,,,,,
790,00d8f7a5ea747472015787836b4694d24375a49cf2ca78088c1d29494110637aafa66bc0d135549c19cfc68886760475c2ae2584673c8d57e77eb82d3ddd6109,hindi_griffinlim_eval_final/fake_hindi_griffinlim/hindi_fake_0790.wav,0,6.66,-3.359774112701416,4.190306663513184,rms_matched,False,0.1033311502478138,hindi,-3.8091611862182617,00d8f7a5ea747472015787836b4694d24375a49cf2ca78088c1d29494110637aafa66bc0d135549c19cfc68886760475c2ae2584673c8d57e77eb82d3ddd6109,0.1033311502478138,0.5846051899319294,0.2539545820668746,0.159412941326403,0.1105762585107261,0.8610313534736633,6.66,00d8f7a5ea747472015787836b4694d24375a49cf2ca78088c1d29494110637aafa66bc0d135549c19cfc68886760475c2ae2584673c8d57e77eb82d3ddd6109,,,,,,,,
791,34e28668a9c620bcc5172c529794512391e8e08541348c8a084034b7d2648cd193246c3828994fdfb3422d558dfd427518de5b346849457179d617c215efd45e,hindi_griffinlim_eval_final/fake_hindi_griffinlim/hindi_fake_0791.wav,0,4.536,3.9554622173309326,-4.827425956726074,rms_matched,False,0.0301960006325483,hindi,3.506075143814087,34e28668a9c620bcc5172c529794512391e8e08541348c8a084034b7d2648cd193246c3828994fdfb3422d558dfd427518de5b346849457179d617c215efd45e,0.0301960006325483,0.3054857375430201,0.3497024028077634,0.3402423124526851,0.0396767585901956,0.2315901517868042,4.536,34e28668a9c620bcc5172c529794512391e8e08541348c8a084034b7d2648cd193246c3828994fdfb3422d558dfd427518de5b346849457179d617c215efd45e,,,,,,,,
792,5ed8ac2780bfa08239e0aaa23e691fbf20930452cfd1163db395388d3dbff09ffc862aedc9ce80763a39a782ecb2ad5f729198b4f8565adbfc50bb5327957cc2,hindi_griffinlim_eval_final/fake_hindi_griffinlim/hindi_fake_0792.wav,0,4.896,-4.64466667175293,5.461084365844727,rms_matched,False,0.1459964356601126,hindi,-5.094053745269775,5ed8ac2780bfa08239e0aaa23e691fbf20930452cfd1163db395388d3dbff09ffc862aedc9ce80763a39a782ecb2ad5f729198b4f8565adbfc50bb5327957cc2,0.1459964356601126,0.6513042380516613,0.1805932256572914,0.1658759848040882,0.1116923014723349,0.7816605567932129,4.896,5ed8ac2780bfa08239e0aaa23e691fbf20930452cfd1163db395388d3dbff09ffc862aedc9ce80763a39a782ecb2ad5f729198b4f8565adbfc50bb5327957cc2,,,,,,,,
793,56ba5616ef927a5c046387ad41208d615386a7bf95a3752a607516baf5fcc8fa5a93d8319617fcece315e6fc4a611dc2c2a3ec78a7e0244368ddcba4c2bfee0a,hindi_griffinlim_eval_final/fake_hindi_griffinlim/hindi_fake_0793.wav,0,6.66,1.19232177734375,-1.5908019542694092,rms_matched,False,0.0191797992621829,hindi,0.7429347038269043,56ba5616ef927a5c046387ad41208d615386a7bf95a3752a607516baf5fcc8fa5a93d8319617fcece315e6fc4a611dc2c2a3ec78a7e0244368ddcba4c2bfee0a,0.0191797992621829,0.3248808148669523,0.3457858019042105,0.3251316223211205,0.0465489183881218,0.2775111794471741,6.66,56ba5616ef927a5c046387ad41208d615386a7bf95a3752a607516baf5fcc8fa5a93d8319617fcece315e6fc4a611dc2c2a3ec78a7e0244368ddcba4c2bfee0a,,,,,,,,
794,eb0cf518c980fbaafc44b52459e6edc777cf01758412dc63e1de49438b83b2d292941510deee22dd7111854884991b9e9fc276183f07dc59d4a6c8174d8da2dd,hindi_griffinlim_eval_final/fake_hindi_griffinlim/hindi_fake_0794.wav,0,3.384,0.5804365277290344,-1.1917853355407717,rms_matched,False,0.0276881117416983,hindi,0.13104945421218872,eb0cf518c980fbaafc44b52459e6edc777cf01758412dc63e1de49438b83b2d292941510deee22dd7111854884991b9e9fc276183f07dc59d4a6c8174d8da2dd,0.0276881117416983,0.3813961071126464,0.2880444975498358,0.3272872561477282,0.0689062801365308,0.450985312461853,3.384,eb0cf518c980fbaafc44b52459e6edc777cf01758412dc63e1de49438b83b2d292941510deee22dd7111854884991b9e9fc276183f07dc59d4a6c8174d8da2dd,,,,,,,,
795,0d095340640de1eed083de79682cd69d43729d60e08c0a6819dd49b8f15d143165cd66c8061dffa3ce372d4356c10e0bc5cc1a3a224cbe7e1cfeca4c5cfb413d,hindi_griffinlim_eval_final/fake_hindi_griffinlim/hindi_fake_0795.wav,0,6.408,5.8589606285095215,-7.556189060211182,rms_matched,False,0.014671016724716,hindi,5.409573554992676,0d095340640de1eed083de79682cd69d43729d60e08c0a6819dd49b8f15d143165cd66c8061dffa3ce372d4356c10e0bc5cc1a3a224cbe7e1cfeca4c5cfb413d,0.014671016724716,0.29876770347526,0.3567322548203535,0.3399229576795076,0.0410198899712547,0.2061287760734558,6.408,0d095340640de1eed083de79682cd69d43729d60e08c0a6819dd49b8f15d143165cd66c8061dffa3ce372d4356c10e0bc5cc1a3a224cbe7e1cfeca4c5cfb413d,,,,,,,,
796,0303022c144407f09d8f97be16ba6f2c41ac249e162b24f7d213f0c8a10c4235a4dbd0f53c4d6bcd674ea939898fa29d241a0c183c8f8b5963f55ea5a5327379,hindi_griffinlim_eval_final/fake_hindi_griffinlim/hindi_fake_0796.wav,0,6.264,5.29535722732544,-6.734795093536377,rms_matched,False,0.0140550692274871,hindi,4.845970153808595,0303022c144407f09d8f97be16ba6f2c41ac249e162b24f7d213f0c8a10c4235a4dbd0f53c4d6bcd674ea939898fa29d241a0c183c8f8b5963f55ea5a5327379,0.0140550692274871,0.2370105997946764,0.3727386382534904,0.3856012718124589,0.030802234484796,0.1981515884399414,6.264,0303022c144407f09d8f97be16ba6f2c41ac249e162b24f7d213f0c8a10c4235a4dbd0f53c4d6bcd674ea939898fa29d241a0c183c8f8b5963f55ea5a5327379,,,,,,,,
797,a3c9eb18e51d74ec5fbf9ca9ca1d5edf24c691d0f685ef2ffc8689d107710a300eec2172a79cc039b119ebc451ab794cb8519ce2d3c37209c7f24649089a7fc2,hindi_griffinlim_eval_final/fake_hindi_griffinlim/hindi_fake_0797.wav,0,3.24,0.2341380417346954,-0.1793487668037414,rms_matched,False,0.07549995503098,hindi,-0.2152490317821503,a3c9eb18e51d74ec5fbf9ca9ca1d5edf24c691d0f685ef2ffc8689d107710a300eec2172a79cc039b119ebc451ab794cb8519ce2d3c37209c7f24649089a7fc2,0.07549995503098,0.3813408918715684,0.3374614790292559,0.2775488393137496,0.0595611628909422,0.4312044382095337,3.24,a3c9eb18e51d74ec5fbf9ca9ca1d5edf24c691d0f685ef2ffc8689d107710a300eec2172a79cc039b119ebc451ab794cb8519ce2d3c37209c7f24649089a7fc2,0.3635768837253929,0.3618363777650183,0.2745867385095886,0.7526666970941891,14.14415086726053,0.2152320413566618,0.4789209890463414,0.6307054649668966
798,461059307d756b80d08835b893bbee0e93e8cf237db0b4ba90a0b34adfa5ee77c44a3777d5a0c19d7a920260f7fd54fdd84661371abe9ece4b08ea2624146827,hindi_griffinlim_eval_final/fake_hindi_griffinlim/hindi_fake_0798.wav,0,4.896,-0.9733082056045532,1.495012283325195,rms_matched,False,0.0695196090488866,hindi,-1.422695279121399,461059307d756b80d08835b893bbee0e93e8cf237db0b4ba90a0b34adfa5ee77c44a3777d5a0c19d7a920260f7fd54fdd84661371abe9ece4b08ea2624146827,0.0695196090488866,0.4100228675190935,0.2959437426575871,0.2905256605279596,0.0635591118367147,0.495486319065094,4.896,461059307d756b80d08835b893bbee0e93e8cf237db0b4ba90a0b34adfa5ee77c44a3777d5a0c19d7a920260f7fd54fdd84661371abe9ece4b08ea2624146827,,,,,,,,
799,1963c5f396b43a02ea6a7cf2cacaafb042bfe53209c711d2325e2e4cfd7185370746e463b5ceb83f9ac807e048b8891b494db95e3bd7eccfbef896877eea9bbc,hindi_griffinlim_eval_final/fake_hindi_griffinlim/hindi_fake_0799.wav,0,5.04,-3.31773042678833,4.233883380889893,rms_matched,False,0.0145653589399739,hindi,-3.767117500305176,1963c5f396b43a02ea6a7cf2cacaafb042bfe53209c711d2325e2e4cfd7185370746e463b5ceb83f9ac807e048b8891b494db95e3bd7eccfbef896877eea9bbc,0.0145653589399739,0.4629975769968058,0.3420653357603193,0.1924894140330078,0.0947341549848325,0.4912750720977783,5.04,1963c5f396b43a02ea6a7cf2cacaafb042bfe53209c711d2325e2e4cfd7185370746e463b5ceb83f9ac807e048b8891b494db95e3bd7eccfbef896877eea9bbc,,,,,,,,
800,16c775b5ac1a75459692a8e2c553ec084df96439cf53c5129ce1e5c20a9a04d3ed23204cf582fe74c9dc12a473fb3072139ea313cee5ce51c0d17acf8cd16333,hindi_griffinlim_eval_final/fake_hindi_griffinlim/hindi_fake_0800.wav,0,5.472,4.252721786499023,-5.134262561798096,rms_matched,False,0.0955214926510727,hindi,3.8033347129821777,16c775b5ac1a75459692a8e2c553ec084df96439cf53c5129ce1e5c20a9a04d3ed23204cf582fe74c9dc12a473fb3072139ea313cee5ce51c0d17acf8cd16333,0.0955214926510727,0.3213369955765872,0.3660141489619438,0.3085360975104626,0.0487440925698512,0.5223652124404907,5.472,16c775b5ac1a75459692a8e2c553ec084df96439cf53c5129ce1e5c20a9a04d3ed23204cf582fe74c9dc12a473fb3072139ea313cee5ce51c0d17acf8cd16333,,,,,,,,
801,6990e943cefc8a2ed3e12aa2c2a781793096d1aaf311b175943b3029333a59e74f30086965cfb6f7db8b79b431c41a44e6b4aa3f806707fc0c4e5da883dd1d54,hindi_griffinlim_eval_final/fake_hindi_griffinlim/hindi_fake_0801.wav,0,5.76,-2.859503507614136,3.679623603820801,rms_matched,False,0.035121919623995,hindi,-3.308890581130982,6990e943cefc8a2ed3e12aa2c2a781793096d1aaf311b175943b3029333a59e74f30086965cfb6f7db8b79b431c41a44e6b4aa3f806707fc0c4e5da883dd1d54,0.035121919623995,0.4673525307347036,0.3894947263851767,0.1415241447319344,0.1231536834355201,0.9899999499320984,5.76,6990e943cefc8a2ed3e12aa2c2a781793096d1aaf311b175943b3029333a59e74f30086965cfb6f7db8b79b431c41a44e6b4aa3f806707fc0c4e5da883dd1d54,,,,,,,,
802,ae1ae84ba2341eb4c7c3fa47026ddc0b784387b58fa28c0a69f32c966e590141de3da70921c65c3477fb49575fab03213843d087f177422adb685978ca5c4b13,hindi_griffinlim_eval_final/fake_hindi_griffinlim/hindi_fake_0802.wav,0,3.816,-5.443644046783447,6.208547592163086,rms_matched,False,0.0333899757606612,hindi,-5.893031120300293,ae1ae84ba2341eb4c7c3fa47026ddc0b784387b58fa28c0a69f32c966e590141de3da70921c65c3477fb49575fab03213843d087f177422adb685978ca5c4b13,0.0333899757606612,0.7355015853777104,0.1249007865978997,0.138112943222688,0.1472459722336101,0.8241468667984009,3.816,ae1ae84ba2341eb4c7c3fa47026ddc0b784387b58fa28c0a69f32c966e590141de3da70921c65c3477fb49575fab03213843d087f177422adb685978ca5c4b13,0.5971071145149648,0.1957783633756114,0.2071145221094237,0.7250034578388418,14.45989896224779,0.1475369830408338,0.4019145497509975,0.5711657359177931
803,345ead41094d4bf4aae58398d87ab219b6ffd948dd640a1a2a4da43e2522343c539d11a27052a9cca1014b590e440971db0710852df02639dc9f3d304469aaca,hindi_griffinlim_eval_final/fake_hindi_griffinlim/hindi_fake_0803.wav,0,2.808,-5.6866841316223145,6.604152679443359,rms_matched,False,0.0211992791370763,hindi,-6.13607120513916,345ead41094d4bf4aae58398d87ab219b6ffd948dd640a1a2a4da43e2522343c539d11a27052a9cca1014b590e440971db0710852df02639dc9f3d304469aaca,0.0211992791370763,0.6223142064180022,0.2422449292079292,0.1337173883148544,0.1249760388326439,0.5836648941040039,2.808,345ead41094d4bf4aae58398d87ab219b6ffd948dd640a1a2a4da43e2522343c539d11a27052a9cca1014b590e440971db0710852df02639dc9f3d304469aaca,,,,,,,,
804,05fd2a7f0d7cbe9acb1d838706b64a2ab489f6d0d2e7ff3a4243b1bb89ca3c1bc2e8dfd22bf11cf6e2fd9f11c2809b3dbf3db935d566ab6b6ee3122e3bfc20ed,hindi_griffinlim_eval_final/fake_hindi_griffinlim/hindi_fake_0804.wav,0,3.576,-2.0274930000305176,2.905624389648437,rms_matched,False,0.0642919522005509,hindi,-2.4768800735473633,05fd2a7f0d7cbe9acb1d838706b64a2ab489f6d0d2e7ff3a4243b1bb89ca3c1bc2e8dfd22bf11cf6e2fd9f11c2809b3dbf3db935d566ab6b6ee3122e3bfc20ed,0.0642919522005509,0.6158022971479626,0.2321240389363053,0.150194960734523,0.123008634628597,0.7907402515411377,3.576,05fd2a7f0d7cbe9acb1d838706b64a2ab489f6d0d2e7ff3a4243b1bb89ca3c1bc2e8dfd22bf11cf6e2fd9f11c2809b3dbf3db935d566ab6b6ee3122e3bfc20ed,,,,,,,,
805,80df1054d490d23f8c2523fa0495d60f3cc205e34e95d436f6c923158601404372c2ddea0d8239b414c6a6e342198453e814db3f980e01b97817acc51ea7adc4,hindi_griffinlim_eval_final/fake_hindi_griffinlim/hindi_fake_0805.wav,0,5.04,-1.9097599983215328,2.6326537132263184,rms_matched,False,0.0840760266006763,hindi,-2.3591470718383785,80df1054d490d23f8c2523fa0495d60f3cc205e34e95d436f6c923158601404372c2ddea0d8239b414c6a6e342198453e814db3f980e01b97817acc51ea7adc4,0.0840760266006763,0.5449023248660428,0.2558754264324355,0.1966982099265231,0.0945855909829782,0.6518521308898926,5.04,80df1054d490d23f8c2523fa0495d60f3cc205e34e95d436f6c923158601404372c2ddea0d8239b414c6a6e342198453e814db3f980e01b97817acc51ea7adc4,,,,,,,,
806,547e2977be99b122ceb7196c97d4bb97bc3bdb4261d43618dbc385183d672f6e43db8b2c67f0ddbfecfa5f7adcbe25b21aa515729c369a5161e7fefbe2e6a91c,hindi_griffinlim_eval_final/fake_hindi_griffinlim/hindi_fake_0806.wav,0,5.58,-5.3888092041015625,6.165207862854004,rms_matched,False,0.0636738071605047,hindi,-5.838196277618408,547e2977be99b122ceb7196c97d4bb97bc3bdb4261d43618dbc385183d672f6e43db8b2c67f0ddbfecfa5f7adcbe25b21aa515729c369a5161e7fefbe2e6a91c,0.0636738071605047,0.744609293315288,0.1489545551044237,0.1050845009686065,0.1465208771121688,0.930519998073578,5.58,547e2977be99b122ceb7196c97d4bb97bc3bdb4261d43618dbc385183d672f6e43db8b2c67f0ddbfecfa5f7adcbe25b21aa515729c369a5161e7fefbe2e6a91c,,,,,,,,
807,f45c7af99cc930fd6608f77ecb2d546727ab3df3d36731c90215b9a72ff548ff082f57c38aa6e6b7f2c905aa9f92f4f5dff3c954449ce05e56f8604bf1753618,hindi_griffinlim_eval_final/fake_hindi_griffinlim/hindi_fake_0807.wav,0,5.04,5.663447380065918,-7.395865440368652,rms_matched,False,0.018805052070534,hindi,5.214060306549072,f45c7af99cc930fd6608f77ecb2d546727ab3df3d36731c90215b9a72ff548ff082f57c38aa6e6b7f2c905aa9f92f4f5dff3c954449ce05e56f8604bf1753618,0.018805052070534,0.2361682098650055,0.3848367820292217,0.3739694955842511,0.027748969608909,0.1510570645332336,5.04,f45c7af99cc930fd6608f77ecb2d546727ab3df3d36731c90215b9a72ff548ff082f57c38aa6e6b7f2c905aa9f92f4f5dff3c954449ce05e56f8604bf1753618,,,,,,,,
808,c0c130a042ca336930590bd4ee7ac3a1ddc31953a4a5848ca2b8dc92142e738a1624463ce88100c1acf4fd19242bfcfc04b6c62c0f89e7a958ff9f02f6520a51,hindi_griffinlim_eval_final/fake_hindi_griffinlim/hindi_fake_0808.wav,0,4.068,1.6406620740890503,-2.5315632820129395,rms_matched,False,0.0512468927658152,hindi,1.1912750005722046,c0c130a042ca336930590bd4ee7ac3a1ddc31953a4a5848ca2b8dc92142e738a1624463ce88100c1acf4fd19242bfcfc04b6c62c0f89e7a958ff9f02f6520a51,0.0512468927658152,0.3412623957821278,0.3385540739719124,0.3160283238438711,0.0494928118407896,0.3571629524230957,4.068,c0c130a042ca336930590bd4ee7ac3a1ddc31953a4a5848ca2b8dc92142e738a1624463ce88100c1acf4fd19242bfcfc04b6c62c0f89e7a958ff9f02f6520a51,,,,,,,,
809,f89f624bbe2e7860966d20ca60b8ef08a9b08ea84c224ff76204e3515dfb28f9e33074ba2fd5eb511dfe99778475abdee119ccd25fdfb33f1ae1685a307dfe3f,hindi_griffinlim_eval_final/fake_hindi_griffinlim/hindi_fake_0809.wav,0,5.616,2.18618392944336,-2.8502085208892822,rms_matched,False,0.0357085518896003,hindi,1.7367968559265141,f89f624bbe2e7860966d20ca60b8ef08a9b08ea84c224ff76204e3515dfb28f9e33074ba2fd5eb511dfe99778475abdee119ccd25fdfb33f1ae1685a307dfe3f,0.0357085518896003,0.3440118854165016,0.3404716878038037,0.311447792049945,0.0520851497093914,0.3756677508354187,5.616,f89f624bbe2e7860966d20ca60b8ef08a9b08ea84c224ff76204e3515dfb28f9e33074ba2fd5eb511dfe99778475abdee119ccd25fdfb33f1ae1685a307dfe3f,,,,,,,,
810,aaf6b52267451edd43f92433e040803b7c695022ac637484427c841d61dddefbc79acf6b684ebc2769e18c649d9b7a520a0041ecb7898d3f7e49d804f477a3ac,hindi_griffinlim_eval_final/fake_hindi_griffinlim/hindi_fake_0810.wav,0,4.068,6.499565124511719,-8.42396354675293,rms_matched,False,0.0193756846882117,hindi,6.050178050994873,aaf6b52267451edd43f92433e040803b7c695022ac637484427c841d61dddefbc79acf6b684ebc2769e18c649d9b7a520a0041ecb7898d3f7e49d804f477a3ac,0.0193756846882117,0.2098702459228333,0.397329500514714,0.3874601401657485,0.021794619094372,0.0967057943344116,4.068,aaf6b52267451edd43f92433e040803b7c695022ac637484427c841d61dddefbc79acf6b684ebc2769e18c649d9b7a520a0041ecb7898d3f7e49d804f477a3ac,,,,,,,,
811,b4dcba6c853f94a6e9abf98d501e79af3eec51ee1635fb1529bb4103e9fa495c7c937b7c4e4219bf3d414b549d2476904d15ff5feeb26b478b01bdc367f61bb2,hindi_griffinlim_eval_final/fake_hindi_griffinlim/hindi_fake_0811.wav,0,5.328,-0.4314907193183899,0.8947786688804626,rms_matched,False,0.0278762560714037,hindi,-0.8808777928352356,b4dcba6c853f94a6e9abf98d501e79af3eec51ee1635fb1529bb4103e9fa495c7c937b7c4e4219bf3d414b549d2476904d15ff5feeb26b478b01bdc367f61bb2,0.0278762560714037,0.3706894739410323,0.3230790572586949,0.3023519350752974,0.0556039353276191,0.323195219039917,5.328,b4dcba6c853f94a6e9abf98d501e79af3eec51ee1635fb1529bb4103e9fa495c7c937b7c4e4219bf3d414b549d2476904d15ff5feeb26b478b01bdc367f61bb2,,,,,,,,
812,a260ddbc5acffed848007a0a9ec6b79936f77999c825631f8f7eb91c11e3369d404de512eb961b464b0208a5da2d4a8cf154dba0a4d11010520e02dbf6039b2f,hindi_griffinlim_eval_final/fake_hindi_griffinlim/hindi_fake_0812.wav,0,5.4,-5.352663040161133,6.111042022705078,rms_matched,False,0.0199074527223105,hindi,-5.8020501136779785,a260ddbc5acffed848007a0a9ec6b79936f77999c825631f8f7eb91c11e3369d404de512eb961b464b0208a5da2d4a8cf154dba0a4d11010520e02dbf6039b2f,0.0199074527223105,0.3228874283257263,0.5418885553511005,0.1334203918149114,0.1028587801790396,0.8253123164176941,5.4,a260ddbc5acffed848007a0a9ec6b79936f77999c825631f8f7eb91c11e3369d404de512eb961b464b0208a5da2d4a8cf154dba0a4d11010520e02dbf6039b2f,,,,,,,,
813,e6aef31fac7411f3f1b15c566dede061e3024cde1382d7ca1a860a093ad5b0b9c87aaa13c749ef9982c688d7a8d715c11aee89c2e3d541b9ba3dc73c5ec5cb85,hindi_griffinlim_eval_final/fake_hindi_griffinlim/hindi_fake_0813.wav,0,5.796,0.0440796725451946,0.0083962976932525,rms_matched,False,0.0235978006785403,hindi,-0.4053074009716511,e6aef31fac7411f3f1b15c566dede061e3024cde1382d7ca1a860a093ad5b0b9c87aaa13c749ef9982c688d7a8d715c11aee89c2e3d541b9ba3dc73c5ec5cb85,0.0235978006785403,0.3715294251282021,0.3294683006606422,0.2949386531866099,0.0542888759770012,0.2844128608703613,5.796,e6aef31fac7411f3f1b15c566dede061e3024cde1382d7ca1a860a093ad5b0b9c87aaa13c749ef9982c688d7a8d715c11aee89c2e3d541b9ba3dc73c5ec5cb85,,,,,,,,
814,b78cf5eebb8ae39161b94c37c3e8aa39f57e5639997972f1ec983cb9f44fcefc18f1c4227b3d8b263477f3444fe05696da0cbd5dacd3cb3900b2cbcf2370b155,hindi_griffinlim_eval_final/fake_hindi_griffinlim/hindi_fake_0814.wav,0,4.644,-3.896169424057007,4.870723724365234,rms_matched,False,0.0806508581349186,hindi,-4.3455564975738525,b78cf5eebb8ae39161b94c37c3e8aa39f57e5639997972f1ec983cb9f44fcefc18f1c4227b3d8b263477f3444fe05696da0cbd5dacd3cb3900b2cbcf2370b155,0.0806508581349186,0.5753892516284805,0.2163010267999781,0.2057952036085441,0.0943034520898146,0.5891729593276978,4.644,b78cf5eebb8ae39161b94c37c3e8aa39f57e5639997972f1ec983cb9f44fcefc18f1c4227b3d8b263477f3444fe05696da0cbd5dacd3cb3900b2cbcf2370b155,,,,,,,,
815,42dbccb16fa1ce50253a96dee532a7c4030f9daa92599271e4c0692efc8e58f669205bbcedf0ddf1f51f1e5753260ad39f6e0a5e6f85d5d24b3c5b3a20114c4c,hindi_griffinlim_eval_final/fake_hindi_griffinlim/hindi_fake_0815.wav,0,4.788,2.2874302864074707,-2.946113586425781,rms_matched,False,0.0659400067260137,hindi,1.838043212890625,42dbccb16fa1ce50253a96dee532a7c4030f9daa92599271e4c0692efc8e58f669205bbcedf0ddf1f51f1e5753260ad39f6e0a5e6f85d5d24b3c5b3a20114c4c,0.0659400067260137,0.3478055520376166,0.3397481891078898,0.3081477706530257,0.0528022105254169,0.4501004815101623,4.788,42dbccb16fa1ce50253a96dee532a7c4030f9daa92599271e4c0692efc8e58f669205bbcedf0ddf1f51f1e5753260ad39f6e0a5e6f85d5d24b3c5b3a20114c4c,,,,,,,,
816,ec293248c910c28091014fec13d47bb69cc84f0b265ad0536d7e39390f3de510ab879fa3c23797defe85d8c846a4e148c971e28da6a90a647a9bc37eb03362bc,hindi_griffinlim_eval_final/fake_hindi_griffinlim/hindi_fake_0816.wav,0,5.184,6.862515449523926,-8.908676147460938,rms_matched,False,0.0159063424301285,hindi,6.41312837600708,ec293248c910c28091014fec13d47bb69cc84f0b265ad0536d7e39390f3de510ab879fa3c23797defe85d8c846a4e148c971e28da6a90a647a9bc37eb03362bc,0.0159063424301285,0.2015929832144553,0.4016053370032418,0.3915310550681905,0.0191807711483426,0.0832432508468627,5.184,ec293248c910c28091014fec13d47bb69cc84f0b265ad0536d7e39390f3de510ab879fa3c23797defe85d8c846a4e148c971e28da6a90a647a9bc37eb03362bc,,,,,,,,
817,66a86ae3d3f3eb48e5bad97a370e6813f967d7744dc410051a5092e6bbd0da658ea468af2518aef0db5231c7bd0ed0034baa278b9bd688d6e2dc295d9692ecb8,hindi_griffinlim_eval_final/fake_hindi_griffinlim/hindi_fake_0817.wav,0,7.128,3.468080997467041,-4.275922775268555,rms_matched,False,0.0112693737856169,hindi,3.0186939239501953,66a86ae3d3f3eb48e5bad97a370e6813f967d7744dc410051a5092e6bbd0da658ea468af2518aef0db5231c7bd0ed0034baa278b9bd688d6e2dc295d9692ecb8,0.0112693737856169,0.1877634134161904,0.3767770475099998,0.431217182085517,0.0332272060174496,0.3502302765846252,7.128,66a86ae3d3f3eb48e5bad97a370e6813f967d7744dc410051a5092e6bbd0da658ea468af2518aef0db5231c7bd0ed0034baa278b9bd688d6e2dc295d9692ecb8,,,,,,,,
818,76ae0779e8b42a6cebddc96f1c8be8cd17dc128ea3dc6c77c1afef491eb3334aec08ac644ce6b553783bec6530bcd7a8d7869d249d8fc4cbf394c176c2a03fe0,hindi_griffinlim_eval_final/fake_hindi_griffinlim/hindi_fake_0818.wav,0,7.092,4.6792402267456055,-5.863702774047852,rms_matched,False,0.0133231091541505,hindi,4.22985315322876,76ae0779e8b42a6cebddc96f1c8be8cd17dc128ea3dc6c77c1afef491eb3334aec08ac644ce6b553783bec6530bcd7a8d7869d249d8fc4cbf394c176c2a03fe0,0.0133231091541505,0.2617339263698773,0.3826739897392481,0.3508342242035281,0.0335000837026962,0.1790798306465149,7.092,76ae0779e8b42a6cebddc96f1c8be8cd17dc128ea3dc6c77c1afef491eb3334aec08ac644ce6b553783bec6530bcd7a8d7869d249d8fc4cbf394c176c2a03fe0,,,,,,,,
819,9c12887b11ae7ce76bcb5c4ca6b56f174e89c82f02c52c05b93ac7a40b6fb7b28d8474241a7dc36b3ad5b36eab48a209bf7e68a905ca64ac40b89e9311dec25d,hindi_griffinlim_eval_final/fake_hindi_griffinlim/hindi_fake_0819.wav,0,2.016,5.924909591674805,-7.764070510864258,rms_matched,False,0.0297374377418827,hindi,5.475522518157959,9c12887b11ae7ce76bcb5c4ca6b56f174e89c82f02c52c05b93ac7a40b6fb7b28d8474241a7dc36b3ad5b36eab48a209bf7e68a905ca64ac40b89e9311dec25d,0.0297374377418827,0.2334941985303605,0.3860691941465867,0.3756234387975556,0.0273774873924217,0.1260414123535156,2.016,9c12887b11ae7ce76bcb5c4ca6b56f174e89c82f02c52c05b93ac7a40b6fb7b28d8474241a7dc36b3ad5b36eab48a209bf7e68a905ca64ac40b89e9311dec25d,,,,,,,,
820,be71c5c863d6de0f351032d62a7be08c92ba176b5062de0dafb4440746492bbcf9cd33f72220ff106d4b21f86dd04bb624bf109c7252900c3f92b4303d603af1,hindi_griffinlim_eval_final/fake_hindi_griffinlim/hindi_fake_0820.wav,0,6.768,5.105571746826172,-6.506826400756836,rms_matched,False,0.0131060598325366,hindi,4.656184673309326,be71c5c863d6de0f351032d62a7be08c92ba176b5062de0dafb4440746492bbcf9cd33f72220ff106d4b21f86dd04bb624bf109c7252900c3f92b4303d603af1,0.0131060598325366,0.2857748095208426,0.3602185862637947,0.3493613446391497,0.038199121014714,0.1912983059883117,6.768,be71c5c863d6de0f351032d62a7be08c92ba176b5062de0dafb4440746492bbcf9cd33f72220ff106d4b21f86dd04bb624bf109c7252900c3f92b4303d603af1,,,,,,,,
821,80ffb7f21aebcd96b01f5098bdf0f377f31fa297c2c30290be3dcd6a69b87e7570cd2e9ce41edb96038e485ce70cf75436dba4a0c7925bb36a68db134979c585,hindi_griffinlim_eval_final/fake_hindi_griffinlim/hindi_fake_0821.wav,0,5.904,-3.584644317626953,4.44747257232666,rms_matched,False,0.4592885917534858,hindi,-4.034031391143799,80ffb7f21aebcd96b01f5098bdf0f377f31fa297c2c30290be3dcd6a69b87e7570cd2e9ce41edb96038e485ce70cf75436dba4a0c7925bb36a68db134979c585,0.4592885917534858,0.9227943734398326,0.0767295860962822,0.0004061333117511,0.1453985989764165,0.93505859375,5.904,80ffb7f21aebcd96b01f5098bdf0f377f31fa297c2c30290be3dcd6a69b87e7570cd2e9ce41edb96038e485ce70cf75436dba4a0c7925bb36a68db134979c585,,,,,,,,
822,90b1ff27e108c7aaa1f24faccd2f83f3a0b512139aded53b3866d65cea1197fd3dde486619a36293573b042a4afbc45e29f55c514767c7567f44a3da22c4f9fc,hindi_griffinlim_eval_final/fake_hindi_griffinlim/hindi_fake_0822.wav,0,7.92,-3.826903343200684,4.575448513031006,peak_normalized,True,0.0423670839222907,hindi,-4.276290416717529,90b1ff27e108c7aaa1f24faccd2f83f3a0b512139aded53b3866d65cea1197fd3dde486619a36293573b042a4afbc45e29f55c514767c7567f44a3da22c4f9fc,0.0423670839222907,0.9546524703942184,0.0430030227150273,0.0023266280330549,0.1817446079584001,0.989990234375,7.92,90b1ff27e108c7aaa1f24faccd2f83f3a0b512139aded53b3866d65cea1197fd3dde486619a36293573b042a4afbc45e29f55c514767c7567f44a3da22c4f9fc,,,,,,,,
823,112f76f2e0c2f27b09b20340cd82d13c315858e70901593392d2bbaf1377a5ed05b373a77f5f93b0298be6ad7e0285d8dea7c8fc9e9d3ce601d702ff3e3a7d91,hindi_griffinlim_eval_final/fake_hindi_griffinlim/hindi_fake_0823.wav,0,6.948,5.964576244354248,-7.657160758972168,rms_matched,False,0.0136688520008773,hindi,5.515189170837402,112f76f2e0c2f27b09b20340cd82d13c315858e70901593392d2bbaf1377a5ed05b373a77f5f93b0298be6ad7e0285d8dea7c8fc9e9d3ce601d702ff3e3a7d91,0.0136688520008773,0.2679065991241995,0.3702763078296761,0.3571009471241895,0.0331846690234435,0.1708766818046569,6.948,112f76f2e0c2f27b09b20340cd82d13c315858e70901593392d2bbaf1377a5ed05b373a77f5f93b0298be6ad7e0285d8dea7c8fc9e9d3ce601d702ff3e3a7d91,,,,,,,,
824,552fd8cf90f15edcaf7388b1164d58d7eae5f20674dc780b9efb9d43c80af1ccbdef88d0ddfb76038b9614eda2b556cbb4fa8a46ca54ad7dcc43d9298b63f1eb,hindi_griffinlim_eval_final/fake_hindi_griffinlim/hindi_fake_0824.wav,0,3.6,3.837251663208008,-4.665177345275879,rms_matched,False,0.0589743811900166,hindi,3.387864589691162,552fd8cf90f15edcaf7388b1164d58d7eae5f20674dc780b9efb9d43c80af1ccbdef88d0ddfb76038b9614eda2b556cbb4fa8a46ca54ad7dcc43d9298b63f1eb,0.0589743811900166,0.4274998614347814,0.3030229910512582,0.2661571126322584,0.0735999885316228,0.5109123587608337,3.6,552fd8cf90f15edcaf7388b1164d58d7eae5f20674dc780b9efb9d43c80af1ccbdef88d0ddfb76038b9614eda2b556cbb4fa8a46ca54ad7dcc43d9298b63f1eb,,,,,,,,
825,1cec8b78e84c018a6efce5b69c1f3837d98aa06f2ab20d370caab36ca0938d09dd89e21b83d94073d8ea3af821ee74327d647929fd4e8051688c8730f024d6ab,hindi_griffinlim_eval_final/fake_hindi_griffinlim/hindi_fake_0825.wav,0,5.436,-0.2878693044185638,0.3886697292327881,rms_matched,False,0.0975836993456777,hindi,-0.7372563779354095,1cec8b78e84c018a6efce5b69c1f3837d98aa06f2ab20d370caab36ca0938d09dd89e21b83d94073d8ea3af821ee74327d647929fd4e8051688c8730f024d6ab,0.0975836993456777,0.3519678149401818,0.3522621898738443,0.291902878405345,0.0538944817326127,0.5306894183158875,5.436,1cec8b78e84c018a6efce5b69c1f3837d98aa06f2ab20d370caab36ca0938d09dd89e21b83d94073d8ea3af821ee74327d647929fd4e8051688c8730f024d6ab,,,,,,,,
826,fa0e5eaef7ca1de58387002c2b682b7b480943dbad6e36170c4c3dabf85516e30d2a6332548e734128bc69878186e8820b707e22b7de10ba7cd80ed20cbe8f81,hindi_griffinlim_eval_final/fake_hindi_griffinlim/hindi_fake_0826.wav,0,3.24,4.992012977600098,-6.211939811706543,rms_matched,False,0.0246663068555702,hindi,4.542625904083252,fa0e5eaef7ca1de58387002c2b682b7b480943dbad6e36170c4c3dabf85516e30d2a6332548e734128bc69878186e8820b707e22b7de10ba7cd80ed20cbe8f81,0.0246663068555702,0.2645409719879104,0.3981175433052873,0.3330089922181697,0.041502465811912,0.2384640574455261,3.24,fa0e5eaef7ca1de58387002c2b682b7b480943dbad6e36170c4c3dabf85516e30d2a6332548e734128bc69878186e8820b707e22b7de10ba7cd80ed20cbe8f81,,,,,,,,
827,3255dc44d5426ad255e14c4db4d12b224dfffd1e594a400a47cee7aafcd670d56a9834052a13be30307100ec6a3e1f8bffe33260e25f32c5a89ef64c744c0433,hindi_griffinlim_eval_final/fake_hindi_griffinlim/hindi_fake_0827.wav,0,4.032,7.046805381774902,-9.122404098510742,rms_matched,False,0.0228290095954011,hindi,6.597418308258057,3255dc44d5426ad255e14c4db4d12b224dfffd1e594a400a47cee7aafcd670d56a9834052a13be30307100ec6a3e1f8bffe33260e25f32c5a89ef64c744c0433,0.0228290095954011,0.178397324720935,0.4134630588718433,0.4030701361062336,0.0121590786172635,0.0549846887588501,4.032,3255dc44d5426ad255e14c4db4d12b224dfffd1e594a400a47cee7aafcd670d56a9834052a13be30307100ec6a3e1f8bffe33260e25f32c5a89ef64c744c0433,,,,,,,,
828,da10f782c53d93ec1dbf793a1f5404dbdfd390c9abdacd218d0c47e2366a569d50841b5ad9075f9b83e2c16b9194ab1be1f91e407a546218999fa14e2b49a3eb,hindi_griffinlim_eval_final/fake_hindi_griffinlim/hindi_fake_0828.wav,0,3.336,-0.917942762374878,1.3725671768188477,rms_matched,False,0.1162204383048887,hindi,-1.3673298358917236,da10f782c53d93ec1dbf793a1f5404dbdfd390c9abdacd218d0c47e2366a569d50841b5ad9075f9b83e2c16b9194ab1be1f91e407a546218999fa14e2b49a3eb,0.1162204383048887,0.6143852189297827,0.2234903428721132,0.1602598599349472,0.1165269025249086,0.8082200884819031,3.336,da10f782c53d93ec1dbf793a1f5404dbdfd390c9abdacd218d0c47e2366a569d50841b5ad9075f9b83e2c16b9194ab1be1f91e407a546218999fa14e2b49a3eb,,,,,,,,
829,13cef0dba059a4aa0064866e51ca703ad2552c2645eb99722846129b96051db0f22a99235faf822876c13bd3f02e86f138d6a0413f980cf028f54c5fdc58b9b9,hindi_griffinlim_eval_final/fake_hindi_griffinlim/hindi_fake_0829.wav,0,4.968,-2.257793664932251,2.762003898620605,rms_matched,False,0.0423601026885904,hindi,-2.7071807384490967,13cef0dba059a4aa0064866e51ca703ad2552c2645eb99722846129b96051db0f22a99235faf822876c13bd3f02e86f138d6a0413f980cf028f54c5fdc58b9b9,0.0423601026885904,0.9873551367127452,0.0121505145864327,0.0004467063813905,0.1803680502596652,0.8197021484375,4.96,13cef0dba059a4aa0064866e51ca703ad2552c2645eb99722846129b96051db0f22a99235faf822876c13bd3f02e86f138d6a0413f980cf028f54c5fdc58b9b9,,,,,,,,
830,32bf5ca000a1d646bb2e636e32c4bd507750c204271ab585b1e9fab7d08103c7e07825bdb376119fdef205be82f6e81766655dd5590cc21ec598b79a5c18e45f,hindi_griffinlim_eval_final/fake_hindi_griffinlim/hindi_fake_0830.wav,0,6.048,-0.5479804873466492,0.9775556921958924,rms_matched,False,0.0660513325529205,hindi,-0.9973675608634949,32bf5ca000a1d646bb2e636e32c4bd507750c204271ab585b1e9fab7d08103c7e07825bdb376119fdef205be82f6e81766655dd5590cc21ec598b79a5c18e45f,0.0660513325529205,0.3816427672482889,0.3196762058378823,0.294811350198355,0.0576523504607097,0.4922099113464355,6.048,32bf5ca000a1d646bb2e636e32c4bd507750c204271ab585b1e9fab7d08103c7e07825bdb376119fdef205be82f6e81766655dd5590cc21ec598b79a5c18e45f,0.3420839174886966,0.3353057001490898,0.3226103823622135,0.7551360488078018,14.05533692440348,0.2444624053777396,0.4916978806813037,0.6330133104368751
831,ec1882fc4ac252c0d462191a4703bb6c913b73dd21950682e8327a6a076c8333f4c5708f7d9426b51a98435d5f79d26ca06428a64a6ac9513537409eb663f5af,hindi_griffinlim_eval_final/fake_hindi_griffinlim/hindi_fake_0831.wav,0,3.78,6.558751106262207,-8.512948036193848,rms_matched,False,0.0187258658736541,hindi,6.109364032745361,ec1882fc4ac252c0d462191a4703bb6c913b73dd21950682e8327a6a076c8333f4c5708f7d9426b51a98435d5f79d26ca06428a64a6ac9513537409eb663f5af,0.0187258658736541,0.2331812475920431,0.3858320481217646,0.3759564102331103,0.0277683182285759,0.1157843470573425,3.78,ec1882fc4ac252c0d462191a4703bb6c913b73dd21950682e8327a6a076c8333f4c5708f7d9426b51a98435d5f79d26ca06428a64a6ac9513537409eb663f5af,,,,,,,,
832,ffcbc3951f469a43cf363b5df83d56ab30c65a40bb5bf05ee2ae8f98f55d6c76d8cf505d8bd32cf189c373ef1e0a52d01d2fc3cfeea863dd3ea1546eb2ef68cf,hindi_griffinlim_eval_final/fake_hindi_griffinlim/hindi_fake_0832.wav,0,5.58,-1.7695629596710205,2.495971202850342,rms_matched,False,0.0636973585817465,hindi,-2.218950033187866,ffcbc3951f469a43cf363b5df83d56ab30c65a40bb5bf05ee2ae8f98f55d6c76d8cf505d8bd32cf189c373ef1e0a52d01d2fc3cfeea863dd3ea1546eb2ef68cf,0.0636973585817465,0.4075308489750102,0.3563184264812886,0.2331365454756946,0.0693774011319919,0.528486967086792,5.58,ffcbc3951f469a43cf363b5df83d56ab30c65a40bb5bf05ee2ae8f98f55d6c76d8cf505d8bd32cf189c373ef1e0a52d01d2fc3cfeea863dd3ea1546eb2ef68cf,,,,,,,,
833,f446689d92087b875d07eaa1d98e4b7e07ec4f8651762d73d8e0ecbae21be60e60a3b7356828d24a8c9071f872f21361ca196ae017820a2908412966f0a59df2,hindi_griffinlim_eval_final/fake_hindi_griffinlim/hindi_fake_0833.wav,0,5.328,6.802318572998047,-8.847057342529297,rms_matched,False,0.0175732830302165,hindi,6.352931499481201,f446689d92087b875d07eaa1d98e4b7e07ec4f8651762d73d8e0ecbae21be60e60a3b7356828d24a8c9071f872f21361ca196ae017820a2908412966f0a59df2,0.0175732830302165,0.1870030484301546,0.4093180164184937,0.3983764112829074,0.01398428762079,0.0623111128807067,5.328,f446689d92087b875d07eaa1d98e4b7e07ec4f8651762d73d8e0ecbae21be60e60a3b7356828d24a8c9071f872f21361ca196ae017820a2908412966f0a59df2,,,,,,,,
834,60b2daa4cda30b5320834f3c2d21ea1841b52ccd7bf7ed4689f3ff27ca59c3323707c95e9a17bea4082356c576bbc3f17a00106134240f3632529b329fc1e62a,hindi_griffinlim_eval_final/fake_hindi_griffinlim/hindi_fake_0834.wav,0,7.56,-1.0741788148880005,1.4341943264007568,rms_matched,False,0.161267082121058,hindi,-1.5235658884048462,60b2daa4cda30b5320834f3c2d21ea1841b52ccd7bf7ed4689f3ff27ca59c3323707c95e9a17bea4082356c576bbc3f17a00106134240f3632529b329fc1e62a,0.161267082121058,0.6255335913961098,0.1882554471456812,0.1837259437097489,0.1039306259005303,0.8399343490600586,7.56,60b2daa4cda30b5320834f3c2d21ea1841b52ccd7bf7ed4689f3ff27ca59c3323707c95e9a17bea4082356c576bbc3f17a00106134240f3632529b329fc1e62a,,,,,,,,
835,52f22814969ddf3ae439c9927cdc815781938e7b8db9939cbe5cc7211c83b3dd6eccb62b360571d4002d64878c3b70340e8a76bf784048ff984b73b71d31fc52,hindi_griffinlim_eval_final/fake_hindi_griffinlim/hindi_fake_0835.wav,0,2.484,-0.6802206039428711,1.1854815483093262,rms_matched,False,0.0679099128423224,hindi,-1.1296076774597168,52f22814969ddf3ae439c9927cdc815781938e7b8db9939cbe5cc7211c83b3dd6eccb62b360571d4002d64878c3b70340e8a76bf784048ff984b73b71d31fc52,0.0679099128423224,0.4017920615438577,0.3141282301358705,0.2804161025244698,0.0599175396564139,0.3639369606971741,2.484,52f22814969ddf3ae439c9927cdc815781938e7b8db9939cbe5cc7211c83b3dd6eccb62b360571d4002d64878c3b70340e8a76bf784048ff984b73b71d31fc52,,,,,,,,
836,e13c23ee2d8500b3cffa2cdf67ef9d827331c36238411c839fe39b077736953b55de43cff6bb2d96066fb6660cc6542db53e3e5abe00c2cb8d79cf3bc38b22fb,hindi_griffinlim_eval_final/fake_hindi_griffinlim/hindi_fake_0836.wav,0,7.344,6.091601848602295,-7.934733867645264,rms_matched,False,0.008957497036774,hindi,5.642214775085449,e13c23ee2d8500b3cffa2cdf67ef9d827331c36238411c839fe39b077736953b55de43cff6bb2d96066fb6660cc6542db53e3e5abe00c2cb8d79cf3bc38b22fb,0.008957497036774,0.2104561248980676,0.3897744882866267,0.3947402327763706,0.0252871595512933,0.1369860172271728,7.344,e13c23ee2d8500b3cffa2cdf67ef9d827331c36238411c839fe39b077736953b55de43cff6bb2d96066fb6660cc6542db53e3e5abe00c2cb8d79cf3bc38b22fb,0.2369082045944486,0.3767930876535242,0.3862987077520271,0.7010087655380917,14.51653046706596,0.1675087192570269,0.4012056672024008,0.5543431999564479
837,f7e4c76ee18115342ce951e969ae7be895523c1249240808025273db43ef06eff07f846de9b3a24d822ac09b3fcc9a6655535a3e0adb370bde8640f64560620b,hindi_griffinlim_eval_final/fake_hindi_griffinlim/hindi_fake_0837.wav,0,4.968,-4.832650661468506,5.525893211364746,rms_matched,False,0.0743187893257688,hindi,-5.282037734985352,f7e4c76ee18115342ce951e969ae7be895523c1249240808025273db43ef06eff07f846de9b3a24d822ac09b3fcc9a6655535a3e0adb370bde8640f64560620b,0.0743187893257688,0.7385906642505006,0.1427635155430928,0.1170860221139299,0.1467884125149779,0.9618392586708068,4.968,f7e4c76ee18115342ce951e969ae7be895523c1249240808025273db43ef06eff07f846de9b3a24d822ac09b3fcc9a6655535a3e0adb370bde8640f64560620b,,,,,,,,
838,c7a77aac9398049c593a06e3bde552061eb033612d2266a548202cc8790a06dd5c5c4fb002e8013ef38f94abed95b3bea0e56c4cb6aa8deecf7c63373764826d,hindi_griffinlim_eval_final/fake_hindi_griffinlim/hindi_fake_0838.wav,0,6.588,-1.132213830947876,1.7581201791763306,rms_matched,False,0.1555524880378798,hindi,-1.5816009044647217,c7a77aac9398049c593a06e3bde552061eb033612d2266a548202cc8790a06dd5c5c4fb002e8013ef38f94abed95b3bea0e56c4cb6aa8deecf7c63373764826d,0.1555524880378798,0.6072246978861279,0.1950797553948041,0.1951753085815257,0.1027543354737785,0.8255313038825989,6.588,c7a77aac9398049c593a06e3bde552061eb033612d2266a548202cc8790a06dd5c5c4fb002e8013ef38f94abed95b3bea0e56c4cb6aa8deecf7c63373764826d,,,,,,,,
839,345ead41094d4bf4aae58398d87ab219b6ffd948dd640a1a2a4da43e2522343c539d11a27052a9cca1014b590e440971db0710852df02639dc9f3d304469aaca,hindi_griffinlim_eval_final/fake_hindi_griffinlim/hindi_fake_0839.wav,0,2.988,-5.4978861808776855,6.293901920318604,rms_matched,False,0.0414043111398075,hindi,-5.947273254394531,345ead41094d4bf4aae58398d87ab219b6ffd948dd640a1a2a4da43e2522343c539d11a27052a9cca1014b590e440971db0710852df02639dc9f3d304469aaca,0.0414043111398075,0.587593064938646,0.2482847920852799,0.1621084317663164,0.1063710393962104,0.5254138708114624,2.988,345ead41094d4bf4aae58398d87ab219b6ffd948dd640a1a2a4da43e2522343c539d11a27052a9cca1014b590e440971db0710852df02639dc9f3d304469aaca,0.4202752934383797,0.323040021883604,0.2566846846780161,0.6846828543860288,14.628446575843103,0.1492369358664207,0.3750992942317685,0.5290172483331893
840,e0a47331065c4e1a9ffd6eed4cb902b631814a6130faf9401d447eba044cf1af767ff9a242e7c97886c74ac130ec73716192fd074e4abca825e77caca52e0ca0,hindi_griffinlim_eval_final/fake_hindi_griffinlim/hindi_fake_0840.wav,0,4.032,-3.0662412643432617,3.9507343769073486,rms_matched,False,0.1457223986123663,hindi,-3.5156283378601074,e0a47331065c4e1a9ffd6eed4cb902b631814a6130faf9401d447eba044cf1af767ff9a242e7c97886c74ac130ec73716192fd074e4abca825e77caca52e0ca0,0.1457223986123663,0.5594254929333434,0.2258874306804742,0.2120495742402358,0.0997003329566469,0.7795461416244507,4.032,e0a47331065c4e1a9ffd6eed4cb902b631814a6130faf9401d447eba044cf1af767ff9a242e7c97886c74ac130ec73716192fd074e4abca825e77caca52e0ca0,,,,,,,,
841,b69e010df6113e5d308dc62955e0f00639179e3f7074a50ff065d102adab88d624810f4c5bb6e59977dd65ba69bdff66ff08dc72ff47bd0dbd8dace3e3c392d7,hindi_griffinlim_eval_final/fake_hindi_griffinlim/hindi_fake_0841.wav,0,4.968,2.72833514213562,-3.3746490478515625,rms_matched,False,0.0210274173740685,hindi,2.2789480686187744,b69e010df6113e5d308dc62955e0f00639179e3f7074a50ff065d102adab88d624810f4c5bb6e59977dd65ba69bdff66ff08dc72ff47bd0dbd8dace3e3c392d7,0.0210274173740685,0.2684853302105394,0.3740052607000775,0.3528376754539726,0.0335675137921912,0.1744058728218078,4.968,b69e010df6113e5d308dc62955e0f00639179e3f7074a50ff065d102adab88d624810f4c5bb6e59977dd65ba69bdff66ff08dc72ff47bd0dbd8dace3e3c392d7,0.332258506047896,0.3484457278513214,0.3192957661007827,0.7034341528452779,14.5065024207578,0.1661664839366991,0.4066418912989943,0.5596704884703061
842,29bcb273adde2fc3bc2e4595307cca55f7a2164b643bd634a478297488389dd87132dba219b5a51a5b42b59a42fe5eef68ff2cd098bb675cf680befd442613d5,hindi_griffinlim_eval_final/fake_hindi_griffinlim/hindi_fake_0842.wav,0,3.24,4.468099594116211,-5.531307220458984,rms_matched,False,0.0407540930379868,hindi,4.018712520599365,29bcb273adde2fc3bc2e4595307cca55f7a2164b643bd634a478297488389dd87132dba219b5a51a5b42b59a42fe5eef68ff2cd098bb675cf680befd442613d5,0.0407540930379868,0.3705871879215043,0.3226078807662649,0.3027919854501889,0.0564012696840498,0.3275576829910278,3.24,29bcb273adde2fc3bc2e4595307cca55f7a2164b643bd634a478297488389dd87132dba219b5a51a5b42b59a42fe5eef68ff2cd098bb675cf680befd442613d5,,,,,,,,
843,0db277015ed4c7602383504e75bcfead10db6e33b12e442a983cb259a17baf2c98daf32f18e2c1917269103a2ef1776d88cab0357c43c487473d8fa511dde7e8,hindi_griffinlim_eval_final/fake_hindi_griffinlim/hindi_fake_0843.wav,0,4.608,-1.8805991411209104,2.748112201690674,rms_matched,False,0.0875388362589655,hindi,-2.3299862146377563,0db277015ed4c7602383504e75bcfead10db6e33b12e442a983cb259a17baf2c98daf32f18e2c1917269103a2ef1776d88cab0357c43c487473d8fa511dde7e8,0.0875388362589655,0.5018439575377115,0.2535191102495288,0.2416830327367204,0.0808043666025539,0.5684712529182434,4.608,0db277015ed4c7602383504e75bcfead10db6e33b12e442a983cb259a17baf2c98daf32f18e2c1917269103a2ef1776d88cab0357c43c487473d8fa511dde7e8,0.4702930593458758,0.2707338619694639,0.2589730786846603,0.7193474855207307,14.444246662419031,0.1646404133227956,0.4142204550252167,0.5742802434277581
844,8c19c5b99c8b1ac2264eb9486484732c9d5ec2f0bcc679213d2b2d740efeec83673995013ff2ad72008fa9176ea0eedf32ea29d6b09e71426ac03b6026cff906,hindi_griffinlim_eval_final/fake_hindi_griffinlim/hindi_fake_0844.wav,0,3.888,-0.6932355761528015,0.9861173629760742,rms_matched,False,0.0706440095672398,hindi,-1.1426226496696472,8c19c5b99c8b1ac2264eb9486484732c9d5ec2f0bcc679213d2b2d740efeec83673995013ff2ad72008fa9176ea0eedf32ea29d6b09e71426ac03b6026cff906,0.0706440095672398,0.4550250808451911,0.2858126232011675,0.2556850939158413,0.0702134597147377,0.449709415435791,3.888,8c19c5b99c8b1ac2264eb9486484732c9d5ec2f0bcc679213d2b2d740efeec83673995013ff2ad72008fa9176ea0eedf32ea29d6b09e71426ac03b6026cff906,,,,,,,,
845,90b1ff27e108c7aaa1f24faccd2f83f3a0b512139aded53b3866d65cea1197fd3dde486619a36293573b042a4afbc45e29f55c514767c7567f44a3da22c4f9fc,hindi_griffinlim_eval_final/fake_hindi_griffinlim/hindi_fake_0845.wav,0,6.552,-2.11563491821289,2.786808967590332,peak_normalized,True,0.2659208741644823,hindi,-2.565021991729736,90b1ff27e108c7aaa1f24faccd2f83f3a0b512139aded53b3866d65cea1197fd3dde486619a36293573b042a4afbc45e29f55c514767c7567f44a3da22c4f9fc,0.2659208741644823,0.9576356893362457,0.0398397141300052,0.0025014564540688,0.1613851555051017,0.989990234375,6.544,90b1ff27e108c7aaa1f24faccd2f83f3a0b512139aded53b3866d65cea1197fd3dde486619a36293573b042a4afbc45e29f55c514767c7567f44a3da22c4f9fc,,,,,,,,
846,1141dfc674be44e23dd469a1caf6c1436405f2f99880ffa8ec17435c9e0877914bb50b5906d75d14f195ef2c60ba18fe91afa89698d08952325c31896d02d827,hindi_griffinlim_eval_final/fake_hindi_griffinlim/hindi_fake_0846.wav,0,3.528,2.168813943862915,-2.669746398925781,rms_matched,False,0.0264013014020466,hindi,1.7194268703460693,1141dfc674be44e23dd469a1caf6c1436405f2f99880ffa8ec17435c9e0877914bb50b5906d75d14f195ef2c60ba18fe91afa89698d08952325c31896d02d827,0.0264013014020466,0.3455564665028607,0.3368199690617944,0.3132486316869483,0.0523677490249871,0.2606979012489319,3.528,1141dfc674be44e23dd469a1caf6c1436405f2f99880ffa8ec17435c9e0877914bb50b5906d75d14f195ef2c60ba18fe91afa89698d08952325c31896d02d827,,,,,,,,
847,439f45a458aa3fb2b90c635b0b8f07e4182c5aec6177ec417f91ee355768fc1655301d31a1c35a6a1727014480d611123576f5e9f6c96385b515a83690d70366,hindi_griffinlim_eval_final/fake_hindi_griffinlim/hindi_fake_0847.wav,0,5.796,-1.15645170211792,1.6905031204223633,rms_matched,False,0.3509757383389037,hindi,-1.6058387756347656,439f45a458aa3fb2b90c635b0b8f07e4182c5aec6177ec417f91ee355768fc1655301d31a1c35a6a1727014480d611123576f5e9f6c96385b515a83690d70366,0.3509757383389037,0.5505221011340627,0.2467508734498458,0.2000518314760885,0.0882827592879599,0.8633959293365479,5.796,439f45a458aa3fb2b90c635b0b8f07e4182c5aec6177ec417f91ee355768fc1655301d31a1c35a6a1727014480d611123576f5e9f6c96385b515a83690d70366,,,,,,,,
848,3c47037b539064a039337a1c897e88029bf7cfb906524864e55c38b90aa9efe57730742089a7f2a1b508952b6272c39cd50f7d701230bde9d0afdf4fefc05d8a,hindi_griffinlim_eval_final/fake_hindi_griffinlim/hindi_fake_0848.wav,0,4.176,-3.505628824234009,4.362341403961182,rms_matched,False,0.0456718416582052,hindi,-3.9550158977508545,3c47037b539064a039337a1c897e88029bf7cfb906524864e55c38b90aa9efe57730742089a7f2a1b508952b6272c39cd50f7d701230bde9d0afdf4fefc05d8a,0.0456718416582052,0.4338741907121733,0.3386773701642555,0.224476445103309,0.0780294469411393,0.4956862330436706,4.176,3c47037b539064a039337a1c897e88029bf7cfb906524864e55c38b90aa9efe57730742089a7f2a1b508952b6272c39cd50f7d701230bde9d0afdf4fefc05d8a,,,,,,,,
849,95cc33ae73783f08510cc8b475a3f7da1144f0cdbfbe42446afc4e8942bf842722a12076a164393f2c52e0db9026e5f129a90feb451956b70f7366a89e026f1c,hindi_griffinlim_eval_final/fake_hindi_griffinlim/hindi_fake_0849.wav,0,5.436,6.941048622131348,-9.01086711883545,rms_matched,False,0.0151193251997215,hindi,6.491661548614502,95cc33ae73783f08510cc8b475a3f7da1144f0cdbfbe42446afc4e8942bf842722a12076a164393f2c52e0db9026e5f129a90feb451956b70f7366a89e026f1c,0.0151193251997215,0.1933248139347365,0.4047771693826668,0.3965212687478275,0.0176281742807876,0.0801343321800232,5.436,95cc33ae73783f08510cc8b475a3f7da1144f0cdbfbe42446afc4e8942bf842722a12076a164393f2c52e0db9026e5f129a90feb451956b70f7366a89e026f1c,,,,,,,,
850,70c96a46f6827039223782fee3a93b99fa8168c84d3e5f9a0e2a1f16cfc1d62ad6f52d19ac175ad3ee541abd81068d089df3693e843b932053395156f6ff36b6,hindi_griffinlim_eval_final/fake_hindi_griffinlim/hindi_fake_0850.wav,0,4.32,-2.215582847595215,2.922770977020264,rms_matched,False,0.0780884921672726,hindi,-2.6649699211120605,70c96a46f6827039223782fee3a93b99fa8168c84d3e5f9a0e2a1f16cfc1d62ad6f52d19ac175ad3ee541abd81068d089df3693e843b932053395156f6ff36b6,0.0780884921672726,0.5837722703810795,0.2211962778619972,0.1925746625235729,0.1009440452210101,0.6376993060112,4.32,70c96a46f6827039223782fee3a93b99fa8168c84d3e5f9a0e2a1f16cfc1d62ad6f52d19ac175ad3ee541abd81068d089df3693e843b932053395156f6ff36b6,,,,,,,,
851,1a94dffb861da3c85c0994bc8c83f7b79b502a83733ef28bc302cf6f1d5413001cd86d1c723357821dc3a90ba1b3f65e1203c2fa176b43daa279055fd6e5f529,hindi_griffinlim_eval_final/fake_hindi_griffinlim/hindi_fake_0851.wav,0,6.3,-4.3365678787231445,5.136136054992676,rms_matched,False,0.011433900166324,hindi,-4.78595495223999,1a94dffb861da3c85c0994bc8c83f7b79b502a83733ef28bc302cf6f1d5413001cd86d1c723357821dc3a90ba1b3f65e1203c2fa176b43daa279055fd6e5f529,0.011433900166324,0.5128998699782892,0.3092052320766849,0.1755573200740711,0.1030243522922395,0.512623131275177,6.3,1a94dffb861da3c85c0994bc8c83f7b79b502a83733ef28bc302cf6f1d5413001cd86d1c723357821dc3a90ba1b3f65e1203c2fa176b43daa279055fd6e5f529,,,,,,,,
852,7b90778674a3659c892533d96bb0aa534879da17cd2f9cb1ae73fc3cc114dda10eba8bb6cfeddbafde910b396a60b95e64b4134430071bf2dd23b8d6a9c32785,hindi_griffinlim_eval_final/fake_hindi_griffinlim/hindi_fake_0852.wav,0,6.588,6.16274356842041,-8.022806167602539,rms_matched,False,0.0169690238562073,hindi,5.7133564949035645,7b90778674a3659c892533d96bb0aa534879da17cd2f9cb1ae73fc3cc114dda10eba8bb6cfeddbafde910b396a60b95e64b4134430071bf2dd23b8d6a9c32785,0.0169690238562073,0.2526318211826298,0.3799246771348469,0.3625241878131256,0.0296470635953327,0.1742221713066101,6.588,7b90778674a3659c892533d96bb0aa534879da17cd2f9cb1ae73fc3cc114dda10eba8bb6cfeddbafde910b396a60b95e64b4134430071bf2dd23b8d6a9c32785,,,,,,,,
853,949d46bd8792e08b2ee6c5736df551c23a26e45db1306d71836317cfc115ff4cf71da8164c9063aeefd98bd8c12626dbe22b79a07420d6fe8317fb6fc9fa368b,hindi_griffinlim_eval_final/fake_hindi_griffinlim/hindi_fake_0853.wav,0,5.94,6.128228187561035,-7.980555057525635,rms_matched,False,0.0149807207832938,hindi,5.6788411140441895,949d46bd8792e08b2ee6c5736df551c23a26e45db1306d71836317cfc115ff4cf71da8164c9063aeefd98bd8c12626dbe22b79a07420d6fe8317fb6fc9fa368b,0.0149807207832938,0.2721380605468101,0.3658649042941438,0.3571779864972383,0.0356707654495551,0.1798161268234253,5.94,949d46bd8792e08b2ee6c5736df551c23a26e45db1306d71836317cfc115ff4cf71da8164c9063aeefd98bd8c12626dbe22b79a07420d6fe8317fb6fc9fa368b,,,,,,,,
854,c45d64f4a9ad8d1efb4d802830abc40f0e0e29e23a1d399fb4e668a1781d60c7b6329f4ed2b4ee75586b7ef748b73a373cb36707965a2b5785d7e9ce6196f390,hindi_griffinlim_eval_final/fake_hindi_griffinlim/hindi_fake_0854.wav,0,4.716,-0.4957015514373779,1.0190519094467163,rms_matched,False,0.0608932473431694,hindi,-0.9450886249542236,c45d64f4a9ad8d1efb4d802830abc40f0e0e29e23a1d399fb4e668a1781d60c7b6329f4ed2b4ee75586b7ef748b73a373cb36707965a2b5785d7e9ce6196f390,0.0608932473431694,0.4581209083946054,0.3137022983910031,0.2252187943416151,0.0791273849442738,0.539052426815033,4.716,c45d64f4a9ad8d1efb4d802830abc40f0e0e29e23a1d399fb4e668a1781d60c7b6329f4ed2b4ee75586b7ef748b73a373cb36707965a2b5785d7e9ce6196f390,0.4731023684783587,0.3101297436729441,0.2167678878486971,0.7143466384862809,14.491123446856408,0.1540702184233472,0.4042763970695514,0.5665892902843105
855,aafda704e52784565ee078117b2a7941d822e96444d43cfe115de75e654f8c08c23b050eebe7b4264498537464b6e45cd0624f23aec65f904b156464d5056d52,hindi_griffinlim_eval_final/fake_hindi_griffinlim/hindi_fake_0855.wav,0,7.488,-2.057605266571045,2.830225944519043,rms_matched,False,0.0829397478616673,hindi,-2.5069923400878906,aafda704e52784565ee078117b2a7941d822e96444d43cfe115de75e654f8c08c23b050eebe7b4264498537464b6e45cd0624f23aec65f904b156464d5056d52,0.0829397478616673,0.5171333585675644,0.236316151190498,0.2436678440455676,0.0830612564944913,0.6635100841522217,7.488,aafda704e52784565ee078117b2a7941d822e96444d43cfe115de75e654f8c08c23b050eebe7b4264498537464b6e45cd0624f23aec65f904b156464d5056d52,,,,,,,,
856,1141dfc674be44e23dd469a1caf6c1436405f2f99880ffa8ec17435c9e0877914bb50b5906d75d14f195ef2c60ba18fe91afa89698d08952325c31896d02d827,hindi_griffinlim_eval_final/fake_hindi_griffinlim/hindi_fake_0856.wav,0,3.96,-0.5057147741317749,0.9556036591529846,rms_matched,False,0.0594986174805191,hindi,-0.9551018476486206,1141dfc674be44e23dd469a1caf6c1436405f2f99880ffa8ec17435c9e0877914bb50b5906d75d14f195ef2c60ba18fe91afa89698d08952325c31896d02d827,0.0594986174805191,0.428110945013168,0.2964941766371094,0.271800985994141,0.0635192465040386,0.38984215259552,3.96,1141dfc674be44e23dd469a1caf6c1436405f2f99880ffa8ec17435c9e0877914bb50b5906d75d14f195ef2c60ba18fe91afa89698d08952325c31896d02d827,,,,,,,,
857,3d60da54a5e96710c627c37362c5f17d026c725b99466b5596f08c6584beafa8dd546aff3ef61dd1cfda5150cdd82d08970d8ad36a49e933571b903361a6cbdd,hindi_griffinlim_eval_final/fake_hindi_griffinlim/hindi_fake_0857.wav,0,4.356,6.394127368927002,-8.274696350097656,rms_matched,False,0.0146595780788048,hindi,5.944740295410156,3d60da54a5e96710c627c37362c5f17d026c725b99466b5596f08c6584beafa8dd546aff3ef61dd1cfda5150cdd82d08970d8ad36a49e933571b903361a6cbdd,0.0146595780788048,0.2121464622993309,0.4041755297507321,0.3789265022344361,0.0277956065299222,0.1325055956840515,4.356,3d60da54a5e96710c627c37362c5f17d026c725b99466b5596f08c6584beafa8dd546aff3ef61dd1cfda5150cdd82d08970d8ad36a49e933571b903361a6cbdd,0.223564601739805,0.4104365430914911,0.3659988551687039,0.7050831639923629,14.480151811562497,0.1736076430354671,0.4127250449841116,0.5635652291378679
858,ff8f23f061245d69de7cccf1ee33e0ebd713c56e08f5a4a2f4732746be391af221f711cf9aee47cf8cc4c6402985c5231bff4ac03eaaa1e1a1cef4e1cdaf2936,hindi_griffinlim_eval_final/fake_hindi_griffinlim/hindi_fake_0858.wav,0,2.808,-1.079830527305603,1.6326522827148438,rms_matched,False,0.0354948289269757,hindi,-1.5292176008224487,ff8f23f061245d69de7cccf1ee33e0ebd713c56e08f5a4a2f4732746be391af221f711cf9aee47cf8cc4c6402985c5231bff4ac03eaaa1e1a1cef4e1cdaf2936,0.0354948289269757,0.3592784801792235,0.3579219374912422,0.2791583872585184,0.0579845707028012,0.3061925768852234,2.808,ff8f23f061245d69de7cccf1ee33e0ebd713c56e08f5a4a2f4732746be391af221f711cf9aee47cf8cc4c6402985c5231bff4ac03eaaa1e1a1cef4e1cdaf2936,,,,,,,,
859,cf3aeeacb5f17296626b5c4098ec5eac55e41cd4794e1b866c7c42ccda4ff82ab59144d9af79e6479243e61724113d6c7ccccb7dc02e7a235f5ff37eee99c5d8,hindi_griffinlim_eval_final/fake_hindi_griffinlim/hindi_fake_0859.wav,0,3.924,7.008527755737305,-9.072710990905762,rms_matched,False,0.0228060985907954,hindi,6.559140682220459,cf3aeeacb5f17296626b5c4098ec5eac55e41cd4794e1b866c7c42ccda4ff82ab59144d9af79e6479243e61724113d6c7ccccb7dc02e7a235f5ff37eee99c5d8,0.0228060985907954,0.1842597736770994,0.4104906245745552,0.399918503614588,0.0136947048303849,0.0596788525581359,3.924,cf3aeeacb5f17296626b5c4098ec5eac55e41cd4794e1b866c7c42ccda4ff82ab59144d9af79e6479243e61724113d6c7ccccb7dc02e7a235f5ff37eee99c5d8,,,,,,,,
860,1da3e82d56c4b06d4028ecc92aca9dc352823b8ec3e30de4da211906b610e38731002b15ef77c26455730b72f40ec1685543812f28aebbf3d093e8e83b3bad25,hindi_griffinlim_eval_final/fake_hindi_griffinlim/hindi_fake_0860.wav,0,5.22,-2.896571397781372,3.7774658203125,rms_matched,False,0.2620455820124223,hindi,-3.3459584712982178,1da3e82d56c4b06d4028ecc92aca9dc352823b8ec3e30de4da211906b610e38731002b15ef77c26455730b72f40ec1685543812f28aebbf3d093e8e83b3bad25,0.2620455820124223,0.5482050231414656,0.242195854011383,0.2068851073099175,0.0867279599967198,0.7674387097358704,5.22,1da3e82d56c4b06d4028ecc92aca9dc352823b8ec3e30de4da211906b610e38731002b15ef77c26455730b72f40ec1685543812f28aebbf3d093e8e83b3bad25,,,,,,,,
861,6cd8f602bf899de8fa9a30238cb461650682d47e62a5d12042ec213877ca4d9f7f83e3635c1374cddf16260688058dddb7ba7f5466c279dadd85e033038b6b08,hindi_griffinlim_eval_final/fake_hindi_griffinlim/hindi_fake_0861.wav,0,4.608,3.492115497589112,-4.375060081481934,rms_matched,False,0.0157280191447869,hindi,3.0427284240722665,6cd8f602bf899de8fa9a30238cb461650682d47e62a5d12042ec213877ca4d9f7f83e3635c1374cddf16260688058dddb7ba7f5466c279dadd85e033038b6b08,0.0157280191447869,0.2781911632799801,0.3842600572790273,0.333295120092386,0.0445541606456114,0.2323901653289795,4.608,6cd8f602bf899de8fa9a30238cb461650682d47e62a5d12042ec213877ca4d9f7f83e3635c1374cddf16260688058dddb7ba7f5466c279dadd85e033038b6b08,,,,,,,,
862,730d0b5ab2ac3560942798c95eca436e23aa39ac97ae0d8c6303446a537d615166a0f64a5a3da21fcedabf70e237b139e973b008e4d664c813bfcde4d3890c00,hindi_griffinlim_eval_final/fake_hindi_griffinlim/hindi_fake_0862.wav,0,5.04,6.122115612030029,-7.964279174804687,rms_matched,False,0.0161267483291193,hindi,5.672728538513184,730d0b5ab2ac3560942798c95eca436e23aa39ac97ae0d8c6303446a537d615166a0f64a5a3da21fcedabf70e237b139e973b008e4d664c813bfcde4d3890c00,0.0161267483291193,0.2932562680084875,0.3562659717627304,0.3458642868517406,0.0402764925781149,0.1806076169013977,5.04,730d0b5ab2ac3560942798c95eca436e23aa39ac97ae0d8c6303446a537d615166a0f64a5a3da21fcedabf70e237b139e973b008e4d664c813bfcde4d3890c00,,,,,,,,
863,3aef16007bd29046bf29aa965433206ce23419410af7d4bc3d292635ddc31b83ce37bccb79f9f0fb3d857b77a1bba903b1dfbadc1d390b9c5b687a475c9f29a6,hindi_griffinlim_eval_final/fake_hindi_griffinlim/hindi_fake_0863.wav,0,3.78,-1.7899712324142456,2.5473203659057617,rms_matched,False,0.1427754189180011,hindi,-2.2393583059310913,3aef16007bd29046bf29aa965433206ce23419410af7d4bc3d292635ddc31b83ce37bccb79f9f0fb3d857b77a1bba903b1dfbadc1d390b9c5b687a475c9f29a6,0.1427754189180011,0.4740820391729343,0.3038633882048989,0.2189945643021741,0.0855932106586924,0.7140652537345886,3.78,3aef16007bd29046bf29aa965433206ce23419410af7d4bc3d292635ddc31b83ce37bccb79f9f0fb3d857b77a1bba903b1dfbadc1d390b9c5b687a475c9f29a6,,,,,,,,
864,ae0207e1b992822da425c226998ea35fa5a75ad2e871945773ba6a3a2a1198e2b949343a3576e4840ddbf58db73c345288cca62ba4835d8a03bf508c2d06f3d6,hindi_griffinlim_eval_final/fake_hindi_griffinlim/hindi_fake_0864.wav,0,6.552,0.3962978720664978,-0.4814630150794983,peak_normalized,True,0.6159349990367251,hindi,-0.0530892014503479,ae0207e1b992822da425c226998ea35fa5a75ad2e871945773ba6a3a2a1198e2b949343a3576e4840ddbf58db73c345288cca62ba4835d8a03bf508c2d06f3d6,0.6159349990367251,0.9200275561618728,0.0680113885574757,0.0119111134544099,0.1394190930967513,0.990020751953125,6.544,ae0207e1b992822da425c226998ea35fa5a75ad2e871945773ba6a3a2a1198e2b949343a3576e4840ddbf58db73c345288cca62ba4835d8a03bf508c2d06f3d6,,,,,,,,
865,806c8f1750366fd789fd41da89a86157e07cc51bb8aae5e3e963abd25d659afa282b2d5d1ae80d08eb78bcbf88984ac5b1c10bb62f2582cdaa48774594e5b746,hindi_griffinlim_eval_final/fake_hindi_griffinlim/hindi_fake_0865.wav,0,5.904,0.1748125404119491,-0.4116833508014679,rms_matched,False,0.0279214055245462,hindi,-0.2745745331048966,806c8f1750366fd789fd41da89a86157e07cc51bb8aae5e3e963abd25d659afa282b2d5d1ae80d08eb78bcbf88984ac5b1c10bb62f2582cdaa48774594e5b746,0.0279214055245462,0.4980874834413568,0.2610941948321814,0.2377678572389384,0.0836641196047402,0.4627442359924316,5.904,806c8f1750366fd789fd41da89a86157e07cc51bb8aae5e3e963abd25d659afa282b2d5d1ae80d08eb78bcbf88984ac5b1c10bb62f2582cdaa48774594e5b746,0.481687712445127,0.2776757471434558,0.2406365404114171,0.6782226282991826,14.646049080462204,0.1495868317611208,0.3726643543836267,0.5234066382657734
866,9698b39cb85f238f1346eea2dba721e4e8fb440bd4d14b632aef84108f02f47d028463a7076a9eb0333b72fab260a9357f045de63eaaa3c7374ce6a692e081ba,hindi_griffinlim_eval_final/fake_hindi_griffinlim/hindi_fake_0866.wav,0,4.176,0.4167543649673462,-0.7894020676612854,rms_matched,False,0.0350226485896878,hindi,-0.03263270854949951,9698b39cb85f238f1346eea2dba721e4e8fb440bd4d14b632aef84108f02f47d028463a7076a9eb0333b72fab260a9357f045de63eaaa3c7374ce6a692e081ba,0.0350226485896878,0.321932780905634,0.3408312273027588,0.3332518929267881,0.0551797751297877,0.4251003265380859,4.176,9698b39cb85f238f1346eea2dba721e4e8fb440bd4d14b632aef84108f02f47d028463a7076a9eb0333b72fab260a9357f045de63eaaa3c7374ce6a692e081ba,,,,,,,,
867,80ffb7f21aebcd96b01f5098bdf0f377f31fa297c2c30290be3dcd6a69b87e7570cd2e9ce41edb96038e485ce70cf75436dba4a0c7925bb36a68db134979c585,hindi_griffinlim_eval_final/fake_hindi_griffinlim/hindi_fake_0867.wav,0,4.284,-3.67758846282959,4.5571818351745605,rms_matched,False,0.1339593482080234,hindi,-4.1269755363464355,80ffb7f21aebcd96b01f5098bdf0f377f31fa297c2c30290be3dcd6a69b87e7570cd2e9ce41edb96038e485ce70cf75436dba4a0c7925bb36a68db134979c585,0.1339593482080234,0.5824373835884142,0.2791550356742701,0.1365688903051996,0.1182785175719041,0.9150131940841676,4.284,80ffb7f21aebcd96b01f5098bdf0f377f31fa297c2c30290be3dcd6a69b87e7570cd2e9ce41edb96038e485ce70cf75436dba4a0c7925bb36a68db134979c585,0.3840765369564819,0.3586228521374983,0.2573006109060198,0.7230112295017241,14.370574863685318,0.1897008087120425,0.4308572347124435,0.582245954273491
868,1a94dffb861da3c85c0994bc8c83f7b79b502a83733ef28bc302cf6f1d5413001cd86d1c723357821dc3a90ba1b3f65e1203c2fa176b43daa279055fd6e5f529,hindi_griffinlim_eval_final/fake_hindi_griffinlim/hindi_fake_0868.wav,0,2.88,-1.5086474418640137,2.2617180347442627,rms_matched,False,0.0435501938121337,hindi,-1.9580345153808594,1a94dffb861da3c85c0994bc8c83f7b79b502a83733ef28bc302cf6f1d5413001cd86d1c723357821dc3a90ba1b3f65e1203c2fa176b43daa279055fd6e5f529,0.0435501938121337,0.3868268297535098,0.4150689620974059,0.1957538361978395,0.0867145728962891,0.6097740530967712,2.88,1a94dffb861da3c85c0994bc8c83f7b79b502a83733ef28bc302cf6f1d5413001cd86d1c723357821dc3a90ba1b3f65e1203c2fa176b43daa279055fd6e5f529,,,,,,,,
869,86a5ad74610a18262cd67fe5fe6899fe11e9385b2c5685f0688125f800524c5654273f8c7385b59dab90768caa5c803e9c31df10d88f49585ed97665bf90cc32,hindi_griffinlim_eval_final/fake_hindi_griffinlim/hindi_fake_0869.wav,0,6.876,-0.101817175745964,0.180347129702568,rms_matched,False,0.1405030559955935,hindi,-0.5512042492628098,86a5ad74610a18262cd67fe5fe6899fe11e9385b2c5685f0688125f800524c5654273f8c7385b59dab90768caa5c803e9c31df10d88f49585ed97665bf90cc32,0.1405030559955935,0.3526872363716549,0.3519020704808445,0.2918798013615543,0.0622350447408446,0.7575136423110962,6.876,86a5ad74610a18262cd67fe5fe6899fe11e9385b2c5685f0688125f800524c5654273f8c7385b59dab90768caa5c803e9c31df10d88f49585ed97665bf90cc32,,,,,,,,
870,95340b846e677ea27571958308bb11e2403ec2e4464bba7c97372d324e628a906f6be086595117707361a5dd7b41295d64031b6b2a5f2e50f6dc0a1841fd7fa2,hindi_griffinlim_eval_final/fake_hindi_griffinlim/hindi_fake_0870.wav,0,6.516,6.203052520751953,-8.009801864624023,rms_matched,False,0.014288172617452,hindi,5.753665447235107,95340b846e677ea27571958308bb11e2403ec2e4464bba7c97372d324e628a906f6be086595117707361a5dd7b41295d64031b6b2a5f2e50f6dc0a1841fd7fa2,0.014288172617452,0.2709813186094446,0.3676117772054013,0.3567867244901785,0.0380626033738285,0.2258939146995544,6.516,95340b846e677ea27571958308bb11e2403ec2e4464bba7c97372d324e628a906f6be086595117707361a5dd7b41295d64031b6b2a5f2e50f6dc0a1841fd7fa2,,,,,,,,
871,7570a71e8291317409ff389bd743ae3946da5a2b9540b1d3be2b8e42560a8338f8ced7349b801dee318d981a4d51d1fe60ece80dc66222d056395f1476a1df67,hindi_griffinlim_eval_final/fake_hindi_griffinlim/hindi_fake_0871.wav,0,3.528,-0.3233043551445007,0.2138850688934326,rms_matched,False,0.0325824841516473,hindi,-0.7726914286613464,7570a71e8291317409ff389bd743ae3946da5a2b9540b1d3be2b8e42560a8338f8ced7349b801dee318d981a4d51d1fe60ece80dc66222d056395f1476a1df67,0.0325824841516473,0.2710890827018348,0.4118279706594045,0.3130998816682578,0.0478560704086493,0.3500826954841614,3.528,7570a71e8291317409ff389bd743ae3946da5a2b9540b1d3be2b8e42560a8338f8ced7349b801dee318d981a4d51d1fe60ece80dc66222d056395f1476a1df67,,,,,,,,
872,18ac148b1b14b3b66a0116ecc3f445d74b049106dc0b0c39ba266ed130105ea5cba16d4e6220aaff9e2757009e3e3789ac98602887ee11491fcb207b874732c2,hindi_griffinlim_eval_final/fake_hindi_griffinlim/hindi_fake_0872.wav,0,7.56,5.60275411605835,-7.07655143737793,rms_matched,False,0.0115037938371715,hindi,5.153367042541504,18ac148b1b14b3b66a0116ecc3f445d74b049106dc0b0c39ba266ed130105ea5cba16d4e6220aaff9e2757009e3e3789ac98602887ee11491fcb207b874732c2,0.0115037938371715,0.3076940709354131,0.3504371627693315,0.3373954860484064,0.0450940362302718,0.2450390458106994,7.56,18ac148b1b14b3b66a0116ecc3f445d74b049106dc0b0c39ba266ed130105ea5cba16d4e6220aaff9e2757009e3e3789ac98602887ee11491fcb207b874732c2,,,,,,,,
873,42adfde56dd3d69ed58436d1e8a55fac999afb0e390ebc65c299c3cd2b7258cb079683412241e54e7fa275e56a02bd19a10d6a17fead09988cd0fad2e6061e7b,hindi_griffinlim_eval_final/fake_hindi_griffinlim/hindi_fake_0873.wav,0,6.588,-5.377654075622559,6.150094032287598,rms_matched,False,0.107580344574868,hindi,-5.827041149139404,42adfde56dd3d69ed58436d1e8a55fac999afb0e390ebc65c299c3cd2b7258cb079683412241e54e7fa275e56a02bd19a10d6a17fead09988cd0fad2e6061e7b,0.107580344574868,0.5585213472833429,0.2394464390088499,0.1994059117417645,0.0896697671306098,0.659310519695282,6.588,42adfde56dd3d69ed58436d1e8a55fac999afb0e390ebc65c299c3cd2b7258cb079683412241e54e7fa275e56a02bd19a10d6a17fead09988cd0fad2e6061e7b,,,,,,,,
874,3c47037b539064a039337a1c897e88029bf7cfb906524864e55c38b90aa9efe57730742089a7f2a1b508952b6272c39cd50f7d701230bde9d0afdf4fefc05d8a,hindi_griffinlim_eval_final/fake_hindi_griffinlim/hindi_fake_0874.wav,0,3.024,6.965466022491455,-8.978250503540039,rms_matched,False,0.0268459991011318,hindi,6.516078948974609,3c47037b539064a039337a1c897e88029bf7cfb906524864e55c38b90aa9efe57730742089a7f2a1b508952b6272c39cd50f7d701230bde9d0afdf4fefc05d8a,0.0268459991011318,0.1874582015395348,0.4085182873944464,0.3985002498780901,0.0145598746787197,0.0614970326423645,3.024,3c47037b539064a039337a1c897e88029bf7cfb906524864e55c38b90aa9efe57730742089a7f2a1b508952b6272c39cd50f7d701230bde9d0afdf4fefc05d8a,,,,,,,,
875,3512a2ce63a4044e19713803ad92889a443d1d6fe4e83bd00833b842957b10139899aa75c48d47ecd6d7e02112c2f7d3dbf5e752d40bfb9bffe073a8983b56b9,hindi_griffinlim_eval_final/fake_hindi_griffinlim/hindi_fake_0875.wav,0,5.22,2.9318575859069824,-3.7514004707336426,rms_matched,False,0.014356020002861,hindi,2.4824705123901367,3512a2ce63a4044e19713803ad92889a443d1d6fe4e83bd00833b842957b10139899aa75c48d47ecd6d7e02112c2f7d3dbf5e752d40bfb9bffe073a8983b56b9,0.014356020002861,0.2359545755439845,0.4018880057051743,0.3575351413468238,0.0315706274009639,0.1502233743667602,5.22,3512a2ce63a4044e19713803ad92889a443d1d6fe4e83bd00833b842957b10139899aa75c48d47ecd6d7e02112c2f7d3dbf5e752d40bfb9bffe073a8983b56b9,,,,,,,,
876,d39d516dfccbf4297a953030579625b84d76314cdd257472c46f3116b9f0238183eaa531151e2a8bd4968015c10fb293e815f5a2c36475f899e88f5ed90676ea,hindi_griffinlim_eval_final/fake_hindi_griffinlim/hindi_fake_0876.wav,0,4.968,1.510011076927185,-2.251878499984741,rms_matched,False,0.0832504815180663,hindi,1.0606240034103394,d39d516dfccbf4297a953030579625b84d76314cdd257472c46f3116b9f0238183eaa531151e2a8bd4968015c10fb293e815f5a2c36475f899e88f5ed90676ea,0.0832504815180663,0.551230317498213,0.2392832152448368,0.2068120222425241,0.0944584909932593,0.6464012861251831,4.968,d39d516dfccbf4297a953030579625b84d76314cdd257472c46f3116b9f0238183eaa531151e2a8bd4968015c10fb293e815f5a2c36475f899e88f5ed90676ea,,,,,,,,
877,2fab289aa06c3d3ed662c848272fccd54cfe903fbc7895c797a394c8ac5314a6dcbd94b498eb6af96d006c568ea2a0d523ca6b0212684ed46408338da97c2b0b,hindi_griffinlim_eval_final/fake_hindi_griffinlim/hindi_fake_0877.wav,0,2.628,-3.703136682510376,4.571459770202637,rms_matched,False,0.0990969397952755,hindi,-4.152523756027222,2fab289aa06c3d3ed662c848272fccd54cfe903fbc7895c797a394c8ac5314a6dcbd94b498eb6af96d006c568ea2a0d523ca6b0212684ed46408338da97c2b0b,0.0990969397952755,0.5880603221768704,0.2208824261025923,0.189455286516488,0.1282166869291982,0.9900000095367432,2.628,2fab289aa06c3d3ed662c848272fccd54cfe903fbc7895c797a394c8ac5314a6dcbd94b498eb6af96d006c568ea2a0d523ca6b0212684ed46408338da97c2b0b,,,,,,,,
878,c9e3c968c1d5b3622fc320ddfee5e4f9ab20a053ad60bc247ae48a626a9989bc2687e3e054f55a444c9ccb71e2ddce887fc8fdfa617ebb5e9d4771676d8074b4,hindi_griffinlim_eval_final/fake_hindi_griffinlim/hindi_fake_0878.wav,0,4.644,5.336089611053467,-6.724638938903809,rms_matched,False,0.0289814349240706,hindi,4.886702537536621,c9e3c968c1d5b3622fc320ddfee5e4f9ab20a053ad60bc247ae48a626a9989bc2687e3e054f55a444c9ccb71e2ddce887fc8fdfa617ebb5e9d4771676d8074b4,0.0289814349240706,0.3238971005114727,0.3443574126285278,0.3273583411945815,0.0481086259743216,0.302636444568634,4.644,c9e3c968c1d5b3622fc320ddfee5e4f9ab20a053ad60bc247ae48a626a9989bc2687e3e054f55a444c9ccb71e2ddce887fc8fdfa617ebb5e9d4771676d8074b4,,,,,,,,
879,65d886c17e6173ec624dcf8fa7a03e75f82801af0e6b0a177d149e9137b2bc1c6f88b5e060a9db7493ec77e6ef243e8a1b1ca307a3f303b8d8a5c80dbd08572d,hindi_griffinlim_eval_final/fake_hindi_griffinlim/hindi_fake_0879.wav,0,4.68,-5.659240245819092,6.478093147277832,rms_matched,False,0.047266849784913,hindi,-6.1086273193359375,65d886c17e6173ec624dcf8fa7a03e75f82801af0e6b0a177d149e9137b2bc1c6f88b5e060a9db7493ec77e6ef243e8a1b1ca307a3f303b8d8a5c80dbd08572d,0.047266849784913,0.7171292710773852,0.1584185857441134,0.1228330659370455,0.1377404383288589,0.7914754748344421,4.68,65d886c17e6173ec624dcf8fa7a03e75f82801af0e6b0a177d149e9137b2bc1c6f88b5e060a9db7493ec77e6ef243e8a1b1ca307a3f303b8d8a5c80dbd08572d,0.5697863910628385,0.2317314688128313,0.1984821401243301,0.7022658823161902,14.51821127211748,0.1652449873263324,0.3987673383410886,0.5519126500440732
880,7570a71e8291317409ff389bd743ae3946da5a2b9540b1d3be2b8e42560a8338f8ced7349b801dee318d981a4d51d1fe60ece80dc66222d056395f1476a1df67,hindi_griffinlim_eval_final/fake_hindi_griffinlim/hindi_fake_0880.wav,0,3.096,-0.6572840213775635,1.1843916177749634,rms_matched,False,0.0165410693426091,hindi,-1.1066710948944092,7570a71e8291317409ff389bd743ae3946da5a2b9540b1d3be2b8e42560a8338f8ced7349b801dee318d981a4d51d1fe60ece80dc66222d056395f1476a1df67,0.0165410693426091,0.2139233276556498,0.5208386591827865,0.2620477033141734,0.0556950168361645,0.3725635409355163,3.096,7570a71e8291317409ff389bd743ae3946da5a2b9540b1d3be2b8e42560a8338f8ced7349b801dee318d981a4d51d1fe60ece80dc66222d056395f1476a1df67,,,,,,,,
881,a6d08697c738730178993390c6a57ba2b8e2944e43cf91bc222be8589b56ae2271a0e072fadd7f735cc7479c0ea16887e186a8e4a478276381c1d96dcd49e461,hindi_griffinlim_eval_final/fake_hindi_griffinlim/hindi_fake_0881.wav,0,3.636,7.017382621765137,-9.138405799865724,rms_matched,False,0.0277622083499814,hindi,6.567995548248291,a6d08697c738730178993390c6a57ba2b8e2944e43cf91bc222be8589b56ae2271a0e072fadd7f735cc7479c0ea16887e186a8e4a478276381c1d96dcd49e461,0.0277622083499814,0.1755241458425109,0.4136238432734436,0.4055046648262797,0.0091102525617806,0.0382003188133239,3.636,a6d08697c738730178993390c6a57ba2b8e2944e43cf91bc222be8589b56ae2271a0e072fadd7f735cc7479c0ea16887e186a8e4a478276381c1d96dcd49e461,,,,,,,,
882,5e46ac50eb1d862c9c16cabb7768b1b412ed7ec5a51e13e22953cbb21d43c30f5addea8f5b6797634a95c8140661feb46f36a8e68d9968dc8452c0ac88af7e59,hindi_griffinlim_eval_final/fake_hindi_griffinlim/hindi_fake_0882.wav,0,3.204,5.366158485412598,-6.829256057739258,rms_matched,False,0.0427667986252233,hindi,4.916771411895752,5e46ac50eb1d862c9c16cabb7768b1b412ed7ec5a51e13e22953cbb21d43c30f5addea8f5b6797634a95c8140661feb46f36a8e68d9968dc8452c0ac88af7e59,0.0427667986252233,0.3147595927623688,0.354092277084805,0.3268365023226414,0.0458903302763227,0.3018625974655151,3.204,5e46ac50eb1d862c9c16cabb7768b1b412ed7ec5a51e13e22953cbb21d43c30f5addea8f5b6797634a95c8140661feb46f36a8e68d9968dc8452c0ac88af7e59,,,,,,,,
883,0db277015ed4c7602383504e75bcfead10db6e33b12e442a983cb259a17baf2c98daf32f18e2c1917269103a2ef1776d88cab0357c43c487473d8fa511dde7e8,hindi_griffinlim_eval_final/fake_hindi_griffinlim/hindi_fake_0883.wav,0,4.572,-0.2639631330966949,-0.0334766805171966,rms_matched,False,0.0725711583106325,hindi,-0.7133502066135406,0db277015ed4c7602383504e75bcfead10db6e33b12e442a983cb259a17baf2c98daf32f18e2c1917269103a2ef1776d88cab0357c43c487473d8fa511dde7e8,0.0725711583106325,0.429974850818391,0.303232255832304,0.2633418864507115,0.0649246439442387,0.4513305425643921,4.572,0db277015ed4c7602383504e75bcfead10db6e33b12e442a983cb259a17baf2c98daf32f18e2c1917269103a2ef1776d88cab0357c43c487473d8fa511dde7e8,0.3875816780303813,0.3321432831380176,0.280275038831601,0.733090959260227,14.32377648263528,0.185175238715167,0.4368381665077067,0.5932962630657929
884,c88824395561074e0eb0ebc1280d4866dbc29f01c026899e205a1db558ba1be8d683a10dc5e1f8117571ea0794f699ebe359e833d714ad66942a429a2112a5a6,hindi_griffinlim_eval_final/fake_hindi_griffinlim/hindi_fake_0884.wav,0,4.212,6.569863796234131,-8.538339614868164,rms_matched,False,0.0190966430154427,hindi,6.120476722717285,c88824395561074e0eb0ebc1280d4866dbc29f01c026899e205a1db558ba1be8d683a10dc5e1f8117571ea0794f699ebe359e833d714ad66942a429a2112a5a6,0.0190966430154427,0.2196985575826512,0.3930660305581622,0.3820741544913844,0.0239043312377129,0.1073485612869262,4.212,c88824395561074e0eb0ebc1280d4866dbc29f01c026899e205a1db558ba1be8d683a10dc5e1f8117571ea0794f699ebe359e833d714ad66942a429a2112a5a6,0.2174136409472186,0.3969796340700541,0.3856067249827272,0.7044204050117178,14.480276353729854,0.1767116500731529,0.4109099000651531,0.5608745594723104
885,311217067d55b7cce037852182d16a8e446e955f838c22ea621a12cf2d0fcb73cef39d58af1b90b48bc6a39e94534cd5781370c0e4affc028225fa2b2f7029f0,hindi_griffinlim_eval_final/fake_hindi_griffinlim/hindi_fake_0885.wav,0,4.5,2.983700752258301,-3.721723318099976,rms_matched,False,0.0328072952728835,hindi,2.534313678741455,311217067d55b7cce037852182d16a8e446e955f838c22ea621a12cf2d0fcb73cef39d58af1b90b48bc6a39e94534cd5781370c0e4affc028225fa2b2f7029f0,0.0328072952728835,0.5234606159709961,0.2414584389676355,0.231996570527607,0.0872192695080128,0.4455882310867309,4.5,311217067d55b7cce037852182d16a8e446e955f838c22ea621a12cf2d0fcb73cef39d58af1b90b48bc6a39e94534cd5781370c0e4affc028225fa2b2f7029f0,,,,,,,,
886,1da3e82d56c4b06d4028ecc92aca9dc352823b8ec3e30de4da211906b610e38731002b15ef77c26455730b72f40ec1685543812f28aebbf3d093e8e83b3bad25,hindi_griffinlim_eval_final/fake_hindi_griffinlim/hindi_fake_0886.wav,0,4.5,-3.631322860717773,4.51941442489624,rms_matched,False,0.2482856489699745,hindi,-4.080709934234619,1da3e82d56c4b06d4028ecc92aca9dc352823b8ec3e30de4da211906b610e38731002b15ef77c26455730b72f40ec1685543812f28aebbf3d093e8e83b3bad25,0.2482856489699745,0.6544910856926208,0.2119174808000717,0.1319002182781695,0.1231118037816087,0.990000069141388,4.5,1da3e82d56c4b06d4028ecc92aca9dc352823b8ec3e30de4da211906b610e38731002b15ef77c26455730b72f40ec1685543812f28aebbf3d093e8e83b3bad25,,,,,,,,
887,66a86ae3d3f3eb48e5bad97a370e6813f967d7744dc410051a5092e6bbd0da658ea468af2518aef0db5231c7bd0ed0034baa278b9bd688d6e2dc295d9692ecb8,hindi_griffinlim_eval_final/fake_hindi_griffinlim/hindi_fake_0887.wav,0,5.004,6.3812456130981445,-8.211061477661133,rms_matched,False,0.0072783111151248,hindi,5.931858539581299,66a86ae3d3f3eb48e5bad97a370e6813f967d7744dc410051a5092e6bbd0da658ea468af2518aef0db5231c7bd0ed0034baa278b9bd688d6e2dc295d9692ecb8,0.0072783111151248,0.1657593839474518,0.3541221752216919,0.4758922155711322,0.0250610440286848,0.1790021061897277,5.004,66a86ae3d3f3eb48e5bad97a370e6813f967d7744dc410051a5092e6bbd0da658ea468af2518aef0db5231c7bd0ed0034baa278b9bd688d6e2dc295d9692ecb8,,,,,,,,
888,3512a2ce63a4044e19713803ad92889a443d1d6fe4e83bd00833b842957b10139899aa75c48d47ecd6d7e02112c2f7d3dbf5e752d40bfb9bffe073a8983b56b9,hindi_griffinlim_eval_final/fake_hindi_griffinlim/hindi_fake_0888.wav,0,6.336,3.847921133041382,-4.659273147583008,rms_matched,False,0.0154447299232156,hindi,3.398534059524536,3512a2ce63a4044e19713803ad92889a443d1d6fe4e83bd00833b842957b10139899aa75c48d47ecd6d7e02112c2f7d3dbf5e752d40bfb9bffe073a8983b56b9,0.0154447299232156,0.2545816185403876,0.4094435643885488,0.3316154413002717,0.0384094552333411,0.2371427416801452,6.336,3512a2ce63a4044e19713803ad92889a443d1d6fe4e83bd00833b842957b10139899aa75c48d47ecd6d7e02112c2f7d3dbf5e752d40bfb9bffe073a8983b56b9,0.2700522759585732,0.4083411089479109,0.3216066150935158,0.709237993984265,14.465687337837704,0.1742316731828095,0.4152257201522966,0.5671780257208591
889,b78cf5eebb8ae39161b94c37c3e8aa39f57e5639997972f1ec983cb9f44fcefc18f1c4227b3d8b263477f3444fe05696da0cbd5dacd3cb3900b2cbcf2370b155,hindi_griffinlim_eval_final/fake_hindi_griffinlim/hindi_fake_0889.wav,0,5.364,-3.010067939758301,3.869074106216431,rms_matched,False,0.0782227831004687,hindi,-3.4594550132751465,b78cf5eebb8ae39161b94c37c3e8aa39f57e5639997972f1ec983cb9f44fcefc18f1c4227b3d8b263477f3444fe05696da0cbd5dacd3cb3900b2cbcf2370b155,0.0782227831004687,0.5003616592490352,0.2553393346707099,0.2411559927762419,0.0776656568293937,0.5324459075927734,5.364,b78cf5eebb8ae39161b94c37c3e8aa39f57e5639997972f1ec983cb9f44fcefc18f1c4227b3d8b263477f3444fe05696da0cbd5dacd3cb3900b2cbcf2370b155,,,,,,,,
890,3db6bed8f713bb226c8e1414c97e0da016bf5573c7281dda13149cf951a3bab57698d09a84cbf226aebc5f978c42bbb83ee009e4e787f7674304a0ef235be968,hindi_griffinlim_eval_final/fake_hindi_griffinlim/hindi_fake_0890.wav,0,5.832,-5.203232765197754,5.942375183105469,rms_matched,False,0.0418102147291065,hindi,-5.6526198387146,3db6bed8f713bb226c8e1414c97e0da016bf5573c7281dda13149cf951a3bab57698d09a84cbf226aebc5f978c42bbb83ee009e4e787f7674304a0ef235be968,0.0418102147291065,0.7169213696796489,0.1679261631899734,0.1136883663719852,0.1514897613885675,0.9900000095367432,5.832,3db6bed8f713bb226c8e1414c97e0da016bf5573c7281dda13149cf951a3bab57698d09a84cbf226aebc5f978c42bbb83ee009e4e787f7674304a0ef235be968,,,,,,,,
891,4ed9b617b3f93ef9ae23b42f64cf4e1d53ffefcf405e7e908ad346119c60ff08710f902131c673fcca0a5f0b8980b8e128ba5e30ccefc5780ced1cacb3dde0ed,hindi_griffinlim_eval_final/fake_hindi_griffinlim/hindi_fake_0891.wav,0,6.732,6.144911766052246,-7.931926250457764,rms_matched,False,0.011655947744025,hindi,5.6955246925354,4ed9b617b3f93ef9ae23b42f64cf4e1d53ffefcf405e7e908ad346119c60ff08710f902131c673fcca0a5f0b8980b8e128ba5e30ccefc5780ced1cacb3dde0ed,0.011655947744025,0.2622648829018244,0.3843837145994709,0.3486302432943789,0.0368957103885228,0.1896443963050842,6.732,4ed9b617b3f93ef9ae23b42f64cf4e1d53ffefcf405e7e908ad346119c60ff08710f902131c673fcca0a5f0b8980b8e128ba5e30ccefc5780ced1cacb3dde0ed,,,,,,,,
892,4165462ba3028c7e25d5ff7abf7e81fe2d31ab129cfa039232a6753837447e299445e86cc1a94db3a8957d1cf55c3a1aaa96b297a0c75a814bc1a2df686daae8,hindi_griffinlim_eval_final/fake_hindi_griffinlim/hindi_fake_0892.wav,0,5.94,-2.77895736694336,3.634755849838257,rms_matched,False,0.0910182230637649,hindi,-3.2283444404602055,4165462ba3028c7e25d5ff7abf7e81fe2d31ab129cfa039232a6753837447e299445e86cc1a94db3a8957d1cf55c3a1aaa96b297a0c75a814bc1a2df686daae8,0.0910182230637649,0.6273412062297391,0.2106993410440713,0.1598209556307532,0.1094768407647766,0.7329719066619873,5.94,4165462ba3028c7e25d5ff7abf7e81fe2d31ab129cfa039232a6753837447e299445e86cc1a94db3a8957d1cf55c3a1aaa96b297a0c75a814bc1a2df686daae8,,,,,,,,
893,08aa344261cb28d4f1e8b697822f1338246b28d51cfa28016b6214ed8bcd38cb5485c3b718c8246503f35d7e90c68e6e51ccdcea0ffbe272a0355f013aa4af41,hindi_griffinlim_eval_final/fake_hindi_griffinlim/hindi_fake_0893.wav,0,3.42,0.8276668787002563,-1.3226829767227173,rms_matched,False,0.0814090437132187,hindi,0.37827980518341064,08aa344261cb28d4f1e8b697822f1338246b28d51cfa28016b6214ed8bcd38cb5485c3b718c8246503f35d7e90c68e6e51ccdcea0ffbe272a0355f013aa4af41,0.0814090437132187,0.305389412633881,0.4121856505888971,0.2787608993892269,0.0515018774933182,0.4597084522247314,3.42,08aa344261cb28d4f1e8b697822f1338246b28d51cfa28016b6214ed8bcd38cb5485c3b718c8246503f35d7e90c68e6e51ccdcea0ffbe272a0355f013aa4af41,,,,,,,,
894,f7e4c76ee18115342ce951e969ae7be895523c1249240808025273db43ef06eff07f846de9b3a24d822ac09b3fcc9a6655535a3e0adb370bde8640f64560620b,hindi_griffinlim_eval_final/fake_hindi_griffinlim/hindi_fake_0894.wav,0,5.508,-2.715742588043213,3.5068581104278564,rms_matched,False,0.0736771723380006,hindi,-3.1651296615600586,f7e4c76ee18115342ce951e969ae7be895523c1249240808025273db43ef06eff07f846de9b3a24d822ac09b3fcc9a6655535a3e0adb370bde8640f64560620b,0.0736771723380006,0.6796424200625871,0.1740732419489163,0.1443786481922866,0.1273703642601827,0.8311471343040466,5.508,f7e4c76ee18115342ce951e969ae7be895523c1249240808025273db43ef06eff07f846de9b3a24d822ac09b3fcc9a6655535a3e0adb370bde8640f64560620b,,,,,,,,
895,4ed9b617b3f93ef9ae23b42f64cf4e1d53ffefcf405e7e908ad346119c60ff08710f902131c673fcca0a5f0b8980b8e128ba5e30ccefc5780ced1cacb3dde0ed,hindi_griffinlim_eval_final/fake_hindi_griffinlim/hindi_fake_0895.wav,0,4.824,5.093188762664795,-6.374553680419922,rms_matched,False,0.0165433416639143,hindi,4.643801689147949,4ed9b617b3f93ef9ae23b42f64cf4e1d53ffefcf405e7e908ad346119c60ff08710f902131c673fcca0a5f0b8980b8e128ba5e30ccefc5780ced1cacb3dde0ed,0.0165433416639143,0.2344693695790007,0.4046248082018864,0.3563947605605838,0.0335617626169059,0.188538372516632,4.824,4ed9b617b3f93ef9ae23b42f64cf4e1d53ffefcf405e7e908ad346119c60ff08710f902131c673fcca0a5f0b8980b8e128ba5e30ccefc5780ced1cacb3dde0ed,,,,,,,,
896,7645441bdc18d3b030505861df550d84664b9a9931552e1efeafab2fc218b84b74173a02073f3ab449dfd6be412293b9bfbe39fc0b97793fff0f586d8212ca0d,hindi_griffinlim_eval_final/fake_hindi_griffinlim/hindi_fake_0896.wav,0,3.888,-3.9769115447998047,4.836773872375488,rms_matched,False,0.0811298830487192,hindi,-4.42629861831665,7645441bdc18d3b030505861df550d84664b9a9931552e1efeafab2fc218b84b74173a02073f3ab449dfd6be412293b9bfbe39fc0b97793fff0f586d8212ca0d,0.0811298830487192,0.493167136343157,0.3358498434933637,0.1687570129800636,0.1000660867221303,0.7360803484916687,3.888,7645441bdc18d3b030505861df550d84664b9a9931552e1efeafab2fc218b84b74173a02073f3ab449dfd6be412293b9bfbe39fc0b97793fff0f586d8212ca0d,,,,,,,,
897,8532ee1920f74cab963f7b2895f0b5d5519a8762bb1f3b742293915270928c8826003a955e9a9a092982572ddaceed20ff3eaedd2517aa8c4a3759585bfb5493,hindi_griffinlim_eval_final/fake_hindi_griffinlim/hindi_fake_0897.wav,0,5.508,-0.450769305229187,1.0264642238616943,rms_matched,False,0.0281034818272584,hindi,-0.9001563787460327,8532ee1920f74cab963f7b2895f0b5d5519a8762bb1f3b742293915270928c8826003a955e9a9a092982572ddaceed20ff3eaedd2517aa8c4a3759585bfb5493,0.0281034818272584,0.2791907813893889,0.4002609989418344,0.3163495915511305,0.0435097295448291,0.3219364285469055,5.508,8532ee1920f74cab963f7b2895f0b5d5519a8762bb1f3b742293915270928c8826003a955e9a9a092982572ddaceed20ff3eaedd2517aa8c4a3759585bfb5493,0.2711052982932924,0.4094996419885036,0.319395059718204,0.7574975440357132,14.084532736777902,0.2375608462115277,0.4951664068938751,0.6374025252187744
898,72f877fac9bb314cc8a49f707222e440bdbf0011ca28657fa408f62c6b95ed4f617faa364554b0b0a75f4c74e6a1a745f376376bbadd8c8737f405f04bd49632,hindi_griffinlim_eval_final/fake_hindi_griffinlim/hindi_fake_0898.wav,0,5.22,-0.912316918373108,1.2864158153533936,rms_matched,False,0.0265428035318103,hindi,-1.3617039918899536,72f877fac9bb314cc8a49f707222e440bdbf0011ca28657fa408f62c6b95ed4f617faa364554b0b0a75f4c74e6a1a745f376376bbadd8c8737f405f04bd49632,0.0265428035318103,0.4309993942108139,0.3899126064367651,0.1767935522444637,0.09620075300626,0.6480699777603149,5.22,72f877fac9bb314cc8a49f707222e440bdbf0011ca28657fa408f62c6b95ed4f617faa364554b0b0a75f4c74e6a1a745f376376bbadd8c8737f405f04bd49632,,,,,,,,
899,e6d5ef06a5a765e29cc111294dcf0542f6faa74f367ad10200bd7e609e89ca4dbc72ad11540880b3b155d3a0c19eff6fd865a688d96a340e8e4f23cc9baff93b,hindi_griffinlim_eval_final/fake_hindi_griffinlim/hindi_fake_0899.wav,0,2.268,-3.7295308113098153,4.714666366577148,rms_matched,False,0.1757662314141754,hindi,-4.178917884826661,e6d5ef06a5a765e29cc111294dcf0542f6faa74f367ad10200bd7e609e89ca4dbc72ad11540880b3b155d3a0c19eff6fd865a688d96a340e8e4f23cc9baff93b,0.1757662314141754,0.532174036786677,0.2682018611049616,0.1969446701726224,0.0917817006811044,0.6743757128715515,2.268,e6d5ef06a5a765e29cc111294dcf0542f6faa74f367ad10200bd7e609e89ca4dbc72ad11540880b3b155d3a0c19eff6fd865a688d96a340e8e4f23cc9baff93b,,,,,,,,
900,68cb270e1215efd79204c075fb9df17b4ea024a7c09f74970ea4e506e73229238b2c3b3fc62c0f650e4fbd93cfbdd109b4442bcd5292c50b81cf80146568bf42,hindi_griffinlim_eval_final/fake_hindi_griffinlim/hindi_fake_0900.wav,0,7.596,4.459217071533203,-5.435327529907227,rms_matched,False,0.0114256969426861,hindi,4.009829998016357,68cb270e1215efd79204c075fb9df17b4ea024a7c09f74970ea4e506e73229238b2c3b3fc62c0f650e4fbd93cfbdd109b4442bcd5292c50b81cf80146568bf42,0.0114256969426861,0.3076947389181161,0.3584199848271678,0.3294469105061699,0.0458984753414546,0.2480300664901733,7.596,68cb270e1215efd79204c075fb9df17b4ea024a7c09f74970ea4e506e73229238b2c3b3fc62c0f650e4fbd93cfbdd109b4442bcd5292c50b81cf80146568bf42,,,,,,,,
901,fb9238da4a8e2de73d33aea159760300d3ec17f24329ad1fd35ab53c3d452ac1fa903c1488c73bf0daeb50763d260efbf7fcf79c1453a1558722a64e0a69afbe,hindi_griffinlim_eval_final/fake_hindi_griffinlim/hindi_fake_0901.wav,0,6.768,-1.2175360918045044,1.7959551811218262,rms_matched,False,0.0318486314141747,hindi,-1.66692316532135,fb9238da4a8e2de73d33aea159760300d3ec17f24329ad1fd35ab53c3d452ac1fa903c1488c73bf0daeb50763d260efbf7fcf79c1453a1558722a64e0a69afbe,0.0318486314141747,0.4079691261572601,0.3600436692335489,0.2289464118785744,0.074375535584188,0.5172948837280273,6.768,fb9238da4a8e2de73d33aea159760300d3ec17f24329ad1fd35ab53c3d452ac1fa903c1488c73bf0daeb50763d260efbf7fcf79c1453a1558722a64e0a69afbe,,,,,,,,
902,b7fde8b01808baf29c65724c04b9461381f7985ce4825b5663eb776d15da60e04453179bb8655290425de10178de70a1bd3e57b2381901578b63e663e90c0628,hindi_griffinlim_eval_final/fake_hindi_griffinlim/hindi_fake_0902.wav,0,5.436,4.792298316955566,-5.9393086433410645,rms_matched,False,0.0249008298678624,hindi,4.342911243438721,b7fde8b01808baf29c65724c04b9461381f7985ce4825b5663eb776d15da60e04453179bb8655290425de10178de70a1bd3e57b2381901578b63e663e90c0628,0.0249008298678624,0.2678628586604094,0.3692944912096028,0.3583216909556575,0.0348001708084759,0.2409142255783081,5.436,b7fde8b01808baf29c65724c04b9461381f7985ce4825b5663eb776d15da60e04453179bb8655290425de10178de70a1bd3e57b2381901578b63e663e90c0628,0.3242141225287326,0.3441283033195412,0.3316575741517261,0.7087761769558247,14.446276772488348,0.1815805170435961,0.4162051525541444,0.5662440834773556
903,cf3aeeacb5f17296626b5c4098ec5eac55e41cd4794e1b866c7c42ccda4ff82ab59144d9af79e6479243e61724113d6c7ccccb7dc02e7a235f5ff37eee99c5d8,hindi_griffinlim_eval_final/fake_hindi_griffinlim/hindi_fake_0903.wav,0,2.592,5.372271537780762,-6.852560520172119,rms_matched,False,0.0270045094301624,hindi,4.922884464263916,cf3aeeacb5f17296626b5c4098ec5eac55e41cd4794e1b866c7c42ccda4ff82ab59144d9af79e6479243e61724113d6c7ccccb7dc02e7a235f5ff37eee99c5d8,0.0270045094301624,0.3218111724663393,0.3511073815581466,0.3227097636253549,0.0474253833671116,0.2124661207199096,2.592,cf3aeeacb5f17296626b5c4098ec5eac55e41cd4794e1b866c7c42ccda4ff82ab59144d9af79e6479243e61724113d6c7ccccb7dc02e7a235f5ff37eee99c5d8,,,,,,,,
904,551ead2654838dfeb5faff96cbcc6d7ca4ac208e9f84293d31d5c89ae3e612bcc525e7f2cc8a050c834c1d550d9880c84e908cf0c4e90a885b36001c989f7aa6,hindi_griffinlim_eval_final/fake_hindi_griffinlim/hindi_fake_0904.wav,0,6.048,0.1200494170188903,-0.0634195953607559,rms_matched,False,0.0128396025411111,hindi,-0.32933765649795543,551ead2654838dfeb5faff96cbcc6d7ca4ac208e9f84293d31d5c89ae3e612bcc525e7f2cc8a050c834c1d550d9880c84e908cf0c4e90a885b36001c989f7aa6,0.0128396025411111,0.2723908843652553,0.3912250851120415,0.3326998335544255,0.0510883002005454,0.3467914462089538,6.048,551ead2654838dfeb5faff96cbcc6d7ca4ac208e9f84293d31d5c89ae3e612bcc525e7f2cc8a050c834c1d550d9880c84e908cf0c4e90a885b36001c989f7aa6,,,,,,,,
905,75c6bb7203a8fae0c08c18b39bebaf7f25f86e3b2cdbb1dbd65927288474b3fa5b24c5c88144d238b93b8327677bdfbdf560078a95a3594a6b6ea7dbf3f3eec8,hindi_griffinlim_eval_final/fake_hindi_griffinlim/hindi_fake_0905.wav,0,4.428,0.2383066862821579,-0.4457222521305084,rms_matched,False,0.4086948687470199,hindi,-0.2110803872346878,75c6bb7203a8fae0c08c18b39bebaf7f25f86e3b2cdbb1dbd65927288474b3fa5b24c5c88144d238b93b8327677bdfbdf560078a95a3594a6b6ea7dbf3f3eec8,0.4086948687470199,0.8186422840252752,0.1043809102955509,0.0768961299076213,0.1313504600429217,0.903045654296875,4.416,75c6bb7203a8fae0c08c18b39bebaf7f25f86e3b2cdbb1dbd65927288474b3fa5b24c5c88144d238b93b8327677bdfbdf560078a95a3594a6b6ea7dbf3f3eec8,,,,,,,,
906,f446689d92087b875d07eaa1d98e4b7e07ec4f8651762d73d8e0ecbae21be60e60a3b7356828d24a8c9071f872f21361ca196ae017820a2908412966f0a59df2,hindi_griffinlim_eval_final/fake_hindi_griffinlim/hindi_fake_0906.wav,0,7.128,5.883092403411865,-7.679760456085205,rms_matched,False,0.0106268719273702,hindi,5.4337053298950195,f446689d92087b875d07eaa1d98e4b7e07ec4f8651762d73d8e0ecbae21be60e60a3b7356828d24a8c9071f872f21361ca196ae017820a2908412966f0a59df2,0.0106268719273702,0.2069644856339517,0.407282365191946,0.3809078265783513,0.0221573275076635,0.105161428451538,7.128,f446689d92087b875d07eaa1d98e4b7e07ec4f8651762d73d8e0ecbae21be60e60a3b7356828d24a8c9071f872f21361ca196ae017820a2908412966f0a59df2,,,,,,,,
907,c45d64f4a9ad8d1efb4d802830abc40f0e0e29e23a1d399fb4e668a1781d60c7b6329f4ed2b4ee75586b7ef748b73a373cb36707965a2b5785d7e9ce6196f390,hindi_griffinlim_eval_final/fake_hindi_griffinlim/hindi_fake_0907.wav,0,6.336,-1.1827882528305054,1.6099923849105835,peak_normalized,True,0.5751888749434751,hindi,-1.632175326347351,c45d64f4a9ad8d1efb4d802830abc40f0e0e29e23a1d399fb4e668a1781d60c7b6329f4ed2b4ee75586b7ef748b73a373cb36707965a2b5785d7e9ce6196f390,0.5751888749434751,0.9254458205586388,0.0719024664499338,0.0026053768783341,0.1431659615215198,0.990020751953125,6.336,c45d64f4a9ad8d1efb4d802830abc40f0e0e29e23a1d399fb4e668a1781d60c7b6329f4ed2b4ee75586b7ef748b73a373cb36707965a2b5785d7e9ce6196f390,0.9318446196806792,0.0635444418164116,0.0046109385029093,0.7719512565696154,14.248801971841672,0.1386196626178363,0.4021652028375587,0.5928124511440617
908,0eef353f918900f4b6b2c52b697013c0ac2340228d97696f460545e777a0a619dc934a6e2bdc5329525c74d683591af809ae5b8d4157abba6321a5b7366bb73e,hindi_griffinlim_eval_final/fake_hindi_griffinlim/hindi_fake_0908.wav,0,5.544,6.9979400634765625,-9.040197372436523,rms_matched,False,0.013880672755586,hindi,6.548552989959717,0eef353f918900f4b6b2c52b697013c0ac2340228d97696f460545e777a0a619dc934a6e2bdc5329525c74d683591af809ae5b8d4157abba6321a5b7366bb73e,0.013880672755586,0.20364498704165,0.4017483765495178,0.3894523018111689,0.0207846662014859,0.0902312397956848,5.544,0eef353f918900f4b6b2c52b697013c0ac2340228d97696f460545e777a0a619dc934a6e2bdc5329525c74d683591af809ae5b8d4157abba6321a5b7366bb73e,,,,,,,,
909,ca6156fb12800e3b3fc41f9907777531141ebf8f445b70901bc7137ffd0e5516c2229f3c8c695423887299cdfe5b9160cea313d614a4ba540d5ff4102dda821e,hindi_griffinlim_eval_final/fake_hindi_griffinlim/hindi_fake_0909.wav,0,4.716,-1.9810184240341189,2.615932941436768,rms_matched,False,0.622727581330305,hindi,-2.4304054975509644,ca6156fb12800e3b3fc41f9907777531141ebf8f445b70901bc7137ffd0e5516c2229f3c8c695423887299cdfe5b9160cea313d614a4ba540d5ff4102dda821e,0.622727581330305,0.669631622310842,0.3065106233169611,0.0237269893129017,0.1004971594316887,0.80340576171875,4.704,ca6156fb12800e3b3fc41f9907777531141ebf8f445b70901bc7137ffd0e5516c2229f3c8c695423887299cdfe5b9160cea313d614a4ba540d5ff4102dda821e,,,,,,,,
910,64fcf403ddfb930184eae9b9ad9fbb9a712ebab06fdb5e7dbe7621dcd2cd5101f593c37e8e254ff38294b6dcc8bec4808c197c2d7599c0c4126045b1ac9b51d0,hindi_griffinlim_eval_final/fake_hindi_griffinlim/hindi_fake_0910.wav,0,5.784,-0.8943806290626526,1.3674077987670898,rms_matched,False,0.0239266542684813,hindi,-1.3437677025794983,64fcf403ddfb930184eae9b9ad9fbb9a712ebab06fdb5e7dbe7621dcd2cd5101f593c37e8e254ff38294b6dcc8bec4808c197c2d7599c0c4126045b1ac9b51d0,0.0239266542684813,0.359807355156495,0.3289661024490393,0.3071151636587564,0.054182713933144,0.3158285617828369,5.784,64fcf403ddfb930184eae9b9ad9fbb9a712ebab06fdb5e7dbe7621dcd2cd5101f593c37e8e254ff38294b6dcc8bec4808c197c2d7599c0c4126045b1ac9b51d0,,,,,,,,
911,5a2a681a4af95b92777b6adcd74644a5291136b27678f3afb168b9ebcc348031ce19ae24e738331ee6e5e5e54f6c4c560d455f898f348ad11957ec799c28fe59,hindi_griffinlim_eval_final/fake_hindi_griffinlim/hindi_fake_0911.wav,0,4.788,-2.4620800018310547,3.2201647758483887,rms_matched,False,0.2948280578665003,hindi,-2.9114670753479004,5a2a681a4af95b92777b6adcd74644a5291136b27678f3afb168b9ebcc348031ce19ae24e738331ee6e5e5e54f6c4c560d455f898f348ad11957ec799c28fe59,0.2948280578665003,0.5041821724785616,0.3010075593431057,0.1923357268615128,0.0911348381398259,0.8941407203674316,4.788,5a2a681a4af95b92777b6adcd74644a5291136b27678f3afb168b9ebcc348031ce19ae24e738331ee6e5e5e54f6c4c560d455f898f348ad11957ec799c28fe59,,,,,,,,
912,cb191bbd6bef46c81c9d5a49421a071897ee938b184fb94525d71950769ff71a8e4c5380bac3087cf73f11082371a95a9e76e594ba58d9520d5892e39d9d167e,hindi_griffinlim_eval_final/fake_hindi_griffinlim/hindi_fake_0912.wav,0,7.416,-4.24909782409668,5.172089099884033,rms_matched,False,0.0275724892447984,hindi,-4.698484897613525,cb191bbd6bef46c81c9d5a49421a071897ee938b184fb94525d71950769ff71a8e4c5380bac3087cf73f11082371a95a9e76e594ba58d9520d5892e39d9d167e,0.0275724892447984,0.5027589085914077,0.3106342104080967,0.1846329423305964,0.1082901911128752,0.7889651656150818,7.416,cb191bbd6bef46c81c9d5a49421a071897ee938b184fb94525d71950769ff71a8e4c5380bac3087cf73f11082371a95a9e76e594ba58d9520d5892e39d9d167e,,,,,,,,
913,1141dfc674be44e23dd469a1caf6c1436405f2f99880ffa8ec17435c9e0877914bb50b5906d75d14f195ef2c60ba18fe91afa89698d08952325c31896d02d827,hindi_griffinlim_eval_final/fake_hindi_griffinlim/hindi_fake_0913.wav,0,3.276,5.5532073974609375,-7.120504379272461,rms_matched,False,0.0319580752244766,hindi,5.103820323944092,1141dfc674be44e23dd469a1caf6c1436405f2f99880ffa8ec17435c9e0877914bb50b5906d75d14f195ef2c60ba18fe91afa89698d08952325c31896d02d827,0.0319580752244766,0.3115850256890885,0.3483315184501848,0.3356266886696684,0.0429449050305244,0.2299772500991821,3.276,1141dfc674be44e23dd469a1caf6c1436405f2f99880ffa8ec17435c9e0877914bb50b5906d75d14f195ef2c60ba18fe91afa89698d08952325c31896d02d827,,,,,,,,
914,ac38b13197dccd9b8389b7ea08fa62f18a0ad7549e1dcb0ac6d9a05f3c3cf0e1a38c50b32020c420310616620b70345d1c7ec60431e9af8f1dd471d271dd2c81,hindi_griffinlim_eval_final/fake_hindi_griffinlim/hindi_fake_0914.wav,0,5.064,-0.5267446637153625,0.9567244648933412,rms_matched,False,0.0732445164139965,hindi,-0.9761317372322083,ac38b13197dccd9b8389b7ea08fa62f18a0ad7549e1dcb0ac6d9a05f3c3cf0e1a38c50b32020c420310616620b70345d1c7ec60431e9af8f1dd471d271dd2c81,0.0732445164139965,0.5689385915680568,0.2623971124895325,0.1664600422027633,0.1111688408842516,0.7889540195465088,5.064,ac38b13197dccd9b8389b7ea08fa62f18a0ad7549e1dcb0ac6d9a05f3c3cf0e1a38c50b32020c420310616620b70345d1c7ec60431e9af8f1dd471d271dd2c81,,,,,,,,
915,ec98bf4f4c7ebeb53552af57da3d7a49f21818abc1725b040a1b968399e00793bb92c3c43fc8a718ebdf2cd08df8a20903f45474f2545ae873ddfb15c6a759c5,hindi_griffinlim_eval_final/fake_hindi_griffinlim/hindi_fake_0915.wav,0,5.58,-0.0600570403039455,-0.0083569884300231,rms_matched,False,0.0621158198245836,hindi,-0.5094441138207912,ec98bf4f4c7ebeb53552af57da3d7a49f21818abc1725b040a1b968399e00793bb92c3c43fc8a718ebdf2cd08df8a20903f45474f2545ae873ddfb15c6a759c5,0.0621158198245836,0.5259418978336128,0.2743191328663537,0.1972859621245098,0.0945359085603649,0.6481905579566956,5.58,ec98bf4f4c7ebeb53552af57da3d7a49f21818abc1725b040a1b968399e00793bb92c3c43fc8a718ebdf2cd08df8a20903f45474f2545ae873ddfb15c6a759c5,,,,,,,,
916,5a2a681a4af95b92777b6adcd74644a5291136b27678f3afb168b9ebcc348031ce19ae24e738331ee6e5e5e54f6c4c560d455f898f348ad11957ec799c28fe59,hindi_griffinlim_eval_final/fake_hindi_griffinlim/hindi_fake_0916.wav,0,5.148,-2.776599645614624,3.5320727825164795,rms_matched,False,0.0559428140135639,hindi,-3.2259867191314697,5a2a681a4af95b92777b6adcd74644a5291136b27678f3afb168b9ebcc348031ce19ae24e738331ee6e5e5e54f6c4c560d455f898f348ad11957ec799c28fe59,0.0559428140135639,0.4668516118936754,0.2852896161922816,0.2451757411999697,0.0859022492928541,0.6398344039916992,5.148,5a2a681a4af95b92777b6adcd74644a5291136b27678f3afb168b9ebcc348031ce19ae24e738331ee6e5e5e54f6c4c560d455f898f348ad11957ec799c28fe59,0.4199351392365582,0.3207796478092224,0.2592852129542194,0.696852276904981,14.556268177250349,0.1564599883662624,0.3900727048435398,0.5454687623656084
917,1a88297b510c4d15acdd9d6a3f50d13fd6420c8f934e487a7ec5096ab5fbebef165269d581a12002a5eca2cf3fbced4552441668df9c027abd45ef0895eabbc2,hindi_griffinlim_eval_final/fake_hindi_griffinlim/hindi_fake_0917.wav,0,5.184,-3.2336413860321045,3.98760986328125,rms_matched,False,0.0633668147960402,hindi,-3.68302845954895,1a88297b510c4d15acdd9d6a3f50d13fd6420c8f934e487a7ec5096ab5fbebef165269d581a12002a5eca2cf3fbced4552441668df9c027abd45ef0895eabbc2,0.0633668147960402,0.6334897677346263,0.2218401283104979,0.1430351177911504,0.1323629321832016,0.9354221224784852,5.184,1a88297b510c4d15acdd9d6a3f50d13fd6420c8f934e487a7ec5096ab5fbebef165269d581a12002a5eca2cf3fbced4552441668df9c027abd45ef0895eabbc2,,,,,,,,
918,45067264d2b61e264ecad7458eac3d1b34e0fa920f07b620c960183b5da33e9162e941624364882bef970388a81035ea2059171afb0b405fec83186454db1279,hindi_griffinlim_eval_final/fake_hindi_griffinlim/hindi_fake_0918.wav,0,6.516,-2.667558193206787,3.449530839920044,rms_matched,False,0.0768702562563791,hindi,-3.116945266723633,45067264d2b61e264ecad7458eac3d1b34e0fa920f07b620c960183b5da33e9162e941624364882bef970388a81035ea2059171afb0b405fec83186454db1279,0.0768702562563791,0.5035227095051826,0.2379645545988143,0.255564438582923,0.0792369939255,0.599361777305603,6.516,45067264d2b61e264ecad7458eac3d1b34e0fa920f07b620c960183b5da33e9162e941624364882bef970388a81035ea2059171afb0b405fec83186454db1279,,,,,,,,
919,80df1054d490d23f8c2523fa0495d60f3cc205e34e95d436f6c923158601404372c2ddea0d8239b414c6a6e342198453e814db3f980e01b97817acc51ea7adc4,hindi_griffinlim_eval_final/fake_hindi_griffinlim/hindi_fake_0919.wav,0,7.416,-0.5059405565261841,0.9925848841667176,rms_matched,False,0.0305423658893532,hindi,-0.9553276300430298,80df1054d490d23f8c2523fa0495d60f3cc205e34e95d436f6c923158601404372c2ddea0d8239b414c6a6e342198453e814db3f980e01b97817acc51ea7adc4,0.0305423658893532,0.6062820603184299,0.2161809161321648,0.175540032814103,0.1145788986604968,0.7197847962379456,7.416,80df1054d490d23f8c2523fa0495d60f3cc205e34e95d436f6c923158601404372c2ddea0d8239b414c6a6e342198453e814db3f980e01b97817acc51ea7adc4,,,,,,,,
920,b5368a2dff773c397ef5c49e62c79de17d88d95d2079d13c22dfd061e40dd1528406716bf6158aee618664f8bd5cd01289e1e410afda482364672472b003fd9b,hindi_griffinlim_eval_final/fake_hindi_griffinlim/hindi_fake_0920.wav,0,4.968,-0.8259502053260803,1.3168659210205078,rms_matched,False,0.1536117010357773,hindi,-1.275337278842926,b5368a2dff773c397ef5c49e62c79de17d88d95d2079d13c22dfd061e40dd1528406716bf6158aee618664f8bd5cd01289e1e410afda482364672472b003fd9b,0.1536117010357773,0.3426192073350874,0.4262467622035763,0.2282586806849824,0.0671600707327689,0.7293899655342102,4.968,b5368a2dff773c397ef5c49e62c79de17d88d95d2079d13c22dfd061e40dd1528406716bf6158aee618664f8bd5cd01289e1e410afda482364672472b003fd9b,,,,,,,,
921,7fbf4c95e3140e3dc38caf6b69156e7b0c31b692322f830bd453acafa852716c55556b85dab23eb2fcf7567541c68490442cf56fba72b2b29acffe250f110146,hindi_griffinlim_eval_final/fake_hindi_griffinlim/hindi_fake_0921.wav,0,5.616,-2.4088759422302246,3.104670763015747,rms_matched,False,0.0441179411682594,hindi,-2.8582630157470703,7fbf4c95e3140e3dc38caf6b69156e7b0c31b692322f830bd453acafa852716c55556b85dab23eb2fcf7567541c68490442cf56fba72b2b29acffe250f110146,0.0441179411682594,0.5202533456656048,0.2444327855031415,0.2327767169206933,0.0959264595095464,0.6574294567108154,5.616,7fbf4c95e3140e3dc38caf6b69156e7b0c31b692322f830bd453acafa852716c55556b85dab23eb2fcf7567541c68490442cf56fba72b2b29acffe250f110146,,,,,,,,
922,f7e4c76ee18115342ce951e969ae7be895523c1249240808025273db43ef06eff07f846de9b3a24d822ac09b3fcc9a6655535a3e0adb370bde8640f64560620b,hindi_griffinlim_eval_final/fake_hindi_griffinlim/hindi_fake_0922.wav,0,3.708,-4.664046287536621,5.545383453369141,peak_normalized,True,0.2118169153899207,hindi,-5.113433361053467,f7e4c76ee18115342ce951e969ae7be895523c1249240808025273db43ef06eff07f846de9b3a24d822ac09b3fcc9a6655535a3e0adb370bde8640f64560620b,0.2118169153899207,0.9687525232042912,0.0311941987807762,1.4589996497739504e-05,0.1730704035991956,0.990020751953125,3.696,f7e4c76ee18115342ce951e969ae7be895523c1249240808025273db43ef06eff07f846de9b3a24d822ac09b3fcc9a6655535a3e0adb370bde8640f64560620b,,,,,,,,
923,3f0b866ee8d4499e4c0de09d34862acbb1ea0139f53bf7f1271a8648fb35d9a3a31272a8bc7af870e3b52bf7f4cb51ae512fa07df79663eaeafa30221c0b200b,hindi_griffinlim_eval_final/fake_hindi_griffinlim/hindi_fake_0923.wav,0,4.788,-5.456029891967773,6.245175361633301,peak_normalized,True,0.3113374535965898,hindi,-5.905416965484619,3f0b866ee8d4499e4c0de09d34862acbb1ea0139f53bf7f1271a8648fb35d9a3a31272a8bc7af870e3b52bf7f4cb51ae512fa07df79663eaeafa30221c0b200b,0.3113374535965898,0.8612511283471399,0.0928477759967401,0.0458617804900905,0.1488112458789657,0.990020751953125,4.784,3f0b866ee8d4499e4c0de09d34862acbb1ea0139f53bf7f1271a8648fb35d9a3a31272a8bc7af870e3b52bf7f4cb51ae512fa07df79663eaeafa30221c0b200b,,,,,,,,
924,2f15fd7bc51b2ba02064a0da5d475e0d6fc67649859ea797ce166b32fbfcd6af3d56241cdaa9d7107918bf5979de4ab7e702c6f255f5f2cfb0d154e19d960b17,hindi_griffinlim_eval_final/fake_hindi_griffinlim/hindi_fake_0924.wav,0,4.824,-0.4045273661613464,0.946495532989502,rms_matched,False,0.0292389133613242,hindi,-0.8539144396781921,2f15fd7bc51b2ba02064a0da5d475e0d6fc67649859ea797ce166b32fbfcd6af3d56241cdaa9d7107918bf5979de4ab7e702c6f255f5f2cfb0d154e19d960b17,0.0292389133613242,0.3990420625804879,0.3065593348647802,0.2907017463715151,0.0615274249915447,0.3394291400909424,4.824,2f15fd7bc51b2ba02064a0da5d475e0d6fc67649859ea797ce166b32fbfcd6af3d56241cdaa9d7107918bf5979de4ab7e702c6f255f5f2cfb0d154e19d960b17,,,,,,,,
925,daa76944376a4ffb1588dd2a305c507bc1b8e14eafbbb1784aba0d0e901a3ceccaa5f1d84909bc13f2ff0ab6c7facb2ac2e487daed3470c7fe44022f33cd2a26,hindi_griffinlim_eval_final/fake_hindi_griffinlim/hindi_fake_0925.wav,0,4.14,-0.5967817306518555,1.0509835481643677,rms_matched,False,0.0347641312582575,hindi,-1.0461688041687012,daa76944376a4ffb1588dd2a305c507bc1b8e14eafbbb1784aba0d0e901a3ceccaa5f1d84909bc13f2ff0ab6c7facb2ac2e487daed3470c7fe44022f33cd2a26,0.0347641312582575,0.3531194482745604,0.3329069630665224,0.309888529863501,0.0534044368056754,0.3247580528259277,4.14,daa76944376a4ffb1588dd2a305c507bc1b8e14eafbbb1784aba0d0e901a3ceccaa5f1d84909bc13f2ff0ab6c7facb2ac2e487daed3470c7fe44022f33cd2a26,,,,,,,,
926,2f15fd7bc51b2ba02064a0da5d475e0d6fc67649859ea797ce166b32fbfcd6af3d56241cdaa9d7107918bf5979de4ab7e702c6f255f5f2cfb0d154e19d960b17,hindi_griffinlim_eval_final/fake_hindi_griffinlim/hindi_fake_0926.wav,0,4.536,-0.1971142888069152,0.1418005228042602,rms_matched,False,0.0398637725597156,hindi,-0.6465013623237609,2f15fd7bc51b2ba02064a0da5d475e0d6fc67649859ea797ce166b32fbfcd6af3d56241cdaa9d7107918bf5979de4ab7e702c6f255f5f2cfb0d154e19d960b17,0.0398637725597156,0.399399465146032,0.3084095444806703,0.2887013427633046,0.0596818414819697,0.3525238633155823,4.536,2f15fd7bc51b2ba02064a0da5d475e0d6fc67649859ea797ce166b32fbfcd6af3d56241cdaa9d7107918bf5979de4ab7e702c6f255f5f2cfb0d154e19d960b17,,,,,,,,
927,4f7f65a3c1d0ad3bc8c1b1b9d1f99a33e4785aac4a57bf5803876af5b7bd8c4d96f9ce70fa5d287f0aa26fa4aa86e8572fa595a5554dc71ae32d82496237da62,hindi_griffinlim_eval_final/fake_hindi_griffinlim/hindi_fake_0927.wav,0,3.504,4.893349170684815,-6.285233497619629,peak_normalized,True,0.2981567688380337,hindi,4.44396209716797,4f7f65a3c1d0ad3bc8c1b1b9d1f99a33e4785aac4a57bf5803876af5b7bd8c4d96f9ce70fa5d287f0aa26fa4aa86e8572fa595a5554dc71ae32d82496237da62,0.2981567688380337,0.8948870653378216,0.0981975992020013,0.0068799699198264,0.1593572247476737,0.990020751953125,3.504,4f7f65a3c1d0ad3bc8c1b1b9d1f99a33e4785aac4a57bf5803876af5b7bd8c4d96f9ce70fa5d287f0aa26fa4aa86e8572fa595a5554dc71ae32d82496237da62,,,,,,,,
928,a260ddbc5acffed848007a0a9ec6b79936f77999c825631f8f7eb91c11e3369d404de512eb961b464b0208a5da2d4a8cf154dba0a4d11010520e02dbf6039b2f,hindi_griffinlim_eval_final/fake_hindi_griffinlim/hindi_fake_0928.wav,0,5.76,-3.0353832244873047,3.994990587234497,rms_matched,False,0.0145563488235097,hindi,-3.4847702980041504,a260ddbc5acffed848007a0a9ec6b79936f77999c825631f8f7eb91c11e3369d404de512eb961b464b0208a5da2d4a8cf154dba0a4d11010520e02dbf6039b2f,0.0145563488235097,0.1993171959402659,0.6440165823145891,0.1545646894337971,0.0823643742320244,0.7206375002861023,5.76,a260ddbc5acffed848007a0a9ec6b79936f77999c825631f8f7eb91c11e3369d404de512eb961b464b0208a5da2d4a8cf154dba0a4d11010520e02dbf6039b2f,,,,,,,,
929,6cd8f602bf899de8fa9a30238cb461650682d47e62a5d12042ec213877ca4d9f7f83e3635c1374cddf16260688058dddb7ba7f5466c279dadd85e033038b6b08,hindi_griffinlim_eval_final/fake_hindi_griffinlim/hindi_fake_0929.wav,0,2.628,-0.992361545562744,1.4045580625534058,rms_matched,False,0.0242983217868616,hindi,-1.4417486190795898,6cd8f602bf899de8fa9a30238cb461650682d47e62a5d12042ec213877ca4d9f7f83e3635c1374cddf16260688058dddb7ba7f5466c279dadd85e033038b6b08,0.0242983217868616,0.3073023700431174,0.3903989133690052,0.298125871084712,0.052936845455084,0.2701833248138428,2.628,6cd8f602bf899de8fa9a30238cb461650682d47e62a5d12042ec213877ca4d9f7f83e3635c1374cddf16260688058dddb7ba7f5466c279dadd85e033038b6b08,,,,,,,,
930,ac38b13197dccd9b8389b7ea08fa62f18a0ad7549e1dcb0ac6d9a05f3c3cf0e1a38c50b32020c420310616620b70345d1c7ec60431e9af8f1dd471d271dd2c81,hindi_griffinlim_eval_final/fake_hindi_griffinlim/hindi_fake_0930.wav,0,3.336,-5.798821449279785,6.629183769226074,rms_matched,False,0.5111466941383187,hindi,-6.248208522796631,ac38b13197dccd9b8389b7ea08fa62f18a0ad7549e1dcb0ac6d9a05f3c3cf0e1a38c50b32020c420310616620b70345d1c7ec60431e9af8f1dd471d271dd2c81,0.5111466941383187,0.955820472875419,0.0399559809425095,0.0041795033458988,0.1566665955590391,0.990020751953125,3.328,ac38b13197dccd9b8389b7ea08fa62f18a0ad7549e1dcb0ac6d9a05f3c3cf0e1a38c50b32020c420310616620b70345d1c7ec60431e9af8f1dd471d271dd2c81,,,,,,,,
931,ecc7e59a32c148c0940caf49e33b11c6c9cbcd065d19c3a636df8798f9a2b79eec188e8b8ec5c0ba3212d762cde863f145957a01d44291181826e1579efbcf79,hindi_griffinlim_eval_final/fake_hindi_griffinlim/hindi_fake_0931.wav,0,7.344,6.900062084197998,-8.971977233886719,rms_matched,False,0.0116541485873195,hindi,6.450675010681152,ecc7e59a32c148c0940caf49e33b11c6c9cbcd065d19c3a636df8798f9a2b79eec188e8b8ec5c0ba3212d762cde863f145957a01d44291181826e1579efbcf79,0.0116541485873195,0.1810006481738001,0.4113570056162616,0.4023783796700436,0.0134441384151004,0.0695328712463378,7.344,ecc7e59a32c148c0940caf49e33b11c6c9cbcd065d19c3a636df8798f9a2b79eec188e8b8ec5c0ba3212d762cde863f145957a01d44291181826e1579efbcf79,,,,,,,,
932,40755351d14a54150898c5756a00e1c19d4099c2b7fca916bd7eb5967ce050c2fa3e5870250539857dbb1005de528c8a967e18a0f7dfd0dfce66024cc6a979c0,hindi_griffinlim_eval_final/fake_hindi_griffinlim/hindi_fake_0932.wav,0,6.66,-1.5644725561141968,2.041581630706787,rms_matched,False,0.1498895861554362,hindi,-2.0138596296310425,40755351d14a54150898c5756a00e1c19d4099c2b7fca916bd7eb5967ce050c2fa3e5870250539857dbb1005de528c8a967e18a0f7dfd0dfce66024cc6a979c0,0.1498895861554362,0.6510136731400076,0.1895797567391285,0.1572829019673682,0.1120144690350196,0.8408837914466858,6.66,40755351d14a54150898c5756a00e1c19d4099c2b7fca916bd7eb5967ce050c2fa3e5870250539857dbb1005de528c8a967e18a0f7dfd0dfce66024cc6a979c0,,,,,,,,
933,5a2a681a4af95b92777b6adcd74644a5291136b27678f3afb168b9ebcc348031ce19ae24e738331ee6e5e5e54f6c4c560d455f898f348ad11957ec799c28fe59,hindi_griffinlim_eval_final/fake_hindi_griffinlim/hindi_fake_0933.wav,0,4.896,-1.2537400722503662,1.7212213277816772,rms_matched,False,0.0265161368873229,hindi,-1.703127145767212,5a2a681a4af95b92777b6adcd74644a5291136b27678f3afb168b9ebcc348031ce19ae24e738331ee6e5e5e54f6c4c560d455f898f348ad11957ec799c28fe59,0.0265161368873229,0.4191682278408125,0.320152849996496,0.2576041679220783,0.0762652515508806,0.4638791680335998,4.896,5a2a681a4af95b92777b6adcd74644a5291136b27678f3afb168b9ebcc348031ce19ae24e738331ee6e5e5e54f6c4c560d455f898f348ad11957ec799c28fe59,,,,,,,,
934,369ad14c74f52ab1579e8df7c213c4d5982ddfbf5d67057d8ef5e11f88177dc8e428d628ff7610a25681bd43d33237d2c914c41097f20905142011a579a50612,hindi_griffinlim_eval_final/fake_hindi_griffinlim/hindi_fake_0934.wav,0,5.58,-0.2417719513177871,0.532758355140686,rms_matched,False,0.0600143665099364,hindi,-0.6911590248346328,369ad14c74f52ab1579e8df7c213c4d5982ddfbf5d67057d8ef5e11f88177dc8e428d628ff7610a25681bd43d33237d2c914c41097f20905142011a579a50612,0.0600143665099364,0.3264426083373656,0.375199082083679,0.2943434080337886,0.0503584191251504,0.44635009765625,5.58,369ad14c74f52ab1579e8df7c213c4d5982ddfbf5d67057d8ef5e11f88177dc8e428d628ff7610a25681bd43d33237d2c914c41097f20905142011a579a50612,,,,,,,,
935,369ad14c74f52ab1579e8df7c213c4d5982ddfbf5d67057d8ef5e11f88177dc8e428d628ff7610a25681bd43d33237d2c914c41097f20905142011a579a50612,hindi_griffinlim_eval_final/fake_hindi_griffinlim/hindi_fake_0935.wav,0,7.776,-0.3433057963848114,0.7140183448791504,rms_matched,False,0.0665014445476244,hindi,-0.7926928699016571,369ad14c74f52ab1579e8df7c213c4d5982ddfbf5d67057d8ef5e11f88177dc8e428d628ff7610a25681bd43d33237d2c914c41097f20905142011a579a50612,0.0665014445476244,0.3443518736659324,0.3523264329820423,0.2991522189619264,0.0500390367217196,0.5083551406860352,7.776,369ad14c74f52ab1579e8df7c213c4d5982ddfbf5d67057d8ef5e11f88177dc8e428d628ff7610a25681bd43d33237d2c914c41097f20905142011a579a50612,,,,,,,,
936,bbf090e6e283e4e37184a2e8d18c4e8b316a072a5565f942ab1fe209609ce93499859b1bc6b7111be2f33203c2746e5c37c57a3fcff52e9a7f38780d6fc39a26,hindi_griffinlim_eval_final/fake_hindi_griffinlim/hindi_fake_0936.wav,0,4.68,-0.3932961821556091,0.7660331726074219,rms_matched,False,0.0687789445206211,hindi,-0.8426832556724548,bbf090e6e283e4e37184a2e8d18c4e8b316a072a5565f942ab1fe209609ce93499859b1bc6b7111be2f33203c2746e5c37c57a3fcff52e9a7f38780d6fc39a26,0.0687789445206211,0.4035654618716306,0.3078041072756662,0.2848067311138473,0.0578262246134384,0.411382257938385,4.68,bbf090e6e283e4e37184a2e8d18c4e8b316a072a5565f942ab1fe209609ce93499859b1bc6b7111be2f33203c2746e5c37c57a3fcff52e9a7f38780d6fc39a26,,,,,,,,
937,4165462ba3028c7e25d5ff7abf7e81fe2d31ab129cfa039232a6753837447e299445e86cc1a94db3a8957d1cf55c3a1aaa96b297a0c75a814bc1a2df686daae8,hindi_griffinlim_eval_final/fake_hindi_griffinlim/hindi_fake_0937.wav,0,3.744,0.216364249587059,-0.7493026852607727,rms_matched,False,0.2252417978064378,hindi,-0.2330228239297867,4165462ba3028c7e25d5ff7abf7e81fe2d31ab129cfa039232a6753837447e299445e86cc1a94db3a8957d1cf55c3a1aaa96b297a0c75a814bc1a2df686daae8,0.2252417978064378,0.552537744491435,0.2529439452849613,0.1920317340646841,0.0928653669939577,0.7498680353164673,3.744,4165462ba3028c7e25d5ff7abf7e81fe2d31ab129cfa039232a6753837447e299445e86cc1a94db3a8957d1cf55c3a1aaa96b297a0c75a814bc1a2df686daae8,0.5004953601732166,0.2737940459234147,0.2257105939033686,0.7333650616166736,14.381911152293895,0.1632650371534237,0.426179617462064,0.5926525811710242
938,f4276b793d63656aa644af3755eec97ff45d8df43323576969e1722c9b9f099002febe4c6f3a9401ad2a7011623e315d775ae5c19f3901dfc9cb44d20a5c91df,hindi_griffinlim_eval_final/fake_hindi_griffinlim/hindi_fake_0938.wav,0,4.608,-0.5222735404968262,1.0955212116241455,rms_matched,False,0.163267115982494,hindi,-0.9716606140136719,f4276b793d63656aa644af3755eec97ff45d8df43323576969e1722c9b9f099002febe4c6f3a9401ad2a7011623e315d775ae5c19f3901dfc9cb44d20a5c91df,0.163267115982494,0.5250884091043295,0.250740920880272,0.2211406643794381,0.0888656401608133,0.7333873510360718,4.608,f4276b793d63656aa644af3755eec97ff45d8df43323576969e1722c9b9f099002febe4c6f3a9401ad2a7011623e315d775ae5c19f3901dfc9cb44d20a5c91df,,,,,,,,
939,4498fc8a02fdc71bd6238e7020b44ddb11b2922e44e1fda1ccc177f6d24c99b0ef8b526c40d48f44b73cf32a8138e49b9e0fc93e64be8c318d8b7b9f84870bfa,hindi_griffinlim_eval_final/fake_hindi_griffinlim/hindi_fake_0939.wav,0,7.848,-2.3547616004943848,3.225659370422364,rms_matched,False,0.0338262458532012,hindi,-2.8041486740112305,4498fc8a02fdc71bd6238e7020b44ddb11b2922e44e1fda1ccc177f6d24c99b0ef8b526c40d48f44b73cf32a8138e49b9e0fc93e64be8c318d8b7b9f84870bfa,0.0338262458532012,0.443616523637874,0.3773533178547971,0.1771856936453901,0.1078494149283441,0.915890634059906,7.848,4498fc8a02fdc71bd6238e7020b44ddb11b2922e44e1fda1ccc177f6d24c99b0ef8b526c40d48f44b73cf32a8138e49b9e0fc93e64be8c318d8b7b9f84870bfa,,,,,,,,
940,2312b0d85bd1eb1a017264abf770df086e10cec218cf1ab48b90f9d7f621d8ae8372b07338224060fcac6cfb337fcfcb6966c160942f9fcec4c67e7f5df44520,hindi_griffinlim_eval_final/fake_hindi_griffinlim/hindi_fake_0940.wav,0,4.608,-5.178556442260742,5.869897842407227,peak_normalized,True,0.0317502840145944,hindi,-5.627943515777588,2312b0d85bd1eb1a017264abf770df086e10cec218cf1ab48b90f9d7f621d8ae8372b07338224060fcac6cfb337fcfcb6966c160942f9fcec4c67e7f5df44520,0.0317502840145944,0.951813561769431,0.0406069534746052,0.007565679689356,0.1923755927846026,0.990020751953125,4.608,2312b0d85bd1eb1a017264abf770df086e10cec218cf1ab48b90f9d7f621d8ae8372b07338224060fcac6cfb337fcfcb6966c160942f9fcec4c67e7f5df44520,,,,,,,,
941,f1b62e5d3473776b945ef79fbad0a46a621fb136b143d7aeb75a7cb854ebe0807524eee04fe8d83b3311152dad97e341e18ed5b8981b3cf322fec4e0700894bb,hindi_griffinlim_eval_final/fake_hindi_griffinlim/hindi_fake_0941.wav,0,7.92,0.5698655843734741,-0.5289955139160156,rms_matched,False,0.0601828903897498,hindi,0.12047851085662842,f1b62e5d3473776b945ef79fbad0a46a621fb136b143d7aeb75a7cb854ebe0807524eee04fe8d83b3311152dad97e341e18ed5b8981b3cf322fec4e0700894bb,0.0601828903897498,0.4318743249544873,0.2429626448424247,0.3229828857419831,0.0938831609268892,0.9900000095367432,7.92,f1b62e5d3473776b945ef79fbad0a46a621fb136b143d7aeb75a7cb854ebe0807524eee04fe8d83b3311152dad97e341e18ed5b8981b3cf322fec4e0700894bb,,,,,,,,
942,ff8d1bfdc7d8be2fd275f506691f3ba70d9d60666488ab551bcbb76c3fe93c7cfaa703f465f40b60131807d73913eb37830221336b6803114df015fb7caed36e,hindi_griffinlim_eval_final/fake_hindi_griffinlim/hindi_fake_0942.wav,0,4.788,-2.312252759933472,2.899425745010376,rms_matched,False,0.0936873574593957,hindi,-2.761639833450318,ff8d1bfdc7d8be2fd275f506691f3ba70d9d60666488ab551bcbb76c3fe93c7cfaa703f465f40b60131807d73913eb37830221336b6803114df015fb7caed36e,0.0936873574593957,0.8861692466279454,0.0968158713246137,0.016965815376175,0.1706592486578203,0.990020751953125,4.784,ff8d1bfdc7d8be2fd275f506691f3ba70d9d60666488ab551bcbb76c3fe93c7cfaa703f465f40b60131807d73913eb37830221336b6803114df015fb7caed36e,,,,,,,,
943,8532ee1920f74cab963f7b2895f0b5d5519a8762bb1f3b742293915270928c8826003a955e9a9a092982572ddaceed20ff3eaedd2517aa8c4a3759585bfb5493,hindi_griffinlim_eval_final/fake_hindi_griffinlim/hindi_fake_0943.wav,0,5.436,-0.5158919095993042,1.0791891813278198,rms_matched,False,0.0811180284927598,hindi,-0.9652789831161499,8532ee1920f74cab963f7b2895f0b5d5519a8762bb1f3b742293915270928c8826003a955e9a9a092982572ddaceed20ff3eaedd2517aa8c4a3759585bfb5493,0.0811180284927598,0.3070996846591952,0.4491000595659158,0.2405263028757039,0.0632543854314794,0.6458519101142883,5.436,8532ee1920f74cab963f7b2895f0b5d5519a8762bb1f3b742293915270928c8826003a955e9a9a092982572ddaceed20ff3eaedd2517aa8c4a3759585bfb5493,,,,,,,,
944,fb9238da4a8e2de73d33aea159760300d3ec17f24329ad1fd35ab53c3d452ac1fa903c1488c73bf0daeb50763d260efbf7fcf79c1453a1558722a64e0a69afbe,hindi_griffinlim_eval_final/fake_hindi_griffinlim/hindi_fake_0944.wav,0,5.256,-0.3935407996177673,0.6177717447280884,rms_matched,False,0.0700161470633145,hindi,-0.842927873134613,fb9238da4a8e2de73d33aea159760300d3ec17f24329ad1fd35ab53c3d452ac1fa903c1488c73bf0daeb50763d260efbf7fcf79c1453a1558722a64e0a69afbe,0.0700161470633145,0.4195225039877055,0.3322404824205912,0.244955895332358,0.070341925407555,0.5401456356048584,5.256,fb9238da4a8e2de73d33aea159760300d3ec17f24329ad1fd35ab53c3d452ac1fa903c1488c73bf0daeb50763d260efbf7fcf79c1453a1558722a64e0a69afbe,,,,,,,,
945,0245f184ea5b6ed43fdf98061265386a868ff96b2566d123a88efdaaa7aeade1ce59fdd77595bf40a98fe15f578afaf6b4a2fbfbbf2a1e589d519238c07b799a,hindi_griffinlim_eval_final/fake_hindi_griffinlim/hindi_fake_0945.wav,0,5.22,-1.1276119947433472,1.7007447481155396,rms_matched,False,0.0366366301252997,hindi,-1.5769990682601929,0245f184ea5b6ed43fdf98061265386a868ff96b2566d123a88efdaaa7aeade1ce59fdd77595bf40a98fe15f578afaf6b4a2fbfbbf2a1e589d519238c07b799a,0.0366366301252997,0.3583376077410206,0.3416003382381137,0.2962634848685967,0.0527936366041378,0.3385003805160522,5.22,0245f184ea5b6ed43fdf98061265386a868ff96b2566d123a88efdaaa7aeade1ce59fdd77595bf40a98fe15f578afaf6b4a2fbfbbf2a1e589d519238c07b799a,,,,,,,,
946,424c16a8450e8b742c1380d9d38d919d880a36379e8c7e09126a2a8411022bc42cbae339c1d8dfd42695fb073ca783ed5e86b8a2531d11c4491259ab1378e445,hindi_griffinlim_eval_final/fake_hindi_griffinlim/hindi_fake_0946.wav,0,5.076,6.916072845458984,-9.017950057983398,rms_matched,False,0.0167960508735847,hindi,6.466685771942139,424c16a8450e8b742c1380d9d38d919d880a36379e8c7e09126a2a8411022bc42cbae339c1d8dfd42695fb073ca783ed5e86b8a2531d11c4491259ab1378e445,0.0167960508735847,0.1887187943195355,0.4124900629691961,0.3935841385700508,0.0160840185916617,0.0681312680244445,5.076,424c16a8450e8b742c1380d9d38d919d880a36379e8c7e09126a2a8411022bc42cbae339c1d8dfd42695fb073ca783ed5e86b8a2531d11c4491259ab1378e445,,,,,,,,
947,43dc11a5328c78dc9536527d6945245d5b3e371fdeea987ac538a30956eacc649639e2b09c28bf3ee4f4f764475880bb8f68a5cd20ef78800a664b72a86ffe58,hindi_griffinlim_eval_final/fake_hindi_griffinlim/hindi_fake_0947.wav,0,3.924,-5.314772129058838,6.068084239959717,rms_matched,False,0.1689828800389686,hindi,-5.764159202575684,43dc11a5328c78dc9536527d6945245d5b3e371fdeea987ac538a30956eacc649639e2b09c28bf3ee4f4f764475880bb8f68a5cd20ef78800a664b72a86ffe58,0.1689828800389686,0.547364026947148,0.2867796427274575,0.1637281651463845,0.099666115367991,0.7725293636322021,3.924,43dc11a5328c78dc9536527d6945245d5b3e371fdeea987ac538a30956eacc649639e2b09c28bf3ee4f4f764475880bb8f68a5cd20ef78800a664b72a86ffe58,,,,,,,,
948,72f877fac9bb314cc8a49f707222e440bdbf0011ca28657fa408f62c6b95ed4f617faa364554b0b0a75f4c74e6a1a745f376376bbadd8c8737f405f04bd49632,hindi_griffinlim_eval_final/fake_hindi_griffinlim/hindi_fake_0948.wav,0,5.58,-2.4669084548950195,3.3963522911071777,rms_matched,False,0.0178839555584986,hindi,-2.9162955284118652,72f877fac9bb314cc8a49f707222e440bdbf0011ca28657fa408f62c6b95ed4f617faa364554b0b0a75f4c74e6a1a745f376376bbadd8c8737f405f04bd49632,0.0178839555584986,0.4233905694295879,0.3893466734053194,0.1848480281318393,0.0936325075668242,0.5812332034111023,5.58,72f877fac9bb314cc8a49f707222e440bdbf0011ca28657fa408f62c6b95ed4f617faa364554b0b0a75f4c74e6a1a745f376376bbadd8c8737f405f04bd49632,0.3736401523973801,0.3874784353423042,0.2388814122603157,0.6911797675990512,14.552344589826545,0.1685788269630014,0.3911733104291168,0.540508039942343
949,f7e4c76ee18115342ce951e969ae7be895523c1249240808025273db43ef06eff07f846de9b3a24d822ac09b3fcc9a6655535a3e0adb370bde8640f64560620b,hindi_griffinlim_eval_final/fake_hindi_griffinlim/hindi_fake_0949.wav,0,5.868,-4.524002552032471,5.203959465026856,rms_matched,False,0.0705752495756839,hindi,-4.973389625549316,f7e4c76ee18115342ce951e969ae7be895523c1249240808025273db43ef06eff07f846de9b3a24d822ac09b3fcc9a6655535a3e0adb370bde8640f64560620b,0.0705752495756839,0.693564786145349,0.1713138986198571,0.1333098940938486,0.131713464632471,0.8623424172401428,5.868,f7e4c76ee18115342ce951e969ae7be895523c1249240808025273db43ef06eff07f846de9b3a24d822ac09b3fcc9a6655535a3e0adb370bde8640f64560620b,,,,,,,,
950,63293ff4cc67280b10da2df2fd2763db65ca8493af191e121605b45457373b9d2f7d073324125f2ec4d3d5aa138903f3532048b49083306757421a463dcad13b,hindi_griffinlim_eval_final/fake_hindi_griffinlim/hindi_fake_0950.wav,0,6.66,-2.226499080657959,2.953280210494995,peak_normalized,True,0.1622971173608205,hindi,-2.6758861541748047,63293ff4cc67280b10da2df2fd2763db65ca8493af191e121605b45457373b9d2f7d073324125f2ec4d3d5aa138903f3532048b49083306757421a463dcad13b,0.1622971173608205,0.8193070762369052,0.1646049983750958,0.0160670245793613,0.1514430430396485,0.990020751953125,6.656,63293ff4cc67280b10da2df2fd2763db65ca8493af191e121605b45457373b9d2f7d073324125f2ec4d3d5aa138903f3532048b49083306757421a463dcad13b,,,,,,,,
951,621e009fa43e75aecd867db6acd010a1a280b1faeb916e3a5e1a0bf8346fd32406c7ac120765bc592bf0484fcc239c756ead9625c64f9c6b3e9210bdf698995c,hindi_griffinlim_eval_final/fake_hindi_griffinlim/hindi_fake_0951.wav,0,4.68,-0.5156803727149963,0.9954364895820618,rms_matched,False,0.0272682578499315,hindi,-0.965067446231842,621e009fa43e75aecd867db6acd010a1a280b1faeb916e3a5e1a0bf8346fd32406c7ac120765bc592bf0484fcc239c756ead9625c64f9c6b3e9210bdf698995c,0.0272682578499315,0.3448086289077109,0.3438025876848664,0.3073990643366918,0.0516138833615648,0.2890681624412536,4.68,621e009fa43e75aecd867db6acd010a1a280b1faeb916e3a5e1a0bf8346fd32406c7ac120765bc592bf0484fcc239c756ead9625c64f9c6b3e9210bdf698995c,,,,,,,,
952,ac38b13197dccd9b8389b7ea08fa62f18a0ad7549e1dcb0ac6d9a05f3c3cf0e1a38c50b32020c420310616620b70345d1c7ec60431e9af8f1dd471d271dd2c81,hindi_griffinlim_eval_final/fake_hindi_griffinlim/hindi_fake_0952.wav,0,3.744,-3.0011208057403564,3.839321613311768,rms_matched,False,0.0542908149590856,hindi,-3.450507879257202,ac38b13197dccd9b8389b7ea08fa62f18a0ad7549e1dcb0ac6d9a05f3c3cf0e1a38c50b32020c420310616620b70345d1c7ec60431e9af8f1dd471d271dd2c81,0.0542908149590856,0.5981842099480817,0.2485625375456611,0.1516119837044057,0.1280015491060326,0.8663451075553894,3.744,ac38b13197dccd9b8389b7ea08fa62f18a0ad7549e1dcb0ac6d9a05f3c3cf0e1a38c50b32020c420310616620b70345d1c7ec60431e9af8f1dd471d271dd2c81,,,,,,,,
953,345ead41094d4bf4aae58398d87ab219b6ffd948dd640a1a2a4da43e2522343c539d11a27052a9cca1014b590e440971db0710852df02639dc9f3d304469aaca,hindi_griffinlim_eval_final/fake_hindi_griffinlim/hindi_fake_0953.wav,0,2.808,-3.416635036468506,4.2866692543029785,rms_matched,False,0.0162874009751992,hindi,-3.8660221099853516,345ead41094d4bf4aae58398d87ab219b6ffd948dd640a1a2a4da43e2522343c539d11a27052a9cca1014b590e440971db0710852df02639dc9f3d304469aaca,0.0162874009751992,0.4310687015819828,0.4014229313898839,0.1654652012633082,0.1025194230921008,0.5654551386833191,2.808,345ead41094d4bf4aae58398d87ab219b6ffd948dd640a1a2a4da43e2522343c539d11a27052a9cca1014b590e440971db0710852df02639dc9f3d304469aaca,,,,,,,,
954,ae1ae84ba2341eb4c7c3fa47026ddc0b784387b58fa28c0a69f32c966e590141de3da70921c65c3477fb49575fab03213843d087f177422adb685978ca5c4b13,hindi_griffinlim_eval_final/fake_hindi_griffinlim/hindi_fake_0954.wav,0,6.372,0.1242066025733947,-0.1734184622764587,rms_matched,False,0.039067621666872,hindi,-0.325180470943451,ae1ae84ba2341eb4c7c3fa47026ddc0b784387b58fa28c0a69f32c966e590141de3da70921c65c3477fb49575fab03213843d087f177422adb685978ca5c4b13,0.039067621666872,0.4387439439580199,0.2822107868951459,0.2753572844311827,0.0648743015023216,0.4054948687553406,6.372,ae1ae84ba2341eb4c7c3fa47026ddc0b784387b58fa28c0a69f32c966e590141de3da70921c65c3477fb49575fab03213843d087f177422adb685978ca5c4b13,,,,,,,,
955,dbe55388d2e8bae8e64412f527e29fa3691a1c13adcaa6b80313b3e475d2df28d0428a6151d9cd42018d943718c830d69a80c5bf8a6a88200e4c6ba36ad6a748,hindi_griffinlim_eval_final/fake_hindi_griffinlim/hindi_fake_0955.wav,0,7.176,-1.977476954460144,2.702071189880371,rms_matched,False,0.0437757103374548,hindi,-2.4268640279769897,dbe55388d2e8bae8e64412f527e29fa3691a1c13adcaa6b80313b3e475d2df28d0428a6151d9cd42018d943718c830d69a80c5bf8a6a88200e4c6ba36ad6a748,0.0437757103374548,0.4426354418750862,0.2953627899071296,0.2584819446638562,0.0665353289006585,0.4501771926879883,7.176,dbe55388d2e8bae8e64412f527e29fa3691a1c13adcaa6b80313b3e475d2df28d0428a6151d9cd42018d943718c830d69a80c5bf8a6a88200e4c6ba36ad6a748,,,,,,,,
956,d70eec2d8533e3a33d9b86756515c60f981b91fec38baaad39f756259fc08103cb6a12f82c2cc01189e8c8558b9ca80d52fc0cd6ebe18cab27de267929b51584,hindi_griffinlim_eval_final/fake_hindi_griffinlim/hindi_fake_0956.wav,0,4.176,-2.0657217502593994,2.9215712547302246,rms_matched,False,0.1024360273542102,hindi,-2.515108823776245,d70eec2d8533e3a33d9b86756515c60f981b91fec38baaad39f756259fc08103cb6a12f82c2cc01189e8c8558b9ca80d52fc0cd6ebe18cab27de267929b51584,0.1024360273542102,0.557616818689579,0.2113795077029808,0.2288437576380712,0.1049149204248259,0.8137431740760803,4.176,d70eec2d8533e3a33d9b86756515c60f981b91fec38baaad39f756259fc08103cb6a12f82c2cc01189e8c8558b9ca80d52fc0cd6ebe18cab27de267929b51584,,,,,,,,
957,c3b879809a9ebf0d819103be644fbf3fee1c8cafd1e2c2f905c8d6d5c2497bcd47b0cb932bb4106b5729479e89ca660253ad1158181c72462d1ce0499047db90,hindi_griffinlim_eval_final/fake_hindi_griffinlim/hindi_fake_0957.wav,0,3.096,-4.408356189727783,5.03421688079834,rms_matched,False,0.0022785576722607,hindi,-4.857743263244629,c3b879809a9ebf0d819103be644fbf3fee1c8cafd1e2c2f905c8d6d5c2497bcd47b0cb932bb4106b5729479e89ca660253ad1158181c72462d1ce0499047db90,0.0022785576722607,0.9996617002851164,0.000284932901895,2.93574740533022e-05,0.2252471107159964,0.890869140625,3.088,c3b879809a9ebf0d819103be644fbf3fee1c8cafd1e2c2f905c8d6d5c2497bcd47b0cb932bb4106b5729479e89ca660253ad1158181c72462d1ce0499047db90,,,,,,,,
958,d5880664e0b201cf24b4972ea9890b801afe05af05cd4302d95952f06934198872328efbf6eb11bf51e169d4c62a0e8756088bbe001fc353a9b6d080ed9ee3dc,hindi_griffinlim_eval_final/fake_hindi_griffinlim/hindi_fake_0958.wav,0,4.392,-3.669177055358887,4.541259765625,rms_matched,False,0.0904436884887965,hindi,-4.118564128875732,d5880664e0b201cf24b4972ea9890b801afe05af05cd4302d95952f06934198872328efbf6eb11bf51e169d4c62a0e8756088bbe001fc353a9b6d080ed9ee3dc,0.0904436884887965,0.5257671977722947,0.2855020355255921,0.1863040936070406,0.0956386528560678,0.6770110130310059,4.392,d5880664e0b201cf24b4972ea9890b801afe05af05cd4302d95952f06934198872328efbf6eb11bf51e169d4c62a0e8756088bbe001fc353a9b6d080ed9ee3dc,,,,,,,,
959,0d095340640de1eed083de79682cd69d43729d60e08c0a6819dd49b8f15d143165cd66c8061dffa3ce372d4356c10e0bc5cc1a3a224cbe7e1cfeca4c5cfb413d,hindi_griffinlim_eval_final/fake_hindi_griffinlim/hindi_fake_0959.wav,0,5.328,4.564096450805664,-5.5963335037231445,rms_matched,False,0.0209584744333471,hindi,4.114709377288818,0d095340640de1eed083de79682cd69d43729d60e08c0a6819dd49b8f15d143165cd66c8061dffa3ce372d4356c10e0bc5cc1a3a224cbe7e1cfeca4c5cfb413d,0.0209584744333471,0.3468934281214484,0.3425353104923237,0.3064382490043341,0.0499609931220632,0.2408248782157898,5.328,0d095340640de1eed083de79682cd69d43729d60e08c0a6819dd49b8f15d143165cd66c8061dffa3ce372d4356c10e0bc5cc1a3a224cbe7e1cfeca4c5cfb413d,,,,,,,,
960,ff8f23f061245d69de7cccf1ee33e0ebd713c56e08f5a4a2f4732746be391af221f711cf9aee47cf8cc4c6402985c5231bff4ac03eaaa1e1a1cef4e1cdaf2936,hindi_griffinlim_eval_final/fake_hindi_griffinlim/hindi_fake_0960.wav,0,3.348,-4.228263378143311,5.072124004364014,rms_matched,False,0.0584742612192807,hindi,-4.677650451660157,ff8f23f061245d69de7cccf1ee33e0ebd713c56e08f5a4a2f4732746be391af221f711cf9aee47cf8cc4c6402985c5231bff4ac03eaaa1e1a1cef4e1cdaf2936,0.0584742612192807,0.366852473004122,0.3824276022783456,0.247588911531423,0.0693075323948304,0.5183993577957153,3.348,ff8f23f061245d69de7cccf1ee33e0ebd713c56e08f5a4a2f4732746be391af221f711cf9aee47cf8cc4c6402985c5231bff4ac03eaaa1e1a1cef4e1cdaf2936,,,,,,,,
961,b9854a362f9f2796f98c3105310553f5d5b1d2aea5f247080a0d9ab5d329ac51e5e519bad74bd68b022867bb103a42741c9523a32ce80c3a4ac8ed64c4bde957,hindi_griffinlim_eval_final/fake_hindi_griffinlim/hindi_fake_0961.wav,0,4.416,-0.2868351936340332,0.8028075695037842,rms_matched,False,0.0120453773036611,hindi,-0.7362222671508789,b9854a362f9f2796f98c3105310553f5d5b1d2aea5f247080a0d9ab5d329ac51e5e519bad74bd68b022867bb103a42741c9523a32ce80c3a4ac8ed64c4bde957,0.0120453773036611,0.3423807644526345,0.3183576062295743,0.3362249412559333,0.0653194336822847,0.3730803728103637,4.416,b9854a362f9f2796f98c3105310553f5d5b1d2aea5f247080a0d9ab5d329ac51e5e519bad74bd68b022867bb103a42741c9523a32ce80c3a4ac8ed64c4bde957,0.3378333513537576,0.3294476023802187,0.3327190462660235,0.7099291569590005,14.460154816425831,0.1733632867316851,0.4115226720311239,0.5643417302361364
962,f59a2dc4d475bfb45d9b9628faa8b0e53570d46a05fd85dd8542559975c8cd75bf87c02f557d7ecd3e4eda2872a7e4a57adc699bc30e819c9e5c1c9e520cd02b,hindi_griffinlim_eval_final/fake_hindi_griffinlim/hindi_fake_0962.wav,0,6.3,4.507279872894287,-5.594020843505859,rms_matched,False,0.0177076034463724,hindi,4.057892799377441,f59a2dc4d475bfb45d9b9628faa8b0e53570d46a05fd85dd8542559975c8cd75bf87c02f557d7ecd3e4eda2872a7e4a57adc699bc30e819c9e5c1c9e520cd02b,0.0177076034463724,0.3352754450757858,0.339266637361356,0.3211441349793333,0.0477746291917073,0.2491069436073303,6.3,f59a2dc4d475bfb45d9b9628faa8b0e53570d46a05fd85dd8542559975c8cd75bf87c02f557d7ecd3e4eda2872a7e4a57adc699bc30e819c9e5c1c9e520cd02b,,,,,,,,
963,8a05ca02926d437b43ff4cc21925621fc16dbeaf8e35977e8c6f5da4d29494951203f52e20050d365fe263f76336e15d23cf8d1f0c0514c9fd900f7d92b108a1,hindi_griffinlim_eval_final/fake_hindi_griffinlim/hindi_fake_0963.wav,0,5.688,1.6043599843978882,-2.0615668296813965,rms_matched,False,0.0393646682130529,hindi,1.1549729108810425,8a05ca02926d437b43ff4cc21925621fc16dbeaf8e35977e8c6f5da4d29494951203f52e20050d365fe263f76336e15d23cf8d1f0c0514c9fd900f7d92b108a1,0.0393646682130529,0.369367417112095,0.3372018706593458,0.2896810956559195,0.0547255750642389,0.3682063817977905,5.688,8a05ca02926d437b43ff4cc21925621fc16dbeaf8e35977e8c6f5da4d29494951203f52e20050d365fe263f76336e15d23cf8d1f0c0514c9fd900f7d92b108a1,,,,,,,,
964,eb0cf518c980fbaafc44b52459e6edc777cf01758412dc63e1de49438b83b2d292941510deee22dd7111854884991b9e9fc276183f07dc59d4a6c8174d8da2dd,hindi_griffinlim_eval_final/fake_hindi_griffinlim/hindi_fake_0964.wav,0,2.844,-4.072090148925781,4.837764263153076,rms_matched,False,0.0313021225130039,hindi,-4.521477222442627,eb0cf518c980fbaafc44b52459e6edc777cf01758412dc63e1de49438b83b2d292941510deee22dd7111854884991b9e9fc276183f07dc59d4a6c8174d8da2dd,0.0313021225130039,0.5886472373232112,0.2250227140319461,0.1847942155170256,0.1251121350136504,0.7558751702308655,2.844,eb0cf518c980fbaafc44b52459e6edc777cf01758412dc63e1de49438b83b2d292941510deee22dd7111854884991b9e9fc276183f07dc59d4a6c8174d8da2dd,,,,,,,,
965,74751bae9cd9bc9a9c005dce39ee035a3d1a201afb6bc83523226793b7fa2526d2c29ccebaaee7bcc6af9949646ae1bde77eade6fcec218564391c06e0ec86d3,hindi_griffinlim_eval_final/fake_hindi_griffinlim/hindi_fake_0965.wav,0,6.156,-0.0585346035659313,0.0409354865550994,rms_matched,False,0.0236973050013767,hindi,-0.507921677082777,74751bae9cd9bc9a9c005dce39ee035a3d1a201afb6bc83523226793b7fa2526d2c29ccebaaee7bcc6af9949646ae1bde77eade6fcec218564391c06e0ec86d3,0.0236973050013767,0.3623592441396501,0.3281516034060522,0.305409663987343,0.0527232193146528,0.3006742000579834,6.156,74751bae9cd9bc9a9c005dce39ee035a3d1a201afb6bc83523226793b7fa2526d2c29ccebaaee7bcc6af9949646ae1bde77eade6fcec218564391c06e0ec86d3,,,,,,,,
966,f59a2dc4d475bfb45d9b9628faa8b0e53570d46a05fd85dd8542559975c8cd75bf87c02f557d7ecd3e4eda2872a7e4a57adc699bc30e819c9e5c1c9e520cd02b,hindi_griffinlim_eval_final/fake_hindi_griffinlim/hindi_fake_0966.wav,0,4.356,0.195224180817604,-0.1376307904720306,rms_matched,False,0.0620384376776678,hindi,-0.2541628926992417,f59a2dc4d475bfb45d9b9628faa8b0e53570d46a05fd85dd8542559975c8cd75bf87c02f557d7ecd3e4eda2872a7e4a57adc699bc30e819c9e5c1c9e520cd02b,0.0620384376776678,0.4258975825528379,0.2988408781347296,0.2715755172954159,0.0644672090283815,0.4261652827262878,4.356,f59a2dc4d475bfb45d9b9628faa8b0e53570d46a05fd85dd8542559975c8cd75bf87c02f557d7ecd3e4eda2872a7e4a57adc699bc30e819c9e5c1c9e520cd02b,0.407677289703279,0.3101678894565681,0.2821548208401528,0.699679479190966,14.509507338429191,0.1711586430854879,0.4033784931045731,0.5532965739246339
967,b69e010df6113e5d308dc62955e0f00639179e3f7074a50ff065d102adab88d624810f4c5bb6e59977dd65ba69bdff66ff08dc72ff47bd0dbd8dace3e3c392d7,hindi_griffinlim_eval_final/fake_hindi_griffinlim/hindi_fake_0967.wav,0,3.276,2.744805335998535,-3.4283576011657715,rms_matched,False,0.0465228344851438,hindi,2.2954182624816895,b69e010df6113e5d308dc62955e0f00639179e3f7074a50ff065d102adab88d624810f4c5bb6e59977dd65ba69bdff66ff08dc72ff47bd0dbd8dace3e3c392d7,0.0465228344851438,0.2833741582979995,0.3622388735033196,0.3497076502652905,0.034839016421214,0.2384461760520935,3.276,b69e010df6113e5d308dc62955e0f00639179e3f7074a50ff065d102adab88d624810f4c5bb6e59977dd65ba69bdff66ff08dc72ff47bd0dbd8dace3e3c392d7,,,,,,,,
968,0296590f079d0307e6a54bed03a9a137e124eae99c566ac40f5e14ff6f07084af6f1b3c11b51c8910d774cc6ae571696c616838249c2e12fe64eae03221496c8,hindi_griffinlim_eval_final/fake_hindi_griffinlim/hindi_fake_0968.wav,0,6.408,5.764822959899902,-7.49111795425415,rms_matched,False,0.0163832466816448,hindi,5.315435886383057,0296590f079d0307e6a54bed03a9a137e124eae99c566ac40f5e14ff6f07084af6f1b3c11b51c8910d774cc6ae571696c616838249c2e12fe64eae03221496c8,0.0163832466816448,0.2364593734178925,0.3883700573245477,0.3702216700921457,0.0279934042584095,0.1732701063156128,6.408,0296590f079d0307e6a54bed03a9a137e124eae99c566ac40f5e14ff6f07084af6f1b3c11b51c8910d774cc6ae571696c616838249c2e12fe64eae03221496c8,,,,,,,,
969,3cc689cef88ce2eef03fd3065b6ad230f3510ced585ce0ed79f637bea2ddf7ab025d93e97a52c579d31d186f0512b29153286885b7c54221a569102a68dec661,hindi_griffinlim_eval_final/fake_hindi_griffinlim/hindi_fake_0969.wav,0,3.924,5.4737629890441895,-6.904386043548584,rms_matched,False,0.1316766621153889,hindi,5.024375915527344,3cc689cef88ce2eef03fd3065b6ad230f3510ced585ce0ed79f637bea2ddf7ab025d93e97a52c579d31d186f0512b29153286885b7c54221a569102a68dec661,0.1316766621153889,0.3456945332431382,0.4138687814907346,0.2373134079373567,0.0657522859280898,0.6515162587165833,3.924,3cc689cef88ce2eef03fd3065b6ad230f3510ced585ce0ed79f637bea2ddf7ab025d93e97a52c579d31d186f0512b29153286885b7c54221a569102a68dec661,,,,,,,,
970,aff2956ed66065c2040906c6e11253e54ffc0b308716a128efaa77f3d6e3556995079d82c9e63b19a0ab8b910eee082f68314b87acfd5c070341b6b9e1bda5bf,hindi_griffinlim_eval_final/fake_hindi_griffinlim/hindi_fake_0970.wav,0,7.128,0.8263970613479614,-1.1422889232635498,rms_matched,False,0.049337657615426,hindi,0.3770099878311157,aff2956ed66065c2040906c6e11253e54ffc0b308716a128efaa77f3d6e3556995079d82c9e63b19a0ab8b910eee082f68314b87acfd5c070341b6b9e1bda5bf,0.049337657615426,0.5116777873803956,0.2412817427536095,0.2441448718885215,0.0828715390840486,0.570685625076294,7.128,aff2956ed66065c2040906c6e11253e54ffc0b308716a128efaa77f3d6e3556995079d82c9e63b19a0ab8b910eee082f68314b87acfd5c070341b6b9e1bda5bf,,,,,,,,
971,ec78af2b863dab21a727f2ae9acf3ca8000403bcaaa82e800686048efeb2dcd359c7afd61fc63ea272d52e127546ccc8650a9df372bdb8f30a4df59e828cc263,hindi_griffinlim_eval_final/fake_hindi_griffinlim/hindi_fake_0971.wav,0,5.724,5.556188583374023,-7.112161636352539,rms_matched,False,0.0139734734117403,hindi,5.106801509857178,ec78af2b863dab21a727f2ae9acf3ca8000403bcaaa82e800686048efeb2dcd359c7afd61fc63ea272d52e127546ccc8650a9df372bdb8f30a4df59e828cc263,0.0139734734117403,0.2622102238760626,0.3993961022801923,0.3340969309926894,0.0400028102469397,0.2135399580001831,5.724,ec78af2b863dab21a727f2ae9acf3ca8000403bcaaa82e800686048efeb2dcd359c7afd61fc63ea272d52e127546ccc8650a9df372bdb8f30a4df59e828cc263,,,,,,,,
972,40755351d14a54150898c5756a00e1c19d4099c2b7fca916bd7eb5967ce050c2fa3e5870250539857dbb1005de528c8a967e18a0f7dfd0dfce66024cc6a979c0,hindi_griffinlim_eval_final/fake_hindi_griffinlim/hindi_fake_0972.wav,0,7.2,-1.4023164510726929,1.999828577041626,rms_matched,False,0.1857660802328071,hindi,-1.8517035245895386,40755351d14a54150898c5756a00e1c19d4099c2b7fca916bd7eb5967ce050c2fa3e5870250539857dbb1005de528c8a967e18a0f7dfd0dfce66024cc6a979c0,0.1857660802328071,0.5548845645783242,0.2381739646728384,0.2041980582816703,0.0879429185984704,0.7666638493537903,7.2,40755351d14a54150898c5756a00e1c19d4099c2b7fca916bd7eb5967ce050c2fa3e5870250539857dbb1005de528c8a967e18a0f7dfd0dfce66024cc6a979c0,,,,,,,,
973,755950c6eb4b91d87a8d62458e27e794e08783fbb4e47b61730e21bb685a9d3634dab0401114292ec8b3d3a282e0248c34c8868056fdb057716c14ae2b9844fc,hindi_griffinlim_eval_final/fake_hindi_griffinlim/hindi_fake_0973.wav,0,3.24,-0.7862578630447388,1.1694767475128174,rms_matched,False,0.2321242307638488,hindi,-1.2356449365615845,755950c6eb4b91d87a8d62458e27e794e08783fbb4e47b61730e21bb685a9d3634dab0401114292ec8b3d3a282e0248c34c8868056fdb057716c14ae2b9844fc,0.2321242307638488,0.7013967391603806,0.1786995762781907,0.1183167527150705,0.1335087874482924,0.9900000095367432,3.24,755950c6eb4b91d87a8d62458e27e794e08783fbb4e47b61730e21bb685a9d3634dab0401114292ec8b3d3a282e0248c34c8868056fdb057716c14ae2b9844fc,,,,,,,,
974,c23750233f36c49e4bd285f7ea96c015a9c0fa1055cc2e3ee658ab3d0c7bb39963cc35135c8a024638d1789f2cbdc707f40441d5f6a13cf69e31d9abae8a130a,hindi_griffinlim_eval_final/fake_hindi_griffinlim/hindi_fake_0974.wav,0,3.852,-2.576176404953003,3.4818873405456543,rms_matched,False,0.0215389510792457,hindi,-3.0255634784698486,c23750233f36c49e4bd285f7ea96c015a9c0fa1055cc2e3ee658ab3d0c7bb39963cc35135c8a024638d1789f2cbdc707f40441d5f6a13cf69e31d9abae8a130a,0.0215389510792457,0.5052977434375578,0.2551930780515359,0.2374951700982276,0.1129591128529979,0.7466005086898804,3.852,c23750233f36c49e4bd285f7ea96c015a9c0fa1055cc2e3ee658ab3d0c7bb39963cc35135c8a024638d1789f2cbdc707f40441d5f6a13cf69e31d9abae8a130a,,,,,,,,
975,0303022c144407f09d8f97be16ba6f2c41ac249e162b24f7d213f0c8a10c4235a4dbd0f53c4d6bcd674ea939898fa29d241a0c183c8f8b5963f55ea5a5327379,hindi_griffinlim_eval_final/fake_hindi_griffinlim/hindi_fake_0975.wav,0,7.776,5.619208335876465,-7.212201118469238,rms_matched,False,0.0170639800925735,hindi,5.169821262359619,0303022c144407f09d8f97be16ba6f2c41ac249e162b24f7d213f0c8a10c4235a4dbd0f53c4d6bcd674ea939898fa29d241a0c183c8f8b5963f55ea5a5327379,0.0170639800925735,0.2567253448215795,0.3647225370529373,0.3740167471521946,0.038108465226849,0.3369377851486206,7.776,0303022c144407f09d8f97be16ba6f2c41ac249e162b24f7d213f0c8a10c4235a4dbd0f53c4d6bcd674ea939898fa29d241a0c183c8f8b5963f55ea5a5327379,,,,,,,,
976,6df495560d58f0f6ac6a60905c9b76afb803f720f6913f4f0e246101dd900d31c97c6001ddf9ee67cffbb1ab614040fa6b58ede138962cc22a3a073e93ae7f2a,hindi_griffinlim_eval_final/fake_hindi_griffinlim/hindi_fake_0976.wav,0,6.768,2.12213134765625,-2.622230291366577,rms_matched,False,0.0216335995591245,hindi,1.6727442741394043,6df495560d58f0f6ac6a60905c9b76afb803f720f6913f4f0e246101dd900d31c97c6001ddf9ee67cffbb1ab614040fa6b58ede138962cc22a3a073e93ae7f2a,0.0216335995591245,0.3150060535376464,0.3543707908551148,0.3262952178761024,0.0453832790113564,0.3009714484214782,6.768,6df495560d58f0f6ac6a60905c9b76afb803f720f6913f4f0e246101dd900d31c97c6001ddf9ee67cffbb1ab614040fa6b58ede138962cc22a3a073e93ae7f2a,,,,,,,,
977,c61dfdcb5c80424483b0d50a3dfa425610d6b7850a341571bd0e34c8a4d96fd3e8c53d963dd19f7a44a40cde8c84d2e0ac7043114c9f70604f378dcb27a96199,hindi_griffinlim_eval_final/fake_hindi_griffinlim/hindi_fake_0977.wav,0,5.688,5.565803527832031,-7.002186298370361,rms_matched,False,0.056016883566918,hindi,5.1164164543151855,c61dfdcb5c80424483b0d50a3dfa425610d6b7850a341571bd0e34c8a4d96fd3e8c53d963dd19f7a44a40cde8c84d2e0ac7043114c9f70604f378dcb27a96199,0.056016883566918,0.300861966231119,0.2916285404299136,0.4037695350754486,0.0545063579933594,0.649689793586731,5.688,c61dfdcb5c80424483b0d50a3dfa425610d6b7850a341571bd0e34c8a4d96fd3e8c53d963dd19f7a44a40cde8c84d2e0ac7043114c9f70604f378dcb27a96199,,,,,,,,
978,be10029504aaa30796d27938620d08189f19a31701c9f552f60c99eff87dddfbf804efc53af08d2670685aeaeeb295c9f3326c85b8127b0ad0d1232f03bc1781,hindi_griffinlim_eval_final/fake_hindi_griffinlim/hindi_fake_0978.wav,0,7.128,0.8379325866699219,-1.2537736892700195,rms_matched,False,0.0475430635421012,hindi,0.38854551315307617,be10029504aaa30796d27938620d08189f19a31701c9f552f60c99eff87dddfbf804efc53af08d2670685aeaeeb295c9f3326c85b8127b0ad0d1232f03bc1781,0.0475430635421012,0.4437119719625458,0.3318420295491164,0.2214126224149261,0.0799550515749413,0.6076620221138,7.128,be10029504aaa30796d27938620d08189f19a31701c9f552f60c99eff87dddfbf804efc53af08d2670685aeaeeb295c9f3326c85b8127b0ad0d1232f03bc1781,,,,,,,,
979,9492b0374bde3e9f6b0f2910f764eb837b8a3c261e9705422378ca4e59d7e977df84518e2169c11a238bf11cbd8477391bc51fdcf9134ad8216402b0cd5c37c6,hindi_griffinlim_eval_final/fake_hindi_griffinlim/hindi_fake_0979.wav,0,6.948,-0.5715973973274231,1.090118646621704,rms_matched,False,0.0154032990872641,hindi,-1.0209844708442688,9492b0374bde3e9f6b0f2910f764eb837b8a3c261e9705422378ca4e59d7e977df84518e2169c11a238bf11cbd8477391bc51fdcf9134ad8216402b0cd5c37c6,0.0154032990872641,0.2726211704525569,0.4016723715325131,0.3213585456608919,0.0433885618208025,0.2865768074989319,6.948,9492b0374bde3e9f6b0f2910f764eb837b8a3c261e9705422378ca4e59d7e977df84518e2169c11a238bf11cbd8477391bc51fdcf9134ad8216402b0cd5c37c6,,,,,,,,
980,d192fd4bb779d1c8e5006b02b4b82bfaa138fb6144943652fd48c408f1aff082c598289da03fd50a9cabc570d0eb2df77146a3f27445d5e239a24fe016386fed,hindi_griffinlim_eval_final/fake_hindi_griffinlim/hindi_fake_0980.wav,0,7.74,5.976006031036377,-7.749089241027832,rms_matched,False,0.012464770524969,hindi,5.526618957519531,d192fd4bb779d1c8e5006b02b4b82bfaa138fb6144943652fd48c408f1aff082c598289da03fd50a9cabc570d0eb2df77146a3f27445d5e239a24fe016386fed,0.012464770524969,0.244350609081606,0.3849770501768616,0.3657800101560212,0.0293526734496305,0.1754076480865478,7.74,d192fd4bb779d1c8e5006b02b4b82bfaa138fb6144943652fd48c408f1aff082c598289da03fd50a9cabc570d0eb2df77146a3f27445d5e239a24fe016386fed,,,,,,,,
981,f6205d298cf73f58f9a8b6143306057cb6cb0a2afc8d9c1963994c402ace8e45853577ae85659c63894301de4054de938d5b045251b6051e1c0766949d3a0ed1,hindi_griffinlim_eval_final/fake_hindi_griffinlim/hindi_fake_0981.wav,0,5.508,0.1324417889118194,-0.6295451521873474,rms_matched,False,0.1906176950625673,hindi,-0.3169452846050263,f6205d298cf73f58f9a8b6143306057cb6cb0a2afc8d9c1963994c402ace8e45853577ae85659c63894301de4054de938d5b045251b6051e1c0766949d3a0ed1,0.1906176950625673,0.6121075370886997,0.221050204303627,0.1646426203904096,0.112526080611779,0.9242693781852722,5.508,f6205d298cf73f58f9a8b6143306057cb6cb0a2afc8d9c1963994c402ace8e45853577ae85659c63894301de4054de938d5b045251b6051e1c0766949d3a0ed1,,,,,,,,
982,8525f36954391ad7696abcf66c1383e5409d52980ebd2d7b1063cc48ed81ebd9f8cf3a8c257f079e986893cfa2455e4c832d04863c8fed7db4f4d5951ec34d1b,hindi_griffinlim_eval_final/fake_hindi_griffinlim/hindi_fake_0982.wav,0,5.328,-0.4319385290145874,0.9792845845222472,rms_matched,False,0.0515932146564134,hindi,-0.8813256025314331,8525f36954391ad7696abcf66c1383e5409d52980ebd2d7b1063cc48ed81ebd9f8cf3a8c257f079e986893cfa2455e4c832d04863c8fed7db4f4d5951ec34d1b,0.0515932146564134,0.3825347708668904,0.3190827838732626,0.2943609933673066,0.0570882808608748,0.4173346757888794,5.328,8525f36954391ad7696abcf66c1383e5409d52980ebd2d7b1063cc48ed81ebd9f8cf3a8c257f079e986893cfa2455e4c832d04863c8fed7db4f4d5951ec34d1b,,,,,,,,
983,6b807daab3e34c4820b8d1479f760b35e44e818f9121ce49b70e8cf1fa61e9248b255de0499371b2da3b304c64dd088e8079a770832d3e1036b7d8fb52aebfc8,hindi_griffinlim_eval_final/fake_hindi_griffinlim/hindi_fake_0983.wav,0,7.668,-0.5381748676300049,1.030564308166504,rms_matched,False,0.083406967291321,hindi,-0.9875619411468506,6b807daab3e34c4820b8d1479f760b35e44e818f9121ce49b70e8cf1fa61e9248b255de0499371b2da3b304c64dd088e8079a770832d3e1036b7d8fb52aebfc8,0.083406967291321,0.4649841068249277,0.2873011289277477,0.2445109382630638,0.0715267814232698,0.5939980745315552,7.668,6b807daab3e34c4820b8d1479f760b35e44e818f9121ce49b70e8cf1fa61e9248b255de0499371b2da3b304c64dd088e8079a770832d3e1036b7d8fb52aebfc8,,,,,,,,
984,ac38b13197dccd9b8389b7ea08fa62f18a0ad7549e1dcb0ac6d9a05f3c3cf0e1a38c50b32020c420310616620b70345d1c7ec60431e9af8f1dd471d271dd2c81,hindi_griffinlim_eval_final/fake_hindi_griffinlim/hindi_fake_0984.wav,0,4.224,-3.7822115421295166,4.633244037628174,rms_matched,False,0.040069025198947,hindi,-4.231598615646362,ac38b13197dccd9b8389b7ea08fa62f18a0ad7549e1dcb0ac6d9a05f3c3cf0e1a38c50b32020c420310616620b70345d1c7ec60431e9af8f1dd471d271dd2c81,0.040069025198947,0.4223816500137239,0.3267270610948943,0.2477071987737369,0.0749844998736411,0.4757415652275085,4.224,ac38b13197dccd9b8389b7ea08fa62f18a0ad7549e1dcb0ac6d9a05f3c3cf0e1a38c50b32020c420310616620b70345d1c7ec60431e9af8f1dd471d271dd2c81,,,,,,,,
985,8023dc679c28a4172456d8e4b741aba9ed1895ba41b8cd0fd18f02c6775991869a2b8c2802e6ee72defb8caf5ec8ccad0b6fe8fa2b264bb9448ebca8b25c5989,hindi_griffinlim_eval_final/fake_hindi_griffinlim/hindi_fake_0985.wav,0,6.948,-2.9572887420654297,3.7663865089416495,rms_matched,False,0.0156585263957487,hindi,-3.4066758155822754,8023dc679c28a4172456d8e4b741aba9ed1895ba41b8cd0fd18f02c6775991869a2b8c2802e6ee72defb8caf5ec8ccad0b6fe8fa2b264bb9448ebca8b25c5989,0.0156585263957487,0.3615102941780716,0.4656197395624775,0.1710276000171486,0.1062287805749908,0.8626207709312439,6.948,8023dc679c28a4172456d8e4b741aba9ed1895ba41b8cd0fd18f02c6775991869a2b8c2802e6ee72defb8caf5ec8ccad0b6fe8fa2b264bb9448ebca8b25c5989,,,,,,,,
986,369ad14c74f52ab1579e8df7c213c4d5982ddfbf5d67057d8ef5e11f88177dc8e428d628ff7610a25681bd43d33237d2c914c41097f20905142011a579a50612,hindi_griffinlim_eval_final/fake_hindi_griffinlim/hindi_fake_0986.wav,0,6.408,0.9562549591064452,-1.4076436758041382,rms_matched,False,0.0164786375138746,hindi,0.5068678855895995,369ad14c74f52ab1579e8df7c213c4d5982ddfbf5d67057d8ef5e11f88177dc8e428d628ff7610a25681bd43d33237d2c914c41097f20905142011a579a50612,0.0164786375138746,0.2760280413649461,0.3823979207255406,0.3371885454833577,0.0400797461120874,0.244899034500122,6.408,369ad14c74f52ab1579e8df7c213c4d5982ddfbf5d67057d8ef5e11f88177dc8e428d628ff7610a25681bd43d33237d2c914c41097f20905142011a579a50612,,,,,,,,
987,6f3cdaef649635685d3a90ee62bab981848e6ed6f25f28b9b43c2f3d4ac51b4e42a36ead3b4b83add1e9bd60f0c66f05ecfe7c7c5154b6345a1c2f1c85b32fa8,hindi_griffinlim_eval_final/fake_hindi_griffinlim/hindi_fake_0987.wav,0,6.12,-5.684418201446533,6.458038330078125,rms_matched,False,0.0763085160364351,hindi,-6.133805274963379,6f3cdaef649635685d3a90ee62bab981848e6ed6f25f28b9b43c2f3d4ac51b4e42a36ead3b4b83add1e9bd60f0c66f05ecfe7c7c5154b6345a1c2f1c85b32fa8,0.0763085160364351,0.5751453643173992,0.2577308827265554,0.164970789041128,0.1047889787858633,0.7315268516540527,6.12,6f3cdaef649635685d3a90ee62bab981848e6ed6f25f28b9b43c2f3d4ac51b4e42a36ead3b4b83add1e9bd60f0c66f05ecfe7c7c5154b6345a1c2f1c85b32fa8,,,,,,,,
988,3512a2ce63a4044e19713803ad92889a443d1d6fe4e83bd00833b842957b10139899aa75c48d47ecd6d7e02112c2f7d3dbf5e752d40bfb9bffe073a8983b56b9,hindi_griffinlim_eval_final/fake_hindi_griffinlim/hindi_fake_0988.wav,0,3.636,-0.5017856359481812,0.9292231798171996,rms_matched,False,0.0261644035740176,hindi,-0.9511727094650269,3512a2ce63a4044e19713803ad92889a443d1d6fe4e83bd00833b842957b10139899aa75c48d47ecd6d7e02112c2f7d3dbf5e752d40bfb9bffe073a8983b56b9,0.0261644035740176,0.2372862590658542,0.4227636716106894,0.3354350931490575,0.0377753437799085,0.2549136281013489,3.636,3512a2ce63a4044e19713803ad92889a443d1d6fe4e83bd00833b842957b10139899aa75c48d47ecd6d7e02112c2f7d3dbf5e752d40bfb9bffe073a8983b56b9,,,,,,,,
989,3cc689cef88ce2eef03fd3065b6ad230f3510ced585ce0ed79f637bea2ddf7ab025d93e97a52c579d31d186f0512b29153286885b7c54221a569102a68dec661,hindi_griffinlim_eval_final/fake_hindi_griffinlim/hindi_fake_0989.wav,0,3.816,-0.483605146408081,0.5936376452445984,rms_matched,False,0.034960585442832,hindi,-0.9329922199249268,3cc689cef88ce2eef03fd3065b6ad230f3510ced585ce0ed79f637bea2ddf7ab025d93e97a52c579d31d186f0512b29153286885b7c54221a569102a68dec661,0.034960585442832,0.3137191306172592,0.533371266743512,0.1509371330169711,0.0976634142648697,0.8247970938682556,3.816,3cc689cef88ce2eef03fd3065b6ad230f3510ced585ce0ed79f637bea2ddf7ab025d93e97a52c579d31d186f0512b29153286885b7c54221a569102a68dec661,,,,,,,,
990,a2c28d117539109b28276d5e5540bdbecbb41fa7636feb31c13b30ef682d84510bc4f850d7f3fa14d4304d61267d1c8f3f6352ae409d69df77f10dbb657a9c01,hindi_griffinlim_eval_final/fake_hindi_griffinlim/hindi_fake_0990.wav,0,6.588,-3.989675521850586,4.947134971618652,peak_normalized,True,0.2253976819843327,hindi,-4.439062595367432,a2c28d117539109b28276d5e5540bdbecbb41fa7636feb31c13b30ef682d84510bc4f850d7f3fa14d4304d61267d1c8f3f6352ae409d69df77f10dbb657a9c01,0.2253976819843327,0.7414100785295148,0.2439287951032668,0.0146425066866409,0.1382061147932183,0.989990234375,6.576,a2c28d117539109b28276d5e5540bdbecbb41fa7636feb31c13b30ef682d84510bc4f850d7f3fa14d4304d61267d1c8f3f6352ae409d69df77f10dbb657a9c01,,,,,,,,
991,ea8ef3168cd29cf3bb33c603fc49336a1b58747fac2bdd17b4f6d59f24ed30a903a1b574e5d276035f8c3141478664e8f36c46a55fb6637e08b183a0969615a0,hindi_griffinlim_eval_final/fake_hindi_griffinlim/hindi_fake_0991.wav,0,6.156,-2.0956597328186035,2.862335681915283,rms_matched,False,0.1899010189418379,hindi,-2.545046806335449,ea8ef3168cd29cf3bb33c603fc49336a1b58747fac2bdd17b4f6d59f24ed30a903a1b574e5d276035f8c3141478664e8f36c46a55fb6637e08b183a0969615a0,0.1899010189418379,0.6224238312249769,0.2305807520964598,0.1450600460329126,0.1118465162668443,0.8992688059806824,6.156,ea8ef3168cd29cf3bb33c603fc49336a1b58747fac2bdd17b4f6d59f24ed30a903a1b574e5d276035f8c3141478664e8f36c46a55fb6637e08b183a0969615a0,,,,,,,,
992,32bf5ca000a1d646bb2e636e32c4bd507750c204271ab585b1e9fab7d08103c7e07825bdb376119fdef205be82f6e81766655dd5590cc21ec598b79a5c18e45f,hindi_griffinlim_eval_final/fake_hindi_griffinlim/hindi_fake_0992.wav,0,6.228,4.597954750061035,-5.694124221801758,rms_matched,False,0.0192193083965626,hindi,4.1485676765441895,32bf5ca000a1d646bb2e636e32c4bd507750c204271ab585b1e9fab7d08103c7e07825bdb376119fdef205be82f6e81766655dd5590cc21ec598b79a5c18e45f,0.0192193083965626,0.2970657748036965,0.3518486622055447,0.3465964377112158,0.0405781107358835,0.2469943165779113,6.228,32bf5ca000a1d646bb2e636e32c4bd507750c204271ab585b1e9fab7d08103c7e07825bdb376119fdef205be82f6e81766655dd5590cc21ec598b79a5c18e45f,,,,,,,,
993,2de3db24e998f00d734a8da3c51f592d40cdff55dfae3f290f4b0ef2e1acb63313eba952692afa76afcc1912d4c5fbd103d7bc838757a2bd55293827e758500e,hindi_griffinlim_eval_final/fake_hindi_griffinlim/hindi_fake_0993.wav,0,4.86,1.5976375341415403,-2.136772871017456,rms_matched,False,0.0241294251102553,hindi,1.1482504606246946,2de3db24e998f00d734a8da3c51f592d40cdff55dfae3f290f4b0ef2e1acb63313eba952692afa76afcc1912d4c5fbd103d7bc838757a2bd55293827e758500e,0.0241294251102553,0.3402863571239842,0.3437188321277414,0.3120002575058199,0.053156638397458,0.3084391355514526,4.86,2de3db24e998f00d734a8da3c51f592d40cdff55dfae3f290f4b0ef2e1acb63313eba952692afa76afcc1912d4c5fbd103d7bc838757a2bd55293827e758500e,,,,,,,,
994,aabd80b27714da5c6b5d4592a6f29f161db3cb06672ab14afb56eaf550ac0be0c14536ba5df7358621f018a4bc767c8c8477eaa4746830cf31ec4cdbcc2193fc,hindi_griffinlim_eval_final/fake_hindi_griffinlim/hindi_fake_0994.wav,0,4.644,5.870638847351074,-7.582213401794434,rms_matched,False,0.0192152412699343,hindi,5.4212517738342285,aabd80b27714da5c6b5d4592a6f29f161db3cb06672ab14afb56eaf550ac0be0c14536ba5df7358621f018a4bc767c8c8477eaa4746830cf31ec4cdbcc2193fc,0.0192152412699343,0.2645100353639899,0.3709392219610883,0.3597538180616704,0.0331457921331883,0.156725525856018,4.644,aabd80b27714da5c6b5d4592a6f29f161db3cb06672ab14afb56eaf550ac0be0c14536ba5df7358621f018a4bc767c8c8477eaa4746830cf31ec4cdbcc2193fc,0.284825321579269,0.3637510418456856,0.3514236365750455,0.6906403734562174,14.582621497927386,0.1587387577432146,0.3872945432866578,0.5397418811877455
995,949d46bd8792e08b2ee6c5736df551c23a26e45db1306d71836317cfc115ff4cf71da8164c9063aeefd98bd8c12626dbe22b79a07420d6fe8317fb6fc9fa368b,hindi_griffinlim_eval_final/fake_hindi_griffinlim/hindi_fake_0995.wav,0,5.436,6.001752853393555,-7.736046314239502,rms_matched,False,0.0209571152431574,hindi,5.552365779876709,949d46bd8792e08b2ee6c5736df551c23a26e45db1306d71836317cfc115ff4cf71da8164c9063aeefd98bd8c12626dbe22b79a07420d6fe8317fb6fc9fa368b,0.0209571152431574,0.2944120406142855,0.3553869921905312,0.3456066737201571,0.0404016396560917,0.2353448867797851,5.436,949d46bd8792e08b2ee6c5736df551c23a26e45db1306d71836317cfc115ff4cf71da8164c9063aeefd98bd8c12626dbe22b79a07420d6fe8317fb6fc9fa368b,,,,,,,,
996,f6205d298cf73f58f9a8b6143306057cb6cb0a2afc8d9c1963994c402ace8e45853577ae85659c63894301de4054de938d5b045251b6051e1c0766949d3a0ed1,hindi_griffinlim_eval_final/fake_hindi_griffinlim/hindi_fake_0996.wav,0,4.86,4.118096351623535,-4.921952247619629,rms_matched,False,0.0223456433562416,hindi,3.6687092781066895,f6205d298cf73f58f9a8b6143306057cb6cb0a2afc8d9c1963994c402ace8e45853577ae85659c63894301de4054de938d5b045251b6051e1c0766949d3a0ed1,0.0223456433562416,0.3010490653763663,0.3593195713698319,0.3352297383435803,0.0422055954474453,0.2304924130439758,4.86,f6205d298cf73f58f9a8b6143306057cb6cb0a2afc8d9c1963994c402ace8e45853577ae85659c63894301de4054de938d5b045251b6051e1c0766949d3a0ed1,,,,,,,,
997,05fd2a7f0d7cbe9acb1d838706b64a2ab489f6d0d2e7ff3a4243b1bb89ca3c1bc2e8dfd22bf11cf6e2fd9f11c2809b3dbf3db935d566ab6b6ee3122e3bfc20ed,hindi_griffinlim_eval_final/fake_hindi_griffinlim/hindi_fake_0997.wav,0,2.856,-0.1397836655378341,0.2975203394889831,rms_matched,False,0.1250373191307039,hindi,-0.5891707390546799,05fd2a7f0d7cbe9acb1d838706b64a2ab489f6d0d2e7ff3a4243b1bb89ca3c1bc2e8dfd22bf11cf6e2fd9f11c2809b3dbf3db935d566ab6b6ee3122e3bfc20ed,0.1250373191307039,0.4975029910852703,0.2627924629118829,0.2365039507344354,0.0789952590951859,0.5495595932006836,2.856,05fd2a7f0d7cbe9acb1d838706b64a2ab489f6d0d2e7ff3a4243b1bb89ca3c1bc2e8dfd22bf11cf6e2fd9f11c2809b3dbf3db935d566ab6b6ee3122e3bfc20ed,,,,,,,,
998,7b90778674a3659c892533d96bb0aa534879da17cd2f9cb1ae73fc3cc114dda10eba8bb6cfeddbafde910b396a60b95e64b4134430071bf2dd23b8d6a9c32785,hindi_griffinlim_eval_final/fake_hindi_griffinlim/hindi_fake_0998.wav,0,6.192,5.919045925140381,-7.654265880584717,rms_matched,False,0.018355700760145,hindi,5.469658851623535,7b90778674a3659c892533d96bb0aa534879da17cd2f9cb1ae73fc3cc114dda10eba8bb6cfeddbafde910b396a60b95e64b4134430071bf2dd23b8d6a9c32785,0.018355700760145,0.2617852397478924,0.3726965214694965,0.3607949858842033,0.0314128490495646,0.1820632219314575,6.192,7b90778674a3659c892533d96bb0aa534879da17cd2f9cb1ae73fc3cc114dda10eba8bb6cfeddbafde910b396a60b95e64b4134430071bf2dd23b8d6a9c32785,,,,,,,,
999,d9d2a0b48b179528017a72b8ddc2dc3fcfec66ad3984ef77d31cb4e91d3bbe810b2e85c67a0595462dcf4aa3d5653604e81327308b583c6789202342d84adc00,hindi_griffinlim_eval_final/fake_hindi_griffinlim/hindi_fake_0999.wav,0,3.708,3.658815860748291,-4.340402126312256,rms_matched,False,0.0815948715639099,hindi,3.2094287872314453,d9d2a0b48b179528017a72b8ddc2dc3fcfec66ad3984ef77d31cb4e91d3bbe810b2e85c67a0595462dcf4aa3d5653604e81327308b583c6789202342d84adc00,0.0815948715639099,0.3960226130940855,0.3068359663316994,0.2932974447401923,0.0603042411942464,0.4631896615028381,3.708,d9d2a0b48b179528017a72b8ddc2dc3fcfec66ad3984ef77d31cb4e91d3bbe810b2e85c67a0595462dcf4aa3d5653604e81327308b583c6789202342d84adc00,,,,,,,,
1000,fab15f5f87bd26a0f326787f96d92497bbfb5aea170dd8a415966cb8f7a5a7011bcb0b50bc9d46cdcf3edecaa6cf6753be6afd814aa420c9fd4e4ab3a40e7faa,hindi_griffinlim_eval_final/fake_hindi_griffinlim/hindi_fake_1000.wav,0,5.94,-0.2950009107589721,0.3205022811889648,rms_matched,False,0.0985368482464135,hindi,-0.7443879842758179,fab15f5f87bd26a0f326787f96d92497bbfb5aea170dd8a415966cb8f7a5a7011bcb0b50bc9d46cdcf3edecaa6cf6753be6afd814aa420c9fd4e4ab3a40e7faa,0.0985368482464135,0.5248845701022129,0.2431808707888978,0.2290215281017606,0.085812865427517,0.6527119874954224,5.94,fab15f5f87bd26a0f326787f96d92497bbfb5aea170dd8a415966cb8f7a5a7011bcb0b50bc9d46cdcf3edecaa6cf6753be6afd814aa420c9fd4e4ab3a40e7faa,,,,,,,,
1001,c23750233f36c49e4bd285f7ea96c015a9c0fa1055cc2e3ee658ab3d0c7bb39963cc35135c8a024638d1789f2cbdc707f40441d5f6a13cf69e31d9abae8a130a,hindi_griffinlim_eval_final/fake_hindi_griffinlim/hindi_fake_1001.wav,0,4.716,-3.315373182296753,4.244695663452148,rms_matched,False,0.0130222460142928,hindi,-3.7647602558135986,c23750233f36c49e4bd285f7ea96c015a9c0fa1055cc2e3ee658ab3d0c7bb39963cc35135c8a024638d1789f2cbdc707f40441d5f6a13cf69e31d9abae8a130a,0.0130222460142928,0.5628906556917532,0.2528011322752587,0.1829056682721073,0.1420979089616421,0.9498428106307985,4.716,c23750233f36c49e4bd285f7ea96c015a9c0fa1055cc2e3ee658ab3d0c7bb39963cc35135c8a024638d1789f2cbdc707f40441d5f6a13cf69e31d9abae8a130a,,,,,,,,
1002,7b90778674a3659c892533d96bb0aa534879da17cd2f9cb1ae73fc3cc114dda10eba8bb6cfeddbafde910b396a60b95e64b4134430071bf2dd23b8d6a9c32785,hindi_griffinlim_eval_final/fake_hindi_griffinlim/hindi_fake_1002.wav,0,7.38,6.134123802185059,-7.99560546875,rms_matched,False,0.0127702048484267,hindi,5.684736728668213,7b90778674a3659c892533d96bb0aa534879da17cd2f9cb1ae73fc3cc114dda10eba8bb6cfeddbafde910b396a60b95e64b4134430071bf2dd23b8d6a9c32785,0.0127702048484267,0.2400778134078498,0.3867225373254414,0.3682963687445747,0.0269768021267411,0.1439266800880432,7.38,7b90778674a3659c892533d96bb0aa534879da17cd2f9cb1ae73fc3cc114dda10eba8bb6cfeddbafde910b396a60b95e64b4134430071bf2dd23b8d6a9c32785,0.2851044290170186,0.3729876375319422,0.3419079334510391,0.7161624365901376,14.436640160479367,0.173215495091925,0.4236611958537955,0.5779232905897358
1003,6599122319c224d4b370bdaa817d68a9d0d1774b81aada4980c0519f78ae3a9ebea33cc1b8fc6a20008d791474bdefb675e448b3c00d10d0fd05a39e153e922e,hindi_griffinlim_eval_final/fake_hindi_griffinlim/hindi_fake_1003.wav,0,7.308,-0.2054665833711624,0.4742425680160522,rms_matched,False,0.0482951300497259,hindi,-0.6548536568880081,6599122319c224d4b370bdaa817d68a9d0d1774b81aada4980c0519f78ae3a9ebea33cc1b8fc6a20008d791474bdefb675e448b3c00d10d0fd05a39e153e922e,0.0482951300497259,0.4945806555941787,0.2684414200937198,0.2338936967686985,0.0800755439330214,0.5506384372711182,7.308,6599122319c224d4b370bdaa817d68a9d0d1774b81aada4980c0519f78ae3a9ebea33cc1b8fc6a20008d791474bdefb675e448b3c00d10d0fd05a39e153e922e,,,,,,,,
1004,aafda704e52784565ee078117b2a7941d822e96444d43cfe115de75e654f8c08c23b050eebe7b4264498537464b6e45cd0624f23aec65f904b156464d5056d52,hindi_griffinlim_eval_final/fake_hindi_griffinlim/hindi_fake_1004.wav,0,7.164,-0.4498959183692932,0.8278595805168152,rms_matched,False,0.0729800386184085,hindi,-0.8992829918861389,aafda704e52784565ee078117b2a7941d822e96444d43cfe115de75e654f8c08c23b050eebe7b4264498537464b6e45cd0624f23aec65f904b156464d5056d52,0.0729800386184085,0.5064526974774688,0.2463386920223065,0.2446509638802944,0.0895197632801296,0.7382370233535767,7.164,aafda704e52784565ee078117b2a7941d822e96444d43cfe115de75e654f8c08c23b050eebe7b4264498537464b6e45cd0624f23aec65f904b156464d5056d52,,,,,,,,
1005,6df495560d58f0f6ac6a60905c9b76afb803f720f6913f4f0e246101dd900d31c97c6001ddf9ee67cffbb1ab614040fa6b58ede138962cc22a3a073e93ae7f2a,hindi_griffinlim_eval_final/fake_hindi_griffinlim/hindi_fake_1005.wav,0,5.076,-3.9432060718536377,4.8682942390441895,rms_matched,False,0.1824570155778492,hindi,-4.392593145370483,6df495560d58f0f6ac6a60905c9b76afb803f720f6913f4f0e246101dd900d31c97c6001ddf9ee67cffbb1ab614040fa6b58ede138962cc22a3a073e93ae7f2a,0.1824570155778492,0.5420578030518421,0.2770240943591747,0.1785426420185667,0.1041570861793685,0.910662055015564,5.076,6df495560d58f0f6ac6a60905c9b76afb803f720f6913f4f0e246101dd900d31c97c6001ddf9ee67cffbb1ab614040fa6b58ede138962cc22a3a073e93ae7f2a,,,,,,,,
1006,3f0b866ee8d4499e4c0de09d34862acbb1ea0139f53bf7f1271a8648fb35d9a3a31272a8bc7af870e3b52bf7f4cb51ae512fa07df79663eaeafa30221c0b200b,hindi_griffinlim_eval_final/fake_hindi_griffinlim/hindi_fake_1006.wav,0,2.664,-4.1332621574401855,4.960737228393555,peak_normalized,True,0.7991398821506095,hindi,-4.582649230957031,3f0b866ee8d4499e4c0de09d34862acbb1ea0139f53bf7f1271a8648fb35d9a3a31272a8bc7af870e3b52bf7f4cb51ae512fa07df79663eaeafa30221c0b200b,0.7991398821506095,0.9474598049169242,0.0485997152677906,0.0039070449332221,0.1420969996091357,0.989990234375,2.656,3f0b866ee8d4499e4c0de09d34862acbb1ea0139f53bf7f1271a8648fb35d9a3a31272a8bc7af870e3b52bf7f4cb51ae512fa07df79663eaeafa30221c0b200b,,,,,,,,
1007,42dbccb16fa1ce50253a96dee532a7c4030f9daa92599271e4c0692efc8e58f669205bbcedf0ddf1f51f1e5753260ad39f6e0a5e6f85d5d24b3c5b3a20114c4c,hindi_griffinlim_eval_final/fake_hindi_griffinlim/hindi_fake_1007.wav,0,3.42,-0.762128472328186,1.3339529037475586,rms_matched,False,0.0359149131275431,hindi,-1.2115155458450317,42dbccb16fa1ce50253a96dee532a7c4030f9daa92599271e4c0692efc8e58f669205bbcedf0ddf1f51f1e5753260ad39f6e0a5e6f85d5d24b3c5b3a20114c4c,0.0359149131275431,0.7599444499621749,0.1331248695835175,0.1056031883369922,0.1645795840995352,0.9900000095367432,3.42,42dbccb16fa1ce50253a96dee532a7c4030f9daa92599271e4c0692efc8e58f669205bbcedf0ddf1f51f1e5753260ad39f6e0a5e6f85d5d24b3c5b3a20114c4c,,,,,,,,
1008,0e97e303991e6646c845049579a4bea7a25ea775f6b8b44a09e0efd0ae9661ec984c393c92d2522e3158c8b0ca206ad60fd9e136713e18c21dffd72811a88b88,hindi_griffinlim_eval_final/fake_hindi_griffinlim/hindi_fake_1008.wav,0,5.796,1.1936286687850952,-1.4268181324005127,peak_normalized,True,0.7698660315181122,hindi,0.7442415952682495,0e97e303991e6646c845049579a4bea7a25ea775f6b8b44a09e0efd0ae9661ec984c393c92d2522e3158c8b0ca206ad60fd9e136713e18c21dffd72811a88b88,0.7698660315181122,0.9151962642327576,0.0847252523521044,1.6987088266893813e-05,0.1331776922503678,0.990020751953125,5.792,0e97e303991e6646c845049579a4bea7a25ea775f6b8b44a09e0efd0ae9661ec984c393c92d2522e3158c8b0ca206ad60fd9e136713e18c21dffd72811a88b88,,,,,,,,
1009,3dbb15be45bbb6a44cee0c715a4fd06c4e5267061420217c4a4279a8f47365fa3c7243c274d08ddaa39a11d39b1c281760c59e358f1a4b14914923605831a3b8,hindi_griffinlim_eval_final/fake_hindi_griffinlim/hindi_fake_1009.wav,0,5.976,-1.7346770763397217,2.431443214416504,rms_matched,False,0.0742972619738656,hindi,-2.1840641498565674,3dbb15be45bbb6a44cee0c715a4fd06c4e5267061420217c4a4279a8f47365fa3c7243c274d08ddaa39a11d39b1c281760c59e358f1a4b14914923605831a3b8,0.0742972619738656,0.4807628283940398,0.2618204253545317,0.2541463047678067,0.0731052630409987,0.5252006649971008,5.976,3dbb15be45bbb6a44cee0c715a4fd06c4e5267061420217c4a4279a8f47365fa3c7243c274d08ddaa39a11d39b1c281760c59e358f1a4b14914923605831a3b8,,,,,,,,
1010,6990e943cefc8a2ed3e12aa2c2a781793096d1aaf311b175943b3029333a59e74f30086965cfb6f7db8b79b431c41a44e6b4aa3f806707fc0c4e5da883dd1d54,hindi_griffinlim_eval_final/fake_hindi_griffinlim/hindi_fake_1010.wav,0,4.86,-1.9008344411849976,2.5967674255371094,rms_matched,False,0.0217874578052338,hindi,-2.3502215147018433,6990e943cefc8a2ed3e12aa2c2a781793096d1aaf311b175943b3029333a59e74f30086965cfb6f7db8b79b431c41a44e6b4aa3f806707fc0c4e5da883dd1d54,0.0217874578052338,0.3643516673167758,0.4529347776355206,0.1810759269677951,0.1161780648044278,0.9900000095367432,4.86,6990e943cefc8a2ed3e12aa2c2a781793096d1aaf311b175943b3029333a59e74f30086965cfb6f7db8b79b431c41a44e6b4aa3f806707fc0c4e5da883dd1d54,,,,,,,,
1011,8023dc679c28a4172456d8e4b741aba9ed1895ba41b8cd0fd18f02c6775991869a2b8c2802e6ee72defb8caf5ec8ccad0b6fe8fa2b264bb9448ebca8b25c5989,hindi_griffinlim_eval_final/fake_hindi_griffinlim/hindi_fake_1011.wav,0,5.688,-0.5588943958282471,0.7322394251823425,rms_matched,False,0.1726254643607636,hindi,-1.0082814693450928,8023dc679c28a4172456d8e4b741aba9ed1895ba41b8cd0fd18f02c6775991869a2b8c2802e6ee72defb8caf5ec8ccad0b6fe8fa2b264bb9448ebca8b25c5989,0.1726254643607636,0.6927625256547965,0.1887135945877905,0.1184148182318917,0.1164292314620009,0.79180908203125,5.68,8023dc679c28a4172456d8e4b741aba9ed1895ba41b8cd0fd18f02c6775991869a2b8c2802e6ee72defb8caf5ec8ccad0b6fe8fa2b264bb9448ebca8b25c5989,,,,,,,,
1012,be10029504aaa30796d27938620d08189f19a31701c9f552f60c99eff87dddfbf804efc53af08d2670685aeaeeb295c9f3326c85b8127b0ad0d1232f03bc1781,hindi_griffinlim_eval_final/fake_hindi_griffinlim/hindi_fake_1012.wav,0,2.628,-3.919197797775269,4.8297319412231445,rms_matched,False,0.2758922333417388,hindi,-4.368584871292114,be10029504aaa30796d27938620d08189f19a31701c9f552f60c99eff87dddfbf804efc53af08d2670685aeaeeb295c9f3326c85b8127b0ad0d1232f03bc1781,0.2758922333417388,0.3562886885511612,0.4525082976774971,0.1888273764671989,0.0846043021498759,0.9474830031394958,2.628,be10029504aaa30796d27938620d08189f19a31701c9f552f60c99eff87dddfbf804efc53af08d2670685aeaeeb295c9f3326c85b8127b0ad0d1232f03bc1781,,,,,,,,
1013,f4acf13791d1ffc57965afc160c66ab08985a745fc07997aced0be646a308c8b8c3f851c7143204d02449b094fd7811bc980a05b337acdadb7e2a83dd9c9c2bb,hindi_griffinlim_eval_final/fake_hindi_griffinlim/hindi_fake_1013.wav,0,7.848,-0.3950227200984955,0.7026858329772949,rms_matched,False,0.2840578951781397,hindi,-0.8444097936153412,f4acf13791d1ffc57965afc160c66ab08985a745fc07997aced0be646a308c8b8c3f851c7143204d02449b094fd7811bc980a05b337acdadb7e2a83dd9c9c2bb,0.2840578951781397,0.6354617765558146,0.2043059798366948,0.1581704033270473,0.1087227140658126,0.9878074526786804,7.848,f4acf13791d1ffc57965afc160c66ab08985a745fc07997aced0be646a308c8b8c3f851c7143204d02449b094fd7811bc980a05b337acdadb7e2a83dd9c9c2bb,,,,,,,,
1014,d70eec2d8533e3a33d9b86756515c60f981b91fec38baaad39f756259fc08103cb6a12f82c2cc01189e8c8558b9ca80d52fc0cd6ebe18cab27de267929b51584,hindi_griffinlim_eval_final/fake_hindi_griffinlim/hindi_fake_1014.wav,0,2.772,-0.60544753074646,1.1187310218811035,rms_matched,False,0.1446076446780304,hindi,-1.0548346042633057,d70eec2d8533e3a33d9b86756515c60f981b91fec38baaad39f756259fc08103cb6a12f82c2cc01189e8c8558b9ca80d52fc0cd6ebe18cab27de267929b51584,0.1446076446780304,0.4782599377232694,0.261994526821221,0.2566760643912655,0.078245883342645,0.6142473816871643,2.772,d70eec2d8533e3a33d9b86756515c60f981b91fec38baaad39f756259fc08103cb6a12f82c2cc01189e8c8558b9ca80d52fc0cd6ebe18cab27de267929b51584,,,,,,,,
1015,64fcf403ddfb930184eae9b9ad9fbb9a712ebab06fdb5e7dbe7621dcd2cd5101f593c37e8e254ff38294b6dcc8bec4808c197c2d7599c0c4126045b1ac9b51d0,hindi_griffinlim_eval_final/fake_hindi_griffinlim/hindi_fake_1015.wav,0,3.936,5.082034111022949,-6.432432174682617,rms_matched,False,0.0311126398944302,hindi,4.6326470375061035,64fcf403ddfb930184eae9b9ad9fbb9a712ebab06fdb5e7dbe7621dcd2cd5101f593c37e8e254ff38294b6dcc8bec4808c197c2d7599c0c4126045b1ac9b51d0,0.0311126398944302,0.2891598291693646,0.3615030695201296,0.3446874446825125,0.039112294154665,0.2390826940536499,3.936,64fcf403ddfb930184eae9b9ad9fbb9a712ebab06fdb5e7dbe7621dcd2cd5101f593c37e8e254ff38294b6dcc8bec4808c197c2d7599c0c4126045b1ac9b51d0,,,,,,,,
1016,2312b0d85bd1eb1a017264abf770df086e10cec218cf1ab48b90f9d7f621d8ae8372b07338224060fcac6cfb337fcfcb6966c160942f9fcec4c67e7f5df44520,hindi_griffinlim_eval_final/fake_hindi_griffinlim/hindi_fake_1016.wav,0,4.86,-4.425137519836426,5.213903427124023,peak_normalized,True,0.0030660650679147,hindi,-4.8745245933532715,2312b0d85bd1eb1a017264abf770df086e10cec218cf1ab48b90f9d7f621d8ae8372b07338224060fcac6cfb337fcfcb6966c160942f9fcec4c67e7f5df44520,0.0030660650679147,0.9535463013408148,0.0369877111240503,0.0094561605363171,0.2188500456052071,0.990020751953125,4.848,2312b0d85bd1eb1a017264abf770df086e10cec218cf1ab48b90f9d7f621d8ae8372b07338224060fcac6cfb337fcfcb6966c160942f9fcec4c67e7f5df44520,,,,,,,,
1017,80df1054d490d23f8c2523fa0495d60f3cc205e34e95d436f6c923158601404372c2ddea0d8239b414c6a6e342198453e814db3f980e01b97817acc51ea7adc4,hindi_griffinlim_eval_final/fake_hindi_griffinlim/hindi_fake_1017.wav,0,3.816,-0.6165835857391357,0.99791419506073,rms_matched,False,0.0950983737654397,hindi,-1.0659706592559814,80df1054d490d23f8c2523fa0495d60f3cc205e34e95d436f6c923158601404372c2ddea0d8239b414c6a6e342198453e814db3f980e01b97817acc51ea7adc4,0.0950983737654397,0.5039849918024248,0.2781954252441555,0.2150299816737702,0.0837224683969664,0.5660483837127686,3.816,80df1054d490d23f8c2523fa0495d60f3cc205e34e95d436f6c923158601404372c2ddea0d8239b414c6a6e342198453e814db3f980e01b97817acc51ea7adc4,,,,,,,,
1018,d5417347b8d450c2aefa6ac74539b48c943a0d94b866457184e18c67074d8c2eb785e7191abf9c2199ef4db0873ef3ca503bfeaee470f6ab2506b8c2120a6669,hindi_griffinlim_eval_final/fake_hindi_griffinlim/hindi_fake_1018.wav,0,6.228,-5.171396255493164,5.962245464324951,rms_matched,False,0.035250294028685,hindi,-5.62078332901001,d5417347b8d450c2aefa6ac74539b48c943a0d94b866457184e18c67074d8c2eb785e7191abf9c2199ef4db0873ef3ca503bfeaee470f6ab2506b8c2120a6669,0.035250294028685,0.4638332053201308,0.3516237803673033,0.1823404696896083,0.0975387074312904,0.7000088691711426,6.228,d5417347b8d450c2aefa6ac74539b48c943a0d94b866457184e18c67074d8c2eb785e7191abf9c2199ef4db0873ef3ca503bfeaee470f6ab2506b8c2120a6669,,,,,,,,
1019,e6aef31fac7411f3f1b15c566dede061e3024cde1382d7ca1a860a093ad5b0b9c87aaa13c749ef9982c688d7a8d715c11aee89c2e3d541b9ba3dc73c5ec5cb85,hindi_griffinlim_eval_final/fake_hindi_griffinlim/hindi_fake_1019.wav,0,4.536,-2.8522696495056152,3.730481624603272,rms_matched,False,0.0577345714181575,hindi,-3.301656723022461,e6aef31fac7411f3f1b15c566dede061e3024cde1382d7ca1a860a093ad5b0b9c87aaa13c749ef9982c688d7a8d715c11aee89c2e3d541b9ba3dc73c5ec5cb85,0.0577345714181575,0.7386908914639496,0.1519050796601901,0.1080098988485858,0.1511374152305182,0.9556302428245544,4.536,e6aef31fac7411f3f1b15c566dede061e3024cde1382d7ca1a860a093ad5b0b9c87aaa13c749ef9982c688d7a8d715c11aee89c2e3d541b9ba3dc73c5ec5cb85,,,,,,,,
1020,4cef3c57c7794a486d20711b806222df778778312c01a26669a9c4fd75b74a3792424787393673b302401d3d994431c97c30b2d1b8bd6caa0fd563460fed5093,hindi_griffinlim_eval_final/fake_hindi_griffinlim/hindi_fake_1020.wav,0,5.472,-3.095737934112549,4.012777805328369,rms_matched,False,0.0275927022229476,hindi,-3.5451250076293945,4cef3c57c7794a486d20711b806222df778778312c01a26669a9c4fd75b74a3792424787393673b302401d3d994431c97c30b2d1b8bd6caa0fd563460fed5093,0.0275927022229476,0.6697454781156011,0.1959926237787037,0.1325993177173532,0.1409659550059629,0.8589486479759216,5.472,4cef3c57c7794a486d20711b806222df778778312c01a26669a9c4fd75b74a3792424787393673b302401d3d994431c97c30b2d1b8bd6caa0fd563460fed5093,,,,,,,,
1021,0e97e303991e6646c845049579a4bea7a25ea775f6b8b44a09e0efd0ae9661ec984c393c92d2522e3158c8b0ca206ad60fd9e136713e18c21dffd72811a88b88,hindi_griffinlim_eval_final/fake_hindi_griffinlim/hindi_fake_1021.wav,0,6.768,-5.326761245727539,6.114106178283691,rms_matched,False,0.095092796736414,hindi,-5.776148319244385,0e97e303991e6646c845049579a4bea7a25ea775f6b8b44a09e0efd0ae9661ec984c393c92d2522e3158c8b0ca206ad60fd9e136713e18c21dffd72811a88b88,0.095092796736414,0.7030757389097946,0.1635664950606427,0.1316158870590309,0.1337703091478972,0.9549006223678588,6.768,0e97e303991e6646c845049579a4bea7a25ea775f6b8b44a09e0efd0ae9661ec984c393c92d2522e3158c8b0ca206ad60fd9e136713e18c21dffd72811a88b88,,,,,,,,
1022,e0a47331065c4e1a9ffd6eed4cb902b631814a6130faf9401d447eba044cf1af767ff9a242e7c97886c74ac130ec73716192fd074e4abca825e77caca52e0ca0,hindi_griffinlim_eval_final/fake_hindi_griffinlim/hindi_fake_1022.wav,0,3.924,-1.5855598449707031,2.372410774230957,rms_matched,False,0.0802186380565174,hindi,-2.034946918487549,e0a47331065c4e1a9ffd6eed4cb902b631814a6130faf9401d447eba044cf1af767ff9a242e7c97886c74ac130ec73716192fd074e4abca825e77caca52e0ca0,0.0802186380565174,0.5505101156619816,0.2244296594012747,0.2225984631152796,0.0981553631589747,0.6742733716964722,3.924,e0a47331065c4e1a9ffd6eed4cb902b631814a6130faf9401d447eba044cf1af767ff9a242e7c97886c74ac130ec73716192fd074e4abca825e77caca52e0ca0,,,,,,,,
1023,c8eabd52eef7e16e14998264ec78831ec7b891135ad93c446e459d4643b02c721b412f4fc828522a478fdbd2d5f4ca9838991a89368c78cb7f0617b3837a00ca,hindi_griffinlim_eval_final/fake_hindi_griffinlim/hindi_fake_1023.wav,0,4.968,4.754793167114258,-5.881278991699219,rms_matched,False,0.0219948030275595,hindi,4.305406093597412,c8eabd52eef7e16e14998264ec78831ec7b891135ad93c446e459d4643b02c721b412f4fc828522a478fdbd2d5f4ca9838991a89368c78cb7f0617b3837a00ca,0.0219948030275595,0.2880144891256207,0.3622031282311897,0.3452544523962816,0.0390999147912381,0.2194746732711792,4.968,c8eabd52eef7e16e14998264ec78831ec7b891135ad93c446e459d4643b02c721b412f4fc828522a478fdbd2d5f4ca9838991a89368c78cb7f0617b3837a00ca,,,,,,,,
1024,1605878cdc4bdeab0724827abc448ec019fcc59763e097294754173714e955fe80a28c12eed4a39a58f442138b886e755cd644efb115aa2599c6e50a20e63a74,hindi_griffinlim_eval_final/fake_hindi_griffinlim/hindi_fake_1024.wav,0,4.968,-4.323189735412598,5.065522193908691,rms_matched,False,0.1299854639707161,hindi,-4.772576808929443,1605878cdc4bdeab0724827abc448ec019fcc59763e097294754173714e955fe80a28c12eed4a39a58f442138b886e755cd644efb115aa2599c6e50a20e63a74,0.1299854639707161,0.3964106175311054,0.4863562071965582,0.1161172093323175,0.0947951249998168,0.8806985020637512,4.968,1605878cdc4bdeab0724827abc448ec019fcc59763e097294754173714e955fe80a28c12eed4a39a58f442138b886e755cd644efb115aa2599c6e50a20e63a74,,,,,,,,
1025,4bf6e446d97c11b48f8309ab29d202711dab968676351fc66463ffd24b97d11fb7d34e50a5bc9544e075ad2038996abb9387ae6a627acb911f4b514124a3d3a7,hindi_griffinlim_eval_final/fake_hindi_griffinlim/hindi_fake_1025.wav,0,4.68,-3.3536131381988525,4.289592266082764,rms_matched,False,0.6824444422971045,hindi,-3.8030002117156982,4bf6e446d97c11b48f8309ab29d202711dab968676351fc66463ffd24b97d11fb7d34e50a5bc9544e075ad2038996abb9387ae6a627acb911f4b514124a3d3a7,0.6824444422971045,0.6520155559446865,0.2030175579362237,0.141619940462967,0.056973372183401,0.3905815482139587,4.68,4bf6e446d97c11b48f8309ab29d202711dab968676351fc66463ffd24b97d11fb7d34e50a5bc9544e075ad2038996abb9387ae6a627acb911f4b514124a3d3a7,,,,,,,,
1026,f45c7af99cc930fd6608f77ecb2d546727ab3df3d36731c90215b9a72ff548ff082f57c38aa6e6b7f2c905aa9f92f4f5dff3c954449ce05e56f8604bf1753618,hindi_griffinlim_eval_final/fake_hindi_griffinlim/hindi_fake_1026.wav,0,4.896,5.925356864929199,-7.7474775314331055,rms_matched,False,0.1092423057626422,hindi,5.4759697914123535,f45c7af99cc930fd6608f77ecb2d546727ab3df3d36731c90215b9a72ff548ff082f57c38aa6e6b7f2c905aa9f92f4f5dff3c954449ce05e56f8604bf1753618,0.1092423057626422,0.2945659161140266,0.4106869743331257,0.2862397172723468,0.0140155521748605,0.0624874234199523,4.896,f45c7af99cc930fd6608f77ecb2d546727ab3df3d36731c90215b9a72ff548ff082f57c38aa6e6b7f2c905aa9f92f4f5dff3c954449ce05e56f8604bf1753618,,,,,,,,
1027,287db5b3c7065ffc1e6827c0bc87dc4a6b6a45c159642fe8d490d5adb6ce18a5b4b528f921503762bbb20b1fcd84f5f8256a9a11cd4ccf55964f301b416b08d2,hindi_griffinlim_eval_final/fake_hindi_griffinlim/hindi_fake_1027.wav,0,3.24,-5.744542598724365,6.685356140136719,rms_matched,False,0.6286350081992442,hindi,-6.193929672241211,287db5b3c7065ffc1e6827c0bc87dc4a6b6a45c159642fe8d490d5adb6ce18a5b4b528f921503762bbb20b1fcd84f5f8256a9a11cd4ccf55964f301b416b08d2,0.6286350081992442,0.5920097450811123,0.2705283626054047,0.1354846932565312,0.0723852143822979,0.607566237449646,3.24,287db5b3c7065ffc1e6827c0bc87dc4a6b6a45c159642fe8d490d5adb6ce18a5b4b528f921503762bbb20b1fcd84f5f8256a9a11cd4ccf55964f301b416b08d2,,,,,,,,
1028,cb974805e163f0eec357012f483d57476c8229c9aca280469ccd5adc74516c39f36d16c23091c86bb18522064887048eb5d8c5b9259503a6de95d555745793b7,hindi_griffinlim_eval_final/fake_hindi_griffinlim/hindi_fake_1028.wav,0,6.228,-1.2964189052581787,1.949684381484985,rms_matched,False,0.3990729965022962,hindi,-1.7458059787750244,cb974805e163f0eec357012f483d57476c8229c9aca280469ccd5adc74516c39f36d16c23091c86bb18522064887048eb5d8c5b9259503a6de95d555745793b7,0.3990729965022962,0.5091951312284559,0.3224613394435979,0.1645821767252958,0.0511578520225131,0.4250794649124145,6.228,cb974805e163f0eec357012f483d57476c8229c9aca280469ccd5adc74516c39f36d16c23091c86bb18522064887048eb5d8c5b9259503a6de95d555745793b7,,,,,,,,
1029,6e20e06229081bf9c063f01cd7b3e0a759f5953624213afea5c397d4b7fe9a4dc5dae704a5faf61147d4155de50dc4a2cafdf78e7e2f8a3dc8633f276065b4cc,hindi_griffinlim_eval_final/fake_hindi_griffinlim/hindi_fake_1029.wav,0,4.068,-3.1979246139526367,4.085899353027344,rms_matched,False,0.7665298005106195,hindi,-3.6473116874694824,6e20e06229081bf9c063f01cd7b3e0a759f5953624213afea5c397d4b7fe9a4dc5dae704a5faf61147d4155de50dc4a2cafdf78e7e2f8a3dc8633f276065b4cc,0.7665298005106195,0.6366104348579718,0.2650441072910419,0.0961030584471009,0.074387381207128,0.655411958694458,4.068,6e20e06229081bf9c063f01cd7b3e0a759f5953624213afea5c397d4b7fe9a4dc5dae704a5faf61147d4155de50dc4a2cafdf78e7e2f8a3dc8633f276065b4cc,,,,,,,,
1030,f59a2dc4d475bfb45d9b9628faa8b0e53570d46a05fd85dd8542559975c8cd75bf87c02f557d7ecd3e4eda2872a7e4a57adc699bc30e819c9e5c1c9e520cd02b,hindi_griffinlim_eval_final/fake_hindi_griffinlim/hindi_fake_1030.wav,0,4.104,1.2874385118484497,-1.8447657823562624,rms_matched,False,0.4594007269801404,hindi,0.838051438331604,f59a2dc4d475bfb45d9b9628faa8b0e53570d46a05fd85dd8542559975c8cd75bf87c02f557d7ecd3e4eda2872a7e4a57adc699bc30e819c9e5c1c9e520cd02b,0.4594007269801404,0.5545584195685519,0.2635295487069964,0.1772596882639146,0.0424804708136162,0.2148264050483703,4.104,f59a2dc4d475bfb45d9b9628faa8b0e53570d46a05fd85dd8542559975c8cd75bf87c02f557d7ecd3e4eda2872a7e4a57adc699bc30e819c9e5c1c9e520cd02b,,,,,,,,
1031,c88824395561074e0eb0ebc1280d4866dbc29f01c026899e205a1db558ba1be8d683a10dc5e1f8117571ea0794f699ebe359e833d714ad66942a429a2112a5a6,hindi_griffinlim_eval_final/fake_hindi_griffinlim/hindi_fake_1031.wav,0,3.816,5.752312660217285,-7.431095600128174,rms_matched,False,0.2160290945303298,hindi,5.3029255867004395,c88824395561074e0eb0ebc1280d4866dbc29f01c026899e205a1db558ba1be8d683a10dc5e1f8117571ea0794f699ebe359e833d714ad66942a429a2112a5a6,0.2160290945303298,0.3868441162942461,0.3584142211386211,0.2481031855796231,0.0243210429246084,0.1132898330688476,3.816,c88824395561074e0eb0ebc1280d4866dbc29f01c026899e205a1db558ba1be8d683a10dc5e1f8117571ea0794f699ebe359e833d714ad66942a429a2112a5a6,,,,,,,,
1032,cea40007071ea914e41633e74d05142fd1f5f8f49c154534816017cf89ce625657c804fe479fe87c08854ecd847697d6ca0fb6bcf424006c307f65430c34785e,hindi_griffinlim_eval_final/fake_hindi_griffinlim/hindi_fake_1032.wav,0,5.076,-2.748886585235596,3.6818132400512695,rms_matched,False,0.5074464334409883,hindi,-3.198273658752442,cea40007071ea914e41633e74d05142fd1f5f8f49c154534816017cf89ce625657c804fe479fe87c08854ecd847697d6ca0fb6bcf424006c307f65430c34785e,0.5074464334409883,0.6427998575813539,0.2751122048312015,0.0799620520867477,0.0828401026966093,0.5965766310691833,5.076,cea40007071ea914e41633e74d05142fd1f5f8f49c154534816017cf89ce625657c804fe479fe87c08854ecd847697d6ca0fb6bcf424006c307f65430c34785e,0.5703555771992869,0.3039629401079351,0.1256814826927781,0.6770710509733948,14.71080017866473,0.1248902468491814,0.3490202829718543,0.5098693776097654
1033,55facf37cfec7564d08860906bdb688d9e2c45d7ac50a054dcc66778b3b1a10a9489051097f6fe9232742597187752dc71f4f0432aa771771721c259ff4324c7,hindi_griffinlim_eval_final/fake_hindi_griffinlim/hindi_fake_1033.wav,0,6.948,-5.376429557800293,6.219272613525391,rms_matched,False,0.6749363057914446,hindi,-5.825816631317139,55facf37cfec7564d08860906bdb688d9e2c45d7ac50a054dcc66778b3b1a10a9489051097f6fe9232742597187752dc71f4f0432aa771771721c259ff4324c7,0.6749363057914446,0.6373450572455897,0.2236294464410987,0.1376263669115397,0.0938727039463723,0.9900000095367432,6.948,55facf37cfec7564d08860906bdb688d9e2c45d7ac50a054dcc66778b3b1a10a9489051097f6fe9232742597187752dc71f4f0432aa771771721c259ff4324c7,,,,,,,,
1034,63293ff4cc67280b10da2df2fd2763db65ca8493af191e121605b45457373b9d2f7d073324125f2ec4d3d5aa138903f3532048b49083306757421a463dcad13b,hindi_griffinlim_eval_final/fake_hindi_griffinlim/hindi_fake_1034.wav,0,5.076,-5.7295756340026855,6.494917392730713,rms_matched,False,0.7646644999358209,hindi,-6.178962707519531,63293ff4cc67280b10da2df2fd2763db65ca8493af191e121605b45457373b9d2f7d073324125f2ec4d3d5aa138903f3532048b49083306757421a463dcad13b,0.7646644999358209,0.6731811468171759,0.247353456886402,0.0774784500049245,0.0840004628417608,0.7430208325386047,5.076,63293ff4cc67280b10da2df2fd2763db65ca8493af191e121605b45457373b9d2f7d073324125f2ec4d3d5aa138903f3532048b49083306757421a463dcad13b,,,,,,,,
1035,f4eaf1a4c5d9c519a8d70d41f155c73661ababef448156ca952ac016a8013ac82f6d765947af61b517bd0ad1a29465bf17532c32ee0e7bd019fbcaf940e151fb,hindi_griffinlim_eval_final/fake_hindi_griffinlim/hindi_fake_1035.wav,0,3.78,-0.6872523427009583,1.1634819507598877,peak_normalized,True,0.4952841603689909,hindi,-1.136639416217804,f4eaf1a4c5d9c519a8d70d41f155c73661ababef448156ca952ac016a8013ac82f6d765947af61b517bd0ad1a29465bf17532c32ee0e7bd019fbcaf940e151fb,0.4952841603689909,0.9242042828687356,0.0656582532411258,0.0101149003338403,0.1522599330284623,0.990020751953125,3.776,f4eaf1a4c5d9c519a8d70d41f155c73661ababef448156ca952ac016a8013ac82f6d765947af61b517bd0ad1a29465bf17532c32ee0e7bd019fbcaf940e151fb,,,,,,,,
1036,b726b76c3576ad4edb7eeec20cfca6ae5b5ce074dd7e042da97ec800dc152b6fc7d0c462260dde20cea9d99782632cdd7a47c83c615cfcc3324c9b890fc12ee9,hindi_griffinlim_eval_final/fake_hindi_griffinlim/hindi_fake_1036.wav,0,7.848,-5.379336357116699,6.129319190979004,rms_matched,False,0.758687743288867,hindi,-5.828723430633545,b726b76c3576ad4edb7eeec20cfca6ae5b5ce074dd7e042da97ec800dc152b6fc7d0c462260dde20cea9d99782632cdd7a47c83c615cfcc3324c9b890fc12ee9,0.758687743288867,0.6796133003577269,0.2228312649088681,0.0949833083707894,0.07029217572509,0.647754967212677,7.848,b726b76c3576ad4edb7eeec20cfca6ae5b5ce074dd7e042da97ec800dc152b6fc7d0c462260dde20cea9d99782632cdd7a47c83c615cfcc3324c9b890fc12ee9,0.4647827636471122,0.3348804817256413,0.2003367546272464,0.7621898561321492,13.979403155931797,0.2603140544948518,0.4984133051766141,0.6393943697118154
1037,609b987b0c28816376ca4600e84ac46f316c5ecae12f343736ea7087cbca60c73306ea2cd541508c23238b3ca316dd74f4103b0a836637a587af0f638cbb41bb,hindi_griffinlim_eval_final/fake_hindi_griffinlim/hindi_fake_1037.wav,0,4.5,0.5160583853721619,-0.9827138781547546,rms_matched,False,0.5958080831263903,hindi,0.06667131185531616,609b987b0c28816376ca4600e84ac46f316c5ecae12f343736ea7087cbca60c73306ea2cd541508c23238b3ca316dd74f4103b0a836637a587af0f638cbb41bb,0.5958080831263903,0.9542563079611768,0.0447720188755144,0.000903737105868,0.1422039968866179,0.882171630859375,4.496,609b987b0c28816376ca4600e84ac46f316c5ecae12f343736ea7087cbca60c73306ea2cd541508c23238b3ca316dd74f4103b0a836637a587af0f638cbb41bb,,,,,,,,
1038,f398e532c4307d0fb6f23dda4b599e05c8483a5211aab4dba56e24a0acc89810af5b98cc96afe0b55fdee3b41250c05571fa3d170e517213e71e52e481a80df1,hindi_griffinlim_eval_final/fake_hindi_griffinlim/hindi_fake_1038.wav,0,4.536,-4.392621040344238,5.298714637756348,rms_matched,False,0.6280426591272017,hindi,-4.842008113861084,f398e532c4307d0fb6f23dda4b599e05c8483a5211aab4dba56e24a0acc89810af5b98cc96afe0b55fdee3b41250c05571fa3d170e517213e71e52e481a80df1,0.6280426591272017,0.7686308688057583,0.1707952703501361,0.0593963887138603,0.1173140039469829,0.9134517312049866,4.536,f398e532c4307d0fb6f23dda4b599e05c8483a5211aab4dba56e24a0acc89810af5b98cc96afe0b55fdee3b41250c05571fa3d170e517213e71e52e481a80df1,,,,,,,,
1039,547e2977be99b122ceb7196c97d4bb97bc3bdb4261d43618dbc385183d672f6e43db8b2c67f0ddbfecfa5f7adcbe25b21aa515729c369a5161e7fefbe2e6a91c,hindi_griffinlim_eval_final/fake_hindi_griffinlim/hindi_fake_1039.wav,0,3.96,-3.551486253738404,4.340730667114258,rms_matched,False,0.7970689730742426,hindi,-4.00087332725525,547e2977be99b122ceb7196c97d4bb97bc3bdb4261d43618dbc385183d672f6e43db8b2c67f0ddbfecfa5f7adcbe25b21aa515729c369a5161e7fefbe2e6a91c,0.7970689730742426,0.8663502160606332,0.1006305322878191,0.0321550109615059,0.127796233616666,0.990000069141388,3.96,547e2977be99b122ceb7196c97d4bb97bc3bdb4261d43618dbc385183d672f6e43db8b2c67f0ddbfecfa5f7adcbe25b21aa515729c369a5161e7fefbe2e6a91c,,,,,,,,
1040,ed5627c36413bada41ea1e6c75f249a22863f90dfe81b12b40587549b6f59442964cae88a1db7d7b111bdf5baee22c51842eefbfa75af862de09d7609b6e3af2,hindi_griffinlim_eval_final/fake_hindi_griffinlim/hindi_fake_1040.wav,0,6.3,-4.085612773895264,4.800410270690918,rms_matched,False,0.4262355038262979,hindi,-4.534999847412109,ed5627c36413bada41ea1e6c75f249a22863f90dfe81b12b40587549b6f59442964cae88a1db7d7b111bdf5baee22c51842eefbfa75af862de09d7609b6e3af2,0.4262355038262979,0.7707436973380769,0.1795815648690536,0.0485874364111086,0.1149076399964958,0.7948920130729675,6.3,ed5627c36413bada41ea1e6c75f249a22863f90dfe81b12b40587549b6f59442964cae88a1db7d7b111bdf5baee22c51842eefbfa75af862de09d7609b6e3af2,,,,,,,,
1041,4c946f553c704abd727b3818b1d22dba011a368043575278b58ae219f71cb8914e6cac82abe55d7da17f49bea4cceb3b96c17355a6f5b078c19a947defb9061c,hindi_griffinlim_eval_final/fake_hindi_griffinlim/hindi_fake_1041.wav,0,4.644,-4.694129943847656,5.459768772125244,rms_matched,False,0.6900227878474898,hindi,-5.143517017364502,4c946f553c704abd727b3818b1d22dba011a368043575278b58ae219f71cb8914e6cac82abe55d7da17f49bea4cceb3b96c17355a6f5b078c19a947defb9061c,0.6900227878474898,0.7382237135164909,0.2074268276142272,0.053238355158801,0.1164383558062787,0.9900000095367432,4.644,4c946f553c704abd727b3818b1d22dba011a368043575278b58ae219f71cb8914e6cac82abe55d7da17f49bea4cceb3b96c17355a6f5b078c19a947defb9061c,,,,,,,,
1042,8dd38cae226cf8c49fbba90d0197aa24cea3936d75ae1b715c63ad0d13976463eb1b1ad5394506c09c6fbfd642be3b4a07eb1edf57d08b70fdaa76cb43f384ef,hindi_griffinlim_eval_final/fake_hindi_griffinlim/hindi_fake_1042.wav,0,4.392,-4.191336154937744,4.996970176696777,rms_matched,False,0.3589393756846397,hindi,-4.64072322845459,8dd38cae226cf8c49fbba90d0197aa24cea3936d75ae1b715c63ad0d13976463eb1b1ad5394506c09c6fbfd642be3b4a07eb1edf57d08b70fdaa76cb43f384ef,0.3589393756846397,0.4852974021681949,0.3097237332524137,0.2013173479128927,0.0497233284169721,0.3936315178871155,4.392,8dd38cae226cf8c49fbba90d0197aa24cea3936d75ae1b715c63ad0d13976463eb1b1ad5394506c09c6fbfd642be3b4a07eb1edf57d08b70fdaa76cb43f384ef,,,,,,,,
1043,5310b36732adcb306bf541cfc07167aab125fdc69f95b159dc7599776e6c59eba8b9c847e20aad3e0d2cedcc27f1e73e9d9b7e9522ec4287c3f54c98bbca7ea7,hindi_griffinlim_eval_final/fake_hindi_griffinlim/hindi_fake_1043.wav,0,7.416,4.073480606079102,-5.283133506774902,rms_matched,False,0.931468884138235,hindi,3.624093532562256,5310b36732adcb306bf541cfc07167aab125fdc69f95b159dc7599776e6c59eba8b9c847e20aad3e0d2cedcc27f1e73e9d9b7e9522ec4287c3f54c98bbca7ea7,0.931468884138235,0.9684184777627136,0.0245247176617863,0.0069381741837935,0.1182656792269799,0.9815673828125,7.408,5310b36732adcb306bf541cfc07167aab125fdc69f95b159dc7599776e6c59eba8b9c847e20aad3e0d2cedcc27f1e73e9d9b7e9522ec4287c3f54c98bbca7ea7,,,,,,,,
1044,60b2daa4cda30b5320834f3c2d21ea1841b52ccd7bf7ed4689f3ff27ca59c3323707c95e9a17bea4082356c576bbc3f17a00106134240f3632529b329fc1e62a,hindi_griffinlim_eval_final/fake_hindi_griffinlim/hindi_fake_1044.wav,0,6.156,-5.654191017150879,6.437034130096436,rms_matched,False,0.8987356750427263,hindi,-6.103578090667725,60b2daa4cda30b5320834f3c2d21ea1841b52ccd7bf7ed4689f3ff27ca59c3323707c95e9a17bea4082356c576bbc3f17a00106134240f3632529b329fc1e62a,0.8987356750427263,0.8582684843267787,0.0831263348558606,0.0570803144887268,0.1013733122929255,0.8642322421073914,6.156,60b2daa4cda30b5320834f3c2d21ea1841b52ccd7bf7ed4689f3ff27ca59c3323707c95e9a17bea4082356c576bbc3f17a00106134240f3632529b329fc1e62a,0.655231453999175,0.2029952064224092,0.1417733395784156,0.7261925806395084,14.35312362605156,0.1897572115383482,0.4305056882559829,0.5839213672426109
1045,ea8ef3168cd29cf3bb33c603fc49336a1b58747fac2bdd17b4f6d59f24ed30a903a1b574e5d276035f8c3141478664e8f36c46a55fb6637e08b183a0969615a0,hindi_griffinlim_eval_final/fake_hindi_griffinlim/hindi_fake_1045.wav,0,3.24,2.866292953491211,-3.5522377490997314,rms_matched,False,0.82075576491662,hindi,2.4169058799743652,ea8ef3168cd29cf3bb33c603fc49336a1b58747fac2bdd17b4f6d59f24ed30a903a1b574e5d276035f8c3141478664e8f36c46a55fb6637e08b183a0969615a0,0.82075576491662,0.8551194168654127,0.1443246057365507,0.0004707568515831,0.1208917997462943,0.88043212890625,3.232,ea8ef3168cd29cf3bb33c603fc49336a1b58747fac2bdd17b4f6d59f24ed30a903a1b574e5d276035f8c3141478664e8f36c46a55fb6637e08b183a0969615a0,,,,,,,,
1046,0663aeb40f5d5ea46610cac3ca0183f2193b429770c84b516efe7d199b8b110944005539d986613fdc9d6532694f43c3a8e4dfc9de8ae7bfbc8b57b412ef71dd,hindi_griffinlim_eval_final/fake_hindi_griffinlim/hindi_fake_1046.wav,0,6.66,-5.908627986907959,6.776293754577637,rms_matched,False,0.4667540488054036,hindi,-6.358015060424805,0663aeb40f5d5ea46610cac3ca0183f2193b429770c84b516efe7d199b8b110944005539d986613fdc9d6532694f43c3a8e4dfc9de8ae7bfbc8b57b412ef71dd,0.4667540488054036,0.7014261216285669,0.2391911140146216,0.0578939684437995,0.0959594656641454,0.6896418929100037,6.66,0663aeb40f5d5ea46610cac3ca0183f2193b429770c84b516efe7d199b8b110944005539d986613fdc9d6532694f43c3a8e4dfc9de8ae7bfbc8b57b412ef71dd,,,,,,,,
1047,d4c2879ab41c9e74ea638e9cb5b2a557d5683744a6c2eb0fed1f4c7adef59c90f549a18287b7f8e6b74136651dafda58acaccbf4fb627728befbe6573a61f4b8,hindi_griffinlim_eval_final/fake_hindi_griffinlim/hindi_fake_1047.wav,0,5.22,-3.08728289604187,3.820697546005249,rms_matched,False,0.6480721835948577,hindi,-3.536669969558716,d4c2879ab41c9e74ea638e9cb5b2a557d5683744a6c2eb0fed1f4c7adef59c90f549a18287b7f8e6b74136651dafda58acaccbf4fb627728befbe6573a61f4b8,0.6480721835948577,0.8308891590715697,0.1198155173181618,0.0481654207563189,0.1127416178202196,0.7769564986228943,5.22,d4c2879ab41c9e74ea638e9cb5b2a557d5683744a6c2eb0fed1f4c7adef59c90f549a18287b7f8e6b74136651dafda58acaccbf4fb627728befbe6573a61f4b8,,,,,,,,
1048,a4a1040c8228b7c4f4f6d82e4db994894b669b51b15980a75e3c7f8f91169c13973557c4f950a4eef6447617ff114233bc495632040f6b24694c4127cc9a86b9,hindi_griffinlim_eval_final/fake_hindi_griffinlim/hindi_fake_1048.wav,0,7.92,0.5516966581344604,-0.7267785668373108,rms_matched,False,0.2004533446108296,hindi,0.10230958461761475,a4a1040c8228b7c4f4f6d82e4db994894b669b51b15980a75e3c7f8f91169c13973557c4f950a4eef6447617ff114233bc495632040f6b24694c4127cc9a86b9,0.2004533446108296,0.4487848064155509,0.3261879932973038,0.219193929085052,0.0301546437295224,0.1877164840698242,7.92,a4a1040c8228b7c4f4f6d82e4db994894b669b51b15980a75e3c7f8f91169c13973557c4f950a4eef6447617ff114233bc495632040f6b24694c4127cc9a86b9,0.4505382261521137,0.3205742962955974,0.2288874775522888,0.7158577882067889,14.428166980314325,0.1789922449868293,0.4224350884435556,0.5758368104788923
1049,32bf5ca000a1d646bb2e636e32c4bd507750c204271ab585b1e9fab7d08103c7e07825bdb376119fdef205be82f6e81766655dd5590cc21ec598b79a5c18e45f,hindi_griffinlim_eval_final/fake_hindi_griffinlim/hindi_fake_1049.wav,0,6.336,-3.809563159942627,4.73093318939209,rms_matched,False,0.9497065592403036,hindi,-4.258950233459473,32bf5ca000a1d646bb2e636e32c4bd507750c204271ab585b1e9fab7d08103c7e07825bdb376119fdef205be82f6e81766655dd5590cc21ec598b79a5c18e45f,0.9497065592403036,0.6569473708706416,0.2078078771781804,0.1317765149701046,0.0561494149270924,0.7577665448188782,6.336,32bf5ca000a1d646bb2e636e32c4bd507750c204271ab585b1e9fab7d08103c7e07825bdb376119fdef205be82f6e81766655dd5590cc21ec598b79a5c18e45f,,,,,,,,
1050,5191b8af39731f5141ffac823e13e25016e5b3109209f12d3337bdfc92ddff74ea717e293a01fe3b90fb2be2a87b0621cc385140b097b7e6d76f1d2e2f319d74,hindi_griffinlim_eval_final/fake_hindi_griffinlim/hindi_fake_1050.wav,0,7.236,-4.6016058921813965,5.347906112670898,rms_matched,False,0.3503285767041479,hindi,-5.050992965698242,5191b8af39731f5141ffac823e13e25016e5b3109209f12d3337bdfc92ddff74ea717e293a01fe3b90fb2be2a87b0621cc385140b097b7e6d76f1d2e2f319d74,0.3503285767041479,0.6217597237078129,0.3251197886183577,0.0520357551646969,0.1071219809431288,0.906240701675415,7.236,5191b8af39731f5141ffac823e13e25016e5b3109209f12d3337bdfc92ddff74ea717e293a01fe3b90fb2be2a87b0621cc385140b097b7e6d76f1d2e2f319d74,0.5690697830522772,0.3252446826712792,0.1056855342764435,0.6977314852301117,14.62545872031021,0.1250975186189908,0.3611971481707698,0.5307660919941638
1051,1a88297b510c4d15acdd9d6a3f50d13fd6420c8f934e487a7ec5096ab5fbebef165269d581a12002a5eca2cf3fbced4552441668df9c027abd45ef0895eabbc2,hindi_griffinlim_eval_final/fake_hindi_griffinlim/hindi_fake_1051.wav,0,4.14,-2.61426043510437,3.545847654342652,rms_matched,False,0.6703554226245967,hindi,-3.063647508621216,1a88297b510c4d15acdd9d6a3f50d13fd6420c8f934e487a7ec5096ab5fbebef165269d581a12002a5eca2cf3fbced4552441668df9c027abd45ef0895eabbc2,0.6703554226245967,0.6724869858679967,0.2460688078151809,0.0795347546958739,0.084336654064151,0.6463051438331604,4.14,1a88297b510c4d15acdd9d6a3f50d13fd6420c8f934e487a7ec5096ab5fbebef165269d581a12002a5eca2cf3fbced4552441668df9c027abd45ef0895eabbc2,,,,,,,,
1052,927f8731733fc157240975bf02b3117bf9379dd71d63f0a086dd6f4e220dd4d979c60c3a727fe22f3599c41a500a5346701bc2f2fd29dc492cec60bd478d7f1b,hindi_griffinlim_eval_final/fake_hindi_griffinlim/hindi_fake_1052.wav,0,5.76,-4.16160249710083,4.936135768890381,rms_matched,False,0.8888004181042273,hindi,-4.610989570617676,927f8731733fc157240975bf02b3117bf9379dd71d63f0a086dd6f4e220dd4d979c60c3a727fe22f3599c41a500a5346701bc2f2fd29dc492cec60bd478d7f1b,0.8888004181042273,0.6782901993537974,0.1951230657994579,0.1232481260427164,0.0596621717478351,0.6095905303955078,5.76,927f8731733fc157240975bf02b3117bf9379dd71d63f0a086dd6f4e220dd4d979c60c3a727fe22f3599c41a500a5346701bc2f2fd29dc492cec60bd478d7f1b,,,,,,,,
1053,9c12887b11ae7ce76bcb5c4ca6b56f174e89c82f02c52c05b93ac7a40b6fb7b28d8474241a7dc36b3ad5b36eab48a209bf7e68a905ca64ac40b89e9311dec25d,hindi_griffinlim_eval_final/fake_hindi_griffinlim/hindi_fake_1053.wav,0,3.672,-0.8236163258552551,1.3755357265472412,rms_matched,False,0.4110201145792553,hindi,-1.2730033993721008,9c12887b11ae7ce76bcb5c4ca6b56f174e89c82f02c52c05b93ac7a40b6fb7b28d8474241a7dc36b3ad5b36eab48a209bf7e68a905ca64ac40b89e9311dec25d,0.4110201145792553,0.5050364810291001,0.3034468775525342,0.1861057051804791,0.0381435065119165,0.1961597800254821,3.672,9c12887b11ae7ce76bcb5c4ca6b56f174e89c82f02c52c05b93ac7a40b6fb7b28d8474241a7dc36b3ad5b36eab48a209bf7e68a905ca64ac40b89e9311dec25d,0.4645343029780328,0.3299983152183119,0.2054673818036553,0.6863298973791283,14.60839032290393,0.1543127300468126,0.3829332643490435,0.5344602894073117
1054,5d04e341d28471b5a0877f8fdc6dfb88a706c40c3a904e7e0b0982891ccab4d619b816f3a5dc1025591b7cfdc9f56ef10169afd22bfcd78c1ee7b6fc4e36bc03,hindi_griffinlim_eval_final/fake_hindi_griffinlim/hindi_fake_1054.wav,0,4.572,-1.2299789190292358,1.93140971660614,rms_matched,False,0.4574388946254457,hindi,-1.6793659925460815,5d04e341d28471b5a0877f8fdc6dfb88a706c40c3a904e7e0b0982891ccab4d619b816f3a5dc1025591b7cfdc9f56ef10169afd22bfcd78c1ee7b6fc4e36bc03,0.4574388946254457,0.5148516992298379,0.4161450013848792,0.0671312592929982,0.0768873539367896,0.6547384262084961,4.572,5d04e341d28471b5a0877f8fdc6dfb88a706c40c3a904e7e0b0982891ccab4d619b816f3a5dc1025591b7cfdc9f56ef10169afd22bfcd78c1ee7b6fc4e36bc03,,,,,,,,
1055,f398e532c4307d0fb6f23dda4b599e05c8483a5211aab4dba56e24a0acc89810af5b98cc96afe0b55fdee3b41250c05571fa3d170e517213e71e52e481a80df1,hindi_griffinlim_eval_final/fake_hindi_griffinlim/hindi_fake_1055.wav,0,2.784,-3.2373745441436768,4.14227819442749,rms_matched,False,0.5081423139904793,hindi,-3.6867616176605225,f398e532c4307d0fb6f23dda4b599e05c8483a5211aab4dba56e24a0acc89810af5b98cc96afe0b55fdee3b41250c05571fa3d170e517213e71e52e481a80df1,0.5081423139904793,0.7707870015700315,0.1575991921323589,0.0704045451244702,0.1151959815493972,0.757051944732666,2.784,f398e532c4307d0fb6f23dda4b599e05c8483a5211aab4dba56e24a0acc89810af5b98cc96afe0b55fdee3b41250c05571fa3d170e517213e71e52e481a80df1,,,,,,,,
1056,74751bae9cd9bc9a9c005dce39ee035a3d1a201afb6bc83523226793b7fa2526d2c29ccebaaee7bcc6af9949646ae1bde77eade6fcec218564391c06e0ec86d3,hindi_griffinlim_eval_final/fake_hindi_griffinlim/hindi_fake_1056.wav,0,4.968,-1.0656367540359497,1.6362006664276123,rms_matched,False,0.5756961668048632,hindi,-1.5150238275527954,74751bae9cd9bc9a9c005dce39ee035a3d1a201afb6bc83523226793b7fa2526d2c29ccebaaee7bcc6af9949646ae1bde77eade6fcec218564391c06e0ec86d3,0.5756961668048632,0.600333122304388,0.2540560191644077,0.1419285289843435,0.050238427307111,0.3162182569503784,4.968,74751bae9cd9bc9a9c005dce39ee035a3d1a201afb6bc83523226793b7fa2526d2c29ccebaaee7bcc6af9949646ae1bde77eade6fcec218564391c06e0ec86d3,0.5906635868254806,0.2627881661105115,0.1465482470640079,0.7004945207046727,14.569411083207813,0.1459786238713709,0.3818886469251273,0.5431370625987316
1057,d5417347b8d450c2aefa6ac74539b48c943a0d94b866457184e18c67074d8c2eb785e7191abf9c2199ef4db0873ef3ca503bfeaee470f6ab2506b8c2120a6669,hindi_griffinlim_eval_final/fake_hindi_griffinlim/hindi_fake_1057.wav,0,6.876,-5.759077548980713,6.577564239501953,rms_matched,False,0.3077198289953415,hindi,-6.208464622497559,d5417347b8d450c2aefa6ac74539b48c943a0d94b866457184e18c67074d8c2eb785e7191abf9c2199ef4db0873ef3ca503bfeaee470f6ab2506b8c2120a6669,0.3077198289953415,0.508244056749786,0.406668752882578,0.0839740954960992,0.0996596634792666,0.9729005098342896,6.876,d5417347b8d450c2aefa6ac74539b48c943a0d94b866457184e18c67074d8c2eb785e7191abf9c2199ef4db0873ef3ca503bfeaee470f6ab2506b8c2120a6669,,,,,,,,
1058,0296590f079d0307e6a54bed03a9a137e124eae99c566ac40f5e14ff6f07084af6f1b3c11b51c8910d774cc6ae571696c616838249c2e12fe64eae03221496c8,hindi_griffinlim_eval_final/fake_hindi_griffinlim/hindi_fake_1058.wav,0,5.472,-0.2313818782567978,0.5775423049926758,rms_matched,False,0.8521426391302136,hindi,-0.6807689517736435,0296590f079d0307e6a54bed03a9a137e124eae99c566ac40f5e14ff6f07084af6f1b3c11b51c8910d774cc6ae571696c616838249c2e12fe64eae03221496c8,0.8521426391302136,0.5313567433831258,0.2961805143015807,0.1678369199300728,0.0420983442588467,0.5827367901802063,5.472,0296590f079d0307e6a54bed03a9a137e124eae99c566ac40f5e14ff6f07084af6f1b3c11b51c8910d774cc6ae571696c616838249c2e12fe64eae03221496c8,,,,,,,,
1059,0f018a99663f33afbb7d38aee281fb1afcfd07f9e7acd00383f604e1e17c38d6ed8adf1bd2ccbf927a52c5adefb8ac4b158ce27a7c2ed9581e71202eb302dfb3,hindi_griffinlim_eval_final/fake_hindi_griffinlim/hindi_fake_1059.wav,0,4.824,-5.62353515625,6.445088863372803,rms_matched,False,0.7311341863472917,hindi,-6.072922229766846,0f018a99663f33afbb7d38aee281fb1afcfd07f9e7acd00383f604e1e17c38d6ed8adf1bd2ccbf927a52c5adefb8ac4b158ce27a7c2ed9581e71202eb302dfb3,0.7311341863472917,0.6594652177623174,0.2739438862845505,0.0650957843143808,0.0915081846115397,0.8194966316223145,4.824,0f018a99663f33afbb7d38aee281fb1afcfd07f9e7acd00383f604e1e17c38d6ed8adf1bd2ccbf927a52c5adefb8ac4b158ce27a7c2ed9581e71202eb302dfb3,,,,,,,,
1060,0eef353f918900f4b6b2c52b697013c0ac2340228d97696f460545e777a0a619dc934a6e2bdc5329525c74d683591af809ae5b8d4157abba6321a5b7366bb73e,hindi_griffinlim_eval_final/fake_hindi_griffinlim/hindi_fake_1060.wav,0,3.96,5.805845260620117,-7.571883201599121,rms_matched,False,0.6141211458003941,hindi,5.3564581871032715,0eef353f918900f4b6b2c52b697013c0ac2340228d97696f460545e777a0a619dc934a6e2bdc5329525c74d683591af809ae5b8d4157abba6321a5b7366bb73e,0.6141211458003941,0.4251538809185782,0.337758545077173,0.2310232276563778,0.0292194075809484,0.3840482831001282,3.96,0eef353f918900f4b6b2c52b697013c0ac2340228d97696f460545e777a0a619dc934a6e2bdc5329525c74d683591af809ae5b8d4157abba6321a5b7366bb73e,,,,,,,,
1061,52f22814969ddf3ae439c9927cdc815781938e7b8db9939cbe5cc7211c83b3dd6eccb62b360571d4002d64878c3b70340e8a76bf784048ff984b73b71d31fc52,hindi_griffinlim_eval_final/fake_hindi_griffinlim/hindi_fake_1061.wav,0,2.808,-2.0957250595092773,3.010439395904541,rms_matched,False,0.3178095273127884,hindi,-2.545112133026123,52f22814969ddf3ae439c9927cdc815781938e7b8db9939cbe5cc7211c83b3dd6eccb62b360571d4002d64878c3b70340e8a76bf784048ff984b73b71d31fc52,0.3178095273127884,0.4177388386307815,0.3620632699284123,0.2147208695147481,0.0304337903510338,0.1647942662239074,2.808,52f22814969ddf3ae439c9927cdc815781938e7b8db9939cbe5cc7211c83b3dd6eccb62b360571d4002d64878c3b70340e8a76bf784048ff984b73b71d31fc52,0.4001637209403711,0.3732046754072596,0.2266316036523692,0.7180917944512457,14.439794270941231,0.1702875011763308,0.4149572791574921,0.572735064641729
1062,80d92595b38c164010ef7313465d16463f2c96fa6fc022b2e01e189d36b259ca8c60d34dedd33eb9e2efc010529edd502641106737ba607a53218e01e86be40a,hindi_griffinlim_eval_final/fake_hindi_griffinlim/hindi_fake_1062.wav,0,7.92,-5.1524858474731445,5.891745090484619,rms_matched,False,0.13876423215862,hindi,-5.60187292098999,80d92595b38c164010ef7313465d16463f2c96fa6fc022b2e01e189d36b259ca8c60d34dedd33eb9e2efc010529edd502641106737ba607a53218e01e86be40a,0.13876423215862,0.5128305519100571,0.375164013330316,0.1110500686199445,0.1084500755756504,0.9900000095367432,7.92,80d92595b38c164010ef7313465d16463f2c96fa6fc022b2e01e189d36b259ca8c60d34dedd33eb9e2efc010529edd502641106737ba607a53218e01e86be40a,,,,,,,,
1063,6599122319c224d4b370bdaa817d68a9d0d1774b81aada4980c0519f78ae3a9ebea33cc1b8fc6a20008d791474bdefb675e448b3c00d10d0fd05a39e153e922e,hindi_griffinlim_eval_final/fake_hindi_griffinlim/hindi_fake_1063.wav,0,6.156,-0.5872491598129272,1.0817087888717651,rms_matched,False,0.8384698566880519,hindi,-1.036636233329773,6599122319c224d4b370bdaa817d68a9d0d1774b81aada4980c0519f78ae3a9ebea33cc1b8fc6a20008d791474bdefb675e448b3c00d10d0fd05a39e153e922e,0.8384698566880519,0.7938086542023405,0.1240814311958864,0.0801418338437205,0.0868395117246798,0.7043566107749939,6.156,6599122319c224d4b370bdaa817d68a9d0d1774b81aada4980c0519f78ae3a9ebea33cc1b8fc6a20008d791474bdefb675e448b3c00d10d0fd05a39e153e922e,0.7100609230600426,0.17125060368441,0.1186884732555474,0.6948922882993744,14.592454917046656,0.147339435284372,0.3806987554722691,0.5401698694087377
1064,0303022c144407f09d8f97be16ba6f2c41ac249e162b24f7d213f0c8a10c4235a4dbd0f53c4d6bcd674ea939898fa29d241a0c183c8f8b5963f55ea5a5327379,hindi_griffinlim_eval_final/fake_hindi_griffinlim/hindi_fake_1064.wav,0,7.452,-0.2013489753007888,0.3531567752361297,rms_matched,False,0.1749853686883423,hindi,-0.6507360488176345,0303022c144407f09d8f97be16ba6f2c41ac249e162b24f7d213f0c8a10c4235a4dbd0f53c4d6bcd674ea939898fa29d241a0c183c8f8b5963f55ea5a5327379,0.1749853686883423,0.4943384654661206,0.2881455977514621,0.2129777154611921,0.0441853206414227,0.2625752687454223,7.452,0303022c144407f09d8f97be16ba6f2c41ac249e162b24f7d213f0c8a10c4235a4dbd0f53c4d6bcd674ea939898fa29d241a0c183c8f8b5963f55ea5a5327379,,,,,,,,
1065,42adfde56dd3d69ed58436d1e8a55fac999afb0e390ebc65c299c3cd2b7258cb079683412241e54e7fa275e56a02bd19a10d6a17fead09988cd0fad2e6061e7b,hindi_griffinlim_eval_final/fake_hindi_griffinlim/hindi_fake_1065.wav,0,3.96,-5.435537815093994,6.18417501449585,rms_matched,False,0.8613288187805855,hindi,-5.88492488861084,42adfde56dd3d69ed58436d1e8a55fac999afb0e390ebc65c299c3cd2b7258cb079683412241e54e7fa275e56a02bd19a10d6a17fead09988cd0fad2e6061e7b,0.8613288187805855,0.8257843595619855,0.1215009204944525,0.0514730008445196,0.1086996471987016,0.8822298645973206,3.96,42adfde56dd3d69ed58436d1e8a55fac999afb0e390ebc65c299c3cd2b7258cb079683412241e54e7fa275e56a02bd19a10d6a17fead09988cd0fad2e6061e7b,,,,,,,,
1066,c7c4e5ded1e6121c38594d1e3bbb5a49f1d269f96c2591f9e2d4da7cf5c9cdc7598248c5d24452c832160a2503d344167242cafabc1dc3936e1a6065b281ae77,hindi_griffinlim_eval_final/fake_hindi_griffinlim/hindi_fake_1066.wav,0,3.24,-2.4092507362365723,3.1876120567321777,rms_matched,False,0.7616828795177493,hindi,-2.858637809753418,c7c4e5ded1e6121c38594d1e3bbb5a49f1d269f96c2591f9e2d4da7cf5c9cdc7598248c5d24452c832160a2503d344167242cafabc1dc3936e1a6065b281ae77,0.7616828795177493,0.9515721674961464,0.0408194829833168,0.0075538518275902,0.1434145397245533,0.990020751953125,3.232,c7c4e5ded1e6121c38594d1e3bbb5a49f1d269f96c2591f9e2d4da7cf5c9cdc7598248c5d24452c832160a2503d344167242cafabc1dc3936e1a6065b281ae77,,,,,,,,
1067,1da3e82d56c4b06d4028ecc92aca9dc352823b8ec3e30de4da211906b610e38731002b15ef77c26455730b72f40ec1685543812f28aebbf3d093e8e83b3bad25,hindi_griffinlim_eval_final/fake_hindi_griffinlim/hindi_fake_1067.wav,0,6.336,-0.0349704138934612,-0.0720979124307632,rms_matched,False,0.7748635205772422,hindi,-0.48435748741030693,1da3e82d56c4b06d4028ecc92aca9dc352823b8ec3e30de4da211906b610e38731002b15ef77c26455730b72f40ec1685543812f28aebbf3d093e8e83b3bad25,0.7748635205772422,0.7878200932801729,0.1430697064200895,0.0678458195765406,0.1057816791246556,0.9043304324150084,6.336,1da3e82d56c4b06d4028ecc92aca9dc352823b8ec3e30de4da211906b610e38731002b15ef77c26455730b72f40ec1685543812f28aebbf3d093e8e83b3bad25,,,,,,,,
1068,984398a9ba94c5ce43b621c6fee2c6092d5ea3632e0b605bf206a5ae59eba42401dbc36603073eec2117374293d2675a9847d91f1c71deeeeee7c5202840a1ea,hindi_griffinlim_eval_final/fake_hindi_griffinlim/hindi_fake_1068.wav,0,2.736,-1.9191906452178955,2.6151340007781982,rms_matched,False,0.282069135189663,hindi,-2.368577718734741,984398a9ba94c5ce43b621c6fee2c6092d5ea3632e0b605bf206a5ae59eba42401dbc36603073eec2117374293d2675a9847d91f1c71deeeeee7c5202840a1ea,0.282069135189663,0.6087249376866075,0.1470163093072879,0.2423023692302801,0.0786009312302652,0.5313408970832825,2.736,984398a9ba94c5ce43b621c6fee2c6092d5ea3632e0b605bf206a5ae59eba42401dbc36603073eec2117374293d2675a9847d91f1c71deeeeee7c5202840a1ea,,,,,,,,
1069,e0a47331065c4e1a9ffd6eed4cb902b631814a6130faf9401d447eba044cf1af767ff9a242e7c97886c74ac130ec73716192fd074e4abca825e77caca52e0ca0,hindi_griffinlim_eval_final/fake_hindi_griffinlim/hindi_fake_1069.wav,0,2.988,-5.538705825805664,6.367183685302734,rms_matched,False,0.6407488745350252,hindi,-5.98809289932251,e0a47331065c4e1a9ffd6eed4cb902b631814a6130faf9401d447eba044cf1af767ff9a242e7c97886c74ac130ec73716192fd074e4abca825e77caca52e0ca0,0.6407488745350252,0.7218864319241264,0.1546649122214883,0.1215951531773957,0.0912356510731639,0.6486563086509705,2.988,e0a47331065c4e1a9ffd6eed4cb902b631814a6130faf9401d447eba044cf1af767ff9a242e7c97886c74ac130ec73716192fd074e4abca825e77caca52e0ca0,,,,,,,,
1070,439f45a458aa3fb2b90c635b0b8f07e4182c5aec6177ec417f91ee355768fc1655301d31a1c35a6a1727014480d611123576f5e9f6c96385b515a83690d70366,hindi_griffinlim_eval_final/fake_hindi_griffinlim/hindi_fake_1070.wav,0,6.336,-3.829320192337036,4.539346694946289,rms_matched,False,0.816085790692692,hindi,-4.278707265853882,439f45a458aa3fb2b90c635b0b8f07e4182c5aec6177ec417f91ee355768fc1655301d31a1c35a6a1727014480d611123576f5e9f6c96385b515a83690d70366,0.816085790692692,0.7745790650743621,0.1595175404322903,0.0641271275096897,0.0880253865692009,0.7158507704734802,6.336,439f45a458aa3fb2b90c635b0b8f07e4182c5aec6177ec417f91ee355768fc1655301d31a1c35a6a1727014480d611123576f5e9f6c96385b515a83690d70366,,,,,,,,
1071,949d46bd8792e08b2ee6c5736df551c23a26e45db1306d71836317cfc115ff4cf71da8164c9063aeefd98bd8c12626dbe22b79a07420d6fe8317fb6fc9fa368b,hindi_griffinlim_eval_final/fake_hindi_griffinlim/hindi_fake_1071.wav,0,4.248,1.2252551317214966,-1.7445871829986572,rms_matched,False,0.3914193340353485,hindi,0.7758680582046509,949d46bd8792e08b2ee6c5736df551c23a26e45db1306d71836317cfc115ff4cf71da8164c9063aeefd98bd8c12626dbe22b79a07420d6fe8317fb6fc9fa368b,0.3914193340353485,0.5118083801814037,0.2848778837088772,0.1980637117231746,0.037338669607625,0.1931416392326355,4.248,949d46bd8792e08b2ee6c5736df551c23a26e45db1306d71836317cfc115ff4cf71da8164c9063aeefd98bd8c12626dbe22b79a07420d6fe8317fb6fc9fa368b,,,,,,,,
1072,20c8af3d3924681f688ee678fe8bf01fb61085553e888cfcee35b3d4268a1a0e50d0cde2c1e1c5ad13701d066561a04fc1a9a0492c4433338cad61132eb03695,hindi_griffinlim_eval_final/fake_hindi_griffinlim/hindi_fake_1072.wav,0,3.636,-2.624976634979248,3.520599365234375,rms_matched,False,0.8944101857533995,hindi,-3.0743637084960938,20c8af3d3924681f688ee678fe8bf01fb61085553e888cfcee35b3d4268a1a0e50d0cde2c1e1c5ad13701d066561a04fc1a9a0492c4433338cad61132eb03695,0.8944101857533995,0.7142865464732253,0.1908629529506746,0.0923120914941302,0.0684598127580684,0.581926703453064,3.636,20c8af3d3924681f688ee678fe8bf01fb61085553e888cfcee35b3d4268a1a0e50d0cde2c1e1c5ad13701d066561a04fc1a9a0492c4433338cad61132eb03695,,,,,,,,
1073,ca6156fb12800e3b3fc41f9907777531141ebf8f445b70901bc7137ffd0e5516c2229f3c8c695423887299cdfe5b9160cea313d614a4ba540d5ff4102dda821e,hindi_griffinlim_eval_final/fake_hindi_griffinlim/hindi_fake_1073.wav,0,5.04,-1.7240943908691406,2.3352530002593994,rms_matched,False,0.579342957468949,hindi,-2.1734814643859863,ca6156fb12800e3b3fc41f9907777531141ebf8f445b70901bc7137ffd0e5516c2229f3c8c695423887299cdfe5b9160cea313d614a4ba540d5ff4102dda821e,0.579342957468949,0.8107364941853011,0.1742471013599018,0.0149021866121218,0.116039917642508,0.76904296875,5.04,ca6156fb12800e3b3fc41f9907777531141ebf8f445b70901bc7137ffd0e5516c2229f3c8c695423887299cdfe5b9160cea313d614a4ba540d5ff4102dda821e,,,,,,,,
1074,68cb270e1215efd79204c075fb9df17b4ea024a7c09f74970ea4e506e73229238b2c3b3fc62c0f650e4fbd93cfbdd109b4442bcd5292c50b81cf80146568bf42,hindi_griffinlim_eval_final/fake_hindi_griffinlim/hindi_fake_1074.wav,0,5.544,-0.1900501400232315,0.5399497151374817,rms_matched,False,0.2945077844224925,hindi,-0.6394372135400772,68cb270e1215efd79204c075fb9df17b4ea024a7c09f74970ea4e506e73229238b2c3b3fc62c0f650e4fbd93cfbdd109b4442bcd5292c50b81cf80146568bf42,0.2945077844224925,0.4881443314410058,0.3236867374449994,0.1849473965716226,0.0526429943656902,0.4047355651855469,5.544,68cb270e1215efd79204c075fb9df17b4ea024a7c09f74970ea4e506e73229238b2c3b3fc62c0f650e4fbd93cfbdd109b4442bcd5292c50b81cf80146568bf42,,,,,,,,
1075,5910123d516315dfc2a43523d5cbc63444096a4cd38bb8b772155e3c51fb2f1eb673beaa1603de242ad8aa5dafe9d0ebd85a1c02bc6a7ee45e636585932306ae,hindi_griffinlim_eval_final/fake_hindi_griffinlim/hindi_fake_1075.wav,0,3.348,6.230844497680664,-8.10964298248291,rms_matched,False,0.1425541137812181,hindi,5.781457424163818,5910123d516315dfc2a43523d5cbc63444096a4cd38bb8b772155e3c51fb2f1eb673beaa1603de242ad8aa5dafe9d0ebd85a1c02bc6a7ee45e636585932306ae,0.1425541137812181,0.2988707877832949,0.4100764902690893,0.2831811157708057,0.0154780070324971,0.0700715780258178,3.348,5910123d516315dfc2a43523d5cbc63444096a4cd38bb8b772155e3c51fb2f1eb673beaa1603de242ad8aa5dafe9d0ebd85a1c02bc6a7ee45e636585932306ae,0.2967803685165672,0.4155155480311844,0.2877040834522482,0.7350407550145368,14.2625823852362,0.205925910456661,0.4512993566319125,0.6025167546020576
1076,ffb5eeb570d2ef310e46742868405151da6adb390253787708f24b730c59c01b34656465701e80b1157e9b0f9421b9a06a454f56e2a3a4bdfbf5c6c64addad11,hindi_griffinlim_eval_final/fake_hindi_griffinlim/hindi_fake_1076.wav,0,4.788,-3.406634330749512,4.252957344055176,rms_matched,False,0.8773375937602979,hindi,-3.856021404266358,ffb5eeb570d2ef310e46742868405151da6adb390253787708f24b730c59c01b34656465701e80b1157e9b0f9421b9a06a454f56e2a3a4bdfbf5c6c64addad11,0.8773375937602979,0.7462310689084437,0.1443680101744011,0.1076996959352512,0.0914798941987724,0.8774036169052124,4.788,ffb5eeb570d2ef310e46742868405151da6adb390253787708f24b730c59c01b34656465701e80b1157e9b0f9421b9a06a454f56e2a3a4bdfbf5c6c64addad11,,,,,,,,
1077,5b3872837902e6d95327320c254ce8cc9e7b69e3ad4e2e54f93009f6f44af95a3b2bd03dd9504518ddea0ce1bb0793458ea03d00ccd3c918aba1a0a91476da99,hindi_griffinlim_eval_final/fake_hindi_griffinlim/hindi_fake_1077.wav,0,3.024,-5.495798587799072,6.371907234191895,rms_matched,False,0.7128861694106451,hindi,-5.945185661315918,5b3872837902e6d95327320c254ce8cc9e7b69e3ad4e2e54f93009f6f44af95a3b2bd03dd9504518ddea0ce1bb0793458ea03d00ccd3c918aba1a0a91476da99,0.7128861694106451,0.7470274685102297,0.0933196086933562,0.1582237227006658,0.0950576587109283,0.753435492515564,3.024,5b3872837902e6d95327320c254ce8cc9e7b69e3ad4e2e54f93009f6f44af95a3b2bd03dd9504518ddea0ce1bb0793458ea03d00ccd3c918aba1a0a91476da99,,,,,,,,
1078,3dbb15be45bbb6a44cee0c715a4fd06c4e5267061420217c4a4279a8f47365fa3c7243c274d08ddaa39a11d39b1c281760c59e358f1a4b14914923605831a3b8,hindi_griffinlim_eval_final/fake_hindi_griffinlim/hindi_fake_1078.wav,0,7.128,-5.58673620223999,6.371108055114746,rms_matched,False,0.7276151176678982,hindi,-6.036123275756836,3dbb15be45bbb6a44cee0c715a4fd06c4e5267061420217c4a4279a8f47365fa3c7243c274d08ddaa39a11d39b1c281760c59e358f1a4b14914923605831a3b8,0.7276151176678982,0.7444143930450989,0.1404204708936499,0.1128081295827322,0.0740239520191208,0.5664469003677368,7.128,3dbb15be45bbb6a44cee0c715a4fd06c4e5267061420217c4a4279a8f47365fa3c7243c274d08ddaa39a11d39b1c281760c59e358f1a4b14914923605831a3b8,,,,,,,,
1079,0d2120fd5389d89f197e877a642aeb305bd4d8a9820d642a3ca7e83fe64ca61a0a8b15a37958f3629aa855408d3eabc56d2521ff9a06db24bd0c95320f66efab,hindi_griffinlim_eval_final/fake_hindi_griffinlim/hindi_fake_1079.wav,0,6.696,0.0750572681427002,-0.212367758154869,rms_matched,False,0.533543398352001,hindi,-0.3743298053741455,0d2120fd5389d89f197e877a642aeb305bd4d8a9820d642a3ca7e83fe64ca61a0a8b15a37958f3629aa855408d3eabc56d2521ff9a06db24bd0c95320f66efab,0.533543398352001,0.9490882265593792,0.0281119390831751,0.0227195359008525,0.1420583267621121,0.94342041015625,6.688,0d2120fd5389d89f197e877a642aeb305bd4d8a9820d642a3ca7e83fe64ca61a0a8b15a37958f3629aa855408d3eabc56d2521ff9a06db24bd0c95320f66efab,,,,,,,,
1080,552fd8cf90f15edcaf7388b1164d58d7eae5f20674dc780b9efb9d43c80af1ccbdef88d0ddfb76038b9614eda2b556cbb4fa8a46ca54ad7dcc43d9298b63f1eb,hindi_griffinlim_eval_final/fake_hindi_griffinlim/hindi_fake_1080.wav,0,5.328,-4.976666450500488,5.824710845947266,rms_matched,False,0.6248331906428808,hindi,-5.426053524017334,552fd8cf90f15edcaf7388b1164d58d7eae5f20674dc780b9efb9d43c80af1ccbdef88d0ddfb76038b9614eda2b556cbb4fa8a46ca54ad7dcc43d9298b63f1eb,0.6248331906428808,0.606276448180229,0.2438712387136218,0.1469815173893458,0.0647965708333392,0.5578736662864685,5.328,552fd8cf90f15edcaf7388b1164d58d7eae5f20674dc780b9efb9d43c80af1ccbdef88d0ddfb76038b9614eda2b556cbb4fa8a46ca54ad7dcc43d9298b63f1eb,,,,,,,,
1081,13b72f7b7cca925bd373d5f2eab80cc1ea66148b333a85d6ca12be7e926fa2faf00dd733d0c670651eca79a91b3efeaf6918600638811c1c946b261c671a525e,hindi_griffinlim_eval_final/fake_hindi_griffinlim/hindi_fake_1081.wav,0,4.5,-0.2891232669353485,0.6267354488372803,rms_matched,False,0.4335410528911235,hindi,-0.7385103404521942,13b72f7b7cca925bd373d5f2eab80cc1ea66148b333a85d6ca12be7e926fa2faf00dd733d0c670651eca79a91b3efeaf6918600638811c1c946b261c671a525e,0.4335410528911235,0.5435733231679559,0.2160870759733357,0.2383579487695398,0.0711341756798613,0.6900278925895691,4.5,13b72f7b7cca925bd373d5f2eab80cc1ea66148b333a85d6ca12be7e926fa2faf00dd733d0c670651eca79a91b3efeaf6918600638811c1c946b261c671a525e,,,,,,,,
1082,ec98bf4f4c7ebeb53552af57da3d7a49f21818abc1725b040a1b968399e00793bb92c3c43fc8a718ebdf2cd08df8a20903f45474f2545ae873ddfb15c6a759c5,hindi_griffinlim_eval_final/fake_hindi_griffinlim/hindi_fake_1082.wav,0,5.688,-5.570813655853272,6.363705158233643,rms_matched,False,0.9751632916170914,hindi,-6.020200729370118,ec98bf4f4c7ebeb53552af57da3d7a49f21818abc1725b040a1b968399e00793bb92c3c43fc8a718ebdf2cd08df8a20903f45474f2545ae873ddfb15c6a759c5,0.9751632916170914,0.731542319634567,0.1844647415302004,0.0820417512041617,0.0783348675455359,0.990000069141388,5.688,ec98bf4f4c7ebeb53552af57da3d7a49f21818abc1725b040a1b968399e00793bb92c3c43fc8a718ebdf2cd08df8a20903f45474f2545ae873ddfb15c6a759c5,,,,,,,,
1083,be10029504aaa30796d27938620d08189f19a31701c9f552f60c99eff87dddfbf804efc53af08d2670685aeaeeb295c9f3326c85b8127b0ad0d1232f03bc1781,hindi_griffinlim_eval_final/fake_hindi_griffinlim/hindi_fake_1083.wav,0,7.596,-6.100454807281494,6.9829301834106445,peak_normalized,True,0.9907144617079384,hindi,-6.54984188079834,be10029504aaa30796d27938620d08189f19a31701c9f552f60c99eff87dddfbf804efc53af08d2670685aeaeeb295c9f3326c85b8127b0ad0d1232f03bc1781,0.9907144617079384,0.7448330249275148,0.2548341819846124,0.0001034752433707,0.0699472119395537,0.989990234375,7.584,be10029504aaa30796d27938620d08189f19a31701c9f552f60c99eff87dddfbf804efc53af08d2670685aeaeeb295c9f3326c85b8127b0ad0d1232f03bc1781,,,,,,,,
1084,d5417347b8d450c2aefa6ac74539b48c943a0d94b866457184e18c67074d8c2eb785e7191abf9c2199ef4db0873ef3ca503bfeaee470f6ab2506b8c2120a6669,hindi_griffinlim_eval_final/fake_hindi_griffinlim/hindi_fake_1084.wav,0,4.968,-5.894371032714844,6.697416305541992,rms_matched,False,0.3846993227336444,hindi,-6.3437581062316895,d5417347b8d450c2aefa6ac74539b48c943a0d94b866457184e18c67074d8c2eb785e7191abf9c2199ef4db0873ef3ca503bfeaee470f6ab2506b8c2120a6669,0.3846993227336444,0.5308413360001957,0.3741325320038716,0.0933711498009433,0.0806682953909465,0.6751810312271118,4.968,d5417347b8d450c2aefa6ac74539b48c943a0d94b866457184e18c67074d8c2eb785e7191abf9c2199ef4db0873ef3ca503bfeaee470f6ab2506b8c2120a6669,,,,,,,,
1085,eadc13b88ea5631a21a2beb0917e9be628171b8aaae29918cb08b2afa62e820e01d0a5e21154b643f10067864ae138783bc31abf1a13b86bcb072fa0f0df4d40,hindi_griffinlim_eval_final/fake_hindi_griffinlim/hindi_fake_1085.wav,0,7.02,0.1946059763431549,-0.1633338034152984,rms_matched,False,0.2459726934165655,hindi,-0.2547810971736908,eadc13b88ea5631a21a2beb0917e9be628171b8aaae29918cb08b2afa62e820e01d0a5e21154b643f10067864ae138783bc31abf1a13b86bcb072fa0f0df4d40,0.2459726934165655,0.4586464538640965,0.316500999351254,0.2190558863184559,0.0317275660965817,0.2054649591445922,7.02,eadc13b88ea5631a21a2beb0917e9be628171b8aaae29918cb08b2afa62e820e01d0a5e21154b643f10067864ae138783bc31abf1a13b86bcb072fa0f0df4d40,,,,,,,,
1086,9929c6f2b01a8c28f2e56c628d79399fb1e541643209aa4c5e28768681147947cad19a67ec59f260cf85a4586e3d35fe427119ab932c78c14583d719abff7062,hindi_griffinlim_eval_final/fake_hindi_griffinlim/hindi_fake_1086.wav,0,4.86,1.5670428276062012,-2.252779006958008,rms_matched,False,0.6892441762121351,hindi,1.1176557540893555,9929c6f2b01a8c28f2e56c628d79399fb1e541643209aa4c5e28768681147947cad19a67ec59f260cf85a4586e3d35fe427119ab932c78c14583d719abff7062,0.6892441762121351,0.8610850158178076,0.1214849565239423,0.0173392229794768,0.1268643362801119,0.910247802734375,4.848,9929c6f2b01a8c28f2e56c628d79399fb1e541643209aa4c5e28768681147947cad19a67ec59f260cf85a4586e3d35fe427119ab932c78c14583d719abff7062,,,,,,,,
1087,43bc745f9a7b6bd69a6cf5af88d6d8a31436266533dfa04def07f906d4fd43867f88a11badb4e6b57aefd010b66136392f98b79281d97eebcad6333be3d07cb2,hindi_griffinlim_eval_final/fake_hindi_griffinlim/hindi_fake_1087.wav,0,4.32,-5.991132736206055,6.875021934509277,rms_matched,False,0.6450181859935877,hindi,-6.4405198097229,43bc745f9a7b6bd69a6cf5af88d6d8a31436266533dfa04def07f906d4fd43867f88a11badb4e6b57aefd010b66136392f98b79281d97eebcad6333be3d07cb2,0.6450181859935877,0.6846977672898893,0.2728203030820377,0.0414088599128489,0.109490704135646,0.923585057258606,4.32,43bc745f9a7b6bd69a6cf5af88d6d8a31436266533dfa04def07f906d4fd43867f88a11badb4e6b57aefd010b66136392f98b79281d97eebcad6333be3d07cb2,,,,,,,,
1088,a71fe4c8c51459edc23fad3c7288e0216049d06b3ffb15d556328a42b3d18daf25ac6d1566a0037209e321081df2632dfca7bbeabd547b9eeef87ddf1e6ad329,hindi_griffinlim_eval_final/fake_hindi_griffinlim/hindi_fake_1088.wav,0,7.596,3.3837265968322754,-4.199239730834961,peak_normalized,True,0.55789548488072,hindi,2.9343395233154297,a71fe4c8c51459edc23fad3c7288e0216049d06b3ffb15d556328a42b3d18daf25ac6d1566a0037209e321081df2632dfca7bbeabd547b9eeef87ddf1e6ad329,0.55789548488072,0.9189422831001254,0.0707100120505659,0.0102717879004565,0.1396638125804259,0.990020751953125,7.584,a71fe4c8c51459edc23fad3c7288e0216049d06b3ffb15d556328a42b3d18daf25ac6d1566a0037209e321081df2632dfca7bbeabd547b9eeef87ddf1e6ad329,,,,,,,,
1089,13cef0dba059a4aa0064866e51ca703ad2552c2645eb99722846129b96051db0f22a99235faf822876c13bd3f02e86f138d6a0413f980cf028f54c5fdc58b9b9,hindi_griffinlim_eval_final/fake_hindi_griffinlim/hindi_fake_1089.wav,0,6.768,-5.602475166320801,6.435644149780273,rms_matched,False,0.0888793850038872,hindi,-6.0518622398376465,13cef0dba059a4aa0064866e51ca703ad2552c2645eb99722846129b96051db0f22a99235faf822876c13bd3f02e86f138d6a0413f980cf028f54c5fdc58b9b9,0.0888793850038872,0.9087343914325636,0.0638591573913284,0.0266713961620645,0.1684635557815094,0.9900000095367432,6.768,13cef0dba059a4aa0064866e51ca703ad2552c2645eb99722846129b96051db0f22a99235faf822876c13bd3f02e86f138d6a0413f980cf028f54c5fdc58b9b9,,,,,,,,
1090,f446689d92087b875d07eaa1d98e4b7e07ec4f8651762d73d8e0ecbae21be60e60a3b7356828d24a8c9071f872f21361ca196ae017820a2908412966f0a59df2,hindi_griffinlim_eval_final/fake_hindi_griffinlim/hindi_fake_1090.wav,0,5.76,-0.5557878613471985,0.7245556712150574,rms_matched,False,0.4460838234706786,hindi,-1.0051749348640442,f446689d92087b875d07eaa1d98e4b7e07ec4f8651762d73d8e0ecbae21be60e60a3b7356828d24a8c9071f872f21361ca196ae017820a2908412966f0a59df2,0.4460838234706786,0.4908824164826399,0.3133188873490485,0.1908255532334724,0.0352344040122924,0.2751638889312744,5.76,f446689d92087b875d07eaa1d98e4b7e07ec4f8651762d73d8e0ecbae21be60e60a3b7356828d24a8c9071f872f21361ca196ae017820a2908412966f0a59df2,0.4553284909875228,0.3336838398535749,0.2109876691589023,0.7068119017851255,14.5022922606652,0.1630122688479666,0.4022640937366807,0.5589194923468158
1091,2d27b396006a861ca7b1d045b46c33a62ae2f394d1da44c60a21ec6da2cbb9bbd3c7db23f5bdf57b185987f7c6157ac50f6af45751dff9a96bafc3fe6b5bea2e,hindi_griffinlim_eval_final/fake_hindi_griffinlim/hindi_fake_1091.wav,0,4.14,-2.3631978034973145,3.220381736755371,rms_matched,False,0.9323838547155368,hindi,-2.81258487701416,2d27b396006a861ca7b1d045b46c33a62ae2f394d1da44c60a21ec6da2cbb9bbd3c7db23f5bdf57b185987f7c6157ac50f6af45751dff9a96bafc3fe6b5bea2e,0.9323838547155368,0.7379444332107622,0.1835818405551584,0.0766802002838016,0.085570996524803,0.8585553169250488,4.14,2d27b396006a861ca7b1d045b46c33a62ae2f394d1da44c60a21ec6da2cbb9bbd3c7db23f5bdf57b185987f7c6157ac50f6af45751dff9a96bafc3fe6b5bea2e,,,,,,,,
1092,3d78afcfc84ca5a9b304c3354f6bfcb59071c723ed2101b94ea2d29b0cb36a2fa1a157f76ed759987a0271444c50355aadb50e7d6387444fb3c2740bf66a8be1,hindi_griffinlim_eval_final/fake_hindi_griffinlim/hindi_fake_1092.wav,0,5.652,-3.179352045059204,3.8815157413482666,rms_matched,False,0.8246741022459863,hindi,-3.62873911857605,3d78afcfc84ca5a9b304c3354f6bfcb59071c723ed2101b94ea2d29b0cb36a2fa1a157f76ed759987a0271444c50355aadb50e7d6387444fb3c2740bf66a8be1,0.8246741022459863,0.8110214985729448,0.1255024006371371,0.0617722362879201,0.0936467173533776,0.7202028036117554,5.652,3d78afcfc84ca5a9b304c3354f6bfcb59071c723ed2101b94ea2d29b0cb36a2fa1a157f76ed759987a0271444c50355aadb50e7d6387444fb3c2740bf66a8be1,,,,,,,,
1093,4165462ba3028c7e25d5ff7abf7e81fe2d31ab129cfa039232a6753837447e299445e86cc1a94db3a8957d1cf55c3a1aaa96b297a0c75a814bc1a2df686daae8,hindi_griffinlim_eval_final/fake_hindi_griffinlim/hindi_fake_1093.wav,0,5.976,0.5560466647148132,-0.8852350115776062,rms_matched,False,0.6523333943542211,hindi,0.10665959119796753,4165462ba3028c7e25d5ff7abf7e81fe2d31ab129cfa039232a6753837447e299445e86cc1a94db3a8957d1cf55c3a1aaa96b297a0c75a814bc1a2df686daae8,0.6523333943542211,0.5503620268790158,0.2683331245622989,0.176624361125197,0.0421658765501628,0.4028760194778442,5.976,4165462ba3028c7e25d5ff7abf7e81fe2d31ab129cfa039232a6753837447e299445e86cc1a94db3a8957d1cf55c3a1aaa96b297a0c75a814bc1a2df686daae8,,,,,,,,
1094,6df5947ecd6093ba0b8088111d11231f209c5377b37d2ec78fb66df1c555d0c218e4a7dfd601f4d5395ec9f0579ec4eca44d2fd60b09e80bc62ef446ea485886,hindi_griffinlim_eval_final/fake_hindi_griffinlim/hindi_fake_1094.wav,0,2.7,-4.203110694885254,4.928671836853027,rms_matched,False,0.631649767025267,hindi,-4.6524977684021,6df5947ecd6093ba0b8088111d11231f209c5377b37d2ec78fb66df1c555d0c218e4a7dfd601f4d5395ec9f0579ec4eca44d2fd60b09e80bc62ef446ea485886,0.631649767025267,0.610969117777902,0.3294581155532954,0.0581113149237664,0.0927884235958299,0.7636170983314514,2.7,6df5947ecd6093ba0b8088111d11231f209c5377b37d2ec78fb66df1c555d0c218e4a7dfd601f4d5395ec9f0579ec4eca44d2fd60b09e80bc62ef446ea485886,,,,,,,,
1095,5b3872837902e6d95327320c254ce8cc9e7b69e3ad4e2e54f93009f6f44af95a3b2bd03dd9504518ddea0ce1bb0793458ea03d00ccd3c918aba1a0a91476da99,hindi_griffinlim_eval_final/fake_hindi_griffinlim/hindi_fake_1095.wav,0,5.304,-5.957126140594482,6.840316295623779,rms_matched,False,0.7148494000320668,hindi,-6.406513214111328,5b3872837902e6d95327320c254ce8cc9e7b69e3ad4e2e54f93009f6f44af95a3b2bd03dd9504518ddea0ce1bb0793458ea03d00ccd3c918aba1a0a91476da99,0.7148494000320668,0.7718269330338711,0.1238495070100995,0.1028432845805415,0.0929235075140448,0.7042719125747681,5.304,5b3872837902e6d95327320c254ce8cc9e7b69e3ad4e2e54f93009f6f44af95a3b2bd03dd9504518ddea0ce1bb0793458ea03d00ccd3c918aba1a0a91476da99,,,,,,,,
1096,68cb270e1215efd79204c075fb9df17b4ea024a7c09f74970ea4e506e73229238b2c3b3fc62c0f650e4fbd93cfbdd109b4442bcd5292c50b81cf80146568bf42,hindi_griffinlim_eval_final/fake_hindi_griffinlim/hindi_fake_1096.wav,0,5.436,-1.5661261081695557,2.2816762924194336,rms_matched,False,0.7454115426593464,hindi,-2.0155131816864014,68cb270e1215efd79204c075fb9df17b4ea024a7c09f74970ea4e506e73229238b2c3b3fc62c0f650e4fbd93cfbdd109b4442bcd5292c50b81cf80146568bf42,0.7454115426593464,0.621757919663742,0.2489249328306299,0.1259658126514742,0.056814073655525,0.493434190750122,5.436,68cb270e1215efd79204c075fb9df17b4ea024a7c09f74970ea4e506e73229238b2c3b3fc62c0f650e4fbd93cfbdd109b4442bcd5292c50b81cf80146568bf42,,,,,,,,
1097,0e97e303991e6646c845049579a4bea7a25ea775f6b8b44a09e0efd0ae9661ec984c393c92d2522e3158c8b0ca206ad60fd9e136713e18c21dffd72811a88b88,hindi_griffinlim_eval_final/fake_hindi_griffinlim/hindi_fake_1097.wav,0,5.94,1.6039718389511108,-2.1890671253204346,rms_matched,False,0.4376306368841464,hindi,1.1545847654342651,0e97e303991e6646c845049579a4bea7a25ea775f6b8b44a09e0efd0ae9661ec984c393c92d2522e3158c8b0ca206ad60fd9e136713e18c21dffd72811a88b88,0.4376306368841464,0.896359827073255,0.1035456427847321,2.403147652983948e-05,0.1473156012597684,0.990020751953125,5.936,0e97e303991e6646c845049579a4bea7a25ea775f6b8b44a09e0efd0ae9661ec984c393c92d2522e3158c8b0ca206ad60fd9e136713e18c21dffd72811a88b88,0.8967736227686232,0.1002319012536781,0.0029944759776986,0.7381682596091881,14.410037238298598,0.145942821446206,0.3926003025402125,0.5671176064774855
1098,29822eacca376bd26682b72d0212ea3f2897da482cbaa2e8046b66eb83af4dbb0cafeb48676702a2fdf34a45fc46ddf438d60d90ff3bcaa3171dbe5aa6321c3e,hindi_griffinlim_eval_final/fake_hindi_griffinlim/hindi_fake_1098.wav,0,5.688,-4.765683174133301,5.525514602661133,rms_matched,False,0.7613501411189342,hindi,-5.2150702476501465,29822eacca376bd26682b72d0212ea3f2897da482cbaa2e8046b66eb83af4dbb0cafeb48676702a2fdf34a45fc46ddf438d60d90ff3bcaa3171dbe5aa6321c3e,0.7613501411189342,0.6906962319525494,0.2038859011275994,0.1028906297956248,0.0682011759399991,0.5406407117843628,5.688,29822eacca376bd26682b72d0212ea3f2897da482cbaa2e8046b66eb83af4dbb0cafeb48676702a2fdf34a45fc46ddf438d60d90ff3bcaa3171dbe5aa6321c3e,,,,,,,,
1099,f256033e55a3f902c9673806428f07a4f2e61c31363d603299c889d62c3b896f2f34134d5e6c248c49a24c541239226452e69dbe19678a0790f926f335ee508a,hindi_griffinlim_eval_final/fake_hindi_griffinlim/hindi_fake_1099.wav,0,7.308,-5.664815425872803,6.411348342895508,rms_matched,False,0.4814367654041644,hindi,-6.114202499389648,f256033e55a3f902c9673806428f07a4f2e61c31363d603299c889d62c3b896f2f34134d5e6c248c49a24c541239226452e69dbe19678a0790f926f335ee508a,0.4814367654041644,0.5910335415459558,0.2456497327464832,0.1590974160761577,0.0465894854388551,0.3154109120368957,7.308,f256033e55a3f902c9673806428f07a4f2e61c31363d603299c889d62c3b896f2f34134d5e6c248c49a24c541239226452e69dbe19678a0790f926f335ee508a,,,,,,,,
1100,0a3f27e009572dbc52c115bfa733fdbea6b819dd63fd440adf16a90428f3566049c9fe252e775388ac3bab7e9951fa06c8691497b6568d3b5e436aaea396a8d6,hindi_griffinlim_eval_final/fake_hindi_griffinlim/hindi_fake_1100.wav,0,5.508,-5.627601623535156,6.378649711608887,rms_matched,False,0.6746528117080641,hindi,-6.076988697052002,0a3f27e009572dbc52c115bfa733fdbea6b819dd63fd440adf16a90428f3566049c9fe252e775388ac3bab7e9951fa06c8691497b6568d3b5e436aaea396a8d6,0.6746528117080641,0.6080814659895829,0.2378932896683032,0.150150262132739,0.0496498225684377,0.3888117671012878,5.508,0a3f27e009572dbc52c115bfa733fdbea6b819dd63fd440adf16a90428f3566049c9fe252e775388ac3bab7e9951fa06c8691497b6568d3b5e436aaea396a8d6,,,,,,,,
1101,461059307d756b80d08835b893bbee0e93e8cf237db0b4ba90a0b34adfa5ee77c44a3777d5a0c19d7a920260f7fd54fdd84661371abe9ece4b08ea2624146827,hindi_griffinlim_eval_final/fake_hindi_griffinlim/hindi_fake_1101.wav,0,7.128,-5.662309169769287,6.495682716369629,rms_matched,False,0.6659096030319351,hindi,-6.111696243286133,461059307d756b80d08835b893bbee0e93e8cf237db0b4ba90a0b34adfa5ee77c44a3777d5a0c19d7a920260f7fd54fdd84661371abe9ece4b08ea2624146827,0.6659096030319351,0.6305645253048424,0.2596418439204864,0.1071365862674429,0.0645625807745472,0.562997579574585,7.128,461059307d756b80d08835b893bbee0e93e8cf237db0b4ba90a0b34adfa5ee77c44a3777d5a0c19d7a920260f7fd54fdd84661371abe9ece4b08ea2624146827,0.5275616149349069,0.3053292634371929,0.1671091216279003,0.6811944660934222,14.674232332481743,0.13322922663414,0.359599503105529,0.5189825075815403
1102,d5880664e0b201cf24b4972ea9890b801afe05af05cd4302d95952f06934198872328efbf6eb11bf51e169d4c62a0e8756088bbe001fc353a9b6d080ed9ee3dc,hindi_griffinlim_eval_final/fake_hindi_griffinlim/hindi_fake_1102.wav,0,4.32,-5.899950981140137,6.816532135009766,rms_matched,False,0.6250738965480254,hindi,-6.349338054656982,d5880664e0b201cf24b4972ea9890b801afe05af05cd4302d95952f06934198872328efbf6eb11bf51e169d4c62a0e8756088bbe001fc353a9b6d080ed9ee3dc,0.6250738965480254,0.6791977156412625,0.2636261038194727,0.0558888882946063,0.0991682276275132,0.791114330291748,4.32,d5880664e0b201cf24b4972ea9890b801afe05af05cd4302d95952f06934198872328efbf6eb11bf51e169d4c62a0e8756088bbe001fc353a9b6d080ed9ee3dc,,,,,,,,
1103,64fcf403ddfb930184eae9b9ad9fbb9a712ebab06fdb5e7dbe7621dcd2cd5101f593c37e8e254ff38294b6dcc8bec4808c197c2d7599c0c4126045b1ac9b51d0,hindi_griffinlim_eval_final/fake_hindi_griffinlim/hindi_fake_1103.wav,0,3.264,-3.721909999847412,4.597275257110596,rms_matched,False,0.969513088396346,hindi,-4.171297073364258,64fcf403ddfb930184eae9b9ad9fbb9a712ebab06fdb5e7dbe7621dcd2cd5101f593c37e8e254ff38294b6dcc8bec4808c197c2d7599c0c4126045b1ac9b51d0,0.969513088396346,0.672432785415752,0.2083658389412647,0.1160100092727089,0.0598833047502991,0.7493307590484619,3.264,64fcf403ddfb930184eae9b9ad9fbb9a712ebab06fdb5e7dbe7621dcd2cd5101f593c37e8e254ff38294b6dcc8bec4808c197c2d7599c0c4126045b1ac9b51d0,,,,,,,,
1104,d1d9c267ebee74a32597d31c9167b2edb1f99cb7f4aa13501a5cc3bd519deaa2516058fb40da1e55deef24bb43e231ab5f17484bb11468d631c90e3bf29b76d4,hindi_griffinlim_eval_final/fake_hindi_griffinlim/hindi_fake_1104.wav,0,7.236,6.7112531661987305,-8.74185848236084,rms_matched,False,0.062106834487408,hindi,6.261866092681885,d1d9c267ebee74a32597d31c9167b2edb1f99cb7f4aa13501a5cc3bd519deaa2516058fb40da1e55deef24bb43e231ab5f17484bb11468d631c90e3bf29b76d4,0.062106834487408,0.2691852753601078,0.4252984701016393,0.2973345332716361,0.0109054493450851,0.051723837852478,7.236,d1d9c267ebee74a32597d31c9167b2edb1f99cb7f4aa13501a5cc3bd519deaa2516058fb40da1e55deef24bb43e231ab5f17484bb11468d631c90e3bf29b76d4,,,,,,,,
1105,3d60da54a5e96710c627c37362c5f17d026c725b99466b5596f08c6584beafa8dd546aff3ef61dd1cfda5150cdd82d08970d8ad36a49e933571b903361a6cbdd,hindi_griffinlim_eval_final/fake_hindi_griffinlim/hindi_fake_1105.wav,0,4.176,-3.549044609069824,4.42652702331543,rms_matched,False,0.2536862002123539,hindi,-3.99843168258667,3d60da54a5e96710c627c37362c5f17d026c725b99466b5596f08c6584beafa8dd546aff3ef61dd1cfda5150cdd82d08970d8ad36a49e933571b903361a6cbdd,0.2536862002123539,0.428421810468874,0.3544747554413807,0.2117863528035526,0.0346140041364114,0.1983467936515808,4.176,3d60da54a5e96710c627c37362c5f17d026c725b99466b5596f08c6584beafa8dd546aff3ef61dd1cfda5150cdd82d08970d8ad36a49e933571b903361a6cbdd,,,,,,,,
1106,c45d64f4a9ad8d1efb4d802830abc40f0e0e29e23a1d399fb4e668a1781d60c7b6329f4ed2b4ee75586b7ef748b73a373cb36707965a2b5785d7e9ce6196f390,hindi_griffinlim_eval_final/fake_hindi_griffinlim/hindi_fake_1106.wav,0,4.572,3.772171020507813,-4.861263275146484,rms_matched,False,0.8631651526298076,hindi,3.3227839469909672,c45d64f4a9ad8d1efb4d802830abc40f0e0e29e23a1d399fb4e668a1781d60c7b6329f4ed2b4ee75586b7ef748b73a373cb36707965a2b5785d7e9ce6196f390,0.8631651526298076,0.6309739379303357,0.2959779774529975,0.0712095638002976,0.0831671040615079,0.8793797492980957,4.572,c45d64f4a9ad8d1efb4d802830abc40f0e0e29e23a1d399fb4e668a1781d60c7b6329f4ed2b4ee75586b7ef748b73a373cb36707965a2b5785d7e9ce6196f390,,,,,,,,
1107,e0a47331065c4e1a9ffd6eed4cb902b631814a6130faf9401d447eba044cf1af767ff9a242e7c97886c74ac130ec73716192fd074e4abca825e77caca52e0ca0,hindi_griffinlim_eval_final/fake_hindi_griffinlim/hindi_fake_1107.wav,0,6.264,-4.172797203063965,4.981459617614746,rms_matched,False,0.5992237397397224,hindi,-4.6221842765808105,e0a47331065c4e1a9ffd6eed4cb902b631814a6130faf9401d447eba044cf1af767ff9a242e7c97886c74ac130ec73716192fd074e4abca825e77caca52e0ca0,0.5992237397397224,0.783575160388494,0.1212921118291143,0.0935443741992394,0.1014639674924596,0.7442278265953064,6.264,e0a47331065c4e1a9ffd6eed4cb902b631814a6130faf9401d447eba044cf1af767ff9a242e7c97886c74ac130ec73716192fd074e4abca825e77caca52e0ca0,,,,,,,,
1108,4cef3c57c7794a486d20711b806222df778778312c01a26669a9c4fd75b74a3792424787393673b302401d3d994431c97c30b2d1b8bd6caa0fd563460fed5093,hindi_griffinlim_eval_final/fake_hindi_griffinlim/hindi_fake_1108.wav,0,5.472,-5.743083477020264,6.561723232269287,rms_matched,False,0.0508253411104029,hindi,-6.192470550537109,4cef3c57c7794a486d20711b806222df778778312c01a26669a9c4fd75b74a3792424787393673b302401d3d994431c97c30b2d1b8bd6caa0fd563460fed5093,0.0508253411104029,0.9293202703838584,0.039899738442671,0.0301982384626176,0.1776501498426985,0.9509276747703552,5.472,4cef3c57c7794a486d20711b806222df778778312c01a26669a9c4fd75b74a3792424787393673b302401d3d994431c97c30b2d1b8bd6caa0fd563460fed5093,,,,,,,,
1109,9daf98d1ee349378718aead0f9edd13b1352e0fe0e72a2d71aa458a79d9f474c8680549bf1d62115d59c13d52d97364c5672adb795ac73db59b709c92cb7870e,hindi_griffinlim_eval_final/fake_hindi_griffinlim/hindi_fake_1109.wav,0,4.86,-2.8616299629211426,3.728748798370361,rms_matched,False,0.3710671674746111,hindi,-3.3110170364379883,9daf98d1ee349378718aead0f9edd13b1352e0fe0e72a2d71aa458a79d9f474c8680549bf1d62115d59c13d52d97364c5672adb795ac73db59b709c92cb7870e,0.3710671674746111,0.4467179615775395,0.3673458091044485,0.1817202928366151,0.0416716677302637,0.3461441397666931,4.86,9daf98d1ee349378718aead0f9edd13b1352e0fe0e72a2d71aa458a79d9f474c8680549bf1d62115d59c13d52d97364c5672adb795ac73db59b709c92cb7870e,,,,,,,,
1110,90b1ff27e108c7aaa1f24faccd2f83f3a0b512139aded53b3866d65cea1197fd3dde486619a36293573b042a4afbc45e29f55c514767c7567f44a3da22c4f9fc,hindi_griffinlim_eval_final/fake_hindi_griffinlim/hindi_fake_1110.wav,0,5.796,0.7159063816070557,-1.0848380327224731,peak_normalized,True,0.4870751635433025,hindi,0.26651930809020996,90b1ff27e108c7aaa1f24faccd2f83f3a0b512139aded53b3866d65cea1197fd3dde486619a36293573b042a4afbc45e29f55c514767c7567f44a3da22c4f9fc,0.4870751635433025,0.978261482494506,0.0198144670829999,0.0019023888407164,0.1545941573280732,0.989990234375,5.792,90b1ff27e108c7aaa1f24faccd2f83f3a0b512139aded53b3866d65cea1197fd3dde486619a36293573b042a4afbc45e29f55c514767c7567f44a3da22c4f9fc,,,,,,,,
1111,9698b39cb85f238f1346eea2dba721e4e8fb440bd4d14b632aef84108f02f47d028463a7076a9eb0333b72fab260a9357f045de63eaaa3c7374ce6a692e081ba,hindi_griffinlim_eval_final/fake_hindi_griffinlim/hindi_fake_1111.wav,0,7.668,-5.283294200897217,6.121677875518799,rms_matched,False,0.3775713603540552,hindi,-5.7326812744140625,9698b39cb85f238f1346eea2dba721e4e8fb440bd4d14b632aef84108f02f47d028463a7076a9eb0333b72fab260a9357f045de63eaaa3c7374ce6a692e081ba,0.3775713603540552,0.8281140468837005,0.1084783236509638,0.0622774945531681,0.120537186752718,0.8096551299095154,7.668,9698b39cb85f238f1346eea2dba721e4e8fb440bd4d14b632aef84108f02f47d028463a7076a9eb0333b72fab260a9357f045de63eaaa3c7374ce6a692e081ba,,,,,,,,
1112,550c775712c46fac6b29f44c8e1e47790ad3d24a4596e9befdad47efbafbcd202634809eed3f54d8b62ec448b24bbe8a67c224d24ae7ed2b6870581a3fd2dcd3,hindi_griffinlim_eval_final/fake_hindi_griffinlim/hindi_fake_1112.wav,0,4.176,-4.162916660308838,5.096251487731934,rms_matched,False,0.8403902220151858,hindi,-4.612303733825684,550c775712c46fac6b29f44c8e1e47790ad3d24a4596e9befdad47efbafbcd202634809eed3f54d8b62ec448b24bbe8a67c224d24ae7ed2b6870581a3fd2dcd3,0.8403902220151858,0.804167701691513,0.1373667591987509,0.0570762448001559,0.1014199582943881,0.8026571273803711,4.176,550c775712c46fac6b29f44c8e1e47790ad3d24a4596e9befdad47efbafbcd202634809eed3f54d8b62ec448b24bbe8a67c224d24ae7ed2b6870581a3fd2dcd3,,,,,,,,
1113,23dd6e26b3a5106b8ad2de2def45e53280a12df6c47364b2bf652743a0198329d4e46b73fe42287703f0146d0bdb9be101cb22064f7b79578248fdc2ca2085f0,hindi_griffinlim_eval_final/fake_hindi_griffinlim/hindi_fake_1113.wav,0,4.176,-3.957775592803955,4.876209259033203,rms_matched,False,0.6057462459217478,hindi,-4.407162666320801,23dd6e26b3a5106b8ad2de2def45e53280a12df6c47364b2bf652743a0198329d4e46b73fe42287703f0146d0bdb9be101cb22064f7b79578248fdc2ca2085f0,0.6057462459217478,0.71956122144791,0.2143171965816543,0.0644880179963736,0.0959409410020382,0.6739888191223145,4.176,23dd6e26b3a5106b8ad2de2def45e53280a12df6c47364b2bf652743a0198329d4e46b73fe42287703f0146d0bdb9be101cb22064f7b79578248fdc2ca2085f0,,,,,,,,
1114,cf3aeeacb5f17296626b5c4098ec5eac55e41cd4794e1b866c7c42ccda4ff82ab59144d9af79e6479243e61724113d6c7ccccb7dc02e7a235f5ff37eee99c5d8,hindi_griffinlim_eval_final/fake_hindi_griffinlim/hindi_fake_1114.wav,0,3.096,-0.4456203281879425,0.6960583329200745,rms_matched,False,0.3157349822069678,hindi,-0.8950074017047882,cf3aeeacb5f17296626b5c4098ec5eac55e41cd4794e1b866c7c42ccda4ff82ab59144d9af79e6479243e61724113d6c7ccccb7dc02e7a235f5ff37eee99c5d8,0.3157349822069678,0.4222609549884866,0.3601650935075444,0.2117607284055373,0.0321114142261365,0.1854188442230224,3.096,cf3aeeacb5f17296626b5c4098ec5eac55e41cd4794e1b866c7c42ccda4ff82ab59144d9af79e6479243e61724113d6c7ccccb7dc02e7a235f5ff37eee99c5d8,,,,,,,,
1115,112f76f2e0c2f27b09b20340cd82d13c315858e70901593392d2bbaf1377a5ed05b373a77f5f93b0298be6ad7e0285d8dea7c8fc9e9d3ce601d702ff3e3a7d91,hindi_griffinlim_eval_final/fake_hindi_griffinlim/hindi_fake_1115.wav,0,6.84,0.7608438730239868,-1.0038259029388428,rms_matched,False,0.4303698545073358,hindi,0.3114567995071411,112f76f2e0c2f27b09b20340cd82d13c315858e70901593392d2bbaf1377a5ed05b373a77f5f93b0298be6ad7e0285d8dea7c8fc9e9d3ce601d702ff3e3a7d91,0.4303698545073358,0.5138774266503998,0.2848923768693039,0.1960724181251198,0.0355711108683961,0.2744840383529663,6.84,112f76f2e0c2f27b09b20340cd82d13c315858e70901593392d2bbaf1377a5ed05b373a77f5f93b0298be6ad7e0285d8dea7c8fc9e9d3ce601d702ff3e3a7d91,,,,,,,,
1116,e6aef31fac7411f3f1b15c566dede061e3024cde1382d7ca1a860a093ad5b0b9c87aaa13c749ef9982c688d7a8d715c11aee89c2e3d541b9ba3dc73c5ec5cb85,hindi_griffinlim_eval_final/fake_hindi_griffinlim/hindi_fake_1116.wav,0,5.22,-3.357298851013184,4.077484607696533,rms_matched,False,0.7805835956752738,hindi,-3.8066859245300297,e6aef31fac7411f3f1b15c566dede061e3024cde1382d7ca1a860a093ad5b0b9c87aaa13c749ef9982c688d7a8d715c11aee89c2e3d541b9ba3dc73c5ec5cb85,0.7805835956752738,0.8549873385625014,0.0898115034993375,0.053914186550478,0.1113916986723945,0.8297949433326721,5.22,e6aef31fac7411f3f1b15c566dede061e3024cde1382d7ca1a860a093ad5b0b9c87aaa13c749ef9982c688d7a8d715c11aee89c2e3d541b9ba3dc73c5ec5cb85,0.672744329794704,0.1956441389743523,0.1316115312309437,0.6863217831860036,14.656704154516834,0.1315111785598281,0.36572633330775,0.5279212239238351
1117,9392443e20fff21db185ec2e21925398c267cdaec962d7a8bff381ae171fd3563894988fe4244da0866881fb39e56492843fac59b139c31b99211d6c8f44c2ac,hindi_griffinlim_eval_final/fake_hindi_griffinlim/hindi_fake_1117.wav,0,4.032,-4.267658233642578,5.198227882385254,rms_matched,False,0.8809445132862896,hindi,-4.717045307159424,9392443e20fff21db185ec2e21925398c267cdaec962d7a8bff381ae171fd3563894988fe4244da0866881fb39e56492843fac59b139c31b99211d6c8f44c2ac,0.8809445132862896,0.6502448582829549,0.2348024640868077,0.1118310030573754,0.0588565649063635,0.5618000626564026,4.032,9392443e20fff21db185ec2e21925398c267cdaec962d7a8bff381ae171fd3563894988fe4244da0866881fb39e56492843fac59b139c31b99211d6c8f44c2ac,,,,,,,,
1118,0175f4388a3ca66faae78ea57819f8aab986d188f874dde198e28b64248291dde8f43a6912b9de4854f9862a8f832961da3e9194bec9ebef96b1c9b66d956422,hindi_griffinlim_eval_final/fake_hindi_griffinlim/hindi_fake_1118.wav,0,5.976,0.1890395581722259,-0.2476244270801544,rms_matched,False,0.4022934364581219,hindi,-0.2603475153446198,0175f4388a3ca66faae78ea57819f8aab986d188f874dde198e28b64248291dde8f43a6912b9de4854f9862a8f832961da3e9194bec9ebef96b1c9b66d956422,0.4022934364581219,0.5170446572597938,0.2855245714429263,0.1923639841740468,0.0376136642942266,0.2471886873245239,5.976,0175f4388a3ca66faae78ea57819f8aab986d188f874dde198e28b64248291dde8f43a6912b9de4854f9862a8f832961da3e9194bec9ebef96b1c9b66d956422,,,,,,,,
1119,00d8f7a5ea747472015787836b4694d24375a49cf2ca78088c1d29494110637aafa66bc0d135549c19cfc68886760475c2ae2584673c8d57e77eb82d3ddd6109,hindi_griffinlim_eval_final/fake_hindi_griffinlim/hindi_fake_1119.wav,0,6.228,-5.863385200500488,6.728491306304932,rms_matched,False,0.3235906001279428,hindi,-6.312772274017334,00d8f7a5ea747472015787836b4694d24375a49cf2ca78088c1d29494110637aafa66bc0d135549c19cfc68886760475c2ae2584673c8d57e77eb82d3ddd6109,0.3235906001279428,0.7730290827509515,0.171219924866827,0.0546221262897476,0.1159355263285651,0.740067183971405,6.228,00d8f7a5ea747472015787836b4694d24375a49cf2ca78088c1d29494110637aafa66bc0d135549c19cfc68886760475c2ae2584673c8d57e77eb82d3ddd6109,,,,,,,,
1120,aa9327f862e22c8a7e7c1cc05e596b019cb19e79329dfd7495112ab3dafda315d4ab663885cb951c63be27858c37f1aa245b0907d689b37ee4db113148053cc6,hindi_griffinlim_eval_final/fake_hindi_griffinlim/hindi_fake_1120.wav,0,2.412,-1.2627688646316528,1.8411548137664795,rms_matched,False,0.6734775711543893,hindi,-1.7121559381484985,aa9327f862e22c8a7e7c1cc05e596b019cb19e79329dfd7495112ab3dafda315d4ab663885cb951c63be27858c37f1aa245b0907d689b37ee4db113148053cc6,0.6734775711543893,0.5470656359441715,0.4009198482216651,0.0506758000414099,0.0921244213530903,0.8670579195022583,2.412,aa9327f862e22c8a7e7c1cc05e596b019cb19e79329dfd7495112ab3dafda315d4ab663885cb951c63be27858c37f1aa245b0907d689b37ee4db113148053cc6,,,,,,,,
1121,46f23ae11e8565e979749342e1097a77fe3ef574253f10323351763c97b22c07b42362b03c576fa1d45361cede36368bbd6b9325f1f93cd2b8ed161a560ece2a,hindi_griffinlim_eval_final/fake_hindi_griffinlim/hindi_fake_1121.wav,0,2.52,-0.9488561153411864,1.3291301727294922,rms_matched,False,0.6674456342772674,hindi,-1.3982431888580322,46f23ae11e8565e979749342e1097a77fe3ef574253f10323351763c97b22c07b42362b03c576fa1d45361cede36368bbd6b9325f1f93cd2b8ed161a560ece2a,0.6674456342772674,0.7374370588163314,0.1948395005572915,0.066372912360557,0.0979360615164345,0.6629241704940796,2.52,46f23ae11e8565e979749342e1097a77fe3ef574253f10323351763c97b22c07b42362b03c576fa1d45361cede36368bbd6b9325f1f93cd2b8ed161a560ece2a,,,,,,,,
1122,6cf993f4fafe38bd3c810d7c710b924bdb8c025eb16d8bca0dc4f1e80412d81f4a52ac9b99b550eed19088e1eaaf4dea5a07d51777b4ceaa99368d2ee1973ecf,hindi_griffinlim_eval_final/fake_hindi_griffinlim/hindi_fake_1122.wav,0,7.308,2.955384969711304,-3.5592195987701416,rms_matched,False,0.4218869435313431,hindi,2.5059978961944585,6cf993f4fafe38bd3c810d7c710b924bdb8c025eb16d8bca0dc4f1e80412d81f4a52ac9b99b550eed19088e1eaaf4dea5a07d51777b4ceaa99368d2ee1973ecf,0.4218869435313431,0.5981874951821546,0.2358391570900619,0.1615756088259256,0.0473896954809592,0.2796973586082458,7.308,6cf993f4fafe38bd3c810d7c710b924bdb8c025eb16d8bca0dc4f1e80412d81f4a52ac9b99b550eed19088e1eaaf4dea5a07d51777b4ceaa99368d2ee1973ecf,,,,,,,,
1123,287db5b3c7065ffc1e6827c0bc87dc4a6b6a45c159642fe8d490d5adb6ce18a5b4b528f921503762bbb20b1fcd84f5f8256a9a11cd4ccf55964f301b416b08d2,hindi_griffinlim_eval_final/fake_hindi_griffinlim/hindi_fake_1123.wav,0,6.3,-5.548398494720459,6.35553789138794,rms_matched,False,0.3172265138887908,hindi,-5.997785568237305,287db5b3c7065ffc1e6827c0bc87dc4a6b6a45c159642fe8d490d5adb6ce18a5b4b528f921503762bbb20b1fcd84f5f8256a9a11cd4ccf55964f301b416b08d2,0.3172265138887908,0.5606204226605753,0.2816562689254842,0.1553964243190851,0.0671358563255545,0.5025573372840881,6.3,287db5b3c7065ffc1e6827c0bc87dc4a6b6a45c159642fe8d490d5adb6ce18a5b4b528f921503762bbb20b1fcd84f5f8256a9a11cd4ccf55964f301b416b08d2,,,,,,,,
1124,230d27ac6435d55a47ccc110561f23b342676f24aac1bed0eec64dd0deefc5d13f306e9df3216cfa91eb7972029e60e59586109fba46ac6dcf631a9e04b60644,hindi_griffinlim_eval_final/fake_hindi_griffinlim/hindi_fake_1124.wav,0,7.128,-3.854083776473999,4.764749050140381,rms_matched,False,0.643828312672968,hindi,-4.303470849990845,230d27ac6435d55a47ccc110561f23b342676f24aac1bed0eec64dd0deefc5d13f306e9df3216cfa91eb7972029e60e59586109fba46ac6dcf631a9e04b60644,0.643828312672968,0.5846544054651523,0.2709618113248117,0.1411551330557712,0.0541428713440996,0.5109150409698486,7.128,230d27ac6435d55a47ccc110561f23b342676f24aac1bed0eec64dd0deefc5d13f306e9df3216cfa91eb7972029e60e59586109fba46ac6dcf631a9e04b60644,0.4909263376385605,0.3128494272542469,0.1962242351071927,0.706499874645758,14.441571746435502,0.1813052611479675,0.4121241363946037,0.5623182921597077
