language,label,sample_key,pair_id,path,condition,original_score,counterfactual_score,delta_score
english,1,1002_english_real_1002,1002,english_griffinlim_eval_final/real_english/english_real_1002.wav,original,4.492405891418457,4.492405891418457,0.0
english,1,1002_english_real_1002,1002,english_griffinlim_eval_final/real_english/english_real_1002.wav,remove_low,4.492405891418457,1.4356337785720825,-3.0567721128463745
english,1,1002_english_real_1002,1002,english_griffinlim_eval_final/real_english/english_real_1002.wav,remove_mid,4.492405891418457,0.3127395510673523,-4.179666340351105
english,1,1002_english_real_1002,1002,english_griffinlim_eval_final/real_english/english_real_1002.wav,remove_high,4.492405891418457,4.209743022918701,-0.28266286849975586
english,1,1032_english_real_1032,1032,english_griffinlim_eval_final/real_english/english_real_1032.wav,original,5.30052375793457,5.30052375793457,0.0
english,1,1032_english_real_1032,1032,english_griffinlim_eval_final/real_english/english_real_1032.wav,remove_low,5.30052375793457,4.64501953125,-0.6555042266845703
english,1,1032_english_real_1032,1032,english_griffinlim_eval_final/real_english/english_real_1032.wav,remove_mid,5.30052375793457,4.450296878814697,-0.850226879119873
english,1,1032_english_real_1032,1032,english_griffinlim_eval_final/real_english/english_real_1032.wav,remove_high,5.30052375793457,5.241209983825684,-0.05931377410888672
english,1,1036_english_real_1036,1036,english_griffinlim_eval_final/real_english/english_real_1036.wav,original,-2.272487163543701,-2.272487163543701,0.0
english,1,1036_english_real_1036,1036,english_griffinlim_eval_final/real_english/english_real_1036.wav,remove_low,-2.272487163543701,3.759125232696533,6.031612396240234
english,1,1036_english_real_1036,1036,english_griffinlim_eval_final/real_english/english_real_1036.wav,remove_mid,-2.272487163543701,-0.510749340057373,1.7617378234863281
english,1,1036_english_real_1036,1036,english_griffinlim_eval_final/real_english/english_real_1036.wav,remove_high,-2.272487163543701,-1.2442189455032349,1.0282682180404663
english,1,1044_english_real_1044,1044,english_griffinlim_eval_final/real_english/english_real_1044.wav,original,-2.9728474617004395,-2.9728474617004395,0.0
english,1,1044_english_real_1044,1044,english_griffinlim_eval_final/real_english/english_real_1044.wav,remove_low,-2.9728474617004395,-1.5482279062271118,1.4246195554733276
english,1,1044_english_real_1044,1044,english_griffinlim_eval_final/real_english/english_real_1044.wav,remove_mid,-2.9728474617004395,-4.765017986297607,-1.792170524597168
english,1,1044_english_real_1044,1044,english_griffinlim_eval_final/real_english/english_real_1044.wav,remove_high,-2.9728474617004395,-3.6281261444091797,-0.6552786827087402
english,1,1048_english_real_1048,1048,english_griffinlim_eval_final/real_english/english_real_1048.wav,original,6.0540618896484375,6.0540618896484375,0.0
english,1,1048_english_real_1048,1048,english_griffinlim_eval_final/real_english/english_real_1048.wav,remove_low,6.0540618896484375,4.946420669555664,-1.1076412200927734
english,1,1048_english_real_1048,1048,english_griffinlim_eval_final/real_english/english_real_1048.wav,remove_mid,6.0540618896484375,4.950531005859375,-1.1035308837890625
english,1,1048_english_real_1048,1048,english_griffinlim_eval_final/real_english/english_real_1048.wav,remove_high,6.0540618896484375,5.993415832519531,-0.06064605712890625
english,1,1050_english_real_1050,1050,english_griffinlim_eval_final/real_english/english_real_1050.wav,original,2.055420160293579,2.055420160293579,0.0
english,1,1050_english_real_1050,1050,english_griffinlim_eval_final/real_english/english_real_1050.wav,remove_low,2.055420160293579,-1.0448235273361206,-3.1002436876296997
english,1,1050_english_real_1050,1050,english_griffinlim_eval_final/real_english/english_real_1050.wav,remove_mid,2.055420160293579,-0.8117704391479492,-2.8671905994415283
english,1,1050_english_real_1050,1050,english_griffinlim_eval_final/real_english/english_real_1050.wav,remove_high,2.055420160293579,0.9177902936935425,-1.1376298666000366
english,1,1053_english_real_1053,1053,english_griffinlim_eval_final/real_english/english_real_1053.wav,original,4.416172981262207,4.416172981262207,0.0
english,1,1053_english_real_1053,1053,english_griffinlim_eval_final/real_english/english_real_1053.wav,remove_low,4.416172981262207,3.263336181640625,-1.152836799621582
english,1,1053_english_real_1053,1053,english_griffinlim_eval_final/real_english/english_real_1053.wav,remove_mid,4.416172981262207,3.342283248901367,-1.0738897323608398
english,1,1053_english_real_1053,1053,english_griffinlim_eval_final/real_english/english_real_1053.wav,remove_high,4.416172981262207,3.9477505683898926,-0.46842241287231445
english,1,1056_english_real_1056,1056,english_griffinlim_eval_final/real_english/english_real_1056.wav,original,6.068176746368408,6.068176746368408,0.0
english,1,1056_english_real_1056,1056,english_griffinlim_eval_final/real_english/english_real_1056.wav,remove_low,6.068176746368408,5.7205047607421875,-0.3476719856262207
english,1,1056_english_real_1056,1056,english_griffinlim_eval_final/real_english/english_real_1056.wav,remove_mid,6.068176746368408,5.112116813659668,-0.9560599327087402
english,1,1056_english_real_1056,1056,english_griffinlim_eval_final/real_english/english_real_1056.wav,remove_high,6.068176746368408,6.045229434967041,-0.022947311401367188
english,1,1061_english_real_1061,1061,english_griffinlim_eval_final/real_english/english_real_1061.wav,original,3.435345411300659,3.435345411300659,0.0
english,1,1061_english_real_1061,1061,english_griffinlim_eval_final/real_english/english_real_1061.wav,remove_low,3.435345411300659,2.597604751586914,-0.8377406597137451
english,1,1061_english_real_1061,1061,english_griffinlim_eval_final/real_english/english_real_1061.wav,remove_mid,3.435345411300659,0.11827465891838074,-3.3170707523822784
english,1,1061_english_real_1061,1061,english_griffinlim_eval_final/real_english/english_real_1061.wav,remove_high,3.435345411300659,1.9835519790649414,-1.4517934322357178
english,1,1063_english_real_1063,1063,english_griffinlim_eval_final/real_english/english_real_1063.wav,original,-0.21695895493030548,-0.21695895493030548,0.0
english,1,1063_english_real_1063,1063,english_griffinlim_eval_final/real_english/english_real_1063.wav,remove_low,-0.21695895493030548,-0.9748402833938599,-0.7578813284635544
english,1,1063_english_real_1063,1063,english_griffinlim_eval_final/real_english/english_real_1063.wav,remove_mid,-0.21695895493030548,-4.773224830627441,-4.556265875697136
english,1,1063_english_real_1063,1063,english_griffinlim_eval_final/real_english/english_real_1063.wav,remove_high,-0.21695895493030548,-1.044854760169983,-0.8278958052396774
english,1,1075_english_real_1075,1075,english_griffinlim_eval_final/real_english/english_real_1075.wav,original,1.4703320264816284,1.4703320264816284,0.0
english,1,1075_english_real_1075,1075,english_griffinlim_eval_final/real_english/english_real_1075.wav,remove_low,1.4703320264816284,-0.7260915040969849,-2.1964235305786133
english,1,1075_english_real_1075,1075,english_griffinlim_eval_final/real_english/english_real_1075.wav,remove_mid,1.4703320264816284,-1.1474943161010742,-2.6178263425827026
english,1,1075_english_real_1075,1075,english_griffinlim_eval_final/real_english/english_real_1075.wav,remove_high,1.4703320264816284,0.6673786044120789,-0.8029534220695496
english,1,108_english_real_0108,108,english_griffinlim_eval_final/real_english/english_real_0108.wav,original,3.049072504043579,3.049072504043579,0.0
english,1,108_english_real_0108,108,english_griffinlim_eval_final/real_english/english_real_0108.wav,remove_low,3.049072504043579,0.36482861638069153,-2.6842438876628876
english,1,108_english_real_0108,108,english_griffinlim_eval_final/real_english/english_real_0108.wav,remove_mid,3.049072504043579,1.119612693786621,-1.929459810256958
english,1,108_english_real_0108,108,english_griffinlim_eval_final/real_english/english_real_0108.wav,remove_high,3.049072504043579,1.8332459926605225,-1.2158265113830566
english,1,1090_english_real_1090,1090,english_griffinlim_eval_final/real_english/english_real_1090.wav,original,5.749809741973877,5.749809741973877,0.0
english,1,1090_english_real_1090,1090,english_griffinlim_eval_final/real_english/english_real_1090.wav,remove_low,5.749809741973877,3.81538724899292,-1.934422492980957
english,1,1090_english_real_1090,1090,english_griffinlim_eval_final/real_english/english_real_1090.wav,remove_mid,5.749809741973877,5.125701904296875,-0.624107837677002
english,1,1090_english_real_1090,1090,english_griffinlim_eval_final/real_english/english_real_1090.wav,remove_high,5.749809741973877,5.802018165588379,0.05220842361450195
english,1,1097_english_real_1097,1097,english_griffinlim_eval_final/real_english/english_real_1097.wav,original,0.5658395290374756,0.5658395290374756,0.0
english,1,1097_english_real_1097,1097,english_griffinlim_eval_final/real_english/english_real_1097.wav,remove_low,0.5658395290374756,-5.502310752868652,-6.068150281906128
english,1,1097_english_real_1097,1097,english_griffinlim_eval_final/real_english/english_real_1097.wav,remove_mid,0.5658395290374756,-1.8102658987045288,-2.3761054277420044
english,1,1097_english_real_1097,1097,english_griffinlim_eval_final/real_english/english_real_1097.wav,remove_high,0.5658395290374756,0.6862722635269165,0.12043273448944092
english,1,1101_english_real_1101,1101,english_griffinlim_eval_final/real_english/english_real_1101.wav,original,-0.5324605703353882,-0.5324605703353882,0.0
english,1,1101_english_real_1101,1101,english_griffinlim_eval_final/real_english/english_real_1101.wav,remove_low,-0.5324605703353882,-3.86783766746521,-3.3353770971298218
english,1,1101_english_real_1101,1101,english_griffinlim_eval_final/real_english/english_real_1101.wav,remove_mid,-0.5324605703353882,-4.356820583343506,-3.8243600130081177
english,1,1101_english_real_1101,1101,english_griffinlim_eval_final/real_english/english_real_1101.wav,remove_high,-0.5324605703353882,-0.6783602237701416,-0.14589965343475342
english,1,1116_english_real_1116,1116,english_griffinlim_eval_final/real_english/english_real_1116.wav,original,1.0806567668914795,1.0806567668914795,0.0
english,1,1116_english_real_1116,1116,english_griffinlim_eval_final/real_english/english_real_1116.wav,remove_low,1.0806567668914795,0.23494118452072144,-0.8457155823707581
english,1,1116_english_real_1116,1116,english_griffinlim_eval_final/real_english/english_real_1116.wav,remove_mid,1.0806567668914795,-0.5766404271125793,-1.6572971940040588
english,1,1116_english_real_1116,1116,english_griffinlim_eval_final/real_english/english_real_1116.wav,remove_high,1.0806567668914795,1.4855530261993408,0.40489625930786133
english,1,1124_english_real_1124,1124,english_griffinlim_eval_final/real_english/english_real_1124.wav,original,5.455730438232422,5.455730438232422,0.0
english,1,1124_english_real_1124,1124,english_griffinlim_eval_final/real_english/english_real_1124.wav,remove_low,5.455730438232422,-0.5444807410240173,-6.000211179256439
english,1,1124_english_real_1124,1124,english_griffinlim_eval_final/real_english/english_real_1124.wav,remove_mid,5.455730438232422,0.8312122225761414,-4.6245182156562805
english,1,1124_english_real_1124,1124,english_griffinlim_eval_final/real_english/english_real_1124.wav,remove_high,5.455730438232422,4.294515609741211,-1.161214828491211
english,1,113_english_real_0113,113,english_griffinlim_eval_final/real_english/english_real_0113.wav,original,-0.5512635111808777,-0.5512635111808777,0.0
english,1,113_english_real_0113,113,english_griffinlim_eval_final/real_english/english_real_0113.wav,remove_low,-0.5512635111808777,-3.5357627868652344,-2.9844992756843567
english,1,113_english_real_0113,113,english_griffinlim_eval_final/real_english/english_real_0113.wav,remove_mid,-0.5512635111808777,-3.692216396331787,-3.1409528851509094
english,1,113_english_real_0113,113,english_griffinlim_eval_final/real_english/english_real_0113.wav,remove_high,-0.5512635111808777,-1.5556650161743164,-1.0044015049934387
english,1,125_english_real_0125,125,english_griffinlim_eval_final/real_english/english_real_0125.wav,original,6.226893424987793,6.226893424987793,0.0
english,1,125_english_real_0125,125,english_griffinlim_eval_final/real_english/english_real_0125.wav,remove_low,6.226893424987793,-2.3029747009277344,-8.529868125915527
english,1,125_english_real_0125,125,english_griffinlim_eval_final/real_english/english_real_0125.wav,remove_mid,6.226893424987793,5.8712568283081055,-0.3556365966796875
english,1,125_english_real_0125,125,english_griffinlim_eval_final/real_english/english_real_0125.wav,remove_high,6.226893424987793,6.0585432052612305,-0.1683502197265625
english,1,142_english_real_0142,142,english_griffinlim_eval_final/real_english/english_real_0142.wav,original,5.733972549438477,5.733972549438477,0.0
english,1,142_english_real_0142,142,english_griffinlim_eval_final/real_english/english_real_0142.wav,remove_low,5.733972549438477,0.6345798969268799,-5.099392652511597
english,1,142_english_real_0142,142,english_griffinlim_eval_final/real_english/english_real_0142.wav,remove_mid,5.733972549438477,5.054003715515137,-0.6799688339233398
english,1,142_english_real_0142,142,english_griffinlim_eval_final/real_english/english_real_0142.wav,remove_high,5.733972549438477,5.7780985832214355,0.044126033782958984
english,1,146_english_real_0146,146,english_griffinlim_eval_final/real_english/english_real_0146.wav,original,4.400143623352051,4.400143623352051,0.0
english,1,146_english_real_0146,146,english_griffinlim_eval_final/real_english/english_real_0146.wav,remove_low,4.400143623352051,-1.0851997137069702,-5.485343337059021
english,1,146_english_real_0146,146,english_griffinlim_eval_final/real_english/english_real_0146.wav,remove_mid,4.400143623352051,3.7310280799865723,-0.6691155433654785
english,1,146_english_real_0146,146,english_griffinlim_eval_final/real_english/english_real_0146.wav,remove_high,4.400143623352051,4.212118148803711,-0.18802547454833984
english,1,156_english_real_0156,156,english_griffinlim_eval_final/real_english/english_real_0156.wav,original,-2.617328643798828,-2.617328643798828,0.0
english,1,156_english_real_0156,156,english_griffinlim_eval_final/real_english/english_real_0156.wav,remove_low,-2.617328643798828,-1.3181277513504028,1.2992008924484253
english,1,156_english_real_0156,156,english_griffinlim_eval_final/real_english/english_real_0156.wav,remove_mid,-2.617328643798828,-2.773660182952881,-0.15633153915405273
english,1,156_english_real_0156,156,english_griffinlim_eval_final/real_english/english_real_0156.wav,remove_high,-2.617328643798828,-4.309362411499023,-1.6920337677001953
english,1,166_english_real_0166,166,english_griffinlim_eval_final/real_english/english_real_0166.wav,original,2.869995594024658,2.869995594024658,0.0
english,1,166_english_real_0166,166,english_griffinlim_eval_final/real_english/english_real_0166.wav,remove_low,2.869995594024658,2.7125768661499023,-0.15741872787475586
english,1,166_english_real_0166,166,english_griffinlim_eval_final/real_english/english_real_0166.wav,remove_mid,2.869995594024658,-1.1848875284194946,-4.054883122444153
english,1,166_english_real_0166,166,english_griffinlim_eval_final/real_english/english_real_0166.wav,remove_high,2.869995594024658,0.6233668327331543,-2.246628761291504
english,1,188_english_real_0188,188,english_griffinlim_eval_final/real_english/english_real_0188.wav,original,-5.39124870300293,-5.39124870300293,0.0
english,1,188_english_real_0188,188,english_griffinlim_eval_final/real_english/english_real_0188.wav,remove_low,-5.39124870300293,-2.579914093017578,2.8113346099853516
english,1,188_english_real_0188,188,english_griffinlim_eval_final/real_english/english_real_0188.wav,remove_mid,-5.39124870300293,-5.944438457489014,-0.553189754486084
english,1,188_english_real_0188,188,english_griffinlim_eval_final/real_english/english_real_0188.wav,remove_high,-5.39124870300293,-5.847202301025391,-0.45595359802246094
english,1,190_english_real_0190,190,english_griffinlim_eval_final/real_english/english_real_0190.wav,original,5.600371837615967,5.600371837615967,0.0
english,1,190_english_real_0190,190,english_griffinlim_eval_final/real_english/english_real_0190.wav,remove_low,5.600371837615967,4.397104740142822,-1.2032670974731445
english,1,190_english_real_0190,190,english_griffinlim_eval_final/real_english/english_real_0190.wav,remove_mid,5.600371837615967,4.0342116355896,-1.5661602020263672
english,1,190_english_real_0190,190,english_griffinlim_eval_final/real_english/english_real_0190.wav,remove_high,5.600371837615967,5.463503360748291,-0.13686847686767578
english,1,192_english_real_0192,192,english_griffinlim_eval_final/real_english/english_real_0192.wav,original,3.9374284744262695,3.9374284744262695,0.0
english,1,192_english_real_0192,192,english_griffinlim_eval_final/real_english/english_real_0192.wav,remove_low,3.9374284744262695,-1.0217113494873047,-4.959139823913574
english,1,192_english_real_0192,192,english_griffinlim_eval_final/real_english/english_real_0192.wav,remove_mid,3.9374284744262695,5.097204685211182,1.159776210784912
english,1,192_english_real_0192,192,english_griffinlim_eval_final/real_english/english_real_0192.wav,remove_high,3.9374284744262695,2.9211435317993164,-1.0162849426269531
english,1,201_english_real_0201,201,english_griffinlim_eval_final/real_english/english_real_0201.wav,original,1.9192392826080322,1.9192392826080322,0.0
english,1,201_english_real_0201,201,english_griffinlim_eval_final/real_english/english_real_0201.wav,remove_low,1.9192392826080322,0.647045910358429,-1.2721933722496033
english,1,201_english_real_0201,201,english_griffinlim_eval_final/real_english/english_real_0201.wav,remove_mid,1.9192392826080322,0.6053101420402527,-1.3139291405677795
english,1,201_english_real_0201,201,english_griffinlim_eval_final/real_english/english_real_0201.wav,remove_high,1.9192392826080322,1.3727506399154663,-0.5464886426925659
english,1,207_english_real_0207,207,english_griffinlim_eval_final/real_english/english_real_0207.wav,original,1.328053593635559,1.328053593635559,0.0
english,1,207_english_real_0207,207,english_griffinlim_eval_final/real_english/english_real_0207.wav,remove_low,1.328053593635559,-0.7618283033370972,-2.0898818969726562
english,1,207_english_real_0207,207,english_griffinlim_eval_final/real_english/english_real_0207.wav,remove_mid,1.328053593635559,-0.21051762998104095,-1.5385712236166
english,1,207_english_real_0207,207,english_griffinlim_eval_final/real_english/english_real_0207.wav,remove_high,1.328053593635559,0.6119962334632874,-0.7160573601722717
english,1,230_english_real_0230,230,english_griffinlim_eval_final/real_english/english_real_0230.wav,original,3.568264961242676,3.568264961242676,0.0
english,1,230_english_real_0230,230,english_griffinlim_eval_final/real_english/english_real_0230.wav,remove_low,3.568264961242676,0.27968305349349976,-3.288581907749176
english,1,230_english_real_0230,230,english_griffinlim_eval_final/real_english/english_real_0230.wav,remove_mid,3.568264961242676,-0.7198691368103027,-4.2881340980529785
english,1,230_english_real_0230,230,english_griffinlim_eval_final/real_english/english_real_0230.wav,remove_high,3.568264961242676,2.832622528076172,-0.7356424331665039
english,1,248_english_real_0248,248,english_griffinlim_eval_final/real_english/english_real_0248.wav,original,0.043934810906648636,0.043934810906648636,0.0
english,1,248_english_real_0248,248,english_griffinlim_eval_final/real_english/english_real_0248.wav,remove_low,0.043934810906648636,0.6735420227050781,0.6296072117984295
english,1,248_english_real_0248,248,english_griffinlim_eval_final/real_english/english_real_0248.wav,remove_mid,0.043934810906648636,-0.36910924315452576,-0.4130440540611744
english,1,248_english_real_0248,248,english_griffinlim_eval_final/real_english/english_real_0248.wav,remove_high,0.043934810906648636,-0.44380924105644226,-0.4877440519630909
english,1,265_english_real_0265,265,english_griffinlim_eval_final/real_english/english_real_0265.wav,original,6.159311294555664,6.159311294555664,0.0
english,1,265_english_real_0265,265,english_griffinlim_eval_final/real_english/english_real_0265.wav,remove_low,6.159311294555664,4.987520217895508,-1.1717910766601562
english,1,265_english_real_0265,265,english_griffinlim_eval_final/real_english/english_real_0265.wav,remove_mid,6.159311294555664,5.169936180114746,-0.989375114440918
english,1,265_english_real_0265,265,english_griffinlim_eval_final/real_english/english_real_0265.wav,remove_high,6.159311294555664,5.706447601318359,-0.4528636932373047
english,1,266_english_real_0266,266,english_griffinlim_eval_final/real_english/english_real_0266.wav,original,5.9433488845825195,5.9433488845825195,0.0
english,1,266_english_real_0266,266,english_griffinlim_eval_final/real_english/english_real_0266.wav,remove_low,5.9433488845825195,-0.8554993867874146,-6.798848271369934
english,1,266_english_real_0266,266,english_griffinlim_eval_final/real_english/english_real_0266.wav,remove_mid,5.9433488845825195,5.722568511962891,-0.2207803726196289
english,1,266_english_real_0266,266,english_griffinlim_eval_final/real_english/english_real_0266.wav,remove_high,5.9433488845825195,6.0015668869018555,0.05821800231933594
english,1,272_english_real_0272,272,english_griffinlim_eval_final/real_english/english_real_0272.wav,original,3.92585825920105,3.92585825920105,0.0
english,1,272_english_real_0272,272,english_griffinlim_eval_final/real_english/english_real_0272.wav,remove_low,3.92585825920105,-0.854297399520874,-4.780155658721924
english,1,272_english_real_0272,272,english_griffinlim_eval_final/real_english/english_real_0272.wav,remove_mid,3.92585825920105,3.404719352722168,-0.5211389064788818
english,1,272_english_real_0272,272,english_griffinlim_eval_final/real_english/english_real_0272.wav,remove_high,3.92585825920105,3.350330114364624,-0.5755281448364258
english,1,275_english_real_0275,275,english_griffinlim_eval_final/real_english/english_real_0275.wav,original,3.9996910095214844,3.9996910095214844,0.0
english,1,275_english_real_0275,275,english_griffinlim_eval_final/real_english/english_real_0275.wav,remove_low,3.9996910095214844,0.06712883710861206,-3.9325621724128723
english,1,275_english_real_0275,275,english_griffinlim_eval_final/real_english/english_real_0275.wav,remove_mid,3.9996910095214844,0.7298902869224548,-3.2698007225990295
english,1,275_english_real_0275,275,english_griffinlim_eval_final/real_english/english_real_0275.wav,remove_high,3.9996910095214844,2.989645481109619,-1.0100455284118652
english,1,319_english_real_0319,319,english_griffinlim_eval_final/real_english/english_real_0319.wav,original,-0.9458286762237549,-0.9458286762237549,0.0
english,1,319_english_real_0319,319,english_griffinlim_eval_final/real_english/english_real_0319.wav,remove_low,-0.9458286762237549,-0.7372082471847534,0.20862042903900146
english,1,319_english_real_0319,319,english_griffinlim_eval_final/real_english/english_real_0319.wav,remove_mid,-0.9458286762237549,-1.6454731225967407,-0.6996444463729858
english,1,319_english_real_0319,319,english_griffinlim_eval_final/real_english/english_real_0319.wav,remove_high,-0.9458286762237549,-0.8315428495407104,0.11428582668304443
english,1,33_english_real_0033,33,english_griffinlim_eval_final/real_english/english_real_0033.wav,original,-0.1480388194322586,-0.1480388194322586,0.0
english,1,33_english_real_0033,33,english_griffinlim_eval_final/real_english/english_real_0033.wav,remove_low,-0.1480388194322586,-3.7518041133880615,-3.603765293955803
english,1,33_english_real_0033,33,english_griffinlim_eval_final/real_english/english_real_0033.wav,remove_mid,-0.1480388194322586,-1.882381558418274,-1.7343427389860153
english,1,33_english_real_0033,33,english_griffinlim_eval_final/real_english/english_real_0033.wav,remove_high,-0.1480388194322586,-0.4295497238636017,-0.2815109044313431
english,1,330_english_real_0330,330,english_griffinlim_eval_final/real_english/english_real_0330.wav,original,0.4428131580352783,0.4428131580352783,0.0
english,1,330_english_real_0330,330,english_griffinlim_eval_final/real_english/english_real_0330.wav,remove_low,0.4428131580352783,-0.9519402980804443,-1.3947534561157227
english,1,330_english_real_0330,330,english_griffinlim_eval_final/real_english/english_real_0330.wav,remove_mid,0.4428131580352783,-0.6716656684875488,-1.1144788265228271
english,1,330_english_real_0330,330,english_griffinlim_eval_final/real_english/english_real_0330.wav,remove_high,0.4428131580352783,-2.284595012664795,-2.7274081707000732
english,1,351_english_real_0351,351,english_griffinlim_eval_final/real_english/english_real_0351.wav,original,-0.7046507596969604,-0.7046507596969604,0.0
english,1,351_english_real_0351,351,english_griffinlim_eval_final/real_english/english_real_0351.wav,remove_low,-0.7046507596969604,-5.621840476989746,-4.917189717292786
english,1,351_english_real_0351,351,english_griffinlim_eval_final/real_english/english_real_0351.wav,remove_mid,-0.7046507596969604,-1.2110933065414429,-0.5064425468444824
english,1,351_english_real_0351,351,english_griffinlim_eval_final/real_english/english_real_0351.wav,remove_high,-0.7046507596969604,-0.8058142066001892,-0.10116344690322876
english,1,361_english_real_0361,361,english_griffinlim_eval_final/real_english/english_real_0361.wav,original,-4.279300689697266,-4.279300689697266,0.0
english,1,361_english_real_0361,361,english_griffinlim_eval_final/real_english/english_real_0361.wav,remove_low,-4.279300689697266,-2.7502217292785645,1.5290789604187012
english,1,361_english_real_0361,361,english_griffinlim_eval_final/real_english/english_real_0361.wav,remove_mid,-4.279300689697266,-0.8382046222686768,3.441096067428589
english,1,361_english_real_0361,361,english_griffinlim_eval_final/real_english/english_real_0361.wav,remove_high,-4.279300689697266,-5.3097357749938965,-1.0304350852966309
english,1,366_english_real_0366,366,english_griffinlim_eval_final/real_english/english_real_0366.wav,original,5.406079292297363,5.406079292297363,0.0
english,1,366_english_real_0366,366,english_griffinlim_eval_final/real_english/english_real_0366.wav,remove_low,5.406079292297363,0.8205289244651794,-4.585550367832184
english,1,366_english_real_0366,366,english_griffinlim_eval_final/real_english/english_real_0366.wav,remove_mid,5.406079292297363,2.871800422668457,-2.5342788696289062
english,1,366_english_real_0366,366,english_griffinlim_eval_final/real_english/english_real_0366.wav,remove_high,5.406079292297363,5.285495758056641,-0.12058353424072266
english,1,369_english_real_0369,369,english_griffinlim_eval_final/real_english/english_real_0369.wav,original,1.8454917669296265,1.8454917669296265,0.0
english,1,369_english_real_0369,369,english_griffinlim_eval_final/real_english/english_real_0369.wav,remove_low,1.8454917669296265,-0.610561192035675,-2.4560529589653015
english,1,369_english_real_0369,369,english_griffinlim_eval_final/real_english/english_real_0369.wav,remove_mid,1.8454917669296265,-0.9423283338546753,-2.7878201007843018
english,1,369_english_real_0369,369,english_griffinlim_eval_final/real_english/english_real_0369.wav,remove_high,1.8454917669296265,1.339243769645691,-0.5062479972839355
english,1,373_english_real_0373,373,english_griffinlim_eval_final/real_english/english_real_0373.wav,original,3.688541889190674,3.688541889190674,0.0
english,1,373_english_real_0373,373,english_griffinlim_eval_final/real_english/english_real_0373.wav,remove_low,3.688541889190674,3.9821436405181885,0.29360175132751465
english,1,373_english_real_0373,373,english_griffinlim_eval_final/real_english/english_real_0373.wav,remove_mid,3.688541889190674,0.06354798376560211,-3.6249939054250717
english,1,373_english_real_0373,373,english_griffinlim_eval_final/real_english/english_real_0373.wav,remove_high,3.688541889190674,2.5637362003326416,-1.1248056888580322
english,1,386_english_real_0386,386,english_griffinlim_eval_final/real_english/english_real_0386.wav,original,4.519002914428711,4.519002914428711,0.0
english,1,386_english_real_0386,386,english_griffinlim_eval_final/real_english/english_real_0386.wav,remove_low,4.519002914428711,-3.242680549621582,-7.761683464050293
english,1,386_english_real_0386,386,english_griffinlim_eval_final/real_english/english_real_0386.wav,remove_mid,4.519002914428711,3.188138961791992,-1.3308639526367188
english,1,386_english_real_0386,386,english_griffinlim_eval_final/real_english/english_real_0386.wav,remove_high,4.519002914428711,0.5879614353179932,-3.9310414791107178
english,1,40_english_real_0040,40,english_griffinlim_eval_final/real_english/english_real_0040.wav,original,3.7854533195495605,3.7854533195495605,0.0
english,1,40_english_real_0040,40,english_griffinlim_eval_final/real_english/english_real_0040.wav,remove_low,3.7854533195495605,0.5786303281784058,-3.206822991371155
english,1,40_english_real_0040,40,english_griffinlim_eval_final/real_english/english_real_0040.wav,remove_mid,3.7854533195495605,0.48663467168807983,-3.2988186478614807
english,1,40_english_real_0040,40,english_griffinlim_eval_final/real_english/english_real_0040.wav,remove_high,3.7854533195495605,2.012410879135132,-1.7730424404144287
english,1,401_english_real_0401,401,english_griffinlim_eval_final/real_english/english_real_0401.wav,original,-0.3943115174770355,-0.3943115174770355,0.0
english,1,401_english_real_0401,401,english_griffinlim_eval_final/real_english/english_real_0401.wav,remove_low,-0.3943115174770355,-2.77961802482605,-2.3853065073490143
english,1,401_english_real_0401,401,english_griffinlim_eval_final/real_english/english_real_0401.wav,remove_mid,-0.3943115174770355,-4.371469497680664,-3.9771579802036285
english,1,401_english_real_0401,401,english_griffinlim_eval_final/real_english/english_real_0401.wav,remove_high,-0.3943115174770355,-0.8489236831665039,-0.4546121656894684
english,1,412_english_real_0412,412,english_griffinlim_eval_final/real_english/english_real_0412.wav,original,3.6766560077667236,3.6766560077667236,0.0
english,1,412_english_real_0412,412,english_griffinlim_eval_final/real_english/english_real_0412.wav,remove_low,3.6766560077667236,-0.931437075138092,-4.608093082904816
english,1,412_english_real_0412,412,english_griffinlim_eval_final/real_english/english_real_0412.wav,remove_mid,3.6766560077667236,0.5229177474975586,-3.153738260269165
english,1,412_english_real_0412,412,english_griffinlim_eval_final/real_english/english_real_0412.wav,remove_high,3.6766560077667236,2.8481693267822266,-0.8284866809844971
english,1,413_english_real_0413,413,english_griffinlim_eval_final/real_english/english_real_0413.wav,original,1.0874041318893433,1.0874041318893433,0.0
english,1,413_english_real_0413,413,english_griffinlim_eval_final/real_english/english_real_0413.wav,remove_low,1.0874041318893433,-5.857022285461426,-6.944426417350769
english,1,413_english_real_0413,413,english_griffinlim_eval_final/real_english/english_real_0413.wav,remove_mid,1.0874041318893433,-0.5034583806991577,-1.590862512588501
english,1,413_english_real_0413,413,english_griffinlim_eval_final/real_english/english_real_0413.wav,remove_high,1.0874041318893433,0.4478108584880829,-0.6395932734012604
english,1,415_english_real_0415,415,english_griffinlim_eval_final/real_english/english_real_0415.wav,original,5.165256977081299,5.165256977081299,0.0
english,1,415_english_real_0415,415,english_griffinlim_eval_final/real_english/english_real_0415.wav,remove_low,5.165256977081299,-0.7268314957618713,-5.89208847284317
english,1,415_english_real_0415,415,english_griffinlim_eval_final/real_english/english_real_0415.wav,remove_mid,5.165256977081299,4.0858612060546875,-1.0793957710266113
english,1,415_english_real_0415,415,english_griffinlim_eval_final/real_english/english_real_0415.wav,remove_high,5.165256977081299,4.948266983032227,-0.21698999404907227
english,1,427_english_real_0427,427,english_griffinlim_eval_final/real_english/english_real_0427.wav,original,4.675575256347656,4.675575256347656,0.0
english,1,427_english_real_0427,427,english_griffinlim_eval_final/real_english/english_real_0427.wav,remove_low,4.675575256347656,5.1474456787109375,0.47187042236328125
english,1,427_english_real_0427,427,english_griffinlim_eval_final/real_english/english_real_0427.wav,remove_mid,4.675575256347656,3.0375969409942627,-1.6379783153533936
english,1,427_english_real_0427,427,english_griffinlim_eval_final/real_english/english_real_0427.wav,remove_high,4.675575256347656,4.507254600524902,-0.1683206558227539
english,1,441_english_real_0441,441,english_griffinlim_eval_final/real_english/english_real_0441.wav,original,4.700003623962402,4.700003623962402,0.0
english,1,441_english_real_0441,441,english_griffinlim_eval_final/real_english/english_real_0441.wav,remove_low,4.700003623962402,2.9195117950439453,-1.780491828918457
english,1,441_english_real_0441,441,english_griffinlim_eval_final/real_english/english_real_0441.wav,remove_mid,4.700003623962402,0.09964849054813385,-4.6003551334142685
english,1,441_english_real_0441,441,english_griffinlim_eval_final/real_english/english_real_0441.wav,remove_high,4.700003623962402,4.5104475021362305,-0.18955612182617188
english,1,479_english_real_0479,479,english_griffinlim_eval_final/real_english/english_real_0479.wav,original,4.77067232131958,4.77067232131958,0.0
english,1,479_english_real_0479,479,english_griffinlim_eval_final/real_english/english_real_0479.wav,remove_low,4.77067232131958,-0.6208584308624268,-5.391530752182007
english,1,479_english_real_0479,479,english_griffinlim_eval_final/real_english/english_real_0479.wav,remove_mid,4.77067232131958,2.2161755561828613,-2.5544967651367188
english,1,479_english_real_0479,479,english_griffinlim_eval_final/real_english/english_real_0479.wav,remove_high,4.77067232131958,4.822995185852051,0.0523228645324707
english,1,483_english_real_0483,483,english_griffinlim_eval_final/real_english/english_real_0483.wav,original,3.9105379581451416,3.9105379581451416,0.0
english,1,483_english_real_0483,483,english_griffinlim_eval_final/real_english/english_real_0483.wav,remove_low,3.9105379581451416,1.2616379261016846,-2.648900032043457
english,1,483_english_real_0483,483,english_griffinlim_eval_final/real_english/english_real_0483.wav,remove_mid,3.9105379581451416,0.11998908221721649,-3.790548875927925
english,1,483_english_real_0483,483,english_griffinlim_eval_final/real_english/english_real_0483.wav,remove_high,3.9105379581451416,3.7136669158935547,-0.19687104225158691
english,1,497_english_real_0497,497,english_griffinlim_eval_final/real_english/english_real_0497.wav,original,5.183045387268066,5.183045387268066,0.0
english,1,497_english_real_0497,497,english_griffinlim_eval_final/real_english/english_real_0497.wav,remove_low,5.183045387268066,0.7792670130729675,-4.403778374195099
english,1,497_english_real_0497,497,english_griffinlim_eval_final/real_english/english_real_0497.wav,remove_mid,5.183045387268066,4.728815078735352,-0.45423030853271484
english,1,497_english_real_0497,497,english_griffinlim_eval_final/real_english/english_real_0497.wav,remove_high,5.183045387268066,4.995999336242676,-0.18704605102539062
english,1,498_english_real_0498,498,english_griffinlim_eval_final/real_english/english_real_0498.wav,original,5.574698448181152,5.574698448181152,0.0
english,1,498_english_real_0498,498,english_griffinlim_eval_final/real_english/english_real_0498.wav,remove_low,5.574698448181152,3.9332079887390137,-1.6414904594421387
english,1,498_english_real_0498,498,english_griffinlim_eval_final/real_english/english_real_0498.wav,remove_mid,5.574698448181152,4.8541035652160645,-0.7205948829650879
english,1,498_english_real_0498,498,english_griffinlim_eval_final/real_english/english_real_0498.wav,remove_high,5.574698448181152,5.655831813812256,0.08113336563110352
english,1,533_english_real_0533,533,english_griffinlim_eval_final/real_english/english_real_0533.wav,original,1.8502880334854126,1.8502880334854126,0.0
english,1,533_english_real_0533,533,english_griffinlim_eval_final/real_english/english_real_0533.wav,remove_low,1.8502880334854126,-0.12177591025829315,-1.9720639437437057
english,1,533_english_real_0533,533,english_griffinlim_eval_final/real_english/english_real_0533.wav,remove_mid,1.8502880334854126,0.16742922365665436,-1.6828588098287582
english,1,533_english_real_0533,533,english_griffinlim_eval_final/real_english/english_real_0533.wav,remove_high,1.8502880334854126,1.2648271322250366,-0.585460901260376
english,1,541_english_real_0541,541,english_griffinlim_eval_final/real_english/english_real_0541.wav,original,5.154067516326904,5.154067516326904,0.0
english,1,541_english_real_0541,541,english_griffinlim_eval_final/real_english/english_real_0541.wav,remove_low,5.154067516326904,2.821442127227783,-2.332625389099121
english,1,541_english_real_0541,541,english_griffinlim_eval_final/real_english/english_real_0541.wav,remove_mid,5.154067516326904,4.595267295837402,-0.558800220489502
english,1,541_english_real_0541,541,english_griffinlim_eval_final/real_english/english_real_0541.wav,remove_high,5.154067516326904,5.037113189697266,-0.11695432662963867
english,1,60_english_real_0060,60,english_griffinlim_eval_final/real_english/english_real_0060.wav,original,4.55063009262085,4.55063009262085,0.0
english,1,60_english_real_0060,60,english_griffinlim_eval_final/real_english/english_real_0060.wav,remove_low,4.55063009262085,2.7779531478881836,-1.772676944732666
english,1,60_english_real_0060,60,english_griffinlim_eval_final/real_english/english_real_0060.wav,remove_mid,4.55063009262085,3.1847236156463623,-1.3659064769744873
english,1,60_english_real_0060,60,english_griffinlim_eval_final/real_english/english_real_0060.wav,remove_high,4.55063009262085,4.375541687011719,-0.17508840560913086
english,1,605_english_real_0605,605,english_griffinlim_eval_final/real_english/english_real_0605.wav,original,3.491757869720459,3.491757869720459,0.0
english,1,605_english_real_0605,605,english_griffinlim_eval_final/real_english/english_real_0605.wav,remove_low,3.491757869720459,-0.009702343493700027,-3.501460213214159
english,1,605_english_real_0605,605,english_griffinlim_eval_final/real_english/english_real_0605.wav,remove_mid,3.491757869720459,-0.3217316269874573,-3.8134894967079163
english,1,605_english_real_0605,605,english_griffinlim_eval_final/real_english/english_real_0605.wav,remove_high,3.491757869720459,2.434730052947998,-1.057027816772461
english,1,610_english_real_0610,610,english_griffinlim_eval_final/real_english/english_real_0610.wav,original,4.931206703186035,4.931206703186035,0.0
english,1,610_english_real_0610,610,english_griffinlim_eval_final/real_english/english_real_0610.wav,remove_low,4.931206703186035,4.895225524902344,-0.035981178283691406
english,1,610_english_real_0610,610,english_griffinlim_eval_final/real_english/english_real_0610.wav,remove_mid,4.931206703186035,4.631186485290527,-0.3000202178955078
english,1,610_english_real_0610,610,english_griffinlim_eval_final/real_english/english_real_0610.wav,remove_high,4.931206703186035,0.9249473810195923,-4.006259322166443
english,1,614_english_real_0614,614,english_griffinlim_eval_final/real_english/english_real_0614.wav,original,3.871476411819458,3.871476411819458,0.0
english,1,614_english_real_0614,614,english_griffinlim_eval_final/real_english/english_real_0614.wav,remove_low,3.871476411819458,-0.8308272361755371,-4.702303647994995
english,1,614_english_real_0614,614,english_griffinlim_eval_final/real_english/english_real_0614.wav,remove_mid,3.871476411819458,0.994011402130127,-2.877465009689331
english,1,614_english_real_0614,614,english_griffinlim_eval_final/real_english/english_real_0614.wav,remove_high,3.871476411819458,2.596571922302246,-1.274904489517212
english,1,62_english_real_0062,62,english_griffinlim_eval_final/real_english/english_real_0062.wav,original,3.2455105781555176,3.2455105781555176,0.0
english,1,62_english_real_0062,62,english_griffinlim_eval_final/real_english/english_real_0062.wav,remove_low,3.2455105781555176,-0.7022576332092285,-3.947768211364746
english,1,62_english_real_0062,62,english_griffinlim_eval_final/real_english/english_real_0062.wav,remove_mid,3.2455105781555176,1.8543952703475952,-1.3911153078079224
english,1,62_english_real_0062,62,english_griffinlim_eval_final/real_english/english_real_0062.wav,remove_high,3.2455105781555176,2.8627634048461914,-0.38274717330932617
english,1,636_english_real_0636,636,english_griffinlim_eval_final/real_english/english_real_0636.wav,original,3.7562551498413086,3.7562551498413086,0.0
english,1,636_english_real_0636,636,english_griffinlim_eval_final/real_english/english_real_0636.wav,remove_low,3.7562551498413086,2.235431671142578,-1.5208234786987305
english,1,636_english_real_0636,636,english_griffinlim_eval_final/real_english/english_real_0636.wav,remove_mid,3.7562551498413086,-0.23888440430164337,-3.995139554142952
english,1,636_english_real_0636,636,english_griffinlim_eval_final/real_english/english_real_0636.wav,remove_high,3.7562551498413086,3.4337987899780273,-0.32245635986328125
english,1,652_english_real_0652,652,english_griffinlim_eval_final/real_english/english_real_0652.wav,original,5.566715240478516,5.566715240478516,0.0
english,1,652_english_real_0652,652,english_griffinlim_eval_final/real_english/english_real_0652.wav,remove_low,5.566715240478516,5.381040573120117,-0.18567466735839844
english,1,652_english_real_0652,652,english_griffinlim_eval_final/real_english/english_real_0652.wav,remove_mid,5.566715240478516,5.158869743347168,-0.40784549713134766
english,1,652_english_real_0652,652,english_griffinlim_eval_final/real_english/english_real_0652.wav,remove_high,5.566715240478516,5.6157612800598145,0.04904603958129883
english,1,668_english_real_0668,668,english_griffinlim_eval_final/real_english/english_real_0668.wav,original,6.061781883239746,6.061781883239746,0.0
english,1,668_english_real_0668,668,english_griffinlim_eval_final/real_english/english_real_0668.wav,remove_low,6.061781883239746,5.660265922546387,-0.4015159606933594
english,1,668_english_real_0668,668,english_griffinlim_eval_final/real_english/english_real_0668.wav,remove_mid,6.061781883239746,-0.03585926070809364,-6.09764114394784
english,1,668_english_real_0668,668,english_griffinlim_eval_final/real_english/english_real_0668.wav,remove_high,6.061781883239746,5.861703872680664,-0.20007801055908203
english,1,679_english_real_0679,679,english_griffinlim_eval_final/real_english/english_real_0679.wav,original,0.3966369926929474,0.3966369926929474,0.0
english,1,679_english_real_0679,679,english_griffinlim_eval_final/real_english/english_real_0679.wav,remove_low,0.3966369926929474,0.8953427076339722,0.4987057149410248
english,1,679_english_real_0679,679,english_griffinlim_eval_final/real_english/english_real_0679.wav,remove_mid,0.3966369926929474,-0.7387294769287109,-1.1353664696216583
english,1,679_english_real_0679,679,english_griffinlim_eval_final/real_english/english_real_0679.wav,remove_high,0.3966369926929474,-0.11179476976394653,-0.5084317624568939
english,1,699_english_real_0699,699,english_griffinlim_eval_final/real_english/english_real_0699.wav,original,3.618535041809082,3.618535041809082,0.0
english,1,699_english_real_0699,699,english_griffinlim_eval_final/real_english/english_real_0699.wav,remove_low,3.618535041809082,0.6726229190826416,-2.9459121227264404
english,1,699_english_real_0699,699,english_griffinlim_eval_final/real_english/english_real_0699.wav,remove_mid,3.618535041809082,0.4756200313568115,-3.1429150104522705
english,1,699_english_real_0699,699,english_griffinlim_eval_final/real_english/english_real_0699.wav,remove_high,3.618535041809082,3.2326583862304688,-0.3858766555786133
english,1,705_english_real_0705,705,english_griffinlim_eval_final/real_english/english_real_0705.wav,original,5.799588203430176,5.799588203430176,0.0
english,1,705_english_real_0705,705,english_griffinlim_eval_final/real_english/english_real_0705.wav,remove_low,5.799588203430176,4.069549560546875,-1.7300386428833008
english,1,705_english_real_0705,705,english_griffinlim_eval_final/real_english/english_real_0705.wav,remove_mid,5.799588203430176,5.408197402954102,-0.3913908004760742
english,1,705_english_real_0705,705,english_griffinlim_eval_final/real_english/english_real_0705.wav,remove_high,5.799588203430176,5.771323204040527,-0.028264999389648438
english,1,72_english_real_0072,72,english_griffinlim_eval_final/real_english/english_real_0072.wav,original,-0.7173057794570923,-0.7173057794570923,0.0
english,1,72_english_real_0072,72,english_griffinlim_eval_final/real_english/english_real_0072.wav,remove_low,-0.7173057794570923,-1.1403040885925293,-0.422998309135437
english,1,72_english_real_0072,72,english_griffinlim_eval_final/real_english/english_real_0072.wav,remove_mid,-0.7173057794570923,-2.0170741081237793,-1.299768328666687
english,1,72_english_real_0072,72,english_griffinlim_eval_final/real_english/english_real_0072.wav,remove_high,-0.7173057794570923,-0.6168763637542725,0.10042941570281982
english,1,725_english_real_0725,725,english_griffinlim_eval_final/real_english/english_real_0725.wav,original,4.698703289031982,4.698703289031982,0.0
english,1,725_english_real_0725,725,english_griffinlim_eval_final/real_english/english_real_0725.wav,remove_low,4.698703289031982,3.46065092086792,-1.2380523681640625
english,1,725_english_real_0725,725,english_griffinlim_eval_final/real_english/english_real_0725.wav,remove_mid,4.698703289031982,3.8006277084350586,-0.8980755805969238
english,1,725_english_real_0725,725,english_griffinlim_eval_final/real_english/english_real_0725.wav,remove_high,4.698703289031982,4.506100654602051,-0.19260263442993164
english,1,726_english_real_0726,726,english_griffinlim_eval_final/real_english/english_real_0726.wav,original,4.65292501449585,4.65292501449585,0.0
english,1,726_english_real_0726,726,english_griffinlim_eval_final/real_english/english_real_0726.wav,remove_low,4.65292501449585,0.14776790142059326,-4.505157113075256
english,1,726_english_real_0726,726,english_griffinlim_eval_final/real_english/english_real_0726.wav,remove_mid,4.65292501449585,3.7886836528778076,-0.864241361618042
english,1,726_english_real_0726,726,english_griffinlim_eval_final/real_english/english_real_0726.wav,remove_high,4.65292501449585,4.849761962890625,0.1968369483947754
english,1,76_english_real_0076,76,english_griffinlim_eval_final/real_english/english_real_0076.wav,original,4.201656341552734,4.201656341552734,0.0
english,1,76_english_real_0076,76,english_griffinlim_eval_final/real_english/english_real_0076.wav,remove_low,4.201656341552734,-0.012936558574438095,-4.2145929001271725
english,1,76_english_real_0076,76,english_griffinlim_eval_final/real_english/english_real_0076.wav,remove_mid,4.201656341552734,3.6733803749084473,-0.5282759666442871
english,1,76_english_real_0076,76,english_griffinlim_eval_final/real_english/english_real_0076.wav,remove_high,4.201656341552734,3.6163713932037354,-0.585284948348999
english,1,772_english_real_0772,772,english_griffinlim_eval_final/real_english/english_real_0772.wav,original,2.6052842140197754,2.6052842140197754,0.0
english,1,772_english_real_0772,772,english_griffinlim_eval_final/real_english/english_real_0772.wav,remove_low,2.6052842140197754,1.7580300569534302,-0.8472541570663452
english,1,772_english_real_0772,772,english_griffinlim_eval_final/real_english/english_real_0772.wav,remove_mid,2.6052842140197754,-1.4303539991378784,-4.035638213157654
english,1,772_english_real_0772,772,english_griffinlim_eval_final/real_english/english_real_0772.wav,remove_high,2.6052842140197754,1.6261065006256104,-0.979177713394165
english,1,777_english_real_0777,777,english_griffinlim_eval_final/real_english/english_real_0777.wav,original,-1.0256843566894531,-1.0256843566894531,0.0
english,1,777_english_real_0777,777,english_griffinlim_eval_final/real_english/english_real_0777.wav,remove_low,-1.0256843566894531,-1.1277064085006714,-0.10202205181121826
english,1,777_english_real_0777,777,english_griffinlim_eval_final/real_english/english_real_0777.wav,remove_mid,-1.0256843566894531,-2.008326530456543,-0.9826421737670898
english,1,777_english_real_0777,777,english_griffinlim_eval_final/real_english/english_real_0777.wav,remove_high,-1.0256843566894531,-1.0454500913619995,-0.019765734672546387
english,1,782_english_real_0782,782,english_griffinlim_eval_final/real_english/english_real_0782.wav,original,4.0826568603515625,4.0826568603515625,0.0
english,1,782_english_real_0782,782,english_griffinlim_eval_final/real_english/english_real_0782.wav,remove_low,4.0826568603515625,-4.541992664337158,-8.62464952468872
english,1,782_english_real_0782,782,english_griffinlim_eval_final/real_english/english_real_0782.wav,remove_mid,4.0826568603515625,1.6571770906448364,-2.425479769706726
english,1,782_english_real_0782,782,english_griffinlim_eval_final/real_english/english_real_0782.wav,remove_high,4.0826568603515625,4.229547500610352,0.14689064025878906
english,1,797_english_real_0797,797,english_griffinlim_eval_final/real_english/english_real_0797.wav,original,1.1353009939193726,1.1353009939193726,0.0
english,1,797_english_real_0797,797,english_griffinlim_eval_final/real_english/english_real_0797.wav,remove_low,1.1353009939193726,-1.9703477621078491,-3.1056487560272217
english,1,797_english_real_0797,797,english_griffinlim_eval_final/real_english/english_real_0797.wav,remove_mid,1.1353009939193726,-0.7058118581771851,-1.8411128520965576
english,1,797_english_real_0797,797,english_griffinlim_eval_final/real_english/english_real_0797.wav,remove_high,1.1353009939193726,0.5312287211418152,-0.6040722727775574
english,1,802_english_real_0802,802,english_griffinlim_eval_final/real_english/english_real_0802.wav,original,3.7015373706817627,3.7015373706817627,0.0
english,1,802_english_real_0802,802,english_griffinlim_eval_final/real_english/english_real_0802.wav,remove_low,3.7015373706817627,0.9008275270462036,-2.800709843635559
english,1,802_english_real_0802,802,english_griffinlim_eval_final/real_english/english_real_0802.wav,remove_mid,3.7015373706817627,1.1340700387954712,-2.5674673318862915
english,1,802_english_real_0802,802,english_griffinlim_eval_final/real_english/english_real_0802.wav,remove_high,3.7015373706817627,3.391211986541748,-0.31032538414001465
english,1,83_english_real_0083,83,english_griffinlim_eval_final/real_english/english_real_0083.wav,original,6.331123352050781,6.331123352050781,0.0
english,1,83_english_real_0083,83,english_griffinlim_eval_final/real_english/english_real_0083.wav,remove_low,6.331123352050781,1.1889010667800903,-5.142222285270691
english,1,83_english_real_0083,83,english_griffinlim_eval_final/real_english/english_real_0083.wav,remove_mid,6.331123352050781,5.707586288452148,-0.6235370635986328
english,1,83_english_real_0083,83,english_griffinlim_eval_final/real_english/english_real_0083.wav,remove_high,6.331123352050781,6.349215507507324,0.01809215545654297
english,1,830_english_real_0830,830,english_griffinlim_eval_final/real_english/english_real_0830.wav,original,5.323886871337891,5.323886871337891,0.0
english,1,830_english_real_0830,830,english_griffinlim_eval_final/real_english/english_real_0830.wav,remove_low,5.323886871337891,2.65700626373291,-2.6668806076049805
english,1,830_english_real_0830,830,english_griffinlim_eval_final/real_english/english_real_0830.wav,remove_mid,5.323886871337891,3.0101993083953857,-2.313687562942505
english,1,830_english_real_0830,830,english_griffinlim_eval_final/real_english/english_real_0830.wav,remove_high,5.323886871337891,5.039402961730957,-0.2844839096069336
english,1,836_english_real_0836,836,english_griffinlim_eval_final/real_english/english_real_0836.wav,original,4.929644584655762,4.929644584655762,0.0
english,1,836_english_real_0836,836,english_griffinlim_eval_final/real_english/english_real_0836.wav,remove_low,4.929644584655762,3.1705093383789062,-1.7591352462768555
english,1,836_english_real_0836,836,english_griffinlim_eval_final/real_english/english_real_0836.wav,remove_mid,4.929644584655762,3.5844640731811523,-1.3451805114746094
english,1,836_english_real_0836,836,english_griffinlim_eval_final/real_english/english_real_0836.wav,remove_high,4.929644584655762,4.865783214569092,-0.06386137008666992
english,1,839_english_real_0839,839,english_griffinlim_eval_final/real_english/english_real_0839.wav,original,0.15752463042736053,0.15752463042736053,0.0
english,1,839_english_real_0839,839,english_griffinlim_eval_final/real_english/english_real_0839.wav,remove_low,0.15752463042736053,-2.0632238388061523,-2.220748469233513
english,1,839_english_real_0839,839,english_griffinlim_eval_final/real_english/english_real_0839.wav,remove_mid,0.15752463042736053,-1.5820595026016235,-1.739584133028984
english,1,839_english_real_0839,839,english_griffinlim_eval_final/real_english/english_real_0839.wav,remove_high,0.15752463042736053,0.23947647213935852,0.08195184171199799
english,1,841_english_real_0841,841,english_griffinlim_eval_final/real_english/english_real_0841.wav,original,-0.2127234786748886,-0.2127234786748886,0.0
english,1,841_english_real_0841,841,english_griffinlim_eval_final/real_english/english_real_0841.wav,remove_low,-0.2127234786748886,-2.517099618911743,-2.3043761402368546
english,1,841_english_real_0841,841,english_griffinlim_eval_final/real_english/english_real_0841.wav,remove_mid,-0.2127234786748886,-0.6260986328125,-0.4133751541376114
english,1,841_english_real_0841,841,english_griffinlim_eval_final/real_english/english_real_0841.wav,remove_high,-0.2127234786748886,-0.5197311639785767,-0.30700768530368805
english,1,843_english_real_0843,843,english_griffinlim_eval_final/real_english/english_real_0843.wav,original,5.594269752502441,5.594269752502441,0.0
english,1,843_english_real_0843,843,english_griffinlim_eval_final/real_english/english_real_0843.wav,remove_low,5.594269752502441,-0.0717666894197464,-5.666036441922188
english,1,843_english_real_0843,843,english_griffinlim_eval_final/real_english/english_real_0843.wav,remove_mid,5.594269752502441,4.565181732177734,-1.029088020324707
english,1,843_english_real_0843,843,english_griffinlim_eval_final/real_english/english_real_0843.wav,remove_high,5.594269752502441,3.8063220977783203,-1.787947654724121
english,1,854_english_real_0854,854,english_griffinlim_eval_final/real_english/english_real_0854.wav,original,5.450447082519531,5.450447082519531,0.0
english,1,854_english_real_0854,854,english_griffinlim_eval_final/real_english/english_real_0854.wav,remove_low,5.450447082519531,4.764646530151367,-0.6858005523681641
english,1,854_english_real_0854,854,english_griffinlim_eval_final/real_english/english_real_0854.wav,remove_mid,5.450447082519531,4.827187538146973,-0.6232595443725586
english,1,854_english_real_0854,854,english_griffinlim_eval_final/real_english/english_real_0854.wav,remove_high,5.450447082519531,5.315975189208984,-0.13447189331054688
english,1,857_english_real_0857,857,english_griffinlim_eval_final/real_english/english_real_0857.wav,original,4.765457630157471,4.765457630157471,0.0
english,1,857_english_real_0857,857,english_griffinlim_eval_final/real_english/english_real_0857.wav,remove_low,4.765457630157471,-0.272146612405777,-5.037604242563248
english,1,857_english_real_0857,857,english_griffinlim_eval_final/real_english/english_real_0857.wav,remove_mid,4.765457630157471,1.79131019115448,-2.9741474390029907
english,1,857_english_real_0857,857,english_griffinlim_eval_final/real_english/english_real_0857.wav,remove_high,4.765457630157471,4.239407062530518,-0.5260505676269531
english,1,865_english_real_0865,865,english_griffinlim_eval_final/real_english/english_real_0865.wav,original,3.0984227657318115,3.0984227657318115,0.0
english,1,865_english_real_0865,865,english_griffinlim_eval_final/real_english/english_real_0865.wav,remove_low,3.0984227657318115,5.330422878265381,2.2320001125335693
english,1,865_english_real_0865,865,english_griffinlim_eval_final/real_english/english_real_0865.wav,remove_mid,3.0984227657318115,3.7653632164001465,0.666940450668335
english,1,865_english_real_0865,865,english_griffinlim_eval_final/real_english/english_real_0865.wav,remove_high,3.0984227657318115,3.579310894012451,0.48088812828063965
english,1,867_english_real_0867,867,english_griffinlim_eval_final/real_english/english_real_0867.wav,original,1.9710224866867065,1.9710224866867065,0.0
english,1,867_english_real_0867,867,english_griffinlim_eval_final/real_english/english_real_0867.wav,remove_low,1.9710224866867065,-2.3202085494995117,-4.291231036186218
english,1,867_english_real_0867,867,english_griffinlim_eval_final/real_english/english_real_0867.wav,remove_mid,1.9710224866867065,-0.5075498819351196,-2.478572368621826
english,1,867_english_real_0867,867,english_griffinlim_eval_final/real_english/english_real_0867.wav,remove_high,1.9710224866867065,1.9185839891433716,-0.05243849754333496
english,1,879_english_real_0879,879,english_griffinlim_eval_final/real_english/english_real_0879.wav,original,5.327836036682129,5.327836036682129,0.0
english,1,879_english_real_0879,879,english_griffinlim_eval_final/real_english/english_real_0879.wav,remove_low,5.327836036682129,1.6033942699432373,-3.7244417667388916
english,1,879_english_real_0879,879,english_griffinlim_eval_final/real_english/english_real_0879.wav,remove_mid,5.327836036682129,2.666802406311035,-2.6610336303710938
english,1,879_english_real_0879,879,english_griffinlim_eval_final/real_english/english_real_0879.wav,remove_high,5.327836036682129,5.244970798492432,-0.08286523818969727
english,1,883_english_real_0883,883,english_griffinlim_eval_final/real_english/english_real_0883.wav,original,-0.8772727251052856,-0.8772727251052856,0.0
english,1,883_english_real_0883,883,english_griffinlim_eval_final/real_english/english_real_0883.wav,remove_low,-0.8772727251052856,-1.057956337928772,-0.18068361282348633
english,1,883_english_real_0883,883,english_griffinlim_eval_final/real_english/english_real_0883.wav,remove_mid,-0.8772727251052856,-2.4410648345947266,-1.563792109489441
english,1,883_english_real_0883,883,english_griffinlim_eval_final/real_english/english_real_0883.wav,remove_high,-0.8772727251052856,-2.1046547889709473,-1.2273820638656616
english,1,884_english_real_0884,884,english_griffinlim_eval_final/real_english/english_real_0884.wav,original,5.072906494140625,5.072906494140625,0.0
english,1,884_english_real_0884,884,english_griffinlim_eval_final/real_english/english_real_0884.wav,remove_low,5.072906494140625,4.479019641876221,-0.5938868522644043
english,1,884_english_real_0884,884,english_griffinlim_eval_final/real_english/english_real_0884.wav,remove_mid,5.072906494140625,4.040387153625488,-1.0325193405151367
english,1,884_english_real_0884,884,english_griffinlim_eval_final/real_english/english_real_0884.wav,remove_high,5.072906494140625,4.94124698638916,-0.13165950775146484
english,1,888_english_real_0888,888,english_griffinlim_eval_final/real_english/english_real_0888.wav,original,5.919186592102051,5.919186592102051,0.0
english,1,888_english_real_0888,888,english_griffinlim_eval_final/real_english/english_real_0888.wav,remove_low,5.919186592102051,-0.6840255856513977,-6.6032121777534485
english,1,888_english_real_0888,888,english_griffinlim_eval_final/real_english/english_real_0888.wav,remove_mid,5.919186592102051,5.56676721572876,-0.352419376373291
english,1,888_english_real_0888,888,english_griffinlim_eval_final/real_english/english_real_0888.wav,remove_high,5.919186592102051,5.869810581207275,-0.04937601089477539
english,1,897_english_real_0897,897,english_griffinlim_eval_final/real_english/english_real_0897.wav,original,1.0678750276565552,1.0678750276565552,0.0
english,1,897_english_real_0897,897,english_griffinlim_eval_final/real_english/english_real_0897.wav,remove_low,1.0678750276565552,3.5468740463256836,2.4789990186691284
english,1,897_english_real_0897,897,english_griffinlim_eval_final/real_english/english_real_0897.wav,remove_mid,1.0678750276565552,0.22110465168952942,-0.8467703759670258
english,1,897_english_real_0897,897,english_griffinlim_eval_final/real_english/english_real_0897.wav,remove_high,1.0678750276565552,0.6025882959365845,-0.4652867317199707
english,1,902_english_real_0902,902,english_griffinlim_eval_final/real_english/english_real_0902.wav,original,1.806815505027771,1.806815505027771,0.0
english,1,902_english_real_0902,902,english_griffinlim_eval_final/real_english/english_real_0902.wav,remove_low,1.806815505027771,2.3659825325012207,0.5591670274734497
english,1,902_english_real_0902,902,english_griffinlim_eval_final/real_english/english_real_0902.wav,remove_mid,1.806815505027771,-1.0711508989334106,-2.8779664039611816
english,1,902_english_real_0902,902,english_griffinlim_eval_final/real_english/english_real_0902.wav,remove_high,1.806815505027771,-3.1918060779571533,-4.998621582984924
english,1,907_english_real_0907,907,english_griffinlim_eval_final/real_english/english_real_0907.wav,original,3.459141254425049,3.459141254425049,0.0
english,1,907_english_real_0907,907,english_griffinlim_eval_final/real_english/english_real_0907.wav,remove_low,3.459141254425049,-2.86423659324646,-6.323377847671509
english,1,907_english_real_0907,907,english_griffinlim_eval_final/real_english/english_real_0907.wav,remove_mid,3.459141254425049,-0.09367997944355011,-3.552821233868599
english,1,907_english_real_0907,907,english_griffinlim_eval_final/real_english/english_real_0907.wav,remove_high,3.459141254425049,2.31381893157959,-1.145322322845459
english,1,916_english_real_0916,916,english_griffinlim_eval_final/real_english/english_real_0916.wav,original,4.249000072479248,4.249000072479248,0.0
english,1,916_english_real_0916,916,english_griffinlim_eval_final/real_english/english_real_0916.wav,remove_low,4.249000072479248,1.4097745418548584,-2.8392255306243896
english,1,916_english_real_0916,916,english_griffinlim_eval_final/real_english/english_real_0916.wav,remove_mid,4.249000072479248,-0.593315839767456,-4.842315912246704
english,1,916_english_real_0916,916,english_griffinlim_eval_final/real_english/english_real_0916.wav,remove_high,4.249000072479248,4.20898962020874,-0.04001045227050781
english,1,937_english_real_0937,937,english_griffinlim_eval_final/real_english/english_real_0937.wav,original,3.362311363220215,3.362311363220215,0.0
english,1,937_english_real_0937,937,english_griffinlim_eval_final/real_english/english_real_0937.wav,remove_low,3.362311363220215,-0.9097900390625,-4.272101402282715
english,1,937_english_real_0937,937,english_griffinlim_eval_final/real_english/english_real_0937.wav,remove_mid,3.362311363220215,1.6224908828735352,-1.7398204803466797
english,1,937_english_real_0937,937,english_griffinlim_eval_final/real_english/english_real_0937.wav,remove_high,3.362311363220215,2.7281107902526855,-0.6342005729675293
english,1,948_english_real_0948,948,english_griffinlim_eval_final/real_english/english_real_0948.wav,original,3.294851541519165,3.294851541519165,0.0
english,1,948_english_real_0948,948,english_griffinlim_eval_final/real_english/english_real_0948.wav,remove_low,3.294851541519165,-1.5316108465194702,-4.826462388038635
english,1,948_english_real_0948,948,english_griffinlim_eval_final/real_english/english_real_0948.wav,remove_mid,3.294851541519165,1.7460321187973022,-1.5488194227218628
english,1,948_english_real_0948,948,english_griffinlim_eval_final/real_english/english_real_0948.wav,remove_high,3.294851541519165,2.510921001434326,-0.7839305400848389
english,1,961_english_real_0961,961,english_griffinlim_eval_final/real_english/english_real_0961.wav,original,5.350895404815674,5.350895404815674,0.0
english,1,961_english_real_0961,961,english_griffinlim_eval_final/real_english/english_real_0961.wav,remove_low,5.350895404815674,-0.22420792281627655,-5.57510332763195
english,1,961_english_real_0961,961,english_griffinlim_eval_final/real_english/english_real_0961.wav,remove_mid,5.350895404815674,3.4610750675201416,-1.8898203372955322
english,1,961_english_real_0961,961,english_griffinlim_eval_final/real_english/english_real_0961.wav,remove_high,5.350895404815674,4.894557952880859,-0.45633745193481445
english,1,966_english_real_0966,966,english_griffinlim_eval_final/real_english/english_real_0966.wav,original,3.270590305328369,3.270590305328369,0.0
english,1,966_english_real_0966,966,english_griffinlim_eval_final/real_english/english_real_0966.wav,remove_low,3.270590305328369,0.09627808630466461,-3.1743122190237045
english,1,966_english_real_0966,966,english_griffinlim_eval_final/real_english/english_real_0966.wav,remove_mid,3.270590305328369,1.31718111038208,-1.953409194946289
english,1,966_english_real_0966,966,english_griffinlim_eval_final/real_english/english_real_0966.wav,remove_high,3.270590305328369,2.852665901184082,-0.4179244041442871
english,1,99_english_real_0099,99,english_griffinlim_eval_final/real_english/english_real_0099.wav,original,4.514772415161133,4.514772415161133,0.0
english,1,99_english_real_0099,99,english_griffinlim_eval_final/real_english/english_real_0099.wav,remove_low,4.514772415161133,0.45769715309143066,-4.057075262069702
english,1,99_english_real_0099,99,english_griffinlim_eval_final/real_english/english_real_0099.wav,remove_mid,4.514772415161133,0.26392826437950134,-4.2508441507816315
english,1,99_english_real_0099,99,english_griffinlim_eval_final/real_english/english_real_0099.wav,remove_high,4.514772415161133,4.24710750579834,-0.26766490936279297
english,1,994_english_real_0994,994,english_griffinlim_eval_final/real_english/english_real_0994.wav,original,-4.8886799812316895,-4.8886799812316895,0.0
english,1,994_english_real_0994,994,english_griffinlim_eval_final/real_english/english_real_0994.wav,remove_low,-4.8886799812316895,-1.3513566255569458,3.5373233556747437
english,1,994_english_real_0994,994,english_griffinlim_eval_final/real_english/english_real_0994.wav,remove_mid,-4.8886799812316895,-5.810159683227539,-0.9214797019958496
english,1,994_english_real_0994,994,english_griffinlim_eval_final/real_english/english_real_0994.wav,remove_high,-4.8886799812316895,-5.7532548904418945,-0.8645749092102051
english,0,1002_english_fake_1002,1002,english_griffinlim_eval_final/fake_english_griffinlim/english_fake_1002.wav,original,-0.2247561663389206,-0.2247561663389206,0.0
english,0,1002_english_fake_1002,1002,english_griffinlim_eval_final/fake_english_griffinlim/english_fake_1002.wav,remove_low,-0.2247561663389206,-0.3251078724861145,-0.10035170614719391
english,0,1002_english_fake_1002,1002,english_griffinlim_eval_final/fake_english_griffinlim/english_fake_1002.wav,remove_mid,-0.2247561663389206,-0.860713005065918,-0.6359568387269974
english,0,1002_english_fake_1002,1002,english_griffinlim_eval_final/fake_english_griffinlim/english_fake_1002.wav,remove_high,-0.2247561663389206,0.3174690306186676,0.5422251969575882
english,0,1032_english_fake_1032,1032,english_griffinlim_eval_final/fake_english_griffinlim/english_fake_1032.wav,original,0.4825593829154968,0.4825593829154968,0.0
english,0,1032_english_fake_1032,1032,english_griffinlim_eval_final/fake_english_griffinlim/english_fake_1032.wav,remove_low,0.4825593829154968,-0.7770133018493652,-1.259572684764862
english,0,1032_english_fake_1032,1032,english_griffinlim_eval_final/fake_english_griffinlim/english_fake_1032.wav,remove_mid,0.4825593829154968,-0.39130276441574097,-0.8738621473312378
english,0,1032_english_fake_1032,1032,english_griffinlim_eval_final/fake_english_griffinlim/english_fake_1032.wav,remove_high,0.4825593829154968,-0.15550988912582397,-0.6380692720413208
english,0,1036_english_fake_1036,1036,english_griffinlim_eval_final/fake_english_griffinlim/english_fake_1036.wav,original,0.23042577505111694,0.23042577505111694,0.0
english,0,1036_english_fake_1036,1036,english_griffinlim_eval_final/fake_english_griffinlim/english_fake_1036.wav,remove_low,0.23042577505111694,2.5338432788848877,2.3034175038337708
english,0,1036_english_fake_1036,1036,english_griffinlim_eval_final/fake_english_griffinlim/english_fake_1036.wav,remove_mid,0.23042577505111694,-0.5689517259597778,-0.7993775010108948
english,0,1036_english_fake_1036,1036,english_griffinlim_eval_final/fake_english_griffinlim/english_fake_1036.wav,remove_high,0.23042577505111694,-0.6638168692588806,-0.8942426443099976
english,0,1044_english_fake_1044,1044,english_griffinlim_eval_final/fake_english_griffinlim/english_fake_1044.wav,original,-6.045983791351318,-6.045983791351318,0.0
english,0,1044_english_fake_1044,1044,english_griffinlim_eval_final/fake_english_griffinlim/english_fake_1044.wav,remove_low,-6.045983791351318,-1.565398097038269,4.480585694313049
english,0,1044_english_fake_1044,1044,english_griffinlim_eval_final/fake_english_griffinlim/english_fake_1044.wav,remove_mid,-6.045983791351318,-5.932065010070801,0.11391878128051758
english,0,1044_english_fake_1044,1044,english_griffinlim_eval_final/fake_english_griffinlim/english_fake_1044.wav,remove_high,-6.045983791351318,-6.104722023010254,-0.05873823165893555
english,0,1048_english_fake_1048,1048,english_griffinlim_eval_final/fake_english_griffinlim/english_fake_1048.wav,original,4.981847286224365,4.981847286224365,0.0
english,0,1048_english_fake_1048,1048,english_griffinlim_eval_final/fake_english_griffinlim/english_fake_1048.wav,remove_low,4.981847286224365,0.138886496424675,-4.84296078979969
english,0,1048_english_fake_1048,1048,english_griffinlim_eval_final/fake_english_griffinlim/english_fake_1048.wav,remove_mid,4.981847286224365,2.5696706771850586,-2.4121766090393066
english,0,1048_english_fake_1048,1048,english_griffinlim_eval_final/fake_english_griffinlim/english_fake_1048.wav,remove_high,4.981847286224365,0.7046955227851868,-4.2771517634391785
english,0,1050_english_fake_1050,1050,english_griffinlim_eval_final/fake_english_griffinlim/english_fake_1050.wav,original,-0.6524769067764282,-0.6524769067764282,0.0
english,0,1050_english_fake_1050,1050,english_griffinlim_eval_final/fake_english_griffinlim/english_fake_1050.wav,remove_low,-0.6524769067764282,-1.0063934326171875,-0.3539165258407593
english,0,1050_english_fake_1050,1050,english_griffinlim_eval_final/fake_english_griffinlim/english_fake_1050.wav,remove_mid,-0.6524769067764282,-0.9525728225708008,-0.30009591579437256
english,0,1050_english_fake_1050,1050,english_griffinlim_eval_final/fake_english_griffinlim/english_fake_1050.wav,remove_high,-0.6524769067764282,-1.8662441968917847,-1.2137672901153564
english,0,1053_english_fake_1053,1053,english_griffinlim_eval_final/fake_english_griffinlim/english_fake_1053.wav,original,0.5779727697372437,0.5779727697372437,0.0
english,0,1053_english_fake_1053,1053,english_griffinlim_eval_final/fake_english_griffinlim/english_fake_1053.wav,remove_low,0.5779727697372437,4.370811939239502,3.7928391695022583
english,0,1053_english_fake_1053,1053,english_griffinlim_eval_final/fake_english_griffinlim/english_fake_1053.wav,remove_mid,0.5779727697372437,-0.593433678150177,-1.1714064478874207
english,0,1053_english_fake_1053,1053,english_griffinlim_eval_final/fake_english_griffinlim/english_fake_1053.wav,remove_high,0.5779727697372437,-0.3372304439544678,-0.9152032136917114
english,0,1056_english_fake_1056,1056,english_griffinlim_eval_final/fake_english_griffinlim/english_fake_1056.wav,original,4.177590370178223,4.177590370178223,0.0
english,0,1056_english_fake_1056,1056,english_griffinlim_eval_final/fake_english_griffinlim/english_fake_1056.wav,remove_low,4.177590370178223,1.496627926826477,-2.6809624433517456
english,0,1056_english_fake_1056,1056,english_griffinlim_eval_final/fake_english_griffinlim/english_fake_1056.wav,remove_mid,4.177590370178223,1.743904709815979,-2.4336856603622437
english,0,1056_english_fake_1056,1056,english_griffinlim_eval_final/fake_english_griffinlim/english_fake_1056.wav,remove_high,4.177590370178223,2.031175136566162,-2.1464152336120605
english,0,1061_english_fake_1061,1061,english_griffinlim_eval_final/fake_english_griffinlim/english_fake_1061.wav,original,-3.422987937927246,-3.422987937927246,0.0
english,0,1061_english_fake_1061,1061,english_griffinlim_eval_final/fake_english_griffinlim/english_fake_1061.wav,remove_low,-3.422987937927246,-5.72859001159668,-2.3056020736694336
english,0,1061_english_fake_1061,1061,english_griffinlim_eval_final/fake_english_griffinlim/english_fake_1061.wav,remove_mid,-3.422987937927246,-4.612977027893066,-1.1899890899658203
english,0,1061_english_fake_1061,1061,english_griffinlim_eval_final/fake_english_griffinlim/english_fake_1061.wav,remove_high,-3.422987937927246,-4.113215446472168,-0.6902275085449219
english,0,1063_english_fake_1063,1063,english_griffinlim_eval_final/fake_english_griffinlim/english_fake_1063.wav,original,-2.811580181121826,-2.811580181121826,0.0
english,0,1063_english_fake_1063,1063,english_griffinlim_eval_final/fake_english_griffinlim/english_fake_1063.wav,remove_low,-2.811580181121826,-4.516538619995117,-1.704958438873291
english,0,1063_english_fake_1063,1063,english_griffinlim_eval_final/fake_english_griffinlim/english_fake_1063.wav,remove_mid,-2.811580181121826,-4.020658016204834,-1.2090778350830078
english,0,1063_english_fake_1063,1063,english_griffinlim_eval_final/fake_english_griffinlim/english_fake_1063.wav,remove_high,-2.811580181121826,-4.849754333496094,-2.0381741523742676
english,0,1075_english_fake_1075,1075,english_griffinlim_eval_final/fake_english_griffinlim/english_fake_1075.wav,original,-1.9844130277633667,-1.9844130277633667,0.0
english,0,1075_english_fake_1075,1075,english_griffinlim_eval_final/fake_english_griffinlim/english_fake_1075.wav,remove_low,-1.9844130277633667,2.0379364490509033,4.02234947681427
english,0,1075_english_fake_1075,1075,english_griffinlim_eval_final/fake_english_griffinlim/english_fake_1075.wav,remove_mid,-1.9844130277633667,-2.16756272315979,-0.18314969539642334
english,0,1075_english_fake_1075,1075,english_griffinlim_eval_final/fake_english_griffinlim/english_fake_1075.wav,remove_high,-1.9844130277633667,-2.493197441101074,-0.5087844133377075
english,0,108_english_fake_0108,108,english_griffinlim_eval_final/fake_english_griffinlim/english_fake_0108.wav,original,-4.104831695556641,-4.104831695556641,0.0
english,0,108_english_fake_0108,108,english_griffinlim_eval_final/fake_english_griffinlim/english_fake_0108.wav,remove_low,-4.104831695556641,-1.6183689832687378,2.486462712287903
english,0,108_english_fake_0108,108,english_griffinlim_eval_final/fake_english_griffinlim/english_fake_0108.wav,remove_mid,-4.104831695556641,-4.073146820068359,0.03168487548828125
english,0,108_english_fake_0108,108,english_griffinlim_eval_final/fake_english_griffinlim/english_fake_0108.wav,remove_high,-4.104831695556641,-5.953658103942871,-1.8488264083862305
english,0,1090_english_fake_1090,1090,english_griffinlim_eval_final/fake_english_griffinlim/english_fake_1090.wav,original,4.325069427490234,4.325069427490234,0.0
english,0,1090_english_fake_1090,1090,english_griffinlim_eval_final/fake_english_griffinlim/english_fake_1090.wav,remove_low,4.325069427490234,-0.5437414050102234,-4.868810832500458
english,0,1090_english_fake_1090,1090,english_griffinlim_eval_final/fake_english_griffinlim/english_fake_1090.wav,remove_mid,4.325069427490234,2.89741849899292,-1.4276509284973145
english,0,1090_english_fake_1090,1090,english_griffinlim_eval_final/fake_english_griffinlim/english_fake_1090.wav,remove_high,4.325069427490234,2.984609603881836,-1.3404598236083984
english,0,1097_english_fake_1097,1097,english_griffinlim_eval_final/fake_english_griffinlim/english_fake_1097.wav,original,-1.1244100332260132,-1.1244100332260132,0.0
english,0,1097_english_fake_1097,1097,english_griffinlim_eval_final/fake_english_griffinlim/english_fake_1097.wav,remove_low,-1.1244100332260132,-0.8550205230712891,0.2693895101547241
english,0,1097_english_fake_1097,1097,english_griffinlim_eval_final/fake_english_griffinlim/english_fake_1097.wav,remove_mid,-1.1244100332260132,-3.091257095336914,-1.9668470621109009
english,0,1097_english_fake_1097,1097,english_griffinlim_eval_final/fake_english_griffinlim/english_fake_1097.wav,remove_high,-1.1244100332260132,-0.9474817514419556,0.17692828178405762
english,0,1101_english_fake_1101,1101,english_griffinlim_eval_final/fake_english_griffinlim/english_fake_1101.wav,original,-1.7406768798828125,-1.7406768798828125,0.0
english,0,1101_english_fake_1101,1101,english_griffinlim_eval_final/fake_english_griffinlim/english_fake_1101.wav,remove_low,-1.7406768798828125,-4.693560600280762,-2.952883720397949
english,0,1101_english_fake_1101,1101,english_griffinlim_eval_final/fake_english_griffinlim/english_fake_1101.wav,remove_mid,-1.7406768798828125,-4.592384338378906,-2.8517074584960938
english,0,1101_english_fake_1101,1101,english_griffinlim_eval_final/fake_english_griffinlim/english_fake_1101.wav,remove_high,-1.7406768798828125,-4.076075077056885,-2.3353981971740723
english,0,1116_english_fake_1116,1116,english_griffinlim_eval_final/fake_english_griffinlim/english_fake_1116.wav,original,-1.9838050603866577,-1.9838050603866577,0.0
english,0,1116_english_fake_1116,1116,english_griffinlim_eval_final/fake_english_griffinlim/english_fake_1116.wav,remove_low,-1.9838050603866577,-3.040821075439453,-1.0570160150527954
english,0,1116_english_fake_1116,1116,english_griffinlim_eval_final/fake_english_griffinlim/english_fake_1116.wav,remove_mid,-1.9838050603866577,-4.819792747497559,-2.835987687110901
english,0,1116_english_fake_1116,1116,english_griffinlim_eval_final/fake_english_griffinlim/english_fake_1116.wav,remove_high,-1.9838050603866577,-2.464507818222046,-0.4807027578353882
english,0,1124_english_fake_1124,1124,english_griffinlim_eval_final/fake_english_griffinlim/english_fake_1124.wav,original,2.957759380340576,2.957759380340576,0.0
english,0,1124_english_fake_1124,1124,english_griffinlim_eval_final/fake_english_griffinlim/english_fake_1124.wav,remove_low,2.957759380340576,-1.1264997720718384,-4.0842591524124146
english,0,1124_english_fake_1124,1124,english_griffinlim_eval_final/fake_english_griffinlim/english_fake_1124.wav,remove_mid,2.957759380340576,-0.5578902959823608,-3.515649676322937
english,0,1124_english_fake_1124,1124,english_griffinlim_eval_final/fake_english_griffinlim/english_fake_1124.wav,remove_high,2.957759380340576,-0.6467245817184448,-3.604483962059021
english,0,113_english_fake_0113,113,english_griffinlim_eval_final/fake_english_griffinlim/english_fake_0113.wav,original,-5.892471790313721,-5.892471790313721,0.0
english,0,113_english_fake_0113,113,english_griffinlim_eval_final/fake_english_griffinlim/english_fake_0113.wav,remove_low,-5.892471790313721,-5.863834381103516,0.028637409210205078
english,0,113_english_fake_0113,113,english_griffinlim_eval_final/fake_english_griffinlim/english_fake_0113.wav,remove_mid,-5.892471790313721,-5.884182453155518,0.008289337158203125
english,0,113_english_fake_0113,113,english_griffinlim_eval_final/fake_english_griffinlim/english_fake_0113.wav,remove_high,-5.892471790313721,-5.963285446166992,-0.07081365585327148
english,0,125_english_fake_0125,125,english_griffinlim_eval_final/fake_english_griffinlim/english_fake_0125.wav,original,1.5240846872329712,1.5240846872329712,0.0
english,0,125_english_fake_0125,125,english_griffinlim_eval_final/fake_english_griffinlim/english_fake_0125.wav,remove_low,1.5240846872329712,6.232414245605469,4.708329558372498
english,0,125_english_fake_0125,125,english_griffinlim_eval_final/fake_english_griffinlim/english_fake_0125.wav,remove_mid,1.5240846872329712,2.4303486347198486,0.9062639474868774
english,0,125_english_fake_0125,125,english_griffinlim_eval_final/fake_english_griffinlim/english_fake_0125.wav,remove_high,1.5240846872329712,-0.8693803548812866,-2.393465042114258
english,0,142_english_fake_0142,142,english_griffinlim_eval_final/fake_english_griffinlim/english_fake_0142.wav,original,-1.6310065984725952,-1.6310065984725952,0.0
english,0,142_english_fake_0142,142,english_griffinlim_eval_final/fake_english_griffinlim/english_fake_0142.wav,remove_low,-1.6310065984725952,4.594357490539551,6.225364089012146
english,0,142_english_fake_0142,142,english_griffinlim_eval_final/fake_english_griffinlim/english_fake_0142.wav,remove_mid,-1.6310065984725952,0.3962072730064392,2.0272138714790344
english,0,142_english_fake_0142,142,english_griffinlim_eval_final/fake_english_griffinlim/english_fake_0142.wav,remove_high,-1.6310065984725952,-5.001009941101074,-3.370003342628479
english,0,146_english_fake_0146,146,english_griffinlim_eval_final/fake_english_griffinlim/english_fake_0146.wav,original,-5.543477535247803,-5.543477535247803,0.0
english,0,146_english_fake_0146,146,english_griffinlim_eval_final/fake_english_griffinlim/english_fake_0146.wav,remove_low,-5.543477535247803,-1.0781441926956177,4.465333342552185
english,0,146_english_fake_0146,146,english_griffinlim_eval_final/fake_english_griffinlim/english_fake_0146.wav,remove_mid,-5.543477535247803,-0.5532921552658081,4.990185379981995
english,0,146_english_fake_0146,146,english_griffinlim_eval_final/fake_english_griffinlim/english_fake_0146.wav,remove_high,-5.543477535247803,-6.038498401641846,-0.49502086639404297
english,0,156_english_fake_0156,156,english_griffinlim_eval_final/fake_english_griffinlim/english_fake_0156.wav,original,-2.8277320861816406,-2.8277320861816406,0.0
english,0,156_english_fake_0156,156,english_griffinlim_eval_final/fake_english_griffinlim/english_fake_0156.wav,remove_low,-2.8277320861816406,4.4530110359191895,7.28074312210083
english,0,156_english_fake_0156,156,english_griffinlim_eval_final/fake_english_griffinlim/english_fake_0156.wav,remove_mid,-2.8277320861816406,-1.047002911567688,1.7807291746139526
english,0,156_english_fake_0156,156,english_griffinlim_eval_final/fake_english_griffinlim/english_fake_0156.wav,remove_high,-2.8277320861816406,-3.3183839321136475,-0.49065184593200684
english,0,166_english_fake_0166,166,english_griffinlim_eval_final/fake_english_griffinlim/english_fake_0166.wav,original,-0.6015764474868774,-0.6015764474868774,0.0
english,0,166_english_fake_0166,166,english_griffinlim_eval_final/fake_english_griffinlim/english_fake_0166.wav,remove_low,-0.6015764474868774,-1.0172624588012695,-0.4156860113143921
english,0,166_english_fake_0166,166,english_griffinlim_eval_final/fake_english_griffinlim/english_fake_0166.wav,remove_mid,-0.6015764474868774,0.17983439564704895,0.7814108431339264
english,0,166_english_fake_0166,166,english_griffinlim_eval_final/fake_english_griffinlim/english_fake_0166.wav,remove_high,-0.6015764474868774,-0.9198970794677734,-0.318320631980896
english,0,188_english_fake_0188,188,english_griffinlim_eval_final/fake_english_griffinlim/english_fake_0188.wav,original,-6.041177272796631,-6.041177272796631,0.0
english,0,188_english_fake_0188,188,english_griffinlim_eval_final/fake_english_griffinlim/english_fake_0188.wav,remove_low,-6.041177272796631,-5.682962417602539,0.3582148551940918
english,0,188_english_fake_0188,188,english_griffinlim_eval_final/fake_english_griffinlim/english_fake_0188.wav,remove_mid,-6.041177272796631,-5.8327226638793945,0.20845460891723633
english,0,188_english_fake_0188,188,english_griffinlim_eval_final/fake_english_griffinlim/english_fake_0188.wav,remove_high,-6.041177272796631,-6.036286354064941,0.004890918731689453
english,0,190_english_fake_0190,190,english_griffinlim_eval_final/fake_english_griffinlim/english_fake_0190.wav,original,5.236647605895996,5.236647605895996,0.0
english,0,190_english_fake_0190,190,english_griffinlim_eval_final/fake_english_griffinlim/english_fake_0190.wav,remove_low,5.236647605895996,6.649580001831055,1.4129323959350586
english,0,190_english_fake_0190,190,english_griffinlim_eval_final/fake_english_griffinlim/english_fake_0190.wav,remove_mid,5.236647605895996,6.381190299987793,1.1445426940917969
english,0,190_english_fake_0190,190,english_griffinlim_eval_final/fake_english_griffinlim/english_fake_0190.wav,remove_high,5.236647605895996,4.703152179718018,-0.5334954261779785
english,0,192_english_fake_0192,192,english_griffinlim_eval_final/fake_english_griffinlim/english_fake_0192.wav,original,6.131943702697754,6.131943702697754,0.0
english,0,192_english_fake_0192,192,english_griffinlim_eval_final/fake_english_griffinlim/english_fake_0192.wav,remove_low,6.131943702697754,6.142724990844727,0.010781288146972656
english,0,192_english_fake_0192,192,english_griffinlim_eval_final/fake_english_griffinlim/english_fake_0192.wav,remove_mid,6.131943702697754,6.646738529205322,0.5147948265075684
english,0,192_english_fake_0192,192,english_griffinlim_eval_final/fake_english_griffinlim/english_fake_0192.wav,remove_high,6.131943702697754,5.882134437561035,-0.24980926513671875
english,0,201_english_fake_0201,201,english_griffinlim_eval_final/fake_english_griffinlim/english_fake_0201.wav,original,-5.567130088806152,-5.567130088806152,0.0
english,0,201_english_fake_0201,201,english_griffinlim_eval_final/fake_english_griffinlim/english_fake_0201.wav,remove_low,-5.567130088806152,-1.6870756149291992,3.880054473876953
english,0,201_english_fake_0201,201,english_griffinlim_eval_final/fake_english_griffinlim/english_fake_0201.wav,remove_mid,-5.567130088806152,-3.0062038898468018,2.5609261989593506
english,0,201_english_fake_0201,201,english_griffinlim_eval_final/fake_english_griffinlim/english_fake_0201.wav,remove_high,-5.567130088806152,-5.699273586273193,-0.13214349746704102
english,0,207_english_fake_0207,207,english_griffinlim_eval_final/fake_english_griffinlim/english_fake_0207.wav,original,-5.681242942810059,-5.681242942810059,0.0
english,0,207_english_fake_0207,207,english_griffinlim_eval_final/fake_english_griffinlim/english_fake_0207.wav,remove_low,-5.681242942810059,-4.754753589630127,0.9264893531799316
english,0,207_english_fake_0207,207,english_griffinlim_eval_final/fake_english_griffinlim/english_fake_0207.wav,remove_mid,-5.681242942810059,-5.007116794586182,0.674126148223877
english,0,207_english_fake_0207,207,english_griffinlim_eval_final/fake_english_griffinlim/english_fake_0207.wav,remove_high,-5.681242942810059,-5.943515777587891,-0.26227283477783203
english,0,230_english_fake_0230,230,english_griffinlim_eval_final/fake_english_griffinlim/english_fake_0230.wav,original,-5.653400421142578,-5.653400421142578,0.0
english,0,230_english_fake_0230,230,english_griffinlim_eval_final/fake_english_griffinlim/english_fake_0230.wav,remove_low,-5.653400421142578,-4.416616916656494,1.236783504486084
english,0,230_english_fake_0230,230,english_griffinlim_eval_final/fake_english_griffinlim/english_fake_0230.wav,remove_mid,-5.653400421142578,-5.855224132537842,-0.20182371139526367
english,0,230_english_fake_0230,230,english_griffinlim_eval_final/fake_english_griffinlim/english_fake_0230.wav,remove_high,-5.653400421142578,-6.132807731628418,-0.47940731048583984
english,0,248_english_fake_0248,248,english_griffinlim_eval_final/fake_english_griffinlim/english_fake_0248.wav,original,-5.790349960327148,-5.790349960327148,0.0
english,0,248_english_fake_0248,248,english_griffinlim_eval_final/fake_english_griffinlim/english_fake_0248.wav,remove_low,-5.790349960327148,1.5254000425338745,7.315750002861023
english,0,248_english_fake_0248,248,english_griffinlim_eval_final/fake_english_griffinlim/english_fake_0248.wav,remove_mid,-5.790349960327148,-4.105005264282227,1.6853446960449219
english,0,248_english_fake_0248,248,english_griffinlim_eval_final/fake_english_griffinlim/english_fake_0248.wav,remove_high,-5.790349960327148,-5.901944160461426,-0.11159420013427734
english,0,265_english_fake_0265,265,english_griffinlim_eval_final/fake_english_griffinlim/english_fake_0265.wav,original,-3.905519485473633,-3.905519485473633,0.0
english,0,265_english_fake_0265,265,english_griffinlim_eval_final/fake_english_griffinlim/english_fake_0265.wav,remove_low,-3.905519485473633,0.9642226099967957,4.8697420954704285
english,0,265_english_fake_0265,265,english_griffinlim_eval_final/fake_english_griffinlim/english_fake_0265.wav,remove_mid,-3.905519485473633,1.8647918701171875,5.77031135559082
english,0,265_english_fake_0265,265,english_griffinlim_eval_final/fake_english_griffinlim/english_fake_0265.wav,remove_high,-3.905519485473633,-5.844782829284668,-1.9392633438110352
english,0,266_english_fake_0266,266,english_griffinlim_eval_final/fake_english_griffinlim/english_fake_0266.wav,original,-0.6035456657409668,-0.6035456657409668,0.0
english,0,266_english_fake_0266,266,english_griffinlim_eval_final/fake_english_griffinlim/english_fake_0266.wav,remove_low,-0.6035456657409668,1.3989204168319702,2.002466082572937
english,0,266_english_fake_0266,266,english_griffinlim_eval_final/fake_english_griffinlim/english_fake_0266.wav,remove_mid,-0.6035456657409668,-0.49422216415405273,0.10932350158691406
english,0,266_english_fake_0266,266,english_griffinlim_eval_final/fake_english_griffinlim/english_fake_0266.wav,remove_high,-0.6035456657409668,-2.9953598976135254,-2.3918142318725586
english,0,272_english_fake_0272,272,english_griffinlim_eval_final/fake_english_griffinlim/english_fake_0272.wav,original,-3.918377637863159,-3.918377637863159,0.0
english,0,272_english_fake_0272,272,english_griffinlim_eval_final/fake_english_griffinlim/english_fake_0272.wav,remove_low,-3.918377637863159,-0.32742398977279663,3.5909536480903625
english,0,272_english_fake_0272,272,english_griffinlim_eval_final/fake_english_griffinlim/english_fake_0272.wav,remove_mid,-3.918377637863159,-0.8704124689102173,3.047965168952942
english,0,272_english_fake_0272,272,english_griffinlim_eval_final/fake_english_griffinlim/english_fake_0272.wav,remove_high,-3.918377637863159,-3.9221103191375732,-0.0037326812744140625
english,0,275_english_fake_0275,275,english_griffinlim_eval_final/fake_english_griffinlim/english_fake_0275.wav,original,-5.716161727905273,-5.716161727905273,0.0
english,0,275_english_fake_0275,275,english_griffinlim_eval_final/fake_english_griffinlim/english_fake_0275.wav,remove_low,-5.716161727905273,3.4698288440704346,9.185990571975708
english,0,275_english_fake_0275,275,english_griffinlim_eval_final/fake_english_griffinlim/english_fake_0275.wav,remove_mid,-5.716161727905273,-3.8476758003234863,1.868485927581787
english,0,275_english_fake_0275,275,english_griffinlim_eval_final/fake_english_griffinlim/english_fake_0275.wav,remove_high,-5.716161727905273,-4.91517448425293,0.8009872436523438
english,0,319_english_fake_0319,319,english_griffinlim_eval_final/fake_english_griffinlim/english_fake_0319.wav,original,-5.89271354675293,-5.89271354675293,0.0
english,0,319_english_fake_0319,319,english_griffinlim_eval_final/fake_english_griffinlim/english_fake_0319.wav,remove_low,-5.89271354675293,-3.177260398864746,2.7154531478881836
english,0,319_english_fake_0319,319,english_griffinlim_eval_final/fake_english_griffinlim/english_fake_0319.wav,remove_mid,-5.89271354675293,-5.517805576324463,0.3749079704284668
english,0,319_english_fake_0319,319,english_griffinlim_eval_final/fake_english_griffinlim/english_fake_0319.wav,remove_high,-5.89271354675293,-6.090190410614014,-0.19747686386108398
english,0,33_english_fake_0033,33,english_griffinlim_eval_final/fake_english_griffinlim/english_fake_0033.wav,original,-0.41182273626327515,-0.41182273626327515,0.0
english,0,33_english_fake_0033,33,english_griffinlim_eval_final/fake_english_griffinlim/english_fake_0033.wav,remove_low,-0.41182273626327515,1.1947799921035767,1.6066027283668518
english,0,33_english_fake_0033,33,english_griffinlim_eval_final/fake_english_griffinlim/english_fake_0033.wav,remove_mid,-0.41182273626327515,-0.7503109574317932,-0.33848822116851807
english,0,33_english_fake_0033,33,english_griffinlim_eval_final/fake_english_griffinlim/english_fake_0033.wav,remove_high,-0.41182273626327515,-0.4360858201980591,-0.024263083934783936
english,0,330_english_fake_0330,330,english_griffinlim_eval_final/fake_english_griffinlim/english_fake_0330.wav,original,-3.1385486125946045,-3.1385486125946045,0.0
english,0,330_english_fake_0330,330,english_griffinlim_eval_final/fake_english_griffinlim/english_fake_0330.wav,remove_low,-3.1385486125946045,-0.8667953014373779,2.2717533111572266
english,0,330_english_fake_0330,330,english_griffinlim_eval_final/fake_english_griffinlim/english_fake_0330.wav,remove_mid,-3.1385486125946045,-0.6642884016036987,2.4742602109909058
english,0,330_english_fake_0330,330,english_griffinlim_eval_final/fake_english_griffinlim/english_fake_0330.wav,remove_high,-3.1385486125946045,-3.9056200981140137,-0.7670714855194092
english,0,351_english_fake_0351,351,english_griffinlim_eval_final/fake_english_griffinlim/english_fake_0351.wav,original,-6.02702522277832,-6.02702522277832,0.0
english,0,351_english_fake_0351,351,english_griffinlim_eval_final/fake_english_griffinlim/english_fake_0351.wav,remove_low,-6.02702522277832,-5.695737361907959,0.33128786087036133
english,0,351_english_fake_0351,351,english_griffinlim_eval_final/fake_english_griffinlim/english_fake_0351.wav,remove_mid,-6.02702522277832,-5.807452201843262,0.2195730209350586
english,0,351_english_fake_0351,351,english_griffinlim_eval_final/fake_english_griffinlim/english_fake_0351.wav,remove_high,-6.02702522277832,-6.080382823944092,-0.053357601165771484
english,0,361_english_fake_0361,361,english_griffinlim_eval_final/fake_english_griffinlim/english_fake_0361.wav,original,4.3548383712768555,4.3548383712768555,0.0
english,0,361_english_fake_0361,361,english_griffinlim_eval_final/fake_english_griffinlim/english_fake_0361.wav,remove_low,4.3548383712768555,6.054128170013428,1.6992897987365723
english,0,361_english_fake_0361,361,english_griffinlim_eval_final/fake_english_griffinlim/english_fake_0361.wav,remove_mid,4.3548383712768555,6.230039596557617,1.8752012252807617
english,0,361_english_fake_0361,361,english_griffinlim_eval_final/fake_english_griffinlim/english_fake_0361.wav,remove_high,4.3548383712768555,4.160506725311279,-0.19433164596557617
english,0,366_english_fake_0366,366,english_griffinlim_eval_final/fake_english_griffinlim/english_fake_0366.wav,original,-5.200678825378418,-5.200678825378418,0.0
english,0,366_english_fake_0366,366,english_griffinlim_eval_final/fake_english_griffinlim/english_fake_0366.wav,remove_low,-5.200678825378418,5.215179443359375,10.415858268737793
english,0,366_english_fake_0366,366,english_griffinlim_eval_final/fake_english_griffinlim/english_fake_0366.wav,remove_mid,-5.200678825378418,-0.49241793155670166,4.708260893821716
english,0,366_english_fake_0366,366,english_griffinlim_eval_final/fake_english_griffinlim/english_fake_0366.wav,remove_high,-5.200678825378418,-5.084428787231445,0.11625003814697266
english,0,369_english_fake_0369,369,english_griffinlim_eval_final/fake_english_griffinlim/english_fake_0369.wav,original,-0.578693687915802,-0.578693687915802,0.0
english,0,369_english_fake_0369,369,english_griffinlim_eval_final/fake_english_griffinlim/english_fake_0369.wav,remove_low,-0.578693687915802,0.18983958661556244,0.7685332745313644
english,0,369_english_fake_0369,369,english_griffinlim_eval_final/fake_english_griffinlim/english_fake_0369.wav,remove_mid,-0.578693687915802,-0.7352750897407532,-0.15658140182495117
english,0,369_english_fake_0369,369,english_griffinlim_eval_final/fake_english_griffinlim/english_fake_0369.wav,remove_high,-0.578693687915802,-0.985511064529419,-0.40681737661361694
english,0,373_english_fake_0373,373,english_griffinlim_eval_final/fake_english_griffinlim/english_fake_0373.wav,original,-5.3452653884887695,-5.3452653884887695,0.0
english,0,373_english_fake_0373,373,english_griffinlim_eval_final/fake_english_griffinlim/english_fake_0373.wav,remove_low,-5.3452653884887695,-0.8486751317977905,4.496590256690979
english,0,373_english_fake_0373,373,english_griffinlim_eval_final/fake_english_griffinlim/english_fake_0373.wav,remove_mid,-5.3452653884887695,-2.842561721801758,2.5027036666870117
english,0,373_english_fake_0373,373,english_griffinlim_eval_final/fake_english_griffinlim/english_fake_0373.wav,remove_high,-5.3452653884887695,-5.997684478759766,-0.6524190902709961
english,0,386_english_fake_0386,386,english_griffinlim_eval_final/fake_english_griffinlim/english_fake_0386.wav,original,-5.949795722961426,-5.949795722961426,0.0
english,0,386_english_fake_0386,386,english_griffinlim_eval_final/fake_english_griffinlim/english_fake_0386.wav,remove_low,-5.949795722961426,-0.7721328735351562,5.1776628494262695
english,0,386_english_fake_0386,386,english_griffinlim_eval_final/fake_english_griffinlim/english_fake_0386.wav,remove_mid,-5.949795722961426,-5.819396495819092,0.13039922714233398
english,0,386_english_fake_0386,386,english_griffinlim_eval_final/fake_english_griffinlim/english_fake_0386.wav,remove_high,-5.949795722961426,-5.981222152709961,-0.031426429748535156
english,0,40_english_fake_0040,40,english_griffinlim_eval_final/fake_english_griffinlim/english_fake_0040.wav,original,-0.3996082842350006,-0.3996082842350006,0.0
english,0,40_english_fake_0040,40,english_griffinlim_eval_final/fake_english_griffinlim/english_fake_0040.wav,remove_low,-0.3996082842350006,-0.8535068035125732,-0.45389851927757263
english,0,40_english_fake_0040,40,english_griffinlim_eval_final/fake_english_griffinlim/english_fake_0040.wav,remove_mid,-0.3996082842350006,-0.6080292463302612,-0.20842096209526062
english,0,40_english_fake_0040,40,english_griffinlim_eval_final/fake_english_griffinlim/english_fake_0040.wav,remove_high,-0.3996082842350006,-0.5417908430099487,-0.14218255877494812
english,0,401_english_fake_0401,401,english_griffinlim_eval_final/fake_english_griffinlim/english_fake_0401.wav,original,-0.6475781202316284,-0.6475781202316284,0.0
english,0,401_english_fake_0401,401,english_griffinlim_eval_final/fake_english_griffinlim/english_fake_0401.wav,remove_low,-0.6475781202316284,2.876889944076538,3.5244680643081665
english,0,401_english_fake_0401,401,english_griffinlim_eval_final/fake_english_griffinlim/english_fake_0401.wav,remove_mid,-0.6475781202316284,-0.17372097074985504,0.4738571494817734
english,0,401_english_fake_0401,401,english_griffinlim_eval_final/fake_english_griffinlim/english_fake_0401.wav,remove_high,-0.6475781202316284,-0.6545410752296448,-0.006962954998016357
english,0,412_english_fake_0412,412,english_griffinlim_eval_final/fake_english_griffinlim/english_fake_0412.wav,original,-4.259830951690674,-4.259830951690674,0.0
english,0,412_english_fake_0412,412,english_griffinlim_eval_final/fake_english_griffinlim/english_fake_0412.wav,remove_low,-4.259830951690674,-2.107358455657959,2.152472496032715
english,0,412_english_fake_0412,412,english_griffinlim_eval_final/fake_english_griffinlim/english_fake_0412.wav,remove_mid,-4.259830951690674,-2.694570302963257,1.565260648727417
english,0,412_english_fake_0412,412,english_griffinlim_eval_final/fake_english_griffinlim/english_fake_0412.wav,remove_high,-4.259830951690674,-6.05764102935791,-1.7978100776672363
english,0,413_english_fake_0413,413,english_griffinlim_eval_final/fake_english_griffinlim/english_fake_0413.wav,original,-0.031295355409383774,-0.031295355409383774,0.0
english,0,413_english_fake_0413,413,english_griffinlim_eval_final/fake_english_griffinlim/english_fake_0413.wav,remove_low,-0.031295355409383774,3.847160816192627,3.8784561716020107
english,0,413_english_fake_0413,413,english_griffinlim_eval_final/fake_english_griffinlim/english_fake_0413.wav,remove_mid,-0.031295355409383774,3.113212823867798,3.1445081792771816
english,0,413_english_fake_0413,413,english_griffinlim_eval_final/fake_english_griffinlim/english_fake_0413.wav,remove_high,-0.031295355409383774,-0.6567202210426331,-0.6254248656332493
english,0,415_english_fake_0415,415,english_griffinlim_eval_final/fake_english_griffinlim/english_fake_0415.wav,original,-5.6684393882751465,-5.6684393882751465,0.0
english,0,415_english_fake_0415,415,english_griffinlim_eval_final/fake_english_griffinlim/english_fake_0415.wav,remove_low,-5.6684393882751465,-1.60311758518219,4.0653218030929565
english,0,415_english_fake_0415,415,english_griffinlim_eval_final/fake_english_griffinlim/english_fake_0415.wav,remove_mid,-5.6684393882751465,-5.505801200866699,0.16263818740844727
english,0,415_english_fake_0415,415,english_griffinlim_eval_final/fake_english_griffinlim/english_fake_0415.wav,remove_high,-5.6684393882751465,-5.97896146774292,-0.31052207946777344
english,0,427_english_fake_0427,427,english_griffinlim_eval_final/fake_english_griffinlim/english_fake_0427.wav,original,-0.7167375087738037,-0.7167375087738037,0.0
english,0,427_english_fake_0427,427,english_griffinlim_eval_final/fake_english_griffinlim/english_fake_0427.wav,remove_low,-0.7167375087738037,-0.9818878173828125,-0.2651503086090088
english,0,427_english_fake_0427,427,english_griffinlim_eval_final/fake_english_griffinlim/english_fake_0427.wav,remove_mid,-0.7167375087738037,-0.6335574388504028,0.08318006992340088
english,0,427_english_fake_0427,427,english_griffinlim_eval_final/fake_english_griffinlim/english_fake_0427.wav,remove_high,-0.7167375087738037,-1.725807785987854,-1.0090702772140503
english,0,441_english_fake_0441,441,english_griffinlim_eval_final/fake_english_griffinlim/english_fake_0441.wav,original,-4.7738752365112305,-4.7738752365112305,0.0
english,0,441_english_fake_0441,441,english_griffinlim_eval_final/fake_english_griffinlim/english_fake_0441.wav,remove_low,-4.7738752365112305,-1.6275464296340942,3.1463288068771362
english,0,441_english_fake_0441,441,english_griffinlim_eval_final/fake_english_griffinlim/english_fake_0441.wav,remove_mid,-4.7738752365112305,-4.9513044357299805,-0.17742919921875
english,0,441_english_fake_0441,441,english_griffinlim_eval_final/fake_english_griffinlim/english_fake_0441.wav,remove_high,-4.7738752365112305,-5.957502365112305,-1.1836271286010742
english,0,479_english_fake_0479,479,english_griffinlim_eval_final/fake_english_griffinlim/english_fake_0479.wav,original,-0.6468018293380737,-0.6468018293380737,0.0
english,0,479_english_fake_0479,479,english_griffinlim_eval_final/fake_english_griffinlim/english_fake_0479.wav,remove_low,-0.6468018293380737,-0.6996400952339172,-0.052838265895843506
english,0,479_english_fake_0479,479,english_griffinlim_eval_final/fake_english_griffinlim/english_fake_0479.wav,remove_mid,-0.6468018293380737,-0.6347469687461853,0.012054860591888428
english,0,479_english_fake_0479,479,english_griffinlim_eval_final/fake_english_griffinlim/english_fake_0479.wav,remove_high,-0.6468018293380737,-1.201462984085083,-0.5546611547470093
english,0,483_english_fake_0483,483,english_griffinlim_eval_final/fake_english_griffinlim/english_fake_0483.wav,original,-1.0777232646942139,-1.0777232646942139,0.0
english,0,483_english_fake_0483,483,english_griffinlim_eval_final/fake_english_griffinlim/english_fake_0483.wav,remove_low,-1.0777232646942139,-0.9903377294540405,0.08738553524017334
english,0,483_english_fake_0483,483,english_griffinlim_eval_final/fake_english_griffinlim/english_fake_0483.wav,remove_mid,-1.0777232646942139,-1.0288476943969727,0.04887557029724121
english,0,483_english_fake_0483,483,english_griffinlim_eval_final/fake_english_griffinlim/english_fake_0483.wav,remove_high,-1.0777232646942139,-4.4998016357421875,-3.4220783710479736
english,0,497_english_fake_0497,497,english_griffinlim_eval_final/fake_english_griffinlim/english_fake_0497.wav,original,-4.985776424407959,-4.985776424407959,0.0
english,0,497_english_fake_0497,497,english_griffinlim_eval_final/fake_english_griffinlim/english_fake_0497.wav,remove_low,-4.985776424407959,1.3270843029022217,6.312860727310181
english,0,497_english_fake_0497,497,english_griffinlim_eval_final/fake_english_griffinlim/english_fake_0497.wav,remove_mid,-4.985776424407959,-3.4453320503234863,1.5404443740844727
english,0,497_english_fake_0497,497,english_griffinlim_eval_final/fake_english_griffinlim/english_fake_0497.wav,remove_high,-4.985776424407959,-5.853243350982666,-0.867466926574707
english,0,498_english_fake_0498,498,english_griffinlim_eval_final/fake_english_griffinlim/english_fake_0498.wav,original,-3.3363797664642334,-3.3363797664642334,0.0
english,0,498_english_fake_0498,498,english_griffinlim_eval_final/fake_english_griffinlim/english_fake_0498.wav,remove_low,-3.3363797664642334,-0.30046379566192627,3.035915970802307
english,0,498_english_fake_0498,498,english_griffinlim_eval_final/fake_english_griffinlim/english_fake_0498.wav,remove_mid,-3.3363797664642334,-4.057389259338379,-0.7210094928741455
english,0,498_english_fake_0498,498,english_griffinlim_eval_final/fake_english_griffinlim/english_fake_0498.wav,remove_high,-3.3363797664642334,-5.863801002502441,-2.527421236038208
english,0,533_english_fake_0533,533,english_griffinlim_eval_final/fake_english_griffinlim/english_fake_0533.wav,original,-5.759923458099365,-5.759923458099365,0.0
english,0,533_english_fake_0533,533,english_griffinlim_eval_final/fake_english_griffinlim/english_fake_0533.wav,remove_low,-5.759923458099365,-4.274636268615723,1.4852871894836426
english,0,533_english_fake_0533,533,english_griffinlim_eval_final/fake_english_griffinlim/english_fake_0533.wav,remove_mid,-5.759923458099365,-5.79443359375,-0.034510135650634766
english,0,533_english_fake_0533,533,english_griffinlim_eval_final/fake_english_griffinlim/english_fake_0533.wav,remove_high,-5.759923458099365,-6.034263610839844,-0.2743401527404785
english,0,541_english_fake_0541,541,english_griffinlim_eval_final/fake_english_griffinlim/english_fake_0541.wav,original,-5.8848981857299805,-5.8848981857299805,0.0
english,0,541_english_fake_0541,541,english_griffinlim_eval_final/fake_english_griffinlim/english_fake_0541.wav,remove_low,-5.8848981857299805,-3.219406843185425,2.6654913425445557
english,0,541_english_fake_0541,541,english_griffinlim_eval_final/fake_english_griffinlim/english_fake_0541.wav,remove_mid,-5.8848981857299805,-5.266009330749512,0.6188888549804688
english,0,541_english_fake_0541,541,english_griffinlim_eval_final/fake_english_griffinlim/english_fake_0541.wav,remove_high,-5.8848981857299805,-6.059108734130859,-0.1742105484008789
english,0,60_english_fake_0060,60,english_griffinlim_eval_final/fake_english_griffinlim/english_fake_0060.wav,original,-3.868208408355713,-3.868208408355713,0.0
english,0,60_english_fake_0060,60,english_griffinlim_eval_final/fake_english_griffinlim/english_fake_0060.wav,remove_low,-3.868208408355713,-1.633889079093933,2.23431932926178
english,0,60_english_fake_0060,60,english_griffinlim_eval_final/fake_english_griffinlim/english_fake_0060.wav,remove_mid,-3.868208408355713,-2.5260353088378906,1.3421730995178223
english,0,60_english_fake_0060,60,english_griffinlim_eval_final/fake_english_griffinlim/english_fake_0060.wav,remove_high,-3.868208408355713,-5.4825544357299805,-1.6143460273742676
english,0,605_english_fake_0605,605,english_griffinlim_eval_final/fake_english_griffinlim/english_fake_0605.wav,original,-4.431123733520508,-4.431123733520508,0.0
english,0,605_english_fake_0605,605,english_griffinlim_eval_final/fake_english_griffinlim/english_fake_0605.wav,remove_low,-4.431123733520508,0.7574427127838135,5.188566446304321
english,0,605_english_fake_0605,605,english_griffinlim_eval_final/fake_english_griffinlim/english_fake_0605.wav,remove_mid,-4.431123733520508,-0.8051949739456177,3.62592875957489
english,0,605_english_fake_0605,605,english_griffinlim_eval_final/fake_english_griffinlim/english_fake_0605.wav,remove_high,-4.431123733520508,-5.365283966064453,-0.9341602325439453
english,0,610_english_fake_0610,610,english_griffinlim_eval_final/fake_english_griffinlim/english_fake_0610.wav,original,1.084030032157898,1.084030032157898,0.0
english,0,610_english_fake_0610,610,english_griffinlim_eval_final/fake_english_griffinlim/english_fake_0610.wav,remove_low,1.084030032157898,4.222797393798828,3.13876736164093
english,0,610_english_fake_0610,610,english_griffinlim_eval_final/fake_english_griffinlim/english_fake_0610.wav,remove_mid,1.084030032157898,3.417056083679199,2.3330260515213013
english,0,610_english_fake_0610,610,english_griffinlim_eval_final/fake_english_griffinlim/english_fake_0610.wav,remove_high,1.084030032157898,-0.5162103772163391,-1.600240409374237
english,0,614_english_fake_0614,614,english_griffinlim_eval_final/fake_english_griffinlim/english_fake_0614.wav,original,-3.722029685974121,-3.722029685974121,0.0
english,0,614_english_fake_0614,614,english_griffinlim_eval_final/fake_english_griffinlim/english_fake_0614.wav,remove_low,-3.722029685974121,-1.0512402057647705,2.6707894802093506
english,0,614_english_fake_0614,614,english_griffinlim_eval_final/fake_english_griffinlim/english_fake_0614.wav,remove_mid,-3.722029685974121,-2.6233835220336914,1.0986461639404297
english,0,614_english_fake_0614,614,english_griffinlim_eval_final/fake_english_griffinlim/english_fake_0614.wav,remove_high,-3.722029685974121,-5.741858005523682,-2.0198283195495605
english,0,62_english_fake_0062,62,english_griffinlim_eval_final/fake_english_griffinlim/english_fake_0062.wav,original,-3.3668980598449707,-3.3668980598449707,0.0
english,0,62_english_fake_0062,62,english_griffinlim_eval_final/fake_english_griffinlim/english_fake_0062.wav,remove_low,-3.3668980598449707,2.27630352973938,5.643201589584351
english,0,62_english_fake_0062,62,english_griffinlim_eval_final/fake_english_griffinlim/english_fake_0062.wav,remove_mid,-3.3668980598449707,-1.6274574995040894,1.7394405603408813
english,0,62_english_fake_0062,62,english_griffinlim_eval_final/fake_english_griffinlim/english_fake_0062.wav,remove_high,-3.3668980598449707,-4.1693115234375,-0.8024134635925293
english,0,636_english_fake_0636,636,english_griffinlim_eval_final/fake_english_griffinlim/english_fake_0636.wav,original,-3.6638731956481934,-3.6638731956481934,0.0
english,0,636_english_fake_0636,636,english_griffinlim_eval_final/fake_english_griffinlim/english_fake_0636.wav,remove_low,-3.6638731956481934,5.591944217681885,9.255817413330078
english,0,636_english_fake_0636,636,english_griffinlim_eval_final/fake_english_griffinlim/english_fake_0636.wav,remove_mid,-3.6638731956481934,-0.6626511812210083,3.001222014427185
english,0,636_english_fake_0636,636,english_griffinlim_eval_final/fake_english_griffinlim/english_fake_0636.wav,remove_high,-3.6638731956481934,-3.154181480407715,0.5096917152404785
english,0,652_english_fake_0652,652,english_griffinlim_eval_final/fake_english_griffinlim/english_fake_0652.wav,original,-4.1726460456848145,-4.1726460456848145,0.0
english,0,652_english_fake_0652,652,english_griffinlim_eval_final/fake_english_griffinlim/english_fake_0652.wav,remove_low,-4.1726460456848145,-1.7357109785079956,2.436935067176819
english,0,652_english_fake_0652,652,english_griffinlim_eval_final/fake_english_griffinlim/english_fake_0652.wav,remove_mid,-4.1726460456848145,-1.0424729585647583,3.130173087120056
english,0,652_english_fake_0652,652,english_griffinlim_eval_final/fake_english_griffinlim/english_fake_0652.wav,remove_high,-4.1726460456848145,-4.3233537673950195,-0.15070772171020508
english,0,668_english_fake_0668,668,english_griffinlim_eval_final/fake_english_griffinlim/english_fake_0668.wav,original,-0.6254862546920776,-0.6254862546920776,0.0
english,0,668_english_fake_0668,668,english_griffinlim_eval_final/fake_english_griffinlim/english_fake_0668.wav,remove_low,-0.6254862546920776,-0.9725947380065918,-0.34710848331451416
english,0,668_english_fake_0668,668,english_griffinlim_eval_final/fake_english_griffinlim/english_fake_0668.wav,remove_mid,-0.6254862546920776,2.1320388317108154,2.757525086402893
english,0,668_english_fake_0668,668,english_griffinlim_eval_final/fake_english_griffinlim/english_fake_0668.wav,remove_high,-0.6254862546920776,-5.990915298461914,-5.365429043769836
english,0,679_english_fake_0679,679,english_griffinlim_eval_final/fake_english_griffinlim/english_fake_0679.wav,original,-2.799617290496826,-2.799617290496826,0.0
english,0,679_english_fake_0679,679,english_griffinlim_eval_final/fake_english_griffinlim/english_fake_0679.wav,remove_low,-2.799617290496826,-2.605105400085449,0.19451189041137695
english,0,679_english_fake_0679,679,english_griffinlim_eval_final/fake_english_griffinlim/english_fake_0679.wav,remove_mid,-2.799617290496826,-2.455955743789673,0.3436615467071533
english,0,679_english_fake_0679,679,english_griffinlim_eval_final/fake_english_griffinlim/english_fake_0679.wav,remove_high,-2.799617290496826,-3.126567840576172,-0.3269505500793457
english,0,699_english_fake_0699,699,english_griffinlim_eval_final/fake_english_griffinlim/english_fake_0699.wav,original,-0.9502298831939697,-0.9502298831939697,0.0
english,0,699_english_fake_0699,699,english_griffinlim_eval_final/fake_english_griffinlim/english_fake_0699.wav,remove_low,-0.9502298831939697,-0.1747043877840042,0.7755254954099655
english,0,699_english_fake_0699,699,english_griffinlim_eval_final/fake_english_griffinlim/english_fake_0699.wav,remove_mid,-0.9502298831939697,-1.1489182710647583,-0.19868838787078857
english,0,699_english_fake_0699,699,english_griffinlim_eval_final/fake_english_griffinlim/english_fake_0699.wav,remove_high,-0.9502298831939697,-3.1708459854125977,-2.220616102218628
english,0,705_english_fake_0705,705,english_griffinlim_eval_final/fake_english_griffinlim/english_fake_0705.wav,original,-5.34628963470459,-5.34628963470459,0.0
english,0,705_english_fake_0705,705,english_griffinlim_eval_final/fake_english_griffinlim/english_fake_0705.wav,remove_low,-5.34628963470459,3.725148916244507,9.071438550949097
english,0,705_english_fake_0705,705,english_griffinlim_eval_final/fake_english_griffinlim/english_fake_0705.wav,remove_mid,-5.34628963470459,-3.924819231033325,1.4214704036712646
english,0,705_english_fake_0705,705,english_griffinlim_eval_final/fake_english_griffinlim/english_fake_0705.wav,remove_high,-5.34628963470459,-6.038417816162109,-0.6921281814575195
english,0,72_english_fake_0072,72,english_griffinlim_eval_final/fake_english_griffinlim/english_fake_0072.wav,original,-0.9859102964401245,-0.9859102964401245,0.0
english,0,72_english_fake_0072,72,english_griffinlim_eval_final/fake_english_griffinlim/english_fake_0072.wav,remove_low,-0.9859102964401245,-2.2496156692504883,-1.2637053728103638
english,0,72_english_fake_0072,72,english_griffinlim_eval_final/fake_english_griffinlim/english_fake_0072.wav,remove_mid,-0.9859102964401245,-2.567729949951172,-1.5818196535110474
english,0,72_english_fake_0072,72,english_griffinlim_eval_final/fake_english_griffinlim/english_fake_0072.wav,remove_high,-0.9859102964401245,-3.55723237991333,-2.5713220834732056
english,0,725_english_fake_0725,725,english_griffinlim_eval_final/fake_english_griffinlim/english_fake_0725.wav,original,-0.28568562865257263,-0.28568562865257263,0.0
english,0,725_english_fake_0725,725,english_griffinlim_eval_final/fake_english_griffinlim/english_fake_0725.wav,remove_low,-0.28568562865257263,-1.0667285919189453,-0.7810429632663727
english,0,725_english_fake_0725,725,english_griffinlim_eval_final/fake_english_griffinlim/english_fake_0725.wav,remove_mid,-0.28568562865257263,-0.7300561666488647,-0.4443705379962921
english,0,725_english_fake_0725,725,english_griffinlim_eval_final/fake_english_griffinlim/english_fake_0725.wav,remove_high,-0.28568562865257263,-1.7826067209243774,-1.4969210922718048
english,0,726_english_fake_0726,726,english_griffinlim_eval_final/fake_english_griffinlim/english_fake_0726.wav,original,-4.002240180969238,-4.002240180969238,0.0
english,0,726_english_fake_0726,726,english_griffinlim_eval_final/fake_english_griffinlim/english_fake_0726.wav,remove_low,-4.002240180969238,-0.9768389463424683,3.02540123462677
english,0,726_english_fake_0726,726,english_griffinlim_eval_final/fake_english_griffinlim/english_fake_0726.wav,remove_mid,-4.002240180969238,-2.89198637008667,1.1102538108825684
english,0,726_english_fake_0726,726,english_griffinlim_eval_final/fake_english_griffinlim/english_fake_0726.wav,remove_high,-4.002240180969238,-5.853407859802246,-1.8511676788330078
english,0,76_english_fake_0076,76,english_griffinlim_eval_final/fake_english_griffinlim/english_fake_0076.wav,original,-5.986800670623779,-5.986800670623779,0.0
english,0,76_english_fake_0076,76,english_griffinlim_eval_final/fake_english_griffinlim/english_fake_0076.wav,remove_low,-5.986800670623779,-2.0790939331054688,3.9077067375183105
english,0,76_english_fake_0076,76,english_griffinlim_eval_final/fake_english_griffinlim/english_fake_0076.wav,remove_mid,-5.986800670623779,-4.378974914550781,1.607825756072998
english,0,76_english_fake_0076,76,english_griffinlim_eval_final/fake_english_griffinlim/english_fake_0076.wav,remove_high,-5.986800670623779,-6.0491533279418945,-0.062352657318115234
english,0,772_english_fake_0772,772,english_griffinlim_eval_final/fake_english_griffinlim/english_fake_0772.wav,original,-2.961733102798462,-2.961733102798462,0.0
english,0,772_english_fake_0772,772,english_griffinlim_eval_final/fake_english_griffinlim/english_fake_0772.wav,remove_low,-2.961733102798462,-2.197622299194336,0.764110803604126
english,0,772_english_fake_0772,772,english_griffinlim_eval_final/fake_english_griffinlim/english_fake_0772.wav,remove_mid,-2.961733102798462,-1.9639452695846558,0.9977878332138062
english,0,772_english_fake_0772,772,english_griffinlim_eval_final/fake_english_griffinlim/english_fake_0772.wav,remove_high,-2.961733102798462,-4.2939910888671875,-1.3322579860687256
english,0,777_english_fake_0777,777,english_griffinlim_eval_final/fake_english_griffinlim/english_fake_0777.wav,original,-0.6254138946533203,-0.6254138946533203,0.0
english,0,777_english_fake_0777,777,english_griffinlim_eval_final/fake_english_griffinlim/english_fake_0777.wav,remove_low,-0.6254138946533203,4.827031135559082,5.452445030212402
english,0,777_english_fake_0777,777,english_griffinlim_eval_final/fake_english_griffinlim/english_fake_0777.wav,remove_mid,-0.6254138946533203,3.776050090789795,4.401463985443115
english,0,777_english_fake_0777,777,english_griffinlim_eval_final/fake_english_griffinlim/english_fake_0777.wav,remove_high,-0.6254138946533203,-0.8539732694625854,-0.22855937480926514
english,0,782_english_fake_0782,782,english_griffinlim_eval_final/fake_english_griffinlim/english_fake_0782.wav,original,-2.135366439819336,-2.135366439819336,0.0
english,0,782_english_fake_0782,782,english_griffinlim_eval_final/fake_english_griffinlim/english_fake_0782.wav,remove_low,-2.135366439819336,-1.746735692024231,0.388630747795105
english,0,782_english_fake_0782,782,english_griffinlim_eval_final/fake_english_griffinlim/english_fake_0782.wav,remove_mid,-2.135366439819336,-0.46941566467285156,1.6659507751464844
english,0,782_english_fake_0782,782,english_griffinlim_eval_final/fake_english_griffinlim/english_fake_0782.wav,remove_high,-2.135366439819336,-4.767786979675293,-2.632420539855957
english,0,797_english_fake_0797,797,english_griffinlim_eval_final/fake_english_griffinlim/english_fake_0797.wav,original,-5.923685073852539,-5.923685073852539,0.0
english,0,797_english_fake_0797,797,english_griffinlim_eval_final/fake_english_griffinlim/english_fake_0797.wav,remove_low,-5.923685073852539,-3.6387200355529785,2.2849650382995605
english,0,797_english_fake_0797,797,english_griffinlim_eval_final/fake_english_griffinlim/english_fake_0797.wav,remove_mid,-5.923685073852539,-4.876392364501953,1.047292709350586
english,0,797_english_fake_0797,797,english_griffinlim_eval_final/fake_english_griffinlim/english_fake_0797.wav,remove_high,-5.923685073852539,-6.06620979309082,-0.14252471923828125
english,0,802_english_fake_0802,802,english_griffinlim_eval_final/fake_english_griffinlim/english_fake_0802.wav,original,-4.73752498626709,-4.73752498626709,0.0
english,0,802_english_fake_0802,802,english_griffinlim_eval_final/fake_english_griffinlim/english_fake_0802.wav,remove_low,-4.73752498626709,-1.432862639427185,3.304662346839905
english,0,802_english_fake_0802,802,english_griffinlim_eval_final/fake_english_griffinlim/english_fake_0802.wav,remove_mid,-4.73752498626709,-1.155835747718811,3.581689238548279
english,0,802_english_fake_0802,802,english_griffinlim_eval_final/fake_english_griffinlim/english_fake_0802.wav,remove_high,-4.73752498626709,-3.778805732727051,0.9587192535400391
english,0,83_english_fake_0083,83,english_griffinlim_eval_final/fake_english_griffinlim/english_fake_0083.wav,original,0.32396161556243896,0.32396161556243896,0.0
english,0,83_english_fake_0083,83,english_griffinlim_eval_final/fake_english_griffinlim/english_fake_0083.wav,remove_low,0.32396161556243896,-0.510457456111908,-0.8344190716743469
english,0,83_english_fake_0083,83,english_griffinlim_eval_final/fake_english_griffinlim/english_fake_0083.wav,remove_mid,0.32396161556243896,-0.892214298248291,-1.21617591381073
english,0,83_english_fake_0083,83,english_griffinlim_eval_final/fake_english_griffinlim/english_fake_0083.wav,remove_high,0.32396161556243896,-1.026740312576294,-1.350701928138733
english,0,830_english_fake_0830,830,english_griffinlim_eval_final/fake_english_griffinlim/english_fake_0830.wav,original,3.446101188659668,3.446101188659668,0.0
english,0,830_english_fake_0830,830,english_griffinlim_eval_final/fake_english_griffinlim/english_fake_0830.wav,remove_low,3.446101188659668,6.374965667724609,2.9288644790649414
english,0,830_english_fake_0830,830,english_griffinlim_eval_final/fake_english_griffinlim/english_fake_0830.wav,remove_mid,3.446101188659668,5.821132183074951,2.375030994415283
english,0,830_english_fake_0830,830,english_griffinlim_eval_final/fake_english_griffinlim/english_fake_0830.wav,remove_high,3.446101188659668,2.568108320236206,-0.8779928684234619
english,0,836_english_fake_0836,836,english_griffinlim_eval_final/fake_english_griffinlim/english_fake_0836.wav,original,-5.128331184387207,-5.128331184387207,0.0
english,0,836_english_fake_0836,836,english_griffinlim_eval_final/fake_english_griffinlim/english_fake_0836.wav,remove_low,-5.128331184387207,-4.554202079772949,0.5741291046142578
english,0,836_english_fake_0836,836,english_griffinlim_eval_final/fake_english_griffinlim/english_fake_0836.wav,remove_mid,-5.128331184387207,0.16948862373828888,5.297819808125496
english,0,836_english_fake_0836,836,english_griffinlim_eval_final/fake_english_griffinlim/english_fake_0836.wav,remove_high,-5.128331184387207,-6.038341045379639,-0.9100098609924316
english,0,839_english_fake_0839,839,english_griffinlim_eval_final/fake_english_griffinlim/english_fake_0839.wav,original,-1.996618390083313,-1.996618390083313,0.0
english,0,839_english_fake_0839,839,english_griffinlim_eval_final/fake_english_griffinlim/english_fake_0839.wav,remove_low,-1.996618390083313,-0.017685387283563614,1.9789330027997494
english,0,839_english_fake_0839,839,english_griffinlim_eval_final/fake_english_griffinlim/english_fake_0839.wav,remove_mid,-1.996618390083313,-2.25400447845459,-0.25738608837127686
english,0,839_english_fake_0839,839,english_griffinlim_eval_final/fake_english_griffinlim/english_fake_0839.wav,remove_high,-1.996618390083313,-3.813164234161377,-1.816545844078064
english,0,841_english_fake_0841,841,english_griffinlim_eval_final/fake_english_griffinlim/english_fake_0841.wav,original,-0.7667510509490967,-0.7667510509490967,0.0
english,0,841_english_fake_0841,841,english_griffinlim_eval_final/fake_english_griffinlim/english_fake_0841.wav,remove_low,-0.7667510509490967,5.204288482666016,5.971039533615112
english,0,841_english_fake_0841,841,english_griffinlim_eval_final/fake_english_griffinlim/english_fake_0841.wav,remove_mid,-0.7667510509490967,-0.3004690408706665,0.4662820100784302
english,0,841_english_fake_0841,841,english_griffinlim_eval_final/fake_english_griffinlim/english_fake_0841.wav,remove_high,-0.7667510509490967,-3.473825454711914,-2.7070744037628174
english,0,843_english_fake_0843,843,english_griffinlim_eval_final/fake_english_griffinlim/english_fake_0843.wav,original,-6.0060272216796875,-6.0060272216796875,0.0
english,0,843_english_fake_0843,843,english_griffinlim_eval_final/fake_english_griffinlim/english_fake_0843.wav,remove_low,-6.0060272216796875,-2.468155860900879,3.5378713607788086
english,0,843_english_fake_0843,843,english_griffinlim_eval_final/fake_english_griffinlim/english_fake_0843.wav,remove_mid,-6.0060272216796875,-2.9459190368652344,3.060108184814453
english,0,843_english_fake_0843,843,english_griffinlim_eval_final/fake_english_griffinlim/english_fake_0843.wav,remove_high,-6.0060272216796875,-6.077157020568848,-0.07112979888916016
english,0,854_english_fake_0854,854,english_griffinlim_eval_final/fake_english_griffinlim/english_fake_0854.wav,original,-5.459720611572266,-5.459720611572266,0.0
english,0,854_english_fake_0854,854,english_griffinlim_eval_final/fake_english_griffinlim/english_fake_0854.wav,remove_low,-5.459720611572266,-0.8802509307861328,4.579469680786133
english,0,854_english_fake_0854,854,english_griffinlim_eval_final/fake_english_griffinlim/english_fake_0854.wav,remove_mid,-5.459720611572266,-0.9546565413475037,4.505064070224762
english,0,854_english_fake_0854,854,english_griffinlim_eval_final/fake_english_griffinlim/english_fake_0854.wav,remove_high,-5.459720611572266,-5.856554985046387,-0.3968343734741211
english,0,857_english_fake_0857,857,english_griffinlim_eval_final/fake_english_griffinlim/english_fake_0857.wav,original,-2.93435001373291,-2.93435001373291,0.0
english,0,857_english_fake_0857,857,english_griffinlim_eval_final/fake_english_griffinlim/english_fake_0857.wav,remove_low,-2.93435001373291,-3.558410406112671,-0.6240603923797607
english,0,857_english_fake_0857,857,english_griffinlim_eval_final/fake_english_griffinlim/english_fake_0857.wav,remove_mid,-2.93435001373291,-5.852921485900879,-2.9185714721679688
english,0,857_english_fake_0857,857,english_griffinlim_eval_final/fake_english_griffinlim/english_fake_0857.wav,remove_high,-2.93435001373291,-5.842152118682861,-2.907802104949951
english,0,865_english_fake_0865,865,english_griffinlim_eval_final/fake_english_griffinlim/english_fake_0865.wav,original,-0.014287266880273819,-0.014287266880273819,0.0
english,0,865_english_fake_0865,865,english_griffinlim_eval_final/fake_english_griffinlim/english_fake_0865.wav,remove_low,-0.014287266880273819,4.922168731689453,4.936455998569727
english,0,865_english_fake_0865,865,english_griffinlim_eval_final/fake_english_griffinlim/english_fake_0865.wav,remove_mid,-0.014287266880273819,0.9823048710823059,0.9965921379625797
english,0,865_english_fake_0865,865,english_griffinlim_eval_final/fake_english_griffinlim/english_fake_0865.wav,remove_high,-0.014287266880273819,-0.49500131607055664,-0.4807140491902828
english,0,867_english_fake_0867,867,english_griffinlim_eval_final/fake_english_griffinlim/english_fake_0867.wav,original,-5.981372833251953,-5.981372833251953,0.0
english,0,867_english_fake_0867,867,english_griffinlim_eval_final/fake_english_griffinlim/english_fake_0867.wav,remove_low,-5.981372833251953,-4.087306976318359,1.8940658569335938
english,0,867_english_fake_0867,867,english_griffinlim_eval_final/fake_english_griffinlim/english_fake_0867.wav,remove_mid,-5.981372833251953,-4.40571928024292,1.5756535530090332
english,0,867_english_fake_0867,867,english_griffinlim_eval_final/fake_english_griffinlim/english_fake_0867.wav,remove_high,-5.981372833251953,-6.069819450378418,-0.08844661712646484
english,0,879_english_fake_0879,879,english_griffinlim_eval_final/fake_english_griffinlim/english_fake_0879.wav,original,4.8434038162231445,4.8434038162231445,0.0
english,0,879_english_fake_0879,879,english_griffinlim_eval_final/fake_english_griffinlim/english_fake_0879.wav,remove_low,4.8434038162231445,5.048014163970947,0.20461034774780273
english,0,879_english_fake_0879,879,english_griffinlim_eval_final/fake_english_griffinlim/english_fake_0879.wav,remove_mid,4.8434038162231445,6.004308700561523,1.160904884338379
english,0,879_english_fake_0879,879,english_griffinlim_eval_final/fake_english_griffinlim/english_fake_0879.wav,remove_high,4.8434038162231445,4.5081281661987305,-0.33527565002441406
english,0,883_english_fake_0883,883,english_griffinlim_eval_final/fake_english_griffinlim/english_fake_0883.wav,original,-4.757336616516113,-4.757336616516113,0.0
english,0,883_english_fake_0883,883,english_griffinlim_eval_final/fake_english_griffinlim/english_fake_0883.wav,remove_low,-4.757336616516113,-1.1216652393341064,3.635671377182007
english,0,883_english_fake_0883,883,english_griffinlim_eval_final/fake_english_griffinlim/english_fake_0883.wav,remove_mid,-4.757336616516113,-4.087907791137695,0.669428825378418
english,0,883_english_fake_0883,883,english_griffinlim_eval_final/fake_english_griffinlim/english_fake_0883.wav,remove_high,-4.757336616516113,-5.888103008270264,-1.1307663917541504
english,0,884_english_fake_0884,884,english_griffinlim_eval_final/fake_english_griffinlim/english_fake_0884.wav,original,-3.1517953872680664,-3.1517953872680664,0.0
english,0,884_english_fake_0884,884,english_griffinlim_eval_final/fake_english_griffinlim/english_fake_0884.wav,remove_low,-3.1517953872680664,-1.7138656377792358,1.4379297494888306
english,0,884_english_fake_0884,884,english_griffinlim_eval_final/fake_english_griffinlim/english_fake_0884.wav,remove_mid,-3.1517953872680664,-3.1986520290374756,-0.04685664176940918
english,0,884_english_fake_0884,884,english_griffinlim_eval_final/fake_english_griffinlim/english_fake_0884.wav,remove_high,-3.1517953872680664,-5.856077194213867,-2.704281806945801
english,0,888_english_fake_0888,888,english_griffinlim_eval_final/fake_english_griffinlim/english_fake_0888.wav,original,-0.8662161231040955,-0.8662161231040955,0.0
english,0,888_english_fake_0888,888,english_griffinlim_eval_final/fake_english_griffinlim/english_fake_0888.wav,remove_low,-0.8662161231040955,-0.049930986016988754,0.8162851370871067
english,0,888_english_fake_0888,888,english_griffinlim_eval_final/fake_english_griffinlim/english_fake_0888.wav,remove_mid,-0.8662161231040955,0.4708629846572876,1.337079107761383
english,0,888_english_fake_0888,888,english_griffinlim_eval_final/fake_english_griffinlim/english_fake_0888.wav,remove_high,-0.8662161231040955,-3.2667102813720703,-2.400494158267975
english,0,897_english_fake_0897,897,english_griffinlim_eval_final/fake_english_griffinlim/english_fake_0897.wav,original,-0.0679527074098587,-0.0679527074098587,0.0
english,0,897_english_fake_0897,897,english_griffinlim_eval_final/fake_english_griffinlim/english_fake_0897.wav,remove_low,-0.0679527074098587,-0.9121114015579224,-0.8441586941480637
english,0,897_english_fake_0897,897,english_griffinlim_eval_final/fake_english_griffinlim/english_fake_0897.wav,remove_mid,-0.0679527074098587,2.5274147987365723,2.595367506146431
english,0,897_english_fake_0897,897,english_griffinlim_eval_final/fake_english_griffinlim/english_fake_0897.wav,remove_high,-0.0679527074098587,-0.44227856397628784,-0.37432585656642914
english,0,902_english_fake_0902,902,english_griffinlim_eval_final/fake_english_griffinlim/english_fake_0902.wav,original,-3.5341010093688965,-3.5341010093688965,0.0
english,0,902_english_fake_0902,902,english_griffinlim_eval_final/fake_english_griffinlim/english_fake_0902.wav,remove_low,-3.5341010093688965,-2.1107864379882812,1.4233145713806152
english,0,902_english_fake_0902,902,english_griffinlim_eval_final/fake_english_griffinlim/english_fake_0902.wav,remove_mid,-3.5341010093688965,-3.1748509407043457,0.3592500686645508
english,0,902_english_fake_0902,902,english_griffinlim_eval_final/fake_english_griffinlim/english_fake_0902.wav,remove_high,-3.5341010093688965,-5.4707489013671875,-1.936647891998291
english,0,907_english_fake_0907,907,english_griffinlim_eval_final/fake_english_griffinlim/english_fake_0907.wav,original,-5.961143493652344,-5.961143493652344,0.0
english,0,907_english_fake_0907,907,english_griffinlim_eval_final/fake_english_griffinlim/english_fake_0907.wav,remove_low,-5.961143493652344,-4.690401554107666,1.2707419395446777
english,0,907_english_fake_0907,907,english_griffinlim_eval_final/fake_english_griffinlim/english_fake_0907.wav,remove_mid,-5.961143493652344,-5.697096824645996,0.26404666900634766
english,0,907_english_fake_0907,907,english_griffinlim_eval_final/fake_english_griffinlim/english_fake_0907.wav,remove_high,-5.961143493652344,-6.014921188354492,-0.05377769470214844
english,0,916_english_fake_0916,916,english_griffinlim_eval_final/fake_english_griffinlim/english_fake_0916.wav,original,-0.24862904846668243,-0.24862904846668243,0.0
english,0,916_english_fake_0916,916,english_griffinlim_eval_final/fake_english_griffinlim/english_fake_0916.wav,remove_low,-0.24862904846668243,-0.7893848419189453,-0.5407557934522629
english,0,916_english_fake_0916,916,english_griffinlim_eval_final/fake_english_griffinlim/english_fake_0916.wav,remove_mid,-0.24862904846668243,-1.5602612495422363,-1.311632201075554
english,0,916_english_fake_0916,916,english_griffinlim_eval_final/fake_english_griffinlim/english_fake_0916.wav,remove_high,-0.24862904846668243,-0.6008089780807495,-0.3521799296140671
english,0,937_english_fake_0937,937,english_griffinlim_eval_final/fake_english_griffinlim/english_fake_0937.wav,original,-5.849017143249512,-5.849017143249512,0.0
english,0,937_english_fake_0937,937,english_griffinlim_eval_final/fake_english_griffinlim/english_fake_0937.wav,remove_low,-5.849017143249512,-5.831977367401123,0.017039775848388672
english,0,937_english_fake_0937,937,english_griffinlim_eval_final/fake_english_griffinlim/english_fake_0937.wav,remove_mid,-5.849017143249512,-5.839941024780273,0.009076118469238281
english,0,937_english_fake_0937,937,english_griffinlim_eval_final/fake_english_griffinlim/english_fake_0937.wav,remove_high,-5.849017143249512,-5.915707111358643,-0.06668996810913086
english,0,948_english_fake_0948,948,english_griffinlim_eval_final/fake_english_griffinlim/english_fake_0948.wav,original,-2.000174045562744,-2.000174045562744,0.0
english,0,948_english_fake_0948,948,english_griffinlim_eval_final/fake_english_griffinlim/english_fake_0948.wav,remove_low,-2.000174045562744,0.20729923248291016,2.2074732780456543
english,0,948_english_fake_0948,948,english_griffinlim_eval_final/fake_english_griffinlim/english_fake_0948.wav,remove_mid,-2.000174045562744,-0.8927255868911743,1.1074484586715698
english,0,948_english_fake_0948,948,english_griffinlim_eval_final/fake_english_griffinlim/english_fake_0948.wav,remove_high,-2.000174045562744,-4.862349987030029,-2.862175941467285
english,0,961_english_fake_0961,961,english_griffinlim_eval_final/fake_english_griffinlim/english_fake_0961.wav,original,-2.0301413536071777,-2.0301413536071777,0.0
english,0,961_english_fake_0961,961,english_griffinlim_eval_final/fake_english_griffinlim/english_fake_0961.wav,remove_low,-2.0301413536071777,-1.6138248443603516,0.41631650924682617
english,0,961_english_fake_0961,961,english_griffinlim_eval_final/fake_english_griffinlim/english_fake_0961.wav,remove_mid,-2.0301413536071777,-2.5372979640960693,-0.5071566104888916
english,0,961_english_fake_0961,961,english_griffinlim_eval_final/fake_english_griffinlim/english_fake_0961.wav,remove_high,-2.0301413536071777,-4.342774391174316,-2.3126330375671387
english,0,966_english_fake_0966,966,english_griffinlim_eval_final/fake_english_griffinlim/english_fake_0966.wav,original,-3.818446636199951,-3.818446636199951,0.0
english,0,966_english_fake_0966,966,english_griffinlim_eval_final/fake_english_griffinlim/english_fake_0966.wav,remove_low,-3.818446636199951,-2.1410956382751465,1.6773509979248047
english,0,966_english_fake_0966,966,english_griffinlim_eval_final/fake_english_griffinlim/english_fake_0966.wav,remove_mid,-3.818446636199951,-3.6897807121276855,0.12866592407226562
english,0,966_english_fake_0966,966,english_griffinlim_eval_final/fake_english_griffinlim/english_fake_0966.wav,remove_high,-3.818446636199951,-5.498027801513672,-1.6795811653137207
english,0,99_english_fake_0099,99,english_griffinlim_eval_final/fake_english_griffinlim/english_fake_0099.wav,original,-5.7385334968566895,-5.7385334968566895,0.0
english,0,99_english_fake_0099,99,english_griffinlim_eval_final/fake_english_griffinlim/english_fake_0099.wav,remove_low,-5.7385334968566895,-4.49951696395874,1.2390165328979492
english,0,99_english_fake_0099,99,english_griffinlim_eval_final/fake_english_griffinlim/english_fake_0099.wav,remove_mid,-5.7385334968566895,-3.015684127807617,2.7228493690490723
english,0,99_english_fake_0099,99,english_griffinlim_eval_final/fake_english_griffinlim/english_fake_0099.wav,remove_high,-5.7385334968566895,-5.97395133972168,-0.23541784286499023
english,0,994_english_fake_0994,994,english_griffinlim_eval_final/fake_english_griffinlim/english_fake_0994.wav,original,-1.2523691654205322,-1.2523691654205322,0.0
english,0,994_english_fake_0994,994,english_griffinlim_eval_final/fake_english_griffinlim/english_fake_0994.wav,remove_low,-1.2523691654205322,-1.0290157794952393,0.22335338592529297
english,0,994_english_fake_0994,994,english_griffinlim_eval_final/fake_english_griffinlim/english_fake_0994.wav,remove_mid,-1.2523691654205322,4.065194129943848,5.31756329536438
english,0,994_english_fake_0994,994,english_griffinlim_eval_final/fake_english_griffinlim/english_fake_0994.wav,remove_high,-1.2523691654205322,-2.091726303100586,-0.8393571376800537
hindi,1,1002_hindi_real_1002,1002,hindi_griffinlim_eval_final/real_hindi/hindi_real_1002.wav,original,3.973982810974121,3.973982810974121,0.0
hindi,1,1002_hindi_real_1002,1002,hindi_griffinlim_eval_final/real_hindi/hindi_real_1002.wav,remove_low,3.973982810974121,3.688398599624634,-0.2855842113494873
hindi,1,1002_hindi_real_1002,1002,hindi_griffinlim_eval_final/real_hindi/hindi_real_1002.wav,remove_mid,3.973982810974121,1.2565234899520874,-2.7174593210220337
hindi,1,1002_hindi_real_1002,1002,hindi_griffinlim_eval_final/real_hindi/hindi_real_1002.wav,remove_high,3.973982810974121,3.873866558074951,-0.10011625289916992
hindi,1,1032_hindi_real_1032,1032,hindi_griffinlim_eval_final/real_hindi/hindi_real_1032.wav,original,3.3739044666290283,3.3739044666290283,0.0
hindi,1,1032_hindi_real_1032,1032,hindi_griffinlim_eval_final/real_hindi/hindi_real_1032.wav,remove_low,3.3739044666290283,0.9824791550636292,-2.391425311565399
hindi,1,1032_hindi_real_1032,1032,hindi_griffinlim_eval_final/real_hindi/hindi_real_1032.wav,remove_mid,3.3739044666290283,-0.8147069215774536,-4.188611388206482
hindi,1,1032_hindi_real_1032,1032,hindi_griffinlim_eval_final/real_hindi/hindi_real_1032.wav,remove_high,3.3739044666290283,1.1695847511291504,-2.204319715499878
hindi,1,1036_hindi_real_1036,1036,hindi_griffinlim_eval_final/real_hindi/hindi_real_1036.wav,original,5.256257057189941,5.256257057189941,0.0
hindi,1,1036_hindi_real_1036,1036,hindi_griffinlim_eval_final/real_hindi/hindi_real_1036.wav,remove_low,5.256257057189941,3.695159912109375,-1.5610971450805664
hindi,1,1036_hindi_real_1036,1036,hindi_griffinlim_eval_final/real_hindi/hindi_real_1036.wav,remove_mid,5.256257057189941,4.642075538635254,-0.6141815185546875
hindi,1,1036_hindi_real_1036,1036,hindi_griffinlim_eval_final/real_hindi/hindi_real_1036.wav,remove_high,5.256257057189941,5.008805751800537,-0.2474513053894043
hindi,1,1044_hindi_real_1044,1044,hindi_griffinlim_eval_final/real_hindi/hindi_real_1044.wav,original,3.7752392292022705,3.7752392292022705,0.0
hindi,1,1044_hindi_real_1044,1044,hindi_griffinlim_eval_final/real_hindi/hindi_real_1044.wav,remove_low,3.7752392292022705,2.6296682357788086,-1.145570993423462
hindi,1,1044_hindi_real_1044,1044,hindi_griffinlim_eval_final/real_hindi/hindi_real_1044.wav,remove_mid,3.7752392292022705,1.7903834581375122,-1.9848557710647583
hindi,1,1044_hindi_real_1044,1044,hindi_griffinlim_eval_final/real_hindi/hindi_real_1044.wav,remove_high,3.7752392292022705,2.9511873722076416,-0.8240518569946289
hindi,1,1048_hindi_real_1048,1048,hindi_griffinlim_eval_final/real_hindi/hindi_real_1048.wav,original,5.012618064880371,5.012618064880371,0.0
hindi,1,1048_hindi_real_1048,1048,hindi_griffinlim_eval_final/real_hindi/hindi_real_1048.wav,remove_low,5.012618064880371,3.3967041969299316,-1.6159138679504395
hindi,1,1048_hindi_real_1048,1048,hindi_griffinlim_eval_final/real_hindi/hindi_real_1048.wav,remove_mid,5.012618064880371,4.0319342613220215,-0.9806838035583496
hindi,1,1048_hindi_real_1048,1048,hindi_griffinlim_eval_final/real_hindi/hindi_real_1048.wav,remove_high,5.012618064880371,4.540274620056152,-0.47234344482421875
hindi,1,1050_hindi_real_1050,1050,hindi_griffinlim_eval_final/real_hindi/hindi_real_1050.wav,original,3.4812779426574707,3.4812779426574707,0.0
hindi,1,1050_hindi_real_1050,1050,hindi_griffinlim_eval_final/real_hindi/hindi_real_1050.wav,remove_low,3.4812779426574707,0.08206963539123535,-3.3992083072662354
hindi,1,1050_hindi_real_1050,1050,hindi_griffinlim_eval_final/real_hindi/hindi_real_1050.wav,remove_mid,3.4812779426574707,-0.08333127200603485,-3.5646092146635056
hindi,1,1050_hindi_real_1050,1050,hindi_griffinlim_eval_final/real_hindi/hindi_real_1050.wav,remove_high,3.4812779426574707,2.862612009048462,-0.6186659336090088
hindi,1,1053_hindi_real_1053,1053,hindi_griffinlim_eval_final/real_hindi/hindi_real_1053.wav,original,0.4476202726364136,0.4476202726364136,0.0
hindi,1,1053_hindi_real_1053,1053,hindi_griffinlim_eval_final/real_hindi/hindi_real_1053.wav,remove_low,0.4476202726364136,-0.9771314859390259,-1.4247517585754395
hindi,1,1053_hindi_real_1053,1053,hindi_griffinlim_eval_final/real_hindi/hindi_real_1053.wav,remove_mid,0.4476202726364136,-1.0311425924301147,-1.4787628650665283
hindi,1,1053_hindi_real_1053,1053,hindi_griffinlim_eval_final/real_hindi/hindi_real_1053.wav,remove_high,0.4476202726364136,-0.30175045132637024,-0.7493707239627838
hindi,1,1056_hindi_real_1056,1056,hindi_griffinlim_eval_final/real_hindi/hindi_real_1056.wav,original,5.990787506103516,5.990787506103516,0.0
hindi,1,1056_hindi_real_1056,1056,hindi_griffinlim_eval_final/real_hindi/hindi_real_1056.wav,remove_low,5.990787506103516,5.09127140045166,-0.8995161056518555
hindi,1,1056_hindi_real_1056,1056,hindi_griffinlim_eval_final/real_hindi/hindi_real_1056.wav,remove_mid,5.990787506103516,4.720819473266602,-1.269968032836914
hindi,1,1056_hindi_real_1056,1056,hindi_griffinlim_eval_final/real_hindi/hindi_real_1056.wav,remove_high,5.990787506103516,5.840402603149414,-0.15038490295410156
hindi,1,1061_hindi_real_1061,1061,hindi_griffinlim_eval_final/real_hindi/hindi_real_1061.wav,original,1.968194842338562,1.968194842338562,0.0
hindi,1,1061_hindi_real_1061,1061,hindi_griffinlim_eval_final/real_hindi/hindi_real_1061.wav,remove_low,1.968194842338562,0.5839090347290039,-1.384285807609558
hindi,1,1061_hindi_real_1061,1061,hindi_griffinlim_eval_final/real_hindi/hindi_real_1061.wav,remove_mid,1.968194842338562,-0.6935882568359375,-2.6617830991744995
hindi,1,1061_hindi_real_1061,1061,hindi_griffinlim_eval_final/real_hindi/hindi_real_1061.wav,remove_high,1.968194842338562,1.3628767728805542,-0.6053180694580078
hindi,1,1063_hindi_real_1063,1063,hindi_griffinlim_eval_final/real_hindi/hindi_real_1063.wav,original,2.3897953033447266,2.3897953033447266,0.0
hindi,1,1063_hindi_real_1063,1063,hindi_griffinlim_eval_final/real_hindi/hindi_real_1063.wav,remove_low,2.3897953033447266,-0.9519908428192139,-3.3417861461639404
hindi,1,1063_hindi_real_1063,1063,hindi_griffinlim_eval_final/real_hindi/hindi_real_1063.wav,remove_mid,2.3897953033447266,1.919460654258728,-0.47033464908599854
hindi,1,1063_hindi_real_1063,1063,hindi_griffinlim_eval_final/real_hindi/hindi_real_1063.wav,remove_high,2.3897953033447266,2.3767576217651367,-0.013037681579589844
hindi,1,1075_hindi_real_1075,1075,hindi_griffinlim_eval_final/real_hindi/hindi_real_1075.wav,original,5.665018558502197,5.665018558502197,0.0
hindi,1,1075_hindi_real_1075,1075,hindi_griffinlim_eval_final/real_hindi/hindi_real_1075.wav,remove_low,5.665018558502197,5.491623878479004,-0.17339468002319336
hindi,1,1075_hindi_real_1075,1075,hindi_griffinlim_eval_final/real_hindi/hindi_real_1075.wav,remove_mid,5.665018558502197,4.6390767097473145,-1.0259418487548828
hindi,1,1075_hindi_real_1075,1075,hindi_griffinlim_eval_final/real_hindi/hindi_real_1075.wav,remove_high,5.665018558502197,5.751060485839844,0.08604192733764648
hindi,1,108_hindi_real_0108,108,hindi_griffinlim_eval_final/real_hindi/hindi_real_0108.wav,original,4.470029830932617,4.470029830932617,0.0
hindi,1,108_hindi_real_0108,108,hindi_griffinlim_eval_final/real_hindi/hindi_real_0108.wav,remove_low,4.470029830932617,2.6718316078186035,-1.7981982231140137
hindi,1,108_hindi_real_0108,108,hindi_griffinlim_eval_final/real_hindi/hindi_real_0108.wav,remove_mid,4.470029830932617,3.8866305351257324,-0.5833992958068848
hindi,1,108_hindi_real_0108,108,hindi_griffinlim_eval_final/real_hindi/hindi_real_0108.wav,remove_high,4.470029830932617,3.971609592437744,-0.49842023849487305
hindi,1,1090_hindi_real_1090,1090,hindi_griffinlim_eval_final/real_hindi/hindi_real_1090.wav,original,0.7503888010978699,0.7503888010978699,0.0
hindi,1,1090_hindi_real_1090,1090,hindi_griffinlim_eval_final/real_hindi/hindi_real_1090.wav,remove_low,0.7503888010978699,-4.389296531677246,-5.139685332775116
hindi,1,1090_hindi_real_1090,1090,hindi_griffinlim_eval_final/real_hindi/hindi_real_1090.wav,remove_mid,0.7503888010978699,-0.7302389144897461,-1.480627715587616
hindi,1,1090_hindi_real_1090,1090,hindi_griffinlim_eval_final/real_hindi/hindi_real_1090.wav,remove_high,0.7503888010978699,-0.5827734470367432,-1.333162248134613
hindi,1,1097_hindi_real_1097,1097,hindi_griffinlim_eval_final/real_hindi/hindi_real_1097.wav,original,5.056484222412109,5.056484222412109,0.0
hindi,1,1097_hindi_real_1097,1097,hindi_griffinlim_eval_final/real_hindi/hindi_real_1097.wav,remove_low,5.056484222412109,-0.5279442071914673,-5.584428429603577
hindi,1,1097_hindi_real_1097,1097,hindi_griffinlim_eval_final/real_hindi/hindi_real_1097.wav,remove_mid,5.056484222412109,3.249786376953125,-1.8066978454589844
hindi,1,1097_hindi_real_1097,1097,hindi_griffinlim_eval_final/real_hindi/hindi_real_1097.wav,remove_high,5.056484222412109,5.064037322998047,0.0075531005859375
hindi,1,1101_hindi_real_1101,1101,hindi_griffinlim_eval_final/real_hindi/hindi_real_1101.wav,original,0.233375683426857,0.233375683426857,0.0
hindi,1,1101_hindi_real_1101,1101,hindi_griffinlim_eval_final/real_hindi/hindi_real_1101.wav,remove_low,0.233375683426857,-0.8365223407745361,-1.0698980242013931
hindi,1,1101_hindi_real_1101,1101,hindi_griffinlim_eval_final/real_hindi/hindi_real_1101.wav,remove_mid,0.233375683426857,-1.1666263341903687,-1.4000020176172256
hindi,1,1101_hindi_real_1101,1101,hindi_griffinlim_eval_final/real_hindi/hindi_real_1101.wav,remove_high,0.233375683426857,-0.6501871347427368,-0.8835628181695938
hindi,1,1116_hindi_real_1116,1116,hindi_griffinlim_eval_final/real_hindi/hindi_real_1116.wav,original,4.539846897125244,4.539846897125244,0.0
hindi,1,1116_hindi_real_1116,1116,hindi_griffinlim_eval_final/real_hindi/hindi_real_1116.wav,remove_low,4.539846897125244,-0.5951217412948608,-5.134968638420105
hindi,1,1116_hindi_real_1116,1116,hindi_griffinlim_eval_final/real_hindi/hindi_real_1116.wav,remove_mid,4.539846897125244,2.4527862071990967,-2.0870606899261475
hindi,1,1116_hindi_real_1116,1116,hindi_griffinlim_eval_final/real_hindi/hindi_real_1116.wav,remove_high,4.539846897125244,4.299997806549072,-0.23984909057617188
hindi,1,1124_hindi_real_1124,1124,hindi_griffinlim_eval_final/real_hindi/hindi_real_1124.wav,original,2.7817342281341553,2.7817342281341553,0.0
hindi,1,1124_hindi_real_1124,1124,hindi_griffinlim_eval_final/real_hindi/hindi_real_1124.wav,remove_low,2.7817342281341553,4.242267608642578,1.4605333805084229
hindi,1,1124_hindi_real_1124,1124,hindi_griffinlim_eval_final/real_hindi/hindi_real_1124.wav,remove_mid,2.7817342281341553,0.6669675707817078,-2.1147666573524475
hindi,1,1124_hindi_real_1124,1124,hindi_griffinlim_eval_final/real_hindi/hindi_real_1124.wav,remove_high,2.7817342281341553,1.138258695602417,-1.6434755325317383
hindi,1,113_hindi_real_0113,113,hindi_griffinlim_eval_final/real_hindi/hindi_real_0113.wav,original,3.6530604362487793,3.6530604362487793,0.0
hindi,1,113_hindi_real_0113,113,hindi_griffinlim_eval_final/real_hindi/hindi_real_0113.wav,remove_low,3.6530604362487793,-0.5362671613693237,-4.189327597618103
hindi,1,113_hindi_real_0113,113,hindi_griffinlim_eval_final/real_hindi/hindi_real_0113.wav,remove_mid,3.6530604362487793,0.4835149049758911,-3.169545531272888
hindi,1,113_hindi_real_0113,113,hindi_griffinlim_eval_final/real_hindi/hindi_real_0113.wav,remove_high,3.6530604362487793,3.318164825439453,-0.33489561080932617
hindi,1,125_hindi_real_0125,125,hindi_griffinlim_eval_final/real_hindi/hindi_real_0125.wav,original,-0.5977491140365601,-0.5977491140365601,0.0
hindi,1,125_hindi_real_0125,125,hindi_griffinlim_eval_final/real_hindi/hindi_real_0125.wav,remove_low,-0.5977491140365601,-1.0326043367385864,-0.43485522270202637
hindi,1,125_hindi_real_0125,125,hindi_griffinlim_eval_final/real_hindi/hindi_real_0125.wav,remove_mid,-0.5977491140365601,-1.9046870470046997,-1.3069379329681396
hindi,1,125_hindi_real_0125,125,hindi_griffinlim_eval_final/real_hindi/hindi_real_0125.wav,remove_high,-0.5977491140365601,-0.9843729734420776,-0.3866238594055176
hindi,1,142_hindi_real_0142,142,hindi_griffinlim_eval_final/real_hindi/hindi_real_0142.wav,original,1.1014331579208374,1.1014331579208374,0.0
hindi,1,142_hindi_real_0142,142,hindi_griffinlim_eval_final/real_hindi/hindi_real_0142.wav,remove_low,1.1014331579208374,-1.7527989149093628,-2.8542320728302
hindi,1,142_hindi_real_0142,142,hindi_griffinlim_eval_final/real_hindi/hindi_real_0142.wav,remove_mid,1.1014331579208374,-0.6589570045471191,-1.7603901624679565
hindi,1,142_hindi_real_0142,142,hindi_griffinlim_eval_final/real_hindi/hindi_real_0142.wav,remove_high,1.1014331579208374,1.0819913148880005,-0.019441843032836914
hindi,1,146_hindi_real_0146,146,hindi_griffinlim_eval_final/real_hindi/hindi_real_0146.wav,original,-3.682164192199707,-3.682164192199707,0.0
hindi,1,146_hindi_real_0146,146,hindi_griffinlim_eval_final/real_hindi/hindi_real_0146.wav,remove_low,-3.682164192199707,-1.834983229637146,1.847180962562561
hindi,1,146_hindi_real_0146,146,hindi_griffinlim_eval_final/real_hindi/hindi_real_0146.wav,remove_mid,-3.682164192199707,-2.219069004058838,1.4630951881408691
hindi,1,146_hindi_real_0146,146,hindi_griffinlim_eval_final/real_hindi/hindi_real_0146.wav,remove_high,-3.682164192199707,-4.200544357299805,-0.5183801651000977
hindi,1,156_hindi_real_0156,156,hindi_griffinlim_eval_final/real_hindi/hindi_real_0156.wav,original,-0.14322151243686676,-0.14322151243686676,0.0
hindi,1,156_hindi_real_0156,156,hindi_griffinlim_eval_final/real_hindi/hindi_real_0156.wav,remove_low,-0.14322151243686676,-0.9054451584815979,-0.7622236460447311
hindi,1,156_hindi_real_0156,156,hindi_griffinlim_eval_final/real_hindi/hindi_real_0156.wav,remove_mid,-0.14322151243686676,-0.8866514563560486,-0.7434299439191818
hindi,1,156_hindi_real_0156,156,hindi_griffinlim_eval_final/real_hindi/hindi_real_0156.wav,remove_high,-0.14322151243686676,-0.9861453771591187,-0.8429238647222519
hindi,1,166_hindi_real_0166,166,hindi_griffinlim_eval_final/real_hindi/hindi_real_0166.wav,original,4.568094730377197,4.568094730377197,0.0
hindi,1,166_hindi_real_0166,166,hindi_griffinlim_eval_final/real_hindi/hindi_real_0166.wav,remove_low,4.568094730377197,-0.5963850021362305,-5.164479732513428
hindi,1,166_hindi_real_0166,166,hindi_griffinlim_eval_final/real_hindi/hindi_real_0166.wav,remove_mid,4.568094730377197,4.022104263305664,-0.5459904670715332
hindi,1,166_hindi_real_0166,166,hindi_griffinlim_eval_final/real_hindi/hindi_real_0166.wav,remove_high,4.568094730377197,4.18325138092041,-0.3848433494567871
hindi,1,188_hindi_real_0188,188,hindi_griffinlim_eval_final/real_hindi/hindi_real_0188.wav,original,3.736333131790161,3.736333131790161,0.0
hindi,1,188_hindi_real_0188,188,hindi_griffinlim_eval_final/real_hindi/hindi_real_0188.wav,remove_low,3.736333131790161,-0.4467080533504486,-4.18304118514061
hindi,1,188_hindi_real_0188,188,hindi_griffinlim_eval_final/real_hindi/hindi_real_0188.wav,remove_mid,3.736333131790161,1.5966129302978516,-2.1397202014923096
hindi,1,188_hindi_real_0188,188,hindi_griffinlim_eval_final/real_hindi/hindi_real_0188.wav,remove_high,3.736333131790161,3.2763619422912598,-0.45997118949890137
hindi,1,190_hindi_real_0190,190,hindi_griffinlim_eval_final/real_hindi/hindi_real_0190.wav,original,3.8055460453033447,3.8055460453033447,0.0
hindi,1,190_hindi_real_0190,190,hindi_griffinlim_eval_final/real_hindi/hindi_real_0190.wav,remove_low,3.8055460453033447,1.8741384744644165,-1.9314075708389282
hindi,1,190_hindi_real_0190,190,hindi_griffinlim_eval_final/real_hindi/hindi_real_0190.wav,remove_mid,3.8055460453033447,0.24062180519104004,-3.5649242401123047
hindi,1,190_hindi_real_0190,190,hindi_griffinlim_eval_final/real_hindi/hindi_real_0190.wav,remove_high,3.8055460453033447,2.780478000640869,-1.0250680446624756
hindi,1,192_hindi_real_0192,192,hindi_griffinlim_eval_final/real_hindi/hindi_real_0192.wav,original,5.909694671630859,5.909694671630859,0.0
hindi,1,192_hindi_real_0192,192,hindi_griffinlim_eval_final/real_hindi/hindi_real_0192.wav,remove_low,5.909694671630859,-0.0910658985376358,-6.000760570168495
hindi,1,192_hindi_real_0192,192,hindi_griffinlim_eval_final/real_hindi/hindi_real_0192.wav,remove_mid,5.909694671630859,5.445981025695801,-0.4637136459350586
hindi,1,192_hindi_real_0192,192,hindi_griffinlim_eval_final/real_hindi/hindi_real_0192.wav,remove_high,5.909694671630859,6.1363630294799805,0.2266683578491211
hindi,1,201_hindi_real_0201,201,hindi_griffinlim_eval_final/real_hindi/hindi_real_0201.wav,original,5.8589935302734375,5.8589935302734375,0.0
hindi,1,201_hindi_real_0201,201,hindi_griffinlim_eval_final/real_hindi/hindi_real_0201.wav,remove_low,5.8589935302734375,2.6309027671813965,-3.228090763092041
hindi,1,201_hindi_real_0201,201,hindi_griffinlim_eval_final/real_hindi/hindi_real_0201.wav,remove_mid,5.8589935302734375,5.27870512008667,-0.5802884101867676
hindi,1,201_hindi_real_0201,201,hindi_griffinlim_eval_final/real_hindi/hindi_real_0201.wav,remove_high,5.8589935302734375,5.6615681648254395,-0.19742536544799805
hindi,1,207_hindi_real_0207,207,hindi_griffinlim_eval_final/real_hindi/hindi_real_0207.wav,original,3.2076079845428467,3.2076079845428467,0.0
hindi,1,207_hindi_real_0207,207,hindi_griffinlim_eval_final/real_hindi/hindi_real_0207.wav,remove_low,3.2076079845428467,-0.39881062507629395,-3.6064186096191406
hindi,1,207_hindi_real_0207,207,hindi_griffinlim_eval_final/real_hindi/hindi_real_0207.wav,remove_mid,3.2076079845428467,-0.5962016582489014,-3.803809642791748
hindi,1,207_hindi_real_0207,207,hindi_griffinlim_eval_final/real_hindi/hindi_real_0207.wav,remove_high,3.2076079845428467,0.5740587711334229,-2.633549213409424
hindi,1,230_hindi_real_0230,230,hindi_griffinlim_eval_final/real_hindi/hindi_real_0230.wav,original,5.578108787536621,5.578108787536621,0.0
hindi,1,230_hindi_real_0230,230,hindi_griffinlim_eval_final/real_hindi/hindi_real_0230.wav,remove_low,5.578108787536621,5.088023662567139,-0.4900851249694824
hindi,1,230_hindi_real_0230,230,hindi_griffinlim_eval_final/real_hindi/hindi_real_0230.wav,remove_mid,5.578108787536621,4.845675468444824,-0.7324333190917969
hindi,1,230_hindi_real_0230,230,hindi_griffinlim_eval_final/real_hindi/hindi_real_0230.wav,remove_high,5.578108787536621,5.443605899810791,-0.13450288772583008
hindi,1,248_hindi_real_0248,248,hindi_griffinlim_eval_final/real_hindi/hindi_real_0248.wav,original,3.3279318809509277,3.3279318809509277,0.0
hindi,1,248_hindi_real_0248,248,hindi_griffinlim_eval_final/real_hindi/hindi_real_0248.wav,remove_low,3.3279318809509277,2.6009697914123535,-0.7269620895385742
hindi,1,248_hindi_real_0248,248,hindi_griffinlim_eval_final/real_hindi/hindi_real_0248.wav,remove_mid,3.3279318809509277,3.1559762954711914,-0.17195558547973633
hindi,1,248_hindi_real_0248,248,hindi_griffinlim_eval_final/real_hindi/hindi_real_0248.wav,remove_high,3.3279318809509277,3.2786216735839844,-0.04931020736694336
hindi,1,265_hindi_real_0265,265,hindi_griffinlim_eval_final/real_hindi/hindi_real_0265.wav,original,-4.677670001983643,-4.677670001983643,0.0
hindi,1,265_hindi_real_0265,265,hindi_griffinlim_eval_final/real_hindi/hindi_real_0265.wav,remove_low,-4.677670001983643,-0.4727858304977417,4.204884171485901
hindi,1,265_hindi_real_0265,265,hindi_griffinlim_eval_final/real_hindi/hindi_real_0265.wav,remove_mid,-4.677670001983643,-5.482587814331055,-0.8049178123474121
hindi,1,265_hindi_real_0265,265,hindi_griffinlim_eval_final/real_hindi/hindi_real_0265.wav,remove_high,-4.677670001983643,-5.034912109375,-0.3572421073913574
hindi,1,266_hindi_real_0266,266,hindi_griffinlim_eval_final/real_hindi/hindi_real_0266.wav,original,-0.16336771845817566,-0.16336771845817566,0.0
hindi,1,266_hindi_real_0266,266,hindi_griffinlim_eval_final/real_hindi/hindi_real_0266.wav,remove_low,-0.16336771845817566,-3.3801233768463135,-3.216755658388138
hindi,1,266_hindi_real_0266,266,hindi_griffinlim_eval_final/real_hindi/hindi_real_0266.wav,remove_mid,-0.16336771845817566,-0.9063896536827087,-0.7430219352245331
hindi,1,266_hindi_real_0266,266,hindi_griffinlim_eval_final/real_hindi/hindi_real_0266.wav,remove_high,-0.16336771845817566,-0.6198397874832153,-0.4564720690250397
hindi,1,272_hindi_real_0272,272,hindi_griffinlim_eval_final/real_hindi/hindi_real_0272.wav,original,-0.6203259229660034,-0.6203259229660034,0.0
hindi,1,272_hindi_real_0272,272,hindi_griffinlim_eval_final/real_hindi/hindi_real_0272.wav,remove_low,-0.6203259229660034,1.1575580835342407,1.7778840065002441
hindi,1,272_hindi_real_0272,272,hindi_griffinlim_eval_final/real_hindi/hindi_real_0272.wav,remove_mid,-0.6203259229660034,-1.1928483247756958,-0.5725224018096924
hindi,1,272_hindi_real_0272,272,hindi_griffinlim_eval_final/real_hindi/hindi_real_0272.wav,remove_high,-0.6203259229660034,-3.5155036449432373,-2.895177721977234
hindi,1,275_hindi_real_0275,275,hindi_griffinlim_eval_final/real_hindi/hindi_real_0275.wav,original,-0.4871971607208252,-0.4871971607208252,0.0
hindi,1,275_hindi_real_0275,275,hindi_griffinlim_eval_final/real_hindi/hindi_real_0275.wav,remove_low,-0.4871971607208252,-2.6202101707458496,-2.1330130100250244
hindi,1,275_hindi_real_0275,275,hindi_griffinlim_eval_final/real_hindi/hindi_real_0275.wav,remove_mid,-0.4871971607208252,-0.7934224605560303,-0.3062252998352051
hindi,1,275_hindi_real_0275,275,hindi_griffinlim_eval_final/real_hindi/hindi_real_0275.wav,remove_high,-0.4871971607208252,-0.5634375810623169,-0.0762404203414917
hindi,1,319_hindi_real_0319,319,hindi_griffinlim_eval_final/real_hindi/hindi_real_0319.wav,original,5.978115081787109,5.978115081787109,0.0
hindi,1,319_hindi_real_0319,319,hindi_griffinlim_eval_final/real_hindi/hindi_real_0319.wav,remove_low,5.978115081787109,5.204011917114258,-0.7741031646728516
hindi,1,319_hindi_real_0319,319,hindi_griffinlim_eval_final/real_hindi/hindi_real_0319.wav,remove_mid,5.978115081787109,5.107858657836914,-0.8702564239501953
hindi,1,319_hindi_real_0319,319,hindi_griffinlim_eval_final/real_hindi/hindi_real_0319.wav,remove_high,5.978115081787109,5.958300590515137,-0.019814491271972656
hindi,1,33_hindi_real_0033,33,hindi_griffinlim_eval_final/real_hindi/hindi_real_0033.wav,original,5.613521575927734,5.613521575927734,0.0
hindi,1,33_hindi_real_0033,33,hindi_griffinlim_eval_final/real_hindi/hindi_real_0033.wav,remove_low,5.613521575927734,-2.9051361083984375,-8.518657684326172
hindi,1,33_hindi_real_0033,33,hindi_griffinlim_eval_final/real_hindi/hindi_real_0033.wav,remove_mid,5.613521575927734,0.4006830155849457,-5.212838560342789
hindi,1,33_hindi_real_0033,33,hindi_griffinlim_eval_final/real_hindi/hindi_real_0033.wav,remove_high,5.613521575927734,4.993434906005859,-0.620086669921875
hindi,1,330_hindi_real_0330,330,hindi_griffinlim_eval_final/real_hindi/hindi_real_0330.wav,original,-2.790675163269043,-2.790675163269043,0.0
hindi,1,330_hindi_real_0330,330,hindi_griffinlim_eval_final/real_hindi/hindi_real_0330.wav,remove_low,-2.790675163269043,-0.19352450966835022,2.5971506536006927
hindi,1,330_hindi_real_0330,330,hindi_griffinlim_eval_final/real_hindi/hindi_real_0330.wav,remove_mid,-2.790675163269043,-5.798454284667969,-3.007779121398926
hindi,1,330_hindi_real_0330,330,hindi_griffinlim_eval_final/real_hindi/hindi_real_0330.wav,remove_high,-2.790675163269043,-5.45114278793335,-2.6604676246643066
hindi,1,351_hindi_real_0351,351,hindi_griffinlim_eval_final/real_hindi/hindi_real_0351.wav,original,0.6070326566696167,0.6070326566696167,0.0
hindi,1,351_hindi_real_0351,351,hindi_griffinlim_eval_final/real_hindi/hindi_real_0351.wav,remove_low,0.6070326566696167,-1.184117317199707,-1.7911499738693237
hindi,1,351_hindi_real_0351,351,hindi_griffinlim_eval_final/real_hindi/hindi_real_0351.wav,remove_mid,0.6070326566696167,-0.5018761157989502,-1.108908772468567
hindi,1,351_hindi_real_0351,351,hindi_griffinlim_eval_final/real_hindi/hindi_real_0351.wav,remove_high,0.6070326566696167,-0.08592425286769867,-0.6929569095373154
hindi,1,361_hindi_real_0361,361,hindi_griffinlim_eval_final/real_hindi/hindi_real_0361.wav,original,5.866059303283691,5.866059303283691,0.0
hindi,1,361_hindi_real_0361,361,hindi_griffinlim_eval_final/real_hindi/hindi_real_0361.wav,remove_low,5.866059303283691,-1.3372029066085815,-7.203262209892273
hindi,1,361_hindi_real_0361,361,hindi_griffinlim_eval_final/real_hindi/hindi_real_0361.wav,remove_mid,5.866059303283691,5.01718807220459,-0.8488712310791016
hindi,1,361_hindi_real_0361,361,hindi_griffinlim_eval_final/real_hindi/hindi_real_0361.wav,remove_high,5.866059303283691,5.86532735824585,-0.0007319450378417969
hindi,1,366_hindi_real_0366,366,hindi_griffinlim_eval_final/real_hindi/hindi_real_0366.wav,original,5.394047737121582,5.394047737121582,0.0
hindi,1,366_hindi_real_0366,366,hindi_griffinlim_eval_final/real_hindi/hindi_real_0366.wav,remove_low,5.394047737121582,4.123923301696777,-1.2701244354248047
hindi,1,366_hindi_real_0366,366,hindi_griffinlim_eval_final/real_hindi/hindi_real_0366.wav,remove_mid,5.394047737121582,4.664547920227051,-0.7294998168945312
hindi,1,366_hindi_real_0366,366,hindi_griffinlim_eval_final/real_hindi/hindi_real_0366.wav,remove_high,5.394047737121582,5.145820140838623,-0.24822759628295898
hindi,1,369_hindi_real_0369,369,hindi_griffinlim_eval_final/real_hindi/hindi_real_0369.wav,original,-2.4040770530700684,-2.4040770530700684,0.0
hindi,1,369_hindi_real_0369,369,hindi_griffinlim_eval_final/real_hindi/hindi_real_0369.wav,remove_low,-2.4040770530700684,-1.540256381034851,0.8638206720352173
hindi,1,369_hindi_real_0369,369,hindi_griffinlim_eval_final/real_hindi/hindi_real_0369.wav,remove_mid,-2.4040770530700684,-3.502063035964966,-1.0979859828948975
hindi,1,369_hindi_real_0369,369,hindi_griffinlim_eval_final/real_hindi/hindi_real_0369.wav,remove_high,-2.4040770530700684,-2.7215585708618164,-0.31748151779174805
hindi,1,373_hindi_real_0373,373,hindi_griffinlim_eval_final/real_hindi/hindi_real_0373.wav,original,5.984853744506836,5.984853744506836,0.0
hindi,1,373_hindi_real_0373,373,hindi_griffinlim_eval_final/real_hindi/hindi_real_0373.wav,remove_low,5.984853744506836,4.818528175354004,-1.166325569152832
hindi,1,373_hindi_real_0373,373,hindi_griffinlim_eval_final/real_hindi/hindi_real_0373.wav,remove_mid,5.984853744506836,2.530714988708496,-3.45413875579834
hindi,1,373_hindi_real_0373,373,hindi_griffinlim_eval_final/real_hindi/hindi_real_0373.wav,remove_high,5.984853744506836,5.917795181274414,-0.06705856323242188
hindi,1,386_hindi_real_0386,386,hindi_griffinlim_eval_final/real_hindi/hindi_real_0386.wav,original,2.805220365524292,2.805220365524292,0.0
hindi,1,386_hindi_real_0386,386,hindi_griffinlim_eval_final/real_hindi/hindi_real_0386.wav,remove_low,2.805220365524292,-0.6984792947769165,-3.5036996603012085
hindi,1,386_hindi_real_0386,386,hindi_griffinlim_eval_final/real_hindi/hindi_real_0386.wav,remove_mid,2.805220365524292,3.732548713684082,0.92732834815979
hindi,1,386_hindi_real_0386,386,hindi_griffinlim_eval_final/real_hindi/hindi_real_0386.wav,remove_high,2.805220365524292,-0.10301053524017334,-2.9082309007644653
hindi,1,40_hindi_real_0040,40,hindi_griffinlim_eval_final/real_hindi/hindi_real_0040.wav,original,3.351454257965088,3.351454257965088,0.0
hindi,1,40_hindi_real_0040,40,hindi_griffinlim_eval_final/real_hindi/hindi_real_0040.wav,remove_low,3.351454257965088,-2.347018003463745,-5.698472261428833
hindi,1,40_hindi_real_0040,40,hindi_griffinlim_eval_final/real_hindi/hindi_real_0040.wav,remove_mid,3.351454257965088,1.3556829690933228,-1.9957712888717651
hindi,1,40_hindi_real_0040,40,hindi_griffinlim_eval_final/real_hindi/hindi_real_0040.wav,remove_high,3.351454257965088,2.1325221061706543,-1.2189321517944336
hindi,1,401_hindi_real_0401,401,hindi_griffinlim_eval_final/real_hindi/hindi_real_0401.wav,original,5.016364097595215,5.016364097595215,0.0
hindi,1,401_hindi_real_0401,401,hindi_griffinlim_eval_final/real_hindi/hindi_real_0401.wav,remove_low,5.016364097595215,2.6478567123413086,-2.3685073852539062
hindi,1,401_hindi_real_0401,401,hindi_griffinlim_eval_final/real_hindi/hindi_real_0401.wav,remove_mid,5.016364097595215,3.861361026763916,-1.1550030708312988
hindi,1,401_hindi_real_0401,401,hindi_griffinlim_eval_final/real_hindi/hindi_real_0401.wav,remove_high,5.016364097595215,4.9946513175964355,-0.021712779998779297
hindi,1,412_hindi_real_0412,412,hindi_griffinlim_eval_final/real_hindi/hindi_real_0412.wav,original,3.975757122039795,3.975757122039795,0.0
hindi,1,412_hindi_real_0412,412,hindi_griffinlim_eval_final/real_hindi/hindi_real_0412.wav,remove_low,3.975757122039795,-0.7973317503929138,-4.773088872432709
hindi,1,412_hindi_real_0412,412,hindi_griffinlim_eval_final/real_hindi/hindi_real_0412.wav,remove_mid,3.975757122039795,3.8921072483062744,-0.08364987373352051
hindi,1,412_hindi_real_0412,412,hindi_griffinlim_eval_final/real_hindi/hindi_real_0412.wav,remove_high,3.975757122039795,4.22052526473999,0.2447681427001953
hindi,1,413_hindi_real_0413,413,hindi_griffinlim_eval_final/real_hindi/hindi_real_0413.wav,original,1.0656152963638306,1.0656152963638306,0.0
hindi,1,413_hindi_real_0413,413,hindi_griffinlim_eval_final/real_hindi/hindi_real_0413.wav,remove_low,1.0656152963638306,0.36122679710388184,-0.7043884992599487
hindi,1,413_hindi_real_0413,413,hindi_griffinlim_eval_final/real_hindi/hindi_real_0413.wav,remove_mid,1.0656152963638306,-0.4153285622596741,-1.4809438586235046
hindi,1,413_hindi_real_0413,413,hindi_griffinlim_eval_final/real_hindi/hindi_real_0413.wav,remove_high,1.0656152963638306,0.2543586790561676,-0.811256617307663
hindi,1,415_hindi_real_0415,415,hindi_griffinlim_eval_final/real_hindi/hindi_real_0415.wav,original,-2.7528414726257324,-2.7528414726257324,0.0
hindi,1,415_hindi_real_0415,415,hindi_griffinlim_eval_final/real_hindi/hindi_real_0415.wav,remove_low,-2.7528414726257324,-0.4643573760986328,2.2884840965270996
hindi,1,415_hindi_real_0415,415,hindi_griffinlim_eval_final/real_hindi/hindi_real_0415.wav,remove_mid,-2.7528414726257324,-4.208059310913086,-1.4552178382873535
hindi,1,415_hindi_real_0415,415,hindi_griffinlim_eval_final/real_hindi/hindi_real_0415.wav,remove_high,-2.7528414726257324,-3.922316074371338,-1.1694746017456055
hindi,1,427_hindi_real_0427,427,hindi_griffinlim_eval_final/real_hindi/hindi_real_0427.wav,original,-0.7994135618209839,-0.7994135618209839,0.0
hindi,1,427_hindi_real_0427,427,hindi_griffinlim_eval_final/real_hindi/hindi_real_0427.wav,remove_low,-0.7994135618209839,-0.7197045087814331,0.07970905303955078
hindi,1,427_hindi_real_0427,427,hindi_griffinlim_eval_final/real_hindi/hindi_real_0427.wav,remove_mid,-0.7994135618209839,-1.3162853717803955,-0.5168718099594116
hindi,1,427_hindi_real_0427,427,hindi_griffinlim_eval_final/real_hindi/hindi_real_0427.wav,remove_high,-0.7994135618209839,-0.8919564485549927,-0.09254288673400879
hindi,1,441_hindi_real_0441,441,hindi_griffinlim_eval_final/real_hindi/hindi_real_0441.wav,original,5.620053291320801,5.620053291320801,0.0
hindi,1,441_hindi_real_0441,441,hindi_griffinlim_eval_final/real_hindi/hindi_real_0441.wav,remove_low,5.620053291320801,3.5609707832336426,-2.059082508087158
hindi,1,441_hindi_real_0441,441,hindi_griffinlim_eval_final/real_hindi/hindi_real_0441.wav,remove_mid,5.620053291320801,4.630417823791504,-0.9896354675292969
hindi,1,441_hindi_real_0441,441,hindi_griffinlim_eval_final/real_hindi/hindi_real_0441.wav,remove_high,5.620053291320801,5.727371692657471,0.10731840133666992
hindi,1,479_hindi_real_0479,479,hindi_griffinlim_eval_final/real_hindi/hindi_real_0479.wav,original,3.5211758613586426,3.5211758613586426,0.0
hindi,1,479_hindi_real_0479,479,hindi_griffinlim_eval_final/real_hindi/hindi_real_0479.wav,remove_low,3.5211758613586426,2.4734609127044678,-1.0477149486541748
hindi,1,479_hindi_real_0479,479,hindi_griffinlim_eval_final/real_hindi/hindi_real_0479.wav,remove_mid,3.5211758613586426,2.1093881130218506,-1.411787748336792
hindi,1,479_hindi_real_0479,479,hindi_griffinlim_eval_final/real_hindi/hindi_real_0479.wav,remove_high,3.5211758613586426,2.5516610145568848,-0.9695148468017578
hindi,1,483_hindi_real_0483,483,hindi_griffinlim_eval_final/real_hindi/hindi_real_0483.wav,original,3.4691977500915527,3.4691977500915527,0.0
hindi,1,483_hindi_real_0483,483,hindi_griffinlim_eval_final/real_hindi/hindi_real_0483.wav,remove_low,3.4691977500915527,4.219690322875977,0.7504925727844238
hindi,1,483_hindi_real_0483,483,hindi_griffinlim_eval_final/real_hindi/hindi_real_0483.wav,remove_mid,3.4691977500915527,1.1374154090881348,-2.331782341003418
hindi,1,483_hindi_real_0483,483,hindi_griffinlim_eval_final/real_hindi/hindi_real_0483.wav,remove_high,3.4691977500915527,0.8767133951187134,-2.5924843549728394
hindi,1,497_hindi_real_0497,497,hindi_griffinlim_eval_final/real_hindi/hindi_real_0497.wav,original,-2.1144237518310547,-2.1144237518310547,0.0
hindi,1,497_hindi_real_0497,497,hindi_griffinlim_eval_final/real_hindi/hindi_real_0497.wav,remove_low,-2.1144237518310547,-0.9809818267822266,1.1334419250488281
hindi,1,497_hindi_real_0497,497,hindi_griffinlim_eval_final/real_hindi/hindi_real_0497.wav,remove_mid,-2.1144237518310547,-5.949611186981201,-3.8351874351501465
hindi,1,497_hindi_real_0497,497,hindi_griffinlim_eval_final/real_hindi/hindi_real_0497.wav,remove_high,-2.1144237518310547,-4.298339366912842,-2.183915615081787
hindi,1,498_hindi_real_0498,498,hindi_griffinlim_eval_final/real_hindi/hindi_real_0498.wav,original,4.578714370727539,4.578714370727539,0.0
hindi,1,498_hindi_real_0498,498,hindi_griffinlim_eval_final/real_hindi/hindi_real_0498.wav,remove_low,4.578714370727539,1.728197455406189,-2.85051691532135
hindi,1,498_hindi_real_0498,498,hindi_griffinlim_eval_final/real_hindi/hindi_real_0498.wav,remove_mid,4.578714370727539,1.8913673162460327,-2.6873470544815063
hindi,1,498_hindi_real_0498,498,hindi_griffinlim_eval_final/real_hindi/hindi_real_0498.wav,remove_high,4.578714370727539,4.569131851196289,-0.00958251953125
hindi,1,533_hindi_real_0533,533,hindi_griffinlim_eval_final/real_hindi/hindi_real_0533.wav,original,5.905420303344727,5.905420303344727,0.0
hindi,1,533_hindi_real_0533,533,hindi_griffinlim_eval_final/real_hindi/hindi_real_0533.wav,remove_low,5.905420303344727,3.5537049770355225,-2.351715326309204
hindi,1,533_hindi_real_0533,533,hindi_griffinlim_eval_final/real_hindi/hindi_real_0533.wav,remove_mid,5.905420303344727,5.3604888916015625,-0.5449314117431641
hindi,1,533_hindi_real_0533,533,hindi_griffinlim_eval_final/real_hindi/hindi_real_0533.wav,remove_high,5.905420303344727,5.996177673339844,0.09075736999511719
hindi,1,541_hindi_real_0541,541,hindi_griffinlim_eval_final/real_hindi/hindi_real_0541.wav,original,0.5535802245140076,0.5535802245140076,0.0
hindi,1,541_hindi_real_0541,541,hindi_griffinlim_eval_final/real_hindi/hindi_real_0541.wav,remove_low,0.5535802245140076,-0.9705079793930054,-1.524088203907013
hindi,1,541_hindi_real_0541,541,hindi_griffinlim_eval_final/real_hindi/hindi_real_0541.wav,remove_mid,0.5535802245140076,-0.8305552005767822,-1.3841354250907898
hindi,1,541_hindi_real_0541,541,hindi_griffinlim_eval_final/real_hindi/hindi_real_0541.wav,remove_high,0.5535802245140076,-0.2616192102432251,-0.8151994347572327
hindi,1,60_hindi_real_0060,60,hindi_griffinlim_eval_final/real_hindi/hindi_real_0060.wav,original,5.226855278015137,5.226855278015137,0.0
hindi,1,60_hindi_real_0060,60,hindi_griffinlim_eval_final/real_hindi/hindi_real_0060.wav,remove_low,5.226855278015137,4.038615703582764,-1.188239574432373
hindi,1,60_hindi_real_0060,60,hindi_griffinlim_eval_final/real_hindi/hindi_real_0060.wav,remove_mid,5.226855278015137,2.7063755989074707,-2.520479679107666
hindi,1,60_hindi_real_0060,60,hindi_griffinlim_eval_final/real_hindi/hindi_real_0060.wav,remove_high,5.226855278015137,5.254642963409424,0.02778768539428711
hindi,1,605_hindi_real_0605,605,hindi_griffinlim_eval_final/real_hindi/hindi_real_0605.wav,original,2.835991382598877,2.835991382598877,0.0
hindi,1,605_hindi_real_0605,605,hindi_griffinlim_eval_final/real_hindi/hindi_real_0605.wav,remove_low,2.835991382598877,-1.2793320417404175,-4.115323424339294
hindi,1,605_hindi_real_0605,605,hindi_griffinlim_eval_final/real_hindi/hindi_real_0605.wav,remove_mid,2.835991382598877,-0.8351606130599976,-3.6711519956588745
hindi,1,605_hindi_real_0605,605,hindi_griffinlim_eval_final/real_hindi/hindi_real_0605.wav,remove_high,2.835991382598877,2.7163424491882324,-0.11964893341064453
hindi,1,610_hindi_real_0610,610,hindi_griffinlim_eval_final/real_hindi/hindi_real_0610.wav,original,3.8110756874084473,3.8110756874084473,0.0
hindi,1,610_hindi_real_0610,610,hindi_griffinlim_eval_final/real_hindi/hindi_real_0610.wav,remove_low,3.8110756874084473,4.247818946838379,0.43674325942993164
hindi,1,610_hindi_real_0610,610,hindi_griffinlim_eval_final/real_hindi/hindi_real_0610.wav,remove_mid,3.8110756874084473,2.6607961654663086,-1.1502795219421387
hindi,1,610_hindi_real_0610,610,hindi_griffinlim_eval_final/real_hindi/hindi_real_0610.wav,remove_high,3.8110756874084473,4.041078567504883,0.23000288009643555
hindi,1,614_hindi_real_0614,614,hindi_griffinlim_eval_final/real_hindi/hindi_real_0614.wav,original,4.776636123657227,4.776636123657227,0.0
hindi,1,614_hindi_real_0614,614,hindi_griffinlim_eval_final/real_hindi/hindi_real_0614.wav,remove_low,4.776636123657227,-0.2763745188713074,-5.053010642528534
hindi,1,614_hindi_real_0614,614,hindi_griffinlim_eval_final/real_hindi/hindi_real_0614.wav,remove_mid,4.776636123657227,3.5237860679626465,-1.25285005569458
hindi,1,614_hindi_real_0614,614,hindi_griffinlim_eval_final/real_hindi/hindi_real_0614.wav,remove_high,4.776636123657227,4.4531636238098145,-0.3234724998474121
hindi,1,62_hindi_real_0062,62,hindi_griffinlim_eval_final/real_hindi/hindi_real_0062.wav,original,3.519697666168213,3.519697666168213,0.0
hindi,1,62_hindi_real_0062,62,hindi_griffinlim_eval_final/real_hindi/hindi_real_0062.wav,remove_low,3.519697666168213,-0.09911267459392548,-3.6188103407621384
hindi,1,62_hindi_real_0062,62,hindi_griffinlim_eval_final/real_hindi/hindi_real_0062.wav,remove_mid,3.519697666168213,2.0010886192321777,-1.5186090469360352
hindi,1,62_hindi_real_0062,62,hindi_griffinlim_eval_final/real_hindi/hindi_real_0062.wav,remove_high,3.519697666168213,1.3108919858932495,-2.2088056802749634
hindi,1,636_hindi_real_0636,636,hindi_griffinlim_eval_final/real_hindi/hindi_real_0636.wav,original,4.705239295959473,4.705239295959473,0.0
hindi,1,636_hindi_real_0636,636,hindi_griffinlim_eval_final/real_hindi/hindi_real_0636.wav,remove_low,4.705239295959473,4.121059417724609,-0.5841798782348633
hindi,1,636_hindi_real_0636,636,hindi_griffinlim_eval_final/real_hindi/hindi_real_0636.wav,remove_mid,4.705239295959473,4.038202285766602,-0.6670370101928711
hindi,1,636_hindi_real_0636,636,hindi_griffinlim_eval_final/real_hindi/hindi_real_0636.wav,remove_high,4.705239295959473,4.571692943572998,-0.1335463523864746
hindi,1,652_hindi_real_0652,652,hindi_griffinlim_eval_final/real_hindi/hindi_real_0652.wav,original,5.387935161590576,5.387935161590576,0.0
hindi,1,652_hindi_real_0652,652,hindi_griffinlim_eval_final/real_hindi/hindi_real_0652.wav,remove_low,5.387935161590576,4.272433280944824,-1.115501880645752
hindi,1,652_hindi_real_0652,652,hindi_griffinlim_eval_final/real_hindi/hindi_real_0652.wav,remove_mid,5.387935161590576,3.665992259979248,-1.7219429016113281
hindi,1,652_hindi_real_0652,652,hindi_griffinlim_eval_final/real_hindi/hindi_real_0652.wav,remove_high,5.387935161590576,5.172439098358154,-0.21549606323242188
hindi,1,668_hindi_real_0668,668,hindi_griffinlim_eval_final/real_hindi/hindi_real_0668.wav,original,4.247519493103027,4.247519493103027,0.0
hindi,1,668_hindi_real_0668,668,hindi_griffinlim_eval_final/real_hindi/hindi_real_0668.wav,remove_low,4.247519493103027,2.7005133628845215,-1.5470061302185059
hindi,1,668_hindi_real_0668,668,hindi_griffinlim_eval_final/real_hindi/hindi_real_0668.wav,remove_mid,4.247519493103027,4.014472007751465,-0.2330474853515625
hindi,1,668_hindi_real_0668,668,hindi_griffinlim_eval_final/real_hindi/hindi_real_0668.wav,remove_high,4.247519493103027,3.4806807041168213,-0.766838788986206
hindi,1,679_hindi_real_0679,679,hindi_griffinlim_eval_final/real_hindi/hindi_real_0679.wav,original,-0.5380999445915222,-0.5380999445915222,0.0
hindi,1,679_hindi_real_0679,679,hindi_griffinlim_eval_final/real_hindi/hindi_real_0679.wav,remove_low,-0.5380999445915222,-2.4128780364990234,-1.8747780919075012
hindi,1,679_hindi_real_0679,679,hindi_griffinlim_eval_final/real_hindi/hindi_real_0679.wav,remove_mid,-0.5380999445915222,-2.770749568939209,-2.2326496243476868
hindi,1,679_hindi_real_0679,679,hindi_griffinlim_eval_final/real_hindi/hindi_real_0679.wav,remove_high,-0.5380999445915222,-0.6723819971084595,-0.13428205251693726
hindi,1,699_hindi_real_0699,699,hindi_griffinlim_eval_final/real_hindi/hindi_real_0699.wav,original,5.399794101715088,5.399794101715088,0.0
hindi,1,699_hindi_real_0699,699,hindi_griffinlim_eval_final/real_hindi/hindi_real_0699.wav,remove_low,5.399794101715088,2.5321903228759766,-2.8676037788391113
hindi,1,699_hindi_real_0699,699,hindi_griffinlim_eval_final/real_hindi/hindi_real_0699.wav,remove_mid,5.399794101715088,4.7048115730285645,-0.6949825286865234
hindi,1,699_hindi_real_0699,699,hindi_griffinlim_eval_final/real_hindi/hindi_real_0699.wav,remove_high,5.399794101715088,3.6775295734405518,-1.7222645282745361
hindi,1,705_hindi_real_0705,705,hindi_griffinlim_eval_final/real_hindi/hindi_real_0705.wav,original,5.168991565704346,5.168991565704346,0.0
hindi,1,705_hindi_real_0705,705,hindi_griffinlim_eval_final/real_hindi/hindi_real_0705.wav,remove_low,5.168991565704346,3.793118953704834,-1.3758726119995117
hindi,1,705_hindi_real_0705,705,hindi_griffinlim_eval_final/real_hindi/hindi_real_0705.wav,remove_mid,5.168991565704346,3.9947733879089355,-1.1742181777954102
hindi,1,705_hindi_real_0705,705,hindi_griffinlim_eval_final/real_hindi/hindi_real_0705.wav,remove_high,5.168991565704346,3.6331281661987305,-1.5358633995056152
hindi,1,72_hindi_real_0072,72,hindi_griffinlim_eval_final/real_hindi/hindi_real_0072.wav,original,-0.8464568257331848,-0.8464568257331848,0.0
hindi,1,72_hindi_real_0072,72,hindi_griffinlim_eval_final/real_hindi/hindi_real_0072.wav,remove_low,-0.8464568257331848,-1.4977885484695435,-0.6513317227363586
hindi,1,72_hindi_real_0072,72,hindi_griffinlim_eval_final/real_hindi/hindi_real_0072.wav,remove_mid,-0.8464568257331848,-1.007545828819275,-0.1610890030860901
hindi,1,72_hindi_real_0072,72,hindi_griffinlim_eval_final/real_hindi/hindi_real_0072.wav,remove_high,-0.8464568257331848,-1.070752501487732,-0.22429567575454712
hindi,1,725_hindi_real_0725,725,hindi_griffinlim_eval_final/real_hindi/hindi_real_0725.wav,original,-6.15736198425293,-6.15736198425293,0.0
hindi,1,725_hindi_real_0725,725,hindi_griffinlim_eval_final/real_hindi/hindi_real_0725.wav,remove_low,-6.15736198425293,-5.80906867980957,0.3482933044433594
hindi,1,725_hindi_real_0725,725,hindi_griffinlim_eval_final/real_hindi/hindi_real_0725.wav,remove_mid,-6.15736198425293,-6.134274005889893,0.02308797836303711
hindi,1,725_hindi_real_0725,725,hindi_griffinlim_eval_final/real_hindi/hindi_real_0725.wav,remove_high,-6.15736198425293,-6.0726165771484375,0.08474540710449219
hindi,1,726_hindi_real_0726,726,hindi_griffinlim_eval_final/real_hindi/hindi_real_0726.wav,original,-1.8409866094589233,-1.8409866094589233,0.0
hindi,1,726_hindi_real_0726,726,hindi_griffinlim_eval_final/real_hindi/hindi_real_0726.wav,remove_low,-1.8409866094589233,4.012792587280273,5.853779196739197
hindi,1,726_hindi_real_0726,726,hindi_griffinlim_eval_final/real_hindi/hindi_real_0726.wav,remove_mid,-1.8409866094589233,-0.8332765698432922,1.007710039615631
hindi,1,726_hindi_real_0726,726,hindi_griffinlim_eval_final/real_hindi/hindi_real_0726.wav,remove_high,-1.8409866094589233,-1.4342737197875977,0.4067128896713257
hindi,1,76_hindi_real_0076,76,hindi_griffinlim_eval_final/real_hindi/hindi_real_0076.wav,original,1.7084753513336182,1.7084753513336182,0.0
hindi,1,76_hindi_real_0076,76,hindi_griffinlim_eval_final/real_hindi/hindi_real_0076.wav,remove_low,1.7084753513336182,1.0913020372390747,-0.6171733140945435
hindi,1,76_hindi_real_0076,76,hindi_griffinlim_eval_final/real_hindi/hindi_real_0076.wav,remove_mid,1.7084753513336182,0.24150152504444122,-1.466973826289177
hindi,1,76_hindi_real_0076,76,hindi_griffinlim_eval_final/real_hindi/hindi_real_0076.wav,remove_high,1.7084753513336182,0.6340759992599487,-1.0743993520736694
hindi,1,772_hindi_real_0772,772,hindi_griffinlim_eval_final/real_hindi/hindi_real_0772.wav,original,5.287795066833496,5.287795066833496,0.0
hindi,1,772_hindi_real_0772,772,hindi_griffinlim_eval_final/real_hindi/hindi_real_0772.wav,remove_low,5.287795066833496,-2.538621425628662,-7.826416492462158
hindi,1,772_hindi_real_0772,772,hindi_griffinlim_eval_final/real_hindi/hindi_real_0772.wav,remove_mid,5.287795066833496,0.2356509119272232,-5.052144154906273
hindi,1,772_hindi_real_0772,772,hindi_griffinlim_eval_final/real_hindi/hindi_real_0772.wav,remove_high,5.287795066833496,5.199367523193359,-0.08842754364013672
hindi,1,777_hindi_real_0777,777,hindi_griffinlim_eval_final/real_hindi/hindi_real_0777.wav,original,-0.4942820072174072,-0.4942820072174072,0.0
hindi,1,777_hindi_real_0777,777,hindi_griffinlim_eval_final/real_hindi/hindi_real_0777.wav,remove_low,-0.4942820072174072,-1.1145447492599487,-0.6202627420425415
hindi,1,777_hindi_real_0777,777,hindi_griffinlim_eval_final/real_hindi/hindi_real_0777.wav,remove_mid,-0.4942820072174072,-0.7796832323074341,-0.28540122509002686
hindi,1,777_hindi_real_0777,777,hindi_griffinlim_eval_final/real_hindi/hindi_real_0777.wav,remove_high,-0.4942820072174072,-1.6229506731033325,-1.1286686658859253
hindi,1,782_hindi_real_0782,782,hindi_griffinlim_eval_final/real_hindi/hindi_real_0782.wav,original,5.891044616699219,5.891044616699219,0.0
hindi,1,782_hindi_real_0782,782,hindi_griffinlim_eval_final/real_hindi/hindi_real_0782.wav,remove_low,5.891044616699219,5.150489330291748,-0.7405552864074707
hindi,1,782_hindi_real_0782,782,hindi_griffinlim_eval_final/real_hindi/hindi_real_0782.wav,remove_mid,5.891044616699219,4.9889116287231445,-0.9021329879760742
hindi,1,782_hindi_real_0782,782,hindi_griffinlim_eval_final/real_hindi/hindi_real_0782.wav,remove_high,5.891044616699219,5.85907506942749,-0.031969547271728516
hindi,1,797_hindi_real_0797,797,hindi_griffinlim_eval_final/real_hindi/hindi_real_0797.wav,original,3.590064287185669,3.590064287185669,0.0
hindi,1,797_hindi_real_0797,797,hindi_griffinlim_eval_final/real_hindi/hindi_real_0797.wav,remove_low,3.590064287185669,-0.8169267773628235,-4.406991064548492
hindi,1,797_hindi_real_0797,797,hindi_griffinlim_eval_final/real_hindi/hindi_real_0797.wav,remove_mid,3.590064287185669,0.8463318347930908,-2.743732452392578
hindi,1,797_hindi_real_0797,797,hindi_griffinlim_eval_final/real_hindi/hindi_real_0797.wav,remove_high,3.590064287185669,3.6762747764587402,0.08621048927307129
hindi,1,802_hindi_real_0802,802,hindi_griffinlim_eval_final/real_hindi/hindi_real_0802.wav,original,5.996533393859863,5.996533393859863,0.0
hindi,1,802_hindi_real_0802,802,hindi_griffinlim_eval_final/real_hindi/hindi_real_0802.wav,remove_low,5.996533393859863,1.933350682258606,-4.063182711601257
hindi,1,802_hindi_real_0802,802,hindi_griffinlim_eval_final/real_hindi/hindi_real_0802.wav,remove_mid,5.996533393859863,5.265759468078613,-0.73077392578125
hindi,1,802_hindi_real_0802,802,hindi_griffinlim_eval_final/real_hindi/hindi_real_0802.wav,remove_high,5.996533393859863,5.9123921394348145,-0.08414125442504883
hindi,1,83_hindi_real_0083,83,hindi_griffinlim_eval_final/real_hindi/hindi_real_0083.wav,original,3.785630226135254,3.785630226135254,0.0
hindi,1,83_hindi_real_0083,83,hindi_griffinlim_eval_final/real_hindi/hindi_real_0083.wav,remove_low,3.785630226135254,-0.8819027543067932,-4.667532980442047
hindi,1,83_hindi_real_0083,83,hindi_griffinlim_eval_final/real_hindi/hindi_real_0083.wav,remove_mid,3.785630226135254,1.45225989818573,-2.333370327949524
hindi,1,83_hindi_real_0083,83,hindi_griffinlim_eval_final/real_hindi/hindi_real_0083.wav,remove_high,3.785630226135254,3.2360758781433105,-0.5495543479919434
hindi,1,830_hindi_real_0830,830,hindi_griffinlim_eval_final/real_hindi/hindi_real_0830.wav,original,1.3780453205108643,1.3780453205108643,0.0
hindi,1,830_hindi_real_0830,830,hindi_griffinlim_eval_final/real_hindi/hindi_real_0830.wav,remove_low,1.3780453205108643,-4.414764404296875,-5.792809724807739
hindi,1,830_hindi_real_0830,830,hindi_griffinlim_eval_final/real_hindi/hindi_real_0830.wav,remove_mid,1.3780453205108643,-0.36528342962265015,-1.7433287501335144
hindi,1,830_hindi_real_0830,830,hindi_griffinlim_eval_final/real_hindi/hindi_real_0830.wav,remove_high,1.3780453205108643,0.37673601508140564,-1.0013093054294586
hindi,1,836_hindi_real_0836,836,hindi_griffinlim_eval_final/real_hindi/hindi_real_0836.wav,original,6.09873104095459,6.09873104095459,0.0
hindi,1,836_hindi_real_0836,836,hindi_griffinlim_eval_final/real_hindi/hindi_real_0836.wav,remove_low,6.09873104095459,5.829984664916992,-0.26874637603759766
hindi,1,836_hindi_real_0836,836,hindi_griffinlim_eval_final/real_hindi/hindi_real_0836.wav,remove_mid,6.09873104095459,5.368902206420898,-0.7298288345336914
hindi,1,836_hindi_real_0836,836,hindi_griffinlim_eval_final/real_hindi/hindi_real_0836.wav,remove_high,6.09873104095459,5.792288780212402,-0.3064422607421875
hindi,1,839_hindi_real_0839,839,hindi_griffinlim_eval_final/real_hindi/hindi_real_0839.wav,original,-5.196975231170654,-5.196975231170654,0.0
hindi,1,839_hindi_real_0839,839,hindi_griffinlim_eval_final/real_hindi/hindi_real_0839.wav,remove_low,-5.196975231170654,-5.925909996032715,-0.7289347648620605
hindi,1,839_hindi_real_0839,839,hindi_griffinlim_eval_final/real_hindi/hindi_real_0839.wav,remove_mid,-5.196975231170654,-5.978654861450195,-0.781679630279541
hindi,1,839_hindi_real_0839,839,hindi_griffinlim_eval_final/real_hindi/hindi_real_0839.wav,remove_high,-5.196975231170654,-5.738516807556152,-0.541541576385498
hindi,1,841_hindi_real_0841,841,hindi_griffinlim_eval_final/real_hindi/hindi_real_0841.wav,original,5.677255630493164,5.677255630493164,0.0
hindi,1,841_hindi_real_0841,841,hindi_griffinlim_eval_final/real_hindi/hindi_real_0841.wav,remove_low,5.677255630493164,5.522720813751221,-0.15453481674194336
hindi,1,841_hindi_real_0841,841,hindi_griffinlim_eval_final/real_hindi/hindi_real_0841.wav,remove_mid,5.677255630493164,5.1890459060668945,-0.48820972442626953
hindi,1,841_hindi_real_0841,841,hindi_griffinlim_eval_final/real_hindi/hindi_real_0841.wav,remove_high,5.677255630493164,5.5349836349487305,-0.1422719955444336
hindi,1,843_hindi_real_0843,843,hindi_griffinlim_eval_final/real_hindi/hindi_real_0843.wav,original,5.779008865356445,5.779008865356445,0.0
hindi,1,843_hindi_real_0843,843,hindi_griffinlim_eval_final/real_hindi/hindi_real_0843.wav,remove_low,5.779008865356445,2.784453868865967,-2.9945549964904785
hindi,1,843_hindi_real_0843,843,hindi_griffinlim_eval_final/real_hindi/hindi_real_0843.wav,remove_mid,5.779008865356445,4.3930888175964355,-1.3859200477600098
hindi,1,843_hindi_real_0843,843,hindi_griffinlim_eval_final/real_hindi/hindi_real_0843.wav,remove_high,5.779008865356445,5.6719770431518555,-0.10703182220458984
hindi,1,854_hindi_real_0854,854,hindi_griffinlim_eval_final/real_hindi/hindi_real_0854.wav,original,1.1882463693618774,1.1882463693618774,0.0
hindi,1,854_hindi_real_0854,854,hindi_griffinlim_eval_final/real_hindi/hindi_real_0854.wav,remove_low,1.1882463693618774,-0.2647404670715332,-1.4529868364334106
hindi,1,854_hindi_real_0854,854,hindi_griffinlim_eval_final/real_hindi/hindi_real_0854.wav,remove_mid,1.1882463693618774,-0.14347107708454132,-1.3317174464464188
hindi,1,854_hindi_real_0854,854,hindi_griffinlim_eval_final/real_hindi/hindi_real_0854.wav,remove_high,1.1882463693618774,0.10819411277770996,-1.0800522565841675
hindi,1,857_hindi_real_0857,857,hindi_griffinlim_eval_final/real_hindi/hindi_real_0857.wav,original,6.083967208862305,6.083967208862305,0.0
hindi,1,857_hindi_real_0857,857,hindi_griffinlim_eval_final/real_hindi/hindi_real_0857.wav,remove_low,6.083967208862305,4.814821243286133,-1.2691459655761719
hindi,1,857_hindi_real_0857,857,hindi_griffinlim_eval_final/real_hindi/hindi_real_0857.wav,remove_mid,6.083967208862305,5.584434986114502,-0.49953222274780273
hindi,1,857_hindi_real_0857,857,hindi_griffinlim_eval_final/real_hindi/hindi_real_0857.wav,remove_high,6.083967208862305,6.1907734870910645,0.10680627822875977
hindi,1,865_hindi_real_0865,865,hindi_griffinlim_eval_final/real_hindi/hindi_real_0865.wav,original,3.080756425857544,3.080756425857544,0.0
hindi,1,865_hindi_real_0865,865,hindi_griffinlim_eval_final/real_hindi/hindi_real_0865.wav,remove_low,3.080756425857544,-0.471294641494751,-3.552051067352295
hindi,1,865_hindi_real_0865,865,hindi_griffinlim_eval_final/real_hindi/hindi_real_0865.wav,remove_mid,3.080756425857544,-0.8434258699417114,-3.9241822957992554
hindi,1,865_hindi_real_0865,865,hindi_griffinlim_eval_final/real_hindi/hindi_real_0865.wav,remove_high,3.080756425857544,0.7359623908996582,-2.3447940349578857
hindi,1,867_hindi_real_0867,867,hindi_griffinlim_eval_final/real_hindi/hindi_real_0867.wav,original,-4.491488456726074,-4.491488456726074,0.0
hindi,1,867_hindi_real_0867,867,hindi_griffinlim_eval_final/real_hindi/hindi_real_0867.wav,remove_low,-4.491488456726074,-1.542082667350769,2.949405789375305
hindi,1,867_hindi_real_0867,867,hindi_griffinlim_eval_final/real_hindi/hindi_real_0867.wav,remove_mid,-4.491488456726074,-4.372895240783691,0.11859321594238281
hindi,1,867_hindi_real_0867,867,hindi_griffinlim_eval_final/real_hindi/hindi_real_0867.wav,remove_high,-4.491488456726074,-5.3351640701293945,-0.8436756134033203
hindi,1,879_hindi_real_0879,879,hindi_griffinlim_eval_final/real_hindi/hindi_real_0879.wav,original,-4.987538814544678,-4.987538814544678,0.0
hindi,1,879_hindi_real_0879,879,hindi_griffinlim_eval_final/real_hindi/hindi_real_0879.wav,remove_low,-4.987538814544678,-5.757971286773682,-0.7704324722290039
hindi,1,879_hindi_real_0879,879,hindi_griffinlim_eval_final/real_hindi/hindi_real_0879.wav,remove_mid,-4.987538814544678,-4.947518348693848,0.04002046585083008
hindi,1,879_hindi_real_0879,879,hindi_griffinlim_eval_final/real_hindi/hindi_real_0879.wav,remove_high,-4.987538814544678,-5.877747535705566,-0.8902087211608887
hindi,1,883_hindi_real_0883,883,hindi_griffinlim_eval_final/real_hindi/hindi_real_0883.wav,original,5.949990272521973,5.949990272521973,0.0
hindi,1,883_hindi_real_0883,883,hindi_griffinlim_eval_final/real_hindi/hindi_real_0883.wav,remove_low,5.949990272521973,1.920206904411316,-4.029783368110657
hindi,1,883_hindi_real_0883,883,hindi_griffinlim_eval_final/real_hindi/hindi_real_0883.wav,remove_mid,5.949990272521973,5.604101657867432,-0.345888614654541
hindi,1,883_hindi_real_0883,883,hindi_griffinlim_eval_final/real_hindi/hindi_real_0883.wav,remove_high,5.949990272521973,5.958124160766602,0.008133888244628906
hindi,1,884_hindi_real_0884,884,hindi_griffinlim_eval_final/real_hindi/hindi_real_0884.wav,original,5.118343830108643,5.118343830108643,0.0
hindi,1,884_hindi_real_0884,884,hindi_griffinlim_eval_final/real_hindi/hindi_real_0884.wav,remove_low,5.118343830108643,4.447516441345215,-0.6708273887634277
hindi,1,884_hindi_real_0884,884,hindi_griffinlim_eval_final/real_hindi/hindi_real_0884.wav,remove_mid,5.118343830108643,3.781376838684082,-1.3369669914245605
hindi,1,884_hindi_real_0884,884,hindi_griffinlim_eval_final/real_hindi/hindi_real_0884.wav,remove_high,5.118343830108643,5.114779472351074,-0.0035643577575683594
hindi,1,888_hindi_real_0888,888,hindi_griffinlim_eval_final/real_hindi/hindi_real_0888.wav,original,3.0049047470092773,3.0049047470092773,0.0
hindi,1,888_hindi_real_0888,888,hindi_griffinlim_eval_final/real_hindi/hindi_real_0888.wav,remove_low,3.0049047470092773,-0.9908130168914795,-3.995717763900757
hindi,1,888_hindi_real_0888,888,hindi_griffinlim_eval_final/real_hindi/hindi_real_0888.wav,remove_mid,3.0049047470092773,-1.340563178062439,-4.345467925071716
hindi,1,888_hindi_real_0888,888,hindi_griffinlim_eval_final/real_hindi/hindi_real_0888.wav,remove_high,3.0049047470092773,2.381146192550659,-0.6237585544586182
hindi,1,897_hindi_real_0897,897,hindi_griffinlim_eval_final/real_hindi/hindi_real_0897.wav,original,4.381389141082764,4.381389141082764,0.0
hindi,1,897_hindi_real_0897,897,hindi_griffinlim_eval_final/real_hindi/hindi_real_0897.wav,remove_low,4.381389141082764,-0.947782039642334,-5.329171180725098
hindi,1,897_hindi_real_0897,897,hindi_griffinlim_eval_final/real_hindi/hindi_real_0897.wav,remove_mid,4.381389141082764,-0.7796555757522583,-5.161044716835022
hindi,1,897_hindi_real_0897,897,hindi_griffinlim_eval_final/real_hindi/hindi_real_0897.wav,remove_high,4.381389141082764,4.367547988891602,-0.01384115219116211
hindi,1,902_hindi_real_0902,902,hindi_griffinlim_eval_final/real_hindi/hindi_real_0902.wav,original,5.891055107116699,5.891055107116699,0.0
hindi,1,902_hindi_real_0902,902,hindi_griffinlim_eval_final/real_hindi/hindi_real_0902.wav,remove_low,5.891055107116699,5.818294048309326,-0.07276105880737305
hindi,1,902_hindi_real_0902,902,hindi_griffinlim_eval_final/real_hindi/hindi_real_0902.wav,remove_mid,5.891055107116699,5.066766262054443,-0.8242888450622559
hindi,1,902_hindi_real_0902,902,hindi_griffinlim_eval_final/real_hindi/hindi_real_0902.wav,remove_high,5.891055107116699,6.012223720550537,0.12116861343383789
hindi,1,907_hindi_real_0907,907,hindi_griffinlim_eval_final/real_hindi/hindi_real_0907.wav,original,-0.00305069237947464,-0.00305069237947464,0.0
hindi,1,907_hindi_real_0907,907,hindi_griffinlim_eval_final/real_hindi/hindi_real_0907.wav,remove_low,-0.00305069237947464,0.4074721336364746,0.41052282601594925
hindi,1,907_hindi_real_0907,907,hindi_griffinlim_eval_final/real_hindi/hindi_real_0907.wav,remove_mid,-0.00305069237947464,-0.4525389075279236,-0.44948821514844894
hindi,1,907_hindi_real_0907,907,hindi_griffinlim_eval_final/real_hindi/hindi_real_0907.wav,remove_high,-0.00305069237947464,-2.1177258491516113,-2.1146751567721367
hindi,1,916_hindi_real_0916,916,hindi_griffinlim_eval_final/real_hindi/hindi_real_0916.wav,original,1.6682873964309692,1.6682873964309692,0.0
hindi,1,916_hindi_real_0916,916,hindi_griffinlim_eval_final/real_hindi/hindi_real_0916.wav,remove_low,1.6682873964309692,-1.1293140649795532,-2.7976014614105225
hindi,1,916_hindi_real_0916,916,hindi_griffinlim_eval_final/real_hindi/hindi_real_0916.wav,remove_mid,1.6682873964309692,0.9136261940002441,-0.7546612024307251
hindi,1,916_hindi_real_0916,916,hindi_griffinlim_eval_final/real_hindi/hindi_real_0916.wav,remove_high,1.6682873964309692,1.2157078981399536,-0.4525794982910156
hindi,1,937_hindi_real_0937,937,hindi_griffinlim_eval_final/real_hindi/hindi_real_0937.wav,original,3.572267770767212,3.572267770767212,0.0
hindi,1,937_hindi_real_0937,937,hindi_griffinlim_eval_final/real_hindi/hindi_real_0937.wav,remove_low,3.572267770767212,4.294902324676514,0.7226345539093018
hindi,1,937_hindi_real_0937,937,hindi_griffinlim_eval_final/real_hindi/hindi_real_0937.wav,remove_mid,3.572267770767212,0.015128042548894882,-3.557139728218317
hindi,1,937_hindi_real_0937,937,hindi_griffinlim_eval_final/real_hindi/hindi_real_0937.wav,remove_high,3.572267770767212,1.0806297063827515,-2.4916380643844604
hindi,1,948_hindi_real_0948,948,hindi_griffinlim_eval_final/real_hindi/hindi_real_0948.wav,original,2.3547050952911377,2.3547050952911377,0.0
hindi,1,948_hindi_real_0948,948,hindi_griffinlim_eval_final/real_hindi/hindi_real_0948.wav,remove_low,2.3547050952911377,-0.9542354345321655,-3.3089405298233032
hindi,1,948_hindi_real_0948,948,hindi_griffinlim_eval_final/real_hindi/hindi_real_0948.wav,remove_mid,2.3547050952911377,-2.262382984161377,-4.617088079452515
hindi,1,948_hindi_real_0948,948,hindi_griffinlim_eval_final/real_hindi/hindi_real_0948.wav,remove_high,2.3547050952911377,0.8641600608825684,-1.4905450344085693
hindi,1,961_hindi_real_0961,961,hindi_griffinlim_eval_final/real_hindi/hindi_real_0961.wav,original,-1.0869935750961304,-1.0869935750961304,0.0
hindi,1,961_hindi_real_0961,961,hindi_griffinlim_eval_final/real_hindi/hindi_real_0961.wav,remove_low,-1.0869935750961304,0.08347968757152557,1.170473262667656
hindi,1,961_hindi_real_0961,961,hindi_griffinlim_eval_final/real_hindi/hindi_real_0961.wav,remove_mid,-1.0869935750961304,-3.0698788166046143,-1.9828852415084839
hindi,1,961_hindi_real_0961,961,hindi_griffinlim_eval_final/real_hindi/hindi_real_0961.wav,remove_high,-1.0869935750961304,-2.666243076324463,-1.5792495012283325
hindi,1,966_hindi_real_0966,966,hindi_griffinlim_eval_final/real_hindi/hindi_real_0966.wav,original,2.4345717430114746,2.4345717430114746,0.0
hindi,1,966_hindi_real_0966,966,hindi_griffinlim_eval_final/real_hindi/hindi_real_0966.wav,remove_low,2.4345717430114746,-3.10200834274292,-5.5365800857543945
hindi,1,966_hindi_real_0966,966,hindi_griffinlim_eval_final/real_hindi/hindi_real_0966.wav,remove_mid,2.4345717430114746,2.1406307220458984,-0.29394102096557617
hindi,1,966_hindi_real_0966,966,hindi_griffinlim_eval_final/real_hindi/hindi_real_0966.wav,remove_high,2.4345717430114746,2.4332315921783447,-0.0013401508331298828
hindi,1,99_hindi_real_0099,99,hindi_griffinlim_eval_final/real_hindi/hindi_real_0099.wav,original,-2.1242105960845947,-2.1242105960845947,0.0
hindi,1,99_hindi_real_0099,99,hindi_griffinlim_eval_final/real_hindi/hindi_real_0099.wav,remove_low,-2.1242105960845947,-2.728848457336426,-0.604637861251831
hindi,1,99_hindi_real_0099,99,hindi_griffinlim_eval_final/real_hindi/hindi_real_0099.wav,remove_mid,-2.1242105960845947,-5.55916690826416,-3.4349563121795654
hindi,1,99_hindi_real_0099,99,hindi_griffinlim_eval_final/real_hindi/hindi_real_0099.wav,remove_high,-2.1242105960845947,-3.2145237922668457,-1.090313196182251
hindi,1,994_hindi_real_0994,994,hindi_griffinlim_eval_final/real_hindi/hindi_real_0994.wav,original,4.672275543212891,4.672275543212891,0.0
hindi,1,994_hindi_real_0994,994,hindi_griffinlim_eval_final/real_hindi/hindi_real_0994.wav,remove_low,4.672275543212891,-1.139137864112854,-5.811413407325745
hindi,1,994_hindi_real_0994,994,hindi_griffinlim_eval_final/real_hindi/hindi_real_0994.wav,remove_mid,4.672275543212891,3.3827269077301025,-1.289548635482788
hindi,1,994_hindi_real_0994,994,hindi_griffinlim_eval_final/real_hindi/hindi_real_0994.wav,remove_high,4.672275543212891,4.315090179443359,-0.35718536376953125
hindi,0,1002_hindi_fake_1002,1002,hindi_griffinlim_eval_final/fake_hindi_griffinlim/hindi_fake_1002.wav,original,6.134624004364014,6.134624004364014,0.0
hindi,0,1002_hindi_fake_1002,1002,hindi_griffinlim_eval_final/fake_hindi_griffinlim/hindi_fake_1002.wav,remove_low,6.134624004364014,6.465471267700195,0.33084726333618164
hindi,0,1002_hindi_fake_1002,1002,hindi_griffinlim_eval_final/fake_hindi_griffinlim/hindi_fake_1002.wav,remove_mid,6.134624004364014,6.815302848815918,0.6806788444519043
hindi,0,1002_hindi_fake_1002,1002,hindi_griffinlim_eval_final/fake_hindi_griffinlim/hindi_fake_1002.wav,remove_high,6.134624004364014,5.963589668273926,-0.1710343360900879
hindi,0,1032_hindi_fake_1032,1032,hindi_griffinlim_eval_final/fake_hindi_griffinlim/hindi_fake_1032.wav,original,-2.7500083446502686,-2.7500083446502686,0.0
hindi,0,1032_hindi_fake_1032,1032,hindi_griffinlim_eval_final/fake_hindi_griffinlim/hindi_fake_1032.wav,remove_low,-2.7500083446502686,0.4094703495502472,3.1594786942005157
hindi,0,1032_hindi_fake_1032,1032,hindi_griffinlim_eval_final/fake_hindi_griffinlim/hindi_fake_1032.wav,remove_mid,-2.7500083446502686,0.45181983709335327,3.201828181743622
hindi,0,1032_hindi_fake_1032,1032,hindi_griffinlim_eval_final/fake_hindi_griffinlim/hindi_fake_1032.wav,remove_high,-2.7500083446502686,-3.87526798248291,-1.1252596378326416
hindi,0,1036_hindi_fake_1036,1036,hindi_griffinlim_eval_final/fake_hindi_griffinlim/hindi_fake_1036.wav,original,-5.380375862121582,-5.380375862121582,0.0
hindi,0,1036_hindi_fake_1036,1036,hindi_griffinlim_eval_final/fake_hindi_griffinlim/hindi_fake_1036.wav,remove_low,-5.380375862121582,2.076904058456421,7.457279920578003
hindi,0,1036_hindi_fake_1036,1036,hindi_griffinlim_eval_final/fake_hindi_griffinlim/hindi_fake_1036.wav,remove_mid,-5.380375862121582,-0.11494453251361847,5.265431329607964
hindi,0,1036_hindi_fake_1036,1036,hindi_griffinlim_eval_final/fake_hindi_griffinlim/hindi_fake_1036.wav,remove_high,-5.380375862121582,-5.824978828430176,-0.44460296630859375
hindi,0,1044_hindi_fake_1044,1044,hindi_griffinlim_eval_final/fake_hindi_griffinlim/hindi_fake_1044.wav,original,-5.6493377685546875,-5.6493377685546875,0.0
hindi,0,1044_hindi_fake_1044,1044,hindi_griffinlim_eval_final/fake_hindi_griffinlim/hindi_fake_1044.wav,remove_low,-5.6493377685546875,6.5828118324279785,12.232149600982666
hindi,0,1044_hindi_fake_1044,1044,hindi_griffinlim_eval_final/fake_hindi_griffinlim/hindi_fake_1044.wav,remove_mid,-5.6493377685546875,-2.0479207038879395,3.601417064666748
hindi,0,1044_hindi_fake_1044,1044,hindi_griffinlim_eval_final/fake_hindi_griffinlim/hindi_fake_1044.wav,remove_high,-5.6493377685546875,-5.953390121459961,-0.30405235290527344
hindi,0,1048_hindi_fake_1048,1048,hindi_griffinlim_eval_final/fake_hindi_griffinlim/hindi_fake_1048.wav,original,0.5504293441772461,0.5504293441772461,0.0
hindi,0,1048_hindi_fake_1048,1048,hindi_griffinlim_eval_final/fake_hindi_griffinlim/hindi_fake_1048.wav,remove_low,0.5504293441772461,6.621957302093506,6.07152795791626
hindi,0,1048_hindi_fake_1048,1048,hindi_griffinlim_eval_final/fake_hindi_griffinlim/hindi_fake_1048.wav,remove_mid,0.5504293441772461,5.39565372467041,4.845224380493164
hindi,0,1048_hindi_fake_1048,1048,hindi_griffinlim_eval_final/fake_hindi_griffinlim/hindi_fake_1048.wav,remove_high,0.5504293441772461,-0.07844927906990051,-0.6288786232471466
hindi,0,1050_hindi_fake_1050,1050,hindi_griffinlim_eval_final/fake_hindi_griffinlim/hindi_fake_1050.wav,original,-4.604214668273926,-4.604214668273926,0.0
hindi,0,1050_hindi_fake_1050,1050,hindi_griffinlim_eval_final/fake_hindi_griffinlim/hindi_fake_1050.wav,remove_low,-4.604214668273926,-3.4054136276245117,1.198801040649414
hindi,0,1050_hindi_fake_1050,1050,hindi_griffinlim_eval_final/fake_hindi_griffinlim/hindi_fake_1050.wav,remove_mid,-4.604214668273926,-4.6307268142700195,-0.02651214599609375
hindi,0,1050_hindi_fake_1050,1050,hindi_griffinlim_eval_final/fake_hindi_griffinlim/hindi_fake_1050.wav,remove_high,-4.604214668273926,-5.5080766677856445,-0.9038619995117188
hindi,0,1053_hindi_fake_1053,1053,hindi_griffinlim_eval_final/fake_hindi_griffinlim/hindi_fake_1053.wav,original,-0.8239408731460571,-0.8239408731460571,0.0
hindi,0,1053_hindi_fake_1053,1053,hindi_griffinlim_eval_final/fake_hindi_griffinlim/hindi_fake_1053.wav,remove_low,-0.8239408731460571,5.1634416580200195,5.987382531166077
hindi,0,1053_hindi_fake_1053,1053,hindi_griffinlim_eval_final/fake_hindi_griffinlim/hindi_fake_1053.wav,remove_mid,-0.8239408731460571,3.6773085594177246,4.501249432563782
hindi,0,1053_hindi_fake_1053,1053,hindi_griffinlim_eval_final/fake_hindi_griffinlim/hindi_fake_1053.wav,remove_high,-0.8239408731460571,-1.2931475639343262,-0.46920669078826904
hindi,0,1056_hindi_fake_1056,1056,hindi_griffinlim_eval_final/fake_hindi_griffinlim/hindi_fake_1056.wav,original,-1.0648459196090698,-1.0648459196090698,0.0
hindi,0,1056_hindi_fake_1056,1056,hindi_griffinlim_eval_final/fake_hindi_griffinlim/hindi_fake_1056.wav,remove_low,-1.0648459196090698,5.71442985534668,6.7792757749557495
hindi,0,1056_hindi_fake_1056,1056,hindi_griffinlim_eval_final/fake_hindi_griffinlim/hindi_fake_1056.wav,remove_mid,-1.0648459196090698,3.6682519912719727,4.7330979108810425
hindi,0,1056_hindi_fake_1056,1056,hindi_griffinlim_eval_final/fake_hindi_griffinlim/hindi_fake_1056.wav,remove_high,-1.0648459196090698,-3.3898234367370605,-2.3249775171279907
hindi,0,1061_hindi_fake_1061,1061,hindi_griffinlim_eval_final/fake_hindi_griffinlim/hindi_fake_1061.wav,original,-2.099048376083374,-2.099048376083374,0.0
hindi,0,1061_hindi_fake_1061,1061,hindi_griffinlim_eval_final/fake_hindi_griffinlim/hindi_fake_1061.wav,remove_low,-2.099048376083374,2.5456383228302,4.644686698913574
hindi,0,1061_hindi_fake_1061,1061,hindi_griffinlim_eval_final/fake_hindi_griffinlim/hindi_fake_1061.wav,remove_mid,-2.099048376083374,1.1752876043319702,3.2743359804153442
hindi,0,1061_hindi_fake_1061,1061,hindi_griffinlim_eval_final/fake_hindi_griffinlim/hindi_fake_1061.wav,remove_high,-2.099048376083374,-1.7490090131759644,0.35003936290740967
hindi,0,1063_hindi_fake_1063,1063,hindi_griffinlim_eval_final/fake_hindi_griffinlim/hindi_fake_1063.wav,original,-0.5868096351623535,-0.5868096351623535,0.0
hindi,0,1063_hindi_fake_1063,1063,hindi_griffinlim_eval_final/fake_hindi_griffinlim/hindi_fake_1063.wav,remove_low,-0.5868096351623535,5.619443416595459,6.2062530517578125
hindi,0,1063_hindi_fake_1063,1063,hindi_griffinlim_eval_final/fake_hindi_griffinlim/hindi_fake_1063.wav,remove_mid,-0.5868096351623535,1.8911255598068237,2.4779351949691772
hindi,0,1063_hindi_fake_1063,1063,hindi_griffinlim_eval_final/fake_hindi_griffinlim/hindi_fake_1063.wav,remove_high,-0.5868096351623535,-0.8679528832435608,-0.2811432480812073
hindi,0,1075_hindi_fake_1075,1075,hindi_griffinlim_eval_final/fake_hindi_griffinlim/hindi_fake_1075.wav,original,6.232030391693115,6.232030391693115,0.0
hindi,0,1075_hindi_fake_1075,1075,hindi_griffinlim_eval_final/fake_hindi_griffinlim/hindi_fake_1075.wav,remove_low,6.232030391693115,5.952254772186279,-0.27977561950683594
hindi,0,1075_hindi_fake_1075,1075,hindi_griffinlim_eval_final/fake_hindi_griffinlim/hindi_fake_1075.wav,remove_mid,6.232030391693115,6.719473361968994,0.4874429702758789
hindi,0,1075_hindi_fake_1075,1075,hindi_griffinlim_eval_final/fake_hindi_griffinlim/hindi_fake_1075.wav,remove_high,6.232030391693115,5.0276031494140625,-1.2044272422790527
hindi,0,108_hindi_fake_0108,108,hindi_griffinlim_eval_final/fake_hindi_griffinlim/hindi_fake_0108.wav,original,0.5863455533981323,0.5863455533981323,0.0
hindi,0,108_hindi_fake_0108,108,hindi_griffinlim_eval_final/fake_hindi_griffinlim/hindi_fake_0108.wav,remove_low,0.5863455533981323,-5.686025142669678,-6.27237069606781
hindi,0,108_hindi_fake_0108,108,hindi_griffinlim_eval_final/fake_hindi_griffinlim/hindi_fake_0108.wav,remove_mid,0.5863455533981323,0.5370185971260071,-0.049326956272125244
hindi,0,108_hindi_fake_0108,108,hindi_griffinlim_eval_final/fake_hindi_griffinlim/hindi_fake_0108.wav,remove_high,0.5863455533981323,0.5024254322052002,-0.08392012119293213
hindi,0,1090_hindi_fake_1090,1090,hindi_griffinlim_eval_final/fake_hindi_griffinlim/hindi_fake_1090.wav,original,-0.5564542412757874,-0.5564542412757874,0.0
hindi,0,1090_hindi_fake_1090,1090,hindi_griffinlim_eval_final/fake_hindi_griffinlim/hindi_fake_1090.wav,remove_low,-0.5564542412757874,5.679895877838135,6.236350119113922
hindi,0,1090_hindi_fake_1090,1090,hindi_griffinlim_eval_final/fake_hindi_griffinlim/hindi_fake_1090.wav,remove_mid,-0.5564542412757874,3.9698312282562256,4.526285469532013
hindi,0,1090_hindi_fake_1090,1090,hindi_griffinlim_eval_final/fake_hindi_griffinlim/hindi_fake_1090.wav,remove_high,-0.5564542412757874,-0.8041815757751465,-0.24772733449935913
hindi,0,1097_hindi_fake_1097,1097,hindi_griffinlim_eval_final/fake_hindi_griffinlim/hindi_fake_1097.wav,original,1.6070491075515747,1.6070491075515747,0.0
hindi,0,1097_hindi_fake_1097,1097,hindi_griffinlim_eval_final/fake_hindi_griffinlim/hindi_fake_1097.wav,remove_low,1.6070491075515747,-5.826462745666504,-7.433511853218079
hindi,0,1097_hindi_fake_1097,1097,hindi_griffinlim_eval_final/fake_hindi_griffinlim/hindi_fake_1097.wav,remove_mid,1.6070491075515747,-0.40518718957901,-2.0122362971305847
hindi,0,1097_hindi_fake_1097,1097,hindi_griffinlim_eval_final/fake_hindi_griffinlim/hindi_fake_1097.wav,remove_high,1.6070491075515747,1.1953233480453491,-0.4117257595062256
hindi,0,1101_hindi_fake_1101,1101,hindi_griffinlim_eval_final/fake_hindi_griffinlim/hindi_fake_1101.wav,original,-5.662353515625,-5.662353515625,0.0
hindi,0,1101_hindi_fake_1101,1101,hindi_griffinlim_eval_final/fake_hindi_griffinlim/hindi_fake_1101.wav,remove_low,-5.662353515625,4.287896156311035,9.950249671936035
hindi,0,1101_hindi_fake_1101,1101,hindi_griffinlim_eval_final/fake_hindi_griffinlim/hindi_fake_1101.wav,remove_mid,-5.662353515625,-2.847546100616455,2.814807415008545
hindi,0,1101_hindi_fake_1101,1101,hindi_griffinlim_eval_final/fake_hindi_griffinlim/hindi_fake_1101.wav,remove_high,-5.662353515625,-5.973143577575684,-0.3107900619506836
hindi,0,1116_hindi_fake_1116,1116,hindi_griffinlim_eval_final/fake_hindi_griffinlim/hindi_fake_1116.wav,original,-3.360536575317383,-3.360536575317383,0.0
hindi,0,1116_hindi_fake_1116,1116,hindi_griffinlim_eval_final/fake_hindi_griffinlim/hindi_fake_1116.wav,remove_low,-3.360536575317383,4.696258544921875,8.056795120239258
hindi,0,1116_hindi_fake_1116,1116,hindi_griffinlim_eval_final/fake_hindi_griffinlim/hindi_fake_1116.wav,remove_mid,-3.360536575317383,-3.074481248855591,0.286055326461792
hindi,0,1116_hindi_fake_1116,1116,hindi_griffinlim_eval_final/fake_hindi_griffinlim/hindi_fake_1116.wav,remove_high,-3.360536575317383,-3.487837314605713,-0.12730073928833008
hindi,0,1124_hindi_fake_1124,1124,hindi_griffinlim_eval_final/fake_hindi_griffinlim/hindi_fake_1124.wav,original,-3.8157544136047363,-3.8157544136047363,0.0
hindi,0,1124_hindi_fake_1124,1124,hindi_griffinlim_eval_final/fake_hindi_griffinlim/hindi_fake_1124.wav,remove_low,-3.8157544136047363,4.622937202453613,8.43869161605835
hindi,0,1124_hindi_fake_1124,1124,hindi_griffinlim_eval_final/fake_hindi_griffinlim/hindi_fake_1124.wav,remove_mid,-3.8157544136047363,-0.8909889459609985,2.924765467643738
hindi,0,1124_hindi_fake_1124,1124,hindi_griffinlim_eval_final/fake_hindi_griffinlim/hindi_fake_1124.wav,remove_high,-3.8157544136047363,-5.760717391967773,-1.944962978363037
hindi,0,113_hindi_fake_0113,113,hindi_griffinlim_eval_final/fake_hindi_griffinlim/hindi_fake_0113.wav,original,-0.8121123313903809,-0.8121123313903809,0.0
hindi,0,113_hindi_fake_0113,113,hindi_griffinlim_eval_final/fake_hindi_griffinlim/hindi_fake_0113.wav,remove_low,-0.8121123313903809,4.887082576751709,5.69919490814209
hindi,0,113_hindi_fake_0113,113,hindi_griffinlim_eval_final/fake_hindi_griffinlim/hindi_fake_0113.wav,remove_mid,-0.8121123313903809,5.054718017578125,5.866830348968506
hindi,0,113_hindi_fake_0113,113,hindi_griffinlim_eval_final/fake_hindi_griffinlim/hindi_fake_0113.wav,remove_high,-0.8121123313903809,-1.7986515760421753,-0.9865392446517944
hindi,0,125_hindi_fake_0125,125,hindi_griffinlim_eval_final/fake_hindi_griffinlim/hindi_fake_0125.wav,original,-0.4352371394634247,-0.4352371394634247,0.0
hindi,0,125_hindi_fake_0125,125,hindi_griffinlim_eval_final/fake_hindi_griffinlim/hindi_fake_0125.wav,remove_low,-0.4352371394634247,4.948014736175537,5.383251875638962
hindi,0,125_hindi_fake_0125,125,hindi_griffinlim_eval_final/fake_hindi_griffinlim/hindi_fake_0125.wav,remove_mid,-0.4352371394634247,3.585203170776367,4.020440310239792
hindi,0,125_hindi_fake_0125,125,hindi_griffinlim_eval_final/fake_hindi_griffinlim/hindi_fake_0125.wav,remove_high,-0.4352371394634247,-1.097861886024475,-0.6626247465610504
hindi,0,142_hindi_fake_0142,142,hindi_griffinlim_eval_final/fake_hindi_griffinlim/hindi_fake_0142.wav,original,0.6997334957122803,0.6997334957122803,0.0
hindi,0,142_hindi_fake_0142,142,hindi_griffinlim_eval_final/fake_hindi_griffinlim/hindi_fake_0142.wav,remove_low,0.6997334957122803,-4.786584854125977,-5.486318349838257
hindi,0,142_hindi_fake_0142,142,hindi_griffinlim_eval_final/fake_hindi_griffinlim/hindi_fake_0142.wav,remove_mid,0.6997334957122803,-1.1923847198486328,-1.892118215560913
hindi,0,142_hindi_fake_0142,142,hindi_griffinlim_eval_final/fake_hindi_griffinlim/hindi_fake_0142.wav,remove_high,0.6997334957122803,0.1463673859834671,-0.5533661097288132
hindi,0,146_hindi_fake_0146,146,hindi_griffinlim_eval_final/fake_hindi_griffinlim/hindi_fake_0146.wav,original,1.0803152322769165,1.0803152322769165,0.0
hindi,0,146_hindi_fake_0146,146,hindi_griffinlim_eval_final/fake_hindi_griffinlim/hindi_fake_0146.wav,remove_low,1.0803152322769165,6.415776252746582,5.3354610204696655
hindi,0,146_hindi_fake_0146,146,hindi_griffinlim_eval_final/fake_hindi_griffinlim/hindi_fake_0146.wav,remove_mid,1.0803152322769165,5.917273998260498,4.8369587659835815
hindi,0,146_hindi_fake_0146,146,hindi_griffinlim_eval_final/fake_hindi_griffinlim/hindi_fake_0146.wav,remove_high,1.0803152322769165,2.8430423736572266,1.76272714138031
hindi,0,156_hindi_fake_0156,156,hindi_griffinlim_eval_final/fake_hindi_griffinlim/hindi_fake_0156.wav,original,-2.8289291858673096,-2.8289291858673096,0.0
hindi,0,156_hindi_fake_0156,156,hindi_griffinlim_eval_final/fake_hindi_griffinlim/hindi_fake_0156.wav,remove_low,-2.8289291858673096,4.3436079025268555,7.172537088394165
hindi,0,156_hindi_fake_0156,156,hindi_griffinlim_eval_final/fake_hindi_griffinlim/hindi_fake_0156.wav,remove_mid,-2.8289291858673096,-1.0046969652175903,1.8242322206497192
hindi,0,156_hindi_fake_0156,156,hindi_griffinlim_eval_final/fake_hindi_griffinlim/hindi_fake_0156.wav,remove_high,-2.8289291858673096,-3.802173137664795,-0.9732439517974854
hindi,0,166_hindi_fake_0166,166,hindi_griffinlim_eval_final/fake_hindi_griffinlim/hindi_fake_0166.wav,original,3.321730375289917,3.321730375289917,0.0
hindi,0,166_hindi_fake_0166,166,hindi_griffinlim_eval_final/fake_hindi_griffinlim/hindi_fake_0166.wav,remove_low,3.321730375289917,6.334349155426025,3.0126187801361084
hindi,0,166_hindi_fake_0166,166,hindi_griffinlim_eval_final/fake_hindi_griffinlim/hindi_fake_0166.wav,remove_mid,3.321730375289917,6.395392894744873,3.073662519454956
hindi,0,166_hindi_fake_0166,166,hindi_griffinlim_eval_final/fake_hindi_griffinlim/hindi_fake_0166.wav,remove_high,3.321730375289917,2.476144790649414,-0.8455855846405029
hindi,0,188_hindi_fake_0188,188,hindi_griffinlim_eval_final/fake_hindi_griffinlim/hindi_fake_0188.wav,original,-3.0081849098205566,-3.0081849098205566,0.0
hindi,0,188_hindi_fake_0188,188,hindi_griffinlim_eval_final/fake_hindi_griffinlim/hindi_fake_0188.wav,remove_low,-3.0081849098205566,6.177590370178223,9.18577527999878
hindi,0,188_hindi_fake_0188,188,hindi_griffinlim_eval_final/fake_hindi_griffinlim/hindi_fake_0188.wav,remove_mid,-3.0081849098205566,-0.5806056261062622,2.4275792837142944
hindi,0,188_hindi_fake_0188,188,hindi_griffinlim_eval_final/fake_hindi_griffinlim/hindi_fake_0188.wav,remove_high,-3.0081849098205566,-4.775702953338623,-1.7675180435180664
hindi,0,190_hindi_fake_0190,190,hindi_griffinlim_eval_final/fake_hindi_griffinlim/hindi_fake_0190.wav,original,-0.6571640968322754,-0.6571640968322754,0.0
hindi,0,190_hindi_fake_0190,190,hindi_griffinlim_eval_final/fake_hindi_griffinlim/hindi_fake_0190.wav,remove_low,-0.6571640968322754,5.740901947021484,6.39806604385376
hindi,0,190_hindi_fake_0190,190,hindi_griffinlim_eval_final/fake_hindi_griffinlim/hindi_fake_0190.wav,remove_mid,-0.6571640968322754,5.038252830505371,5.6954169273376465
hindi,0,190_hindi_fake_0190,190,hindi_griffinlim_eval_final/fake_hindi_griffinlim/hindi_fake_0190.wav,remove_high,-0.6571640968322754,-0.7649353742599487,-0.10777127742767334
hindi,0,192_hindi_fake_0192,192,hindi_griffinlim_eval_final/fake_hindi_griffinlim/hindi_fake_0192.wav,original,5.685551643371582,5.685551643371582,0.0
hindi,0,192_hindi_fake_0192,192,hindi_griffinlim_eval_final/fake_hindi_griffinlim/hindi_fake_0192.wav,remove_low,5.685551643371582,6.623727798461914,0.938176155090332
hindi,0,192_hindi_fake_0192,192,hindi_griffinlim_eval_final/fake_hindi_griffinlim/hindi_fake_0192.wav,remove_mid,5.685551643371582,6.593883991241455,0.908332347869873
hindi,0,192_hindi_fake_0192,192,hindi_griffinlim_eval_final/fake_hindi_griffinlim/hindi_fake_0192.wav,remove_high,5.685551643371582,4.806179046630859,-0.8793725967407227
hindi,0,201_hindi_fake_0201,201,hindi_griffinlim_eval_final/fake_hindi_griffinlim/hindi_fake_0201.wav,original,5.245904445648193,5.245904445648193,0.0
hindi,0,201_hindi_fake_0201,201,hindi_griffinlim_eval_final/fake_hindi_griffinlim/hindi_fake_0201.wav,remove_low,5.245904445648193,6.2219343185424805,0.9760298728942871
hindi,0,201_hindi_fake_0201,201,hindi_griffinlim_eval_final/fake_hindi_griffinlim/hindi_fake_0201.wav,remove_mid,5.245904445648193,6.147618293762207,0.9017138481140137
hindi,0,201_hindi_fake_0201,201,hindi_griffinlim_eval_final/fake_hindi_griffinlim/hindi_fake_0201.wav,remove_high,5.245904445648193,4.816346168518066,-0.42955827713012695
hindi,0,207_hindi_fake_0207,207,hindi_griffinlim_eval_final/fake_hindi_griffinlim/hindi_fake_0207.wav,original,-0.9410335421562195,-0.9410335421562195,0.0
hindi,0,207_hindi_fake_0207,207,hindi_griffinlim_eval_final/fake_hindi_griffinlim/hindi_fake_0207.wav,remove_low,-0.9410335421562195,1.5045851469039917,2.445618689060211
hindi,0,207_hindi_fake_0207,207,hindi_griffinlim_eval_final/fake_hindi_griffinlim/hindi_fake_0207.wav,remove_mid,-0.9410335421562195,-1.0278674364089966,-0.0868338942527771
hindi,0,207_hindi_fake_0207,207,hindi_griffinlim_eval_final/fake_hindi_griffinlim/hindi_fake_0207.wav,remove_high,-0.9410335421562195,-3.1066904067993164,-2.165656864643097
hindi,0,230_hindi_fake_0230,230,hindi_griffinlim_eval_final/fake_hindi_griffinlim/hindi_fake_0230.wav,original,0.9973894357681274,0.9973894357681274,0.0
hindi,0,230_hindi_fake_0230,230,hindi_griffinlim_eval_final/fake_hindi_griffinlim/hindi_fake_0230.wav,remove_low,0.9973894357681274,5.444745063781738,4.447355628013611
hindi,0,230_hindi_fake_0230,230,hindi_griffinlim_eval_final/fake_hindi_griffinlim/hindi_fake_0230.wav,remove_mid,0.9973894357681274,2.1826982498168945,1.185308814048767
hindi,0,230_hindi_fake_0230,230,hindi_griffinlim_eval_final/fake_hindi_griffinlim/hindi_fake_0230.wav,remove_high,0.9973894357681274,-0.4010693430900574,-1.3984587788581848
hindi,0,248_hindi_fake_0248,248,hindi_griffinlim_eval_final/fake_hindi_griffinlim/hindi_fake_0248.wav,original,1.8873873949050903,1.8873873949050903,0.0
hindi,0,248_hindi_fake_0248,248,hindi_griffinlim_eval_final/fake_hindi_griffinlim/hindi_fake_0248.wav,remove_low,1.8873873949050903,-4.599157333374023,-6.486544728279114
hindi,0,248_hindi_fake_0248,248,hindi_griffinlim_eval_final/fake_hindi_griffinlim/hindi_fake_0248.wav,remove_mid,1.8873873949050903,-0.21692945063114166,-2.104316845536232
hindi,0,248_hindi_fake_0248,248,hindi_griffinlim_eval_final/fake_hindi_griffinlim/hindi_fake_0248.wav,remove_high,1.8873873949050903,0.8960649967193604,-0.99132239818573
hindi,0,265_hindi_fake_0265,265,hindi_griffinlim_eval_final/fake_hindi_griffinlim/hindi_fake_0265.wav,original,-3.367640495300293,-3.367640495300293,0.0
hindi,0,265_hindi_fake_0265,265,hindi_griffinlim_eval_final/fake_hindi_griffinlim/hindi_fake_0265.wav,remove_low,-3.367640495300293,-0.7253487706184387,2.6422917246818542
hindi,0,265_hindi_fake_0265,265,hindi_griffinlim_eval_final/fake_hindi_griffinlim/hindi_fake_0265.wav,remove_mid,-3.367640495300293,-0.777947187423706,2.589693307876587
hindi,0,265_hindi_fake_0265,265,hindi_griffinlim_eval_final/fake_hindi_griffinlim/hindi_fake_0265.wav,remove_high,-3.367640495300293,-4.156928062438965,-0.7892875671386719
hindi,0,266_hindi_fake_0266,266,hindi_griffinlim_eval_final/fake_hindi_griffinlim/hindi_fake_0266.wav,original,6.004999160766602,6.004999160766602,0.0
hindi,0,266_hindi_fake_0266,266,hindi_griffinlim_eval_final/fake_hindi_griffinlim/hindi_fake_0266.wav,remove_low,6.004999160766602,6.61764669418335,0.612647533416748
hindi,0,266_hindi_fake_0266,266,hindi_griffinlim_eval_final/fake_hindi_griffinlim/hindi_fake_0266.wav,remove_mid,6.004999160766602,6.6897873878479,0.6847882270812988
hindi,0,266_hindi_fake_0266,266,hindi_griffinlim_eval_final/fake_hindi_griffinlim/hindi_fake_0266.wav,remove_high,6.004999160766602,5.783910751342773,-0.22108840942382812
hindi,0,272_hindi_fake_0272,272,hindi_griffinlim_eval_final/fake_hindi_griffinlim/hindi_fake_0272.wav,original,2.4675345420837402,2.4675345420837402,0.0
hindi,0,272_hindi_fake_0272,272,hindi_griffinlim_eval_final/fake_hindi_griffinlim/hindi_fake_0272.wav,remove_low,2.4675345420837402,5.099130630493164,2.631596088409424
hindi,0,272_hindi_fake_0272,272,hindi_griffinlim_eval_final/fake_hindi_griffinlim/hindi_fake_0272.wav,remove_mid,2.4675345420837402,6.276954174041748,3.809419631958008
hindi,0,272_hindi_fake_0272,272,hindi_griffinlim_eval_final/fake_hindi_griffinlim/hindi_fake_0272.wav,remove_high,2.4675345420837402,0.9806436896324158,-1.4868908524513245
hindi,0,275_hindi_fake_0275,275,hindi_griffinlim_eval_final/fake_hindi_griffinlim/hindi_fake_0275.wav,original,-0.5090978145599365,-0.5090978145599365,0.0
hindi,0,275_hindi_fake_0275,275,hindi_griffinlim_eval_final/fake_hindi_griffinlim/hindi_fake_0275.wav,remove_low,-0.5090978145599365,6.200061798095703,6.70915961265564
hindi,0,275_hindi_fake_0275,275,hindi_griffinlim_eval_final/fake_hindi_griffinlim/hindi_fake_0275.wav,remove_mid,-0.5090978145599365,3.0300064086914062,3.5391042232513428
hindi,0,275_hindi_fake_0275,275,hindi_griffinlim_eval_final/fake_hindi_griffinlim/hindi_fake_0275.wav,remove_high,-0.5090978145599365,-2.4178669452667236,-1.908769130706787
hindi,0,319_hindi_fake_0319,319,hindi_griffinlim_eval_final/fake_hindi_griffinlim/hindi_fake_0319.wav,original,-1.773615837097168,-1.773615837097168,0.0
hindi,0,319_hindi_fake_0319,319,hindi_griffinlim_eval_final/fake_hindi_griffinlim/hindi_fake_0319.wav,remove_low,-1.773615837097168,4.765503883361816,6.539119720458984
hindi,0,319_hindi_fake_0319,319,hindi_griffinlim_eval_final/fake_hindi_griffinlim/hindi_fake_0319.wav,remove_mid,-1.773615837097168,2.383582353591919,4.157198190689087
hindi,0,319_hindi_fake_0319,319,hindi_griffinlim_eval_final/fake_hindi_griffinlim/hindi_fake_0319.wav,remove_high,-1.773615837097168,-2.936264991760254,-1.162649154663086
hindi,0,33_hindi_fake_0033,33,hindi_griffinlim_eval_final/fake_hindi_griffinlim/hindi_fake_0033.wav,original,5.505742073059082,5.505742073059082,0.0
hindi,0,33_hindi_fake_0033,33,hindi_griffinlim_eval_final/fake_hindi_griffinlim/hindi_fake_0033.wav,remove_low,5.505742073059082,5.665127277374268,0.15938520431518555
hindi,0,33_hindi_fake_0033,33,hindi_griffinlim_eval_final/fake_hindi_griffinlim/hindi_fake_0033.wav,remove_mid,5.505742073059082,6.0482072830200195,0.5424652099609375
hindi,0,33_hindi_fake_0033,33,hindi_griffinlim_eval_final/fake_hindi_griffinlim/hindi_fake_0033.wav,remove_high,5.505742073059082,4.621967315673828,-0.8837747573852539
hindi,0,330_hindi_fake_0330,330,hindi_griffinlim_eval_final/fake_hindi_griffinlim/hindi_fake_0330.wav,original,-2.5321311950683594,-2.5321311950683594,0.0
hindi,0,330_hindi_fake_0330,330,hindi_griffinlim_eval_final/fake_hindi_griffinlim/hindi_fake_0330.wav,remove_low,-2.5321311950683594,2.100252866744995,4.6323840618133545
hindi,0,330_hindi_fake_0330,330,hindi_griffinlim_eval_final/fake_hindi_griffinlim/hindi_fake_0330.wav,remove_mid,-2.5321311950683594,4.326736927032471,6.85886812210083
hindi,0,330_hindi_fake_0330,330,hindi_griffinlim_eval_final/fake_hindi_griffinlim/hindi_fake_0330.wav,remove_high,-2.5321311950683594,-3.1609139442443848,-0.6287827491760254
hindi,0,351_hindi_fake_0351,351,hindi_griffinlim_eval_final/fake_hindi_griffinlim/hindi_fake_0351.wav,original,-0.2815519869327545,-0.2815519869327545,0.0
hindi,0,351_hindi_fake_0351,351,hindi_griffinlim_eval_final/fake_hindi_griffinlim/hindi_fake_0351.wav,remove_low,-0.2815519869327545,3.6498494148254395,3.931401401758194
hindi,0,351_hindi_fake_0351,351,hindi_griffinlim_eval_final/fake_hindi_griffinlim/hindi_fake_0351.wav,remove_mid,-0.2815519869327545,2.38736629486084,2.6689182817935944
hindi,0,351_hindi_fake_0351,351,hindi_griffinlim_eval_final/fake_hindi_griffinlim/hindi_fake_0351.wav,remove_high,-0.2815519869327545,-0.337285578250885,-0.05573359131813049
hindi,0,361_hindi_fake_0361,361,hindi_griffinlim_eval_final/fake_hindi_griffinlim/hindi_fake_0361.wav,original,0.421487420797348,0.421487420797348,0.0
hindi,0,361_hindi_fake_0361,361,hindi_griffinlim_eval_final/fake_hindi_griffinlim/hindi_fake_0361.wav,remove_low,0.421487420797348,6.0402421951293945,5.6187547743320465
hindi,0,361_hindi_fake_0361,361,hindi_griffinlim_eval_final/fake_hindi_griffinlim/hindi_fake_0361.wav,remove_mid,0.421487420797348,5.5585246086120605,5.1370371878147125
hindi,0,361_hindi_fake_0361,361,hindi_griffinlim_eval_final/fake_hindi_griffinlim/hindi_fake_0361.wav,remove_high,0.421487420797348,-0.09594874083995819,-0.5174361616373062
hindi,0,366_hindi_fake_0366,366,hindi_griffinlim_eval_final/fake_hindi_griffinlim/hindi_fake_0366.wav,original,-2.7070798873901367,-2.7070798873901367,0.0
hindi,0,366_hindi_fake_0366,366,hindi_griffinlim_eval_final/fake_hindi_griffinlim/hindi_fake_0366.wav,remove_low,-2.7070798873901367,5.94088077545166,8.647960662841797
hindi,0,366_hindi_fake_0366,366,hindi_griffinlim_eval_final/fake_hindi_griffinlim/hindi_fake_0366.wav,remove_mid,-2.7070798873901367,-0.34456130862236023,2.3625185787677765
hindi,0,366_hindi_fake_0366,366,hindi_griffinlim_eval_final/fake_hindi_griffinlim/hindi_fake_0366.wav,remove_high,-2.7070798873901367,-3.237870216369629,-0.5307903289794922
hindi,0,369_hindi_fake_0369,369,hindi_griffinlim_eval_final/fake_hindi_griffinlim/hindi_fake_0369.wav,original,-4.288628578186035,-4.288628578186035,0.0
hindi,0,369_hindi_fake_0369,369,hindi_griffinlim_eval_final/fake_hindi_griffinlim/hindi_fake_0369.wav,remove_low,-4.288628578186035,-4.600894927978516,-0.31226634979248047
hindi,0,369_hindi_fake_0369,369,hindi_griffinlim_eval_final/fake_hindi_griffinlim/hindi_fake_0369.wav,remove_mid,-4.288628578186035,-3.9298574924468994,0.35877108573913574
hindi,0,369_hindi_fake_0369,369,hindi_griffinlim_eval_final/fake_hindi_griffinlim/hindi_fake_0369.wav,remove_high,-4.288628578186035,-5.038280963897705,-0.7496523857116699
hindi,0,373_hindi_fake_0373,373,hindi_griffinlim_eval_final/fake_hindi_griffinlim/hindi_fake_0373.wav,original,-0.5716751217842102,-0.5716751217842102,0.0
hindi,0,373_hindi_fake_0373,373,hindi_griffinlim_eval_final/fake_hindi_griffinlim/hindi_fake_0373.wav,remove_low,-0.5716751217842102,5.665345191955566,6.237020313739777
hindi,0,373_hindi_fake_0373,373,hindi_griffinlim_eval_final/fake_hindi_griffinlim/hindi_fake_0373.wav,remove_mid,-0.5716751217842102,3.2856011390686035,3.8572762608528137
hindi,0,373_hindi_fake_0373,373,hindi_griffinlim_eval_final/fake_hindi_griffinlim/hindi_fake_0373.wav,remove_high,-0.5716751217842102,-0.6469969153404236,-0.07532179355621338
hindi,0,386_hindi_fake_0386,386,hindi_griffinlim_eval_final/fake_hindi_griffinlim/hindi_fake_0386.wav,original,1.7278542518615723,1.7278542518615723,0.0
hindi,0,386_hindi_fake_0386,386,hindi_griffinlim_eval_final/fake_hindi_griffinlim/hindi_fake_0386.wav,remove_low,1.7278542518615723,6.500202178955078,4.772347927093506
hindi,0,386_hindi_fake_0386,386,hindi_griffinlim_eval_final/fake_hindi_griffinlim/hindi_fake_0386.wav,remove_mid,1.7278542518615723,5.330755710601807,3.6029014587402344
hindi,0,386_hindi_fake_0386,386,hindi_griffinlim_eval_final/fake_hindi_griffinlim/hindi_fake_0386.wav,remove_high,1.7278542518615723,2.1166188716888428,0.3887646198272705
hindi,0,40_hindi_fake_0040,40,hindi_griffinlim_eval_final/fake_hindi_griffinlim/hindi_fake_0040.wav,original,6.976315498352051,6.976315498352051,0.0
hindi,0,40_hindi_fake_0040,40,hindi_griffinlim_eval_final/fake_hindi_griffinlim/hindi_fake_0040.wav,remove_low,6.976315498352051,6.7409348487854,-0.2353806495666504
hindi,0,40_hindi_fake_0040,40,hindi_griffinlim_eval_final/fake_hindi_griffinlim/hindi_fake_0040.wav,remove_mid,6.976315498352051,6.926758289337158,-0.04955720901489258
hindi,0,40_hindi_fake_0040,40,hindi_griffinlim_eval_final/fake_hindi_griffinlim/hindi_fake_0040.wav,remove_high,6.976315498352051,6.877559185028076,-0.09875631332397461
hindi,0,401_hindi_fake_0401,401,hindi_griffinlim_eval_final/fake_hindi_griffinlim/hindi_fake_0401.wav,original,6.3330488204956055,6.3330488204956055,0.0
hindi,0,401_hindi_fake_0401,401,hindi_griffinlim_eval_final/fake_hindi_griffinlim/hindi_fake_0401.wav,remove_low,6.3330488204956055,6.393218040466309,0.060169219970703125
hindi,0,401_hindi_fake_0401,401,hindi_griffinlim_eval_final/fake_hindi_griffinlim/hindi_fake_0401.wav,remove_mid,6.3330488204956055,6.9766645431518555,0.64361572265625
hindi,0,401_hindi_fake_0401,401,hindi_griffinlim_eval_final/fake_hindi_griffinlim/hindi_fake_0401.wav,remove_high,6.3330488204956055,5.72445821762085,-0.6085906028747559
hindi,0,412_hindi_fake_0412,412,hindi_griffinlim_eval_final/fake_hindi_griffinlim/hindi_fake_0412.wav,original,1.4928282499313354,1.4928282499313354,0.0
hindi,0,412_hindi_fake_0412,412,hindi_griffinlim_eval_final/fake_hindi_griffinlim/hindi_fake_0412.wav,remove_low,1.4928282499313354,6.722113609313965,5.229285359382629
hindi,0,412_hindi_fake_0412,412,hindi_griffinlim_eval_final/fake_hindi_griffinlim/hindi_fake_0412.wav,remove_mid,1.4928282499313354,5.6685004234313965,4.175672173500061
hindi,0,412_hindi_fake_0412,412,hindi_griffinlim_eval_final/fake_hindi_griffinlim/hindi_fake_0412.wav,remove_high,1.4928282499313354,2.123032569885254,0.6302043199539185
hindi,0,413_hindi_fake_0413,413,hindi_griffinlim_eval_final/fake_hindi_griffinlim/hindi_fake_0413.wav,original,-3.169818878173828,-3.169818878173828,0.0
hindi,0,413_hindi_fake_0413,413,hindi_griffinlim_eval_final/fake_hindi_griffinlim/hindi_fake_0413.wav,remove_low,-3.169818878173828,2.8675460815429688,6.037364959716797
hindi,0,413_hindi_fake_0413,413,hindi_griffinlim_eval_final/fake_hindi_griffinlim/hindi_fake_0413.wav,remove_mid,-3.169818878173828,-0.778936505317688,2.39088237285614
hindi,0,413_hindi_fake_0413,413,hindi_griffinlim_eval_final/fake_hindi_griffinlim/hindi_fake_0413.wav,remove_high,-3.169818878173828,-4.11812686920166,-0.948307991027832
hindi,0,415_hindi_fake_0415,415,hindi_griffinlim_eval_final/fake_hindi_griffinlim/hindi_fake_0415.wav,original,3.5299770832061768,3.5299770832061768,0.0
hindi,0,415_hindi_fake_0415,415,hindi_griffinlim_eval_final/fake_hindi_griffinlim/hindi_fake_0415.wav,remove_low,3.5299770832061768,5.939030647277832,2.4090535640716553
hindi,0,415_hindi_fake_0415,415,hindi_griffinlim_eval_final/fake_hindi_griffinlim/hindi_fake_0415.wav,remove_mid,3.5299770832061768,5.507370471954346,1.977393388748169
hindi,0,415_hindi_fake_0415,415,hindi_griffinlim_eval_final/fake_hindi_griffinlim/hindi_fake_0415.wav,remove_high,3.5299770832061768,0.1489897519350052,-3.3809873312711716
hindi,0,427_hindi_fake_0427,427,hindi_griffinlim_eval_final/fake_hindi_griffinlim/hindi_fake_0427.wav,original,-3.542275905609131,-3.542275905609131,0.0
hindi,0,427_hindi_fake_0427,427,hindi_griffinlim_eval_final/fake_hindi_griffinlim/hindi_fake_0427.wav,remove_low,-3.542275905609131,3.2945218086242676,6.836797714233398
hindi,0,427_hindi_fake_0427,427,hindi_griffinlim_eval_final/fake_hindi_griffinlim/hindi_fake_0427.wav,remove_mid,-3.542275905609131,-0.28531593084335327,3.2569599747657776
hindi,0,427_hindi_fake_0427,427,hindi_griffinlim_eval_final/fake_hindi_griffinlim/hindi_fake_0427.wav,remove_high,-3.542275905609131,-4.984217643737793,-1.441941738128662
hindi,0,441_hindi_fake_0441,441,hindi_griffinlim_eval_final/fake_hindi_griffinlim/hindi_fake_0441.wav,original,6.7267608642578125,6.7267608642578125,0.0
hindi,0,441_hindi_fake_0441,441,hindi_griffinlim_eval_final/fake_hindi_griffinlim/hindi_fake_0441.wav,remove_low,6.7267608642578125,6.409451484680176,-0.3173093795776367
hindi,0,441_hindi_fake_0441,441,hindi_griffinlim_eval_final/fake_hindi_griffinlim/hindi_fake_0441.wav,remove_mid,6.7267608642578125,6.897001266479492,0.1702404022216797
hindi,0,441_hindi_fake_0441,441,hindi_griffinlim_eval_final/fake_hindi_griffinlim/hindi_fake_0441.wav,remove_high,6.7267608642578125,6.474985122680664,-0.25177574157714844
hindi,0,479_hindi_fake_0479,479,hindi_griffinlim_eval_final/fake_hindi_griffinlim/hindi_fake_0479.wav,original,-2.907830238342285,-2.907830238342285,0.0
hindi,0,479_hindi_fake_0479,479,hindi_griffinlim_eval_final/fake_hindi_griffinlim/hindi_fake_0479.wav,remove_low,-2.907830238342285,5.69331693649292,8.601147174835205
hindi,0,479_hindi_fake_0479,479,hindi_griffinlim_eval_final/fake_hindi_griffinlim/hindi_fake_0479.wav,remove_mid,-2.907830238342285,-0.4648885726928711,2.442941665649414
hindi,0,479_hindi_fake_0479,479,hindi_griffinlim_eval_final/fake_hindi_griffinlim/hindi_fake_0479.wav,remove_high,-2.907830238342285,-3.801238775253296,-0.8934085369110107
hindi,0,483_hindi_fake_0483,483,hindi_griffinlim_eval_final/fake_hindi_griffinlim/hindi_fake_0483.wav,original,3.7440223693847656,3.7440223693847656,0.0
hindi,0,483_hindi_fake_0483,483,hindi_griffinlim_eval_final/fake_hindi_griffinlim/hindi_fake_0483.wav,remove_low,3.7440223693847656,5.715048789978027,1.9710264205932617
hindi,0,483_hindi_fake_0483,483,hindi_griffinlim_eval_final/fake_hindi_griffinlim/hindi_fake_0483.wav,remove_mid,3.7440223693847656,6.0726189613342285,2.328596591949463
hindi,0,483_hindi_fake_0483,483,hindi_griffinlim_eval_final/fake_hindi_griffinlim/hindi_fake_0483.wav,remove_high,3.7440223693847656,5.089969158172607,1.3459467887878418
hindi,0,497_hindi_fake_0497,497,hindi_griffinlim_eval_final/fake_hindi_griffinlim/hindi_fake_0497.wav,original,-5.584571838378906,-5.584571838378906,0.0
hindi,0,497_hindi_fake_0497,497,hindi_griffinlim_eval_final/fake_hindi_griffinlim/hindi_fake_0497.wav,remove_low,-5.584571838378906,3.0264265537261963,8.610998392105103
hindi,0,497_hindi_fake_0497,497,hindi_griffinlim_eval_final/fake_hindi_griffinlim/hindi_fake_0497.wav,remove_mid,-5.584571838378906,-2.310662269592285,3.273909568786621
hindi,0,497_hindi_fake_0497,497,hindi_griffinlim_eval_final/fake_hindi_griffinlim/hindi_fake_0497.wav,remove_high,-5.584571838378906,-5.988248825073242,-0.40367698669433594
hindi,0,498_hindi_fake_0498,498,hindi_griffinlim_eval_final/fake_hindi_griffinlim/hindi_fake_0498.wav,original,6.989234924316406,6.989234924316406,0.0
hindi,0,498_hindi_fake_0498,498,hindi_griffinlim_eval_final/fake_hindi_griffinlim/hindi_fake_0498.wav,remove_low,6.989234924316406,6.574209213256836,-0.4150257110595703
hindi,0,498_hindi_fake_0498,498,hindi_griffinlim_eval_final/fake_hindi_griffinlim/hindi_fake_0498.wav,remove_mid,6.989234924316406,6.843000411987305,-0.14623451232910156
hindi,0,498_hindi_fake_0498,498,hindi_griffinlim_eval_final/fake_hindi_griffinlim/hindi_fake_0498.wav,remove_high,6.989234924316406,6.6171722412109375,-0.37206268310546875
hindi,0,533_hindi_fake_0533,533,hindi_griffinlim_eval_final/fake_hindi_griffinlim/hindi_fake_0533.wav,original,-4.276251316070557,-4.276251316070557,0.0
hindi,0,533_hindi_fake_0533,533,hindi_griffinlim_eval_final/fake_hindi_griffinlim/hindi_fake_0533.wav,remove_low,-4.276251316070557,5.40131950378418,9.677570819854736
hindi,0,533_hindi_fake_0533,533,hindi_griffinlim_eval_final/fake_hindi_griffinlim/hindi_fake_0533.wav,remove_mid,-4.276251316070557,-0.10520313680171967,4.171048179268837
hindi,0,533_hindi_fake_0533,533,hindi_griffinlim_eval_final/fake_hindi_griffinlim/hindi_fake_0533.wav,remove_high,-4.276251316070557,-3.2369179725646973,1.0393333435058594
hindi,0,541_hindi_fake_0541,541,hindi_griffinlim_eval_final/fake_hindi_griffinlim/hindi_fake_0541.wav,original,-2.6173133850097656,-2.6173133850097656,0.0
hindi,0,541_hindi_fake_0541,541,hindi_griffinlim_eval_final/fake_hindi_griffinlim/hindi_fake_0541.wav,remove_low,-2.6173133850097656,4.528908729553223,7.146222114562988
hindi,0,541_hindi_fake_0541,541,hindi_griffinlim_eval_final/fake_hindi_griffinlim/hindi_fake_0541.wav,remove_mid,-2.6173133850097656,2.072648525238037,4.689961910247803
hindi,0,541_hindi_fake_0541,541,hindi_griffinlim_eval_final/fake_hindi_griffinlim/hindi_fake_0541.wav,remove_high,-2.6173133850097656,-2.4191246032714844,0.19818878173828125
hindi,0,60_hindi_fake_0060,60,hindi_griffinlim_eval_final/fake_hindi_griffinlim/hindi_fake_0060.wav,original,6.122021675109863,6.122021675109863,0.0
hindi,0,60_hindi_fake_0060,60,hindi_griffinlim_eval_final/fake_hindi_griffinlim/hindi_fake_0060.wav,remove_low,6.122021675109863,6.0716705322265625,-0.05035114288330078
hindi,0,60_hindi_fake_0060,60,hindi_griffinlim_eval_final/fake_hindi_griffinlim/hindi_fake_0060.wav,remove_mid,6.122021675109863,6.680278301239014,0.5582566261291504
hindi,0,60_hindi_fake_0060,60,hindi_griffinlim_eval_final/fake_hindi_griffinlim/hindi_fake_0060.wav,remove_high,6.122021675109863,5.10083532333374,-1.021186351776123
hindi,0,605_hindi_fake_0605,605,hindi_griffinlim_eval_final/fake_hindi_griffinlim/hindi_fake_0605.wav,original,-5.432456016540527,-5.432456016540527,0.0
hindi,0,605_hindi_fake_0605,605,hindi_griffinlim_eval_final/fake_hindi_griffinlim/hindi_fake_0605.wav,remove_low,-5.432456016540527,5.2790207862854,10.711476802825928
hindi,0,605_hindi_fake_0605,605,hindi_griffinlim_eval_final/fake_hindi_griffinlim/hindi_fake_0605.wav,remove_mid,-5.432456016540527,-2.658482789993286,2.773973226547241
hindi,0,605_hindi_fake_0605,605,hindi_griffinlim_eval_final/fake_hindi_griffinlim/hindi_fake_0605.wav,remove_high,-5.432456016540527,-5.638181209564209,-0.20572519302368164
hindi,0,610_hindi_fake_0610,610,hindi_griffinlim_eval_final/fake_hindi_griffinlim/hindi_fake_0610.wav,original,-3.1047251224517822,-3.1047251224517822,0.0
hindi,0,610_hindi_fake_0610,610,hindi_griffinlim_eval_final/fake_hindi_griffinlim/hindi_fake_0610.wav,remove_low,-3.1047251224517822,6.588918209075928,9.69364333152771
hindi,0,610_hindi_fake_0610,610,hindi_griffinlim_eval_final/fake_hindi_griffinlim/hindi_fake_0610.wav,remove_mid,-3.1047251224517822,-0.2948375940322876,2.8098875284194946
hindi,0,610_hindi_fake_0610,610,hindi_griffinlim_eval_final/fake_hindi_griffinlim/hindi_fake_0610.wav,remove_high,-3.1047251224517822,-3.0533828735351562,0.05134224891662598
hindi,0,614_hindi_fake_0614,614,hindi_griffinlim_eval_final/fake_hindi_griffinlim/hindi_fake_0614.wav,original,-1.7676669359207153,-1.7676669359207153,0.0
hindi,0,614_hindi_fake_0614,614,hindi_griffinlim_eval_final/fake_hindi_griffinlim/hindi_fake_0614.wav,remove_low,-1.7676669359207153,6.276400566101074,8.04406750202179
hindi,0,614_hindi_fake_0614,614,hindi_griffinlim_eval_final/fake_hindi_griffinlim/hindi_fake_0614.wav,remove_mid,-1.7676669359207153,-0.218817338347435,1.5488495975732803
hindi,0,614_hindi_fake_0614,614,hindi_griffinlim_eval_final/fake_hindi_griffinlim/hindi_fake_0614.wav,remove_high,-1.7676669359207153,-2.7897791862487793,-1.022112250328064
hindi,0,62_hindi_fake_0062,62,hindi_griffinlim_eval_final/fake_hindi_griffinlim/hindi_fake_0062.wav,original,-2.3111743927001953,-2.3111743927001953,0.0
hindi,0,62_hindi_fake_0062,62,hindi_griffinlim_eval_final/fake_hindi_griffinlim/hindi_fake_0062.wav,remove_low,-2.3111743927001953,0.12405113875865936,2.4352255314588547
hindi,0,62_hindi_fake_0062,62,hindi_griffinlim_eval_final/fake_hindi_griffinlim/hindi_fake_0062.wav,remove_mid,-2.3111743927001953,-1.6864410638809204,0.6247333288192749
hindi,0,62_hindi_fake_0062,62,hindi_griffinlim_eval_final/fake_hindi_griffinlim/hindi_fake_0062.wav,remove_high,-2.3111743927001953,-5.353145599365234,-3.041971206665039
hindi,0,636_hindi_fake_0636,636,hindi_griffinlim_eval_final/fake_hindi_griffinlim/hindi_fake_0636.wav,original,5.417361736297607,5.417361736297607,0.0
hindi,0,636_hindi_fake_0636,636,hindi_griffinlim_eval_final/fake_hindi_griffinlim/hindi_fake_0636.wav,remove_low,5.417361736297607,6.609220504760742,1.1918587684631348
hindi,0,636_hindi_fake_0636,636,hindi_griffinlim_eval_final/fake_hindi_griffinlim/hindi_fake_0636.wav,remove_mid,5.417361736297607,6.299468040466309,0.8821063041687012
hindi,0,636_hindi_fake_0636,636,hindi_griffinlim_eval_final/fake_hindi_griffinlim/hindi_fake_0636.wav,remove_high,5.417361736297607,4.3762898445129395,-1.041071891784668
hindi,0,652_hindi_fake_0652,652,hindi_griffinlim_eval_final/fake_hindi_griffinlim/hindi_fake_0652.wav,original,-0.41187286376953125,-0.41187286376953125,0.0
hindi,0,652_hindi_fake_0652,652,hindi_griffinlim_eval_final/fake_hindi_griffinlim/hindi_fake_0652.wav,remove_low,-0.41187286376953125,1.4801708459854126,1.8920437097549438
hindi,0,652_hindi_fake_0652,652,hindi_griffinlim_eval_final/fake_hindi_griffinlim/hindi_fake_0652.wav,remove_mid,-0.41187286376953125,-0.42290014028549194,-0.011027276515960693
hindi,0,652_hindi_fake_0652,652,hindi_griffinlim_eval_final/fake_hindi_griffinlim/hindi_fake_0652.wav,remove_high,-0.41187286376953125,-1.7689729928970337,-1.3571001291275024
hindi,0,668_hindi_fake_0668,668,hindi_griffinlim_eval_final/fake_hindi_griffinlim/hindi_fake_0668.wav,original,-5.855803489685059,-5.855803489685059,0.0
hindi,0,668_hindi_fake_0668,668,hindi_griffinlim_eval_final/fake_hindi_griffinlim/hindi_fake_0668.wav,remove_low,-5.855803489685059,2.686596393585205,8.542399883270264
hindi,0,668_hindi_fake_0668,668,hindi_griffinlim_eval_final/fake_hindi_griffinlim/hindi_fake_0668.wav,remove_mid,-5.855803489685059,-4.040685176849365,1.8151183128356934
hindi,0,668_hindi_fake_0668,668,hindi_griffinlim_eval_final/fake_hindi_griffinlim/hindi_fake_0668.wav,remove_high,-5.855803489685059,-6.099916458129883,-0.24411296844482422
hindi,0,679_hindi_fake_0679,679,hindi_griffinlim_eval_final/fake_hindi_griffinlim/hindi_fake_0679.wav,original,-3.4846456050872803,-3.4846456050872803,0.0
hindi,0,679_hindi_fake_0679,679,hindi_griffinlim_eval_final/fake_hindi_griffinlim/hindi_fake_0679.wav,remove_low,-3.4846456050872803,2.0492115020751953,5.533857107162476
hindi,0,679_hindi_fake_0679,679,hindi_griffinlim_eval_final/fake_hindi_griffinlim/hindi_fake_0679.wav,remove_mid,-3.4846456050872803,4.203923225402832,7.688568830490112
hindi,0,679_hindi_fake_0679,679,hindi_griffinlim_eval_final/fake_hindi_griffinlim/hindi_fake_0679.wav,remove_high,-3.4846456050872803,-5.296176910400391,-1.8115313053131104
hindi,0,699_hindi_fake_0699,699,hindi_griffinlim_eval_final/fake_hindi_griffinlim/hindi_fake_0699.wav,original,-0.5863984823226929,-0.5863984823226929,0.0
hindi,0,699_hindi_fake_0699,699,hindi_griffinlim_eval_final/fake_hindi_griffinlim/hindi_fake_0699.wav,remove_low,-0.5863984823226929,6.095693588256836,6.682092070579529
hindi,0,699_hindi_fake_0699,699,hindi_griffinlim_eval_final/fake_hindi_griffinlim/hindi_fake_0699.wav,remove_mid,-0.5863984823226929,3.4183151721954346,4.004713654518127
hindi,0,699_hindi_fake_0699,699,hindi_griffinlim_eval_final/fake_hindi_griffinlim/hindi_fake_0699.wav,remove_high,-0.5863984823226929,-1.369618535041809,-0.7832200527191162
hindi,0,705_hindi_fake_0705,705,hindi_griffinlim_eval_final/fake_hindi_griffinlim/hindi_fake_0705.wav,original,7.040634632110596,7.040634632110596,0.0
hindi,0,705_hindi_fake_0705,705,hindi_griffinlim_eval_final/fake_hindi_griffinlim/hindi_fake_0705.wav,remove_low,7.040634632110596,6.347193717956543,-0.6934409141540527
hindi,0,705_hindi_fake_0705,705,hindi_griffinlim_eval_final/fake_hindi_griffinlim/hindi_fake_0705.wav,remove_mid,7.040634632110596,6.899359703063965,-0.14127492904663086
hindi,0,705_hindi_fake_0705,705,hindi_griffinlim_eval_final/fake_hindi_griffinlim/hindi_fake_0705.wav,remove_high,7.040634632110596,6.8689188957214355,-0.17171573638916016
hindi,0,72_hindi_fake_0072,72,hindi_griffinlim_eval_final/fake_hindi_griffinlim/hindi_fake_0072.wav,original,-0.9274416565895081,-0.9274416565895081,0.0
hindi,0,72_hindi_fake_0072,72,hindi_griffinlim_eval_final/fake_hindi_griffinlim/hindi_fake_0072.wav,remove_low,-0.9274416565895081,4.693504333496094,5.620945990085602
hindi,0,72_hindi_fake_0072,72,hindi_griffinlim_eval_final/fake_hindi_griffinlim/hindi_fake_0072.wav,remove_mid,-0.9274416565895081,5.210054874420166,6.137496531009674
hindi,0,72_hindi_fake_0072,72,hindi_griffinlim_eval_final/fake_hindi_griffinlim/hindi_fake_0072.wav,remove_high,-0.9274416565895081,-0.7977379560470581,0.12970370054244995
hindi,0,725_hindi_fake_0725,725,hindi_griffinlim_eval_final/fake_hindi_griffinlim/hindi_fake_0725.wav,original,-3.8718221187591553,-3.8718221187591553,0.0
hindi,0,725_hindi_fake_0725,725,hindi_griffinlim_eval_final/fake_hindi_griffinlim/hindi_fake_0725.wav,remove_low,-3.8718221187591553,6.463191032409668,10.335013151168823
hindi,0,725_hindi_fake_0725,725,hindi_griffinlim_eval_final/fake_hindi_griffinlim/hindi_fake_0725.wav,remove_mid,-3.8718221187591553,-0.9889277219772339,2.8828943967819214
hindi,0,725_hindi_fake_0725,725,hindi_griffinlim_eval_final/fake_hindi_griffinlim/hindi_fake_0725.wav,remove_high,-3.8718221187591553,-4.715975284576416,-0.8441531658172607
hindi,0,726_hindi_fake_0726,726,hindi_griffinlim_eval_final/fake_hindi_griffinlim/hindi_fake_0726.wav,original,6.539549350738525,6.539549350738525,0.0
hindi,0,726_hindi_fake_0726,726,hindi_griffinlim_eval_final/fake_hindi_griffinlim/hindi_fake_0726.wav,remove_low,6.539549350738525,6.554980754852295,0.015431404113769531
hindi,0,726_hindi_fake_0726,726,hindi_griffinlim_eval_final/fake_hindi_griffinlim/hindi_fake_0726.wav,remove_mid,6.539549350738525,6.825196266174316,0.285646915435791
hindi,0,726_hindi_fake_0726,726,hindi_griffinlim_eval_final/fake_hindi_griffinlim/hindi_fake_0726.wav,remove_high,6.539549350738525,5.721194267272949,-0.8183550834655762
hindi,0,76_hindi_fake_0076,76,hindi_griffinlim_eval_final/fake_hindi_griffinlim/hindi_fake_0076.wav,original,0.009264830499887466,0.009264830499887466,0.0
hindi,0,76_hindi_fake_0076,76,hindi_griffinlim_eval_final/fake_hindi_griffinlim/hindi_fake_0076.wav,remove_low,0.009264830499887466,5.734648704528809,5.725383874028921
hindi,0,76_hindi_fake_0076,76,hindi_griffinlim_eval_final/fake_hindi_griffinlim/hindi_fake_0076.wav,remove_mid,0.009264830499887466,5.804295063018799,5.795030232518911
hindi,0,76_hindi_fake_0076,76,hindi_griffinlim_eval_final/fake_hindi_griffinlim/hindi_fake_0076.wav,remove_high,0.009264830499887466,-0.5505680441856384,-0.5598328746855259
hindi,0,772_hindi_fake_0772,772,hindi_griffinlim_eval_final/fake_hindi_griffinlim/hindi_fake_0772.wav,original,3.793212413787842,3.793212413787842,0.0
hindi,0,772_hindi_fake_0772,772,hindi_griffinlim_eval_final/fake_hindi_griffinlim/hindi_fake_0772.wav,remove_low,3.793212413787842,-5.5978522300720215,-9.391064643859863
hindi,0,772_hindi_fake_0772,772,hindi_griffinlim_eval_final/fake_hindi_griffinlim/hindi_fake_0772.wav,remove_mid,3.793212413787842,-0.4399499297142029,-4.233162343502045
hindi,0,772_hindi_fake_0772,772,hindi_griffinlim_eval_final/fake_hindi_griffinlim/hindi_fake_0772.wav,remove_high,3.793212413787842,3.492095947265625,-0.3011164665222168
hindi,0,777_hindi_fake_0777,777,hindi_griffinlim_eval_final/fake_hindi_griffinlim/hindi_fake_0777.wav,original,-3.095722198486328,-3.095722198486328,0.0
hindi,0,777_hindi_fake_0777,777,hindi_griffinlim_eval_final/fake_hindi_griffinlim/hindi_fake_0777.wav,remove_low,-3.095722198486328,6.352230072021484,9.447952270507812
hindi,0,777_hindi_fake_0777,777,hindi_griffinlim_eval_final/fake_hindi_griffinlim/hindi_fake_0777.wav,remove_mid,-3.095722198486328,-0.18589703738689423,2.909825161099434
hindi,0,777_hindi_fake_0777,777,hindi_griffinlim_eval_final/fake_hindi_griffinlim/hindi_fake_0777.wav,remove_high,-3.095722198486328,-3.6619420051574707,-0.5662198066711426
hindi,0,782_hindi_fake_0782,782,hindi_griffinlim_eval_final/fake_hindi_griffinlim/hindi_fake_0782.wav,original,5.694984436035156,5.694984436035156,0.0
hindi,0,782_hindi_fake_0782,782,hindi_griffinlim_eval_final/fake_hindi_griffinlim/hindi_fake_0782.wav,remove_low,5.694984436035156,-1.5123522281646729,-7.207336664199829
hindi,0,782_hindi_fake_0782,782,hindi_griffinlim_eval_final/fake_hindi_griffinlim/hindi_fake_0782.wav,remove_mid,5.694984436035156,2.1100645065307617,-3.5849199295043945
hindi,0,782_hindi_fake_0782,782,hindi_griffinlim_eval_final/fake_hindi_griffinlim/hindi_fake_0782.wav,remove_high,5.694984436035156,5.31461763381958,-0.38036680221557617
hindi,0,797_hindi_fake_0797,797,hindi_griffinlim_eval_final/fake_hindi_griffinlim/hindi_fake_0797.wav,original,0.23707352578639984,0.23707352578639984,0.0
hindi,0,797_hindi_fake_0797,797,hindi_griffinlim_eval_final/fake_hindi_griffinlim/hindi_fake_0797.wav,remove_low,0.23707352578639984,5.73503303527832,5.4979595094919205
hindi,0,797_hindi_fake_0797,797,hindi_griffinlim_eval_final/fake_hindi_griffinlim/hindi_fake_0797.wav,remove_mid,0.23707352578639984,3.058283805847168,2.821210280060768
hindi,0,797_hindi_fake_0797,797,hindi_griffinlim_eval_final/fake_hindi_griffinlim/hindi_fake_0797.wav,remove_high,0.23707352578639984,-0.5850117206573486,-0.8220852464437485
hindi,0,802_hindi_fake_0802,802,hindi_griffinlim_eval_final/fake_hindi_griffinlim/hindi_fake_0802.wav,original,-5.443802833557129,-5.443802833557129,0.0
hindi,0,802_hindi_fake_0802,802,hindi_griffinlim_eval_final/fake_hindi_griffinlim/hindi_fake_0802.wav,remove_low,-5.443802833557129,5.450669288635254,10.894472122192383
hindi,0,802_hindi_fake_0802,802,hindi_griffinlim_eval_final/fake_hindi_griffinlim/hindi_fake_0802.wav,remove_mid,-5.443802833557129,-4.544219970703125,0.8995828628540039
hindi,0,802_hindi_fake_0802,802,hindi_griffinlim_eval_final/fake_hindi_griffinlim/hindi_fake_0802.wav,remove_high,-5.443802833557129,-5.900754928588867,-0.4569520950317383
hindi,0,83_hindi_fake_0083,83,hindi_griffinlim_eval_final/fake_hindi_griffinlim/hindi_fake_0083.wav,original,0.44526004791259766,0.44526004791259766,0.0
hindi,0,83_hindi_fake_0083,83,hindi_griffinlim_eval_final/fake_hindi_griffinlim/hindi_fake_0083.wav,remove_low,0.44526004791259766,-6.047118663787842,-6.4923787117004395
hindi,0,83_hindi_fake_0083,83,hindi_griffinlim_eval_final/fake_hindi_griffinlim/hindi_fake_0083.wav,remove_mid,0.44526004791259766,-1.0244914293289185,-1.4697514772415161
hindi,0,83_hindi_fake_0083,83,hindi_griffinlim_eval_final/fake_hindi_griffinlim/hindi_fake_0083.wav,remove_high,0.44526004791259766,-0.8151873350143433,-1.260447382926941
hindi,0,830_hindi_fake_0830,830,hindi_griffinlim_eval_final/fake_hindi_griffinlim/hindi_fake_0830.wav,original,-0.5401476621627808,-0.5401476621627808,0.0
hindi,0,830_hindi_fake_0830,830,hindi_griffinlim_eval_final/fake_hindi_griffinlim/hindi_fake_0830.wav,remove_low,-0.5401476621627808,5.939764022827148,6.479911684989929
hindi,0,830_hindi_fake_0830,830,hindi_griffinlim_eval_final/fake_hindi_griffinlim/hindi_fake_0830.wav,remove_mid,-0.5401476621627808,0.531008243560791,1.0711559057235718
hindi,0,830_hindi_fake_0830,830,hindi_griffinlim_eval_final/fake_hindi_griffinlim/hindi_fake_0830.wav,remove_high,-0.5401476621627808,-2.6071243286132812,-2.0669766664505005
hindi,0,836_hindi_fake_0836,836,hindi_griffinlim_eval_final/fake_hindi_griffinlim/hindi_fake_0836.wav,original,6.093073844909668,6.093073844909668,0.0
hindi,0,836_hindi_fake_0836,836,hindi_griffinlim_eval_final/fake_hindi_griffinlim/hindi_fake_0836.wav,remove_low,6.093073844909668,6.5781168937683105,0.4850430488586426
hindi,0,836_hindi_fake_0836,836,hindi_griffinlim_eval_final/fake_hindi_griffinlim/hindi_fake_0836.wav,remove_mid,6.093073844909668,6.860641956329346,0.7675681114196777
hindi,0,836_hindi_fake_0836,836,hindi_griffinlim_eval_final/fake_hindi_griffinlim/hindi_fake_0836.wav,remove_high,6.093073844909668,5.612427234649658,-0.48064661026000977
hindi,0,839_hindi_fake_0839,839,hindi_griffinlim_eval_final/fake_hindi_griffinlim/hindi_fake_0839.wav,original,-5.496336936950684,-5.496336936950684,0.0
hindi,0,839_hindi_fake_0839,839,hindi_griffinlim_eval_final/fake_hindi_griffinlim/hindi_fake_0839.wav,remove_low,-5.496336936950684,1.0302492380142212,6.526586174964905
hindi,0,839_hindi_fake_0839,839,hindi_griffinlim_eval_final/fake_hindi_griffinlim/hindi_fake_0839.wav,remove_mid,-5.496336936950684,-1.4439265727996826,4.052410364151001
hindi,0,839_hindi_fake_0839,839,hindi_griffinlim_eval_final/fake_hindi_griffinlim/hindi_fake_0839.wav,remove_high,-5.496336936950684,-6.027518272399902,-0.5311813354492188
hindi,0,841_hindi_fake_0841,841,hindi_griffinlim_eval_final/fake_hindi_griffinlim/hindi_fake_0841.wav,original,2.7261769771575928,2.7261769771575928,0.0
hindi,0,841_hindi_fake_0841,841,hindi_griffinlim_eval_final/fake_hindi_griffinlim/hindi_fake_0841.wav,remove_low,2.7261769771575928,6.528669357299805,3.802492380142212
hindi,0,841_hindi_fake_0841,841,hindi_griffinlim_eval_final/fake_hindi_griffinlim/hindi_fake_0841.wav,remove_mid,2.7261769771575928,5.760968208312988,3.0347912311553955
hindi,0,841_hindi_fake_0841,841,hindi_griffinlim_eval_final/fake_hindi_griffinlim/hindi_fake_0841.wav,remove_high,2.7261769771575928,-0.4800158143043518,-3.2061927914619446
hindi,0,843_hindi_fake_0843,843,hindi_griffinlim_eval_final/fake_hindi_griffinlim/hindi_fake_0843.wav,original,-1.8988786935806274,-1.8988786935806274,0.0
hindi,0,843_hindi_fake_0843,843,hindi_griffinlim_eval_final/fake_hindi_griffinlim/hindi_fake_0843.wav,remove_low,-1.8988786935806274,6.300539970397949,8.199418663978577
hindi,0,843_hindi_fake_0843,843,hindi_griffinlim_eval_final/fake_hindi_griffinlim/hindi_fake_0843.wav,remove_mid,-1.8988786935806274,0.06040565297007561,1.959284346550703
hindi,0,843_hindi_fake_0843,843,hindi_griffinlim_eval_final/fake_hindi_griffinlim/hindi_fake_0843.wav,remove_high,-1.8988786935806274,-2.8796112537384033,-0.9807325601577759
hindi,0,854_hindi_fake_0854,854,hindi_griffinlim_eval_final/fake_hindi_griffinlim/hindi_fake_0854.wav,original,-0.4957462549209595,-0.4957462549209595,0.0
hindi,0,854_hindi_fake_0854,854,hindi_griffinlim_eval_final/fake_hindi_griffinlim/hindi_fake_0854.wav,remove_low,-0.4957462549209595,4.8848066329956055,5.380552887916565
hindi,0,854_hindi_fake_0854,854,hindi_griffinlim_eval_final/fake_hindi_griffinlim/hindi_fake_0854.wav,remove_mid,-0.4957462549209595,0.17819052934646606,0.6739367842674255
hindi,0,854_hindi_fake_0854,854,hindi_griffinlim_eval_final/fake_hindi_griffinlim/hindi_fake_0854.wav,remove_high,-0.4957462549209595,-1.6828287839889526,-1.1870825290679932
hindi,0,857_hindi_fake_0857,857,hindi_griffinlim_eval_final/fake_hindi_griffinlim/hindi_fake_0857.wav,original,6.395221710205078,6.395221710205078,0.0
hindi,0,857_hindi_fake_0857,857,hindi_griffinlim_eval_final/fake_hindi_griffinlim/hindi_fake_0857.wav,remove_low,6.395221710205078,6.593046188354492,0.19782447814941406
hindi,0,857_hindi_fake_0857,857,hindi_griffinlim_eval_final/fake_hindi_griffinlim/hindi_fake_0857.wav,remove_mid,6.395221710205078,6.925374984741211,0.5301532745361328
hindi,0,857_hindi_fake_0857,857,hindi_griffinlim_eval_final/fake_hindi_griffinlim/hindi_fake_0857.wav,remove_high,6.395221710205078,5.999055862426758,-0.3961658477783203
hindi,0,865_hindi_fake_0865,865,hindi_griffinlim_eval_final/fake_hindi_griffinlim/hindi_fake_0865.wav,original,0.17459271848201752,0.17459271848201752,0.0
hindi,0,865_hindi_fake_0865,865,hindi_griffinlim_eval_final/fake_hindi_griffinlim/hindi_fake_0865.wav,remove_low,0.17459271848201752,6.503943920135498,6.3293512016534805
hindi,0,865_hindi_fake_0865,865,hindi_griffinlim_eval_final/fake_hindi_griffinlim/hindi_fake_0865.wav,remove_mid,0.17459271848201752,5.507721900939941,5.333129182457924
hindi,0,865_hindi_fake_0865,865,hindi_griffinlim_eval_final/fake_hindi_griffinlim/hindi_fake_0865.wav,remove_high,0.17459271848201752,-0.452082097530365,-0.6266748160123825
hindi,0,867_hindi_fake_0867,867,hindi_griffinlim_eval_final/fake_hindi_griffinlim/hindi_fake_0867.wav,original,-3.6711435317993164,-3.6711435317993164,0.0
hindi,0,867_hindi_fake_0867,867,hindi_griffinlim_eval_final/fake_hindi_griffinlim/hindi_fake_0867.wav,remove_low,-3.6711435317993164,4.260730743408203,7.9318742752075195
hindi,0,867_hindi_fake_0867,867,hindi_griffinlim_eval_final/fake_hindi_griffinlim/hindi_fake_0867.wav,remove_mid,-3.6711435317993164,-0.14869503676891327,3.522448495030403
hindi,0,867_hindi_fake_0867,867,hindi_griffinlim_eval_final/fake_hindi_griffinlim/hindi_fake_0867.wav,remove_high,-3.6711435317993164,-3.594512939453125,0.0766305923461914
hindi,0,879_hindi_fake_0879,879,hindi_griffinlim_eval_final/fake_hindi_griffinlim/hindi_fake_0879.wav,original,-5.659997940063477,-5.659997940063477,0.0
hindi,0,879_hindi_fake_0879,879,hindi_griffinlim_eval_final/fake_hindi_griffinlim/hindi_fake_0879.wav,remove_low,-5.659997940063477,4.742676734924316,10.402674674987793
hindi,0,879_hindi_fake_0879,879,hindi_griffinlim_eval_final/fake_hindi_griffinlim/hindi_fake_0879.wav,remove_mid,-5.659997940063477,-4.813808441162109,0.8461894989013672
hindi,0,879_hindi_fake_0879,879,hindi_griffinlim_eval_final/fake_hindi_griffinlim/hindi_fake_0879.wav,remove_high,-5.659997940063477,-5.911278247833252,-0.2512803077697754
hindi,0,883_hindi_fake_0883,883,hindi_griffinlim_eval_final/fake_hindi_griffinlim/hindi_fake_0883.wav,original,-0.2709607481956482,-0.2709607481956482,0.0
hindi,0,883_hindi_fake_0883,883,hindi_griffinlim_eval_final/fake_hindi_griffinlim/hindi_fake_0883.wav,remove_low,-0.2709607481956482,6.083493232727051,6.354453980922699
hindi,0,883_hindi_fake_0883,883,hindi_griffinlim_eval_final/fake_hindi_griffinlim/hindi_fake_0883.wav,remove_mid,-0.2709607481956482,3.5974185466766357,3.868379294872284
hindi,0,883_hindi_fake_0883,883,hindi_griffinlim_eval_final/fake_hindi_griffinlim/hindi_fake_0883.wav,remove_high,-0.2709607481956482,-0.5989964604377747,-0.32803571224212646
hindi,0,884_hindi_fake_0884,884,hindi_griffinlim_eval_final/fake_hindi_griffinlim/hindi_fake_0884.wav,original,6.570932865142822,6.570932865142822,0.0
hindi,0,884_hindi_fake_0884,884,hindi_griffinlim_eval_final/fake_hindi_griffinlim/hindi_fake_0884.wav,remove_low,6.570932865142822,6.801881790161133,0.23094892501831055
hindi,0,884_hindi_fake_0884,884,hindi_griffinlim_eval_final/fake_hindi_griffinlim/hindi_fake_0884.wav,remove_mid,6.570932865142822,6.9925127029418945,0.42157983779907227
hindi,0,884_hindi_fake_0884,884,hindi_griffinlim_eval_final/fake_hindi_griffinlim/hindi_fake_0884.wav,remove_high,6.570932865142822,6.372529983520508,-0.19840288162231445
hindi,0,888_hindi_fake_0888,888,hindi_griffinlim_eval_final/fake_hindi_griffinlim/hindi_fake_0888.wav,original,3.8510518074035645,3.8510518074035645,0.0
hindi,0,888_hindi_fake_0888,888,hindi_griffinlim_eval_final/fake_hindi_griffinlim/hindi_fake_0888.wav,remove_low,3.8510518074035645,5.786307334899902,1.935255527496338
hindi,0,888_hindi_fake_0888,888,hindi_griffinlim_eval_final/fake_hindi_griffinlim/hindi_fake_0888.wav,remove_mid,3.8510518074035645,6.694280624389648,2.843228816986084
hindi,0,888_hindi_fake_0888,888,hindi_griffinlim_eval_final/fake_hindi_griffinlim/hindi_fake_0888.wav,remove_high,3.8510518074035645,3.4297375679016113,-0.4213142395019531
hindi,0,897_hindi_fake_0897,897,hindi_griffinlim_eval_final/fake_hindi_griffinlim/hindi_fake_0897.wav,original,-0.4498406648635864,-0.4498406648635864,0.0
hindi,0,897_hindi_fake_0897,897,hindi_griffinlim_eval_final/fake_hindi_griffinlim/hindi_fake_0897.wav,remove_low,-0.4498406648635864,5.648525714874268,6.098366379737854
hindi,0,897_hindi_fake_0897,897,hindi_griffinlim_eval_final/fake_hindi_griffinlim/hindi_fake_0897.wav,remove_mid,-0.4498406648635864,5.660280704498291,6.110121369361877
hindi,0,897_hindi_fake_0897,897,hindi_griffinlim_eval_final/fake_hindi_griffinlim/hindi_fake_0897.wav,remove_high,-0.4498406648635864,-0.48888516426086426,-0.03904449939727783
hindi,0,902_hindi_fake_0902,902,hindi_griffinlim_eval_final/fake_hindi_griffinlim/hindi_fake_0902.wav,original,4.793251991271973,4.793251991271973,0.0
hindi,0,902_hindi_fake_0902,902,hindi_griffinlim_eval_final/fake_hindi_griffinlim/hindi_fake_0902.wav,remove_low,4.793251991271973,6.669336318969727,1.876084327697754
hindi,0,902_hindi_fake_0902,902,hindi_griffinlim_eval_final/fake_hindi_griffinlim/hindi_fake_0902.wav,remove_mid,4.793251991271973,6.155298709869385,1.362046718597412
hindi,0,902_hindi_fake_0902,902,hindi_griffinlim_eval_final/fake_hindi_griffinlim/hindi_fake_0902.wav,remove_high,4.793251991271973,3.5094499588012695,-1.2838020324707031
hindi,0,907_hindi_fake_0907,907,hindi_griffinlim_eval_final/fake_hindi_griffinlim/hindi_fake_0907.wav,original,-1.1831456422805786,-1.1831456422805786,0.0
hindi,0,907_hindi_fake_0907,907,hindi_griffinlim_eval_final/fake_hindi_griffinlim/hindi_fake_0907.wav,remove_low,-1.1831456422805786,-0.5493682622909546,0.633777379989624
hindi,0,907_hindi_fake_0907,907,hindi_griffinlim_eval_final/fake_hindi_griffinlim/hindi_fake_0907.wav,remove_mid,-1.1831456422805786,-1.3071768283843994,-0.1240311861038208
hindi,0,907_hindi_fake_0907,907,hindi_griffinlim_eval_final/fake_hindi_griffinlim/hindi_fake_0907.wav,remove_high,-1.1831456422805786,-3.6131203174591064,-2.429974675178528
hindi,0,916_hindi_fake_0916,916,hindi_griffinlim_eval_final/fake_hindi_griffinlim/hindi_fake_0916.wav,original,-2.771721363067627,-2.771721363067627,0.0
hindi,0,916_hindi_fake_0916,916,hindi_griffinlim_eval_final/fake_hindi_griffinlim/hindi_fake_0916.wav,remove_low,-2.771721363067627,4.526243209838867,7.297964572906494
hindi,0,916_hindi_fake_0916,916,hindi_griffinlim_eval_final/fake_hindi_griffinlim/hindi_fake_0916.wav,remove_mid,-2.771721363067627,-0.727759599685669,2.043961763381958
hindi,0,916_hindi_fake_0916,916,hindi_griffinlim_eval_final/fake_hindi_griffinlim/hindi_fake_0916.wav,remove_high,-2.771721363067627,-3.581728935241699,-0.8100075721740723
hindi,0,937_hindi_fake_0937,937,hindi_griffinlim_eval_final/fake_hindi_griffinlim/hindi_fake_0937.wav,original,0.21827366948127747,0.21827366948127747,0.0
hindi,0,937_hindi_fake_0937,937,hindi_griffinlim_eval_final/fake_hindi_griffinlim/hindi_fake_0937.wav,remove_low,0.21827366948127747,5.139981269836426,4.921707600355148
hindi,0,937_hindi_fake_0937,937,hindi_griffinlim_eval_final/fake_hindi_griffinlim/hindi_fake_0937.wav,remove_mid,0.21827366948127747,2.5482640266418457,2.3299903571605682
hindi,0,937_hindi_fake_0937,937,hindi_griffinlim_eval_final/fake_hindi_griffinlim/hindi_fake_0937.wav,remove_high,0.21827366948127747,-0.5489248037338257,-0.7671984732151031
hindi,0,948_hindi_fake_0948,948,hindi_griffinlim_eval_final/fake_hindi_griffinlim/hindi_fake_0948.wav,original,-2.4649300575256348,-2.4649300575256348,0.0
hindi,0,948_hindi_fake_0948,948,hindi_griffinlim_eval_final/fake_hindi_griffinlim/hindi_fake_0948.wav,remove_low,-2.4649300575256348,-0.5109654664993286,1.9539645910263062
hindi,0,948_hindi_fake_0948,948,hindi_griffinlim_eval_final/fake_hindi_griffinlim/hindi_fake_0948.wav,remove_mid,-2.4649300575256348,3.288094997406006,5.753025054931641
hindi,0,948_hindi_fake_0948,948,hindi_griffinlim_eval_final/fake_hindi_griffinlim/hindi_fake_0948.wav,remove_high,-2.4649300575256348,-3.2715954780578613,-0.8066654205322266
hindi,0,961_hindi_fake_0961,961,hindi_griffinlim_eval_final/fake_hindi_griffinlim/hindi_fake_0961.wav,original,-0.2886560559272766,-0.2886560559272766,0.0
hindi,0,961_hindi_fake_0961,961,hindi_griffinlim_eval_final/fake_hindi_griffinlim/hindi_fake_0961.wav,remove_low,-0.2886560559272766,6.091667175292969,6.380323231220245
hindi,0,961_hindi_fake_0961,961,hindi_griffinlim_eval_final/fake_hindi_griffinlim/hindi_fake_0961.wav,remove_mid,-0.2886560559272766,5.739616394042969,6.028272449970245
hindi,0,961_hindi_fake_0961,961,hindi_griffinlim_eval_final/fake_hindi_griffinlim/hindi_fake_0961.wav,remove_high,-0.2886560559272766,-0.3341847062110901,-0.04552865028381348
hindi,0,966_hindi_fake_0966,966,hindi_griffinlim_eval_final/fake_hindi_griffinlim/hindi_fake_0966.wav,original,0.1769377589225769,0.1769377589225769,0.0
hindi,0,966_hindi_fake_0966,966,hindi_griffinlim_eval_final/fake_hindi_griffinlim/hindi_fake_0966.wav,remove_low,0.1769377589225769,6.327980995178223,6.151043236255646
hindi,0,966_hindi_fake_0966,966,hindi_griffinlim_eval_final/fake_hindi_griffinlim/hindi_fake_0966.wav,remove_mid,0.1769377589225769,4.2944440841674805,4.117506325244904
hindi,0,966_hindi_fake_0966,966,hindi_griffinlim_eval_final/fake_hindi_griffinlim/hindi_fake_0966.wav,remove_high,0.1769377589225769,-0.3135901987552643,-0.4905279576778412
hindi,0,99_hindi_fake_0099,99,hindi_griffinlim_eval_final/fake_hindi_griffinlim/hindi_fake_0099.wav,original,-4.645284652709961,-4.645284652709961,0.0
hindi,0,99_hindi_fake_0099,99,hindi_griffinlim_eval_final/fake_hindi_griffinlim/hindi_fake_0099.wav,remove_low,-4.645284652709961,0.12161141633987427,4.766896069049835
hindi,0,99_hindi_fake_0099,99,hindi_griffinlim_eval_final/fake_hindi_griffinlim/hindi_fake_0099.wav,remove_mid,-4.645284652709961,-0.3934793472290039,4.251805305480957
hindi,0,99_hindi_fake_0099,99,hindi_griffinlim_eval_final/fake_hindi_griffinlim/hindi_fake_0099.wav,remove_high,-4.645284652709961,-3.5150678157806396,1.1302168369293213
hindi,0,994_hindi_fake_0994,994,hindi_griffinlim_eval_final/fake_hindi_griffinlim/hindi_fake_0994.wav,original,5.870182991027832,5.870182991027832,0.0
hindi,0,994_hindi_fake_0994,994,hindi_griffinlim_eval_final/fake_hindi_griffinlim/hindi_fake_0994.wav,remove_low,5.870182991027832,6.789733409881592,0.9195504188537598
hindi,0,994_hindi_fake_0994,994,hindi_griffinlim_eval_final/fake_hindi_griffinlim/hindi_fake_0994.wav,remove_mid,5.870182991027832,6.709996223449707,0.839813232421875
hindi,0,994_hindi_fake_0994,994,hindi_griffinlim_eval_final/fake_hindi_griffinlim/hindi_fake_0994.wav,remove_high,5.870182991027832,4.349854946136475,-1.5203280448913574
