language,pair_id,client_id,duration_s,rms,peak,low_energy_frac,mid_energy_frac,high_energy_frac,propensity_hindi,overlap_weight
english,0,45bac0b1844eda8f7fdb915e9070089e152b437f33a9f0ae3800195ce24350d2887f757aa200129cac918867663d1cd989546dc73bee55ecef04637f973c9951,7.56,0.07267078527006897,0.578338623046875,0.8615980517900368,0.11472971434649044,0.022560786896914965,0.05487390867936697,0.05487390867936697
english,1,a79053332666959d49c7f1ebb837a28ed8ba392c55c55ae9ff8e23ed1f9174612470eba3342acc09f9aabba6ce43eedeceb4a6d08a636b7da04abe058d03af3f,4.68,0.07339568532786757,0.506622314453125,0.9176067036728579,0.06834332505535086,0.012981980584631804,0.027783255791226227,0.027783255791226227
english,2,05c2823695fcf6a61cfee3126b93d7211e4389c008694f2db5278f438c475119a3fdcfb48deb73ab433137dea310157a0143ca155b95ba0700ed4751f76f605f,7.296,0.09134105502886192,0.989990234375,0.8857408716601499,0.10204577223872086,0.01173329367554147,0.014917796905380514,0.014917796905380514
english,3,7133f45eca7e693b9d34f6ec989603887be32bbe9f50bdfa1f5d30438869d07ccb08c12e55338c9448903723ae3becc5e8b6326c00b90d727cbe7142f826e180,6.528,0.08293305756482464,0.95294189453125,0.6254648849480989,0.304919678103588,0.06882426796770502,0.13316864866558198,0.13316864866558198
english,4,610f1e0425c07be38daa13dd69efca6c452b8a3aa61ddb294cd15fc382457bb6b1068ee70964140c24cd4792569f510951b730733425773dfb1177419659f990,4.716,0.06319547307153349,0.663421630859375,0.8492586757542115,0.1331532054936582,0.016040051845244496,0.008687890033823356,0.008687890033823356
english,5,8e3c3472fcd01198c79948ec91b37ad9bfbfafde08e87dc56eaf70a15188ab263aa3a85f01ad2dfdf623e1d4053bc56fbb5e0ad820a8b77444d6c3dc1d24e7fb,2.808,0.1463586499894575,0.989990234375,0.9089058020012685,0.0883781888991975,0.0025504930197374973,0.35452769551656743,0.35452769551656743
english,6,ea39e5b1167b73b71b84a9fc11f61de538300ac3202879293f05a1967f57e9039faeb00684199a7b7a0f5f52255eb5afea7f847cdf3310cff4db57cbc82194cc,7.452,0.09419190111114453,0.802642822265625,0.4289347278129405,0.5504892237563873,0.020012611733738948,0.8710352349101944,0.8710352349101944
english,7,02718e6068e2d4292ebb32deaefc1cb424d3bf323c8fbd29225d1265b58089ef26ad1e5295382ecd05c48a150ff399f46d10059e2491b98ceb5b08c498afb1eb,3.984,0.028365210029015018,0.275115966796875,0.7554295309787755,0.15250912297890287,0.0855722221283295,0.01614399809011795,0.01614399809011795
english,8,287db5b3c7065ffc1e6827c0bc87dc4a6b6a45c159642fe8d490d5adb6ce18a5b4b528f921503762bbb20b1fcd84f5f8256a9a11cd4ccf55964f301b416b08d2,4.5,0.04609480559547587,0.354583740234375,0.8309802590357962,0.07866315351923103,0.08787043712840327,0.02488504452912906,0.02488504452912906
english,9,bfa46e4905ae85ce085800b03f8bc77ff9b8eb2ef591b35335ff6baf2bd034e2ddcdf24d02e9c82f99ca770b584e45732bc15cf409aa12485ad9e5c1e06c368b,2.64,0.024762786667666424,0.18267822265625,0.7237016798469832,0.2290418740315332,0.04029474268358258,0.016233807944369513,0.016233807944369513
english,10,1c5ac4e60d78e04c497fcf0631e17dc41c4194fdaf8646e5e610b31d0236efafa34c7a9f85556dd028caeec1c3af0a452aa7ea8c759c5ab70bab73bfd8372808,6.48,0.036923349232655306,0.368927001953125,0.8643659418794857,0.09973797312662648,0.03206424526859918,0.007703285560147025,0.007703285560147025
english,11,dcde65861c30448743ac761cade398b1d27a13981a2455310b6ed9e2c2cf64150a920420006b6ce402004ab1c0213634e720f23e0d6b5355f2d792fc17afb400,2.976,0.010222506332125311,0.081451416015625,0.45519595756295456,0.40248399341908303,0.12286209465719025,0.18074974865273877,0.18074974865273877
english,12,31b8e2787d4beaffa210309b361d84ba70dcec806fb41fbbe0f081f473289039da13d11eb64125e0746fc72adb2bec40a73e8db55b1692aa7a4e86dd68667a30,5.184,0.03253128287904443,0.28778076171875,0.5139385202433477,0.4237213700874525,0.05805205720535364,0.21025106378799782,0.21025106378799782
english,13,8e91a247ca7696cb0530ac8b83b477578fd91898a3bc219cff8043a98dda87ecd3764290ba9f76672a457242c7c39ed72d8ec123734ea2b3e849c02f0ad5b447,5.868,0.08846039349056925,0.766357421875,0.7072047644778509,0.27952069826057535,0.01256461179648296,0.17799950494346026,0.17799950494346026
english,14,d43f808f4c373507a4ae651689eda02e203066d3b081af35a5940015a6d6c1e7ba2751e8d62abc4b521d54574fe37cfbac6afc72089c0ccafd53c27483275ec7,5.796,0.027929846260076902,0.4228515625,0.5678732710902333,0.393135200859719,0.03353453386683895,0.04047836763432197,0.04047836763432197
english,15,f748c3446cc12be48e26ebea896c3422ed8c447593cb4ebea1b829cb299d1bd5fb6d9d0b08be0d399a19a66dc5241d83603859cc01caa939d3dff5059e02abce,6.816,0.09777475798870543,0.82672119140625,0.48724077373216085,0.47426603663440264,0.03799188554663135,0.8135056305362015,0.8135056305362015
english,16,f948443d2b457137c5ae390f985149e70a16666c61ba3b787a88c204622a5b5b90f30910bcede725f3a1fdf742bec63c99978d15d9eb10930a2641d4aff3bbea,3.144,0.028670538235947757,0.22686767578125,0.7333790518557021,0.20609154541003327,0.05467451993638283,0.01923014585907446,0.01923014585907446
english,17,1fc06ae2858fe60314b607d8728ce36d5dcd8f22f6f13b106b6c4a346da6e0d00fa406883a1bfa9a0973fa46de07b02b471559048f76b07fd708d71dbac8907c,3.528,0.13401180400301488,0.9156494140625,0.8992529849001822,0.09357894071533267,0.006801274457822139,0.2819768426618195,0.2819768426618195
english,18,7835d8b47d67c96f66ab4d9d0e1269cd46ab970e7a5f1adc30ef6e6129b4dc2567289113ed59273ae72a5668b903851356bc4f268043717b3fa1ad433bf651d6,4.824,0.019829312563563777,0.159637451171875,0.7779131146155268,0.1390724984999816,0.07133889335300266,0.013394850982173573,0.013394850982173573
english,19,fb919534447910b303adb39567779ddf6d8fb1404aca83de7c475f8ff4ff463f85677575022253c3a6700769e3d79bf17516b72ec038e5a1b9d5f803dc6e166a,3.264,0.08708529675616103,0.61016845703125,0.9237603191371199,0.040626726700693706,0.03481314543835314,0.0381881337779668,0.0381881337779668
english,20,6325c76fb5e68d55674df688a91178a08ce91db4b3927b94d908b67680d9548f006ce4ca4564203006a4ffb6d5aa44dfa55bc63e6a740432bd060181c6418d42,5.472,0.09803816886876879,0.989990234375,0.5029637641517677,0.2509743567620033,0.24556016933965244,0.8001377075789451,0.8001377075789451
english,21,8796693fb19970eda73c742a411fd9fdea613f4d64d9a3b5e6c756fa7dc6648f34705ff8b294fa3543663ed6b1b6ab6f5cc2e37f278ab0b112aaa9c2de33aa20,5.688,0.0066870458175305,0.033966064453125,0.5068891321562835,0.320246724341533,0.1466971104181256,0.2054777787684414,0.2054777787684414
english,22,389d64208bb16616aeaefd59ad89624adf2f7cb0e68d4d97c380215b52a7eced9d0849bb269542471cf25cbddd543932c79011b751eb6d7380245a6da0eb1eff,6.948,0.05834814856756257,0.879913330078125,0.7779623566493364,0.1886573263045699,0.0318421038501139,0.0052125571939596604,0.0052125571939596604
english,23,7d253c6592f60c2d569618ff419996fc9d6c62add2c6a3c8b9be36bd09e27e775a8bf4dcb99497fa8c81670ae500e79e6056106b5c34b01fd562301f0729f9e9,7.236,0.08954808252166778,0.989990234375,0.7453856481031763,0.1635290265647411,0.09055864434169339,0.08049840650622243,0.08049840650622243
english,24,fd52910d24299328945044ddd49dd2d79ef95c7b0d6e38d06d65a1d9330f64f45a8426cf556ed10a705307dcf622e1fe152ee48d5bd2e38b89b4da815b5c38a6,6.96,0.09027576447481941,0.990020751953125,0.8163190051359175,0.14708674242976075,0.03626330135945483,0.029405704039525346,0.029405704039525346
english,25,11ec372417df77b07bb129cc7572637abe768dd9ba9a6cf66c66b5081a6016aa00fb0a31287220448ed090f18b89fb45ff7e35247c32e492909a9d08f7645c84,3.84,0.016863892618413482,0.088134765625,0.746698769331743,0.1609648113583119,0.07871174784671585,0.018657405112406194,0.018657405112406194
english,26,9c9f9dccc7daa91a521fbafd9034be60b8ff297054102d2fdb87ba9209468736b3d3f387ea0712eaf6081eaaf986b10eedf03639a7dae6f842c4cb214e10fd43,5.736,0.09740882311687898,0.676605224609375,0.7828386725491718,0.09260037039004185,0.12395720553378832,0.444031202696569,0.444031202696569
english,27,0bd650fb7e4a1bce7ccd2c8ff253e80ea7b561b24ebb011fb1988568bec51d6e6c7a453780ea55f75769d664a0910d496135d3d49a4bddf135fce8dfd60bd360,7.584,0.13993861363464905,0.900390625,0.8927614792397325,0.0824345257084485,0.024492280857375412,0.6716091720891303,0.6716091720891303
english,28,028ab76c21b95feb9d1c45d6e15601663af90da27fae2173cc795b0509b393432e7b22dec98cb7986134e44b046930c53a6b0906e44a12694c6874af3c7e16b1,6.696,0.037715988320961215,0.388519287109375,0.7869480426190099,0.12365549043065485,0.08580515489234398,0.02326474873919407,0.02326474873919407
english,29,e790d1a6d652b49b74172d96fca249c1d46c38806613534de93e324492059b41bb491639158ff5b5efe117d167447b1dca743bff0b32dcfe07b12a43fb13a86e,7.32,0.12933684366158293,0.826690673828125,0.771660307254919,0.027139894677118914,0.20083978641593117,0.9291331193529547,0.9291331193529547
english,30,22bc86f13b4251a1091cee1fd2599e43dae0537d789e5b88bac1db2f0814ac63bd7bb15e13a24648acf9c29e144fa08d8c2299a88fa980b6db3f7a70d8f48b9d,2.784,0.06870546544086024,0.4622802734375,0.7603566755914338,0.12706406267914785,0.11133817987333354,0.1345679054662219,0.1345679054662219
english,31,666d8a75b930da2206db122b9d213c565802c88080a92d1d4c31581ebc51c3c7e8df6c7e8c448e3ed85b88c2e5aaf23eb3a58c7e14d82dce0f7ae66b0ca65431,3.624,0.136842481042814,0.94927978515625,0.8735049108955876,0.11742047377461241,0.008751878239997648,0.35224301043875506,0.35224301043875506
english,32,1d9ec19ff82f280feed9d2d623162d8046bdf38849230f6c1f680cbd0174c53e9f717e9af8048494e459f2d3ce1d6c341198025323ac71599cc5baadc9ffa141,3.672,0.04778033039115887,0.57232666015625,0.6948023302620097,0.28746017962389014,0.01530923787779088,0.014876085082275706,0.014876085082275706
english,33,c41dd22e62ebbf278d1247d7b4cc49e06bad2e5f7c5e11a2b72580e6575d667e87d89dfffc6dd1194e2ff81c0e2583b09932914c94d3ca2bd829e0099b068f65,3.552,0.11680009504923382,0.87286376953125,0.8975731098716201,0.09918951488171997,0.002798273002214922,0.10185452034799301,0.10185452034799301
english,34,52f93568a9302b1e6662a670c7a026f5fc184586d28f22f58ac8e3ab936f376cc20ac820a21c0937c55f19a2396e2ffce8e21e3633be5474cf9a03ef35b4680e,7.416,0.012934608717615073,0.08026123046875,0.5987338084349468,0.2539483467212727,0.13031461802465394,0.1536691218111107,0.1536691218111107
english,35,1ac9ecaf9310d5281d115f37692ebe23e9ee83e7655ae658c93195e49bbcc6b8ce5bd83130010252ae312400a654675cc3e5f52434e7b0302ae52ef36b5d161c,3.24,0.06483792962294835,0.795166015625,0.9218377904476962,0.06670633207493218,0.010162770372285461,0.0014951938182431023,0.0014951938182431023
english,36,0e5b9e39547ba372e339b7eeeb3fb20cad1a055f0695b137a44397eabb020001afc030a9fe1febf7cbfbc92998165e00e0cae4c115b7c9ace09f13911270b582,6.66,0.08452579847532032,0.866302490234375,0.8477181714712864,0.08960057159632555,0.06189288087098536,0.03149990453861287,0.03149990453861287
english,37,07d3d922297a7ff95c0af1273ea9511f05d9e73ad7eccbbc41f21be8c897b482c9e212941a01874135df63f60c8d07ca57e9fa3b9716f06c3c58a01bda4c4eee,4.5,0.03262729452022167,0.607452392578125,0.6422341459097032,0.32170409834133173,0.031749290052084905,0.007046487896115007,0.007046487896115007
english,38,a942a99db0a31c334859aab7f8f8278eb3d69f3d2c08df1936609711ae779253e3e750550948ac65e2897cbd31418c48315fdbb1f002bf9040a73660f9e75d19,4.224,0.10580831490033327,0.832733154296875,0.9137962323222469,0.05029191627269382,0.0353171533731029,0.06336648349145663,0.06336648349145663
english,39,e6d7f6267e35209974914a2468b3a9d604eef31fef16db546c92b3fe5eae899e02d2aa669071a9d56b9385a88c82c680c47b9e8328897d7e93b4c057c1305909,5.508,0.09931816987218657,0.65087890625,0.9768577616122601,0.015232841993448801,0.007253974643638523,0.06576311347702515,0.06576311347702515
english,40,d32d90f243364ebcad7ca3e5cc05b554b0f8ced3c210142d11329e5f9cde5a584f72f4e410f2a93f3407093671098a2d89a8fd8d705b06f5749e57841254fedd,3.528,0.04354649373700668,0.49530029296875,0.8048057405014856,0.14909445103740454,0.043113265191110445,0.006520300056528363,0.006520300056528363
english,41,54d9c7c2dc089d0b3da8823090ce2cabbe9cf4d36daa477f8bd680122a55af753082f3d48d06c2021876624f94afdacfe05b0ea814f7096afd577602aa63abf1,2.184,0.04508907346769718,0.30615234375,0.6147682124355041,0.36984545469740154,0.013185059233859943,0.09439685048243696,0.09439685048243696
english,42,5e36a2f329d7cf05f42027bc4aa50d6c34e20d5230e47e643b01a35b02967028fbc029da597d6d715c105649fc3d0dbbbea09ddffff9be24d26cb07d5b6bf60d,6.168,0.042888832805914476,0.39886474609375,0.7279032000574829,0.12740602974739126,0.14200213142387277,0.07633881950040265,0.07633881950040265
english,43,cb19dbcc8abacf137ddec49dd7d4189812b4e572aac06b0b5e32959d6d24841be36ddd7de3230946081545a71239aa3123e52000afefff6889c2b34d0323ebf2,4.704,0.024177574971966754,0.990020751953125,0.2652756303092239,0.3185608179416485,0.4112164970902601,0.14106497162119727,0.14106497162119727
english,44,462a1dfd6ea4a5090780cb8a128008151be674c1f63184b68d49b0988f0c8d04ddd958066b2f8f56f9121b8e0bec49ce8780ea333fc931d1c28bfec8771aae3b,6.264,0.09990891846305332,0.989990234375,0.5436551734862799,0.3548926219784828,0.10097008362708401,0.5883279834606907,0.5883279834606907
english,45,5cd95c7c22c6fd21f386f93b700187d1559ab9a63eab1b44b4af4717e61bee61dbf54a0de0d35e3014a441bc557f5a0a4d36ad4e3a815d4bd3c395c9e98daade,4.128,0.022954470757942443,0.182098388671875,0.7362814328666943,0.12118764193815766,0.13368570995012632,0.03021320176657405,0.03021320176657405
english,46,e8996ceee70172bae23d8af66ba91b510b3b1943c797e0b40bd002aa6a7d7c76693d9283e0c1f24ccc114eb64718181a966d7b3a12c4e6df8e9d8f8b72cd6628,6.84,0.0170184035600673,0.143829345703125,0.7294866373947982,0.18258915768438175,0.07504048830449309,0.028734593907580323,0.028734593907580323
english,47,3626fa6b9645ba859cf611370be40d14691f5d0a46511e57ee7d8ff7b00e19aff177a20ddb75e1a05055baea2ce937592490a12437a579fcaeba1d37103887dd,3.528,0.03572021570341559,0.2354736328125,0.888309472713778,0.07884755570406414,0.028443615766964577,0.006675698373524732,0.006675698373524732
english,48,0661cd3edebf30a1d25a2a4591e1471884e5295ddc9442c6347e8500f8e35cd432026595557179859168017a0fa143943851c63d3623e57bf4e28d232ad845e2,5.712,0.08941909474543351,0.74261474609375,0.9008430921362869,0.07035560250992712,0.02805324174344482,0.040531282380314865,0.040531282380314865
english,49,21580cd2b189178fd1a54f973b311c2c17d9c9c22551bc474aac3ff99a050ef1bf1a09ed2349495ff4454366e998c863a4d766d456ca56f7e711f3f5c06d55c6,4.056,0.078940428509644,0.891021728515625,0.9272332613331209,0.06569454727844978,0.006148147399571518,0.003068123267933501,0.003068123267933501
english,50,8e113a62d59ae29f19f0e423fbcf978aaa9eefc16913ce4901b0aa105ff590bb7c6ea13da0c5583c0772d6905c0a964d355e8667edd35c7a08442c2312439d79,6.768,0.04041984298665894,0.352386474609375,0.907495775166676,0.06340229575145183,0.02590053084897195,0.007731721983237831,0.007731721983237831
english,51,a1e7fcc70c9f31b6eb8e9bbfcc7d0fa322f45bcf0c1d2201fe29a4018aa231027f4477263a3686dc59ea3ce1bf0dcfbdeaf5f5383fba83ea71f0fa129fe03de5,3.672,0.027712251744806033,0.256439208984375,0.7187726536514477,0.13144676727616805,0.14346681489432747,0.033430848120824606,0.033430848120824606
english,52,acefbb332db5ce3a5176cabcf11976d544177c9cc2aa0341e37bf9831b07b0c93eea6bfc53d97214ab261d1debb927bf66afb61c88db722415a5af6545b5ed9d,6.12,0.1109794621193956,0.781951904296875,0.8996917954730679,0.09130462148278468,0.00854200004409667,0.17456161515109844,0.17456161515109844
english,53,afd0e736eb59ae41d5773ac2acef8b1ac029c151a342bbfce1c9b9cd381331515bc4449ee2a47e4b2d4aa57501f9ae9356bbac6c9c4d1b6a12277fd2d1f7b22a,4.896,0.10927082628906276,0.990020751953125,0.831140273396882,0.1320150966738289,0.03656429525754412,0.08235834852958189,0.08235834852958189
english,54,5dee10b34d8c9e4d25683894740a56faeca46cf09961f80ba1b60e966eb9a0aa34b77086c6483991dad66c4e242f93ba879a9fe073fd4c12d92e4f1f27fa6fef,7.872,0.038181127869136536,0.264862060546875,0.7125497854331808,0.24682672345823534,0.037136836397625037,0.0962944741605951,0.0962944741605951
english,55,4e823a6e3ca3b3eae163f19606faab00f181f8380b12c47ab385ca66900951dc309e9c583d0728f76801e4729a4edeb15926ea637058685348b9635e235d9c4b,5.724,0.0709425242314202,0.687591552734375,0.8868172465492646,0.1026252001998167,0.00938982204913987,0.01192304419609342,0.01192304419609342
english,56,2fd309fa9844ef5039e319486646f289653f808add85e7c54bb861b9e57b092a8f580d7bab6ea13c7f196af3bc18744c8224cf9d3d9c3167a7678477a55ec11e,4.104,0.07515411684785867,0.62554931640625,0.8952393689874438,0.0979669298877526,0.005730198621014942,0.01627640581919376,0.01627640581919376
english,57,ca0348333dece6734ede5c33af061108bfa2b0a7919e724541e335610530022b50a068a1794200e1115af544c1470fccf69adb550ce12b875ea30514276db5b9,2.904,0.11183567504585712,0.900146484375,0.7894486657084392,0.17603809365571493,0.03407055146903137,0.16342215891295298,0.16342215891295298
english,58,35f9e8ec4bcff15ab3558275a449d64b9ffe868edff9533e1607b1b963efe7e09a840794ad7e510cc41321b93a941fcd498f03b16763c3a05ff052c03daac754,3.264,0.07403826329097908,0.53167724609375,0.8521736003867216,0.08359422545358342,0.06310130625097934,0.04878502799930952,0.04878502799930952
english,59,c6d6c6009fc855221f09935aa341f5eb12e49727c85ffa4f6140c0dfdc6f4a5637272116c0fd76492a945de003636d16ab9b069d3417d5b6e5ed7f3d5dbe02c3,5.664,0.05915168906978311,0.616607666015625,0.566351299901642,0.3689304527249036,0.06322065341646171,0.1897418177778657,0.1897418177778657
english,60,e2292237c77b576132df4cdbb79155e854aeff199c96095ab6db95684d8fa140ff1f42fe9cf87b811f15ce8039d6563a304b507926ca4a641d04765a70b79d91,4.896,0.06278629011264418,0.615264892578125,0.6470833889353907,0.17215681450314468,0.17945460510911468,0.20974801064910273,0.20974801064910273
english,61,51707f1bb17115cc3a6ecb2bff95f7680317511ea2cd280df8cdb2e2c700463f8ca44d6762a0e6f6a854414bf10c946b4b4538a2bffa6701da4e2865d7014984,4.728,0.0600530426459244,0.812469482421875,0.7282042744516152,0.2607900871367193,0.009473571644588258,0.008254103632514546,0.008254103632514546
english,62,bc6842f7e140397b505f5329aaca34022b3f8e999b01e0436bb66dd3a21a5614f7a4f9d522b37d41ea0018bc8323781a97b055ff458e3bedbb436d5f292c7373,6.336,0.05239096873535063,0.472930908203125,0.9397470246798892,0.041513201692719014,0.016588970491018266,0.006434841721866319,0.006434841721866319
english,63,318342c08580b4c38c6c0d46de335bc85e3f8cc7dfd5c38aab63e5a5ff38845f3c2c021391930e361e062593cc5ee34087aa0398b289eb72377c8f2cdf8638e8,5.928,0.043503692726747756,0.393829345703125,0.740997461248312,0.19503199501418905,0.06096192567214428,0.04208902399554329,0.04208902399554329
english,64,3479ba11b3d8988e9c536be832927bcc9c58b00c86cf085a53384c34e82bae0ccb35a9709d0217a4c7b2dff24cd727b5877286096ab0d1efe6dfe835f8889564,2.904,0.04945368446801867,0.3648681640625,0.6638115416356696,0.222168927771646,0.11183789939924606,0.1255488736298575,0.1255488736298575
english,65,ba662c80ff1af13a3e7e615f903468f0d12859a6d9193c9dfc9669e854c70df8ac9e59d83a255cc240e08fe9c681db1ab62c8a3926d2a11b76fefa7bbe9800fe,5.544,0.02157174783411045,0.296356201171875,0.7511248788116096,0.158288212651136,0.0815138778848795,0.010848116522282583,0.010848116522282583
english,66,7eff9a54bdb0619deffda7609d5b8565278e3328de99e63908be2a37c1ad16516240b9c92bc6b68d8130b20dc556f57005dc053f4874a49589f5971a31b97e98,5.4,0.017422388156784038,0.179290771484375,0.7628591996291977,0.1573529429423299,0.06730550145354945,0.012184316353624615,0.012184316353624615
english,67,c83c9073d2953f3401aa1cb63db5cdbda9bb16ef9dcf977455955407d093cb83b681f673570c856cae1004c9cf35f9b67f4244ae3b5529cd06599d7bfd187111,6.816,0.06335870015660246,0.57122802734375,0.9549527085763191,0.027951735245883378,0.015705209221444718,0.008533330681895598,0.008533330681895598
english,68,f21ef383c92bc4fa5bd7dd347b7057b8face4e002874de2bc07f6dfa1e1d7b1262a6c3de664678f8459d7b4de30a3a4be78b2e1f86e46ce86198d31f6afb102b,5.538,0.0449573403007978,0.38861083984375,0.805258694553621,0.13590803113131755,0.056230197373777845,0.023702793726916457,0.023702793726916457
english,69,fce6c1765bc5e8a1b520ce0fb037b680a46bb6515a34cfca60856229a4c85b99f76578773e6a1318ba817db77c0d7fca0d84100fc0b7567a708678c867b78544,4.224,0.11478348929838765,0.989990234375,0.8798715690362686,0.1159395954278449,0.0040216196157830016,0.05897016344927686,0.05897016344927686
english,70,a8c5c2283ea4483a0432b6c873fa8da914fa71e51a9eb6e8e20f99f535051d0fd7a8eb0b941163a37544a09a38ace177ed777ce2e8407a3fd4ad066b566ac026,6.084,0.020101325247387558,0.17303466796875,0.7665142608945585,0.15164678069672308,0.07187164878120292,0.01856315110553036,0.01856315110553036
english,71,e51fa51c0f709d1309d6015a2789a1ccf1398578fa260bb0e5e08b618a1271ce07d23fa0e2d7fc140151e3e3a0483b7a021289f9d0efc9548d3525b6726d599e,7.704,0.10471697891018847,0.9110107421875,0.9464045947021668,0.032564195686775925,0.020494171373201298,0.04835246564671645,0.04835246564671645
english,72,e7011a6e1591f49fac676ffa48b33f7d4d89c44cf513e32821e0739db30434d37780a046e0ab31a8c16dee8675d07b384d4244aa1a2ce0a80a2b42e31655cac9,2.976,0.05980997512477917,0.835479736328125,0.7174465393464518,0.2648308768490764,0.016297340887959477,0.0056478866197442155,0.0056478866197442155
english,73,efc03681be12d480beb0c3a66fad588e3f94d8d9d26ed1d08ee5c37e428e0db39ca43f8910f65a7f29ae3ed46de67bcf8e2b4a0c30962cab0ad259d688b840bb,2.736,0.0506592906816596,0.56903076171875,0.6012365649611973,0.33519202552021604,0.06158589348899483,0.05357102541234187,0.05357102541234187
english,74,7638c31df3d76068804aff7b183a07af9bbee296cdad7ac10b19c7f96a420728e5f15725ef57ef8e005b8dd6bed05e35663aa72e4951ef03f70bb04b1afa1ae0,4.608,0.07230552350099086,0.6419677734375,0.8995684867437889,0.09288142383553716,0.006446144870555911,0.01226357393808629,0.01226357393808629
english,75,f3bc45d3e24363f9917a5991aaa7d5e4222631fdb171909aa52ee5f5cc1bbf48b7b08ff3922c4310a4362dab37a0f58436d90f1e0cf8d9c1383467564e673042,3.024,0.04379015782449652,0.43280029296875,0.802566924362253,0.15325427598438096,0.041518043706794724,0.009016976688969896,0.009016976688969896
english,76,56ef6218bdd27655fae9f85f0a18b0cc608586fd0a9709f20dd5f6a4b3ad55d078fa858ae7858359709a699813eaad85527749d9d03639f00fcd2251ef60af96,4.224,0.09926294423420748,0.699859619140625,0.9454107335735429,0.03556843616597972,0.018391478113555043,0.05462904161015961,0.05462904161015961
english,77,40efe8eebd39ea7adf20153a14d7e089164e03534d8a0e5200fa032922fbda164cbb8c4efda68ae3ef29ffab8e843ba8ff24cd06241d00ca197a62b0b9b9b33f,2.904,0.021895587214158845,0.189666748046875,0.7303722391715578,0.20947396344784933,0.05065606583311664,0.012629475567087817,0.012629475567087817
english,78,2e8f95ac5b92766221b9e0c8d8ec2f190986e3cc291f550886a6b6c8b934673e062bb5dfffbb33b96f91d04466c578fe334abb3edaaf35a674f6d34f519cbdbc,3.024,0.0839177783173227,0.60003662109375,0.3898241480524307,0.6031470854176929,0.006298870038985626,0.8412310895760702,0.8412310895760702
english,79,f760637de4193a45b8d1d1db91900ec0c7f9d564d8a197a519eb3a30e4347acb8268fec8fd26bdf9f46232d927d63853dab462941b6ae02e1236d11d6b2bf82c,5.376,0.10173978294415308,0.860015869140625,0.9284449446697172,0.06343161246702995,0.007569021165924609,0.03519877570187218,0.03519877570187218
english,80,d8fd588f573a5616b70d4d5bf04e8b05ba8d549eff1eee152c897eec9a083803e513b8ae14db930ada386c4b7a75d07cf046704ca00c04bbffb7bc098e9abc40,4.848,0.10523454676633948,0.990020751953125,0.5166511762189779,0.40832455278357727,0.0745754498195279,0.6509062676821012,0.6509062676821012
english,81,d217a4989ef8dc1fffa7b5fa05d50f37eb6e1292a5848960763123d153b66e2656de3e616e108632589da87cfb4c05562c7ff34adea378302b15d6ff9d575706,3.336,0.0957497610341433,0.6318359375,0.7808500366370921,0.12863415227337494,0.08988381086221992,0.31119730914029053,0.31119730914029053
english,82,fe26a31372f17c6dc4626b8349a22c04a373e49c8107355e79dc0b43e476161083653cf145f519c774a7d60752ced63d9851e83c7dd1805d2a1f54e9bbe26bcc,6.696,0.036888069194183595,0.562255859375,0.46084229648653324,0.4179329718122636,0.11797951807763359,0.19227175039074473,0.19227175039074473
english,83,18b951dc2813f5814ff2517741eea11223b24b0d981c48d278682c713cf69dba191e3fabec0c27a7840be61854d3384d1aa88af7ec9fd6e59d08e23ee7ba26d6,3.072,0.034517783536600434,0.349578857421875,0.6635963730617078,0.2890838292539987,0.04323901361022303,0.027121413199107887,0.027121413199107887
english,84,12cfb67ce9417419effcc58d158d4d6050dfc41ee1c8270b9b02fa1ba7f1b834286a244b34c0fe7cbd0b3cc83fa9ad93fad729c1039512202f34f544188fb092,5.592,0.028048453545036104,0.321014404296875,0.8061969332959459,0.09985548604185489,0.08765996035114883,0.010100809709173462,0.010100809709173462
english,85,b15e81b74f3a01152401371744ce17a419c45a9415478075dd9d5dab5818374ad025c732871b55b1d5242f40357f577ab2dfd02950081c195bf04dd7b8aa7910,6.228,0.12837263017050016,0.989990234375,0.9686302423932979,0.028490626112493898,0.0025421997598840244,0.11333838971688456,0.11333838971688456
english,86,bdb9e7b61df6b42158b76c3610b9209b09e9c9dd62eddd23c8957bc48183d3bd80dc450d0b44de874448c394e28becae04fbc03f1c9c2db817bde974ee05436e,7.896,0.08859106223810867,0.977203369140625,0.8533597625817745,0.1338123485080203,0.012094937753131762,0.01985809904974499,0.01985809904974499
english,87,b87dd0680063cbd3dc57f5b9b20c14f020f511c3f18467d52e816db909dbe2be05b8ea36a4bca91179503817a1b093a9e6036abb514c6ad1aaf1ffa71b3d32ce,4.428,0.09651557687091863,0.925201416015625,0.620757840111636,0.3662270147598049,0.012478138572281985,0.2193069504071943,0.2193069504071943
english,88,90ef33c75fc1eaee1c26d177e0849ec19ed68a4ed5804020185fb7169d6350adbccb66848b4536e2f10d7bb9d7c11f9e6ce383955c4382ca47fab04b7c63ef29,3.42,0.08681498171576368,0.763824462890625,0.9344886991563738,0.05020757044651723,0.014432209577040448,0.011704393341525525,0.011704393341525525
english,89,4e01cef3f6493aa1557af3c25d7dc55430ef2aeb5000b551f7f0a807811d299de62a4dcbe87410986ab5ad9712711fdb6cc7102cfe9009aa17b04919af7da4e6,2.472,0.04148068448385419,0.495025634765625,0.8042352878827788,0.1409826191464541,0.051658869527482214,0.004650162497858495,0.004650162497858495
english,90,f5a8a2e6cbefa2d48793fcf4dfd6ba7f23643a7a21328ab7a3ccec884375a627788e2b2090aa38d2ce5ee3ad14e0477e8ce1341d0d3477e88f82d596443c0ac2,6.864,0.020426826478700207,0.195159912109375,0.6422251148882506,0.2590309461725485,0.08863082150950356,0.07159845525642705,0.07159845525642705
english,91,995e028794f85b21f12ec5880ae7d8140e8c53b523cad6dcceee552ee4bd39ed59e266c62a70bb57ee2eab0d04acfc7ad71ba2edda18635b1e2f81153c241643,2.424,0.014951564703193362,0.17095947265625,0.6491804962983334,0.24807729288511757,0.08860901674557944,0.019535890673225424,0.019535890673225424
english,92,193ac5b84bfb991cfac40ceb5212571efdd51e50f66acce33e264a8f3db03c507f032b3e8657d4b68bc0f37792b212ff8bd762e81e4583207fc687a24bbcfe84,7.956,0.06939579307167103,0.78570556640625,0.864284509887893,0.12087205525620881,0.013686639688984455,0.011499432353360208,0.011499432353360208
english,93,c4c136ef930b370a6f35f9a6e8855a56d5c1383e028ec0b85b4804695e04c614bb24e260be54e2deb92dc19311f94c5459c0f3ca5e0f68cd503d7383b99979c3,4.008,0.048293164367466675,0.49859619140625,0.8643825994974461,0.1196125423236292,0.013522015500954934,0.004875679778732398,0.004875679778732398
english,94,286b3e8a1836d09e6750eda31ea961d87e0d6aaf625df6135d7da264ed96150cef6cfda72f484245956373ad3c393aaf3cd3d016ac64d26a9facbc3cc069457c,7.956,0.04878995435755536,0.602813720703125,0.8966859576779512,0.07574545260267808,0.025329452735709905,0.004713882353120745,0.004713882353120745
english,95,ab43bbde8dd98948b7e6b8393d966519e92744fd96172349c9d20cd1247a67a9e41415818b1ab8f0c456d23244cf15a1188a078707b96a3a8476783890c4a42f,3.96,0.03338120533768395,0.257659912109375,0.862347506661557,0.07481488881549483,0.058098054798430124,0.00812452300690078,0.00812452300690078
english,96,7586972828cb14b30651404265baa4b9b8893ea7627c753195db738c56f356dfc218bf49b97bc25be6d57e89b64e9a58a92b077f9836bda09c405c0bd5f6d992,4.848,0.11943707643675044,0.989990234375,0.8887605898399465,0.0778259515591918,0.0330480578406048,0.10623431814877518,0.10623431814877518
english,97,7eff9a54bdb0619deffda7609d5b8565278e3328de99e63908be2a37c1ad16516240b9c92bc6b68d8130b20dc556f57005dc053f4874a49589f5971a31b97e98,5.256,0.058084336270964605,0.406097412109375,0.9448533906735198,0.04224981389769166,0.010990618005779844,0.01178725051759139,0.01178725051759139
english,98,0bc3b6a89a2eb6ca792090fcb73db2ce7fe08a38f032850cd0a4443154b3f8456f03bde13e692dfb4ffcb707575c4cb5bc2f7eb9b68dcaaba9f9e3925fcdce72,6.12,0.03497630258242025,0.339813232421875,0.768365725461435,0.15097624841849264,0.0767366816046684,0.024972508349028356,0.024972508349028356
english,99,ab72e9ab22713aec03a3189202a0713e56016ea07569b3041fcd65d77c9eb3f8c692f7ccaec75c16bbc62476d528f434d829193994cf07fcde9e3b1e4a2fa93a,3.192,0.07131826752849003,0.747406005859375,0.6081379858731739,0.38410794682634586,0.0067098605225150995,0.0742416983982906,0.0742416983982906
english,100,c120fad6205991947955b49f624dadce93bf9f952a73fc655dc8fc4a926753ee2fae9656717727d6f0706399ef0b4163beef5c3fe29edb5f77cef61791a2e632,7.224,0.06575015682483092,0.555572509765625,0.9320855421402536,0.05266019539959442,0.013908807735372663,0.01562675214023665,0.01562675214023665
english,101,f0ccdd8bea3e199738c6ba905ca2352e0a25b54e5fb5d46fe2e0e1dece03b84a2f294aad8019a2ec6067c739764d342cf664711024729b0c9da2e977a09a62a0,3.636,0.029637834387414574,0.58502197265625,0.8390347876671334,0.09848735726343531,0.05584460494987872,0.0008453989041236114,0.0008453989041236114
english,102,63ded40ee0387755ce04b8fb15167883e2844947f0498cebb404e6cc4497c91bb6f919ce3f680da19990c6dd78b65be108b0bc1527eb186abbf15eb456063f66,4.536,0.08338429704805977,0.726104736328125,0.842030988629887,0.12758121480522208,0.02959827498621472,0.03780683797860194,0.03780683797860194
english,103,d7b8bd57a847b9f6a92eb975f2fe0a8686ee95a9e71b0168d5ee36090c94b373186a93d864491807465a14b0cb0cd867c6a52509095f73cb3c58490f0fb7f149,5.76,0.06594388537553496,0.659698486328125,0.8206556161575841,0.15181416077000612,0.026148926602952458,0.019854737195920985,0.019854737195920985
english,104,fb37ef6ffecba809f5afb50ec87ff2c80f691a62c70d37d39328851602003653fcbd62f1003f46879d8edbfa3f56655d72f3731bef5516e5008def568ee9d622,7.824,0.10168505293022415,0.868072509765625,0.6243495538894716,0.3559857460186111,0.019118944618806234,0.566452985468137,0.566452985468137
english,105,a85aa03c89c431793d59f0b85b64ae4ecf2ac5499d39fe90eef2c838577f8df4b9fdd8b8273467e369fee60d78660990ed7af0f2425ea962fe611aad0b372c38,5.352,0.1148015811078882,0.990020751953125,0.9148887364860068,0.07727039162875715,0.007458570093247859,0.054118103612539464,0.054118103612539464
english,106,a0e4de2befbd0c0dbcdde0f144f12d496826dee428264a75f6cfa65d4a626ade7eadd36fbf79cf2bb31d1da3f2587a208343b6d3c4cdfbab578fd36dedc4e15b,6.816,0.015296632256644713,0.146331787109375,0.6400838291904459,0.21263899905767944,0.13359314512635928,0.08192712585254659,0.08192712585254659
english,107,307a4fa8099bca1b0a92cb228b899bf047b86dee93b8e32053a0e7cd61b150d58259e8abaac45bf6fc2e7f7ebbd6262aa2d6a483f42b3fd7271d2a054082da7d,5.472,0.04780589320695298,0.382659912109375,0.7714934701887896,0.14009220206618103,0.08595762252897168,0.05168274753850725,0.05168274753850725
english,108,7bf8e335b222c8f3eceaee7f9a0e4ada4d4de7d2fa39b6503a2fddb8334e437ba9cd1c7ad266a08048d0a324e2e1147e57b7befa84d4abdaa17a7209b9854567,5.424,0.0967886018818938,0.781219482421875,0.7197731035891085,0.16538047140741827,0.11427535899775622,0.39129047000748446,0.39129047000748446
english,109,939991dfcf12d8250739f3b4e5ed47e0dc4bf8ffb69810f4ab853aa12872a811941be35b7e91af5df8350d75d3c61d1301aba694c41deb3f38f1414703bc0461,3.864,0.0780850049806285,0.633819580078125,0.8041945623077583,0.1866216956311177,0.008296471597366678,0.046610905871206434,0.046610905871206434
english,110,97ab2f73736127ef8f803797c2b2cb0e405f35b8aeaaea742112a6233d2b64dfa7d0453127d079cdf41b48cd7282bc4e7934b40b9d0600f07d8fbd14f14c7c34,3.744,0.042498572316736205,0.332427978515625,0.701318408228571,0.11430161672347856,0.18143369565676262,0.11011088708160609,0.11011088708160609
english,111,32ccbe9d88d17ce7f2c20adef54078e58f24f0c9008cfd93742c826abd1f8de12e2a3ca6a93cca3a6d6e2d28cb2876fd832379d8ca2c9144fd597d7d3b64fa39,5.652,0.09181519425292937,0.862823486328125,0.7849474963059377,0.18823576185700644,0.02612781213826195,0.07024240603420909,0.07024240603420909
english,112,21580cd2b189178fd1a54f973b311c2c17d9c9c22551bc474aac3ff99a050ef1bf1a09ed2349495ff4454366e998c863a4d766d456ca56f7e711f3f5c06d55c6,5.04,0.0953713813451629,0.990020751953125,0.8352994798165494,0.15732341560328525,0.006829208506115483,0.02107282498921297,0.02107282498921297
english,113,9c08dc6149dbb8f8308a5c383d34ab4637ed7fe1a9609e59d193cedb16c652716b6615184dfc6897be7e21f904ce1f1a9b58db97f543075f88c128f2c24da8b2,6.48,0.14114494950994627,0.987762451171875,0.60008852615717,0.358840590971435,0.040807112174134075,0.9557143714003876,0.9557143714003876
english,114,55edfbd4b609ccbda0f3b6f8e06cdcd458cea8b807b8b4fda42eb17d0a3a9fc1b8ef2b8e78e46fa99c46e6a0aeab5423a61dd1d02b607a2cae96d432bd605810,3.264,0.004063246517025353,0.01763916015625,0.45799791755213626,0.3572554936108291,0.15632080006558263,0.1901730026980392,0.1901730026980392
english,115,4f39a2a1bf29515c3558f4f1ebeed7431073dbb9f73b6fae537831b75960fedc7fb1673f638dbb7d6ded8bc61be63fd864ec7e0a52f67158e7522620892e1b63,7.032,0.05550086286739541,0.6405029296875,0.6421207395007736,0.2169844031591562,0.1391975088140048,0.13064105060495798,0.13064105060495798
english,116,734a5f2b0ad91b13ae7b436e55c5cfad5996a405725215497abfd6db8ab55b5ac8fbe11be78afb51ccfd9ec01c25a903e512c66c5467b068f3a6e9d259bb8dbc,4.176,0.07718140320838746,0.81707763671875,0.8110680717384171,0.11378673023545621,0.07419627754438447,0.021219662412396565,0.021219662412396565
english,117,468d6a3b83f807ed964c180ed893ac7c39f9ea1860213261ed075ce3f8c1403d77bc8157c3ab2548bfbc7885be878a423b004a77cf28a7289421937952069126,7.92,0.05298266409568147,0.561431884765625,0.8327103446759807,0.14675013967640751,0.01852359548127908,0.015789200981896834,0.015789200981896834
english,118,112922c039ef29cf23683438a7c91b35e63a9f4fc8db745571a6095a1b828d6868d2ff5efd2ead71679922acdc360547e432aea7c66873a02db6b2d04bec652d,4.68,0.04484469250579695,0.542724609375,0.45533969492515597,0.15045085980121115,0.3919766218033802,0.6965342134504141,0.6965342134504141
english,119,3b251e405197711ca6038c441740777a3da77049a26f16a118acb4751b4c171aebe20c719accd1364489542f40e46f8823a67d56938703a3a88e30e3e5e1c65f,7.968,0.0804511813321023,0.763641357421875,0.7650853631645533,0.19137432600733956,0.042642808835540245,0.10374325672317113,0.10374325672317113
english,120,3e77b1c10c54a742d3860e52142a104b8e8ca3719cbd23fab691c1fefc00b4b65b9e880594feb9f776672084590c6bf971beec933909a0d6c04013c911ddf241,6.168,0.02370651992319094,0.1982421875,0.7945759796459569,0.14941616127239649,0.04771065066102461,0.014427944740078165,0.014427944740078165
english,121,eeef41d2e7269667ba572d070b4dc6501f4cce0362ceb647a1e95d26f9296bd5ed1537a8435d495cb456605fc2275b1b2de28dcb1b20bea9c7a268b0209650a5,2.712,0.0090662158392004,0.0728759765625,0.5742367732077199,0.2746142779844702,0.12878444164027048,0.05817344054306379,0.05817344054306379
english,122,3ebf97dff152377ac23a819a5dba264b0f8994354b69c559206858276e263c410183fcd25ae83a2467477a87821e8fddd714322d589ad8363efdcc90712d396e,5.232,0.07284641925488106,0.583740234375,0.7269392041337048,0.2222452453986853,0.04976052186650454,0.1386765468243927,0.1386765468243927
english,123,1cc7498b76cddef31926c23c49ba204aaf4a0555af20ab0b2571603ef0653539b787a94a20c29a651da9254f4eaf1dbbc43ab81471760f1f8c946b1cf21b5637,4.5,0.09549519972511425,0.989990234375,0.8648783728688376,0.08413160593726532,0.05071704733943942,0.0189679527178438,0.0189679527178438
english,124,70c21ca1cc3de05f3c23b11615cd7d5dd078e03cda0cd46224c802cb358d2bddc9df76042f0f15fe5c3d655d19f20193db107b130128af209e229afabf047b54,5.784,0.16570327038523586,0.989990234375,0.9281512080311254,0.06121883856092992,0.010454499570704644,0.8293567698948225,0.8293567698948225
english,125,a6dfe0e31661197a82a0558dd1eeb2ce3f898d4cbfc740cf28766768e8fe5901cb2fbdcfa2b6a980993832d144a8a1865bc69af3ddafe929f660c90b23d94fb8,3.744,0.02015727162096665,0.14447021484375,0.7948974802608424,0.13650329435174754,0.0574867084964549,0.00938869530609915,0.00938869530609915
english,126,c9f28e9788e12dfc9d0ad0eb941e65fa8631f63bce73a5b5f31c4fdcbed1d2c6cadf65810feff962eface3dd2378c035079df9134f2cd005fa22e08926a45000,5.472,0.03685587607195282,0.408660888671875,0.8941509551597919,0.07670715262786842,0.0249943431514598,0.003418243950545988,0.003418243950545988
english,127,5facd5968183b327e1ebcb2f8f46f731ed9b106f867c4a4d080660d9a9772d9667d2c7fe60df201e54c92aa787ee13ec30d619dff5606f6de55c74df9789b26b,6.888,0.024795824647018554,0.18597412109375,0.8375371389661609,0.11059569563380897,0.04429358566674896,0.012774231724027588,0.012774231724027588
english,128,39177320246077ab4733e786a29c0571e0b8180e6a96cede57be4722a21ea409774daf384c853353c65fc15ea796f2543ad04c954b471b4722f65181fb243946,4.92,0.0850346690912544,0.5538330078125,0.9389509102226724,0.05001384109424004,0.010184687833111307,0.046748572551121435,0.046748572551121435
english,129,f21f4aed01cb9796dee248dd61281a2594b5433733c16a992975745538119a6336a6160d19a007caf622e9dac88334e9b560a79f01c96eac0e25e0772f1a32b0,2.544,0.00872077519635271,0.06634521484375,0.40287112237652795,0.4349350196617757,0.13999666859746612,0.2654113420083739,0.2654113420083739
english,130,22dd21ffb5a94b4800ab81a550313962ac4274b338386a87f5f98a319ce8778b6a423b1c90bbf641ded3bf0c6df4f522a201f7f51fef1df7e6fa01a5eb640c39,2.496,0.07677926665818822,0.6361083984375,0.7409488727357273,0.25260386168333365,0.0054688142573179,0.05622490615164191,0.05622490615164191
english,131,869a27af7e579b48fb314a38d644124871d060a834d0480704f27f3bdc88d5050d89c495419696adc2465222d7d355c23a82d803238f382fe56c4e2b11038396,4.824,0.024517050343765605,0.199981689453125,0.8176595646865916,0.12181822438579194,0.052999679891571776,0.009588196297000995,0.009588196297000995
english,132,acf53b4cc2a7852e3ea4e73a29ac3b6d5b6bdcb83fe87da87596f8ba8a09819cba272a628dff0d0d4f7ce084919f40d1ce7909be34c50afb5ae29fdb69597b6f,7.344,0.07862061436896499,0.602691650390625,0.9234300324686344,0.07046513790684898,0.005201418729711477,0.037081298611179016,0.037081298611179016
english,133,28a4425a42ea4e5415e3088537d64d901c6433539ef683b0bd7332120967ce8b59ea2f9cedc8de7213d93bc8794cd4874c8485af5fa63869b299c7111784631c,5.808,0.0870584816498296,0.61334228515625,0.8313113797457711,0.15713460319087164,0.010840628921239409,0.12491094666213587,0.12491094666213587
english,134,fd0dff3b5f07ca5531d539b5a2d98730836ad0aa3e1b6526ad93f596c546212f2e9c6152141a6d6a86254fe36668b66427df0e1588645c1756157fb92705969a,3.744,0.06153309643107576,0.5513916015625,0.942897664759407,0.04741356720640678,0.008193522663709565,0.004661815047090341,0.004661815047090341
english,135,a8605429f7f83bf6342d6892d38eedf4ee690e7d5fbdd49907f539b0a1848f48e8d69651c505e8c24e3f2362d18a4371a6ef5919023de5e2f8f05a6aec0d1fee,5.784,0.0747711021008165,0.8162841796875,0.7960458450751954,0.1590896500376689,0.043836750219285105,0.02297049530077694,0.02297049530077694
english,136,cc7cc15dbf1966fe301042b960b06893a68fd036d88915f4267b56d3d1dbd2c4aff1078274af41f50a01168b66f71b1ef9b9b12a6a64747dd70329071684590d,3.048,0.026101961256386905,0.291168212890625,0.7533888536115626,0.19197708200329028,0.04747936347850965,0.007831317899100363,0.007831317899100363
english,137,de83fe6f05c71dc6bc5553994a9e5ba7f41ea0d0698fe82881994caf035c20458f6ca6ca001886cd052bf1b70bff895cfbf9fd5012a2a3cd4b149473e0e53d76,3.384,0.04939080118849133,0.45428466796875,0.9362703541503021,0.03917589385424945,0.02199571466163651,0.0032172717217500597,0.0032172717217500597
english,138,0a40fd471f8c55878b189c1e7554711aa97d3eaafd7b1304a2c04c9c2d952d3071ff9e139f9bfd44afc85aa41c847e0374e0970ba6208ebc6320a136438494e2,3.672,0.06662025324474237,0.97186279296875,0.9050187216295587,0.08296712255835804,0.010738731859844235,0.0007402572972809793,0.0007402572972809793
english,139,202d9fa1a43b2dd7d9d48d3bca2481f5b0c82f3a1ff76a1583f5108b31dea56b7b021d8ff87d019e1087818968741b555c3bd83f0a62e959a1d843703acc8e6a,3.552,0.11124633499044476,0.990020751953125,0.6302481094696625,0.10707253938264484,0.26234803571508614,0.7269978218490792,0.7269978218490792
english,140,cce7f9792f6b6e3532d2a66f15724357023b34fea066111d9d81cb0c18abc17da80eece95d10c76aa1285929fdcb6a546dbafbc758a11e36b654c51b5a5e94fa,3.264,0.03793515084888268,0.51483154296875,0.7731275501572232,0.20031495272333902,0.023022899045944283,0.0040034291615384235,0.0040034291615384235
english,141,d1813b3a39bbd5d6f35e04e8e2151930a40e56cefcc57eb71351d6cde06a360b99e6c7791989ff337b308103b8dd7f2f705c01f88506ec4146042276b5a122ce,5.544,0.09778086172666829,0.758087158203125,0.8829867356761795,0.06200810257318677,0.0543502573354568,0.0986694075209251,0.0986694075209251
english,142,c42a23f67177dda1636890108c1e4bdb0a076c2e6a863ba282eff5f7753b76902fb745b9e6b9ce2ffd2f7fe5c150228e15ba0bf7a36c23a5000470a494878d53,5.016,0.03602808708822083,0.280303955078125,0.8762467856219053,0.09340406511698264,0.02631661872950217,0.007852253742342675,0.007852253742342675
english,143,9ff4603cbd8c8d06b2857c37ee056a54cd89bde33da112bfa27fe6393829aaf11dc2e735b5f5e55e6c4393038bf905299c1089207413541521fa90279559313c,6.264,0.06797606395255822,0.67828369140625,0.9021514104120812,0.0873965770402922,0.009143732370603286,0.009369831387115671,0.009369831387115671
english,144,5bdce9be5ea2267a1273191d3209f4898850c3f1e2165a8e799705544d0f6310b79e321be2a032086b29765d2916800541497524e755d16180c9b1a843fb6119,7.008,0.0934976545010552,0.756134033203125,0.6597608563867825,0.3258171751329224,0.013797057933572256,0.4254607120948126,0.4254607120948126
english,145,db8af4ef43a418be9147981cea5ed3c6b99c392e830693f6d449d58a2e3e4d05a4a26691c015c65651c5fb0533d5b20908909491fffbe0de6d05fb90b9cb686d,5.856,0.09838049035259959,0.872528076171875,0.9010002381439304,0.05547249412376488,0.04293067458080389,0.044082983071248034,0.044082983071248034
english,146,f53fbd579558bad737c60acebb98f882914859e93b5dca543a0e42fec1b50d133581e268f275656ab05ef0b606c0552fe22920a2c67ff22e44a3b162ef51f63e,5.076,0.033490214023598724,0.330963134765625,0.7565326907565305,0.1803104053048596,0.058351329221503594,0.018592785234134192,0.018592785234134192
english,147,de3c7a6c7421bf93d626544bad8ef3eb33f4be1fc68ac63d937ba4291edf2706c97d282c6ee11739d61ad1ede5561dcf13a31b09bec46be8f998b85f9b7cd883,3.192,0.06263825408301552,0.576690673828125,0.8510950474184418,0.11611793834919347,0.031296598174697446,0.011293765964145214,0.011293765964145214
english,148,12ca6e8040ca5bad550f7dedc1848a005bc38d7cb610cb6aee93a76fe5edb6f85d8b171e8f00ccd317407de4db7607bc4de53c5c1970a99185813a659aa3be6a,2.664,0.00778495931878396,0.040435791015625,0.5315049551949075,0.3101661506062387,0.1356385113710252,0.09711328568406467,0.09711328568406467
english,149,1d9af7650293ba5c6c7085fd0d4d9ddf1c72389abb3751a8ff82915db6ae794f637e1bc0f37e8997988c33b5b5edfde6ba22401e30381dd29d65479b58220efa,7.944,0.029927917213393843,0.2926025390625,0.8817315097327961,0.07598717609962499,0.0365409385540824,0.00787997938783902,0.00787997938783902
english,150,ef8a7e381403cafaaab438e3fd97ded825aa263fc66561e8d78f016b00b258895bc872e35bcf20b69b87ec6826e570cabba1fa7a2e7230f807e090c0b623b75e,3.408,0.13729710963992708,0.990020751953125,0.9328769069600207,0.04604399790678153,0.02080753470343697,0.19970093246810744,0.19970093246810744
english,151,5fe7a6b09d14eb1d5e12758e2843d5567afce5a6b757a0d9abbf33a9b87e72fd010fe0c813365ac68ae68744ee9772854c2a2d5d781f120f82c553278fc61e0c,2.016,0.055469810946230935,0.43341064453125,0.5055811942138289,0.2219878716959841,0.27086444258936065,0.6458088006287312,0.6458088006287312
english,152,bdb9e7b61df6b42158b76c3610b9209b09e9c9dd62eddd23c8957bc48183d3bd80dc450d0b44de874448c394e28becae04fbc03f1c9c2db817bde974ee05436e,5.376,0.0959861128263498,0.7421875,0.7923181990431878,0.18487026362855624,0.022226913568255898,0.16695466796845151,0.16695466796845151
english,153,7963691c43c8cc498c58f117527522bf772c76c38530570bc55ef04834f67fb7a9227bd0fa1f13e64e8de1cde6594f3501e172ab86559697c08726cac26f4c6f,2.976,0.03645083157377151,0.2281494140625,0.7378905628845923,0.21091907216794598,0.047796435467301876,0.033303202752184506,0.033303202752184506
english,154,e9597e64f385d5d67dc2932cf3d906b4c06af4e9a07a58628c2ff7059ede01c51244bf2c4c219cf0a56f124b5a4bd7eceff987d73b59857bc184398b723214c5,5.736,0.0636722228823556,0.427947998046875,0.930845603252368,0.051503334893777064,0.016138380682685145,0.02187212343683513,0.02187212343683513
english,155,4015cf19ca63baf7286d79cbc2b47674ee117a958caadb6b391027eff4afd314bdf67ec5f57cac4904e16510a7579916934cfbecf55bc54b939f8e127bda5f9e,5.004,0.03694314342823053,0.33367919921875,0.894032527738367,0.08153444960203353,0.020561894264833916,0.00489047303016453,0.00489047303016453
english,156,b15d4bf1cec79fab48b4b54ed50287b51593be2f5eece61b2e8384a25677e1c5a981559fa92dfc6b32f78906e4bc661ab51acf779451c06bd827987f0a2a6646,3.84,0.027422490110707628,0.36383056640625,0.8600169381867178,0.09906583385764152,0.0343491800477451,0.002083137493853845,0.002083137493853845
english,157,55f99a9355e63f4778f31508e8b3d43e968c9c0459e071d6c36cb207b60a44926019852cee2cd055cf66a6587de481f5fa601ad2ef91124221547645fd75e92c,3.0,0.03821297123506613,0.296905517578125,0.8158806497814786,0.15977963317573274,0.02069181810083573,0.009886286391589642,0.009886286391589642
english,158,bcfe8f68519f7058543dbaf7889003d98a2ee3d2ba37c188d5e1ac88c9935b989b3391ec56ae25949d9bf4a44140f4e4cf430c1a8b49084141e7e6bca4ff48e7,7.272,0.10611853209270926,0.989990234375,0.7722220022929567,0.2093357450517856,0.018218821096986478,0.15202045379782242,0.15202045379782242
english,159,6ab785eedb246aa49812edea7187f9fbca1fdbb2a61a5b89de2b7dfbf4a22f8f911f8545ea81b4eb5aaf158c8252a0e65ab2f0770c3b2e0722dff95a6a8ece5d,4.776,0.07344304689879882,0.694976806640625,0.8886544616563224,0.10041269487264554,0.00987603889544151,0.011446946918168605,0.011446946918168605
english,160,fed9256c65cd48a2d4da7e34aa45be31129328ddcd07ede75ae4ccb0f890d77550d441e0fff05791be816ca2b3350a68229e42728b2273d517addf9eb0529cb4,7.296,0.06856337682182509,0.700836181640625,0.7827446115969715,0.20035750019465587,0.01574575144478166,0.03570201262245511,0.03570201262245511
english,161,064a2016c00e4edd9c4434e457a6beb17410df70500dd1d11c52fccd6ac7c5a7443504e27dc2dcc5e92ccc939c3bf8ea12de379c90c3f8ac250296e84f5d2fb9,4.296,0.049743530460447855,0.51702880859375,0.8071089143174618,0.16164367621664538,0.028893509340547296,0.010224911913193857,0.010224911913193857
english,162,347ca047cdbb121e700a04dc44e0cfec443683ecbe178b4b1952c4400235a3bb1d80cdb01d6322f9c73c88190e660e62a468e31248f81e6e8dfb52caf233fb91,5.148,0.06338300444091265,0.5264892578125,0.8379342774929024,0.11047127658995955,0.05014639791357315,0.031650395015160336,0.031650395015160336
english,163,939991dfcf12d8250739f3b4e5ed47e0dc4bf8ffb69810f4ab853aa12872a811941be35b7e91af5df8350d75d3c61d1301aba694c41deb3f38f1414703bc0461,5.376,0.07441967445879462,0.618743896484375,0.801781866685272,0.18181006913740033,0.015353864376566958,0.05433857829232529,0.05433857829232529
english,164,41247cc40f3afb015902140682334ab09315267af1466571a41e6a35c2dc7589389ccf1d933097b586b57bf57b38298fad30fa5daeb5e2f85d1e14744666bfc1,4.104,0.027496875017865918,0.22845458984375,0.7925944116135023,0.16646455093609738,0.034998396571564554,0.010289138285864207,0.010289138285864207
english,165,cea18d12298f2bbae520713a1cfcf05e63b2b9470dcc0adadabc81e69d8d57a0f3c22c06bc4f280d08b9084d3e16b22b3c5d60f7711c9db8dba0d3f53075a34e,7.128,0.04716869214587446,0.632415771484375,0.7032885847770621,0.13633479276602573,0.15800402741007444,0.045353797841106415,0.045353797841106415
english,166,df63f060fc8bc48ff5170190067300d14da1bcdf1088857191d40e924ec66568597c0b4093ac6b361ac07e7f88cb87a5768cdf077ffb613336bb413a78379282,3.552,0.05503968521551464,0.7325439453125,0.3992702226312647,0.5829523027007376,0.016221106508973515,0.16381354787090607,0.16381354787090607
english,167,3e411b7dd086264793d1954a61e0a98f35a73684404682f14a45e56555af723c9866e90bffb71bbb205004d1c81829cf6c14957124b29d658f97e1dbd454177d,5.544,0.06603756308924363,0.763671875,0.8784361703343452,0.09945160189428526,0.020882039711629996,0.005435285761804892,0.005435285761804892
english,168,28167b2a18653a4705fe369cd88b663de6530f8dc16d4084993e42aa81ec98ace28e95bcee0ad4aa3cd1a4e0cfeb990385dfb02fff69b37903a5990516c1a120,3.456,0.11180480031336969,0.885345458984375,0.7926590401539426,0.20242767759152844,0.004472883935572592,0.16070856388033997,0.16070856388033997
english,169,751a662ff5ce18546613a9dc26dbcc0e2ca7d42be81d39df7779d3dc5eecd5d8568ea176d3b204bd37057828a0b650a3baeb13b1a1dddfc3d373d44a8c80907b,4.728,0.022696775305705626,0.179473876953125,0.7031054946072154,0.1629330635407756,0.12555559910069866,0.04446896716754229,0.04446896716754229
english,170,440ff550e981d6f0d8443126b3d67c8de85e05614f419aed4b7c61e2a5cc6781233a1f30b3d2e6855d19f9c037946d297f20705f8456bd3dd7611b2751b8de75,5.796,0.1468474320703429,0.990020751953125,0.9205105359168418,0.06379574219750939,0.01554133435856632,0.5100898262158056,0.5100898262158056
english,171,6e9b4c450717fdd08ec6418d8c33ef07595e9f15d1ca7211690fe6df6a5a1da87043c508fe2fc1929e789c066c1998d45b67bfc93df928202e760d075571e060,6.744,0.06233344352113537,0.6705322265625,0.8875523407021333,0.09935748732271851,0.011408500331965974,0.007792366628763144,0.007792366628763144
english,172,fffc240b81001ceb15be7eaf84e918a9e8105b8699fadae5a63c27d0b77f8ae275cedd4c8b257ccbaeef2a569dd15750c10ecdfe40130c09e7c45131d107ce91,4.176,0.009949977070167565,0.120849609375,0.26727147723710887,0.2559893750097801,0.4578846387294679,0.9282388580361407,0.9282388580361407
english,173,b28b715487d197f1f30608455a2f29ea4935533c8648a173f51f5d6806591d024d9dd330a05764d4ea78c2dc4334fc7c796798158151e241f5e3820bf900176c,5.016,0.03946185196138673,0.47442626953125,0.8383411897790426,0.1216124562275406,0.03650988824663751,0.004859165167534087,0.004859165167534087
english,174,e31822077e104d2f1781db7ce098c016abca0314515a35f564b26c30e59c0d2a0206cdf020dfbfe4e7340388f898c34d51e2d625681694a797c49581af656fba,2.52,0.1227002710984486,0.79180908203125,0.743255576037206,0.2425700169188635,0.013807881670075125,0.5638539894728112,0.5638539894728112
english,175,76754358a3cd341831931a65e9c78f6493bccbfa3ba5cac9996537de7039d277043a963b01032ad5afb78be05ff82f4a66db4f91748ca9cde2cb4e1b8753135f,4.056,0.052115210693252645,0.990020751953125,0.46318610234939317,0.5308505547528753,0.005090181292047295,0.01588986366661683,0.01588986366661683
english,176,af294a21d920e11013661f4735c1ebd5df298b0c73074b35ae4c3ea490ee8e630766fc629741346f123353256859ef7d055ee8dcce07e48a091cc8bedec671e3,7.416,0.012643376033810955,0.075469970703125,0.6177025601611494,0.2733905091136921,0.09188795948573544,0.10484656035918495,0.10484656035918495
english,177,32e100352f08fed1d691558a6fe313f3b3bd13ee580bba61afb87d5e20bb5b8d6a9110dff78645259d8e6a48bf220eb2bd784286cc67a8a565051ed3fed74dea,4.344,0.10153527479774505,0.75091552734375,0.6038860112447538,0.19775895463397805,0.19779204454661217,0.8390031579988019,0.8390031579988019
english,178,60e45fe6f2e94a4bd381a72531cd44c2c746723b8c81c4642ce9cc4957cce17c2c286dcf1b214b69b0f204eb53ad33e3f969770f498f502632a9f7288b7dacca,2.664,0.03885684297879512,0.338134765625,0.5795699368907808,0.3366077983801773,0.08066766641602278,0.10728795435838169,0.10728795435838169
english,179,244be08d9659a7b249cda11d300c34ba1d6e32f687cc1211589b1298870c3507831462f5fb7042543621db635fcf2fb61d3255e495861ff41aad99ba364b6ce5,5.088,0.016386855133353848,0.143951416015625,0.6572486170147301,0.20653671531868614,0.1234040818697374,0.0520516265313488,0.0520516265313488
english,180,08ea1e4883b0112f794e6cba73552d702ba257721b88df9c3b30c6043b022cd762c5d1a6c88f173e0c2329ff8db103beee69674c3abe9ce1fe06eca1ac26318d,5.04,0.06935115999570489,0.537078857421875,0.8567503082347484,0.13060175710184652,0.011466466737179597,0.031394131028451656,0.031394131028451656
english,181,c24712a4c2898b9406cea4b4c9d8343f1a21a10b5d3d41ac7399be9c7219c86fd6d039c67e28c290f7d547599520965266b366f11dd5b32ee132fb7c80908d96,6.504,0.049890496562242315,0.430511474609375,0.8536908288726232,0.1008188727005517,0.043081087565240365,0.019465772655561167,0.019465772655561167
english,182,9b382d095934302194d62e72785cee6701873f0228407ba9feb21f028f0be8a4df85fe3823e013ba8f5e3ccf27ac7b766b7e98ace29b7faa79ebfa3bc476237e,7.848,0.01764559167668298,0.121368408203125,0.7302301312142622,0.17203977942405058,0.08503895991843254,0.04515512685171882,0.04515512685171882
english,183,2f5f7c30bb6bba04084b5940c79de6d9d3c440401151832365b5baec0143a38ff4d76c9672ea5763f3974badf2ee6d341435c0c99d69b8b8ef23b231c4bdcb4c,6.0,0.09107023832024444,0.989990234375,0.5220145017918881,0.4389122474584184,0.03869814054290872,0.33927599108087375,0.33927599108087375
english,184,4e0efd608c89d66822209375d0559287323133ff3683e5e19df551c64f5171e18ab6454e3124e55d025cd52e7cdb564b07b083f820b369776a3f069bd656fc9c,3.624,0.08320300044526055,0.989990234375,0.6887606176442199,0.3029316908860465,0.007976949944341998,0.023508624881088815,0.023508624881088815
english,185,9c82499fc2987a90c7d7017d371afc08f781f2c9f10a996c33240ea0af8e6189ab822aec63eb4eefa199bfbaec763939cd4d521c30ee1f297353d837af56183a,3.6,0.024390532745256276,0.206878662109375,0.8317861116284924,0.11786060172372002,0.04218938662827562,0.005673867150348009,0.005673867150348009
english,186,500d18a3257795d8ea82b3c39440f7656ecda7b29519f31ec03cd7baa280233bcd4c8fa4a81e7f841a82c22ab892915708234ba3ed5b01587771b44b63f8d58d,5.28,0.04724459973295303,0.367034912109375,0.916725257358788,0.05313730610642322,0.027474322167889035,0.008659032869679794,0.008659032869679794
english,187,a8c86cfeec74eedd254c694701c43c8abb0bbbc5cfc8239b7fbe8146afbf813876efb8a5de6722a153b85514d3fecf60b8cbd7715345a732e3667d553c112e45,7.272,0.026627773868832885,0.2322998046875,0.8259811218955395,0.123683500912431,0.04338184512868809,0.013558342176886324,0.013558342176886324
english,188,deb84f2071c433e699d881d69ca709979161da7ea1de4cab0046ce737b31d9fca1e9d7b5b765082ae872201fbff90905e718bacf89af718feeafbcb3f2f97f99,4.968,0.0896322849240273,0.651092529296875,0.8953774066142549,0.09221750309767156,0.011628105928032158,0.058751502683437866,0.058751502683437866
english,189,f0dce948ac0bb8d22cb47a79c63cd7b032750bfecf5e4330c9e7fa1cc5da983143cbc1835e70a09602999e37ea7ce4099b500abf78267936a49851116aa1dce7,5.016,0.011403996191033751,0.0712890625,0.512757851804374,0.368442489624288,0.09997928198624448,0.16275477085314077,0.16275477085314077
english,190,33450eb388de60fa6a9907092ae242b8df433c71557ab6b6908373c3300bd9c11890a52fa8f4ecac0a91ecb4c49edc7acb6e1287396a1f28f5b8f1fc1c66107c,5.736,0.008705971318540274,0.0562744140625,0.5682415497635008,0.28125633879928547,0.12705601479127956,0.11570882364219855,0.11570882364219855
english,191,bb1e5d029d2b0659f0f23e3793bc423c57fc559941423ad259933a213e0f089c93da9f588d0369985d859e480cd9d0abf0dd3c2177e1d8bc9ba7a3da4c2643de,5.064,0.09456460542715094,0.728668212890625,0.8590203863205929,0.10619949862733923,0.03414150569156819,0.09103231259842753,0.09103231259842753
english,192,97b5754c2b7322d08cc69d621f60a6be00d50a86ef476e6a240529cb2dc06025626beddbcafff75d80ec8871a4b8cae6dd253dfa7009ee443b82423108973e01,2.784,0.007080308985624571,0.03900146484375,0.48372037589256045,0.35204408856200836,0.1389177212366349,0.1450859849514671,0.1450859849514671
english,193,34d57429883aac7d0241cbc867c0be9e2f4a5a63f68384e353b4e2a9845eb2ed6a3b66980b7d43d47aab4cb9dd1ac40bf93fc75b4311b87516b98410516807f7,4.056,0.09155747683149207,0.910186767578125,0.6626730621409263,0.31009773113307837,0.026581740889836943,0.11769932928125718,0.11769932928125718
english,194,dc0c3e2a248132ba9f119b49a12b3cc005b3fa00b06292f083d8dfa3ae96109b032e9799aa56e58277c6dd07f9c078a8ec5c230001cc5da8cd41c2cbe90dd802,4.86,0.05575379154040196,0.517303466796875,0.7404153221201313,0.23153790032096808,0.026369557758230945,0.03648123913431311,0.03648123913431311
english,195,a96281f5e2805ca59660e7caed1d355893e2cd686946a226be44cc38ca934495f4c6511a7a5a72846e09495d7792e66bacc43d933f92b05431f30c2647e8cffa,2.664,0.004332361379024878,0.02093505859375,0.466292258333162,0.34776690439893676,0.156024225843668,0.15888719162814963,0.15888719162814963
english,196,9fda0c374f039f5515c821e5936f994c091c1a9b315901abb63a14a50ee08772dff631a98a036a8cd9e93cdacfd37f9d96759fe958923f564a3f63ae53a9c316,5.976,0.046287702805130476,0.469970703125,0.7958891092750008,0.15805113296469048,0.04365501656984712,0.017731426102224387,0.017731426102224387
english,197,8255fad3520e654ede731f40f3501ec48a9add93775d5081d146065a11a94be19a3c6ee5cac546061e9cde328e9c4982ba6000716371458c40c1ab365b93207c,3.864,0.11877089054532584,0.901397705078125,0.883331947651304,0.09866793346767258,0.01761163293959363,0.13246850589884135,0.13246850589884135
english,198,eacb76b080eb0ee90c6ca5f40c90311d5bfabaec772a520c67975bece182e7226298550c79258cafbb3fe81e29af5c3c5c796d4cdca81bfaf67fbbc6f40227ed,5.664,0.01364165797505755,0.1170654296875,0.6224720357286391,0.22493744353688003,0.13569081188490484,0.07962791718725823,0.07962791718725823
english,199,2817b9dbf3bd7f97c813c8282f35c8fa3c1ffd8bc501bdc997956a3f64c90f3f0ac2e39c067de95bda48043c4c4aaa39dbc48424f906fa434c5646069b7960e7,2.664,0.026848006027536432,0.24609375,0.5471270209342229,0.33428550653642425,0.11285925701168208,0.11246715757003325,0.11246715757003325
english,200,4eba41fec2812653b53fdcb9fd8d8d86b3a474576984a8d08189dccb9fc404a2e11f345a2f2f44c3cc1ad79eae446e973b7fbbf6da3becf13585b3e471ba48ec,5.04,0.06463162124301314,0.534088134765625,0.9209136329471076,0.051423220115222774,0.026200381340914392,0.012481411917476476,0.012481411917476476
english,201,575dd0ea9fe293b4ce19f4526086fcaec5b306d9e3fde20eb37962b673c764936e80c3b0bbb55017e9d5043c80aa2ce6e53d909637133c7a3d9fb1ece1061a4f,2.856,0.04474804822651003,0.378021240234375,0.9005972295356874,0.07875980538912293,0.01768147108524566,0.004307521029581212,0.004307521029581212
english,202,3782f6a35d599db62a9bd73a45d7480cb56b29d130984d030b5a17137dbe2ec49909f6944f79eef6af518d416bd040632029ee855f5b648ea34db6d86cc3749e,4.944,0.096834498261498,0.708587646484375,0.9693008323188596,0.016863718005595312,0.013071918850193893,0.03756870846375574,0.03756870846375574
english,203,5b6da28793f5d084ab55a3ba94aa903ec2d6d406d8fbeebb1c3abedf76dfd98d5a98aeef62cffd555832dbaff979f736e31e4861213aedaf6a1e7e4b361cccb8,5.592,0.09945307482580973,0.7816162109375,0.7601774798907901,0.16279669500315488,0.07646420651399154,0.3038139656464943,0.3038139656464943
english,204,bd3a04f4d1f1e2e4da8e2f340ea71e5bf5de2b72ea9f7e87c230debeea9d1978c1f9841c07eb82f1712684df7dae6e817bbf9b95063b70e2730b2bb1caed7f25,2.232,0.0017775940530890242,0.00830078125,0.422212864263643,0.3774922792352479,0.1688548810834105,0.20026757880899204,0.20026757880899204
english,205,cae301b389d76bf2203ffb243ae9d80423981d24eee4d167217fad0ac377704a410570107ba23a6aaf26d11345cad96829e2e44d250c537501597638c03d6864,6.804,0.05973255471184885,0.746673583984375,0.5569572569071888,0.28660690226173646,0.15497252333902717,0.216031399415906,0.216031399415906
english,206,64dbbd082a3643fc62dce8b4a89bd5d3f756dff5cc12527125517e50089e1080bee30c7c21a18dc0bb4f2f83b9f3ec5f32445839c849ccb75ea9c22cbff39b3f,4.3625,0.042276880149672326,0.30755615234375,0.90703292938504,0.06660591176573744,0.023050264546230402,0.00719740059008962,0.00719740059008962
english,207,551d5ea36eb46269c7a7710255ff0cab38e68cd8360ad3d7b3c566e71573c778819d6d1161422130875f138f6caf9bf7e29c972fbf0bf5352ab63029a7dce8f7,3.144,0.11787101515990225,0.943939208984375,0.6736882367324698,0.2817942194397804,0.0441261402138887,0.4734400653078522,0.4734400653078522
english,208,cc3564ba9160b09d78f20c91f7c875f51a2e7e6eb150f1f331159fbb023eeba2b040c3ee286d53f1994347fca1a636ba6343078b7b1d67dab83d60271ea994da,3.024,0.12124557336331064,0.990020751953125,0.8746015546294508,0.12389445728900811,0.0013165762464367684,0.0816063675800521,0.0816063675800521
english,209,366a753846275be279eda9ca2cbda6b54abfef3e22d2b66f252c39722de707e9859e6576abb45f36726cc8291e71aaf5dfa6cbc875f68141417a2666b2263778,3.708,0.030490458515697642,0.20574951171875,0.833317254510672,0.09842246510614384,0.06190797887400117,0.01125614636559719,0.01125614636559719
english,210,97b5754c2b7322d08cc69d621f60a6be00d50a86ef476e6a240529cb2dc06025626beddbcafff75d80ec8871a4b8cae6dd253dfa7009ee443b82423108973e01,3.36,0.005268128432908974,0.025909423828125,0.4770996304253698,0.3419528754124073,0.1526240242980189,0.1692993388100756,0.1692993388100756
english,211,1a0446d48b2fe1114209fcb872c1ca88b6eb43d420aeb81255ee4ff9d6e295c56257b7cf2ff2dde3905f1675a0a29c728187cc03b0423d68ddf7fb1539e8f399,3.912,0.03249346571665136,0.346832275390625,0.7108849098277139,0.21122881278734093,0.07314165829403037,0.020958904313296278,0.020958904313296278
english,212,2260012da3141f7794e6d0c1bb750d1b9cf0b861e1e69a858f8e7da7e617c49f8333d56ceba58fe645e0cfacfe5c296712c399faecd319d4bdedc7c1134f2014,4.704,0.06735043203061769,0.615234375,0.7247521503127795,0.18944726282559807,0.08454580363428534,0.08554757219742234,0.08554757219742234
english,213,49518b0d6dc530fcb03351c761b8b69aba18a29400ec4510ccfc214f1905114cc6fb992128c51bbba73e54db9cb9e534446ebc5f27748ea922d1913e0635ac2e,5.69475,0.1011077003488979,0.863128662109375,0.8672031389325415,0.1253391292160495,0.006910398206603385,0.062360884540907775,0.062360884540907775
english,214,c3a5863ff44c83223e0d3ce8f7e6345e851774df3bb4d2c14883c407fbea6f978130d4667c3080adbc80a42c09f73146807a9d49a6c41d538d1a75a432852193,6.096,0.11575266312451436,0.854888916015625,0.9072568282857224,0.019692112776434102,0.07257234654915948,0.22141022630409257,0.22141022630409257
english,215,243c0d90f6145edce7803731bbd3baff7cb887a5290c10c1c5897e24248e249752883be23dbe58e59668ad96307fa0666e76dde82a2dd55ac2c624acbdb1d919,6.144,0.0102070282434981,0.06707763671875,0.6108267179762973,0.25489625888740736,0.11435525095340782,0.08524998916306248,0.08524998916306248
english,216,b644ae3b2f82a9ef3f6143326617509097ed4337fc0123d4b854be26cbcfba78bcc9d370d1272c725e15370c6ab4220d608d578780b592047cae1edbaf1d7d0e,5.76,0.08797484578155786,0.64105224609375,0.9196759441688178,0.04999932573875874,0.029539654416975834,0.056555064493649734,0.056555064493649734
english,217,757beaeb3dcab1faa1135fbbebc9a4315e7a569f749fbe21a8816905a981bec0b5aa2fe402d60d902cbc2fcaadbd204e02d7a72d388b389e9d7ff3b170f879e1,5.4,0.05961276832063886,0.609893798828125,0.8014489104375883,0.12237664149706567,0.0745680200654013,0.02404857074129268,0.02404857074129268
english,218,895f2d4bf294edfddf1ba3f469b1e1fc1409ab310775e52610a51ca47afb77e8fe546c5d17247fbca77c3636e593d5f84b132a924872c8e2966d48d3a2f8fd36,7.968,0.04514419574233061,0.376068115234375,0.8140257186981614,0.12582563149295642,0.057587259415266046,0.03952714613187287,0.03952714613187287
english,219,372293e65cdab88771e028a4351651ab2eff64438ddafc211e089247dcdccca350153465eb5409ce708081d9ad384af45d1dc57bbe030ae1a2c0edd561322fb8,7.152,0.13180876933788602,0.806304931640625,0.9623891573554787,0.024339018853966294,0.01289518624183355,0.4344015846985138,0.4344015846985138
english,220,d375e73a2aab64bd8428fcccbe19a071f12ac301142386cfa496e1df68fe553bcc279625c5719f2137c219634ccc323582f7defb1e0ba52b4ab0f93f0d3461a3,3.6,0.06379292299300786,0.57696533203125,0.9431439316251176,0.04410564311318877,0.011231687215742423,0.004768712128619597,0.004768712128619597
english,221,ab43bbde8dd98948b7e6b8393d966519e92744fd96172349c9d20cd1247a67a9e41415818b1ab8f0c456d23244cf15a1188a078707b96a3a8476783890c4a42f,2.736,0.07904625867063463,0.562591552734375,0.8983625198597813,0.05810070826677014,0.042654754375191464,0.031244253999482326,0.031244253999482326
english,222,4b2efc2350efb28f0f5209d0058bc1eb6ba348c089f6309c872fc16d6a8565f7298681076544b37b8e771b8ac329a2a83b35c4bb9ecc9eb4298a031bf0d6b1ad,3.552,0.018108311141944344,0.169708251953125,0.6881949535550191,0.2396858802319322,0.06056562415105165,0.01882630657154212,0.01882630657154212
english,223,94d10d73ea83a282d77602f47e961d1fa579d3057ee6825219be4b2750c3cbf233b4d2d06cdccc469cd1b465a93fa50a072459a3982b1e8abcba767bb1c27f56,3.264,0.031738294097774955,0.199951171875,0.8298782529105745,0.13536228393318522,0.02950395136088283,0.010003074555702268,0.010003074555702268
english,224,b419faab633f2099c6405ff157b4d9fb5675219570f2683a4d08cbadeac4431e9d9b30dfa9b04f79aad9d8e3f75fda964809f3aa72ae9d0a4a025c59417f3dd1,5.976,0.04418099291650803,0.564788818359375,0.544731327126495,0.4198401235927857,0.03296183589956998,0.08639025913128569,0.08639025913128569
english,225,92fa0173d8a52067542a43504a23d6adbcf1f55271ca38e9eacfa6f751199a9bb7ed840cebadc1a745b2c605ec99dcfae954c709b8c345afbcb08ce46e100b4d,5.904,0.08949478019580916,0.892333984375,0.9477559550048162,0.047563194231547944,0.003974335675581143,0.009040065595513054,0.009040065595513054
english,226,b1269dc8d0e02db75f8a7cadb9b3acf905466aeebeca01ab84fccc333853bbaf8c55b3542b334080695865fa8e7e6b092b132667c110708bef83b1599f00c485,6.024,0.020906923693854673,0.176605224609375,0.6059822947289569,0.22326876666124904,0.16109706471547494,0.14990857435972452,0.14990857435972452
english,227,4d3827fed2b3998358c998a1e59fbb8d12e51545551352c2bc8a6d06cde24cbee2deb03e33b5445e95afc60c64dd9b19d4bb1bfbf30acadceae8f4a424c486a3,6.744,0.01867888373003385,0.174163818359375,0.7031705185797767,0.20353880717150344,0.08178536185200945,0.036567876777816956,0.036567876777816956
english,228,39a4bd44251136f67624dad34f17e8919d41feec56e419cf920faf6d907f04da317538e6a0683bcfc24e2944deddfa817d39106c5849e20ef52a69430841e5b1,3.696,0.029542369541409055,0.264251708984375,0.7999716320723961,0.14726931396363382,0.04680849924951371,0.009047302278592026,0.009047302278592026
english,229,1594de0d0be7eee9c53511df237e394a8b8e8beb1627ef9e083da81130835c671778ac6c7ea4524b3f86b978f906e79bd2e3038cf162f45e1cdcb5024d0c4835,2.136,0.015467800364153142,0.137786865234375,0.7147396617013614,0.1983335588580431,0.07269666052075663,0.01118501564983317,0.01118501564983317
english,230,94796df469d4a3dc6594d9d759a97275d001a4aabd862b04e5bb10bb6d1991c349084f6e5120e28213bab509cfc1a892321b96ac5d0a50d5496385a32abcd94d,6.048,0.10929452855538899,0.808319091796875,0.8305671227304429,0.15522622951425372,0.013720665771798974,0.2390122407860695,0.2390122407860695
english,231,7992ee59c8a9af9b74fd6f0cc12eaee3da35f588ff19c8859c39fb46d64da542518c2cbe3f8d7657ed6838f721781f9bbb0c82bc15bf31fb662c88b124ba6494,5.304,0.07620112541504147,0.68756103515625,0.8788405584879433,0.07889059197680168,0.0412446711724091,0.02289946221129335,0.02289946221129335
english,232,d1c6d302d4af7caaf9aa737b16c7e04e749f63ed80ec202cfa4de06a1a42b990f3df3e362ac0fec76312eae93f0b526e60d127d6d6081f422ffe9468638036fc,5.856,0.015204763034209067,0.11724853515625,0.39378806981411507,0.5104746742663674,0.0823897662499248,0.42284130334280606,0.42284130334280606
english,233,0e158b24aeef0c21c6864108c70ea9fae815e865916fd6fa7a4dca42ad7694d46c3aa47d22d1946623e718ab6f5cdc030f244b0362e5553f81c8f22c25082b22,6.3,0.1008383218697423,0.7470703125,0.9356607066719548,0.05805617471430297,0.005691188726968502,0.07156059209926427,0.07156059209926427
english,234,9cf673ab7c386938cf09ff29055cb28272dd125f5a4026ec91886bfb313a254f69837c8edb09821aa2f6205c1696f495e33c1bb3be452a3ce6cb667d1bbda02d,5.16,0.044424866064754584,0.34210205078125,0.8548712046467404,0.09628728773237791,0.04612415694507498,0.016101429184733847,0.016101429184733847
english,235,57d9be2eeda5fbaad0290c45f4e95813da95e09633d5fd84df35a758151788abec644a351cdf610c7b792561d1db0ac6f122dbc94404646941967bd6f0befd44,5.544,0.12877164132814484,0.989990234375,0.6605454515414383,0.2431224729931244,0.09614910542565361,0.8229431737209975,0.8229431737209975
english,236,2ca8e257db4b74caa689dae34377ed4f16fdc5a7804bb845da71ab267949854fbeaf50070000cd05e813425e15e4943918de6ce5ed3647ff1a665c57c5513f0b,4.464,0.09206643034978089,0.61627197265625,0.9429524442499566,0.04519133101559936,0.011111551228732603,0.05095857395547432,0.05095857395547432
english,237,af9c15b78f47fc932ee4a2fab15488dd4295f87b2a3359c855aad4f383b20bced882b0bb7ffa51fe7a08897bcd7370705108bb2cd7dd3919806d7d39f2209c7f,5.22,0.08623754131470808,0.752105712890625,0.8856032526366703,0.07644266495403473,0.03715820931892191,0.03246502898815508,0.03246502898815508
english,238,33f33d0ad9fe4dbd137a9fd92cf4e4765c91c08b4be1d9bcd4844adbe039d247adc5df1bc3621b7db9e9555d2a8346fafca36d43cf79974dd7874ce9df75d208,2.304,0.10614336970398072,0.92236328125,0.7332794191270685,0.25997708156549765,0.00623733918242485,0.1170325727592843,0.1170325727592843
english,239,458968a82dc9b66d5f79072045f31daf2b8f454fe3d5820ce9d213beafef2f9974f4ec87f3e84faba0699dd7837ec339f0e93f545b68c7a7ffe7c6e43c786e7d,2.904,0.08072587822372641,0.970245361328125,0.6802847516483037,0.22628170145742538,0.0925348089495774,0.034531674783367154,0.034531674783367154
english,240,9a039113549fd273b31f5523e8062f2731c8e4586c70fe6b398f7399fff1aa84d20840652be8bc421c321e9383d4fb00e8bc25c556abab40152e93d583e287d9,4.8,0.0028818327393370763,0.0120849609375,0.44038126223970886,0.3651978759628047,0.1642264654912475,0.27343166654702517,0.27343166654702517
english,241,7b1870fba227df93de9f8b77144d759ac465ba3693aeab2410a856dca9e8cfdf93ee3efee0cd5c09e79fb133fa0e731098f65c0c90a2e0b104579545a127e511,5.352,0.057196763727171536,0.51068115234375,0.9098730397985179,0.07738714699141779,0.011120287569527012,0.008175424912610507,0.008175424912610507
english,242,1dbe4840071438e638690b6d916ca75f5873a81c259d59714c36f29260032a352b1b2ec752dd97de83aed3d0fa55a80d33209e3a8ac985d3ae5c96535da0f700,4.5,0.026191915877375304,0.2373046875,0.8499818504448465,0.10377741700758744,0.0397190569944721,0.005481807192567614,0.005481807192567614
english,243,0b3d55acf115fdf88131d7324fa9a7e1a26542405b0671d5ec0d9ed34b40fa0158576fd51ee9cc937a41b1c529f49cfb23fec693ae1382f21ec8fed796a9dece,6.336,0.12203058580877683,0.990020751953125,0.9533176797947281,0.028961204288379734,0.017369735919966735,0.08788758081500567,0.08788758081500567
english,244,08457e468d866bcff61ccec90349acc6d0fefb3c1cfc0cc5d854feea9adb20142e8f36f43510a9465ce4a5d75989a265839e2fa1a9530f076737c6818f3617a1,4.872,0.048330932644566456,0.427154541015625,0.3947077935681978,0.5783400809857728,0.02498468906523349,0.5251342977829659,0.5251342977829659
english,245,e38aec5ad8f4a46ec02887fdd0192504ddd62fbcd5ccbf248f4a5ee3701fad99dcc546a076dedd40ce673839e3187c2b2d5c5528c333b8613207e63b12e55d78,3.576,0.08406405565698227,0.674957275390625,0.9466382687169096,0.04539484340904681,0.007204443552126494,0.01408806189340318,0.01408806189340318
english,246,372293e65cdab88771e028a4351651ab2eff64438ddafc211e089247dcdccca350153465eb5409ce708081d9ad384af45d1dc57bbe030ae1a2c0edd561322fb8,6.48,0.16438002872436272,0.990020751953125,0.8876216234667472,0.07263645395829596,0.03954348667616148,0.900995495084304,0.900995495084304
english,247,cf658764e695270837ad8af4462cb4fdaeec21a451e3c9ee585dcec3b999e0ac6f0a5f2de7548e919d2ffa1cc94d7f78fb8dbc1eba8bfe3cf0875c9c50235b63,3.9445,0.04221342895665524,0.276336669921875,0.9150195849462356,0.05001492108491713,0.0316343356752847,0.00780460090527391,0.00780460090527391
english,248,f39de6abfa4322db64ef4558412eb948a07d1209d7da08ce2a087b143c2976e42727d750025f9705c1dcc43044ddaf807245dee934c56958755c85e18330ee76,2.952,0.045047115763611596,0.36712646484375,0.8832635588002044,0.07895589485210278,0.034882045933438244,0.006431136982376965,0.006431136982376965
english,249,65e4db551f3892e439dcc7a1714efccd1166701f881a09dcebdaef42e6a24e97212d4a2af1416e119fd1747bf6a9d7c6e8a82f08e5833b11bbb3595e15c42ee4,5.256,0.0477985251851062,0.325286865234375,0.928321180205374,0.04908812573154222,0.020000166931313065,0.009986408182531558,0.009986408182531558
english,250,8ed70305c08e4cefabd9c6318f06cc0bee432be06368c05063358b8aee0bde4d1dbb8a8800c1992033f7c1579dd6849fe78c89c2a91f9a315b597dec5cd4f4c7,5.712,0.07367607557826418,0.797637939453125,0.49974549946268126,0.3921609533088296,0.10719407729626822,0.4113618399205471,0.4113618399205471
english,251,a1b06cce25f669d9b44f142b6c2561387513d5f91ea7a02ebe2fd4f89a99da110a4a6dea7a90d720b2c41e1399b574dc2c45fefcce800d5b743dff802f037345,3.276,0.08004056583817487,0.988006591796875,0.6279118611843171,0.3663371893245254,0.004923511609222893,0.029931986906163197,0.029931986906163197
english,252,593fa660ba3cdf5373c014e3510d8a4bfb9ca19cc044fa6b1bb0579b48659bf531c66b2c51062d1e11ebf2a1f031f2da74f10e4cffd65f8f3fc13c2910cf3214,5.424,0.08953108195544897,0.817718505859375,0.6451841128935956,0.3097957466412948,0.044365382597217444,0.2640752396102669,0.2640752396102669
english,253,f1211724d3b99480431da8bbc122acba5fe1e6bcfaf59b5089c2a401ec4a58ff4cbc22d52755691ffbd023bee4f429da08f5545bdf3c375f6f4761abe420af0d,4.512,0.16919241483111547,0.841064453125,0.9582815039645223,0.04032932932083228,0.001170041388451339,0.9005488288434168,0.9005488288434168
english,254,cddae3ce4fc32d64c965ea4ed91d859ffb4bcce553c01e74c2b6dede719cf5b2f839c9ead58727420b8320539960ef5fdd55a345873aac0f18295205d58a5b95,5.22,0.06468555685006856,0.544036865234375,0.9250266950949072,0.06495782800216585,0.0085929641685961,0.010470586942563555,0.010470586942563555
english,255,11200b09d937629ec2acd5985480d5ea5bb815a3c945fe8420f107e771643fa59b68d3510f72c7ef93f872002ff3cb4a3528db5c087b0c741772d3c8a0176592,5.472,0.015336381272119516,0.13677978515625,0.476122095633127,0.3164070410783575,0.19511002812145642,0.3590996024065728,0.3590996024065728
english,256,3479ba11b3d8988e9c536be832927bcc9c58b00c86cf085a53384c34e82bae0ccb35a9709d0217a4c7b2dff24cd727b5877286096ab0d1efe6dfe835f8889564,3.624,0.07684054719061136,0.7509765625,0.8122811531022353,0.16227699271944146,0.024407791684400562,0.01988027783188652,0.01988027783188652
english,257,c7fa9b2502b716b516b076ca89ff79e29d183ac0c006ce10ce33b61b0cd08542049535c83a89ff71168375d4a3bbbca2bcc25ecf5cc5f0653563862b73121cd2,5.256,0.08880322029510578,0.871063232421875,0.7776434662800008,0.19622978164665061,0.025424808545440457,0.05145806127026968,0.05145806127026968
english,258,c7fa9b2502b716b516b076ca89ff79e29d183ac0c006ce10ce33b61b0cd08542049535c83a89ff71168375d4a3bbbca2bcc25ecf5cc5f0653563862b73121cd2,5.016,0.07746732552785182,0.9688720703125,0.6206424193194635,0.34163965019242243,0.03694480973914519,0.05055045484718971,0.05055045484718971
english,259,757beaeb3dcab1faa1135fbbebc9a4315e7a569f749fbe21a8816905a981bec0b5aa2fe402d60d902cbc2fcaadbd204e02d7a72d388b389e9d7ff3b170f879e1,3.528,0.045620014949550744,0.45477294921875,0.8913591106380238,0.07327814308980911,0.03255275268824642,0.003982422858959503,0.003982422858959503
english,260,60c3485ff9cf8cc7eb91e3acf16452687ea88d47b366643d4d25174709c280e472950521210df86f8f220e0bd56f972c9351be08f714fda6f7676fc7a0218e20,4.176,0.10139528928607373,0.9620361328125,0.7886293120843472,0.18655473744255494,0.024295384330959353,0.06114802882422067,0.06114802882422067
english,261,5f047713c8bdb300204b259abe32d12fcf660d9a2cc190b3bb5520d11149e42fa014dd345e5a363027c7e44c54b2855883d1e39562744ed33a43d38d935a0832,4.056,0.021480073489842103,0.32366943359375,0.47160399771635053,0.21445731556781603,0.3061547813143945,0.3274402637708534,0.3274402637708534
english,262,b7670846fa6efd38a44122516753f129a04411bf12e5411d114f0ef1a9e74a57a248cd9a77b105a6207e7a40036a75f910123be3495bcc6f123a0afc86f63cfa,3.24,0.04947977722702562,0.513580322265625,0.8178194151484468,0.16762946808823392,0.012384331553691055,0.006623729491236436,0.006623729491236436
english,263,66d8693f2ded1b51d2d39ef039958290d0de0e7b6c400a9f42d581fa6014a4d20c49509ef27c5cb420686eee0ea3b09b6fdcb566f838b631bd6056c51469ad8b,4.5,0.04672802017903122,0.3326416015625,0.8158580226532802,0.16424400065872272,0.017307058726420996,0.022144624952967023,0.022144624952967023
english,264,b15e81b74f3a01152401371744ce17a419c45a9415478075dd9d5dab5818374ad025c732871b55b1d5242f40357f577ab2dfd02950081c195bf04dd7b8aa7910,3.636,0.11180698085111207,0.7236328125,0.9693431283601599,0.026912158563993902,0.0032878851566674585,0.0859741923874488,0.0859741923874488
english,265,132b6782676f870d070f361565dd2fbdfd514c4b6f4b6f60e2e16faba81c7ba89a087c098f0b489e2fc362f23423babf2db83e5078984ab4c170951c2451a8b4,3.408,0.03666051861910999,0.3046875,0.7551166701911846,0.14774596269719462,0.09319560468834397,0.02602885553569508,0.02602885553569508
english,266,76d8709ad91b316a2e6387adf373ac7ca0b0bacca24ae7b34861b5ed351b20be1626ae72574dea01859dc2cadcdaa90477fad45d97b0f4a88c85e53d8b13fd1f,4.5,0.03334291529593806,0.315155029296875,0.8680889788016545,0.08681696366434494,0.040483227266127096,0.005309688336590468,0.005309688336590468
english,267,cf5d5763e4da7f2128047c0de821ac4d8c3db9aa7bc97522a798db1fd97c6eea76aadd7c95227f7e392a4833da119c84cd3df689a346b0e689398689bbf0760f,6.744,0.07571866221256358,0.71856689453125,0.8169558896270863,0.05811877184391005,0.12393284569087734,0.0740760220604846,0.0740760220604846
english,268,0e7296e2b35235ec7f1443bd4ab0fe37a80db4af428d7f53ed2732b5196e3831ed43e8ee922e4b06b3c896e7b981b2ccf54555edcadee9b71e7f3e35c58317d7,7.968,0.11965551238667552,0.94403076171875,0.894026871690286,0.07020249421287528,0.03533554473957716,0.23119804569412325,0.23119804569412325
english,269,d503ee813a5b2b50dc4a1f576d818de156387f41beb3c5fcaa7a3195bcfc5be5217861f7cfe3ebde3d5a5dbf9d12502232842e1b88b0af2f196292b6a35712f4,4.464,0.03655211533403812,0.41461181640625,0.3791794712614876,0.2648659310318241,0.35272184116309313,0.7973851417287946,0.7973851417287946
english,270,fee29389d0adadea5b7b40e51fc503b2eea268c46d615655581035be8d1a24a2907acc13bf0915cae5e1108f44f79ecc6630685d344e8a30a02c670b192cea6a,3.552,0.03795243308527162,0.4542236328125,0.7392919071057397,0.19568028260742432,0.06145257768749419,0.011232875808721008,0.011232875808721008
english,271,3c46e773858810e4079a9e88de6777f239711d3ab9c2d43f2265eeb30b7bb411457af9349903d2cc1e2a6eb8d007181df5c015e4a6ab84aa270964e4e6d555f4,3.504,0.05508835055514747,0.637237548828125,0.8292894118391819,0.1456827374669638,0.023332187989178785,0.005021966427826556,0.005021966427826556
english,272,d7c73ae2de660adfdeb61aeb21afd7ac68d69e3651943b502c64697c81d8e01afb2c00e6b295f7015041007dac086776ab9778627a6fa3339e2b8e40c12cc8e6,3.864,0.08760324863475646,0.87042236328125,0.9536026007304698,0.0343478402008658,0.011313881154614108,0.005696315125386958,0.005696315125386958
english,273,9330514826332a55ba4197d99f9b5a760254d19547c9c6a023628e38d26e616f53c875d04edf046382924e44baad17ae345cad02c281928e2f12e75daa16dd89,5.232,0.087488169916529,0.895477294921875,0.6137736965320817,0.34590792970748047,0.03957579463343991,0.18904726176709113,0.18904726176709113
english,274,aa229274711f2b10e408628ffc5e5ae8758bb022f781aa61aa61027168aeb5027656f2fdf8e94e3a5211e4fcfea5b8447938ac0d24c8002b175fa15f589967fa,7.368,0.1082669262023958,0.830047607421875,0.9215115874779696,0.06264944208166869,0.015328091135920235,0.11824957267985335,0.11824957267985335
english,275,b8f422899ba904a601872eafb38e3a69597acd37b8e25a576e063e372b7e2dfc85ca8975f1c77ad2f133e719ef3b1bf119f71eab8d1bb7422dbf27052d871b4d,5.064,0.07440287642507971,0.67462158203125,0.9521061361972684,0.028858593273041317,0.018028877080071195,0.008445425869921915,0.008445425869921915
english,276,a1e26fdf1481c1d4799055bedaf67b1cc8668e9b3ed5660b05c35dc6d8fba908d8b9a87870da14e937d71bffaa8ce5f211006490e23b6e9fd148d8bb13ccbb77,6.48,0.05714326874144647,0.990020751953125,0.7751960740896976,0.04961308252713212,0.17448285904507846,0.005585775565741914,0.005585775565741914
english,277,0984a33b3e7c7c83b9bf5d58fa8ed856030f3e947bd7a0a403e5de510b9b2feb5d4f2c9215ee449b0db7b39462375a77873ebf6ed35f5751267821d71e2814ff,6.504,0.010793647629476235,0.08172607421875,0.44149126440000774,0.3511551462297738,0.1890802287259164,0.4647870933560351,0.4647870933560351
english,278,e6dbbe39377aa0fe2851852b2c695c9c31094c80c9ccd244bac8dfdc8a523b2a114362d4c717bd9d628499fe1d3c11971221be5ec4dadce15c9ff8c5254ae368,5.448,0.12998671466852385,0.989990234375,0.6813688167763569,0.2350858208973262,0.08335567398286683,0.790834164260771,0.790834164260771
english,279,176e4f6ada34391e97f6435b7c55775ad7613c9689cf82032af60e6125753a4e850c739b5e07301f1e0c08df660785cff66b0ac0024d9b7a0affdff208870f3e,5.184,0.00811289415020926,0.05682373046875,0.49872367533479245,0.33173160584933226,0.14572307960465408,0.19965065639950944,0.19965065639950944
english,280,45c3a80d20ce8cc477c701ae20f456cbc05e99505c846a445c89e5d27da654093ad1efca4473c006a1b326e35eef9b2e298eb1aa1fb226ad071214a0d55582b7,2.424,0.1483783680070554,0.990020751953125,0.8265325506903984,0.16717299896166893,0.00605866843717716,0.5852469995408542,0.5852469995408542
english,281,9cda2749734101fae176bd7ebde6f70df1132f8026ff6fa988e8890244ba9ac8644f7da5d1a27545b25a495995fb38e86a0da9c0196950bcd920b6fdddc6e566,3.984,0.07575850802974426,0.621490478515625,0.9193738116017609,0.06864376403144419,0.010928602860832456,0.013990278258654539,0.013990278258654539
english,282,ab43bbde8dd98948b7e6b8393d966519e92744fd96172349c9d20cd1247a67a9e41415818b1ab8f0c456d23244cf15a1188a078707b96a3a8476783890c4a42f,7.848,0.05739611042531277,0.85980224609375,0.6597960821109301,0.09795612599095382,0.24061540972211098,0.078743736425755,0.078743736425755
english,283,d7b8bd57a847b9f6a92eb975f2fe0a8686ee95a9e71b0168d5ee36090c94b373186a93d864491807465a14b0cb0cd867c6a52509095f73cb3c58490f0fb7f149,4.932,0.06562601183191537,0.967498779296875,0.7953287024183352,0.18443177025374943,0.018919582835652753,0.002868878084314067,0.002868878084314067
english,284,79fa734d263b132bce8a462216182199ca518f4ebbf60104d9b1d75f40a5680d5c9ba34dbc7443252066f4373cbf304ad82ff8dcf61b26bdf63adf0674afba65,4.068,0.12111154090116602,0.990020751953125,0.7711984650343189,0.033873670870639305,0.19459609431539754,0.523755766250012,0.523755766250012
english,285,762c7dafe9556820136d0cd1ff8f73f2bf92af3ed884c85ffbbdcb43091a2bd103fd1b1b4d71d1eda3bdbf31659a2553847982f19a368a29d2612c829194374f,5.832,0.12118406123564555,0.989990234375,0.7783388163167888,0.20016639311121165,0.021271942323882534,0.3226989465385775,0.3226989465385775
english,286,1654137c09ef3d251c6fef85be6a6575954e0ee47db5ed2cc2e4a7f5898e9ee5f0167dcfae518c4613fcfa6c7ca3f2b1e8672ea3f6b01008060a789e74ac626d,5.976,0.08557316522675106,0.990020751953125,0.7944127673901873,0.17592737342589018,0.028967758136366373,0.018952517632886474,0.018952517632886474
english,287,6ac8b1a295e2a4a5b11a602a368771530cd7b900ee5d8b552946eb8d32c21f4694c786c41ca996b12adb8a1d1e15160f84cb0632d9359cf84c6d99a18745692e,5.58,0.10175860847096667,0.7786865234375,0.7891997938868874,0.18577529436285037,0.024522767098781963,0.22382197818573066,0.22382197818573066
english,288,29b15b5db97283dddbce27871ba4f3a7a6e5e079e0d09eeaf7d92150c337ca7655d1c1951069d069373ce08b8b6509193289740986dc9c5c9bcbb14a4f09342d,4.056,0.008731320695754182,0.060302734375,0.46713284230332536,0.38842403913499807,0.12278812506706838,0.19551118919705612,0.19551118919705612
english,289,8d0f9abe71739015ef1bad7efe521e64b83e6718e0d21b104a37a94367ef1149c4fd26aa0a85ee7ff64ae8fd1707f3066a70c918548dbf5c95ab409733247bc1,6.696,0.06756354376223139,0.990020751953125,0.559246545917277,0.28273177338445404,0.15700294668323592,0.10170760450685278,0.10170760450685278
english,290,c8eab153cfba4c862167d27d70de1cc2543cbec12b5bcd9545220f702b10593bb6cef95af414ce251dc38f7b142ac1de45dd1127f6e83c561ec4f846dc9b69cb,4.032,0.09420388705889299,0.989990234375,0.9385975934920651,0.04365241239122027,0.017264194314037785,0.005957318580958145,0.005957318580958145
english,291,5b57eea0bf30b2de1b364a97f7d9b05ce102fd6ad8facb3fb81661df5d38c65a73ee9127960ac0997d0839f7be52546b76911a368d9f8622672481c8b8bb517e,2.664,0.008730599758642536,0.055938720703125,0.5541056218837965,0.298874666494436,0.12385124187820103,0.07227336636236806,0.07227336636236806
english,292,344bf332f298134d3880f9e38710e4c7e7037157bd63a3f5334f3c0d627ff61645ffff180419eb666587109a9a7638148728a3c5765f76296fd68c957088b428,3.96,0.09165184204566214,0.63348388671875,0.9153089702519785,0.07698227019448058,0.00693853068881006,0.050837606550889154,0.050837606550889154
english,293,dd3949a28d7b0063e86211687b6e97775c42d564819ff066aa169f12e329e12d7e91d9d3f7068281b8b8e357ede09b695c410fa25bd797cabdef18a38654b608,5.148,0.017556437030830343,0.13116455078125,0.7408412190528759,0.1697665240603988,0.07616322406335763,0.02070407277131663,0.02070407277131663
english,294,d7c73ae2de660adfdeb61aeb21afd7ac68d69e3651943b502c64697c81d8e01afb2c00e6b295f7015041007dac086776ab9778627a6fa3339e2b8e40c12cc8e6,5.856,0.08776098690723282,0.92633056640625,0.8813506557681985,0.08923837136863777,0.02859188990047317,0.014079798783914351,0.014079798783914351
english,295,b4114163d201648cf53ce6a9ab272fb0eb9c67a2de937c78927bec4f05255e832b35286dfc10af1010441343139aaf20761175f488ad27462b6d76135eafdda2,2.568,0.04091044821140865,0.29278564453125,0.7918068264695288,0.13926764578503625,0.06587374423722536,0.019994363516657655,0.019994363516657655
english,296,16c4d595dc9574177290c4bbc3ddea6ab322d79a107820c18586583b2d2026ccefd79c6bf4129d5323ae72a32a334b9f5f589ab6791c151a2ea3579106d7e255,5.832,0.12763925559609873,0.90228271484375,0.9245937483047832,0.0698670567117273,0.005187976796959871,0.2334529219703895,0.2334529219703895
english,297,6e9b4c450717fdd08ec6418d8c33ef07595e9f15d1ca7211690fe6df6a5a1da87043c508fe2fc1929e789c066c1998d45b67bfc93df928202e760d075571e060,3.264,0.05860987661746506,0.54876708984375,0.9011826329842457,0.08476036794651232,0.012330062340820298,0.005165032962008004,0.005165032962008004
english,298,880f7ef5512aa7c28183e3e4da32b7b09e82aa4bab0b2709917b7589a7421063bd9144ed2ffb831a3970df61a965d6178557ef080471baf441f4b364ec700c83,4.416,0.033612050761295434,0.193084716796875,0.8705024525040216,0.092978382381032,0.03213859208120106,0.010677953349559174,0.010677953349559174
english,299,b8bcffaf1cdebe1d40027bb0d73a9fdaa37b94869cb64497676ad5880a74d854049cd7df22095943f92555722e8be24aabf074e37c0f7fa7831a9892552709ef,4.824,0.11522903218048282,0.836212158203125,0.8720627934726407,0.061322445059382016,0.06615224382440113,0.24201729925120252,0.24201729925120252
english,300,e66509a7f96a4caa500499af0cebf9bab387fc359e6845f566053a777a206e4259f905a41084848301755623e90efc5f71e1a53db906c59ce5c3adfb74e56148,5.184,0.09844827600327519,0.871124267578125,0.8386880283127469,0.15742150522278117,0.003291795985997951,0.055181135600460535,0.055181135600460535
english,301,4a171ad649708eea4fde382bfd0fe038c72f9d6e8236e5a576ce58be9e93369f12b98ad1cfacb1be727f0e772b66785b26e932b82f55d95b48cf5be9f14b4842,6.432,0.10958029795275573,0.989990234375,0.7962300852388422,0.09375932313974598,0.10967108230306341,0.22620459449610092,0.22620459449610092
english,302,0c2446f51c7f9c6350a59fe71b73a279c7e8d664789c9390418158634450508005636e3d0675607f8feb4b9b40cff959bd0c070caa6f06b2bdb8cc903141eb6c,4.932,0.027741613563312666,0.379302978515625,0.6287320757650973,0.30219929396886486,0.06322800797226737,0.029236230092553016,0.029236230092553016
english,303,cff12426d458c2f4d217beb19502df1cbd9c8fab07da2d5e6021a6b61b6d306f59ebd78947cc53315fab60a1f99f85122d04b127ad41bb46e2a8ca91444f3c2b,4.104,0.045788409195201614,0.457366943359375,0.6779759251866502,0.2978899887651609,0.021756668143988533,0.03438792308998633,0.03438792308998633
english,304,cf658764e695270837ad8af4462cb4fdaeec21a451e3c9ee585dcec3b999e0ac6f0a5f2de7548e919d2ffa1cc94d7f78fb8dbc1eba8bfe3cf0875c9c50235b63,2.472,0.11100302063948898,0.816497802734375,0.9110602372533793,0.03929580817170845,0.04913777270221559,0.08443872994144264,0.08443872994144264
english,305,f4515060e7f480a24c0778e8f3d5d1d286ed616552851a6c3c9c6aee7303d249fbffd910c70869b7620fc33b38c8b618b934eeea78ef4cde3c1be1566b44501e,4.716,0.057901850412837456,0.532257080078125,0.8695926646250454,0.11439138108306086,0.014448535862007185,0.010133124370003903,0.010133124370003903
english,306,e888dfdeda8575dd6baaad8591b68404c5f28675ef8260daed05551f1ad0a00c1f895fa15284369668c6ac3a84d7768d191b0729c37a29509048d7d15d4fb676,3.996,0.07868959384062331,0.605133056640625,0.9297677873524726,0.05415325637434433,0.015067995429161339,0.018554213430741418,0.018554213430741418
english,307,9b90df6c08143f35da9d96f2be91c232e3b620f28c0a40556b25458a2c3b25932fe3b9de3872f807ec1bc35ce26a29d773875f92e04f96bf1de34ccfa63d9553,3.168,0.07497485357131244,0.59814453125,0.9224178552383059,0.03450265310681361,0.041989771030896024,0.015173878427237964,0.015173878427237964
english,308,995e028794f85b21f12ec5880ae7d8140e8c53b523cad6dcceee552ee4bd39ed59e266c62a70bb57ee2eab0d04acfc7ad71ba2edda18635b1e2f81153c241643,3.024,0.0950392087156455,0.990020751953125,0.7914337671791736,0.1984758319800378,0.009540197255916915,0.02116751788230201,0.02116751788230201
english,309,7901622282b4a34e1b1367e79c8435281595ba66942f5bcd6a63be9d03f1853b9a78cfe7751b28d704b0b71ef0622d4f2286b307c4c4232841726caa7d102f03,6.552,0.06866852765673463,0.71270751953125,0.7731278610716638,0.21739529515857542,0.00832121936900804,0.030139117071815647,0.030139117071815647
english,310,ccdfd05e77575cefe9807264668454404dba19d013d2c47e873afeb680b3e968117335827d7b36db391fa9eb6553b1e64bed7429dd54f76393be9031ca785e3a,2.856,0.04413173833413289,0.392547607421875,0.6000895109824543,0.3382442231161756,0.05899860729009778,0.09054551114227065,0.09054551114227065
english,311,d7b8bd57a847b9f6a92eb975f2fe0a8686ee95a9e71b0168d5ee36090c94b373186a93d864491807465a14b0cb0cd867c6a52509095f73cb3c58490f0fb7f149,3.456,0.06571396989636032,0.713134765625,0.9405921752759974,0.043305001536319346,0.014733183449514268,0.0024272198057936427,0.0024272198057936427
english,312,0556918792c0a32f83c9d55abc07c607aa28d5e811ac231b6d57c67aab4dc15f6352290903cc79962a3b210b6538b5c13231ab4e94722205da80e4ed57558be0,7.752,0.07531114224800363,0.7760009765625,0.6383183957342287,0.2819444914134819,0.07879859922433163,0.2272726712297374,0.2272726712297374
english,313,bcfeb2775640cf21f07a20a958b64bf3a2ddcde094c946fc63d6dda9b4716e6190b5c986495d6b75283287815d593209ffcb941bbd5003381e9370fa8bd86050,5.796,0.05900450482044148,0.427886962890625,0.8399535825974077,0.12172769112758886,0.03660642566331648,0.04096799723886854,0.04096799723886854
english,314,da9e528c000c38f115466e805b75f04421c1b25b0e1986c03dc85382e5e0d6891942a02f6b4b0ec7e7a45e440f387f2d4e04f47629f7d20ee3d92c4966d36cf7,5.868,0.05106300698188351,0.47393798828125,0.8517321203242906,0.1207866677702319,0.025327308479052693,0.013099383218808474,0.013099383218808474
english,315,8a88ce7c5875e0b6e962efb97743d174f3c826710500fb9f1c048d7569e3a9759427403d4c2fc787d9080a77a83336cdc0fb73626675fd5703b7c765ed2041e1,3.408,0.02947865114887194,0.305877685546875,0.47531232248897043,0.24671895782033798,0.2726998213543036,0.4296204805538722,0.4296204805538722
english,316,13c89c2ea706f95eda5bcd4b8f60027d6356c13ec1084daddea3f3ab3c3161c45087f4f1b0298e04fbe6a854877753f2bff74d60c112e735914ac03eb6ea3269,7.416,0.09468019172842092,0.68048095703125,0.9282773388789688,0.04727244298726619,0.023760411690195368,0.0950962737875773,0.0950962737875773
english,317,25bc1fb5e8fb8c59df9cdb4dd07be6837d50ff86b6582a5c4f01e6bc9fd5674a5c403798d8e0eeaa6ded4e2d25ce5c6ca650fbddef5e05efc861469d548e05ab,3.192,0.06125176809117477,0.471710205078125,0.8746410359002892,0.10804790877801895,0.015869909852067054,0.01387641051861106,0.01387641051861106
english,318,6fd2f535ccb2da2f960530d463ecf95b0da6561324169a54682396c131f05b1ed7f2124bb26ec9ab432713b5ea1e1a539e61bdb42f42d7ed9650729a92e424df,6.048,0.10088341014312113,0.77227783203125,0.8188131614262596,0.15188346518753734,0.028765728215973698,0.1900062028188548,0.1900062028188548
english,319,e6dbbe39377aa0fe2851852b2c695c9c31094c80c9ccd244bac8dfdc8a523b2a114362d4c717bd9d628499fe1d3c11971221be5ec4dadce15c9ff8c5254ae368,6.864,0.12630565175924935,0.990020751953125,0.8044727568446733,0.09352905042655316,0.10173128863343361,0.5480136957368247,0.5480136957368247
english,320,38583b57c115bc2d0d95c9c7e84eabc4822c3c8e7fc427a484ed9ce56193e3d120911a3865a5096089892a42ec2c0e1b744aa3428fad6f67e2b5364dd958fa47,3.864,0.09997173659051554,0.793609619140625,0.9615332649826956,0.03308854249807867,0.0047620985488586376,0.023858934944466642,0.023858934944466642
english,321,c0db9d9daa16d98de5f4a09f020d77888bc80fb6d873800f581b8c4d4935f3720aaad152ace1c339899be10a93a5291a61119311f04084d5798e5470bf1a0ff5,3.192,0.02164444623748992,0.18212890625,0.7094091573769693,0.22145183782019945,0.05983593113732305,0.017967311568455706,0.017967311568455706
english,322,78deac11fbd1c99e23918876d89fba3bf81c712b37fe058f6053245fd17eead473c75f508a77cf2783aa225787d8421a3dda05ad46003fe99dfa94677849d706,4.86,0.09894354465169419,0.915802001953125,0.9370166110850674,0.05793083802815727,0.004371455161164394,0.015880696611208424,0.015880696611208424
english,323,74199ae3910ea8eeac883bf073fdfd04091bbac31ac04caeae6c40bc2bc43f73e8ab6e829332741e27895bdc8c4083c09831b1fdc00d978661495bab555f6816,4.536,0.09302027388386604,0.802947998046875,0.7531616607645113,0.1988513264061946,0.04735915991845472,0.13324760086420992,0.13324760086420992
english,324,abf6f2930167fc56c0a38052e0e4d22ad6d63ae70e455f6b458d283e3bb03588e0f3c488becb27d2c14028f9ed431c68666691e2cc5e558dcc4d2759dcf634ca,3.984,0.01458599000678857,0.109161376953125,0.5847091256721185,0.2261866777752644,0.1738760573583001,0.11640851080439171,0.11640851080439171
english,325,fd638475b9b479713b39cb2d0a70472d3d627539daabc47c038f00f01f6309cc9b694979ab650a854c44d48185411db172b499f52e18f2174b7d1784dfe58684,3.624,0.10900214475305758,0.989990234375,0.8536452116602606,0.10894475395142356,0.03698627415972558,0.050952987896342346,0.050952987896342346
english,326,c883276020e8c978e7973c91dd2752ab7bf64620aa7820e850c5b099a155f700a1ee3a2fa0bf8ca79bdff79c04819ea95d773b980b22722caf6bed26a4e4c05f,5.796,0.03349498837817513,0.365142822265625,0.5703848315996238,0.37647840878049993,0.04895787593440357,0.09740201151242374,0.09740201151242374
english,327,97c549eb1c6281708333b9820cf6483527b4cdb1bbfe5fbafb400702f8010ca761e0db05d5b4c49235a0f0efc495cf89b3fabe5d08b9523fd49540fb4a9c2990,5.688,0.023393525529143287,0.1959228515625,0.7811003282210154,0.1506978461308249,0.05911954625418122,0.015791879462778536,0.015791879462778536
english,328,6c587075baf07522878b3000a33268a6f070ba65b789e0ab170e13fe11bec501a05734ae6012744ba8dc6a9a021ff507620ca0cacffa9e824f2806fccde64cbf,4.224,0.08135735156447929,0.729583740234375,0.7693130893228712,0.17130750646590043,0.058499548963325716,0.07016519811995918,0.07016519811995918
english,329,06c53aec09bca54d5587147ee1bfcc0a9e2b4162fb75daa79b7fe286dfec0732ff4dcae7125393b19a31f66c66c4bd8cf89665b4dee7b446429efd029e225c59,7.272,0.08974652028945013,0.66497802734375,0.9559087637747218,0.026469416211763533,0.01676773637702392,0.05016663972201428,0.05016663972201428
english,330,8d420f53a26d9d11408386b68b1abba0684eabcf0244129c55b7556955e32d2139c235fcdcd37b0eaf4b0cc7061a0029d4764fc2c221dcf4a38c2faafffdb540,4.8,0.04465971316203382,0.438690185546875,0.8014517010908175,0.1741440581946084,0.0217293513904025,0.01204152141317252,0.01204152141317252
english,331,c1206bb942777bfc4cf8e787877659889c14a2a33b3ce2b6a753a89adde6afa669648d986d1914310c707edc76198af4a2492b5252fabbcfe343165388976fab,4.752,0.1555386882099052,0.989990234375,0.9026383863176956,0.09230640664533932,0.004916035968314899,0.6664838277551771,0.6664838277551771
english,332,cc7e6dc7797985d7c5d09a8db7f72f5e4ab65de1872d8e3e311560227b0d2bf1ccf82e612b6192616a2af4c76c051dc634cb94928c0bba49d2d5027c96decf1b,2.376,0.08687796501610633,0.989990234375,0.9749691439244321,0.020008273880564614,0.004250288735782504,0.001415530099794208,0.001415530099794208
english,333,2679869526f619c0ed756e0f49a2492a0d7d383c313ac18df3d138da9f07f3bba8b6f04d4b487d661ee6ce6a58c8227c0411be835308658df7028df49f636a32,3.204,0.03237485298411398,0.314544677734375,0.8299540883126821,0.13821308509625743,0.027099488581285577,0.00500029536692822,0.00500029536692822
english,334,f1202191d99e47f84db279ca55f8fb9280b939534714127ffd735bac0d7b2e52bda5ee40240d8208eb271ea72cfcd55b2e043dedbad6373fabb0aeda97efbecf,2.064,0.06886283088634856,0.989990234375,0.42869840619427224,0.04574775307298313,0.5247009569717829,0.6670945119371505,0.6670945119371505
english,335,505d3052b731e49ad6c4f40931ba42bff7a9046b894c676803a4044fead6272d3340ac3ea1fdf441cfed2fc4b1c81b85bd1fab484d7d9d86357b0affbd0739ee,4.656,0.0942724619620384,0.759246826171875,0.75560849898095,0.23581683511351975,0.007903793298109661,0.14871917831710266,0.14871917831710266
english,336,95374f4f0281ce754ec20477f0fb494597129dcbd84a71b9840512f16624ca875a5d182e2d11413d3344e7cfc09432596ca9a53c1de30ea445daae342c2d251f,4.068,0.04315766939482166,0.4207763671875,0.6763702415191972,0.29364512816970395,0.027338763812834135,0.03593243427987409,0.03593243427987409
english,337,b6191b8f233a0fe308d12932820b01858b03a045142a0fd819df2a761f0ccd7895fefbcee8a8bc14ea38ae43feb45cd02e9f79f8f000a2ff1e5841caaf504e8a,2.016,0.028310115821555366,0.229949951171875,0.7914341831969229,0.16516261066903806,0.03739196533695756,0.007275436429649284,0.007275436429649284
english,338,ccf426b54d5a1d7c96254d4bbeb6c0da8d2923224687fecbe8eb1fa8cb4485d5864e742547a56b69fbaea0378c5f14c2e676df005fca1e27d09cd8d99c796fdf,6.624,0.08621785224068523,0.77496337890625,0.7030976611595816,0.1810534361160846,0.11509301059745539,0.28785591996996307,0.28785591996996307
english,339,8635c63b90be096299283dc2537701c72f3cdfa4f53fd8f2296ebb0e7f98070588f4418850439af6b511605d86b516235585769481494c3c7381531f82896080,6.864,0.07921968630295838,0.990020751953125,0.5144775616250788,0.4206467844599272,0.0640755107954375,0.2168295833057148,0.2168295833057148
english,340,6f008f76e112454c7db1ca4ec51ac285889dba840e90390f0321f83b8fb346d01d70cb6f0c5a748d9ea112b13a502a496211b3796eee499640af71c6b06a2aa5,7.02,0.06537826639397717,0.710968017578125,0.6438932469786207,0.279814351269995,0.07505812472140411,0.12815948716340783,0.12815948716340783
english,341,b97b7d9482144aa5c53f3e753904dc0d24469409e24e81217d07817636a6c26a69fd2aec9b1b7f89a5eb1efe7089f843d0fee0b3c1ed16e021b928aad875b1b7,2.016,0.02510959272478535,0.161285400390625,0.849636946565694,0.10477968752993898,0.038750115764125785,0.004777802132061404,0.004777802132061404
english,342,9b9b207741cd4a9f3351cac570359ddea8577d766dbac5691b4d1211fb1b4d6f04b477abe87505e4b1b21382132e07e0805ee67a8d5a4f89de5a80bbdb0e2c13,5.808,0.06196920437260176,0.66351318359375,0.5749502237130495,0.3603690722625355,0.06327312493305334,0.1739756505620355,0.1739756505620355
english,343,0836f0e74bc679636d4af10bddb747580e93145ef1b540a10021633965e5ed659ace0a7aa85de967a03a3fb1e4ec8e43a3441c7504bf7589e6f106c8b2c0a091,3.996,0.0925363139501023,0.743499755859375,0.5919871355820681,0.3989898478642345,0.008369270820515274,0.4269552153986847,0.4269552153986847
english,344,af4bfcfaac2460d8d4996ff7dc391af46aa8e70d55a856ae4c0e7db109a696ad0d0c6497757c9cd16acafa82703888477d745800b9c20a714fb519bcba467f4d,4.128,0.0633810850748003,0.48553466796875,0.7762784006604373,0.12298775407288168,0.0993531080336483,0.08070085856832789,0.08070085856832789
english,345,1a922227ae3147d84b70c2103fbec940f0c5969b56362810eddbc71cf061fb81f206ff623ddbe02c48efec2d9f3e85ca91fce18d39abf3ff75a17f06d0012218,3.024,0.07456805458237976,0.634063720703125,0.7433555346812825,0.2156222209943238,0.03998621093689122,0.06371804071649166,0.06371804071649166
english,346,7d89e8d41e081ac5994f3e34f52d36bb75bd9f2d174776db4d3bd5d0f7285221f211e77c03fb1e1808dbeddb7437112390927b39ed2d8085321828d1ea891af2,5.76,0.06343813965277298,0.420379638671875,0.8100113126589022,0.1083120984071168,0.08032258409243143,0.10582781650506438,0.10582781650506438
english,347,30cf92caa81bb2bef0f868e2e97e200dc6f77a01d6f188c1977cdace5bba9eb317190fd2c260eba1c3cb9f6ab22c6733a8a228049e1ad115fbcc13f4d3f53943,6.048,0.1367036456078889,0.990020751953125,0.711674238011032,0.28366636787723815,0.004464865448022731,0.7722706555392861,0.7722706555392861
english,348,76e40e1063db4527e0f5910bc066593add88cac501f1eb456ca679417fd27dde6b343a29a230401dc5cf9530a1526eb46dfc299526dc2a417efc691807a16305,6.864,0.1109631603022604,0.85693359375,0.9275017766850654,0.04779547364623289,0.024174997332998934,0.11393527272139536,0.11393527272139536
english,349,92ba5865ef617d69148683e5a0fc4f2b54d15aa9a7f9ddfbd0af3c055aa9ab149e3797125f3872f83302fe05e75bdca0c0b83ff923af2c40562dc9e548039b86,6.504,0.10211775559942812,0.974334716796875,0.8617726775880747,0.10805396092902174,0.029597082346365804,0.04950053227853471,0.04950053227853471
english,350,1f150fa72ab4ef621c4294d6a1ac26a477f4a8b88090c9560a07086a823090bd820852a2c23c96076c62baf2e5479183f58d0257aefc2fc8ee49d0ee724b6d6c,7.536,0.05062375433358571,0.462890625,0.8754894422972385,0.08006305984490535,0.04233364184882893,0.016864136305123584,0.016864136305123584
english,351,e5c4f6ca3b3f072f7d83f84015ff8afab5fb91b7d7b1b724a5045642aa5f9aad4c9c92898891633961279f00304de7fba346d83a5aa040d12d91afbbeff396e7,2.736,0.18305859905573368,0.989990234375,0.945639365666416,0.05321037657975358,0.000996171542143656,0.9025153180208814,0.9025153180208814
english,352,9ae3ca203763423542a43412e1cfdc421fe577e11582b8117669cfb1e608916cf62c06618fc6b6ffa8f07567b708c1035f180162cf3872fe5b99040426f692cc,5.04,0.1063166684665171,0.895050048828125,0.9521857847290387,0.043147634408518175,0.004141452582153942,0.030386304135923473,0.030386304135923473
english,353,df101b67651db4712aa7067868555c5475332778d261bc28a29b998ef649ccff43b143100404923994ad065afd445430c2c8bae42d8272a3821a1fd6f7de0db6,2.4,0.06791953685211947,0.605010986328125,0.665042682489287,0.26981148620941886,0.06397315674537443,0.09317205376369403,0.09317205376369403
english,354,b1e9a471dec6f8c9b427331c8c814ad92b1ec3eec08f146ab503903370f7a7b7e4531bc90616c2ad6d014fa2fccbdd81130e9783db727a67638e065471ad8111,2.616,0.11303597421056462,0.989990234375,0.5919252559434975,0.39553764769627087,0.012171447090751812,0.4192626025178524,0.4192626025178524
english,355,55367d813b8219a384b69cee3a39f352378bbb19bdb6aaed922c60f00f560e2caeaf3edefa1c56daf5ed569153e69336652571239a56f8cec501487fc3c43e73,3.276,0.03182186592915766,0.283905029296875,0.8445168153479921,0.12525561755553427,0.025635803140686503,0.005034358733688535,0.005034358733688535
english,356,af12240a19a64ee65e1e26e430946b19146e3f0b1576dd24b0e242423648c09fa1dd893dbac201f21648bf1996592f8661689873dc9d81c9397f08516d49af1c,2.448,0.0821059229658838,0.542327880859375,0.6605994301099057,0.20574420160223103,0.13284278798675225,0.4694136973730968,0.4694136973730968
english,357,14b5240a09d7a3d584704423bdb1adbfd0edeae51f0b98ead195335245b5d40c2ebb6a197e46cd289aea0220833c74cdfe45c49ce10a9213d74b6c312e91c155,4.464,0.0945169943937251,0.780303955078125,0.9364467231226697,0.059029758747824304,0.0038394059542711315,0.02332703308524914,0.02332703308524914
english,358,fe7db1fb124cf95e02221eefd30713e3f00ead493520eb80e39c626debd051adf78843b780bf2446f298093cf1cfea7b096854dc4fc70a0beaa66a64e69838b4,2.376,0.07002824923692708,0.702850341796875,0.462572061887753,0.04498985603131541,0.4914024411651521,0.893590211959669,0.893590211959669
english,359,03ed98d44db4fb01939c421a0217d2b579c46740be8eb3c869b715b383b1194fbcec12edc6a838edbf536af068ea2d9b18f04e2aed881e478f8b7dbcb75d0fb5,6.624,0.02107118511070961,0.192047119140625,0.7446742924129919,0.18645736667868978,0.059469151072618257,0.022980941737833945,0.022980941737833945
english,360,8fd82c740e74e37fdbe2e6a61d13201a27ae051cefefe3b3ec2072ae32682b97c4e55cc69b4bfdac2cadeb1a6999c89e615369ff251d4bbb1de326e0cd8c7050,4.968,0.0567202666959831,0.44293212890625,0.8213017743250386,0.06286517892202659,0.11405539772938923,0.050883301860493106,0.050883301860493106
english,361,f4c52a7fa71f422af00b4870bad198752cd8a8b01f906ff580165a2cfa1983a539a838a60ff9e9781df46320441f07ec0a791fcb5356a89c101dc655cef68ea1,2.856,0.011313588571156595,0.06512451171875,0.5992649023527453,0.27546557625930684,0.10481383118354323,0.05193312095069961,0.05193312095069961
english,362,75de62a4fb3e5aa6080425b2862baa8638420f5ebfa0e38c40f55ab6b92b1f41f4a6bcf3b24b32660dd86c00efd74bf0015f8d8014d3bc7d5e247303e114de09,3.504,0.016556242992955876,0.201202392578125,0.5537183834129873,0.36419310630091734,0.06997763899049331,0.05239723054459777,0.05239723054459777
english,363,6c1310d38f93accb8c0cae3d4a6c4592373dbfc0e93238b6cd4e5b96a083619da155e4ab463184cfdfa439f0f51eab9309980f93a8d2bc9785822843cbfa4c38,5.112,0.027247352473646878,0.20068359375,0.8544981488812179,0.10077081881317246,0.03756974492688919,0.008078564353670702,0.008078564353670702
english,364,8635c63b90be096299283dc2537701c72f3cdfa4f53fd8f2296ebb0e7f98070588f4418850439af6b511605d86b516235585769481494c3c7381531f82896080,5.088,0.10457845792924654,0.910736083984375,0.7468320292577059,0.1404480114759569,0.11219689863201679,0.28153063312542714,0.28153063312542714
english,365,205277c641661bf063fb07ec2433c852ae8342449b97061c709047695d64a27987944d953a8c7738d5c74e0b0865ff2d85fdef34c2191c0e3e7f1151fbab252a,6.936,0.01513492539104397,0.11785888671875,0.6083244544858362,0.2878234265020672,0.09033403504471005,0.10059054576684472,0.10059054576684472
english,366,ce36fee6cbee98a2411ceb6595540808f38836d238bd6df6f3bdf9da1d53c8b967a78f091d0bf69cd356b5919f3ad634893fa53bf1471a8b661bd11f77809624,4.584,0.08014846781043641,0.494781494140625,0.9688508185419401,0.023743433986855356,0.00639095754749338,0.030351575015151233,0.030351575015151233
english,367,182db53aef62809033670bc6101639ca809c1479bf6fd1faab518d2d3c64173d4f9365d8439d4b95f2a192c84a622810d4b0e36672602d2532ba29009c64ffae,7.896,0.05158007803114403,0.495849609375,0.8480854890603043,0.12156719218255214,0.028168166436644573,0.01916973809060287,0.01916973809060287
english,368,77f590672cdcf8e7aafa1355c81c18bb4c0ae6ff0e5838800eb2354bccf123660f21686c06ee78c6a3a94a0d3cd9cc1a39a6e5d52aab44887c385635364fa935,4.608,0.05356970469230207,0.563873291015625,0.7999347399342561,0.07375597699546667,0.1243288138496842,0.022618460877636293,0.022618460877636293
english,369,36b83dc2895ee7ca3860332467eae1004c2b17adbd25614e15f889989fc897b8c9e5760d973eaad41a0e88bf8bf7846b75184b636cc58a1601a2fe7b3034b84c,5.256,0.02267578051314968,0.18682861328125,0.4885293879455569,0.32498347406810113,0.17893465554432222,0.37755035590955033,0.37755035590955033
english,370,2696eaab6e3c1b31730749713d924d5a9cd05143085702ced4db3cc4ecf36f08b9ba2282eda5fbb905279b631b10bd1f98a109e9af6c28598294fd8489ad5343,4.512,0.03412399766844684,0.38800048828125,0.7144324213612437,0.2117683493446648,0.06943674328621287,0.019952035505570138,0.019952035505570138
english,371,e6f8253f27cb5d9c674e8ff9487f61bdab538ec7e7de363ab6cedffd7cfe8b818d27c209d8e9507c072e3f9ebd95c4333aeca971e0d2bf126ad5d3048238972b,6.588,0.06754561687284966,0.729461669921875,0.9471706736569775,0.03908628096206646,0.01238886106207817,0.00456216523852762,0.00456216523852762
english,372,bda9735882bdfc8cf0e13de4675266e9206c1f8450689f29f5329c87446b07fdb83a5c57963d724d07a9a1cc25c800ceb01f9f9bbcc1da489b3ec1fda8c377bb,4.176,0.06871265532664303,0.65728759765625,0.8811075115314778,0.10508912382351705,0.012638301376706327,0.009316425556523619,0.009316425556523619
english,373,5768cbb92b87c5172453df7b0076a5c0c6a6c7aa3551e6a9f1fd721a6c582b6560cd57b1cafc691b08180ee69afbf539710f1a52b30bafe0c98f4d74fc37146b,6.48,0.05604948921336917,0.38006591796875,0.8983678423375789,0.07236032392720194,0.027443473139222768,0.026324883237621048,0.026324883237621048
english,374,ea6a449819fa2e7459b5fd527779dec9db3fbaae6a68ca2dc10ee9a71b56928897b9db47c031f3f295bd2d5f74dda5ddddf028ee139c5a148560740ada77ea9b,2.952,0.01953670233894949,0.13751220703125,0.7958426248501419,0.134845151553147,0.058719204904169674,0.007896785674066606,0.007896785674066606
english,375,f86623298d3dbab0187cbb055721fd4596c8665c4e19fd49626680bad857630e33db565c426d2d648df7136e1e3374004d18f072ce5da469596f6a1ebe8f5e62,2.136,0.08488064780244452,0.802581787109375,0.9352081328945359,0.05643182078603666,0.007528063474751938,0.005630061326608366,0.005630061326608366
english,376,913b8ec259a0d867cd3909af081be5eb03bbce6875fd5aa81e2befe31ed96e3a021e6faade2b9dc418ffa94dff8f0e7821737591d00daaae28b84aa4e2cdc12c,5.436,0.05567148768251673,0.3865966796875,0.9077235050479024,0.05110820453131264,0.03925354434207694,0.01944088036909338,0.01944088036909338
english,377,5cd95c7c22c6fd21f386f93b700187d1559ab9a63eab1b44b4af4717e61bee61dbf54a0de0d35e3014a441bc557f5a0a4d36ad4e3a815d4bd3c395c9e98daade,4.248,0.10043881796947016,0.990020751953125,0.6911520563838097,0.07331124844876094,0.2351184843047858,0.3516685103164794,0.3516685103164794
english,378,57d9be2eeda5fbaad0290c45f4e95813da95e09633d5fd84df35a758151788abec644a351cdf610c7b792561d1db0ac6f122dbc94404646941967bd6f0befd44,6.888,0.12652465996486117,0.989990234375,0.7513441667434191,0.13905216633812012,0.10940353180726811,0.6899577373789304,0.6899577373789304
english,379,ab72e9ab22713aec03a3189202a0713e56016ea07569b3041fcd65d77c9eb3f8c692f7ccaec75c16bbc62476d528f434d829193994cf07fcde9e3b1e4a2fa93a,4.824,0.08105625437414525,0.787841796875,0.541032890448734,0.4257259964903485,0.03249622712459263,0.32295464275647723,0.32295464275647723
english,380,e790d1a6d652b49b74172d96fca249c1d46c38806613534de93e324492059b41bb491639158ff5b5efe117d167447b1dca743bff0b32dcfe07b12a43fb13a86e,3.12,0.13481133587826932,0.81195068359375,0.9462759093170121,0.01701983450728029,0.03634408924463243,0.3619066956999741,0.3619066956999741
english,381,e726ac877990affb79e86af1955ecad6400eabd3f0a3e579229c938326df0b41f685c341e96db6f2ff18572e9fc78ec915d4caec51ea6d08b5ab16e23f23d91d,5.868,0.12657535225348165,0.989990234375,0.8201863182323845,0.03268481765019915,0.14676952706921834,0.5365348303809304,0.5365348303809304
english,382,27abab9fac87a4bc30b0269ee6db9ff979562e0730deca2d89b1be43335b800addaf7105b8c458edee2300b01cf4724144580354f86c77aa9c033d9b4bc4dc91,4.824,0.0978997007370614,0.79364013671875,0.9439122428299838,0.015815320577696863,0.03954998932130356,0.036030617554321596,0.036030617554321596
english,383,46d77d3fbfea436f143ae65cba26452c7be0a4a0314b5e49c8d9b0c55be530bd286c422e6226a8c0b2b5a17c2e0c8690c6c46b4c9218301f74ae548ddc42843e,2.856,0.03974841398366953,0.724151611328125,0.5996683497771186,0.26211349956070606,0.13518379898373506,0.013457315454941476,0.013457315454941476
english,384,21ab407edda9b81be53c2e0f4341a8c9ca4ea31289425434f2d3a109591e825400bad8078a1f82eb083458dda4e2a2aa5c215eaa8b076a6206dd05574f8cd3ce,2.82125,0.03928291310392559,0.37762451171875,0.8460737611880046,0.10906770885162845,0.04140336421533811,0.005336083669690828,0.005336083669690828
english,385,c499e99d3ed16615d50b0b558787cac861b76f6c402b0adcc7e4450abb4204f7b791e3846469c794392075f96897b128371585758173bcdcac3dbd961c0d70b8,4.2,0.03147035932655948,0.321319580078125,0.6554483820007833,0.26648570478742395,0.07300553038771548,0.04073716138870043,0.04073716138870043
english,386,cea18d12298f2bbae520713a1cfcf05e63b2b9470dcc0adadabc81e69d8d57a0f3c22c06bc4f280d08b9084d3e16b22b3c5d60f7711c9db8dba0d3f53075a34e,3.456,0.09528264175380351,0.696380615234375,0.9374728399816534,0.0404653859965857,0.021438038282321194,0.03770451620071684,0.03770451620071684
english,387,7137cde1c7f8dbc3f2daa4dad3fc07ca76802d9dbb1bc15f7bc02c1570b174d2a36a237336703fbf7268bfded66536669e5e010573763f821b30409b0e65eb6e,3.864,0.017443120807722153,0.14007568359375,0.6348609695749089,0.22129855194227865,0.13190471590250516,0.059738515930361946,0.059738515930361946
english,388,3a11fb1d82c83a37961539606abb1110232049bcae24d40864acafa4c5dcce0ee790c7d22c3b8bf4013cdc4a8bae17ebdf6cc6ffa8cadd62ac8892ed1e50f7c3,5.364,0.04505943286037005,0.24676513671875,0.8820785901008369,0.09479137118541593,0.020279487251082227,0.02079975028463938,0.02079975028463938
english,389,7c2d8e10fd5cf466ada07983e097be56392818f195c3bb2307f520d5f48914404f0f90e2896c39af385369838f5e7d88dbd408dfd39300e50e15107441d85405,4.824,0.05060377570350154,0.328216552734375,0.8840712053781326,0.05492537522423017,0.05874893794161974,0.022768402733287778,0.022768402733287778
english,390,13d883887135cd255da515e128469ec568e336891f1b48f7839d29debaa059d46cafa767addc9c22ba21d3333f04a067b4e78b5f3bb98178e6908717150281b3,6.156,0.09953471587600479,0.91119384765625,0.9703474228030954,0.024288481794383206,0.004807316316665128,0.01624762744855246,0.01624762744855246
english,391,112b927e2e34ca1be94bdce5f2f97f810e4c5a9e353d09658b25ab16e1fd0adfdb618040e47ec8df7e06772d520efd08661b3346afb0a00bbac4595b82df4663,4.5,0.038724626532932446,0.3671875,0.8043297703222969,0.14629912141006707,0.045967901974747996,0.01201191835128301,0.01201191835128301
english,392,88a9cc3068c24e14919063cf476a0d05c109c2472256f26809e51aed403ecbcea9519645b50c9ddbaaac05e8848ea71f888d32cbe61eec6448eccc6cc15295fe,3.096,0.046074262294334305,0.3865966796875,0.8455953192444602,0.12037895779875124,0.03140727359498533,0.00912397984347982,0.00912397984347982
english,393,aae32c1b58fd466a64375b1bc8f2edbc8114c7d9d304a6c136d3551bb217f2478bb4b205f6ecc623f449f40002ed75364f231746243491a0581dcaf6a641ccff,3.168,0.08717783119085414,0.789154052734375,0.8327433426269573,0.1552086162530463,0.011300060787321185,0.026097995779275338,0.026097995779275338
english,394,a468458059ab4f4db90e6a029dc17dd39d18c78c4615f90b912bdc166c818043864b79fac2c6a159e9f8a74d6ab81a4afef4b078fdb3719a58345a8f98caddaf,6.552,0.10319475898921832,0.777069091796875,0.8512365712054001,0.13403278615063566,0.014181236936890494,0.16899772245017264,0.16899772245017264
english,395,9db071da66e5b08a2abe0685a5f845403656201988e5785b221c48ed1333f97990248c8b62cede0628fac8a77ce4da5f3369ebcbc964bccfa6105243bccacdef,2.952,0.02385593167253207,0.267974853515625,0.7894298522367761,0.1493706269082355,0.05304966367909393,0.00526324595086449,0.00526324595086449
english,396,468d6a3b83f807ed964c180ed893ac7c39f9ea1860213261ed075ce3f8c1403d77bc8157c3ab2548bfbc7885be878a423b004a77cf28a7289421937952069126,6.84,0.07112688296042773,0.624908447265625,0.7702497642063062,0.18743631413758238,0.041178633980463675,0.08380290942414853,0.08380290942414853
english,397,c859f1dc492a8e9413a34749630904890b746977e7d4fb95c880d9b7922a64768898b9fe3b4ce2545594cf348f57b2f1fecd1bcd1ca3764c112898bdcc83a4d0,2.904,0.03915802079541115,0.413421630859375,0.6859610664471454,0.28432731609115663,0.026275588113972695,0.018968911493604693,0.018968911493604693
english,398,c6eceecdc22e807e0d317db6e61e72cd0a46a5de7754f298924605aca1a6811918cb0ed07e81be2f8bfd0e04546f7027ca3ad2fcb9a0bd5fbfc221c3914a7964,3.216,0.06871291130135988,0.6767578125,0.9113651389607832,0.07858638822038384,0.008835408652319977,0.004868158575835666,0.004868158575835666
english,399,a8442571919d50789e5535ed9c5c0ef347a00ff065be1771dfbd75cf9a086e20990a40825c191717d3733ee3d1e1964c1ea296b6700e37b14d5a286b0f15006e,4.632,0.04130238660401319,0.6632080078125,0.5805013826226167,0.3953643151457417,0.021147836690257653,0.018746648989306957,0.018746648989306957
english,400,797876ebbfdd4a859548c9040a845cbbd07c5fa56dcb0d6642fe2a04d235741a6e7cb6483bd97a6d725c0da298a60c37bf2e8adadd74b8db114871d39bd93024,6.216,0.03153808070210616,0.45208740234375,0.857078068825311,0.10527862245680135,0.03272141979048546,0.0028887703965317073,0.0028887703965317073
english,401,2171e7f5b831cf25bd8dd5db58678b16340b3d7821f3fa45e0710841830a13f56b0a92796790e5e3cc18b20c522b24336afeaba54685d3535a4ce69013ae1291,5.544,0.021230156557110007,0.2222900390625,0.7007973555984864,0.23666126146827926,0.05361479058113581,0.022948829378147673,0.022948829378147673
english,402,8b907ead56d6387db8bbde04d050eb2ab502d41f74faa90585023c3f348d4f30254eaf3f992cf2f063e2d0f4945cf5336af1ba1759f5a429f25e0e111ae81b10,3.816,0.05269397972090131,0.371917724609375,0.673756440598552,0.313199945168067,0.011266982590112199,0.09362603262199083,0.09362603262199083
english,403,0e6ec9bfb7f8c22563f28d52608c891dfd8db2d34b6a44c389bf97bd50185f89edb76c21cd9bb15ff64735f1b5afe34c94a1a693aa188fb04632e0d9500e82c3,7.536,0.085508082087791,0.990020751953125,0.7542942221787547,0.2369174483115594,0.00811880345215858,0.03355121401837036,0.03355121401837036
english,404,d4036a6b127783052a9f6af22d352ad7003f705615a14bc0cab80eceaef6f9dc5aee06b9947284f9fac6d26ec7c282824427947e62fd02e3fd672f3366c43e55,2.424,0.1029033914098142,0.650360107421875,0.9829613928916765,0.012781648159405523,0.003613151033767446,0.0444225593898507,0.0444225593898507
english,405,34896b6aef1b0a4c28b4c0c8fac8940730c5449b3ba2df4c991746f4d1d414aa46c1e3af7b7e640aea4f579edea4fb121642fede67c1f18d2a69060362a1df34,7.224,0.03891116393097019,0.452056884765625,0.8543395710172685,0.12310377043495198,0.01923191430576704,0.006449545538184116,0.006449545538184116
english,406,81f6c6f90817a8f196da1843163f8aeebc92a3ab259c95b0fa8803dcab26b190ccc5ff9531baae3a70e4523c599892277801a3de49d96e30c62c48d1d71287fd,3.384,0.07910486964636299,0.90972900390625,0.4717221822110191,0.45692946525027006,0.07050206870423718,0.26026905013517965,0.26026905013517965
english,407,17d3246fffd1ce5778735a5e5ed617ecd2ccd5c70d3bf40f374bd3056363e74f89a4d1de6d2ccc560fd8b022c51be051978533e8e445b2b1b08241d199dc7fe2,7.632,0.05012186105145124,0.448699951171875,0.9195144602500837,0.040843062819590534,0.03733439258510659,0.011271966001685481,0.011271966001685481
english,408,b87dd0680063cbd3dc57f5b9b20c14f020f511c3f18467d52e816db909dbe2be05b8ea36a4bca91179503817a1b093a9e6036abb514c6ad1aaf1ffa71b3d32ce,4.968,0.0764324797019133,0.740692138671875,0.5754053158965067,0.4047370927613266,0.018966281609494276,0.22271442572251132,0.22271442572251132
english,409,329e341f220a279afcb76b1610eef8346b95f46e5d0321f3e1e96bf20aec793ecb0de75a2602ec372ad10b30a8025cd2103e7ebedc3c7c7c27bd046b2afeb84b,4.584,0.03589308671728905,0.236541748046875,0.8913530698646976,0.0798244052830172,0.024160210824041215,0.007900840338402468,0.007900840338402468
english,410,1388cb1f3417dd1f60b17bda236dcc9ed5cfc93aa45619439319465dae04b2fe36c5f56a15a93d13bda5bff6903a4cf8b262a2748e39a2c4e3c3c552eaa167c3,3.624,0.068958855339256,0.747955322265625,0.5011913280274256,0.3843164196352674,0.11347299274148058,0.2955913685939244,0.2955913685939244
english,411,7f692d68de3264ccd32c3cb66ee688bdbd616196a1bc4cde7f8851ec28a5310fc9251829b7cffe7c3c24f385696bb5696cb321ccee36f4b25abbc1af9fb42db4,4.284,0.04101288742013345,0.38348388671875,0.7953177559345201,0.15851107500119685,0.04310254934405112,0.013591184405583755,0.013591184405583755
english,412,59a91e5a9add4b651a12a8922a9aa25f7f78a0654e1dcfb6112d9163608f0535175b1c5ce3bddebdef29392dd94750c1e6b600ec2976aef79f4a755f1f82beb0,6.912,0.07173196856304163,0.58221435546875,0.9187762699501596,0.07202036210247473,0.00806310208573626,0.02281158449639582,0.02281158449639582
english,413,6f539d306a5507913a18d0829b4764a73a677fd4cfdb6f41017e52e026b7e1984e3466f23e52fc9fc4f521510255429815c0090953855c329512e1417ec80801,2.232,0.01988484052973706,0.141815185546875,0.7658563952151421,0.16649770011247222,0.057480844709554044,0.009133130131612386,0.009133130131612386
english,414,820ec36419594a6c63791c5e5067df07b7962e7082a7b3e5b7039d847a74ea98b5ea1b50a33ebdda55d994fb764885ef4cce4af154dc886cc0d8465529b345dd,3.528,0.025206505658087002,0.216217041015625,0.6825739915932278,0.22732428099511895,0.08337362975263196,0.03245376381192278,0.03245376381192278
english,415,fab4fe7d76806a557d22302117fc50c25fa30abe22679a5aa6b6940f30b12fd47c2c5b4e21f7cc3699132b8dee7c39ec0f9272530ca6e2d311e96bc7e88d40e8,4.584,0.099525236067621,0.989990234375,0.9166524288820911,0.0565040736155731,0.026239764712039232,0.01397244251287895,0.01397244251287895
english,416,9a53ba0f860d523e57d36cc7d2297416e0168dffaf95ed4099fb0eead4446761807ebfff8bfd830b1ab946bfd826885f018ecf7a7af0d44ef9c6af10fe7d1f5a,3.024,0.07549544538366212,0.769744873046875,0.9556728633934796,0.03126720148828488,0.011883209853658446,0.003079156169451262,0.003079156169451262
english,417,70c21ca1cc3de05f3c23b11615cd7d5dd078e03cda0cd46224c802cb358d2bddc9df76042f0f15fe5c3d655d19f20193db107b130128af209e229afabf047b54,2.64,0.010271500072626614,0.049957275390625,0.6084516837955335,0.25683089739959214,0.11229441156128767,0.04743696306451274,0.04743696306451274
english,418,490c9409b48b9f604648738115d0e1d9edd485a4d3c5e6c195a479e8800af2f5191f25dbe45a0bd161dded421bdc08b651c1993c861da76328a5c31990f4233f,6.504,0.056319056417250664,0.643768310546875,0.7657100173491368,0.2178134001384361,0.014780617681361881,0.01776584030325653,0.01776584030325653
english,419,b6245332d4bf33d8f3e5954b0839a1e36dce401840294260f16179ee3e9441deeb35f84aa146309bd113a647baf7ef33a72d9616b56669187c6ee4de014651da,5.064,0.06996462828087564,0.689483642578125,0.4784772339077286,0.2422036811347243,0.27831315482918534,0.7699272472981199,0.7699272472981199
english,420,03de560328d44ed017ad5df9acda93dff48ac6a415326694f235220dd5248dd2e49e0723a282b65a750ae5adfd04727091ce4250e16c8a71f87928c1bb248b62,4.848,0.028249618281611835,0.2176513671875,0.7060749168900432,0.2518423128823424,0.035433449721862666,0.03195613132139924,0.03195613132139924
english,421,5685d74be959538c6a45fc99b25417102c81b16f0d340d47251f5f847f17dfce5874a77317b3e53003011401d8ad939fec77af3d0b93838dec791f86bd6c2593,7.38,0.08759915815053067,0.989990234375,0.8126492373823198,0.18165118635338762,0.005176296519482137,0.021616988378818546,0.021616988378818546
english,422,9b90df6c08143f35da9d96f2be91c232e3b620f28c0a40556b25458a2c3b25932fe3b9de3872f807ec1bc35ce26a29d773875f92e04f96bf1de34ccfa63d9553,4.68,0.07190257927359671,0.652496337890625,0.81079236366851,0.039467482245809524,0.14862850933579452,0.06599183077590265,0.06599183077590265
english,423,16407ab9e237bd10bf45338224524ebc08d8748b00256d2b2f58b738cf237296062fc8554a0a63e83d9f34c3ef22004134cffa980958f4fb1f375a565ab77796,2.808,0.024827507569753614,0.157684326171875,0.811924169799128,0.13545287887522428,0.0451179398446235,0.008499184190475371,0.008499184190475371
english,424,a26ec48a5f949e4ab6bac3205e8cf1592492142d728cab3adacee963c79d847085c220bb58a8e349c50950866e3bb106368c5768aa3f3b865f1225466cc15efe,3.24,0.08981939457585338,0.990020751953125,0.8233767279117559,0.13867864089291707,0.03739717961077959,0.012342358933461901,0.012342358933461901
english,425,4de4d5c48347e463842ec58420166744aef3bdbd94da13bfc16bd4a3330ebf4a4b5b7606920c27349b7132db50a318637437457a61ba4910b8fa72c54b3f4cce,4.344,0.06772314452833209,0.693267822265625,0.769928498037824,0.21436946983177851,0.014474609502224166,0.02141314668935061,0.02141314668935061
english,426,70c21ca1cc3de05f3c23b11615cd7d5dd078e03cda0cd46224c802cb358d2bddc9df76042f0f15fe5c3d655d19f20193db107b130128af209e229afabf047b54,6.504,0.18156977271858954,0.989990234375,0.9423436507226884,0.04928678275162585,0.008196736362328701,0.951033441126406,0.951033441126406
english,427,959c769d9a0863ebd10e46ba1e1e76b06250e53d5c5baab568fa47e09785ac1298a229d104c41a297faa1d3115cf601810b3b11366da8a2af3b2f450aab3f040,4.992,0.07339901405821185,0.8936767578125,0.7840128328730711,0.15078846457615025,0.06385304154343077,0.013675960463387885,0.013675960463387885
english,428,c6387c24e088b029ec8883b434561af32c9a66d213da68c4b104345a0d3f9eb5f8e9e9a48f38dc58a04f244c36b6dac606c5102dcb80951f94b2269c1af30e77,4.032,0.03547129611021714,0.345977783203125,0.7987769013605845,0.1392409843856691,0.058100679917461574,0.010709118639627861,0.010709118639627861
english,429,a69b78a5b405ec7ecbc99ce1b2a7c8d6a27d871eaabfa4217f9b59125c9a0f77503f07218d5ec5f14a6da2006ddf8e3af363ce4d017b468d0a7428dc2ff30d66,4.176,0.08267343706960574,0.820281982421875,0.6092646650202741,0.2587760907647354,0.13122534752805115,0.274327456877605,0.274327456877605
english,430,7cda6195ab82a43eb94ae586c0d8f99e6518202e211b9f150d4a009d0055b2231cfbc2e4b579eb834e08126f60521e1999da386154ed7fb51a9dc008abf08ece,3.06,0.07632487997356181,0.598236083984375,0.9601372540108167,0.023492523969547825,0.015364558966112465,0.009657011930868476,0.009657011930868476
english,431,cf166b2a376b2518887f5a2e3c347a69f495260309ac27cc1b860d599c86cf85ebf2f20f4dbee126894eecf204d9ef657ffd494c46e75ba0d5c4a227396385eb,5.436,0.10993819084435416,0.989990234375,0.9160922176741416,0.07108165967976099,0.012405218637116602,0.03735565346319555,0.03735565346319555
english,432,1e96e4da92f5ad7a12b21e433d0465b8bc50e14d8da7f1f0e7bae2a15ff6443e2f244d995e7969deb2f6a4a0cf06fa4fb629e247c4815fe3e4e80ad25247b55d,2.832,0.01769266370638793,0.14361572265625,0.7700519657265742,0.15214823882682385,0.06645737679449899,0.008538985804147284,0.008538985804147284
english,433,bfa46e4905ae85ce085800b03f8bc77ff9b8eb2ef591b35335ff6baf2bd034e2ddcdf24d02e9c82f99ca770b584e45732bc15cf409aa12485ad9e5c1e06c368b,2.976,0.012385221015719748,0.076324462890625,0.5863239265227941,0.3013425230440985,0.09412537747950485,0.058230852989919854,0.058230852989919854
english,434,29b8505586cd43382cd695da6b943f401104be710a5b60e814ac5fe7e06b39459cf8fe1701ca83f8154b3ccd749df7c2aef33ff23950bb1a135b1e1c393dbcf6,7.248,0.12634705058809625,0.990020751953125,0.7955174863246882,0.19932635663982604,0.004967242927623718,0.432695095646988,0.432695095646988
english,435,a0c8e2723ce5107d9750aa59130cb600b8b81f4d01796d95d3ce91700595e3e49920c08d19dc304111154f0c1f6baa3f78c5d57a2259192f54fe4b946ecf7022,6.948,0.07935979018640656,0.635986328125,0.76472746782845,0.16583442844570942,0.06853969931479588,0.18534720207008987,0.18534720207008987
english,436,d4e591b347d7705034b844ccc668be0368b5e352ae553a75f4e44d9651b5fe8f57e291a5eec19f60e0d2b227ced5029974634bb172352e95b8cb56ffca59e41f,5.256,0.08708482126120552,0.686676025390625,0.8819479084914493,0.05318697273086256,0.06409424709406643,0.06400909384115479,0.06400909384115479
english,437,80b40ae61f62f3236401f8401666e174535ce1f13b541a621d007e84cf711cafe4a0f24c4cf1087d4675fe2af61fa9ef2908cb264b1879910973be1119951886,6.816,0.06651911256711902,0.640380859375,0.8768648867186143,0.1015825781767377,0.020163414808123368,0.016198172483677373,0.016198172483677373
english,438,a1573f20b82d1823b5a8db60e86c33cc97b7f9218ef77edbb9526d7bc1d4fbfacd6c436ea0e25b86a5cb79c59593ca09407b67e2256d712f76912fc86c8a76df,3.864,0.04156894555095289,0.362640380859375,0.9146421080025283,0.06287316033217666,0.01920327108088009,0.0038918010062082013,0.0038918010062082013
english,439,c98ce3c8e5d55def2b0e784870c0cc95246ed63e1f53e51752da84121ef477faa950220894571bde1448e58405c1f077d6871f1dc2a00061f7005928a2880ccb,6.192,0.085637325239132,0.85357666015625,0.9467040447619615,0.04795972651497795,0.004521681819872939,0.008880664350880618,0.008880664350880618
english,440,cb041e59d22a86e7d4fee87cecfb8188b438b22cc64a510351c1dcfb320c675bfa0b4814ad22524f1a569ad332a4da8d9e8848d84ad49e63ce940e3abbf558f5,6.588,0.050863994316679075,0.461578369140625,0.8177059239105647,0.15227911808261996,0.027615277644621215,0.022852674700386245,0.022852674700386245
english,441,6bc01ab25300086ec3cf94e8ca3fb50aac19b413564602dfd674fd1104663f7bd8d1ed480ebbdbe3a672c55950e644594c8f5e5f7b5cbd75d4aa94cabb7081e8,7.128,0.08605765042479138,0.989990234375,0.8258784130008429,0.168193887177403,0.00538859700314845,0.01580319981203471,0.01580319981203471
english,442,22d70085d0f069350397b476ee8efd3fdd9511371effbbe79af1ed476818fe5be5d9f68fa88631b5c6a58fbda6b4b48b4a728431bd8b5412b4392fdd87a8c680,5.148,0.030485942131532027,0.23114013671875,0.7365158569084758,0.14329251240844146,0.11520093029182073,0.04715214202922311,0.04715214202922311
english,443,e2b25b63d51bc81dc2c9a756699f1535212beb8c61b684eae202243d5dbfd4efb2a7fabe022f1d7458169ad56cebd5da6c5cd935d2fd29ed9dfb192934e4f223,7.584,0.037652163821957484,0.311309814453125,0.8251628674878148,0.146910055903349,0.02441000035081929,0.020784567858875846,0.020784567858875846
english,444,9550a590a3453307aad258d9efa73a347bbdcf4e358f379691ff80c24674c39d41a82fb6f6840f771d2377fb634243c9f01feb7aec1fc6a0f0aa51e14d4edbc0,4.776,0.05668074140033622,0.408447265625,0.8599195319335264,0.11160230024939596,0.02680130679904049,0.023851664258013557,0.023851664258013557
english,445,1d8a5a86ea20aa36ecf601cae7c6cdaf25cface549454f3f365cdd1a36c0d36008c4f37b5c9f9823f50bc946fadd1f803ef7a70f74f613d2eedfd455caa9e595,7.68,0.11073752535366628,0.990020751953125,0.6269754760852738,0.319431451893472,0.05320125676483445,0.6118628824668644,0.6118628824668644
english,446,70d4207158e7e25ef4d553a12d38890409e9c1132e7b513a1c58aa7cd8fdfbc9375d4ccdea1ca89567d089037ff96e2aa0cfe5e6dd9f2ccd33094ddda84a2228,5.94,0.0622471878195552,0.70037841796875,0.9259324291850847,0.059590081713617425,0.013015805265528722,0.0037394338222396495,0.0037394338222396495
english,447,c46b47eb5d1c58daa8212ea8ef73c27d0f4ff0f44d8a0e63b0f3114f7a4f2074e010af4cb5df24bbf29dc3e0fd52f637964602d3f50fa1007a3bc2bd7dbb9690,3.096,0.06366664656732471,0.584197998046875,0.7295170292001002,0.14559699241707608,0.12362800762563163,0.06769407325976631,0.06769407325976631
english,448,9df479096d0bf0c61d09bc4627b829b8a7fb5948b8381765b3a67e16f75770bba3f4421caf498de3f63bc0eeaf8b6dc177f1351acf2876149dcafe9879acf685,5.064,0.045463391120247,0.333831787109375,0.8565978964367639,0.07875005738688959,0.06183270486968317,0.019771922681182028,0.019771922681182028
english,449,f137b8fcec3b281c1db8c70e4f6e279ab02c97a78fa7826ec295de94b149d3868bb338ab37253add0129c4642ee411cf70935eb711ba8f63631824d24f951977,4.416,0.014668238597586196,0.090118408203125,0.6932276485932606,0.20222142197177412,0.08970059585008354,0.030863927779925627,0.030863927779925627
english,450,6e1f0efeaee7d1674d13d7681b76bbf462f696fe131a70f7ce9f328928fe0b8300cd8ad80cc9340455e4d4c1861b01dcb2b3e0940aaba635ef259a55b4262bc5,4.68,0.08543627053248377,0.990020751953125,0.6980219491969619,0.2757875159233299,0.025623099839220294,0.03601504844916279,0.03601504844916279
english,451,d0b62ac1e57e267f16088ee614cdaf09a9826c3b704ce2f79746ef16e248c19f9ff54ab124c25647def1f4414dc2a510eb8b6cfd3a41ae6681571b91b2a6f9df,5.856,0.02979436606868655,0.312103271484375,0.7892865240435022,0.1725253666137625,0.032379019740916636,0.010857291205605935,0.010857291205605935
english,452,7456ec8b40142e1863ac5d241bfa1d7687fb9aa96941da3128bf4c4d81cdf2f9ab0e693f768047a1b87268a4612f4c5ecb52f23920e0fe146b04542d2c292148,3.84,0.01806627980320803,0.133331298828125,0.7160402284323325,0.17098251298366637,0.10144374124577939,0.024731064290624,0.024731064290624
english,453,feeb5afc17b480b36cc2b5462183c9d4e033d7064d28304f6e9c84b2ab2f82e8f95b344a3207d4f6fec50e69752c9ed07f6d0fc945f15bdf4fdf0d6edef4020c,4.92,0.06330997896002291,0.54266357421875,0.7646964264339708,0.21042606642582784,0.023477673191489086,0.046518369016095344,0.046518369016095344
english,454,a1117d336218c5f99bbeb3c5d8d8a00da3599e7252b1b8bb5dd6613e381b687973e6f78e8d3992cec50a3fe9e6bcf4f3b74b69d9a2708eb187a9c7891ff95ebd,5.16,0.021554659797695427,0.14337158203125,0.7774261046901829,0.15908498449279695,0.05416792858580151,0.016827262539013454,0.016827262539013454
english,455,d4e591b347d7705034b844ccc668be0368b5e352ae553a75f4e44d9651b5fe8f57e291a5eec19f60e0d2b227ced5029974634bb172352e95b8cb56ffca59e41f,5.496,0.09243564362522794,0.7071533203125,0.9338075216987693,0.032051596825091816,0.03345636294253446,0.04680754517086797,0.04680754517086797
english,456,8449194e8b74b81d761d7a3786cdd5d099aff4f33737c7f476edf3435c3eb483ff6d6515d153c7cfb9193821f01a3a0bd6b049740b029acd7b1488df9bd579d8,6.084,0.158650073357948,0.990020751953125,0.8167307134898858,0.10739808684003632,0.0756818427318445,0.9289557698208671,0.9289557698208671
english,457,f24d91aabf9a3b7bd885bf5f0816b9db25e909361586fbb1a54b51bc5964bdd4d59fc104c0ccaf25f1c001aa55dede6118084db3f2cf621c9aecdb9e28c292ff,6.216,0.09958954845242243,0.8912353515625,0.9661648942804338,0.02731455139920075,0.005934728150147244,0.01964570947570023,0.01964570947570023
english,458,140267d219fd5d8913048138a73fa9bbe10d77830c76d1b6837c6300b1f60ccc941e6a60c624dd1f4e930a309051766c83643ebe1f139bbdf0cdfbacfcc3dd0d,7.656,0.09863216045339408,0.81866455078125,0.830692405307735,0.09280795364935153,0.0758720208119163,0.19568310836062383,0.19568310836062383
english,459,9f2b9395e751ef4782769f152e94167863c2d2879a5871f4c917af7ad894e565f63f794b07740f55c6b83bc7c866f3a181c65dc9907bc55529d679249231fc5d,6.084,0.09054958335901264,0.797149658203125,0.7798427473213716,0.11330764039084927,0.10614936317021115,0.1669664350837819,0.1669664350837819
english,460,0fe71a47366e63841c509b7110419201f068f3558b604123891e32f1790d3a5868b871d08430360c7e8897d7cd1be88ee2c9861e6ffd13530190815697a6fa09,5.184,0.04394717374337907,0.303466796875,0.791281875737373,0.1801277160035432,0.025619573952882897,0.032167319842628744,0.032167319842628744
english,461,ea6af2f035b41b076462b218d20822bcf91a491c7b894e6ae5df8721003d07e28894b3ef0b8093e857238a3d7fb363ec6687af9548cda5437399c30804eb5b67,5.4,0.04083460450700171,0.405670166015625,0.9116028488840451,0.06537494555346154,0.019795457424853214,0.00396733835020521,0.00396733835020521
english,462,29b1e5a58d1667d4ac45832ec195356598a69f66680877b0d5ee465ce2404c0186affc81ffe4a29df35203fc07a0fc5714c60d914a88aa36d7f84c94dc381d2f,2.664,0.06682711220451425,0.630218505859375,0.39880695638847496,0.4694847681321763,0.13060666352416236,0.6522168335319048,0.6522168335319048
english,463,186baf916b6153fe0dde4a6089443af5094c8670016da50caa7c76fb4fe0586dfc10179872c4539c6013d1ddec0716ad8a4aaab7ba65b6168521dce56e56a8aa,6.228,0.07503577963312053,0.775604248046875,0.8759137066044842,0.10894567677965138,0.014130566047015831,0.012486118164225641,0.012486118164225641
english,464,ee227fc801eef20e039f95e8b646810743d168df97e0dc6941d13743eedf278b953719e5d30854eb0bc5f2d15cc4c9460aac37db7da6e202a61c97c240127655,7.296,0.1047287313672686,0.7310791015625,0.912494580141639,0.06480947014035249,0.0221546165479989,0.1721645903285255,0.1721645903285255
english,465,fcffb37fddeaa6cbdda86f7d25e57e69c00d260fc22caae90b91c1b7b818a12e26e77c8ebe42dd53b76031a9662564f17ca23ef8ae743fc3aefc9da6bf182acd,3.432,0.07677605588992292,0.755462646484375,0.8915030609129211,0.09510663287327493,0.012549190298376183,0.007826044454885578,0.007826044454885578
english,466,79ce8451fea8968eae6f84f6814187a7a9d4a4da089294de5565c6872ff1f951ebdcfb6b74c51cd7c08a2745c89c5ae67c5464dd4c0b22e55b2d4b1d7c0181bf,5.256,0.10520550472597949,0.82672119140625,0.9532256598655625,0.04075272756557583,0.005491698353405592,0.043845553935840505,0.043845553935840505
english,467,1c61115fbc6f3daefa72def59418f4bd92910c9ced85a251880bd882759fc79b61cfc94733eb2fe4cb7fc30700c98a6cc981d590b7bd5efd41b4fc47b7168bcd,7.02,0.11477130678419578,0.9219970703125,0.9487605003973889,0.04224943793430592,0.008531520262713097,0.0821457156669047,0.0821457156669047
english,468,64b45f91eec793d760ae999dc133299283188e7c9694ff23286c42ed0bb5ef07255e9392ca3ea1870648c7cd21dbfc371d18e8efd59efc2a33be39f0d09da18d,2.136,0.024877144938938393,0.2515869140625,0.7608273919169786,0.1607325119183921,0.07097403724949516,0.008077243194045137,0.008077243194045137
english,469,77eb706fb5dd161c836b90da6cb1d8646d593ac244c4bece480178b3ddf7ef408f5a38397eb4eff91b85747abfcc275dce6c8031bd548fa8a2867505292b54cb,7.392,0.1045060297747039,0.990020751953125,0.6094900355488867,0.347701903953051,0.04259725692284472,0.48865113622608797,0.48865113622608797
english,470,ac033bcb388b843d9826ed30f7b6bcbce5f9e8202097f796c10aff8c58d5e766bbb828804ce3d725b5354221db9b376d486fc0248be1e565d70f6a9bf77701de,4.176,0.08807944533812656,0.76531982421875,0.7669627186165288,0.1852546040558094,0.04705040891707728,0.09253946300601977,0.09253946300601977
english,471,ff6c256ddb6671198ea6bd7256a1e43c22a270209b2bd1ba8297c5cb9fc6db37307aaaa3c1dc4a4bd7d4a42da2b312813017fd0fb47844fe24b63b0d4129f441,3.552,0.059328832836606574,0.64312744140625,0.8789988598066313,0.1098386648924258,0.009550602684295969,0.00394084820451459,0.00394084820451459
english,472,cbeae2c03dab0460ad75b3d4233ee944e95534f0feacbd491d4356ad0c98b8cd9d159b69b9e9aa6db2e237cb1762c1092c44c7890fa0e9200f61173e90c7b5f7,6.216,0.10464318627352488,0.835784912109375,0.6450264822629405,0.16221178129870875,0.19224512373414374,0.7906500308806241,0.7906500308806241
english,473,bb1e5d029d2b0659f0f23e3793bc423c57fc559941423ad259933a213e0f089c93da9f588d0369985d859e480cd9d0abf0dd3c2177e1d8bc9ba7a3da4c2643de,2.544,0.033879296510096205,0.370330810546875,0.8504207794418547,0.11802277845762137,0.026912092738181573,0.0028430636953592175,0.0028430636953592175
english,474,b1dfbc59f9db853b5b51413e8fb59e531f81508e1eba6b48fb94e1f19db65adf6c1903c2f62d0257b989e1e80d58e8e743eb65b999affef8e3677102e89072a9,4.704,0.07683971036781004,0.490875244140625,0.976125986441602,0.015684669454590527,0.007083482748163185,0.02246677300789517,0.02246677300789517
english,475,379dd19cb981e4e0c55e088d74083093ee704d0d2332e65e056b9022bdec56c78d8ad347227fd8b76f9cec853b8fe539142ee5745e0a97c2a4c471187541f91a,6.216,0.03801089708864604,0.254364013671875,0.7409533261416249,0.22626420721298235,0.029315095669019502,0.053618136700461824,0.053618136700461824
english,476,f5535d8894fde26e853f611107d08112c9da78bdd2ac2d40c52e9cc8052ba06d695952912945855e0c345aa01c51b23ca16d7b8f3e72424c4545f72790fc9546,4.248,0.03045669823839426,0.304107666015625,0.7996422502297833,0.16252750443671787,0.032102255235748944,0.0078007378535036405,0.0078007378535036405
english,477,70c21ca1cc3de05f3c23b11615cd7d5dd078e03cda0cd46224c802cb358d2bddc9df76042f0f15fe5c3d655d19f20193db107b130128af209e229afabf047b54,3.216,0.09200962389204165,0.736175537109375,0.8973790582582568,0.09290410586002076,0.009009810916107107,0.029003404030592504,0.029003404030592504
english,478,4acac0472277782415e23df5d930aa2ce953fe3b5c30cf180db4dd35003edf8dd9a46c93b8173f16635ad7157f081362914cf84827f254ef3e5a11aabcf50566,3.696,0.058144209036476734,0.51495361328125,0.8424564182444989,0.13660574536049014,0.01909919094454393,0.012566366598043714,0.012566366598043714
english,479,863ff359f109c8d4fbd978d4439474bcfe0ab5f2065efa125c935b85f1a7b1cf99540a82b2d32394fa34c2bd093283b12257fa42cc8d8dcd4dc032af79981c7d,2.592,0.018332681510735627,0.175048828125,0.6102114450440249,0.2905722103770575,0.08798377876854648,0.03894388665725418,0.03894388665725418
english,480,2a86f9aefb1a5b1a9e7501645a1fbb9bebd024e20d246b3497d902b0928018d9632bff40f5851041d8a7cc53b50eace5a4c04b93d56092e2e5015046c76c6dec,4.104,0.02797076330787423,0.231170654296875,0.8540963414749094,0.08840873475306511,0.05129576960569264,0.0063566924177930655,0.0063566924177930655
english,481,3db4d991b3de584e9bf5ebdaffba6dcc4aff31cc074b46bb3fd174a97ebb679be42e747df634081b3fda5aebdf5ee528ec08751b67f698bc6c9ad5fadfc60c76,6.384,0.06820937284279362,0.723724365234375,0.6599214664948806,0.18260263049492856,0.15641380306716765,0.18141844003167215,0.18141844003167215
english,482,d77cbdb365ac46df98a7832d24893d0705078ae23ae8b4b4877dc1da824f6b208889a7999643c94c161b36da365f4c392dd35672076e62ee330d07ede280209c,2.376,0.02104992864514446,0.14825439453125,0.7754705052719024,0.1606586651397353,0.05398627639177991,0.008900248516295235,0.008900248516295235
english,483,6ac8b1a295e2a4a5b11a602a368771530cd7b900ee5d8b552946eb8d32c21f4694c786c41ca996b12adb8a1d1e15160f84cb0632d9359cf84c6d99a18745692e,5.328,0.042189843279153885,0.410308837890625,0.8627490266459003,0.10330562787953287,0.03073616227703381,0.007463966918099216,0.007463966918099216
english,484,62c0b4fa1d686b717e90c329ac25cc9cc7e91223da2d1de9686ac50eae13f921aa33e842d125b15e065eeb9bd5448d1f06d846c7d546a5b7757370b1f91b1840,5.448,0.08145878491465665,0.574615478515625,0.9636472325087702,0.02346827209309008,0.011896302402777293,0.026945020383117087,0.026945020383117087
english,485,7841e5ad885d6e6511503d6cee44b326f268953a3a417aa4b6057e87151baef20276e90af0a8082536f3255de8534cd3ec51a06821808ea0b4849480e7521204,4.536,0.024024265698743646,0.258941650390625,0.8006907764138567,0.12093616938923545,0.07073072614292282,0.007923390926952663,0.007923390926952663
english,486,59d350f6575fbc9ad7ed5bea5a9b7c63dea9c56671a1d45309d049b73c74cbb97f715adebb5226b25cad6dacef282e31e24606dded30615588f3f96f79b5cb0d,6.336,0.061046655179943975,0.480621337890625,0.8496797786063941,0.12348544003592637,0.02517894910306749,0.0333038346297796,0.0333038346297796
english,487,aa0f68e3a1ecd7edc3bee027c59d022e2c9c21c643d23c2dcb5ec38175531e30155b5b8b5783f5af0d1bbe4c99aaee82d28e4dc2e711c49f0b780b91ca0fa613,4.152,0.0076586219209437995,0.04193115234375,0.4862701146532876,0.35676034602956097,0.13250139940323222,0.17992231095352926,0.17992231095352926
english,488,2d0e152e5c3736951873b259c7e9e0e657716506e80b46075cf128a522ed95bd4eabd672fc31432924cf0d8632e48aaa4c791e517be06235a7d0d1a9e84f7b55,5.856,0.10399014827893281,0.81146240234375,0.7973493075911643,0.13568219788640223,0.06645156866092011,0.2682526638729236,0.2682526638729236
english,489,677f643d2bdefa8a69d48e3ada8989baaa389fe8f5d656ed5b91ae022e95142df657be3f5a90e96dffb0c7497797ed00440c7f6b85be6d5b29ffdbfa3be1e495,2.928,0.013609839479905099,0.129638671875,0.5807197819731228,0.29982860046643645,0.10294846485851877,0.05215569947567385,0.05215569947567385
english,490,413d8320abd971048dfbdc73e91563de0c9eac2231e0f197c1643fd0a18c4866261b8a27de0679747a417f57b3998e389de5a42bfa9d235025204a9937c56257,3.264,0.09290813862335257,0.539947509765625,0.9714633870701783,0.0211816621183552,0.0066160627011973665,0.05056968527471244,0.05056968527471244
english,491,7ee4652a364c56cfe0e61f20c26c2de1eeafa01fd5add3d4caed72d340fb1738e9cccf80bb643032b8b9ebcf16c83cdb190ef3ab131bc6e76c167a426e70b22e,5.76,0.06498423137105737,0.548919677734375,0.9470867034680526,0.04207854542567982,0.009431324813335086,0.009421310780764544,0.009421310780764544
english,492,aa60cad613ee216c697b0d33d27e3baacff9525869b8e4e5d4f29c8c8a7b2c9edd439038e21c16b0fe21bf04a57eefba0e9749416a1311449dcfa86bf588423d,3.744,0.02943793700272312,0.214019775390625,0.8798033483371683,0.07921394526501492,0.03437636912433093,0.005162073699628546,0.005162073699628546
english,493,90d6d58e3bac55d4668e79580473286d7d5be658e533ce74db1a82f7e7bd86cdad0593235270da5bcfc5d4e022d90be9f28e4e6a6f3ecf8247ab766c5d8ba0f6,3.552,0.11648349548639075,0.624969482421875,0.9243019471159731,0.06741439277382742,0.007827292977420415,0.29659704991071106,0.29659704991071106
english,494,337bd48d700da4d21c52ebcbc085a032a073b257f573c003a2c4d0539cbe080f6666417208d1fce4bf4d4d6299f7fade3122be362bf102a9f6260df38fedf147,5.544,0.1131787774732538,0.987457275390625,0.7300608808461111,0.23330016953753313,0.03614115270362963,0.28739941790178464,0.28739941790178464
english,495,cea18d12298f2bbae520713a1cfcf05e63b2b9470dcc0adadabc81e69d8d57a0f3c22c06bc4f280d08b9084d3e16b22b3c5d60f7711c9db8dba0d3f53075a34e,4.896,0.0407629206866087,0.571868896484375,0.4091857413902772,0.1110884118093464,0.4769953677179671,0.7945339779700705,0.7945339779700705
english,496,ad4ea5a248f0236960d7c174e58c9a233c9e6bd037ec2e2aeedb5ea7d35840709636c4f84e413694d851337c2f815ed8e92c171d4a5586cf6b6f45627255dbc5,5.64,0.10706367836514405,0.925445556640625,0.9481096369937891,0.04810508790055003,0.003261429629024058,0.03138284422174886,0.03138284422174886
english,497,79ce8451fea8968eae6f84f6814187a7a9d4a4da089294de5565c6872ff1f951ebdcfb6b74c51cd7c08a2745c89c5ae67c5464dd4c0b22e55b2d4b1d7c0181bf,6.048,0.11452594948688585,0.946136474609375,0.9423120065507467,0.05001865332320596,0.007223682814986275,0.06085127016473566,0.06085127016473566
english,498,3a3a12ef79a5ae168e17630ddee4bc75ac379e7a4bd0a2c01e9dfef7f09c47891f3ab3c3943a9b3255d4962453f314a139edc4c88d3e71a3128f49ef85947a79,5.328,0.08856770441364491,0.826934814453125,0.7485794715971856,0.20854359616643572,0.04216052016561961,0.09638541058096356,0.09638541058096356
english,499,8fc0eb2fce585c5234c75e00be7a6be635a7a04b7e181f362ace7f5acf7e42a74125393235b5008e34eb3bb6650b005724968f62618822e2247bc1bca5135470,4.104,0.016286634324152362,0.197357177734375,0.4212050756370831,0.25067891323935326,0.31602602604051766,0.5449717492501498,0.5449717492501498
english,500,a9f9dcd9aaff87741df3ed4e72e055ed390ce2b88e7c13dde116b33ec01c291db3eb287b9e3f1b87e359c8a957f59b44a9297811c50cda231be7f86a320b89d0,3.192,0.09885169226389195,0.819610595703125,0.9513986370724203,0.04002309152769629,0.007966917686564535,0.01810348777170164,0.01810348777170164
english,501,5ede2541c89ae6392684906501e3543e435abcc64e0c36672a3e937e9c3a7dbcae24b9ff3a35da87f25519033a14db74514ccfd3e19fa31999cc97a0ef853cbb,3.696,0.030036320752560238,0.24456787109375,0.6538338236694493,0.27971498604744605,0.06095263760381301,0.04885509104483041,0.04885509104483041
english,502,1ce2d4bc81c3f40364305355b10c3a76c81c31af593cdba291a5c7d79eea4b3acb1bffb6dfbac787c1eedf652c443c973c39dd9901f5756b4c23d0ff26ca9e71,5.544,0.06847791448465658,0.65118408203125,0.932164673551819,0.05185305310394328,0.014753569870334358,0.007700441553012123,0.007700441553012123
english,503,4f99ca969abd138a072604765bf3a2699bf5d891cbf285a3da1c252af37d1640d887935c6a7902bfb04dad99092d39cddd52decebe09068486e68636692f6072,7.704,0.0839406142092789,0.77313232421875,0.7971227975082562,0.18519304004768736,0.01682493080992438,0.07894357292587371,0.07894357292587371
english,504,c7fa9b2502b716b516b076ca89ff79e29d183ac0c006ce10ce33b61b0cd08542049535c83a89ff71168375d4a3bbbca2bcc25ecf5cc5f0653563862b73121cd2,6.504,0.10609533804842497,0.9288330078125,0.7955386952795616,0.16789612247312508,0.03605003213022014,0.16643322314016623,0.16643322314016623
english,505,630e7ec8d2545191cf156c922d12179c4f8511b8c94f0541de112038504984103fe8b71948de64fdf7a6a41056817910ccd5362661c26235644f0ebc9943ce38,3.696,0.08695723530325583,0.868896484375,0.8663459067536772,0.12577548897360805,0.0071198817763259365,0.012143438950905342,0.012143438950905342
english,506,df4eb895370c0c7cf250acd7cdf604699f726ad7df1c54695226494cd2661e1cd02bde1a991637381b670c1d6c6870a87ab1d8e270ed5b3d459cd5dcbc01bac5,5.88,0.0466340362628137,0.805938720703125,0.376561587500962,0.22803470532775252,0.39328153886597456,0.5901775921702903,0.5901775921702903
english,507,1892185a5f450b7b4659e791cf442591bcd1809f6461f80914e4335a0b4ab38ee71b55e86e0c068cf0358397c58a295bd583691234b5ee98aafc775dff2b33b0,6.024,0.11453230567394093,0.859161376953125,0.9536139022931938,0.03552451392627697,0.010421244598823395,0.09277022153698396,0.09277022153698396
english,508,c1ea9914f987e4eaaa3b5f5e8a6ab35963d355d828930c7455cf32e2882c0677085edf026177b5e39d2800b42973ffc362e0f7df2a181b49b7f420e9e5702ad9,4.344,0.006906787381193255,0.032684326171875,0.5268752391717993,0.3097790772656437,0.13819956465588934,0.13506846197815342,0.13506846197815342
english,509,ab72e9ab22713aec03a3189202a0713e56016ea07569b3041fcd65d77c9eb3f8c692f7ccaec75c16bbc62476d528f434d829193994cf07fcde9e3b1e4a2fa93a,4.272,0.07544731616284418,0.588043212890625,0.664097387252533,0.3080532701184769,0.026866336439463453,0.20610044235667896,0.20610044235667896
english,510,362d319cfc12ca4cb99179fc03d9b1336e51313d88cbd4675f686b5a5496985e95c22b5a09dbcb4dd070654104fdb3b5e2e254464bd7936cd83306546509d61f,5.784,0.10420274252563383,0.990020751953125,0.9332798824187807,0.06121631421205112,0.005001178576982723,0.01982926979410812,0.01982926979410812
english,511,95374f4f0281ce754ec20477f0fb494597129dcbd84a71b9840512f16624ca875a5d182e2d11413d3344e7cfc09432596ca9a53c1de30ea445daae342c2d251f,3.996,0.04075922423206108,0.391021728515625,0.6382271412891865,0.3273633769620048,0.03128058529197146,0.051124054848056225,0.051124054848056225
english,512,cc3564ba9160b09d78f20c91f7c875f51a2e7e6eb150f1f331159fbb023eeba2b040c3ee286d53f1994347fca1a636ba6343078b7b1d67dab83d60271ea994da,4.104,0.1325170186013709,0.990020751953125,0.9037739485144148,0.09353708174852544,0.0023979531861529134,0.1837292363195282,0.1837292363195282
english,513,50a3974c5ad2d08c1b064c761f39a0065d1d1a6b686e9723b24b9eccec71d13762b8d5807215cb8fb5e7c6a27efe6b7f038e962f32b4a24ab07d8f0feb0a2807,4.896,0.044791583252084946,0.497833251953125,0.8584287836247287,0.09869818044016182,0.040088514114840476,0.005478251162804877,0.005478251162804877
english,514,ac6c32f959398d495a2bd3ff3a6d7b3dc0f9700ded23aef5f248bc799b3210e84b90cf8eaca63f0bd7caad7fd8d2f1914223a32a39085381242d0f0b0411ce5d,7.872,0.06635526534893459,0.584503173828125,0.8295892534342398,0.13807188353273137,0.030982174195564777,0.047458978371992595,0.047458978371992595
english,515,790d3c7dca38df38badf91b9f25b8d9a7680b57ca71e70d73b341fdc7591dca9e7941eacdc34a0e9962bf5bdb04a0cc9b166f90c908682086dd2256e3bc6344c,5.544,0.168233873833378,0.990020751953125,0.8915945586726614,0.07207143324214649,0.036195008648583736,0.9078977571894696,0.9078977571894696
english,516,5b9265839ec3c73c4bf4ef1348528cd6778c87938ecdbab9101c7f2cdac971ce0ba043e7e73c116a22b97b9fa458c34f1ea84e584e6c0be602b6e4456ca4839b,5.328,0.056000863237238324,0.6351318359375,0.8192645096914932,0.1655969137920487,0.013388410229198086,0.008341866178913056,0.008341866178913056
english,517,46369e01baf2553b6269322ed95fc7afe1865c88e5f462390a20e35e6af12cc97960c4874ecda585cb422e132fee3f04da4f91fa41175b3b36d9bc7d7033edf1,5.508,0.06147711246918229,0.6754150390625,0.7057313670809493,0.2708010346363053,0.022048592069191762,0.034874490532222885,0.034874490532222885
english,518,8d730a3e00a296c6af5e6b318953e1fabd2c26959e212954a0b949bd82081c7e24b621adda8de124549fe925752ca508cdb2f609c5dfedc7f3e5190f1bb5694c,5.52,0.02002463133916608,0.12164306640625,0.7769730728062402,0.1533179009666165,0.059118356987866286,0.018724345080233105,0.018724345080233105
english,519,8bb1b6035772c575e287ffd80c92b07954ccf17732f806e55a33200d7696fe355c1718c988712b7dab6a14212d59a5184a76c799cca8063effe6194ecc9bac7a,6.384,0.08965094663116756,0.8531494140625,0.9014099543308306,0.05690070051861599,0.04100580540289496,0.025950197195175873,0.025950197195175873
english,520,d366eca35b53578a90927d35767c576830ed244f1e3ef7fac62e6f386e8165aca2d77a6c5bdd5be6db1fab7509f638e18e6368f69237786ace2018c760a25132,4.248,0.04918016557692014,0.413848876953125,0.7674621853567763,0.21599960367449042,0.014199399592337666,0.024692718320743278,0.024692718320743278
english,521,f21d4d232e4d48ef7d883a998ea47ab197fe586c809979066e3490da7296f873099b8b1d52fe911b073142071fc68364987e51acd6e417825d36b8aabb430701,3.6,0.088827145035831,0.71002197265625,0.9741169262128773,0.019898299109018358,0.0051524076081072194,0.012900698598361552,0.012900698598361552
english,522,5eaa49f00193ae8a891fa69e0c5a5ddbaf415ec00f344e11d982c8ec02606e2c4af3b7d9e4dc96fc3f68a296ff841aabea06ee2177d4966adfaeb885a7031ced,6.336,0.0333669411289054,0.432281494140625,0.8485174178686335,0.11151132935864372,0.03566199655793361,0.004391449690002492,0.004391449690002492
english,523,b26466e216cd2e3f47c3ca97fb5e55326fc117d171d8bbe5a3c996542a403adfd1c50887fa104aa017c1f31230dfa6610263fd060b38365fc274171e77664690,5.292,0.030068035104052853,0.25128173828125,0.8286648152337409,0.1075430181994732,0.058121956860091466,0.01161830914634574,0.01161830914634574
english,524,d00446e08c607630db0b554cb2c45a91bb46f87042798b0b18a106c5d68b3779c2e2cb46c1b73393743f0c93e08cd978fddac08e3b6ea40ceda2b1ff6e858bc4,3.276,0.04186172464573418,0.495208740234375,0.7379494298261701,0.19928962515231471,0.059494459029218384,0.011534258619400457,0.011534258619400457
english,525,f1e2e9cfb3e71915941135c03f485fbc43d845535824ca12c1b08f6a2d6f6ebb8cb8df358e468fc63ef64bf61aefc06eabd1e176a3c08543618fa0b20c0b304f,5.256,0.06702607787803465,0.73114013671875,0.8900921800754265,0.08184186663896255,0.026850229147355315,0.006345266263745297,0.006345266263745297
english,526,cf658764e695270837ad8af4462cb4fdaeec21a451e3c9ee585dcec3b999e0ac6f0a5f2de7548e919d2ffa1cc94d7f78fb8dbc1eba8bfe3cf0875c9c50235b63,6.1126875,0.0330226731782247,0.335235595703125,0.778702450857521,0.1367007479326718,0.07987718389568858,0.01991457010864499,0.01991457010864499
english,527,f55c6165fa5861bdc125327d4b843577e9a8bfb7ea35c342c2ede9afdc2712162e9837cfd1d48ceee25cd5c8be7cf8eb044b8bc738d2849e392fc0a843f67079,7.416,0.16250404661923698,0.989990234375,0.9300927916523544,0.062374411113418675,0.00741441301185911,0.8325917746299726,0.8325917746299726
english,528,4ee06352238f3271984b2617d0b21542e5b53832a3a3c72fc734639aa0fd35f3f6a6a119b9321d40a849042a29c6f540ea3c9a1ef2c66b05a931f983c75ec30e,4.896,0.07939531424172573,0.503326416015625,0.944325227507798,0.04801074295356899,0.006706878039015685,0.03658084450331058,0.03658084450331058
english,529,cc7e6dc7797985d7c5d09a8db7f72f5e4ab65de1872d8e3e311560227b0d2bf1ccf82e612b6192616a2af4c76c051dc634cb94928c0bba49d2d5027c96decf1b,3.672,0.03261377812720781,0.25921630859375,0.8932516580991454,0.07301351791679504,0.028594539269382328,0.0042833585292807235,0.0042833585292807235
english,530,7691c6d88abf0ea4dd82b8c1c34905b72d42a44c71198603796eb7273b01dff9e21db0f73cf3c387264188e3dd5c9802a75ca5e8a1dd9b36cf57197b5cf1e14c,4.104,0.028485246327450975,0.259552001953125,0.7317688627526076,0.224602309215217,0.037771221450498674,0.017130679902559773,0.017130679902559773
english,531,1d8a5a86ea20aa36ecf601cae7c6cdaf25cface549454f3f365cdd1a36c0d36008c4f37b5c9f9823f50bc946fadd1f803ef7a70f74f613d2eedfd455caa9e595,7.152,0.021159553210017848,0.24371337890625,0.7140306756678046,0.21476918688435848,0.06209948630687316,0.025739813962771474,0.025739813962771474
english,532,fb6f8778471660b62a30900b077d2fec2b6d4f599bd1896c93da7b7a8e601fc72a638c1cbb4b0ec550d981c39c3222fa251a53222b9b05c364b97ba239bd6d4c,3.984,0.04064084808446764,0.358917236328125,0.5980894569710505,0.3102085151861475,0.08873278129422658,0.12473469182711928,0.12473469182711928
english,533,3edf4b5a0cbf9980fc696cc1f71c5ea73ff6a7bdfadac46c2965325ece452b575cd5a51551251456d4fbfc3d621d23a13c32b856241bc0d37134acb2327deab3,6.216,0.16170764728950818,0.989990234375,0.8609100976286149,0.11228366115400688,0.026633326171800302,0.8910240742618277,0.8910240742618277
english,534,a2a22d751c2843ab999936591f3b6f94656a5aa1b21bb26d2c3fc105b934579966c219aac6c85f4157974d99f90fed9479d21c5c2342d7a2d0e80e711384af84,7.056,0.08060525726601117,0.624420166015625,0.7775847082865797,0.1009457981980771,0.12057434343651299,0.2571553197837591,0.2571553197837591
english,535,052e4952bf4ab01e82f051346a73726e616a5aa4bcfc0d6c0cc86de1028de03e93cfb7ec3d4ef7fffd4b81448991c5f583c1a75774f0405922a6eaa4c8e7554b,3.624,0.06082705186350023,0.4954833984375,0.9381662527336215,0.038315111606823084,0.021925108995593648,0.006976723406323318,0.006976723406323318
english,536,fe024e7c89f2831e19be52d4146f469192339777aa731fae2074543b35f500431f4ce8647d9e394762bb6cef43615f7ec2f6bac46df8832a5c687b4946a89e80,6.384,0.036904377854600726,0.480499267578125,0.8300080850555498,0.12817813164234512,0.03792715003204226,0.0054479372298241145,0.0054479372298241145
english,537,59db7cbd4b6002315c9b08092e79c84afb90515c99ab880c4a9bbe31265c403eb0f7a1f09967dcf235150a3e1ddbf9ef32222cc700f9b1ce0aace4cb7505e16c,4.488,0.08062947365194645,0.94378662109375,0.7438413101143746,0.24550477261176704,0.009870275272490481,0.017655053104153304,0.017655053104153304
english,538,7910368e882a9224845963c6721c69d279cb1f15d4c870a2fc1be7e0a44ecd26be23b462c0006b856195642d03bc7ee1f3759fde1ee37788a46334c31c01276b,2.232,0.06644682822607015,0.43853759765625,0.932363254176092,0.045680490810177034,0.020526488367741454,0.012794099615171155,0.012794099615171155
english,539,cb0b0c7991c763340fc674acc4885c5d13ee791dfd6056f18562d91c318fd1640bdb17f61e61a87ea26cf6867ad1350d3f517732329b8320c324982e58bddcec,3.648,0.027491199002952414,0.25775146484375,0.8336006017126993,0.12471121881270829,0.03547624853232052,0.005179840521015177,0.005179840521015177
english,540,c948b5166ffa7f0a17b7d067f7f99418cfe1cf101ee9b845047cdcb43911af6bc2c5f775f5099e60052e8edf9d59a2a0fdd906095c9ea0f02c8af763b2088235,3.624,0.10831215604461752,0.976837158203125,0.49672968716363797,0.41855787103692393,0.08430611553323264,0.727801824519722,0.727801824519722
english,541,ab84a621f52d398150ac593392424f8d99e265cf69a25aef10d8222187d4da096854b3302504ba3e568d2febed4234eda0d3c85280b58ad5a2c063e82a8d3379,4.14,0.13650664154004793,0.979400634765625,0.961946494978018,0.03556883434599128,0.002159951619099854,0.16103473196609694,0.16103473196609694
english,542,f95c9f478228e092e2955d5f9ac7f3ed04e8e3d6dae1cde6bb7ff2906bd5196e116ed863adfbbe02dd7c2012665a5d5d3f85d447a1c9cc58d293eeded5ee1763,2.736,0.07702598511230611,0.647918701171875,0.8204708112312242,0.15395208008796085,0.024610330374476172,0.029501700336613212,0.029501700336613212
english,543,38f82bcb2781f7da7b0d5150b30526c2ea236b7f2c3fb985ac9fe54eccbca08df83ac97bf5881a6f63d989744e39ce9436aebe410bff2cd36577a29db5ce8c8a,5.856,0.09362744554287035,0.77001953125,0.9429919409572621,0.028796306216406737,0.0274865470759093,0.03341391931109792,0.03341391931109792
english,544,82db0aaa96cc481a275b587be8508837e2d48fd05f95513d8bd8a6ec665d1c8b306621d9016398a8533c3544e1341daa39f8669ad4cfd701a0a4973ad1990c65,4.176,0.04583255386151679,0.34503173828125,0.7307628373913844,0.20604646474658758,0.06078799698547017,0.0534849047214171,0.0534849047214171
english,545,1021e146675cfa012da5d577b0c590b05b1843f6cf0755fca2d7197743507f6d4234740af632151c4f47ee3b64d47a697efeefbddae60b7a63730a3567c8e17d,2.496,0.09333801383810537,0.961578369140625,0.6842189204683728,0.31100057695090977,0.004221945828221908,0.05340461740999385,0.05340461740999385
english,546,d4aebd5a6484e24def5164f5af040b303529cc6a4eae69a7f5bc235bdc1c4c43b1b6bb9c1d266d68833ded62b102d605fd3404f7ce01517b4b295c92151aa8c8,3.96,0.08739705255076075,0.73388671875,0.8403679419494579,0.14338013315154025,0.015530028687035057,0.04184777347367444,0.04184777347367444
english,547,6f857ae9cce34722194f3a0ce7e20fe135389b0a34665e177823f4eb7bf15d047674909de00c38b2fd376c6c62a52b445941dd3422df80c43c74f750b0296006,5.58,0.02476454164487576,0.32781982421875,0.6423611608568519,0.30073321306546275,0.0499568449279294,0.028434808750940628,0.028434808750940628
english,548,2e0be8cfd0d2d424f0368344ee039ff625b62409bfd0b61450ca58644525456f394ddc26a2cd01d2e18fdbbc1f04d85a927ec9b3dbbd33527492f6ff7fdb2cb4,2.712,0.07648806350310708,0.65704345703125,0.7626938674823227,0.20252334078588588,0.03384740265428606,0.04907472989547364,0.04907472989547364
english,549,f9d3f80f6dd2d1a184e3e06cfd16c8ad0d2080beab663a4555ea959b0509ef417a8a077a3e5cb9fa33fee015e187f4f6744f9a95995c1c9b397138a3b6d20d3f,6.408,0.013513500339663267,0.135498046875,0.6288689189885972,0.23338453199546083,0.12153843106562663,0.0709230705378207,0.0709230705378207
english,550,3f43fdb1b0dddb0ded4320520d635a6ce69f61c403288657f0d3f8242b8cd37ef9ea92db9687dd91f2a709720698ef24bae3c8d15daeac7c0e90a55f2f6c9997,2.256,0.04955249685107091,0.5205078125,0.807047198433367,0.12481579924525761,0.06567792179797553,0.008183921560169569,0.008183921560169569
english,551,9580ae1517d29659e14d19a678f6d566a12963409826f176769f289b020b007089dd2966f6ce721419435498458237ac5003ae0fd9a688d0e12b1bc47e2c4148,5.136,0.08228074621479231,0.67529296875,0.8825989158346472,0.10908789116608446,0.00743706091353467,0.031149602158710835,0.031149602158710835
english,552,02d76c5b5ba4203f9fd78b84f45777c359bba6e2604ef385611916282e8e571b4bf255902c0acaf881f169f3419f1d2530a03d3cc59665d1025611bc66afd8fc,4.392,0.021349094371821354,0.16375732421875,0.7698242980651349,0.16644769275451182,0.05405099315571882,0.013340520416839672,0.013340520416839672
english,553,0bef629616e386ce6ce9f8b87e6140686c54c59dca5ebc7fb38d9cc2bfcfc22ac2295cac84d88bb942d69f14c2217fb4fddff5dad3b7b9cf3f6310fc2c54f980,2.616,0.07400276548310494,0.607635498046875,0.8606915286132016,0.12018797548397925,0.018022850929637655,0.018442708206991745,0.018442708206991745
english,554,c779b4a584492e83c221f3edc54f97040cdd29cdf99c8e27dcd6bcbf8adef344cfdd6962c2010c99baf4c5e039a23c27e6e9c446396cd07601b3de08419274c4,4.248,0.024628393994279744,0.178680419921875,0.7725055041898929,0.1610901802812778,0.05842711389098959,0.015852765791777846,0.015852765791777846
english,555,bb65f965901ecaabb77348ff7ceb00d32f53ae3ad115600d46b83c83ca7413ebb0b7269525cd57343e61959e4a92e44797dd6692eb0bf003973bf1982cf156d3,6.984,0.06719505344075234,0.832244873046875,0.7060123491316,0.2508404893932273,0.041969984755178005,0.033054046398566087,0.033054046398566087
english,556,36543d26ad616cb0e9f203f4cab078a27f4fde672852e0c62761c308dc70ca739c99e7dd1c0905775c6b8445e81d21656694e5536177ff4a2be7d27745633c24,7.164,0.05102833861332505,0.580718994140625,0.509099472710772,0.41654929981964184,0.07255552747430885,0.2712889374115868,0.2712889374115868
english,557,fa552041006acdb1700d1a4faca1565aa4190cc21242eb67cf459af1a7dc235ff7b65c6fd024e21419e84b3fc9246005b9614c0d41ff2745e6c05d4d79b53066,3.6,0.08868678916916276,0.989990234375,0.6123987878492806,0.1788204449301683,0.2081630080884462,0.23712087985754543,0.23712087985754543
english,558,97b5754c2b7322d08cc69d621f60a6be00d50a86ef476e6a240529cb2dc06025626beddbcafff75d80ec8871a4b8cae6dd253dfa7009ee443b82423108973e01,3.36,0.010208032359427405,0.063568115234375,0.514718094241094,0.35413224283441,0.11118772068335904,0.11981057388252886,0.11981057388252886
english,559,fbb3edf1627fedb89befeb7f1f9e2a5ac21c28e8bbfabe5e3641b4c10b1e322f02c24556ec35ada619c308b81f7214b639fd72be45b11d6f3e7fb542c1b7c652,4.464,0.03531801504714032,0.33905029296875,0.7116578635974795,0.18672196204507135,0.09736840963667436,0.03640544215871958,0.03640544215871958
english,560,5400ece6c5494d2d3b17aa3a8d41017c3ed6192bf7563ec4df3aec50a2147fcbc26fefef4724fd1e4aa9b3bdc9b315798443e2edc690b9ff40ab3f073a21a13c,3.96,0.013965300675908328,0.1102294921875,0.5560775370262312,0.24103143385904954,0.18765287952249,0.1524179114007031,0.1524179114007031
english,561,3da990b3d9fca70dd6c31114a10c04fcc60659b1d4e23dbb9eb2c352da62dcbaf354959ddc9b876718a470b8817bd5f17c87bfa8d53e3436a60edaacd15f5a53,5.328,0.046979315455410356,0.989990234375,0.7396902845989098,0.1119868000931485,0.1460550016137688,0.0021152174695689653,0.0021152174695689653
english,562,3410b300ff1847c7f61a4bbe0549c48223b36c4afccb0d587fe3a9b798a3149f7a4fc665766f4d05511035e7065678f9e71c58bf1475445932a87b5c6766c961,6.096,0.05739373764073422,0.749908447265625,0.8494961011615302,0.13739045570033462,0.011406634269547248,0.0039126407503993176,0.0039126407503993176
english,563,aa9deee85bb83d18aa6c383ff13982ca702c8b2905a98b10c198120ad619189d5c23136a85b74aafdc67532f0e8380387a444987c72a999d2cd1ad2e2b1235c1,5.784,0.02109956086121157,0.164520263671875,0.7678172883761515,0.16352961620555936,0.05880332460643986,0.018205660182398033,0.018205660182398033
english,564,9cda2749734101fae176bd7ebde6f70df1132f8026ff6fa988e8890244ba9ac8644f7da5d1a27545b25a495995fb38e86a0da9c0196950bcd920b6fdddc6e566,3.864,0.02954586348684721,0.218017578125,0.7752246721126023,0.09277365157733482,0.12589531929237946,0.026631778066531435,0.026631778066531435
english,565,a0d75390c8b41580383054729cf4122b26bc196620e3f9d916831c63001b3e0937f14efe9ffefffcd303017411d256bb1e93dccab3cc981b2b28c4cd4dc1c6e0,3.216,0.10589342349265682,0.894073486328125,0.7784313804971819,0.21351901499835832,0.00754126102767332,0.10765863417026453,0.10765863417026453
english,566,dd19cf19ebf1de1608fc82002902a7b5ed3d6a661aee43fb7ead0ecd4d91ab28d9f4898c0ae0db469b9988981a46f5f23d72487587d043bfdace9bf9043329c5,5.76,0.11437021133879265,0.901153564453125,0.6071778261954565,0.3624732121871493,0.029965736233962113,0.7271872526672885,0.7271872526672885
english,567,7c67afa1e21b586e51df0d669c52abdd234720e287b445a8a10bd6692af3a685f7a0950933931a003769f7b11c961b6327d4e3da390273a0076fc66c2fde2df5,4.5,0.04408506868430729,0.58428955078125,0.7323148003380759,0.2174560467324238,0.04748722301907229,0.010105286624850093,0.010105286624850093
english,568,be9a9a4bfc1540abb8c248fa73f7ec3dfba25406857709c866cd8e98740fc6a25c38bd050d88844de8fd2b0e358189ee8b9b8250dcbdf1bd3b57305f8bd2841b,5.472,0.03085997920694879,0.451629638671875,0.4804335665494165,0.18209383571340798,0.33294702098731965,0.42440287159148954,0.42440287159148954
english,569,b6fee361fe4439076b9e8378ba49a14b86f6d27bfa5d58d92aac1423dddd7ce95bede4d93ec7083ee68ada1049ba2f7aba6f727375d54816e9b765919f18704c,5.688,0.08945454099099397,0.6121826171875,0.8737387443226045,0.04817250718085136,0.07731559248445173,0.1491427083399663,0.1491427083399663
english,570,a2576ccf04ad8c0dbe2b29f3843c1ed984d8bd91480766f4bf99c933d99ae8d2b32afc34c7e185b06c2b16deae4fbabb8030906be2455973e2d85d92b0afbc6e,3.96,0.04968755083346884,0.573516845703125,0.9254870078881071,0.05252543439940584,0.01967038923215883,0.001921526765407399,0.001921526765407399
english,571,d24a7ace1756ae1196a87d2bcc115dd67474dd38edb4e4fa65b6cf0510e008993067a975966c0240a43d54e3322652f615e6694df749966c42703ffd25e34cad,3.696,0.0788584709446295,0.671234130859375,0.9697694108306742,0.024226500114341222,0.0050972528424108425,0.0073758934913125,0.0073758934913125
english,572,e22cb4fdc2557670db67d16fc85d1403f928a93320c819e2097a1f627d23ee48d8b9db0d2b128e56d0ef197f6a777bd68e79261bec6e152c4b1ad943efa6044a,5.736,0.09021534005300932,0.874298095703125,0.9426720198465994,0.052535850663405916,0.004050130079774252,0.010951079430056618,0.010951079430056618
english,573,5c415dfc9cd81e5501771fdd20c89c18c76b9c542b67c33d5fd2c889f33baf0318476b6925704edff8cdcf4e0c1e482ff85067b8f569bbc703bdf9fba4995a51,6.516,0.06534493503621873,0.67547607421875,0.916734173466157,0.07491263078764479,0.007031116823927538,0.006821888518262819,0.006821888518262819
english,574,7963691c43c8cc498c58f117527522bf772c76c38530570bc55ef04834f67fb7a9227bd0fa1f13e64e8de1cde6594f3501e172ab86559697c08726cac26f4c6f,5.184,0.04406574390489503,0.270904541015625,0.8947164220829884,0.07925249177353857,0.02338655122279232,0.014274995993458156,0.014274995993458156
english,575,0ea1a97b445e3749d1421a0ad4295d8f62777d03e1c593a394a64c285f550cd3158599134354884ddad00cb5c8a306b11e9160332b5940995d665cc7b39343c2,4.752,0.06361690922610531,0.544891357421875,0.8144146768315181,0.10071810998293997,0.08351974040807525,0.04131435090417162,0.04131435090417162
english,576,cb8c70e028fbef95a09b2d733debc284bd025bd30d530da681db17c45a97286e66d5ba0a62fb84cd3d02516384f1a8871926ce1ce8af0fd46948d170b18f4d0a,5.328,0.12924698417698596,0.989990234375,0.8141575186599341,0.04621646023469221,0.13932539825653745,0.5692781222232463,0.5692781222232463
english,577,8b09d2eb65ea95f0a9e9efee2b3b4f24f27f44fcd1142605db1dffa31f67c4ee7e18fbc9537ef747ccbf16bc7849183f9bbec22089bd8cb0a3ee435f56195c0a,2.664,0.036106394298284425,0.307586669921875,0.8953230910307108,0.07744187486221367,0.023035933304509756,0.003291706399354406,0.003291706399354406
english,578,b46d39377dbd8cdc64a32072992b3dd64598d10d56ae41b2f35be11a4f720289768b4202c7daa085552bfe06c96a8021d8003f59bb76d628585e962934f683b9,6.072,0.10034654356595404,0.808563232421875,0.9304346054120287,0.05645428624735129,0.012521628657718196,0.04985899977577901,0.04985899977577901
english,579,ac033bcb388b843d9826ed30f7b6bcbce5f9e8202097f796c10aff8c58d5e766bbb828804ce3d725b5354221db9b376d486fc0248be1e565d70f6a9bf77701de,6.516,0.059429514371243254,0.426422119140625,0.9496246402668931,0.03636718340227808,0.012282170598893421,0.014576060286121377,0.014576060286121377
english,580,491edfc53b18f6ed2adb948995aad20d259fef47fbe9c0b41645ef56547f952bef2eb5cd378f3f4f9b51aa6f57480e50b52a7a6077a69d0544f878dcd85a451b,2.304,0.10864847954898092,0.9228515625,0.6435458616465444,0.3325114132199718,0.023479449251005067,0.3117197480895691,0.3117197480895691
english,581,fbb3edf1627fedb89befeb7f1f9e2a5ac21c28e8bbfabe5e3641b4c10b1e322f02c24556ec35ada619c308b81f7214b639fd72be45b11d6f3e7fb542c1b7c652,3.792,0.05548673671795725,0.8057861328125,0.2959792384855733,0.20753262910876352,0.4951023776267722,0.898981989025017,0.898981989025017
english,582,9a960474622d563c86ed765228fde7143b4049625694ce700446aa3ebd1affc4b696fcf01e3d6be9d17f948b03538abe5e1e35bace38a2fd99d599dce2a542cd,3.096,0.06061237510358871,0.669464111328125,0.7768560248388846,0.21042231171700068,0.011292799071005947,0.009491049015640601,0.009491049015640601
english,583,541e1ac0f68a705793e0b9a7a80777a982a887702dd49a51b692f43922fa9c0a355876d477b591893ae2577969fa65d1c5f4d8bf6cb2eaeb1afcf810d74fbe87,3.852,0.06907649344209423,0.50372314453125,0.8820738516312518,0.03424416175413173,0.08237060238717928,0.03634620904928159,0.03634620904928159
english,584,01d41e22f6db7c81a5acfebc1216379016739c7204e0b95306dbf23fad9244781d6fe76084f3e172d3873199d800522fcebcb16dd83b442884fd6382714072a3,3.96,0.02139057494246592,0.245147705078125,0.7895603630833329,0.14683627258869822,0.05405795323555152,0.006032374053311464,0.006032374053311464
english,585,5c0d244ab40d4e6db0e9d8150b356131087d2d035b16bc8ed8444ab4e5f5e85a5b17616470210a0483f2317c0cb13a3eafa616872f873c94832443d6d97012fc,2.736,0.04486355529815483,0.442474365234375,0.7981794995804027,0.18156710727592382,0.017473360822661602,0.00782352632811677,0.00782352632811677
english,586,1dff59d07c4718b02238d94f96899fe4afe8b4997ca0cb04378384177e5befc888a5a91886cd56c09e8f6647d4a4448fe8c3d1ff17038b217fee48816050a698,6.876,0.07605145696810289,0.848724365234375,0.5886877780348727,0.4021664685740374,0.008252892022930556,0.14517755275893873,0.14517755275893873
english,587,b566d9a197fe3f8460c3a8ee231144d01d514f398b3ab48cd53e54f50d6671daac5f3af85095f0712d3df583288dcc70764aaf445c5246a8b1e90f1dc2c0d241,3.576,0.1004443258862343,0.65643310546875,0.9344946515604929,0.05280766540668363,0.012069277832953659,0.07310928658288711,0.07310928658288711
english,588,bdde3969049e54b39619b71aed67742465975208798f32ee76863e71ee93354081e0e0098fa3e85d0c945f3a62b69e32df1074a275db736dd23895a023518b2c,3.456,0.09657530076270777,0.569091796875,0.9496947769438896,0.021474385189545055,0.028187711859143955,0.08354061619426059,0.08354061619426059
english,589,837b199fe273207b2c6fb22ea17e9c3919e09101253efb03fa1c5a0709c30e135594a71fe4fe1f881bd6565cdc2513cfb829a685e8963bee5b9909011f77b4fa,7.056,0.051943332254071904,0.48150634765625,0.8235027463715303,0.14590768051278138,0.028485533549432982,0.02320807862095379,0.02320807862095379
english,590,2648b9233842ccd399c847f426963172fd89176e6dbe3b4cbbaf113c5051801d1fb165bab5fe541158070dc75c49a889d33e524a078de7ee7c8de087b6fc920e,5.184,0.059334781549904035,0.877655029296875,0.23608251011490392,0.27670032209300405,0.486008883883775,0.9478263175610924,0.9478263175610924
english,591,d351e196167ed8a9d181610dfc56685ca89b058832ab64fca0d8cdc6771e895be50a0e4e0d953d193c61c025a8b334619409bab1f1a240b6fbfeb77e2bb2f345,7.02,0.06939188930107289,0.989990234375,0.8255358699540618,0.15203681654245796,0.021611399598624344,0.004042540092796701,0.004042540092796701
english,592,2fcc2acb0b72afeb7c58fbe878b11a6ccde1576faea16056138081e560383cb3c2653ee754ba2d4ca9ac7e34a9c8257c4444bbf964fac77ae209e644e2301162,2.916,0.13655852810243752,0.989990234375,0.5109441533966773,0.3918681517565888,0.09706852157152467,0.9597443533846838,0.9597443533846838
english,593,a478ada9cc2b5c25a23939987583624bfb039ad544b09d229a90735f3c1da33191c627aaf24789e0d1e2bbc96de65cb394dd326602d341b1bcdc8fa1dcabf166,5.616,0.00323465825739874,0.01397705078125,0.4405217766323044,0.36682325193169274,0.1627537718202232,0.31081163122738403,0.31081163122738403
english,594,c0f152b0fda37a1db3849341e9cd56082fc2420bdd224af4f68be87d57a32c4ada8363d09d62ba512b954a00f0adf94b74bf971be2ca61b865b1c0bc29f077cf,5.352,0.03115520628921499,0.329864501953125,0.6238343254043802,0.32030056539063617,0.05058568542153602,0.05563012613876256,0.05563012613876256
english,595,57df887fa1313ebea6ceda18f79ec5a3ab6366113bc086bd31c1c7753355ca55cea77bde6833d87dba9733efeb29dc3655585fd36933f1c1007dcfc58f6f9ea0,3.672,0.025673216003785703,0.17913818359375,0.8381898588082033,0.11074947842780672,0.04375236707255158,0.007313053061658223,0.007313053061658223
english,596,965364936b9289493f45c92df686d7a74d8408b792d4cbe0e26b97081039c6223385390c736188d76c8bd4b81e682cfc0f2390e4426cb5e0d34ae4c6ab4f0a71,4.248,0.09367783475510921,0.91314697265625,0.848449947326342,0.14697428165292248,0.003917856988994568,0.021537497429734577,0.021537497429734577
english,597,f8b86421f3f6cd2e736e7b7044146b4ceab68d73694d1e256d23aabbd92d3364c0a9489b3416961e1a99e2f71fae8f9ee9a8502c7414059fa2f8cfc116ac0b5c,4.344,0.03239166211819422,0.436370849609375,0.7744436933088936,0.19283051877544038,0.027842277067567197,0.0051322967717545515,0.0051322967717545515
english,598,bcff2cf641b29abfe0e45b124cebb4ccd7d96bb5fadfd40363037e1164a90a5b26549f8357ab574d4c70718b311f06830ee1d10ee0f7a2fa059816e5e9a2dfd4,4.416,0.07919029870619339,0.623687744140625,0.9472443918140799,0.041070968975363324,0.01070007353270849,0.01540173683171515,0.01540173683171515
english,599,9563ef8cd6ecd585c01e6142c2a9c1b58de48b90a1d5fc42b5c2e58601162140b82b7b6f4daeeae317a9716b0dcbaa501b9a1de5b06c721bdc8b6623d2592d5e,4.356,0.05791907809866215,0.4527587890625,0.8530876135858213,0.1255905126438475,0.019594394445606893,0.018845945695171666,0.018845945695171666
english,600,c0db48545d02751a7ed265f690e88a493a7640146f541a6d4b526b541dc9bed47b9760eb43912080a9e11816489dad0c719bae172ab800bdeb7f3bdb9d6ead73,5.688,0.10604432321722183,0.990020751953125,0.7489060456319635,0.2192590475198633,0.031391181948704536,0.14940820521591372,0.14940820521591372
english,601,54dc820077b05bf576973afed1f32e6af12c378296b118c651a9e42efdbddac8ddeb0604771e9034aea18ea46f907d253ef8ca45e6d51eb6d3e4e1c56dd4bf4b,4.416,0.03780638778946092,0.64019775390625,0.3367797730725009,0.058238043946615366,0.6020774404873481,0.891535148858782,0.891535148858782
english,602,1389aa6394a426e5f6a9cc17818a113e6baf25cff4312d10d5a1908735149c97a9e71e55a14bfa07e4add55a3a94ed3991a67a7dafee83b6a5b3d83016816858,3.504,0.06289194132892482,0.73480224609375,0.7127874300275019,0.2647689380665616,0.021046453684980686,0.016761750918703893,0.016761750918703893
english,603,8796693fb19970eda73c742a411fd9fdea613f4d64d9a3b5e6c756fa7dc6648f34705ff8b294fa3543663ed6b1b6ab6f5cc2e37f278ab0b112aaa9c2de33aa20,3.132,0.015510502757216129,0.119232177734375,0.6417266585454124,0.2703126695873402,0.07484741955576556,0.032324215905005116,0.032324215905005116
english,604,ac607d4aa0d8778ba8fe8560be64554c5c14880f54b28539f26c2f33c1513ad6e9fb90d8d55b9025b5a11e620091f06f04e3da30536714ccc0fe22f25ab98559,4.224,0.1081069141226947,0.771148681640625,0.8901446701443368,0.09242334347019306,0.01692477811691707,0.1208551214779492,0.1208551214779492
english,605,762536642be71e032d46c7775283ea954494e6a6ec1d016a96f776b6812b2c04125b9f6519054836d3808a767975ae889250695ae20f649da1e64b94557f985e,4.464,0.04191780414881604,0.26068115234375,0.8824215006159559,0.09116987608214241,0.02325127917351441,0.012243911977060408,0.012243911977060408
english,606,99c56632a9826deac9b2bad1a665a6696fe7fc7bce7f598fbe3369c2561582d1c1efe30b880d6730baed72bf39c0b8e976d636be1a66fcef07da59dece84054d,5.724,0.037335250518453295,0.28973388671875,0.8085331071767636,0.10700091462324672,0.08075429977198968,0.02667417355593716,0.02667417355593716
english,607,6ab990fcf5d4e1ad9818253d6eaf38ff12ea79947889ecc6fa5b83abb1255e5efaecf145b4b5901c76ffba604feec68ae2bfb46c6957b3460f53c87e20cfb772,5.04,0.032950331158063575,0.360198974609375,0.7857462996417189,0.16430181221570841,0.045063232468477654,0.010075922203887882,0.010075922203887882
english,608,32383b0c72c52b927f570d868cee45bc4594638e599bbe18eb4a8b86c45a365ca83b77ec3e7463d394f870282418081a0e849e870b3b2431977651b14b6d63a7,3.384,0.015086136091464655,0.087005615234375,0.6806597620494519,0.2272019120773089,0.0778641562496349,0.02776882257369373,0.02776882257369373
english,609,a22721fa679ec702c9306f00becf645a864dbbe305fe6ff39e01e9fb780ccc8ad7913af19c3f1aebd4211cde70ed4cf17e23154c65125df7bdb3adfe3be7a2bc,2.688,0.08591136927463709,0.7159423828125,0.9238228974614893,0.06900608082093845,0.006408765774804388,0.013254818942052285,0.013254818942052285
english,610,e80b40908fa49afbc617da992c0736d82bbe441589a8e6d390ad0533bc1aca7e5e4dc76629de5433eaf6c9a5b2aa2846308b5fbb909bcba9af2b5cbb41e5a8de,5.436,0.022654905012367867,0.383514404296875,0.39679303330860966,0.1348816294045447,0.4606274118538653,0.7427618133093082,0.7427618133093082
english,611,791ee877b1b288514e9b36f085940c68b8bc96e671228ad976a0efa548785a0d1b7db570a1cd866034e185eec85c7f22c76764dbd773fa81d6979d5aa143482e,4.824,0.06829210156511951,0.552825927734375,0.8091628356321876,0.14215920588440167,0.047418520935941774,0.049518137281433505,0.049518137281433505
english,612,af63476850a1b9b0a2aec7694b0e840aa6867b5173e653327f0ffc2c14c174afe59393316fb0d1b8294f17115196d9934d34edfc27c2987422c7cfa78cf1dbef,6.168,0.05470480909616021,0.5675048828125,0.8499052721651523,0.13465691796990897,0.013650184790227081,0.01004295385186537,0.01004295385186537
english,613,f4515060e7f480a24c0778e8f3d5d1d286ed616552851a6c3c9c6aee7303d249fbffd910c70869b7620fc33b38c8b618b934eeea78ef4cde3c1be1566b44501e,6.228,0.06294699300082318,0.82537841796875,0.8018523560713904,0.182372260160901,0.014447433861494545,0.006657555965841946,0.006657555965841946
english,614,38750f6fe4575f45443936753f75d6e7875cf624362bd4bc50a7430cd3b69784b783b9f9601d9f1c1d6c6da22d9af4b1523da231ea55a13189c6d5a4923d728c,5.904,0.04380283218980937,0.352294921875,0.8673551189722533,0.10176222512915038,0.02776704269220411,0.013070946845127537,0.013070946845127537
english,615,5cd95c7c22c6fd21f386f93b700187d1559ab9a63eab1b44b4af4717e61bee61dbf54a0de0d35e3014a441bc557f5a0a4d36ad4e3a815d4bd3c395c9e98daade,4.248,0.07986565593005361,0.976837158203125,0.8358517950200153,0.0636490133490483,0.09958786451326618,0.00922330811465263,0.00922330811465263
english,616,392c0beffdd3617b039eda723efc74a4fdc4819078c85420b1b42ba87768ae86c8ab2f1ab8016d0f5482109b97262596243599d06863e78086a42b3451322eb4,2.088,0.0407382798892134,0.20465087890625,0.8823565299037704,0.095373807575499,0.018672469014218155,0.009295734837077121,0.009295734837077121
english,617,2a6b4159f54e2c66b20eadffd33e20742a7db35e932fbac7dfec4c167901fb3904c6bfc69df429ac91827c744442143a31b54407b8ac6ba439c4057cf18d5ed1,6.672,0.03231520563400302,0.429443359375,0.5980377449494614,0.23841022121439315,0.15883151434275578,0.10808015168228866,0.10808015168228866
english,618,faf58637592369d770c1e99d28e3bb236d605fb5b9698c416ae3e5d5e7ed183994e3ffd2b0797dfe740081986f41f79ba0d3694de35933e435632a5b4ff0a773,5.208,0.08415436341188376,0.989990234375,0.3061733053177507,0.35032361065325096,0.34304891933618026,0.9386239220876094,0.9386239220876094
english,619,53613589ab79bc1e0adf447e24e6c757a6a4e335666376281cdaa3dc11e91192292c79468790c0098e74a51fe34528f38215d3bad4c6ff091d5e8eb880bd44b5,7.08,0.07421785086725122,0.754241943359375,0.6859193113042651,0.2848512991473234,0.028203149776043906,0.10592783280431266,0.10592783280431266
english,620,c4215a63594a310a1f1003e4cc4a990ad4c7475e8cb46582a77860e27dc59993062e0d817ccd56b5eea9c8f436b1ab5140e7b4a616264571c5836dfd87080ca9,5.292,0.043202204205157774,0.49261474609375,0.2667859579694871,0.2989041215557286,0.4318544551897257,0.9638346792193336,0.9638346792193336
english,621,f1eb76a5e7dd1c7ffeb45215e3da870ce38ba0e337f76fdb6539d48ed4c31b2e00766c845ea2aeacb99e5281cc9fe27485ae2c87f1ebed00b74d9b86e25101b6,2.208,0.03692003031360303,0.4935302734375,0.731356038815665,0.2203582011693703,0.04468670570715157,0.005873808170872146,0.005873808170872146
english,622,35ccc4e99ddb267d35f75aa058b23f6ea3c9da20e74e9c2745ddb1f41605964743e052a272f1a80b9f4578e231280c399e434f92a933241c713594971da70557,4.536,0.1375527147866282,0.989990234375,0.4933579548682052,0.2375192398942925,0.26901421458165325,0.9926694288387784,0.9926694288387784
english,623,b00573e8183d0e309e85451df0fcf2467a17a1a13174021062da3e4b0f13cb8a2e20cc3fe2d13e76f2ceedf17deaedd5f03f57a4da5e1cb608adbbee77dac7f0,3.336,0.014839053330807093,0.106231689453125,0.6748732497179194,0.21487835738012298,0.09624771900408088,0.028504204639498217,0.028504204639498217
english,624,db3a2a5958d594e6dd2d0f4663c3bda5b9a56f53e0b0a2b2d6404d6b0b37a2383557a711ad512b1f844c0585caa02979f3f3f2548e63baaf4c2060641bdeffc7,5.352,0.12619109355643976,0.95098876953125,0.8712459606526184,0.10926517616550177,0.019092696777916793,0.24959029790379259,0.24959029790379259
english,625,39e41b044c52582b14d6b64ef3f2abdaa81fe1c6db2f57cc631957af5d9123e9a9178215ce7d6de0e54702622f06f40d84ec53e69506786c836e9f4dc8e5ec09,3.936,0.10755974567936503,0.8948974609375,0.8490905107238131,0.14652781767036255,0.0038703872994325897,0.07213104805248828,0.07213104805248828
english,626,fe778162f7b16b5dfc1177485eff2cde1ce2ce7f165c1eef9607fdc5457eeca369b8586bc02ad8224c38d3b132e52b0ba239ed0931d69bafa6b5cac9a7938276,5.668625,0.09116623648962792,0.7232666015625,0.9469630235696074,0.04729421393044821,0.005010621853161916,0.029007933047972653,0.029007933047972653
english,627,295294c457d8341c05921b7e51ed90f2ba6ca4501929920d36ec1a91d4cb46fe02072ff2669237db9e901c49d77b98e68af2a2ee9db11952eee71e902d30d4f4,5.976,0.12490266817237657,0.961517333984375,0.7507798577467505,0.11142239279043031,0.1374439819052013,0.6977767925718596,0.6977767925718596
english,628,041ed5fcab5c90c4c0fc444f02da9438d66262b2cae49bf7894ec9f095d0601c3297cbcfa3e069927ab54cf2b233f72ab230358cd24133277ddf9f9f8149b224,3.408,0.035682826021987996,0.533447265625,0.7965352258736514,0.17090323192222737,0.028798896271948357,0.0024730675850193587,0.0024730675850193587
english,629,2e8f95ac5b92766221b9e0c8d8ec2f190986e3cc291f550886a6b6c8b934673e062bb5dfffbb33b96f91d04466c578fe334abb3edaaf35a674f6d34f519cbdbc,2.064,0.07040221447548842,0.57086181640625,0.5615931059517122,0.38017936275637726,0.057188472025688726,0.2850289406521,0.2850289406521
english,630,88ee2cc842f33a6af3b7bbb10c39384592bb5348830da78aed116e136a7b69175a3f3ce2edfa71c206380d14f9a008674b68656c5e14cd7090025af666bfe4ec,2.28,0.03932738436154751,0.579986572265625,0.28685941238202256,0.6676634643612768,0.042509018786408365,0.26591700267564494,0.26591700267564494
english,631,7456ec8b40142e1863ac5d241bfa1d7687fb9aa96941da3128bf4c4d81cdf2f9ab0e693f768047a1b87268a4612f4c5ecb52f23920e0fe146b04542d2c292148,4.2,0.07241133074455765,0.67034912109375,0.916506043377723,0.06333448996265896,0.01910324489533402,0.008737438726084018,0.008737438726084018
english,632,aa0e926a1b5b4f9e38599c533beffe173e3c0031f2aecc94aad4737e575f93dc519ac5f730913e21fb3db182326a06ade5c8e140fc78b5358b7e5203cd04e2e0,2.592,0.19608548951484625,0.990020751953125,0.9272047623096812,0.05849883811564991,0.014242580133436173,0.9736529326556957,0.9736529326556957
english,633,4bb37dc4cbd0586c6983a904b9ca7289126280afc27dfbfde5e1a4f56322f012351f1c1d3fb679867ef51c085954280cb606f5115bb1782f9ca754a471302b8e,3.456,0.0329386033903421,0.41107177734375,0.8501519092294165,0.11790790123391592,0.027047394728990027,0.0024531477540688964,0.0024531477540688964
english,634,0933d3fdcc6d51036d7f36a5bacad3bfb08209417bd2a3658ca64933fdf8ae03e7a6fe44ecff309b1d563119b3642cb51f80424e6ed971d0f769ec01afff1766,3.936,0.08577770320033072,0.91131591796875,0.3541445536915201,0.21013408543515208,0.43510306644840424,0.9618850212143326,0.9618850212143326
english,635,0b64cedb9abde3a51be4e679e74e75dc2726d689a370f82d53443b199de885672c4c1e8f0c57d73199cbf70d001bf9f68c15140c687d03eaa60de472f2cd1139,3.912,0.0669694023954465,0.62384033203125,0.7022695505095957,0.23218575818270865,0.06437884670057303,0.07371544541917509,0.07371544541917509
english,636,9512ce701610c86108d16bfea418d204afa210e7f6c75d42db9a6b51bec07e9eb09bf98ef5aa04b604915b8c111d85fc0ec4470033196a59f34be1b1d6c09030,5.448,0.03291923679203788,0.244476318359375,0.8817455528773166,0.08116037437643361,0.031777039519359396,0.007999643440059373,0.007999643440059373
english,637,8cbea52aa26bdf09b7e3df2221e07657d07d85edad0ca02aae3d1aa4d4754e9f6c48cb67e67228dfb2a86e37ef7fe93fbe4511d41e06c01cc34c9d0c5de6491b,2.496,0.08102266240997642,0.810791015625,0.5384122970848665,0.3658834276219066,0.09489027592434875,0.2807626750282299,0.2807626750282299
english,638,50621129ff7cff1c7952acb2bc3419e49906184af2f0dd6b780db8cceb7500d1cd9ada428fd29df880e134f7de4494cdd1ba4113fa47dba7f85e41f76f26836a,4.272,0.051164323015445407,0.378875732421875,0.8728813300787756,0.06220190449095626,0.0626531826119777,0.017803950889407456,0.017803950889407456
english,639,ee227fc801eef20e039f95e8b646810743d168df97e0dc6941d13743eedf278b953719e5d30854eb0bc5f2d15cc4c9460aac37db7da6e202a61c97c240127655,3.696,0.09778953184452084,0.765289306640625,0.841705346757035,0.13090333050478944,0.026788994821688013,0.08216972251000097,0.08216972251000097
english,640,3910727ceff0888f682cef433e99386f0d3c46e5475166e72acf3fc1744e5c50403e47c974fe54669d3d1d82d9afe2ff0c417885a10170dabe39b22c1c661323,6.516,0.035801667370046926,0.411407470703125,0.7078859517096242,0.2666267392378508,0.021395201050252603,0.02355288100947829,0.02355288100947829
english,641,3510909f2bc9762f5d0cffde382eed84a2090201c2644a9b70d5dfcdc8050f0b0170b146dfd029f162133b853a311d6c4f3b566edb0207ca2fce0925ab395715,3.936,0.07434147268900942,0.990020751953125,0.6494424697500544,0.12076810228678234,0.2295045136880885,0.07017741083319767,0.07017741083319767
english,642,afabb771d70fa7e22d77f0a5722e6ef736236fcc635836efcd7e6aaa2f84233202abed349809594be11a7bc0b2dc6ccb060bc1a029ffdfa1fcd5c307ca289dc3,3.624,0.08450760400581579,0.84088134765625,0.7087378515613705,0.2044687665425433,0.08598950982903708,0.0868115594198416,0.0868115594198416
english,643,9be1ead1cee12188a2dab24a35d02529554a6d6a07c4205a178ceac5470ffda986be41a4614d509ef2d9ce38175f24c6e44ee2e96202ddc886c1a1c375176cc8,2.664,0.10350671099392912,0.77532958984375,0.6797068799760555,0.3159890289884217,0.003818674743267773,0.3270702262587301,0.3270702262587301
english,644,af66a3ec730ecc5126f5ff2770318ea1f410edaf4f64d436614b1cb8388849f9d2441645fe8c54666911a8e146037b5f98fe5aa138f016a76b7c387e57121102,6.444,0.05661656032687058,0.667755126953125,0.7952049291247038,0.18157095569010104,0.021434585399932503,0.01208663324422436,0.01208663324422436
english,645,0b06298e6ca36b01573a44569c8fdcb8a862d12683eeb38eaf2fc7c4abd97b440381b04b6376e8cd9adf80398bf7992c40114ef5081342fc4fbc98ac1c92b3e3,3.432,0.07319780737764196,0.942901611328125,0.9129285329408379,0.06327532205427651,0.02271976897208458,0.0015066546227297873,0.0015066546227297873
english,646,613ed1b8523a49e0efc61fc7d81787a253c40ad9fea2ae583c62fe0a083bc6659eeb46a5381b690c502d96ea1868a257aacba32534460a1347cc74aa59471a9a,6.0,0.14805230011425558,0.989990234375,0.8467772158861055,0.08577186089145351,0.06720875344308345,0.7802595594200291,0.7802595594200291
english,647,e18a0fd4cdcfef0b6b0f8ebb071c45d851e14dfe3f85d99c59582c6a4f901f5e560fe6ea7ced662cd01206a7687f48eabe6291569fef4b0e289b9ae7de4b3903,6.408,0.08912138658801477,0.990020751953125,0.8094476711609705,0.17428286638808962,0.01573874335732472,0.022278644105997576,0.022278644105997576
english,648,66cc023b7c3cf9e35db102a495f1668eafd8523d8c9e18aa28863fc9afa0d9b31bc22378c16b5eafe42a2fa3d1648b65ebc35b168502fc9829e27a5cf3ebbc64,3.708,0.01714577995354247,0.14227294921875,0.7624143282885137,0.15398061675409916,0.07111181806772379,0.010877781115504652,0.010877781115504652
english,649,1ce770dc6ee32c28882cf66fb38a9557ff644d3c96603625e15136f81c383091759241f325f99310048e1200a7ef6ea18ef245df25340e4f706c6790ed595b6c,3.36,0.1004629949638816,0.990020751953125,0.8943453627577924,0.10257162518017336,0.0026251037531300173,0.012579642659885988,0.012579642659885988
english,650,dd7a9b21953a5c903473e3072793c485f1d23eb2b1f3344f1c7808c89c1f968707afed0233a8bb707e88870d817cbf3d5f89881e45cf1172e0fef8d8c3575d20,2.496,0.03514733920511833,0.343841552734375,0.9193528440010719,0.054580028153211446,0.022200024496432387,0.0018205163078661,0.0018205163078661
english,651,87303335495e24fe793e71c7c273bedc2e089e4b883e26b89f9b523e81acf74c995bcdb53a4a045a44e2ada70276e3b369bb03dfdb53ff0e1ea33f99ae765474,7.632,0.11070391459551011,0.989990234375,0.6770439850892473,0.28793538537962043,0.03476040956321389,0.4552115694669272,0.4552115694669272
english,652,95374f4f0281ce754ec20477f0fb494597129dcbd84a71b9840512f16624ca875a5d182e2d11413d3344e7cfc09432596ca9a53c1de30ea445daae342c2d251f,3.168,0.05369665203787177,0.457550048828125,0.6687095473948068,0.24862101315032514,0.0808805068784037,0.08681424158839987,0.08681424158839987
english,653,5ae89f99b4f3c845a5fbf48fb6d612b635b0862dedec1cf43ccafa23e74e613f4b3a009cc3c06cec89c660565e45a7d090319d045b8dd90994ea98330f112e83,5.292,0.0781582012228006,0.7274169921875,0.7700665912951278,0.1950827440939717,0.03392044764994588,0.05751193890303569,0.05751193890303569
english,654,11e6316ec9b71ee1430512276994e02318f29d3e8b7b9990a0eac1f1ff92787d380f5bc4375f26576cdf549c02e5211c249cfaf76973fd8a5cff7b73cd8b00a3,4.536,0.0572020177312182,0.355865478515625,0.9357308203233595,0.04127256147828345,0.021115778003439802,0.015069117351745329,0.015069117351745329
english,655,9e6707223d942aa738eb439e1d188ea972862c0ca1b345e4d4fa7c67fa8bb27957bcc175288acd2294dc57cd7daf8e7da8834e94702ed08c9ed2426e049e7972,6.696,0.10359809558612107,0.990020751953125,0.5795929950191314,0.21840320114806525,0.20154077159776543,0.7454279927729981,0.7454279927729981
english,656,1744cff9d33b70420c7e5517881e81ec4bab1ac475e3b8a679a9a6fbd46953075741df42b0c6c0b80d66dc72c01297c3cc55e5e5fc7f53e84a435bf555987863,7.308,0.12181095044875245,0.990020751953125,0.9099714968447458,0.07687480318496263,0.012860557491269796,0.14800560719842706,0.14800560719842706
english,657,e23b6366c67dd6a08b588c479df4ea2a32a8e8109a1cc646a1316ab1f10668f441f881faf3f11c82ea44d3711d5f5a7f879a8442ae4d3ce5c99be1b94226c829,4.752,0.15440066315419726,0.989990234375,0.9585694752444789,0.03585939335177164,0.0053995125271420336,0.5089075890384529,0.5089075890384529
english,658,b36f2e4225307f7e16b7b71c74862c0b5c57e6f285e1a9a3a3a7b03dffc931bd0e9b16d780826ea9f04ff0304d6132588b87fe6ad9ad410fe66207a8d6d7fbbb,4.512,0.06599264476517573,0.543609619140625,0.9227569123312023,0.06310704880701283,0.012598734968781588,0.01064900978645004,0.01064900978645004
english,659,d18c467a83ec3a64ca6d5a6f371e18808b86ce70628835bf4ba503cd26b9e4bfe4dc75978f9e7a2fc1ca030ab0c00b35247979f8d8530b34ac559df8d2185713,4.488,0.08139472707220609,0.87774658203125,0.5105881249367653,0.4819822548519669,0.006682738404686683,0.22830455785152162,0.22830455785152162
english,660,26119d8875376e9919a93ab63e3b76854cdc4169cf5678a6b13b3686eb1d2fcbacd475c1ea243ba85bcfdf63102208986f87a0b92c7abd6f235e2e116df36426,7.656,0.04077423105233537,0.3287353515625,0.8441343674127646,0.11098288818241116,0.04130373297724405,0.0229016926696689,0.0229016926696689
english,661,c49b575dbc02e42a4192bf6569e1667d1a6aff985c5088331119118b1439ed29fac846942b04523214581bc387b4a20c9bad508379c52217616dcd0509dd382b,3.216,0.08646930114276316,0.70281982421875,0.8814650643327929,0.07711473176331357,0.04060527556054148,0.03174535899580592,0.03174535899580592
english,662,757beaeb3dcab1faa1135fbbebc9a4315e7a569f749fbe21a8816905a981bec0b5aa2fe402d60d902cbc2fcaadbd204e02d7a72d388b389e9d7ff3b170f879e1,3.096,0.04889361133482709,0.373809814453125,0.8643584329700464,0.10786264658492774,0.0253825562850641,0.010096878042405808,0.010096878042405808
english,663,45acba30df55b96c38c068fb1dee07547cc851b367b448349d64b9bb644134a4f0a243f38f7a4944d7b161e048fe7a596617e10e154397f4c197ebdb43e7bd95,2.424,0.02500063598691172,0.236419677734375,0.790557195284889,0.12504991087506898,0.07723917578495985,0.007411701106869463,0.007411701106869463
english,664,14320970ffdaea0bf00b5d57fbf9e430dde3266f0b1d4c8d44141b247cecb1ae2d71668931f5c0fced09f2467ae4beb7b82cedb30c7ef2591b712108dc155809,3.768,0.0324064582971649,0.214019775390625,0.6350398804112963,0.09471093643298074,0.2655821269319224,0.2670950969462811,0.2670950969462811
english,665,b0293c99fd0574fed2d4c0bea56853edc44cc63edc57a2905ac282db2893094985d90b61b5964ef057dec1daa2a42924ba1e4c6dd8d9737fcd260f8270e49401,5.52,0.0478169115017053,0.358306884765625,0.8772302668292479,0.06919306966827062,0.05088738228213794,0.01738055089167955,0.01738055089167955
english,666,6452014fe5dfcddfe303a981068805e8209b3a7bfd27640fc32a259ad0ff15d95efdf80719b31b2d1e403c5c8ae1cf18b72ee375e836d6b892c3dc4f8672450f,2.28,0.06157534327740826,0.5526123046875,0.7696208204403183,0.1997464047134242,0.029198005939543487,0.02184544572742845,0.02184544572742845
english,667,d45dc874d979b91dd6188684674456ba06634ca45106be0f137a42c6a69e0dbf4d81a9a3ad456213c28cec6308b1fa31165574c99757d3d5debf38914c4a25d4,4.2,0.0429298803542695,0.30975341796875,0.9042197840051059,0.07425980293222965,0.01832450738689267,0.007246850271638683,0.007246850271638683
english,668,e0e4d1cd7c5b678bc8918882cb0a87cddf2ed32589d5db607900f79fda5e4d390b6200c339fe7e2faef88ced7f65983583c2d47b76247732160108d47083496f,3.336,0.04838237366564018,0.368499755859375,0.6184353105000078,0.3613522691338776,0.017782449118956788,0.10578194507103889,0.10578194507103889
english,669,1431a7074cef726568fdee65a648aaade99ac3907b809d12dc30851364c2b16f1058cb8ad442418441d1f4b589e11747904a0d77c297ec7f0d886d1d67f3de0b,4.272,0.07105150032976397,0.989990234375,0.636151491408872,0.2715219042743462,0.09131276797367487,0.027009178091573275,0.027009178091573275
english,670,63a4e47b6d3cfd98330c334e868d3c41685834cfec2c5c38865472410ca2fe8e204cf0758be426b09c7785bddf1354610f63dd1d2ef4e4eac6e23e1455235417,6.516,0.08907466585792367,0.813690185546875,0.8249938337520565,0.1623680923736509,0.011938934804785868,0.056037672609737174,0.056037672609737174
english,671,a2643cb681b7914ec83b421f816f7c3ddbcbec003008c8983721cd73503c4c5b52a775a74e514a873a66dbf672f71d198616b448ad67ed4a00edee91c06c368c,3.36,0.04714135294814751,0.52484130859375,0.6509477674743283,0.29584540743908416,0.051018986361881,0.034329293079722115,0.034329293079722115
english,672,31e293a5e1d05f63b7a03727a7326cf680e5f0a22546e144d1e4e83f1bd49760a740ddc11f34c5335c2e2340d0950e52037da318e76cc076f8d7ed4d594db6f8,2.184,0.09072401367820884,0.6650390625,0.7982509818736659,0.12005682196356347,0.08096862423838663,0.127683776205039,0.127683776205039
english,673,0e158b24aeef0c21c6864108c70ea9fae815e865916fd6fa7a4dca42ad7694d46c3aa47d22d1946623e718ab6f5cdc030f244b0362e5553f81c8f22c25082b22,5.076,0.1256382824960839,0.9342041015625,0.9495052334894777,0.04275611922374765,0.007354104105399463,0.12333043254855512,0.12333043254855512
english,674,2be1cc674ad3ffb015a014198634b3f07d1dd0ffc01e453f1cf522d6afe152cbd5becfb0717d728f37a1c6d3df194cf8d2f4506ef17fd2fcbc65b1c540862403,6.072,0.008023079899630003,0.109283447265625,0.39901140005012065,0.30853044002802454,0.27063584632064647,0.5721980020813335,0.5721980020813335
english,675,51737fe821932a1f9e4aa7b594d2e26412a8d3b1ab7a16ed6be8f9f1938ca7ca24508451b7e29f41a92a77cf8b1f508c37f8a3097e75e0f7c4e25f5d38c29076,5.364,0.045996187807834134,0.45361328125,0.7993209540827133,0.13844097029160135,0.059423330862216274,0.0180288541044844,0.0180288541044844
english,676,a03911872e6a1bb38ba9476bfe58d1b97e15d4fcb701bd2888fd9fd6c077fb8297fb7e315394aeb09916c1c49a90f73c3f74f1733ad26aa701dfcca7ca51b2fb,7.752,0.013641754800525686,0.118927001953125,0.5784248730272374,0.21971188332928474,0.18618380835775275,0.22453871729183467,0.22453871729183467
english,677,372293e65cdab88771e028a4351651ab2eff64438ddafc211e089247dcdccca350153465eb5409ce708081d9ad384af45d1dc57bbe030ae1a2c0edd561322fb8,7.128,0.04427348950446582,0.317291259765625,0.8631757617464314,0.06969469741391432,0.06412704188625164,0.028713772407719298,0.028713772407719298
english,678,b419faab633f2099c6405ff157b4d9fb5675219570f2683a4d08cbadeac4431e9d9b30dfa9b04f79aad9d8e3f75fda964809f3aa72ae9d0a4a025c59417f3dd1,5.472,0.03477340023079978,0.390777587890625,0.6183968637073017,0.2991603647064199,0.07842385914874091,0.06719063464990781,0.06719063464990781
english,679,7a79ef86945a0ed5e5053d368f18efed75b430b67b8d9b56ed1c4554cf876ed1cb4929c6521da2b4deec0a6411608947dee178aad65656c62cf1f07795ae91f5,5.76,0.04825184640159076,0.48333740234375,0.7795600791779859,0.19653677068213687,0.021721968406426484,0.01884744846634635,0.01884744846634635
english,680,7713d46c0fe18be2d186ebc2b8ff9d13fd8ec68ca42832381983ffe9fa05b38754cdc187f3346f8ab2b626fb74b8d475381fe5c11ebf8bcb4dffdec9aeaa60c6,5.376,0.11718688888672404,0.95391845703125,0.7745466915884504,0.15287093749187622,0.07215592151463018,0.3575062495105394,0.3575062495105394
english,681,29b8505586cd43382cd695da6b943f401104be710a5b60e814ac5fe7e06b39459cf8fe1701ca83f8154b3ccd749df7c2aef33ff23950bb1a135b1e1c393dbcf6,5.856,0.10183365793636548,0.989990234375,0.47775983009135875,0.5132318803522306,0.008789642347051504,0.6209917283463399,0.6209917283463399
english,682,04960d53cc851eeb6d93f21a09e09ab36fe16943acb226ced1211d7250ab2f1b9a1d655c1cc03d50006e396010851ad52d4c53f49dd77b080b01c4230704c68d,7.704,0.01960578527721398,0.192413330078125,0.7502072378410543,0.17284570601397195,0.06613543918423362,0.024742467427111826,0.024742467427111826
english,683,e790d1a6d652b49b74172d96fca249c1d46c38806613534de93e324492059b41bb491639158ff5b5efe117d167447b1dca743bff0b32dcfe07b12a43fb13a86e,4.104,0.10117076189611615,0.989990234375,0.7030520247618388,0.027967738160846058,0.2686196179526811,0.3833170289803305,0.3833170289803305
english,684,b576116e091d7fea2d297c83cd3f70b6d318ce0cc2b92f5c76340a3a3e07d1d58df1abec9467802cab25ca2690be3933202ed851e74c01a0ab40a12b95a05836,3.672,0.1538346527548738,0.990020751953125,0.886873440122466,0.08467813732855109,0.02839159082946914,0.6522772837440992,0.6522772837440992
english,685,3e0938d71630fde4362ee5a31c9395ad8875384e82037d06196c52f7885662f31df164ae98c16e0dff6d7115b542574f9d7d66e26bd89af33b38e5415e506910,7.128,0.07888390616382436,0.93048095703125,0.6557789306429486,0.3218513906898677,0.02155094131954479,0.07077883453083578,0.07077883453083578
english,686,11d55937d8c1157520506db779f4c41b84b4e1e067d4e87a0e1b26e7c7ff1f75b5ac5b0be3c377161c11238f3ef4e1c426be56805c26c6adc071b54847c32ecf,3.168,0.06511756461533019,0.790374755859375,0.49318063387638533,0.4589559240699139,0.04665867732125558,0.1265359192244713,0.1265359192244713
english,687,1dff59d07c4718b02238d94f96899fe4afe8b4997ca0cb04378384177e5befc888a5a91886cd56c09e8f6647d4a4448fe8c3d1ff17038b217fee48816050a698,7.668,0.10749448745743254,0.990020751953125,0.7877018950094297,0.20262553547876852,0.009222349384579647,0.15046692091100308,0.15046692091100308
english,688,3a4228fd1f7614c4550485d454331fc488ff9d71d5c363080e7ef21e1ca55230f787a622c2932fb10d2f56b3e72e0363ded620f44d41021f6a85d8b9ec25b3e7,5.832,0.05622176036670916,0.44158935546875,0.8954095794310264,0.09084354993947208,0.01191543890639826,0.014842614956412505,0.014842614956412505
english,689,f8df32165ae35b8fa424b6847071e038ff35b7982ec54540d43f92c2728a29d6398f895e9769645c763899932af6c9edb6947d756297f6fb6f4b3c26d07494b0,6.84,0.05623396756449569,0.6256103515625,0.9017170400476359,0.07566715027705023,0.020773686116376873,0.005726170480142863,0.005726170480142863
english,690,65a3247e71ea8dbb7e6a66257e49e5a661f1234c087092eb7f5e82d8058775130471743bad317b082afa1a0917f5f9c3d5ea3e874c4e2730a4227913a4967bb6,3.924,0.11784646334174581,0.951324462890625,0.9548725341053077,0.037018233124633954,0.007665235378246783,0.04534083439503494,0.04534083439503494
english,691,6a68c3c987eb8d47ea267684e98097bb16d195cdf898d80f57ac32a3f4d384eb6f65656f55d5555daef7152242fce7b0dfa1a58e00ffe142c282e7377acd5fd1,5.256,0.06047268348016615,0.699432373046875,0.9232497757456539,0.04474388704615742,0.03044453232647866,0.003213649798928574,0.003213649798928574
english,692,b419faab633f2099c6405ff157b4d9fb5675219570f2683a4d08cbadeac4431e9d9b30dfa9b04f79aad9d8e3f75fda964809f3aa72ae9d0a4a025c59417f3dd1,4.248,0.0341606106974413,0.5968017578125,0.557139386587296,0.37149267966789296,0.0674425227765198,0.02390730377984727,0.02390730377984727
english,693,2d06c060ec8ab9b0f82ffff38e0ef76ba173bb07a21fe24397de9f7cf0a753526ac360d25a209b2a0dc2601f2cc3486eb6e5ecf0ddb5f0f5a678bd738c4a0ba8,2.016,0.0837114218010285,0.544921875,0.9635636709361709,0.029522691494816056,0.0059339745958632145,0.018717467938666178,0.018717467938666178
english,694,7b74fcb1ded6fec41af94dd38efb6804c3c503943fd78e27cb1778c89a54ea02b434f8419937c49149515e2afc7863d1898996f827fd165c45a48473d6d99789,6.264,0.12554428579723476,0.790679931640625,0.8657363304352798,0.06618202560372254,0.0676828251888834,0.605464514403314,0.605464514403314
english,695,c49b575dbc02e42a4192bf6569e1667d1a6aff985c5088331119118b1439ed29fac846942b04523214581bc387b4a20c9bad508379c52217616dcd0509dd382b,2.544,0.05999403743646432,0.72332763671875,0.8841446683065776,0.07770071447477467,0.03665223765964761,0.0023113569253173987,0.0023113569253173987
english,696,c0b583476807fc51401c6064438fc25a4a8d35703ad4c82b6e3aba4165b1b4d8e96499310ae12e59865be5cca5131ce9ae42e9973df62e522e152764929f38f2,4.272,0.07009368494129668,0.65997314453125,0.875385856256882,0.10188625757460744,0.021539103849504946,0.011813356996184287,0.011813356996184287
english,697,a80be13481df881b71ccfe94687332be7cf60442b14de11ca8619cfb813fe03c9374789a36cf5aff8b50740824ac23e751ff63eebaa2acf6e988c7580b056267,5.712,0.03893960795379411,0.295684814453125,0.7406385065094787,0.2239251618584957,0.032063936484998626,0.04165041291895341,0.04165041291895341
english,698,9b19e3b15e1a152fd9c2056c1a8bf0da6ec79b30b93bb8689ca4168d1d6c2d4a6cb114dfe826ea4e164e36df8e80817db01aed7d7f8f3fad4219eef539710ec8,2.736,0.03568395896152703,0.368621826171875,0.4799360519868058,0.4638228549684823,0.05271852522099263,0.1461965105422187,0.1461965105422187
english,699,5eaa49f00193ae8a891fa69e0c5a5ddbaf415ec00f344e11d982c8ec02606e2c4af3b7d9e4dc96fc3f68a296ff841aabea06ee2177d4966adfaeb885a7031ced,6.372,0.03748127651183726,0.334808349609375,0.7550188027524617,0.17871303466316582,0.06255349486192639,0.03492699623414254,0.03492699623414254
english,700,d4bab49a464a3e29d7ca09078f5bb36b22fdb901f2f30a962122e3775d8266455234d000c5731d0055275766d48a4a4112850b2d73b75d75405f03f4c78afbaf,4.44,0.01074867363207221,0.057891845703125,0.5771369243934944,0.28660414700952214,0.11551388744458231,0.09235429657044046,0.09235429657044046
english,701,085da0d2d420d3b0b54e6217dfee4ab92d8c8d412a2a3c26022043c30e8d003ff898852fdb84650f252e0584105840736e58fd5e82ba27b9161397c409a706a5,3.888,0.015459218319689551,0.12060546875,0.6809448728317465,0.19823680823548157,0.10380815801729303,0.0298968094370252,0.0298968094370252
english,702,d0b62ac1e57e267f16088ee614cdaf09a9826c3b704ce2f79746ef16e248c19f9ff54ab124c25647def1f4414dc2a510eb8b6cfd3a41ae6681571b91b2a6f9df,2.568,0.0206312160422912,0.15838623046875,0.7425401937945664,0.19710219659196837,0.0509252255984589,0.011416319130823338,0.011416319130823338
english,703,4a8ca5468142b119b1ffddec7649917346593c561957a163c4d1cf605ad4386cd049335f46a303403290804a6803d7e41c166fd67773536bc4cb9937f6dac450,2.808,0.010373791244514964,0.152801513671875,0.37274312854251673,0.39155008919884593,0.21661604219886302,0.3679529801653134,0.3679529801653134
english,704,c3969c8c165071610948a68bbc433369c0e431ad5581137e47e70d8395da67d1ad5df3f344af96226705df579d6dcc399a307bb6a876ae2e3ae55676572b4213,5.304,0.05917909048941919,0.40106201171875,0.8943757726062375,0.0802090384453221,0.023684818497285834,0.024109955898778457,0.024109955898778457
english,705,57c1af95690cc609ae9b624378d71903486561981a9cf056cedb0c0ff39383cafb7f47f61aab8285dcb7e7690a28f45bb5fe18282bf73b8f63b7ac38bbd70cd6,7.884,0.10437758788941551,0.8033447265625,0.9690614712887594,0.019181992822467332,0.011183371004188652,0.07071395244035956,0.07071395244035956
english,706,dc3db1a53620d85b9664bf89a66c12905ad39c9c4cd2bf52b2a9c731b0935ec25efa72329932cda761f94c235839ecdd57623571630451a40704ca86cf75b218,6.624,0.10728105511415294,0.990020751953125,0.7348009129410485,0.17132860275451292,0.09340306345627236,0.29225703752110455,0.29225703752110455
english,707,fbb452fe9306470e99a0343817b59ccfe59f4512f7d3b9de94347c1d1521c5d4d76f0566c2b593eec517eb632ed0bd8b70cfed46ffa03df1ebf774bb3dc6c7f3,3.264,0.05224416011380417,0.408966064453125,0.6289114548761789,0.24473833069614967,0.12437511133067593,0.18730479924507945,0.18730479924507945
english,708,750c869aa08744178bfc3228faaf65539ac7037cbc8769c0db7f58c08a5873b9275b4ee7cef6237c47f44abae105a449a821a99023bf11cb7260073a0e64ebbf,7.224,0.07356770815362615,0.990020751953125,0.8976283435202973,0.08260430702122712,0.018802844037789042,0.0029027158618755936,0.0029027158618755936
english,709,1534d6ca32e51550cde95ba74837dbf959471e9eef8607ee5ad785848d64fe6353dcc5007f3a6a5757ccb39b21296a7a9b2558eae9e00bf1e863a6810fc528f7,3.12,0.05625802419413457,0.54095458984375,0.6249600175307904,0.34956133232399456,0.023749561589562297,0.06868559166395163,0.06868559166395163
english,710,975a1df584466da33877be891c3201d8c2ad689747e94e011f0764a592fc78317a9cecba72eda6de9997f736df3af479df21793d639121a6064a6dd5d447bbf3,4.464,0.03498234779233558,0.43359375,0.8459767043844965,0.126589233280636,0.02337542574527998,0.003212674176093103,0.003212674176093103
english,711,23bfba2a8e10157be83cf6d98aaec7787db06d9c20e18e6c60f0e18096306e559f55703221e7ab14b5ded165b57e4053c67b92da270e1c978d3d684705937842,6.72,0.0878930905383775,0.912109375,0.5264902086999408,0.4341146730534073,0.038773814783829026,0.41464846180511283,0.41464846180511283
english,712,1e0478349259a1230fbfeadfba465629f6c3e49ba48acd1cdb4070ab3666c689c6a6436e9347003a8611d7219594bc80045007a1dabd9488cde5fafe19567a38,6.48,0.05377233020344083,0.705535888671875,0.5440354730293528,0.0761610022945343,0.3781312226938473,0.4952736001478288,0.4952736001478288
english,713,a1573f20b82d1823b5a8db60e86c33cc97b7f9218ef77edbb9526d7bc1d4fbfacd6c436ea0e25b86a5cb79c59593ca09407b67e2256d712f76912fc86c8a76df,3.288,0.1173080933432833,0.96417236328125,0.9070029831162784,0.0786778216859278,0.01388144290250822,0.05790401678760874,0.05790401678760874
english,714,6195c07d70df174a7918edc93ba38f7b642ecd8a13837d26643e3384b1865d8d3f8dc0e52b8245e0771fb23b2ab8f780c75100a4151bea1801f4003e1f0e513c,4.704,0.10732724061654171,0.79437255859375,0.8911300698979177,0.09983022831005241,0.008539143901226644,0.10297090293489694,0.10297090293489694
english,715,6e9b4c450717fdd08ec6418d8c33ef07595e9f15d1ca7211690fe6df6a5a1da87043c508fe2fc1929e789c066c1998d45b67bfc93df928202e760d075571e060,5.688,0.06802934895171207,0.7835693359375,0.9027005188233067,0.08578393038335627,0.010181580307262779,0.004298949434523726,0.004298949434523726
english,716,97b5754c2b7322d08cc69d621f60a6be00d50a86ef476e6a240529cb2dc06025626beddbcafff75d80ec8871a4b8cae6dd253dfa7009ee443b82423108973e01,3.552,0.008260489917703102,0.045623779296875,0.5385296809722172,0.3064523754142284,0.13147965081446072,0.10549523435800634,0.10549523435800634
english,717,e672f807b4c044d9dfec385223da4895648cefecbfe66a9090671423ea436be38b37e3f8847c3f42d58bd574c40e3fa15174173121f48291532899279e8dfc56,4.584,0.0688498741190175,0.82781982421875,0.6913994239600867,0.2879694169301845,0.019389078982725964,0.023900507024603487,0.023900507024603487
english,718,f69822d775aa8b002cdbeed8ac6ae89a88a68a350a76a99c7d67eae9463236f277549a525500e4ba1873d2cc2757ca045d09b610b3c1a06f40a08ff0f8d9dd4d,3.672,0.06704215839023499,0.989990234375,0.8571265922585095,0.07434394337591546,0.06719047288130998,0.0016021288835459213,0.0016021288835459213
english,719,d1813b3a39bbd5d6f35e04e8e2151930a40e56cefcc57eb71351d6cde06a360b99e6c7791989ff337b308103b8dd7f2f705c01f88506ec4146042276b5a122ce,5.112,0.18664020264662448,0.990020751953125,0.9209224379140263,0.07599067036578955,0.002914528093415765,0.9643646481361768,0.9643646481361768
english,720,700776cf6647cf502615fc138780c544dab5a3079778a7762e7819eedc18f3d6c278a791b527efe51b60dd00f50400995f8194f0ec77ecfc4c1b781796c1b7ad,7.236,0.04371393275416183,0.4180908203125,0.6827864745013376,0.20389990827732615,0.11064795927086611,0.11167989680837151,0.11167989680837151
english,721,95e9c85d7a593f6c5b99b8af013eeafefc7c9871b493130e50d2d3ded157dd15565df18c302e41958c194c8a45f38139c13312a407cfa14d4c2d5f4800610ed6,4.788,0.06487947913845239,0.84405517578125,0.9606815864015521,0.028795721128573357,0.009056550562814916,0.001023718757644104,0.001023718757644104
english,722,c5004727b0b0f6dfc76348ad7f0ff1484f92b9bd1e19154ecd1d893dcf26e5b2d2d56dc45c20740dd19582f8a3bcce1bf90164dc344f01c8661905f9c3c78198,2.496,0.007618303612501347,0.038299560546875,0.5268401729903743,0.3178171983768228,0.1324131641089327,0.0960340621936163,0.0960340621936163
english,723,bf607e1a7846948495e6685fb5d22aa242aff7509f5867117afa372757e21a86aa55503773f3c7f7413e2c1f2f9dcb6314b5431de4be899c01069bd8594bb918,2.232,0.04625829676200947,0.3624267578125,0.9206036927464064,0.04476350804096834,0.032019948657490485,0.00429443506884399,0.00429443506884399
english,724,6517018bdcb85beec8f121be650661069d80796213593db34274c9f92b3c3914129e27786e0c3dbcfe51abf7eb647fdd44143b7883abbbdb621b3884c9240b41,3.144,0.09459029096848443,0.990020751953125,0.7665952980304312,0.2265508217109334,0.0063769023386531605,0.02608897328114956,0.02608897328114956
english,725,261902fd23f83fff961976a161dd750896c8083c6e43fd7ea0913fe63fcd4ecb3acf6e2803cc583385eccd92760f88605cf5ffa62e91574a379fe32fe8950ae6,3.72,0.043743436158709126,0.37164306640625,0.8575863933141143,0.07485594801802542,0.06491643645493352,0.010299926729848094,0.010299926729848094
english,726,9a91a00fa1c8844d761e0bbb191f87d023185b5eaa08a6bc2f4030e7f2604c4f84ecc8725e7a47df26158f1414a2b868368eba0dca8545c3afcb74dfb6d20400,4.824,0.0809054927916966,0.661224365234375,0.9551958433213188,0.03734949233183288,0.006558843981086653,0.01383502570308657,0.01383502570308657
english,727,2a07754b8ff0b74f15d832d7bb1ba0ac2376df955a8e485f3382f16ab870f5cf4d922dcc5b9640063661404dbf9d9c753f572ed2dcf0acbe196064174c91ad46,3.924,0.0625575750847421,0.612030029296875,0.957536978938775,0.028491283775875745,0.012446280779078394,0.003203966816391106,0.003203966816391106
english,728,5c02a9ca889957e43e024cb5a149bccd6a6964f4c27674cf00781c97e041b9703fd1a31a26556c13a7bb873a198531d4dbcf5ffb1f884e00f2570b782b5e3dae,7.164,0.107469556125749,0.953826904296875,0.9857890791108848,0.009857925925595985,0.0038146642436094015,0.025880022655830743,0.025880022655830743
english,729,bc27b1e42318f9c3b83abf8606eb98b57d5ca7221977b3be27bea4911ca7197492875b731e422436b921b5886a97f3eef1fc49fc764f2d81d9520a2cfa9b007a,4.128,0.061907857450469804,0.448699951171875,0.9368560990719407,0.04700037091463273,0.014457982489838735,0.01102016702416428,0.01102016702416428
english,730,2e50a600d8e9ea4c5d047767466ac38ef1f0c08f49197e7810c30a62f3fe5da4c06ac9719d31a89d9b8055a1ee8f3b9500da1ef5abe9c2c5e9355886d514944c,6.432,0.03257574293475038,0.33514404296875,0.8945979161038772,0.06935247223539423,0.03110361916665024,0.004721634353684687,0.004721634353684687
english,731,a97730f86fa90560ae105669364412a9ad393b32839d0151236604af188212aab60bf5168a7975fdd0a448dd3131543f5c0032e737a7164b41e9d9d85ffd6660,6.264,0.0770935624107905,0.85308837890625,0.9618932314263311,0.03155450412056151,0.00550444803288941,0.0037105680576246824,0.0037105680576246824
english,732,30cd7a526019c81da505760e51e6708329718e2104481f22bcd2b3de33079a4adc29d59966c5fea2caa77444232f41e0de20360d68a5dc1bf20308b3a519c162,3.144,0.0935784970452874,0.87420654296875,0.6327392287914652,0.3407664793540149,0.02588316217996651,0.18172041800995395,0.18172041800995395
english,733,13fe2d4194885cf2a467daf7cc262b38df8bf3091d9c2d68ee3ad6ad42b0485484155c849badc52ab4b245afc1781168f9c01fd416e364138ef1d17669174cf1,5.496,0.04026656057580787,0.356658935546875,0.8546925735087633,0.12230716417921073,0.02009153682013759,0.009283448207698488,0.009283448207698488
english,734,b419faab633f2099c6405ff157b4d9fb5675219570f2683a4d08cbadeac4431e9d9b30dfa9b04f79aad9d8e3f75fda964809f3aa72ae9d0a4a025c59417f3dd1,4.272,0.022236949077622536,0.197601318359375,0.6324148984424304,0.26737601175686343,0.09137405305817188,0.05524659325024781,0.05524659325024781
english,735,ef3c42676cdcbd615a267077d665aa545b0697e469f98269103d5c15d9c4f5505cbaac4fb4bfb698488368bf5afe4be5e93335a9fd0f411eedab4c7f973e3424,3.6,0.01856542466530711,0.1275634765625,0.752826403004483,0.15587251897381013,0.08030457184247214,0.01553713681286184,0.01553713681286184
english,736,e6fee26e65b516e1eb3a270be759604126f129c9b354103d5fadd5a2f8ee1547369c204d9c7b81034bfcdc986c04081a906a207e84adedb0b506f51c15dfc7c3,3.792,0.07619880424728397,0.84246826171875,0.7051540550190422,0.23633774410308975,0.0576120913489016,0.03885563125990809,0.03885563125990809
english,737,5cb9f39b3aba7d8a2e1bd68456b76227d48449780fe5622f3efec5fa7bf431bf2c0dc630cae5e59bd4e26dc7315be32541ddab3ef4efdd875057ada76a72e00c,5.016,0.025498339470038458,0.173492431640625,0.8255814228087978,0.1131127490087366,0.05355787124684315,0.011892075400989419,0.011892075400989419
english,738,c475bde33fbb581af38dffdb94023506b4b82d9e91f883915e2af55ea10660270f6a1e7fc4aa3c813f811bdd6cbd6608503a4f8d109b2070f91dca2fb59d9850,7.968,0.05076417158825351,0.3807373046875,0.8566384469419395,0.11976427327068848,0.02131873608524773,0.03256928319875796,0.03256928319875796
english,739,17e4314d93594f14a6087b8588bccc4b3869e208c710bec4b00bbf10bd972e6079fceb4a7de94702d018521ed26a2696f2a3b26a993ff5322e9b284bdce53e4a,4.32,0.06729283123869916,0.556243896484375,0.7107859025268751,0.27653753347387267,0.011411370629422851,0.08148129190760493,0.08148129190760493
english,740,0287247ffe715e77eaf6d4470f6e91e8b3df507c28d888e5bb1c2eb1deb4cc10fa8c06753ff2a257183c21832815fa2d876567bd091ade8853ebdf5a5a383863,5.616,0.02422662646255134,0.222930908203125,0.7423427966545,0.16871070672852165,0.08094112077673542,0.023951321806497162,0.023951321806497162
english,741,3e359e9c55220fe9e6fe85ef75392380dfb599ff51a0aa6395303c039917f52b55a3bb4165d4486489dbaea6e1a265854547e93ac5efd1a8dcbfd8ef58356aaa,3.78,0.07280674076943396,0.63739013671875,0.8797417196500257,0.09519599357580819,0.023907169421531822,0.015122646586715494,0.015122646586715494
english,742,0f997bb52e250c33544069a78281d9572dbb093ad65631e8ce7704904d92699ee75deade6ea95f4bc6bc6a1d725010f6718e5e864a34c8ed866e9a08c2cb9d57,3.168,0.06744306745494631,0.603668212890625,0.7922029254455542,0.07515670573732297,0.13146317508830538,0.048542851134771636,0.048542851134771636
english,743,eb5bd9827fac85124129e5f3f5c5f25eabf3fa5941df635270a4402e74c53cb62df02ce2ae418c58dd2dd53b888a36e0fc67afe37291178c626fb5f642136324,3.216,0.0385386118070763,0.324676513671875,0.8928224210725785,0.08382693276428935,0.019868232628438915,0.004135971720912426,0.004135971720912426
english,744,fdb77e50196cf7d74c2e21915bd9bc495f816adf36fb10430ff94bc329dbd3a78cd9535473ecfc8892f3c4b02c5ee4864c51bbeac2da20650b20ab3c7a363a8e,3.132,0.0053363720319734515,0.02545166015625,0.45178352092358687,0.3450542274365972,0.1750812145875942,0.2267789704070225,0.2267789704070225
english,745,80351aa5f3a52d0846a6831339125965224a3f1d75b5823a950635fb3edbcbf6b1935c78f0692bed8c7ded191cafb6c16aa2b03781a6f3ee5b392c20e0a74dd0,2.496,0.0647415570280522,0.555450439453125,0.8954222780600412,0.08276107349497304,0.020364146875021586,0.008046473871978025,0.008046473871978025
english,746,2d57276f6a1da49695a689e7d1f2d4434b5b8bd47742d4883cabc1aea47c0719ce07fd5fa9e3c2b3670cc4d601d96a74a1bc7f5de878eeb0d8a9331a66da5eed,5.076,0.049315247623783164,0.575225830078125,0.9431889540848996,0.04144342459960512,0.013068204117878948,0.0018651952166078255,0.0018651952166078255
english,747,d2e4ad0496aabd52f399d27989be23ad0be0bb0af6522d076a0176522c5a0d081e17771d62d82ff618c8c9de6ebecaf91a9d473ded4819ce3a11247093b75da6,5.904,0.10625292835633357,0.884490966796875,0.7312945230831678,0.2540590497933697,0.014156204092816593,0.28039231354601096,0.28039231354601096
english,748,dd72354c03ab84af23953f82fe5108b17f2d9fbb0d5bfb4cfdcad2c42cf2d911363b69a3ea0423e0621580124c5dc183f356844a28a1ac4fc64984e94077970f,6.48,0.12203630288431618,0.990020751953125,0.9563120386707645,0.03906210227399581,0.004246752596503538,0.08123909314120262,0.08123909314120262
english,749,50949c92fa5b3d84b36afa6e05451483cc8b3ce237ca92a1e0b4906792e95c0a9dc42bbf0136d8f9062ed840de61a9aa2bba111d0314ba59ebdf964594485c9a,5.22,0.05717851236140267,0.47100830078125,0.9268313622263665,0.040551821781855894,0.030831033191798085,0.009791061374805198,0.009791061374805198
english,750,5495a4ec53a17d58f9e2a77d66ebb608c49dd24a382b8d273e78e0d80f7c7622688feb50c420eff5349c11ece6f147c613decb47cae6c87e7b75d132561ab949,5.88,0.02983703180125868,0.281036376953125,0.8150179183879697,0.10065857845187003,0.07873709296858471,0.013975765365820443,0.013975765365820443
english,751,7963691c43c8cc498c58f117527522bf772c76c38530570bc55ef04834f67fb7a9227bd0fa1f13e64e8de1cde6594f3501e172ab86559697c08726cac26f4c6f,6.936,0.1158228438055465,0.849945068359375,0.9137810330326649,0.05883062799859711,0.026957351819503608,0.1963523036215409,0.1963523036215409
english,752,cd4e462c5f5a0edeb9d372eab00787bce22dc7fd13cc2f49d6d5f0da3285843aae8b819ed0685c9788fcedadeb4ea1ee6156d0eac7072576a72207028c4ace5e,7.44,0.058058838049370315,0.990020751953125,0.81253711126367,0.1808117141549375,0.00591066749536612,0.001683178045036335,0.001683178045036335
english,753,70c21ca1cc3de05f3c23b11615cd7d5dd078e03cda0cd46224c802cb358d2bddc9df76042f0f15fe5c3d655d19f20193db107b130128af209e229afabf047b54,3.192,0.01652853466463524,0.16143798828125,0.658513915984754,0.2515788986434003,0.07775998200382954,0.02393309897711113,0.02393309897711113
english,754,1f155ce718ebead44cab02f2f161ca36f0c89c03f4421dba13526ed1ad8ccd1357dcb8d7f42db35b18e0ae133d77e9cc837c29c2e871fc597ae5318d76cdee43,6.288,0.027233942944294754,0.19696044921875,0.8093334740445096,0.14240122562825208,0.041522064211765235,0.016952493763202157,0.016952493763202157
english,755,f093d3978c8bad4ab036fdc51400b95ae8ee3717ae7f89c18a61da17fd7ca7d80266e22862cc5fa7050b288cf5b7df8b0c031a1e94c620c789070c620ba5e807,6.12,0.061470807979882594,0.598175048828125,0.7332357548613468,0.11745344287498641,0.14795969196181888,0.10465703307761316,0.10465703307761316
english,756,372293e65cdab88771e028a4351651ab2eff64438ddafc211e089247dcdccca350153465eb5409ce708081d9ad384af45d1dc57bbe030ae1a2c0edd561322fb8,6.696,0.09075218042349337,0.5379638671875,0.9402947519562839,0.03726866989981913,0.021696298776015362,0.12164514660256162,0.12164514660256162
english,757,10cdce246e990bae29f8547c038bc65278906935b312dfba267869b6edc3a0538a1ac13e3f58b264a9a66673d083c86ce307894c844dd85d3087784539fbe3fa,5.544,0.10770542245051369,0.748931884765625,0.8913783522833487,0.08946150221934328,0.01861301024047793,0.16760645508230737,0.16760645508230737
english,758,00d4ca0109ca85ac39bba85d3cb32ce4912837c7e6b901722a8339a5327b0f32c6c68beb8ecdf7e8ec5face851cfe65796b9849d55e0bcd4e41cc397f8e5b133,3.864,0.027650104896752035,0.243560791015625,0.7929448512987646,0.1616355586071396,0.0391405908309792,0.009215640755622456,0.009215640755622456
english,759,87c37ac8f79802cd859b6edf1fe035bbf2d13750e27266dd30d46e58cacde54fc7bd99f472e4da9d1c5cfe017eff41c80ac8eaa1233544671eef5d86787de04f,5.328,0.11318412597821477,0.985443115234375,0.7024645797152298,0.2793709693384088,0.017726156726955898,0.3132645409742667,0.3132645409742667
english,760,4b1851d1f72d011509bf7b0069da625200b055be9c84396c4077ea70256869a57bf083031617df9e1a4575d44d480c2aee0fadb3db952371ac6c43c68c50cedb,4.584,0.09304733762526517,0.64813232421875,0.9464646917534028,0.030843699959967975,0.02201318554843875,0.04840154154310352,0.04840154154310352
english,761,99675ca9d5d92277163ef9f6529c21605bd10fa97f3be72bcdbe2214ccc5eb08f7a10b0f5dd42d73262400aa22ff71bbe4adb3e1c680a17b4da0c405a5e85176,4.968,0.09357025998548404,0.743621826171875,0.8372155404776581,0.1340401061244896,0.02811639057078986,0.08908605890460546,0.08908605890460546
english,762,a5e66746c29d73af3c819921ba2da9d5def979742373d444c226e37abdf7a0c8db4f2ac699d327289e9d6246272b6a0b2665f3538f7c5d6b3550961dc3a4cb08,4.5,0.03357985308042056,0.234222412109375,0.8933837972395653,0.07759687111604834,0.02452995135320652,0.00633460798524294,0.00633460798524294
english,763,00309ae51fe07824676d5a3b39837b0a8927c064b7a054f3083f6f9cf7741987f8c92cb60c4c93e86a4e1be11dad46b92285584802bbe6a0fd618ca0f44b2959,3.6,0.08151536260436101,0.625457763671875,0.8966654530529711,0.08950193220890686,0.012907179651635984,0.026205396944866018,0.026205396944866018
english,764,8ee4523d092dea7faa7ad7118b6836a92c11349ce608bff9e294af2e26118f189e4033f458ddfb2b8b145b5cfd5e5e30a7fbe1fa6f2ef374c4a2479f49172c1a,7.128,0.0428604221020795,0.27117919921875,0.9352927638265542,0.041364323064501544,0.020084564348573444,0.012543412007489232,0.012543412007489232
english,765,7963691c43c8cc498c58f117527522bf772c76c38530570bc55ef04834f67fb7a9227bd0fa1f13e64e8de1cde6594f3501e172ab86559697c08726cac26f4c6f,5.256,0.04273568967203354,0.24456787109375,0.8771237660553657,0.08785914633320215,0.03210511634099087,0.019132148741802708,0.019132148741802708
english,766,ddba4ff63f85cf8639b254095363ee175eda05b7ae044292278baf09be69e01a30fca4af182ab40c38565f69ef2880694d8c2454560a274fe94be9f2b3ede4be,6.768,0.023584860833564918,0.296173095703125,0.21283035951912874,0.7018157235765424,0.07875856849407292,0.7871330919324774,0.7871330919324774
english,767,29b8505586cd43382cd695da6b943f401104be710a5b60e814ac5fe7e06b39459cf8fe1701ca83f8154b3ccd749df7c2aef33ff23950bb1a135b1e1c393dbcf6,6.312,0.12303360226889733,0.990020751953125,0.8159263364991329,0.17912538164329433,0.00475980010716249,0.2761662670647167,0.2761662670647167
english,768,bafb31f40d7dd60848b3342d29d6d1db7744e62ab7997c34c1636bb530f83c85e859b6ac658a02fdc849169338cacf4d028c05725e9fb8f6b064cd5a9019e4bc,7.464,0.05118892812660526,0.430633544921875,0.8888432923323942,0.0878115760562865,0.0210770524595007,0.016288321857484377,0.016288321857484377
english,769,4acb5d34eb7041591652c837bab4162e8b6bfb9aa8e65aa052a7e1eeee4597b7fe36eddfa47f3f20e411ee31e0076c7b63c2aa8ba92bbe163c79dcb5d8311395,5.496,0.1058782401697427,0.8680419921875,0.8390267820147796,0.14734627291441096,0.013084479550279752,0.1148296210941976,0.1148296210941976
english,770,15bea30589e107ba836c75690a0c461966b2a35e5a730beec446199ada08a7818096b936c7a4cbe828eb459a72a11c1745ee7eb534dbe5543508318dc048f256,5.664,0.0479726290498442,0.47412109375,0.9134264260382027,0.06112903678862427,0.02290578770300805,0.005102480486215664,0.005102480486215664
english,771,c5a4a7402862496056f2631e1189778239983349048f433580cde4e4c3e531f80d3a2b21cae404209d86a908fc3e1131e1bfdc3642498e1e051214d39b65b7ea,4.344,0.04272334742373282,0.549713134765625,0.8719147248823252,0.08305690040720264,0.04207622564771254,0.0025954943967915443,0.0025954943967915443
english,772,0a418a5678721353da80d2ca2abb89df1cf6da912135762ff0b046ee50725ade5564d71329e2bac85ce57069b17818d51b24b7db84f0440758860882d5af9c48,2.616,0.07224808109467444,0.856842041015625,0.341878342409306,0.6486336245881723,0.008637516866929092,0.35918078571649675,0.35918078571649675
english,773,a008c2bbab02a3b00e5d284f1750dcda96802a8b7ddd5946fd672caae31ab48bf586944a29c675b7c44aaa14fc3b9bb3f4820c177cc7db550f9acf1b524e9bca,5.712,0.099092115334613,0.990020751953125,0.6941884072734739,0.24922303107343127,0.056241089942333136,0.16361392657817236,0.16361392657817236
english,774,7c0d14e3385e52014f26ffdf47a2a747199f91c1f6f92cf887691df9c12f177fbd8695b112f174e3c20840cdb702e8ba708cbfe1e0959e046233193a977c3c86,4.968,0.10987370692713665,0.83660888671875,0.8751284168688929,0.10248864871703932,0.02194681873996706,0.1294972629082631,0.1294972629082631
english,775,3f8c120d55b1e8fd45b4588a8e981e61040eda6923828a5f483f704ba201e745359478b3ea8d80b5c0d1798ba948d7de3a80d65f5e1a7f53ebf1a8143ab0d0eb,6.912,0.06250977609702883,0.62841796875,0.9187628294518609,0.068563605636637,0.011118368530970755,0.007829880817534426,0.007829880817534426
english,776,90f0090f855642dcd580e4b7dbea8b8d79973e7919247ce03a928d5ec52c2d329398f933e41d857102928d06fff3f10ceb6a0aa2c0871c91a6668b9edcc1989c,7.416,0.08665956928779486,0.800140380859375,0.9441837964229496,0.030295731150118885,0.024742308551001842,0.020432775815527923,0.020432775815527923
english,777,444d0fa7d140a61fbb031de7af88504ded7c0998fa41e015ce8afdbbf6f7e91c03cd2b9a14b7cf50cc1b270d59f1b76cbe4618b10a3a6e09f90280124cbd1655,4.7020625,0.013587690988526089,0.102813720703125,0.6015205698424426,0.25518070702706674,0.1269783267316205,0.08259458427598029,0.08259458427598029
english,778,06eb40ac579f42807bcff6b5422646c4851d2425c4e2023feef5543bd6ea1c89089a78a04c49a14dd56a9905f2a7674e34affb7b662153c58a068794a14b9262,3.144,0.07911498134439858,0.990020751953125,0.8107060609712169,0.18249235928777027,0.0058488817768115415,0.004387287587262165,0.004387287587262165
english,779,da2174735363e215289319616b36fc7c5957925c2579d479d6c57a015c249fdcac0defeae261fa313dc05de5e11296bf947576e4e434898a61e99afdcadc977d,6.432,0.01725849631086588,0.107452392578125,0.6390749474080432,0.21440712089251227,0.13318327464041574,0.11220876228986562,0.11220876228986562
english,780,ba370fa0682c4a54b45c42b321b98accc7e07396f54a5b1fdd41095e7be86e0830481f720c9569f6635ded3d9815c453b269bd1a7de379b14f8aa0ba4fca86b8,2.88,0.00861500265142882,0.0557861328125,0.5293840038773137,0.31844179636348097,0.1291292655558763,0.09682132255118775,0.09682132255118775
english,781,4a5ddd91386f5c8c1841e5cbb7ee661e105d02ab64d2060f9bf170e30af4c0cc2f2ef0bab7bb4bf68a1384692cd2b80f3cc5c54fd7b87c8c35ca01c0e27177b4,7.272,0.0228012558838382,0.194183349609375,0.8018433694186268,0.13738252664663017,0.051565271071647455,0.016320398665487013,0.016320398665487013
english,782,b15afb2e48dfae2b0ab41a1438127545dc8a674a77c00454a5af7375916d4b259113180dd5a41012dff51cf00b1ce09f2d2957278e105d3091ae1522ce487503,7.668,0.050097423583907244,0.990020751953125,0.6016197249925244,0.3856636340484394,0.010773863251496804,0.007394305402034689,0.007394305402034689
english,783,1e3693d113e759b546de3c5d9f8e883eafcaa93953e37878cb16dbf6621f45195b6b057f171d787758a3da1d86619192eeea36064f6d12d98dc473b63c69f4c3,4.716,0.08339572162056232,0.831695556640625,0.5269797669789417,0.4565390743807705,0.01573359867311462,0.30866971306843105,0.30866971306843105
english,784,0f705f5d06ffe231b773c6e24f70b60fbacba33f80ff4bd0e2fbadcb8707f2bf28f25302a93e5221af60e510530971371500a4328a6f24f08788ba42a1a1d562,6.648,0.177973989979566,0.989990234375,0.8633264266790966,0.11864056192447106,0.017863287502417106,0.9716983946835033,0.9716983946835033
english,785,f5535d8894fde26e853f611107d08112c9da78bdd2ac2d40c52e9cc8052ba06d695952912945855e0c345aa01c51b23ca16d7b8f3e72424c4545f72790fc9546,3.024,0.011877291560050357,0.06890869140625,0.6400996569685778,0.23435974691760902,0.10735321659358309,0.038358807377212784,0.038358807377212784
english,786,5f047713c8bdb300204b259abe32d12fcf660d9a2cc190b3bb5520d11149e42fa014dd345e5a363027c7e44c54b2855883d1e39562744ed33a43d38d935a0832,2.64,0.0155490136208686,0.19451904296875,0.5152103734654315,0.20719130942648326,0.2649712385173694,0.18929395539705696,0.18929395539705696
english,787,e8d772630f10e6721312f6829daf7b0e66dbd0cf9ea7d09973d2cac3047add71b521fa583db54c92c0a6cfb3a1e65ce513f1cdd22dc053bce048bc66e586b248,5.976,0.07621868214533642,0.76751708984375,0.7958974455627406,0.1721324955475437,0.03102275112301808,0.03371166221316572,0.03371166221316572
english,788,a05406a5eba158bcb40734bd3ad652d38bdd7e8514c35a5e2111831e56084fb06df244b9dadd705142185c2fb74a0aa1e3429632930935e7809639f677105f61,4.32,0.0451015054422307,0.545867919921875,0.5777640386564463,0.37862638921265507,0.0411122525310489,0.05828325176025072,0.05828325176025072
english,789,7901622282b4a34e1b1367e79c8435281595ba66942f5bcd6a63be9d03f1853b9a78cfe7751b28d704b0b71ef0622d4f2286b307c4c4232841726caa7d102f03,5.76,0.0568566394065052,0.74505615234375,0.6759350711154667,0.3024679988713685,0.01984446174995696,0.02117254151217347,0.02117254151217347
english,790,a1960f07d823fcb9e8eccca859b92483011823383ed30bf4493ba24237cf283f0d0ab396f9094d310e825006f8480f0bd0cd5bd867bcabc45acce93a3a8325a2,5.508,0.12123374540601493,0.952056884765625,0.8755398439307633,0.12184755561902876,0.002238048576512609,0.15930164508515543,0.15930164508515543
english,791,ac033bcb388b843d9826ed30f7b6bcbce5f9e8202097f796c10aff8c58d5e766bbb828804ce3d725b5354221db9b376d486fc0248be1e565d70f6a9bf77701de,3.78,0.07188290679998946,0.59368896484375,0.9639891886314064,0.0247933512033193,0.00987712869639969,0.007270861681182716,0.007270861681182716
english,792,fead302562c0f7a3cdcf560ca226fb47bef72865d97bc047d16fa52c6c3a8528f70760545553b6a4342d14601b10410f40c37165c707d44db2c75de052b5aa68,2.256,0.003482641743188162,0.0191650390625,0.4522391647613204,0.35575557131501656,0.1627361669424065,0.16431531036013394,0.16431531036013394
english,793,b87dd0680063cbd3dc57f5b9b20c14f020f511c3f18467d52e816db909dbe2be05b8ea36a4bca91179503817a1b093a9e6036abb514c6ad1aaf1ffa71b3d32ce,6.696,0.07715087116673174,0.701141357421875,0.6774028580956953,0.29062414115888635,0.031067172454339143,0.1803285787774166,0.1803285787774166
english,794,a68fadba7d3da3006c0133368483ecf2a26b1c369333435ebeb962dab9fd16d2f5d57404f1da0d0a19aca63b3c56c0c74eb6399d6f441bb8c042c61526c48dd4,6.336,0.11486721557065245,0.870361328125,0.9460439652406472,0.034999246239902956,0.018503310320894098,0.10644241656702655,0.10644241656702655
english,795,ef3c42676cdcbd615a267077d665aa545b0697e469f98269103d5c15d9c4f5505cbaac4fb4bfb698488368bf5afe4be5e93335a9fd0f411eedab4c7f973e3424,5.796,0.03531555152551983,0.268646240234375,0.8274945107600501,0.13455082267908228,0.03390234832830532,0.015894355329800557,0.015894355329800557
english,796,1a89d88e5613b49b8ada61f3f2012ceb01ca9304c37739f9f4466d5ba7dee91b22f0b3669bf3a5d265b3735e6a66155d146b9c2a9ec44fb60e5880dcc20c444d,3.744,0.05741246707192927,0.436004638671875,0.6725069666101191,0.19957024899701717,0.1262994074562426,0.1813726829673709,0.1813726829673709
english,797,782ec7b338418a4966cc49ae09265d258705091874fb4d3a7fc76c9541738a997af0f51e9ef6045dc01874a060b482c7adfbfff2a51b50fa8d03764248956d48,4.824,0.10334911845871918,0.73382568359375,0.869018251279653,0.12624326732484592,0.004243904457143964,0.12894156002967777,0.12894156002967777
english,798,7ede86cac4d15a7bc7564b2cb136af72f03aa9835e1319140ac972907c3bc299d6cb4650ed8f935a8470019b93e8d3c5e7984c323410403abd70f6ac5ee750fd,7.128,0.054370688505249704,0.507415771484375,0.8661194461685553,0.05136263793033594,0.08070479741450137,0.022819593609590964,0.022819593609590964
english,799,314bf7a75a1c5b42ef74a78af44df03ff3fe8f4d26cb7cbba7d6a2ae5b5fdab21dfaa0751a7840a7a0b8a7061c9db15bc0913e4217a6ef18f64f2b6770d3e107,4.932,0.0490019235414158,0.388671875,0.8537246927523082,0.11561808021625812,0.028164997601738885,0.015357545253235728,0.015357545253235728
english,800,9e9081b9bdf3e0a0e94f318f3e7b554a6b04dfaa1ee799564e55a70099b461ece00fcef86aa34f02fc316ea91e1f1335ec8639cab1622560badf8924ea1fe858,5.976,0.09524687253110692,0.822601318359375,0.9162868751166156,0.07297485722509912,0.010102232365330756,0.03297353568045889,0.03297353568045889
english,801,bcbcf2d9d8a56ab7f08782b30a8c3302a0f996ade98ffbde41483fa09a8fbb9cf254b15374d0a1a72c51bb75ab9f2cbe8ebc5916d8e5832ef0eb5c43860f71d2,4.536,0.08770867671097185,0.53533935546875,0.924154872481481,0.07073001470190803,0.004316719952281172,0.06698356496181375,0.06698356496181375
english,802,827ec12d835b8a4dd847f01b6f1b936b964f5994a2cdc1fb37228228d53dfa26b5f5364ec2153df9348ba174f2e435ce0918f8b71df41fed09e3fd0d7eec39ef,3.636,0.04950164120578661,0.601104736328125,0.6277023863105464,0.35531847497497443,0.014951194979404026,0.027633435864241423,0.027633435864241423
english,803,3c9b36decab172c516e345d2df4c6621ebe89115e41690baef9c0e96ba299a329a76f9b14a05c511c4fa5b5c0f3da918c92b1e38a42984c29d50fac03a8532e3,6.384,0.06488712172977935,0.6002197265625,0.9375386032009172,0.04831471553428248,0.01282392999576812,0.008659445407894767,0.008659445407894767
english,804,f6462410c1b2266a4dc2c897e70e63807355de7da8d25648554fae02937d9c487343cb0eb8e009868920d489d8b8ff243a24b06243c67532a4e1e6c4bf3a7495,7.92,0.07585080725353958,0.833587646484375,0.6904057119684598,0.3027705992206439,0.005835875013491752,0.07516664914906265,0.07516664914906265
english,805,01c3eaf58721d6914387b475e306775e0857187d3c9f782741fc8742b7c07dad1cfeaa5d7d2bc0c9222ab67a7feef6d0e23701e4f89b86140a657f380eff26f4,3.264,0.0584838902994956,0.64556884765625,0.496242129403439,0.46609502604639463,0.03618561108433903,0.15782957679914209,0.15782957679914209
english,806,abd00749aa0419083c2e79c2e176963117c2b8dc3c54d1f939de48d899f1e5883d43891d3702745e6a8095f14a37392e332ac9e86c0a1de7b06136947e079be3,3.384,0.026633624750591906,0.409698486328125,0.5740054354838243,0.38788685982296955,0.031868906670525006,0.022326690936697993,0.022326690936697993
english,807,2a1b5ca580208267f82336795c23130277007e6587812f59c276262730de1678c6681fbd55ff40657d277f64ea7a25f9bf4ef17e113d2f0620f9256ae083afc3,3.456,0.02499252638750293,0.269989013671875,0.7715943866004372,0.14455724918268278,0.07625606941024557,0.008888704766401535,0.008888704766401535
english,808,d3369adb42a5bb317e9afa72876164d4d72b43a1db061e3d55ca721bfc8668b6e52c3e02e2d2e2b422de1ae7d5fbdc1fea3656bc1d24b5646cac1686ae84941a,4.932,0.04666643988640617,0.416961669921875,0.9052702739228501,0.06540631499259358,0.026816949857934803,0.00624191155895523,0.00624191155895523
english,809,656fce1f450d46daea5a25f689fab13f0b774ad0777d37eb8a6db44b349279ae0023ef843f7a9d8040388875178acef371a1a754637332ec96b181bbd62863a5,6.48,0.10200292584784332,0.990020751953125,0.8048541078277749,0.19084265824015026,0.0037817873622190755,0.06477533690692196,0.06477533690692196
english,810,340be2aa5e117a3c046217595e22339bebc9a90105e0cee2afea7b678865b9f5ea13bd427e03e724db605f8b153fffbc385a4dd0ee64e9883749f7c802f93dd4,6.696,0.06620348152716518,0.800445556640625,0.8714220996018613,0.1187216499173308,0.00851934252910301,0.005493679502346164,0.005493679502346164
english,811,eeef41d2e7269667ba572d070b4dc6501f4cce0362ceb647a1e95d26f9296bd5ed1537a8435d495cb456605fc2275b1b2de28dcb1b20bea9c7a268b0209650a5,2.592,0.021621665689609954,0.226226806640625,0.6945878049326942,0.23402493843806835,0.06221886717898685,0.014141656311227694,0.014141656311227694
english,812,930ceeafb80c5353bb6165302776fe2857e8790e4cdaea5765fcb068a79aabf3dbe5269eaa2a79f4de2db6dd4d911884d4a698319b337d457c89dd62f971ac19,3.96,0.03901379126315069,0.36932373046875,0.6407324864481797,0.338027161797906,0.01797251455444057,0.04489946125250379,0.04489946125250379
english,813,7908c85af79fdda0bf739f192d9c97439c955f945729666f83eb11bc2ee43f0c3f43cdeea624ca62e802192e0b43ccf1971ee1548b768e5a0b5cf15435f698c9,3.048,0.026036025400265155,0.19610595703125,0.8509417104573211,0.10282227650015016,0.039036076581972286,0.005087529835624018,0.005087529835624018
english,814,55059aaa3ae7bab6ff1f1cb38ff963ec9acf2292b465e39c3390523edb154c5c745a558e15ca86b3d281b520433a953d31036a3a91af9369633d7db9dd3c8077,6.624,0.048812655339117016,0.51910400390625,0.7396015473755595,0.2139528083024769,0.04421024289879793,0.03225853067953061,0.03225853067953061
english,815,2a9b5225fba7cee568598efce9b322a3dbfa6b6c27044b4ba5182d7c30e07c0a9a23946f664ae42579d108ed89ae21a2b772da0f07f80e5b5c444bab77839110,4.176,0.03940798589123988,0.48382568359375,0.7207277812823101,0.25415166885066726,0.021971260601244103,0.011218666781544248,0.011218666781544248
english,816,4f395f279ed6a513e09da0279b08b2cfcea8ac5f8921c5aa33e99ed4465b50e074e54031e19e85e61b88637490db77e74e97a7906c58f4b201b5f4a9e6d39462,5.868,0.11445371533361832,0.937103271484375,0.8693255393549413,0.09257375462445686,0.037678827559468345,0.1428636373900801,0.1428636373900801
english,817,9d57aeaf822cf699a70f18cb334c05f1080d61026ca5846e228240d759ec9883ec9247705b74116fe5ffc25b2d5437ef83b60f3dbb8b601fdd3e5e78bc651e31,4.584,0.03696105209459032,0.294952392578125,0.8702352426632732,0.09443120621832247,0.031085647247005903,0.007761375001810256,0.007761375001810256
english,818,0499323117b11e14d7bfbc635d664ef7e2429151a061997d97bae96caf291ab6002e65f13948fe755b776bfa001941307a48729552352003dd3f76a6cc398d1a,6.264,0.05888094276092596,0.805572509765625,0.8377762892328262,0.061771682165089443,0.09875171900876938,0.0064669210013226916,0.0064669210013226916
english,819,484702b2c0c0ca5f26808269963c202b9173abe5892622aa809a273299e186e7c42e77254c845581dba57a32a3696b39e39b3eba1cd718b01a72a65743fd5ec9,2.256,0.02154803749458452,0.14752197265625,0.6596179718583504,0.2207264789398422,0.11148027453858314,0.04148140209525921,0.04148140209525921
english,820,87b42e85779256f12cd8467a8790384f4d1ba3aa2c3821b798e151f94702c8fecb77a8f125195bf02e72b9c5cf01c3d6ddda5e6d3aa87b4bc525756a8c2b8807,5.688,0.12068389675200306,0.989990234375,0.7289290965888885,0.24153895346852153,0.02916175062445165,0.4329617860467816,0.4329617860467816
english,821,b8f3f43a6dc3d1619720569fa59e7065ab99c2b26a7c98d17f53178289badd79eb2be4abd6cfb2e15b46e447e53d773d8045c0928fc340b575ff1c0199ac99a4,6.336,0.09228569363006495,0.697113037109375,0.8990980147280733,0.09101060507702748,0.009151472701348215,0.06914753850086748,0.06914753850086748
english,822,8796693fb19970eda73c742a411fd9fdea613f4d64d9a3b5e6c756fa7dc6648f34705ff8b294fa3543663ed6b1b6ab6f5cc2e37f278ab0b112aaa9c2de33aa20,4.14,0.008114958682409497,0.039642333984375,0.5448250317776646,0.3025011510919894,0.12895902623217456,0.11208327529585975,0.11208327529585975
english,823,acbb9fc5829e3def6fd0435189e6ddfd61de2c61bb9c9f52eca4825f70ae4cd8218bdf2c59218ac040dd93dcba34a5286b6678a1928cae7c4c80f93867347367,6.66,0.03285244636430911,0.2491455078125,0.8796724169807828,0.08633735408616013,0.028972118780117517,0.00997885385911,0.00997885385911
english,824,e73887a1470c4c1749eead8a5f1bbbd8ca93078e705e5d801d0af54fd172876374112132748edf3465461aeec1094fe946995407dbe91c45a75c59980ce2cc38,5.436,0.049689694278172845,0.781524658203125,0.8816166104813334,0.10343793278870142,0.012678822403699214,0.0010361040536970459,0.0010361040536970459
english,825,f57c5b0a00142382cb44dc5552ef4ed6f01e45d741e58a1db8ca8f80e14b967d9bdb981427791a446beda35c2bfb5955e203702bbd9e8377c1ac31c7448f2fd6,6.696,0.09591473445821806,0.989990234375,0.75624445346605,0.23246168430624334,0.010731797821436986,0.0674877432568102,0.0674877432568102
english,826,0dc9b5e38d56554932dd6ee93b057b49d785f2149bb7a7247b7c03d6689c92d40d978084ad37228a720d5bba3b922cb2fa7b71a1472756a872b5423254b030df,5.64,0.02962053565956609,0.236663818359375,0.7363518616956707,0.20215087456059536,0.05600575386886926,0.032124441572506456,0.032124441572506456
english,827,c948b5166ffa7f0a17b7d067f7f99418cfe1cf101ee9b845047cdcb43911af6bc2c5f775f5099e60052e8edf9d59a2a0fdd906095c9ea0f02c8af763b2088235,5.904,0.12524990543584655,0.989990234375,0.7634710365148533,0.21460185099144177,0.021688365614801232,0.44563486566922883,0.44563486566922883
english,828,e65a080fff0542a6f631500a73f0942c6a837f5d2baf7d185215c326575326235ca7ed6fa4ea5dc9b0c74fa5382524e0f392e304cd998f6e932d1ba79fb74546,4.92,0.09180996039912355,0.62744140625,0.9594953037517049,0.029938139978314696,0.009793690247335514,0.04324604616131871,0.04324604616131871
english,829,609a12e87d4fbd0b9c95319ac26a5c208287abb8c0b7708a28a6546ec34fc83846200927f910b4f764768ccde8d02948cad8e305b0a9a1b91b8c928493c6c80a,2.976,0.10309762994374796,0.989990234375,0.9663833808323148,0.028780219374460268,0.004454068001410652,0.007238645678447305,0.007238645678447305
english,830,f0ea206776edd98e6ab41801393839be2d3a3508647336452079b21ddc3ed6eafddd8489e7a79cf149c48136862b49b77c412f7721653750f051aa12c2858e0b,2.4,0.009974445662743586,0.053466796875,0.5997920446925166,0.26273610693365135,0.11599287924621636,0.04826800972054093,0.04826800972054093
english,831,701a0466c1eb4e16c45ceb7ef33fac66e2ec11fdfb02431ce7cce1d051e77685a83ae42d4921273c2bf6530b987c63e517b72b9e409249b60e555681fdac72e8,7.464,0.12026518955133836,0.989990234375,0.9212649841710345,0.06097785019414815,0.01749143591320995,0.12616929418809675,0.12616929418809675
english,832,69115167653f8328c1e51b59d157186866b60adc18f44f69a0158b6f202d66c68aee8deddece3b696e874b3d2d513e964161f76c359c1ca89683e5a5ffb59cff,6.912,0.011947925130533419,0.062774658203125,0.6561548805985198,0.2249130177551754,0.10026877590492418,0.07105634199242762,0.07105634199242762
english,833,639f341eacc1ebecbcda2739f4c39f629c2d933bfb79318de6d0e38b56a8592be82fb9854d31d1579adbb9af91cd711a9b7f9dabf053cf5bdf0acbf33edb3640,6.552,0.01783577459666924,0.13232421875,0.6679557814962302,0.24684935153910895,0.07267725683980807,0.05553982123911198,0.05553982123911198
english,834,f02077f36c9f0e54f79c6c31410d3f0f6480760d8098e5a7bff5026cb776c81af12e0bc2f6c80b5c7a6064626b85fc6852a224f6e45a33c6a5ef4aabe9206ad6,2.784,0.13242956521017546,0.84515380859375,0.5083356529423926,0.3443795330021565,0.14700390592655124,0.9829850591758835,0.9829850591758835
english,835,fd7acee71c8a4973ac1f95645d4d578bd37952a18500c26e9a1d9408c3b9f6bb7e9ad8241ea201785032196fbafd6c2a6ea55c6946fa88590cd1b61bec9d87e4,3.744,0.08055012598470869,0.989990234375,0.38031429167332886,0.1029687803805122,0.5162686784132092,0.9244067491301116,0.9244067491301116
english,836,9489088a420426808becec14c5f401ed90743aab43f0ea3a7103e44a9a49dbe34a988a64a728e2a0a1211acd83899a91998b77dfdba504b2154a6900315ffa62,6.732,0.04567598159986552,0.6072998046875,0.5405192329365096,0.41445503386262483,0.0427164126000538,0.09696123993781004,0.09696123993781004
english,837,7b078d68ac8c3a795a3b4a28afef165712db00c8e4c825e663625fee37443747d11985c26bf5b29a94d5ebeb1acfddbf0b514980b7d9052a6ec0f4fac1f7f658,4.08,0.10138552739632571,0.799407958984375,0.437330540475438,0.24789692693442147,0.31426417769522996,0.9760965477064955,0.9760965477064955
english,838,11ec372417df77b07bb129cc7572637abe768dd9ba9a6cf66c66b5081a6016aa00fb0a31287220448ed090f18b89fb45ff7e35247c32e492909a9d08f7645c84,7.464,0.021209824365455474,0.17193603515625,0.7835857671356135,0.1451592284535204,0.06127720254239626,0.021568198878830238,0.021568198878830238
english,839,f138d75a743543591fb23c61bbb2cfc4a204866aa791fdddc2a868be75a3f5851013ee0e9036241396a08fce890ff0911b3218224b0b11dc917eb7b4fa2e8cec,3.708,0.04394701141970517,0.4346923828125,0.876729912915014,0.10494133655491211,0.01558669496348971,0.004201447930772633,0.004201447930772633
english,840,44ec161cdffed62571788b80e844aec44dcb7ba4608b914186bb120358c90f53cb81c54ba4babe45449a3504f2929f40ec69c3cec759370c9f26efc9aabe6b01,5.148,0.018386328290112483,0.17633056640625,0.7538313961759886,0.17147484070389524,0.06339853215292153,0.013749901029875061,0.013749901029875061
english,841,fe47f7429a8b74dac1af555a066bf3631aca9f68332f0c9a863bfb2a3b1a591005ed8546e708f9cbbc02aad144afb89da53d5115b656368d8ec2a02e7c745493,3.72,0.02459805027689576,0.213409423828125,0.84910419793134,0.10598282868885665,0.03793118237650988,0.004686623710800936,0.004686623710800936
english,842,3bc17351c38c39515b097e6f4aeea8855cc3a6e92a6931562797f93602d111c930bb4bf709a6005a94076dcab5ad03a4a33fb5fc42bf539c6ed1538b42abbf3b,3.696,0.02310350264013006,0.20721435546875,0.6657569753380177,0.18777580094522686,0.1388515742546419,0.0493446883350025,0.0493446883350025
english,843,8e05a9762bba8885d665f8ab67084a8adc8c1690725914992dcf9f84a1f11352da18624b6bad7d77301c9ae6a69e3dbf0a68e91086fd32a256cce450e2233db5,3.144,0.04561465076511697,0.399688720703125,0.8481813267798968,0.12355817545090039,0.025586982447295323,0.007647413399955508,0.007647413399955508
english,844,d13e3108d8a06b9d137d31f1f316e23c76b2390e5249950e5838db2ac85aaa589e85340fe2ce8d17d0329b541e57a5abba13a857998ad85e135175a621ae6561,5.616,0.07115369221127076,0.82452392578125,0.4117000358624357,0.18659490641691814,0.4007552897092685,0.8855214709071783,0.8855214709071783
english,845,59480438402ee9da6aa819c7f2a46c26316c6deba59a1e512846341d3e7a9ef5575eb5a210c9792155c90c65953a7092ce786c9f6c1f69b3eb8a0bba6919862a,2.496,0.09056903343657544,0.69329833984375,0.877904577617741,0.11778416011803831,0.003614770874791075,0.033685429466426414,0.033685429466426414
english,846,1d9427acc5f17c32a5b25d630cefb1ac6d902790b1fdb35c29cc48457721ff5cbfb642c99394e598c3824e54d95f99429a6acabdf7cc1614d48954fdfd01647e,4.344,0.03443404059770493,0.376312255859375,0.9008871786813902,0.06504263043928137,0.02929449132900609,0.0025686735707936754,0.0025686735707936754
english,847,ae13a4a776cf3019e7003e952cb2def0333cc044ddab4e84c2d9e900baad18d586fac6fbd80404141c91b0accd3bab1dd663aa83b10a7de6ca3a1064e1a8a39e,6.984,0.09178793190736115,0.9276123046875,0.8865946323024018,0.047663561462551005,0.06500839057081259,0.029916438104591724,0.029916438104591724
english,848,a38c683ea3889ad8403d1d5920c1a8673c206145f16151267d0efcf470b032337bbd162e9f13ecf16be07c4628f90ab8a744b14792366a5272a726ffd97ecd8d,3.216,0.08751850827947523,0.990020751953125,0.5370531977652752,0.1743673026512924,0.2881546102891395,0.4827585692565256,0.4827585692565256
english,849,e4ec8236a5639fff262dae93156eee993a7047de4fbff288a87d0ce90e6d1d506aa5523ce733361b005b1ddbd73ea62b915541442d1bfb7f2bcb01a8daffeeee,4.416,0.04303470039378854,0.3717041015625,0.8523716872920861,0.06959621581698885,0.07518618316357618,0.012579327789626126,0.012579327789626126
english,850,198a51fa2f4a7bf5d5946ec1f826b9f8389bab768b237252ead78feb7492069ff2162a7e13545f9c65650b39a26849181fe4ef0c7501bb166a71b4a6e526e9c8,4.728,0.09204411204930119,0.87713623046875,0.682066339117012,0.11617051672359388,0.20112774991790106,0.3398449312186709,0.3398449312186709
english,851,655b9c2bbedc9e0a19d9ede62c678d3af37d9b0da1264f5a9d0e3e32ca102c7636b91ac97e1bafb44402c5380f241f26259abb456534a0b772dabb25012e30c3,4.824,0.08625395116118562,0.676849365234375,0.7099239191746002,0.17829635118453718,0.11104501141269911,0.32040948909943523,0.32040948909943523
english,852,f2575ffc7d2d220100354a6074025b53f756f3fb7e9dfe544ef0e2f7334da8f01c03470829b2dd7f4b55a01321aa67c6b25533528dace02f0ede613c558df300,4.608,0.09566698524087928,0.756988525390625,0.8013964734907474,0.14517781330926857,0.05283005649145341,0.14432019437397486,0.14432019437397486
english,853,2da9bb79dacf58301b5d57a56cd23f3acb8e5285f575555537d1036d939060a9dd1a78707721e4056d7873eec170af9ec729055efba89e01c301fb610da1e8d7,4.848,0.0628115785264153,0.59393310546875,0.9360452255579716,0.03310249036309915,0.029190981644547784,0.006155759572641312,0.006155759572641312
english,854,4779be1c6beb90f5a6341ef5655c2c3a670a764c9c067600de821c89d5f452973f1853d1ad04425d6e465ba18791014dcd03298bbd7ef48b18af21743ab0bd9e,4.992,0.042071463739567855,0.298309326171875,0.8082708382317072,0.10872633877995125,0.0800724554149678,0.03270615728847482,0.03270615728847482
english,855,ab0a6e5aa9103a870766bd4c2c3f9515ce145b252494b279d93e5439455859f3c9613b553abee80316486c8153b34c42b68c323e119e547c5f62b75a6030d192,5.508,0.11122104946778634,0.990020751953125,0.962986515669529,0.024423769047607943,0.012110749130118425,0.026764739721032185,0.026764739721032185
english,856,fd52910d24299328945044ddd49dd2d79ef95c7b0d6e38d06d65a1d9330f64f45a8426cf556ed10a705307dcf622e1fe152ee48d5bd2e38b89b4da815b5c38a6,5.544,0.1402895659362343,0.959625244140625,0.8976419721729647,0.09602313637857071,0.006050895037527583,0.4430502492131855,0.4430502492131855
english,857,53f3a1ababf2543e3f79739434893c64e1f5bb3e94c1f3e8d053ed7650183182a922f2959399ac2ac3827c824b225074ed237b465bdbc65c79edc92fe8e6ee61,2.784,0.10657162618037515,0.834014892578125,0.8853521814189214,0.08255003942989379,0.031608954128851625,0.0644069304495255,0.0644069304495255
english,858,c4a05f45f97d490bd513adca7ca171fae49f6d1c1f1024312ccd0fe1d179f2e4e7009789f1fce79140503702698634d6f89391bbd150fda6e9365243bb02468b,4.344,0.0590146190490965,0.55328369140625,0.8503346568206542,0.09337929744210906,0.054584449634405605,0.014211265644497673,0.014211265644497673
english,859,ae2bbec69aab1485eb55e2aaa2ed856f5e6288752532928ff41c9c832644b3e042b7748c95efa842645fa5a7531866abf1d9325ed52d74310c7abb88c4b738ec,2.904,0.08839903384570365,0.7852783203125,0.6910340801409064,0.24552443728971488,0.06276940073911978,0.14370868996787214,0.14370868996787214
english,860,4992481727517f6467702cb336e6c83956aa14f5746743dd3e77248208af37cdfff1bf4e46090ba011cf4b31af326298b298cdae76ceeee5891671a173e61aff,3.672,0.020532071018200145,0.141265869140625,0.7166939010886824,0.14685474760422143,0.12645469532075737,0.033047426052227796,0.033047426052227796
english,861,b15e81b74f3a01152401371744ce17a419c45a9415478075dd9d5dab5818374ad025c732871b55b1d5242f40357f577ab2dfd02950081c195bf04dd7b8aa7910,5.976,0.11945286272613409,0.902313232421875,0.9458887989901862,0.05083526909547205,0.002870706446656259,0.10857182621795491,0.10857182621795491
english,862,a4af86783d53105aac4b6b62daad1f025209812be5334dfcac32446b7188f7d3e3d27e9a922472a79cce05ac99670fa5c040b97cdfbace708453023f449cfe4f,5.832,0.12882675698609847,0.944976806640625,0.9074630519519152,0.06447815425438234,0.027678343996831157,0.26181058063509866,0.26181058063509866
english,863,b2e6ab6e09902afeb053f1d722553671229dcae0a113aa243831db452f4c1dd9e4155c9f5d66162287a27a8d0fba082e3bccc5f366b325cb293d1c60467e2b64,5.304,0.060268634292697444,0.41070556640625,0.9504678990361259,0.0386428073287334,0.00919215819428011,0.013082251696426867,0.013082251696426867
english,864,b7a06485b66ceca8f705861fa9e7a4cba67430ffa115ab2ade662d0565d27d8754c7a4061f48849742776c92efad66ade4a648d25f20b3f560ab663f42256d4c,3.456,0.019599564405006112,0.514129638671875,0.5300091344348122,0.3665162050552395,0.09344572711892463,0.014455993766946415,0.014455993766946415
english,865,8d0e1eb79f6b76705cc5af2590b6b1d85297a3666be5be7420f6ee5d3db8f81b0df4097cdf6e9ee75ac8436aef1eb3352e5dbecbb127cdefb441d5aa376b56f5,2.808,0.038909752438586936,0.729400634765625,0.8603965162581155,0.09960305462164784,0.03602266027343157,0.0004611732085993511,0.0004611732085993511
english,866,4fe313b29861b4b597ad455c89a5075abbde5a78592e26c63c7bf1d17f4e7314b5c06bfafbc36ceea3b7410160d022aabe9f642707492f93d2dfa809829f11ab,5.592,0.07354233185185825,0.749481201171875,0.5949528357755102,0.3333069694019495,0.0707466451744188,0.21701815828588894,0.21701815828588894
english,867,141d2fb979ebab495f92c338e4ca2fcc5a9d7b10f19be3047972ea5a0656809b99460f8afa0f5b12848e69becfe6185ae8f44f773289568ba1745fdbbdffaa82,5.868,0.0896867168159034,0.747344970703125,0.9072408346272168,0.08195260482812045,0.010042823295893157,0.034856910641022434,0.034856910641022434
english,868,cf166b2a376b2518887f5a2e3c347a69f495260309ac27cc1b860d599c86cf85ebf2f20f4dbee126894eecf204d9ef657ffd494c46e75ba0d5c4a227396385eb,4.86,0.12324759148476144,0.990020751953125,0.8092172707339594,0.09930642318377028,0.09126987646600764,0.3515343127538012,0.3515343127538012
english,869,360a60af78d0612a060e6d6ba151636158209368ef8e61b4b8c3d6d80004e8e60e05a8502c7e7f0012328377934a147bbf09e1f1ad3f4ebe5ab3b5ce7382dd65,3.168,0.05487758183016636,0.4315185546875,0.7898846999016452,0.06911264578292749,0.13899094589424554,0.05139175345153342,0.05139175345153342
english,870,aebcedca97d4dfba67111773ff08416107789ed1535a4fdefa8f75d7c4feeb7f9f26283b32a81371ef2ae11107f1ad4b308b5dfe0d3a8bdb9b7be22c83754d4e,2.544,0.09087546863379434,0.740325927734375,0.927126767130657,0.032310498639245025,0.039834746480787185,0.020381643185226155,0.020381643185226155
english,871,31133cc097d3a307032444b005a6c73f3a30eb6194e3cc1c4aeeb72161bd3fdfca786c90906932e958e7a713ed22237af8e93c310add52b42705c69dfdc9d862,3.816,0.006902794654091738,0.041046142578125,0.5187302782660996,0.31848909933601155,0.13696292590646614,0.12433094737974187,0.12433094737974187
english,872,7963691c43c8cc498c58f117527522bf772c76c38530570bc55ef04834f67fb7a9227bd0fa1f13e64e8de1cde6594f3501e172ab86559697c08726cac26f4c6f,4.896,0.05004630610098624,0.26776123046875,0.8270602000644142,0.1163638007022917,0.054526118280427846,0.0539248576130085,0.0539248576130085
english,873,94e0029173b383f6bb8e6e5e8dfef3626d3d9d994a196e8e7bbdb0f34af77e25895e9b7c513b8a5f34db29084fb00838670bdf2e7735d34c53ed30363e8d7a17,6.24,0.08594949417660928,0.839447021484375,0.32838837446704977,0.5463233899749347,0.124642070818011,0.916434150926763,0.916434150926763
english,874,068d2e0f81d4dd78bb9ce831cdefd14260f76428bf86b5c93d1c31fefafaeae08d9669c70c2118ae9febea3b523ce00deec29c1654dda41bdf44e1d55d1a5127,4.572,0.04229101390518975,0.413970947265625,0.9223596693222781,0.05809502102166625,0.016466498133134992,0.0031622867462614487,0.0031622867462614487
english,875,3ba1bd9ba75198b6a877c1dc3399cb48cc7218516ac808bec57449617c10f7f1570579eea37fb50a650a7346d5348c75f9ca316583d59adca3eadff00fdafb12,2.184,0.056086306883635535,0.72039794921875,0.9482707650116858,0.04009316240131478,0.00991893750336008,0.00068411766606708,0.00068411766606708
english,876,f95c9f478228e092e2955d5f9ac7f3ed04e8e3d6dae1cde6bb7ff2906bd5196e116ed863adfbbe02dd7c2012665a5d5d3f85d447a1c9cc58d293eeded5ee1763,5.976,0.08722003699862037,0.635101318359375,0.7957712301683386,0.1601000149473165,0.043339260199377214,0.18754525704644157,0.18754525704644157
english,877,446a17a9c0c83bd0f1f9b25dfd8e097e8773bc164a7081854ac4b7e9003bde34bccf4c7c3687fa5b6cda5afa30ae8898f66f87843168ded29ff65a97689d3fce,3.432,0.02769522493892442,0.298919677734375,0.6133367029762989,0.21448968030549956,0.16659522717795006,0.0777293658692303,0.0777293658692303
english,878,aa0aa6c12cc130b987cfe9a9eeabb0f8f068db30cf82656b3a1660198c6f4b81ce65c5b9a67879d29bb57edf3afca3538aab1ad0b2b2f6101c7e9e798b6be56b,3.36,0.03275816717576613,0.248138427734375,0.7888121755483882,0.1645004695023451,0.041910092361099056,0.013444852920732279,0.013444852920732279
english,879,d83fdccca9769420abdaed1f3ae86ae7d925c3a43a17770c3b931613a03e8d6ed32a7aaa07163dd79016b8be140611cba54c7d296beac05b58ad3f6c00c05a44,4.032,0.01346300328864232,0.108001708984375,0.6224455238000597,0.27471536546423103,0.08692408380478671,0.04465207354348551,0.04465207354348551
english,880,d7b8bd57a847b9f6a92eb975f2fe0a8686ee95a9e71b0168d5ee36090c94b373186a93d864491807465a14b0cb0cd867c6a52509095f73cb3c58490f0fb7f149,7.92,0.0782098123019841,0.74884033203125,0.8504779202334322,0.13193722306918534,0.016648721143810753,0.035734355970215716,0.035734355970215716
english,881,f1a60f2e4410f0e58f1721110203035145750ce2bc1ba35b2dd927564edf5d4e01c88617fb532e6a27c97f770d264a6b91864dfdae47af1ad2bb6a7d198a3a5f,3.336,0.08569186039746451,0.63726806640625,0.8982999957143785,0.09522685979929417,0.005575731034001188,0.03094634464863803,0.03094634464863803
english,882,1e6f4b0a04b5d0d1b9bad571e182b5818bc5b161cf990136f19dbdf083c12681dfb19fac99c01f89d075dd0f9df319a654cd5d3452442a4c6945428db099766c,2.784,0.10370562879997212,0.873138427734375,0.7480322979520573,0.028638295839900654,0.22282591159722553,0.3680058255938409,0.3680058255938409
english,883,dc7a6852f48d22de3cbcd76a7d2deeeec6198b4460fd6a6400b465b60c87bae9fa62e64609548d33496d04f34d0b0a99fa64977b866ddbc189994f779ae01608,3.264,0.08888914272052906,0.74102783203125,0.9306988487376963,0.04330786043941508,0.02520534930618397,0.0174202280269855,0.0174202280269855
english,884,82557ed50b74bac49d5fb53a88f1e68cce75de29a91d98c3cf2d1af73ac1a4a05b8bf92c984a37192e63b7209242b64dac903c3c69101cbe7d196047a60cf886,7.308,0.07946403031281846,0.654144287109375,0.8684788235806722,0.11762767570852212,0.01290054254126944,0.05130999983501363,0.05130999983501363
english,885,e0e45102bccd63c24ba978c5b2e36426de8db4e7a2c5fe43e2df5220bd2b3051b1ece996cd6fd8f12d6999973461c490bd5db05e4947609f122e5dc2bfcef5fb,4.416,0.04398093022702592,0.290313720703125,0.8905779455734464,0.08622631692510063,0.02034123575357458,0.01091255613878289,0.01091255613878289
english,886,fd48e7acec23ba4e8630b5065164f337a76a615c7a2bc40c7d860e1e429f32834c6e9928aee0e47c844295e71d003be056e099d178268103c277a965ddfe4778,6.744,0.07808262856588172,0.7781982421875,0.9438503937737709,0.04450403950250724,0.010666696050367203,0.008886409551999189,0.008886409551999189
english,887,2244e45bd05ba9bc961063bbea119b7e7a548e31afe1315539c26301a870d3b2ae1c9a0738dc7fa6b9383e926e225bf66b4cde27fc00b62e601e2d6a3fc7baae,5.22,0.07674138477461581,0.736358642578125,0.7050175253341502,0.0756540248329908,0.21828347007093324,0.2447403799532773,0.2447403799532773
english,888,76c9f8a8f018cb1a1837f237862266e5e4558b176f18afa1692f9061136d7ed1220f71b4dc61d1afd073d6632d2cb497c30d8222c299c6a65184c32128c535a7,4.392,0.051912578103256835,0.41302490234375,0.7803464968678905,0.14479856170858477,0.07285162945715419,0.04143026376949719,0.04143026376949719
english,889,cc7cc15dbf1966fe301042b960b06893a68fd036d88915f4267b56d3d1dbd2c4aff1078274af41f50a01168b66f71b1ef9b9b12a6a64747dd70329071684590d,4.32,0.016498113492159232,0.155029296875,0.6472415289687692,0.2648010818009424,0.07511811794760831,0.034148814673195124,0.034148814673195124
english,890,cce369fc705a1134e453fab4a71a97a62179bfe154532e45953569ba46ca92afafea1873b47080e2a2d758b2e820712f88d881d7cd56025ea7e4ef9a678ccc28,4.752,0.03199298600025929,0.299591064453125,0.7572839835485166,0.14208845638406367,0.09544780882193425,0.023397879259405896,0.023397879259405896
english,891,a86c9335f90a338b6316d8d2458f24c018ff96cc7a3955154135ac74b16bc14f141117cbc072c019f3006b5825b692a8172a56c436d2c9c4f50f591253d89a68,7.416,0.039330790428023274,0.54583740234375,0.5584286514175698,0.16471485975356065,0.27374452143721445,0.286012263330132,0.286012263330132
english,892,5eaa49f00193ae8a891fa69e0c5a5ddbaf415ec00f344e11d982c8ec02606e2c4af3b7d9e4dc96fc3f68a296ff841aabea06ee2177d4966adfaeb885a7031ced,3.24,0.020439800041757432,0.1978759765625,0.658389108787231,0.27455586946676175,0.05753289076279109,0.024067962034447245,0.024067962034447245
english,893,7992ee59c8a9af9b74fd6f0cc12eaee3da35f588ff19c8859c39fb46d64da542518c2cbe3f8d7657ed6838f721781f9bbb0c82bc15bf31fb662c88b124ba6494,4.824,0.0676289698817224,0.959014892578125,0.7115827691739863,0.18324274538907293,0.10389097029073864,0.014127808897122158,0.014127808897122158
english,894,2648b9233842ccd399c847f426963172fd89176e6dbe3b4cbbaf113c5051801d1fb165bab5fe541158070dc75c49a889d33e524a078de7ee7c8de087b6fc920e,6.408,0.06370928770153123,0.6007080078125,0.37667351198580185,0.2099038469700196,0.41230131267324865,0.9679391660220064,0.9679391660220064
english,895,66c5ade06d5c39018494d85399f777a4e54aff64fa61496148dbcfb071f01d3867fdb943e218a92ed7e7dc3207828418408b8a00a0e175d12296a340d5e2fc1e,7.56,0.08343535189446138,0.777435302734375,0.7263638148733468,0.25552011646669326,0.01733258961649787,0.13628243643168125,0.13628243643168125
english,896,99eff2a26dd921ba0702130d8ba09ba245538852f2b45112a6bc394bbd2a99b4ae826748a9df907ce7ead060ee31daa4b19c9a7b271f25e7a3e66017464a5893,2.856,0.08046110594829396,0.983978271484375,0.416362916789493,0.25709127622216854,0.3258228791294356,0.6747363632255361,0.6747363632255361
english,897,d1813b3a39bbd5d6f35e04e8e2151930a40e56cefcc57eb71351d6cde06a360b99e6c7791989ff337b308103b8dd7f2f705c01f88506ec4146042276b5a122ce,6.864,0.038512437109996946,0.32818603515625,0.6691872976695564,0.22198006187880628,0.10517122742122795,0.12535688983164928,0.12535688983164928
english,898,e8e299ceb26b0e13b890a83f6e2aa8c464520fe1271a4ab4f4e853f296d4c70c50f829f7bd0eae70d82b1f9b93f432c70682122db4fb7427c802ff11ceba0fd5,4.32,0.06548825872835379,0.6488037109375,0.8764532059876764,0.110683785906339,0.011498879460784296,0.007944256804451892,0.007944256804451892
english,899,4c9c8cbd6e079193d65a7e04f31a0dfae0fb5fd58f2b35b91d31ff6046028276d41e47650626d0b2c99b8d894414ae68c495d346c9c260d0dc6b14b9cfe7298c,6.3,0.02948670082118039,0.388946533203125,0.626584604403809,0.15563418310566823,0.21214720999022202,0.10724176978068338,0.10724176978068338
english,900,b56ce5c4a3fa8b8f8f730736d5cd10f19915e92fbc63d121679a541cfd3a225d584bee330df7fffa2a5b270449c780e395e4fa46e685855aec2b511dc7dca104,3.768,0.08058963319044274,0.602874755859375,0.7060944559395992,0.07929667634735121,0.21371791387977507,0.42901611989568095,0.42901611989568095
english,901,a91353e64024852cd001d6fe17a31bee8c82d1f30376155994ef602a2bd387b40b6befd84245937a0e355121e50dce126d77eb2fb6d709d7ae22eea7d6343c17,6.144,0.07673732350464842,0.70068359375,0.6073145493529098,0.3600951685803318,0.03163014136674995,0.277203030266565,0.277203030266565
english,902,159b58b5b8c0be4886690fdb1021843612807181e092f8c4e248190b8fb4e3a300bbdeddc8b9eebf043f129da38256409213f78bdf4cca33e4650a9eaf5d8526,3.048,0.0687808297011553,0.81048583984375,0.551620626775682,0.3524552675160793,0.09485785678777188,0.11607104238399203,0.11607104238399203
english,903,8abb5db0eef834e8f6dbcdd9f0d74cb131e5fcb6a764445ab5e98cfc43d920def095e69306da6e03da7030540d732162aa0126e9b9c22ff034f06cd2a4ab2173,2.664,0.03322106936562077,0.311431884765625,0.779810296642549,0.18760008371801765,0.02780436160902419,0.008111242660567515,0.008111242660567515
english,904,a41b49f8d6eeb4e645b0a2bda92ae9eca9b7e1ab97810f77041c7f813463519cf45983f4605f81d12857a23d579b70596d00e8a3a7563aa10d42115fe3a73d47,5.16,0.04804901010691461,0.38519287109375,0.7311558289166072,0.14798968963364262,0.11849867499880314,0.08699408525953445,0.08699408525953445
english,905,cbbf0b4896d532ed8bfad4d3a82e356c699d62cc1f88faaaae8cfeca06bb2376e81af1802e342dfedc6673c08b59d030e0892299d0d516938fc4b40c0b9396fe,4.776,0.11568457415850823,0.858367919921875,0.8714546195781632,0.12091391409799654,0.007206879278761648,0.16316525874399457,0.16316525874399457
english,906,344c8d7e1e6fd996d881232606c3742cd344cae9e25cad0dbdb46e42d2ff74e8434deb4c6da13efd6e735ad95cbbc88b310ecacdeec47af5945e56caa2583651,4.992,0.03201971216563484,0.415435791015625,0.5286529937872209,0.3751190540287141,0.09177263171444609,0.10471044962760259,0.10471044962760259
english,907,e873e7a2b27ce654de6921916a75fd32f3addbe2f0d3debde9c8ac68a0fc624e039368043edd2f2dd5ae19f5e311c3a228d1cad655c55713d88366f7026ed09a,5.148,0.12088039945454561,0.86248779296875,0.8649124430232199,0.09994056755189011,0.03471873939837928,0.2930615198734086,0.2930615198734086
english,908,bc5a71e9a79cb49f68661c1eaa86abe855b84ed3f880445aaa45ac909a3040e2630a5ba3deeaa5ec5f6aa890d75410a52d06562af517b286e67b2cd539b3f4a4,3.42,0.02290590747128917,0.15216064453125,0.78114885319376,0.16085695744681083,0.049592397812236726,0.01174898225960261,0.01174898225960261
english,909,e7290b010bf35d7cd117f6a85b79dd72c28d246ea6fea4b3c81c7c86fa32528c4f7c69d3c2c625a1df5f1f0420b14ecbfcb89a0053db0b855a8384ef71b1b520,6.696,0.10651374023610052,0.990020751953125,0.8122331722686809,0.17518016767266192,0.012158630333323267,0.09560143322389504,0.09560143322389504
english,910,a1881aa7f5c8a03355c575c40251b3a2a987a6c86522bc77acb556a0267e5190bc3778424c9846f9e73c372fd67fc131c84fd484e072d72c15e29e59606d9c92,4.896,0.08586312589921988,0.717254638671875,0.8707051724285114,0.11526051489043118,0.01323089096608247,0.03617335144943372,0.03617335144943372
english,911,29b8505586cd43382cd695da6b943f401104be710a5b60e814ac5fe7e06b39459cf8fe1701ca83f8154b3ccd749df7c2aef33ff23950bb1a135b1e1c393dbcf6,5.58,0.06118659861401922,0.612030029296875,0.6062644798548058,0.38367995034110086,0.00879005766933078,0.11724934033560841,0.11724934033560841
english,912,9c36ca39fbb5f0e1b7d04c76152d2d13695cc4c6681a7bfefbec9b33e68c6320185285db2432fabc103fa94ce6cfafa4563af166c77b845ded14887f9287a540,5.568,0.048055985221051124,0.511016845703125,0.8081701237781069,0.1610440753560281,0.02857391862660957,0.01180711594682022,0.01180711594682022
english,913,ac033bcb388b843d9826ed30f7b6bcbce5f9e8202097f796c10aff8c58d5e766bbb828804ce3d725b5354221db9b376d486fc0248be1e565d70f6a9bf77701de,6.3,0.05486869523758257,0.446441650390625,0.9125200744123345,0.07337224377921217,0.012185984849372252,0.011931430425842365,0.011931430425842365
english,914,d7b8bd57a847b9f6a92eb975f2fe0a8686ee95a9e71b0168d5ee36090c94b373186a93d864491807465a14b0cb0cd867c6a52509095f73cb3c58490f0fb7f149,4.14,0.07217366038792296,0.95660400390625,0.8426753998038417,0.13924067958939448,0.016899589792874693,0.0028421068710525093,0.0028421068710525093
english,915,a615cd433b46fc7089e4ac8cb0cf11f1a9556fd859ca452c54dd934b277f25d083b12d766390e7d639bdd9dbf1dd1b8b744ac39559d16cd3e8f9568abeb26e76,2.88,0.06437731296100915,0.989990234375,0.795670486655898,0.1712024506021478,0.032289617287366956,0.00158358652158671,0.00158358652158671
english,916,0f18104e03d5e581438478e9674a659629658c17a3e794bcc28993da355930aca6d790aff81d0d7ab22de74f548b9e8961dc2d5ecb81f3bf3e19910e4501a480,7.488,0.04570940028493898,0.5506591796875,0.7753442019875285,0.20534329253752165,0.016769579776812656,0.014300781992661226,0.014300781992661226
english,917,6ac8b1a295e2a4a5b11a602a368771530cd7b900ee5d8b552946eb8d32c21f4694c786c41ca996b12adb8a1d1e15160f84cb0632d9359cf84c6d99a18745692e,5.328,0.08237475684666028,0.78173828125,0.8442250226904704,0.12524535581205526,0.029696446865639905,0.02835668857473218,0.02835668857473218
english,918,9eb48b93568156e588fc8fb440555147c9f8d5f35b40949376d183eb113a2091c00ed17b4710c327f0e81c7b8a93e6d8d0dd6a4f4e3d35ec54e78f15e72aed78,3.336,0.021316035887763075,0.186767578125,0.6416775245976613,0.2855693307296021,0.06404156933411828,0.03490293975504425,0.03490293975504425
english,919,fa552041006acdb1700d1a4faca1565aa4190cc21242eb67cf459af1a7dc235ff7b65c6fd024e21419e84b3fc9246005b9614c0d41ff2745e6c05d4d79b53066,5.544,0.11006743105867609,0.990020751953125,0.621717481447786,0.100868285052227,0.2770803050022196,0.8140907141854992,0.8140907141854992
english,920,44a811500fcc5978466bb5e6410db6c767bf125e34c5e7b3b216f262e63d1221232418673393122ea0560dcf07329a6f49561f935c6332b8c1e0ed16c69c4064,6.876,0.024478613474326175,0.207366943359375,0.8147018180376107,0.12885765675705863,0.04809263817091588,0.01385749784515703,0.01385749784515703
english,921,84f3198c4b413e6a7cab24d48529584c694f3501efa7e1605531153f9bfc82d8d3892b44db6bcf3dd0a946854917a5e265a10ff20d56bdf24a56ffd3dbbabb69,3.144,0.114063814083176,0.989990234375,0.7857333131247326,0.17776955001500497,0.036138652040756634,0.12932999774773327,0.12932999774773327
english,922,379dd19cb981e4e0c55e088d74083093ee704d0d2332e65e056b9022bdec56c78d8ad347227fd8b76f9cec853b8fe539142ee5745e0a97c2a4c471187541f91a,4.608,0.09407577881505047,0.6356201171875,0.927869441627435,0.0681234891205772,0.0033923643401519766,0.06064884477970727,0.06064884477970727
english,923,cf658764e695270837ad8af4462cb4fdaeec21a451e3c9ee585dcec3b999e0ac6f0a5f2de7548e919d2ffa1cc94d7f78fb8dbc1eba8bfe3cf0875c9c50235b63,5.668625,0.030101944433923247,0.33856201171875,0.8692101041819373,0.08712050713036035,0.03802858530375183,0.004259597112165898,0.004259597112165898
english,924,c6eb344e73639480a864317ce53d06649da664c14d0f42c70e3b9f1e721d1933101d329d75fdc7cc41e1e12ad27bae77e82f3e5e9b2cdb9e9660bc8a0c06fe66,2.808,0.037985013737516365,0.290740966796875,0.8458263222865268,0.07506585180964766,0.07523391876104259,0.010257695620539341,0.010257695620539341
english,925,dc4115f212a35b4033e14324c2066943950f56e64a8f216253b8eb3d067ee6241be32aecddb7fb230f7a4f6688a36ed29225aeb1cfaac159672b16aea0100ded,6.192,0.07351674901987804,0.990020751953125,0.8600147900918726,0.09169099797231998,0.04721102853990235,0.004081174482950945,0.004081174482950945
english,926,56c9515f7f1653269380879c4755c059963960f4bcfe79fff2d0fd20c5c4832c44d8eac0f652bb29cac4932d60cfb03395932b05c179d20a59e1969eae8b980c,5.256,0.0917876704368147,0.661895751953125,0.8295436185718456,0.12240305772371465,0.04737461513362457,0.15475109341718196,0.15475109341718196
english,927,933590530e2425f0c01dac30ccf6a87ad6432637401fe8e599e9942768181f805da879cb732c790f604368998dffeab3bbbd68f980483df4bec42c3f2df45944,6.384,0.11374543622858316,0.989990234375,0.8630675333292444,0.09921584110779061,0.03735345623554326,0.11704377694399111,0.11704377694399111
english,928,9430e5e18fd4eaabcbe041177c7860fa75aec9407d276e1da3afeffdf5c6579394cccf13e03156186482479b3d166b82acb9e3b64aea47ef0b83c06e64628d2f,7.056,0.05250419626460861,0.43798828125,0.7791524515549155,0.16447213100921187,0.054379866480909304,0.05739633201797715,0.05739633201797715
english,929,d2f20344739505c6c1a141fc3a5268d572656b8c5cbd40d7e5a7f00dc95bf1b600cf69e78b3c9320d230df9075614100752464d75f37774053bad565b72cb88b,5.352,0.09803580682036211,0.979278564453125,0.8554708284019759,0.13722252255217893,0.0067442660404555465,0.02475493783003023,0.02475493783003023
english,930,2666d4fd2cd037cc0fbe54a3b27d4c1ffc44b84e05fa19e1e4e8487cb5b2bebf33dc6f42059e34d474957dabee27045fb078bea0689ea676650e6da35f60a3fc,3.024,0.058122771882613104,0.444610595703125,0.8859744998534996,0.10307655335210682,0.009337176786338509,0.010368554681419334,0.010368554681419334
english,931,f86623298d3dbab0187cbb055721fd4596c8665c4e19fd49626680bad857630e33db565c426d2d648df7136e1e3374004d18f072ce5da469596f6a1ebe8f5e62,6.84,0.1492449173889996,0.923614501953125,0.8653801295411445,0.10767529695657846,0.026669348749000493,0.8199904457396973,0.8199904457396973
english,932,fdf0df76b287ef6d4405d81a740d3adaf9308b9feeceb55a0e58a4f82852f21a45f4255fde374b857c2e994020205692012ef84db6ccfe9bef7b9ba58853f3a2,4.44,0.10475823972709529,0.78277587890625,0.8192009293275777,0.0931587537582573,0.08711756362991063,0.24348163267420933,0.24348163267420933
english,933,0014a05b7983f18441b13ce4e4949b6d5d93ffabc11009b3808e9823f0e0ac52d1616f1d029a69581bb57dc83084d9f0edd9761948b4648ecf67d0647bda11e8,4.272,0.04692467187683932,0.489501953125,0.7172018741942828,0.19789707334071074,0.08262326044584446,0.0324460292980476,0.0324460292980476
english,934,3ebf9922255527d1c5a01508d3e3200a18a43663f6dec767bc5fd726c4d4c645e99580957d562c5996cb5f6745001fac4bd353595311b6080b07d0f92cfc9bf1,7.296,0.03232908144069236,0.34027099609375,0.6166422634042349,0.32765331346593796,0.05140890091126168,0.09085205327232468,0.09085205327232468
english,935,d097f954eaec0370c2cb2dc847b65047eece3d52167ce7437ebf013e6d5efff551ca1a14b28eb14cc051a5d5639b2fdc5a48823f3396f9a2de70ac385872b73e,6.408,0.029173296276981214,0.21954345703125,0.8787401449153946,0.08208569657709099,0.033205109339350745,0.008549324449898374,0.008549324449898374
english,936,a2576ccf04ad8c0dbe2b29f3843c1ed984d8bd91480766f4bf99c933d99ae8d2b32afc34c7e185b06c2b16deae4fbabb8030906be2455973e2d85d92b0afbc6e,3.996,0.06314646760474768,0.655181884765625,0.9213475397812431,0.05508389238336682,0.02211045996563985,0.003984866852930615,0.003984866852930615
english,937,15f4b2d89fd6ef677ad0cf16118393247db64e892060c2b238c09fa625e31ed5d5c4b4e05b0de21c6fc2202db2a2ebf567b2fd032758dbfbeb9897aecb2ab555,2.88,0.16904125554640845,0.948028564453125,0.8691716815324237,0.12520254719489662,0.005417695070475416,0.8897039919783593,0.8897039919783593
english,938,97b0a8cafca94ad000c2f7319bb44bb0fc2e8c6304db9c52adc1e338521d8289bd86eaef23b214695595059f6a65914fa781be7ab74dbefaa2cf87ae0ae40a9f,5.184,0.05583454329407044,0.50762939453125,0.6185301043913849,0.16125536352315079,0.21858705729139552,0.3430788858703578,0.3430788858703578
english,939,d897e5daf41e8ea156de4a56db72182dbb38224160d717b6ca77ee25cb9e1303af33b9939e8d053755d0b15d6b43e0e06e4ce62f111f07e97a0b2df96bb512dd,2.664,0.04143264240276606,0.3760986328125,0.8956029694817715,0.08614614737880925,0.015333987837889987,0.00324609805129653,0.00324609805129653
english,940,d2a2d01fb1f7f6eea38d6e8851dc0e3e8d3340bad2a04b8543c9cda7e10c8131f01a96bfa57702b6f75ba1aa7f2ec5a5aaa23b7fab1de385fad60ce99e9e6c5c,6.6,0.2196899380732808,0.990020751953125,0.8965321208861102,0.043405480058351896,0.0599605913937419,0.9991990212366249,0.9991990212366249
english,941,eac3a80b2371b110ded6551ce8466c8fbdec5bb202ac04390b23d14c84bf3bfb03682de4e28ae53f38cf06ba57debd1b40eed2c8a759c6e6d7a28c48206ca82d,2.424,0.08557884429008067,0.6319580078125,0.7790036103771091,0.14143319182502226,0.07877326000353323,0.12627803196817924,0.12627803196817924
english,942,af9c15b78f47fc932ee4a2fab15488dd4295f87b2a3359c855aad4f383b20bced882b0bb7ffa51fe7a08897bcd7370705108bb2cd7dd3919806d7d39f2209c7f,4.824,0.09340666614714231,0.887664794921875,0.7896407984055984,0.20106786133549778,0.008632770417475066,0.05034079834425541,0.05034079834425541
english,943,3447120ac93b7c7788687c259b7f55058804e4982c36174a9a0af762495a6c2310915d2b10562a1f75255d5b0a18eefb304ef7b042006d96d83158f22d238de8,5.652,0.06015219705793889,0.61785888671875,0.9145613956765549,0.0540429132108286,0.02983441092720952,0.00617726969868103,0.00617726969868103
english,944,dd883c56080c8067671af81ed7ec905d41f2d68bb7c715dd2ad25e5147eeb71763a9db6dc8a838cbc09a237b63896965f4d94263e0196567753eb9ba7fafc5c9,3.384,0.07350988912701316,0.6322021484375,0.8148451420078454,0.13615698529338316,0.048022890398775823,0.03372881627174777,0.03372881627174777
english,945,c4ce66044a86fef147ec0f3ef541957dca56b5a4018690acf7093c52d0a571080408841165d45d8c3f4df6b0af4551da6fb0ad4647a30d1de4c7a63b475297ef,2.184,0.012793113497652666,0.115753173828125,0.6536077152122701,0.24032336654494502,0.08935525738981939,0.020631428867162283,0.020631428867162283
english,946,1e96e4da92f5ad7a12b21e433d0465b8bc50e14d8da7f1f0e7bae2a15ff6443e2f244d995e7969deb2f6a4a0cf06fa4fb629e247c4815fe3e4e80ad25247b55d,3.504,0.04085151222869937,0.474822998046875,0.9103674651564577,0.0680671363149544,0.018555649697611476,0.0017328863566044633,0.0017328863566044633
english,947,5ced37e6adb74135d4bbf33cb2958aaffe4b3a3138191de89734a6cdfee371e23159ecdb155d6b1d9e6400ef8087e5af745fe9f924be5ad2d4cd0aed53cfd070,4.104,0.03894673504271315,0.301025390625,0.8967740374929543,0.07951157026292681,0.020258831064008425,0.005776505168454369,0.005776505168454369
english,948,aa9941b68c0d09069571c0105e601b61631c79ef1c9e1fa6bc2a7b15bbb7e1cbae92efee9449f68e4aaa4219b3b897e0382b39a5fc689c6b7bcf60bcf776dd22,2.328,0.03843840728817006,0.465423583984375,0.7433079503926896,0.23110571336394414,0.022045848268035736,0.006287150090911597,0.006287150090911597
english,949,a798343b00e21a66385272fa92340119e06451802053a00a7603841ffbcdba96f2e4fb79a7347642466cc2d446e926e680e7889fed915a7e72604f29d49c5fe9,2.976,0.06946440966959878,0.49822998046875,0.7926910659549414,0.15059885043814641,0.05550341370553322,0.06450477399795197,0.06450477399795197
english,950,18ae3b317f15a738e98fc195f953e7f975a9f2ec9bd739e3cdf054c7bafdded24be9b549f9fffa5cc1a9446ae31619cfbd832c74597b9e1e5bc97cef15cc5081,6.024,0.11315022577601805,0.989990234375,0.5935061989899371,0.2620974767042084,0.14399035053678286,0.777759677146661,0.777759677146661
english,951,109e12ab3ca92cd964fefd14305011059350f817a0f73591a1c51f39eda6cb25775e2de18ec7ec4cd48df939b7c94177768faa496457d2ea42531f7d8a65af34,2.184,0.1644985044313184,0.950347900390625,0.883618625692123,0.10575581367209179,0.010400053462067141,0.8048169548247018,0.8048169548247018
english,952,bbe3ec9e9746fdb7a9d059ce97343c079109198568ed03e183091af91b3f292be302728c554c23502f21fe4f788a9bebfae3c1155df03f1641e1940489d1457a,4.896,0.09822944004225556,0.577789306640625,0.9664194146281823,0.027215821567212202,0.005655420499626578,0.08952285646896703,0.08952285646896703
english,953,fb7ac40ceaf529e45275fd681c575ddcb7d49eaf12187663d0a615b3187ba2d22df6128d04fbb5c8b3adb337a11bde7ba56f90d8531091fd49c7424fa1474cfa,6.516,0.04263934335226061,0.38623046875,0.8942425217541975,0.07615637432941143,0.02642486690251136,0.008229333015136625,0.008229333015136625
english,954,1d71aa0453aa10e5b4aa05091eddaae210bea62f4f4f70ffa504ba614d9512afcb5f135ae353baef02d66969ea55d58fbaf894b0aef59f89b67792776990ffde,5.508,0.0769240516084967,0.571563720703125,0.9126899897827582,0.07198841680499977,0.014257049202572777,0.03146087354892294,0.03146087354892294
english,955,b15e81b74f3a01152401371744ce17a419c45a9415478075dd9d5dab5818374ad025c732871b55b1d5242f40357f577ab2dfd02950081c195bf04dd7b8aa7910,5.148,0.1561323706806468,0.989990234375,0.9553937047802548,0.0417971726587151,0.0026286216987958556,0.5705447904548437,0.5705447904548437
english,956,a97730f86fa90560ae105669364412a9ad393b32839d0151236604af188212aab60bf5168a7975fdd0a448dd3131543f5c0032e737a7164b41e9d9d85ffd6660,5.544,0.12430554389880714,0.714874267578125,0.9803308849440006,0.017036753798885872,0.0022333090323551647,0.2832673156677909,0.2832673156677909
english,957,e76bf275d7fa70296086fa2910e6a819e61d8454440b9546c15fe81e26ab615464303e4553c11c864f70f33967ed366b10048ce3e89ff4d6a3930f77384d25a3,3.456,0.07626698000090482,0.586212158203125,0.687442343378442,0.1993430058838891,0.11226506223063122,0.24844473304275969,0.24844473304275969
english,958,d94575afaf19996cc6eb6c97d6c74bc5af2f18292b6ba5a9e1229b273a7a30bd7b4733cd5016553fd5d9b86f331b227ba03aa20cbc8b03c55ea6d14fb8003c1a,6.384,0.08093441742794855,0.66668701171875,0.9124159088359091,0.0793917359616777,0.007262837211090704,0.02823383643408619,0.02823383643408619
english,959,f8c304a8a8e0064242f3e3ce19c7962ce27d81ace6c14103cb047ec7ac20817bcde3decc5a1709e35901dca1e02d3c491d4fe87ff30ba0b368b51795efc7766c,6.6,0.08770703953741309,0.715087890625,0.8972421204693356,0.08330219496116484,0.018680469714731633,0.04838675633921812,0.04838675633921812
english,960,e3c57f66455f33a631d0744781b055996ef2fe58ab711271c66d10a9616b387f7edf256e0c0bfa748e048bda8dedc857c534e4f9387706edc1d7a3853d744f07,6.732,0.041591091545539555,0.990020751953125,0.878820445757797,0.10352427995622875,0.016561138008790117,0.00018903491031303007,0.00018903491031303007
english,961,cc7cc15dbf1966fe301042b960b06893a68fd036d88915f4267b56d3d1dbd2c4aff1078274af41f50a01168b66f71b1ef9b9b12a6a64747dd70329071684590d,6.768,0.07589752379887933,0.79449462890625,0.879541194497462,0.09910702284740941,0.020344234210181177,0.013426107575467206,0.013426107575467206
english,962,498358dde158a9aa778a4b7c438b374197e0b249d6d6cf782030c121694a306f5519235d8d286cd0266ea860a5d7608681a80c4e9129823f8c30f8df9e4931f1,4.488,0.01150091281499558,0.0726318359375,0.6318515298727824,0.24532319132294783,0.10444226223191386,0.05172067935087812,0.05172067935087812
english,963,89905eb1a6d0a068725d05eabd42f633218e7b974dd3c55cb9510139ec5257841e1fd22dbe59765697919cdb89bef1af66928d657669460bf8ca72e31468f308,3.456,0.08165568636119362,0.990020751953125,0.8180569426097066,0.1544364936587328,0.02687075389243745,0.006246911248042032,0.006246911248042032
english,964,84830d3d4f6785fc72a37ed13ce8429d6498985116558779c4be096dfa80ba8b35550eb80fc173ac96730eec5d8706a959747143bc3a1d5b785ead46366406fe,2.976,0.05327139031712283,0.46728515625,0.9450561583012562,0.041315814311811576,0.011544565638790694,0.0032757442983115436,0.0032757442983115436
english,965,c69130a3e19945c0d14980fc2ffe0069362ac9af410703afe5c24cb5640b943d6ef752386572199e804c5e2fc446c363a914d8825bb7a197f6bcb62a7f3b3769,6.96,0.058600434651887606,0.4898681640625,0.8041099510674883,0.14557108398269053,0.048643288113616574,0.05216806286649482,0.05216806286649482
english,966,39c7f4a092c239dd28b5af1f5d2478b19641bae496c30909b4d3eaa73bdcb6e1ccfa348210a57be42889112d2eb3f99efc3d142574f6bb9174ce2be1c3781066,7.56,0.10290428126705446,0.930572509765625,0.9076582993042355,0.08303232997801123,0.00874156000747591,0.048201286322902666,0.048201286322902666
english,967,57d9be2eeda5fbaad0290c45f4e95813da95e09633d5fd84df35a758151788abec644a351cdf610c7b792561d1db0ac6f122dbc94404646941967bd6f0befd44,7.44,0.09858543778506192,0.990020751953125,0.40988210889929483,0.3038618399801354,0.2858131849055443,0.9545946773987587,0.9545946773987587
english,968,51fa6d508aad2990a48fb8f22bdf288db2cee0aec1bb0a94791e9fe1b36748025501aecdeedd83fa7861ae00b20e7405b8af03b3760f46c93b02baa328402da9,2.496,0.05446967545710212,0.48321533203125,0.7980993003498411,0.13860550561678517,0.06143457599459583,0.0177493507330869,0.0177493507330869
english,969,bf35656a89be5e1cff674565dbf2957250385cfde9d9bca4542c6cd6e935788443e41d4e200f71926398c380c8d38f5b244a59c4b3c34c3557a3761890bdf363,5.436,0.08113703170301752,0.840789794921875,0.6796376172808849,0.13041960896354057,0.18914427292310323,0.21478352991015395,0.21478352991015395
english,970,b5c9bb77e34f76e3130ba662c4ca78975345e97102b27b4b0fa1c4e4780e078d0487746e577e24531eb5370dd51cb466d469a66dfc378b61001c198fcf9c8756,5.58,0.10743654840908633,0.478271484375,0.9241754033549159,0.04841651503207687,0.026876207316725412,0.45704559357293867,0.45704559357293867
english,971,3bf9ec1d034c30b92251126c0c8e036f9db120dafe3b9662995d3eb41ba79f8f041a8b4452a1b932ffe500f5767ba431cc4b25c71dc04c5c4298653ca3ac4b75,3.408,0.02110232457751654,0.14508056640625,0.7179980258786897,0.20946377811235425,0.06210940499926485,0.02092166823128001,0.02092166823128001
english,972,f8a81fc514bbce776184be6870e932bd66efd0815e617244fb9e75ecd5e3c91076a8723dc2d9da39eab697ce1dfd7fe596611172127057daac456e21ac721b56,6.12,0.046698723332117775,0.555511474609375,0.6930987296112745,0.27778808149367423,0.02674295032638011,0.02727289950399924,0.02727289950399924
english,973,af294a21d920e11013661f4735c1ebd5df298b0c73074b35ae4c3ea490ee8e630766fc629741346f123353256859ef7d055ee8dcce07e48a091cc8bedec671e3,7.128,0.12774494625630378,0.892791748046875,0.5114238139746532,0.4851048323564192,0.003155546538424215,0.9635831599108255,0.9635831599108255
english,974,208571fb655f77d9a6a235473dd04677c0b85eebfc0916a5c5b4ef2899929f1756cfb65d4c8a6b478a33bebaef865df4d05a710eda69b3f27394128a343f65a0,7.608,0.08206732306914133,0.76898193359375,0.9636418279662148,0.029521109472381984,0.005921641312687124,0.012692459803630476,0.012692459803630476
english,975,b4e19dfab5a3c6f229fea93118d677dd0b2bb61418fbbeb4eb7a28dfd3d34c49268a4893c5dcbd8eb4a8926a2dcb560dcf2f34781b0a6b5fada53421203903ab,2.712,0.04607340529961427,0.375885009765625,0.8803296407307316,0.08994698069288481,0.026837588460232247,0.006182638329516019,0.006182638329516019
english,976,5de424a68012cf2938d0651d7f269248ec895b1740d376251e87b4f68202e20ab6dc8d0999d66e6fa267de63f10055f0e8952fe9587099f0f3d700de283d706c,2.472,0.06919100541181204,0.40850830078125,0.9709384884708145,0.019682113806767137,0.008112693609635131,0.012983275460496102,0.012983275460496102
english,977,b0e92d077f3a4e88f4a03ebd7d5533602f612afcc83f5e13e651d275b205ab3231bf68ca7bd299939ddf2e3b439cee5937ac3b02f25c878179e8467ac1cbc66b,5.712,0.005072730251137785,0.026611328125,0.4571055086558071,0.36128442569152,0.15372383891942432,0.2873601673806672,0.2873601673806672
english,978,a33782132330fc941b615d0f8adb052f76e3fbf97db0cd6315c66aeef5035e5606e448d813c6d5f99f89ab8c6aa0bd9ae28e5b1df2ceaa77af9f7226ff95e3ac,6.156,0.046387716246452826,0.626434326171875,0.6603520679096484,0.1754935015379553,0.16180542112995422,0.05591635153491152,0.05591635153491152
english,979,23155b3c9b54685ab85e13f624e6e07bd88f4280ce08d3e2cac43dc044c9aa8ca68d9cf70689d485319e8d91a60b6d25089f57ffb8156d07bff67d67f1a0a8e9,5.796,0.02645892145910701,0.464508056640625,0.42254826116249683,0.1452474902400935,0.42618942703779866,0.6178433398970817,0.6178433398970817
english,980,e12421d0d1b807824929dfe328162ee2885be073c16a20e1463bd429a3c62d36ce83843ebc71f3557623852fe8c714db5b76e00adad050e39105e5bb98ca5cf9,7.44,0.08927002756787647,0.8001708984375,0.7995573058999935,0.13984033550920863,0.05987408353680122,0.12383999395923699,0.12383999395923699
english,981,5d56e7886635dbba694e805416df7c1cd903973721f96774d1e1c1e4ae536141d0da664d55deecd47e9df99e218908d679e94367617294e26476f610b5df7add,7.44,0.07485956521442054,0.989990234375,0.3537211348874894,0.09756258789624178,0.5481461217274991,0.9629041809638255,0.9629041809638255
english,982,3c63752972fd7e12a49f8c1dc8f504bc6ffc985ecbcd8a39b722370fc2859e20d9738ab5aef22fd4505ea0847ca0925195cee299a86457caa74b317e16004a36,3.288,0.00943825609752845,0.060028076171875,0.5917570748163734,0.2660605194556665,0.11869523543305861,0.05742641664293486,0.05742641664293486
english,983,e1b76c52e8da14f87a77be4722c3f5f25c7b2a1c9b1c59fa52636d2e9a890d7f891b8c048d8a781b28dbc191e263f497bca0c1d40bd949b975694a3af28b6d09,5.952,0.06901818405116773,0.538787841796875,0.9009059385885104,0.0898491537879028,0.008038817690163493,0.02314448221090311,0.02314448221090311
english,984,79f4d8e5dd8db7a5bd09e08c63907cd244b2fdabc93b3224cfdca3368b80fb07e4cb6d77c35e65dad6db2eb2a14603e996a7c542317f6825b277b27dba8cb183,5.808,0.04826690097961383,0.368408203125,0.9109536519226579,0.06938372277460331,0.017110457763333142,0.010368639896808958,0.010368639896808958
english,985,25bc1fb5e8fb8c59df9cdb4dd07be6837d50ff86b6582a5c4f01e6bc9fd5674a5c403798d8e0eeaa6ded4e2d25ce5c6ca650fbddef5e05efc861469d548e05ab,4.92,0.04828770858967166,0.333953857421875,0.7939483444526272,0.18369660023848636,0.019898170613637495,0.034425297498259615,0.034425297498259615
english,986,ea6af2f035b41b076462b218d20822bcf91a491c7b894e6ae5df8721003d07e28894b3ef0b8093e857238a3d7fb363ec6687af9548cda5437399c30804eb5b67,5.256,0.05520485980522135,0.435943603515625,0.9153262226090279,0.06656201661679013,0.016121339378459602,0.010538215810616843,0.010538215810616843
english,987,34426206799bc4092f403c29a19865e64a408245ca869fc3ba79ba6d48ad6290c7d7aab7b3f1ea421290ebe31bded6a36f04fedf0720b2ff4df64a6098d1702d,5.52,0.12221414477080568,0.990020751953125,0.9408458585432141,0.054974051664148954,0.0038912174063398222,0.07881560621593528,0.07881560621593528
english,988,b1f0b30b0dcf3134fb8b9b30cc035d68eb8725c323d49b46e983a9f0fb80479d608d0799c46c97347b1c10faf993e97c1a9758f8541182146e0a3d79ee9a41df,6.696,0.07566718125567089,0.989990234375,0.5916267397289512,0.044424757963092754,0.363342990588464,0.3943648383368447,0.3943648383368447
english,989,c2f9823f99efd104b16583651f3b8f8ed29e5f28a0655f5ae0bdfc8f0df9468f008e859c255b8b404c836273baca98c82c4c88d0de2c19f8293d4b1e971885d8,6.3,0.10186824815634402,0.607421875,0.9662780410813135,0.02015313517653693,0.012870684025615286,0.13646770929619326,0.13646770929619326
english,990,7cba7455872358bbbe6c8a326277149048dffe1eca34ea97f1320da2bb407fbe160493c6f1a51384199ef75c23c4c231aa78a6b84428b58b7ab70bb73882ab91,4.32,0.10500405744243722,0.902496337890625,0.8648739925761786,0.12818324786384067,0.0064033463808970716,0.05276851986939127,0.05276851986939127
english,991,acefbb332db5ce3a5176cabcf11976d544177c9cc2aa0341e37bf9831b07b0c93eea6bfc53d97214ab261d1debb927bf66afb61c88db722415a5af6545b5ed9d,6.876,0.004780275618965852,0.023406982421875,0.4773703187285136,0.339032394509097,0.15406023555515522,0.29315593226169956,0.29315593226169956
english,992,6b225f22a2c838abbf75f1c0198a0906edf40f735083fef11d54b4babd72343815bbcb534eb17c294877c03a85ea0924066b9b832e25f88325243f9315027483,3.984,0.06151873730516993,0.3956298828125,0.9581003278436582,0.02824448905284288,0.011975342087146729,0.011509555828914941,0.011509555828914941
english,993,cba69cadd7529fb0a7581b6b7027d38e44adc19148969d8c48a9d7be17a4cfdd3957aec1f7439fd8b97ee51076f9d9303b75633a9143b2d870cd4da7a8f31808,6.936,0.03589500077474528,0.329742431640625,0.8068918570993892,0.14678354645674205,0.04237508936785013,0.01868491692222334,0.01868491692222334
english,994,c948b5166ffa7f0a17b7d067f7f99418cfe1cf101ee9b845047cdcb43911af6bc2c5f775f5099e60052e8edf9d59a2a0fdd906095c9ea0f02c8af763b2088235,3.024,0.059173204528822174,0.841583251953125,0.20910491021951755,0.7651803911447584,0.024272434513802836,0.47149589143386533,0.47149589143386533
english,995,e23c56421f12c9f6639a0d79e2fd13bfd55cddf74f29bd15f3d0c8f70c74144c3ec6d6e1be85c7fd1e7c3d529f633d9a2eb52f47075a7e497922ccbfdb165bf4,4.536,0.08849987870315966,0.990020751953125,0.5920907218914566,0.36949036357864495,0.03784017992297947,0.12921952741122375,0.12921952741122375
english,996,54530c97e7799cc3f9da18bf6bf60ae8e43a27a8a8218ea52ea920eda7c9aeb929695a51f626122b93e67c418947aca373754ce1d0adc6bc40cb5c59db1d8322,3.816,0.09881930271027546,0.712615966796875,0.895901720790256,0.06365738401158935,0.03981183081148922,0.08167348406217961,0.08167348406217961
english,997,a22721fa679ec702c9306f00becf645a864dbbe305fe6ff39e01e9fb780ccc8ad7913af19c3f1aebd4211cde70ed4cf17e23154c65125df7bdb3adfe3be7a2bc,4.464,0.09953766220636612,0.7674560546875,0.8862717646667466,0.10558275202137492,0.00754905438211061,0.06383966143914636,0.06383966143914636
english,998,1eff4631dc269207618994527c66eb15c32fe75cdd16f377e1d46d17ffc037100b75d92cd77f84caa6ebee2c8542164edcaa42c3ac4a4548208a6ed93eeb1a66,4.176,0.18705769955059232,0.989990234375,0.761699809472647,0.11960096027386394,0.1185682448728797,0.995909510759681,0.995909510759681
english,999,8b56f5bf65dd7a2030f67c37e8bb6fabe108ba61228980c097c9d4c9cf62f4f54f4783a93e8cdb9c0c49c46ee124d69ba3b504199720978bdbb636f383dbc031,3.672,0.03218418209513462,0.2705078125,0.8245313781568647,0.11151402355272905,0.05882986431584529,0.009277768093685199,0.009277768093685199
english,1000,8796693fb19970eda73c742a411fd9fdea613f4d64d9a3b5e6c756fa7dc6648f34705ff8b294fa3543663ed6b1b6ab6f5cc2e37f278ab0b112aaa9c2de33aa20,6.696,0.018061692177424208,0.171234130859375,0.5831688104443032,0.3425911879548603,0.06301646351098199,0.09642495543663546,0.09642495543663546
english,1001,44a775a2292181986e9cc35d5c1b6e3577ef93d5b9dc0c8052a85aa92b08a0fcd73e54d4b6c500fb141d5e2dea4cb9e4108029d64acccc9118a99a7dfed99224,3.576,0.045275046959789816,0.34326171875,0.8942390993595453,0.07666027936059705,0.02634793173453017,0.00737176915941083,0.00737176915941083
english,1002,72fa4494c0ae90905d3e7b046cced92d9dfd9a1dfe7bd6b417b25b624c3ede012ea9f4347190f7df632505485b9b85aee0eab6012f82eedcede303e47450e7d7,2.136,0.07001687687490736,0.645233154296875,0.8991697354698018,0.07040788849909926,0.02923734474258083,0.006857888622934284,0.006857888622934284
english,1003,29b8505586cd43382cd695da6b943f401104be710a5b60e814ac5fe7e06b39459cf8fe1701ca83f8154b3ccd749df7c2aef33ff23950bb1a135b1e1c393dbcf6,4.536,0.13571183110233054,0.989990234375,0.5160631069977601,0.47455297713719435,0.009271186707676253,0.9430700457294036,0.9430700457294036
english,1004,6ac8b1a295e2a4a5b11a602a368771530cd7b900ee5d8b552946eb8d32c21f4694c786c41ca996b12adb8a1d1e15160f84cb0632d9359cf84c6d99a18745692e,2.916,0.01983130030056605,0.163177490234375,0.7096405371720907,0.20896491677693646,0.07098489894966009,0.017407615076420146,0.017407615076420146
english,1005,e0e2a4b0b6d984bb3d0b3bbf39f81d5a2a6e475ab7201ea87ad6a862e4b59a75ac7c4f3d2b1f487bab13d4bcfbd672b5df88ac44768e78eb85eb481e6e2555c0,3.84,0.11512897645149087,0.952728271484375,0.8163549019862495,0.13573754947641417,0.04745103979766869,0.15934202895588936,0.15934202895588936
english,1006,3626fa6b9645ba859cf611370be40d14691f5d0a46511e57ee7d8ff7b00e19aff177a20ddb75e1a05055baea2ce937592490a12437a579fcaeba1d37103887dd,2.544,0.026166498586293975,0.24542236328125,0.8250466204307146,0.13016912903603378,0.03801416354822103,0.0043704971006742425,0.0043704971006742425
english,1007,9951ecb742632b5f8a1f7261773a64ea24d42f0996ee9f146ee52603983754d7154ad60f3fc5efd069a6cb2afd95f899e8843c0b082016fed5ba7394fc096270,3.276,0.1511828791356842,0.990020751953125,0.9520850878146181,0.045787493972507844,0.0019309475363580874,0.3740957138236046,0.3740957138236046
english,1008,ea7d4f67f5be8964a8531f9379b02798ce8d690f5a4223b5821485d66307d8218feec1a8aa5e509cc795faefb2e731e80a18f241360ac43362115069814579a4,4.248,0.12421251510886387,0.7149658203125,0.9522408722238864,0.043692003334327954,0.0036449798425358193,0.2852032024986936,0.2852032024986936
english,1009,b79788da7f5b198b99c1a0aa8c380faa4b3db54541bbbb8d1108965ae3283a6a0eb1994f28e3421a313f48d2f2cf2c3037f3acc5cfa2c64125f807ffea933175,4.608,0.06147260337826976,0.887054443359375,0.7276093033721839,0.20140236947021123,0.06948550921654638,0.008478021448114784,0.008478021448114784
english,1010,939991dfcf12d8250739f3b4e5ed47e0dc4bf8ffb69810f4ab853aa12872a811941be35b7e91af5df8350d75d3c61d1301aba694c41deb3f38f1414703bc0461,3.216,0.07349891503075473,0.63623046875,0.8001830574004606,0.1925747216249603,0.0062088795568047426,0.02802668868154748,0.02802668868154748
english,1011,372293e65cdab88771e028a4351651ab2eff64438ddafc211e089247dcdccca350153465eb5409ce708081d9ad384af45d1dc57bbe030ae1a2c0edd561322fb8,7.704,0.13595321776117555,0.891265869140625,0.9696348900248136,0.01602957373520231,0.013988575177600845,0.4037733113808093,0.4037733113808093
english,1012,5597b775cae1114a1a3c97619b375561277b50a7ae07186db8ccb9ea77390d29cfc9fd118ca12b84ea2aa47019d247ce3ee378265cfa7bbc417e436001d59269,4.416,0.12419222122749363,0.96368408203125,0.9603058262194246,0.03582807104259312,0.003500065730515281,0.07260195077977945,0.07260195077977945
english,1013,e66509a7f96a4caa500499af0cebf9bab387fc359e6845f566053a777a206e4259f905a41084848301755623e90efc5f71e1a53db906c59ce5c3adfb74e56148,7.512,0.10747796496803458,0.990020751953125,0.6432955312134812,0.33983384097798225,0.01639305620412852,0.43230140287722196,0.43230140287722196
english,1014,b5c9bb77e34f76e3130ba662c4ca78975345e97102b27b4b0fa1c4e4780e078d0487746e577e24531eb5370dd51cb466d469a66dfc378b61001c198fcf9c8756,5.616,0.06231684162769839,0.360198974609375,0.8951502455283471,0.07411932929537754,0.0292412580618016,0.044361046623976955,0.044361046623976955
english,1015,3147a120d4f77e4d4a516ef0a7e82c86e9871fd71a2d533af75ab53987ae375720846e673a581cc1d6ac7567396c030dd19e5fc295c1537438cb1aa28e2be0b1,6.048,0.04938119191680428,0.43292236328125,0.9091111842939767,0.06842289675259222,0.020240314870235913,0.008331341303227185,0.008331341303227185
english,1016,9cb4c09780d97b53a59084b22b899c0a3295c1ecab3769ccf83905d17ef055f895159580cfae4b4b2bbdd634a38c4f74974cca519b3653e00e8f7fbe7d166c5a,7.308,0.07684788136202128,0.541656494140625,0.9243561421983567,0.060446369242456034,0.01413742342771113,0.04818747360635048,0.04818747360635048
english,1017,8b3bfefd2870c4de03ef724329813e87a1e929397923cd6ca61ac29408086f225d158494979efad659ad88d8ddc3381d5ac57b4b56300e400efb0b6e27a392c1,3.6,0.056603500637008065,0.531494140625,0.9058605393205426,0.07590935192064158,0.016513207631680016,0.005089668253827916,0.005089668253827916
english,1018,423ab9ec4bfd2aeeb3bc9fda4a472672b0f3763fd5d9fe7ec3cf4587b8509be550f5e52f204ecc731d30ee36114e66fc0cd23d8281248067d017967ee1a15422,6.384,0.0921157397671861,0.76995849609375,0.832254703702687,0.07858379079336321,0.08847530079507362,0.13293441129357483,0.13293441129357483
english,1019,1f8a4142e72f09451b4070b0443674c6e7c2ce291e5fe5bc8f30fc22646e2eb71c11a1520957abca5715c5505f3be8197e80445dd847c1d39105bf5b18467e36,5.856,0.08777477208444302,0.873809814453125,0.41589736232373403,0.23005397438283975,0.3534127207662765,0.9472528053686929,0.9472528053686929
english,1020,8790ab0f2c01674132ddc87f706766da49406800f1170d997f74fd7beeb1cad1769595e1dc9cf1cd836dc4c422e0b4049c5f02baa1582a61afba2ebea04f0d56,2.76,0.006543524610639202,0.03497314453125,0.5159156924244965,0.31829216646578395,0.13963860050244314,0.10688665101373543,0.10688665101373543
english,1021,df7d2a24562e1687e8e79a78f1dcd7e025a6b6b6f326daaf34a51c3f02757506cf4502b1a7f1134cd3d9506be48c8179a1171fcb1dd2c461f601d04da33889cc,5.904,0.08806439718187857,0.989990234375,0.8222827020530334,0.15998509572784436,0.016967453551022797,0.016274583279346225,0.016274583279346225
english,1022,861d368ee4691533936bec58535ca7c02edbce3553587ffdc2d498c88a2956a216026b6fda261e85a283cd8f637514a0b90b260cd2eea3f11b442840205e6eec,4.656,0.05380269788633479,0.376220703125,0.9173076368269489,0.06962922909892072,0.011071513523284,0.011378111012621787,0.011378111012621787
english,1023,aa308a6660bba7cbeccf02b5d203d0bb01e43d9526e64699e7a05d7fa61950840ee499dbd298f88c874ea183fad157665a2091e3b298ae06bf95a8de9b96618e,4.728,0.03299890675118444,0.234100341796875,0.7061926244440926,0.13917641546873116,0.1497507278357851,0.08621590732251473,0.08621590732251473
english,1024,c06bf88c5e26199f3a35ace15411e4f54242d4545f87cff76de84cfccb897e555a01b8d82f2ab85143cf8523e282be5d6457f0447d34d3ffb84deb178985e04b,2.592,0.041507745145226434,0.44720458984375,0.8327179842812142,0.07695812636985458,0.08796562507301524,0.00620802657649277,0.00620802657649277
english,1025,768ac5f209c13ac5aef11a298aad9819c9b6caf494a900f7cd96cb53581b215cb62dafc7772ec512c58145e4ef6e9f2259043f68eb217e1e89f0be7bc46b7a8c,2.976,0.11506646059273215,0.552093505859375,0.923781232826754,0.047560813352351496,0.028324093720376527,0.3764933300951722,0.3764933300951722
english,1026,0a418a5678721353da80d2ca2abb89df1cf6da912135762ff0b046ee50725ade5564d71329e2bac85ce57069b17818d51b24b7db84f0440758860882d5af9c48,3.024,0.05854231088655064,0.496551513671875,0.798511813825257,0.17031182433705924,0.03003886340449384,0.021105270191534766,0.021105270191534766
english,1027,1225019d528d47c1a589b05ca13577c68d50b27cb794f00d65a7a4be094e4f5e9f0bc35233e80e36ddfba17fa9c185dec071949ab8a2dce2a58b5d4d9b49d290,3.6,0.04155317857992726,0.317779541015625,0.987429540159517,0.0065576112977562915,0.0037395033021894114,0.0021482620215913023,0.0021482620215913023
english,1028,d375e73a2aab64bd8428fcccbe19a071f12ac301142386cfa496e1df68fe553bcc279625c5719f2137c219634ccc323582f7defb1e0ba52b4ab0f93f0d3461a3,5.256,0.05872039256503849,0.836029052734375,0.9497290303585019,0.03827878578698619,0.010855581604383885,0.0007838888984623956,0.0007838888984623956
english,1029,66d8693f2ded1b51d2d39ef039958290d0de0e7b6c400a9f42d581fa6014a4d20c49509ef27c5cb420686eee0ea3b09b6fdcb566f838b631bd6056c51469ad8b,2.916,0.09148814911037326,0.779510498046875,0.9235739499201185,0.05583370659090406,0.020132646680459835,0.01658739139920183,0.01658739139920183
english,1030,5b024c9fd4ebb4c6af6a1ceac8d53a0baf927721722ebbc039a50c7aaaaa99a56d79bb670ded86d5e7cbe34eeb2d18f594db0c7c22449af4ba4abb19123d8731,5.064,0.01702087135582461,0.2073974609375,0.8337347309151448,0.1196830472925553,0.034175107173892244,0.003658041330311549,0.003658041330311549
english,1031,0c62e7bc794b538067d7d92ae657444639c585478b82240cfea92b48ceb7c93c8af87060b95cb4cc55ba098baf112d5bddc9573d656db1badc93f99e1bf60dc4,2.328,0.09246985213637707,0.752655029296875,0.837423742725592,0.15018365422503527,0.011951626059996575,0.041467418111898385,0.041467418111898385
english,1032,a67ea11203bf123fcd175858ced893c999654827e1be9016973959723c52339bcc804a4b6c052cf0dd3c0b189fdb22207e8a0bae5e2f02245083c80d76d730a3,5.688,0.06277806291537907,0.474517822265625,0.9099258655660168,0.04990834610240649,0.03915210401849375,0.0214441606497959,0.0214441606497959
english,1033,1f6286a5b24547ed38ae76a92f6137da435710abc44e69f5f18cdca2344830bf440cbceba714edf256853b6442d8aad824020713908529435d15fabdd5be30c3,4.848,0.015595167638031811,0.151397705078125,0.6727529150232949,0.28800579480094635,0.02499402596765559,0.020190592213330933,0.020190592213330933
english,1034,c359cf89568802c1ff684a6e8983800bc0d6873bb8a6f27867f346b2aaa5a6d910077b47d6f5cbd855cf2f99f06715b79237794a9fc488508de1fd25f36ff9f2,5.376,0.10411329422658037,0.89520263671875,0.9471134711152961,0.016889410338959073,0.03561771261661422,0.034645652796752066,0.034645652796752066
english,1035,c4a05f45f97d490bd513adca7ca171fae49f6d1c1f1024312ccd0fe1d179f2e4e7009789f1fce79140503702698634d6f89391bbd150fda6e9365243bb02468b,7.944,0.0685148954456607,0.531341552734375,0.9280072915136066,0.03812900751085528,0.032932198932253236,0.031473649980223,0.031473649980223
english,1036,d1813b3a39bbd5d6f35e04e8e2151930a40e56cefcc57eb71351d6cde06a360b99e6c7791989ff337b308103b8dd7f2f705c01f88506ec4146042276b5a122ce,6.6,0.021270210946053508,0.16961669921875,0.8514980365039113,0.06917085633029725,0.07070895496506847,0.010098008659705683,0.010098008659705683
english,1037,b7a61d12e5df27da729ede26093609d5a904f3f3518089a5ab5e55f991d095245fc0db9cf4565ce408507d37457b06fdeca27b03c1bf4ee1f50b5d65271dfea2,6.384,0.18778379702270648,0.989990234375,0.856260632658805,0.09310669836743599,0.050521099143918786,0.990312349948331,0.990312349948331
english,1038,c1d22f3acecfa6e00ef0bc0fa8c6b05130858d48b4508e96edcb2ad8f1566b8f13b3db464cb0794730415d074196b3448cfe5163092b64067f3015d5cd9a0c75,4.104,0.08816076698114018,0.733062744140625,0.9335386143125454,0.06430049231172623,0.0016909260733940768,0.017109291915002746,0.017109291915002746
english,1039,206710ecc1fcd76f0e083acbd83a04bd9613a02785b70caed19e7764dc00239a37407730310c555c891505342dd257b101e6b9df14e7d4b855b73e42df72dd96,5.688,0.1007280780357342,0.990020751953125,0.265909445165057,0.4470398246295271,0.2868882206010735,0.9868195320010495,0.9868195320010495
english,1040,9a91a00fa1c8844d761e0bbb191f87d023185b5eaa08a6bc2f4030e7f2604c4f84ecc8725e7a47df26158f1414a2b868368eba0dca8545c3afcb74dfb6d20400,4.752,0.10960604681034436,0.98529052734375,0.966433084989285,0.03125362866536255,0.0019846170664224306,0.018631106921223415,0.018631106921223415
english,1041,8ed772bcb6e686110c2775e003598e40e0f6743431af6ecb357724cc7b8e4b4f19dcca57e31a16863bec6d27535b2f4b405a44a794aa25b8bcb4d506b9f37733,3.456,0.06593804912795531,0.706512451171875,0.5838182854427271,0.09477391036926545,0.3205475572281541,0.40947168774419,0.40947168774419
english,1042,4625d817627c80ce7313d36d01e1f671a74f8689d0c644f4508eb1df03240b2140b993098755dcd9275b897796b1810db4db8621e49e23461b126c098bf9e5b9,5.592,0.04633209582910256,0.345123291015625,0.879599752821871,0.0680624994711636,0.05058522109195196,0.016528650809368318,0.016528650809368318
english,1043,c9a53379f05baeec4de2c763c78f16983bfe09957fc61b3807658ef31cc44739a046aee30875dbb554762b47b832f2b53bda37a5d09aedc45fe9c9bb42fa8c99,3.624,0.12593549796209774,0.989990234375,0.8498412622562562,0.07794524579323686,0.0719734924394243,0.2368491506559506,0.2368491506559506
english,1044,2613068726292355af6306df9b9448429d185bd61430a67718d1da33e22d3b695383a562c5a385f7df0cfd18b3cda8fa718e306ac9879707519a3ccaddb00154,5.424,0.10741379662117435,0.55487060546875,0.9874821320937809,0.008741155069051999,0.003416687221635159,0.18525682476898825,0.18525682476898825
english,1045,7875326d70187b3567fdc797cb3343b1a1369828b9812bd20c0a3436dd059cc7633d05e08346b89d73d6bc1035d5454572d561bf245e15265ad5ad11b945bf18,4.92,0.09466936782060136,0.6796875,0.8706737636184654,0.05397067264661245,0.07490845054690055,0.13498878461727395,0.13498878461727395
english,1046,e769288996b62166131fee52a9c7243e7b2cc0c5a4851d0f7255ab95b92b62afea0f1e7a307a1caa5dd523023fca574ff7175065b356ec799bc337fef80ee1f0,7.02,0.09635231350325588,0.768829345703125,0.711675413088884,0.21966519688544084,0.06825228300783301,0.428587157136964,0.428587157136964
english,1047,56379b1b40ca1f908a6a95c1115a2bbb60ecbaf61469d33d94a527ab5ef775f4e4295212a64a969cab83e8962e3e36db8228a717c3b387941b0dd66bb4cf7c60,6.228,0.04700829030620762,0.58258056640625,0.9153582616284119,0.05650634069661878,0.026401377128382114,0.0026790058361379357,0.0026790058361379357
english,1048,47eab07d923d67d86227a7cef43ba747a0bb73c42ddf79a028f02e524bcb7ec8958a0f8f0c9365130c8ace2dfb83390d035ce5950b19f38463079bf11f5509eb,3.0,0.05241660449704978,0.63433837890625,0.9443645027147942,0.05047218080749714,0.0036556466198220646,0.0010158303468932,0.0010158303468932
english,1049,9430e5e18fd4eaabcbe041177c7860fa75aec9407d276e1da3afeffdf5c6579394cccf13e03156186482479b3d166b82acb9e3b64aea47ef0b83c06e64628d2f,3.24,0.04735023269501673,0.44354248046875,0.9166752880026945,0.0669941718311838,0.014515058178450621,0.003251512217639878,0.003251512217639878
english,1050,d1c5f949b950acff73774df763348084cac3b5e4d3593069e091c5962357ac3ee43613ca3ae0bd45d12357dc37c535b5f1016945d71f74f1f3dfa8f8e0995338,2.688,0.020132722122986224,0.28326416015625,0.5105487307432793,0.4568399403564577,0.02371338022594987,0.04200275774717809,0.04200275774717809
english,1051,c7fa9b2502b716b516b076ca89ff79e29d183ac0c006ce10ce33b61b0cd08542049535c83a89ff71168375d4a3bbbca2bcc25ecf5cc5f0653563862b73121cd2,4.944,0.10591790892351051,0.828216552734375,0.8262849444782241,0.1507762975841593,0.022590957216341148,0.153138579199909,0.153138579199909
english,1052,e9fe2574cd5a40cc2e044e84ced3a065a0b623b437d77ea66c436d94cfa8b83fc46982c12af18a5e85c31fda3af6a182386bf9f8708e642b1607221fbae84a43,3.852,0.059433324121998886,0.809173583984375,0.7698360640436447,0.19776625446416593,0.03130101851819443,0.005085824297004883,0.005085824297004883
english,1053,e543cc12c580c37bb3b8b3f7904755db09992fc3d80a6166c231ad1dd6ac939bd8dc0a9e857b6d160cd42ebc5f8e9c9cd086e289027f1efa0ed914e44537b513,4.824,0.017806125976107236,0.158660888671875,0.9025277815690521,0.04355861852994346,0.04218905414770037,0.0027034955294132842,0.0027034955294132842
english,1054,0c65f439b152536bf785a2c15fedbc0e6b4966363f5ae1d8bab8c842d3bdd10de3c7c062a30628323f9cc753e880e7b19ad9fc264dfaa71956a20817f97ea808,4.104,0.06644528153176589,0.990020751953125,0.7083343673362299,0.108114648662769,0.18287534897049704,0.015667476341404803,0.015667476341404803
english,1055,54dc820077b05bf576973afed1f32e6af12c378296b118c651a9e42efdbddac8ddeb0604771e9034aea18ea46f907d253ef8ca45e6d51eb6d3e4e1c56dd4bf4b,7.584,0.08357198653801148,0.875152587890625,0.8733864141249619,0.05741456185250043,0.06863981371329773,0.02704915632520112,0.02704915632520112
english,1056,ec89bf72638f6265060c86f7407b002bb309d6f741e3a5fd806c873e17b7fe6fc8709aa83aa29f2fd8fb85c32e4362da17de510e68100b9ab69112a7a4b98a8b,3.624,0.029572179692599045,0.399993896484375,0.7562833998686777,0.22125892869478714,0.018171609581014565,0.004905666484390762,0.004905666484390762
english,1057,ce09e8b6f08592b2c66c5ebd837e6283b9c6b1aa360af734e785aad86ed4e173b720ca9c5fa38dac48b4c3c83529e45b9d757208f2abd8c10e354ceb7985905e,4.536,0.06572340091812062,0.687713623046875,0.965577135318673,0.029348579632309416,0.004160924849833154,0.0026084581690342884,0.0026084581690342884
english,1058,b91749a4dc04cd412c5f85dfd0d53e4588a23ca6033fee0a3b81099a9fe6f6aeaf0ef42e2a10fa6ec926526e26cb7bd813e3704a4a9d8f534228930b3dfa171d,5.016,0.129176443027956,0.824859619140625,0.9684049493635623,0.023646265232900886,0.007692720180180208,0.23960255999858648,0.23960255999858648
english,1059,be23dc498fd25333eef1f452d0f12ffa622fd31bd261828ed35c1820aaf944065649dc5371b28e19d056478206e076dae38a576c6d78ff7247c158e6c7905b90,7.092,0.09650379879383493,0.692047119140625,0.7486294854417562,0.07996324652710114,0.17097425933704694,0.6308493436345023,0.6308493436345023
english,1060,d00446e08c607630db0b554cb2c45a91bb46f87042798b0b18a106c5d68b3779c2e2cb46c1b73393743f0c93e08cd978fddac08e3b6ea40ceda2b1ff6e858bc4,4.896,0.0449921957606097,0.346710205078125,0.9435507509606036,0.03656449285068788,0.017921360779269296,0.0053969162236060745,0.0053969162236060745
english,1061,82f6efc51109b0bf49ddffc1c25f741e829f97693190472af40ef149afc34810117bcf347aa5dc553239a149ca670eb50780f5aa54c5744c7406ea577fb9de23,3.84,0.1044858122461109,0.990020751953125,0.7978674549413537,0.17456484269724173,0.027318217665047096,0.05843362773884179,0.05843362773884179
english,1062,ea08915a37c26ed98cc464706540a92a075302cd829dbce57d0b90a260595961853e855b1834e71b361c3ed93ce6028fec3939b543cd2fb209f59991f05e086f,4.392,0.08895047097966015,0.6341552734375,0.9534923765392388,0.03687953962221638,0.009145995808475117,0.030971313924856376,0.030971313924856376
english,1063,409cd65d420a277b83b2021d2f9ed4086713d62a714661a851f13367f9ce3171b940f57dd4216f6c7e6f877ca02bb8d104475499592153735f1c91bd88960a56,4.056,0.09909520974835365,0.871734619140625,0.927007944632627,0.062229245035272905,0.010351006713330673,0.020617559060561712,0.020617559060561712
english,1064,a2576ccf04ad8c0dbe2b29f3843c1ed984d8bd91480766f4bf99c933d99ae8d2b32afc34c7e185b06c2b16deae4fbabb8030906be2455973e2d85d92b0afbc6e,5.58,0.04636517228417889,0.502166748046875,0.8531012243830712,0.1321856484328934,0.012901736428876534,0.006260328575342309,0.006260328575342309
english,1065,96c0da2dcd7d4e389b5dc6b335b69d9730b895eab6a02da975919f9674c4018f395a9f07b65628c2a6f46465077b4745aa8b08bf60d7650e88fdeca6a24b8e53,6.24,0.05621211295740965,0.659088134765625,0.878600767320421,0.07148708131264334,0.04860218692990102,0.006184933337500328,0.006184933337500328
english,1066,77600d1ea840721bc62cd5a1444822538c380c4255c3bb966d35e4c71344e0691303c4add4223e9fe842b24d65e08ae2e99c956f4acb898bff34adad75171112,4.176,0.07316057925167997,0.909515380859375,0.8217899295207503,0.1556712456092656,0.021795015816170413,0.005362774304328926,0.005362774304328926
english,1067,d9685b3072e3c4a70a6b40148754add887a267c29f421ccd5bb35938588bef7e04510e6a6eb27c23568bf7ad0b4cbfb6d6271ac4b3d16eefc6f62c36c26ad2c3,3.912,0.042798053269941,0.402496337890625,0.5442168585859011,0.34995501598853335,0.10371568709728349,0.19657122586494352,0.19657122586494352
english,1068,62fe38605370af736776af0cf066ab4ecda0c9e8728cfed5af765d5a867d833be5aad777dab6264b2334aaaae106e2e7d9644caff94d066e0611d7175218305f,4.176,0.11760942457011157,0.862060546875,0.8518273924495751,0.12098636705910161,0.026888302573907955,0.21610254266142845,0.21610254266142845
english,1069,412883aa7bf829540d83b5d1560e65e87d0a5b2091d506c316c38848b3aa7a2ef88a6b53639ca928cdf5bbf6b81fae618515470f0f0b3ab495aaf65c06e983ce,2.952,0.02474437311824507,0.136322021484375,0.9345131455477667,0.048058184924860387,0.010869720169746877,0.0023580441938696,0.0023580441938696
english,1070,be1640b4c794094904729c08e5835176512d09ae1829124f574dbc1a5be79df263fd758710ab673c3ab7d9a9e42eba83f3e8900c501d57500475815b8d072cb2,6.408,0.06642540275889486,0.622711181640625,0.9731054336439834,0.020082242628292172,0.005917813558890685,0.005810090319653563,0.005810090319653563
english,1071,1c6b510e4b94655025d950b34448a9da9e8904360decd22c4d5dd1286f79228c712367e82499042498fdf2bb4c71032981fd78deefaa5d82fe5f9b372432aa2b,2.424,0.12282835334969781,0.81298828125,0.9462408454202377,0.04293487751716726,0.010580947970780082,0.12573620290584878,0.12573620290584878
english,1072,f6fbe981d1f5d3994dd03ab50a5819c5417b2fd0b9a75378f6299800220b5e7fcc246597179982820f756c6c64f3afe5ca17b521e5ae68786cb2127111eab5fe,6.48,0.025619175698692237,0.158294677734375,0.9037729510044558,0.07052607126551873,0.019958943866050606,0.00671261793544312,0.00671261793544312
english,1073,6ac8b1a295e2a4a5b11a602a368771530cd7b900ee5d8b552946eb8d32c21f4694c786c41ca996b12adb8a1d1e15160f84cb0632d9359cf84c6d99a18745692e,5.256,0.061620952055674645,0.5609130859375,0.8841177983702857,0.09968598622994533,0.01512365942410202,0.011404357792978322,0.011404357792978322
english,1074,b21dc0eecff2a84748f469c5fe062c9c81a94e85aecd943288f52eb736af8a1b096d68c20890fe7091ba7360ac8a876c07cf66be0eb1931be75ebfca44a06e41,2.4,0.051715380702035185,0.558258056640625,0.6169816913944496,0.2507717216431059,0.13078289592391967,0.07731835784671497,0.07731835784671497
english,1075,36922c402abcb8a960e15a726c1eb0bc363d122ae506ce244e70ed2856d94436d80da7151a14c5bdf25b8b780e67ebe3d286677fde1a458b1348677b58ada1ec,3.348,0.03837846387489591,0.317047119140625,0.9375269676815531,0.04335799270976296,0.01623583051771344,0.002760966513632066,0.002760966513632066
english,1076,7ec39bb3cb8524d5c37c47ad31a657957eaa6d92cfffa5946f73dd3d7a9009b5ea24cdec98407e393434731f6115432bf7e1ce474a844a233d9c08accd6b90f7,3.276,0.06787733579635523,0.48260498046875,0.9272061959267768,0.04553375331054107,0.026389407339476385,0.014955929208470617,0.014955929208470617
english,1077,8a8aef48c6f43e29d9bcc8ac22562e5edf3fe0cda3318aff8042b5a5dc22931c1625661b4148688336afb2de6b86a41a86f90a43a752bff04b4560fb68612ed9,4.752,0.030263124407784853,0.34942626953125,0.8783434060795118,0.07125034077725888,0.04618077442798347,0.0032349370177236097,0.0032349370177236097
english,1078,c42a23f67177dda1636890108c1e4bdb0a076c2e6a863ba282eff5f7753b76902fb745b9e6b9ce2ffd2f7fe5c150228e15ba0bf7a36c23a5000470a494878d53,2.76,0.030678027988890418,0.21240234375,0.9677655002057957,0.02030898266937115,0.007957598231254658,0.0016804392898784038,0.0016804392898784038
english,1079,6a8c1a14620661b745d0a2322f7003029fee9f696c0188791fae303cf14cccba44b8b7088d8b1ddd41c1ed07572d98d242f6a37a2283e7419f41632fa6e11a4c,5.016,0.08204792238603421,0.754425048828125,0.8897656376805116,0.10625590728068669,0.003378387865169332,0.016583621366460313,0.016583621366460313
english,1080,f7ed6dee3c380c5cd70e1098d3991ba201ddd9a1eba1c9936c35f81c3e9e2545bd357fd225d5d300e3436e7c1c5abb105d43c8ae4856548d4ce79c3df6526513,6.084,0.062334781622060076,0.68701171875,0.7277239337553243,0.2686756755630913,0.0026304946988430053,0.028101465570634046,0.028101465570634046
english,1081,067fc5b331cf8a653de2299f580542723f467cbac5aea1b5d1852c913b7e5a6d0b7cfc01536a90198b9a00256229fe85f4189cdfc6c8b120f29822dfb8487ec9,4.416,0.03400425186706791,0.321014404296875,0.8065569014345119,0.17760955670646558,0.012563457313368474,0.00824812264521389,0.00824812264521389
english,1082,e2b25b63d51bc81dc2c9a756699f1535212beb8c61b684eae202243d5dbfd4efb2a7fabe022f1d7458169ad56cebd5da6c5cd935d2fd29ed9dfb192934e4f223,3.936,0.04286923580038429,0.373870849609375,0.9552241163867109,0.03866149605107113,0.003996053470987249,0.002506261860071225,0.002506261860071225
english,1083,895da14fea81e76eb374466679400191566e2f67aeeec17c6413a16d4f42c995b07edb79e0c2cef82681875061b31f580d9c79578451c80e08fd02c18498a557,3.408,0.018538791138388445,0.181732177734375,0.7118718208449005,0.24320074451486542,0.0350140096487173,0.011919396099274067,0.011919396099274067
english,1084,7a26aeb9f5b262da90fc33f9f480092abf865160c3c66b6e812af463fd4c5712c83648329feebab91f3466287c6ce9b3c81739311de579303045cb92a8d6f6ce,3.672,0.03041653648846581,0.16973876953125,0.9589055024076867,0.027430121015726863,0.009335869188419877,0.0028665026862589346,0.0028665026862589346
english,1085,cbe5ebf5c32d8ebeb1894e7dc8e6e0448c6cd3370d2e2b0cb60db2d1a375cc897a20b1106c01a53442f327efe35f6e9b91832a87e72d3a0e519d0a3644349659,3.432,0.01863927131533633,0.119415283203125,0.9418630335933187,0.029754540170554098,0.017713331822436965,0.0016117945756817312,0.0016117945756817312
english,1086,a0eef2ebc57b40edf9a0fa5ce6fc4dc6631d41cc0ac1ff74811ff1e3d0186484eddcafd78f4173d556ec6a272964e568ee34e43020ee27254eeda3b6c999363a,5.568,0.09570398678915375,0.989990234375,0.7590423025860872,0.09701777101044276,0.1437576619013614,0.11609664682924833,0.11609664682924833
english,1087,e790d1a6d652b49b74172d96fca249c1d46c38806613534de93e324492059b41bb491639158ff5b5efe117d167447b1dca743bff0b32dcfe07b12a43fb13a86e,4.536,0.12232020630790225,0.58526611328125,0.9288656348593081,0.030463752863536343,0.040404446345852024,0.5689043956062938,0.5689043956062938
english,1088,38c8a0fff0da67ea3ea8dd2ca2a1fc952ae06b2152799a8d8205ad1d5e745c3d2179685fca781a90fd2f012cfe03a0b839776aa6bcd36f82e3d424bdbcad1404,5.856,0.003583406445387167,0.021026611328125,0.5931060440291324,0.18622672221140743,0.13490053692630408,0.05620081917096525,0.05620081917096525
english,1089,75d2af86173a1ecb9a2e4de5e780b4b0c2751b0730c9d8ead8c658ae6224cc6ee41be6560a1cdae3cd24053a0ba4421901b37bff29aa6011e61a0fb8653394aa,2.52,0.03475947053462032,0.24847412109375,0.8737151897292,0.10065033967988385,0.02234858854626124,0.005126502990517121,0.005126502990517121
english,1090,7901622282b4a34e1b1367e79c8435281595ba66942f5bcd6a63be9d03f1853b9a78cfe7751b28d704b0b71ef0622d4f2286b307c4c4232841726caa7d102f03,6.876,0.04133611354871987,0.62408447265625,0.8154096008360885,0.17292390290060738,0.009313066425166609,0.003468130817983321,0.003468130817983321
english,1091,ab43bbde8dd98948b7e6b8393d966519e92744fd96172349c9d20cd1247a67a9e41415818b1ab8f0c456d23244cf15a1188a078707b96a3a8476783890c4a42f,4.5,0.0744571395544246,0.533905029296875,0.9775783034213077,0.01779813391551304,0.003953050144843355,0.012988098265381299,0.012988098265381299
english,1092,4b800f7801f842a590f68465cc0e45395f77dfffec9e61402096e35e8e005b21181e56e3e4fa1cda8991ead4decf378db9e055380057302c786917d219095730,2.832,0.09886433977233944,0.85894775390625,0.7794825065272952,0.21435893328625585,0.005767975002777817,0.06849647967185854,0.06849647967185854
english,1093,939991dfcf12d8250739f3b4e5ed47e0dc4bf8ffb69810f4ab853aa12872a811941be35b7e91af5df8350d75d3c61d1301aba694c41deb3f38f1414703bc0461,2.736,0.05697779847763512,0.4810791015625,0.8009384157407867,0.1930810944399828,0.004726510808897565,0.01585809416507336,0.01585809416507336
english,1094,f138d75a743543591fb23c61bbb2cfc4a204866aa791fdddc2a868be75a3f5851013ee0e9036241396a08fce890ff0911b3218224b0b11dc917eb7b4fa2e8cec,5.832,0.10826520319261786,0.8509521484375,0.8931494624199804,0.10474989502424205,0.0017622782119792496,0.09371916156476597,0.09371916156476597
english,1095,76dc1a1d95e971afd52e3af7321b340b2969459991d80578762c1c5dd4fe1fae1a9baa10126bff15baf19c9688fa900e4f231e83d757bfa1d3a1befa641097a2,2.784,0.007973460554264705,0.057830810546875,0.8020165822641773,0.08966261403814275,0.06201645197952156,0.0035414029139406275,0.0035414029139406275
english,1096,af9c15b78f47fc932ee4a2fab15488dd4295f87b2a3359c855aad4f383b20bced882b0bb7ffa51fe7a08897bcd7370705108bb2cd7dd3919806d7d39f2209c7f,7.524,0.09755149513357837,0.79833984375,0.8071940355290186,0.16077056868780557,0.0316126969094098,0.18815514703455208,0.18815514703455208
english,1097,341ce7bb8bca97ea26dbb3fe4bb111a51e5b2173cf305527dbc4155064cf046baab8c77c7fd1dc924893b6282332542e289382f4fc1ba0094799ec30c4d2401c,3.936,0.21296148570921794,0.990020751953125,0.989912073918871,0.009877610728392019,0.00013305662671518086,0.9905346177100278,0.9905346177100278
english,1098,660e172686ec94a57ff9b53c037ec555f986f7e150c5e89f23582e37f74d338362395d99558d0fb61ec59cd978d06bde5b557b58a55f0967f5dbbb72b76a32f0,4.704,0.08789219638385268,0.665252685546875,0.7436689603847515,0.25183257157785327,0.004010756795275344,0.16775689353529885,0.16775689353529885
english,1099,aec0db8667fd63471da924559b9c2024ef9b7362db5d7936a1ca97a6d9534becf2d0aabc2a8750e67ddc44c02e9865565be7c5bdf4c944d9a12353a0c4a1bee2,4.32,0.1400957470870453,0.9566650390625,0.9469868304358163,0.034899278546632766,0.017900416421779936,0.2891809405939574,0.2891809405939574
english,1100,bb11b3d2b69d5c672eb4924af6bf46447a193f29e08ae1bc0a834a271aaea698c9ab4583bb2cfef9d18d10a4ac043db1624968a1eb5fe33ded79f7e4e737f31a,5.808,0.05053546964693672,0.677337646484375,0.5840099339991313,0.24852226519407372,0.1659924737372145,0.11284633284471449,0.11284633284471449
english,1101,3d500be5f0ac82734ed233877afd75e82a0bbc6ff6317dda86bf1200c1a21c26f1d0923dd27d8a1d0b5a015ab3df12e5e7091a959b21c2da852854f0365fbe5e,7.92,0.1319118094619034,0.989990234375,0.8188243518743086,0.17986524052153569,0.0011327114072990751,0.5249278659505272,0.5249278659505272
english,1102,7b6e114446e117251c6361f5225d2c39b7b3a9133f7c701c2d35e97b54b083bea5e17726182235c2f06cbd9ed216ca1dd19927344cc5040b652d8008f547002f,4.224,0.01998973880464186,0.21905517578125,0.6072817161454199,0.35686161848630826,0.02696113763381586,0.033699661641656255,0.033699661641656255
english,1103,e5c49349b46a5471e68d499248fcad692fe3b21ade0f6d322a5a0885bb9b4ad0a25c014960ef85b8e6c726966a89640f9044f515feb665f24dd6f415d701f98e,3.264,0.03509285037209987,0.360931396484375,0.6979745380646561,0.2613219292274606,0.037590037931476715,0.019139372805422404,0.019139372805422404
english,1104,6c8b180c44ef69690f4d5cbb33aa02a9791c51955b32dc3d3787193811797243c4285f05064b6be80d6a36582067e2b8102c8d878e5eed3e09781e6fee00e365,5.256,0.033076733387765386,0.214874267578125,0.8705487473963314,0.056356108650296076,0.06938835968444139,0.013538611519821742,0.013538611519821742
english,1105,a159ff4505d86b648912becb5d1f40824cf313b25dba3ca1ed18c7293a524c3fe980b3d0ee7074e072ce61a2cefd4ca60668b302b4a58e9eeb8ee636c1cb2474,5.04,0.027564183636121363,0.180999755859375,0.8605935682728393,0.06312042382109072,0.07095938915328717,0.01096433781271174,0.01096433781271174
english,1106,c3be192f4fdace9a5295eca439519ec10e07da1e20276f4eb050cb026ce3cc73a08af1dd48a6355e0e963c7af7944cb7236333ae249d7818703e967338efd261,6.576,0.0020351734544070592,0.00958251953125,0.5028101324169778,0.23094939108445442,0.16194629768041438,0.14596343410328952,0.14596343410328952
english,1107,103356e655ed8f2c38b6c900d1cc53dc4bd8c3091483447ca8bfa92820ec94db1deb6d054bf28795160a65f99a5a0a5ce9b3b27a2607c3cd9b4e7c507afa1491,2.064,0.11166671358590859,0.93084716796875,0.9544021279355662,0.04308437555458576,0.0021754934105673615,0.020230008257506125,0.020230008257506125
english,1108,fc0b5f0d37046cbb75a9d2b626ec260b901afc97a5b9b37f5ec2a73a9aa52c6c705057d1fc684bd383448d75f2cfd33eee31571e13ae709072d88c15d8874dba,4.392,0.034421759535015715,0.355560302734375,0.8356681955832017,0.1428284592818858,0.01793136065599119,0.0052964837329150345,0.0052964837329150345
english,1109,6ca23850b3c20061878f758a4151972f3b13b39c4173046f32fa91d7c7df57fa18d4e1753a6be749c5b442121c052f383da66b1565e99a408fde33b2002150da,4.272,0.14998410556331282,0.990020751953125,0.8433209091606079,0.14345431855486174,0.013071336560588223,0.6795748779408638,0.6795748779408638
english,1110,5ac4781c8fb69232a4e733817ac5d8551a8da93aac0d11eacf1ac4b310bb4d8e2d61bac63f587312afa160b9540a19b34daef235138b9a4bc3510dd93274babb,3.672,0.04286825211739655,0.448760986328125,0.9356105328104005,0.057921100069496294,0.0042092935263697215,0.0017947869643394519,0.0017947869643394519
english,1111,73c7d9eb4a971d51be45dfca0ea4f0ba29c62b633f27c8cfd72d2cad59b9f4fe387f33f54d8ee43c196460eb2e21a2a9ed9b8b10f384bd26ea7eb48fc8070c00,5.064,0.017021339010935194,0.172271728515625,0.5909477083235319,0.29014025201860716,0.10719600222788223,0.07814958157267932,0.07814958157267932
english,1112,63c051282dd116a7ba9f9b728e3b4e901c318ceacccc02033db52455e43ed204f6b9f1c62d7b2e01effb2c31d5c98e62ea1183ba1a8e02fb4220a0c2ee622e9f,6.84,0.060353604001551486,0.5628662109375,0.7331921560558379,0.24444218051708952,0.02128972491338486,0.06286820851177542,0.06286820851177542
english,1113,ff152b650c667b41c3f64f73e5e2cd4296f7aa2db1eb2d7eb66a96767985fd9f5b293abdfb65ccf4e9d80ad967fbc0a2b96afdab057ad6f269eb5a10f508feec,3.456,0.06949659546357904,0.97216796875,0.8142277006944636,0.17395145226359734,0.011087302305805723,0.0022640710027666652,0.0022640710027666652
english,1114,275cebeb6198f486d2965dcbf0971b9bda164c9369b803f8d1c139f367bc67505bb34b0004bdbed8184ca83903f43ab7ac393bf11b303dd0eae3dba9f1194fe4,2.112,0.021018224160629772,0.147796630859375,0.9358625903759894,0.030438866228711076,0.02507116050288652,0.0014189988879238589,0.0014189988879238589
english,1115,57d9be2eeda5fbaad0290c45f4e95813da95e09633d5fd84df35a758151788abec644a351cdf610c7b792561d1db0ac6f122dbc94404646941967bd6f0befd44,5.544,0.07304669810874972,0.69866943359375,0.8054351216435618,0.10389979647307353,0.08993782407600344,0.047762637262238235,0.047762637262238235
english,1116,57d9be2eeda5fbaad0290c45f4e95813da95e09633d5fd84df35a758151788abec644a351cdf610c7b792561d1db0ac6f122dbc94404646941967bd6f0befd44,5.4,0.08697513070528937,0.85003662109375,0.608318560912626,0.22492918339551907,0.1662390132551943,0.4289661138689018,0.4289661138689018
english,1117,a0e06ab030e6deadab4bb0e3f155660b8ff899fc80119568844a10b84155ce0e0a1a76bfe282be0609190bc61a595a7c6da49fc12d02a30c31ea35515a92ccfa,2.832,0.0783401439760382,0.67919921875,0.8717691262498634,0.10372664268410685,0.023869288145393387,0.01673920958251886,0.01673920958251886
english,1118,415181dd3f1c55f1a85159db41044b2670e5ac4617530d205779bb6e08330e8392382e184acd8f80747cc793c83bfccd696f12756d1bf729d7cc66e009cc819b,5.664,0.08705756798764996,0.6873779296875,0.8669359569433612,0.10884912492996768,0.02367837374451631,0.06189284515545919,0.06189284515545919
english,1119,091b9c61a534e512d2a79ff45e6c5a0bd69aaf29f94e3a291020b76f915a91a19a360baf9f0adef09ff5526250fe490bf874b00b4d1c0176582ef78469d5e422,2.784,0.11659796268774046,0.946380615234375,0.9051884320838371,0.049194062374042724,0.045333172737807334,0.0679979486627408,0.0679979486627408
english,1120,6142c35ec4ad127f8934c670334b482109bccba265756fd2a400b11a039b163256c8cf4aeaa492598a670f3af3662515bd68a1f1a972a8d2a0fe419aabb3088b,3.996,0.09597194273747146,0.989990234375,0.9185984708434446,0.06982377704725116,0.011189843435787864,0.008090569863218582,0.008090569863218582
english,1121,757beaeb3dcab1faa1135fbbebc9a4315e7a569f749fbe21a8816905a981bec0b5aa2fe402d60d902cbc2fcaadbd204e02d7a72d388b389e9d7ff3b170f879e1,3.42,0.06055336498037445,0.414581298828125,0.9667974317134338,0.02352192798556284,0.008560861878699002,0.007520538389339787,0.007520538389339787
english,1122,6e0fd0acd3f05f5e1b021c8fd307adaeeb266234ff32bf5243ab1dc632244c52336373d76fa3ae1b30802e631c19e126bcff784690f929011d6c9141cead23e1,5.016,0.09214312043003584,0.840301513671875,0.9721683082984119,0.026516004678926425,0.0008463103599203144,0.010109970453127294,0.010109970453127294
english,1123,a33782132330fc941b615d0f8adb052f76e3fbf97db0cd6315c66aeef5035e5606e448d813c6d5f99f89ab8c6aa0bd9ae28e5b1df2ceaa77af9f7226ff95e3ac,6.696,0.04271114937188676,0.52984619140625,0.6254125914387886,0.3210568332238375,0.05138572368964,0.057414124975738626,0.057414124975738626
english,1124,04a248bc0cc9b8d91ed448e89914226cdc02d79ad7d6e16b1f465a314c309237bd129173d14caf301a038141a7e3e1be76c61c098ad7ed2d91a3cdaf3dd4b7a7,3.504,0.04346701189724412,0.454498291015625,0.9034466201073056,0.07419907476994204,0.020254682485630292,0.0027006422679016653,0.0027006422679016653
hindi,0,2f0f109ed0afdb1a06c0ad751e352d0e0dc41767609a511c4b9111a62769bc467468b5f4d3cf2c618cc479ca33b2a7b3412b01d883cfcb15d8cb23222912fd16,4.5,0.0562648389632628,0.296069860458374,0.37319031942745007,0.3334266177556667,0.2893916992143228,0.9706032760350285,0.029396723964971505
hindi,1,17e10c81b592f9aa499bd3ea283821d28dee580e2bfbf51ca891c71024bf0736cc26c5ef9790ef591ff7cf3136930b935c33bc7fb1c65c080ff270baf27c8fe5,4.464,0.12029990808043109,0.990020751953125,0.8331096739709701,0.08061126703963563,0.08619572791922207,0.22692807335544254,0.7730719266445575
hindi,2,bd008914e8d61f280ef49d1b81b9ba5feafa0195842fb73953d414962085d13881380f143efa9cc3014fb5083f2ca49ec0ac216b23e48f676493303b320d17d3,6.624,0.08498936711298512,0.6232538223266602,0.535423894993024,0.2396277574368052,0.22203540601115831,0.910573961447261,0.089426038552739
hindi,3,76ae0779e8b42a6cebddc96f1c8be8cd17dc128ea3dc6c77c1afef491eb3334aec08ac644ce6b553783bec6530bcd7a8d7869d249d8fc4cbf394c176c2a03fe0,3.204,0.03632995848752952,0.20209240913391113,0.2688306927559997,0.38870838536788915,0.3377954023213401,0.9687494364280114,0.03125056357198863
hindi,4,ef72dad515c406393c07ffac9b57e6cd1e83073c82a001d49ea19a30fd9976d0d50d4c5cffcfdbec8ea222c152695775d85c227194f2e56516531e1c8e76ff70,4.392,0.11202071085479662,0.861562967300415,0.4650892116161041,0.35320722133758786,0.17987231342046991,0.9585267161201494,0.04147328387985061
hindi,5,f1b62e5d3473776b945ef79fbad0a46a621fb136b143d7aeb75a7cb854ebe0807524eee04fe8d83b3311152dad97e341e18ed5b8981b3cf322fec4e0700894bb,4.704,0.11560776240609127,0.981292724609375,0.7915768472680763,0.042259185467018234,0.16605422299222236,0.3568150363749592,0.6431849636250409
hindi,6,c8eabd52eef7e16e14998264ec78831ec7b891135ad93c446e459d4643b02c721b412f4fc828522a478fdbd2d5f4ca9838991a89368c78cb7f0617b3837a00ca,3.78,0.0570722276319422,0.3126177191734314,0.3587181299975317,0.34969469342179593,0.2878197182304605,0.9691533930200329,0.030846606979967106
hindi,7,64fcf403ddfb930184eae9b9ad9fbb9a712ebab06fdb5e7dbe7621dcd2cd5101f593c37e8e254ff38294b6dcc8bec4808c197c2d7599c0c4126045b1ac9b51d0,3.144,0.05954308890620712,0.29208070039749146,0.3951584652806724,0.3114120768216156,0.28970473511559786,0.9647339914051423,0.035266008594857734
hindi,8,f552d4cedc22293c27ab4a86fc3985ecf1bd8fe9e6664f6a835675acf4173fa94bfa392ddccd06a177ae2bf6e412212f42973dec10c26a7cfa02c48ddd7c7978,4.176,0.1076110046932937,0.8856586217880249,0.5958962367244377,0.23280257275209335,0.16922745307773698,0.7638847855102111,0.2361152144897889
hindi,9,4fcdd17805b736cac2dc920985d2187185e759b54d9cfe7d2654dd8f4aff10e630e579edcb5cb4d04f215bebe6d096d9e932203345ad7272e889beca6a5c20e7,4.716,0.06890575332015898,0.6078752279281616,0.36408245771926784,0.4058784554934432,0.2269260729525394,0.9132407377376581,0.08675926226234187
hindi,10,c3b879809a9ebf0d819103be644fbf3fee1c8cafd1e2c2f905c8d6d5c2497bcd47b0cb932bb4106b5729479e89ca660253ad1158181c72462d1ce0499047db90,6.66,0.13163212760046322,0.9771559238433838,0.7023652790633027,0.15021017415492,0.14555132243991342,0.8807496388619371,0.11925036113806287
hindi,11,79741f3153a904c0ddeb1d81d69b137d61adb2a3f1c8ea30fd32a88a4f7028bbb73f1515f3cac14ad147b8c1845846d96d9333173f71677d207b7ff1357a37c5,3.624,0.05204595898534824,0.26203733682632446,0.34070851222929094,0.33791821722429505,0.31728331368879686,0.9751062081532165,0.02489379184678353
hindi,12,ea8f8541a19f474c4246d33005ad2c365f8b82b7a9b214bc39bd7b0ea6469e6d17fc574bce867f5fa60612c98df61735b7e95bf0d9c731a290e4c4bd515098bb,4.068,0.08858627201909172,0.5856865048408508,0.5244870394091443,0.2751086256298194,0.19789892049465826,0.9081339120121948,0.09186608798780516
hindi,13,38a6ab913e27c72c3f28f3d2da65caa00933288bfaaa24633ad7168676bf34a4bdf59bba015f1be078031901c2a05ed997cd106fc7bb6ffe0cead3f59ca77415,7.704,0.02105803211071303,0.10459029674530029,0.19497300895716083,0.39333857232154307,0.40662254153997235,0.9922327962932208,0.007767203706779191
hindi,14,63293ff4cc67280b10da2df2fd2763db65ca8493af191e121605b45457373b9d2f7d073324125f2ec4d3d5aa138903f3532048b49083306757421a463dcad13b,6.768,0.10819157634710959,0.7819330096244812,0.45947321048737777,0.38341800167213885,0.15517958809945312,0.9759293761413393,0.024070623858660656
hindi,15,4cef3c57c7794a486d20711b806222df778778312c01a26669a9c4fd75b74a3792424787393673b302401d3d994431c97c30b2d1b8bd6caa0fd563460fed5093,5.04,0.15190480531435585,0.9379231929779053,0.726722428295271,0.1322887840538492,0.13958235139316058,0.967889579037376,0.03211042096262395
hindi,16,0da032e5bf4a63a5c9c3635155d8b45eb4ede0261ddae34b641e4aafb72b2d0e9c8e8605132280cb39465883c7c2dd82e747a12e1e9b1827d272574483945e5a,6.768,0.05302789834021826,0.3330267667770386,0.3197006814796624,0.380495147160101,0.29583930039559453,0.9825816152794326,0.017418384720567448
hindi,17,53c5dd7ebb08179dca2b5f3992b991b3d28288202e01a950d1e70510db84b5cdf9cb5e72803a4212e7428e60b2ddda26a81dbdc01410725d0d6de265d86cb530,5.508,0.07106211684344428,0.4446845054626465,0.4428811547693625,0.2954847991448387,0.2582097962628053,0.9593731622318045,0.040626837768195534
hindi,18,38a6ab913e27c72c3f28f3d2da65caa00933288bfaaa24633ad7168676bf34a4bdf59bba015f1be078031901c2a05ed997cd106fc7bb6ffe0cead3f59ca77415,4.824,0.03569394232351258,0.1911333203315735,0.24161651824940264,0.3539165638783197,0.39976916794057893,0.9886683677009883,0.011331632299011685
hindi,19,00d8f7a5ea747472015787836b4694d24375a49cf2ca78088c1d29494110637aafa66bc0d135549c19cfc68886760475c2ae2584673c8d57e77eb82d3ddd6109,6.696,0.08818959976106008,0.5937042832374573,0.4850382549780139,0.3056183128192552,0.20667775368725563,0.961166252367763,0.038833747632237015
hindi,20,66a88b75ea15aaa9fb4c1df2cbe47bb9c4ab8413fc8ce00c0e57e575c654fb438f8e904a08fd98bcd999bce1172284461b746308609836e75916aa7cf8c2a2d4,5.94,0.034797166897157894,0.41933315992355347,0.2279634808050467,0.4169063690906647,0.3505878117213077,0.9520075709933062,0.04799242900669376
hindi,21,93f71918fbe69cad830cb49211cb10c9344e04ceca427ea39db38c8b5f5f200a4706f0a12646585364ff3b44f3bb75784005797e3e3259fd9579fa985955b3ac,4.032,0.1171117892443236,0.9260263442993164,0.45267127427610804,0.337749227275319,0.20786309725801141,0.9680458967191349,0.03195410328086512
hindi,22,16c775b5ac1a75459692a8e2c553ec084df96439cf53c5129ce1e5c20a9a04d3ed23204cf582fe74c9dc12a473fb3072139ea313cee5ce51c0d17acf8cd16333,5.472,0.05723743154859746,0.451538622379303,0.3585982903877813,0.35269142016851246,0.28502661590018746,0.9487054103876482,0.05129458961235178
hindi,23,d002200225d5b38de9dd8b95e9fb77c24724f8a56ee0b31f6ee2260b5636a1e23c0fadcae1156f88b703128798bd749901930f35e839ea2a2bb2bcb8afe5cc74,6.876,0.13138911854193167,0.9374603033065796,0.688798025129941,0.16932552714820057,0.14020295967152874,0.9151100493594951,0.08488995064050486
hindi,24,3a9a2751ae7b00505f0ab31fe4c6b3d76e4b23763244c136363aed1903cc89d8668e1187df7236c6ac0ef40422fd5802ca4000aa26a29cc5c77c978b07a4d12a,5.328,0.12025326464186777,0.7197030782699585,0.6438099186850997,0.1744687509024675,0.17973121939345932,0.9596609358346764,0.040339064165323624
hindi,25,9960686415eb494ee9537261d6666881f9ba972c52152db480cd96dd07d7bf619cd2f1f9d30815cdc61bbbd4eb031b57cf2297022021dc923732cd69a3a4a5d4,4.284,0.05083084720580837,0.33159857988357544,0.35722666067923,0.3226746241384476,0.3157929720308658,0.9561160201336495,0.04388397986635051
hindi,26,4644748187470f64f6ed65cf1359011fe9976a6793a239689c6fea7b052468f9b14522162bcf4f659a819bbfb682ab2b57edc3a8b2009dba5d6986635b97e9c1,7.308,0.10681889283001701,0.6080367565155029,0.5986926548143564,0.21085393752645776,0.18792239557658794,0.9738921519274095,0.026107848072590478
hindi,27,9be22651e8bee8e72a3187d9a27f0e9ed24c178b528062b4ae5d6a2a32dbb8c6001f6d3f15d60270fefa422a2c58426a2c915931d43266eb48a2d15836111a95,5.76,0.06179762266564875,0.46224159002304077,0.42029760656323073,0.29636895537902147,0.2797251403018259,0.9344814326585438,0.06551856734145622
hindi,28,f8c05fcdb50a537ce73d8e72c60b569d19a31b8e0792bf6ea46d66c769fb708c0087e260a59f3e48f8272304ee14cb57fecdf53a2873f5d72ca5a3378a149caa,6.208,0.13660522868848674,0.990020751953125,0.8886108392743849,0.10191792958711168,0.009385121055658857,0.37943084199569393,0.620569158004306
hindi,29,17306c4d97ad8d7c04ac7c04602b8fedcfa3c2ebcd61c2fb2f7f5a27a23151389ed00cbdf1497e6791a0abc7028b848d8f17ade7089c928531200cd7ca2c4bc8,6.576,0.16556725715968204,0.989990234375,0.8963675934870404,0.07452489831215638,0.029071249999559144,0.8981836159138555,0.10181638408614446
hindi,30,bd008914e8d61f280ef49d1b81b9ba5feafa0195842fb73953d414962085d13881380f143efa9cc3014fb5083f2ca49ec0ac216b23e48f676493303b320d17d3,3.816,0.07747778913553054,0.5036544799804688,0.4954614608351792,0.2662970572028209,0.2350985914828192,0.9103052776824588,0.08969472231754116
hindi,31,e0a47331065c4e1a9ffd6eed4cb902b631814a6130faf9401d447eba044cf1af767ff9a242e7c97886c74ac130ec73716192fd074e4abca825e77caca52e0ca0,3.492,0.12031022236799285,0.6859751343727112,0.6317342387853804,0.18097262908315934,0.18517715992514067,0.9592670697879047,0.04073293021209534
hindi,32,d24af5ee15190d3fc14dfc4ee3c75c75fe66fb537d4c7cf94e0e7d489ba442240b112a68a9dcd921ed48aaf17649bacd187e913bf4f22c1471cdc0fd263e9aa7,6.372,0.1425098656778563,0.9265060424804688,0.564998741980741,0.32348501975021493,0.11012994965762431,0.9873747425585461,0.01262525744145393
hindi,33,daa76944376a4ffb1588dd2a305c507bc1b8e14eafbbb1784aba0d0e901a3ceccaa5f1d84909bc13f2ff0ab6c7facb2ac2e487daed3470c7fe44022f33cd2a26,3.348,0.03964836670197643,0.26236963272094727,0.2649561254767046,0.36575005460586063,0.36486380602546176,0.9731625731901469,0.026837426809853127
hindi,34,c0fce8f25f23b41ed1321b49a5940b20f8b61130c14559d79ddf3816e5a433e06cad1469ff786911ce97ba8ea234da6b623881f3bb65339d1d3dd296e477a193,7.056,0.13237912142516065,0.79345703125,0.8729827068003139,0.07303612856964248,0.05388733337795643,0.7339188151442041,0.2660811848557959
hindi,35,7fbf4c95e3140e3dc38caf6b69156e7b0c31b692322f830bd453acafa852716c55556b85dab23eb2fcf7567541c68490442cf56fba72b2b29acffe250f110146,7.056,0.10310493759998107,0.6948421001434326,0.552836215524327,0.2527622549866613,0.19198248121171957,0.9598958298019212,0.04010417019807877
hindi,36,1da3e82d56c4b06d4028ecc92aca9dc352823b8ec3e30de4da211906b610e38731002b15ef77c26455730b72f40ec1685543812f28aebbf3d093e8e83b3bad25,6.48,0.08102048171775604,0.5198355913162231,0.4939407877483837,0.2788409375742491,0.22427585347674212,0.9538930839101047,0.046106916089895256
hindi,37,75c6bb7203a8fae0c08c18b39bebaf7f25f86e3b2cdbb1dbd65927288474b3fa5b24c5c88144d238b93b8327677bdfbdf560078a95a3594a6b6ea7dbf3f3eec8,2.88,0.1504436102340954,0.9900000095367432,0.7320988617534331,0.16407158502350422,0.10249864343335326,0.899847187717435,0.100152812282565
hindi,38,1ab26689a68e6aeb9ee56daf140f5d65c19295d6b65eaef9f51f22cbd867b635758194eb9640790ea7d37a0de2bd5d0f235fb7662cc80dda56261f92c3cb4475,2.916,0.06722979549583351,0.569074273109436,0.4203739841877501,0.3078053078976435,0.26817570256596873,0.8557831322408217,0.1442168677591783
hindi,39,ccd20bfc67c11f3e895626eb3d7e07e2eecb1ce583467fa1a70d8bda435a9fc5cf14c4a421d7811cf579acb2397447cbd649ac6eaaa8073a71a7d04ccb90882b,5.328,0.13998526932564206,0.990020751953125,0.9191484148932109,0.0658805376268602,0.014918029239226308,0.3431266299089102,0.6568733700910898
hindi,40,424c16a8450e8b742c1380d9d38d919d880a36379e8c7e09126a2a8411022bc42cbae339c1d8dfd42695fb073ca783ed5e86b8a2531d11c4491259ab1378e445,5.976,0.01659675478544405,0.0761677622795105,0.19268073261389188,0.4061755188383975,0.39606448029361935,0.9856563546168979,0.014343645383102066
hindi,41,8c19c5b99c8b1ac2264eb9486484732c9d5ec2f0bcc679213d2b2d740efeec83673995013ff2ad72008fa9176ea0eedf32ea29d6b09e71426ac03b6026cff906,3.42,0.08516227303752488,0.552192211151123,0.48734503767565435,0.27352831841890357,0.236420058066025,0.9365633872037291,0.06343661279627089
hindi,42,23e7986df66ecae7556379ef6a8c59490f3a38d789ddcbb9af2e0bdac45ded855c8a27be3ec862f45918adec219022883c1f64ea3ca811371c818856357ef5be,7.02,0.08237179740956428,0.595832109451294,0.4320542687569666,0.3393738557944888,0.22566590693110408,0.9679333260908102,0.032066673909189825
hindi,43,4fcdd17805b736cac2dc920985d2187185e759b54d9cfe7d2654dd8f4aff10e630e579edcb5cb4d04f215bebe6d096d9e932203345ad7272e889beca6a5c20e7,5.22,0.05876593243851046,0.616474986076355,0.3661828276787886,0.3673621857627506,0.26299751393458226,0.8494914971378137,0.1505085028621863
hindi,44,3aef16007bd29046bf29aa965433206ce23419410af7d4bc3d292635ddc31b83ce37bccb79f9f0fb3d857b77a1bba903b1dfbadc1d390b9c5b687a475c9f29a6,4.788,0.08190569371315443,0.6601319909095764,0.44305145544112834,0.3264259212938978,0.22749499740965556,0.9160926975642063,0.0839073024357937
hindi,45,7fbf4c95e3140e3dc38caf6b69156e7b0c31b692322f830bd453acafa852716c55556b85dab23eb2fcf7567541c68490442cf56fba72b2b29acffe250f110146,4.932,0.06260520464554487,0.3415982723236084,0.3796812335344845,0.3264504275037605,0.29015704709277074,0.9780349806403026,0.021965019359697413
hindi,46,ca96256894b92e0525b6f8bf5bac013efa869bfe9b8ec767a84d2e0b6f9f3108886cad7b3c9e622cc74ce7c803c4f9d96080e182713805211464db35f0adb51e,6.944,0.14434503857538897,0.989990234375,0.9825194226440629,0.015951209434617614,0.001449890033026337,0.34276660959880684,0.6572333904011931
hindi,47,e1687c2dade4c9e56bf74181a1c6eabd5d85fb05e2ded2d7f443e3cdf646f19b835db4fd303c73f3b7e94b0d03f6d27c4429abdaf1a56ee81e35ee7bc67bc67c,4.32,0.05790635764380683,0.33332645893096924,0.31718878640869447,0.35975827018389994,0.3194222032726951,0.9841281251192615,0.01587187488073849
hindi,48,0296590f079d0307e6a54bed03a9a137e124eae99c566ac40f5e14ff6f07084af6f1b3c11b51c8910d774cc6ae571696c616838249c2e12fe64eae03221496c8,6.588,0.05912296417506046,0.9510992169380188,0.3934527491214015,0.31626276640959083,0.2864256749576278,0.4505017541841319,0.5494982458158681
hindi,49,ecc7e59a32c148c0940caf49e33b11c6c9cbcd065d19c3a636df8798f9a2b79eec188e8b8ec5c0ba3212d762cde863f145957a01d44291181826e1579efbcf79,4.644,0.013831975527311592,0.060302555561065674,0.1812387560377618,0.411322804096647,0.4017689848602171,0.9812423702395817,0.018757629760418282
hindi,50,c7c4e5ded1e6121c38594d1e3bbb5a49f1d269f96c2591f9e2d4da7cf5c9cdc7598248c5d24452c832160a2503d344167242cafabc1dc3936e1a6065b281ae77,6.016,0.168981235644948,0.990020751953125,0.9545642187096054,0.037893744708445136,0.007505897751612971,0.8367191314678963,0.16328086853210366
hindi,51,0db277015ed4c7602383504e75bcfead10db6e33b12e442a983cb259a17baf2c98daf32f18e2c1917269103a2ef1776d88cab0357c43c487473d8fa511dde7e8,3.96,0.06662320837181916,0.6175682544708252,0.42915042829460875,0.3025693828211304,0.2647677882612869,0.821861346116352,0.17813865388364802
hindi,52,5910123d516315dfc2a43523d5cbc63444096a4cd38bb8b772155e3c51fb2f1eb673beaa1603de242ad8aa5dafe9d0ebd85a1c02bc6a7ee45e636585932306ae,3.06,0.017818892739105474,0.08846509456634521,0.19362931191167362,0.4068757489656956,0.39433591965029263,0.9740521305135347,0.025947869486465325
hindi,53,c45d64f4a9ad8d1efb4d802830abc40f0e0e29e23a1d399fb4e668a1781d60c7b6329f4ed2b4ee75586b7ef748b73a373cb36707965a2b5785d7e9ce6196f390,6.0,0.10910758004508779,0.989990234375,0.7481889411883429,0.23113833583795837,0.020609071447977616,0.1874755649280239,0.8125244350719761
hindi,54,eb0cf518c980fbaafc44b52459e6edc777cf01758412dc63e1de49438b83b2d292941510deee22dd7111854884991b9e9fc276183f07dc59d4a6c8174d8da2dd,6.012,0.11189525948700449,0.8864306211471558,0.4850941534295282,0.3687856921566525,0.14432708387324425,0.9467018664895096,0.0532981335104904
hindi,55,aafda704e52784565ee078117b2a7941d822e96444d43cfe115de75e654f8c08c23b050eebe7b4264498537464b6e45cd0624f23aec65f904b156464d5056d52,6.84,0.0729408817946149,0.49478083848953247,0.4848352545856825,0.2610566813735617,0.2508476254486973,0.9437658515073826,0.05623414849261743
hindi,56,2f15fd7bc51b2ba02064a0da5d475e0d6fc67649859ea797ce166b32fbfcd6af3d56241cdaa9d7107918bf5979de4ab7e702c6f255f5f2cfb0d154e19d960b17,5.04,0.062423419297569886,0.3510253429412842,0.3978376780848816,0.3264247600231576,0.2723638984141893,0.9691109593837499,0.030889040616250085
hindi,57,d90832cc68e035bb366f526063da0ab186f06a937ef3231ab75fc53435821a112d7bb6d7115d594de6dfbd621d82acbd51ea43de2dd65619fe4b023cdf759fc9,4.536,0.13027110810556491,0.8166987895965576,0.6552081150570823,0.20862215316490482,0.1344089677251659,0.9454936001069713,0.054506399893028745
hindi,58,3255dc44d5426ad255e14c4db4d12b224dfffd1e594a400a47cee7aafcd670d56a9834052a13be30307100ec6a3e1f8bffe33260e25f32c5a89ef64c744c0433,4.32,0.022509264331820007,0.12181317806243896,0.20936977862766942,0.4016654965310711,0.3838408802157616,0.9794205666412794,0.02057943335872059
hindi,59,fab15f5f87bd26a0f326787f96d92497bbfb5aea170dd8a415966cb8f7a5a7011bcb0b50bc9d46cdcf3edecaa6cf6753be6afd814aa420c9fd4e4ab3a40e7faa,6.948,0.11405584092658523,0.8163459897041321,0.6406623407281845,0.2032223161285161,0.15403554564907426,0.9014423507477782,0.09855764925222177
hindi,60,9c12887b11ae7ce76bcb5c4ca6b56f174e89c82f02c52c05b93ac7a40b6fb7b28d8474241a7dc36b3ad5b36eab48a209bf7e68a905ca64ac40b89e9311dec25d,2.736,0.026966487352105457,0.12098550796508789,0.22815321118637652,0.3923096065501245,0.37449869042390505,0.9753270866273971,0.02467291337260291
hindi,61,ccd20bfc67c11f3e895626eb3d7e07e2eecb1ce583467fa1a70d8bda435a9fc5cf14c4a421d7811cf579acb2397447cbd649ac6eaaa8073a71a7d04ccb90882b,5.508,0.13941011786719054,0.9900000095367432,0.597094340250185,0.24574730328309916,0.1557816826373125,0.9701814666611245,0.02981853333887552
hindi,62,c0fce8f25f23b41ed1321b49a5940b20f8b61130c14559d79ddf3816e5a433e06cad1469ff786911ce97ba8ea234da6b623881f3bb65339d1d3dd296e477a193,3.528,0.11205329127971261,0.8994309306144714,0.4754761153551938,0.23326413292453968,0.2894968057399651,0.9657844094401044,0.03421559055989565
hindi,63,0d2120fd5389d89f197e877a642aeb305bd4d8a9820d642a3ca7e83fe64ca61a0a8b15a37958f3629aa855408d3eabc56d2521ff9a06db24bd0c95320f66efab,7.38,0.1322370716132316,0.90997314453125,0.6897379882990994,0.1572467938137751,0.1512630026967535,0.9424352664003811,0.05756473359961889
hindi,64,5b3872837902e6d95327320c254ce8cc9e7b69e3ad4e2e54f93009f6f44af95a3b2bd03dd9504518ddea0ce1bb0793458ea03d00ccd3c918aba1a0a91476da99,4.296,0.06358640489474468,0.4594497084617615,0.4221373292547118,0.29008835650457326,0.28427835292183534,0.9267063850841595,0.07329361491584052
hindi,65,bbc6419b468f96f9a81d7c8c0eeb06dc2ef630ef810662472bff59d9df3e43bc26b9d784d84faaa541a3d2e1541014302610a7426fb91797046b37d96bacaf2e,6.516,0.056079089866882474,0.3132709264755249,0.3934583562283195,0.3108576043430278,0.29187950093733855,0.9736446130716533,0.026355386928346713
hindi,66,cc1693f2d0cabb0990f6510436b2406fbe0c4858c27f2c0b104c5f5c2499816770058f47af5d1bee60ed9027a18d60ad2e9dec2e2c3476373afe61afa078a3a4,5.04,0.0350010929491872,0.24236810207366943,0.26633319142121276,0.37814802880331133,0.350726944515751,0.9722511907964317,0.02774880920356826
hindi,67,0eef353f918900f4b6b2c52b697013c0ac2340228d97696f460545e777a0a619dc934a6e2bdc5329525c74d683591af809ae5b8d4157abba6321a5b7366bb73e,3.312,0.013746484258114245,0.05712687969207764,0.18519544231682222,0.40987037245357427,0.39979354830303954,0.9744422728379498,0.02555772716205018
hindi,68,aa9327f862e22c8a7e7c1cc05e596b019cb19e79329dfd7495112ab3dafda315d4ab663885cb951c63be27858c37f1aa245b0907d689b37ee4db113148053cc6,3.96,0.11093406639760602,0.7432361841201782,0.4267235535449488,0.4374099318110742,0.13409204444255,0.9778826355399817,0.02211736446001833
hindi,69,38a6ab913e27c72c3f28f3d2da65caa00933288bfaaa24633ad7168676bf34a4bdf59bba015f1be078031901c2a05ed997cd106fc7bb6ffe0cead3f59ca77415,7.884,0.02214663632119662,0.11549204587936401,0.19732541641047754,0.39576496710885495,0.40186662540983853,0.9923033132378977,0.007696686762102334
hindi,70,c88824395561074e0eb0ebc1280d4866dbc29f01c026899e205a1db558ba1be8d683a10dc5e1f8117571ea0794f699ebe359e833d714ad66942a429a2112a5a6,4.248,0.020930482353331527,0.0910692811012268,0.20674417249946686,0.4003186507272718,0.3877905867502221,0.9812329171740263,0.018767082825973724
hindi,71,4c946f553c704abd727b3818b1d22dba011a368043575278b58ae219f71cb8914e6cac82abe55d7da17f49bea4cceb3b96c17355a6f5b078c19a947defb9061c,5.004,0.12441711752180085,0.8201658725738525,0.5905601543985873,0.2295427615815352,0.1780929361989851,0.9661448829259731,0.033855117074026886
hindi,72,1963c5f396b43a02ea6a7cf2cacaafb042bfe53209c711d2325e2e4cfd7185370746e463b5ceb83f9ac807e048b8891b494db95e3bd7eccfbef896877eea9bbc,3.096,0.0711352521551415,0.4188300371170044,0.4063683001139056,0.341313988555757,0.24910997241621063,0.9582355739557256,0.04176442604427444
hindi,73,ccd20bfc67c11f3e895626eb3d7e07e2eecb1ce583467fa1a70d8bda435a9fc5cf14c4a421d7811cf579acb2397447cbd649ac6eaaa8073a71a7d04ccb90882b,5.648,0.127855465564624,0.990020751953125,0.9037407339596981,0.08897139025600598,0.007229456295157928,0.17621893298565963,0.8237810670143404
hindi,74,b64c2976e1395e1a65c549fed8cab613af6f6cf8e2f34416a1933b4c64f0b29ffcb82150ee5e396dab451f109f414930ff4938b4241d97e8919fe9f99a02893d,6.48,0.05806823099779579,0.4348456859588623,0.39450533865156984,0.32127557276219454,0.28055473794377206,0.948791168280167,0.05120883171983304
hindi,75,6990e943cefc8a2ed3e12aa2c2a781793096d1aaf311b175943b3029333a59e74f30086965cfb6f7db8b79b431c41a44e6b4aa3f806707fc0c4e5da883dd1d54,4.5,0.0912207395083169,0.7973575592041016,0.4510318986942768,0.3329711962035829,0.2135046444697234,0.8914586955794195,0.10854130442058052
hindi,76,b9854a362f9f2796f98c3105310553f5d5b1d2aea5f247080a0d9ab5d329ac51e5e519bad74bd68b022867bb103a42741c9523a32ce80c3a4ac8ed64c4bde957,4.056,0.06360271784769375,0.4353526830673218,0.28058894042053495,0.38385753203519074,0.3325045000269439,0.9876178850860746,0.01238211491392538
hindi,77,aafda704e52784565ee078117b2a7941d822e96444d43cfe115de75e654f8c08c23b050eebe7b4264498537464b6e45cd0624f23aec65f904b156464d5056d52,5.112,0.09519168342074233,0.5889948010444641,0.5643122846659337,0.20934218115742165,0.2238547257761458,0.9448460063584201,0.05515399364157991
hindi,78,0663aeb40f5d5ea46610cac3ca0183f2193b429770c84b516efe7d199b8b110944005539d986613fdc9d6532694f43c3a8e4dfc9de8ae7bfbc8b57b412ef71dd,3.42,0.07810461672532637,0.5887167453765869,0.45532269822779947,0.3039730105188685,0.2377624127821489,0.897448492778904,0.10255150722109596
hindi,79,63293ff4cc67280b10da2df2fd2763db65ca8493af191e121605b45457373b9d2f7d073324125f2ec4d3d5aa138903f3532048b49083306757421a463dcad13b,3.6,0.05786611975476645,0.47395259141921997,0.31777845876216315,0.40593448405024396,0.2727744166459929,0.9408145173319173,0.059185482668082656
hindi,80,4165462ba3028c7e25d5ff7abf7e81fe2d31ab129cfa039232a6753837447e299445e86cc1a94db3a8957d1cf55c3a1aaa96b297a0c75a814bc1a2df686daae8,6.48,0.10109975473595265,0.6556020379066467,0.5802570939298253,0.24395079315650908,0.17361778785600399,0.9390014809110035,0.06099851908899645
hindi,81,6cd8f602bf899de8fa9a30238cb461650682d47e62a5d12042ec213877ca4d9f7f83e3635c1374cddf16260688058dddb7ba7f5466c279dadd85e033038b6b08,3.528,0.06367509882311198,0.441688597202301,0.3806803411354027,0.3360920530532411,0.2797736187612898,0.9469567876208447,0.053043212379155324
hindi,82,43dc11a5328c78dc9536527d6945245d5b3e371fdeea987ac538a30956eacc649639e2b09c28bf3ee4f4f764475880bb8f68a5cd20ef78800a664b72a86ffe58,4.752,0.10668246546038535,0.8448528051376343,0.5835079835334848,0.24716386838539542,0.1671736898884644,0.8296196138799479,0.17038038612005213
hindi,83,755950c6eb4b91d87a8d62458e27e794e08783fbb4e47b61730e21bb685a9d3634dab0401114292ec8b3d3a282e0248c34c8868056fdb057716c14ae2b9844fc,4.816,0.1557445449391796,0.990020751953125,0.9367052881306047,0.06243595093091631,0.0008267299199467591,0.5881452059098209,0.4118547940901791
hindi,84,ca96256894b92e0525b6f8bf5bac013efa869bfe9b8ec767a84d2e0b6f9f3108886cad7b3c9e622cc74ce7c803c4f9d96080e182713805211464db35f0adb51e,4.104,0.11219062387302388,0.875216543674469,0.667149595564997,0.17319821232202254,0.15755713774840135,0.6977316447077875,0.3022683552922125
hindi,85,be71c5c863d6de0f351032d62a7be08c92ba176b5062de0dafb4440746492bbcf9cd33f72220ff106d4b21f86dd04bb624bf109c7252900c3f92b4303d603af1,7.56,0.026249065997020846,0.13807916641235352,0.2246660072947305,0.39082594523201347,0.37940459247348646,0.9899012641242957,0.010098735875704312
hindi,86,46f23ae11e8565e979749342e1097a77fe3ef574253f10323351763c97b22c07b42362b03c576fa1d45361cede36368bbd6b9325f1f93cd2b8ed161a560ece2a,3.552,0.07239463364060877,0.49728572368621826,0.4267583395403152,0.3336016406417545,0.23641843180249986,0.9277551332666244,0.0722448667333756
hindi,87,b4f42e39378d93e8dbfced78bbf812a8cc9189b8dfbb1c6645703265e04ab91bedc692dbfa2b975577e7674dd6c8f12fb351477a3655c9646374d3f3b3fbc1a6,3.06,0.050836045502992665,0.4338340163230896,0.3334170493757722,0.32031840242182363,0.34239240834378065,0.9303090585233371,0.06969094147666288
hindi,88,aff2956ed66065c2040906c6e11253e54ffc0b308716a128efaa77f3d6e3556995079d82c9e63b19a0ab8b910eee082f68314b87acfd5c070341b6b9e1bda5bf,6.48,0.07527329603289734,0.5409599542617798,0.4580930537267522,0.2828928547237224,0.2557372545800153,0.9505277136098395,0.04947228639016055
hindi,89,e6f76063e0bed01647274603154c6319e89caf2d63a94e0c72490f58e3bca473aba94f53d264079979a367057af8c6e8152ef88087ac70720ea6175f8f9e4970,6.3,0.06867212220956374,0.5270442962646484,0.41471098858448197,0.31293531976487693,0.26919297270305437,0.9503200849679664,0.04967991503203362
hindi,90,ca96256894b92e0525b6f8bf5bac013efa869bfe9b8ec767a84d2e0b6f9f3108886cad7b3c9e622cc74ce7c803c4f9d96080e182713805211464db35f0adb51e,6.144,0.14518505674387494,0.78466796875,0.9788153569688295,0.019560750254708787,0.001546090787740125,0.6450526584056593,0.3549473415943407
hindi,91,a6d08697c738730178993390c6a57ba2b8e2944e43cf91bc222be8589b56ae2271a0e072fadd7f735cc7479c0ea16887e186a8e4a478276381c1d96dcd49e461,5.22,0.011053355104049162,0.05100131034851074,0.17659844272729405,0.41384663896402774,0.4042550324928932,0.9812715346203222,0.01872846537967776
hindi,92,8a05ca02926d437b43ff4cc21925621fc16dbeaf8e35977e8c6f5da4d29494951203f52e20050d365fe263f76336e15d23cf8d1f0c0514c9fd900f7d92b108a1,4.352,0.14934751917340194,0.990020751953125,0.930791950314178,0.06690325673496912,0.0022609800352552984,0.4419123884329712,0.5580876115670288
hindi,93,52f22814969ddf3ae439c9927cdc815781938e7b8db9939cbe5cc7211c83b3dd6eccb62b360571d4002d64878c3b70340e8a76bf784048ff984b73b71d31fc52,3.132,0.0319533511989376,0.16375267505645752,0.2521779205627318,0.3818336402654068,0.36122965443498645,0.9733875958395936,0.026612404160406444
hindi,94,c7c4e5ded1e6121c38594d1e3bbb5a49f1d269f96c2591f9e2d4da7cf5c9cdc7598248c5d24452c832160a2503d344167242cafabc1dc3936e1a6065b281ae77,2.64,0.16559896642268404,0.936737060546875,0.9326307230356896,0.029077897321125878,0.038250160638295255,0.8005158235543016,0.19948417644569838
hindi,95,f398e532c4307d0fb6f23dda4b599e05c8483a5211aab4dba56e24a0acc89810af5b98cc96afe0b55fdee3b41250c05571fa3d170e517213e71e52e481a80df1,3.744,0.15418673077645428,0.841400146484375,0.9350475997042836,0.05791958094520678,0.006978711684459066,0.7303168280212199,0.2696831719787801
hindi,96,cba73505723d31fe1d355fd9c1ba00f36d72661f667b151bb2e4db347100a72793ca3d5351e0293af666bf35d2684deb3e4bbc6fe630ffabe699d80709a0ea07,7.128,0.03196187296636312,0.1885891556739807,0.24438083924353102,0.3924353374875007,0.35846820754125786,0.9871490415617895,0.012850958438210491
hindi,97,64fcf403ddfb930184eae9b9ad9fbb9a712ebab06fdb5e7dbe7621dcd2cd5101f593c37e8e254ff38294b6dcc8bec4808c197c2d7599c0c4126045b1ac9b51d0,4.704,0.04870319415409387,0.26653575897216797,0.33056655838356186,0.3390782495001579,0.32588251821628506,0.9765425142945799,0.023457485705420056
hindi,98,bd008914e8d61f280ef49d1b81b9ba5feafa0195842fb73953d414962085d13881380f143efa9cc3014fb5083f2ca49ec0ac216b23e48f676493303b320d17d3,4.932,0.0658903977363637,0.33418381214141846,0.42685403377377834,0.2897009346404298,0.279815913686069,0.9731786507482069,0.026821349251793136
hindi,99,9392443e20fff21db185ec2e21925398c267cdaec962d7a8bff381ae171fd3563894988fe4244da0866881fb39e56492843fac59b139c31b99211d6c8f44c2ac,4.356,0.08115469952085046,0.5217297673225403,0.4340840303994198,0.34604058670219834,0.2170093856707285,0.9583192943624588,0.04168070563754123
hindi,100,4ed9b617b3f93ef9ae23b42f64cf4e1d53ffefcf405e7e908ad346119c60ff08710f902131c673fcca0a5f0b8980b8e128ba5e30ccefc5780ced1cacb3dde0ed,4.824,0.031088177291312115,0.16160190105438232,0.23272656407174389,0.39797528086863454,0.3643519609230988,0.9838028736023157,0.016197126397684336
hindi,101,3aef16007bd29046bf29aa965433206ce23419410af7d4bc3d292635ddc31b83ce37bccb79f9f0fb3d857b77a1bba903b1dfbadc1d390b9c5b687a475c9f29a6,5.58,0.05150937891534747,0.596705973148346,0.30760122078141566,0.38645197945879795,0.30212544233408734,0.8945154169083969,0.10548458309160313
hindi,102,d09397973383a68b428b2de77fa5f97b990441e1d4f668eca001e162425c7928eb19441bc4e961b80af9f9414a3d1ce66d15cc8fde6c11fbb24bf65ac1eddcf0,4.608,0.09185877168739937,0.6641092896461487,0.49703427294976277,0.3112828673849429,0.18920637760726222,0.9176339331385054,0.08236606686149461
hindi,103,9960686415eb494ee9537261d6666881f9ba972c52152db480cd96dd07d7bf619cd2f1f9d30815cdc61bbbd4eb031b57cf2297022021dc923732cd69a3a4a5d4,7.164,0.04823081419037941,0.25421708822250366,0.3343004428832185,0.3351107883869563,0.32623301589308057,0.9859066686028815,0.014093331397118547
hindi,104,949d46bd8792e08b2ee6c5736df551c23a26e45db1306d71836317cfc115ff4cf71da8164c9063aeefd98bd8c12626dbe22b79a07420d6fe8317fb6fc9fa368b,4.572,0.04444130443989722,0.2626760005950928,0.31160405264159996,0.3476341268972298,0.3363926019635287,0.9737052186598165,0.026294781340183482
hindi,105,9960686415eb494ee9537261d6666881f9ba972c52152db480cd96dd07d7bf619cd2f1f9d30815cdc61bbbd4eb031b57cf2297022021dc923732cd69a3a4a5d4,4.824,0.04259633969767575,0.21031135320663452,0.30054522633167735,0.3512633488855269,0.3434303608306058,0.9818424092202866,0.01815759077971335
hindi,106,169afd68fa12674be328762c77fff1783f807dfc52a7f9b0ec599d77f5fb9bd8998ec8f9fea575f4bee8d86d2ea242a97ee6de9da1bf191f541113fd3c432206,5.688,0.04726551599924216,0.48067373037338257,0.31126072268098176,0.37494552026258765,0.309667202079423,0.9266908458134754,0.07330915418652462
hindi,107,203176393d9928d38b3aecb45ba1ad1c05c8223b492bfe21e6c5c6359083f8bb68f24ab7bf449051e8527e9beee0055a3628608173b59bad7bf948e6d3e0ff27,7.992,0.16169110482905258,0.950039803981781,0.6781492732986284,0.14340420018597738,0.17700858440423106,0.9960869179204193,0.003913082079580743
hindi,108,c0fce8f25f23b41ed1321b49a5940b20f8b61130c14559d79ddf3816e5a433e06cad1469ff786911ce97ba8ea234da6b623881f3bb65339d1d3dd296e477a193,4.96,0.09237174585297635,0.815155029296875,0.8298385359212385,0.0853561840367424,0.08462784100531089,0.08039207920923862,0.9196079207907614
hindi,109,d1d9c267ebee74a32597d31c9167b2edb1f99cb7f4aa13501a5cc3bd519deaa2516058fb40da1e55deef24bb43e231ab5f17484bb11468d631c90e3bf29b76d4,7.848,0.007383409176951421,0.03393077850341797,0.17288168565348355,0.41544446623973874,0.4061685150634127,0.9872050858640322,0.012794914135967783
hindi,110,3a9a2751ae7b00505f0ab31fe4c6b3d76e4b23763244c136363aed1903cc89d8668e1187df7236c6ac0ef40422fd5802ca4000aa26a29cc5c77c978b07a4d12a,5.4,0.11303101573374644,0.7231907844543457,0.6287350678605651,0.1776616474903335,0.191378374333855,0.9402070103191023,0.059792989680897746
hindi,111,36062260d676bde6039ce120c376465b2bd64e0699bac4f5ccf693568a39376a0cbc895a1c3ad2b74de0236420dc51f0dc3bc8d7f1fcac394756286a2c426056,5.968,0.1406023378569605,0.989990234375,0.9194476068657439,0.0727154731392346,0.007801917749597656,0.3750720735895126,0.6249279264104874
hindi,112,9960686415eb494ee9537261d6666881f9ba972c52152db480cd96dd07d7bf619cd2f1f9d30815cdc61bbbd4eb031b57cf2297022021dc923732cd69a3a4a5d4,4.248,0.055952697014993544,0.32118362188339233,0.3759105583362705,0.31727061642785204,0.30272138372281776,0.9650116272661521,0.03498837273384792
hindi,113,3aef16007bd29046bf29aa965433206ce23419410af7d4bc3d292635ddc31b83ce37bccb79f9f0fb3d857b77a1bba903b1dfbadc1d390b9c5b687a475c9f29a6,5.94,0.07473587236720491,0.552642285823822,0.4047875357309162,0.34536831264645057,0.24670896305591347,0.9606776155793587,0.03932238442064129
hindi,114,ea8f8541a19f474c4246d33005ad2c365f8b82b7a9b214bc39bd7b0ea6469e6d17fc574bce867f5fa60612c98df61735b7e95bf0d9c731a290e4c4bd515098bb,7.2,0.10108699090250146,0.6675823926925659,0.5775921912603011,0.24920826674022495,0.1709203455454716,0.9435403142505673,0.05645968574943272
hindi,115,2b0295a46df33cca7111334e28048e4ca8856ac39e51ceba5d127c2defec2c84aa3dbbe0b2cd9a0057a3710d4ca5936186ac62306a21dbc4f493acb9486d1452,4.392,0.06670480853544608,0.6320052146911621,0.39972362015329327,0.32582377451956646,0.2711008900243946,0.8667405526541556,0.13325944734584438
hindi,116,4ed9b617b3f93ef9ae23b42f64cf4e1d53ffefcf405e7e908ad346119c60ff08710f902131c673fcca0a5f0b8980b8e128ba5e30ccefc5780ced1cacb3dde0ed,3.132,0.027658983545544195,0.12437313795089722,0.22683387635820496,0.39317671457594205,0.37471959197573956,0.9783869778361758,0.021613022163824214
hindi,117,bec3277c6c8dbacb7aa7ba04a9c35f956190d6a1d2fdff7d1f82854e93ec3ec507db37e34e75f4b99337491f09abeabf9d41eabbc90cd14cb24790a508fbb712,6.112,0.16243574950201214,0.91546630859375,0.9380743690066721,0.06155966964628894,0.0003079906829313964,0.8417906463375416,0.15820935366245836
hindi,118,b78cf5eebb8ae39161b94c37c3e8aa39f57e5639997972f1ec983cb9f44fcefc18f1c4227b3d8b263477f3444fe05696da0cbd5dacd3cb3900b2cbcf2370b155,4.464,0.07299444410326245,0.5071731805801392,0.46272399426754285,0.2823160992563949,0.25175694814542393,0.9223801193106149,0.07761988068938508
hindi,119,5a2a681a4af95b92777b6adcd74644a5291136b27678f3afb168b9ebcc348031ce19ae24e738331ee6e5e5e54f6c4c560d455f898f348ad11957ec799c28fe59,5.868,0.08450775944960785,0.7220945954322815,0.5154501866293729,0.2683626187368292,0.2134127600482633,0.8369204630265332,0.16307953697346678
hindi,120,9392443e20fff21db185ec2e21925398c267cdaec962d7a8bff381ae171fd3563894988fe4244da0866881fb39e56492843fac59b139c31b99211d6c8f44c2ac,5.616,0.06154959202759361,0.4011634588241577,0.4084518876994672,0.31300629703496,0.2748549448216208,0.956053842614984,0.04394615738501595
hindi,121,9492b0374bde3e9f6b0f2910f764eb837b8a3c261e9705422378ca4e59d7e977df84518e2169c11a238bf11cbd8477391bc51fdcf9134ad8216402b0cd5c37c6,4.788,0.049747871783144264,0.3470616936683655,0.32721017501869715,0.3636636790311366,0.305246670910349,0.9618577249775344,0.03814227502246559
hindi,122,9564825a0829d21edd512e0523b3dccf946f9cd0f8b90c2589961c1867f2100b337df3df56dcee0dbdc7b4f23de4dc7d2af884dea2f7a3f6a3f3dc081879acfa,4.5,0.03983410597007409,0.20140200853347778,0.27666492422145106,0.36553088304109327,0.35313461402685475,0.9827129447433001,0.017287055256699935
hindi,123,b3a9d00791dae63b944756627fdb96c21c53f4d69beef3a56780607d83e56d0a6faf52d5d704c925bb323f8b2c9a168a87c2cd94fcc3d3abf6b034c9e7f5cd77,3.864,0.1088747162006995,0.6973440051078796,0.6151695364586924,0.20188020653366018,0.18052748687364606,0.9085128498733105,0.09148715012668951
hindi,124,1a88297b510c4d15acdd9d6a3f50d13fd6420c8f934e487a7ec5096ab5fbebef165269d581a12002a5eca2cf3fbced4552441668df9c027abd45ef0895eabbc2,6.804,0.13591402911217726,0.9321907162666321,0.6484446283318126,0.19551838745607733,0.15448887232015168,0.964143235788241,0.035856764211758985
hindi,125,35b57937a48c8fa81eaa6a6af0b8228f449a80b7228b9d97f8ba3a9963ecfdc2bd5c60372b83e4f7ca0133fbb9c4dfdbcb554dbf34c2a262de380f4d396f042a,4.788,0.09559300631588732,0.9900000095367432,0.3925205332166162,0.42382745362683805,0.18156408831762585,0.8459103057018917,0.15408969429810826
hindi,126,02a40eed38bf20ab1ddca1a5c60f5b2cadd5455be21c7a1ab8e87d65a6fec68495c0d24d8fecdfe3f9d132fdfa842dba33dca093df21b19f3d325519779d13d0,5.868,0.057949881930201966,0.4982001781463623,0.3276517788127899,0.36120936328159986,0.3075046449391505,0.9617584313169072,0.03824156868309281
hindi,127,6e20e06229081bf9c063f01cd7b3e0a759f5953624213afea5c397d4b7fe9a4dc5dae704a5faf61147d4155de50dc4a2cafdf78e7e2f8a3dc8633f276065b4cc,4.5,0.09839921629491702,0.6367811560630798,0.5779179696725569,0.22380303843878022,0.19577247518615631,0.9143925742100194,0.0856074257899806
hindi,128,a2b044a3cc841c74db098b363426777071a763d77db580920c5fc4e1955a9099b5c35c47b7e4225544e88c454349e2877524aacedf99fc459bfd50146fcb48d3,5.22,0.06692813943213188,0.601416826248169,0.3588237809271278,0.3899181494233738,0.24790389135732713,0.9253086044778573,0.07469139552214266
hindi,129,0296590f079d0307e6a54bed03a9a137e124eae99c566ac40f5e14ff6f07084af6f1b3c11b51c8910d774cc6ae571696c616838249c2e12fe64eae03221496c8,6.84,0.04469379916589912,0.950186550617218,0.3232708478667737,0.34879513228703407,0.3236758864256079,0.3871273426345547,0.6128726573654453
hindi,130,8023dc679c28a4172456d8e4b741aba9ed1895ba41b8cd0fd18f02c6775991869a2b8c2802e6ee72defb8caf5ec8ccad0b6fe8fa2b264bb9448ebca8b25c5989,6.588,0.09868454460332572,0.8188697099685669,0.41647307495352115,0.4011254220735163,0.18026566735902075,0.9604884389782854,0.0395115610217146
hindi,131,aaf6b52267451edd43f92433e040803b7c695022ac637484427c841d61dddefbc79acf6b684ebc2769e18c649d9b7a520a0041ecb7898d3f7e49d804f477a3ac,3.06,0.026994118319529966,0.13062644004821777,0.2222404024494309,0.38218484069471587,0.3907769650918178,0.9792501860987983,0.020749813901201675
hindi,132,aa9327f862e22c8a7e7c1cc05e596b019cb19e79329dfd7495112ab3dafda315d4ab663885cb951c63be27858c37f1aa245b0907d689b37ee4db113148053cc6,3.492,0.10335238447514787,0.8509448766708374,0.526118458155145,0.3168730251981162,0.15499111107436808,0.8149871264187657,0.1850128735812343
hindi,133,ff8d1bfdc7d8be2fd275f506691f3ba70d9d60666488ab551bcbb76c3fe93c7cfaa703f465f40b60131807d73913eb37830221336b6803114df015fb7caed36e,3.528,0.09063470406561301,0.6598171591758728,0.46319346537999434,0.3396905899543953,0.19483686012461732,0.9227953236517117,0.07720467634828831
hindi,134,6b807daab3e34c4820b8d1479f760b35e44e818f9121ce49b70e8cf1fa61e9248b255de0499371b2da3b304c64dd088e8079a770832d3e1036b7d8fb52aebfc8,6.12,0.09876636536848246,0.8231884241104126,0.5801037384381631,0.24401739160062563,0.17362210907495723,0.8005506976968498,0.19944930230315017
hindi,135,5e46ac50eb1d862c9c16cabb7768b1b412ed7ec5a51e13e22953cbb21d43c30f5addea8f5b6797634a95c8140661feb46f36a8e68d9968dc8452c0ac88af7e59,3.78,0.06464534084935884,0.40067481994628906,0.39809821708544496,0.32940712730532273,0.2689550295311849,0.9541117431068432,0.04588825689315679
hindi,136,7645441bdc18d3b030505861df550d84664b9a9931552e1efeafab2fc218b84b74173a02073f3ab449dfd6be412293b9bfbe39fc0b97793fff0f586d8212ca0d,5.076,0.10814225450607697,0.7066435217857361,0.5141939940793937,0.32700974690093265,0.1567302274919311,0.9638382578734598,0.03616174212654022
hindi,137,90b97ef0ba555036393f0384c8e6f86e4106dc805efe211de0476387e0aa1b4ba028900e2d59bd67c2c14f82e16765211bded26276241d0c0173fa32e166b9b2,3.276,0.057519825424334356,0.3960719108581543,0.35480035273327176,0.2962193788347116,0.34531701212718835,0.9633616591678393,0.036638340832160665
hindi,138,439f45a458aa3fb2b90c635b0b8f07e4182c5aec6177ec417f91ee355768fc1655301d31a1c35a6a1727014480d611123576f5e9f6c96385b515a83690d70366,4.5,0.09596110362439192,0.8987130522727966,0.5715202122480734,0.24964764702249267,0.17644369775364907,0.6052422743941495,0.39475772560585054
hindi,139,cb191bbd6bef46c81c9d5a49421a071897ee938b184fb94525d71950769ff71a8e4c5380bac3087cf73f11082371a95a9e76e594ba58d9520d5892e39d9d167e,5.568,0.14342185291079615,0.932159423828125,0.8048649629153677,0.15565279765507362,0.039405717545340585,0.7982450028680931,0.20175499713190692
hindi,140,b78cf5eebb8ae39161b94c37c3e8aa39f57e5639997972f1ec983cb9f44fcefc18f1c4227b3d8b263477f3444fe05696da0cbd5dacd3cb3900b2cbcf2370b155,5.328,0.08283008149586386,0.5795385837554932,0.5048635115073077,0.2615230901363089,0.23064675720537695,0.9241022913879144,0.07589770861208556
hindi,141,3f0b866ee8d4499e4c0de09d34862acbb1ea0139f53bf7f1271a8648fb35d9a3a31272a8bc7af870e3b52bf7f4cb51ae512fa07df79663eaeafa30221c0b200b,4.896,0.14530855391200306,0.989990234375,0.8753282601933104,0.07185204192041589,0.052787929283428195,0.6023506761719435,0.3976493238280565
hindi,142,389842e0cd33cfb9876ef3d2f0e50eb0d9842d3a72efb647244e2cab4f456609c2fe3c3584b5307808cc70d8a9f6cbc18617ef2eadf45ed518b03c0dee8dfd87,5.776,0.10596195827073532,0.990020751953125,0.8807729551932192,0.11823612750075468,0.0008756177076635905,0.03742910886287263,0.9625708911371273
hindi,143,1ab26689a68e6aeb9ee56daf140f5d65c19295d6b65eaef9f51f22cbd867b635758194eb9640790ea7d37a0de2bd5d0f235fb7662cc80dda56261f92c3cb4475,3.096,0.06968455422966752,0.5569395422935486,0.3083768618677335,0.28052718346475347,0.40819439348383607,0.9846275227932724,0.01537247720672763
hindi,144,ac38b13197dccd9b8389b7ea08fa62f18a0ad7549e1dcb0ac6d9a05f3c3cf0e1a38c50b32020c420310616620b70345d1c7ec60431e9af8f1dd471d271dd2c81,4.176,0.12430950596147017,0.8690035939216614,0.526484050525842,0.2641702019561525,0.20769432809595137,0.9757569601280734,0.024243039871926553
hindi,145,ef72dad515c406393c07ffac9b57e6cd1e83073c82a001d49ea19a30fd9976d0d50d4c5cffcfdbec8ea222c152695775d85c227194f2e56516531e1c8e76ff70,3.048,0.10745055812231537,0.8518919944763184,0.4404521041872466,0.3884054669127004,0.16915572029356907,0.9366686597156221,0.06333134028437792
hindi,146,51ac71db84d066b7c2fe1dd940f0e75602010e8a2c0a23df2b47108a43c6df09aea35278f729be243a1d02576df693c13705cc367b391889be00e5a572b08fb5,7.452,0.05765112880227785,0.4002830386161804,0.3900427543013702,0.32444139896337215,0.28182906324065204,0.9664107370123107,0.03358926298768927
hindi,147,9929c6f2b01a8c28f2e56c628d79399fb1e541643209aa4c5e28768681147947cad19a67ec59f260cf85a4586e3d35fe427119ab932c78c14583d719abff7062,4.32,0.13759833034874963,0.9267963767051697,0.5511312699932451,0.2980279941005955,0.1493248670071828,0.9800122888878622,0.019987711112137818
hindi,148,6df5947ecd6093ba0b8088111d11231f209c5377b37d2ec78fb66df1c555d0c218e4a7dfd601f4d5395ec9f0579ec4eca44d2fd60b09e80bc62ef446ea485886,3.42,0.07758659646465703,0.6226055026054382,0.4402781606442924,0.3543045566220128,0.20272101298281014,0.8617053117918692,0.13829468820813084
hindi,149,43bc745f9a7b6bd69a6cf5af88d6d8a31436266533dfa04def07f906d4fd43867f88a11badb4e6b57aefd010b66136392f98b79281d97eebcad6333be3d07cb2,3.996,0.056225591698720816,0.32920974493026733,0.3839540868313917,0.3267685250208605,0.2853093884256783,0.9544635559912397,0.045536444008760335
hindi,150,c9e3c968c1d5b3622fc320ddfee5e4f9ab20a053ad60bc247ae48a626a9989bc2687e3e054f55a444c9ccb71e2ddce887fc8fdfa617ebb5e9d4771676d8074b4,6.444,0.048460136074927294,0.2651098966598511,0.3277942971445243,0.34163803801099646,0.3263306255531241,0.983921832246693,0.01607816775330695
hindi,151,80d92595b38c164010ef7313465d16463f2c96fa6fc022b2e01e189d36b259ca8c60d34dedd33eb9e2efc010529edd502641106737ba607a53218e01e86be40a,7.38,0.09321037319659418,0.6976181864738464,0.4519539804759529,0.3452162744791397,0.20050644300293172,0.9684732394772075,0.03152676052279246
hindi,152,42dbccb16fa1ce50253a96dee532a7c4030f9daa92599271e4c0692efc8e58f669205bbcedf0ddf1f51f1e5753260ad39f6e0a5e6f85d5d24b3c5b3a20114c4c,4.24,0.1611620295501328,0.990020751953125,0.9884750714650409,0.011279020296787462,0.00019734658566353638,0.5468268744156165,0.4531731255843835
hindi,153,551ead2654838dfeb5faff96cbcc6d7ca4ac208e9f84293d31d5c89ae3e612bcc525e7f2cc8a050c834c1d550d9880c84e908cf0c4e90a885b36001c989f7aa6,4.788,0.0699660787410106,0.593915581703186,0.36761734492848935,0.285014169046262,0.34435961126911774,0.9640873108122084,0.03591268918779156
hindi,154,5191b8af39731f5141ffac823e13e25016e5b3109209f12d3337bdfc92ddff74ea717e293a01fe3b90fb2be2a87b0621cc385140b097b7e6d76f1d2e2f319d74,6.696,0.12115701589829501,0.9240859746932983,0.5460826024029279,0.3108888358947331,0.14126599604853796,0.9508692064242398,0.04913079357576022
hindi,155,d24af5ee15190d3fc14dfc4ee3c75c75fe66fb537d4c7cf94e0e7d489ba442240b112a68a9dcd921ed48aaf17649bacd187e913bf4f22c1471cdc0fd263e9aa7,5.904,0.13696921945368007,0.9340150952339172,0.568647702065496,0.3151821811242201,0.1147203234861082,0.9763607030619107,0.023639296938089305
hindi,156,55facf37cfec7564d08860906bdb688d9e2c45d7ac50a054dcc66778b3b1a10a9489051097f6fe9232742597187752dc71f4f0432aa771771721c259ff4324c7,5.94,0.09555210896459915,0.9900000095367432,0.458581750943773,0.2576827361524579,0.281526080201282,0.8741407877992775,0.1258592122007225
hindi,157,550c775712c46fac6b29f44c8e1e47790ad3d24a4596e9befdad47efbafbcd202634809eed3f54d8b62ec448b24bbe8a67c224d24ae7ed2b6870581a3fd2dcd3,4.248,0.1299127512721651,0.8345697522163391,0.6617549428780116,0.20300273491947132,0.13355359701558067,0.929379545773199,0.07062045422680097
hindi,158,5a6f47bcb6c561dcfa6961b198d280ba77d188c7e511b84b1481770b1878583bcc74c8674f4f862c9ccbb54f4cfa3b2919ef94c8ace1c6fb22abe7c70365f402,6.66,0.1118645443584868,0.8781653642654419,0.545840447606287,0.2906766674470443,0.16145246699727223,0.9286597676438504,0.07134023235614961
hindi,159,256a0ab2364a69f69c073cac0258702b33d8269739cd421abc11e45a2c7678787e46498a06ee3a13077e9dfea487f22061fc549def882ff192ca5fb1d2671807,4.32,0.025580030260692294,0.13495397567749023,0.2151586765128819,0.40419905886511126,0.3756871939355838,0.9808804413381165,0.01911955866188353
hindi,160,3255dc44d5426ad255e14c4db4d12b224dfffd1e594a400a47cee7aafcd670d56a9834052a13be30307100ec6a3e1f8bffe33260e25f32c5a89ef64c744c0433,4.932,0.029001641313486513,0.15632271766662598,0.23969146832496668,0.39103030589481574,0.3644620826136825,0.9803859182551881,0.01961408174481194
hindi,161,42adfde56dd3d69ed58436d1e8a55fac999afb0e390ebc65c299c3cd2b7258cb079683412241e54e7fa275e56a02bd19a10d6a17fead09988cd0fad2e6061e7b,5.94,0.1057540532119046,0.8333855271339417,0.6006266120063698,0.22105388208739765,0.17626445794004222,0.8472287240790402,0.15277127592095985
hindi,162,58913ffb4a411d7b14318c0cadbfb8ccdf1ed3dd5c7173b948c382329be9bb3fd15f6a5b863c94639786da4b32fa679087d9b0d4a04711dec86e1b82ed92c369,6.4,0.10349522370246989,0.82110595703125,0.7385418521321108,0.22131881231638922,0.03998958669489451,0.35952426975379415,0.6404757302462059
hindi,163,5ed8ac2780bfa08239e0aaa23e691fbf20930452cfd1163db395388d3dbff09ffc862aedc9ce80763a39a782ecb2ad5f729198b4f8565adbfc50bb5327957cc2,6.3,0.11333066156075962,0.797193169593811,0.6500885536354751,0.18081960305536357,0.16692517394548276,0.8933587287158405,0.10664127128415946
hindi,164,ff8f23f061245d69de7cccf1ee33e0ebd713c56e08f5a4a2f4732746be391af221f711cf9aee47cf8cc4c6402985c5231bff4ac03eaaa1e1a1cef4e1cdaf2936,6.336,0.050649734331501974,0.2719873785972595,0.31923692475835974,0.36317128837780277,0.3135569791863092,0.9858305322270448,0.014169467772955247
hindi,165,ad5e39137a4e6b3d63af8cb8c0616cf40e99a3d4e3b2d21118d8229a2c45c9cf229a042465be9620e596282b99a880abfc64e732d2898b8e3264a6a3e1871102,7.74,0.04875670703788803,0.29215288162231445,0.34133357415030274,0.3336020596493913,0.3208663173353968,0.983192862414579,0.01680713758542096
hindi,166,3d60da54a5e96710c627c37362c5f17d026c725b99466b5596f08c6584beafa8dd546aff3ef61dd1cfda5150cdd82d08970d8ad36a49e933571b903361a6cbdd,6.12,0.037405781014561025,0.25815707445144653,0.26074225334074375,0.3889727425653132,0.3457852603769098,0.9805234942431089,0.019476505756891083
hindi,167,ae1ae84ba2341eb4c7c3fa47026ddc0b784387b58fa28c0a69f32c966e590141de3da70921c65c3477fb49575fab03213843d087f177422adb685978ca5c4b13,4.932,0.06238794884945869,0.4194799065589905,0.42030866100608605,0.2990164770125585,0.2772320081789317,0.9422331358177692,0.05776686418223076
hindi,168,2755cbb1978d17293826c36025fffd2b0966f60a48ee026f909afce38191de6da445c4ee2d684bf32d65bb5779ea78ba4f2360baac46e6f48710b9c531277adc,5.256,0.06976442675087216,0.6174118518829346,0.33099802904152553,0.43808237275844547,0.227987697303168,0.9438126473545224,0.056187352645477584
hindi,169,c127090a8261671f4e68cc31639996579099a014bbd65dc05c580ea8961637ae6978ac28c265bbba5145400258f062bf70f582aac610a13525cacf73579563bd,3.636,0.10893789794527836,0.7855064272880554,0.5817278463277282,0.25467032790920935,0.16148798908538764,0.8703597821623668,0.12964021783763324
hindi,170,cb80d11c3532ab20b83037029cb1c2394ea6339f697e7101b9288365e3387903da82dc7d32bb6f1a45d5659f6ffacc187711e06195561c5e4f09721683bbd761,6.024,0.12815045529470015,0.8491302132606506,0.6788936016915726,0.185051591656532,0.13437007051816877,0.9266863700476882,0.07331362995231183
hindi,171,00d8f7a5ea747472015787836b4694d24375a49cf2ca78088c1d29494110637aafa66bc0d135549c19cfc68886760475c2ae2584673c8d57e77eb82d3ddd6109,4.86,0.11938986523978262,0.8358421325683594,0.6124910755280653,0.23253199270584482,0.1529779785614403,0.916388948014583,0.08361105198541696
hindi,172,90041b5706ee244ae468f77fc173f418af7eaeaf77e9e240c6591775adf0b6ec1c2f106f53801ddbf0589017f91e6a1a6eada42c508689e48968b979a528588a,3.816,0.048046097974134866,0.2530755400657654,0.3075721047851901,0.34875582908937985,0.33962423218674603,0.9800379692401467,0.019962030759853255
hindi,173,f46c93c748a0c35594f074957a1b3ee72c090d5d18df96adad96f0ce2b54206b31c17b71d8553a83b3e053869270a1823fdc46be2f35cb0fd9f65d05cf8c568e,7.128,0.032099465476230944,0.17262959480285645,0.23512454973206992,0.40438189309889117,0.35578412135937326,0.989333281263677,0.010666718736322967
hindi,174,76ae0779e8b42a6cebddc96f1c8be8cd17dc128ea3dc6c77c1afef491eb3334aec08ac644ce6b553783bec6530bcd7a8d7869d249d8fc4cbf394c176c2a03fe0,4.248,0.062442108522573404,0.4813714623451233,0.4032437321734567,0.3241172181478124,0.26906766638411195,0.9149648424525522,0.08503515754744784
hindi,175,aaf6b52267451edd43f92433e040803b7c695022ac637484427c841d61dddefbc79acf6b684ebc2769e18c649d9b7a520a0041ecb7898d3f7e49d804f477a3ac,2.664,0.025822389806237085,0.11092573404312134,0.21513533269961546,0.38435355286467215,0.3957092495737208,0.980105161829267,0.01989483817073301
hindi,176,aae384c088b18eed8da9fe141de09f584054ad55ee2a6514c682c1bd425784ed886c928e35a66fa611ccad98b44274839b2b5f7c3fe678e1c8740cfc90389187,3.06,0.08122944296381224,0.4938129186630249,0.5109691555846353,0.2604525346285371,0.22558755400562036,0.911584186424211,0.08841581357578898
hindi,177,ffcbc3951f469a43cf363b5df83d56ab30c65a40bb5bf05ee2ae8f98f55d6c76d8cf505d8bd32cf189c373ef1e0a52d01d2fc3cfeea863dd3ea1546eb2ef68cf,6.696,0.06328706670482388,0.8284326791763306,0.3389792935932097,0.40494259048980064,0.2529445161990133,0.7854758950299059,0.2145241049700941
hindi,178,23dd6e26b3a5106b8ad2de2def45e53280a12df6c47364b2bf652743a0198329d4e46b73fe42287703f0146d0bdb9be101cb22064f7b79578248fdc2ca2085f0,5.328,0.10424688404832336,0.6360613703727722,0.569203665875326,0.23067480642122043,0.19758073589958658,0.9592441178621567,0.04075588213784331
hindi,179,807d2d7c9c8215754978fae4f17e36eb94cecc9ae19fe736e8d34d12bb62a75c0a67fbffd21303dc8908bb876f10a3f50e3174c8ca7b0cd61245d875cafffc70,5.076,0.061641783363465555,0.48917490243911743,0.35794990127917026,0.38394808862438873,0.2547274148716102,0.942133539306757,0.05786646069324297
hindi,180,c1edd0ef566e809ba01bf1a3011df6cd0fbf6a1675ba8002e671dd7b16588ea30ff434c78aaae27b190d16c6d7bd32bdd4a6b1ca631c0b3f819e807b3cdef585,4.284,0.018489439905557615,0.09685677289962769,0.18214845747105965,0.4270274401501646,0.3857895664483264,0.9810568059759386,0.018943194024061416
hindi,181,3db6bed8f713bb226c8e1414c97e0da016bf5573c7281dda13149cf951a3bab57698d09a84cbf226aebc5f978c42bbb83ee009e4e787f7674304a0ef235be968,5.968,0.2105003158398113,0.989990234375,0.9792983510552621,0.016685328683079984,0.0039820838181520955,0.9932640254831805,0.0067359745168195095
hindi,182,551ead2654838dfeb5faff96cbcc6d7ca4ac208e9f84293d31d5c89ae3e612bcc525e7f2cc8a050c834c1d550d9880c84e908cf0c4e90a885b36001c989f7aa6,5.688,0.05140294646566272,0.31286317110061646,0.3036270901566008,0.38268844637246063,0.309793886458082,0.9827907667532637,0.01720923324673629
hindi,183,e811478820937736d1074ae0c51bf72791cd1029b63b639e8dd3ab8f6d8ce46e9eed447dd3edfeca171695425e9496970dbbe5f3cb9b07cba7fed66459eff2c3,3.528,0.0641414858260626,0.3695758581161499,0.3883665262614126,0.31935494927149577,0.2883486488576284,0.9663646456261317,0.03363535437386833
hindi,184,9392443e20fff21db185ec2e21925398c267cdaec962d7a8bff381ae171fd3563894988fe4244da0866881fb39e56492843fac59b139c31b99211d6c8f44c2ac,5.22,0.06276821564075025,0.3229287266731262,0.4046331197447292,0.32010328837320906,0.27155788820466176,0.9738434889221337,0.026156511077866318
hindi,185,d09397973383a68b428b2de77fa5f97b990441e1d4f668eca001e162425c7928eb19441bc4e961b80af9f9414a3d1ce66d15cc8fde6c11fbb24bf65ac1eddcf0,4.752,0.09630404201296458,0.8584087491035461,0.5385984870497672,0.28268790783344483,0.17644112626669817,0.7496528388742164,0.2503471611257836
hindi,186,70c96a46f6827039223782fee3a93b99fa8168c84d3e5f9a0e2a1f16cfc1d62ad6f52d19ac175ad3ee541abd81068d089df3693e843b932053395156f6ff36b6,6.156,0.12860279133594826,0.7523235082626343,0.6224545134586411,0.19853009970017982,0.1770863129720208,0.9831192538057172,0.016880746194282814
hindi,187,f552d4cedc22293c27ab4a86fc3985ecf1bd8fe9e6664f6a835675acf4173fa94bfa392ddccd06a177ae2bf6e412212f42973dec10c26a7cfa02c48ddd7c7978,4.176,0.08761069090291375,0.7059078216552734,0.4759787899657399,0.2828965303980795,0.23852625301762528,0.9017622650864051,0.09823773491359489
hindi,188,0db277015ed4c7602383504e75bcfead10db6e33b12e442a983cb259a17baf2c98daf32f18e2c1917269103a2ef1776d88cab0357c43c487473d8fa511dde7e8,4.5,0.07576149073206138,0.6521843075752258,0.4677918062434386,0.2886728812616987,0.24035518785365462,0.8426279300897159,0.15737206991028407
hindi,189,0d2120fd5389d89f197e877a642aeb305bd4d8a9820d642a3ca7e83fe64ca61a0a8b15a37958f3629aa855408d3eabc56d2521ff9a06db24bd0c95320f66efab,7.488,0.13986918921781197,0.98651123046875,0.9762837677909715,0.021259049495005868,0.0023704197692922878,0.30182095632891937,0.6981790436710806
hindi,190,b3384290eb1959d422480362d83e5209c28470116f7c5b10b0306ace4c6c34fec56325a07bec155e841663e775d0573922c4e90dd59bad4795f5d75530c6732e,7.236,0.09742559287480244,0.6824197173118591,0.5418155920778663,0.24519244774420831,0.2104101625230191,0.95368778617808,0.04631221382191997
hindi,191,68f6c1a73cd1fedebd22d190a8c2352a4feea8200e8d49174816717f511d25ed723e883d204f75070930e1375aede06c9900b2a5e505584b63ef82d42f37fe3a,6.156,0.04526032002732319,0.2827606201171875,0.26767014606707545,0.4069668928857186,0.3211765434701764,0.9856436292735706,0.014356370726429368
hindi,192,9564825a0829d21edd512e0523b3dccf946f9cd0f8b90c2589961c1867f2100b337df3df56dcee0dbdc7b4f23de4dc7d2af884dea2f7a3f6a3f3dc081879acfa,4.068,0.04093607501765179,0.2115558385848999,0.2822169453186869,0.3669959154899165,0.3462218135831699,0.9797916433441746,0.020208356655825432
hindi,193,b9854a362f9f2796f98c3105310553f5d5b1d2aea5f247080a0d9ab5d329ac51e5e519bad74bd68b022867bb103a42741c9523a32ce80c3a4ac8ed64c4bde957,5.16,0.07318049502094355,0.7991540431976318,0.4232289935128886,0.2800921707339971,0.29372121390347755,0.8108293306009653,0.1891706693990347
hindi,194,fab15f5f87bd26a0f326787f96d92497bbfb5aea170dd8a415966cb8f7a5a7011bcb0b50bc9d46cdcf3edecaa6cf6753be6afd814aa420c9fd4e4ab3a40e7faa,6.048,0.08735581972490333,0.7708203196525574,0.5422892813503979,0.25172904704735727,0.2033059895807341,0.7822160656180037,0.21778393438199628
hindi,195,3cc689cef88ce2eef03fd3065b6ad230f3510ced585ce0ed79f637bea2ddf7ab025d93e97a52c579d31d186f0512b29153286885b7c54221a569102a68dec661,3.24,0.10397292818877733,0.7865252494812012,0.35396261964051523,0.5009394573258269,0.143235923157798,0.9718187138275125,0.028181286172487496
hindi,196,5a6f47bcb6c561dcfa6961b198d280ba77d188c7e511b84b1481770b1878583bcc74c8674f4f862c9ccbb54f4cfa3b2919ef94c8ace1c6fb22abe7c70365f402,5.796,0.11944235697290384,0.6837219595909119,0.6059416650964666,0.2344999356038682,0.15748490917378993,0.9748396980780628,0.02516030192193719
hindi,197,b5368a2dff773c397ef5c49e62c79de17d88d95d2079d13c22dfd061e40dd1528406716bf6158aee618664f8bd5cd01289e1e410afda482364672472b003fd9b,5.4,0.047698181656259796,0.3236190676689148,0.3313648371642658,0.35054637825362733,0.3140742931588556,0.9658114691483002,0.03418853085169982
hindi,198,a34b3f5fa057f54bc74179593acc5d316145622c5ece92f2e9b2d74a2de7fa87ed863a9061955f68625d580b33faa23dcd31f9c5a6f9c1e1dd8790a4ba671f57,3.384,0.05169064179825173,0.2890198230743408,0.3336354213437317,0.371250347962643,0.2910646711384722,0.9648759252606222,0.03512407473937784
hindi,199,db99ff8c0fa5f332a55cf562817f27833925bf83271532f90ecc088ffe11617a28606fb228d4141231dcc26af3b0b52af5256e3aa720feabe7797623552c295e,6.408,0.055550126806475836,0.3934100270271301,0.38039965020245414,0.3125323356697348,0.30301832918898586,0.9620796840950568,0.03792031590494316
hindi,200,b78cf5eebb8ae39161b94c37c3e8aa39f57e5639997972f1ec983cb9f44fcefc18f1c4227b3d8b263477f3444fe05696da0cbd5dacd3cb3900b2cbcf2370b155,3.06,0.09391165925440582,0.6259739995002747,0.5617317634086197,0.22770311302211765,0.2077849125177957,0.8787765861281982,0.1212234138718018
hindi,201,3dbb15be45bbb6a44cee0c715a4fd06c4e5267061420217c4a4279a8f47365fa3c7243c274d08ddaa39a11d39b1c281760c59e358f1a4b14914923605831a3b8,3.492,0.038862911466300075,0.22900068759918213,0.2839408169484843,0.3607950246488659,0.350508411120295,0.9700401824621491,0.02995981753785093
hindi,202,bd008914e8d61f280ef49d1b81b9ba5feafa0195842fb73953d414962085d13881380f143efa9cc3014fb5083f2ca49ec0ac216b23e48f676493303b320d17d3,6.768,0.08330309015256433,0.6076031923294067,0.5246780669605573,0.24465676740929246,0.22760682965302778,0.92026178581586,0.07973821418413995
hindi,203,550c775712c46fac6b29f44c8e1e47790ad3d24a4596e9befdad47efbafbcd202634809eed3f54d8b62ec448b24bbe8a67c224d24ae7ed2b6870581a3fd2dcd3,6.3,0.12463784111981094,0.9456833600997925,0.6484736687442466,0.21129088662712825,0.1384268460777899,0.8811828759741865,0.11881712402581346
hindi,204,56ba5616ef927a5c046387ad41208d615386a7bf95a3752a607516baf5fcc8fa5a93d8319617fcece315e6fc4a611dc2c2a3ec78a7e0244368ddcba4c2bfee0a,5.58,0.09506237101293279,0.6190847158432007,0.5723935293416046,0.2274809006794988,0.19775038473496723,0.9230348329033005,0.07696516709669954
hindi,205,f1b62e5d3473776b945ef79fbad0a46a621fb136b143d7aeb75a7cb854ebe0807524eee04fe8d83b3311152dad97e341e18ed5b8981b3cf322fec4e0700894bb,5.104,0.09668716563572866,0.87750244140625,0.7837011170030541,0.01878848317954161,0.19735284884105497,0.22800812097626955,0.7719918790237305
hindi,206,58913ffb4a411d7b14318c0cadbfb8ccdf1ed3dd5c7173b948c382329be9bb3fd15f6a5b863c94639786da4b32fa679087d9b0d4a04711dec86e1b82ed92c369,6.66,0.11385047511782069,0.8696765899658203,0.4966967180114572,0.3048077979366857,0.1966943582087706,0.9712533193847721,0.028746680615227893
hindi,207,ff8d1bfdc7d8be2fd275f506691f3ba70d9d60666488ab551bcbb76c3fe93c7cfaa703f465f40b60131807d73913eb37830221336b6803114df015fb7caed36e,2.556,0.10296720817768983,0.7059051394462585,0.5590342199301475,0.2522519140829132,0.18666796371278513,0.8862920237014555,0.11370797629854446
hindi,208,9a862e8c754a334f2c39963b8da67e4e6e46ef2889e6ac772bb3e3847c4e1586e46be4d21adf569a90009925022013d8900d5ec065a6eaf767a5f0c3f1317f6d,4.248,0.10143227576378497,0.7434550523757935,0.47279584736067687,0.3428736002211637,0.18223091599235386,0.9462991797826593,0.05370082021734068
hindi,209,a34b3f5fa057f54bc74179593acc5d316145622c5ece92f2e9b2d74a2de7fa87ed863a9061955f68625d580b33faa23dcd31f9c5a6f9c1e1dd8790a4ba671f57,4.68,0.08417981373772576,0.7455065846443176,0.39589210557505095,0.37748346482333905,0.2241589440500405,0.9225939723225468,0.07740602767745319
hindi,210,da10f782c53d93ec1dbf793a1f5404dbdfd390c9abdacd218d0c47e2366a569d50841b5ad9075f9b83e2c16b9194ab1be1f91e407a546218999fa14e2b49a3eb,3.024,0.09902107983581615,0.6106209754943848,0.6002903560703801,0.2062277975157042,0.19086440545366312,0.8831259306025051,0.1168740693974949
hindi,211,4fcdd17805b736cac2dc920985d2187185e759b54d9cfe7d2654dd8f4aff10e630e579edcb5cb4d04f215bebe6d096d9e932203345ad7272e889beca6a5c20e7,5.328,0.06952491206314584,0.7971585392951965,0.40952922980498735,0.3550579381135812,0.2323982318483376,0.7140999486229209,0.2859000513770791
hindi,212,2270a4902001989b755fb2acc9d13918db9f6f89d7d5b1cf38d55ba7ef62d366249b464061d0c3df63c12f38b738d552ba6e854c9e09ebf766f61506d2a1732e,3.6,0.037125504194464594,0.16982489824295044,0.27320659395084806,0.3707951053158577,0.35125117097418795,0.9788829004233396,0.021117099576660414
hindi,213,2755cbb1978d17293826c36025fffd2b0966f60a48ee026f909afce38191de6da445c4ee2d684bf32d65bb5779ea78ba4f2360baac46e6f48710b9c531277adc,4.716,0.07998347020109345,0.6775193214416504,0.4163661443023689,0.37587218047885823,0.2051553025253784,0.901920560992408,0.09807943900759197
hindi,214,e3d7f69caea5efb2f5319a49faacdc76440549b08282bef1d81bc2ce2e823cf05f2bbb7d1ec46ef4f681113376a098b117c1ac6a8b1dfe88acf27fa6a9961f31,6.66,0.1054387487740385,0.586632251739502,0.6182260471751119,0.20505188084864773,0.1743217132681901,0.9613453084756809,0.03865469152431911
hindi,215,04c41ef9e7a610b1bdb35d99443823570fcb9c9a4a63ba7855c471d73f6c1dbdf30796b0f86445c09f70057ce25436f51742b3a4829f5da39a0ebababbec6d59,6.696,0.08997291980031294,0.7207118272781372,0.4289907669301757,0.322778089316488,0.24582455116451998,0.967034012598788,0.03296598740121204
hindi,216,4f7f65a3c1d0ad3bc8c1b1b9d1f99a33e4785aac4a57bf5803876af5b7bd8c4d96f9ce70fa5d287f0aa26fa4aa86e8572fa595a5554dc71ae32d82496237da62,2.992,0.16532500375475107,0.950927734375,0.8698398138247063,0.0753200752532575,0.05479508484042706,0.8896163900429827,0.11038360995701735
hindi,217,5ed8ac2780bfa08239e0aaa23e691fbf20930452cfd1163db395388d3dbff09ffc862aedc9ce80763a39a782ecb2ad5f729198b4f8565adbfc50bb5327957cc2,6.12,0.11686550513546531,0.9899999499320984,0.664394704471047,0.1788632849074201,0.15465411738370807,0.7208402386316999,0.2791597613683001
hindi,218,43dc11a5328c78dc9536527d6945245d5b3e371fdeea987ac538a30956eacc649639e2b09c28bf3ee4f4f764475880bb8f68a5cd20ef78800a664b72a86ffe58,5.292,0.09109903673295097,0.6918278932571411,0.5566353518742768,0.2359595499123306,0.20474154718667,0.8600929700250152,0.13990702997498483
hindi,219,ddc0ae40d79e0f3980eb00cedd80e03d7a0cbf3ab7880588429060f50c16895262e0a1874caae85ee39e8bdd72e5ac94830df955d0cf0ec817d50ce83d61f055,5.436,0.12075064089168368,0.8017237782478333,0.5529391203183586,0.2874930656159922,0.15774589939141007,0.9701142662573436,0.02988573374265635
hindi,220,79741f3153a904c0ddeb1d81d69b137d61adb2a3f1c8ea30fd32a88a4f7028bbb73f1515f3cac14ad147b8c1845846d96d9333173f71677d207b7ff1357a37c5,5.016,0.05642368106832204,0.3497387766838074,0.3589393713538658,0.3368845442816057,0.3002300797405442,0.9704763058551716,0.02952369414482836
hindi,221,9564825a0829d21edd512e0523b3dccf946f9cd0f8b90c2589961c1867f2100b337df3df56dcee0dbdc7b4f23de4dc7d2af884dea2f7a3f6a3f3dc081879acfa,4.356,0.0395855711278648,0.21821683645248413,0.276130547316445,0.36706672003530805,0.3519541919678876,0.9797256125778279,0.020274387422172135
hindi,222,cea40007071ea914e41633e74d05142fd1f5f8f49c154534816017cf89ce625657c804fe479fe87c08854ecd847697d6ca0fb6bcf424006c307f65430c34785e,4.248,0.08052977568431663,0.6867601275444031,0.35373723279483127,0.3970419983599144,0.2464134239494291,0.9529042043891616,0.04709579561083843
hindi,223,1a94dffb861da3c85c0994bc8c83f7b79b502a83733ef28bc302cf6f1d5413001cd86d1c723357821dc3a90ba1b3f65e1203c2fa176b43daa279055fd6e5f529,2.808,0.08644285217739886,0.52681964635849,0.4001068994618453,0.403380467841458,0.19384684254288992,0.9686324577435765,0.031367542256423464
hindi,224,ffb5eeb570d2ef310e46742868405151da6adb390253787708f24b730c59c01b34656465701e80b1157e9b0f9421b9a06a454f56e2a3a4bdfbf5c6c64addad11,3.456,0.0633435231372014,0.4044414758682251,0.4006848513645062,0.2981735538005402,0.29734156510120147,0.9520326165682798,0.047967383431720245
hindi,225,758b942bfaf2837bafb0696d5ebc123856f4841aed4dc9d31bb010e7a67246791cda1685a1f4de659ed10843f3be1d227e8f4935ca088afa8531c61ab5bbed26,6.48,0.11924189052787414,0.9780501127243042,0.6119315773848283,0.24066904609626943,0.14553566895711426,0.8550771431001056,0.14492285689989437
hindi,226,2755cbb1978d17293826c36025fffd2b0966f60a48ee026f909afce38191de6da445c4ee2d684bf32d65bb5779ea78ba4f2360baac46e6f48710b9c531277adc,4.32,0.060768367011449186,0.34674614667892456,0.3319526722522402,0.4025036149386949,0.2622632413366881,0.9774769556763944,0.022523044323605634
hindi,227,72f877fac9bb314cc8a49f707222e440bdbf0011ca28657fa408f62c6b95ed4f617faa364554b0b0a75f4c74e6a1a745f376376bbadd8c8737f405f04bd49632,7.128,0.11002277337257248,0.9900000095367432,0.446136604574794,0.38738534753565096,0.1646552628836616,0.9433628169626019,0.056637183037398064
hindi,228,a3069630fb79df0d9eae6fb7c0ed4c47a06faa08d3fe8be08872d56597dc9e31932cf3ffb9d63c47880e76dd8364d7ab7cfa1fe4021aa681218a4854c60fbf45,3.6,0.03715841409142281,0.1905772089958191,0.2826471974618426,0.358804778367854,0.3536884402771311,0.9741229102039816,0.025877089796018438
hindi,229,be10029504aaa30796d27938620d08189f19a31701c9f552f60c99eff87dddfbf804efc53af08d2670685aeaeeb295c9f3326c85b8127b0ad0d1232f03bc1781,6.12,0.10402499833700828,0.9270139932632446,0.5188836806655265,0.30714459154156376,0.17161896967393578,0.8569222084623331,0.14307779153766687
hindi,230,0d2120fd5389d89f197e877a642aeb305bd4d8a9820d642a3ca7e83fe64ca61a0a8b15a37958f3629aa855408d3eabc56d2521ff9a06db24bd0c95320f66efab,3.6,0.09383339830926543,0.5643232464790344,0.582843485089479,0.21899150920785507,0.19566605421202551,0.899326848704087,0.10067315129591303
hindi,231,ccd20bfc67c11f3e895626eb3d7e07e2eecb1ce583467fa1a70d8bda435a9fc5cf14c4a421d7811cf579acb2397447cbd649ac6eaaa8073a71a7d04ccb90882b,7.668,0.14839222153549148,0.9626092910766602,0.6995093759386268,0.18143505976317498,0.11751968769122963,0.9738904732444904,0.026109526755509593
hindi,232,c45d64f4a9ad8d1efb4d802830abc40f0e0e29e23a1d399fb4e668a1781d60c7b6329f4ed2b4ee75586b7ef748b73a373cb36707965a2b5785d7e9ce6196f390,6.84,0.0824164299577612,0.7677533030509949,0.46857285280625954,0.3087131854367303,0.21994750757549267,0.8674289427819896,0.13257105721801044
hindi,233,f59a2dc4d475bfb45d9b9628faa8b0e53570d46a05fd85dd8542559975c8cd75bf87c02f557d7ecd3e4eda2872a7e4a57adc699bc30e819c9e5c1c9e520cd02b,5.04,0.06859483704093916,0.37580448389053345,0.44941430126902565,0.28343867600520534,0.26352675588120333,0.9627975278013576,0.03720247219864237
hindi,234,7645441bdc18d3b030505861df550d84664b9a9931552e1efeafab2fc218b84b74173a02073f3ab449dfd6be412293b9bfbe39fc0b97793fff0f586d8212ca0d,5.94,0.059611907637142,0.5411518216133118,0.39264772097592593,0.318133455189738,0.28537401043410515,0.9100988326568207,0.08990116734317932
hindi,235,aafda704e52784565ee078117b2a7941d822e96444d43cfe115de75e654f8c08c23b050eebe7b4264498537464b6e45cd0624f23aec65f904b156464d5056d52,5.076,0.06510691656606647,0.40828800201416016,0.42150129211194876,0.2896652491321628,0.2853134937565703,0.9597840264048941,0.04021597359510587
hindi,236,5310b36732adcb306bf541cfc07167aab125fdc69f95b159dc7599776e6c59eba8b9c847e20aad3e0d2cedcc27f1e73e9d9b7e9522ec4287c3f54c98bbca7ea7,7.236,0.10255624186484594,0.8167456388473511,0.5885281884182664,0.21514904145374772,0.19372528695134342,0.8852728337160756,0.11472716628392443
hindi,237,23dd6e26b3a5106b8ad2de2def45e53280a12df6c47364b2bf652743a0198329d4e46b73fe42287703f0146d0bdb9be101cb22064f7b79578248fdc2ca2085f0,7.2,0.10725086622085758,0.6096226572990417,0.5806948176200611,0.22639151880728384,0.19055059238379043,0.97859991675362,0.021400083246379986
hindi,238,0a073b2441b86a13d80728f1a14413d473c4091d1053a3a53982f2c2698abb2a31f35efaefaad9b678d4cf8b27aecc058d4f664d005474a90b8af287ff58c303,7.536,0.07252941344238015,0.40463656187057495,0.46240024744224517,0.27356135351933253,0.26069675542797593,0.977954014226003,0.022045985773996968
hindi,239,9c12887b11ae7ce76bcb5c4ca6b56f174e89c82f02c52c05b93ac7a40b6fb7b28d8474241a7dc36b3ad5b36eab48a209bf7e68a905ca64ac40b89e9311dec25d,3.996,0.03959911679877513,0.18212389945983887,0.2867225877359297,0.3691588313515332,0.33946613216461463,0.979077393013566,0.020922606986434
hindi,240,eadc13b88ea5631a21a2beb0917e9be628171b8aaae29918cb08b2afa62e820e01d0a5e21154b643f10067864ae138783bc31abf1a13b86bcb072fa0f0df4d40,3.996,0.009916457006864462,0.04429048299789429,0.17783875387994033,0.4118215287188173,0.40493870056288095,0.9743255575841071,0.025674442415892895
hindi,241,1a94dffb861da3c85c0994bc8c83f7b79b502a83733ef28bc302cf6f1d5413001cd86d1c723357821dc3a90ba1b3f65e1203c2fa176b43daa279055fd6e5f529,5.868,0.09399920408019019,0.565610945224762,0.5062882357512871,0.2985646293144049,0.19254303402931297,0.9682441835777544,0.031755816422245564
hindi,242,c0fce8f25f23b41ed1321b49a5940b20f8b61130c14559d79ddf3816e5a433e06cad1469ff786911ce97ba8ea234da6b623881f3bb65339d1d3dd296e477a193,3.42,0.09683589335641636,0.6791249513626099,0.459432189705874,0.23210269789736762,0.30624934432618967,0.9747109537355707,0.025289046264429293
hindi,243,4c946f553c704abd727b3818b1d22dba011a368043575278b58ae219f71cb8914e6cac82abe55d7da17f49bea4cceb3b96c17355a6f5b078c19a947defb9061c,2.592,0.12004781981329553,0.9900000095367432,0.6622037094543334,0.1886036576560689,0.14737331469277368,0.6136162777209155,0.38638372227908446
hindi,244,0175f4388a3ca66faae78ea57819f8aab986d188f874dde198e28b64248291dde8f43a6912b9de4854f9862a8f832961da3e9194bec9ebef96b1c9b66d956422,3.528,0.09575485231011122,0.7240259051322937,0.5821566126815969,0.20944058410481917,0.20581961570674026,0.8024053314157766,0.19759466858422337
hindi,245,8525f36954391ad7696abcf66c1383e5409d52980ebd2d7b1063cc48ed81ebd9f8cf3a8c257f079e986893cfa2455e4c832d04863c8fed7db4f4d5951ec34d1b,4.788,0.055682716595181786,0.4507841467857361,0.35324837251694274,0.3078316619733036,0.3352823993367623,0.953802622435809,0.046197377564190956
hindi,246,9698b39cb85f238f1346eea2dba721e4e8fb440bd4d14b632aef84108f02f47d028463a7076a9eb0333b72fab260a9357f045de63eaaa3c7374ce6a692e081ba,6.912,0.09724433923804414,0.8294073939323425,0.5437520684541479,0.25978224558475527,0.1940652103065228,0.8677052766889395,0.1322947233110605
hindi,247,aae384c088b18eed8da9fe141de09f584054ad55ee2a6514c682c1bd425784ed886c928e35a66fa611ccad98b44274839b2b5f7c3fe678e1c8740cfc90389187,5.22,0.07782167847667439,0.511627197265625,0.45461952931158517,0.3196728733818439,0.22272396253687216,0.948821063998593,0.051178936001406994
hindi,248,36062260d676bde6039ce120c376465b2bd64e0699bac4f5ccf693568a39376a0cbc895a1c3ad2b74de0236420dc51f0dc3bc8d7f1fcac394756286a2c426056,7.632,0.1686220718089387,0.990020751953125,0.9049228851608785,0.07932047619287538,0.015721507789636293,0.9236436214523916,0.07635637854760835
hindi,249,2b0295a46df33cca7111334e28048e4ca8856ac39e51ceba5d127c2defec2c84aa3dbbe0b2cd9a0057a3710d4ca5936186ac62306a21dbc4f493acb9486d1452,6.516,0.03189890650201376,0.21042382717132568,0.22710439016030207,0.41391829110388967,0.3541131026945438,0.9853985035690281,0.014601496430971861
hindi,250,9492b0374bde3e9f6b0f2910f764eb837b8a3c261e9705422378ca4e59d7e977df84518e2169c11a238bf11cbd8477391bc51fdcf9134ad8216402b0cd5c37c6,3.96,0.06678003319399893,0.6333443522453308,0.3248647154038137,0.4084353537737358,0.2633465723141481,0.9225900618191631,0.07740993818083686
hindi,251,1ab26689a68e6aeb9ee56daf140f5d65c19295d6b65eaef9f51f22cbd867b635758194eb9640790ea7d37a0de2bd5d0f235fb7662cc80dda56261f92c3cb4475,5.796,0.1008593669245262,0.9900000095367432,0.5074179953085519,0.23531281978879323,0.2550104353196096,0.8467298315564983,0.15327016844350172
hindi,252,ea8ef3168cd29cf3bb33c603fc49336a1b58747fac2bdd17b4f6d59f24ed30a903a1b574e5d276035f8c3141478664e8f36c46a55fb6637e08b183a0969615a0,4.608,0.13211716345965466,0.9900000095367432,0.6818445007438511,0.20393831530903772,0.11275628233546298,0.8207478769249472,0.17925212307505278
hindi,253,bbf090e6e283e4e37184a2e8d18c4e8b316a072a5565f942ab1fe209609ce93499859b1bc6b7111be2f33203c2746e5c37c57a3fcff52e9a7f38780d6fc39a26,6.948,0.054154477832450885,0.36845844984054565,0.3467130251368086,0.36004053333566066,0.28947815668079235,0.974242224431615,0.02575777556838499
hindi,254,40755351d14a54150898c5756a00e1c19d4099c2b7fca916bd7eb5967ce050c2fa3e5870250539857dbb1005de528c8a967e18a0f7dfd0dfce66024cc6a979c0,5.76,0.09128902285715908,0.918899655342102,0.5794476684885354,0.22356067925826026,0.19451265039951052,0.5481419113432687,0.45185808865673127
hindi,255,46f23ae11e8565e979749342e1097a77fe3ef574253f10323351763c97b22c07b42362b03c576fa1d45361cede36368bbd6b9325f1f93cd2b8ed161a560ece2a,2.4,0.09204596997044001,0.6363571286201477,0.507573777774746,0.2942194436531774,0.1955550605399627,0.8884580815914089,0.11154191840859107
hindi,256,5b3872837902e6d95327320c254ce8cc9e7b69e3ad4e2e54f93009f6f44af95a3b2bd03dd9504518ddea0ce1bb0793458ea03d00ccd3c918aba1a0a91476da99,4.656,0.10080985922800874,0.7349219918251038,0.5950045516926983,0.21243174056446631,0.1902145358445716,0.8559626731245129,0.1440373268754871
hindi,257,d24af5ee15190d3fc14dfc4ee3c75c75fe66fb537d4c7cf94e0e7d489ba442240b112a68a9dcd921ed48aaf17649bacd187e913bf4f22c1471cdc0fd263e9aa7,4.896,0.14045421193686122,0.976287841796875,0.8130284100545939,0.18590472462767899,0.0009927740633587584,0.588721800941851,0.411278199058149
hindi,258,389842e0cd33cfb9876ef3d2f0e50eb0d9842d3a72efb647244e2cab4f456609c2fe3c3584b5307808cc70d8a9f6cbc18617ef2eadf45ed518b03c0dee8dfd87,4.824,0.10065441398149079,0.9383055567741394,0.5791215574656954,0.23456528247448016,0.18389539357110793,0.6520553129534518,0.34794468704654824
hindi,259,70c96a46f6827039223782fee3a93b99fa8168c84d3e5f9a0e2a1f16cfc1d62ad6f52d19ac175ad3ee541abd81068d089df3693e843b932053395156f6ff36b6,4.716,0.1328182072952472,0.9900000095367432,0.6697963991275929,0.17545406786756887,0.1530352526512226,0.8797553303452851,0.12024466965471492
hindi,260,984398a9ba94c5ce43b621c6fee2c6092d5ea3632e0b605bf206a5ae59eba42401dbc36603073eec2117374293d2675a9847d91f1c71deeeeee7c5202840a1ea,4.896,0.025405062850508482,0.13404858112335205,0.20613621838226195,0.40061572939409995,0.3881351078455134,0.9855211044504475,0.014478895549552506
hindi,261,d1d9c267ebee74a32597d31c9167b2edb1f99cb7f4aa13501a5cc3bd519deaa2516058fb40da1e55deef24bb43e231ab5f17484bb11468d631c90e3bf29b76d4,3.888,0.011055514428090824,0.04436606168746948,0.17812957785352054,0.4132419833150047,0.4033627457231833,0.9758849472947148,0.024115052705285245
hindi,262,42adfde56dd3d69ed58436d1e8a55fac999afb0e390ebc65c299c3cd2b7258cb079683412241e54e7fa275e56a02bd19a10d6a17fead09988cd0fad2e6061e7b,3.096,0.06939740480798565,0.6035788655281067,0.46773880582040556,0.28802097052867875,0.24093640852986645,0.7572501554618761,0.24274984453812387
hindi,263,e6f76063e0bed01647274603154c6319e89caf2d63a94e0c72490f58e3bca473aba94f53d264079979a367057af8c6e8152ef88087ac70720ea6175f8f9e4970,4.536,0.1273554880718668,0.9900000095367432,0.5908141868617057,0.2423449612989205,0.16519445632321555,0.91250462107975,0.08749537892025006
hindi,264,bd008914e8d61f280ef49d1b81b9ba5feafa0195842fb73953d414962085d13881380f143efa9cc3014fb5083f2ca49ec0ac216b23e48f676493303b320d17d3,7.884,0.07426845406663826,0.6746870279312134,0.48757306009540663,0.26505536266190943,0.24396187500652297,0.8742202844280847,0.12577971557191525
hindi,265,d5417347b8d450c2aefa6ac74539b48c943a0d94b866457184e18c67074d8c2eb785e7191abf9c2199ef4db0873ef3ca503bfeaee470f6ab2506b8c2120a6669,6.048,0.0853148954725399,0.7717013359069824,0.360453940903071,0.42076627786747256,0.21642438255132898,0.9527019814712195,0.04729801852878046
hindi,266,f4be1316ad0e2da63cc723ae7822391bf5e9bebab20d134595b5dfaa0fcfc42a3907fb02b5ee992a496c84610d4d015a0b2f1e8240dc27a431cd55d69b1ab7e3,4.356,0.03158001629169867,0.1688193678855896,0.24902531210324888,0.38566184261234565,0.3605728761223402,0.9785175737225131,0.021482426277486866
hindi,267,e13c23ee2d8500b3cffa2cdf67ef9d827331c36238411c839fe39b077736953b55de43cff6bb2d96066fb6660cc6542db53e3e5abe00c2cb8d79cf3bc38b22fb,3.78,0.031491510082930725,0.28354233503341675,0.1907858634665377,0.3355946263600854,0.46937699804141114,0.9861342221126442,0.013865777887355768
hindi,268,c3b879809a9ebf0d819103be644fbf3fee1c8cafd1e2c2f905c8d6d5c2497bcd47b0cb932bb4106b5729479e89ca660253ad1158181c72462d1ce0499047db90,3.996,0.07499782711833916,0.38629400730133057,0.4752573541820015,0.263926567249804,0.25724042462157587,0.9619159370820038,0.03808406291799615
hindi,269,b5368a2dff773c397ef5c49e62c79de17d88d95d2079d13c22dfd061e40dd1528406716bf6158aee618664f8bd5cd01289e1e410afda482364672472b003fd9b,3.78,0.041643207266865406,0.21998107433319092,0.29658339083017793,0.3566272226470339,0.34219981135812133,0.9748823607964363,0.02511763920356369
hindi,270,46f23ae11e8565e979749342e1097a77fe3ef574253f10323351763c97b22c07b42362b03c576fa1d45361cede36368bbd6b9325f1f93cd2b8ed161a560ece2a,3.696,0.017402633724083728,0.07652264833450317,0.1974192092700981,0.4052295907825817,0.3920996947534002,0.97691130554982,0.023088694450180025
hindi,271,e0b0d9bee4bc7b503aa80e3cc2b981cba7d2cd3493201182fda6cfaf6bd0f3c06ed4dece1470c13e0a96e60f29ff7be6ceb53724edc3973a8e5594a8b8f2fb13,3.996,0.08464702007295163,0.4442564845085144,0.5045296016715934,0.2509513440705865,0.24135713463073447,0.9648246246058867,0.035175375394113306
hindi,272,ec78af2b863dab21a727f2ae9acf3ca8000403bcaaa82e800686048efeb2dcd359c7afd61fc63ea272d52e127546ccc8650a9df372bdb8f30a4df59e828cc263,4.536,0.04897216001391637,0.2710636854171753,0.29808834905802367,0.3865701266245997,0.3112319310726369,0.9805291636348697,0.01947083636513025
hindi,273,ec293248c910c28091014fec13d47bb69cc84f0b265ad0536d7e39390f3de510ab879fa3c23797defe85d8c846a4e148c971e28da6a90a647a9bc37eb03362bc,6.408,0.0318834244631391,0.19023454189300537,0.25628103033710525,0.3746507949572041,0.3640161127929623,0.9835078275419967,0.016492172458003274
hindi,274,1a88297b510c4d15acdd9d6a3f50d13fd6420c8f934e487a7ec5096ab5fbebef165269d581a12002a5eca2cf3fbced4552441668df9c027abd45ef0895eabbc2,4.248,0.08866979762395688,0.6523093581199646,0.49438221399303844,0.3007054359241772,0.2023625421004232,0.9040675200959438,0.09593247990405618
hindi,275,c7a77aac9398049c593a06e3bde552061eb033612d2266a548202cc8790a06dd5c5c4fb002e8013ef38f94abed95b3bea0e56c4cb6aa8deecf7c63373764826d,5.652,0.06800393404422876,0.4812767505645752,0.45213171465335633,0.2882024071511701,0.25635420200726716,0.9300371774742141,0.0699628225257859
hindi,276,6ebad08c5960e5ac3ec20197f173828d6da580b660c01794cdd4270089cdd590b3d512277ba38e372e860e7e9e9d9621fbeec2edd3ab07dcfe713a646c246543,4.356,0.08440154808191495,0.5784920454025269,0.5382930771693885,0.23625273134806277,0.22236715978226065,0.8859283104960558,0.1140716895039442
hindi,277,984398a9ba94c5ce43b621c6fee2c6092d5ea3632e0b605bf206a5ae59eba42401dbc36603073eec2117374293d2675a9847d91f1c71deeeeee7c5202840a1ea,2.328,0.11692309346864828,0.8695583939552307,0.5596622823388594,0.28884067906682415,0.1496488814163498,0.8743449147603959,0.12565508523960411
hindi,278,9be22651e8bee8e72a3187d9a27f0e9ed24c178b528062b4ae5d6a2a32dbb8c6001f6d3f15d60270fefa422a2c58426a2c915931d43266eb48a2d15836111a95,7.416,0.046110366885848665,0.3183804154396057,0.3292980932037037,0.34767408500554664,0.3188968828078285,0.9761115698177917,0.02388843018220832
hindi,279,e3d7f69caea5efb2f5319a49faacdc76440549b08282bef1d81bc2ce2e823cf05f2bbb7d1ec46ef4f681113376a098b117c1ac6a8b1dfe88acf27fa6a9961f31,6.12,0.057750386964710736,0.31827878952026367,0.39472978067238634,0.309033753952252,0.29231684072607195,0.974178089099548,0.02582191090045205
hindi,280,c1edd0ef566e809ba01bf1a3011df6cd0fbf6a1675ba8002e671dd7b16588ea30ff434c78aaae27b190d16c6d7bd32bdd4a6b1ca631c0b3f819e807b3cdef585,4.14,0.01223677566937559,0.058330655097961426,0.17692793665501405,0.41870738844331046,0.39910586177780705,0.9770728972506918,0.022927102749308204
hindi,281,311217067d55b7cce037852182d16a8e446e955f838c22ea621a12cf2d0fcb73cef39d58af1b90b48bc6a39e94534cd5781370c0e4affc028225fa2b2f7029f0,4.536,0.07908074052997072,0.46050703525543213,0.49902430677879045,0.26219540891378534,0.23558554031050072,0.9453457151738417,0.054654284826158306
hindi,282,ecc7e59a32c148c0940caf49e33b11c6c9cbcd065d19c3a636df8798f9a2b79eec188e8b8ec5c0ba3212d762cde863f145957a01d44291181826e1579efbcf79,5.112,0.021945369741811643,0.09248816967010498,0.1939802002028025,0.4022964325342407,0.3987700333553144,0.9881022130106314,0.011897786989368608
hindi,283,6e20e06229081bf9c063f01cd7b3e0a759f5953624213afea5c397d4b7fe9a4dc5dae704a5faf61147d4155de50dc4a2cafdf78e7e2f8a3dc8633f276065b4cc,4.716,0.07558495545596274,0.4959712028503418,0.47063777552083724,0.27895717864397307,0.2471640007343447,0.9380005835758037,0.06199941642419626
hindi,284,5d04e341d28471b5a0877f8fdc6dfb88a706c40c3a904e7e0b0982891ccab4d619b816f3a5dc1025591b7cfdc9f56ef10169afd22bfcd78c1ee7b6fc4e36bc03,6.696,0.03915929311455732,0.25032711029052734,0.28756779230399765,0.3744265779377103,0.33365195052775315,0.9800760564041605,0.01992394359583949
hindi,285,6f3cdaef649635685d3a90ee62bab981848e6ed6f25f28b9b43c2f3d4ac51b4e42a36ead3b4b83add1e9bd60f0c66f05ecfe7c7c5154b6345a1c2f1c85b32fa8,4.608,0.11060194954451928,0.6819556951522827,0.5826965640229917,0.2544364530978474,0.16080915880806845,0.947768335750802,0.05223166424919801
hindi,286,cba73505723d31fe1d355fd9c1ba00f36d72661f667b151bb2e4db347100a72793ca3d5351e0293af666bf35d2684deb3e4bbc6fe630ffabe699d80709a0ea07,6.768,0.020841982104605628,0.0966537594795227,0.20562998305660377,0.4002065408702666,0.3889299950746804,0.9885772794719377,0.011422720528062258
hindi,287,f8d4690343aebc46b5b4f761cbee6d5cd597474f021f677c62c03c23da03907c8e42536fdd96e5ead2cdf210f62bca5450c4902a6ca872aec66acc854084cb5f,7.704,0.04251068307443277,0.2161901593208313,0.2958480938810717,0.3665379759600101,0.33328538173083827,0.989365815110082,0.010634184889917964
hindi,288,3cc689cef88ce2eef03fd3065b6ad230f3510ced585ce0ed79f637bea2ddf7ab025d93e97a52c579d31d186f0512b29153286885b7c54221a569102a68dec661,5.76,0.1368210252305546,0.979827880859375,0.711045775666896,0.28884407838146303,2.412811637554582e-05,0.7709139129222807,0.22908608707771927
hindi,289,95340b846e677ea27571958308bb11e2403ec2e4464bba7c97372d324e628a906f6be086595117707361a5dd7b41295d64031b6b2a5f2e50f6dc0a1841fd7fa2,7.92,0.02306329110355949,0.10330551862716675,0.21069051856765086,0.39643275815536255,0.3876385608880925,0.9918034309876772,0.008196569012322796
hindi,290,1ab26689a68e6aeb9ee56daf140f5d65c19295d6b65eaef9f51f22cbd867b635758194eb9640790ea7d37a0de2bd5d0f235fb7662cc80dda56261f92c3cb4475,5.58,0.08235564864784517,0.7629718780517578,0.4085471505312994,0.25788355428712617,0.3308580610012363,0.951261522084009,0.04873847791599095
hindi,291,0d095340640de1eed083de79682cd69d43729d60e08c0a6819dd49b8f15d143165cd66c8061dffa3ce372d4356c10e0bc5cc1a3a224cbe7e1cfeca4c5cfb413d,3.96,0.047483455368717335,0.3117620348930359,0.30791693274563375,0.37491910694422886,0.313131070543735,0.9652318331211296,0.03476816687887041
hindi,292,cb191bbd6bef46c81c9d5a49421a071897ee938b184fb94525d71950769ff71a8e4c5380bac3087cf73f11082371a95a9e76e594ba58d9520d5892e39d9d167e,5.148,0.07686394599541341,0.52861088514328,0.3471388353707843,0.4184710995963564,0.2317931826296957,0.9791841754017241,0.02081582459827591
hindi,293,aaf6b52267451edd43f92433e040803b7c695022ac637484427c841d61dddefbc79acf6b684ebc2769e18c649d9b7a520a0041ecb7898d3f7e49d804f477a3ac,3.06,0.031045695688401813,0.16712260246276855,0.24866845700044643,0.37904790187526605,0.36753582172013355,0.9723492756281993,0.027650724371800717
hindi,294,fa0e5eaef7ca1de58387002c2b682b7b480943dbad6e36170c4c3dabf85516e30d2a6332548e734128bc69878186e8820b707e22b7de10ba7cd80ed20cbe8f81,5.616,0.05061626759926899,0.41966164112091064,0.27134278127531214,0.4292223666517356,0.2954257004714883,0.9709657065953201,0.02903429340467989
hindi,295,53c5dd7ebb08179dca2b5f3992b991b3d28288202e01a950d1e70510db84b5cdf9cb5e72803a4212e7428e60b2ddda26a81dbdc01410725d0d6de265d86cb530,7.668,0.06717949937908985,0.41595423221588135,0.43192828032869224,0.29914875318497997,0.2653169155404088,0.9737349231476566,0.02626507685234336
hindi,296,a71fe4c8c51459edc23fad3c7288e0216049d06b3ffb15d556328a42b3d18daf25ac6d1566a0037209e321081df2632dfca7bbeabd547b9eeef87ddf1e6ad329,4.86,0.08897020095581701,0.8897739052772522,0.4372242871158079,0.21153216894824323,0.3488342924963778,0.9189012692875264,0.08109873071247364
hindi,297,6df5947ecd6093ba0b8088111d11231f209c5377b37d2ec78fb66df1c555d0c218e4a7dfd601f4d5395ec9f0579ec4eca44d2fd60b09e80bc62ef446ea485886,6.12,0.1049881550562349,0.8379840850830078,0.41119666275723865,0.4392737451588679,0.14762093138346175,0.9665220767543533,0.03347792324564669
hindi,298,c3b879809a9ebf0d819103be644fbf3fee1c8cafd1e2c2f905c8d6d5c2497bcd47b0cb932bb4106b5729479e89ca660253ad1158181c72462d1ce0499047db90,3.96,0.07142219000123845,0.3731232285499573,0.4583628777162225,0.2721995764510968,0.265807002898874,0.9614703484380164,0.038529651561983624
hindi,299,2d27b396006a861ca7b1d045b46c33a62ae2f394d1da44c60a21ec6da2cbb9bbd3c7db23f5bdf57b185987f7c6157ac50f6af45751dff9a96bafc3fe6b5bea2e,6.588,0.09266911246429096,0.7238411903381348,0.5160578997158379,0.2880661456279192,0.1932577248433874,0.9131833184345576,0.08681668156544242
hindi,300,3c47037b539064a039337a1c897e88029bf7cfb906524864e55c38b90aa9efe57730742089a7f2a1b508952b6272c39cd50f7d701230bde9d0afdf4fefc05d8a,2.664,0.07720687179892323,0.4712754487991333,0.4417466506748666,0.32169361364998167,0.2335167088635452,0.9418840555120831,0.058115944487916904
hindi,301,ff8f23f061245d69de7cccf1ee33e0ebd713c56e08f5a4a2f4732746be391af221f711cf9aee47cf8cc4c6402985c5231bff4ac03eaaa1e1a1cef4e1cdaf2936,2.088,0.07381643612402866,0.4451485872268677,0.41892697558412073,0.3374850811478991,0.24046970687820776,0.9430583646849026,0.05694163531509744
hindi,302,aa9327f862e22c8a7e7c1cc05e596b019cb19e79329dfd7495112ab3dafda315d4ab663885cb951c63be27858c37f1aa245b0907d689b37ee4db113148053cc6,5.148,0.12511674839485698,0.986533522605896,0.611282882545731,0.25792342088128134,0.12918151840513786,0.864917927177979,0.135082072822021
hindi,303,8a05ca02926d437b43ff4cc21925621fc16dbeaf8e35977e8c6f5da4d29494951203f52e20050d365fe263f76336e15d23cf8d1f0c0514c9fd900f7d92b108a1,5.688,0.06162758440764468,0.494187593460083,0.3969105209915164,0.3347225317813568,0.2649344930384675,0.9283961625929984,0.0716038374070016
hindi,304,0296590f079d0307e6a54bed03a9a137e124eae99c566ac40f5e14ff6f07084af6f1b3c11b51c8910d774cc6ae571696c616838249c2e12fe64eae03221496c8,4.248,0.05290295269928165,0.42401283979415894,0.36000589443936704,0.33379724506533015,0.3019402150533894,0.9275239628878081,0.07247603711219186
hindi,305,2d27b396006a861ca7b1d045b46c33a62ae2f394d1da44c60a21ec6da2cbb9bbd3c7db23f5bdf57b185987f7c6157ac50f6af45751dff9a96bafc3fe6b5bea2e,7.488,0.07697271364608546,0.6586435437202454,0.48871039693012186,0.2840862741808092,0.22428922311462238,0.8866279865786135,0.11337201342138647
hindi,306,2dd9387ee31e2dfabf2c664ee5a533b648b4c169efb1d67c4d3246b1e1d4adb4bcf85903b3619f188a6913a5a6e2a7cc0311056fd2cf598a2e20dd9a1cd96193,6.12,0.09991606395684423,0.6951449513435364,0.5464810344958516,0.24009820395460166,0.2109063026730704,0.9471042929970097,0.05289570700299029
hindi,307,56ba5616ef927a5c046387ad41208d615386a7bf95a3752a607516baf5fcc8fa5a93d8319617fcece315e6fc4a611dc2c2a3ec78a7e0244368ddcba4c2bfee0a,3.636,0.06288716742425375,0.5492875576019287,0.40097477634881845,0.3215200539637956,0.2740400692240493,0.8711158369730477,0.12888416302695227
hindi,308,cea40007071ea914e41633e74d05142fd1f5f8f49c154534816017cf89ce625657c804fe479fe87c08854ecd847697d6ca0fb6bcf424006c307f65430c34785e,6.768,0.0725610401192337,0.555570125579834,0.36742143268290206,0.39384275990781387,0.23567346961334537,0.9695916895795089,0.03040831042049108
hindi,309,c3ef3ab4323cf25135e6b13c5baf4f313c3c59fea4cf21337ecb956e033b5b79db26a65c4279f7092dda2c2d1a5175e591e08ba495a247500fe295c3b8cc5327,3.264,0.10725089362126865,0.6918945908546448,0.6158279067327753,0.20558436156069504,0.17626660954143358,0.8836911113736797,0.11630888862632027
hindi,310,5d04e341d28471b5a0877f8fdc6dfb88a706c40c3a904e7e0b0982891ccab4d619b816f3a5dc1025591b7cfdc9f56ef10169afd22bfcd78c1ee7b6fc4e36bc03,5.536,0.09372809699020425,0.990020751953125,0.8579985606873669,0.138394269049504,0.0034955220454304372,0.01590818276094882,0.9840918172390511
hindi,311,9960686415eb494ee9537261d6666881f9ba972c52152db480cd96dd07d7bf619cd2f1f9d30815cdc61bbbd4eb031b57cf2297022021dc923732cd69a3a4a5d4,3.744,0.04837294592813523,0.339709997177124,0.34453865845676207,0.3294208800755402,0.321637873793954,0.946131758732395,0.05386824126760503
hindi,312,1dab0a43e9720c288528bb0aa9f27d67d429f550442c898d5be29fba84cba6c1f8c882ae46f1d75a260964131e51dd4de0447d2a63dbe72957d89bb70d7af451,5.256,0.051372043115183286,0.38478565216064453,0.372425388445744,0.3194820295849917,0.30415260814757156,0.9409345827278557,0.059065417272144316
hindi,313,9698b39cb85f238f1346eea2dba721e4e8fb440bd4d14b632aef84108f02f47d028463a7076a9eb0333b72fab260a9357f045de63eaaa3c7374ce6a692e081ba,7.056,0.11151442896988965,0.7920046448707581,0.5795801342793504,0.22320609381452308,0.19520667047875223,0.9548361752742187,0.04516382472578129
hindi,314,9a862e8c754a334f2c39963b8da67e4e6e46ef2889e6ac772bb3e3847c4e1586e46be4d21adf569a90009925022013d8900d5ec065a6eaf767a5f0c3f1317f6d,6.228,0.094135811397856,0.7243945002555847,0.4852032425955181,0.32635186931046195,0.18615069142429364,0.9350315284354558,0.06496847156454422
hindi,315,eadc13b88ea5631a21a2beb0917e9be628171b8aaae29918cb08b2afa62e820e01d0a5e21154b643f10067864ae138783bc31abf1a13b86bcb072fa0f0df4d40,6.696,0.05230805836438923,0.3819270133972168,0.36034613120995257,0.3226441217744055,0.3128637066557316,0.966034481513141,0.033965518486859025
hindi,316,58913ffb4a411d7b14318c0cadbfb8ccdf1ed3dd5c7173b948c382329be9bb3fd15f6a5b863c94639786da4b32fa679087d9b0d4a04711dec86e1b82ed92c369,5.04,0.11845590932538716,0.8364415764808655,0.4888142025215325,0.37053349184880946,0.1389946542834468,0.9705274797142939,0.029472520285706127
hindi,317,be71c5c863d6de0f351032d62a7be08c92ba176b5062de0dafb4440746492bbcf9cd33f72220ff106d4b21f86dd04bb624bf109c7252900c3f92b4303d603af1,6.624,0.02818494469152199,0.137215256690979,0.23503349420936004,0.3846959703905898,0.37514015752518615,0.9882470955221903,0.011752904477809745
hindi,318,2270a4902001989b755fb2acc9d13918db9f6f89d7d5b1cf38d55ba7ef62d366249b464061d0c3df63c12f38b738d552ba6e854c9e09ebf766f61506d2a1732e,5.796,0.030455003086947305,0.15363210439682007,0.24162469684495708,0.38657579210275805,0.367085536455084,0.9857438339492627,0.014256166050737318
hindi,319,ea8f8541a19f474c4246d33005ad2c365f8b82b7a9b214bc39bd7b0ea6469e6d17fc574bce867f5fa60612c98df61735b7e95bf0d9c731a290e4c4bd515098bb,3.816,0.07692736076257331,0.5266452431678772,0.4748853101465545,0.2921999804729271,0.22996986899391053,0.9085781201906314,0.09142187980936856
hindi,320,d5880664e0b201cf24b4972ea9890b801afe05af05cd4302d95952f06934198872328efbf6eb11bf51e169d4c62a0e8756088bbe001fc353a9b6d080ed9ee3dc,6.552,0.1213975574314472,0.7574371695518494,0.6683296111938936,0.1928615519400303,0.13706813028417916,0.9405656298717303,0.05943437012826969
hindi,321,d5880664e0b201cf24b4972ea9890b801afe05af05cd4302d95952f06934198872328efbf6eb11bf51e169d4c62a0e8756088bbe001fc353a9b6d080ed9ee3dc,4.176,0.08825711147007007,0.6323460340499878,0.5425325088523663,0.247080229327748,0.2075779929970858,0.8664106506635637,0.1335893493364363
hindi,322,da10f782c53d93ec1dbf793a1f5404dbdfd390c9abdacd218d0c47e2366a569d50841b5ad9075f9b83e2c16b9194ab1be1f91e407a546218999fa14e2b49a3eb,6.024,0.1051269424047214,0.7570610046386719,0.6227862912905796,0.20609411625965415,0.1689341953965868,0.8687328344869113,0.1312671655130887
hindi,323,9801769c27a3734c88c438fbbc4fd95e31d1f04128a9c1119883a512df216d892440e9a8f3d14c835b7e50e57a3e746ce0490c6316f545cb28de9cc9947b9545,4.968,0.09672210456372973,0.6213386058807373,0.5948587644631025,0.2062238412331085,0.19634954696615595,0.9047958803550776,0.09520411964492237
hindi,324,3cc689cef88ce2eef03fd3065b6ad230f3510ced585ce0ed79f637bea2ddf7ab025d93e97a52c579d31d186f0512b29153286885b7c54221a569102a68dec661,4.716,0.10881994788461306,0.7835110425949097,0.3655618311872282,0.4998490539576322,0.13283290147890695,0.9838649966000356,0.01613500339996443
hindi,325,8023dc679c28a4172456d8e4b741aba9ed1895ba41b8cd0fd18f02c6775991869a2b8c2802e6ee72defb8caf5ec8ccad0b6fe8fa2b264bb9448ebca8b25c5989,6.228,0.0976456469501902,0.7493082880973816,0.4118102081652008,0.42188874033357415,0.1641854180443231,0.967925064244852,0.03207493575514797
hindi,326,e13c23ee2d8500b3cffa2cdf67ef9d827331c36238411c839fe39b077736953b55de43cff6bb2d96066fb6660cc6542db53e3e5abe00c2cb8d79cf3bc38b22fb,3.6,0.021285964732647107,0.09995532035827637,0.20521610597953083,0.4016015208826366,0.3880972256729992,0.9783962596561717,0.02160374034382828
hindi,327,9daf98d1ee349378718aead0f9edd13b1352e0fe0e72a2d71aa458a79d9f474c8680549bf1d62115d59c13d52d97364c5672adb795ac73db59b709c92cb7870e,3.528,0.07461804511544885,0.5744659900665283,0.39015741647187585,0.3762850807753487,0.2304093879645111,0.9295187833013275,0.07048121669867247
hindi,328,a77463c4923319faa0aa9e316c75a0c0b8b57506ca68d5ae159872b937710f58e5559c8f319e0d9b23c3c80f7bff29a739634859ac38c3cb38e1f278cc7d4b97,6.192,0.03635990573013936,0.18326491117477417,0.27733764951736606,0.36877957793240906,0.3492239407675174,0.9848400909551611,0.015159909044838882
hindi,329,ed5627c36413bada41ea1e6c75f249a22863f90dfe81b12b40587549b6f59442964cae88a1db7d7b111bdf5baee22c51842eefbfa75af862de09d7609b6e3af2,3.52,0.13994573579729178,0.909820556640625,0.8598961799154727,0.13166850736983557,0.008366936817671635,0.506780085458755,0.49321991454124503
hindi,330,9daf98d1ee349378718aead0f9edd13b1352e0fe0e72a2d71aa458a79d9f474c8680549bf1d62115d59c13d52d97364c5672adb795ac73db59b709c92cb7870e,4.176,0.10094304041307485,0.703231155872345,0.49696395883627337,0.3297778100585994,0.17109741492639785,0.9399727841397572,0.060027215860242844
hindi,331,46369e01baf2553b6269322ed95fc7afe1865c88e5f462390a20e35e6af12cc97960c4874ecda585cb422e132fee3f04da4f91fa41175b3b36d9bc7d7033edf1,5.04,0.06485672495548916,0.38726943731307983,0.38765810944539497,0.3421491622506918,0.2665768325639587,0.9704364304449562,0.0295635695550438
hindi,332,29bcb273adde2fc3bc2e4595307cca55f7a2164b643bd634a478297488389dd87132dba219b5a51a5b42b59a42fe5eef68ff2cd098bb675cf680befd442613d5,5.256,0.09206800610431719,0.755981981754303,0.507324503651374,0.280836581218285,0.20917611905804678,0.8816956796649895,0.11830432033501048
hindi,333,02a40eed38bf20ab1ddca1a5c60f5b2cadd5455be21c7a1ab8e87d65a6fec68495c0d24d8fecdfe3f9d132fdfa842dba33dca093df21b19f3d325519779d13d0,3.24,0.03765876374034885,0.1817360520362854,0.27744726726931984,0.36610017800641487,0.3518427506492871,0.9757337911098227,0.024266208890177277
hindi,334,79741f3153a904c0ddeb1d81d69b137d61adb2a3f1c8ea30fd32a88a4f7028bbb73f1515f3cac14ad147b8c1845846d96d9333173f71677d207b7ff1357a37c5,5.232,0.07120590227941767,0.6013485193252563,0.4372288751358823,0.300162391315839,0.25921735491263515,0.8988260940723957,0.10117390592760434
hindi,335,a260ddbc5acffed848007a0a9ec6b79936f77999c825631f8f7eb91c11e3369d404de512eb961b464b0208a5da2d4a8cf154dba0a4d11010520e02dbf6039b2f,5.868,0.11467384496015255,0.9846523404121399,0.3592197090109218,0.5011683994348651,0.1381110919734513,0.9755679411919015,0.02443205880809851
hindi,336,ae0a0fe60554522906f5f10d702870d8b639c50f99a9ba0d357814bdce5f39421c6e2ac11f10a3e1b2d1bc606b887b6fc12d2b50fa34afe36a725b6191d5ab4b,7.224,0.06468471948979672,0.34771788120269775,0.4342193805526172,0.29059253890382813,0.271559993443001,0.9770834340480066,0.02291656595199343
hindi,337,8532ee1920f74cab963f7b2895f0b5d5519a8762bb1f3b742293915270928c8826003a955e9a9a092982572ddaceed20ff3eaedd2517aa8c4a3759585bfb5493,6.084,0.04856134110176158,0.31656479835510254,0.2750109686553729,0.43084089889306487,0.29028664015009215,0.9822501986901196,0.017749801309880353
hindi,338,ccd20bfc67c11f3e895626eb3d7e07e2eecb1ce583467fa1a70d8bda435a9fc5cf14c4a421d7811cf579acb2397447cbd649ac6eaaa8073a71a7d04ccb90882b,3.564,0.14155805446372988,0.9900000095367432,0.6920361872641405,0.1821752397155117,0.12427842897018686,0.8912518837629791,0.10874811623702085
hindi,339,9be22651e8bee8e72a3187d9a27f0e9ed24c178b528062b4ae5d6a2a32dbb8c6001f6d3f15d60270fefa422a2c58426a2c915931d43266eb48a2d15836111a95,4.248,0.06795191077171825,0.5439915657043457,0.47403555014677096,0.277662805070114,0.24505671183641436,0.8314593912664086,0.16854060873359145
hindi,340,287db5b3c7065ffc1e6827c0bc87dc4a6b6a45c159642fe8d490d5adb6ce18a5b4b528f921503762bbb20b1fcd84f5f8256a9a11cd4ccf55964f301b416b08d2,6.3,0.059659225899009106,0.4064338803291321,0.3622589942512286,0.3150386793752129,0.31923846207471535,0.9777001315831165,0.022299868416883473
hindi,341,ec293248c910c28091014fec13d47bb69cc84f0b265ad0536d7e39390f3de510ab879fa3c23797defe85d8c846a4e148c971e28da6a90a647a9bc37eb03362bc,4.608,0.08301464243347517,0.6274354457855225,0.4295753384337839,0.34928268656656647,0.2184613351540647,0.939070241485107,0.06092975851489302
hindi,342,a3c9eb18e51d74ec5fbf9ca9ca1d5edf24c691d0f685ef2ffc8689d107710a300eec2172a79cc039b119ebc451ab794cb8519ce2d3c37209c7f24649089a7fc2,5.4,0.04331897878854411,0.23655569553375244,0.2900505344833589,0.37490747185183954,0.3308655631874724,0.9825998368704365,0.017400163129563495
hindi,343,3e444b1d4cdc23e8a54c43d1ac3345d6835dbaa76477746b5e5250bce5018392d78fb03ea06a10b718ac956846d3e8010411d57ef75bf8debac74979ebf00f1d,3.568,0.1440029818847659,0.989990234375,0.865343957235406,0.13420642546340955,0.00039170463355631477,0.44432002784760594,0.5556799721523941
hindi,344,1605878cdc4bdeab0724827abc448ec019fcc59763e097294754173714e955fe80a28c12eed4a39a58f442138b886e755cd644efb115aa2599c6e50a20e63a74,3.528,0.07858124105940369,0.6146491765975952,0.3484699603681986,0.41908716571713345,0.22986234835731192,0.9564229027337573,0.043577097266242704
hindi,345,cf3aeeacb5f17296626b5c4098ec5eac55e41cd4794e1b866c7c42ccda4ff82ab59144d9af79e6479243e61724113d6c7ccccb7dc02e7a235f5ff37eee99c5d8,2.304,0.02298555226238935,0.107127845287323,0.20826114717471736,0.40363615865554264,0.3830877139970535,0.9729147122276859,0.027085287772314115
hindi,346,b9e669f9010e60c988c15c6c357649706d91c33219725e9a2b12fe7903fa536fc8b34a51ea158f2ba92027617b4944a2514cfa7beb4249f26b23754403940006,6.944,0.18438386008456414,0.989990234375,0.9526857297233481,0.04662600140723758,0.000641811534931005,0.9590258658859679,0.04097413411403206
hindi,347,c7c4e5ded1e6121c38594d1e3bbb5a49f1d269f96c2591f9e2d4da7cf5c9cdc7598248c5d24452c832160a2503d344167242cafabc1dc3936e1a6065b281ae77,5.008,0.243649604263227,0.990020751953125,0.949035467913885,0.04061666397781121,0.010324000684588872,0.9996787575887677,0.00032124241123232533
hindi,348,e0a36ee267ea8131975092e3f0b285cc85c2ecf0e47fa58a4f81eea8ef911bc2e939a2fe85859b96f77623060400a6ad1157350fd138ac8523288698254e8c4e,5.904,0.0823840532848092,0.4612475037574768,0.49720230042499103,0.26928103119504176,0.23037863360728442,0.9679202746588946,0.03207972534110537
hindi,349,f26e5928f716985bc8f4d827952dad56a5ef30e0da734a77a5224d9a0868ec78bfa430efda3ea5dd5bf4c69c0c60cff5d80782822ec2df77ce10f2cd82712f53,4.716,0.04589193075183463,0.3436829447746277,0.32430174468833994,0.34444015583002685,0.3269187771982593,0.9554228586884516,0.04457714131154844
hindi,350,1605878cdc4bdeab0724827abc448ec019fcc59763e097294754173714e955fe80a28c12eed4a39a58f442138b886e755cd644efb115aa2599c6e50a20e63a74,6.336,0.0678614815747194,0.645316481590271,0.29790165351975434,0.45413863232925666,0.24500100577471431,0.9587941226507599,0.04120587734924008
hindi,351,f4be1316ad0e2da63cc723ae7822391bf5e9bebab20d134595b5dfaa0fcfc42a3907fb02b5ee992a496c84610d4d015a0b2f1e8240dc27a431cd55d69b1ab7e3,7.02,0.07481939465310866,0.5956965684890747,0.40611423024101734,0.3610928619579082,0.2297870721947818,0.9540103968160948,0.045989603183905214
hindi,352,621e009fa43e75aecd867db6acd010a1a280b1faeb916e3a5e1a0bf8346fd32406c7ac120765bc592bf0484fcc239c756ead9625c64f9c6b3e9210bdf698995c,4.968,0.06276288872696727,0.5302226543426514,0.39855267986359166,0.33029423747414893,0.26770920765980244,0.9074960835479972,0.09250391645200284
hindi,353,70d88d4c44e1cdf95c1d79d4d5377362b0a154121ae535e0dd78dae908e37e7c5d6e5bbdf117f33fa7fe3e2b3b823339ff5afc7854685263b27e78ada3a47e35,4.896,0.13874164508806755,0.8921926021575928,0.7316080129180821,0.1562214947328219,0.11078583155296443,0.906671166943638,0.09332883305636197
hindi,354,ca96256894b92e0525b6f8bf5bac013efa869bfe9b8ec767a84d2e0b6f9f3108886cad7b3c9e622cc74ce7c803c4f9d96080e182713805211464db35f0adb51e,6.012,0.14355565598738798,0.8325296640396118,0.7157550819618995,0.16835990604850448,0.11438129930745698,0.970427132239944,0.029572867760055965
hindi,355,112f76f2e0c2f27b09b20340cd82d13c315858e70901593392d2bbaf1377a5ed05b373a77f5f93b0298be6ad7e0285d8dea7c8fc9e9d3ce601d702ff3e3a7d91,7.02,0.025117893482240482,0.15393346548080444,0.22952435630426557,0.38714779736871013,0.3782963929669064,0.9854626478693026,0.0145373521306974
hindi,356,38a6ab913e27c72c3f28f3d2da65caa00933288bfaaa24633ad7168676bf34a4bdf59bba015f1be078031901c2a05ed997cd106fc7bb6ffe0cead3f59ca77415,3.78,0.03378914324860886,0.2076246738433838,0.23308796568855286,0.3684074794203617,0.39405557756520637,0.9824848169519413,0.017515183048058658
hindi,357,80ffb7f21aebcd96b01f5098bdf0f377f31fa297c2c30290be3dcd6a69b87e7570cd2e9ce41edb96038e485ce70cf75436dba4a0c7925bb36a68db134979c585,4.608,0.10231277622696143,0.6785174608230591,0.6047571688169514,0.20922143758127507,0.18355344616835184,0.8928362942504257,0.10716370574957435
hindi,358,8a05ca02926d437b43ff4cc21925621fc16dbeaf8e35977e8c6f5da4d29494951203f52e20050d365fe263f76336e15d23cf8d1f0c0514c9fd900f7d92b108a1,6.948,0.1175684428201268,0.9728736877441406,0.6362885076373513,0.2122781392957197,0.1494780664657845,0.8236128326314354,0.17638716736856463
hindi,359,6990e943cefc8a2ed3e12aa2c2a781793096d1aaf311b175943b3029333a59e74f30086965cfb6f7db8b79b431c41a44e6b4aa3f806707fc0c4e5da883dd1d54,4.32,0.0921434402463104,0.6926862597465515,0.39034238454381914,0.40542638153006366,0.2018596099184746,0.9659604863953142,0.03403951360468582
hindi,360,2755cbb1978d17293826c36025fffd2b0966f60a48ee026f909afce38191de6da445c4ee2d684bf32d65bb5779ea78ba4f2360baac46e6f48710b9c531277adc,2.556,0.046592136942419406,0.31993335485458374,0.2863414640104923,0.4031404572569112,0.3064979479721832,0.9556865165967684,0.0443134834032316
hindi,361,b4dcba6c853f94a6e9abf98d501e79af3eec51ee1635fb1529bb4103e9fa495c7c937b7c4e4219bf3d414b549d2476904d15ff5feeb26b478b01bdc367f61bb2,3.852,0.05221086468263185,0.3767814040184021,0.3668053219854782,0.3279172187041379,0.3013676872578819,0.9331401047243161,0.06685989527568392
hindi,362,4c946f553c704abd727b3818b1d22dba011a368043575278b58ae219f71cb8914e6cac82abe55d7da17f49bea4cceb3b96c17355a6f5b078c19a947defb9061c,3.888,0.12641261672065987,0.9900000095367432,0.6192957299240259,0.23788157704282156,0.1411028798020159,0.8431025170151485,0.1568974829848515
hindi,363,80d92595b38c164010ef7313465d16463f2c96fa6fc022b2e01e189d36b259ca8c60d34dedd33eb9e2efc010529edd502641106737ba607a53218e01e86be40a,4.356,0.06741412796652521,0.5262972116470337,0.4059680273465794,0.3451468140894501,0.24562198082180428,0.9144318084809149,0.08556819151908512
hindi,364,0b0be66321658747b6942ac54496bcf15f205ec5468184dbc0f65a4cb4b175d240d39625f77f45537b8108cebca77574e09be59da116602782a75d1fae832a2e,3.06,0.01734908297519791,0.07812583446502686,0.1923388492926007,0.4067869508386411,0.3955723878137559,0.9751581941744233,0.024841805825576713
hindi,365,53c5dd7ebb08179dca2b5f3992b991b3d28288202e01a950d1e70510db84b5cdf9cb5e72803a4212e7428e60b2ddda26a81dbdc01410725d0d6de265d86cb530,3.348,0.046843000382939155,0.2678736448287964,0.3358965763963803,0.33868339810936776,0.3209409745861627,0.9603253459166003,0.03967465408339965
hindi,366,ae1ae84ba2341eb4c7c3fa47026ddc0b784387b58fa28c0a69f32c966e590141de3da70921c65c3477fb49575fab03213843d087f177422adb685978ca5c4b13,3.996,0.08109497249419281,0.46997302770614624,0.5040984947985483,0.23881795424227759,0.2541803975388098,0.9491746881188574,0.05082531188114259
hindi,367,4d52efb85f43252b4fa0af3ad7d8890f17e05c834b40f81b03d9f240ca3117bd7db0c1aa0bbdfc8844a852050c37a5d8911082669f388a4572d8971f41ed26e3,4.14,0.07564075461108195,0.4874245524406433,0.5043553636104424,0.25518181965919146,0.23744880733668947,0.9050593717519841,0.09494062824801586
hindi,368,2f15fd7bc51b2ba02064a0da5d475e0d6fc67649859ea797ce166b32fbfcd6af3d56241cdaa9d7107918bf5979de4ab7e702c6f255f5f2cfb0d154e19d960b17,5.004,0.05228769337563922,0.38645821809768677,0.35638485272046544,0.34047024233571693,0.2992475683835359,0.9485085164043613,0.05149148359563871
hindi,369,3f0b866ee8d4499e4c0de09d34862acbb1ea0139f53bf7f1271a8648fb35d9a3a31272a8bc7af870e3b52bf7f4cb51ae512fa07df79663eaeafa30221c0b200b,3.168,0.1319063652004376,0.990020751953125,0.932694518880005,0.061817731662887544,0.005442869828313501,0.11823663295814958,0.8817633670418504
hindi,370,203176393d9928d38b3aecb45ba1ad1c05c8223b492bfe21e6c5c6359083f8bb68f24ab7bf449051e8527e9beee0055a3628608173b59bad7bf948e6d3e0ff27,3.888,0.1565679853175214,0.8987962603569031,0.60652519749129,0.15055707966500093,0.24160764185221364,0.9966585722600181,0.003341427739981917
hindi,371,eadc13b88ea5631a21a2beb0917e9be628171b8aaae29918cb08b2afa62e820e01d0a5e21154b643f10067864ae138783bc31abf1a13b86bcb072fa0f0df4d40,6.3,0.05973104915132629,0.3440507650375366,0.39971712764279443,0.30489224024617556,0.2914827633579241,0.9739837264083416,0.026016273591658368
hindi,372,0663aeb40f5d5ea46610cac3ca0183f2193b429770c84b516efe7d199b8b110944005539d986613fdc9d6532694f43c3a8e4dfc9de8ae7bfbc8b57b412ef71dd,7.74,0.10808211377024889,0.9125712513923645,0.5836537382517903,0.24879166994291632,0.16544481000246572,0.8687588802172652,0.13124111978273478
hindi,373,1ab26689a68e6aeb9ee56daf140f5d65c19295d6b65eaef9f51f22cbd867b635758194eb9640790ea7d37a0de2bd5d0f235fb7662cc80dda56261f92c3cb4475,3.816,0.0712987420716907,0.5780110955238342,0.39860906082858033,0.3485464547554019,0.24974276473041768,0.9144616955133975,0.08553830448660249
hindi,374,755950c6eb4b91d87a8d62458e27e794e08783fbb4e47b61730e21bb685a9d3634dab0401114292ec8b3d3a282e0248c34c8868056fdb057716c14ae2b9844fc,4.416,0.19184364358628445,0.989990234375,0.9485559661401007,0.048910411828277156,0.0025033288722065123,0.9654426352968031,0.034557364703196924
hindi,375,3f6b6371f7312ac797f5d02bf334e9b13ead1882e2e9958e0a766c835a40fc8236d150a219d214e4879b1713d00569d69293518868e735ef6e2e030b1def79d1,7.38,0.05128283806968302,0.4303298592567444,0.3132048235425286,0.33657811638928464,0.3462681709228098,0.9778453105304492,0.022154689469550792
hindi,376,cf3aeeacb5f17296626b5c4098ec5eac55e41cd4794e1b866c7c42ccda4ff82ab59144d9af79e6479243e61724113d6c7ccccb7dc02e7a235f5ff37eee99c5d8,4.428,0.0359367629482601,0.18837308883666992,0.2630143781506664,0.37592473247814295,0.35601603459336933,0.9805380499785452,0.019461950021454788
hindi,377,169afd68fa12674be328762c77fff1783f807dfc52a7f9b0ec599d77f5fb9bd8998ec8f9fea575f4bee8d86d2ea242a97ee6de9da1bf191f541113fd3c432206,4.716,0.1462275787981756,0.9780879020690918,0.6728988970591713,0.22165305738824817,0.10410492633535205,0.947360027463739,0.05263997253626096
hindi,378,ae0a0fe60554522906f5f10d702870d8b639c50f99a9ba0d357814bdce5f39421c6e2ac11f10a3e1b2d1bc606b887b6fc12d2b50fa34afe36a725b6191d5ab4b,5.784,0.0664093739623098,0.3462895154953003,0.4460684490430386,0.279612448242944,0.2706428744308832,0.970278209424872,0.029721790575128026
hindi,379,05fd2a7f0d7cbe9acb1d838706b64a2ab489f6d0d2e7ff3a4243b1bb89ca3c1bc2e8dfd22bf11cf6e2fd9f11c2809b3dbf3db935d566ab6b6ee3122e3bfc20ed,3.456,0.02984263526614632,0.1497059464454651,0.2423859776248023,0.38143659781822964,0.3714841860037662,0.9767444328927716,0.023255567107228425
hindi,380,95cc33ae73783f08510cc8b475a3f7da1144f0cdbfbe42446afc4e8942bf842722a12076a164393f2c52e0db9026e5f129a90feb451956b70f7366a89e026f1c,6.552,0.019657145067443732,0.08781743049621582,0.1969057640204845,0.4021280127793525,0.39582744741828885,0.9890237797261849,0.010976220273815063
hindi,381,c127090a8261671f4e68cc31639996579099a014bbd65dc05c580ea8961637ae6978ac28c265bbba5145400258f062bf70f582aac610a13525cacf73579563bd,7.02,0.12343475045643272,0.9448137879371643,0.514081433046686,0.34992480260311937,0.13444308172064479,0.966932440364136,0.03306755963586405
hindi,382,ff8d1bfdc7d8be2fd275f506691f3ba70d9d60666488ab551bcbb76c3fe93c7cfaa703f465f40b60131807d73913eb37830221336b6803114df015fb7caed36e,3.348,0.05320648778568719,0.38886845111846924,0.2877172614123913,0.40778676994832835,0.30091840368024897,0.9654917104707028,0.03450828952929719
hindi,383,2f15fd7bc51b2ba02064a0da5d475e0d6fc67649859ea797ce166b32fbfcd6af3d56241cdaa9d7107918bf5979de4ab7e702c6f255f5f2cfb0d154e19d960b17,5.976,0.05938737616612124,0.4320862889289856,0.3616415243411677,0.3295425074754887,0.3052618805757245,0.9689075496707676,0.031092450329232357
hindi,384,3db6bed8f713bb226c8e1414c97e0da016bf5573c7281dda13149cf951a3bab57698d09a84cbf226aebc5f978c42bbb83ee009e4e787f7674304a0ef235be968,7.488,0.21530825614424845,0.990020751953125,0.9652735852394716,0.033525085414230354,0.0011675599154168904,0.9971450902771025,0.0028549097228974807
hindi,385,fab15f5f87bd26a0f326787f96d92497bbfb5aea170dd8a415966cb8f7a5a7011bcb0b50bc9d46cdcf3edecaa6cf6753be6afd814aa420c9fd4e4ab3a40e7faa,6.876,0.09030460256259307,0.5929559469223022,0.5677627737081575,0.22639499898330295,0.2031418629401746,0.9299030653590344,0.07009693464096556
hindi,386,13b72f7b7cca925bd373d5f2eab80cc1ea66148b333a85d6ca12be7e926fa2faf00dd733d0c670651eca79a91b3efeaf6918600638811c1c946b261c671a525e,4.356,0.05514257172373433,0.34398800134658813,0.34099158621781556,0.3626366589166171,0.29266798981072245,0.9680026349622864,0.031997365037713554
hindi,387,ca6156fb12800e3b3fc41f9907777531141ebf8f445b70901bc7137ffd0e5516c2229f3c8c695423887299cdfe5b9160cea313d614a4ba540d5ff4102dda821e,4.96,0.08537171445402318,0.990020751953125,0.8255123823350802,0.16591338121808183,0.008439664266643583,0.009748739962771381,0.9902512600372286
hindi,388,a71fe4c8c51459edc23fad3c7288e0216049d06b3ffb15d556328a42b3d18daf25ac6d1566a0037209e321081df2632dfca7bbeabd547b9eeef87ddf1e6ad329,6.84,0.10198501400955845,0.6860030293464661,0.5457586983071484,0.22822297200861635,0.22378113217725668,0.9667407033346276,0.03325929666537242
hindi,389,6599122319c224d4b370bdaa817d68a9d0d1774b81aada4980c0519f78ae3a9ebea33cc1b8fc6a20008d791474bdefb675e448b3c00d10d0fd05a39e153e922e,5.256,0.0742901890821865,0.4713132977485657,0.4772469468975853,0.27379102686808987,0.24570713438075809,0.9425322087121798,0.0574677912878202
hindi,390,a066789aa8ea6303bb07718d19b64857704e55535723a8dd43b6976195e18e9adc3a825f268a88ccc32ef7316d710fad8123af7ba21fb7c93daa171de917a426,3.952,0.09376073145649166,0.990020751953125,0.8503338793167721,0.12917715066169808,0.020410029884245718,0.01384135788117243,0.9861586421188275
hindi,391,72f877fac9bb314cc8a49f707222e440bdbf0011ca28657fa408f62c6b95ed4f617faa364554b0b0a75f4c74e6a1a745f376376bbadd8c8737f405f04bd49632,5.58,0.11156157839753224,0.8062532544136047,0.540624534244624,0.2996988450914556,0.15764843337743553,0.9425222184498675,0.0574777815501325
hindi,392,75c6bb7203a8fae0c08c18b39bebaf7f25f86e3b2cdbb1dbd65927288474b3fa5b24c5c88144d238b93b8327677bdfbdf560078a95a3594a6b6ea7dbf3f3eec8,5.4,0.11443071225741322,0.8540789484977722,0.6375116939282212,0.1930385878949994,0.167435471636222,0.858353545568795,0.14164645443120505
hindi,393,93f71918fbe69cad830cb49211cb10c9344e04ceca427ea39db38c8b5f5f200a4706f0a12646585364ff3b44f3bb75784005797e3e3259fd9579fa985955b3ac,5.796,0.13754063015996454,0.9871053099632263,0.37724933028513724,0.47731877361070174,0.14413312277396817,0.9960171232794462,0.003982876720553752
hindi,394,9daf98d1ee349378718aead0f9edd13b1352e0fe0e72a2d71aa458a79d9f474c8680549bf1d62115d59c13d52d97364c5672adb795ac73db59b709c92cb7870e,3.96,0.08043315578654635,0.5748351216316223,0.4041170495134674,0.37537208595544197,0.2177127601372503,0.9505589275062623,0.04944107249373775
hindi,395,c7a77aac9398049c593a06e3bde552061eb033612d2266a548202cc8790a06dd5c5c4fb002e8013ef38f94abed95b3bea0e56c4cb6aa8deecf7c63373764826d,4.86,0.11877007813522955,0.7515320181846619,0.6739624190780269,0.17410730101072827,0.14985804399143163,0.9037305862970096,0.09626941370299036
hindi,396,e6aef31fac7411f3f1b15c566dede061e3024cde1382d7ca1a860a093ad5b0b9c87aaa13c749ef9982c688d7a8d715c11aee89c2e3d541b9ba3dc73c5ec5cb85,5.424,0.15825506845111595,0.930694580078125,0.9718573093814648,0.0254845466325196,0.00259771217849768,0.6771552712827031,0.32284472871729686
hindi,397,5d11b952e9611a75d83a6b37c9eb61990cda39a280a57ed6b8e1e5169bbf408c23a2618a05bd8ed04bef3258fc84db91cac825708b4163b8053d8301d130370b,7.776,0.10899833480464832,0.637664794921875,0.9508176722478582,0.03397681481611448,0.015053373390414718,0.28301583890879345,0.7169841610912066
hindi,398,e2de24c9d3a10973bd81a43c7e81d2b7747c4395b5c28a66daed073de149a6e5d8cc3da3877c75c105e7ffa814d8ad54ef34008e39a9bbab1df11bbc31bfd2fb,5.508,0.12666710256615227,0.9434120059013367,0.6420116211389614,0.19894730260337273,0.1570297377297545,0.9016596707359411,0.09834032926405889
hindi,399,461059307d756b80d08835b893bbee0e93e8cf237db0b4ba90a0b34adfa5ee77c44a3777d5a0c19d7a920260f7fd54fdd84661371abe9ece4b08ea2624146827,5.976,0.0490370747760803,0.28747957944869995,0.3424502322115603,0.33522025597688015,0.3181648905932358,0.9764349949466627,0.02356500505333725
hindi,400,e0b0d9bee4bc7b503aa80e3cc2b981cba7d2cd3493201182fda6cfaf6bd0f3c06ed4dece1470c13e0a96e60f29ff7be6ceb53724edc3973a8e5594a8b8f2fb13,7.2,0.07822660036413764,0.5852505564689636,0.4654724023204385,0.2818950555354256,0.24934947325371204,0.9511163455005869,0.04888365449941312
hindi,401,7b90778674a3659c892533d96bb0aa534879da17cd2f9cb1ae73fc3cc114dda10eba8bb6cfeddbafde910b396a60b95e64b4134430071bf2dd23b8d6a9c32785,7.092,0.02883239283179672,0.14670729637145996,0.23912612744679407,0.394652877851441,0.36140529312439856,0.9878353991683632,0.01216460083163684
hindi,402,345ead41094d4bf4aae58398d87ab219b6ffd948dd640a1a2a4da43e2522343c539d11a27052a9cca1014b590e440971db0710852df02639dc9f3d304469aaca,3.6,0.09611700012046258,0.5717976093292236,0.38543540721505054,0.44742467543603115,0.16490441315511853,0.9839756079645738,0.01602439203542616
hindi,403,7a089d86c2c82f061df264f419453e3740e2a7e030b13163f8802012baaa04bb35130896e3ee83c688d07bce1c74d40e83dabdca6a911dc25d15f97ebb75b7e4,5.796,0.07254553365455083,0.4393846392631531,0.44436885479776156,0.29024085652221904,0.2620493084467178,0.9676107094065274,0.03238929059347262
hindi,404,038cbd3b3ba6f4aa92f2c4c86ba365b95aeb66bfafd37c2803b769b28c260573e0387b85d8ce77f0fea215ffc971b366a14916fe782fc7b0c238062ec238b0c3,6.516,0.0521643652728461,0.3130015730857849,0.3643046903873757,0.32106628411848465,0.3104676456347535,0.9753977149787982,0.024602285021201764
hindi,405,287db5b3c7065ffc1e6827c0bc87dc4a6b6a45c159642fe8d490d5adb6ce18a5b4b528f921503762bbb20b1fcd84f5f8256a9a11cd4ccf55964f301b416b08d2,3.816,0.07298493301603468,0.4490850567817688,0.43428441562433784,0.2969362223732895,0.2658202533314905,0.9563267161373498,0.043673283862650236
hindi,406,b4069adc243cc7836a2bf30d44984b772c144f867bb92b4226209bcdc0783ee26b25bf51d2c4e42b8af14bfe3d183fb5aed4fd783bddc50d124f0970cce3dcd8,5.328,0.10761654135355248,0.8780606389045715,0.599417730522319,0.22329203597442338,0.17515552958716857,0.8127816892033545,0.18721831079664553
hindi,407,4cef3c57c7794a486d20711b806222df778778312c01a26669a9c4fd75b74a3792424787393673b302401d3d994431c97c30b2d1b8bd6caa0fd563460fed5093,6.552,0.08576278985039053,0.6581981182098389,0.4462434636152919,0.21703226868744013,0.33414389346517354,0.9777984542781718,0.022201545721828198
hindi,408,ae0207e1b992822da425c226998ea35fa5a75ad2e871945773ba6a3a2a1198e2b949343a3576e4840ddbf58db73c345288cca62ba4835d8a03bf508c2d06f3d6,7.728,0.15957860800365758,0.989990234375,0.9554465339345733,0.042586987553886645,0.0019266610410931934,0.7546624785645,0.24533752143550003
hindi,409,758b942bfaf2837bafb0696d5ebc123856f4841aed4dc9d31bb010e7a67246791cda1685a1f4de659ed10843f3be1d227e8f4935ca088afa8531c61ab5bbed26,7.952,0.11291898261273095,0.989990234375,0.9307210811028386,0.06723319408591476,0.0019509781257188575,0.06458996900262054,0.9354100309973794
hindi,410,37b6f1162616e55fc582c2dae2bad013d8c460c8c44a22899b8c6d8b306cbc3e2eec8eb0f3e9c12e912ccb39aa07d9334bfdfc914e2622b7e610d06cd5c47c70,4.032,0.12967201233773012,0.875213623046875,0.951568111977914,0.04775596889654491,0.0005869709384223299,0.18015645597355878,0.8198435440264412
hindi,411,2fab289aa06c3d3ed662c848272fccd54cfe903fbc7895c797a394c8ac5314a6dcbd94b498eb6af96d006c568ea2a0d523ca6b0212684ed46408338da97c2b0b,4.672,0.13572487266003452,0.930450439453125,0.8356681191279205,0.13861120155038187,0.025640276491562287,0.5309949044469823,0.4690050955530177
hindi,412,68cb270e1215efd79204c075fb9df17b4ea024a7c09f74970ea4e506e73229238b2c3b3fc62c0f650e4fbd93cfbdd109b4442bcd5292c50b81cf80146568bf42,6.588,0.0499981445933384,0.2706782817840576,0.34345655991214136,0.34313369898688917,0.3092603455052987,0.981566909994474,0.018433090005525954
hindi,413,d09397973383a68b428b2de77fa5f97b990441e1d4f668eca001e162425c7928eb19441bc4e961b80af9f9414a3d1ce66d15cc8fde6c11fbb24bf65ac1eddcf0,7.488,0.08855440319733529,0.677386999130249,0.4941827838352371,0.3089184460453444,0.1943119780849775,0.9371862513940816,0.06281374860591837
hindi,414,6990e943cefc8a2ed3e12aa2c2a781793096d1aaf311b175943b3029333a59e74f30086965cfb6f7db8b79b431c41a44e6b4aa3f806707fc0c4e5da883dd1d54,6.228,0.10338774857503183,0.7480342984199524,0.458893603374577,0.3531391602594786,0.1857037423768739,0.973096391756717,0.026903608243282973
hindi,415,c8eabd52eef7e16e14998264ec78831ec7b891135ad93c446e459d4643b02c721b412f4fc828522a478fdbd2d5f4ca9838991a89368c78cb7f0617b3837a00ca,2.988,0.04771508043317524,0.2757771611213684,0.31848856789229113,0.34086594250377583,0.33630010824149553,0.9681255243875729,0.03187447561242707
hindi,416,5191b8af39731f5141ffac823e13e25016e5b3109209f12d3337bdfc92ddff74ea717e293a01fe3b90fb2be2a87b0621cc385140b097b7e6d76f1d2e2f319d74,5.688,0.09587294159359121,0.9836814403533936,0.46975626551963795,0.3408050655976787,0.18711657700186807,0.7718014112943722,0.22819858870562781
hindi,417,7fbf4c95e3140e3dc38caf6b69156e7b0c31b692322f830bd453acafa852716c55556b85dab23eb2fcf7567541c68490442cf56fba72b2b29acffe250f110146,6.444,0.07431250364691833,0.42167097330093384,0.435794612932816,0.3001608392731582,0.26067821080697146,0.979711209815933,0.02028879018406704
hindi,418,0e97e303991e6646c845049579a4bea7a25ea775f6b8b44a09e0efd0ae9661ec984c393c92d2522e3158c8b0ca206ad60fd9e136713e18c21dffd72811a88b88,6.66,0.1573563070132265,0.9900000691413879,0.7592452360620642,0.14328716574720066,0.09617667593996626,0.9638082635104637,0.03619173648953633
hindi,419,8525f36954391ad7696abcf66c1383e5409d52980ebd2d7b1063cc48ed81ebd9f8cf3a8c257f079e986893cfa2455e4c832d04863c8fed7db4f4d5951ec34d1b,5.868,0.06630809299742697,0.41752344369888306,0.42801590545040014,0.2906084037330169,0.27791814481478305,0.9634475632526545,0.03655243674734554
hindi,420,46f23ae11e8565e979749342e1097a77fe3ef574253f10323351763c97b22c07b42362b03c576fa1d45361cede36368bbd6b9325f1f93cd2b8ed161a560ece2a,5.232,0.12211129746452198,0.8234931826591492,0.6679497781098948,0.17816492134186782,0.15190596725628294,0.9026783411264487,0.09732165887355126
hindi,421,9698b39cb85f238f1346eea2dba721e4e8fb440bd4d14b632aef84108f02f47d028463a7076a9eb0333b72fab260a9357f045de63eaaa3c7374ce6a692e081ba,7.092,0.08511105466048718,0.5975344181060791,0.4847431884428388,0.28615686768634374,0.22649827623529467,0.9581840125794363,0.041815987420563694
hindi,422,c1edd0ef566e809ba01bf1a3011df6cd0fbf6a1675ba8002e671dd7b16588ea30ff434c78aaae27b190d16c6d7bd32bdd4a6b1ca631c0b3f819e807b3cdef585,3.708,0.016858200864438514,0.08001941442489624,0.18696230220826232,0.41650732869693113,0.3912694546444976,0.9776157961625775,0.022384203837422456
hindi,423,04c41ef9e7a610b1bdb35d99443823570fcb9c9a4a63ba7855c471d73f6c1dbdf30796b0f86445c09f70057ce25436f51742b3a4829f5da39a0ebababbec6d59,6.48,0.0736771891551557,0.6424126029014587,0.3747545243747744,0.29344139529691193,0.3288980246697697,0.9703948063165582,0.029605193683441833
hindi,424,1a88297b510c4d15acdd9d6a3f50d13fd6420c8f934e487a7ec5096ab5fbebef165269d581a12002a5eca2cf3fbced4552441668df9c027abd45ef0895eabbc2,5.004,0.11321684061049882,0.7824233770370483,0.6119650363427637,0.21737369323821634,0.16848439120321188,0.9112631326782906,0.08873686732170938
hindi,425,7645441bdc18d3b030505861df550d84664b9a9931552e1efeafab2fc218b84b74173a02073f3ab449dfd6be412293b9bfbe39fc0b97793fff0f586d8212ca0d,7.488,0.09295872854985335,0.6854556798934937,0.5074729483422928,0.30454150735277874,0.18546037520598924,0.9451412169162425,0.05485878308375747
hindi,426,5e46ac50eb1d862c9c16cabb7768b1b412ed7ec5a51e13e22953cbb21d43c30f5addea8f5b6797634a95c8140661feb46f36a8e68d9968dc8452c0ac88af7e59,3.384,0.07518202858351469,0.49974143505096436,0.4403026602851843,0.3184043486128126,0.2381693288699767,0.9323136084899807,0.06768639151001932
hindi,427,ddc0ae40d79e0f3980eb00cedd80e03d7a0cbf3ab7880588429060f50c16895262e0a1874caae85ee39e8bdd72e5ac94830df955d0cf0ec817d50ce83d61f055,5.904,0.14320161934640585,0.7969427704811096,0.6142166537193726,0.23561204833189864,0.1486925770014067,0.9926533336211589,0.007346666378841071
hindi,428,169afd68fa12674be328762c77fff1783f807dfc52a7f9b0ec599d77f5fb9bd8998ec8f9fea575f4bee8d86d2ea242a97ee6de9da1bf191f541113fd3c432206,5.22,0.12579571630560904,0.9075096845626831,0.6151130985291747,0.2547717079188016,0.12842746892382773,0.9160503708166355,0.08394962918336446
hindi,429,0175f4388a3ca66faae78ea57819f8aab986d188f874dde198e28b64248291dde8f43a6912b9de4854f9862a8f832961da3e9194bec9ebef96b1c9b66d956422,4.428,0.09638798238070677,0.6012049317359924,0.5855762565818599,0.2167000425076236,0.1951272109626535,0.9106552570331234,0.08934474296687656
hindi,430,a066789aa8ea6303bb07718d19b64857704e55535723a8dd43b6976195e18e9adc3a825f268a88ccc32ef7316d710fad8123af7ba21fb7c93daa171de917a426,6.48,0.08133283749468528,0.5328331589698792,0.4278777142391236,0.3159227208544734,0.2532280868853006,0.9786760790321192,0.021323920967880827
hindi,431,29bcb273adde2fc3bc2e4595307cca55f7a2164b643bd634a478297488389dd87132dba219b5a51a5b42b59a42fe5eef68ff2cd098bb675cf680befd442613d5,3.888,0.11094169680022876,0.7811384201049805,0.5888296449389679,0.2117614556576045,0.19711600372048815,0.9107767511216921,0.0892232488783079
hindi,432,d4c2879ab41c9e74ea638e9cb5b2a557d5683744a6c2eb0fed1f4c7adef59c90f549a18287b7f8e6b74136651dafda58acaccbf4fb627728befbe6573a61f4b8,4.608,0.10665389174694132,0.754277765750885,0.6166955985874915,0.21583567760742112,0.1652342181527484,0.8557390220007107,0.14426097799928927
hindi,433,42dbccb16fa1ce50253a96dee532a7c4030f9daa92599271e4c0692efc8e58f669205bbcedf0ddf1f51f1e5753260ad39f6e0a5e6f85d5d24b3c5b3a20114c4c,3.24,0.06705695255345441,0.5466470718383789,0.42652142574326735,0.2893127224442563,0.2806442598170789,0.8805384172363705,0.1194615827636295
hindi,434,b9e669f9010e60c988c15c6c357649706d91c33219725e9a2b12fe7903fa536fc8b34a51ea158f2ba92027617b4944a2514cfa7beb4249f26b23754403940006,4.24,0.18118471084784574,0.946197509765625,0.9723305738047907,0.027246860922483497,0.0003805157409938605,0.9156568557928938,0.0843431442071062
hindi,435,cb191bbd6bef46c81c9d5a49421a071897ee938b184fb94525d71950769ff71a8e4c5380bac3087cf73f11082371a95a9e76e594ba58d9520d5892e39d9d167e,5.976,0.096576109143304,0.8747152090072632,0.4051873921620822,0.37938899969162704,0.2132507186344492,0.9454610387115344,0.05453896128846558
hindi,436,52f22814969ddf3ae439c9927cdc815781938e7b8db9939cbe5cc7211c83b3dd6eccb62b360571d4002d64878c3b70340e8a76bf784048ff984b73b71d31fc52,2.952,0.051745945089222666,0.25379258394241333,0.3488382545984602,0.3353922633524466,0.31183806534484426,0.9688304261484665,0.031169573851533516
hindi,437,e0a36ee267ea8131975092e3f0b285cc85c2ecf0e47fa58a4f81eea8ef911bc2e939a2fe85859b96f77623060400a6ad1157350fd138ac8523288698254e8c4e,4.032,0.09198529074778805,0.5436121821403503,0.5432522064229888,0.24910569805482283,0.2047425832859878,0.9372458026093556,0.06275419739064436
hindi,438,eadc13b88ea5631a21a2beb0917e9be628171b8aaae29918cb08b2afa62e820e01d0a5e21154b643f10067864ae138783bc31abf1a13b86bcb072fa0f0df4d40,6.66,0.04483957775994448,0.3051319718360901,0.3176647009430896,0.3471633613885026,0.3308351497036592,0.976295682961459,0.023704317038541034
hindi,439,cb974805e163f0eec357012f483d57476c8229c9aca280469ccd5adc74516c39f36d16c23091c86bb18522064887048eb5d8c5b9259503a6de95d555745793b7,6.948,0.058575769173636216,0.36425167322158813,0.3430465982734938,0.3714182201655333,0.28179214068295905,0.9825959051281027,0.017404094871897313
hindi,440,aabd80b27714da5c6b5d4592a6f29f161db3cb06672ab14afb56eaf550ac0be0c14536ba5df7358621f018a4bc767c8c8477eaa4746830cf31ec4cdbcc2193fc,4.356,0.03885476139937068,0.18563920259475708,0.2941460987970051,0.3564669298091422,0.3448057418005009,0.9780134823567377,0.021986517643262316
hindi,441,7b90778674a3659c892533d96bb0aa534879da17cd2f9cb1ae73fc3cc114dda10eba8bb6cfeddbafde910b396a60b95e64b4134430071bf2dd23b8d6a9c32785,3.852,0.019684714075657087,0.08480972051620483,0.204232711943507,0.40471261857858154,0.3859877049098473,0.9784980821344285,0.02150191786557154
hindi,442,2de3db24e998f00d734a8da3c51f592d40cdff55dfae3f290f4b0ef2e1acb63313eba952692afa76afcc1912d4c5fbd103d7bc838757a2bd55293827e758500e,4.32,0.03824558930501531,0.18310731649398804,0.2629008275730621,0.3777507768450755,0.35478098841709926,0.984153673462372,0.015846326537627964
hindi,443,b4069adc243cc7836a2bf30d44984b772c144f867bb92b4226209bcdc0783ee26b25bf51d2c4e42b8af14bfe3d183fb5aed4fd783bddc50d124f0970cce3dcd8,4.32,0.010309769900334886,0.04336905479431152,0.17850842596611413,0.41430325291153236,0.40184542172714094,0.9762904808169097,0.023709519183090277
hindi,444,e811478820937736d1074ae0c51bf72791cd1029b63b639e8dd3ab8f6d8ce46e9eed447dd3edfeca171695425e9496970dbbe5f3cb9b07cba7fed66459eff2c3,6.3,0.11196558208203158,0.6232563853263855,0.5990673130986819,0.21208777143751079,0.18641757649797358,0.9769983355933854,0.023001664406614553
hindi,445,05fd2a7f0d7cbe9acb1d838706b64a2ab489f6d0d2e7ff3a4243b1bb89ca3c1bc2e8dfd22bf11cf6e2fd9f11c2809b3dbf3db935d566ab6b6ee3122e3bfc20ed,4.176,0.05961102960358175,0.31935399770736694,0.3895998140039873,0.3160496863432824,0.2905477252657652,0.9682912233175515,0.031708776682448536
hindi,446,6e20e06229081bf9c063f01cd7b3e0a759f5953624213afea5c397d4b7fe9a4dc5dae704a5faf61147d4155de50dc4a2cafdf78e7e2f8a3dc8633f276065b4cc,2.628,0.09956758425039886,0.6178290247917175,0.5837081306224942,0.2195512732349563,0.1942553138816505,0.8938333841944719,0.10616661580552811
hindi,447,a34b3f5fa057f54bc74179593acc5d316145622c5ece92f2e9b2d74a2de7fa87ed863a9061955f68625d580b33faa23dcd31f9c5a6f9c1e1dd8790a4ba671f57,3.384,0.09932215467917864,0.8597756624221802,0.4207206978903922,0.38828436739392796,0.18903606452330804,0.9113698916412645,0.08863010835873553
hindi,448,43dc11a5328c78dc9536527d6945245d5b3e371fdeea987ac538a30956eacc649639e2b09c28bf3ee4f4f764475880bb8f68a5cd20ef78800a664b72a86ffe58,5.832,0.09808459322590848,0.6236252784729004,0.5675680847758333,0.24581361912927763,0.18438085849300592,0.9390246477658794,0.06097535223412065
hindi,449,807d2d7c9c8215754978fae4f17e36eb94cecc9ae19fe736e8d34d12bb62a75c0a67fbffd21303dc8908bb876f10a3f50e3174c8ca7b0cd61245d875cafffc70,6.12,0.05019132585695364,0.312860369682312,0.3236961008497254,0.37110636986468626,0.3012106904517097,0.97749713300715,0.02250286699284998
hindi,450,02a40eed38bf20ab1ddca1a5c60f5b2cadd5455be21c7a1ab8e87d65a6fec68495c0d24d8fecdfe3f9d132fdfa842dba33dca093df21b19f3d325519779d13d0,4.248,0.04161870174805697,0.23851776123046875,0.2989103259674377,0.3560545617253752,0.3407286499417037,0.9735534243373747,0.026446575662625316
hindi,451,78899c686b3bdef6619b63f98b03d3f5fdf2ca7427d0ce6dace8a10befc17941b33c5b7b7c2a808f0c670e9560ad5da356b6f4b06407ce3e1a299787168c3b6a,5.58,0.07255143513116502,0.6836745142936707,0.4483564662837635,0.3074181606193735,0.24107436922036898,0.8351481825811615,0.16485181741883848
hindi,452,385b2ee342869a3a1f9add4ac419003ee7426e166e5d1bcfafe0ac31c42b8b7fedb05feda633d4f1bbe50b8295b67306309ada6a657caf1720c3c97245eeaeb2,7.956,0.05995969043664589,0.5957865715026855,0.35669391977992837,0.368445979152777,0.27125461112183896,0.9364162842667729,0.06358371573322708
hindi,453,6df5947ecd6093ba0b8088111d11231f209c5377b37d2ec78fb66df1c555d0c218e4a7dfd601f4d5395ec9f0579ec4eca44d2fd60b09e80bc62ef446ea485886,3.96,0.10517314518760279,0.813840389251709,0.514040075476992,0.336809541713847,0.14724550441219164,0.885645850269035,0.11435414973096503
hindi,454,547e2977be99b122ceb7196c97d4bb97bc3bdb4261d43618dbc385183d672f6e43db8b2c67f0ddbfecfa5f7adcbe25b21aa515729c369a5161e7fefbe2e6a91c,7.596,0.13282072162342295,0.9899999499320984,0.7259151916176226,0.15306005907655337,0.11942007758917901,0.8596415731535484,0.1403584268464516
hindi,455,95cc33ae73783f08510cc8b475a3f7da1144f0cdbfbe42446afc4e8942bf842722a12076a164393f2c52e0db9026e5f129a90feb451956b70f7366a89e026f1c,2.988,0.016870319751361763,0.08756917715072632,0.1940496974700113,0.40521618931083364,0.3953701904038664,0.9716429523004154,0.02835704769958458
hindi,456,7a089d86c2c82f061df264f419453e3740e2a7e030b13163f8802012baaa04bb35130896e3ee83c688d07bce1c74d40e83dabdca6a911dc25d15f97ebb75b7e4,4.32,0.13748301814091238,0.9340375661849976,0.6052989561177494,0.2653164759287985,0.12786366771931973,0.9590094804401511,0.04099051955984889
hindi,457,c0fce8f25f23b41ed1321b49a5940b20f8b61130c14559d79ddf3816e5a433e06cad1469ff786911ce97ba8ea234da6b623881f3bb65339d1d3dd296e477a193,2.808,0.10952481261132159,0.9900000095367432,0.4652830668102122,0.2824876070033559,0.25057303518740437,0.9036010380094405,0.09639896199055953
hindi,458,7a089d86c2c82f061df264f419453e3740e2a7e030b13163f8802012baaa04bb35130896e3ee83c688d07bce1c74d40e83dabdca6a911dc25d15f97ebb75b7e4,6.84,0.10832722644106695,0.6414881348609924,0.5932870117310185,0.22133040441144747,0.18319543140115735,0.9696915362467621,0.030308463753237924
hindi,459,d002200225d5b38de9dd8b95e9fb77c24724f8a56ee0b31f6ee2260b5636a1e23c0fadcae1156f88b703128798bd749901930f35e839ea2a2bb2bcb8afe5cc74,5.616,0.1179411338537866,0.8263360857963562,0.6449937195507237,0.19658786665041567,0.15654074741495927,0.8989187887616424,0.10108121123835756
hindi,460,a71fe4c8c51459edc23fad3c7288e0216049d06b3ffb15d556328a42b3d18daf25ac6d1566a0037209e321081df2632dfca7bbeabd547b9eeef87ddf1e6ad329,7.84,0.15431942476273966,0.872344970703125,0.9414532364528099,0.049479885043186775,0.008992430508280906,0.8348219441359912,0.1651780558640088
hindi,461,76ae0779e8b42a6cebddc96f1c8be8cd17dc128ea3dc6c77c1afef491eb3334aec08ac644ce6b553783bec6530bcd7a8d7869d249d8fc4cbf394c176c2a03fe0,3.456,0.03367303150499254,0.25503700971603394,0.2590995639718718,0.3836377298173814,0.3526066499241997,0.9574073904582792,0.04259260954172084
hindi,462,550c775712c46fac6b29f44c8e1e47790ad3d24a4596e9befdad47efbafbcd202634809eed3f54d8b62ec448b24bbe8a67c224d24ae7ed2b6870581a3fd2dcd3,3.06,0.11655446339959966,0.8248072266578674,0.6541912351177314,0.19220211818051977,0.15157892862599323,0.8039299942666929,0.19607000573330713
hindi,463,05fd2a7f0d7cbe9acb1d838706b64a2ab489f6d0d2e7ff3a4243b1bb89ca3c1bc2e8dfd22bf11cf6e2fd9f11c2809b3dbf3db935d566ab6b6ee3122e3bfc20ed,3.336,0.0774136711058614,0.4691777229309082,0.4726096426893811,0.28571707416384434,0.23840093099764686,0.9358244143958693,0.06417558560413072
hindi,464,df520ae6630f89c5941ffecf315f19953bdca51d6b7beb825aacd71405cc44f29ad01463f8b079cb10faf201b544d74dfd136f3353babacd39f80623d2c64bb7,5.148,0.07698395675167889,0.5093690752983093,0.48590307947869416,0.2746750275964433,0.23630224743434067,0.9322120939018247,0.06778790609817531
hindi,465,c23750233f36c49e4bd285f7ea96c015a9c0fa1055cc2e3ee658ab3d0c7bb39963cc35135c8a024638d1789f2cbdc707f40441d5f6a13cf69e31d9abae8a130a,3.06,0.12206153081680272,0.8459164500236511,0.5693371203962466,0.22677955290436638,0.20214504890350676,0.9499937040249213,0.05000629597507866
hindi,466,f1b62e5d3473776b945ef79fbad0a46a621fb136b143d7aeb75a7cb854ebe0807524eee04fe8d83b3311152dad97e341e18ed5b8981b3cf322fec4e0700894bb,3.808,0.10468815142426431,0.821746826171875,0.7205659707935713,0.02291387425303054,0.25640163800784993,0.6423741365510821,0.3576258634489179
hindi,467,17e10c81b592f9aa499bd3ea283821d28dee580e2bfbf51ca891c71024bf0736cc26c5ef9790ef591ff7cf3136930b935c33bc7fb1c65c080ff270baf27c8fe5,5.76,0.08433229933883972,0.6098865866661072,0.45444159733712486,0.31227477193506525,0.23045194003099703,0.9540549113899813,0.04594508861001867
hindi,468,203176393d9928d38b3aecb45ba1ad1c05c8223b492bfe21e6c5c6359083f8bb68f24ab7bf449051e8527e9beee0055a3628608173b59bad7bf948e6d3e0ff27,2.664,0.15302785532125748,0.8532625436782837,0.6960356439755631,0.17401126960040258,0.12843391434438695,0.9776123740406728,0.022387625959327195
hindi,469,6e20e06229081bf9c063f01cd7b3e0a759f5953624213afea5c397d4b7fe9a4dc5dae704a5faf61147d4155de50dc4a2cafdf78e7e2f8a3dc8633f276065b4cc,4.896,0.05808004634389255,0.3458709716796875,0.390011010432298,0.3098829838502435,0.2962679887652027,0.9644534744593718,0.035546525540628204
hindi,470,58913ffb4a411d7b14318c0cadbfb8ccdf1ed3dd5c7173b948c382329be9bb3fd15f6a5b863c94639786da4b32fa679087d9b0d4a04711dec86e1b82ed92c369,4.86,0.07666072053873275,0.6653674244880676,0.3031080319285837,0.4520605923512821,0.2423031692583631,0.968140392850644,0.031859607149355984
hindi,471,3f6b6371f7312ac797f5d02bf334e9b13ead1882e2e9958e0a766c835a40fc8236d150a219d214e4879b1713d00569d69293518868e735ef6e2e030b1def79d1,6.66,0.057746777361922734,0.48675400018692017,0.37003969467264897,0.2941262347949793,0.33233039934195285,0.9603123247996032,0.039687675200396844
hindi,472,c127090a8261671f4e68cc31639996579099a014bbd65dc05c580ea8961637ae6978ac28c265bbba5145400258f062bf70f582aac610a13525cacf73579563bd,5.936,0.13025709790869677,0.989990234375,0.8857186912989765,0.11264282410097196,0.0015452950487681815,0.24448761821035211,0.7555123817896479
hindi,473,70c96a46f6827039223782fee3a93b99fa8168c84d3e5f9a0e2a1f16cfc1d62ad6f52d19ac175ad3ee541abd81068d089df3693e843b932053395156f6ff36b6,3.924,0.14004390962933538,0.8921411037445068,0.6849098832626701,0.18150660739302274,0.13200112497203267,0.9421422721016394,0.057857727898360634
hindi,474,d1d9c267ebee74a32597d31c9167b2edb1f99cb7f4aa13501a5cc3bd519deaa2516058fb40da1e55deef24bb43e231ab5f17484bb11468d631c90e3bf29b76d4,5.22,0.00912525724105833,0.04291701316833496,0.1768025309375287,0.41240491068765106,0.40539754927363053,0.9790825198193781,0.020917480180621895
hindi,475,a77463c4923319faa0aa9e316c75a0c0b8b57506ca68d5ae159872b937710f58e5559c8f319e0d9b23c3c80f7bff29a739634859ac38c3cb38e1f278cc7d4b97,2.34,0.06133691119754721,0.3030408024787903,0.41687771680740104,0.2958360525605138,0.2834715163523857,0.9511385326502835,0.048861467349716525
hindi,476,a3c9eb18e51d74ec5fbf9ca9ca1d5edf24c691d0f685ef2ffc8689d107710a300eec2172a79cc039b119ebc451ab794cb8519ce2d3c37209c7f24649089a7fc2,3.492,0.021847881280746693,0.11729955673217773,0.20892856908592847,0.4022902801734496,0.38369485765684147,0.9749915324228897,0.025008467577110283
hindi,477,552fd8cf90f15edcaf7388b1164d58d7eae5f20674dc780b9efb9d43c80af1ccbdef88d0ddfb76038b9614eda2b556cbb4fa8a46ca54ad7dcc43d9298b63f1eb,3.888,0.06561066160680817,0.39803045988082886,0.39126912217559073,0.309583370812414,0.2956979181662261,0.9678265837968208,0.03217341620317915
hindi,478,a71fe4c8c51459edc23fad3c7288e0216049d06b3ffb15d556328a42b3d18daf25ac6d1566a0037209e321081df2632dfca7bbeabd547b9eeef87ddf1e6ad329,3.24,0.10000662458614598,0.6202319860458374,0.5528795036187749,0.24077306234481208,0.20402640793791738,0.934396722242212,0.06560327775778796
hindi,479,5b3872837902e6d95327320c254ce8cc9e7b69e3ad4e2e54f93009f6f44af95a3b2bd03dd9504518ddea0ce1bb0793458ea03d00ccd3c918aba1a0a91476da99,4.824,0.0800827711668574,0.5128259062767029,0.49583511355046506,0.27620870752128046,0.22521845318302824,0.9329410946162396,0.06705890538376036
hindi,480,23e7986df66ecae7556379ef6a8c59490f3a38d789ddcbb9af2e0bdac45ded855c8a27be3ec862f45918adec219022883c1f64ea3ca811371c818856357ef5be,4.788,0.11673404887656429,0.7868167757987976,0.61360636412153,0.2225395418590336,0.16181403065968136,0.924471373960986,0.075528626039014
hindi,481,b3a9d00791dae63b944756627fdb96c21c53f4d69beef3a56780607d83e56d0a6faf52d5d704c925bb323f8b2c9a168a87c2cd94fcc3d3abf6b034c9e7f5cd77,4.656,0.07111370764957682,0.5161138772964478,0.44542350505521167,0.2912559347259626,0.259821943202267,0.925409903495445,0.07459009650455495
hindi,482,0db277015ed4c7602383504e75bcfead10db6e33b12e442a983cb259a17baf2c98daf32f18e2c1917269103a2ef1776d88cab0357c43c487473d8fa511dde7e8,4.068,0.07489990425121151,0.47799861431121826,0.4549512902452759,0.29173131347945364,0.2499582416141252,0.9431842790473837,0.05681572095261633
hindi,483,b9854a362f9f2796f98c3105310553f5d5b1d2aea5f247080a0d9ab5d329ac51e5e519bad74bd68b022867bb103a42741c9523a32ce80c3a4ac8ed64c4bde957,3.216,0.06889530772763859,0.4327939748764038,0.4014223358512105,0.2843992096559068,0.31123918519843446,0.9655727582387655,0.03442724176123446
hindi,484,8525f36954391ad7696abcf66c1383e5409d52980ebd2d7b1063cc48ed81ebd9f8cf3a8c257f079e986893cfa2455e4c832d04863c8fed7db4f4d5951ec34d1b,4.32,0.050501277570135804,0.3738633990287781,0.34459256935202587,0.34127221783331824,0.3103071520163703,0.947083653682595,0.05291634631740505
hindi,485,9392443e20fff21db185ec2e21925398c267cdaec962d7a8bff381ae171fd3563894988fe4244da0866881fb39e56492843fac59b139c31b99211d6c8f44c2ac,3.024,0.06035314491998517,0.35743051767349243,0.37853616783172295,0.3419614007857488,0.27593712057654834,0.9532943682469935,0.04670563175300646
hindi,486,cba73505723d31fe1d355fd9c1ba00f36d72661f667b151bb2e4db347100a72793ca3d5351e0293af666bf35d2684deb3e4bbc6fe630ffabe699d80709a0ea07,6.048,0.02812557201214135,0.1514490842819214,0.22683444317727436,0.3976798720992174,0.3707911336913882,0.9862295345393545,0.013770465460645531
hindi,487,6df5947ecd6093ba0b8088111d11231f209c5377b37d2ec78fb66df1c555d0c218e4a7dfd601f4d5395ec9f0579ec4eca44d2fd60b09e80bc62ef446ea485886,2.736,0.07207426675594598,0.5495728254318237,0.45931125989759275,0.3010258429813371,0.23639580755492293,0.8448379608773574,0.1551620391226426
hindi,488,f398e532c4307d0fb6f23dda4b599e05c8483a5211aab4dba56e24a0acc89810af5b98cc96afe0b55fdee3b41250c05571fa3d170e517213e71e52e481a80df1,4.584,0.11936292349315392,0.6961957812309265,0.5764919453887979,0.24110744140110255,0.18033491716096803,0.9772857341546188,0.022714265845381165
hindi,489,a260ddbc5acffed848007a0a9ec6b79936f77999c825631f8f7eb91c11e3369d404de512eb961b464b0208a5da2d4a8cf154dba0a4d11010520e02dbf6039b2f,4.428,0.1058636219591649,0.9056910872459412,0.286013863644242,0.5868411547616126,0.12553999178174477,0.9773235242499894,0.02267647575001064
hindi,490,32bf5ca000a1d646bb2e636e32c4bd507750c204271ab585b1e9fab7d08103c7e07825bdb376119fdef205be82f6e81766655dd5590cc21ec598b79a5c18e45f,5.58,0.054244253085268535,0.33372026681900024,0.3781903859854263,0.31705678852691327,0.30078395425013743,0.9655280372148777,0.03447196278512232
hindi,491,5549b78a80f610ada13425ce57675ee97038a21d344187eab6b96f1006fd53e01f693feb367b9348c379911488a464a23b3c95a61f2295aa86d9cf6d8292c43c,7.776,0.054558635788669554,0.4539685845375061,0.3050154821006294,0.41477087149239444,0.2765427493007619,0.9742060424808152,0.025793957519184785
hindi,492,43bc745f9a7b6bd69a6cf5af88d6d8a31436266533dfa04def07f906d4fd43867f88a11badb4e6b57aefd010b66136392f98b79281d97eebcad6333be3d07cb2,2.232,0.04950596589351129,0.3363248109817505,0.3563278412249743,0.3415617454750084,0.29841816992166,0.9170254583281175,0.08297454167188245
hindi,493,bbf090e6e283e4e37184a2e8d18c4e8b316a072a5565f942ab1fe209609ce93499859b1bc6b7111be2f33203c2746e5c37c57a3fcff52e9a7f38780d6fc39a26,2.556,0.0490301444532854,0.2917080521583557,0.35917020008410355,0.3277819114041045,0.3090689395826839,0.9400509719848836,0.05994902801511637
hindi,494,b3384290eb1959d422480362d83e5209c28470116f7c5b10b0306ace4c6c34fec56325a07bec155e841663e775d0573922c4e90dd59bad4795f5d75530c6732e,4.68,0.10659701558958141,0.7019351720809937,0.5824892295545437,0.21956993692179333,0.1954435530099326,0.934811754193415,0.065188245806585
hindi,495,3a9a2751ae7b00505f0ab31fe4c6b3d76e4b23763244c136363aed1903cc89d8668e1187df7236c6ac0ef40422fd5802ca4000aa26a29cc5c77c978b07a4d12a,6.948,0.12323722660476923,0.8258007764816284,0.5829792940862192,0.2182809509411174,0.19699961862582568,0.97856461877093,0.02143538122906996
hindi,496,e0b0d9bee4bc7b503aa80e3cc2b981cba7d2cd3493201182fda6cfaf6bd0f3c06ed4dece1470c13e0a96e60f29ff7be6ceb53724edc3973a8e5594a8b8f2fb13,5.796,0.08095712250697285,0.48334264755249023,0.4791156295933366,0.270056629203713,0.24759190017608312,0.9680970764639187,0.03190292353608126
hindi,497,9a862e8c754a334f2c39963b8da67e4e6e46ef2889e6ac772bb3e3847c4e1586e46be4d21adf569a90009925022013d8900d5ec065a6eaf767a5f0c3f1317f6d,7.056,0.08325154935125165,0.7128421068191528,0.4334369764907475,0.34625416153228933,0.21760477100509296,0.9359951343188212,0.0640048656811788
hindi,498,3255dc44d5426ad255e14c4db4d12b224dfffd1e594a400a47cee7aafcd670d56a9834052a13be30307100ec6a3e1f8bffe33260e25f32c5a89ef64c744c0433,2.664,0.013531998177812867,0.05944877862930298,0.18753023882505285,0.4102196325593997,0.39721697608787493,0.9686784694909376,0.03132153050906239
hindi,499,0303022c144407f09d8f97be16ba6f2c41ac249e162b24f7d213f0c8a10c4235a4dbd0f53c4d6bcd674ea939898fa29d241a0c183c8f8b5963f55ea5a5327379,6.084,0.044683388737717336,0.23209232091903687,0.29492086710930154,0.3469020675185269,0.3538643937209074,0.9881947261042713,0.011805273895728718
hindi,500,29bcb273adde2fc3bc2e4595307cca55f7a2164b643bd634a478297488389dd87132dba219b5a51a5b42b59a42fe5eef68ff2cd098bb675cf680befd442613d5,6.048,0.10259286842212302,0.8009315133094788,0.5706813074050986,0.22052985751382614,0.20638724756479854,0.8966908418691059,0.10330915813089414
hindi,501,ec98bf4f4c7ebeb53552af57da3d7a49f21818abc1725b040a1b968399e00793bb92c3c43fc8a718ebdf2cd08df8a20903f45474f2545ae873ddfb15c6a759c5,5.436,0.09906224249387834,0.6126400828361511,0.56507300114025,0.24918263812948002,0.18336893909330165,0.9439699074951725,0.05603009250482749
hindi,502,5d04e341d28471b5a0877f8fdc6dfb88a706c40c3a904e7e0b0982891ccab4d619b816f3a5dc1025591b7cfdc9f56ef10169afd22bfcd78c1ee7b6fc4e36bc03,3.384,0.05448938462230977,0.4830183982849121,0.3425728413734791,0.36870849221289026,0.28471494906331035,0.899752746381837,0.100247253618163
hindi,503,4cef3c57c7794a486d20711b806222df778778312c01a26669a9c4fd75b74a3792424787393673b302401d3d994431c97c30b2d1b8bd6caa0fd563460fed5093,5.544,0.19619083330737958,0.9900000095367432,0.8181500802314804,0.10228255940269221,0.07856370726275115,0.9968229606035929,0.003177039396407122
hindi,504,c9e3c968c1d5b3622fc320ddfee5e4f9ab20a053ad60bc247ae48a626a9989bc2687e3e054f55a444c9ccb71e2ddce887fc8fdfa617ebb5e9d4771676d8074b4,7.416,0.053978165864372686,0.3671875596046448,0.35843344640146124,0.33283994892319835,0.30465749642863493,0.9759824123717364,0.02401758762826356
hindi,505,f7e4c76ee18115342ce951e969ae7be895523c1249240808025273db43ef06eff07f846de9b3a24d822ac09b3fcc9a6655535a3e0adb370bde8640f64560620b,4.428,0.11721212950331732,0.7330259084701538,0.6624299387862852,0.180597304191911,0.15494163525826332,0.9071159440992371,0.09288405590076287
hindi,506,cb80d11c3532ab20b83037029cb1c2394ea6339f697e7101b9288365e3387903da82dc7d32bb6f1a45d5659f6ffacc187711e06195561c5e4f09721683bbd761,2.664,0.09804070144412778,0.647276759147644,0.5802426480865353,0.23162986896550694,0.1856347580134526,0.8575214708500587,0.1424785291499413
hindi,507,755950c6eb4b91d87a8d62458e27e794e08783fbb4e47b61730e21bb685a9d3634dab0401114292ec8b3d3a282e0248c34c8868056fdb057716c14ae2b9844fc,3.408,0.16929656386039763,0.989990234375,0.9394572915055794,0.059659641179603894,0.0008526877737995192,0.7723620046263547,0.22763799537364526
hindi,508,d70eec2d8533e3a33d9b86756515c60f981b91fec38baaad39f756259fc08103cb6a12f82c2cc01189e8c8558b9ca80d52fc0cd6ebe18cab27de267929b51584,3.132,0.08470967952095808,0.634913980960846,0.5102310599350918,0.252262603550656,0.23486605442180242,0.8614460490014342,0.13855395099856582
hindi,509,4fcdd17805b736cac2dc920985d2187185e759b54d9cfe7d2654dd8f4aff10e630e579edcb5cb4d04f215bebe6d096d9e932203345ad7272e889beca6a5c20e7,6.336,0.07261675085939387,0.7514514923095703,0.4378191150781283,0.34002106911576724,0.21929064934070025,0.7891644283078348,0.21083557169216516
hindi,510,93f71918fbe69cad830cb49211cb10c9344e04ceca427ea39db38c8b5f5f200a4706f0a12646585364ff3b44f3bb75784005797e3e3259fd9579fa985955b3ac,3.276,0.12070782700053577,0.9199719429016113,0.4639459414804634,0.38398417591437195,0.15036577208706445,0.9574742378024924,0.04252576219750759
hindi,511,e13c23ee2d8500b3cffa2cdf67ef9d827331c36238411c839fe39b077736953b55de43cff6bb2d96066fb6660cc6542db53e3e5abe00c2cb8d79cf3bc38b22fb,3.78,0.02826364867448056,0.1250351071357727,0.2354580290609014,0.3856391850416758,0.3740403107079372,0.9803379709810175,0.019662029018982508
hindi,512,2312b0d85bd1eb1a017264abf770df086e10cec218cf1ab48b90f9d7f621d8ae8372b07338224060fcac6cfb337fcfcb6966c160942f9fcec4c67e7f5df44520,3.024,0.15861949911814768,0.989990234375,0.9475799466937089,0.04828808773102157,0.0041134367895046585,0.5362392430294155,0.4637607569705845
hindi,513,42dbccb16fa1ce50253a96dee532a7c4030f9daa92599271e4c0692efc8e58f669205bbcedf0ddf1f51f1e5753260ad39f6e0a5e6f85d5d24b3c5b3a20114c4c,3.456,0.11481757933195258,0.7867807149887085,0.642717564335904,0.18658688062037435,0.16842309164634245,0.8591136344839339,0.14088636551606615
hindi,514,60b2daa4cda30b5320834f3c2d21ea1841b52ccd7bf7ed4689f3ff27ca59c3323707c95e9a17bea4082356c576bbc3f17a00106134240f3632529b329fc1e62a,7.952,0.1455086462855886,0.78094482421875,0.9977277251063873,0.0019343667282496052,0.0002567621588973094,0.6965987503323192,0.3034012496676808
hindi,515,7a089d86c2c82f061df264f419453e3740e2a7e030b13163f8802012baaa04bb35130896e3ee83c688d07bce1c74d40e83dabdca6a911dc25d15f97ebb75b7e4,6.408,0.11097335672122441,0.6319836378097534,0.6073744217125762,0.20948566095178836,0.18090825002725472,0.97099576446553,0.029004235534469958
hindi,516,43bc745f9a7b6bd69a6cf5af88d6d8a31436266533dfa04def07f906d4fd43867f88a11badb4e6b57aefd010b66136392f98b79281d97eebcad6333be3d07cb2,4.212,0.049909348809847306,0.30911093950271606,0.3520854479931387,0.3286693168385329,0.3148943699055235,0.959828688837312,0.04017131116268802
hindi,517,74751bae9cd9bc9a9c005dce39ee035a3d1a201afb6bc83523226793b7fa2526d2c29ccebaaee7bcc6af9949646ae1bde77eade6fcec218564391c06e0ec86d3,7.2,0.044933490281838066,0.25488513708114624,0.3224901413034338,0.3448603728995325,0.32827873328171464,0.9835960932082577,0.016403906791742306
hindi,518,9564825a0829d21edd512e0523b3dccf946f9cd0f8b90c2589961c1867f2100b337df3df56dcee0dbdc7b4f23de4dc7d2af884dea2f7a3f6a3f3dc081879acfa,6.948,0.04131398921846235,0.23120981454849243,0.28423673507840175,0.36168466217178263,0.3492955845686592,0.9877852188108941,0.012214781189105905
hindi,519,46369e01baf2553b6269322ed95fc7afe1865c88e5f462390a20e35e6af12cc97960c4874ecda585cb422e132fee3f04da4f91fa41175b3b36d9bc7d7033edf1,7.56,0.05667998385268728,0.4453519582748413,0.3424469177360153,0.3634591164336747,0.290228064882336,0.9718369498431453,0.02816305015685472
hindi,520,b9854a362f9f2796f98c3105310553f5d5b1d2aea5f247080a0d9ab5d329ac51e5e519bad74bd68b022867bb103a42741c9523a32ce80c3a4ac8ed64c4bde957,3.864,0.05519742113987762,0.4268486499786377,0.28996631871109557,0.3621966278192252,0.3443146153157853,0.9743407778511858,0.02565922214881422
hindi,521,b3a9d00791dae63b944756627fdb96c21c53f4d69beef3a56780607d83e56d0a6faf52d5d704c925bb323f8b2c9a168a87c2cd94fcc3d3abf6b034c9e7f5cd77,2.256,0.05664065125802906,0.3430860638618469,0.37374590561688703,0.31854496377091307,0.30378365114201583,0.9453060507443272,0.054693949255672836
hindi,522,949d46bd8792e08b2ee6c5736df551c23a26e45db1306d71836317cfc115ff4cf71da8164c9063aeefd98bd8c12626dbe22b79a07420d6fe8317fb6fc9fa368b,6.588,0.04698500910840071,0.29988157749176025,0.32825376693720804,0.3389119459978028,0.32829780043147366,0.9781290938889894,0.021870906111010613
hindi,523,79741f3153a904c0ddeb1d81d69b137d61adb2a3f1c8ea30fd32a88a4f7028bbb73f1515f3cac14ad147b8c1845846d96d9333173f71677d207b7ff1357a37c5,3.864,0.03984788070539983,0.24224638938903809,0.2799998781738072,0.37232271551102103,0.34326700653150394,0.972121713533742,0.027878286466258007
hindi,524,d39d516dfccbf4297a953030579625b84d76314cdd257472c46f3116b9f0238183eaa531151e2a8bd4968015c10fb293e815f5a2c36475f899e88f5ed90676ea,5.688,0.11336976209454476,0.9010037779808044,0.5982802723880207,0.23175798870382672,0.16782929492819904,0.8659339852994358,0.13406601470056423
hindi,525,c127090a8261671f4e68cc31639996579099a014bbd65dc05c580ea8961637ae6978ac28c265bbba5145400258f062bf70f582aac610a13525cacf73579563bd,6.3,0.11823609229819745,0.7646524310112,0.5669308996818797,0.2957605048933336,0.13551718882167477,0.9673958104701261,0.03260418952987387
hindi,526,fb9238da4a8e2de73d33aea159760300d3ec17f24329ad1fd35ab53c3d452ac1fa903c1488c73bf0daeb50763d260efbf7fcf79c1453a1558722a64e0a69afbe,7.236,0.04611717374320076,0.2599150538444519,0.2956322698247883,0.3880792639814409,0.3122126506877199,0.9871040304618153,0.012895969538184726
hindi,527,78014d1d0043184446ff0c083c8868966598975e5daebb9725dc92f60fa5c8d06ce1bb84b84760f14d38217866e6bde176419a1bd9e5f166429d74168b3dd926,5.976,0.04567254026434792,0.2901061773300171,0.27910401636241067,0.4079900697919591,0.30876607668504247,0.9817430685876775,0.01825693141232254
hindi,528,2de3db24e998f00d734a8da3c51f592d40cdff55dfae3f290f4b0ef2e1acb63313eba952692afa76afcc1912d4c5fbd103d7bc838757a2bd55293827e758500e,4.068,0.0625302835169959,0.37070804834365845,0.3918169962834085,0.31638095302881397,0.2881896732136512,0.9640591856966084,0.03594081430339158
hindi,529,b3384290eb1959d422480362d83e5209c28470116f7c5b10b0306ace4c6c34fec56325a07bec155e841663e775d0573922c4e90dd59bad4795f5d75530c6732e,7.056,0.09226500593836486,0.6128957867622375,0.5130158978221913,0.2642953726374575,0.21990011838353812,0.9653137518820228,0.03468624811797716
hindi,530,aae384c088b18eed8da9fe141de09f584054ad55ee2a6514c682c1bd425784ed886c928e35a66fa611ccad98b44274839b2b5f7c3fe678e1c8740cfc90389187,2.808,0.07970791504242236,0.6876696348190308,0.4370950308309691,0.3525896603715177,0.20753992351416722,0.8229755562213613,0.17702444377863868
hindi,531,13cef0dba059a4aa0064866e51ca703ad2552c2645eb99722846129b96051db0f22a99235faf822876c13bd3f02e86f138d6a0413f980cf028f54c5fdc58b9b9,4.14,0.13486890671033325,0.8548027873039246,0.689835725926118,0.15931609330795102,0.1487941846780189,0.9356886282676273,0.06431137173237267
hindi,532,55facf37cfec7564d08860906bdb688d9e2c45d7ac50a054dcc66778b3b1a10a9489051097f6fe9232742597187752dc71f4f0432aa771771721c259ff4324c7,4.86,0.10861324629167929,0.7750349044799805,0.5036019478333082,0.3266342737569077,0.1677737682199027,0.9536249466374165,0.04637505336258352
hindi,533,5a2a681a4af95b92777b6adcd74644a5291136b27678f3afb168b9ebcc348031ce19ae24e738331ee6e5e5e54f6c4c560d455f898f348ad11957ec799c28fe59,5.796,0.07018732327683795,0.5366833209991455,0.4302002074356469,0.311838498534335,0.2547536223371973,0.9350163372606832,0.06498366273931677
hindi,534,16c775b5ac1a75459692a8e2c553ec084df96439cf53c5129ce1e5c20a9a04d3ed23204cf582fe74c9dc12a473fb3072139ea313cee5ce51c0d17acf8cd16333,5.148,0.05053061379756361,0.6319565773010254,0.3449970157185856,0.3413951143861707,0.3095601699922132,0.8038305065497483,0.1961694934502517
hindi,535,0f018a99663f33afbb7d38aee281fb1afcfd07f9e7acd00383f604e1e17c38d6ed8adf1bd2ccbf927a52c5adefb8ac4b158ce27a7c2ed9581e71202eb302dfb3,5.292,0.12302215530102659,0.9900000691413879,0.43165008719854286,0.451377289398219,0.11549788439574615,0.9673960036535494,0.032603996346450614
hindi,536,c7a77aac9398049c593a06e3bde552061eb033612d2266a548202cc8790a06dd5c5c4fb002e8013ef38f94abed95b3bea0e56c4cb6aa8deecf7c63373764826d,3.888,0.0836640373231159,0.8255922198295593,0.5345579570351374,0.23316794400273363,0.22925658678632047,0.5986071271700553,0.40139287282994474
hindi,537,e1687c2dade4c9e56bf74181a1c6eabd5d85fb05e2ded2d7f443e3cdf646f19b835db4fd303c73f3b7e94b0d03f6d27c4429abdaf1a56ee81e35ee7bc67bc67c,5.076,0.02808377960263603,0.20615100860595703,0.19709646814111087,0.4311916503339765,0.36675927451607304,0.9817550928502067,0.01824490714979332
hindi,538,80d92595b38c164010ef7313465d16463f2c96fa6fc022b2e01e189d36b259ca8c60d34dedd33eb9e2efc010529edd502641106737ba607a53218e01e86be40a,5.076,0.11086635393334585,0.7899875044822693,0.5850709862151542,0.2481417165158262,0.16473290097505253,0.9117647882283499,0.08823521177165006
hindi,539,c1edd0ef566e809ba01bf1a3011df6cd0fbf6a1675ba8002e671dd7b16588ea30ff434c78aaae27b190d16c6d7bd32bdd4a6b1ca631c0b3f819e807b3cdef585,2.808,0.016522566058656922,0.08503824472427368,0.18594769851573859,0.41530309987555525,0.3934342849890857,0.9720927955619777,0.027907204438022304
hindi,540,311217067d55b7cce037852182d16a8e446e955f838c22ea621a12cf2d0fcb73cef39d58af1b90b48bc6a39e94534cd5781370c0e4affc028225fa2b2f7029f0,2.88,0.0682921263381156,0.41406798362731934,0.43010243985599916,0.2894435828116445,0.2768379886039697,0.9432853526859435,0.05671464731405651
hindi,541,5e46ac50eb1d862c9c16cabb7768b1b412ed7ec5a51e13e22953cbb21d43c30f5addea8f5b6797634a95c8140661feb46f36a8e68d9968dc8452c0ac88af7e59,2.664,0.08109579326959618,0.6297284364700317,0.4826730378674866,0.2902463488773208,0.2239919026117658,0.8384277282769254,0.16157227172307465
hindi,542,0e97e303991e6646c845049579a4bea7a25ea775f6b8b44a09e0efd0ae9661ec984c393c92d2522e3158c8b0ca206ad60fd9e136713e18c21dffd72811a88b88,7.308,0.07443816792943592,0.749130129814148,0.4393057976632246,0.3156718266608333,0.2417555787449154,0.8616598363602371,0.13834016363976287
hindi,543,e811478820937736d1074ae0c51bf72791cd1029b63b639e8dd3ab8f6d8ce46e9eed447dd3edfeca171695425e9496970dbbe5f3cb9b07cba7fed66459eff2c3,4.608,0.11442423382485516,0.7105460166931152,0.6226085886016671,0.19557336851751098,0.1794107027932676,0.9411845938343869,0.05881540616561309
hindi,544,f46c93c748a0c35594f074957a1b3ee72c090d5d18df96adad96f0ce2b54206b31c17b71d8553a83b3e053869270a1823fdc46be2f35cb0fd9f65d05cf8c568e,7.416,0.047465552215978465,0.407997727394104,0.2029450739105564,0.5149431922417406,0.2783629794818675,0.9860670014851443,0.013932998514855743
hindi,545,0a7f98f856cff63c03fcd05e03e181c17ce5d6545037394992a6f0afe1ed3716ef537d63a1e24a45ffc22233c24ee08fdec3372afad0b4389efc86ce4e7dee2c,6.864,0.17526655956225015,0.989990234375,0.9599425910552701,0.03798831700359219,0.0020201008051946375,0.9066363399448863,0.09336366005511365
hindi,546,d39d516dfccbf4297a953030579625b84d76314cdd257472c46f3116b9f0238183eaa531151e2a8bd4968015c10fb293e815f5a2c36475f899e88f5ed90676ea,6.876,0.1202594630955112,0.8063722848892212,0.6396113949478327,0.19783405474959673,0.16058009100694598,0.9458260150479765,0.054173984952023524
hindi,547,60b2daa4cda30b5320834f3c2d21ea1841b52ccd7bf7ed4689f3ff27ca59c3323707c95e9a17bea4082356c576bbc3f17a00106134240f3632529b329fc1e62a,6.408,0.14488149262695635,0.9506732225418091,0.7492783508663003,0.12808492242980796,0.12100454381830096,0.9338053313583162,0.06619466864168377
hindi,548,4d52efb85f43252b4fa0af3ad7d8890f17e05c834b40f81b03d9f240ca3117bd7db0c1aa0bbdfc8844a852050c37a5d8911082669f388a4572d8971f41ed26e3,5.796,0.11678191230297401,0.8831318020820618,0.6644024593526869,0.18454752877634475,0.14923100606878634,0.8202943530252815,0.17970564697471847
hindi,549,32bf5ca000a1d646bb2e636e32c4bd507750c204271ab585b1e9fab7d08103c7e07825bdb376119fdef205be82f6e81766655dd5590cc21ec598b79a5c18e45f,4.716,0.0431258011063427,0.25575149059295654,0.31062529410304485,0.3516322956807146,0.3332931532176979,0.972334328597717,0.027665671402283043
hindi,550,66a88b75ea15aaa9fb4c1df2cbe47bb9c4ab8413fc8ce00c0e57e575c654fb438f8e904a08fd98bcd999bce1172284461b746308609836e75916aa7cf8c2a2d4,5.076,0.02566642747897097,0.12709635496139526,0.21686909059989593,0.398408373466605,0.3796045195324756,0.9846574214637892,0.015342578536210794
hindi,551,5910123d516315dfc2a43523d5cbc63444096a4cd38bb8b772155e3c51fb2f1eb673beaa1603de242ad8aa5dafe9d0ebd85a1c02bc6a7ee45e636585932306ae,2.88,0.017423975229698716,0.07448643445968628,0.1919977826115224,0.4096298706409324,0.39334829082008005,0.9747281563300365,0.02527184366996349
hindi,552,9492b0374bde3e9f6b0f2910f764eb837b8a3c261e9705422378ca4e59d7e977df84518e2169c11a238bf11cbd8477391bc51fdcf9134ad8216402b0cd5c37c6,4.32,0.08032993392045966,0.6947730779647827,0.40512222546025817,0.35666392739476527,0.23541811246746022,0.9142915982722019,0.08570840172779814
hindi,553,8525f36954391ad7696abcf66c1383e5409d52980ebd2d7b1063cc48ed81ebd9f8cf3a8c257f079e986893cfa2455e4c832d04863c8fed7db4f4d5951ec34d1b,5.688,0.05316797830375929,0.4606199860572815,0.36899557267960376,0.32536964153642994,0.3017956572108751,0.9278314117101581,0.07216858828984185
hindi,554,0a073b2441b86a13d80728f1a14413d473c4091d1053a3a53982f2c2698abb2a31f35efaefaad9b678d4cf8b27aecc058d4f664d005474a90b8af287ff58c303,4.464,0.08151921315172726,0.6700615286827087,0.5135236497489494,0.24867883751204456,0.2347216055493379,0.8273931434961707,0.17260685650382934
hindi,555,0303022c144407f09d8f97be16ba6f2c41ac249e162b24f7d213f0c8a10c4235a4dbd0f53c4d6bcd674ea939898fa29d241a0c183c8f8b5963f55ea5a5327379,4.968,0.05488987767332388,0.34899282455444336,0.37155404050339785,0.3134859011641332,0.3110468705592279,0.9643606068484085,0.03563939315159148
hindi,556,f80e8e7256ea5492f4348976b84ada48d5eb23b88fcdf8d91416a71dd893fe5b04b8d3499d1f7b32520a99532ccf8246cf21e077ae08b65d5d16f4edd11601dc,4.968,0.004615148643601882,0.02017742395401001,0.1709198972438944,0.41678162954764797,0.4069146814081986,0.9736908590648969,0.02630914093510306
hindi,557,2312b0d85bd1eb1a017264abf770df086e10cec218cf1ab48b90f9d7f621d8ae8372b07338224060fcac6cfb337fcfcb6966c160942f9fcec4c67e7f5df44520,6.144,0.18091517950583214,0.989990234375,0.93716348578665,0.05406088567464957,0.0087598237475935,0.94734921881075,0.05265078118925004
hindi,558,a77463c4923319faa0aa9e316c75a0c0b8b57506ca68d5ae159872b937710f58e5559c8f319e0d9b23c3c80f7bff29a739634859ac38c3cb38e1f278cc7d4b97,6.012,0.029520911049595342,0.12568718194961548,0.24515978669568947,0.38126945559978326,0.36875624672475166,0.9872860860967949,0.012713913903205087
hindi,559,c88824395561074e0eb0ebc1280d4866dbc29f01c026899e205a1db558ba1be8d683a10dc5e1f8117571ea0794f699ebe359e833d714ad66942a429a2112a5a6,5.616,0.023048299414491605,0.10236656665802002,0.21320155694004927,0.39757148089268907,0.3839280968067826,0.9861667116673707,0.013833288332629312
hindi,560,d002200225d5b38de9dd8b95e9fb77c24724f8a56ee0b31f6ee2260b5636a1e23c0fadcae1156f88b703128798bd749901930f35e839ea2a2bb2bcb8afe5cc74,6.12,0.11052663746764195,0.9899999499320984,0.5857268314620879,0.24006679183671387,0.1721772446975239,0.7852043762534002,0.21479562374659977
hindi,561,f46c93c748a0c35594f074957a1b3ee72c090d5d18df96adad96f0ce2b54206b31c17b71d8553a83b3e053869270a1823fdc46be2f35cb0fd9f65d05cf8c568e,3.528,0.09596398652752242,0.88426673412323,0.3797566794663967,0.45946718981870666,0.15873131142315927,0.8928681338683386,0.10713186613166137
hindi,562,d002200225d5b38de9dd8b95e9fb77c24724f8a56ee0b31f6ee2260b5636a1e23c0fadcae1156f88b703128798bd749901930f35e839ea2a2bb2bcb8afe5cc74,6.516,0.11759168355188389,0.9431953430175781,0.6530639505336628,0.1977881228375862,0.14720597696142892,0.8112501882723053,0.18874981172769467
hindi,563,1963c5f396b43a02ea6a7cf2cacaafb042bfe53209c711d2325e2e4cfd7185370746e463b5ceb83f9ac807e048b8891b494db95e3bd7eccfbef896877eea9bbc,2.916,0.09136301362866579,0.5639379620552063,0.45484915798782444,0.34316716363755745,0.19939637558521117,0.9584068439274314,0.04159315607256864
hindi,564,806c8f1750366fd789fd41da89a86157e07cc51bb8aae5e3e963abd25d659afa282b2d5d1ae80d08eb78bcbf88984ac5b1c10bb62f2582cdaa48774594e5b746,6.408,0.09763081976998869,0.6056402921676636,0.5592287998881393,0.23264281123276287,0.20551119210516405,0.9589176708782615,0.04108232912173848
hindi,565,cea40007071ea914e41633e74d05142fd1f5f8f49c154534816017cf89ce625657c804fe479fe87c08854ecd847697d6ca0fb6bcf424006c307f65430c34785e,5.364,0.0629449996219188,0.48330003023147583,0.3264374294071693,0.4026017547566293,0.2674131535822725,0.9677068808268972,0.03229311917310285
hindi,566,7326fd44da6109c89ec276b95f98ffd39047d49d7e1536130289a11dbfa602021daf12361b10c901a36586a3b2506e03697a0e6c20142cb527e312e04ac11aff,4.68,0.03516410960467004,0.2352263331413269,0.21987134896814,0.4194243735235129,0.35619123212934833,0.9827644135106467,0.017235586489353305
hindi,567,55facf37cfec7564d08860906bdb688d9e2c45d7ac50a054dcc66778b3b1a10a9489051097f6fe9232742597187752dc71f4f0432aa771771721c259ff4324c7,5.4,0.0961430772020642,0.6613445281982422,0.4372374095257651,0.31480537216156124,0.24582757919439233,0.981000186803192,0.01899981319680799
hindi,568,b9e669f9010e60c988c15c6c357649706d91c33219725e9a2b12fe7903fa536fc8b34a51ea158f2ba92027617b4944a2514cfa7beb4249f26b23754403940006,5.68,0.1731175631919066,0.85113525390625,0.9728272755792587,0.026325040335230584,0.0008007079410685475,0.9296766776978767,0.07032332230212335
hindi,569,34e28668a9c620bcc5172c529794512391e8e08541348c8a084034b7d2648cd193246c3828994fdfb3422d558dfd427518de5b346849457179d617c215efd45e,3.168,0.03833122323039015,0.20290273427963257,0.27272829040279833,0.3489163234492717,0.3738060165677576,0.9780292265892736,0.021970773410726396
hindi,570,0663aeb40f5d5ea46610cac3ca0183f2193b429770c84b516efe7d199b8b110944005539d986613fdc9d6532694f43c3a8e4dfc9de8ae7bfbc8b57b412ef71dd,7.056,0.10880314107916353,0.9438701272010803,0.5706500219731008,0.2690679397019781,0.15819081938141577,0.8446422810535106,0.15535771894648942
hindi,571,8c19c5b99c8b1ac2264eb9486484732c9d5ec2f0bcc679213d2b2d740efeec83673995013ff2ad72008fa9176ea0eedf32ea29d6b09e71426ac03b6026cff906,4.968,0.07487927985010051,0.6024870276451111,0.4547929465709219,0.28638156380862984,0.25568278060036487,0.904312037807852,0.09568796219214804
hindi,572,621e009fa43e75aecd867db6acd010a1a280b1faeb916e3a5e1a0bf8346fd32406c7ac120765bc592bf0484fcc239c756ead9625c64f9c6b3e9210bdf698995c,5.4,0.0642725985791779,0.475741982460022,0.41216283024556094,0.30932452355565027,0.2751127389772824,0.9407882548389406,0.059211745161059426
hindi,573,ec293248c910c28091014fec13d47bb69cc84f0b265ad0536d7e39390f3de510ab879fa3c23797defe85d8c846a4e148c971e28da6a90a647a9bc37eb03362bc,4.176,0.052687107514417054,0.3893429636955261,0.3087135358091297,0.38690908449995726,0.3005153186617831,0.9623884508231666,0.0376115491768334
hindi,574,c88824395561074e0eb0ebc1280d4866dbc29f01c026899e205a1db558ba1be8d683a10dc5e1f8117571ea0794f699ebe359e833d714ad66942a429a2112a5a6,4.284,0.02281073003801709,0.0943952202796936,0.2138766084424076,0.3957802577714386,0.38515211880108774,0.9823447124988968,0.017655287501103234
hindi,575,cb191bbd6bef46c81c9d5a49421a071897ee938b184fb94525d71950769ff71a8e4c5380bac3087cf73f11082371a95a9e76e594ba58d9520d5892e39d9d167e,4.248,0.07720058850292284,0.5428093671798706,0.29204828282697604,0.4531313066481645,0.2522682816375149,0.9864545104370528,0.01354548956294721
hindi,576,169afd68fa12674be328762c77fff1783f807dfc52a7f9b0ec599d77f5fb9bd8998ec8f9fea575f4bee8d86d2ea242a97ee6de9da1bf191f541113fd3c432206,4.32,0.11287667125162253,0.9630907773971558,0.567353841136843,0.28524218511751515,0.14552460759617128,0.7866012840110876,0.21339871598891236
hindi,577,0663aeb40f5d5ea46610cac3ca0183f2193b429770c84b516efe7d199b8b110944005539d986613fdc9d6532694f43c3a8e4dfc9de8ae7bfbc8b57b412ef71dd,5.04,0.09827183265782996,0.7479315400123596,0.5512832686583344,0.2620670519302581,0.18418586889369834,0.8759670110824977,0.12403298891750225
hindi,578,b3a9d00791dae63b944756627fdb96c21c53f4d69beef3a56780607d83e56d0a6faf52d5d704c925bb323f8b2c9a168a87c2cd94fcc3d3abf6b034c9e7f5cd77,3.144,0.08175730932853705,0.6035493612289429,0.49109319108105215,0.27481682007418295,0.2311593826462223,0.8738775674924029,0.12612243250759714
hindi,579,aabd80b27714da5c6b5d4592a6f29f161db3cb06672ab14afb56eaf550ac0be0c14536ba5df7358621f018a4bc767c8c8477eaa4746830cf31ec4cdbcc2193fc,6.3,0.02504427512976947,0.1078413724899292,0.22420867049164708,0.3901681540027009,0.3805965817604639,0.9881102321336802,0.01188976786631979
hindi,580,f446689d92087b875d07eaa1d98e4b7e07ec4f8651762d73d8e0ecbae21be60e60a3b7356828d24a8c9071f872f21361ca196ae017820a2908412966f0a59df2,5.508,0.01679266865772486,0.07844215631484985,0.19006600392577044,0.41165277826338376,0.393135539306379,0.984340803012854,0.015659196987146018
hindi,581,2b0295a46df33cca7111334e28048e4ca8856ac39e51ceba5d127c2defec2c84aa3dbbe0b2cd9a0057a3710d4ca5936186ac62306a21dbc4f493acb9486d1452,5.796,0.07530209318249254,0.6820335388183594,0.45282509498351686,0.3023675306219124,0.24185814828062915,0.8677495023757125,0.13225049762428753
hindi,582,93f71918fbe69cad830cb49211cb10c9344e04ceca427ea39db38c8b5f5f200a4706f0a12646585364ff3b44f3bb75784005797e3e3259fd9579fa985955b3ac,4.572,0.12309513401880368,0.9899999499320984,0.4268516465476537,0.4275005946856523,0.14411049750213678,0.9701617311164275,0.02983826888357255
hindi,583,ffb5eeb570d2ef310e46742868405151da6adb390253787708f24b730c59c01b34656465701e80b1157e9b0f9421b9a06a454f56e2a3a4bdfbf5c6c64addad11,6.66,0.13616816071346732,0.8795381188392639,0.6585270189715731,0.1787952743352704,0.16103321157396047,0.9723476475467187,0.027652352453281348
hindi,584,6ebad08c5960e5ac3ec20197f173828d6da580b660c01794cdd4270089cdd590b3d512277ba38e372e860e7e9e9d9621fbeec2edd3ab07dcfe713a646c246543,3.6,0.1270129200729142,0.8592647910118103,0.6903161240258774,0.150359689310746,0.15743435705004966,0.8699151778273088,0.13008482217269124
hindi,585,184190f8f53136c0e77cb1939a81bd7b91a650163a3cce9cb2af1f732be6a0165a7ec72a286eddf11fc4a60b82602efed4ecdd9ad5d030501c7fd2930d062b64,6.156,0.05832370724842935,0.38999783992767334,0.39014749610549443,0.32517957639850015,0.2809975613184651,0.9610279521922057,0.038972047807794286
hindi,586,be10029504aaa30796d27938620d08189f19a31701c9f552f60c99eff87dddfbf804efc53af08d2670685aeaeeb295c9f3326c85b8127b0ad0d1232f03bc1781,4.068,0.08552178952211245,0.5871187448501587,0.43156005784410745,0.36547412196784573,0.2002083650508007,0.9506011138592176,0.04939888614078236
hindi,587,dbe55388d2e8bae8e64412f527e29fa3691a1c13adcaa6b80313b3e475d2df28d0428a6151d9cd42018d943718c830d69a80c5bf8a6a88200e4c6ba36ad6a748,4.176,0.051743244265925414,0.3365059494972229,0.3798750246972362,0.3145611350000167,0.30148277976094284,0.9420134781089448,0.05798652189105524
hindi,588,e0a36ee267ea8131975092e3f0b285cc85c2ecf0e47fa58a4f81eea8ef911bc2e939a2fe85859b96f77623060400a6ad1157350fd138ac8523288698254e8c4e,4.608,0.08720274260119004,0.5113996863365173,0.5159671141216098,0.26399534619756465,0.21719089247124676,0.9509956751570703,0.049004324842929714
hindi,589,ff8d1bfdc7d8be2fd275f506691f3ba70d9d60666488ab551bcbb76c3fe93c7cfaa703f465f40b60131807d73913eb37830221336b6803114df015fb7caed36e,3.456,0.023104274608034246,0.0994488000869751,0.21177278409001407,0.397055986732472,0.3856990050432918,0.9793987488666013,0.020601251133398724
hindi,590,0d095340640de1eed083de79682cd69d43729d60e08c0a6819dd49b8f15d143165cd66c8061dffa3ce372d4356c10e0bc5cc1a3a224cbe7e1cfeca4c5cfb413d,4.608,0.052222537201968615,0.3041055202484131,0.3464644947398912,0.3353328218899456,0.31444993061994275,0.9720353346465036,0.0279646653534964
hindi,591,d24af5ee15190d3fc14dfc4ee3c75c75fe66fb537d4c7cf94e0e7d489ba442240b112a68a9dcd921ed48aaf17649bacd187e913bf4f22c1471cdc0fd263e9aa7,6.864,0.15177882083657682,0.98101806640625,0.8171943813579998,0.1782890473729743,0.004444892550697135,0.8475840662598172,0.1524159337401828
hindi,592,8a05ca02926d437b43ff4cc21925621fc16dbeaf8e35977e8c6f5da4d29494951203f52e20050d365fe263f76336e15d23cf8d1f0c0514c9fd900f7d92b108a1,5.796,0.05698036366541341,0.37175530195236206,0.37390938345476804,0.3388257464503056,0.2834805015789548,0.9646332300836442,0.03536676991635579
hindi,593,60b2daa4cda30b5320834f3c2d21ea1841b52ccd7bf7ed4689f3ff27ca59c3323707c95e9a17bea4082356c576bbc3f17a00106134240f3632529b329fc1e62a,3.78,0.11069265136364903,0.7270013093948364,0.6482133427213519,0.1776717033825861,0.17174819622113016,0.8653626835988405,0.1346373164011595
hindi,594,bbf090e6e283e4e37184a2e8d18c4e8b316a072a5565f942ab1fe209609ce93499859b1bc6b7111be2f33203c2746e5c37c57a3fcff52e9a7f38780d6fc39a26,6.228,0.05884236354005727,0.37111568450927734,0.39411291940718324,0.32160088506489803,0.2806514283820874,0.9659088923901427,0.03409110760985734
hindi,595,e2de24c9d3a10973bd81a43c7e81d2b7747c4395b5c28a66daed073de149a6e5d8cc3da3877c75c105e7ffa814d8ad54ef34008e39a9bbab1df11bbc31bfd2fb,5.392,0.16097220424773268,0.990020751953125,0.9848929550707066,0.01377090521905952,0.001279347620886291,0.6120704927946365,0.38792950720536346
hindi,596,95340b846e677ea27571958308bb11e2403ec2e4464bba7c97372d324e628a906f6be086595117707361a5dd7b41295d64031b6b2a5f2e50f6dc0a1841fd7fa2,6.876,0.02435630232581075,0.11969876289367676,0.21355338286044073,0.39571634451887083,0.38543770570082686,0.9894631602618522,0.010536839738147785
hindi,597,51ac71db84d066b7c2fe1dd940f0e75602010e8a2c0a23df2b47108a43c6df09aea35278f729be243a1d02576df693c13705cc367b391889be00e5a572b08fb5,7.056,0.07458407711286334,0.5360457897186279,0.47155774614048945,0.2905366407282967,0.2348013002755623,0.9413440229983454,0.05865597700165459
hindi,598,634801e3e952aa1af7c19ab36d4ccdba5839f1b3ee5333455fba7edbf6dac42828d7e77c4b4eb6f9830708b06d85de7d9532dbd890f6067da9241172fa0722b8,6.948,0.005401061238303334,0.023690760135650635,0.17181713846284655,0.41626151323285693,0.40668581931883035,0.983108406948778,0.01689159305122201
hindi,599,389842e0cd33cfb9876ef3d2f0e50eb0d9842d3a72efb647244e2cab4f456609c2fe3c3584b5307808cc70d8a9f6cbc18617ef2eadf45ed518b03c0dee8dfd87,5.184,0.1225475231014549,0.9308581352233887,0.6459569854033425,0.20737847817357322,0.14480061409780512,0.8515975957975201,0.14840240420247985
hindi,600,ca96256894b92e0525b6f8bf5bac013efa869bfe9b8ec767a84d2e0b6f9f3108886cad7b3c9e622cc74ce7c803c4f9d96080e182713805211464db35f0adb51e,5.216,0.13477418430106083,0.971099853515625,0.9861081117718232,0.012270629186259305,0.0015371802299343083,0.1457608715127218,0.8542391284872782
hindi,601,ca6156fb12800e3b3fc41f9907777531141ebf8f445b70901bc7137ffd0e5516c2229f3c8c695423887299cdfe5b9160cea313d614a4ba540d5ff4102dda821e,4.68,0.08383392687886818,0.7856443524360657,0.34444814304837884,0.3295729230738293,0.3236528498511395,0.9665747457661636,0.033425254233836355
hindi,602,a34b3f5fa057f54bc74179593acc5d316145622c5ece92f2e9b2d74a2de7fa87ed863a9061955f68625d580b33faa23dcd31f9c5a6f9c1e1dd8790a4ba671f57,4.176,0.09724245465205132,0.9409847855567932,0.4409792993553652,0.39073827382664195,0.16614605960255302,0.8089934862213203,0.19100651377867972
hindi,603,2fab289aa06c3d3ed662c848272fccd54cfe903fbc7895c797a394c8ac5314a6dcbd94b498eb6af96d006c568ea2a0d523ca6b0212684ed46408338da97c2b0b,5.652,0.1032440050316681,0.6081020832061768,0.5585332809175684,0.257976725460058,0.18133181087891453,0.9650557982393569,0.03494420176064306
hindi,604,80ffb7f21aebcd96b01f5098bdf0f377f31fa297c2c30290be3dcd6a69b87e7570cd2e9ce41edb96038e485ce70cf75436dba4a0c7925bb36a68db134979c585,6.588,0.11780628875163732,0.8842448592185974,0.5029118368895923,0.3634136958194409,0.13191691150048201,0.9633925953321031,0.036607404667896914
hindi,605,ea8ef3168cd29cf3bb33c603fc49336a1b58747fac2bdd17b4f6d59f24ed30a903a1b574e5d276035f8c3141478664e8f36c46a55fb6637e08b183a0969615a0,4.896,0.10212671644091509,0.7740627527236938,0.5983606858394287,0.23791381761802116,0.16160687370637014,0.8143449745223168,0.1856550254776832
hindi,606,df520ae6630f89c5941ffecf315f19953bdca51d6b7beb825aacd71405cc44f29ad01463f8b079cb10faf201b544d74dfd136f3353babacd39f80623d2c64bb7,3.78,0.10560126790523369,0.8710424900054932,0.601197357864224,0.23414144586920443,0.16250496874004977,0.7129476516802674,0.2870523483197326
hindi,607,b4069adc243cc7836a2bf30d44984b772c144f867bb92b4226209bcdc0783ee26b25bf51d2c4e42b8af14bfe3d183fb5aed4fd783bddc50d124f0970cce3dcd8,5.148,0.09562960747593241,0.5224939584732056,0.5500039359861475,0.24336411639068856,0.20406002034560525,0.9651668292476571,0.034833170752342935
hindi,608,a3c9eb18e51d74ec5fbf9ca9ca1d5edf24c691d0f685ef2ffc8689d107710a300eec2172a79cc039b119ebc451ab794cb8519ce2d3c37209c7f24649089a7fc2,5.652,0.07685902772372347,0.6086156368255615,0.46976272751764886,0.29304403507249815,0.23410365980346493,0.9031336364549634,0.09686636354503664
hindi,609,bbf090e6e283e4e37184a2e8d18c4e8b316a072a5565f942ab1fe209609ce93499859b1bc6b7111be2f33203c2746e5c37c57a3fcff52e9a7f38780d6fc39a26,5.688,0.05512482446537118,0.40256398916244507,0.3637961362728073,0.33617339161996834,0.2961037882177521,0.9572367290327567,0.042763270967243305
hindi,610,0a073b2441b86a13d80728f1a14413d473c4091d1053a3a53982f2c2698abb2a31f35efaefaad9b678d4cf8b27aecc058d4f664d005474a90b8af287ff58c303,5.376,0.09875945006037934,0.7076120972633362,0.5823598618856113,0.21680812803093089,0.1982397752402858,0.8913963279610903,0.10860367203890975
hindi,611,9a862e8c754a334f2c39963b8da67e4e6e46ef2889e6ac772bb3e3847c4e1586e46be4d21adf569a90009925022013d8900d5ec065a6eaf767a5f0c3f1317f6d,3.456,0.09834778192615051,0.6761574745178223,0.4900101717625893,0.2813700651318317,0.2263993835456916,0.9515803557593399,0.04841964424066014
hindi,612,552fd8cf90f15edcaf7388b1164d58d7eae5f20674dc780b9efb9d43c80af1ccbdef88d0ddfb76038b9614eda2b556cbb4fa8a46ca54ad7dcc43d9298b63f1eb,5.868,0.058236724934794704,0.40857309103012085,0.36252315016146264,0.3288189687296277,0.3047330460226407,0.9692446136724806,0.030755386327519396
hindi,613,aa9327f862e22c8a7e7c1cc05e596b019cb19e79329dfd7495112ab3dafda315d4ab663885cb951c63be27858c37f1aa245b0907d689b37ee4db113148053cc6,3.492,0.09280924096550244,0.605679988861084,0.4210023549285986,0.4071946545805274,0.1695538418564303,0.9631723615505196,0.03682763844948045
hindi,614,2b0295a46df33cca7111334e28048e4ca8856ac39e51ceba5d127c2defec2c84aa3dbbe0b2cd9a0057a3710d4ca5936186ac62306a21dbc4f493acb9486d1452,6.336,0.07829664974254241,0.6704370379447937,0.47955674712923785,0.28005259861012755,0.23753589985983517,0.8844574071782897,0.11554259282171031
hindi,615,38a6ab913e27c72c3f28f3d2da65caa00933288bfaaa24633ad7168676bf34a4bdf59bba015f1be078031901c2a05ed997cd106fc7bb6ffe0cead3f59ca77415,4.464,0.04568109177114515,0.24965274333953857,0.29615349121720097,0.3358151518294314,0.36391322585003194,0.9839867669149687,0.01601323308503133
hindi,616,9f2ff0bc50ccd0ab79eed640359ccb9c1016d458fcfda044203f727fd8063bca505d1f650c0a66a096c753381ca88026043ab86554e6f9229362771eb98cebad,5.148,0.03471559495509547,0.19646936655044556,0.2578683808169078,0.3859232301582113,0.35147244364190416,0.980843668146811,0.01915633185318899
hindi,617,43dc11a5328c78dc9536527d6945245d5b3e371fdeea987ac538a30956eacc649639e2b09c28bf3ee4f4f764475880bb8f68a5cd20ef78800a664b72a86ffe58,4.068,0.06252761290307363,0.3567346930503845,0.3848210908060371,0.3460895235464781,0.26561741099289976,0.9644274964618126,0.03557250353818742
hindi,618,2fab289aa06c3d3ed662c848272fccd54cfe903fbc7895c797a394c8ac5314a6dcbd94b498eb6af96d006c568ea2a0d523ca6b0212684ed46408338da97c2b0b,2.952,0.1348829592394124,0.7970536351203918,0.5976908164555733,0.21955748187498844,0.18117642005504642,0.980834027956543,0.019165972043457047
hindi,619,f4276b793d63656aa644af3755eec97ff45d8df43323576969e1722c9b9f099002febe4c6f3a9401ad2a7011623e315d775ae5c19f3901dfc9cb44d20a5c91df,3.06,0.10301113226675976,0.6588489413261414,0.5991055707430064,0.20527917468323442,0.19296094757792417,0.8907761795526994,0.10922382044730061
hindi,620,c1edd0ef566e809ba01bf1a3011df6cd0fbf6a1675ba8002e671dd7b16588ea30ff434c78aaae27b190d16c6d7bd32bdd4a6b1ca631c0b3f819e807b3cdef585,3.276,0.017386149677839573,0.07997888326644897,0.18075861417310168,0.4245583093925095,0.38945503883137944,0.9777508897913835,0.02224911020861653
hindi,621,6f3cdaef649635685d3a90ee62bab981848e6ed6f25f28b9b43c2f3d4ac51b4e42a36ead3b4b83add1e9bd60f0c66f05ecfe7c7c5154b6345a1c2f1c85b32fa8,7.488,0.1255958619474171,0.8654927611351013,0.6077234716052778,0.2569036443378786,0.13378537188338832,0.9617817875854128,0.03821821241458723
hindi,622,ca6156fb12800e3b3fc41f9907777531141ebf8f445b70901bc7137ffd0e5516c2229f3c8c695423887299cdfe5b9160cea313d614a4ba540d5ff4102dda821e,7.84,0.10788434558835915,0.892303466796875,0.8328570913062481,0.15974227269503757,0.007247042415449218,0.1820098093887,0.8179901906113
hindi,623,b5368a2dff773c397ef5c49e62c79de17d88d95d2079d13c22dfd061e40dd1528406716bf6158aee618664f8bd5cd01289e1e410afda482364672472b003fd9b,5.652,0.0553104594609781,0.36453962326049805,0.3784883792973836,0.3327105992758775,0.2851363271502809,0.9585533554680753,0.0414466445319247
hindi,624,29bcb273adde2fc3bc2e4595307cca55f7a2164b643bd634a478297488389dd87132dba219b5a51a5b42b59a42fe5eef68ff2cd098bb675cf680befd442613d5,4.428,0.07386109554836433,0.4162869453430176,0.4281707209605234,0.2924579729217366,0.2760697602804795,0.9740868635583142,0.025913136441685802
hindi,625,63293ff4cc67280b10da2df2fd2763db65ca8493af191e121605b45457373b9d2f7d073324125f2ec4d3d5aa138903f3532048b49083306757421a463dcad13b,4.356,0.07562620367520975,0.6191322803497314,0.4035079882422957,0.34315645682696416,0.25037184741735474,0.928027850745506,0.07197214925449402
hindi,626,f8c05fcdb50a537ce73d8e72c60b569d19a31b8e0792bf6ea46d66c769fb708c0087e260a59f3e48f8272304ee14cb57fecdf53a2873f5d72ca5a3378a149caa,5.304,0.12633797348580927,0.9900000095367432,0.45313477570293087,0.40753003873022525,0.13789064802270132,0.9738178723719367,0.026182127628063268
hindi,627,f1b62e5d3473776b945ef79fbad0a46a621fb136b143d7aeb75a7cb854ebe0807524eee04fe8d83b3311152dad97e341e18ed5b8981b3cf322fec4e0700894bb,4.288,0.13126094794544538,0.8565673828125,0.7246598096085151,0.029884267459859826,0.2453698895287437,0.9359229370313614,0.06407706296863858
hindi,628,9be22651e8bee8e72a3187d9a27f0e9ed24c178b528062b4ae5d6a2a32dbb8c6001f6d3f15d60270fefa422a2c58426a2c915931d43266eb48a2d15836111a95,7.308,0.04168243392973865,0.23271197080612183,0.3089348772871023,0.3526247028644458,0.33388379444204397,0.9843842567346357,0.015615743265364301
hindi,629,4bf6e446d97c11b48f8309ab29d202711dab968676351fc66463ffd24b97d11fb7d34e50a5bc9544e075ad2038996abb9387ae6a627acb911f4b514124a3d3a7,4.536,0.09284657048758428,0.6709900498390198,0.5430466253686098,0.23716960430289497,0.21711520454500757,0.8966513159067934,0.10334868409320663
hindi,630,78014d1d0043184446ff0c083c8868966598975e5daebb9725dc92f60fa5c8d06ce1bb84b84760f14d38217866e6bde176419a1bd9e5f166429d74168b3dd926,7.056,0.06123578991572509,0.5222470760345459,0.2969876203939521,0.442886344076743,0.2567112656203251,0.972959870081935,0.027040129918065037
hindi,631,c127090a8261671f4e68cc31639996579099a014bbd65dc05c580ea8961637ae6978ac28c265bbba5145400258f062bf70f582aac610a13525cacf73579563bd,7.128,0.12279588673971634,0.8084957599639893,0.5977716036515209,0.2693275697820058,0.13118624236877088,0.966050554079915,0.033949445920084975
hindi,632,3db6bed8f713bb226c8e1414c97e0da016bf5573c7281dda13149cf951a3bab57698d09a84cbf226aebc5f978c42bbb83ee009e4e787f7674304a0ef235be968,6.656,0.24267728873950684,0.960174560546875,0.9777527775130483,0.02035903148547699,0.0018591373962967834,0.9997113860001967,0.00028861399980328883
hindi,633,aabd80b27714da5c6b5d4592a6f29f161db3cb06672ab14afb56eaf550ac0be0c14536ba5df7358621f018a4bc767c8c8477eaa4746830cf31ec4cdbcc2193fc,6.588,0.032628543318057826,0.15760046243667603,0.25782223949569705,0.37499260098956033,0.3622973986833553,0.9875442551468379,0.012455744853162143
hindi,634,e811478820937736d1074ae0c51bf72791cd1029b63b639e8dd3ab8f6d8ce46e9eed447dd3edfeca171695425e9496970dbbe5f3cb9b07cba7fed66459eff2c3,5.796,0.09667379749921261,0.5495021939277649,0.5480150880889101,0.23785187304013286,0.21124501655148764,0.9690209576581174,0.030979042341882645
hindi,635,f552d4cedc22293c27ab4a86fc3985ecf1bd8fe9e6664f6a835675acf4173fa94bfa392ddccd06a177ae2bf6e412212f42973dec10c26a7cfa02c48ddd7c7978,4.068,0.11149096098105776,0.7986668348312378,0.5671048304222175,0.22828855371745668,0.2026048968081241,0.9277872230890447,0.07221277691095529
hindi,636,5d11b952e9611a75d83a6b37c9eb61990cda39a280a57ed6b8e1e5169bbf408c23a2618a05bd8ed04bef3258fc84db91cac825708b4163b8053d8301d130370b,7.416,0.057524659139947386,0.3104311227798462,0.3676428542927377,0.32398741745705284,0.3044554194522658,0.9863969743053825,0.013603025694617465
hindi,637,f4ee604449f0bccf330b0b3dec1201e20aa4db5a9eac3094d6847aa2304802a101515b61a081228f8507d9f298afe4d275da66279b222ccdcb4d2e7c2eda850e,6.552,0.06376276050944023,0.4351106882095337,0.36086501396195175,0.36775091935256216,0.2681177543764615,0.9756183629041486,0.024381637095851394
hindi,638,7570a71e8291317409ff389bd743ae3946da5a2b9540b1d3be2b8e42560a8338f8ced7349b801dee318d981a4d51d1fe60ece80dc66222d056395f1476a1df67,5.256,0.05052234005138646,0.32875120639801025,0.30434196648375955,0.388421497697795,0.3032954127819029,0.9764719113609388,0.023528088639061195
hindi,639,ea8ef3168cd29cf3bb33c603fc49336a1b58747fac2bdd17b4f6d59f24ed30a903a1b574e5d276035f8c3141478664e8f36c46a55fb6637e08b183a0969615a0,2.808,0.13600304955307185,0.7591572999954224,0.6426651704983616,0.23800653301228702,0.1177969455790224,0.96695666453932,0.033043335460679946
hindi,640,0d2120fd5389d89f197e877a642aeb305bd4d8a9820d642a3ca7e83fe64ca61a0a8b15a37958f3629aa855408d3eabc56d2521ff9a06db24bd0c95320f66efab,6.948,0.13703801859393244,0.965557873249054,0.6555087059261606,0.18792141174559732,0.15489937727244532,0.9584987724795313,0.0415012275204687
hindi,641,4165462ba3028c7e25d5ff7abf7e81fe2d31ab129cfa039232a6753837447e299445e86cc1a94db3a8957d1cf55c3a1aaa96b297a0c75a814bc1a2df686daae8,7.128,0.15060009529374713,0.8235394358634949,0.7733179240518748,0.11475017397153188,0.11049850390771664,0.9780880265992982,0.021911973400701834
hindi,642,16c775b5ac1a75459692a8e2c553ec084df96439cf53c5129ce1e5c20a9a04d3ed23204cf582fe74c9dc12a473fb3072139ea313cee5ce51c0d17acf8cd16333,4.68,0.09158512273609774,0.6418302059173584,0.5446614846936721,0.2523185047699897,0.20037020978784176,0.8946444047876689,0.10535559521233107
hindi,643,7645441bdc18d3b030505861df550d84664b9a9931552e1efeafab2fc218b84b74173a02073f3ab449dfd6be412293b9bfbe39fc0b97793fff0f586d8212ca0d,5.424,0.11678828452880174,0.9639892578125,0.8260160414709752,0.17354156336020088,0.0003326748018919478,0.1595189075022949,0.8404810924977051
hindi,644,e0b0d9bee4bc7b503aa80e3cc2b981cba7d2cd3493201182fda6cfaf6bd0f3c06ed4dece1470c13e0a96e60f29ff7be6ceb53724edc3973a8e5594a8b8f2fb13,6.696,0.08130950921650724,0.4920347332954407,0.48601692453253814,0.2620051094958578,0.24864033108787142,0.9710957446255455,0.028904255374454513
hindi,645,66a86ae3d3f3eb48e5bad97a370e6813f967d7744dc410051a5092e6bbd0da658ea468af2518aef0db5231c7bd0ed0034baa278b9bd688d6e2dc295d9692ecb8,7.056,0.023005982577123368,0.29983627796173096,0.16857870563301747,0.36788670568273213,0.45896700446762384,0.986023365016998,0.013976634983001945
hindi,646,02a40eed38bf20ab1ddca1a5c60f5b2cadd5455be21c7a1ab8e87d65a6fec68495c0d24d8fecdfe3f9d132fdfa842dba33dca093df21b19f3d325519779d13d0,5.436,0.04761742514164357,0.24417829513549805,0.32777412123985716,0.3369407510690702,0.3310677762322515,0.9818924026961453,0.018107597303854694
hindi,647,0175f4388a3ca66faae78ea57819f8aab986d188f874dde198e28b64248291dde8f43a6912b9de4854f9862a8f832961da3e9194bec9ebef96b1c9b66d956422,5.508,0.08960239035613862,0.6758444905281067,0.5599697479136554,0.22816655034934727,0.20923587068005742,0.8615530756419165,0.13844692435808348
hindi,648,f4276b793d63656aa644af3755eec97ff45d8df43323576969e1722c9b9f099002febe4c6f3a9401ad2a7011623e315d775ae5c19f3901dfc9cb44d20a5c91df,6.336,0.06854137514895486,0.5685893297195435,0.4340294881318895,0.29127969321434977,0.2711393633604568,0.9241591807236506,0.07584081927634945
hindi,649,a77463c4923319faa0aa9e316c75a0c0b8b57506ca68d5ae159872b937710f58e5559c8f319e0d9b23c3c80f7bff29a739634859ac38c3cb38e1f278cc7d4b97,4.176,0.04610566380300637,0.22548741102218628,0.3335628428483071,0.33850833411463277,0.32362413164945164,0.973591016909392,0.026408983090608018
hindi,650,4c946f553c704abd727b3818b1d22dba011a368043575278b58ae219f71cb8914e6cac82abe55d7da17f49bea4cceb3b96c17355a6f5b078c19a947defb9061c,5.472,0.12633512792194354,0.7921341061592102,0.6296561583218774,0.20052866906545214,0.16785431062998635,0.9656419570637057,0.0343580429362943
hindi,651,2de3db24e998f00d734a8da3c51f592d40cdff55dfae3f290f4b0ef2e1acb63313eba952692afa76afcc1912d4c5fbd103d7bc838757a2bd55293827e758500e,4.788,0.06233674287970381,0.3597184419631958,0.38800960532066936,0.3097753094780919,0.29856875303307245,0.9733938692223505,0.026606130777649506
hindi,652,ef72dad515c406393c07ffac9b57e6cd1e83073c82a001d49ea19a30fd9976d0d50d4c5cffcfdbec8ea222c152695775d85c227194f2e56516531e1c8e76ff70,4.056,0.12016041534946156,0.850497305393219,0.5069494505666303,0.33450751627629044,0.1568547425757881,0.9638723982142402,0.0361276017857598
hindi,653,68cb270e1215efd79204c075fb9df17b4ea024a7c09f74970ea4e506e73229238b2c3b3fc62c0f650e4fbd93cfbdd109b4442bcd5292c50b81cf80146568bf42,7.992,0.04094017886891252,0.25193101167678833,0.27147624212761423,0.39683243546533076,0.3274057664379389,0.9882733017905376,0.011726698209462372
hindi,654,1605878cdc4bdeab0724827abc448ec019fcc59763e097294754173714e955fe80a28c12eed4a39a58f442138b886e755cd644efb115aa2599c6e50a20e63a74,3.888,0.08064072959621278,0.7443313002586365,0.330806068028594,0.4032439740451377,0.26350695437013205,0.9488309238247942,0.05116907617520583
hindi,655,b69e010df6113e5d308dc62955e0f00639179e3f7074a50ff065d102adab88d624810f4c5bb6e59977dd65ba69bdff66ff08dc72ff47bd0dbd8dace3e3c392d7,5.688,0.023919726011311777,0.12016326189041138,0.21529187034134495,0.3906843280064078,0.38900512722398467,0.9860669089280032,0.013933091071996806
hindi,656,cea40007071ea914e41633e74d05142fd1f5f8f49c154534816017cf89ce625657c804fe479fe87c08854ecd847697d6ca0fb6bcf424006c307f65430c34785e,4.572,0.06601808716383709,0.4350517988204956,0.3278616661208426,0.3833105702899713,0.28534777630630265,0.980435278454059,0.019564721545941022
hindi,657,b5368a2dff773c397ef5c49e62c79de17d88d95d2079d13c22dfd061e40dd1528406716bf6158aee618664f8bd5cd01289e1e410afda482364672472b003fd9b,6.3,0.06592573642817481,0.7544882893562317,0.43147938122314367,0.2919108765046034,0.2729979513067441,0.7538527188003021,0.24614728119969786
hindi,658,95cc33ae73783f08510cc8b475a3f7da1144f0cdbfbe42446afc4e8942bf842722a12076a164393f2c52e0db9026e5f129a90feb451956b70f7366a89e026f1c,6.408,0.019443051443673497,0.08624643087387085,0.19125169330627098,0.40388901741377486,0.39974574191227114,0.9894868122031495,0.01051318779685051
hindi,659,0d095340640de1eed083de79682cd69d43729d60e08c0a6819dd49b8f15d143165cd66c8061dffa3ce372d4356c10e0bc5cc1a3a224cbe7e1cfeca4c5cfb413d,7.056,0.061037488683660386,0.3924747109413147,0.4027540079251714,0.308744747322073,0.28472267333625856,0.97108416171994,0.028915838280059947
hindi,660,ea8f8541a19f474c4246d33005ad2c365f8b82b7a9b214bc39bd7b0ea6469e6d17fc574bce867f5fa60612c98df61735b7e95bf0d9c731a290e4c4bd515098bb,3.06,0.1247159428566488,0.8568829894065857,0.6535363737566701,0.2117131298405662,0.13300116256815323,0.8591892668191293,0.14081073318087067
hindi,661,68b08c34ed8b5919c7565855d192c459a11812d7fdaaebf088cb6579ae585983139315774bcb13db7e2a5d51f8c236ea2f485e182c91e2edd75609091f07d48c,4.86,0.05563139186136323,0.40397679805755615,0.3230519147637201,0.39991883925066385,0.2731826587747787,0.9618462223084459,0.03815377769155415
hindi,662,3512a2ce63a4044e19713803ad92889a443d1d6fe4e83bd00833b842957b10139899aa75c48d47ecd6d7e02112c2f7d3dbf5e752d40bfb9bffe073a8983b56b9,6.408,0.032945611799990955,0.1691039800643921,0.2290383624111924,0.4158097418627575,0.35048876987255906,0.9890308164874605,0.010969183512539504
hindi,663,ffcbc3951f469a43cf363b5df83d56ab30c65a40bb5bf05ee2ae8f98f55d6c76d8cf505d8bd32cf189c373ef1e0a52d01d2fc3cfeea863dd3ea1546eb2ef68cf,6.516,0.07770417334914369,0.6278300285339355,0.4047284431385282,0.34253606338847625,0.2499292344861383,0.9578334048289756,0.04216659517102439
hindi,664,b9e669f9010e60c988c15c6c357649706d91c33219725e9a2b12fe7903fa536fc8b34a51ea158f2ba92027617b4944a2514cfa7beb4249f26b23754403940006,6.512,0.14828005382347803,0.87762451171875,0.9670146216390383,0.03137774919962779,0.0015325521213737498,0.6161523100165639,0.3838476899834361
hindi,665,23e7986df66ecae7556379ef6a8c59490f3a38d789ddcbb9af2e0bdac45ded855c8a27be3ec862f45918adec219022883c1f64ea3ca811371c818856357ef5be,5.504,0.17475051091222232,0.936614990234375,0.9442229855108467,0.0397636058685239,0.01596500203942598,0.9262852453925945,0.07371475460740551
hindi,666,d39d516dfccbf4297a953030579625b84d76314cdd257472c46f3116b9f0238183eaa531151e2a8bd4968015c10fb293e815f5a2c36475f899e88f5ed90676ea,4.5,0.0883305890451095,0.7363450527191162,0.5171959479869502,0.253707247210892,0.22616617289539448,0.8400355147335082,0.15996448526649176
hindi,667,9296b5aa6010d28b45a780046d322620298dbbf3189b322a311bd2aaf58e1b3d55d7ca923cccd5f1fadb32a84b85b5c86517b92c6cdefbcee928d6ea9af98645,7.128,0.05993763130198521,0.39024674892425537,0.3461169206427247,0.37910118608270926,0.27127476378940113,0.9806757408798785,0.01932425912012148
hindi,668,75c6bb7203a8fae0c08c18b39bebaf7f25f86e3b2cdbb1dbd65927288474b3fa5b24c5c88144d238b93b8327677bdfbdf560078a95a3594a6b6ea7dbf3f3eec8,5.94,0.12025549990606414,0.7786833643913269,0.6156483325198502,0.21010843810860907,0.17247348717108052,0.9592438962153818,0.04075610378461825
hindi,669,ec1882fc4ac252c0d462191a4703bb6c913b73dd21950682e8327a6a076c8333f4c5708f7d9426b51a98435d5f79d26ca06428a64a6ac9513537409eb663f5af,5.508,0.030602936658411743,0.13583284616470337,0.2419441919930991,0.38184256535066774,0.3712903002202745,0.9869398983558955,0.013060101644104538
hindi,670,621e009fa43e75aecd867db6acd010a1a280b1faeb916e3a5e1a0bf8346fd32406c7ac120765bc592bf0484fcc239c756ead9625c64f9c6b3e9210bdf698995c,7.236,0.05666165365300734,0.3513583540916443,0.37818493254809976,0.3297001875855981,0.288329722939727,0.975853310956808,0.02414668904319195
hindi,671,9be22651e8bee8e72a3187d9a27f0e9ed24c178b528062b4ae5d6a2a32dbb8c6001f6d3f15d60270fefa422a2c58426a2c915931d43266eb48a2d15836111a95,4.68,0.057181887020885246,0.49132227897644043,0.39613341178791117,0.3106875067354786,0.28931493024772115,0.8951917365080984,0.10480826349190164
hindi,672,0f018a99663f33afbb7d38aee281fb1afcfd07f9e7acd00383f604e1e17c38d6ed8adf1bd2ccbf927a52c5adefb8ac4b158ce27a7c2ed9581e71202eb302dfb3,3.276,0.1432360303916688,0.9900000691413879,0.47947750246359316,0.41330944130666786,0.10593858687237054,0.9852060349479198,0.014793965052080194
hindi,673,552fd8cf90f15edcaf7388b1164d58d7eae5f20674dc780b9efb9d43c80af1ccbdef88d0ddfb76038b9614eda2b556cbb4fa8a46ca54ad7dcc43d9298b63f1eb,3.708,0.04590904943521433,0.2169790267944336,0.3015845210618102,0.3462810808157726,0.3479340876630273,0.9824827421643684,0.017517257835631628
hindi,674,ec78af2b863dab21a727f2ae9acf3ca8000403bcaaa82e800686048efeb2dcd359c7afd61fc63ea272d52e127546ccc8650a9df372bdb8f30a4df59e828cc263,6.408,0.04383877538265056,0.2511504888534546,0.2828134981832581,0.3946160814783076,0.31819594464647655,0.9850186857014749,0.014981314298525117
hindi,675,95340b846e677ea27571958308bb11e2403ec2e4464bba7c97372d324e628a906f6be086595117707361a5dd7b41295d64031b6b2a5f2e50f6dc0a1841fd7fa2,7.884,0.0238184896522973,0.12593227624893188,0.21173249688062604,0.395438390226703,0.387777503768902,0.9910073153755683,0.008992684624431702
hindi,676,78ece404c10c0cffd89ca462c3b3c90a2a01c6952c6ddde490d8ee2328c5c86af021cb340fdc9f2e1cad3733905d00d25292a63c668178c3cf8cf8fe02947c58,6.66,0.07169002917406447,0.5371856093406677,0.4007212431371432,0.31494883716873234,0.28100946015703737,0.9690477367824559,0.030952263217544074
hindi,677,a8cef7bd6abaf998566f0ccf8db1ec57de7ea766b6d81496d00a45d203ac4c57386b31d9c6d11d1a9db94b00c5c32594ece3fe7e08bc5f00ae7a043c8a74d9cd,7.056,0.08214044102685517,0.7127745747566223,0.46396179999032655,0.2922147633097113,0.24111829761116513,0.9194647643599376,0.08053523564006237
hindi,678,da10f782c53d93ec1dbf793a1f5404dbdfd390c9abdacd218d0c47e2366a569d50841b5ad9075f9b83e2c16b9194ab1be1f91e407a546218999fa14e2b49a3eb,3.096,0.11420133769662409,0.731192409992218,0.6319501808565322,0.21221107786837326,0.15380211581814693,0.8853914311800829,0.1146085688199171
hindi,679,80d92595b38c164010ef7313465d16463f2c96fa6fc022b2e01e189d36b259ca8c60d34dedd33eb9e2efc010529edd502641106737ba607a53218e01e86be40a,7.236,0.10419673304832117,0.702698290348053,0.5078629705928174,0.32071295191313354,0.16931433635218476,0.9723914933915752,0.027608506608424843
hindi,680,0a7f98f856cff63c03fcd05e03e181c17ce5d6545037394992a6f0afe1ed3716ef537d63a1e24a45ffc22233c24ee08fdec3372afad0b4389efc86ce4e7dee2c,3.456,0.16811778619211737,0.9398193359375,0.9835927830193346,0.01200758513139937,0.004357465268104807,0.7366255484108452,0.26337445158915485
hindi,681,f446689d92087b875d07eaa1d98e4b7e07ec4f8651762d73d8e0ecbae21be60e60a3b7356828d24a8c9071f872f21361ca196ae017820a2908412966f0a59df2,5.94,0.025402740203555294,0.1360873579978943,0.23107810193317246,0.3868909528391488,0.3771354143131291,0.9837883101858582,0.016211689814141783
hindi,682,7fbf4c95e3140e3dc38caf6b69156e7b0c31b692322f830bd453acafa852716c55556b85dab23eb2fcf7567541c68490442cf56fba72b2b29acffe250f110146,5.508,0.07751751384279354,0.48357462882995605,0.46620924398996627,0.26724427801581874,0.26324266973919513,0.9637736970395082,0.036226302960491785
hindi,683,5910123d516315dfc2a43523d5cbc63444096a4cd38bb8b772155e3c51fb2f1eb673beaa1603de242ad8aa5dafe9d0ebd85a1c02bc6a7ee45e636585932306ae,2.988,0.017749092528604966,0.0785481333732605,0.1967675134032309,0.4049881864262662,0.39302467851421236,0.9740863062411307,0.025913693758869316
hindi,684,95340b846e677ea27571958308bb11e2403ec2e4464bba7c97372d324e628a906f6be086595117707361a5dd7b41295d64031b6b2a5f2e50f6dc0a1841fd7fa2,6.696,0.034485135829949845,0.16712230443954468,0.25981890584339246,0.3726850643398836,0.36266129803573066,0.9888015617895701,0.011198438210429873
hindi,685,c3ef3ab4323cf25135e6b13c5baf4f313c3c59fea4cf21337ecb956e033b5b79db26a65c4279f7092dda2c2d1a5175e591e08ba495a247500fe295c3b8cc5327,3.144,0.10630565164567411,0.7266565561294556,0.6274292039089991,0.1872307312668725,0.18280370397757242,0.8354104609011489,0.1645895390988511
hindi,686,c61dfdcb5c80424483b0d50a3dfa425610d6b7850a341571bd0e34c8a4d96fd3e8c53d963dd19f7a44a40cde8c84d2e0ac7043114c9f70604f378dcb27a96199,6.228,0.05902191435363355,0.6559188365936279,0.16073687827284797,0.24992285289199867,0.5867840157050568,0.9972972187522927,0.0027027812477072866
hindi,687,23dd6e26b3a5106b8ad2de2def45e53280a12df6c47364b2bf652743a0198329d4e46b73fe42287703f0146d0bdb9be101cb22064f7b79578248fdc2ca2085f0,5.112,0.11319229117087715,0.7358829975128174,0.6092618507872203,0.2099939301342742,0.17837134096117652,0.9391453131612572,0.060854686838742844
hindi,688,d5880664e0b201cf24b4972ea9890b801afe05af05cd4302d95952f06934198872328efbf6eb11bf51e169d4c62a0e8756088bbe001fc353a9b6d080ed9ee3dc,5.712,0.17319124277215597,0.965087890625,0.8213080934834431,0.17847968330560463,0.00015701363958057316,0.9671741233762958,0.032825876623704175
hindi,689,7ee51ec09b8af4f5d3502101adc32f4c67fe0a30b5566bf94a9854fc03ca4b259a0d5669d5ab493a6f9c3d989368a86e6bdc03c1bf0dc61a4995e783776c2ba2,4.32,0.04836094672052383,0.25515317916870117,0.3412169916287811,0.33782596963646766,0.3169412874545257,0.9714696899023845,0.02853031009761553
hindi,690,52f22814969ddf3ae439c9927cdc815781938e7b8db9939cbe5cc7211c83b3dd6eccb62b360571d4002d64878c3b70340e8a76bf784048ff984b73b71d31fc52,4.284,0.06905238604334218,0.37044185400009155,0.4517697570869478,0.28799664801583513,0.25674508241331656,0.956953703928673,0.04304629607132704
hindi,691,a260ddbc5acffed848007a0a9ec6b79936f77999c825631f8f7eb91c11e3369d404de512eb961b464b0208a5da2d4a8cf154dba0a4d11010520e02dbf6039b2f,5.616,0.10952991180291136,0.7912607789039612,0.3484044208965817,0.5068829013475646,0.14309649249075435,0.989571625416832,0.010428374583168032
hindi,692,eb0cf518c980fbaafc44b52459e6edc777cf01758412dc63e1de49438b83b2d292941510deee22dd7111854884991b9e9fc276183f07dc59d4a6c8174d8da2dd,3.06,0.10918716731659267,0.6547339558601379,0.5461677603132892,0.24274803561589853,0.20919658815064032,0.9647056371852912,0.03529436281470877
hindi,693,e1687c2dade4c9e56bf74181a1c6eabd5d85fb05e2ded2d7f443e3cdf646f19b835db4fd303c73f3b7e94b0d03f6d27c4429abdaf1a56ee81e35ee7bc67bc67c,4.608,0.09923346618401972,0.9324408769607544,0.47266182306969756,0.22823362718064513,0.29662634726729287,0.9092011286820102,0.0907988713179898
hindi,694,4fcdd17805b736cac2dc920985d2187185e759b54d9cfe7d2654dd8f4aff10e630e579edcb5cb4d04f215bebe6d096d9e932203345ad7272e889beca6a5c20e7,5.148,0.06494544631213088,0.649234414100647,0.40342985742329274,0.34128162469827605,0.2520479568411706,0.8327723998804536,0.1672276001195464
hindi,695,ff8f23f061245d69de7cccf1ee33e0ebd713c56e08f5a4a2f4732746be391af221f711cf9aee47cf8cc4c6402985c5231bff4ac03eaaa1e1a1cef4e1cdaf2936,6.948,0.06828892606975615,0.4667588472366333,0.4300929649992154,0.3010054880802128,0.2654526169016561,0.9629009256771621,0.03709907432283788
hindi,696,755950c6eb4b91d87a8d62458e27e794e08783fbb4e47b61730e21bb685a9d3634dab0401114292ec8b3d3a282e0248c34c8868056fdb057716c14ae2b9844fc,3.744,0.13395330514627132,0.990020751953125,0.9578257862618479,0.040703838050481715,0.0014330592756194949,0.12059614951963216,0.8794038504803678
hindi,697,e3d7f69caea5efb2f5319a49faacdc76440549b08282bef1d81bc2ce2e823cf05f2bbb7d1ec46ef4f681113376a098b117c1ac6a8b1dfe88acf27fa6a9961f31,4.5,0.10039974744104624,0.9899999499320984,0.5825392287556208,0.24614752607998677,0.16909643489310136,0.5196574225440284,0.48034257745597164
hindi,698,2270a4902001989b755fb2acc9d13918db9f6f89d7d5b1cf38d55ba7ef62d366249b464061d0c3df63c12f38b738d552ba6e854c9e09ebf766f61506d2a1732e,2.988,0.028660558417245522,0.12093722820281982,0.23421940013855544,0.38645839389316544,0.3744204525561147,0.9785096457364457,0.02149035426355428
hindi,699,ffb5eeb570d2ef310e46742868405151da6adb390253787708f24b730c59c01b34656465701e80b1157e9b0f9421b9a06a454f56e2a3a4bdfbf5c6c64addad11,4.248,0.10229839941704957,0.5644449591636658,0.5570417612408815,0.23741992768143783,0.20305013868103206,0.9668901646675478,0.03310983533245215
hindi,700,550c775712c46fac6b29f44c8e1e47790ad3d24a4596e9befdad47efbafbcd202634809eed3f54d8b62ec448b24bbe8a67c224d24ae7ed2b6870581a3fd2dcd3,3.456,0.12583142428276023,0.8424112796783447,0.6239645453926237,0.23169791192280664,0.14265079169139577,0.9199395075077501,0.08006049249224989
hindi,701,90b97ef0ba555036393f0384c8e6f86e4106dc805efe211de0476387e0aa1b4ba028900e2d59bd67c2c14f82e16765211bded26276241d0c0173fa32e166b9b2,6.228,0.035768314277553455,0.23351359367370605,0.26535276701932775,0.3718675243494752,0.3583041563371599,0.9818565729572098,0.01814342704279015
hindi,702,f8c05fcdb50a537ce73d8e72c60b569d19a31b8e0792bf6ea46d66c769fb708c0087e260a59f3e48f8272304ee14cb57fecdf53a2873f5d72ca5a3378a149caa,3.744,0.11677423926347416,0.9900000095367432,0.5734181271506231,0.27930651126696415,0.14552593799828853,0.7848976375527593,0.21510236244724068
hindi,703,9c12887b11ae7ce76bcb5c4ca6b56f174e89c82f02c52c05b93ac7a40b6fb7b28d8474241a7dc36b3ad5b36eab48a209bf7e68a905ca64ac40b89e9311dec25d,2.952,0.018900841435510164,0.08197605609893799,0.19645016732908457,0.4055902858147646,0.39278856194098904,0.9758797772776511,0.024120222722348927
hindi,704,9929c6f2b01a8c28f2e56c628d79399fb1e541643209aa4c5e28768681147947cad19a67ec59f260cf85a4586e3d35fe427119ab932c78c14583d719abff7062,5.328,0.14939898871764518,0.9739303588867188,0.627764070890056,0.23245903276416605,0.1384496964704871,0.9820404166069102,0.017959583393089784
hindi,705,0eef353f918900f4b6b2c52b697013c0ac2340228d97696f460545e777a0a619dc934a6e2bdc5329525c74d683591af809ae5b8d4157abba6321a5b7366bb73e,2.736,0.01578202127603754,0.0696684718132019,0.18956343267962142,0.4073843665353153,0.3977731759460027,0.9723701116363688,0.027629888363631228
hindi,706,cba73505723d31fe1d355fd9c1ba00f36d72661f667b151bb2e4db347100a72793ca3d5351e0293af666bf35d2684deb3e4bbc6fe630ffabe699d80709a0ea07,7.128,0.03375649269542798,0.18310970067977905,0.26335218431126345,0.3776568519436865,0.3543858449106024,0.986841477872663,0.013158522127337036
hindi,707,bbc6419b468f96f9a81d7c8c0eeb06dc2ef630ef810662472bff59d9df3e43bc26b9d784d84faaa541a3d2e1541014302610a7426fb91797046b37d96bacaf2e,6.66,0.04984287158395507,0.49542713165283203,0.36385908491956215,0.32729193198740225,0.3048328506963766,0.9101529117660204,0.08984708823397958
hindi,708,e0a36ee267ea8131975092e3f0b285cc85c2ecf0e47fa58a4f81eea8ef911bc2e939a2fe85859b96f77623060400a6ad1157350fd138ac8523288698254e8c4e,5.292,0.05824449379340032,0.326104998588562,0.3779273233471406,0.32540122922089354,0.2927973782375071,0.9739606590002902,0.026039340999709837
hindi,709,42adfde56dd3d69ed58436d1e8a55fac999afb0e390ebc65c299c3cd2b7258cb079683412241e54e7fa275e56a02bd19a10d6a17fead09988cd0fad2e6061e7b,3.636,0.08679113446571304,0.6387105584144592,0.5079016231776302,0.2760014696104232,0.21340717357506245,0.8779414950691495,0.12205850493085046
hindi,710,3c47037b539064a039337a1c897e88029bf7cfb906524864e55c38b90aa9efe57730742089a7f2a1b508952b6272c39cd50f7d701230bde9d0afdf4fefc05d8a,3.024,0.10359211200440353,0.8075684905052185,0.6007336201963859,0.23196619806276889,0.1650848694995005,0.730971424164427,0.26902857583557305
hindi,711,95cc33ae73783f08510cc8b475a3f7da1144f0cdbfbe42446afc4e8942bf842722a12076a164393f2c52e0db9026e5f129a90feb451956b70f7366a89e026f1c,7.524,0.01591787961033786,0.09259408712387085,0.18490668077285993,0.40485655093176254,0.40497833382289095,0.98929789874213,0.010702101257869967
hindi,712,cb80d11c3532ab20b83037029cb1c2394ea6339f697e7101b9288365e3387903da82dc7d32bb6f1a45d5659f6ffacc187711e06195561c5e4f09721683bbd761,3.816,0.10054011683012036,0.899562418460846,0.5898086280063107,0.23354184200181513,0.1743605406214713,0.6186050450793804,0.3813949549206196
hindi,713,e1687c2dade4c9e56bf74181a1c6eabd5d85fb05e2ded2d7f443e3cdf646f19b835db4fd303c73f3b7e94b0d03f6d27c4429abdaf1a56ee81e35ee7bc67bc67c,3.348,0.03778735095849261,0.296974778175354,0.25198792946182985,0.3947304111867919,0.34865966402822257,0.9619274242661929,0.03807257573380707
hindi,714,f552d4cedc22293c27ab4a86fc3985ecf1bd8fe9e6664f6a835675acf4173fa94bfa392ddccd06a177ae2bf6e412212f42973dec10c26a7cfa02c48ddd7c7978,4.14,0.08214533342880649,0.5505508184432983,0.4681499663181943,0.3071877201204231,0.22187640400172878,0.9361382287890917,0.0638617712109083
hindi,715,424c16a8450e8b742c1380d9d38d919d880a36379e8c7e09126a2a8411022bc42cbae339c1d8dfd42695fb073ca783ed5e86b8a2531d11c4491259ab1378e445,6.336,0.01149585766989416,0.0590059757232666,0.18024944537165424,0.4118298151996827,0.4026126867888309,0.9842278423777808,0.015772157622219174
hindi,716,2312b0d85bd1eb1a017264abf770df086e10cec218cf1ab48b90f9d7f621d8ae8372b07338224060fcac6cfb337fcfcb6966c160942f9fcec4c67e7f5df44520,7.088,0.200663055112918,0.990020751953125,0.9460500072434754,0.047276334086904244,0.006660993863849747,0.9911340128374552,0.00886598716254483
hindi,717,da10f782c53d93ec1dbf793a1f5404dbdfd390c9abdacd218d0c47e2366a569d50841b5ad9075f9b83e2c16b9194ab1be1f91e407a546218999fa14e2b49a3eb,3.936,0.10787175768538496,0.8495795130729675,0.5673069338226268,0.26688216295669187,0.1636690295292551,0.835483060226117,0.16451693977388304
hindi,718,aabd80b27714da5c6b5d4592a6f29f161db3cb06672ab14afb56eaf550ac0be0c14536ba5df7358621f018a4bc767c8c8477eaa4746830cf31ec4cdbcc2193fc,3.672,0.03351012984393795,0.1566672921180725,0.263765398152858,0.3777035103334366,0.35387901080835316,0.9765811949232792,0.023418805076720783
hindi,719,51ac71db84d066b7c2fe1dd940f0e75602010e8a2c0a23df2b47108a43c6df09aea35278f729be243a1d02576df693c13705cc367b391889be00e5a572b08fb5,6.408,0.07631531585458591,0.4736825227737427,0.4866766014013339,0.27235664335366677,0.23783748408590863,0.9550504310239785,0.04494956897602154
hindi,720,ec293248c910c28091014fec13d47bb69cc84f0b265ad0536d7e39390f3de510ab879fa3c23797defe85d8c846a4e148c971e28da6a90a647a9bc37eb03362bc,4.356,0.09244500590853767,0.5047648549079895,0.4900459516149844,0.2992755944927744,0.20792565660443774,0.9737495684370113,0.026250431562988674
hindi,721,6cd8f602bf899de8fa9a30238cb461650682d47e62a5d12042ec213877ca4d9f7f83e3635c1374cddf16260688058dddb7ba7f5466c279dadd85e033038b6b08,7.596,0.0378522446405278,0.21003484725952148,0.2582274704673264,0.39247203658727914,0.3445607567021868,0.9899428201451614,0.01005717985483856
hindi,722,6b807daab3e34c4820b8d1479f760b35e44e818f9121ce49b70e8cf1fa61e9248b255de0499371b2da3b304c64dd088e8079a770832d3e1036b7d8fb52aebfc8,5.58,0.10234446698137978,0.6555862426757812,0.5871628151896796,0.22310406051319942,0.18745155769570201,0.9355734991078797,0.06442650089212032
hindi,723,f45c7af99cc930fd6608f77ecb2d546727ab3df3d36731c90215b9a72ff548ff082f57c38aa6e6b7f2c905aa9f92f4f5dff3c954449ce05e56f8604bf1753618,4.68,0.021999091453261326,0.098793625831604,0.209287605558226,0.39729273138379817,0.3883311375999456,0.9832171213390108,0.016782878660989153
hindi,724,37b6f1162616e55fc582c2dae2bad013d8c460c8c44a22899b8c6d8b306cbc3e2eec8eb0f3e9c12e912ccb39aa07d9334bfdfc914e2622b7e610d06cd5c47c70,6.624,0.13278095907511794,0.945401668548584,0.6364526819861873,0.24237512602883876,0.11954752858331343,0.9418313238844997,0.05816867611550025
hindi,725,f4acf13791d1ffc57965afc160c66ab08985a745fc07997aced0be646a308c8b8c3f851c7143204d02449b094fd7811bc980a05b337acdadb7e2a83dd9c9c2bb,4.968,0.0682605721009795,0.4975748062133789,0.476197433796774,0.27078314816488097,0.24966615505373516,0.888678062935998,0.11132193706400195
hindi,726,aaf6b52267451edd43f92433e040803b7c695022ac637484427c841d61dddefbc79acf6b684ebc2769e18c649d9b7a520a0041ecb7898d3f7e49d804f477a3ac,3.132,0.01933133395104551,0.09287482500076294,0.20091765939630113,0.40287206239687806,0.3910212266612631,0.9746690459935696,0.025330954006430373
hindi,727,b9e669f9010e60c988c15c6c357649706d91c33219725e9a2b12fe7903fa536fc8b34a51ea158f2ba92027617b4944a2514cfa7beb4249f26b23754403940006,5.508,0.16246496898545376,0.9854302406311035,0.7448157603892489,0.15444309925031566,0.09952021198875798,0.9754950219459949,0.02450497805400509
hindi,728,dbe55388d2e8bae8e64412f527e29fa3691a1c13adcaa6b80313b3e475d2df28d0428a6151d9cd42018d943718c830d69a80c5bf8a6a88200e4c6ba36ad6a748,4.224,0.11138161841139096,0.9815061092376709,0.6147228704865527,0.22598132634780918,0.15728082394278456,0.6544704125528082,0.34552958744719175
hindi,729,984398a9ba94c5ce43b621c6fee2c6092d5ea3632e0b605bf206a5ae59eba42401dbc36603073eec2117374293d2675a9847d91f1c71deeeeee7c5202840a1ea,3.0,0.09166472613662693,0.5749453902244568,0.5347841745911825,0.262336573936875,0.2001973813925395,0.9101908645167771,0.08980913548322289
hindi,730,c7c4e5ded1e6121c38594d1e3bbb5a49f1d269f96c2591f9e2d4da7cf5c9cdc7598248c5d24452c832160a2503d344167242cafabc1dc3936e1a6065b281ae77,7.504,0.2169237355423308,0.989990234375,0.9477968660848417,0.04283607315512896,0.009332591890456873,0.9980340667150712,0.001965933284928778
hindi,731,667b36242d97d9f3edcf1ad89b30e576116248bed850abd8f8852c007009e17b15b9fe3776de3b0ab9053d43354b02bfb3f91c34bf13ab0d2ff8ebd00039a285,5.868,0.03655923490916035,0.18710392713546753,0.2777145613582959,0.3616758215896385,0.35579498222629724,0.9842872665668166,0.015712733433183357
hindi,732,9296b5aa6010d28b45a780046d322620298dbbf3189b322a311bd2aaf58e1b3d55d7ca923cccd5f1fadb32a84b85b5c86517b92c6cdefbcee928d6ea9af98645,5.796,0.0640101132703621,0.39123451709747314,0.39623418786544073,0.3348088405094554,0.2655495743391033,0.9695038595482737,0.030496140451726328
hindi,733,ffb5eeb570d2ef310e46742868405151da6adb390253787708f24b730c59c01b34656465701e80b1157e9b0f9421b9a06a454f56e2a3a4bdfbf5c6c64addad11,5.256,0.08203264818437046,0.5811055898666382,0.4709708360691027,0.2680289001470218,0.2580746975559741,0.949058741632243,0.05094125836775698
hindi,734,a1210b5258159b5fb5fda311977b3a1b077b5d1749ce67b7b03278d590973497324f9e4e7a0b17b1f52fc7639965c53871f3e0598c8743f3dd9b8671d147cdac,2.268,0.04258523153131545,0.24131739139556885,0.2561667088136045,0.41482929324829365,0.3246549486525993,0.9728464023391424,0.027153597660857565
hindi,735,79741f3153a904c0ddeb1d81d69b137d61adb2a3f1c8ea30fd32a88a4f7028bbb73f1515f3cac14ad147b8c1845846d96d9333173f71677d207b7ff1357a37c5,2.52,0.05649897454692548,0.36781495809555054,0.36576700174580495,0.32948971039172814,0.3008278081274227,0.9424617370383913,0.05753826296160869
hindi,736,287db5b3c7065ffc1e6827c0bc87dc4a6b6a45c159642fe8d490d5adb6ce18a5b4b528f921503762bbb20b1fcd84f5f8256a9a11cd4ccf55964f301b416b08d2,5.976,0.06122919058441376,0.4683307409286499,0.3834899750372775,0.3196488489608199,0.293353227662652,0.9557821653274459,0.044217834672554135
hindi,737,b3a9d00791dae63b944756627fdb96c21c53f4d69beef3a56780607d83e56d0a6faf52d5d704c925bb323f8b2c9a168a87c2cd94fcc3d3abf6b034c9e7f5cd77,4.704,0.06363985905251544,0.46685904264450073,0.40517032215439513,0.3183774950669384,0.2730419793412568,0.9356396235613572,0.06436037643864279
hindi,738,70c96a46f6827039223782fee3a93b99fa8168c84d3e5f9a0e2a1f16cfc1d62ad6f52d19ac175ad3ee541abd81068d089df3693e843b932053395156f6ff36b6,4.428,0.12346855006479367,0.7138851284980774,0.6604416833203547,0.17421043473852516,0.16344859353291627,0.9537312600370723,0.046268739962927685
hindi,739,75c6bb7203a8fae0c08c18b39bebaf7f25f86e3b2cdbb1dbd65927288474b3fa5b24c5c88144d238b93b8327677bdfbdf560078a95a3594a6b6ea7dbf3f3eec8,7.308,0.11466535476701419,0.7478625178337097,0.6383224515476891,0.20233130918103223,0.1573664359659347,0.9439399062646971,0.05606009373530285
hindi,740,5a6f47bcb6c561dcfa6961b198d280ba77d188c7e511b84b1481770b1878583bcc74c8674f4f862c9ccbb54f4cfa3b2919ef94c8ace1c6fb22abe7c70365f402,6.876,0.1251318580308738,0.8377284407615662,0.5819116086172268,0.2676688522225785,0.14851472644828734,0.9730450241599338,0.02695497584006623
hindi,741,b4069adc243cc7836a2bf30d44984b772c144f867bb92b4226209bcdc0783ee26b25bf51d2c4e42b8af14bfe3d183fb5aed4fd783bddc50d124f0970cce3dcd8,3.6,0.10033733788696007,0.760184109210968,0.5213891492598544,0.3064301283869551,0.1698921317986561,0.8767265624115368,0.12327343758846321
hindi,742,1605878cdc4bdeab0724827abc448ec019fcc59763e097294754173714e955fe80a28c12eed4a39a58f442138b886e755cd644efb115aa2599c6e50a20e63a74,4.752,0.04636937119302441,0.29696744680404663,0.26895191407376307,0.42040988988678824,0.30655998792896705,0.9788089409261448,0.021191059073855212
hindi,743,f4acf13791d1ffc57965afc160c66ab08985a745fc07997aced0be646a308c8b8c3f851c7143204d02449b094fd7811bc980a05b337acdadb7e2a83dd9c9c2bb,4.5,0.06751482359723089,0.39034199714660645,0.4488714121051051,0.29105444158248284,0.25672910587066083,0.9486001376056185,0.051399862394381546
hindi,744,80ffb7f21aebcd96b01f5098bdf0f377f31fa297c2c30290be3dcd6a69b87e7570cd2e9ce41edb96038e485ce70cf75436dba4a0c7925bb36a68db134979c585,6.804,0.08117345448418184,0.5569022297859192,0.4736076860924448,0.3127783347748687,0.21078113725279404,0.9521528870388531,0.047847112961146854
hindi,745,cb80d11c3532ab20b83037029cb1c2394ea6339f697e7101b9288365e3387903da82dc7d32bb6f1a45d5659f6ffacc187711e06195561c5e4f09721683bbd761,5.304,0.11490628913774069,0.8341478109359741,0.6610330297177457,0.17971059620578503,0.1572385833861376,0.8385113855370286,0.16148861446297136
hindi,746,51ac71db84d066b7c2fe1dd940f0e75602010e8a2c0a23df2b47108a43c6df09aea35278f729be243a1d02576df693c13705cc367b391889be00e5a572b08fb5,6.516,0.07841871858348601,0.5773547291755676,0.49369121571723334,0.2760828527782068,0.22708505082807054,0.9215244734659715,0.07847552653402845
hindi,747,93f71918fbe69cad830cb49211cb10c9344e04ceca427ea39db38c8b5f5f200a4706f0a12646585364ff3b44f3bb75784005797e3e3259fd9579fa985955b3ac,3.384,0.1372566068667484,0.899844765663147,0.46666555281525945,0.34839326103273976,0.1835274842834735,0.9926736038357296,0.007326396164270443
hindi,748,7a089d86c2c82f061df264f419453e3740e2a7e030b13163f8802012baaa04bb35130896e3ee83c688d07bce1c74d40e83dabdca6a911dc25d15f97ebb75b7e4,4.14,0.11478469888842997,0.7344542741775513,0.6194490087220887,0.21057994828115245,0.16783247693113845,0.9249172659113367,0.07508273408866328
hindi,749,58913ffb4a411d7b14318c0cadbfb8ccdf1ed3dd5c7173b948c382329be9bb3fd15f6a5b863c94639786da4b32fa679087d9b0d4a04711dec86e1b82ed92c369,7.664,0.11711215210442867,0.990020751953125,0.6937921252617336,0.2617272150351142,0.044379344825569524,0.5708906672863568,0.42910933271364315
hindi,750,aae384c088b18eed8da9fe141de09f584054ad55ee2a6514c682c1bd425784ed886c928e35a66fa611ccad98b44274839b2b5f7c3fe678e1c8740cfc90389187,2.7,0.12356852939866246,0.704923152923584,0.6670359473249872,0.18322790272708772,0.147812805676995,0.9282156793468673,0.07178432065313267
hindi,751,daa76944376a4ffb1588dd2a305c507bc1b8e14eafbbb1784aba0d0e901a3ceccaa5f1d84909bc13f2ff0ab6c7facb2ac2e487daed3470c7fe44022f33cd2a26,4.428,0.044552572811518094,0.28549623489379883,0.30646969343155245,0.36039129975717255,0.3287297233988826,0.969137199037861,0.030862800962139003
hindi,752,5ed8ac2780bfa08239e0aaa23e691fbf20930452cfd1163db395388d3dbff09ffc862aedc9ce80763a39a782ecb2ad5f729198b4f8565adbfc50bb5327957cc2,6.3,0.09651191237352044,0.8312802910804749,0.5862059685691055,0.21258085090576406,0.19864533918881278,0.7825126597100893,0.21748734028991068
hindi,753,1963c5f396b43a02ea6a7cf2cacaafb042bfe53209c711d2325e2e4cfd7185370746e463b5ceb83f9ac807e048b8891b494db95e3bd7eccfbef896877eea9bbc,5.76,0.09913299333691726,0.6340005993843079,0.3553227268990482,0.48241128910168496,0.1601918393251103,0.9910885979302484,0.008911402069751606
hindi,754,6f3cdaef649635685d3a90ee62bab981848e6ed6f25f28b9b43c2f3d4ac51b4e42a36ead3b4b83add1e9bd60f0c66f05ecfe7c7c5154b6345a1c2f1c85b32fa8,4.068,0.08238157159885859,0.5646803975105286,0.4892187965163917,0.28210137958113013,0.22573752531182975,0.917918922702349,0.08208107729765102
hindi,755,5910123d516315dfc2a43523d5cbc63444096a4cd38bb8b772155e3c51fb2f1eb673beaa1603de242ad8aa5dafe9d0ebd85a1c02bc6a7ee45e636585932306ae,4.284,0.019779279907058203,0.0962362289428711,0.20094752654821416,0.4032705856667496,0.39068574125562966,0.9803131477440299,0.01968685225597011
hindi,756,4f7f65a3c1d0ad3bc8c1b1b9d1f99a33e4785aac4a57bf5803876af5b7bd8c4d96f9ce70fa5d287f0aa26fa4aa86e8572fa595a5554dc71ae32d82496237da62,5.088,0.1835887313910848,0.989990234375,0.8900014969716907,0.09661797467811957,0.013348949865832337,0.9678588159199516,0.0321411840800484
hindi,757,53c5dd7ebb08179dca2b5f3992b991b3d28288202e01a950d1e70510db84b5cdf9cb5e72803a4212e7428e60b2ddda26a81dbdc01410725d0d6de265d86cb530,4.716,0.06658198885406705,0.4009729027748108,0.4083070117456641,0.31645259404728165,0.2715575000051302,0.9648740398346534,0.03512596016534664
hindi,758,47de2452e6533a1ac8008a109922c7796071e6e7184f269fea46f1c268cfea53c4370dc1ad37390e369be03a0da5f16fbb9a2a141b8fc250384fa18fb23deae4,6.696,0.029307967402168945,0.13232111930847168,0.2394598217269803,0.37859997382821775,0.37708205874661443,0.9895092224638512,0.010490777536148799
hindi,759,389842e0cd33cfb9876ef3d2f0e50eb0d9842d3a72efb647244e2cab4f456609c2fe3c3584b5307808cc70d8a9f6cbc18617ef2eadf45ed518b03c0dee8dfd87,4.296,0.056104078664787935,0.6827786564826965,0.3805925069324736,0.3311002123066367,0.2846491414737217,0.706629649246656,0.29337035075334394
hindi,760,551ead2654838dfeb5faff96cbcc6d7ca4ac208e9f84293d31d5c89ae3e612bcc525e7f2cc8a050c834c1d550d9880c84e908cf0c4e90a885b36001c989f7aa6,5.04,0.05593654662159233,0.3854333162307739,0.3056934301491737,0.3977480477441462,0.2931403730885999,0.9762850259577359,0.02371497404226408
hindi,761,df520ae6630f89c5941ffecf315f19953bdca51d6b7beb825aacd71405cc44f29ad01463f8b079cb10faf201b544d74dfd136f3353babacd39f80623d2c64bb7,5.94,0.09293732268190921,0.801945686340332,0.5400683645894244,0.2640225355769564,0.19335891446609899,0.8183099953104328,0.1816900046895672
hindi,762,a77463c4923319faa0aa9e316c75a0c0b8b57506ca68d5ae159872b937710f58e5559c8f319e0d9b23c3c80f7bff29a739634859ac38c3cb38e1f278cc7d4b97,5.4,0.048518366614052816,0.24158751964569092,0.3432611829382661,0.3326786575679654,0.31997095714951257,0.9792382781116253,0.020761721888374662
hindi,763,038cbd3b3ba6f4aa92f2c4c86ba365b95aeb66bfafd37c2803b769b28c260573e0387b85d8ce77f0fea215ffc971b366a14916fe782fc7b0c238062ec238b0c3,4.86,0.05960870135363377,0.4127199053764343,0.4089143991777711,0.2974712917195787,0.28977930444700456,0.9410515290813317,0.05894847091866828
hindi,764,f4acf13791d1ffc57965afc160c66ab08985a745fc07997aced0be646a308c8b8c3f851c7143204d02449b094fd7811bc980a05b337acdadb7e2a83dd9c9c2bb,3.42,0.12201604555240801,0.9801467061042786,0.5957603917349147,0.2713010046508617,0.13112420891953902,0.8068409378679866,0.1931590621320134
hindi,765,2d27b396006a861ca7b1d045b46c33a62ae2f394d1da44c60a21ec6da2cbb9bbd3c7db23f5bdf57b185987f7c6157ac50f6af45751dff9a96bafc3fe6b5bea2e,5.796,0.07313140776294182,0.7752487659454346,0.4802598796427613,0.28143896776214206,0.23510784658766792,0.6852031160673192,0.3147968839326808
hindi,766,c0c130a042ca336930590bd4ee7ac3a1ddc31953a4a5848ca2b8dc92142e738a1624463ce88100c1acf4fd19242bfcfc04b6c62c0f89e7a958ff9f02f6520a51,7.308,0.061871134236355964,0.3988208770751953,0.40250051716564406,0.3039778520337745,0.28974504499709897,0.9743030105348236,0.0256969894651764
hindi,767,0f018a99663f33afbb7d38aee281fb1afcfd07f9e7acd00383f604e1e17c38d6ed8adf1bd2ccbf927a52c5adefb8ac4b158ce27a7c2ed9581e71202eb302dfb3,6.688,0.12898538331896625,0.984893798828125,0.5420171437817795,0.45765700506277734,0.00023278585827197414,0.9154841402182388,0.08451585978176124
hindi,768,389842e0cd33cfb9876ef3d2f0e50eb0d9842d3a72efb647244e2cab4f456609c2fe3c3584b5307808cc70d8a9f6cbc18617ef2eadf45ed518b03c0dee8dfd87,7.536,0.06409323114364099,0.5189710855484009,0.40746784124201973,0.3187060753144459,0.27019616552702547,0.9496329486126097,0.05036705138739028
hindi,769,a3c9eb18e51d74ec5fbf9ca9ca1d5edf24c691d0f685ef2ffc8689d107710a300eec2172a79cc039b119ebc451ab794cb8519ce2d3c37209c7f24649089a7fc2,3.132,0.04298981718412761,0.22952872514724731,0.31415911906576444,0.3559830977891935,0.3253046274769199,0.9641874575721403,0.035812542427859695
hindi,770,c7a77aac9398049c593a06e3bde552061eb033612d2266a548202cc8790a06dd5c5c4fb002e8013ef38f94abed95b3bea0e56c4cb6aa8deecf7c63373764826d,5.328,0.10430966951687534,0.769737184047699,0.6124216219783983,0.2015302332572902,0.18376187586897103,0.8572120785770265,0.14278792142297347
hindi,771,36062260d676bde6039ce120c376465b2bd64e0699bac4f5ccf693568a39376a0cbc895a1c3ad2b74de0236420dc51f0dc3bc8d7f1fcac394756286a2c426056,7.008,0.16849028476569122,0.990020751953125,0.9173403798234178,0.07404960117799907,0.008571448694048687,0.89833736120578,0.10166263879422
hindi,772,4f7f65a3c1d0ad3bc8c1b1b9d1f99a33e4785aac4a57bf5803876af5b7bd8c4d96f9ce70fa5d287f0aa26fa4aa86e8572fa595a5554dc71ae32d82496237da62,3.856,0.18908781489750642,0.989990234375,0.9487871693867935,0.04517440916200431,0.006010597053126008,0.9521928931802464,0.04780710681975364
hindi,773,2b0295a46df33cca7111334e28048e4ca8856ac39e51ceba5d127c2defec2c84aa3dbbe0b2cd9a0057a3710d4ca5936186ac62306a21dbc4f493acb9486d1452,6.66,0.03167153474499004,0.2457767128944397,0.23130977047708942,0.4099522026341142,0.35414113896474736,0.9812437352390297,0.018756264760970254
hindi,774,cc1693f2d0cabb0990f6510436b2406fbe0c4858c27f2c0b104c5f5c2499816770058f47af5d1bee60ed9027a18d60ad2e9dec2e2c3476373afe61afa078a3a4,5.832,0.03408065706011893,0.1720399260520935,0.2589840396689414,0.376286412286691,0.35976852952509,0.9855299294918807,0.014470070508119326
hindi,775,984398a9ba94c5ce43b621c6fee2c6092d5ea3632e0b605bf206a5ae59eba42401dbc36603073eec2117374293d2675a9847d91f1c71deeeeee7c5202840a1ea,6.504,0.07913439311124223,0.6822036504745483,0.46126821891040026,0.2956029614607499,0.2401977022896645,0.9063125660836446,0.09368743391635537
hindi,776,b4069adc243cc7836a2bf30d44984b772c144f867bb92b4226209bcdc0783ee26b25bf51d2c4e42b8af14bfe3d183fb5aed4fd783bddc50d124f0970cce3dcd8,7.308,0.11990204643764359,0.8185227513313293,0.6585769702105599,0.18537207755343435,0.15414089201702177,0.9315086416438741,0.06849135835612585
hindi,777,6ebad08c5960e5ac3ec20197f173828d6da580b660c01794cdd4270089cdd590b3d512277ba38e372e860e7e9e9d9621fbeec2edd3ab07dcfe713a646c246543,4.968,0.0987660199864891,0.8621591925621033,0.584275271725423,0.20962287173809616,0.20345911906367595,0.7412888639462123,0.2587111360537877
hindi,778,9564825a0829d21edd512e0523b3dccf946f9cd0f8b90c2589961c1867f2100b337df3df56dcee0dbdc7b4f23de4dc7d2af884dea2f7a3f6a3f3dc081879acfa,6.048,0.037131067270636066,0.20668792724609375,0.26706127284779313,0.37276836394943963,0.3555716138789629,0.9853337303430014,0.014666269656998576
hindi,779,eb0cf518c980fbaafc44b52459e6edc777cf01758412dc63e1de49438b83b2d292941510deee22dd7111854884991b9e9fc276183f07dc59d4a6c8174d8da2dd,4.68,0.10297014114134946,0.7279260158538818,0.5526240187033455,0.1945442145752877,0.25075223584815154,0.9451158446595032,0.05488415534049684
hindi,780,ecc7e59a32c148c0940caf49e33b11c6c9cbcd065d19c3a636df8798f9a2b79eec188e8b8ec5c0ba3212d762cde863f145957a01d44291181826e1579efbcf79,6.336,0.01851147763416616,0.0913161039352417,0.18581738960935348,0.40779443331526644,0.401255694774611,0.9887911277777407,0.011208872222259303
hindi,781,b4c5626549de1a6d4b4aba5a71a46743d0f4d2d8e112428305e445a3d5b788f2ef545a304cb9af7dea34e244041ba584beebde36bf5d5c4f816500371016a63d,5.04,0.06978344889167826,0.5563802719116211,0.42628328481961264,0.3241457372199216,0.24639925156179304,0.9114497841978518,0.08855021580214817
hindi,782,ef72dad515c406393c07ffac9b57e6cd1e83073c82a001d49ea19a30fd9976d0d50d4c5cffcfdbec8ea222c152695775d85c227194f2e56516531e1c8e76ff70,3.312,0.1372269509742733,0.976043701171875,0.8587048376636249,0.11779433230534582,0.023437981757663963,0.3625083674152754,0.6374916325847246
hindi,783,038cbd3b3ba6f4aa92f2c4c86ba365b95aeb66bfafd37c2803b769b28c260573e0387b85d8ce77f0fea215ffc971b366a14916fe782fc7b0c238062ec238b0c3,4.968,0.0563613524165864,0.4212642312049866,0.38128948432973175,0.3247568969210317,0.29009860174881347,0.9389179202517959,0.06108207974820412
hindi,784,758b942bfaf2837bafb0696d5ebc123856f4841aed4dc9d31bb010e7a67246791cda1685a1f4de659ed10843f3be1d227e8f4935ca088afa8531c61ab5bbed26,7.956,0.1132866007718307,0.8379369378089905,0.6128182130902855,0.22715528867840895,0.15802785828228944,0.925936487345993,0.07406351265400701
hindi,785,d002200225d5b38de9dd8b95e9fb77c24724f8a56ee0b31f6ee2260b5636a1e23c0fadcae1156f88b703128798bd749901930f35e839ea2a2bb2bcb8afe5cc74,5.076,0.11089122500546286,0.9803335070610046,0.6205869134814,0.21653177387668068,0.16092216858804959,0.6786859991437518,0.32131400085624817
hindi,786,76ae0779e8b42a6cebddc96f1c8be8cd17dc128ea3dc6c77c1afef491eb3334aec08ac644ce6b553783bec6530bcd7a8d7869d249d8fc4cbf394c176c2a03fe0,3.924,0.042409125894390685,0.2537335157394409,0.2947675810100257,0.37688416133695474,0.32417069644885477,0.9690372769373364,0.030962723062663566
hindi,787,f398e532c4307d0fb6f23dda4b599e05c8483a5211aab4dba56e24a0acc89810af5b98cc96afe0b55fdee3b41250c05571fa3d170e517213e71e52e481a80df1,3.096,0.12125871919258546,0.6645002365112305,0.5780066841967012,0.26357763724322925,0.1564290768779106,0.9745377969098251,0.025462203090174884
hindi,788,9f2ff0bc50ccd0ab79eed640359ccb9c1016d458fcfda044203f727fd8063bca505d1f650c0a66a096c753381ca88026043ab86554e6f9229362771eb98cebad,4.14,0.042536940936399696,0.29279905557632446,0.3033664959832735,0.3567503853361626,0.33536126745670275,0.9622151004805592,0.03778489951944075
hindi,789,8023dc679c28a4172456d8e4b741aba9ed1895ba41b8cd0fd18f02c6775991869a2b8c2802e6ee72defb8caf5ec8ccad0b6fe8fa2b264bb9448ebca8b25c5989,7.02,0.09462038106509574,0.8161823749542236,0.3181644531349145,0.4137155409879962,0.26610819992498924,0.9889377685679458,0.011062231432054204
hindi,790,00d8f7a5ea747472015787836b4694d24375a49cf2ca78088c1d29494110637aafa66bc0d135549c19cfc68886760475c2ae2584673c8d57e77eb82d3ddd6109,6.66,0.11057625851072612,0.8610313534736633,0.5846051899319294,0.25395458206687466,0.159412941326403,0.8966688497521862,0.10333115024781381
hindi,791,34e28668a9c620bcc5172c529794512391e8e08541348c8a084034b7d2648cd193246c3828994fdfb3422d558dfd427518de5b346849457179d617c215efd45e,4.536,0.039676758590195635,0.2315901517868042,0.3054857375430201,0.3497024028077634,0.3402423124526851,0.9698039993674517,0.030196000632548348
hindi,792,5ed8ac2780bfa08239e0aaa23e691fbf20930452cfd1163db395388d3dbff09ffc862aedc9ce80763a39a782ecb2ad5f729198b4f8565adbfc50bb5327957cc2,4.896,0.11169230147233493,0.7816605567932129,0.6513042380516613,0.18059322565729147,0.16587598480408824,0.8540035643398873,0.14599643566011267
hindi,793,56ba5616ef927a5c046387ad41208d615386a7bf95a3752a607516baf5fcc8fa5a93d8319617fcece315e6fc4a611dc2c2a3ec78a7e0244368ddcba4c2bfee0a,6.66,0.04654891838812189,0.2775111794471741,0.32488081486695236,0.34578580190421054,0.3251316223211205,0.9808202007378171,0.01917979926218294
hindi,794,eb0cf518c980fbaafc44b52459e6edc777cf01758412dc63e1de49438b83b2d292941510deee22dd7111854884991b9e9fc276183f07dc59d4a6c8174d8da2dd,3.384,0.0689062801365308,0.450985312461853,0.3813961071126464,0.28804449754983585,0.3272872561477282,0.9723118882583016,0.027688111741698385
hindi,795,0d095340640de1eed083de79682cd69d43729d60e08c0a6819dd49b8f15d143165cd66c8061dffa3ce372d4356c10e0bc5cc1a3a224cbe7e1cfeca4c5cfb413d,6.408,0.04101988997125475,0.2061287760734558,0.29876770347526005,0.3567322548203535,0.3399229576795076,0.985328983275284,0.014671016724716046
hindi,796,0303022c144407f09d8f97be16ba6f2c41ac249e162b24f7d213f0c8a10c4235a4dbd0f53c4d6bcd674ea939898fa29d241a0c183c8f8b5963f55ea5a5327379,6.264,0.03080223448479601,0.1981515884399414,0.23701059979467642,0.3727386382534904,0.38560127181245896,0.9859449307725129,0.014055069227487116
hindi,797,a3c9eb18e51d74ec5fbf9ca9ca1d5edf24c691d0f685ef2ffc8689d107710a300eec2172a79cc039b119ebc451ab794cb8519ce2d3c37209c7f24649089a7fc2,3.24,0.05956116289094225,0.4312044382095337,0.38134089187156844,0.33746147902925594,0.27754883931374963,0.9245000449690199,0.07549995503098006
hindi,798,461059307d756b80d08835b893bbee0e93e8cf237db0b4ba90a0b34adfa5ee77c44a3777d5a0c19d7a920260f7fd54fdd84661371abe9ece4b08ea2624146827,4.896,0.06355911183671475,0.495486319065094,0.4100228675190935,0.29594374265758716,0.29052566052795964,0.9304803909511133,0.06951960904888665
hindi,799,1963c5f396b43a02ea6a7cf2cacaafb042bfe53209c711d2325e2e4cfd7185370746e463b5ceb83f9ac807e048b8891b494db95e3bd7eccfbef896877eea9bbc,5.04,0.09473415498483258,0.4912750720977783,0.4629975769968058,0.34206533576031933,0.1924894140330078,0.9854346410600261,0.014565358939973905
hindi,800,16c775b5ac1a75459692a8e2c553ec084df96439cf53c5129ce1e5c20a9a04d3ed23204cf582fe74c9dc12a473fb3072139ea313cee5ce51c0d17acf8cd16333,5.472,0.04874409256985123,0.5223652124404907,0.3213369955765872,0.3660141489619438,0.3085360975104626,0.9044785073489272,0.09552149265107279
hindi,801,6990e943cefc8a2ed3e12aa2c2a781793096d1aaf311b175943b3029333a59e74f30086965cfb6f7db8b79b431c41a44e6b4aa3f806707fc0c4e5da883dd1d54,5.76,0.12315368343552018,0.9899999499320984,0.4673525307347036,0.38949472638517674,0.14152414473193445,0.964878080376005,0.035121919623995024
hindi,802,ae1ae84ba2341eb4c7c3fa47026ddc0b784387b58fa28c0a69f32c966e590141de3da70921c65c3477fb49575fab03213843d087f177422adb685978ca5c4b13,3.816,0.14724597223361013,0.8241468667984009,0.7355015853777104,0.12490078659789972,0.13811294322268802,0.9666100242393387,0.03338997576066127
hindi,803,345ead41094d4bf4aae58398d87ab219b6ffd948dd640a1a2a4da43e2522343c539d11a27052a9cca1014b590e440971db0710852df02639dc9f3d304469aaca,2.808,0.12497603883264398,0.5836648941040039,0.6223142064180022,0.24224492920792923,0.13371738831485444,0.9788007208629237,0.02119927913707631
hindi,804,05fd2a7f0d7cbe9acb1d838706b64a2ab489f6d0d2e7ff3a4243b1bb89ca3c1bc2e8dfd22bf11cf6e2fd9f11c2809b3dbf3db935d566ab6b6ee3122e3bfc20ed,3.576,0.123008634628597,0.7907402515411377,0.6158022971479626,0.2321240389363053,0.15019496073452304,0.935708047799449,0.06429195220055095
hindi,805,80df1054d490d23f8c2523fa0495d60f3cc205e34e95d436f6c923158601404372c2ddea0d8239b414c6a6e342198453e814db3f980e01b97817acc51ea7adc4,5.04,0.09458559098297824,0.6518521308898926,0.5449023248660428,0.25587542643243555,0.19669820992652312,0.9159239733993236,0.08407602660067637
hindi,806,547e2977be99b122ceb7196c97d4bb97bc3bdb4261d43618dbc385183d672f6e43db8b2c67f0ddbfecfa5f7adcbe25b21aa515729c369a5161e7fefbe2e6a91c,5.58,0.14652087711216882,0.9305199980735779,0.744609293315288,0.14895455510442374,0.10508450096860654,0.9363261928394953,0.06367380716050475
hindi,807,f45c7af99cc930fd6608f77ecb2d546727ab3df3d36731c90215b9a72ff548ff082f57c38aa6e6b7f2c905aa9f92f4f5dff3c954449ce05e56f8604bf1753618,5.04,0.027748969608909015,0.15105706453323364,0.23616820986500553,0.3848367820292217,0.37396949558425113,0.9811949479294659,0.018805052070534067
hindi,808,c0c130a042ca336930590bd4ee7ac3a1ddc31953a4a5848ca2b8dc92142e738a1624463ce88100c1acf4fd19242bfcfc04b6c62c0f89e7a958ff9f02f6520a51,4.068,0.04949281184078962,0.3571629524230957,0.3412623957821278,0.3385540739719124,0.3160283238438711,0.9487531072341847,0.05124689276581529
hindi,809,f89f624bbe2e7860966d20ca60b8ef08a9b08ea84c224ff76204e3515dfb28f9e33074ba2fd5eb511dfe99778475abdee119ccd25fdfb33f1ae1685a307dfe3f,5.616,0.05208514970939144,0.3756677508354187,0.3440118854165016,0.34047168780380377,0.311447792049945,0.9642914481103997,0.035708551889600315
hindi,810,aaf6b52267451edd43f92433e040803b7c695022ac637484427c841d61dddefbc79acf6b684ebc2769e18c649d9b7a520a0041ecb7898d3f7e49d804f477a3ac,4.068,0.021794619094372015,0.09670579433441162,0.20987024592283332,0.397329500514714,0.3874601401657485,0.9806243153117883,0.019375684688211714
hindi,811,b4dcba6c853f94a6e9abf98d501e79af3eec51ee1635fb1529bb4103e9fa495c7c937b7c4e4219bf3d414b549d2476904d15ff5feeb26b478b01bdc367f61bb2,5.328,0.055603935327619154,0.323195219039917,0.3706894739410323,0.3230790572586949,0.30235193507529745,0.9721237439285962,0.02787625607140376
hindi,812,a260ddbc5acffed848007a0a9ec6b79936f77999c825631f8f7eb91c11e3369d404de512eb961b464b0208a5da2d4a8cf154dba0a4d11010520e02dbf6039b2f,5.4,0.1028587801790396,0.8253123164176941,0.32288742832572637,0.5418885553511005,0.13342039181491144,0.9800925472776895,0.019907452722310537
hindi,813,e6aef31fac7411f3f1b15c566dede061e3024cde1382d7ca1a860a093ad5b0b9c87aaa13c749ef9982c688d7a8d715c11aee89c2e3d541b9ba3dc73c5ec5cb85,5.796,0.05428887597700122,0.28441286087036133,0.3715294251282021,0.32946830066064225,0.2949386531866099,0.9764021993214597,0.023597800678540337
hindi,814,b78cf5eebb8ae39161b94c37c3e8aa39f57e5639997972f1ec983cb9f44fcefc18f1c4227b3d8b263477f3444fe05696da0cbd5dacd3cb3900b2cbcf2370b155,4.644,0.09430345208981461,0.5891729593276978,0.5753892516284805,0.2163010267999781,0.20579520360854414,0.9193491418650813,0.08065085813491868
hindi,815,42dbccb16fa1ce50253a96dee532a7c4030f9daa92599271e4c0692efc8e58f669205bbcedf0ddf1f51f1e5753260ad39f6e0a5e6f85d5d24b3c5b3a20114c4c,4.788,0.05280221052541697,0.45010048151016235,0.34780555203761665,0.33974818910788984,0.30814777065302573,0.9340599932739863,0.06594000672601374
hindi,816,ec293248c910c28091014fec13d47bb69cc84f0b265ad0536d7e39390f3de510ab879fa3c23797defe85d8c846a4e148c971e28da6a90a647a9bc37eb03362bc,5.184,0.019180771148342626,0.08324325084686279,0.2015929832144553,0.4016053370032418,0.3915310550681905,0.9840936575698714,0.01590634243012856
hindi,817,66a86ae3d3f3eb48e5bad97a370e6813f967d7744dc410051a5092e6bbd0da658ea468af2518aef0db5231c7bd0ed0034baa278b9bd688d6e2dc295d9692ecb8,7.128,0.03322720601744962,0.35023027658462524,0.18776341341619043,0.37677704750999985,0.431217182085517,0.988730626214383,0.011269373785616987
hindi,818,76ae0779e8b42a6cebddc96f1c8be8cd17dc128ea3dc6c77c1afef491eb3334aec08ac644ce6b553783bec6530bcd7a8d7869d249d8fc4cbf394c176c2a03fe0,7.092,0.03350008370269624,0.1790798306465149,0.26173392636987736,0.3826739897392481,0.35083422420352817,0.9866768908458494,0.01332310915415058
hindi,819,9c12887b11ae7ce76bcb5c4ca6b56f174e89c82f02c52c05b93ac7a40b6fb7b28d8474241a7dc36b3ad5b36eab48a209bf7e68a905ca64ac40b89e9311dec25d,2.016,0.027377487392421733,0.12604141235351562,0.2334941985303605,0.38606919414658675,0.3756234387975556,0.9702625622581172,0.029737437741882755
hindi,820,be71c5c863d6de0f351032d62a7be08c92ba176b5062de0dafb4440746492bbcf9cd33f72220ff106d4b21f86dd04bb624bf109c7252900c3f92b4303d603af1,6.768,0.03819912101471406,0.19129830598831177,0.28577480952084267,0.36021858626379477,0.34936134463914975,0.9868939401674633,0.013106059832536654
hindi,821,80ffb7f21aebcd96b01f5098bdf0f377f31fa297c2c30290be3dcd6a69b87e7570cd2e9ce41edb96038e485ce70cf75436dba4a0c7925bb36a68db134979c585,5.904,0.14539859897641652,0.93505859375,0.9227943734398326,0.07672958609628229,0.00040613331175117694,0.5407114082465142,0.4592885917534858
hindi,822,90b1ff27e108c7aaa1f24faccd2f83f3a0b512139aded53b3866d65cea1197fd3dde486619a36293573b042a4afbc45e29f55c514767c7567f44a3da22c4f9fc,7.92,0.1817446079584001,0.989990234375,0.9546524703942185,0.043003022715027386,0.0023266280330549735,0.9576329160777093,0.042367083922290716
hindi,823,112f76f2e0c2f27b09b20340cd82d13c315858e70901593392d2bbaf1377a5ed05b373a77f5f93b0298be6ad7e0285d8dea7c8fc9e9d3ce601d702ff3e3a7d91,6.948,0.033184669023443594,0.17087668180465698,0.2679065991241995,0.37027630782967613,0.35710094712418955,0.9863311479991227,0.013668852000877307
hindi,824,552fd8cf90f15edcaf7388b1164d58d7eae5f20674dc780b9efb9d43c80af1ccbdef88d0ddfb76038b9614eda2b556cbb4fa8a46ca54ad7dcc43d9298b63f1eb,3.6,0.07359998853162283,0.5109123587608337,0.4274998614347814,0.3030229910512582,0.2661571126322584,0.9410256188099834,0.058974381190016634
hindi,825,1cec8b78e84c018a6efce5b69c1f3837d98aa06f2ab20d370caab36ca0938d09dd89e21b83d94073d8ea3af821ee74327d647929fd4e8051688c8730f024d6ab,5.436,0.05389448173261279,0.5306894183158875,0.3519678149401818,0.35226218987384433,0.291902878405345,0.9024163006543222,0.09758369934567779
hindi,826,fa0e5eaef7ca1de58387002c2b682b7b480943dbad6e36170c4c3dabf85516e30d2a6332548e734128bc69878186e8820b707e22b7de10ba7cd80ed20cbe8f81,3.24,0.041502465811912026,0.23846405744552612,0.2645409719879104,0.3981175433052873,0.33300899221816976,0.9753336931444297,0.024666306855570252
hindi,827,3255dc44d5426ad255e14c4db4d12b224dfffd1e594a400a47cee7aafcd670d56a9834052a13be30307100ec6a3e1f8bffe33260e25f32c5a89ef64c744c0433,4.032,0.01215907861726356,0.0549846887588501,0.17839732472093509,0.4134630588718433,0.40307013610623366,0.9771709904045989,0.02282900959540113
hindi,828,da10f782c53d93ec1dbf793a1f5404dbdfd390c9abdacd218d0c47e2366a569d50841b5ad9075f9b83e2c16b9194ab1be1f91e407a546218999fa14e2b49a3eb,3.336,0.11652690252490863,0.8082200884819031,0.6143852189297827,0.2234903428721132,0.1602598599349472,0.8837795616951113,0.1162204383048887
hindi,829,13cef0dba059a4aa0064866e51ca703ad2552c2645eb99722846129b96051db0f22a99235faf822876c13bd3f02e86f138d6a0413f980cf028f54c5fdc58b9b9,4.96,0.18036805025966524,0.8197021484375,0.9873551367127452,0.012150514586432777,0.0004467063813905071,0.9576398973114095,0.04236010268859047
hindi,830,32bf5ca000a1d646bb2e636e32c4bd507750c204271ab585b1e9fab7d08103c7e07825bdb376119fdef205be82f6e81766655dd5590cc21ec598b79a5c18e45f,6.048,0.057652350460709746,0.49220991134643555,0.3816427672482889,0.31967620583788237,0.294811350198355,0.9339486674470795,0.0660513325529205
hindi,831,ec1882fc4ac252c0d462191a4703bb6c913b73dd21950682e8327a6a076c8333f4c5708f7d9426b51a98435d5f79d26ca06428a64a6ac9513537409eb663f5af,3.78,0.02776831822857598,0.11578434705734253,0.23318124759204312,0.3858320481217646,0.3759564102331103,0.9812741341263459,0.0187258658736541
hindi,832,ffcbc3951f469a43cf363b5df83d56ab30c65a40bb5bf05ee2ae8f98f55d6c76d8cf505d8bd32cf189c373ef1e0a52d01d2fc3cfeea863dd3ea1546eb2ef68cf,5.58,0.06937740113199196,0.528486967086792,0.4075308489750102,0.35631842648128864,0.23313654547569468,0.9363026414182535,0.06369735858174652
hindi,833,f446689d92087b875d07eaa1d98e4b7e07ec4f8651762d73d8e0ecbae21be60e60a3b7356828d24a8c9071f872f21361ca196ae017820a2908412966f0a59df2,5.328,0.013984287620790046,0.06231111288070679,0.18700304843015467,0.40931801641849375,0.39837641128290746,0.9824267169697835,0.017573283030216547
hindi,834,60b2daa4cda30b5320834f3c2d21ea1841b52ccd7bf7ed4689f3ff27ca59c3323707c95e9a17bea4082356c576bbc3f17a00106134240f3632529b329fc1e62a,7.56,0.10393062590053033,0.8399343490600586,0.6255335913961098,0.18825544714568127,0.18372594370974898,0.838732917878942,0.161267082121058
hindi,835,52f22814969ddf3ae439c9927cdc815781938e7b8db9939cbe5cc7211c83b3dd6eccb62b360571d4002d64878c3b70340e8a76bf784048ff984b73b71d31fc52,2.484,0.05991753965641393,0.3639369606971741,0.40179206154385777,0.31412823013587055,0.28041610252446986,0.9320900871576776,0.0679099128423224
hindi,836,e13c23ee2d8500b3cffa2cdf67ef9d827331c36238411c839fe39b077736953b55de43cff6bb2d96066fb6660cc6542db53e3e5abe00c2cb8d79cf3bc38b22fb,7.344,0.02528715955129334,0.13698601722717285,0.21045612489806767,0.3897744882866267,0.39474023277637066,0.9910425029632259,0.008957497036774065
hindi,837,f7e4c76ee18115342ce951e969ae7be895523c1249240808025273db43ef06eff07f846de9b3a24d822ac09b3fcc9a6655535a3e0adb370bde8640f64560620b,4.968,0.1467884125149779,0.9618392586708069,0.7385906642505006,0.1427635155430928,0.11708602211392999,0.9256812106742311,0.07431878932576885
hindi,838,c7a77aac9398049c593a06e3bde552061eb033612d2266a548202cc8790a06dd5c5c4fb002e8013ef38f94abed95b3bea0e56c4cb6aa8deecf7c63373764826d,6.588,0.10275433547377857,0.8255313038825989,0.6072246978861279,0.19507975539480413,0.19517530858152574,0.8444475119621202,0.1555524880378798
hindi,839,345ead41094d4bf4aae58398d87ab219b6ffd948dd640a1a2a4da43e2522343c539d11a27052a9cca1014b590e440971db0710852df02639dc9f3d304469aaca,2.988,0.1063710393962104,0.5254138708114624,0.587593064938646,0.24828479208527995,0.1621084317663164,0.9585956888601924,0.04140431113980758
hindi,840,e0a47331065c4e1a9ffd6eed4cb902b631814a6130faf9401d447eba044cf1af767ff9a242e7c97886c74ac130ec73716192fd074e4abca825e77caca52e0ca0,4.032,0.09970033295664696,0.7795461416244507,0.5594254929333434,0.2258874306804742,0.2120495742402358,0.8542776013876336,0.14572239861236636
hindi,841,b69e010df6113e5d308dc62955e0f00639179e3f7074a50ff065d102adab88d624810f4c5bb6e59977dd65ba69bdff66ff08dc72ff47bd0dbd8dace3e3c392d7,4.968,0.03356751379219122,0.17440587282180786,0.26848533021053944,0.37400526070007756,0.35283767545397265,0.9789725826259315,0.021027417374068547
hindi,842,29bcb273adde2fc3bc2e4595307cca55f7a2164b643bd634a478297488389dd87132dba219b5a51a5b42b59a42fe5eef68ff2cd098bb675cf680befd442613d5,3.24,0.05640126968404987,0.32755768299102783,0.37058718792150436,0.3226078807662649,0.3027919854501889,0.9592459069620132,0.04075409303798683
hindi,843,0db277015ed4c7602383504e75bcfead10db6e33b12e442a983cb259a17baf2c98daf32f18e2c1917269103a2ef1776d88cab0357c43c487473d8fa511dde7e8,4.608,0.08080436660255395,0.5684712529182434,0.5018439575377115,0.25351911024952883,0.24168303273672048,0.9124611637410345,0.08753883625896552
hindi,844,8c19c5b99c8b1ac2264eb9486484732c9d5ec2f0bcc679213d2b2d740efeec83673995013ff2ad72008fa9176ea0eedf32ea29d6b09e71426ac03b6026cff906,3.888,0.07021345971473773,0.449709415435791,0.4550250808451911,0.2858126232011675,0.2556850939158413,0.9293559904327602,0.07064400956723982
hindi,845,90b1ff27e108c7aaa1f24faccd2f83f3a0b512139aded53b3866d65cea1197fd3dde486619a36293573b042a4afbc45e29f55c514767c7567f44a3da22c4f9fc,6.544,0.16138515550510177,0.989990234375,0.9576356893362457,0.03983971413000522,0.0025014564540688415,0.7340791258355177,0.2659208741644823
hindi,846,1141dfc674be44e23dd469a1caf6c1436405f2f99880ffa8ec17435c9e0877914bb50b5906d75d14f195ef2c60ba18fe91afa89698d08952325c31896d02d827,3.528,0.052367749024987115,0.2606979012489319,0.3455564665028607,0.33681996906179446,0.3132486316869483,0.9735986985979533,0.026401301402046662
hindi,847,439f45a458aa3fb2b90c635b0b8f07e4182c5aec6177ec417f91ee355768fc1655301d31a1c35a6a1727014480d611123576f5e9f6c96385b515a83690d70366,5.796,0.08828275928795996,0.8633959293365479,0.5505221011340627,0.2467508734498458,0.20005183147608857,0.6490242616610963,0.3509757383389037
hindi,848,3c47037b539064a039337a1c897e88029bf7cfb906524864e55c38b90aa9efe57730742089a7f2a1b508952b6272c39cd50f7d701230bde9d0afdf4fefc05d8a,4.176,0.0780294469411393,0.49568623304367065,0.4338741907121733,0.3386773701642555,0.22447644510330908,0.9543281583417947,0.04567184165820526
hindi,849,95cc33ae73783f08510cc8b475a3f7da1144f0cdbfbe42446afc4e8942bf842722a12076a164393f2c52e0db9026e5f129a90feb451956b70f7366a89e026f1c,5.436,0.0176281742807876,0.0801343321800232,0.19332481393473652,0.4047771693826668,0.3965212687478275,0.9848806748002784,0.01511932519972159
hindi,850,70c96a46f6827039223782fee3a93b99fa8168c84d3e5f9a0e2a1f16cfc1d62ad6f52d19ac175ad3ee541abd81068d089df3693e843b932053395156f6ff36b6,4.32,0.10094404522101019,0.6376993060112,0.5837722703810795,0.2211962778619972,0.19257466252357291,0.9219115078327274,0.07808849216727265
hindi,851,1a94dffb861da3c85c0994bc8c83f7b79b502a83733ef28bc302cf6f1d5413001cd86d1c723357821dc3a90ba1b3f65e1203c2fa176b43daa279055fd6e5f529,6.3,0.10302435229223951,0.512623131275177,0.5128998699782892,0.3092052320766849,0.17555732007407113,0.9885660998336759,0.011433900166324062
hindi,852,7b90778674a3659c892533d96bb0aa534879da17cd2f9cb1ae73fc3cc114dda10eba8bb6cfeddbafde910b396a60b95e64b4134430071bf2dd23b8d6a9c32785,6.588,0.029647063595332784,0.1742221713066101,0.25263182118262983,0.37992467713484696,0.3625241878131256,0.9830309761437926,0.016969023856207355
hindi,853,949d46bd8792e08b2ee6c5736df551c23a26e45db1306d71836317cfc115ff4cf71da8164c9063aeefd98bd8c12626dbe22b79a07420d6fe8317fb6fc9fa368b,5.94,0.035670765449555115,0.1798161268234253,0.27213806054681017,0.3658649042941438,0.35717798649723836,0.9850192792167062,0.014980720783293822
hindi,854,c45d64f4a9ad8d1efb4d802830abc40f0e0e29e23a1d399fb4e668a1781d60c7b6329f4ed2b4ee75586b7ef748b73a373cb36707965a2b5785d7e9ce6196f390,4.716,0.07912738494427382,0.539052426815033,0.4581209083946054,0.31370229839100316,0.22521879434161515,0.9391067526568305,0.060893247343169477
hindi,855,aafda704e52784565ee078117b2a7941d822e96444d43cfe115de75e654f8c08c23b050eebe7b4264498537464b6e45cd0624f23aec65f904b156464d5056d52,7.488,0.08306125649449139,0.6635100841522217,0.5171333585675644,0.236316151190498,0.24366784404556766,0.9170602521383326,0.08293974786166736
hindi,856,1141dfc674be44e23dd469a1caf6c1436405f2f99880ffa8ec17435c9e0877914bb50b5906d75d14f195ef2c60ba18fe91afa89698d08952325c31896d02d827,3.96,0.06351924650403869,0.38984215259552,0.428110945013168,0.2964941766371094,0.27180098599414104,0.9405013825194809,0.0594986174805191
hindi,857,3d60da54a5e96710c627c37362c5f17d026c725b99466b5596f08c6584beafa8dd546aff3ef61dd1cfda5150cdd82d08970d8ad36a49e933571b903361a6cbdd,4.356,0.027795606529922297,0.1325055956840515,0.21214646229933093,0.4041755297507321,0.3789265022344361,0.9853404219211952,0.014659578078804802
hindi,858,ff8f23f061245d69de7cccf1ee33e0ebd713c56e08f5a4a2f4732746be391af221f711cf9aee47cf8cc4c6402985c5231bff4ac03eaaa1e1a1cef4e1cdaf2936,2.808,0.05798457070280124,0.3061925768852234,0.35927848017922354,0.35792193749124224,0.27915838725851844,0.9645051710730242,0.03549482892697575
hindi,859,cf3aeeacb5f17296626b5c4098ec5eac55e41cd4794e1b866c7c42ccda4ff82ab59144d9af79e6479243e61724113d6c7ccccb7dc02e7a235f5ff37eee99c5d8,3.924,0.01369470483038492,0.059678852558135986,0.18425977367709945,0.4104906245745552,0.39991850361458803,0.9771939014092046,0.02280609859079541
hindi,860,1da3e82d56c4b06d4028ecc92aca9dc352823b8ec3e30de4da211906b610e38731002b15ef77c26455730b72f40ec1685543812f28aebbf3d093e8e83b3bad25,5.22,0.08672795999671988,0.7674387097358704,0.5482050231414656,0.24219585401138308,0.2068851073099175,0.7379544179875777,0.26204558201242234
hindi,861,6cd8f602bf899de8fa9a30238cb461650682d47e62a5d12042ec213877ca4d9f7f83e3635c1374cddf16260688058dddb7ba7f5466c279dadd85e033038b6b08,4.608,0.04455416064561145,0.2323901653289795,0.27819116327998017,0.3842600572790273,0.333295120092386,0.9842719808552131,0.015728019144786942
hindi,862,730d0b5ab2ac3560942798c95eca436e23aa39ac97ae0d8c6303446a537d615166a0f64a5a3da21fcedabf70e237b139e973b008e4d664c813bfcde4d3890c00,5.04,0.04027649257811498,0.1806076169013977,0.29325626800848753,0.3562659717627304,0.34586428685174064,0.9838732516708807,0.01612674832911931
hindi,863,3aef16007bd29046bf29aa965433206ce23419410af7d4bc3d292635ddc31b83ce37bccb79f9f0fb3d857b77a1bba903b1dfbadc1d390b9c5b687a475c9f29a6,3.78,0.08559321065869241,0.7140652537345886,0.47408203917293434,0.30386338820489894,0.21899456430217412,0.8572245810819988,0.14277541891800116
hindi,864,ae0207e1b992822da425c226998ea35fa5a75ad2e871945773ba6a3a2a1198e2b949343a3576e4840ddbf58db73c345288cca62ba4835d8a03bf508c2d06f3d6,6.544,0.13941909309675132,0.990020751953125,0.9200275561618728,0.06801138855747571,0.011911113454409986,0.38406500096327484,0.6159349990367251
hindi,865,806c8f1750366fd789fd41da89a86157e07cc51bb8aae5e3e963abd25d659afa282b2d5d1ae80d08eb78bcbf88984ac5b1c10bb62f2582cdaa48774594e5b746,5.904,0.08366411960474025,0.46274423599243164,0.49808748344135684,0.26109419483218144,0.2377678572389384,0.9720785944754537,0.02792140552454625
hindi,866,9698b39cb85f238f1346eea2dba721e4e8fb440bd4d14b632aef84108f02f47d028463a7076a9eb0333b72fab260a9357f045de63eaaa3c7374ce6a692e081ba,4.176,0.05517977512978776,0.42510032653808594,0.321932780905634,0.3408312273027588,0.33325189292678814,0.9649773514103122,0.035022648589687844
hindi,867,80ffb7f21aebcd96b01f5098bdf0f377f31fa297c2c30290be3dcd6a69b87e7570cd2e9ce41edb96038e485ce70cf75436dba4a0c7925bb36a68db134979c585,4.284,0.11827851757190419,0.9150131940841675,0.5824373835884142,0.27915503567427014,0.13656889030519964,0.8660406517919765,0.13395934820802347
hindi,868,1a94dffb861da3c85c0994bc8c83f7b79b502a83733ef28bc302cf6f1d5413001cd86d1c723357821dc3a90ba1b3f65e1203c2fa176b43daa279055fd6e5f529,2.88,0.0867145728962891,0.6097740530967712,0.38682682975350985,0.41506896209740596,0.19575383619783956,0.9564498061878662,0.043550193812133764
hindi,869,86a5ad74610a18262cd67fe5fe6899fe11e9385b2c5685f0688125f800524c5654273f8c7385b59dab90768caa5c803e9c31df10d88f49585ed97665bf90cc32,6.876,0.06223504474084462,0.7575136423110962,0.3526872363716549,0.3519020704808445,0.29187980136155434,0.8594969440044065,0.14050305599559354
hindi,870,95340b846e677ea27571958308bb11e2403ec2e4464bba7c97372d324e628a906f6be086595117707361a5dd7b41295d64031b6b2a5f2e50f6dc0a1841fd7fa2,6.516,0.03806260337382859,0.22589391469955444,0.27098131860944463,0.3676117772054013,0.3567867244901785,0.9857118273825479,0.014288172617452077
hindi,871,7570a71e8291317409ff389bd743ae3946da5a2b9540b1d3be2b8e42560a8338f8ced7349b801dee318d981a4d51d1fe60ece80dc66222d056395f1476a1df67,3.528,0.04785607040864936,0.3500826954841614,0.27108908270183485,0.4118279706594045,0.3130998816682578,0.9674175158483527,0.03258248415164733
hindi,872,18ac148b1b14b3b66a0116ecc3f445d74b049106dc0b0c39ba266ed130105ea5cba16d4e6220aaff9e2757009e3e3789ac98602887ee11491fcb207b874732c2,7.56,0.045094036230271826,0.24503904581069946,0.3076940709354131,0.3504371627693315,0.33739548604840647,0.9884962061628284,0.011503793837171594
hindi,873,42adfde56dd3d69ed58436d1e8a55fac999afb0e390ebc65c299c3cd2b7258cb079683412241e54e7fa275e56a02bd19a10d6a17fead09988cd0fad2e6061e7b,6.588,0.08966976713060985,0.659310519695282,0.5585213472833429,0.23944643900884996,0.1994059117417645,0.8924196554251319,0.10758034457486809
hindi,874,3c47037b539064a039337a1c897e88029bf7cfb906524864e55c38b90aa9efe57730742089a7f2a1b508952b6272c39cd50f7d701230bde9d0afdf4fefc05d8a,3.024,0.014559874678719711,0.0614970326423645,0.18745820153953482,0.4085182873944464,0.39850024987809013,0.9731540008988682,0.026845999101131834
hindi,875,3512a2ce63a4044e19713803ad92889a443d1d6fe4e83bd00833b842957b10139899aa75c48d47ecd6d7e02112c2f7d3dbf5e752d40bfb9bffe073a8983b56b9,5.22,0.03157062740096398,0.15022337436676025,0.2359545755439845,0.4018880057051743,0.35753514134682385,0.9856439799971389,0.01435602000286107
hindi,876,d39d516dfccbf4297a953030579625b84d76314cdd257472c46f3116b9f0238183eaa531151e2a8bd4968015c10fb293e815f5a2c36475f899e88f5ed90676ea,4.968,0.09445849099325938,0.6464012861251831,0.551230317498213,0.2392832152448368,0.20681202224252418,0.9167495184819336,0.08325048151806635
hindi,877,2fab289aa06c3d3ed662c848272fccd54cfe903fbc7895c797a394c8ac5314a6dcbd94b498eb6af96d006c568ea2a0d523ca6b0212684ed46408338da97c2b0b,2.628,0.12821668692919821,0.9900000095367432,0.5880603221768704,0.22088242610259237,0.18945528651648802,0.9009030602047244,0.09909693979527556
hindi,878,c9e3c968c1d5b3622fc320ddfee5e4f9ab20a053ad60bc247ae48a626a9989bc2687e3e054f55a444c9ccb71e2ddce887fc8fdfa617ebb5e9d4771676d8074b4,4.644,0.048108625974321605,0.30263644456863403,0.3238971005114727,0.34435741262852787,0.3273583411945815,0.9710185650759293,0.02898143492407068
hindi,879,65d886c17e6173ec624dcf8fa7a03e75f82801af0e6b0a177d149e9137b2bc1c6f88b5e060a9db7493ec77e6ef243e8a1b1ca307a3f303b8d8a5c80dbd08572d,4.68,0.1377404383288589,0.7914754748344421,0.7171292710773852,0.15841858574411344,0.12283306593704554,0.952733150215087,0.04726684978491302
hindi,880,7570a71e8291317409ff389bd743ae3946da5a2b9540b1d3be2b8e42560a8338f8ced7349b801dee318d981a4d51d1fe60ece80dc66222d056395f1476a1df67,3.096,0.05569501683616451,0.37256354093551636,0.2139233276556498,0.5208386591827865,0.2620477033141734,0.9834589306573909,0.016541069342609127
hindi,881,a6d08697c738730178993390c6a57ba2b8e2944e43cf91bc222be8589b56ae2271a0e072fadd7f735cc7479c0ea16887e186a8e4a478276381c1d96dcd49e461,3.636,0.009110252561780696,0.038200318813323975,0.17552414584251097,0.4136238432734436,0.4055046648262797,0.9722377916500186,0.027762208349981443
hindi,882,5e46ac50eb1d862c9c16cabb7768b1b412ed7ec5a51e13e22953cbb21d43c30f5addea8f5b6797634a95c8140661feb46f36a8e68d9968dc8452c0ac88af7e59,3.204,0.04589033027632272,0.30186259746551514,0.31475959276236887,0.354092277084805,0.3268365023226414,0.9572332013747766,0.04276679862522337
hindi,883,0db277015ed4c7602383504e75bcfead10db6e33b12e442a983cb259a17baf2c98daf32f18e2c1917269103a2ef1776d88cab0357c43c487473d8fa511dde7e8,4.572,0.06492464394423879,0.4513305425643921,0.429974850818391,0.30323225583230407,0.2633418864507115,0.9274288416893675,0.07257115831063254
hindi,884,c88824395561074e0eb0ebc1280d4866dbc29f01c026899e205a1db558ba1be8d683a10dc5e1f8117571ea0794f699ebe359e833d714ad66942a429a2112a5a6,4.212,0.02390433123771299,0.10734856128692627,0.21969855758265122,0.3930660305581622,0.3820741544913844,0.9809033569845572,0.019096643015442782
hindi,885,311217067d55b7cce037852182d16a8e446e955f838c22ea621a12cf2d0fcb73cef39d58af1b90b48bc6a39e94534cd5781370c0e4affc028225fa2b2f7029f0,4.5,0.08721926950801283,0.44558823108673096,0.5234606159709961,0.24145843896763555,0.231996570527607,0.9671927047271165,0.03280729527288351
hindi,886,1da3e82d56c4b06d4028ecc92aca9dc352823b8ec3e30de4da211906b610e38731002b15ef77c26455730b72f40ec1685543812f28aebbf3d093e8e83b3bad25,4.5,0.12311180378160871,0.9900000691413879,0.6544910856926208,0.2119174808000717,0.1319002182781695,0.7517143510300255,0.24828564896997452
hindi,887,66a86ae3d3f3eb48e5bad97a370e6813f967d7744dc410051a5092e6bbd0da658ea468af2518aef0db5231c7bd0ed0034baa278b9bd688d6e2dc295d9692ecb8,5.004,0.025061044028684833,0.17900210618972778,0.16575938394745188,0.3541221752216919,0.4758922155711322,0.9927216888848751,0.007278311115124891
hindi,888,3512a2ce63a4044e19713803ad92889a443d1d6fe4e83bd00833b842957b10139899aa75c48d47ecd6d7e02112c2f7d3dbf5e752d40bfb9bffe073a8983b56b9,6.336,0.038409455233341126,0.23714274168014526,0.2545816185403876,0.4094435643885488,0.33161544130027176,0.9845552700767843,0.015444729923215661
hindi,889,b78cf5eebb8ae39161b94c37c3e8aa39f57e5639997972f1ec983cb9f44fcefc18f1c4227b3d8b263477f3444fe05696da0cbd5dacd3cb3900b2cbcf2370b155,5.364,0.07766565682939376,0.5324459075927734,0.5003616592490352,0.2553393346707099,0.24115599277624192,0.9217772168995313,0.0782227831004687
hindi,890,3db6bed8f713bb226c8e1414c97e0da016bf5573c7281dda13149cf951a3bab57698d09a84cbf226aebc5f978c42bbb83ee009e4e787f7674304a0ef235be968,5.832,0.1514897613885675,0.9900000095367432,0.7169213696796489,0.1679261631899734,0.11368836637198529,0.9581897852708935,0.04181021472910651
hindi,891,4ed9b617b3f93ef9ae23b42f64cf4e1d53ffefcf405e7e908ad346119c60ff08710f902131c673fcca0a5f0b8980b8e128ba5e30ccefc5780ced1cacb3dde0ed,6.732,0.03689571038852287,0.18964439630508423,0.2622648829018244,0.3843837145994709,0.3486302432943789,0.988344052255975,0.011655947744025008
hindi,892,4165462ba3028c7e25d5ff7abf7e81fe2d31ab129cfa039232a6753837447e299445e86cc1a94db3a8957d1cf55c3a1aaa96b297a0c75a814bc1a2df686daae8,5.94,0.10947684076477665,0.7329719066619873,0.6273412062297391,0.21069934104407137,0.15982095563075324,0.908981776936235,0.09101822306376495
hindi,893,08aa344261cb28d4f1e8b697822f1338246b28d51cfa28016b6214ed8bcd38cb5485c3b718c8246503f35d7e90c68e6e51ccdcea0ffbe272a0355f013aa4af41,3.42,0.05150187749331824,0.45970845222473145,0.305389412633881,0.4121856505888971,0.2787608993892269,0.9185909562867812,0.08140904371321878
hindi,894,f7e4c76ee18115342ce951e969ae7be895523c1249240808025273db43ef06eff07f846de9b3a24d822ac09b3fcc9a6655535a3e0adb370bde8640f64560620b,5.508,0.12737036426018275,0.8311471343040466,0.6796424200625871,0.17407324194891638,0.14437864819228663,0.9263228276619994,0.07367717233800064
hindi,895,4ed9b617b3f93ef9ae23b42f64cf4e1d53ffefcf405e7e908ad346119c60ff08710f902131c673fcca0a5f0b8980b8e128ba5e30ccefc5780ced1cacb3dde0ed,4.824,0.03356176261690594,0.18853837251663208,0.23446936957900072,0.4046248082018864,0.3563947605605838,0.9834566583360856,0.016543341663914357
hindi,896,7645441bdc18d3b030505861df550d84664b9a9931552e1efeafab2fc218b84b74173a02073f3ab449dfd6be412293b9bfbe39fc0b97793fff0f586d8212ca0d,3.888,0.10006608672213033,0.7360803484916687,0.493167136343157,0.3358498434933637,0.16875701298006363,0.9188701169512807,0.08112988304871926
hindi,897,8532ee1920f74cab963f7b2895f0b5d5519a8762bb1f3b742293915270928c8826003a955e9a9a092982572ddaceed20ff3eaedd2517aa8c4a3759585bfb5493,5.508,0.043509729544829165,0.3219364285469055,0.27919078138938896,0.4002609989418344,0.31634959155113057,0.9718965181727416,0.028103481827258414
hindi,898,72f877fac9bb314cc8a49f707222e440bdbf0011ca28657fa408f62c6b95ed4f617faa364554b0b0a75f4c74e6a1a745f376376bbadd8c8737f405f04bd49632,5.22,0.09620075300626005,0.6480699777603149,0.43099939421081396,0.3899126064367651,0.17679355224446375,0.9734571964681896,0.026542803531810377
hindi,899,e6d5ef06a5a765e29cc111294dcf0542f6faa74f367ad10200bd7e609e89ca4dbc72ad11540880b3b155d3a0c19eff6fd865a688d96a340e8e4f23cc9baff93b,2.268,0.09178170068110443,0.6743757128715515,0.532174036786677,0.26820186110496164,0.1969446701726224,0.8242337685858245,0.17576623141417547
hindi,900,68cb270e1215efd79204c075fb9df17b4ea024a7c09f74970ea4e506e73229238b2c3b3fc62c0f650e4fbd93cfbdd109b4442bcd5292c50b81cf80146568bf42,7.596,0.045898475341454664,0.24803006649017334,0.30769473891811616,0.35841998482716786,0.3294469105061699,0.9885743030573139,0.011425696942686137
hindi,901,fb9238da4a8e2de73d33aea159760300d3ec17f24329ad1fd35ab53c3d452ac1fa903c1488c73bf0daeb50763d260efbf7fcf79c1453a1558722a64e0a69afbe,6.768,0.07437553558418807,0.5172948837280273,0.40796912615726016,0.36004366923354897,0.22894641187857442,0.9681513685858253,0.03184863141417471
hindi,902,b7fde8b01808baf29c65724c04b9461381f7985ce4825b5663eb776d15da60e04453179bb8655290425de10178de70a1bd3e57b2381901578b63e663e90c0628,5.436,0.034800170808475944,0.2409142255783081,0.2678628586604094,0.36929449120960284,0.3583216909556575,0.9750991701321375,0.024900829867862462
hindi,903,cf3aeeacb5f17296626b5c4098ec5eac55e41cd4794e1b866c7c42ccda4ff82ab59144d9af79e6479243e61724113d6c7ccccb7dc02e7a235f5ff37eee99c5d8,2.592,0.04742538336711166,0.21246612071990967,0.3218111724663393,0.35110738155814664,0.3227097636253549,0.9729954905698376,0.027004509430162416
hindi,904,551ead2654838dfeb5faff96cbcc6d7ca4ac208e9f84293d31d5c89ae3e612bcc525e7f2cc8a050c834c1d550d9880c84e908cf0c4e90a885b36001c989f7aa6,6.048,0.051088300200545424,0.34679144620895386,0.2723908843652553,0.39122508511204157,0.33269983355442556,0.9871603974588888,0.012839602541111161
hindi,905,75c6bb7203a8fae0c08c18b39bebaf7f25f86e3b2cdbb1dbd65927288474b3fa5b24c5c88144d238b93b8327677bdfbdf560078a95a3594a6b6ea7dbf3f3eec8,4.416,0.1313504600429217,0.903045654296875,0.8186422840252752,0.10438091029555097,0.07689612990762139,0.5913051312529801,0.4086948687470199
hindi,906,f446689d92087b875d07eaa1d98e4b7e07ec4f8651762d73d8e0ecbae21be60e60a3b7356828d24a8c9071f872f21361ca196ae017820a2908412966f0a59df2,7.128,0.022157327507663506,0.10516142845153809,0.20696448563395178,0.40728236519194605,0.38090782657835137,0.9893731280726298,0.010626871927370218
hindi,907,c45d64f4a9ad8d1efb4d802830abc40f0e0e29e23a1d399fb4e668a1781d60c7b6329f4ed2b4ee75586b7ef748b73a373cb36707965a2b5785d7e9ce6196f390,6.336,0.14316596152151984,0.990020751953125,0.9254458205586389,0.07190246644993382,0.0026053768783341866,0.42481112505652485,0.5751888749434751
hindi,908,0eef353f918900f4b6b2c52b697013c0ac2340228d97696f460545e777a0a619dc934a6e2bdc5329525c74d683591af809ae5b8d4157abba6321a5b7366bb73e,5.544,0.02078466620148594,0.09023123979568481,0.20364498704165007,0.40174837654951784,0.38945230181116897,0.986119327244414,0.013880672755586021
hindi,909,ca6156fb12800e3b3fc41f9907777531141ebf8f445b70901bc7137ffd0e5516c2229f3c8c695423887299cdfe5b9160cea313d614a4ba540d5ff4102dda821e,4.704,0.1004971594316887,0.80340576171875,0.669631622310842,0.3065106233169611,0.023726989312901733,0.3772724186696949,0.622727581330305
hindi,910,64fcf403ddfb930184eae9b9ad9fbb9a712ebab06fdb5e7dbe7621dcd2cd5101f593c37e8e254ff38294b6dcc8bec4808c197c2d7599c0c4126045b1ac9b51d0,5.784,0.054182713933144035,0.3158285617828369,0.359807355156495,0.3289661024490393,0.30711516365875646,0.9760733457315186,0.023926654268481395
hindi,911,5a2a681a4af95b92777b6adcd74644a5291136b27678f3afb168b9ebcc348031ce19ae24e738331ee6e5e5e54f6c4c560d455f898f348ad11957ec799c28fe59,4.788,0.0911348381398259,0.8941407203674316,0.5041821724785616,0.3010075593431057,0.19233572686151282,0.7051719421334997,0.29482805786650035
hindi,912,cb191bbd6bef46c81c9d5a49421a071897ee938b184fb94525d71950769ff71a8e4c5380bac3087cf73f11082371a95a9e76e594ba58d9520d5892e39d9d167e,7.416,0.10829019111287529,0.7889651656150818,0.5027589085914077,0.3106342104080967,0.18463294233059643,0.9724275107552015,0.027572489244798493
hindi,913,1141dfc674be44e23dd469a1caf6c1436405f2f99880ffa8ec17435c9e0877914bb50b5906d75d14f195ef2c60ba18fe91afa89698d08952325c31896d02d827,3.276,0.04294490503052447,0.22997725009918213,0.3115850256890885,0.34833151845018484,0.3356266886696684,0.9680419247755233,0.03195807522447669
hindi,914,ac38b13197dccd9b8389b7ea08fa62f18a0ad7549e1dcb0ac6d9a05f3c3cf0e1a38c50b32020c420310616620b70345d1c7ec60431e9af8f1dd471d271dd2c81,5.064,0.11116884088425169,0.7889540195465088,0.5689385915680568,0.26239711248953257,0.16646004220276334,0.9267554835860035,0.07324451641399654
hindi,915,ec98bf4f4c7ebeb53552af57da3d7a49f21818abc1725b040a1b968399e00793bb92c3c43fc8a718ebdf2cd08df8a20903f45474f2545ae873ddfb15c6a759c5,5.58,0.09453590856036495,0.6481905579566956,0.5259418978336128,0.2743191328663537,0.19728596212450983,0.9378841801754163,0.062115819824583696
hindi,916,5a2a681a4af95b92777b6adcd74644a5291136b27678f3afb168b9ebcc348031ce19ae24e738331ee6e5e5e54f6c4c560d455f898f348ad11957ec799c28fe59,5.148,0.08590224929285417,0.6398344039916992,0.4668516118936754,0.28528961619228166,0.2451757411999697,0.9440571859864361,0.055942814013563935
hindi,917,1a88297b510c4d15acdd9d6a3f50d13fd6420c8f934e487a7ec5096ab5fbebef165269d581a12002a5eca2cf3fbced4552441668df9c027abd45ef0895eabbc2,5.184,0.13236293218320166,0.9354221224784851,0.6334897677346263,0.22184012831049796,0.14303511779115044,0.9366331852039598,0.06336681479604023
hindi,918,45067264d2b61e264ecad7458eac3d1b34e0fa920f07b620c960183b5da33e9162e941624364882bef970388a81035ea2059171afb0b405fec83186454db1279,6.516,0.07923699392550008,0.599361777305603,0.5035227095051826,0.23796455459881435,0.25556443858292305,0.9231297437436209,0.07687025625637911
hindi,919,80df1054d490d23f8c2523fa0495d60f3cc205e34e95d436f6c923158601404372c2ddea0d8239b414c6a6e342198453e814db3f980e01b97817acc51ea7adc4,7.416,0.11457889866049682,0.7197847962379456,0.6062820603184299,0.21618091613216486,0.17554003281410302,0.9694576341106468,0.030542365889353218
hindi,920,b5368a2dff773c397ef5c49e62c79de17d88d95d2079d13c22dfd061e40dd1528406716bf6158aee618664f8bd5cd01289e1e410afda482364672472b003fd9b,4.968,0.06716007073276893,0.7293899655342102,0.3426192073350874,0.4262467622035763,0.22825868068498248,0.8463882989642226,0.15361170103577737
hindi,921,7fbf4c95e3140e3dc38caf6b69156e7b0c31b692322f830bd453acafa852716c55556b85dab23eb2fcf7567541c68490442cf56fba72b2b29acffe250f110146,5.616,0.09592645950954647,0.6574294567108154,0.5202533456656048,0.2444327855031415,0.23277671692069338,0.9558820588317406,0.0441179411682594
hindi,922,f7e4c76ee18115342ce951e969ae7be895523c1249240808025273db43ef06eff07f846de9b3a24d822ac09b3fcc9a6655535a3e0adb370bde8640f64560620b,3.696,0.17307040359919568,0.990020751953125,0.9687525232042912,0.0311941987807762,1.4589996497739503e-05,0.7881830846100792,0.21181691538992076
hindi,923,3f0b866ee8d4499e4c0de09d34862acbb1ea0139f53bf7f1271a8648fb35d9a3a31272a8bc7af870e3b52bf7f4cb51ae512fa07df79663eaeafa30221c0b200b,4.784,0.1488112458789657,0.990020751953125,0.8612511283471399,0.09284777599674014,0.04586178049009052,0.6886625464034102,0.3113374535965898
hindi,924,2f15fd7bc51b2ba02064a0da5d475e0d6fc67649859ea797ce166b32fbfcd6af3d56241cdaa9d7107918bf5979de4ab7e702c6f255f5f2cfb0d154e19d960b17,4.824,0.061527424991544725,0.3394291400909424,0.39904206258048797,0.3065593348647802,0.2907017463715151,0.9707610866386758,0.029238913361324226
hindi,925,daa76944376a4ffb1588dd2a305c507bc1b8e14eafbbb1784aba0d0e901a3ceccaa5f1d84909bc13f2ff0ab6c7facb2ac2e487daed3470c7fe44022f33cd2a26,4.14,0.05340443680567546,0.32475805282592773,0.3531194482745604,0.33290696306652245,0.30988852986350107,0.9652358687417425,0.0347641312582575
hindi,926,2f15fd7bc51b2ba02064a0da5d475e0d6fc67649859ea797ce166b32fbfcd6af3d56241cdaa9d7107918bf5979de4ab7e702c6f255f5f2cfb0d154e19d960b17,4.536,0.05968184148196979,0.3525238633155823,0.399399465146032,0.3084095444806703,0.2887013427633046,0.9601362274402844,0.03986377255971563
hindi,927,4f7f65a3c1d0ad3bc8c1b1b9d1f99a33e4785aac4a57bf5803876af5b7bd8c4d96f9ce70fa5d287f0aa26fa4aa86e8572fa595a5554dc71ae32d82496237da62,3.504,0.1593572247476737,0.990020751953125,0.8948870653378216,0.09819759920200131,0.006879969919826453,0.7018432311619662,0.29815676883803377
hindi,928,a260ddbc5acffed848007a0a9ec6b79936f77999c825631f8f7eb91c11e3369d404de512eb961b464b0208a5da2d4a8cf154dba0a4d11010520e02dbf6039b2f,5.76,0.08236437423202449,0.7206375002861023,0.19931719594026598,0.6440165823145891,0.15456468943379711,0.9854436511764902,0.014556348823509757
hindi,929,6cd8f602bf899de8fa9a30238cb461650682d47e62a5d12042ec213877ca4d9f7f83e3635c1374cddf16260688058dddb7ba7f5466c279dadd85e033038b6b08,2.628,0.052936845455084015,0.2701833248138428,0.3073023700431174,0.39039891336900523,0.298125871084712,0.9757016782131384,0.024298321786861643
hindi,930,ac38b13197dccd9b8389b7ea08fa62f18a0ad7549e1dcb0ac6d9a05f3c3cf0e1a38c50b32020c420310616620b70345d1c7ec60431e9af8f1dd471d271dd2c81,3.328,0.1566665955590391,0.990020751953125,0.955820472875419,0.039955980942509545,0.0041795033458988514,0.4888533058616813,0.5111466941383187
hindi,931,ecc7e59a32c148c0940caf49e33b11c6c9cbcd065d19c3a636df8798f9a2b79eec188e8b8ec5c0ba3212d762cde863f145957a01d44291181826e1579efbcf79,7.344,0.013444138415100412,0.06953287124633789,0.18100064817380015,0.41135700561626165,0.40237837967004364,0.9883458514126805,0.011654148587319502
hindi,932,40755351d14a54150898c5756a00e1c19d4099c2b7fca916bd7eb5967ce050c2fa3e5870250539857dbb1005de528c8a967e18a0f7dfd0dfce66024cc6a979c0,6.66,0.11201446903501963,0.8408837914466858,0.6510136731400076,0.1895797567391285,0.15728290196736824,0.8501104138445638,0.14988958615543624
hindi,933,5a2a681a4af95b92777b6adcd74644a5291136b27678f3afb168b9ebcc348031ce19ae24e738331ee6e5e5e54f6c4c560d455f898f348ad11957ec799c28fe59,4.896,0.07626525155088067,0.46387916803359985,0.4191682278408125,0.320152849996496,0.25760416792207835,0.9734838631126771,0.026516136887322905
hindi,934,369ad14c74f52ab1579e8df7c213c4d5982ddfbf5d67057d8ef5e11f88177dc8e428d628ff7610a25681bd43d33237d2c914c41097f20905142011a579a50612,5.58,0.05035841912515042,0.44635009765625,0.32644260833736566,0.375199082083679,0.29434340803378867,0.9399856334900636,0.06001436650993641
hindi,935,369ad14c74f52ab1579e8df7c213c4d5982ddfbf5d67057d8ef5e11f88177dc8e428d628ff7610a25681bd43d33237d2c914c41097f20905142011a579a50612,7.776,0.050039036721719624,0.5083551406860352,0.3443518736659324,0.3523264329820423,0.2991522189619264,0.9334985554523756,0.06650144454762441
hindi,936,bbf090e6e283e4e37184a2e8d18c4e8b316a072a5565f942ab1fe209609ce93499859b1bc6b7111be2f33203c2746e5c37c57a3fcff52e9a7f38780d6fc39a26,4.68,0.05782622461343846,0.411382257938385,0.4035654618716306,0.3078041072756662,0.2848067311138473,0.9312210554793788,0.06877894452062117
hindi,937,4165462ba3028c7e25d5ff7abf7e81fe2d31ab129cfa039232a6753837447e299445e86cc1a94db3a8957d1cf55c3a1aaa96b297a0c75a814bc1a2df686daae8,3.744,0.09286536699395771,0.7498680353164673,0.552537744491435,0.25294394528496134,0.19203173406468413,0.7747582021935622,0.22524179780643783
hindi,938,f4276b793d63656aa644af3755eec97ff45d8df43323576969e1722c9b9f099002febe4c6f3a9401ad2a7011623e315d775ae5c19f3901dfc9cb44d20a5c91df,4.608,0.08886564016081337,0.7333873510360718,0.5250884091043295,0.250740920880272,0.22114066437943813,0.836732884017506,0.163267115982494
hindi,939,4498fc8a02fdc71bd6238e7020b44ddb11b2922e44e1fda1ccc177f6d24c99b0ef8b526c40d48f44b73cf32a8138e49b9e0fc93e64be8c318d8b7b9f84870bfa,7.848,0.10784941492834418,0.915890634059906,0.44361652363787407,0.3773533178547971,0.17718569364539016,0.9661737541467987,0.033826245853201264
hindi,940,2312b0d85bd1eb1a017264abf770df086e10cec218cf1ab48b90f9d7f621d8ae8372b07338224060fcac6cfb337fcfcb6966c160942f9fcec4c67e7f5df44520,4.608,0.19237559278460264,0.990020751953125,0.951813561769431,0.04060695347460527,0.007565679689356089,0.9682497159854055,0.031750284014594454
hindi,941,f1b62e5d3473776b945ef79fbad0a46a621fb136b143d7aeb75a7cb854ebe0807524eee04fe8d83b3311152dad97e341e18ed5b8981b3cf322fec4e0700894bb,7.92,0.09388316092688924,0.9900000095367432,0.4318743249544873,0.24296264484242477,0.3229828857419831,0.9398171096102501,0.06018289038974989
hindi,942,ff8d1bfdc7d8be2fd275f506691f3ba70d9d60666488ab551bcbb76c3fe93c7cfaa703f465f40b60131807d73913eb37830221336b6803114df015fb7caed36e,4.784,0.17065924865782037,0.990020751953125,0.8861692466279454,0.09681587132461374,0.016965815376175,0.9063126425406043,0.09368735745939571
hindi,943,8532ee1920f74cab963f7b2895f0b5d5519a8762bb1f3b742293915270928c8826003a955e9a9a092982572ddaceed20ff3eaedd2517aa8c4a3759585bfb5493,5.436,0.06325438543147943,0.6458519101142883,0.30709968465919524,0.44910005956591587,0.24052630287570395,0.9188819715072402,0.08111802849275984
hindi,944,fb9238da4a8e2de73d33aea159760300d3ec17f24329ad1fd35ab53c3d452ac1fa903c1488c73bf0daeb50763d260efbf7fcf79c1453a1558722a64e0a69afbe,5.256,0.07034192540755504,0.5401456356048584,0.4195225039877055,0.3322404824205912,0.24495589533235806,0.9299838529366855,0.0700161470633145
hindi,945,0245f184ea5b6ed43fdf98061265386a868ff96b2566d123a88efdaaa7aeade1ce59fdd77595bf40a98fe15f578afaf6b4a2fbfbbf2a1e589d519238c07b799a,5.22,0.052793636604137856,0.33850038051605225,0.3583376077410206,0.34160033823811375,0.29626348486859677,0.9633633698747003,0.03663663012529972
hindi,946,424c16a8450e8b742c1380d9d38d919d880a36379e8c7e09126a2a8411022bc42cbae339c1d8dfd42695fb073ca783ed5e86b8a2531d11c4491259ab1378e445,5.076,0.01608401859166174,0.06813126802444458,0.18871879431953556,0.4124900629691961,0.3935841385700508,0.9832039491264153,0.01679605087358471
hindi,947,43dc11a5328c78dc9536527d6945245d5b3e371fdeea987ac538a30956eacc649639e2b09c28bf3ee4f4f764475880bb8f68a5cd20ef78800a664b72a86ffe58,3.924,0.09966611536799101,0.7725293636322021,0.547364026947148,0.2867796427274575,0.16372816514638458,0.8310171199610313,0.16898288003896866
hindi,948,72f877fac9bb314cc8a49f707222e440bdbf0011ca28657fa408f62c6b95ed4f617faa364554b0b0a75f4c74e6a1a745f376376bbadd8c8737f405f04bd49632,5.58,0.09363250756682423,0.5812332034111023,0.42339056942958797,0.3893466734053194,0.18484802813183934,0.9821160444415014,0.017883955558498643
hindi,949,f7e4c76ee18115342ce951e969ae7be895523c1249240808025273db43ef06eff07f846de9b3a24d822ac09b3fcc9a6655535a3e0adb370bde8640f64560620b,5.868,0.13171346463247105,0.8623424172401428,0.693564786145349,0.17131389861985713,0.1333098940938486,0.929424750424316,0.07057524957568395
hindi,950,63293ff4cc67280b10da2df2fd2763db65ca8493af191e121605b45457373b9d2f7d073324125f2ec4d3d5aa138903f3532048b49083306757421a463dcad13b,6.656,0.1514430430396485,0.990020751953125,0.8193070762369052,0.16460499837509585,0.016067024579361367,0.8377028826391795,0.16229711736082053
hindi,951,621e009fa43e75aecd867db6acd010a1a280b1faeb916e3a5e1a0bf8346fd32406c7ac120765bc592bf0484fcc239c756ead9625c64f9c6b3e9210bdf698995c,4.68,0.05161388336156482,0.28906816244125366,0.3448086289077109,0.34380258768486643,0.30739906433669184,0.9727317421500684,0.027268257849931588
hindi,952,ac38b13197dccd9b8389b7ea08fa62f18a0ad7549e1dcb0ac6d9a05f3c3cf0e1a38c50b32020c420310616620b70345d1c7ec60431e9af8f1dd471d271dd2c81,3.744,0.1280015491060326,0.8663451075553894,0.5981842099480817,0.24856253754566113,0.15161198370440573,0.9457091850409144,0.05429081495908561
hindi,953,345ead41094d4bf4aae58398d87ab219b6ffd948dd640a1a2a4da43e2522343c539d11a27052a9cca1014b590e440971db0710852df02639dc9f3d304469aaca,2.808,0.10251942309210087,0.5654551386833191,0.43106870158198285,0.40142293138988394,0.16546520126330827,0.9837125990248008,0.016287400975199207
hindi,954,ae1ae84ba2341eb4c7c3fa47026ddc0b784387b58fa28c0a69f32c966e590141de3da70921c65c3477fb49575fab03213843d087f177422adb685978ca5c4b13,6.372,0.06487430150232165,0.4054948687553406,0.4387439439580199,0.28221078689514595,0.27535728443118274,0.960932378333128,0.039067621666872054
hindi,955,dbe55388d2e8bae8e64412f527e29fa3691a1c13adcaa6b80313b3e475d2df28d0428a6151d9cd42018d943718c830d69a80c5bf8a6a88200e4c6ba36ad6a748,7.176,0.06653532890065851,0.4501771926879883,0.44263544187508624,0.2953627899071296,0.25848194466385627,0.9562242896625451,0.043775710337454865
hindi,956,d70eec2d8533e3a33d9b86756515c60f981b91fec38baaad39f756259fc08103cb6a12f82c2cc01189e8c8558b9ca80d52fc0cd6ebe18cab27de267929b51584,4.176,0.10491492042482595,0.8137431740760803,0.557616818689579,0.2113795077029808,0.22884375763807124,0.8975639726457898,0.1024360273542102
hindi,957,c3b879809a9ebf0d819103be644fbf3fee1c8cafd1e2c2f905c8d6d5c2497bcd47b0cb932bb4106b5729479e89ca660253ad1158181c72462d1ce0499047db90,3.088,0.22524711071599648,0.890869140625,0.9996617002851163,0.0002849329018950302,2.9357474053302198e-05,0.9977214423277393,0.002278557672260706
hindi,958,d5880664e0b201cf24b4972ea9890b801afe05af05cd4302d95952f06934198872328efbf6eb11bf51e169d4c62a0e8756088bbe001fc353a9b6d080ed9ee3dc,4.392,0.09563865285606783,0.6770110130310059,0.5257671977722947,0.28550203552559217,0.1863040936070406,0.9095563115112034,0.09044368848879658
hindi,959,0d095340640de1eed083de79682cd69d43729d60e08c0a6819dd49b8f15d143165cd66c8061dffa3ce372d4356c10e0bc5cc1a3a224cbe7e1cfeca4c5cfb413d,5.328,0.04996099312206324,0.2408248782157898,0.34689342812144847,0.3425353104923237,0.30643824900433414,0.9790415255666528,0.020958474433347196
hindi,960,ff8f23f061245d69de7cccf1ee33e0ebd713c56e08f5a4a2f4732746be391af221f711cf9aee47cf8cc4c6402985c5231bff4ac03eaaa1e1a1cef4e1cdaf2936,3.348,0.06930753239483044,0.5183993577957153,0.366852473004122,0.3824276022783456,0.24758891153142304,0.9415257387807192,0.05847426121928079
hindi,961,b9854a362f9f2796f98c3105310553f5d5b1d2aea5f247080a0d9ab5d329ac51e5e519bad74bd68b022867bb103a42741c9523a32ce80c3a4ac8ed64c4bde957,4.416,0.0653194336822847,0.37308037281036377,0.3423807644526345,0.3183576062295743,0.33622494125593333,0.9879546226963388,0.012045377303661176
hindi,962,f59a2dc4d475bfb45d9b9628faa8b0e53570d46a05fd85dd8542559975c8cd75bf87c02f557d7ecd3e4eda2872a7e4a57adc699bc30e819c9e5c1c9e520cd02b,6.3,0.047774629191707364,0.24910694360733032,0.3352754450757858,0.33926663736135604,0.32114413497933336,0.9822923965536275,0.017707603446372455
hindi,963,8a05ca02926d437b43ff4cc21925621fc16dbeaf8e35977e8c6f5da4d29494951203f52e20050d365fe263f76336e15d23cf8d1f0c0514c9fd900f7d92b108a1,5.688,0.054725575064238925,0.3682063817977905,0.36936741711209503,0.33720187065934587,0.2896810956559195,0.960635331786947,0.039364668213052956
hindi,964,eb0cf518c980fbaafc44b52459e6edc777cf01758412dc63e1de49438b83b2d292941510deee22dd7111854884991b9e9fc276183f07dc59d4a6c8174d8da2dd,2.844,0.12511213501365046,0.7558751702308655,0.5886472373232112,0.22502271403194618,0.18479421551702568,0.9686978774869961,0.031302122513003905
hindi,965,74751bae9cd9bc9a9c005dce39ee035a3d1a201afb6bc83523226793b7fa2526d2c29ccebaaee7bcc6af9949646ae1bde77eade6fcec218564391c06e0ec86d3,6.156,0.052723219314652826,0.3006742000579834,0.3623592441396501,0.32815160340605226,0.30540966398734304,0.9763026949986232,0.02369730500137679
hindi,966,f59a2dc4d475bfb45d9b9628faa8b0e53570d46a05fd85dd8542559975c8cd75bf87c02f557d7ecd3e4eda2872a7e4a57adc699bc30e819c9e5c1c9e520cd02b,4.356,0.06446720902838153,0.42616528272628784,0.4258975825528379,0.29884087813472965,0.27157551729541596,0.9379615623223322,0.06203843767766781
hindi,967,b69e010df6113e5d308dc62955e0f00639179e3f7074a50ff065d102adab88d624810f4c5bb6e59977dd65ba69bdff66ff08dc72ff47bd0dbd8dace3e3c392d7,3.276,0.03483901642121405,0.2384461760520935,0.2833741582979995,0.3622388735033196,0.3497076502652905,0.9534771655148562,0.04652283448514383
hindi,968,0296590f079d0307e6a54bed03a9a137e124eae99c566ac40f5e14ff6f07084af6f1b3c11b51c8910d774cc6ae571696c616838249c2e12fe64eae03221496c8,6.408,0.02799340425840959,0.1732701063156128,0.23645937341789258,0.38837005732454777,0.37022167009214574,0.9836167533183552,0.016383246681644814
hindi,969,3cc689cef88ce2eef03fd3065b6ad230f3510ced585ce0ed79f637bea2ddf7ab025d93e97a52c579d31d186f0512b29153286885b7c54221a569102a68dec661,3.924,0.06575228592808985,0.6515162587165833,0.3456945332431382,0.41386878149073464,0.23731340793735675,0.868323337884611,0.13167666211538898
hindi,970,aff2956ed66065c2040906c6e11253e54ffc0b308716a128efaa77f3d6e3556995079d82c9e63b19a0ab8b910eee082f68314b87acfd5c070341b6b9e1bda5bf,7.128,0.0828715390840486,0.570685625076294,0.5116777873803956,0.24128174275360956,0.24414487188852152,0.9506623423845739,0.04933765761542608
hindi,971,ec78af2b863dab21a727f2ae9acf3ca8000403bcaaa82e800686048efeb2dcd359c7afd61fc63ea272d52e127546ccc8650a9df372bdb8f30a4df59e828cc263,5.724,0.04000281024693979,0.2135399580001831,0.26221022387606263,0.39939610228019234,0.3340969309926894,0.9860265265882596,0.013973473411740378
hindi,972,40755351d14a54150898c5756a00e1c19d4099c2b7fca916bd7eb5967ce050c2fa3e5870250539857dbb1005de528c8a967e18a0f7dfd0dfce66024cc6a979c0,7.2,0.08794291859847048,0.7666638493537903,0.5548845645783242,0.23817396467283847,0.2041980582816703,0.8142339197671928,0.18576608023280716
hindi,973,755950c6eb4b91d87a8d62458e27e794e08783fbb4e47b61730e21bb685a9d3634dab0401114292ec8b3d3a282e0248c34c8868056fdb057716c14ae2b9844fc,3.24,0.13350878744829245,0.9900000095367432,0.7013967391603806,0.17869957627819072,0.1183167527150705,0.7678757692361512,0.2321242307638488
hindi,974,c23750233f36c49e4bd285f7ea96c015a9c0fa1055cc2e3ee658ab3d0c7bb39963cc35135c8a024638d1789f2cbdc707f40441d5f6a13cf69e31d9abae8a130a,3.852,0.11295911285299794,0.7466005086898804,0.5052977434375578,0.25519307805153596,0.23749517009822768,0.9784610489207543,0.02153895107924575
hindi,975,0303022c144407f09d8f97be16ba6f2c41ac249e162b24f7d213f0c8a10c4235a4dbd0f53c4d6bcd674ea939898fa29d241a0c183c8f8b5963f55ea5a5327379,7.776,0.03810846522684905,0.3369377851486206,0.2567253448215795,0.3647225370529373,0.37401674715219463,0.9829360199074264,0.017063980092573594
hindi,976,6df495560d58f0f6ac6a60905c9b76afb803f720f6913f4f0e246101dd900d31c97c6001ddf9ee67cffbb1ab614040fa6b58ede138962cc22a3a073e93ae7f2a,6.768,0.04538327901135642,0.30097144842147827,0.3150060535376464,0.35437079085511486,0.3262952178761024,0.9783664004408754,0.021633599559124583
hindi,977,c61dfdcb5c80424483b0d50a3dfa425610d6b7850a341571bd0e34c8a4d96fd3e8c53d963dd19f7a44a40cde8c84d2e0ac7043114c9f70604f378dcb27a96199,5.688,0.054506357993359414,0.649689793586731,0.30086196623111905,0.2916285404299136,0.4037695350754486,0.943983116433082,0.05601688356691803
hindi,978,be10029504aaa30796d27938620d08189f19a31701c9f552f60c99eff87dddfbf804efc53af08d2670685aeaeeb295c9f3326c85b8127b0ad0d1232f03bc1781,7.128,0.07995505157494136,0.6076620221138,0.44371197196254586,0.33184202954911646,0.22141262241492615,0.9524569364578988,0.04754306354210125
hindi,979,9492b0374bde3e9f6b0f2910f764eb837b8a3c261e9705422378ca4e59d7e977df84518e2169c11a238bf11cbd8477391bc51fdcf9134ad8216402b0cd5c37c6,6.948,0.0433885618208025,0.2865768074989319,0.2726211704525569,0.4016723715325131,0.3213585456608919,0.9845967009127359,0.015403299087264122
hindi,980,d192fd4bb779d1c8e5006b02b4b82bfaa138fb6144943652fd48c408f1aff082c598289da03fd50a9cabc570d0eb2df77146a3f27445d5e239a24fe016386fed,7.74,0.029352673449630527,0.17540764808654785,0.24435060908160602,0.3849770501768616,0.3657800101560212,0.9875352294750309,0.012464770524969082
hindi,981,f6205d298cf73f58f9a8b6143306057cb6cb0a2afc8d9c1963994c402ace8e45853577ae85659c63894301de4054de938d5b045251b6051e1c0766949d3a0ed1,5.508,0.112526080611779,0.9242693781852722,0.6121075370886997,0.221050204303627,0.16464262039040967,0.8093823049374327,0.19061769506256732
hindi,982,8525f36954391ad7696abcf66c1383e5409d52980ebd2d7b1063cc48ed81ebd9f8cf3a8c257f079e986893cfa2455e4c832d04863c8fed7db4f4d5951ec34d1b,5.328,0.05708828086087484,0.4173346757888794,0.3825347708668904,0.31908278387326267,0.29436099336730664,0.9484067853435866,0.05159321465641342
hindi,983,6b807daab3e34c4820b8d1479f760b35e44e818f9121ce49b70e8cf1fa61e9248b255de0499371b2da3b304c64dd088e8079a770832d3e1036b7d8fb52aebfc8,7.668,0.07152678142326982,0.5939980745315552,0.46498410682492775,0.2873011289277477,0.2445109382630638,0.916593032708679,0.08340696729132102
hindi,984,ac38b13197dccd9b8389b7ea08fa62f18a0ad7549e1dcb0ac6d9a05f3c3cf0e1a38c50b32020c420310616620b70345d1c7ec60431e9af8f1dd471d271dd2c81,4.224,0.07498449987364113,0.47574156522750854,0.42238165001372396,0.32672706109489436,0.24770719877373695,0.9599309748010529,0.04006902519894706
hindi,985,8023dc679c28a4172456d8e4b741aba9ed1895ba41b8cd0fd18f02c6775991869a2b8c2802e6ee72defb8caf5ec8ccad0b6fe8fa2b264bb9448ebca8b25c5989,6.948,0.10622878057499083,0.8626207709312439,0.3615102941780716,0.4656197395624775,0.17102760001714865,0.9843414736042513,0.015658526395748718
hindi,986,369ad14c74f52ab1579e8df7c213c4d5982ddfbf5d67057d8ef5e11f88177dc8e428d628ff7610a25681bd43d33237d2c914c41097f20905142011a579a50612,6.408,0.04007974611208748,0.24489903450012207,0.2760280413649461,0.38239792072554063,0.3371885454833577,0.9835213624861253,0.016478637513874683
hindi,987,6f3cdaef649635685d3a90ee62bab981848e6ed6f25f28b9b43c2f3d4ac51b4e42a36ead3b4b83add1e9bd60f0c66f05ecfe7c7c5154b6345a1c2f1c85b32fa8,6.12,0.10478897878586332,0.7315268516540527,0.5751453643173992,0.2577308827265554,0.16497078904112802,0.9236914839635648,0.07630851603643518
hindi,988,3512a2ce63a4044e19713803ad92889a443d1d6fe4e83bd00833b842957b10139899aa75c48d47ecd6d7e02112c2f7d3dbf5e752d40bfb9bffe073a8983b56b9,3.636,0.03777534377990856,0.2549136281013489,0.23728625906585427,0.42276367161068945,0.33543509314905756,0.9738355964259824,0.026164403574017614
hindi,989,3cc689cef88ce2eef03fd3065b6ad230f3510ced585ce0ed79f637bea2ddf7ab025d93e97a52c579d31d186f0512b29153286885b7c54221a569102a68dec661,3.816,0.09766341426486978,0.8247970938682556,0.31371913061725926,0.533371266743512,0.15093713301697115,0.9650394145571679,0.03496058544283209
hindi,990,a2c28d117539109b28276d5e5540bdbecbb41fa7636feb31c13b30ef682d84510bc4f850d7f3fa14d4304d61267d1c8f3f6352ae409d69df77f10dbb657a9c01,6.576,0.13820611479321832,0.989990234375,0.7414100785295148,0.24392879510326687,0.014642506686640997,0.7746023180156673,0.22539768198433274
hindi,991,ea8ef3168cd29cf3bb33c603fc49336a1b58747fac2bdd17b4f6d59f24ed30a903a1b574e5d276035f8c3141478664e8f36c46a55fb6637e08b183a0969615a0,6.156,0.11184651626684437,0.8992688059806824,0.6224238312249769,0.23058075209645984,0.1450600460329126,0.810098981058162,0.18990101894183797
hindi,992,32bf5ca000a1d646bb2e636e32c4bd507750c204271ab585b1e9fab7d08103c7e07825bdb376119fdef205be82f6e81766655dd5590cc21ec598b79a5c18e45f,6.228,0.04057811073588356,0.24699431657791138,0.2970657748036965,0.3518486622055447,0.34659643771121584,0.9807806916034374,0.019219308396562607
hindi,993,2de3db24e998f00d734a8da3c51f592d40cdff55dfae3f290f4b0ef2e1acb63313eba952692afa76afcc1912d4c5fbd103d7bc838757a2bd55293827e758500e,4.86,0.05315663839745808,0.30843913555145264,0.3402863571239842,0.3437188321277414,0.31200025750581994,0.9758705748897446,0.024129425110255398
hindi,994,aabd80b27714da5c6b5d4592a6f29f161db3cb06672ab14afb56eaf550ac0be0c14536ba5df7358621f018a4bc767c8c8477eaa4746830cf31ec4cdbcc2193fc,4.644,0.03314579213318834,0.15672552585601807,0.2645100353639899,0.3709392219610883,0.3597538180616704,0.9807847587300657,0.019215241269934347
hindi,995,949d46bd8792e08b2ee6c5736df551c23a26e45db1306d71836317cfc115ff4cf71da8164c9063aeefd98bd8c12626dbe22b79a07420d6fe8317fb6fc9fa368b,5.436,0.04040163965609171,0.23534488677978516,0.29441204061428555,0.3553869921905312,0.34560667372015713,0.9790428847568425,0.020957115243157465
hindi,996,f6205d298cf73f58f9a8b6143306057cb6cb0a2afc8d9c1963994c402ace8e45853577ae85659c63894301de4054de938d5b045251b6051e1c0766949d3a0ed1,4.86,0.04220559544744538,0.23049241304397583,0.3010490653763663,0.3593195713698319,0.33522973834358033,0.9776543566437583,0.022345643356241673
hindi,997,05fd2a7f0d7cbe9acb1d838706b64a2ab489f6d0d2e7ff3a4243b1bb89ca3c1bc2e8dfd22bf11cf6e2fd9f11c2809b3dbf3db935d566ab6b6ee3122e3bfc20ed,2.856,0.0789952590951859,0.5495595932006836,0.4975029910852703,0.26279246291188296,0.23650395073443542,0.8749626808692961,0.12503731913070393
hindi,998,7b90778674a3659c892533d96bb0aa534879da17cd2f9cb1ae73fc3cc114dda10eba8bb6cfeddbafde910b396a60b95e64b4134430071bf2dd23b8d6a9c32785,6.192,0.03141284904956464,0.18206322193145752,0.2617852397478924,0.37269652146949656,0.36079498588420333,0.981644299239855,0.018355700760145033
hindi,999,d9d2a0b48b179528017a72b8ddc2dc3fcfec66ad3984ef77d31cb4e91d3bbe810b2e85c67a0595462dcf4aa3d5653604e81327308b583c6789202342d84adc00,3.708,0.06030424119424642,0.46318966150283813,0.3960226130940855,0.3068359663316994,0.29329744474019237,0.91840512843609,0.08159487156390999
hindi,1000,fab15f5f87bd26a0f326787f96d92497bbfb5aea170dd8a415966cb8f7a5a7011bcb0b50bc9d46cdcf3edecaa6cf6753be6afd814aa420c9fd4e4ab3a40e7faa,5.94,0.08581286542751704,0.6527119874954224,0.5248845701022129,0.24318087078889788,0.22902152810176063,0.9014631517535865,0.09853684824641351
hindi,1001,c23750233f36c49e4bd285f7ea96c015a9c0fa1055cc2e3ee658ab3d0c7bb39963cc35135c8a024638d1789f2cbdc707f40441d5f6a13cf69e31d9abae8a130a,4.716,0.14209790896164212,0.9498428106307983,0.5628906556917532,0.25280113227525874,0.18290566827210733,0.9869777539857072,0.013022246014292804
hindi,1002,7b90778674a3659c892533d96bb0aa534879da17cd2f9cb1ae73fc3cc114dda10eba8bb6cfeddbafde910b396a60b95e64b4134430071bf2dd23b8d6a9c32785,7.38,0.026976802126741126,0.1439266800880432,0.24007781340784987,0.38672253732544143,0.3682963687445747,0.9872297951515733,0.012770204848426725
hindi,1003,6599122319c224d4b370bdaa817d68a9d0d1774b81aada4980c0519f78ae3a9ebea33cc1b8fc6a20008d791474bdefb675e448b3c00d10d0fd05a39e153e922e,7.308,0.08007554393302149,0.5506384372711182,0.4945806555941787,0.26844142009371985,0.23389369676869856,0.951704869950274,0.048295130049725965
hindi,1004,aafda704e52784565ee078117b2a7941d822e96444d43cfe115de75e654f8c08c23b050eebe7b4264498537464b6e45cd0624f23aec65f904b156464d5056d52,7.164,0.08951976328012967,0.7382370233535767,0.5064526974774688,0.24633869202230654,0.24465096388029445,0.9270199613815915,0.07298003861840852
hindi,1005,6df495560d58f0f6ac6a60905c9b76afb803f720f6913f4f0e246101dd900d31c97c6001ddf9ee67cffbb1ab614040fa6b58ede138962cc22a3a073e93ae7f2a,5.076,0.10415708617936857,0.910662055015564,0.5420578030518421,0.2770240943591747,0.17854264201856676,0.8175429844221508,0.1824570155778492
hindi,1006,3f0b866ee8d4499e4c0de09d34862acbb1ea0139f53bf7f1271a8648fb35d9a3a31272a8bc7af870e3b52bf7f4cb51ae512fa07df79663eaeafa30221c0b200b,2.656,0.14209699960913572,0.989990234375,0.9474598049169242,0.048599715267790625,0.003907044933222127,0.20086011784939048,0.7991398821506095
hindi,1007,42dbccb16fa1ce50253a96dee532a7c4030f9daa92599271e4c0692efc8e58f669205bbcedf0ddf1f51f1e5753260ad39f6e0a5e6f85d5d24b3c5b3a20114c4c,3.42,0.1645795840995352,0.9900000095367432,0.7599444499621749,0.13312486958351757,0.10560318833699221,0.9640850868724569,0.035914913127543135
hindi,1008,0e97e303991e6646c845049579a4bea7a25ea775f6b8b44a09e0efd0ae9661ec984c393c92d2522e3158c8b0ca206ad60fd9e136713e18c21dffd72811a88b88,5.792,0.13317769225036782,0.990020751953125,0.9151962642327577,0.08472525235210449,1.6987088266893813e-05,0.2301339684818878,0.7698660315181122
hindi,1009,3dbb15be45bbb6a44cee0c715a4fd06c4e5267061420217c4a4279a8f47365fa3c7243c274d08ddaa39a11d39b1c281760c59e358f1a4b14914923605831a3b8,5.976,0.07310526304099878,0.5252006649971008,0.48076282839403983,0.2618204253545317,0.25414630476780675,0.9257027380261343,0.07429726197386566
hindi,1010,6990e943cefc8a2ed3e12aa2c2a781793096d1aaf311b175943b3029333a59e74f30086965cfb6f7db8b79b431c41a44e6b4aa3f806707fc0c4e5da883dd1d54,4.86,0.11617806480442781,0.9900000095367432,0.3643516673167758,0.45293477763552065,0.18107592696779518,0.9782125421947662,0.021787457805233834
hindi,1011,8023dc679c28a4172456d8e4b741aba9ed1895ba41b8cd0fd18f02c6775991869a2b8c2802e6ee72defb8caf5ec8ccad0b6fe8fa2b264bb9448ebca8b25c5989,5.68,0.11642923146200099,0.79180908203125,0.6927625256547965,0.18871359458779058,0.1184148182318917,0.8273745356392364,0.17262546436076365
hindi,1012,be10029504aaa30796d27938620d08189f19a31701c9f552f60c99eff87dddfbf804efc53af08d2670685aeaeeb295c9f3326c85b8127b0ad0d1232f03bc1781,2.628,0.08460430214987591,0.9474830031394958,0.35628868855116125,0.4525082976774971,0.1888273764671989,0.7241077666582612,0.27589223334173885
hindi,1013,f4acf13791d1ffc57965afc160c66ab08985a745fc07997aced0be646a308c8b8c3f851c7143204d02449b094fd7811bc980a05b337acdadb7e2a83dd9c9c2bb,7.848,0.10872271406581266,0.9878074526786804,0.6354617765558146,0.20430597983669485,0.15817040332704738,0.7159421048218603,0.28405789517813973
hindi,1014,d70eec2d8533e3a33d9b86756515c60f981b91fec38baaad39f756259fc08103cb6a12f82c2cc01189e8c8558b9ca80d52fc0cd6ebe18cab27de267929b51584,2.772,0.07824588334264504,0.6142473816871643,0.4782599377232694,0.26199452682122104,0.2566760643912655,0.8553923553219696,0.14460764467803044
hindi,1015,64fcf403ddfb930184eae9b9ad9fbb9a712ebab06fdb5e7dbe7621dcd2cd5101f593c37e8e254ff38294b6dcc8bec4808c197c2d7599c0c4126045b1ac9b51d0,3.936,0.03911229415466506,0.2390826940536499,0.28915982916936467,0.3615030695201296,0.34468744468251256,0.9688873601055698,0.03111263989443025
hindi,1016,2312b0d85bd1eb1a017264abf770df086e10cec218cf1ab48b90f9d7f621d8ae8372b07338224060fcac6cfb337fcfcb6966c160942f9fcec4c67e7f5df44520,4.848,0.21885004560520716,0.990020751953125,0.9535463013408148,0.036987711124050394,0.009456160536317138,0.9969339349320853,0.003066065067914736
hindi,1017,80df1054d490d23f8c2523fa0495d60f3cc205e34e95d436f6c923158601404372c2ddea0d8239b414c6a6e342198453e814db3f980e01b97817acc51ea7adc4,3.816,0.08372246839696641,0.5660483837127686,0.5039849918024248,0.2781954252441555,0.21502998167377027,0.9049016262345603,0.09509837376543973
hindi,1018,d5417347b8d450c2aefa6ac74539b48c943a0d94b866457184e18c67074d8c2eb785e7191abf9c2199ef4db0873ef3ca503bfeaee470f6ab2506b8c2120a6669,6.228,0.09753870743129048,0.7000088691711426,0.4638332053201308,0.35162378036730335,0.1823404696896083,0.9647497059713149,0.03525029402868507
hindi,1019,e6aef31fac7411f3f1b15c566dede061e3024cde1382d7ca1a860a093ad5b0b9c87aaa13c749ef9982c688d7a8d715c11aee89c2e3d541b9ba3dc73c5ec5cb85,4.536,0.1511374152305182,0.9556302428245544,0.7386908914639496,0.15190507966019015,0.10800989884858582,0.9422654285818425,0.05773457141815752
hindi,1020,4cef3c57c7794a486d20711b806222df778778312c01a26669a9c4fd75b74a3792424787393673b302401d3d994431c97c30b2d1b8bd6caa0fd563460fed5093,5.472,0.14096595500596298,0.8589486479759216,0.6697454781156011,0.19599262377870377,0.13259931771735328,0.9724072977770524,0.02759270222294763
hindi,1021,0e97e303991e6646c845049579a4bea7a25ea775f6b8b44a09e0efd0ae9661ec984c393c92d2522e3158c8b0ca206ad60fd9e136713e18c21dffd72811a88b88,6.768,0.13377030914789725,0.9549006223678589,0.7030757389097946,0.16356649506064275,0.13161588705903093,0.904907203263586,0.09509279673641402
hindi,1022,e0a47331065c4e1a9ffd6eed4cb902b631814a6130faf9401d447eba044cf1af767ff9a242e7c97886c74ac130ec73716192fd074e4abca825e77caca52e0ca0,3.924,0.09815536315897475,0.6742733716964722,0.5505101156619816,0.2244296594012747,0.22259846311527964,0.9197813619434826,0.08021863805651741
hindi,1023,c8eabd52eef7e16e14998264ec78831ec7b891135ad93c446e459d4643b02c721b412f4fc828522a478fdbd2d5f4ca9838991a89368c78cb7f0617b3837a00ca,4.968,0.0390999147912381,0.2194746732711792,0.2880144891256207,0.3622031282311897,0.34525445239628166,0.9780051969724405,0.021994803027559517
hindi,1024,1605878cdc4bdeab0724827abc448ec019fcc59763e097294754173714e955fe80a28c12eed4a39a58f442138b886e755cd644efb115aa2599c6e50a20e63a74,4.968,0.09479512499981688,0.8806985020637512,0.39641061753110546,0.4863562071965582,0.11611720933231755,0.8700145360292839,0.1299854639707161
hindi,1025,4bf6e446d97c11b48f8309ab29d202711dab968676351fc66463ffd24b97d11fb7d34e50a5bc9544e075ad2038996abb9387ae6a627acb911f4b514124a3d3a7,4.68,0.05697337218340104,0.39058154821395874,0.6520155559446865,0.20301755793622375,0.14161994046296708,0.31755555770289545,0.6824444422971045
hindi,1026,f45c7af99cc930fd6608f77ecb2d546727ab3df3d36731c90215b9a72ff548ff082f57c38aa6e6b7f2c905aa9f92f4f5dff3c954449ce05e56f8604bf1753618,4.896,0.014015552174860564,0.06248742341995239,0.2945659161140266,0.41068697433312573,0.28623971727234687,0.8907576942373577,0.10924230576264227
hindi,1027,287db5b3c7065ffc1e6827c0bc87dc4a6b6a45c159642fe8d490d5adb6ce18a5b4b528f921503762bbb20b1fcd84f5f8256a9a11cd4ccf55964f301b416b08d2,3.24,0.07238521438229793,0.607566237449646,0.5920097450811123,0.27052836260540475,0.1354846932565312,0.3713649918007558,0.6286350081992442
hindi,1028,cb974805e163f0eec357012f483d57476c8229c9aca280469ccd5adc74516c39f36d16c23091c86bb18522064887048eb5d8c5b9259503a6de95d555745793b7,6.228,0.051157852022513196,0.42507946491241455,0.5091951312284559,0.3224613394435979,0.16458217672529582,0.6009270034977038,0.3990729965022962
hindi,1029,6e20e06229081bf9c063f01cd7b3e0a759f5953624213afea5c397d4b7fe9a4dc5dae704a5faf61147d4155de50dc4a2cafdf78e7e2f8a3dc8633f276065b4cc,4.068,0.07438738120712807,0.655411958694458,0.6366104348579718,0.26504410729104194,0.09610305844710096,0.2334701994893805,0.7665298005106195
hindi,1030,f59a2dc4d475bfb45d9b9628faa8b0e53570d46a05fd85dd8542559975c8cd75bf87c02f557d7ecd3e4eda2872a7e4a57adc699bc30e819c9e5c1c9e520cd02b,4.104,0.04248047081361623,0.21482640504837036,0.5545584195685519,0.2635295487069964,0.17725968826391467,0.5405992730198595,0.45940072698014045
hindi,1031,c88824395561074e0eb0ebc1280d4866dbc29f01c026899e205a1db558ba1be8d683a10dc5e1f8117571ea0794f699ebe359e833d714ad66942a429a2112a5a6,3.816,0.0243210429246084,0.11328983306884766,0.38684411629424614,0.35841422113862115,0.2481031855796231,0.7839709054696702,0.2160290945303298
hindi,1032,cea40007071ea914e41633e74d05142fd1f5f8f49c154534816017cf89ce625657c804fe479fe87c08854ecd847697d6ca0fb6bcf424006c307f65430c34785e,5.076,0.08284010269660935,0.5965766310691833,0.6427998575813539,0.2751122048312015,0.07996205208674773,0.4925535665590118,0.5074464334409883
hindi,1033,55facf37cfec7564d08860906bdb688d9e2c45d7ac50a054dcc66778b3b1a10a9489051097f6fe9232742597187752dc71f4f0432aa771771721c259ff4324c7,6.948,0.09387270394637232,0.9900000095367432,0.6373450572455897,0.22362944644109875,0.1376263669115397,0.3250636942085554,0.6749363057914446
hindi,1034,63293ff4cc67280b10da2df2fd2763db65ca8493af191e121605b45457373b9d2f7d073324125f2ec4d3d5aa138903f3532048b49083306757421a463dcad13b,5.076,0.08400046284176088,0.7430208325386047,0.6731811468171759,0.24735345688640203,0.07747845000492452,0.23533550006417914,0.7646644999358209
hindi,1035,f4eaf1a4c5d9c519a8d70d41f155c73661ababef448156ca952ac016a8013ac82f6d765947af61b517bd0ad1a29465bf17532c32ee0e7bd019fbcaf940e151fb,3.776,0.15225993302846239,0.990020751953125,0.9242042828687357,0.06565825324112588,0.010114900333840306,0.5047158396310091,0.4952841603689909
hindi,1036,b726b76c3576ad4edb7eeec20cfca6ae5b5ce074dd7e042da97ec800dc152b6fc7d0c462260dde20cea9d99782632cdd7a47c83c615cfcc3324c9b890fc12ee9,7.848,0.07029217572509003,0.647754967212677,0.6796133003577269,0.2228312649088681,0.09498330837078943,0.24131225671113304,0.758687743288867
hindi,1037,609b987b0c28816376ca4600e84ac46f316c5ecae12f343736ea7087cbca60c73306ea2cd541508c23238b3ca316dd74f4103b0a836637a587af0f638cbb41bb,4.496,0.14220399688661794,0.882171630859375,0.9542563079611769,0.04477201887551445,0.0009037371058680175,0.4041919168736096,0.5958080831263903
hindi,1038,f398e532c4307d0fb6f23dda4b599e05c8483a5211aab4dba56e24a0acc89810af5b98cc96afe0b55fdee3b41250c05571fa3d170e517213e71e52e481a80df1,4.536,0.11731400394698291,0.9134517312049866,0.7686308688057583,0.17079527035013617,0.05939638871386034,0.37195734087279825,0.6280426591272017
hindi,1039,547e2977be99b122ceb7196c97d4bb97bc3bdb4261d43618dbc385183d672f6e43db8b2c67f0ddbfecfa5f7adcbe25b21aa515729c369a5161e7fefbe2e6a91c,3.96,0.127796233616666,0.9900000691413879,0.8663502160606332,0.10063053228781917,0.032155010961505935,0.20293102692575732,0.7970689730742426
hindi,1040,ed5627c36413bada41ea1e6c75f249a22863f90dfe81b12b40587549b6f59442964cae88a1db7d7b111bdf5baee22c51842eefbfa75af862de09d7609b6e3af2,6.3,0.11490763999649588,0.7948920130729675,0.7707436973380769,0.1795815648690536,0.04858743641110863,0.5737644961737021,0.42623550382629793
hindi,1041,4c946f553c704abd727b3818b1d22dba011a368043575278b58ae219f71cb8914e6cac82abe55d7da17f49bea4cceb3b96c17355a6f5b078c19a947defb9061c,4.644,0.11643835580627873,0.9900000095367432,0.7382237135164909,0.2074268276142272,0.05323835515880104,0.30997721215251023,0.6900227878474898
hindi,1042,8dd38cae226cf8c49fbba90d0197aa24cea3936d75ae1b715c63ad0d13976463eb1b1ad5394506c09c6fbfd642be3b4a07eb1edf57d08b70fdaa76cb43f384ef,4.392,0.04972332841697211,0.3936315178871155,0.48529740216819495,0.30972373325241376,0.20131734791289274,0.6410606243153603,0.35893937568463974
hindi,1043,5310b36732adcb306bf541cfc07167aab125fdc69f95b159dc7599776e6c59eba8b9c847e20aad3e0d2cedcc27f1e73e9d9b7e9522ec4287c3f54c98bbca7ea7,7.408,0.11826567922697993,0.9815673828125,0.9684184777627137,0.024524717661786318,0.0069381741837935326,0.06853111586176501,0.931468884138235
hindi,1044,60b2daa4cda30b5320834f3c2d21ea1841b52ccd7bf7ed4689f3ff27ca59c3323707c95e9a17bea4082356c576bbc3f17a00106134240f3632529b329fc1e62a,6.156,0.10137331229292557,0.8642322421073914,0.8582684843267787,0.08312633485586067,0.05708031448872686,0.1012643249572737,0.8987356750427263
hindi,1045,ea8ef3168cd29cf3bb33c603fc49336a1b58747fac2bdd17b4f6d59f24ed30a903a1b574e5d276035f8c3141478664e8f36c46a55fb6637e08b183a0969615a0,3.232,0.12089179974629431,0.88043212890625,0.8551194168654127,0.14432460573655076,0.0004707568515831577,0.1792442350833801,0.82075576491662
hindi,1046,0663aeb40f5d5ea46610cac3ca0183f2193b429770c84b516efe7d199b8b110944005539d986613fdc9d6532694f43c3a8e4dfc9de8ae7bfbc8b57b412ef71dd,6.66,0.09595946566414547,0.6896418929100037,0.7014261216285669,0.23919111401462165,0.05789396844379951,0.5332459511945964,0.4667540488054036
hindi,1047,d4c2879ab41c9e74ea638e9cb5b2a557d5683744a6c2eb0fed1f4c7adef59c90f549a18287b7f8e6b74136651dafda58acaccbf4fb627728befbe6573a61f4b8,5.22,0.11274161782021963,0.7769564986228943,0.8308891590715697,0.11981551731816181,0.0481654207563189,0.35192781640514226,0.6480721835948577
hindi,1048,a4a1040c8228b7c4f4f6d82e4db994894b669b51b15980a75e3c7f8f91169c13973557c4f950a4eef6447617ff114233bc495632040f6b24694c4127cc9a86b9,7.92,0.030154643729522427,0.18771648406982422,0.4487848064155509,0.3261879932973038,0.21919392908505206,0.7995466553891704,0.20045334461082964
hindi,1049,32bf5ca000a1d646bb2e636e32c4bd507750c204271ab585b1e9fab7d08103c7e07825bdb376119fdef205be82f6e81766655dd5590cc21ec598b79a5c18e45f,6.336,0.056149414927092474,0.7577665448188782,0.6569473708706416,0.20780787717818042,0.1317765149701046,0.05029344075969639,0.9497065592403036
hindi,1050,5191b8af39731f5141ffac823e13e25016e5b3109209f12d3337bdfc92ddff74ea717e293a01fe3b90fb2be2a87b0621cc385140b097b7e6d76f1d2e2f319d74,7.236,0.10712198094312886,0.906240701675415,0.6217597237078129,0.3251197886183577,0.05203575516469697,0.649671423295852,0.35032857670414796
hindi,1051,1a88297b510c4d15acdd9d6a3f50d13fd6420c8f934e487a7ec5096ab5fbebef165269d581a12002a5eca2cf3fbced4552441668df9c027abd45ef0895eabbc2,4.14,0.08433665406415104,0.6463051438331604,0.6724869858679967,0.24606880781518092,0.07953475469587395,0.3296445773754033,0.6703554226245967
hindi,1052,927f8731733fc157240975bf02b3117bf9379dd71d63f0a086dd6f4e220dd4d979c60c3a727fe22f3599c41a500a5346701bc2f2fd29dc492cec60bd478d7f1b,5.76,0.05966217174783518,0.6095905303955078,0.6782901993537974,0.19512306579945796,0.12324812604271644,0.1111995818957727,0.8888004181042273
hindi,1053,9c12887b11ae7ce76bcb5c4ca6b56f174e89c82f02c52c05b93ac7a40b6fb7b28d8474241a7dc36b3ad5b36eab48a209bf7e68a905ca64ac40b89e9311dec25d,3.672,0.03814350651191655,0.19615978002548218,0.5050364810291001,0.3034468775525342,0.18610570518047914,0.5889798854207446,0.41102011457925536
hindi,1054,5d04e341d28471b5a0877f8fdc6dfb88a706c40c3a904e7e0b0982891ccab4d619b816f3a5dc1025591b7cfdc9f56ef10169afd22bfcd78c1ee7b6fc4e36bc03,4.572,0.07688735393678967,0.6547384262084961,0.5148516992298379,0.41614500138487925,0.06713125929299826,0.5425611053745543,0.45743889462544574
hindi,1055,f398e532c4307d0fb6f23dda4b599e05c8483a5211aab4dba56e24a0acc89810af5b98cc96afe0b55fdee3b41250c05571fa3d170e517213e71e52e481a80df1,2.784,0.11519598154939724,0.757051944732666,0.7707870015700315,0.15759919213235896,0.07040454512447027,0.4918576860095207,0.5081423139904793
hindi,1056,74751bae9cd9bc9a9c005dce39ee035a3d1a201afb6bc83523226793b7fa2526d2c29ccebaaee7bcc6af9949646ae1bde77eade6fcec218564391c06e0ec86d3,4.968,0.050238427307111054,0.3162182569503784,0.600333122304388,0.2540560191644077,0.1419285289843435,0.42430383319513676,0.5756961668048632
hindi,1057,d5417347b8d450c2aefa6ac74539b48c943a0d94b866457184e18c67074d8c2eb785e7191abf9c2199ef4db0873ef3ca503bfeaee470f6ab2506b8c2120a6669,6.876,0.09965966347926668,0.9729005098342896,0.508244056749786,0.406668752882578,0.08397409549609923,0.6922801710046584,0.30771982899534156
hindi,1058,0296590f079d0307e6a54bed03a9a137e124eae99c566ac40f5e14ff6f07084af6f1b3c11b51c8910d774cc6ae571696c616838249c2e12fe64eae03221496c8,5.472,0.04209834425884671,0.5827367901802063,0.5313567433831258,0.2961805143015807,0.16783691993007285,0.14785736086978635,0.8521426391302136
hindi,1059,0f018a99663f33afbb7d38aee281fb1afcfd07f9e7acd00383f604e1e17c38d6ed8adf1bd2ccbf927a52c5adefb8ac4b158ce27a7c2ed9581e71202eb302dfb3,4.824,0.09150818461153971,0.8194966316223145,0.6594652177623174,0.2739438862845505,0.06509578431438089,0.26886581365270834,0.7311341863472917
hindi,1060,0eef353f918900f4b6b2c52b697013c0ac2340228d97696f460545e777a0a619dc934a6e2bdc5329525c74d683591af809ae5b8d4157abba6321a5b7366bb73e,3.96,0.02921940758094843,0.3840482831001282,0.4251538809185782,0.337758545077173,0.23102322765637787,0.3858788541996058,0.6141211458003941
hindi,1061,52f22814969ddf3ae439c9927cdc815781938e7b8db9939cbe5cc7211c83b3dd6eccb62b360571d4002d64878c3b70340e8a76bf784048ff984b73b71d31fc52,2.808,0.030433790351033857,0.16479426622390747,0.41773883863078154,0.36206326992841237,0.21472086951474811,0.6821904726872116,0.31780952731278844
hindi,1062,80d92595b38c164010ef7313465d16463f2c96fa6fc022b2e01e189d36b259ca8c60d34dedd33eb9e2efc010529edd502641106737ba607a53218e01e86be40a,7.92,0.10845007557565046,0.9900000095367432,0.5128305519100571,0.375164013330316,0.11105006861994454,0.86123576784138,0.13876423215862
hindi,1063,6599122319c224d4b370bdaa817d68a9d0d1774b81aada4980c0519f78ae3a9ebea33cc1b8fc6a20008d791474bdefb675e448b3c00d10d0fd05a39e153e922e,6.156,0.08683951172467988,0.7043566107749939,0.7938086542023405,0.12408143119588644,0.08014183384372059,0.16153014331194812,0.8384698566880519
hindi,1064,0303022c144407f09d8f97be16ba6f2c41ac249e162b24f7d213f0c8a10c4235a4dbd0f53c4d6bcd674ea939898fa29d241a0c183c8f8b5963f55ea5a5327379,7.452,0.04418532064142276,0.26257526874542236,0.4943384654661206,0.2881455977514621,0.21297771546119218,0.8250146313116576,0.17498536868834236
hindi,1065,42adfde56dd3d69ed58436d1e8a55fac999afb0e390ebc65c299c3cd2b7258cb079683412241e54e7fa275e56a02bd19a10d6a17fead09988cd0fad2e6061e7b,3.96,0.10869964719870162,0.8822298645973206,0.8257843595619855,0.12150092049445255,0.05147300084451961,0.1386711812194145,0.8613288187805855
hindi,1066,c7c4e5ded1e6121c38594d1e3bbb5a49f1d269f96c2591f9e2d4da7cf5c9cdc7598248c5d24452c832160a2503d344167242cafabc1dc3936e1a6065b281ae77,3.232,0.1434145397245533,0.990020751953125,0.9515721674961463,0.040819482983316856,0.007553851827590229,0.23831712048225073,0.7616828795177493
hindi,1067,1da3e82d56c4b06d4028ecc92aca9dc352823b8ec3e30de4da211906b610e38731002b15ef77c26455730b72f40ec1685543812f28aebbf3d093e8e83b3bad25,6.336,0.10578167912465561,0.9043304324150085,0.7878200932801729,0.1430697064200895,0.06784581957654068,0.2251364794227578,0.7748635205772422
hindi,1068,984398a9ba94c5ce43b621c6fee2c6092d5ea3632e0b605bf206a5ae59eba42401dbc36603073eec2117374293d2675a9847d91f1c71deeeeee7c5202840a1ea,2.736,0.07860093123026525,0.5313408970832825,0.6087249376866075,0.14701630930728798,0.24230236923028017,0.717930864810337,0.28206913518966303
hindi,1069,e0a47331065c4e1a9ffd6eed4cb902b631814a6130faf9401d447eba044cf1af767ff9a242e7c97886c74ac130ec73716192fd074e4abca825e77caca52e0ca0,2.988,0.09123565107316399,0.6486563086509705,0.7218864319241264,0.15466491222148837,0.12159515317739572,0.35925112546497484,0.6407488745350252
hindi,1070,439f45a458aa3fb2b90c635b0b8f07e4182c5aec6177ec417f91ee355768fc1655301d31a1c35a6a1727014480d611123576f5e9f6c96385b515a83690d70366,6.336,0.08802538656920096,0.7158507704734802,0.7745790650743621,0.15951754043229036,0.0641271275096897,0.18391420930730795,0.816085790692692
hindi,1071,949d46bd8792e08b2ee6c5736df551c23a26e45db1306d71836317cfc115ff4cf71da8164c9063aeefd98bd8c12626dbe22b79a07420d6fe8317fb6fc9fa368b,4.248,0.037338669607625045,0.1931416392326355,0.5118083801814037,0.2848778837088772,0.19806371172317466,0.6085806659646514,0.39141933403534857
hindi,1072,20c8af3d3924681f688ee678fe8bf01fb61085553e888cfcee35b3d4268a1a0e50d0cde2c1e1c5ad13701d066561a04fc1a9a0492c4433338cad61132eb03695,3.636,0.06845981275806848,0.581926703453064,0.7142865464732253,0.1908629529506746,0.09231209149413022,0.10558981424660056,0.8944101857533995
hindi,1073,ca6156fb12800e3b3fc41f9907777531141ebf8f445b70901bc7137ffd0e5516c2229f3c8c695423887299cdfe5b9160cea313d614a4ba540d5ff4102dda821e,5.04,0.11603991764250803,0.76904296875,0.8107364941853011,0.17424710135990187,0.014902186612121877,0.42065704253105096,0.579342957468949
hindi,1074,68cb270e1215efd79204c075fb9df17b4ea024a7c09f74970ea4e506e73229238b2c3b3fc62c0f650e4fbd93cfbdd109b4442bcd5292c50b81cf80146568bf42,5.544,0.05264299436569024,0.4047355651855469,0.4881443314410058,0.3236867374449994,0.18494739657162265,0.7054922155775075,0.2945077844224925
hindi,1075,5910123d516315dfc2a43523d5cbc63444096a4cd38bb8b772155e3c51fb2f1eb673beaa1603de242ad8aa5dafe9d0ebd85a1c02bc6a7ee45e636585932306ae,3.348,0.015478007032497116,0.07007157802581787,0.2988707877832949,0.4100764902690893,0.2831811157708057,0.8574458862187818,0.14255411378121818
hindi,1076,ffb5eeb570d2ef310e46742868405151da6adb390253787708f24b730c59c01b34656465701e80b1157e9b0f9421b9a06a454f56e2a3a4bdfbf5c6c64addad11,4.788,0.09147989419877244,0.8774036169052124,0.7462310689084437,0.1443680101744011,0.10769969593525128,0.12266240623970216,0.8773375937602979
hindi,1077,5b3872837902e6d95327320c254ce8cc9e7b69e3ad4e2e54f93009f6f44af95a3b2bd03dd9504518ddea0ce1bb0793458ea03d00ccd3c918aba1a0a91476da99,3.024,0.09505765871092833,0.753435492515564,0.7470274685102297,0.09331960869335627,0.1582237227006658,0.2871138305893549,0.7128861694106451
hindi,1078,3dbb15be45bbb6a44cee0c715a4fd06c4e5267061420217c4a4279a8f47365fa3c7243c274d08ddaa39a11d39b1c281760c59e358f1a4b14914923605831a3b8,7.128,0.0740239520191208,0.5664469003677368,0.7444143930450989,0.14042047089364998,0.11280812958273227,0.27238488233210184,0.7276151176678982
hindi,1079,0d2120fd5389d89f197e877a642aeb305bd4d8a9820d642a3ca7e83fe64ca61a0a8b15a37958f3629aa855408d3eabc56d2521ff9a06db24bd0c95320f66efab,6.688,0.14205832676211216,0.94342041015625,0.9490882265593792,0.02811193908317515,0.02271953590085258,0.4664566016479989,0.533543398352001
hindi,1080,552fd8cf90f15edcaf7388b1164d58d7eae5f20674dc780b9efb9d43c80af1ccbdef88d0ddfb76038b9614eda2b556cbb4fa8a46ca54ad7dcc43d9298b63f1eb,5.328,0.06479657083333926,0.5578736662864685,0.606276448180229,0.24387123871362182,0.14698151738934587,0.3751668093571192,0.6248331906428808
hindi,1081,13b72f7b7cca925bd373d5f2eab80cc1ea66148b333a85d6ca12be7e926fa2faf00dd733d0c670651eca79a91b3efeaf6918600638811c1c946b261c671a525e,4.5,0.0711341756798613,0.6900278925895691,0.5435733231679559,0.2160870759733357,0.2383579487695398,0.5664589471088765,0.43354105289112355
hindi,1082,ec98bf4f4c7ebeb53552af57da3d7a49f21818abc1725b040a1b968399e00793bb92c3c43fc8a718ebdf2cd08df8a20903f45474f2545ae873ddfb15c6a759c5,5.688,0.07833486754553598,0.9900000691413879,0.731542319634567,0.18446474153020045,0.08204175120416177,0.024836708382908662,0.9751632916170914
hindi,1083,be10029504aaa30796d27938620d08189f19a31701c9f552f60c99eff87dddfbf804efc53af08d2670685aeaeeb295c9f3326c85b8127b0ad0d1232f03bc1781,7.584,0.06994721193955378,0.989990234375,0.7448330249275148,0.25483418198461244,0.00010347524337073621,0.009285538292061541,0.9907144617079384
hindi,1084,d5417347b8d450c2aefa6ac74539b48c943a0d94b866457184e18c67074d8c2eb785e7191abf9c2199ef4db0873ef3ca503bfeaee470f6ab2506b8c2120a6669,4.968,0.08066829539094653,0.6751810312271118,0.5308413360001957,0.3741325320038716,0.0933711498009433,0.6153006772663556,0.3846993227336444
hindi,1085,eadc13b88ea5631a21a2beb0917e9be628171b8aaae29918cb08b2afa62e820e01d0a5e21154b643f10067864ae138783bc31abf1a13b86bcb072fa0f0df4d40,7.02,0.031727566096581734,0.20546495914459229,0.4586464538640965,0.31650099935125403,0.2190558863184559,0.7540273065834344,0.24597269341656558
hindi,1086,9929c6f2b01a8c28f2e56c628d79399fb1e541643209aa4c5e28768681147947cad19a67ec59f260cf85a4586e3d35fe427119ab932c78c14583d719abff7062,4.848,0.12686433628011198,0.910247802734375,0.8610850158178076,0.12148495652394237,0.01733922297947681,0.3107558237878649,0.6892441762121351
hindi,1087,43bc745f9a7b6bd69a6cf5af88d6d8a31436266533dfa04def07f906d4fd43867f88a11badb4e6b57aefd010b66136392f98b79281d97eebcad6333be3d07cb2,4.32,0.10949070413564609,0.923585057258606,0.6846977672898893,0.2728203030820377,0.04140885991284899,0.3549818140064122,0.6450181859935877
hindi,1088,a71fe4c8c51459edc23fad3c7288e0216049d06b3ffb15d556328a42b3d18daf25ac6d1566a0037209e321081df2632dfca7bbeabd547b9eeef87ddf1e6ad329,7.584,0.13966381258042596,0.990020751953125,0.9189422831001254,0.07071001205056597,0.010271787900456584,0.4421045151192799,0.55789548488072
hindi,1089,13cef0dba059a4aa0064866e51ca703ad2552c2645eb99722846129b96051db0f22a99235faf822876c13bd3f02e86f138d6a0413f980cf028f54c5fdc58b9b9,6.768,0.1684635557815094,0.9900000095367432,0.9087343914325636,0.06385915739132846,0.026671396162064577,0.9111206149961127,0.08887938500388726
hindi,1090,f446689d92087b875d07eaa1d98e4b7e07ec4f8651762d73d8e0ecbae21be60e60a3b7356828d24a8c9071f872f21361ca196ae017820a2908412966f0a59df2,5.76,0.03523440401229242,0.2751638889312744,0.49088241648263997,0.31331888734904856,0.19082555323347242,0.5539161765293213,0.44608382347067865
hindi,1091,2d27b396006a861ca7b1d045b46c33a62ae2f394d1da44c60a21ec6da2cbb9bbd3c7db23f5bdf57b185987f7c6157ac50f6af45751dff9a96bafc3fe6b5bea2e,4.14,0.08557099652480306,0.8585553169250488,0.7379444332107622,0.18358184055515844,0.0766802002838016,0.0676161452844632,0.9323838547155368
hindi,1092,3d78afcfc84ca5a9b304c3354f6bfcb59071c723ed2101b94ea2d29b0cb36a2fa1a157f76ed759987a0271444c50355aadb50e7d6387444fb3c2740bf66a8be1,5.652,0.09364671735337769,0.7202028036117554,0.8110214985729448,0.12550240063713713,0.06177223628792012,0.1753258977540137,0.8246741022459863
hindi,1093,4165462ba3028c7e25d5ff7abf7e81fe2d31ab129cfa039232a6753837447e299445e86cc1a94db3a8957d1cf55c3a1aaa96b297a0c75a814bc1a2df686daae8,5.976,0.042165876550162865,0.40287601947784424,0.5503620268790158,0.2683331245622989,0.17662436112519705,0.3476666056457789,0.6523333943542211
hindi,1094,6df5947ecd6093ba0b8088111d11231f209c5377b37d2ec78fb66df1c555d0c218e4a7dfd601f4d5395ec9f0579ec4eca44d2fd60b09e80bc62ef446ea485886,2.7,0.09278842359582992,0.7636170983314514,0.610969117777902,0.3294581155532954,0.058111314923766415,0.36835023297473296,0.631649767025267
hindi,1095,5b3872837902e6d95327320c254ce8cc9e7b69e3ad4e2e54f93009f6f44af95a3b2bd03dd9504518ddea0ce1bb0793458ea03d00ccd3c918aba1a0a91476da99,5.304,0.0929235075140448,0.7042719125747681,0.7718269330338711,0.1238495070100995,0.10284328458054157,0.28515059996793324,0.7148494000320668
hindi,1096,68cb270e1215efd79204c075fb9df17b4ea024a7c09f74970ea4e506e73229238b2c3b3fc62c0f650e4fbd93cfbdd109b4442bcd5292c50b81cf80146568bf42,5.436,0.056814073655525044,0.49343419075012207,0.621757919663742,0.2489249328306299,0.1259658126514742,0.25458845734065366,0.7454115426593464
hindi,1097,0e97e303991e6646c845049579a4bea7a25ea775f6b8b44a09e0efd0ae9661ec984c393c92d2522e3158c8b0ca206ad60fd9e136713e18c21dffd72811a88b88,5.936,0.14731560125976847,0.990020751953125,0.896359827073255,0.10354564278473215,2.4031476529839478e-05,0.5623693631158536,0.4376306368841464
hindi,1098,29822eacca376bd26682b72d0212ea3f2897da482cbaa2e8046b66eb83af4dbb0cafeb48676702a2fdf34a45fc46ddf438d60d90ff3bcaa3171dbe5aa6321c3e,5.688,0.06820117593999912,0.5406407117843628,0.6906962319525494,0.20388590112759944,0.10289062979562488,0.23864985888106582,0.7613501411189342
hindi,1099,f256033e55a3f902c9673806428f07a4f2e61c31363d603299c889d62c3b896f2f34134d5e6c248c49a24c541239226452e69dbe19678a0790f926f335ee508a,7.308,0.04658948543885516,0.31541091203689575,0.5910335415459558,0.24564973274648325,0.15909741607615777,0.5185632345958355,0.48143676540416447
hindi,1100,0a3f27e009572dbc52c115bfa733fdbea6b819dd63fd440adf16a90428f3566049c9fe252e775388ac3bab7e9951fa06c8691497b6568d3b5e436aaea396a8d6,5.508,0.04964982256843779,0.38881176710128784,0.6080814659895829,0.23789328966830328,0.150150262132739,0.3253471882919359,0.6746528117080641
hindi,1101,461059307d756b80d08835b893bbee0e93e8cf237db0b4ba90a0b34adfa5ee77c44a3777d5a0c19d7a920260f7fd54fdd84661371abe9ece4b08ea2624146827,7.128,0.06456258077454727,0.562997579574585,0.6305645253048424,0.25964184392048645,0.10713658626744293,0.3340903969680648,0.6659096030319351
hindi,1102,d5880664e0b201cf24b4972ea9890b801afe05af05cd4302d95952f06934198872328efbf6eb11bf51e169d4c62a0e8756088bbe001fc353a9b6d080ed9ee3dc,4.32,0.09916822762751325,0.791114330291748,0.6791977156412625,0.2636261038194727,0.05588888829460639,0.37492610345197463,0.6250738965480254
hindi,1103,64fcf403ddfb930184eae9b9ad9fbb9a712ebab06fdb5e7dbe7621dcd2cd5101f593c37e8e254ff38294b6dcc8bec4808c197c2d7599c0c4126045b1ac9b51d0,3.264,0.05988330475029919,0.7493307590484619,0.672432785415752,0.20836583894126473,0.11601000927270892,0.030486911603654066,0.969513088396346
hindi,1104,d1d9c267ebee74a32597d31c9167b2edb1f99cb7f4aa13501a5cc3bd519deaa2516058fb40da1e55deef24bb43e231ab5f17484bb11468d631c90e3bf29b76d4,7.236,0.010905449345085185,0.05172383785247803,0.2691852753601078,0.4252984701016393,0.29733453327163617,0.9378931655125919,0.06210683448740806
hindi,1105,3d60da54a5e96710c627c37362c5f17d026c725b99466b5596f08c6584beafa8dd546aff3ef61dd1cfda5150cdd82d08970d8ad36a49e933571b903361a6cbdd,4.176,0.034614004136411476,0.1983467936515808,0.42842181046887406,0.3544747554413807,0.21178635280355268,0.7463137997876461,0.2536862002123539
hindi,1106,c45d64f4a9ad8d1efb4d802830abc40f0e0e29e23a1d399fb4e668a1781d60c7b6329f4ed2b4ee75586b7ef748b73a373cb36707965a2b5785d7e9ce6196f390,4.572,0.08316710406150797,0.8793797492980957,0.6309739379303357,0.29597797745299753,0.07120956380029764,0.13683484737019236,0.8631651526298076
hindi,1107,e0a47331065c4e1a9ffd6eed4cb902b631814a6130faf9401d447eba044cf1af767ff9a242e7c97886c74ac130ec73716192fd074e4abca825e77caca52e0ca0,6.264,0.10146396749245966,0.7442278265953064,0.783575160388494,0.12129211182911435,0.09354437419923946,0.4007762602602775,0.5992237397397224
hindi,1108,4cef3c57c7794a486d20711b806222df778778312c01a26669a9c4fd75b74a3792424787393673b302401d3d994431c97c30b2d1b8bd6caa0fd563460fed5093,5.472,0.1776501498426985,0.9509276747703552,0.9293202703838583,0.03989973844267106,0.030198238462617603,0.9491746588895971,0.05082534111040293
hindi,1109,9daf98d1ee349378718aead0f9edd13b1352e0fe0e72a2d71aa458a79d9f474c8680549bf1d62115d59c13d52d97364c5672adb795ac73db59b709c92cb7870e,4.86,0.041671667730263776,0.3461441397666931,0.44671796157753957,0.3673458091044485,0.1817202928366151,0.6289328325253889,0.3710671674746111
hindi,1110,90b1ff27e108c7aaa1f24faccd2f83f3a0b512139aded53b3866d65cea1197fd3dde486619a36293573b042a4afbc45e29f55c514767c7567f44a3da22c4f9fc,5.792,0.15459415732807327,0.989990234375,0.978261482494506,0.019814467082999918,0.0019023888407164846,0.5129248364566975,0.4870751635433025
hindi,1111,9698b39cb85f238f1346eea2dba721e4e8fb440bd4d14b632aef84108f02f47d028463a7076a9eb0333b72fab260a9357f045de63eaaa3c7374ce6a692e081ba,7.668,0.120537186752718,0.8096551299095154,0.8281140468837005,0.10847832365096387,0.062277494553168174,0.6224286396459447,0.37757136035405525
hindi,1112,550c775712c46fac6b29f44c8e1e47790ad3d24a4596e9befdad47efbafbcd202634809eed3f54d8b62ec448b24bbe8a67c224d24ae7ed2b6870581a3fd2dcd3,4.176,0.10141995829438818,0.8026571273803711,0.804167701691513,0.13736675919875097,0.057076244800155995,0.1596097779848143,0.8403902220151858
hindi,1113,23dd6e26b3a5106b8ad2de2def45e53280a12df6c47364b2bf652743a0198329d4e46b73fe42287703f0146d0bdb9be101cb22064f7b79578248fdc2ca2085f0,4.176,0.0959409410020382,0.6739888191223145,0.71956122144791,0.21431719658165432,0.06448801799637364,0.3942537540782523,0.6057462459217478
hindi,1114,cf3aeeacb5f17296626b5c4098ec5eac55e41cd4794e1b866c7c42ccda4ff82ab59144d9af79e6479243e61724113d6c7ccccb7dc02e7a235f5ff37eee99c5d8,3.096,0.032111414226136566,0.18541884422302246,0.42226095498848665,0.36016509350754444,0.21176072840553734,0.6842650177930322,0.31573498220696783
hindi,1115,112f76f2e0c2f27b09b20340cd82d13c315858e70901593392d2bbaf1377a5ed05b373a77f5f93b0298be6ad7e0285d8dea7c8fc9e9d3ce601d702ff3e3a7d91,6.84,0.035571110868396164,0.2744840383529663,0.5138774266503998,0.28489237686930396,0.1960724181251198,0.5696301454926642,0.4303698545073358
hindi,1116,e6aef31fac7411f3f1b15c566dede061e3024cde1382d7ca1a860a093ad5b0b9c87aaa13c749ef9982c688d7a8d715c11aee89c2e3d541b9ba3dc73c5ec5cb85,5.22,0.11139169867239453,0.8297949433326721,0.8549873385625014,0.08981150349933754,0.05391418655047805,0.21941640432472623,0.7805835956752738
hindi,1117,9392443e20fff21db185ec2e21925398c267cdaec962d7a8bff381ae171fd3563894988fe4244da0866881fb39e56492843fac59b139c31b99211d6c8f44c2ac,4.032,0.058856564906363595,0.5618000626564026,0.6502448582829549,0.23480246408680772,0.11183100305737541,0.11905548671371033,0.8809445132862896
hindi,1118,0175f4388a3ca66faae78ea57819f8aab986d188f874dde198e28b64248291dde8f43a6912b9de4854f9862a8f832961da3e9194bec9ebef96b1c9b66d956422,5.976,0.03761366429422666,0.24718868732452393,0.5170446572597938,0.28552457144292637,0.19236398417404688,0.5977065635418781,0.4022934364581219
hindi,1119,00d8f7a5ea747472015787836b4694d24375a49cf2ca78088c1d29494110637aafa66bc0d135549c19cfc68886760475c2ae2584673c8d57e77eb82d3ddd6109,6.228,0.11593552632856519,0.740067183971405,0.7730290827509515,0.17121992486682705,0.05462212628974767,0.6764093998720572,0.32359060012794283
hindi,1120,aa9327f862e22c8a7e7c1cc05e596b019cb19e79329dfd7495112ab3dafda315d4ab663885cb951c63be27858c37f1aa245b0907d689b37ee4db113148053cc6,2.412,0.09212442135309037,0.8670579195022583,0.5470656359441715,0.4009198482216651,0.0506758000414099,0.32652242884561067,0.6734775711543893
hindi,1121,46f23ae11e8565e979749342e1097a77fe3ef574253f10323351763c97b22c07b42362b03c576fa1d45361cede36368bbd6b9325f1f93cd2b8ed161a560ece2a,2.52,0.09793606151643455,0.6629241704940796,0.7374370588163314,0.19483950055729157,0.06637291236055705,0.33255436572273256,0.6674456342772674
hindi,1122,6cf993f4fafe38bd3c810d7c710b924bdb8c025eb16d8bca0dc4f1e80412d81f4a52ac9b99b550eed19088e1eaaf4dea5a07d51777b4ceaa99368d2ee1973ecf,7.308,0.04738969548095925,0.27969735860824585,0.5981874951821546,0.23583915709006198,0.16157560882592562,0.5781130564686568,0.42188694353134315
hindi,1123,287db5b3c7065ffc1e6827c0bc87dc4a6b6a45c159642fe8d490d5adb6ce18a5b4b528f921503762bbb20b1fcd84f5f8256a9a11cd4ccf55964f301b416b08d2,6.3,0.06713585632555456,0.5025573372840881,0.5606204226605753,0.28165626892548423,0.15539642431908512,0.6827734861112091,0.31722651388879086
hindi,1124,230d27ac6435d55a47ccc110561f23b342676f24aac1bed0eec64dd0deefc5d13f306e9df3216cfa91eb7972029e60e59586109fba46ac6dcf631a9e04b60644,7.128,0.05414287134409962,0.5109150409698486,0.5846544054651523,0.2709618113248117,0.14115513305577126,0.3561716873270319,0.643828312672968
