pair_id,analysis_cluster,label,path,duration_s,leading_silence_ms,trailing_silence_ms,score_original,score_trimmed,delta_score
0,2f0f109ed0afdb1a06c0ad751e352d0e0dc41767609a511c4b9111a62769bc467468b5f4d3cf2c618cc479ca33b2a7b3412b01d883cfcb15d8cb23222912fd16,1,hindi_griffinlim_eval_final/real_hindi/hindi_real_0000.wav,4.5,0.0,0.0,-1.3069411516189575,-1.3069411516189575,0.0
0,2f0f109ed0afdb1a06c0ad751e352d0e0dc41767609a511c4b9111a62769bc467468b5f4d3cf2c618cc479ca33b2a7b3412b01d883cfcb15d8cb23222912fd16,0,hindi_griffinlim_eval_final/fake_hindi_griffinlim/hindi_fake_0000.wav,4.5,0.0,0.0,-2.8055248260498047,-2.8055248260498047,0.0
1,17e10c81b592f9aa499bd3ea283821d28dee580e2bfbf51ca891c71024bf0736cc26c5ef9790ef591ff7cf3136930b935c33bc7fb1c65c080ff270baf27c8fe5,1,hindi_griffinlim_eval_final/real_hindi/hindi_real_0001.wav,4.464,32.0,336.0,-2.1930551528930664,-1.6346479654312134,0.558407187461853
1,17e10c81b592f9aa499bd3ea283821d28dee580e2bfbf51ca891c71024bf0736cc26c5ef9790ef591ff7cf3136930b935c33bc7fb1c65c080ff270baf27c8fe5,0,hindi_griffinlim_eval_final/fake_hindi_griffinlim/hindi_fake_0001.wav,4.464,32.0,336.0,-4.786264896392822,-4.257117748260498,0.5291471481323242
2,bd008914e8d61f280ef49d1b81b9ba5feafa0195842fb73953d414962085d13881380f143efa9cc3014fb5083f2ca49ec0ac216b23e48f676493303b320d17d3,1,hindi_griffinlim_eval_final/real_hindi/hindi_real_0002.wav,6.624,992.0,1280.0,5.4612531661987305,-2.4455597400665283,-7.906812906265259
2,bd008914e8d61f280ef49d1b81b9ba5feafa0195842fb73953d414962085d13881380f143efa9cc3014fb5083f2ca49ec0ac216b23e48f676493303b320d17d3,0,hindi_griffinlim_eval_final/fake_hindi_griffinlim/hindi_fake_0002.wav,6.624,0.0,0.0,-0.47381532192230225,-0.47381532192230225,0.0
3,76ae0779e8b42a6cebddc96f1c8be8cd17dc128ea3dc6c77c1afef491eb3334aec08ac644ce6b553783bec6530bcd7a8d7869d249d8fc4cbf394c176c2a03fe0,1,hindi_griffinlim_eval_final/real_hindi/hindi_real_0003.wav,3.204,1024.0,708.0,6.255145072937012,-3.644174814224243,-9.899319887161255
3,76ae0779e8b42a6cebddc96f1c8be8cd17dc128ea3dc6c77c1afef491eb3334aec08ac644ce6b553783bec6530bcd7a8d7869d249d8fc4cbf394c176c2a03fe0,0,hindi_griffinlim_eval_final/fake_hindi_griffinlim/hindi_fake_0003.wav,3.204,0.0,0.0,5.6803388595581055,5.6803388595581055,0.0
4,ef72dad515c406393c07ffac9b57e6cd1e83073c82a001d49ea19a30fd9976d0d50d4c5cffcfdbec8ea222c152695775d85c227194f2e56516531e1c8e76ff70,1,hindi_griffinlim_eval_final/real_hindi/hindi_real_0004.wav,4.392,640.0,1224.0,5.376893043518066,-4.92773962020874,-10.304632663726807
4,ef72dad515c406393c07ffac9b57e6cd1e83073c82a001d49ea19a30fd9976d0d50d4c5cffcfdbec8ea222c152695775d85c227194f2e56516531e1c8e76ff70,0,hindi_griffinlim_eval_final/fake_hindi_griffinlim/hindi_fake_0004.wav,4.392,0.0,0.0,-4.321958065032959,-4.321958065032959,0.0
5,f1b62e5d3473776b945ef79fbad0a46a621fb136b143d7aeb75a7cb854ebe0807524eee04fe8d83b3311152dad97e341e18ed5b8981b3cf322fec4e0700894bb,1,hindi_griffinlim_eval_final/real_hindi/hindi_real_0005.wav,4.704,96.0,0.0,4.781180381774902,4.9349493980407715,0.15376901626586914
5,f1b62e5d3473776b945ef79fbad0a46a621fb136b143d7aeb75a7cb854ebe0807524eee04fe8d83b3311152dad97e341e18ed5b8981b3cf322fec4e0700894bb,0,hindi_griffinlim_eval_final/fake_hindi_griffinlim/hindi_fake_0005.wav,4.704,96.0,0.0,4.330179214477539,4.413450241088867,0.08327102661132812
6,c8eabd52eef7e16e14998264ec78831ec7b891135ad93c446e459d4643b02c721b412f4fc828522a478fdbd2d5f4ca9838991a89368c78cb7f0617b3837a00ca,1,hindi_griffinlim_eval_final/real_hindi/hindi_real_0006.wav,3.78,32.0,0.0,-2.680687427520752,-3.2301950454711914,-0.5495076179504395
6,c8eabd52eef7e16e14998264ec78831ec7b891135ad93c446e459d4643b02c721b412f4fc828522a478fdbd2d5f4ca9838991a89368c78cb7f0617b3837a00ca,0,hindi_griffinlim_eval_final/fake_hindi_griffinlim/hindi_fake_0006.wav,3.78,0.0,0.0,-0.7158231735229492,-0.7158231735229492,0.0
7,64fcf403ddfb930184eae9b9ad9fbb9a712ebab06fdb5e7dbe7621dcd2cd5101f593c37e8e254ff38294b6dcc8bec4808c197c2d7599c0c4126045b1ac9b51d0,1,hindi_griffinlim_eval_final/real_hindi/hindi_real_0007.wav,3.144,960.0,456.0,-1.4811911582946777,-6.032832145690918,-4.55164098739624
7,64fcf403ddfb930184eae9b9ad9fbb9a712ebab06fdb5e7dbe7621dcd2cd5101f593c37e8e254ff38294b6dcc8bec4808c197c2d7599c0c4126045b1ac9b51d0,0,hindi_griffinlim_eval_final/fake_hindi_griffinlim/hindi_fake_0007.wav,3.144,0.0,0.0,5.373888969421387,5.373888969421387,0.0
8,f552d4cedc22293c27ab4a86fc3985ecf1bd8fe9e6664f6a835675acf4173fa94bfa392ddccd06a177ae2bf6e412212f42973dec10c26a7cfa02c48ddd7c7978,1,hindi_griffinlim_eval_final/real_hindi/hindi_real_0008.wav,4.176,704.0,1488.0,-1.376294732093811,-6.1001386642456055,-4.723843932151794
8,f552d4cedc22293c27ab4a86fc3985ecf1bd8fe9e6664f6a835675acf4173fa94bfa392ddccd06a177ae2bf6e412212f42973dec10c26a7cfa02c48ddd7c7978,0,hindi_griffinlim_eval_final/fake_hindi_griffinlim/hindi_fake_0008.wav,4.176,0.0,0.0,-0.6398581266403198,-0.6398581266403198,0.0
9,4fcdd17805b736cac2dc920985d2187185e759b54d9cfe7d2654dd8f4aff10e630e579edcb5cb4d04f215bebe6d096d9e932203345ad7272e889beca6a5c20e7,1,hindi_griffinlim_eval_final/real_hindi/hindi_real_0009.wav,4.716,96.0,76.0,-2.2336177825927734,-1.1398793458938599,1.0937384366989136
9,4fcdd17805b736cac2dc920985d2187185e759b54d9cfe7d2654dd8f4aff10e630e579edcb5cb4d04f215bebe6d096d9e932203345ad7272e889beca6a5c20e7,0,hindi_griffinlim_eval_final/fake_hindi_griffinlim/hindi_fake_0009.wav,4.716,0.0,0.0,-2.5561089515686035,-2.5561089515686035,0.0
10,c3b879809a9ebf0d819103be644fbf3fee1c8cafd1e2c2f905c8d6d5c2497bcd47b0cb932bb4106b5729479e89ca660253ad1158181c72462d1ce0499047db90,1,hindi_griffinlim_eval_final/real_hindi/hindi_real_0010.wav,6.66,704.0,1124.0,0.47120851278305054,-4.5607757568359375,-5.031984269618988
10,c3b879809a9ebf0d819103be644fbf3fee1c8cafd1e2c2f905c8d6d5c2497bcd47b0cb932bb4106b5729479e89ca660253ad1158181c72462d1ce0499047db90,0,hindi_griffinlim_eval_final/fake_hindi_griffinlim/hindi_fake_0010.wav,6.66,0.0,0.0,-0.7553493976593018,-0.7553493976593018,0.0
11,79741f3153a904c0ddeb1d81d69b137d61adb2a3f1c8ea30fd32a88a4f7028bbb73f1515f3cac14ad147b8c1845846d96d9333173f71677d207b7ff1357a37c5,1,hindi_griffinlim_eval_final/real_hindi/hindi_real_0011.wav,3.624,576.0,0.0,5.987161159515381,5.471457004547119,-0.5157041549682617
11,79741f3153a904c0ddeb1d81d69b137d61adb2a3f1c8ea30fd32a88a4f7028bbb73f1515f3cac14ad147b8c1845846d96d9333173f71677d207b7ff1357a37c5,0,hindi_griffinlim_eval_final/fake_hindi_griffinlim/hindi_fake_0011.wav,3.624,0.0,0.0,5.330920696258545,5.330920696258545,0.0
12,ea8f8541a19f474c4246d33005ad2c365f8b82b7a9b214bc39bd7b0ea6469e6d17fc574bce867f5fa60612c98df61735b7e95bf0d9c731a290e4c4bd515098bb,1,hindi_griffinlim_eval_final/real_hindi/hindi_real_0012.wav,4.068,704.0,932.0,5.258891582489014,-3.863509178161621,-9.122400760650635
12,ea8f8541a19f474c4246d33005ad2c365f8b82b7a9b214bc39bd7b0ea6469e6d17fc574bce867f5fa60612c98df61735b7e95bf0d9c731a290e4c4bd515098bb,0,hindi_griffinlim_eval_final/fake_hindi_griffinlim/hindi_fake_0012.wav,4.068,0.0,0.0,-0.6028724908828735,-0.6028724908828735,0.0
13,38a6ab913e27c72c3f28f3d2da65caa00933288bfaaa24633ad7168676bf34a4bdf59bba015f1be078031901c2a05ed997cd106fc7bb6ffe0cead3f59ca77415,1,hindi_griffinlim_eval_final/real_hindi/hindi_real_0013.wav,7.704,416.0,0.0,5.446184158325195,0.6370736360549927,-4.809110522270203
13,38a6ab913e27c72c3f28f3d2da65caa00933288bfaaa24633ad7168676bf34a4bdf59bba015f1be078031901c2a05ed997cd106fc7bb6ffe0cead3f59ca77415,0,hindi_griffinlim_eval_final/fake_hindi_griffinlim/hindi_fake_0013.wav,7.704,0.0,0.0,6.927865982055664,6.927865982055664,0.0
14,63293ff4cc67280b10da2df2fd2763db65ca8493af191e121605b45457373b9d2f7d073324125f2ec4d3d5aa138903f3532048b49083306757421a463dcad13b,1,hindi_griffinlim_eval_final/real_hindi/hindi_real_0014.wav,6.768,512.0,1456.0,4.959834098815918,1.5880669355392456,-3.3717671632766724
14,63293ff4cc67280b10da2df2fd2763db65ca8493af191e121605b45457373b9d2f7d073324125f2ec4d3d5aa138903f3532048b49083306757421a463dcad13b,0,hindi_griffinlim_eval_final/fake_hindi_griffinlim/hindi_fake_0014.wav,6.768,0.0,0.0,-4.556972980499268,-4.556972980499268,0.0
15,4cef3c57c7794a486d20711b806222df778778312c01a26669a9c4fd75b74a3792424787393673b302401d3d994431c97c30b2d1b8bd6caa0fd563460fed5093,1,hindi_griffinlim_eval_final/real_hindi/hindi_real_0015.wav,5.04,256.0,16.0,1.107828140258789,-1.0361617803573608,-2.14398992061615
15,4cef3c57c7794a486d20711b806222df778778312c01a26669a9c4fd75b74a3792424787393673b302401d3d994431c97c30b2d1b8bd6caa0fd563460fed5093,0,hindi_griffinlim_eval_final/fake_hindi_griffinlim/hindi_fake_0015.wav,5.04,0.0,0.0,-5.735335350036621,-5.735335350036621,0.0
16,0da032e5bf4a63a5c9c3635155d8b45eb4ede0261ddae34b641e4aafb72b2d0e9c8e8605132280cb39465883c7c2dd82e747a12e1e9b1827d272574483945e5a,1,hindi_griffinlim_eval_final/real_hindi/hindi_real_0016.wav,6.768,64.0,144.0,0.21180814504623413,1.4185376167297363,1.2067294716835022
16,0da032e5bf4a63a5c9c3635155d8b45eb4ede0261ddae34b641e4aafb72b2d0e9c8e8605132280cb39465883c7c2dd82e747a12e1e9b1827d272574483945e5a,0,hindi_griffinlim_eval_final/fake_hindi_griffinlim/hindi_fake_0016.wav,6.768,0.0,0.0,-0.2669124901294708,-0.2669124901294708,0.0
17,53c5dd7ebb08179dca2b5f3992b991b3d28288202e01a950d1e70510db84b5cdf9cb5e72803a4212e7428e60b2ddda26a81dbdc01410725d0d6de265d86cb530,1,hindi_griffinlim_eval_final/real_hindi/hindi_real_0017.wav,5.508,736.0,676.0,3.5442614555358887,-4.99725866317749,-8.541520118713379
17,53c5dd7ebb08179dca2b5f3992b991b3d28288202e01a950d1e70510db84b5cdf9cb5e72803a4212e7428e60b2ddda26a81dbdc01410725d0d6de265d86cb530,0,hindi_griffinlim_eval_final/fake_hindi_griffinlim/hindi_fake_0017.wav,5.508,0.0,0.0,-2.6763296127319336,-2.6763296127319336,0.0
18,38a6ab913e27c72c3f28f3d2da65caa00933288bfaaa24633ad7168676bf34a4bdf59bba015f1be078031901c2a05ed997cd106fc7bb6ffe0cead3f59ca77415,1,hindi_griffinlim_eval_final/real_hindi/hindi_real_0018.wav,4.824,352.0,536.0,5.25424861907959,-0.7248941659927368,-5.979142785072327
18,38a6ab913e27c72c3f28f3d2da65caa00933288bfaaa24633ad7168676bf34a4bdf59bba015f1be078031901c2a05ed997cd106fc7bb6ffe0cead3f59ca77415,0,hindi_griffinlim_eval_final/fake_hindi_griffinlim/hindi_fake_0018.wav,4.824,0.0,0.0,5.495296478271484,5.495296478271484,0.0
19,00d8f7a5ea747472015787836b4694d24375a49cf2ca78088c1d29494110637aafa66bc0d135549c19cfc68886760475c2ae2584673c8d57e77eb82d3ddd6109,1,hindi_griffinlim_eval_final/real_hindi/hindi_real_0019.wav,6.696,992.0,1192.0,-5.77485990524292,-5.951921463012695,-0.1770615577697754
19,00d8f7a5ea747472015787836b4694d24375a49cf2ca78088c1d29494110637aafa66bc0d135549c19cfc68886760475c2ae2584673c8d57e77eb82d3ddd6109,0,hindi_griffinlim_eval_final/fake_hindi_griffinlim/hindi_fake_0019.wav,6.696,0.0,0.0,-2.443812370300293,-2.443812370300293,0.0
20,66a88b75ea15aaa9fb4c1df2cbe47bb9c4ab8413fc8ce00c0e57e575c654fb438f8e904a08fd98bcd999bce1172284461b746308609836e75916aa7cf8c2a2d4,1,hindi_griffinlim_eval_final/real_hindi/hindi_real_0020.wav,5.94,64.0,0.0,-0.571815550327301,-0.4171203076839447,0.15469524264335632
20,66a88b75ea15aaa9fb4c1df2cbe47bb9c4ab8413fc8ce00c0e57e575c654fb438f8e904a08fd98bcd999bce1172284461b746308609836e75916aa7cf8c2a2d4,0,hindi_griffinlim_eval_final/fake_hindi_griffinlim/hindi_fake_0020.wav,5.94,0.0,0.0,5.773935317993164,5.773935317993164,0.0
21,93f71918fbe69cad830cb49211cb10c9344e04ceca427ea39db38c8b5f5f200a4706f0a12646585364ff3b44f3bb75784005797e3e3259fd9579fa985955b3ac,1,hindi_griffinlim_eval_final/real_hindi/hindi_real_0021.wav,4.032,448.0,0.0,1.0358668565750122,0.34528958797454834,-0.6905772686004639
21,93f71918fbe69cad830cb49211cb10c9344e04ceca427ea39db38c8b5f5f200a4706f0a12646585364ff3b44f3bb75784005797e3e3259fd9579fa985955b3ac,0,hindi_griffinlim_eval_final/fake_hindi_griffinlim/hindi_fake_0021.wav,4.032,0.0,0.0,1.2061253786087036,1.2061253786087036,0.0
22,16c775b5ac1a75459692a8e2c553ec084df96439cf53c5129ce1e5c20a9a04d3ed23204cf582fe74c9dc12a473fb3072139ea313cee5ce51c0d17acf8cd16333,1,hindi_griffinlim_eval_final/real_hindi/hindi_real_0022.wav,5.472,608.0,480.0,3.670675277709961,4.88673210144043,1.2160568237304688
22,16c775b5ac1a75459692a8e2c553ec084df96439cf53c5129ce1e5c20a9a04d3ed23204cf582fe74c9dc12a473fb3072139ea313cee5ce51c0d17acf8cd16333,0,hindi_griffinlim_eval_final/fake_hindi_griffinlim/hindi_fake_0022.wav,5.472,0.0,0.0,-0.1717749983072281,-0.1717749983072281,0.0
23,d002200225d5b38de9dd8b95e9fb77c24724f8a56ee0b31f6ee2260b5636a1e23c0fadcae1156f88b703128798bd749901930f35e839ea2a2bb2bcb8afe5cc74,1,hindi_griffinlim_eval_final/real_hindi/hindi_real_0023.wav,6.876,768.0,508.0,4.559708595275879,-5.377310752868652,-9.937019348144531
23,d002200225d5b38de9dd8b95e9fb77c24724f8a56ee0b31f6ee2260b5636a1e23c0fadcae1156f88b703128798bd749901930f35e839ea2a2bb2bcb8afe5cc74,0,hindi_griffinlim_eval_final/fake_hindi_griffinlim/hindi_fake_0023.wav,6.876,0.0,0.0,-3.8635334968566895,-3.8635334968566895,0.0
24,3a9a2751ae7b00505f0ab31fe4c6b3d76e4b23763244c136363aed1903cc89d8668e1187df7236c6ac0ef40422fd5802ca4000aa26a29cc5c77c978b07a4d12a,1,hindi_griffinlim_eval_final/real_hindi/hindi_real_0024.wav,5.328,704.0,976.0,0.7550414800643921,-5.875890731811523,-6.6309322118759155
24,3a9a2751ae7b00505f0ab31fe4c6b3d76e4b23763244c136363aed1903cc89d8668e1187df7236c6ac0ef40422fd5802ca4000aa26a29cc5c77c978b07a4d12a,0,hindi_griffinlim_eval_final/fake_hindi_griffinlim/hindi_fake_0024.wav,5.328,0.0,0.0,-4.924548149108887,-4.924548149108887,0.0
25,9960686415eb494ee9537261d6666881f9ba972c52152db480cd96dd07d7bf619cd2f1f9d30815cdc61bbbd4eb031b57cf2297022021dc923732cd69a3a4a5d4,1,hindi_griffinlim_eval_final/real_hindi/hindi_real_0025.wav,4.284,864.0,1116.0,5.731293678283691,-2.7306551933288574,-8.461948871612549
25,9960686415eb494ee9537261d6666881f9ba972c52152db480cd96dd07d7bf619cd2f1f9d30815cdc61bbbd4eb031b57cf2297022021dc923732cd69a3a4a5d4,0,hindi_griffinlim_eval_final/fake_hindi_griffinlim/hindi_fake_0025.wav,4.284,0.0,0.0,1.1737786531448364,1.1737786531448364,0.0
26,4644748187470f64f6ed65cf1359011fe9976a6793a239689c6fea7b052468f9b14522162bcf4f659a819bbfb682ab2b57edc3a8b2009dba5d6986635b97e9c1,1,hindi_griffinlim_eval_final/real_hindi/hindi_real_0026.wav,7.308,0.0,12.0,-2.715039014816284,-2.715039014816284,0.0
26,4644748187470f64f6ed65cf1359011fe9976a6793a239689c6fea7b052468f9b14522162bcf4f659a819bbfb682ab2b57edc3a8b2009dba5d6986635b97e9c1,0,hindi_griffinlim_eval_final/fake_hindi_griffinlim/hindi_fake_0026.wav,7.308,0.0,0.0,-0.3270373046398163,-0.3270373046398163,0.0
27,9be22651e8bee8e72a3187d9a27f0e9ed24c178b528062b4ae5d6a2a32dbb8c6001f6d3f15d60270fefa422a2c58426a2c915931d43266eb48a2d15836111a95,1,hindi_griffinlim_eval_final/real_hindi/hindi_real_0027.wav,5.76,1024.0,672.0,5.331106185913086,-4.3756585121154785,-9.706764698028564
27,9be22651e8bee8e72a3187d9a27f0e9ed24c178b528062b4ae5d6a2a32dbb8c6001f6d3f15d60270fefa422a2c58426a2c915931d43266eb48a2d15836111a95,0,hindi_griffinlim_eval_final/fake_hindi_griffinlim/hindi_fake_0027.wav,5.76,0.0,0.0,2.4083211421966553,2.4083211421966553,0.0
28,f8c05fcdb50a537ce73d8e72c60b569d19a31b8e0792bf6ea46d66c769fb708c0087e260a59f3e48f8272304ee14cb57fecdf53a2873f5d72ca5a3378a149caa,1,hindi_griffinlim_eval_final/real_hindi/hindi_real_0028.wav,6.216,864.0,1640.0,0.9601354002952576,-5.383307456970215,-6.343442857265472
28,f8c05fcdb50a537ce73d8e72c60b569d19a31b8e0792bf6ea46d66c769fb708c0087e260a59f3e48f8272304ee14cb57fecdf53a2873f5d72ca5a3378a149caa,0,hindi_griffinlim_eval_final/fake_hindi_griffinlim/hindi_fake_0028.wav,6.208,864.0,1632.0,-1.96410071849823,-5.812081336975098,-3.8479806184768677
29,17306c4d97ad8d7c04ac7c04602b8fedcfa3c2ebcd61c2fb2f7f5a27a23151389ed00cbdf1497e6791a0abc7028b848d8f17ade7089c928531200cd7ca2c4bc8,1,hindi_griffinlim_eval_final/real_hindi/hindi_real_0029.wav,6.588,864.0,1372.0,1.6240845918655396,-4.973409652709961,-6.5974942445755005
29,17306c4d97ad8d7c04ac7c04602b8fedcfa3c2ebcd61c2fb2f7f5a27a23151389ed00cbdf1497e6791a0abc7028b848d8f17ade7089c928531200cd7ca2c4bc8,0,hindi_griffinlim_eval_final/fake_hindi_griffinlim/hindi_fake_0029.wav,6.576,864.0,1360.0,-1.228029489517212,-5.759415626525879,-4.531386137008667
30,bd008914e8d61f280ef49d1b81b9ba5feafa0195842fb73953d414962085d13881380f143efa9cc3014fb5083f2ca49ec0ac216b23e48f676493303b320d17d3,1,hindi_griffinlim_eval_final/real_hindi/hindi_real_0030.wav,3.816,512.0,1064.0,5.782726287841797,-3.966801643371582,-9.749527931213379
30,bd008914e8d61f280ef49d1b81b9ba5feafa0195842fb73953d414962085d13881380f143efa9cc3014fb5083f2ca49ec0ac216b23e48f676493303b320d17d3,0,hindi_griffinlim_eval_final/fake_hindi_griffinlim/hindi_fake_0030.wav,3.816,0.0,0.0,-0.6287569999694824,-0.6287569999694824,0.0
31,e0a47331065c4e1a9ffd6eed4cb902b631814a6130faf9401d447eba044cf1af767ff9a242e7c97886c74ac130ec73716192fd074e4abca825e77caca52e0ca0,1,hindi_griffinlim_eval_final/real_hindi/hindi_real_0031.wav,3.492,640.0,452.0,5.638798713684082,-0.8954208493232727,-6.534219563007355
31,e0a47331065c4e1a9ffd6eed4cb902b631814a6130faf9401d447eba044cf1af767ff9a242e7c97886c74ac130ec73716192fd074e4abca825e77caca52e0ca0,0,hindi_griffinlim_eval_final/fake_hindi_griffinlim/hindi_fake_0031.wav,3.492,0.0,0.0,-0.25289779901504517,-0.25289779901504517,0.0
32,d24af5ee15190d3fc14dfc4ee3c75c75fe66fb537d4c7cf94e0e7d489ba442240b112a68a9dcd921ed48aaf17649bacd187e913bf4f22c1471cdc0fd263e9aa7,1,hindi_griffinlim_eval_final/real_hindi/hindi_real_0032.wav,6.372,448.0,548.0,3.1744437217712402,-0.7196964025497437,-3.894140124320984
32,d24af5ee15190d3fc14dfc4ee3c75c75fe66fb537d4c7cf94e0e7d489ba442240b112a68a9dcd921ed48aaf17649bacd187e913bf4f22c1471cdc0fd263e9aa7,0,hindi_griffinlim_eval_final/fake_hindi_griffinlim/hindi_fake_0032.wav,6.372,0.0,0.0,-5.275794982910156,-5.275794982910156,0.0
33,daa76944376a4ffb1588dd2a305c507bc1b8e14eafbbb1784aba0d0e901a3ceccaa5f1d84909bc13f2ff0ab6c7facb2ac2e487daed3470c7fe44022f33cd2a26,1,hindi_griffinlim_eval_final/real_hindi/hindi_real_0033.wav,3.348,832.0,1044.0,5.613521575927734,-3.7475600242614746,-9.361081600189209
33,daa76944376a4ffb1588dd2a305c507bc1b8e14eafbbb1784aba0d0e901a3ceccaa5f1d84909bc13f2ff0ab6c7facb2ac2e487daed3470c7fe44022f33cd2a26,0,hindi_griffinlim_eval_final/fake_hindi_griffinlim/hindi_fake_0033.wav,3.348,0.0,0.0,5.505742073059082,5.505742073059082,0.0
34,c0fce8f25f23b41ed1321b49a5940b20f8b61130c14559d79ddf3816e5a433e06cad1469ff786911ce97ba8ea234da6b623881f3bb65339d1d3dd296e477a193,1,hindi_griffinlim_eval_final/real_hindi/hindi_real_0034.wav,7.056,256.0,272.0,3.2728538513183594,-2.0303239822387695,-5.303177833557129
34,c0fce8f25f23b41ed1321b49a5940b20f8b61130c14559d79ddf3816e5a433e06cad1469ff786911ce97ba8ea234da6b623881f3bb65339d1d3dd296e477a193,0,hindi_griffinlim_eval_final/fake_hindi_griffinlim/hindi_fake_0034.wav,7.056,256.0,272.0,-0.7430875301361084,-5.203908920288086,-4.4608213901519775
35,7fbf4c95e3140e3dc38caf6b69156e7b0c31b692322f830bd453acafa852716c55556b85dab23eb2fcf7567541c68490442cf56fba72b2b29acffe250f110146,1,hindi_griffinlim_eval_final/real_hindi/hindi_real_0035.wav,7.056,864.0,624.0,4.989880561828613,-2.862370252609253,-7.852250814437866
35,7fbf4c95e3140e3dc38caf6b69156e7b0c31b692322f830bd453acafa852716c55556b85dab23eb2fcf7567541c68490442cf56fba72b2b29acffe250f110146,0,hindi_griffinlim_eval_final/fake_hindi_griffinlim/hindi_fake_0035.wav,7.056,0.0,0.0,-2.7900500297546387,-2.7900500297546387,0.0
36,1da3e82d56c4b06d4028ecc92aca9dc352823b8ec3e30de4da211906b610e38731002b15ef77c26455730b72f40ec1685543812f28aebbf3d093e8e83b3bad25,1,hindi_griffinlim_eval_final/real_hindi/hindi_real_0036.wav,6.48,416.0,272.0,5.323167324066162,3.9813225269317627,-1.3418447971343994
36,1da3e82d56c4b06d4028ecc92aca9dc352823b8ec3e30de4da211906b610e38731002b15ef77c26455730b72f40ec1685543812f28aebbf3d093e8e83b3bad25,0,hindi_griffinlim_eval_final/fake_hindi_griffinlim/hindi_fake_0036.wav,6.48,0.0,0.0,-3.8456716537475586,-3.8456716537475586,0.0
37,75c6bb7203a8fae0c08c18b39bebaf7f25f86e3b2cdbb1dbd65927288474b3fa5b24c5c88144d238b93b8327677bdfbdf560078a95a3594a6b6ea7dbf3f3eec8,1,hindi_griffinlim_eval_final/real_hindi/hindi_real_0037.wav,2.88,736.0,896.0,5.734079360961914,-4.469205379486084,-10.203284740447998
37,75c6bb7203a8fae0c08c18b39bebaf7f25f86e3b2cdbb1dbd65927288474b3fa5b24c5c88144d238b93b8327677bdfbdf560078a95a3594a6b6ea7dbf3f3eec8,0,hindi_griffinlim_eval_final/fake_hindi_griffinlim/hindi_fake_0037.wav,2.88,0.0,0.0,-1.9025862216949463,-1.9025862216949463,0.0
38,1ab26689a68e6aeb9ee56daf140f5d65c19295d6b65eaef9f51f22cbd867b635758194eb9640790ea7d37a0de2bd5d0f235fb7662cc80dda56261f92c3cb4475,1,hindi_griffinlim_eval_final/real_hindi/hindi_real_0038.wav,2.916,800.0,804.0,4.9455976486206055,-3.176283121109009,-8.121880769729614
38,1ab26689a68e6aeb9ee56daf140f5d65c19295d6b65eaef9f51f22cbd867b635758194eb9640790ea7d37a0de2bd5d0f235fb7662cc80dda56261f92c3cb4475,0,hindi_griffinlim_eval_final/fake_hindi_griffinlim/hindi_fake_0038.wav,2.916,0.0,0.0,0.4609207510948181,0.4609207510948181,0.0
39,ccd20bfc67c11f3e895626eb3d7e07e2eecb1ce583467fa1a70d8bda435a9fc5cf14c4a421d7811cf579acb2397447cbd649ac6eaaa8073a71a7d04ccb90882b,1,hindi_griffinlim_eval_final/real_hindi/hindi_real_0039.wav,5.328,896.0,1872.0,5.543509483337402,-4.919280052185059,-10.462789535522461
39,ccd20bfc67c11f3e895626eb3d7e07e2eecb1ce583467fa1a70d8bda435a9fc5cf14c4a421d7811cf579acb2397447cbd649ac6eaaa8073a71a7d04ccb90882b,0,hindi_griffinlim_eval_final/fake_hindi_griffinlim/hindi_fake_0039.wav,5.328,896.0,1872.0,5.559504985809326,-5.4247636795043945,-10.98426866531372
40,424c16a8450e8b742c1380d9d38d919d880a36379e8c7e09126a2a8411022bc42cbae339c1d8dfd42695fb073ca783ed5e86b8a2531d11c4491259ab1378e445,1,hindi_griffinlim_eval_final/real_hindi/hindi_real_0040.wav,5.976,64.0,504.0,3.351454257965088,1.775410771369934,-1.5760434865951538
40,424c16a8450e8b742c1380d9d38d919d880a36379e8c7e09126a2a8411022bc42cbae339c1d8dfd42695fb073ca783ed5e86b8a2531d11c4491259ab1378e445,0,hindi_griffinlim_eval_final/fake_hindi_griffinlim/hindi_fake_0040.wav,5.976,0.0,0.0,6.976315498352051,6.976315498352051,0.0
41,8c19c5b99c8b1ac2264eb9486484732c9d5ec2f0bcc679213d2b2d740efeec83673995013ff2ad72008fa9176ea0eedf32ea29d6b09e71426ac03b6026cff906,1,hindi_griffinlim_eval_final/real_hindi/hindi_real_0041.wav,3.42,128.0,1084.0,5.971440315246582,3.902336597442627,-2.069103717803955
41,8c19c5b99c8b1ac2264eb9486484732c9d5ec2f0bcc679213d2b2d740efeec83673995013ff2ad72008fa9176ea0eedf32ea29d6b09e71426ac03b6026cff906,0,hindi_griffinlim_eval_final/fake_hindi_griffinlim/hindi_fake_0041.wav,3.42,0.0,0.0,-0.671571671962738,-0.671571671962738,0.0
42,23e7986df66ecae7556379ef6a8c59490f3a38d789ddcbb9af2e0bdac45ded855c8a27be3ec862f45918adec219022883c1f64ea3ca811371c818856357ef5be,1,hindi_griffinlim_eval_final/real_hindi/hindi_real_0042.wav,7.02,128.0,684.0,1.5292633771896362,2.564408779144287,1.0351454019546509
42,23e7986df66ecae7556379ef6a8c59490f3a38d789ddcbb9af2e0bdac45ded855c8a27be3ec862f45918adec219022883c1f64ea3ca811371c818856357ef5be,0,hindi_griffinlim_eval_final/fake_hindi_griffinlim/hindi_fake_0042.wav,7.02,0.0,0.0,-1.273314118385315,-1.273314118385315,0.0
43,4fcdd17805b736cac2dc920985d2187185e759b54d9cfe7d2654dd8f4aff10e630e579edcb5cb4d04f215bebe6d096d9e932203345ad7272e889beca6a5c20e7,1,hindi_griffinlim_eval_final/real_hindi/hindi_real_0043.wav,5.22,128.0,228.0,-4.574990272521973,-6.072688102722168,-1.4976978302001953
43,4fcdd17805b736cac2dc920985d2187185e759b54d9cfe7d2654dd8f4aff10e630e579edcb5cb4d04f215bebe6d096d9e932203345ad7272e889beca6a5c20e7,0,hindi_griffinlim_eval_final/fake_hindi_griffinlim/hindi_fake_0043.wav,5.22,0.0,0.0,-3.092223644256592,-3.092223644256592,0.0
44,3aef16007bd29046bf29aa965433206ce23419410af7d4bc3d292635ddc31b83ce37bccb79f9f0fb3d857b77a1bba903b1dfbadc1d390b9c5b687a475c9f29a6,1,hindi_griffinlim_eval_final/real_hindi/hindi_real_0044.wav,4.788,672.0,1108.0,2.119454860687256,-0.8501050472259521,-2.969559907913208
44,3aef16007bd29046bf29aa965433206ce23419410af7d4bc3d292635ddc31b83ce37bccb79f9f0fb3d857b77a1bba903b1dfbadc1d390b9c5b687a475c9f29a6,0,hindi_griffinlim_eval_final/fake_hindi_griffinlim/hindi_fake_0044.wav,4.788,0.0,0.0,-0.6340972185134888,-0.6340972185134888,0.0
45,7fbf4c95e3140e3dc38caf6b69156e7b0c31b692322f830bd453acafa852716c55556b85dab23eb2fcf7567541c68490442cf56fba72b2b29acffe250f110146,1,hindi_griffinlim_eval_final/real_hindi/hindi_real_0045.wav,4.932,512.0,484.0,3.9454314708709717,-3.6776514053344727,-7.623082876205444
45,7fbf4c95e3140e3dc38caf6b69156e7b0c31b692322f830bd453acafa852716c55556b85dab23eb2fcf7567541c68490442cf56fba72b2b29acffe250f110146,0,hindi_griffinlim_eval_final/fake_hindi_griffinlim/hindi_fake_0045.wav,4.932,0.0,0.0,-1.6629186868667603,-1.6629186868667603,0.0
46,ca96256894b92e0525b6f8bf5bac013efa869bfe9b8ec767a84d2e0b6f9f3108886cad7b3c9e622cc74ce7c803c4f9d96080e182713805211464db35f0adb51e,1,hindi_griffinlim_eval_final/real_hindi/hindi_real_0046.wav,6.948,96.0,612.0,4.0865678787231445,4.2859578132629395,0.19938993453979492
46,ca96256894b92e0525b6f8bf5bac013efa869bfe9b8ec767a84d2e0b6f9f3108886cad7b3c9e622cc74ce7c803c4f9d96080e182713805211464db35f0adb51e,0,hindi_griffinlim_eval_final/fake_hindi_griffinlim/hindi_fake_0046.wav,6.944,96.0,608.0,1.6080865859985352,1.9711631536483765,0.3630765676498413
47,e1687c2dade4c9e56bf74181a1c6eabd5d85fb05e2ded2d7f443e3cdf646f19b835db4fd303c73f3b7e94b0d03f6d27c4429abdaf1a56ee81e35ee7bc67bc67c,1,hindi_griffinlim_eval_final/real_hindi/hindi_real_0047.wav,4.32,896.0,704.0,-1.3916101455688477,-5.693535804748535,-4.3019256591796875
47,e1687c2dade4c9e56bf74181a1c6eabd5d85fb05e2ded2d7f443e3cdf646f19b835db4fd303c73f3b7e94b0d03f6d27c4429abdaf1a56ee81e35ee7bc67bc67c,0,hindi_griffinlim_eval_final/fake_hindi_griffinlim/hindi_fake_0047.wav,4.32,0.0,0.0,1.312926173210144,1.312926173210144,0.0
48,0296590f079d0307e6a54bed03a9a137e124eae99c566ac40f5e14ff6f07084af6f1b3c11b51c8910d774cc6ae571696c616838249c2e12fe64eae03221496c8,1,hindi_griffinlim_eval_final/real_hindi/hindi_real_0048.wav,6.588,960.0,380.0,1.4165760278701782,-5.569533348083496,-6.986109375953674
48,0296590f079d0307e6a54bed03a9a137e124eae99c566ac40f5e14ff6f07084af6f1b3c11b51c8910d774cc6ae571696c616838249c2e12fe64eae03221496c8,0,hindi_griffinlim_eval_final/fake_hindi_griffinlim/hindi_fake_0048.wav,6.588,0.0,0.0,1.8988982439041138,1.8988982439041138,0.0
49,ecc7e59a32c148c0940caf49e33b11c6c9cbcd065d19c3a636df8798f9a2b79eec188e8b8ec5c0ba3212d762cde863f145957a01d44291181826e1579efbcf79,1,hindi_griffinlim_eval_final/real_hindi/hindi_real_0049.wav,4.644,32.0,4.0,-1.25240957736969,-0.7255390882492065,0.5268704891204834
49,ecc7e59a32c148c0940caf49e33b11c6c9cbcd065d19c3a636df8798f9a2b79eec188e8b8ec5c0ba3212d762cde863f145957a01d44291181826e1579efbcf79,0,hindi_griffinlim_eval_final/fake_hindi_griffinlim/hindi_fake_0049.wav,4.644,0.0,0.0,6.877963542938232,6.877963542938232,0.0
50,c7c4e5ded1e6121c38594d1e3bbb5a49f1d269f96c2591f9e2d4da7cf5c9cdc7598248c5d24452c832160a2503d344167242cafabc1dc3936e1a6065b281ae77,1,hindi_griffinlim_eval_final/real_hindi/hindi_real_0050.wav,6.024,0.0,552.0,0.3661009669303894,0.3661009669303894,0.0
50,c7c4e5ded1e6121c38594d1e3bbb5a49f1d269f96c2591f9e2d4da7cf5c9cdc7598248c5d24452c832160a2503d344167242cafabc1dc3936e1a6065b281ae77,0,hindi_griffinlim_eval_final/fake_hindi_griffinlim/hindi_fake_0050.wav,6.016,0.0,544.0,-5.724579334259033,-5.724579334259033,0.0
51,0db277015ed4c7602383504e75bcfead10db6e33b12e442a983cb259a17baf2c98daf32f18e2c1917269103a2ef1776d88cab0357c43c487473d8fa511dde7e8,1,hindi_griffinlim_eval_final/real_hindi/hindi_real_0051.wav,3.96,480.0,1496.0,5.773652076721191,-4.5718536376953125,-10.345505714416504
51,0db277015ed4c7602383504e75bcfead10db6e33b12e442a983cb259a17baf2c98daf32f18e2c1917269103a2ef1776d88cab0357c43c487473d8fa511dde7e8,0,hindi_griffinlim_eval_final/fake_hindi_griffinlim/hindi_fake_0051.wav,3.96,0.0,0.0,-0.5959324836730957,-0.5959324836730957,0.0
52,5910123d516315dfc2a43523d5cbc63444096a4cd38bb8b772155e3c51fb2f1eb673beaa1603de242ad8aa5dafe9d0ebd85a1c02bc6a7ee45e636585932306ae,1,hindi_griffinlim_eval_final/real_hindi/hindi_real_0052.wav,3.06,64.0,0.0,5.938246726989746,6.003943920135498,0.06569719314575195
52,5910123d516315dfc2a43523d5cbc63444096a4cd38bb8b772155e3c51fb2f1eb673beaa1603de242ad8aa5dafe9d0ebd85a1c02bc6a7ee45e636585932306ae,0,hindi_griffinlim_eval_final/fake_hindi_griffinlim/hindi_fake_0052.wav,3.06,0.0,0.0,7.012137413024902,7.012137413024902,0.0
53,c45d64f4a9ad8d1efb4d802830abc40f0e0e29e23a1d399fb4e668a1781d60c7b6329f4ed2b4ee75586b7ef748b73a373cb36707965a2b5785d7e9ce6196f390,1,hindi_griffinlim_eval_final/real_hindi/hindi_real_0053.wav,6.012,0.0,284.0,2.9177212715148926,2.9177212715148926,0.0
53,c45d64f4a9ad8d1efb4d802830abc40f0e0e29e23a1d399fb4e668a1781d60c7b6329f4ed2b4ee75586b7ef748b73a373cb36707965a2b5785d7e9ce6196f390,0,hindi_griffinlim_eval_final/fake_hindi_griffinlim/hindi_fake_0053.wav,6.0,0.0,272.0,0.40600112080574036,0.40600112080574036,0.0
54,eb0cf518c980fbaafc44b52459e6edc777cf01758412dc63e1de49438b83b2d292941510deee22dd7111854884991b9e9fc276183f07dc59d4a6c8174d8da2dd,1,hindi_griffinlim_eval_final/real_hindi/hindi_real_0054.wav,6.012,480.0,28.0,1.4715068340301514,-4.999470233917236,-6.470977067947388
54,eb0cf518c980fbaafc44b52459e6edc777cf01758412dc63e1de49438b83b2d292941510deee22dd7111854884991b9e9fc276183f07dc59d4a6c8174d8da2dd,0,hindi_griffinlim_eval_final/fake_hindi_griffinlim/hindi_fake_0054.wav,6.012,0.0,0.0,-4.204995155334473,-4.204995155334473,0.0
55,aafda704e52784565ee078117b2a7941d822e96444d43cfe115de75e654f8c08c23b050eebe7b4264498537464b6e45cd0624f23aec65f904b156464d5056d52,1,hindi_griffinlim_eval_final/real_hindi/hindi_real_0055.wav,6.84,736.0,1080.0,5.185806751251221,-0.11341230571269989,-5.299219056963921
55,aafda704e52784565ee078117b2a7941d822e96444d43cfe115de75e654f8c08c23b050eebe7b4264498537464b6e45cd0624f23aec65f904b156464d5056d52,0,hindi_griffinlim_eval_final/fake_hindi_griffinlim/hindi_fake_0055.wav,6.84,0.0,0.0,-0.3070189952850342,-0.3070189952850342,0.0
56,2f15fd7bc51b2ba02064a0da5d475e0d6fc67649859ea797ce166b32fbfcd6af3d56241cdaa9d7107918bf5979de4ab7e702c6f255f5f2cfb0d154e19d960b17,1,hindi_griffinlim_eval_final/real_hindi/hindi_real_0056.wav,5.04,32.0,16.0,-4.526718616485596,-4.833792209625244,-0.30707359313964844
56,2f15fd7bc51b2ba02064a0da5d475e0d6fc67649859ea797ce166b32fbfcd6af3d56241cdaa9d7107918bf5979de4ab7e702c6f255f5f2cfb0d154e19d960b17,0,hindi_griffinlim_eval_final/fake_hindi_griffinlim/hindi_fake_0056.wav,5.04,0.0,0.0,-0.5464205741882324,-0.5464205741882324,0.0
57,d90832cc68e035bb366f526063da0ab186f06a937ef3231ab75fc53435821a112d7bb6d7115d594de6dfbd621d82acbd51ea43de2dd65619fe4b023cdf759fc9,1,hindi_griffinlim_eval_final/real_hindi/hindi_real_0057.wav,4.536,32.0,344.0,0.5023534893989563,0.20217762887477875,-0.30017586052417755
57,d90832cc68e035bb366f526063da0ab186f06a937ef3231ab75fc53435821a112d7bb6d7115d594de6dfbd621d82acbd51ea43de2dd65619fe4b023cdf759fc9,0,hindi_griffinlim_eval_final/fake_hindi_griffinlim/hindi_fake_0057.wav,4.536,0.0,0.0,-5.0185346603393555,-5.0185346603393555,0.0
58,3255dc44d5426ad255e14c4db4d12b224dfffd1e594a400a47cee7aafcd670d56a9834052a13be30307100ec6a3e1f8bffe33260e25f32c5a89ef64c744c0433,1,hindi_griffinlim_eval_final/real_hindi/hindi_real_0058.wav,4.32,576.0,192.0,6.072048187255859,-1.1669856309890747,-7.239033818244934
58,3255dc44d5426ad255e14c4db4d12b224dfffd1e594a400a47cee7aafcd670d56a9834052a13be30307100ec6a3e1f8bffe33260e25f32c5a89ef64c744c0433,0,hindi_griffinlim_eval_final/fake_hindi_griffinlim/hindi_fake_0058.wav,4.32,0.0,0.0,6.434558868408203,6.434558868408203,0.0
59,fab15f5f87bd26a0f326787f96d92497bbfb5aea170dd8a415966cb8f7a5a7011bcb0b50bc9d46cdcf3edecaa6cf6753be6afd814aa420c9fd4e4ab3a40e7faa,1,hindi_griffinlim_eval_final/real_hindi/hindi_real_0059.wav,6.948,384.0,900.0,4.023683071136475,3.3544533252716064,-0.6692297458648682
59,fab15f5f87bd26a0f326787f96d92497bbfb5aea170dd8a415966cb8f7a5a7011bcb0b50bc9d46cdcf3edecaa6cf6753be6afd814aa420c9fd4e4ab3a40e7faa,0,hindi_griffinlim_eval_final/fake_hindi_griffinlim/hindi_fake_0059.wav,6.948,0.0,0.0,-5.141925811767578,-5.141925811767578,0.0
60,9c12887b11ae7ce76bcb5c4ca6b56f174e89c82f02c52c05b93ac7a40b6fb7b28d8474241a7dc36b3ad5b36eab48a209bf7e68a905ca64ac40b89e9311dec25d,1,hindi_griffinlim_eval_final/real_hindi/hindi_real_0060.wav,2.736,128.0,0.0,5.226855278015137,4.609111785888672,-0.6177434921264648
60,9c12887b11ae7ce76bcb5c4ca6b56f174e89c82f02c52c05b93ac7a40b6fb7b28d8474241a7dc36b3ad5b36eab48a209bf7e68a905ca64ac40b89e9311dec25d,0,hindi_griffinlim_eval_final/fake_hindi_griffinlim/hindi_fake_0060.wav,2.736,0.0,0.0,6.122021675109863,6.122021675109863,0.0
61,ccd20bfc67c11f3e895626eb3d7e07e2eecb1ce583467fa1a70d8bda435a9fc5cf14c4a421d7811cf579acb2397447cbd649ac6eaaa8073a71a7d04ccb90882b,1,hindi_griffinlim_eval_final/real_hindi/hindi_real_0061.wav,5.508,1088.0,68.0,4.676525115966797,1.1237057447433472,-3.5528193712234497
61,ccd20bfc67c11f3e895626eb3d7e07e2eecb1ce583467fa1a70d8bda435a9fc5cf14c4a421d7811cf579acb2397447cbd649ac6eaaa8073a71a7d04ccb90882b,0,hindi_griffinlim_eval_final/fake_hindi_griffinlim/hindi_fake_0061.wav,5.508,0.0,0.0,-5.106131553649902,-5.106131553649902,0.0
62,c0fce8f25f23b41ed1321b49a5940b20f8b61130c14559d79ddf3816e5a433e06cad1469ff786911ce97ba8ea234da6b623881f3bb65339d1d3dd296e477a193,1,hindi_griffinlim_eval_final/real_hindi/hindi_real_0062.wav,3.528,256.0,424.0,3.519697666168213,-4.376358509063721,-7.896056175231934
62,c0fce8f25f23b41ed1321b49a5940b20f8b61130c14559d79ddf3816e5a433e06cad1469ff786911ce97ba8ea234da6b623881f3bb65339d1d3dd296e477a193,0,hindi_griffinlim_eval_final/fake_hindi_griffinlim/hindi_fake_0062.wav,3.528,0.0,0.0,-2.3111743927001953,-2.3111743927001953,0.0
63,0d2120fd5389d89f197e877a642aeb305bd4d8a9820d642a3ca7e83fe64ca61a0a8b15a37958f3629aa855408d3eabc56d2521ff9a06db24bd0c95320f66efab,1,hindi_griffinlim_eval_final/real_hindi/hindi_real_0063.wav,7.38,384.0,1652.0,-0.6264923810958862,-2.2660388946533203,-1.639546513557434
63,0d2120fd5389d89f197e877a642aeb305bd4d8a9820d642a3ca7e83fe64ca61a0a8b15a37958f3629aa855408d3eabc56d2521ff9a06db24bd0c95320f66efab,0,hindi_griffinlim_eval_final/fake_hindi_griffinlim/hindi_fake_0063.wav,7.38,0.0,0.0,-2.8674230575561523,-2.8674230575561523,0.0
64,5b3872837902e6d95327320c254ce8cc9e7b69e3ad4e2e54f93009f6f44af95a3b2bd03dd9504518ddea0ce1bb0793458ea03d00ccd3c918aba1a0a91476da99,1,hindi_griffinlim_eval_final/real_hindi/hindi_real_0064.wav,4.296,32.0,1640.0,2.0525219440460205,-1.22262442111969,-3.2751463651657104
64,5b3872837902e6d95327320c254ce8cc9e7b69e3ad4e2e54f93009f6f44af95a3b2bd03dd9504518ddea0ce1bb0793458ea03d00ccd3c918aba1a0a91476da99,0,hindi_griffinlim_eval_final/fake_hindi_griffinlim/hindi_fake_0064.wav,4.296,0.0,0.0,-1.3015414476394653,-1.3015414476394653,0.0
65,bbc6419b468f96f9a81d7c8c0eeb06dc2ef630ef810662472bff59d9df3e43bc26b9d784d84faaa541a3d2e1541014302610a7426fb91797046b37d96bacaf2e,1,hindi_griffinlim_eval_final/real_hindi/hindi_real_0065.wav,6.516,800.0,884.0,3.831501007080078,-2.9274795055389404,-6.7589805126190186
65,bbc6419b468f96f9a81d7c8c0eeb06dc2ef630ef810662472bff59d9df3e43bc26b9d784d84faaa541a3d2e1541014302610a7426fb91797046b37d96bacaf2e,0,hindi_griffinlim_eval_final/fake_hindi_griffinlim/hindi_fake_0065.wav,6.516,0.0,0.0,2.7259743213653564,2.7259743213653564,0.0
66,cc1693f2d0cabb0990f6510436b2406fbe0c4858c27f2c0b104c5f5c2499816770058f47af5d1bee60ed9027a18d60ad2e9dec2e2c3476373afe61afa078a3a4,1,hindi_griffinlim_eval_final/real_hindi/hindi_real_0066.wav,5.04,832.0,1168.0,6.09201717376709,5.144951820373535,-0.9470653533935547
66,cc1693f2d0cabb0990f6510436b2406fbe0c4858c27f2c0b104c5f5c2499816770058f47af5d1bee60ed9027a18d60ad2e9dec2e2c3476373afe61afa078a3a4,0,hindi_griffinlim_eval_final/fake_hindi_griffinlim/hindi_fake_0066.wav,5.04,0.0,0.0,3.349172830581665,3.349172830581665,0.0
67,0eef353f918900f4b6b2c52b697013c0ac2340228d97696f460545e777a0a619dc934a6e2bdc5329525c74d683591af809ae5b8d4157abba6321a5b7366bb73e,1,hindi_griffinlim_eval_final/real_hindi/hindi_real_0067.wav,3.312,160.0,0.0,6.309860706329346,5.9288740158081055,-0.38098669052124023
67,0eef353f918900f4b6b2c52b697013c0ac2340228d97696f460545e777a0a619dc934a6e2bdc5329525c74d683591af809ae5b8d4157abba6321a5b7366bb73e,0,hindi_griffinlim_eval_final/fake_hindi_griffinlim/hindi_fake_0067.wav,3.312,0.0,0.0,7.027386665344238,7.027386665344238,0.0
68,aa9327f862e22c8a7e7c1cc05e596b019cb19e79329dfd7495112ab3dafda315d4ab663885cb951c63be27858c37f1aa245b0907d689b37ee4db113148053cc6,1,hindi_griffinlim_eval_final/real_hindi/hindi_real_0068.wav,3.96,128.0,0.0,-1.6390992403030396,-2.789748430252075,-1.1506491899490356
68,aa9327f862e22c8a7e7c1cc05e596b019cb19e79329dfd7495112ab3dafda315d4ab663885cb951c63be27858c37f1aa245b0907d689b37ee4db113148053cc6,0,hindi_griffinlim_eval_final/fake_hindi_griffinlim/hindi_fake_0068.wav,3.96,0.0,0.0,-5.849720001220703,-5.849720001220703,0.0
69,38a6ab913e27c72c3f28f3d2da65caa00933288bfaaa24633ad7168676bf34a4bdf59bba015f1be078031901c2a05ed997cd106fc7bb6ffe0cead3f59ca77415,1,hindi_griffinlim_eval_final/real_hindi/hindi_real_0069.wav,7.884,768.0,0.0,5.715610504150391,-0.8817692995071411,-6.597379803657532
69,38a6ab913e27c72c3f28f3d2da65caa00933288bfaaa24633ad7168676bf34a4bdf59bba015f1be078031901c2a05ed997cd106fc7bb6ffe0cead3f59ca77415,0,hindi_griffinlim_eval_final/fake_hindi_griffinlim/hindi_fake_0069.wav,7.884,0.0,0.0,6.928895950317383,6.928895950317383,0.0
70,c88824395561074e0eb0ebc1280d4866dbc29f01c026899e205a1db558ba1be8d683a10dc5e1f8117571ea0794f699ebe359e833d714ad66942a429a2112a5a6,1,hindi_griffinlim_eval_final/real_hindi/hindi_real_0070.wav,4.248,224.0,376.0,6.019705772399902,5.902957916259766,-0.11674785614013672
70,c88824395561074e0eb0ebc1280d4866dbc29f01c026899e205a1db558ba1be8d683a10dc5e1f8117571ea0794f699ebe359e833d714ad66942a429a2112a5a6,0,hindi_griffinlim_eval_final/fake_hindi_griffinlim/hindi_fake_0070.wav,4.248,0.0,0.0,6.808705806732178,6.808705806732178,0.0
71,4c946f553c704abd727b3818b1d22dba011a368043575278b58ae219f71cb8914e6cac82abe55d7da17f49bea4cceb3b96c17355a6f5b078c19a947defb9061c,1,hindi_griffinlim_eval_final/real_hindi/hindi_real_0071.wav,5.004,224.0,780.0,1.2887725830078125,-3.072279214859009,-4.361051797866821
71,4c946f553c704abd727b3818b1d22dba011a368043575278b58ae219f71cb8914e6cac82abe55d7da17f49bea4cceb3b96c17355a6f5b078c19a947defb9061c,0,hindi_griffinlim_eval_final/fake_hindi_griffinlim/hindi_fake_0071.wav,5.004,0.0,0.0,-4.226966857910156,-4.226966857910156,0.0
72,1963c5f396b43a02ea6a7cf2cacaafb042bfe53209c711d2325e2e4cfd7185370746e463b5ceb83f9ac807e048b8891b494db95e3bd7eccfbef896877eea9bbc,1,hindi_griffinlim_eval_final/real_hindi/hindi_real_0072.wav,3.096,1152.0,344.0,-0.8464568257331848,-5.982289791107178,-5.135832965373993
72,1963c5f396b43a02ea6a7cf2cacaafb042bfe53209c711d2325e2e4cfd7185370746e463b5ceb83f9ac807e048b8891b494db95e3bd7eccfbef896877eea9bbc,0,hindi_griffinlim_eval_final/fake_hindi_griffinlim/hindi_fake_0072.wav,3.096,0.0,0.0,-0.9274416565895081,-0.9274416565895081,0.0
73,ccd20bfc67c11f3e895626eb3d7e07e2eecb1ce583467fa1a70d8bda435a9fc5cf14c4a421d7811cf579acb2397447cbd649ac6eaaa8073a71a7d04ccb90882b,1,hindi_griffinlim_eval_final/real_hindi/hindi_real_0073.wav,5.652,960.0,84.0,4.540359020233154,-1.4698195457458496,-6.010178565979004
73,ccd20bfc67c11f3e895626eb3d7e07e2eecb1ce583467fa1a70d8bda435a9fc5cf14c4a421d7811cf579acb2397447cbd649ac6eaaa8073a71a7d04ccb90882b,0,hindi_griffinlim_eval_final/fake_hindi_griffinlim/hindi_fake_0073.wav,5.648,960.0,48.0,2.4073734283447266,-5.699217796325684,-8.10659122467041
74,b64c2976e1395e1a65c549fed8cab613af6f6cf8e2f34416a1933b4c64f0b29ffcb82150ee5e396dab451f109f414930ff4938b4241d97e8919fe9f99a02893d,1,hindi_griffinlim_eval_final/real_hindi/hindi_real_0074.wav,6.48,832.0,1904.0,4.100465297698975,-0.8128324747085571,-4.913297772407532
74,b64c2976e1395e1a65c549fed8cab613af6f6cf8e2f34416a1933b4c64f0b29ffcb82150ee5e396dab451f109f414930ff4938b4241d97e8919fe9f99a02893d,0,hindi_griffinlim_eval_final/fake_hindi_griffinlim/hindi_fake_0074.wav,6.48,0.0,0.0,-2.5736336708068848,-2.5736336708068848,0.0
75,6990e943cefc8a2ed3e12aa2c2a781793096d1aaf311b175943b3029333a59e74f30086965cfb6f7db8b79b431c41a44e6b4aa3f806707fc0c4e5da883dd1d54,1,hindi_griffinlim_eval_final/real_hindi/hindi_real_0075.wav,4.5,1024.0,660.0,4.460160255432129,-4.6891045570373535,-9.149264812469482
75,6990e943cefc8a2ed3e12aa2c2a781793096d1aaf311b175943b3029333a59e74f30086965cfb6f7db8b79b431c41a44e6b4aa3f806707fc0c4e5da883dd1d54,0,hindi_griffinlim_eval_final/fake_hindi_griffinlim/hindi_fake_0075.wav,4.5,0.0,0.0,-0.464679479598999,-0.464679479598999,0.0
76,b9854a362f9f2796f98c3105310553f5d5b1d2aea5f247080a0d9ab5d329ac51e5e519bad74bd68b022867bb103a42741c9523a32ce80c3a4ac8ed64c4bde957,1,hindi_griffinlim_eval_final/real_hindi/hindi_real_0076.wav,4.056,0.0,0.0,1.7084753513336182,1.7084753513336182,0.0
76,b9854a362f9f2796f98c3105310553f5d5b1d2aea5f247080a0d9ab5d329ac51e5e519bad74bd68b022867bb103a42741c9523a32ce80c3a4ac8ed64c4bde957,0,hindi_griffinlim_eval_final/fake_hindi_griffinlim/hindi_fake_0076.wav,4.056,0.0,0.0,0.009264830499887466,0.009264830499887466,0.0
77,aafda704e52784565ee078117b2a7941d822e96444d43cfe115de75e654f8c08c23b050eebe7b4264498537464b6e45cd0624f23aec65f904b156464d5056d52,1,hindi_griffinlim_eval_final/real_hindi/hindi_real_0077.wav,5.112,512.0,664.0,-0.8502328395843506,-5.600951194763184,-4.750718355178833
77,aafda704e52784565ee078117b2a7941d822e96444d43cfe115de75e654f8c08c23b050eebe7b4264498537464b6e45cd0624f23aec65f904b156464d5056d52,0,hindi_griffinlim_eval_final/fake_hindi_griffinlim/hindi_fake_0077.wav,5.112,0.0,0.0,-1.2391270399093628,-1.2391270399093628,0.0
78,0663aeb40f5d5ea46610cac3ca0183f2193b429770c84b516efe7d199b8b110944005539d986613fdc9d6532694f43c3a8e4dfc9de8ae7bfbc8b57b412ef71dd,1,hindi_griffinlim_eval_final/real_hindi/hindi_real_0078.wav,3.42,1024.0,1116.0,5.380336284637451,-4.995261192321777,-10.375597476959229
78,0663aeb40f5d5ea46610cac3ca0183f2193b429770c84b516efe7d199b8b110944005539d986613fdc9d6532694f43c3a8e4dfc9de8ae7bfbc8b57b412ef71dd,0,hindi_griffinlim_eval_final/fake_hindi_griffinlim/hindi_fake_0078.wav,3.42,0.0,0.0,-3.3658547401428223,-3.3658547401428223,0.0
79,63293ff4cc67280b10da2df2fd2763db65ca8493af191e121605b45457373b9d2f7d073324125f2ec4d3d5aa138903f3532048b49083306757421a463dcad13b,1,hindi_griffinlim_eval_final/real_hindi/hindi_real_0079.wav,3.6,1024.0,688.0,5.839627265930176,-4.2185258865356445,-10.05815315246582
79,63293ff4cc67280b10da2df2fd2763db65ca8493af191e121605b45457373b9d2f7d073324125f2ec4d3d5aa138903f3532048b49083306757421a463dcad13b,0,hindi_griffinlim_eval_final/fake_hindi_griffinlim/hindi_fake_0079.wav,3.6,0.0,0.0,-0.6337365508079529,-0.6337365508079529,0.0
80,4165462ba3028c7e25d5ff7abf7e81fe2d31ab129cfa039232a6753837447e299445e86cc1a94db3a8957d1cf55c3a1aaa96b297a0c75a814bc1a2df686daae8,1,hindi_griffinlim_eval_final/real_hindi/hindi_real_0080.wav,6.48,64.0,16.0,1.6172374486923218,3.137784242630005,1.520546793937683
80,4165462ba3028c7e25d5ff7abf7e81fe2d31ab129cfa039232a6753837447e299445e86cc1a94db3a8957d1cf55c3a1aaa96b297a0c75a814bc1a2df686daae8,0,hindi_griffinlim_eval_final/fake_hindi_griffinlim/hindi_fake_0080.wav,6.48,0.0,0.0,-0.9556694030761719,-0.9556694030761719,0.0
81,6cd8f602bf899de8fa9a30238cb461650682d47e62a5d12042ec213877ca4d9f7f83e3635c1374cddf16260688058dddb7ba7f5466c279dadd85e033038b6b08,1,hindi_griffinlim_eval_final/real_hindi/hindi_real_0081.wav,3.528,32.0,0.0,-1.9659315347671509,-1.8259750604629517,0.13995647430419922
81,6cd8f602bf899de8fa9a30238cb461650682d47e62a5d12042ec213877ca4d9f7f83e3635c1374cddf16260688058dddb7ba7f5466c279dadd85e033038b6b08,0,hindi_griffinlim_eval_final/fake_hindi_griffinlim/hindi_fake_0081.wav,3.528,0.0,0.0,-0.7441794872283936,-0.7441794872283936,0.0
82,43dc11a5328c78dc9536527d6945245d5b3e371fdeea987ac538a30956eacc649639e2b09c28bf3ee4f4f764475880bb8f68a5cd20ef78800a664b72a86ffe58,1,hindi_griffinlim_eval_final/real_hindi/hindi_real_0082.wav,4.752,576.0,432.0,4.726932525634766,-5.048248291015625,-9.77518081665039
82,43dc11a5328c78dc9536527d6945245d5b3e371fdeea987ac538a30956eacc649639e2b09c28bf3ee4f4f764475880bb8f68a5cd20ef78800a664b72a86ffe58,0,hindi_griffinlim_eval_final/fake_hindi_griffinlim/hindi_fake_0082.wav,4.752,0.0,0.0,-4.648341178894043,-4.648341178894043,0.0
83,755950c6eb4b91d87a8d62458e27e794e08783fbb4e47b61730e21bb685a9d3634dab0401114292ec8b3d3a282e0248c34c8868056fdb057716c14ae2b9844fc,1,hindi_griffinlim_eval_final/real_hindi/hindi_real_0083.wav,4.824,640.0,696.0,3.785630226135254,-5.491377830505371,-9.277008056640625
83,755950c6eb4b91d87a8d62458e27e794e08783fbb4e47b61730e21bb685a9d3634dab0401114292ec8b3d3a282e0248c34c8868056fdb057716c14ae2b9844fc,0,hindi_griffinlim_eval_final/fake_hindi_griffinlim/hindi_fake_0083.wav,4.816,640.0,688.0,0.44526004791259766,-5.314369201660156,-5.759629249572754
84,ca96256894b92e0525b6f8bf5bac013efa869bfe9b8ec767a84d2e0b6f9f3108886cad7b3c9e622cc74ce7c803c4f9d96080e182713805211464db35f0adb51e,1,hindi_griffinlim_eval_final/real_hindi/hindi_real_0084.wav,4.104,576.0,8.0,3.1092045307159424,-2.00176739692688,-5.110971927642822
84,ca96256894b92e0525b6f8bf5bac013efa869bfe9b8ec767a84d2e0b6f9f3108886cad7b3c9e622cc74ce7c803c4f9d96080e182713805211464db35f0adb51e,0,hindi_griffinlim_eval_final/fake_hindi_griffinlim/hindi_fake_0084.wav,4.104,0.0,0.0,-2.34560227394104,-2.34560227394104,0.0
85,be71c5c863d6de0f351032d62a7be08c92ba176b5062de0dafb4440746492bbcf9cd33f72220ff106d4b21f86dd04bb624bf109c7252900c3f92b4303d603af1,1,hindi_griffinlim_eval_final/real_hindi/hindi_real_0085.wav,7.56,512.0,904.0,5.389682769775391,1.8551530838012695,-3.534529685974121
85,be71c5c863d6de0f351032d62a7be08c92ba176b5062de0dafb4440746492bbcf9cd33f72220ff106d4b21f86dd04bb624bf109c7252900c3f92b4303d603af1,0,hindi_griffinlim_eval_final/fake_hindi_griffinlim/hindi_fake_0085.wav,7.56,0.0,0.0,6.098618507385254,6.098618507385254,0.0
86,46f23ae11e8565e979749342e1097a77fe3ef574253f10323351763c97b22c07b42362b03c576fa1d45361cede36368bbd6b9325f1f93cd2b8ed161a560ece2a,1,hindi_griffinlim_eval_final/real_hindi/hindi_real_0086.wav,3.552,544.0,896.0,5.88129997253418,-2.103745937347412,-7.985045909881592
86,46f23ae11e8565e979749342e1097a77fe3ef574253f10323351763c97b22c07b42362b03c576fa1d45361cede36368bbd6b9325f1f93cd2b8ed161a560ece2a,0,hindi_griffinlim_eval_final/fake_hindi_griffinlim/hindi_fake_0086.wav,3.552,0.0,0.0,-0.5767019987106323,-0.5767019987106323,0.0
87,b4f42e39378d93e8dbfced78bbf812a8cc9189b8dfbb1c6645703265e04ab91bedc692dbfa2b975577e7674dd6c8f12fb351477a3655c9646374d3f3b3fbc1a6,1,hindi_griffinlim_eval_final/real_hindi/hindi_real_0087.wav,3.06,512.0,980.0,6.170018672943115,5.54004430770874,-0.629974365234375
87,b4f42e39378d93e8dbfced78bbf812a8cc9189b8dfbb1c6645703265e04ab91bedc692dbfa2b975577e7674dd6c8f12fb351477a3655c9646374d3f3b3fbc1a6,0,hindi_griffinlim_eval_final/fake_hindi_griffinlim/hindi_fake_0087.wav,3.06,0.0,0.0,5.352603912353516,5.352603912353516,0.0
88,aff2956ed66065c2040906c6e11253e54ffc0b308716a128efaa77f3d6e3556995079d82c9e63b19a0ab8b910eee082f68314b87acfd5c070341b6b9e1bda5bf,1,hindi_griffinlim_eval_final/real_hindi/hindi_real_0088.wav,6.48,736.0,1008.0,-1.6305341720581055,-6.235555171966553,-4.605020999908447
88,aff2956ed66065c2040906c6e11253e54ffc0b308716a128efaa77f3d6e3556995079d82c9e63b19a0ab8b910eee082f68314b87acfd5c070341b6b9e1bda5bf,0,hindi_griffinlim_eval_final/fake_hindi_griffinlim/hindi_fake_0088.wav,6.48,0.0,0.0,-0.6745207905769348,-0.6745207905769348,0.0
89,e6f76063e0bed01647274603154c6319e89caf2d63a94e0c72490f58e3bca473aba94f53d264079979a367057af8c6e8152ef88087ac70720ea6175f8f9e4970,1,hindi_griffinlim_eval_final/real_hindi/hindi_real_0089.wav,6.3,544.0,0.0,-0.7909063100814819,-2.2985453605651855,-1.5076390504837036
89,e6f76063e0bed01647274603154c6319e89caf2d63a94e0c72490f58e3bca473aba94f53d264079979a367057af8c6e8152ef88087ac70720ea6175f8f9e4970,0,hindi_griffinlim_eval_final/fake_hindi_griffinlim/hindi_fake_0089.wav,6.3,0.0,0.0,-1.2465871572494507,-1.2465871572494507,0.0
90,ca96256894b92e0525b6f8bf5bac013efa869bfe9b8ec767a84d2e0b6f9f3108886cad7b3c9e622cc74ce7c803c4f9d96080e182713805211464db35f0adb51e,1,hindi_griffinlim_eval_final/real_hindi/hindi_real_0090.wav,6.156,32.0,172.0,4.675599098205566,4.930209159851074,0.2546100616455078
90,ca96256894b92e0525b6f8bf5bac013efa869bfe9b8ec767a84d2e0b6f9f3108886cad7b3c9e622cc74ce7c803c4f9d96080e182713805211464db35f0adb51e,0,hindi_griffinlim_eval_final/fake_hindi_griffinlim/hindi_fake_0090.wav,6.144,32.0,160.0,3.18101167678833,3.3372669219970703,0.15625524520874023
91,a6d08697c738730178993390c6a57ba2b8e2944e43cf91bc222be8589b56ae2271a0e072fadd7f735cc7479c0ea16887e186a8e4a478276381c1d96dcd49e461,1,hindi_griffinlim_eval_final/real_hindi/hindi_real_0091.wav,5.22,32.0,4.0,0.8646383285522461,1.3055129051208496,0.4408745765686035
91,a6d08697c738730178993390c6a57ba2b8e2944e43cf91bc222be8589b56ae2271a0e072fadd7f735cc7479c0ea16887e186a8e4a478276381c1d96dcd49e461,0,hindi_griffinlim_eval_final/fake_hindi_griffinlim/hindi_fake_0091.wav,5.22,0.0,0.0,7.041245460510254,7.041245460510254,0.0
92,8a05ca02926d437b43ff4cc21925621fc16dbeaf8e35977e8c6f5da4d29494951203f52e20050d365fe263f76336e15d23cf8d1f0c0514c9fd900f7d92b108a1,1,hindi_griffinlim_eval_final/real_hindi/hindi_real_0092.wav,4.356,608.0,324.0,4.394529819488525,-5.31137228012085,-9.705902099609375
92,8a05ca02926d437b43ff4cc21925621fc16dbeaf8e35977e8c6f5da4d29494951203f52e20050d365fe263f76336e15d23cf8d1f0c0514c9fd900f7d92b108a1,0,hindi_griffinlim_eval_final/fake_hindi_griffinlim/hindi_fake_0092.wav,4.352,608.0,288.0,1.8350186347961426,-4.789125442504883,-6.624144077301025
93,52f22814969ddf3ae439c9927cdc815781938e7b8db9939cbe5cc7211c83b3dd6eccb62b360571d4002d64878c3b70340e8a76bf784048ff984b73b71d31fc52,1,hindi_griffinlim_eval_final/real_hindi/hindi_real_0093.wav,3.132,96.0,956.0,5.46044397354126,2.1233177185058594,-3.3371262550354004
93,52f22814969ddf3ae439c9927cdc815781938e7b8db9939cbe5cc7211c83b3dd6eccb62b360571d4002d64878c3b70340e8a76bf784048ff984b73b71d31fc52,0,hindi_griffinlim_eval_final/fake_hindi_griffinlim/hindi_fake_0093.wav,3.132,0.0,0.0,5.626651763916016,5.626651763916016,0.0
94,c7c4e5ded1e6121c38594d1e3bbb5a49f1d269f96c2591f9e2d4da7cf5c9cdc7598248c5d24452c832160a2503d344167242cafabc1dc3936e1a6065b281ae77,1,hindi_griffinlim_eval_final/real_hindi/hindi_real_0094.wav,2.64,0.0,560.0,-2.5691018104553223,-2.8832836151123047,-0.3141818046569824
94,c7c4e5ded1e6121c38594d1e3bbb5a49f1d269f96c2591f9e2d4da7cf5c9cdc7598248c5d24452c832160a2503d344167242cafabc1dc3936e1a6065b281ae77,0,hindi_griffinlim_eval_final/fake_hindi_griffinlim/hindi_fake_0094.wav,2.64,0.0,560.0,-5.927725315093994,-5.943387508392334,-0.015662193298339844
95,f398e532c4307d0fb6f23dda4b599e05c8483a5211aab4dba56e24a0acc89810af5b98cc96afe0b55fdee3b41250c05571fa3d170e517213e71e52e481a80df1,1,hindi_griffinlim_eval_final/real_hindi/hindi_real_0095.wav,3.744,352.0,384.0,3.272988796234131,-1.622912049293518,-4.895900845527649
95,f398e532c4307d0fb6f23dda4b599e05c8483a5211aab4dba56e24a0acc89810af5b98cc96afe0b55fdee3b41250c05571fa3d170e517213e71e52e481a80df1,0,hindi_griffinlim_eval_final/fake_hindi_griffinlim/hindi_fake_0095.wav,3.744,320.0,384.0,-0.45657414197921753,-5.361982345581055,-4.905408203601837
96,cba73505723d31fe1d355fd9c1ba00f36d72661f667b151bb2e4db347100a72793ca3d5351e0293af666bf35d2684deb3e4bbc6fe630ffabe699d80709a0ea07,1,hindi_griffinlim_eval_final/real_hindi/hindi_real_0096.wav,7.128,32.0,1240.0,0.8989417552947998,0.44217631220817566,-0.45676544308662415
96,cba73505723d31fe1d355fd9c1ba00f36d72661f667b151bb2e4db347100a72793ca3d5351e0293af666bf35d2684deb3e4bbc6fe630ffabe699d80709a0ea07,0,hindi_griffinlim_eval_final/fake_hindi_griffinlim/hindi_fake_0096.wav,7.128,0.0,0.0,6.027056694030762,6.027056694030762,0.0
97,64fcf403ddfb930184eae9b9ad9fbb9a712ebab06fdb5e7dbe7621dcd2cd5101f593c37e8e254ff38294b6dcc8bec4808c197c2d7599c0c4126045b1ac9b51d0,1,hindi_griffinlim_eval_final/real_hindi/hindi_real_0097.wav,4.704,1248.0,576.0,-1.4627395868301392,-6.033846855163574,-4.571107268333435
97,64fcf403ddfb930184eae9b9ad9fbb9a712ebab06fdb5e7dbe7621dcd2cd5101f593c37e8e254ff38294b6dcc8bec4808c197c2d7599c0c4126045b1ac9b51d0,0,hindi_griffinlim_eval_final/fake_hindi_griffinlim/hindi_fake_0097.wav,4.704,0.0,0.0,4.865737438201904,4.865737438201904,0.0
98,bd008914e8d61f280ef49d1b81b9ba5feafa0195842fb73953d414962085d13881380f143efa9cc3014fb5083f2ca49ec0ac216b23e48f676493303b320d17d3,1,hindi_griffinlim_eval_final/real_hindi/hindi_real_0098.wav,4.932,864.0,836.0,4.01304817199707,-4.775593280792236,-8.788641452789307
98,bd008914e8d61f280ef49d1b81b9ba5feafa0195842fb73953d414962085d13881380f143efa9cc3014fb5083f2ca49ec0ac216b23e48f676493303b320d17d3,0,hindi_griffinlim_eval_final/fake_hindi_griffinlim/hindi_fake_0098.wav,4.932,0.0,0.0,4.933472633361816,4.933472633361816,0.0
99,9392443e20fff21db185ec2e21925398c267cdaec962d7a8bff381ae171fd3563894988fe4244da0866881fb39e56492843fac59b139c31b99211d6c8f44c2ac,1,hindi_griffinlim_eval_final/real_hindi/hindi_real_0099.wav,4.356,96.0,772.0,-2.1242105960845947,-4.258951187133789,-2.1347405910491943
99,9392443e20fff21db185ec2e21925398c267cdaec962d7a8bff381ae171fd3563894988fe4244da0866881fb39e56492843fac59b139c31b99211d6c8f44c2ac,0,hindi_griffinlim_eval_final/fake_hindi_griffinlim/hindi_fake_0099.wav,4.356,0.0,0.0,-4.645284652709961,-4.645284652709961,0.0
100,4ed9b617b3f93ef9ae23b42f64cf4e1d53ffefcf405e7e908ad346119c60ff08710f902131c673fcca0a5f0b8980b8e128ba5e30ccefc5780ced1cacb3dde0ed,1,hindi_griffinlim_eval_final/real_hindi/hindi_real_0100.wav,4.824,224.0,0.0,5.935523509979248,5.785031318664551,-0.15049219131469727
100,4ed9b617b3f93ef9ae23b42f64cf4e1d53ffefcf405e7e908ad346119c60ff08710f902131c673fcca0a5f0b8980b8e128ba5e30ccefc5780ced1cacb3dde0ed,0,hindi_griffinlim_eval_final/fake_hindi_griffinlim/hindi_fake_0100.wav,4.824,0.0,0.0,6.437996864318848,6.437996864318848,0.0
101,3aef16007bd29046bf29aa965433206ce23419410af7d4bc3d292635ddc31b83ce37bccb79f9f0fb3d857b77a1bba903b1dfbadc1d390b9c5b687a475c9f29a6,1,hindi_griffinlim_eval_final/real_hindi/hindi_real_0101.wav,5.58,960.0,1196.0,4.718306064605713,4.494918346405029,-0.2233877182006836
101,3aef16007bd29046bf29aa965433206ce23419410af7d4bc3d292635ddc31b83ce37bccb79f9f0fb3d857b77a1bba903b1dfbadc1d390b9c5b687a475c9f29a6,0,hindi_griffinlim_eval_final/fake_hindi_griffinlim/hindi_fake_0101.wav,5.58,0.0,0.0,0.32188680768013,0.32188680768013,0.0
102,d09397973383a68b428b2de77fa5f97b990441e1d4f668eca001e162425c7928eb19441bc4e961b80af9f9414a3d1ce66d15cc8fde6c11fbb24bf65ac1eddcf0,1,hindi_griffinlim_eval_final/real_hindi/hindi_real_0102.wav,4.608,64.0,32.0,1.1252989768981934,2.079193115234375,0.9538941383361816
102,d09397973383a68b428b2de77fa5f97b990441e1d4f668eca001e162425c7928eb19441bc4e961b80af9f9414a3d1ce66d15cc8fde6c11fbb24bf65ac1eddcf0,0,hindi_griffinlim_eval_final/fake_hindi_griffinlim/hindi_fake_0102.wav,4.608,0.0,0.0,-5.385003089904785,-5.385003089904785,0.0
103,9960686415eb494ee9537261d6666881f9ba972c52152db480cd96dd07d7bf619cd2f1f9d30815cdc61bbbd4eb031b57cf2297022021dc923732cd69a3a4a5d4,1,hindi_griffinlim_eval_final/real_hindi/hindi_real_0103.wav,7.164,288.0,92.0,5.340750694274902,3.966032028198242,-1.3747186660766602
103,9960686415eb494ee9537261d6666881f9ba972c52152db480cd96dd07d7bf619cd2f1f9d30815cdc61bbbd4eb031b57cf2297022021dc923732cd69a3a4a5d4,0,hindi_griffinlim_eval_final/fake_hindi_griffinlim/hindi_fake_0103.wav,7.164,0.0,0.0,0.6071853637695312,0.6071853637695312,0.0
104,949d46bd8792e08b2ee6c5736df551c23a26e45db1306d71836317cfc115ff4cf71da8164c9063aeefd98bd8c12626dbe22b79a07420d6fe8317fb6fc9fa368b,1,hindi_griffinlim_eval_final/real_hindi/hindi_real_0104.wav,4.572,0.0,348.0,4.855292797088623,4.855292797088623,0.0
104,949d46bd8792e08b2ee6c5736df551c23a26e45db1306d71836317cfc115ff4cf71da8164c9063aeefd98bd8c12626dbe22b79a07420d6fe8317fb6fc9fa368b,0,hindi_griffinlim_eval_final/fake_hindi_griffinlim/hindi_fake_0104.wav,4.572,0.0,0.0,5.603188514709473,5.603188514709473,0.0
105,9960686415eb494ee9537261d6666881f9ba972c52152db480cd96dd07d7bf619cd2f1f9d30815cdc61bbbd4eb031b57cf2297022021dc923732cd69a3a4a5d4,1,hindi_griffinlim_eval_final/real_hindi/hindi_real_0105.wav,4.824,192.0,88.0,5.2281293869018555,5.132203102111816,-0.09592628479003906
105,9960686415eb494ee9537261d6666881f9ba972c52152db480cd96dd07d7bf619cd2f1f9d30815cdc61bbbd4eb031b57cf2297022021dc923732cd69a3a4a5d4,0,hindi_griffinlim_eval_final/fake_hindi_griffinlim/hindi_fake_0105.wav,4.824,0.0,0.0,5.093829154968262,5.093829154968262,0.0
106,169afd68fa12674be328762c77fff1783f807dfc52a7f9b0ec599d77f5fb9bd8998ec8f9fea575f4bee8d86d2ea242a97ee6de9da1bf191f541113fd3c432206,1,hindi_griffinlim_eval_final/real_hindi/hindi_real_0106.wav,5.688,576.0,824.0,4.3763427734375,3.650033950805664,-0.7263088226318359
106,169afd68fa12674be328762c77fff1783f807dfc52a7f9b0ec599d77f5fb9bd8998ec8f9fea575f4bee8d86d2ea242a97ee6de9da1bf191f541113fd3c432206,0,hindi_griffinlim_eval_final/fake_hindi_griffinlim/hindi_fake_0106.wav,5.688,0.0,0.0,1.4573191404342651,1.4573191404342651,0.0
107,203176393d9928d38b3aecb45ba1ad1c05c8223b492bfe21e6c5c6359083f8bb68f24ab7bf449051e8527e9beee0055a3628608173b59bad7bf948e6d3e0ff27,1,hindi_griffinlim_eval_final/real_hindi/hindi_real_0107.wav,7.992,800.0,568.0,1.3307157754898071,-5.835644721984863,-7.16636049747467
107,203176393d9928d38b3aecb45ba1ad1c05c8223b492bfe21e6c5c6359083f8bb68f24ab7bf449051e8527e9beee0055a3628608173b59bad7bf948e6d3e0ff27,0,hindi_griffinlim_eval_final/fake_hindi_griffinlim/hindi_fake_0107.wav,7.992,0.0,0.0,-0.6699280142784119,-0.6699280142784119,0.0
108,c0fce8f25f23b41ed1321b49a5940b20f8b61130c14559d79ddf3816e5a433e06cad1469ff786911ce97ba8ea234da6b623881f3bb65339d1d3dd296e477a193,1,hindi_griffinlim_eval_final/real_hindi/hindi_real_0108.wav,4.968,32.0,1256.0,4.470029830932617,4.006112575531006,-0.46391725540161133
108,c0fce8f25f23b41ed1321b49a5940b20f8b61130c14559d79ddf3816e5a433e06cad1469ff786911ce97ba8ea234da6b623881f3bb65339d1d3dd296e477a193,0,hindi_griffinlim_eval_final/fake_hindi_griffinlim/hindi_fake_0108.wav,4.96,32.0,1216.0,0.5863455533981323,0.7170728445053101,0.13072729110717773
109,d1d9c267ebee74a32597d31c9167b2edb1f99cb7f4aa13501a5cc3bd519deaa2516058fb40da1e55deef24bb43e231ab5f17484bb11468d631c90e3bf29b76d4,1,hindi_griffinlim_eval_final/real_hindi/hindi_real_0109.wav,7.848,896.0,616.0,-0.3159222900867462,-5.57183837890625,-5.255916088819504
109,d1d9c267ebee74a32597d31c9167b2edb1f99cb7f4aa13501a5cc3bd519deaa2516058fb40da1e55deef24bb43e231ab5f17484bb11468d631c90e3bf29b76d4,0,hindi_griffinlim_eval_final/fake_hindi_griffinlim/hindi_fake_0109.wav,7.848,0.0,0.0,6.95356559753418,6.95356559753418,0.0
110,3a9a2751ae7b00505f0ab31fe4c6b3d76e4b23763244c136363aed1903cc89d8668e1187df7236c6ac0ef40422fd5802ca4000aa26a29cc5c77c978b07a4d12a,1,hindi_griffinlim_eval_final/real_hindi/hindi_real_0110.wav,5.4,1024.0,1144.0,4.346323490142822,-4.900572776794434,-9.246896266937256
110,3a9a2751ae7b00505f0ab31fe4c6b3d76e4b23763244c136363aed1903cc89d8668e1187df7236c6ac0ef40422fd5802ca4000aa26a29cc5c77c978b07a4d12a,0,hindi_griffinlim_eval_final/fake_hindi_griffinlim/hindi_fake_0110.wav,5.4,0.0,0.0,-1.9850033521652222,-1.9850033521652222,0.0
111,36062260d676bde6039ce120c376465b2bd64e0699bac4f5ccf693568a39376a0cbc895a1c3ad2b74de0236420dc51f0dc3bc8d7f1fcac394756286a2c426056,1,hindi_griffinlim_eval_final/real_hindi/hindi_real_0111.wav,5.976,96.0,440.0,2.5858712196350098,2.8772525787353516,0.2913813591003418
111,36062260d676bde6039ce120c376465b2bd64e0699bac4f5ccf693568a39376a0cbc895a1c3ad2b74de0236420dc51f0dc3bc8d7f1fcac394756286a2c426056,0,hindi_griffinlim_eval_final/fake_hindi_griffinlim/hindi_fake_0111.wav,5.968,96.0,432.0,0.8240797519683838,1.8998445272445679,1.075764775276184
112,9960686415eb494ee9537261d6666881f9ba972c52152db480cd96dd07d7bf619cd2f1f9d30815cdc61bbbd4eb031b57cf2297022021dc923732cd69a3a4a5d4,1,hindi_griffinlim_eval_final/real_hindi/hindi_real_0112.wav,4.248,768.0,1080.0,4.707785129547119,-4.672481536865234,-9.380266666412354
112,9960686415eb494ee9537261d6666881f9ba972c52152db480cd96dd07d7bf619cd2f1f9d30815cdc61bbbd4eb031b57cf2297022021dc923732cd69a3a4a5d4,0,hindi_griffinlim_eval_final/fake_hindi_griffinlim/hindi_fake_0112.wav,4.248,0.0,0.0,2.7069590091705322,2.7069590091705322,0.0
113,3aef16007bd29046bf29aa965433206ce23419410af7d4bc3d292635ddc31b83ce37bccb79f9f0fb3d857b77a1bba903b1dfbadc1d390b9c5b687a475c9f29a6,1,hindi_griffinlim_eval_final/real_hindi/hindi_real_0113.wav,5.94,64.0,724.0,3.6530604362487793,3.420682430267334,-0.2323780059814453
113,3aef16007bd29046bf29aa965433206ce23419410af7d4bc3d292635ddc31b83ce37bccb79f9f0fb3d857b77a1bba903b1dfbadc1d390b9c5b687a475c9f29a6,0,hindi_griffinlim_eval_final/fake_hindi_griffinlim/hindi_fake_0113.wav,5.94,0.0,0.0,-0.8121123313903809,-0.8121123313903809,0.0
114,ea8f8541a19f474c4246d33005ad2c365f8b82b7a9b214bc39bd7b0ea6469e6d17fc574bce867f5fa60612c98df61735b7e95bf0d9c731a290e4c4bd515098bb,1,hindi_griffinlim_eval_final/real_hindi/hindi_real_0114.wav,7.2,928.0,832.0,5.0642290115356445,-3.2034552097320557,-8.2676842212677
114,ea8f8541a19f474c4246d33005ad2c365f8b82b7a9b214bc39bd7b0ea6469e6d17fc574bce867f5fa60612c98df61735b7e95bf0d9c731a290e4c4bd515098bb,0,hindi_griffinlim_eval_final/fake_hindi_griffinlim/hindi_fake_0114.wav,7.2,0.0,0.0,-0.415620893239975,-0.415620893239975,0.0
115,2b0295a46df33cca7111334e28048e4ca8856ac39e51ceba5d127c2defec2c84aa3dbbe0b2cd9a0057a3710d4ca5936186ac62306a21dbc4f493acb9486d1452,1,hindi_griffinlim_eval_final/real_hindi/hindi_real_0115.wav,4.392,768.0,1000.0,5.36812686920166,-4.702337265014648,-10.070464134216309
115,2b0295a46df33cca7111334e28048e4ca8856ac39e51ceba5d127c2defec2c84aa3dbbe0b2cd9a0057a3710d4ca5936186ac62306a21dbc4f493acb9486d1452,0,hindi_griffinlim_eval_final/fake_hindi_griffinlim/hindi_fake_0115.wav,4.392,0.0,0.0,-0.44517144560813904,-0.44517144560813904,0.0
116,4ed9b617b3f93ef9ae23b42f64cf4e1d53ffefcf405e7e908ad346119c60ff08710f902131c673fcca0a5f0b8980b8e128ba5e30ccefc5780ced1cacb3dde0ed,1,hindi_griffinlim_eval_final/real_hindi/hindi_real_0116.wav,3.132,192.0,0.0,4.74955940246582,4.753749847412109,0.0041904449462890625
116,4ed9b617b3f93ef9ae23b42f64cf4e1d53ffefcf405e7e908ad346119c60ff08710f902131c673fcca0a5f0b8980b8e128ba5e30ccefc5780ced1cacb3dde0ed,0,hindi_griffinlim_eval_final/fake_hindi_griffinlim/hindi_fake_0116.wav,3.132,0.0,0.0,6.496388912200928,6.496388912200928,0.0
117,bec3277c6c8dbacb7aa7ba04a9c35f956190d6a1d2fdff7d1f82854e93ec3ec507db37e34e75f4b99337491f09abeabf9d41eabbc90cd14cb24790a508fbb712,1,hindi_griffinlim_eval_final/real_hindi/hindi_real_0117.wav,6.12,1088.0,872.0,-1.7750732898712158,-6.083894729614258,-4.308821439743042
117,bec3277c6c8dbacb7aa7ba04a9c35f956190d6a1d2fdff7d1f82854e93ec3ec507db37e34e75f4b99337491f09abeabf9d41eabbc90cd14cb24790a508fbb712,0,hindi_griffinlim_eval_final/fake_hindi_griffinlim/hindi_fake_0117.wav,6.112,1088.0,864.0,-3.64094877243042,-6.051392555236816,-2.4104437828063965
118,b78cf5eebb8ae39161b94c37c3e8aa39f57e5639997972f1ec983cb9f44fcefc18f1c4227b3d8b263477f3444fe05696da0cbd5dacd3cb3900b2cbcf2370b155,1,hindi_griffinlim_eval_final/real_hindi/hindi_real_0118.wav,4.464,768.0,1136.0,5.99716854095459,-0.28443285822868347,-6.281601399183273
118,b78cf5eebb8ae39161b94c37c3e8aa39f57e5639997972f1ec983cb9f44fcefc18f1c4227b3d8b263477f3444fe05696da0cbd5dacd3cb3900b2cbcf2370b155,0,hindi_griffinlim_eval_final/fake_hindi_griffinlim/hindi_fake_0118.wav,4.464,0.0,0.0,-0.9453206062316895,-0.9453206062316895,0.0
119,5a2a681a4af95b92777b6adcd74644a5291136b27678f3afb168b9ebcc348031ce19ae24e738331ee6e5e5e54f6c4c560d455f898f348ad11957ec799c28fe59,1,hindi_griffinlim_eval_final/real_hindi/hindi_real_0119.wav,5.868,928.0,1164.0,5.959409713745117,1.5251895189285278,-4.434220194816589
119,5a2a681a4af95b92777b6adcd74644a5291136b27678f3afb168b9ebcc348031ce19ae24e738331ee6e5e5e54f6c4c560d455f898f348ad11957ec799c28fe59,0,hindi_griffinlim_eval_final/fake_hindi_griffinlim/hindi_fake_0119.wav,5.868,0.0,0.0,-3.819025993347168,-3.819025993347168,0.0
120,9392443e20fff21db185ec2e21925398c267cdaec962d7a8bff381ae171fd3563894988fe4244da0866881fb39e56492843fac59b139c31b99211d6c8f44c2ac,1,hindi_griffinlim_eval_final/real_hindi/hindi_real_0120.wav,5.616,480.0,400.0,1.8454238176345825,-3.35909104347229,-5.204514861106873
120,9392443e20fff21db185ec2e21925398c267cdaec962d7a8bff381ae171fd3563894988fe4244da0866881fb39e56492843fac59b139c31b99211d6c8f44c2ac,0,hindi_griffinlim_eval_final/fake_hindi_griffinlim/hindi_fake_0120.wav,5.616,0.0,0.0,-0.684666097164154,-0.684666097164154,0.0
121,9492b0374bde3e9f6b0f2910f764eb837b8a3c261e9705422378ca4e59d7e977df84518e2169c11a238bf11cbd8477391bc51fdcf9134ad8216402b0cd5c37c6,1,hindi_griffinlim_eval_final/real_hindi/hindi_real_0121.wav,4.788,96.0,276.0,4.62604284286499,4.884499549865723,0.2584567070007324
121,9492b0374bde3e9f6b0f2910f764eb837b8a3c261e9705422378ca4e59d7e977df84518e2169c11a238bf11cbd8477391bc51fdcf9134ad8216402b0cd5c37c6,0,hindi_griffinlim_eval_final/fake_hindi_griffinlim/hindi_fake_0121.wav,4.788,0.0,0.0,-0.806449830532074,-0.806449830532074,0.0
122,9564825a0829d21edd512e0523b3dccf946f9cd0f8b90c2589961c1867f2100b337df3df56dcee0dbdc7b4f23de4dc7d2af884dea2f7a3f6a3f3dc081879acfa,1,hindi_griffinlim_eval_final/real_hindi/hindi_real_0122.wav,4.5,128.0,212.0,6.132629871368408,6.031075954437256,-0.10155391693115234
122,9564825a0829d21edd512e0523b3dccf946f9cd0f8b90c2589961c1867f2100b337df3df56dcee0dbdc7b4f23de4dc7d2af884dea2f7a3f6a3f3dc081879acfa,0,hindi_griffinlim_eval_final/fake_hindi_griffinlim/hindi_fake_0122.wav,4.5,0.0,0.0,6.1371169090271,6.1371169090271,0.0
123,b3a9d00791dae63b944756627fdb96c21c53f4d69beef3a56780607d83e56d0a6faf52d5d704c925bb323f8b2c9a168a87c2cd94fcc3d3abf6b034c9e7f5cd77,1,hindi_griffinlim_eval_final/real_hindi/hindi_real_0123.wav,3.864,736.0,696.0,6.055375099182129,-3.2227182388305664,-9.278093338012695
123,b3a9d00791dae63b944756627fdb96c21c53f4d69beef3a56780607d83e56d0a6faf52d5d704c925bb323f8b2c9a168a87c2cd94fcc3d3abf6b034c9e7f5cd77,0,hindi_griffinlim_eval_final/fake_hindi_griffinlim/hindi_fake_0123.wav,3.864,0.0,0.0,-1.8896112442016602,-1.8896112442016602,0.0
124,1a88297b510c4d15acdd9d6a3f50d13fd6420c8f934e487a7ec5096ab5fbebef165269d581a12002a5eca2cf3fbced4552441668df9c027abd45ef0895eabbc2,1,hindi_griffinlim_eval_final/real_hindi/hindi_real_0124.wav,6.804,768.0,756.0,5.485826015472412,-3.832552194595337,-9.318378210067749
124,1a88297b510c4d15acdd9d6a3f50d13fd6420c8f934e487a7ec5096ab5fbebef165269d581a12002a5eca2cf3fbced4552441668df9c027abd45ef0895eabbc2,0,hindi_griffinlim_eval_final/fake_hindi_griffinlim/hindi_fake_0124.wav,6.804,0.0,0.0,-4.084257125854492,-4.084257125854492,0.0
125,35b57937a48c8fa81eaa6a6af0b8228f449a80b7228b9d97f8ba3a9963ecfdc2bd5c60372b83e4f7ca0133fbb9c4dfdbcb554dbf34c2a262de380f4d396f042a,1,hindi_griffinlim_eval_final/real_hindi/hindi_real_0125.wav,4.788,32.0,1748.0,-0.5977491140365601,-1.045347809791565,-0.4475986957550049
125,35b57937a48c8fa81eaa6a6af0b8228f449a80b7228b9d97f8ba3a9963ecfdc2bd5c60372b83e4f7ca0133fbb9c4dfdbcb554dbf34c2a262de380f4d396f042a,0,hindi_griffinlim_eval_final/fake_hindi_griffinlim/hindi_fake_0125.wav,4.788,0.0,0.0,-0.4352371394634247,-0.4352371394634247,0.0
126,02a40eed38bf20ab1ddca1a5c60f5b2cadd5455be21c7a1ab8e87d65a6fec68495c0d24d8fecdfe3f9d132fdfa842dba33dca093df21b19f3d325519779d13d0,1,hindi_griffinlim_eval_final/real_hindi/hindi_real_0126.wav,5.868,0.0,428.0,5.684667110443115,5.684667110443115,0.0
126,02a40eed38bf20ab1ddca1a5c60f5b2cadd5455be21c7a1ab8e87d65a6fec68495c0d24d8fecdfe3f9d132fdfa842dba33dca093df21b19f3d325519779d13d0,0,hindi_griffinlim_eval_final/fake_hindi_griffinlim/hindi_fake_0126.wav,5.868,0.0,0.0,-0.5004768371582031,-0.5004768371582031,0.0
127,6e20e06229081bf9c063f01cd7b3e0a759f5953624213afea5c397d4b7fe9a4dc5dae704a5faf61147d4155de50dc4a2cafdf78e7e2f8a3dc8633f276065b4cc,1,hindi_griffinlim_eval_final/real_hindi/hindi_real_0127.wav,4.5,832.0,692.0,2.3909683227539062,-4.520518779754639,-6.911487102508545
127,6e20e06229081bf9c063f01cd7b3e0a759f5953624213afea5c397d4b7fe9a4dc5dae704a5faf61147d4155de50dc4a2cafdf78e7e2f8a3dc8633f276065b4cc,0,hindi_griffinlim_eval_final/fake_hindi_griffinlim/hindi_fake_0127.wav,4.5,0.0,0.0,-2.1863455772399902,-2.1863455772399902,0.0
128,a2b044a3cc841c74db098b363426777071a763d77db580920c5fc4e1955a9099b5c35c47b7e4225544e88c454349e2877524aacedf99fc459bfd50146fcb48d3,1,hindi_griffinlim_eval_final/real_hindi/hindi_real_0128.wav,5.22,1152.0,1604.0,3.246412515640259,-5.871837615966797,-9.118250131607056
128,a2b044a3cc841c74db098b363426777071a763d77db580920c5fc4e1955a9099b5c35c47b7e4225544e88c454349e2877524aacedf99fc459bfd50146fcb48d3,0,hindi_griffinlim_eval_final/fake_hindi_griffinlim/hindi_fake_0128.wav,5.22,0.0,0.0,-1.3489018678665161,-1.3489018678665161,0.0
129,0296590f079d0307e6a54bed03a9a137e124eae99c566ac40f5e14ff6f07084af6f1b3c11b51c8910d774cc6ae571696c616838249c2e12fe64eae03221496c8,1,hindi_griffinlim_eval_final/real_hindi/hindi_real_0129.wav,6.84,1088.0,1432.0,3.0021474361419678,-5.896513938903809,-8.898661375045776
129,0296590f079d0307e6a54bed03a9a137e124eae99c566ac40f5e14ff6f07084af6f1b3c11b51c8910d774cc6ae571696c616838249c2e12fe64eae03221496c8,0,hindi_griffinlim_eval_final/fake_hindi_griffinlim/hindi_fake_0129.wav,6.84,0.0,0.0,4.423279762268066,4.423279762268066,0.0
130,8023dc679c28a4172456d8e4b741aba9ed1895ba41b8cd0fd18f02c6775991869a2b8c2802e6ee72defb8caf5ec8ccad0b6fe8fa2b264bb9448ebca8b25c5989,1,hindi_griffinlim_eval_final/real_hindi/hindi_real_0130.wav,6.588,1280.0,700.0,-0.48371416330337524,-5.998779296875,-5.515065133571625
130,8023dc679c28a4172456d8e4b741aba9ed1895ba41b8cd0fd18f02c6775991869a2b8c2802e6ee72defb8caf5ec8ccad0b6fe8fa2b264bb9448ebca8b25c5989,0,hindi_griffinlim_eval_final/fake_hindi_griffinlim/hindi_fake_0130.wav,6.588,0.0,0.0,0.34077030420303345,0.34077030420303345,0.0
131,aaf6b52267451edd43f92433e040803b7c695022ac637484427c841d61dddefbc79acf6b684ebc2769e18c649d9b7a520a0041ecb7898d3f7e49d804f477a3ac,1,hindi_griffinlim_eval_final/real_hindi/hindi_real_0131.wav,3.06,0.0,0.0,-1.7858387231826782,-1.7858387231826782,0.0
131,aaf6b52267451edd43f92433e040803b7c695022ac637484427c841d61dddefbc79acf6b684ebc2769e18c649d9b7a520a0041ecb7898d3f7e49d804f477a3ac,0,hindi_griffinlim_eval_final/fake_hindi_griffinlim/hindi_fake_0131.wav,3.06,0.0,0.0,5.723210334777832,5.723210334777832,0.0
132,aa9327f862e22c8a7e7c1cc05e596b019cb19e79329dfd7495112ab3dafda315d4ab663885cb951c63be27858c37f1aa245b0907d689b37ee4db113148053cc6,1,hindi_griffinlim_eval_final/real_hindi/hindi_real_0132.wav,3.492,128.0,0.0,0.18351106345653534,0.7418237328529358,0.5583126693964005
132,aa9327f862e22c8a7e7c1cc05e596b019cb19e79329dfd7495112ab3dafda315d4ab663885cb951c63be27858c37f1aa245b0907d689b37ee4db113148053cc6,0,hindi_griffinlim_eval_final/fake_hindi_griffinlim/hindi_fake_0132.wav,3.492,0.0,0.0,-0.5712850689888,-0.5712850689888,0.0
133,ff8d1bfdc7d8be2fd275f506691f3ba70d9d60666488ab551bcbb76c3fe93c7cfaa703f465f40b60131807d73913eb37830221336b6803114df015fb7caed36e,1,hindi_griffinlim_eval_final/real_hindi/hindi_real_0133.wav,3.528,256.0,8.0,-0.29307180643081665,-1.8413881063461304,-1.5483162999153137
133,ff8d1bfdc7d8be2fd275f506691f3ba70d9d60666488ab551bcbb76c3fe93c7cfaa703f465f40b60131807d73913eb37830221336b6803114df015fb7caed36e,0,hindi_griffinlim_eval_final/fake_hindi_griffinlim/hindi_fake_0133.wav,3.528,0.0,0.0,-0.6085048317909241,-0.6085048317909241,0.0
134,6b807daab3e34c4820b8d1479f760b35e44e818f9121ce49b70e8cf1fa61e9248b255de0499371b2da3b304c64dd088e8079a770832d3e1036b7d8fb52aebfc8,1,hindi_griffinlim_eval_final/real_hindi/hindi_real_0134.wav,6.12,32.0,8.0,0.26723092794418335,1.3295215368270874,1.062290608882904
134,6b807daab3e34c4820b8d1479f760b35e44e818f9121ce49b70e8cf1fa61e9248b255de0499371b2da3b304c64dd088e8079a770832d3e1036b7d8fb52aebfc8,0,hindi_griffinlim_eval_final/fake_hindi_griffinlim/hindi_fake_0134.wav,6.12,0.0,0.0,-0.4655352830886841,-0.4655352830886841,0.0
135,5e46ac50eb1d862c9c16cabb7768b1b412ed7ec5a51e13e22953cbb21d43c30f5addea8f5b6797634a95c8140661feb46f36a8e68d9968dc8452c0ac88af7e59,1,hindi_griffinlim_eval_final/real_hindi/hindi_real_0135.wav,3.78,64.0,0.0,0.23188327252864838,0.8199241161346436,0.5880408436059952
135,5e46ac50eb1d862c9c16cabb7768b1b412ed7ec5a51e13e22953cbb21d43c30f5addea8f5b6797634a95c8140661feb46f36a8e68d9968dc8452c0ac88af7e59,0,hindi_griffinlim_eval_final/fake_hindi_griffinlim/hindi_fake_0135.wav,3.78,0.0,0.0,0.6264646053314209,0.6264646053314209,0.0
136,7645441bdc18d3b030505861df550d84664b9a9931552e1efeafab2fc218b84b74173a02073f3ab449dfd6be412293b9bfbe39fc0b97793fff0f586d8212ca0d,1,hindi_griffinlim_eval_final/real_hindi/hindi_real_0136.wav,5.076,96.0,628.0,2.807461977005005,3.11043643951416,0.3029744625091553
136,7645441bdc18d3b030505861df550d84664b9a9931552e1efeafab2fc218b84b74173a02073f3ab449dfd6be412293b9bfbe39fc0b97793fff0f586d8212ca0d,0,hindi_griffinlim_eval_final/fake_hindi_griffinlim/hindi_fake_0136.wav,5.076,0.0,0.0,-4.06386137008667,-4.06386137008667,0.0
137,90b97ef0ba555036393f0384c8e6f86e4106dc805efe211de0476387e0aa1b4ba028900e2d59bd67c2c14f82e16765211bded26276241d0c0173fa32e166b9b2,1,hindi_griffinlim_eval_final/real_hindi/hindi_real_0137.wav,3.276,544.0,940.0,-0.26271122694015503,-6.055306434631348,-5.792595207691193
137,90b97ef0ba555036393f0384c8e6f86e4106dc805efe211de0476387e0aa1b4ba028900e2d59bd67c2c14f82e16765211bded26276241d0c0173fa32e166b9b2,0,hindi_griffinlim_eval_final/fake_hindi_griffinlim/hindi_fake_0137.wav,3.276,0.0,0.0,-0.6751891374588013,-0.6751891374588013,0.0
138,439f45a458aa3fb2b90c635b0b8f07e4182c5aec6177ec417f91ee355768fc1655301d31a1c35a6a1727014480d611123576f5e9f6c96385b515a83690d70366,1,hindi_griffinlim_eval_final/real_hindi/hindi_real_0138.wav,4.5,544.0,948.0,-0.12553025782108307,-3.472057342529297,-3.346527084708214
138,439f45a458aa3fb2b90c635b0b8f07e4182c5aec6177ec417f91ee355768fc1655301d31a1c35a6a1727014480d611123576f5e9f6c96385b515a83690d70366,0,hindi_griffinlim_eval_final/fake_hindi_griffinlim/hindi_fake_0138.wav,4.5,0.0,0.0,-0.44859689474105835,-0.44859689474105835,0.0
139,cb191bbd6bef46c81c9d5a49421a071897ee938b184fb94525d71950769ff71a8e4c5380bac3087cf73f11082371a95a9e76e594ba58d9520d5892e39d9d167e,1,hindi_griffinlim_eval_final/real_hindi/hindi_real_0139.wav,5.58,0.0,76.0,-3.06520414352417,-3.06520414352417,0.0
139,cb191bbd6bef46c81c9d5a49421a071897ee938b184fb94525d71950769ff71a8e4c5380bac3087cf73f11082371a95a9e76e594ba58d9520d5892e39d9d167e,0,hindi_griffinlim_eval_final/fake_hindi_griffinlim/hindi_fake_0139.wav,5.568,0.0,64.0,-5.099671363830566,-5.099671363830566,0.0
140,b78cf5eebb8ae39161b94c37c3e8aa39f57e5639997972f1ec983cb9f44fcefc18f1c4227b3d8b263477f3444fe05696da0cbd5dacd3cb3900b2cbcf2370b155,1,hindi_griffinlim_eval_final/real_hindi/hindi_real_0140.wav,5.328,736.0,1040.0,4.880823135375977,-3.431039333343506,-8.311862468719482
140,b78cf5eebb8ae39161b94c37c3e8aa39f57e5639997972f1ec983cb9f44fcefc18f1c4227b3d8b263477f3444fe05696da0cbd5dacd3cb3900b2cbcf2370b155,0,hindi_griffinlim_eval_final/fake_hindi_griffinlim/hindi_fake_0140.wav,5.328,0.0,0.0,-0.6319838762283325,-0.6319838762283325,0.0
141,3f0b866ee8d4499e4c0de09d34862acbb1ea0139f53bf7f1271a8648fb35d9a3a31272a8bc7af870e3b52bf7f4cb51ae512fa07df79663eaeafa30221c0b200b,1,hindi_griffinlim_eval_final/real_hindi/hindi_real_0141.wav,4.896,0.0,0.0,-4.0768256187438965,-4.0768256187438965,0.0
141,3f0b866ee8d4499e4c0de09d34862acbb1ea0139f53bf7f1271a8648fb35d9a3a31272a8bc7af870e3b52bf7f4cb51ae512fa07df79663eaeafa30221c0b200b,0,hindi_griffinlim_eval_final/fake_hindi_griffinlim/hindi_fake_0141.wav,4.896,0.0,0.0,-5.532664775848389,-5.532664775848389,0.0
142,389842e0cd33cfb9876ef3d2f0e50eb0d9842d3a72efb647244e2cab4f456609c2fe3c3584b5307808cc70d8a9f6cbc18617ef2eadf45ed518b03c0dee8dfd87,1,hindi_griffinlim_eval_final/real_hindi/hindi_real_0142.wav,5.784,32.0,2264.0,1.1014331579208374,0.7713952660560608,-0.3300378918647766
142,389842e0cd33cfb9876ef3d2f0e50eb0d9842d3a72efb647244e2cab4f456609c2fe3c3584b5307808cc70d8a9f6cbc18617ef2eadf45ed518b03c0dee8dfd87,0,hindi_griffinlim_eval_final/fake_hindi_griffinlim/hindi_fake_0142.wav,5.776,32.0,2256.0,0.6997334957122803,0.046168167144060135,-0.6535653285682201
143,1ab26689a68e6aeb9ee56daf140f5d65c19295d6b65eaef9f51f22cbd867b635758194eb9640790ea7d37a0de2bd5d0f235fb7662cc80dda56261f92c3cb4475,1,hindi_griffinlim_eval_final/real_hindi/hindi_real_0143.wav,3.096,0.0,664.0,5.630614280700684,5.231472015380859,-0.3991422653198242
143,1ab26689a68e6aeb9ee56daf140f5d65c19295d6b65eaef9f51f22cbd867b635758194eb9640790ea7d37a0de2bd5d0f235fb7662cc80dda56261f92c3cb4475,0,hindi_griffinlim_eval_final/fake_hindi_griffinlim/hindi_fake_0143.wav,3.096,0.0,0.0,1.7381186485290527,1.7381186485290527,0.0
144,ac38b13197dccd9b8389b7ea08fa62f18a0ad7549e1dcb0ac6d9a05f3c3cf0e1a38c50b32020c420310616620b70345d1c7ec60431e9af8f1dd471d271dd2c81,1,hindi_griffinlim_eval_final/real_hindi/hindi_real_0144.wav,4.176,64.0,368.0,0.05135117098689079,-0.24190782010555267,-0.29325899109244347
144,ac38b13197dccd9b8389b7ea08fa62f18a0ad7549e1dcb0ac6d9a05f3c3cf0e1a38c50b32020c420310616620b70345d1c7ec60431e9af8f1dd471d271dd2c81,0,hindi_griffinlim_eval_final/fake_hindi_griffinlim/hindi_fake_0144.wav,4.176,0.0,0.0,-5.20066499710083,-5.20066499710083,0.0
145,ef72dad515c406393c07ffac9b57e6cd1e83073c82a001d49ea19a30fd9976d0d50d4c5cffcfdbec8ea222c152695775d85c227194f2e56516531e1c8e76ff70,1,hindi_griffinlim_eval_final/real_hindi/hindi_real_0145.wav,3.048,416.0,1256.0,5.708224296569824,-2.1247072219848633,-7.8329315185546875
145,ef72dad515c406393c07ffac9b57e6cd1e83073c82a001d49ea19a30fd9976d0d50d4c5cffcfdbec8ea222c152695775d85c227194f2e56516531e1c8e76ff70,0,hindi_griffinlim_eval_final/fake_hindi_griffinlim/hindi_fake_0145.wav,3.048,0.0,0.0,-0.5916692018508911,-0.5916692018508911,0.0
146,51ac71db84d066b7c2fe1dd940f0e75602010e8a2c0a23df2b47108a43c6df09aea35278f729be243a1d02576df693c13705cc367b391889be00e5a572b08fb5,1,hindi_griffinlim_eval_final/real_hindi/hindi_real_0146.wav,7.452,0.0,0.0,-3.682164192199707,-3.682164192199707,0.0
146,51ac71db84d066b7c2fe1dd940f0e75602010e8a2c0a23df2b47108a43c6df09aea35278f729be243a1d02576df693c13705cc367b391889be00e5a572b08fb5,0,hindi_griffinlim_eval_final/fake_hindi_griffinlim/hindi_fake_0146.wav,7.452,0.0,0.0,1.0803152322769165,1.0803152322769165,0.0
147,9929c6f2b01a8c28f2e56c628d79399fb1e541643209aa4c5e28768681147947cad19a67ec59f260cf85a4586e3d35fe427119ab932c78c14583d719abff7062,1,hindi_griffinlim_eval_final/real_hindi/hindi_real_0147.wav,4.32,992.0,1056.0,4.952259063720703,-5.185464382171631,-10.137723445892334
147,9929c6f2b01a8c28f2e56c628d79399fb1e541643209aa4c5e28768681147947cad19a67ec59f260cf85a4586e3d35fe427119ab932c78c14583d719abff7062,0,hindi_griffinlim_eval_final/fake_hindi_griffinlim/hindi_fake_0147.wav,4.32,0.0,0.0,-2.9437646865844727,-2.9437646865844727,0.0
148,6df5947ecd6093ba0b8088111d11231f209c5377b37d2ec78fb66df1c555d0c218e4a7dfd601f4d5395ec9f0579ec4eca44d2fd60b09e80bc62ef446ea485886,1,hindi_griffinlim_eval_final/real_hindi/hindi_real_0148.wav,3.42,608.0,668.0,-5.9800615310668945,-6.076321601867676,-0.09626007080078125
148,6df5947ecd6093ba0b8088111d11231f209c5377b37d2ec78fb66df1c555d0c218e4a7dfd601f4d5395ec9f0579ec4eca44d2fd60b09e80bc62ef446ea485886,0,hindi_griffinlim_eval_final/fake_hindi_griffinlim/hindi_fake_0148.wav,3.42,0.0,0.0,-0.5038526058197021,-0.5038526058197021,0.0
149,43bc745f9a7b6bd69a6cf5af88d6d8a31436266533dfa04def07f906d4fd43867f88a11badb4e6b57aefd010b66136392f98b79281d97eebcad6333be3d07cb2,1,hindi_griffinlim_eval_final/real_hindi/hindi_real_0149.wav,3.996,224.0,0.0,4.283131122589111,4.772773742675781,0.4896426200866699
149,43bc745f9a7b6bd69a6cf5af88d6d8a31436266533dfa04def07f906d4fd43867f88a11badb4e6b57aefd010b66136392f98b79281d97eebcad6333be3d07cb2,0,hindi_griffinlim_eval_final/fake_hindi_griffinlim/hindi_fake_0149.wav,3.996,0.0,0.0,-0.8980288505554199,-0.8980288505554199,0.0
150,c9e3c968c1d5b3622fc320ddfee5e4f9ab20a053ad60bc247ae48a626a9989bc2687e3e054f55a444c9ccb71e2ddce887fc8fdfa617ebb5e9d4771676d8074b4,1,hindi_griffinlim_eval_final/real_hindi/hindi_real_0150.wav,6.444,64.0,1324.0,0.11986419558525085,-1.318055272102356,-1.4379194676876068
150,c9e3c968c1d5b3622fc320ddfee5e4f9ab20a053ad60bc247ae48a626a9989bc2687e3e054f55a444c9ccb71e2ddce887fc8fdfa617ebb5e9d4771676d8074b4,0,hindi_griffinlim_eval_final/fake_hindi_griffinlim/hindi_fake_0150.wav,6.444,0.0,0.0,0.8363439440727234,0.8363439440727234,0.0
151,80d92595b38c164010ef7313465d16463f2c96fa6fc022b2e01e189d36b259ca8c60d34dedd33eb9e2efc010529edd502641106737ba607a53218e01e86be40a,1,hindi_griffinlim_eval_final/real_hindi/hindi_real_0151.wav,7.38,864.0,180.0,-0.9494302272796631,-5.892909049987793,-4.94347882270813
151,80d92595b38c164010ef7313465d16463f2c96fa6fc022b2e01e189d36b259ca8c60d34dedd33eb9e2efc010529edd502641106737ba607a53218e01e86be40a,0,hindi_griffinlim_eval_final/fake_hindi_griffinlim/hindi_fake_0151.wav,7.38,0.0,0.0,-1.7204170227050781,-1.7204170227050781,0.0
152,42dbccb16fa1ce50253a96dee532a7c4030f9daa92599271e4c0692efc8e58f669205bbcedf0ddf1f51f1e5753260ad39f6e0a5e6f85d5d24b3c5b3a20114c4c,1,hindi_griffinlim_eval_final/real_hindi/hindi_real_0152.wav,4.248,800.0,728.0,4.545141696929932,-4.550278663635254,-9.095420360565186
152,42dbccb16fa1ce50253a96dee532a7c4030f9daa92599271e4c0692efc8e58f669205bbcedf0ddf1f51f1e5753260ad39f6e0a5e6f85d5d24b3c5b3a20114c4c,0,hindi_griffinlim_eval_final/fake_hindi_griffinlim/hindi_fake_0152.wav,4.24,800.0,720.0,0.9990492463111877,-4.721942901611328,-5.720992147922516
153,551ead2654838dfeb5faff96cbcc6d7ca4ac208e9f84293d31d5c89ae3e612bcc525e7f2cc8a050c834c1d550d9880c84e908cf0c4e90a885b36001c989f7aa6,1,hindi_griffinlim_eval_final/real_hindi/hindi_real_0153.wav,4.788,1120.0,852.0,4.46674919128418,-4.545157432556152,-9.011906623840332
153,551ead2654838dfeb5faff96cbcc6d7ca4ac208e9f84293d31d5c89ae3e612bcc525e7f2cc8a050c834c1d550d9880c84e908cf0c4e90a885b36001c989f7aa6,0,hindi_griffinlim_eval_final/fake_hindi_griffinlim/hindi_fake_0153.wav,4.788,0.0,0.0,-0.7326919436454773,-0.7326919436454773,0.0
154,5191b8af39731f5141ffac823e13e25016e5b3109209f12d3337bdfc92ddff74ea717e293a01fe3b90fb2be2a87b0621cc385140b097b7e6d76f1d2e2f319d74,1,hindi_griffinlim_eval_final/real_hindi/hindi_real_0154.wav,6.696,288.0,520.0,3.521721124649048,2.139949083328247,-1.3817720413208008
154,5191b8af39731f5141ffac823e13e25016e5b3109209f12d3337bdfc92ddff74ea717e293a01fe3b90fb2be2a87b0621cc385140b097b7e6d76f1d2e2f319d74,0,hindi_griffinlim_eval_final/fake_hindi_griffinlim/hindi_fake_0154.wav,6.696,0.0,0.0,-5.554309844970703,-5.554309844970703,0.0
155,d24af5ee15190d3fc14dfc4ee3c75c75fe66fb537d4c7cf94e0e7d489ba442240b112a68a9dcd921ed48aaf17649bacd187e913bf4f22c1471cdc0fd263e9aa7,1,hindi_griffinlim_eval_final/real_hindi/hindi_real_0155.wav,5.904,544.0,1104.0,2.8944296836853027,-5.019496917724609,-7.913926601409912
155,d24af5ee15190d3fc14dfc4ee3c75c75fe66fb537d4c7cf94e0e7d489ba442240b112a68a9dcd921ed48aaf17649bacd187e913bf4f22c1471cdc0fd263e9aa7,0,hindi_griffinlim_eval_final/fake_hindi_griffinlim/hindi_fake_0155.wav,5.904,0.0,0.0,-4.980971336364746,-4.980971336364746,0.0
156,55facf37cfec7564d08860906bdb688d9e2c45d7ac50a054dcc66778b3b1a10a9489051097f6fe9232742597187752dc71f4f0432aa771771721c259ff4324c7,1,hindi_griffinlim_eval_final/real_hindi/hindi_real_0156.wav,5.94,192.0,788.0,-0.14322151243686676,-0.8031482696533203,-0.6599267572164536
156,55facf37cfec7564d08860906bdb688d9e2c45d7ac50a054dcc66778b3b1a10a9489051097f6fe9232742597187752dc71f4f0432aa771771721c259ff4324c7,0,hindi_griffinlim_eval_final/fake_hindi_griffinlim/hindi_fake_0156.wav,5.94,0.0,0.0,-2.8289291858673096,-2.8289291858673096,0.0
157,550c775712c46fac6b29f44c8e1e47790ad3d24a4596e9befdad47efbafbcd202634809eed3f54d8b62ec448b24bbe8a67c224d24ae7ed2b6870581a3fd2dcd3,1,hindi_griffinlim_eval_final/real_hindi/hindi_real_0157.wav,4.248,736.0,1208.0,4.786407470703125,-4.965240478515625,-9.75164794921875
157,550c775712c46fac6b29f44c8e1e47790ad3d24a4596e9befdad47efbafbcd202634809eed3f54d8b62ec448b24bbe8a67c224d24ae7ed2b6870581a3fd2dcd3,0,hindi_griffinlim_eval_final/fake_hindi_griffinlim/hindi_fake_0157.wav,4.248,0.0,0.0,-3.7444238662719727,-3.7444238662719727,0.0
158,5a6f47bcb6c561dcfa6961b198d280ba77d188c7e511b84b1481770b1878583bcc74c8674f4f862c9ccbb54f4cfa3b2919ef94c8ace1c6fb22abe7c70365f402,1,hindi_griffinlim_eval_final/real_hindi/hindi_real_0158.wav,6.66,192.0,324.0,-0.01842060312628746,-0.43884819746017456,-0.4204275943338871
158,5a6f47bcb6c561dcfa6961b198d280ba77d188c7e511b84b1481770b1878583bcc74c8674f4f862c9ccbb54f4cfa3b2919ef94c8ace1c6fb22abe7c70365f402,0,hindi_griffinlim_eval_final/fake_hindi_griffinlim/hindi_fake_0158.wav,6.66,0.0,0.0,-4.633984565734863,-4.633984565734863,0.0
159,256a0ab2364a69f69c073cac0258702b33d8269739cd421abc11e45a2c7678787e46498a06ee3a13077e9dfea487f22061fc549def882ff192ca5fb1d2671807,1,hindi_griffinlim_eval_final/real_hindi/hindi_real_0159.wav,4.32,1024.0,1216.0,-0.18364883959293365,-5.653862476348877,-5.470213636755943
159,256a0ab2364a69f69c073cac0258702b33d8269739cd421abc11e45a2c7678787e46498a06ee3a13077e9dfea487f22061fc549def882ff192ca5fb1d2671807,0,hindi_griffinlim_eval_final/fake_hindi_griffinlim/hindi_fake_0159.wav,4.32,0.0,0.0,6.33473539352417,6.33473539352417,0.0
160,3255dc44d5426ad255e14c4db4d12b224dfffd1e594a400a47cee7aafcd670d56a9834052a13be30307100ec6a3e1f8bffe33260e25f32c5a89ef64c744c0433,1,hindi_griffinlim_eval_final/real_hindi/hindi_real_0160.wav,4.932,736.0,388.0,5.1995768547058105,-2.9366114139556885,-8.136188268661499
160,3255dc44d5426ad255e14c4db4d12b224dfffd1e594a400a47cee7aafcd670d56a9834052a13be30307100ec6a3e1f8bffe33260e25f32c5a89ef64c744c0433,0,hindi_griffinlim_eval_final/fake_hindi_griffinlim/hindi_fake_0160.wav,4.932,0.0,0.0,5.714725017547607,5.714725017547607,0.0
161,42adfde56dd3d69ed58436d1e8a55fac999afb0e390ebc65c299c3cd2b7258cb079683412241e54e7fa275e56a02bd19a10d6a17fead09988cd0fad2e6061e7b,1,hindi_griffinlim_eval_final/real_hindi/hindi_real_0161.wav,5.94,768.0,788.0,4.638088703155518,-3.943222999572754,-8.581311702728271
161,42adfde56dd3d69ed58436d1e8a55fac999afb0e390ebc65c299c3cd2b7258cb079683412241e54e7fa275e56a02bd19a10d6a17fead09988cd0fad2e6061e7b,0,hindi_griffinlim_eval_final/fake_hindi_griffinlim/hindi_fake_0161.wav,5.94,0.0,0.0,-5.1846208572387695,-5.1846208572387695,0.0
162,58913ffb4a411d7b14318c0cadbfb8ccdf1ed3dd5c7173b948c382329be9bb3fd15f6a5b863c94639786da4b32fa679087d9b0d4a04711dec86e1b82ed92c369,1,hindi_griffinlim_eval_final/real_hindi/hindi_real_0162.wav,6.408,160.0,1192.0,-0.7193185687065125,-1.8525362014770508,-1.1332176327705383
162,58913ffb4a411d7b14318c0cadbfb8ccdf1ed3dd5c7173b948c382329be9bb3fd15f6a5b863c94639786da4b32fa679087d9b0d4a04711dec86e1b82ed92c369,0,hindi_griffinlim_eval_final/fake_hindi_griffinlim/hindi_fake_0162.wav,6.4,128.0,1184.0,-3.198404312133789,-4.122228622436523,-0.9238243103027344
163,5ed8ac2780bfa08239e0aaa23e691fbf20930452cfd1163db395388d3dbff09ffc862aedc9ce80763a39a782ecb2ad5f729198b4f8565adbfc50bb5327957cc2,1,hindi_griffinlim_eval_final/real_hindi/hindi_real_0163.wav,6.3,832.0,1148.0,-1.1759659051895142,-5.967292785644531,-4.791326880455017
163,5ed8ac2780bfa08239e0aaa23e691fbf20930452cfd1163db395388d3dbff09ffc862aedc9ce80763a39a782ecb2ad5f729198b4f8565adbfc50bb5327957cc2,0,hindi_griffinlim_eval_final/fake_hindi_griffinlim/hindi_fake_0163.wav,6.3,0.0,0.0,-2.6485395431518555,-2.6485395431518555,0.0
164,ff8f23f061245d69de7cccf1ee33e0ebd713c56e08f5a4a2f4732746be391af221f711cf9aee47cf8cc4c6402985c5231bff4ac03eaaa1e1a1cef4e1cdaf2936,1,hindi_griffinlim_eval_final/real_hindi/hindi_real_0164.wav,6.336,192.0,192.0,-6.171015739440918,-6.190671920776367,-0.01965618133544922
164,ff8f23f061245d69de7cccf1ee33e0ebd713c56e08f5a4a2f4732746be391af221f711cf9aee47cf8cc4c6402985c5231bff4ac03eaaa1e1a1cef4e1cdaf2936,0,hindi_griffinlim_eval_final/fake_hindi_griffinlim/hindi_fake_0164.wav,6.336,0.0,0.0,3.364905834197998,3.364905834197998,0.0
165,ad5e39137a4e6b3d63af8cb8c0616cf40e99a3d4e3b2d21118d8229a2c45c9cf229a042465be9620e596282b99a880abfc64e732d2898b8e3264a6a3e1871102,1,hindi_griffinlim_eval_final/real_hindi/hindi_real_0165.wav,7.74,0.0,540.0,3.095194101333618,3.095194101333618,0.0
165,ad5e39137a4e6b3d63af8cb8c0616cf40e99a3d4e3b2d21118d8229a2c45c9cf229a042465be9620e596282b99a880abfc64e732d2898b8e3264a6a3e1871102,0,hindi_griffinlim_eval_final/fake_hindi_griffinlim/hindi_fake_0165.wav,7.74,0.0,0.0,4.772066116333008,4.772066116333008,0.0
166,3d60da54a5e96710c627c37362c5f17d026c725b99466b5596f08c6584beafa8dd546aff3ef61dd1cfda5150cdd82d08970d8ad36a49e933571b903361a6cbdd,1,hindi_griffinlim_eval_final/real_hindi/hindi_real_0166.wav,6.12,960.0,872.0,4.568094730377197,-1.6464532613754272,-6.2145479917526245
166,3d60da54a5e96710c627c37362c5f17d026c725b99466b5596f08c6584beafa8dd546aff3ef61dd1cfda5150cdd82d08970d8ad36a49e933571b903361a6cbdd,0,hindi_griffinlim_eval_final/fake_hindi_griffinlim/hindi_fake_0166.wav,6.12,0.0,0.0,3.321730375289917,3.321730375289917,0.0
167,ae1ae84ba2341eb4c7c3fa47026ddc0b784387b58fa28c0a69f32c966e590141de3da70921c65c3477fb49575fab03213843d087f177422adb685978ca5c4b13,1,hindi_griffinlim_eval_final/real_hindi/hindi_real_0167.wav,4.932,736.0,1828.0,6.013723373413086,4.212118148803711,-1.801605224609375
167,ae1ae84ba2341eb4c7c3fa47026ddc0b784387b58fa28c0a69f32c966e590141de3da70921c65c3477fb49575fab03213843d087f177422adb685978ca5c4b13,0,hindi_griffinlim_eval_final/fake_hindi_griffinlim/hindi_fake_0167.wav,4.932,0.0,0.0,-1.4507696628570557,-1.4507696628570557,0.0
168,2755cbb1978d17293826c36025fffd2b0966f60a48ee026f909afce38191de6da445c4ee2d684bf32d65bb5779ea78ba4f2360baac46e6f48710b9c531277adc,1,hindi_griffinlim_eval_final/real_hindi/hindi_real_0168.wav,5.256,0.0,0.0,-0.9477054476737976,-0.9477054476737976,0.0
168,2755cbb1978d17293826c36025fffd2b0966f60a48ee026f909afce38191de6da445c4ee2d684bf32d65bb5779ea78ba4f2360baac46e6f48710b9c531277adc,0,hindi_griffinlim_eval_final/fake_hindi_griffinlim/hindi_fake_0168.wav,5.256,0.0,0.0,-2.8730266094207764,-2.8730266094207764,0.0
169,c127090a8261671f4e68cc31639996579099a014bbd65dc05c580ea8961637ae6978ac28c265bbba5145400258f062bf70f582aac610a13525cacf73579563bd,1,hindi_griffinlim_eval_final/real_hindi/hindi_real_0169.wav,3.636,128.0,436.0,2.218905448913574,1.5621953010559082,-0.656710147857666
169,c127090a8261671f4e68cc31639996579099a014bbd65dc05c580ea8961637ae6978ac28c265bbba5145400258f062bf70f582aac610a13525cacf73579563bd,0,hindi_griffinlim_eval_final/fake_hindi_griffinlim/hindi_fake_0169.wav,3.636,0.0,0.0,-4.303319931030273,-4.303319931030273,0.0
170,cb80d11c3532ab20b83037029cb1c2394ea6339f697e7101b9288365e3387903da82dc7d32bb6f1a45d5659f6ffacc187711e06195561c5e4f09721683bbd761,1,hindi_griffinlim_eval_final/real_hindi/hindi_real_0170.wav,6.024,1024.0,648.0,4.070106506347656,-4.904278755187988,-8.974385261535645
170,cb80d11c3532ab20b83037029cb1c2394ea6339f697e7101b9288365e3387903da82dc7d32bb6f1a45d5659f6ffacc187711e06195561c5e4f09721683bbd761,0,hindi_griffinlim_eval_final/fake_hindi_griffinlim/hindi_fake_0170.wav,6.024,0.0,0.0,-2.1322946548461914,-2.1322946548461914,0.0
171,00d8f7a5ea747472015787836b4694d24375a49cf2ca78088c1d29494110637aafa66bc0d135549c19cfc68886760475c2ae2584673c8d57e77eb82d3ddd6109,1,hindi_griffinlim_eval_final/real_hindi/hindi_real_0171.wav,4.86,992.0,956.0,-1.649284839630127,-5.920168876647949,-4.270884037017822
171,00d8f7a5ea747472015787836b4694d24375a49cf2ca78088c1d29494110637aafa66bc0d135549c19cfc68886760475c2ae2584673c8d57e77eb82d3ddd6109,0,hindi_griffinlim_eval_final/fake_hindi_griffinlim/hindi_fake_0171.wav,4.86,0.0,0.0,-3.056121349334717,-3.056121349334717,0.0
172,90041b5706ee244ae468f77fc173f418af7eaeaf77e9e240c6591775adf0b6ec1c2f106f53801ddbf0589017f91e6a1a6eada42c508689e48968b979a528588a,1,hindi_griffinlim_eval_final/real_hindi/hindi_real_0172.wav,3.816,448.0,1032.0,4.148639678955078,-4.9546427726745605,-9.103282451629639
172,90041b5706ee244ae468f77fc173f418af7eaeaf77e9e240c6591775adf0b6ec1c2f106f53801ddbf0589017f91e6a1a6eada42c508689e48968b979a528588a,0,hindi_griffinlim_eval_final/fake_hindi_griffinlim/hindi_fake_0172.wav,3.816,0.0,0.0,-0.7158025503158569,-0.7158025503158569,0.0
173,f46c93c748a0c35594f074957a1b3ee72c090d5d18df96adad96f0ce2b54206b31c17b71d8553a83b3e053869270a1823fdc46be2f35cb0fd9f65d05cf8c568e,1,hindi_griffinlim_eval_final/real_hindi/hindi_real_0173.wav,7.128,288.0,152.0,3.8936758041381836,-1.5128079652786255,-5.406483769416809
173,f46c93c748a0c35594f074957a1b3ee72c090d5d18df96adad96f0ce2b54206b31c17b71d8553a83b3e053869270a1823fdc46be2f35cb0fd9f65d05cf8c568e,0,hindi_griffinlim_eval_final/fake_hindi_griffinlim/hindi_fake_0173.wav,7.128,0.0,0.0,4.194623947143555,4.194623947143555,0.0
174,76ae0779e8b42a6cebddc96f1c8be8cd17dc128ea3dc6c77c1afef491eb3334aec08ac644ce6b553783bec6530bcd7a8d7869d249d8fc4cbf394c176c2a03fe0,1,hindi_griffinlim_eval_final/real_hindi/hindi_real_0174.wav,4.248,128.0,2488.0,5.326626300811768,0.5173614621162415,-4.809264838695526
174,76ae0779e8b42a6cebddc96f1c8be8cd17dc128ea3dc6c77c1afef491eb3334aec08ac644ce6b553783bec6530bcd7a8d7869d249d8fc4cbf394c176c2a03fe0,0,hindi_griffinlim_eval_final/fake_hindi_griffinlim/hindi_fake_0174.wav,4.248,0.0,0.0,-0.46000558137893677,-0.46000558137893677,0.0
175,aaf6b52267451edd43f92433e040803b7c695022ac637484427c841d61dddefbc79acf6b684ebc2769e18c649d9b7a520a0041ecb7898d3f7e49d804f477a3ac,1,hindi_griffinlim_eval_final/real_hindi/hindi_real_0175.wav,2.664,0.0,0.0,-4.172941207885742,-4.172941207885742,0.0
175,aaf6b52267451edd43f92433e040803b7c695022ac637484427c841d61dddefbc79acf6b684ebc2769e18c649d9b7a520a0041ecb7898d3f7e49d804f477a3ac,0,hindi_griffinlim_eval_final/fake_hindi_griffinlim/hindi_fake_0175.wav,2.664,0.0,0.0,6.118833541870117,6.118833541870117,0.0
176,aae384c088b18eed8da9fe141de09f584054ad55ee2a6514c682c1bd425784ed886c928e35a66fa611ccad98b44274839b2b5f7c3fe678e1c8740cfc90389187,1,hindi_griffinlim_eval_final/real_hindi/hindi_real_0176.wav,3.06,640.0,468.0,3.8913071155548096,-4.346297264099121,-8.23760437965393
176,aae384c088b18eed8da9fe141de09f584054ad55ee2a6514c682c1bd425784ed886c928e35a66fa611ccad98b44274839b2b5f7c3fe678e1c8740cfc90389187,0,hindi_griffinlim_eval_final/fake_hindi_griffinlim/hindi_fake_0176.wav,3.06,0.0,0.0,-1.4605916738510132,-1.4605916738510132,0.0
177,ffcbc3951f469a43cf363b5df83d56ab30c65a40bb5bf05ee2ae8f98f55d6c76d8cf505d8bd32cf189c373ef1e0a52d01d2fc3cfeea863dd3ea1546eb2ef68cf,1,hindi_griffinlim_eval_final/real_hindi/hindi_real_0177.wav,6.696,704.0,616.0,4.597943305969238,-3.1377508640289307,-7.735694169998169
177,ffcbc3951f469a43cf363b5df83d56ab30c65a40bb5bf05ee2ae8f98f55d6c76d8cf505d8bd32cf189c373ef1e0a52d01d2fc3cfeea863dd3ea1546eb2ef68cf,0,hindi_griffinlim_eval_final/fake_hindi_griffinlim/hindi_fake_0177.wav,6.696,0.0,0.0,-2.221971273422241,-2.221971273422241,0.0
178,23dd6e26b3a5106b8ad2de2def45e53280a12df6c47364b2bf652743a0198329d4e46b73fe42287703f0146d0bdb9be101cb22064f7b79578248fdc2ca2085f0,1,hindi_griffinlim_eval_final/real_hindi/hindi_real_0178.wav,5.328,96.0,16.0,3.3508594036102295,2.56289005279541,-0.7879693508148193
178,23dd6e26b3a5106b8ad2de2def45e53280a12df6c47364b2bf652743a0198329d4e46b73fe42287703f0146d0bdb9be101cb22064f7b79578248fdc2ca2085f0,0,hindi_griffinlim_eval_final/fake_hindi_griffinlim/hindi_fake_0178.wav,5.328,0.0,0.0,-0.8300996422767639,-0.8300996422767639,0.0
179,807d2d7c9c8215754978fae4f17e36eb94cecc9ae19fe736e8d34d12bb62a75c0a67fbffd21303dc8908bb876f10a3f50e3174c8ca7b0cd61245d875cafffc70,1,hindi_griffinlim_eval_final/real_hindi/hindi_real_0179.wav,5.076,64.0,244.0,-2.71394944190979,-0.9961227178573608,1.7178267240524292
179,807d2d7c9c8215754978fae4f17e36eb94cecc9ae19fe736e8d34d12bb62a75c0a67fbffd21303dc8908bb876f10a3f50e3174c8ca7b0cd61245d875cafffc70,0,hindi_griffinlim_eval_final/fake_hindi_griffinlim/hindi_fake_0179.wav,5.076,0.0,0.0,0.0897022932767868,0.0897022932767868,0.0
180,c1edd0ef566e809ba01bf1a3011df6cd0fbf6a1675ba8002e671dd7b16588ea30ff434c78aaae27b190d16c6d7bd32bdd4a6b1ca631c0b3f819e807b3cdef585,1,hindi_griffinlim_eval_final/real_hindi/hindi_real_0180.wav,4.284,0.0,0.0,5.03749942779541,5.03749942779541,0.0
180,c1edd0ef566e809ba01bf1a3011df6cd0fbf6a1675ba8002e671dd7b16588ea30ff434c78aaae27b190d16c6d7bd32bdd4a6b1ca631c0b3f819e807b3cdef585,0,hindi_griffinlim_eval_final/fake_hindi_griffinlim/hindi_fake_0180.wav,4.284,0.0,0.0,6.363650321960449,6.363650321960449,0.0
181,3db6bed8f713bb226c8e1414c97e0da016bf5573c7281dda13149cf951a3bab57698d09a84cbf226aebc5f978c42bbb83ee009e4e787f7674304a0ef235be968,1,hindi_griffinlim_eval_final/real_hindi/hindi_real_0181.wav,5.976,1312.0,1976.0,4.134134292602539,-5.2897419929504395,-9.423876285552979
181,3db6bed8f713bb226c8e1414c97e0da016bf5573c7281dda13149cf951a3bab57698d09a84cbf226aebc5f978c42bbb83ee009e4e787f7674304a0ef235be968,0,hindi_griffinlim_eval_final/fake_hindi_griffinlim/hindi_fake_0181.wav,5.968,1312.0,1968.0,2.181203603744507,-5.706662178039551,-7.887865781784058
182,551ead2654838dfeb5faff96cbcc6d7ca4ac208e9f84293d31d5c89ae3e612bcc525e7f2cc8a050c834c1d550d9880c84e908cf0c4e90a885b36001c989f7aa6,1,hindi_griffinlim_eval_final/real_hindi/hindi_real_0182.wav,5.688,1216.0,952.0,1.009963035583496,-5.734197616577148,-6.7441606521606445
182,551ead2654838dfeb5faff96cbcc6d7ca4ac208e9f84293d31d5c89ae3e612bcc525e7f2cc8a050c834c1d550d9880c84e908cf0c4e90a885b36001c989f7aa6,0,hindi_griffinlim_eval_final/fake_hindi_griffinlim/hindi_fake_0182.wav,5.688,0.0,0.0,-0.6577647924423218,-0.6577647924423218,0.0
183,e811478820937736d1074ae0c51bf72791cd1029b63b639e8dd3ab8f6d8ce46e9eed447dd3edfeca171695425e9496970dbbe5f3cb9b07cba7fed66459eff2c3,1,hindi_griffinlim_eval_final/real_hindi/hindi_real_0183.wav,3.528,896.0,1096.0,1.8321255445480347,-5.510091781616211,-7.342217326164246
183,e811478820937736d1074ae0c51bf72791cd1029b63b639e8dd3ab8f6d8ce46e9eed447dd3edfeca171695425e9496970dbbe5f3cb9b07cba7fed66459eff2c3,0,hindi_griffinlim_eval_final/fake_hindi_griffinlim/hindi_fake_0183.wav,3.528,0.0,0.0,4.919157981872559,4.919157981872559,0.0
184,9392443e20fff21db185ec2e21925398c267cdaec962d7a8bff381ae171fd3563894988fe4244da0866881fb39e56492843fac59b139c31b99211d6c8f44c2ac,1,hindi_griffinlim_eval_final/real_hindi/hindi_real_0184.wav,5.22,64.0,0.0,3.6273958683013916,2.8590455055236816,-0.76835036277771
184,9392443e20fff21db185ec2e21925398c267cdaec962d7a8bff381ae171fd3563894988fe4244da0866881fb39e56492843fac59b139c31b99211d6c8f44c2ac,0,hindi_griffinlim_eval_final/fake_hindi_griffinlim/hindi_fake_0184.wav,5.22,0.0,0.0,-0.44567936658859253,-0.44567936658859253,0.0
185,d09397973383a68b428b2de77fa5f97b990441e1d4f668eca001e162425c7928eb19441bc4e961b80af9f9414a3d1ce66d15cc8fde6c11fbb24bf65ac1eddcf0,1,hindi_griffinlim_eval_final/real_hindi/hindi_real_0185.wav,4.752,224.0,208.0,1.0048396587371826,0.01061728224158287,-0.9942223764955997
185,d09397973383a68b428b2de77fa5f97b990441e1d4f668eca001e162425c7928eb19441bc4e961b80af9f9414a3d1ce66d15cc8fde6c11fbb24bf65ac1eddcf0,0,hindi_griffinlim_eval_final/fake_hindi_griffinlim/hindi_fake_0185.wav,4.752,0.0,0.0,-5.73388147354126,-5.73388147354126,0.0
186,70c96a46f6827039223782fee3a93b99fa8168c84d3e5f9a0e2a1f16cfc1d62ad6f52d19ac175ad3ee541abd81068d089df3693e843b932053395156f6ff36b6,1,hindi_griffinlim_eval_final/real_hindi/hindi_real_0186.wav,6.156,256.0,172.0,-1.6637858152389526,-5.567130088806152,-3.9033442735671997
186,70c96a46f6827039223782fee3a93b99fa8168c84d3e5f9a0e2a1f16cfc1d62ad6f52d19ac175ad3ee541abd81068d089df3693e843b932053395156f6ff36b6,0,hindi_griffinlim_eval_final/fake_hindi_griffinlim/hindi_fake_0186.wav,6.156,0.0,0.0,-0.6729145050048828,-0.6729145050048828,0.0
187,f552d4cedc22293c27ab4a86fc3985ecf1bd8fe9e6664f6a835675acf4173fa94bfa392ddccd06a177ae2bf6e412212f42973dec10c26a7cfa02c48ddd7c7978,1,hindi_griffinlim_eval_final/real_hindi/hindi_real_0187.wav,4.176,288.0,1168.0,-0.6614075303077698,-1.9148668050765991,-1.2534592747688293
187,f552d4cedc22293c27ab4a86fc3985ecf1bd8fe9e6664f6a835675acf4173fa94bfa392ddccd06a177ae2bf6e412212f42973dec10c26a7cfa02c48ddd7c7978,0,hindi_griffinlim_eval_final/fake_hindi_griffinlim/hindi_fake_0187.wav,4.176,0.0,0.0,-0.23016314208507538,-0.23016314208507538,0.0
188,0db277015ed4c7602383504e75bcfead10db6e33b12e442a983cb259a17baf2c98daf32f18e2c1917269103a2ef1776d88cab0357c43c487473d8fa511dde7e8,1,hindi_griffinlim_eval_final/real_hindi/hindi_real_0188.wav,4.5,64.0,1236.0,3.736333131790161,-0.456510454416275,-4.192843586206436
188,0db277015ed4c7602383504e75bcfead10db6e33b12e442a983cb259a17baf2c98daf32f18e2c1917269103a2ef1776d88cab0357c43c487473d8fa511dde7e8,0,hindi_griffinlim_eval_final/fake_hindi_griffinlim/hindi_fake_0188.wav,4.5,0.0,0.0,-3.0081849098205566,-3.0081849098205566,0.0
189,0d2120fd5389d89f197e877a642aeb305bd4d8a9820d642a3ca7e83fe64ca61a0a8b15a37958f3629aa855408d3eabc56d2521ff9a06db24bd0c95320f66efab,1,hindi_griffinlim_eval_final/real_hindi/hindi_real_0189.wav,7.488,0.0,1024.0,-1.9892762899398804,-1.9892762899398804,0.0
189,0d2120fd5389d89f197e877a642aeb305bd4d8a9820d642a3ca7e83fe64ca61a0a8b15a37958f3629aa855408d3eabc56d2521ff9a06db24bd0c95320f66efab,0,hindi_griffinlim_eval_final/fake_hindi_griffinlim/hindi_fake_0189.wav,7.488,0.0,1024.0,-2.8425397872924805,-2.8425397872924805,0.0
190,b3384290eb1959d422480362d83e5209c28470116f7c5b10b0306ace4c6c34fec56325a07bec155e841663e775d0573922c4e90dd59bad4795f5d75530c6732e,1,hindi_griffinlim_eval_final/real_hindi/hindi_real_0190.wav,7.236,800.0,1220.0,3.8055460453033447,-5.465498924255371,-9.271044969558716
190,b3384290eb1959d422480362d83e5209c28470116f7c5b10b0306ace4c6c34fec56325a07bec155e841663e775d0573922c4e90dd59bad4795f5d75530c6732e,0,hindi_griffinlim_eval_final/fake_hindi_griffinlim/hindi_fake_0190.wav,7.236,0.0,0.0,-0.6571640968322754,-0.6571640968322754,0.0
191,68f6c1a73cd1fedebd22d190a8c2352a4feea8200e8d49174816717f511d25ed723e883d204f75070930e1375aede06c9900b2a5e505584b63ef82d42f37fe3a,1,hindi_griffinlim_eval_final/real_hindi/hindi_real_0191.wav,6.156,864.0,1580.0,4.670501708984375,1.2277308702468872,-3.442770838737488
191,68f6c1a73cd1fedebd22d190a8c2352a4feea8200e8d49174816717f511d25ed723e883d204f75070930e1375aede06c9900b2a5e505584b63ef82d42f37fe3a,0,hindi_griffinlim_eval_final/fake_hindi_griffinlim/hindi_fake_0191.wav,6.156,0.0,0.0,3.4334640502929688,3.4334640502929688,0.0
192,9564825a0829d21edd512e0523b3dccf946f9cd0f8b90c2589961c1867f2100b337df3df56dcee0dbdc7b4f23de4dc7d2af884dea2f7a3f6a3f3dc081879acfa,1,hindi_griffinlim_eval_final/real_hindi/hindi_real_0192.wav,4.068,128.0,292.0,5.909694671630859,5.9585185050964355,0.04882383346557617
192,9564825a0829d21edd512e0523b3dccf946f9cd0f8b90c2589961c1867f2100b337df3df56dcee0dbdc7b4f23de4dc7d2af884dea2f7a3f6a3f3dc081879acfa,0,hindi_griffinlim_eval_final/fake_hindi_griffinlim/hindi_fake_0192.wav,4.068,0.0,0.0,5.685551643371582,5.685551643371582,0.0
193,b9854a362f9f2796f98c3105310553f5d5b1d2aea5f247080a0d9ab5d329ac51e5e519bad74bd68b022867bb103a42741c9523a32ce80c3a4ac8ed64c4bde957,1,hindi_griffinlim_eval_final/real_hindi/hindi_real_0193.wav,5.16,0.0,392.0,-1.7764346599578857,-1.7764346599578857,0.0
193,b9854a362f9f2796f98c3105310553f5d5b1d2aea5f247080a0d9ab5d329ac51e5e519bad74bd68b022867bb103a42741c9523a32ce80c3a4ac8ed64c4bde957,0,hindi_griffinlim_eval_final/fake_hindi_griffinlim/hindi_fake_0193.wav,5.16,0.0,0.0,-2.933012008666992,-2.933012008666992,0.0
194,fab15f5f87bd26a0f326787f96d92497bbfb5aea170dd8a415966cb8f7a5a7011bcb0b50bc9d46cdcf3edecaa6cf6753be6afd814aa420c9fd4e4ab3a40e7faa,1,hindi_griffinlim_eval_final/real_hindi/hindi_real_0194.wav,6.048,1216.0,1632.0,5.728946685791016,-3.3287858963012695,-9.057732582092285
194,fab15f5f87bd26a0f326787f96d92497bbfb5aea170dd8a415966cb8f7a5a7011bcb0b50bc9d46cdcf3edecaa6cf6753be6afd814aa420c9fd4e4ab3a40e7faa,0,hindi_griffinlim_eval_final/fake_hindi_griffinlim/hindi_fake_0194.wav,6.048,0.0,0.0,-1.658793568611145,-1.658793568611145,0.0
195,3cc689cef88ce2eef03fd3065b6ad230f3510ced585ce0ed79f637bea2ddf7ab025d93e97a52c579d31d186f0512b29153286885b7c54221a569102a68dec661,1,hindi_griffinlim_eval_final/real_hindi/hindi_real_0195.wav,3.24,96.0,648.0,-0.5906670093536377,1.108267068862915,1.6989340782165527
195,3cc689cef88ce2eef03fd3065b6ad230f3510ced585ce0ed79f637bea2ddf7ab025d93e97a52c579d31d186f0512b29153286885b7c54221a569102a68dec661,0,hindi_griffinlim_eval_final/fake_hindi_griffinlim/hindi_fake_0195.wav,3.24,0.0,0.0,-2.3987090587615967,-2.3987090587615967,0.0
196,5a6f47bcb6c561dcfa6961b198d280ba77d188c7e511b84b1481770b1878583bcc74c8674f4f862c9ccbb54f4cfa3b2919ef94c8ace1c6fb22abe7c70365f402,1,hindi_griffinlim_eval_final/real_hindi/hindi_real_0196.wav,5.796,576.0,0.0,0.9636411070823669,-5.325961112976074,-6.289602220058441
196,5a6f47bcb6c561dcfa6961b198d280ba77d188c7e511b84b1481770b1878583bcc74c8674f4f862c9ccbb54f4cfa3b2919ef94c8ace1c6fb22abe7c70365f402,0,hindi_griffinlim_eval_final/fake_hindi_griffinlim/hindi_fake_0196.wav,5.796,0.0,0.0,-2.0657951831817627,-2.0657951831817627,0.0
197,b5368a2dff773c397ef5c49e62c79de17d88d95d2079d13c22dfd061e40dd1528406716bf6158aee618664f8bd5cd01289e1e410afda482364672472b003fd9b,1,hindi_griffinlim_eval_final/real_hindi/hindi_real_0197.wav,5.4,96.0,0.0,-5.991603851318359,-6.006878852844238,-0.015275001525878906
197,b5368a2dff773c397ef5c49e62c79de17d88d95d2079d13c22dfd061e40dd1528406716bf6158aee618664f8bd5cd01289e1e410afda482364672472b003fd9b,0,hindi_griffinlim_eval_final/fake_hindi_griffinlim/hindi_fake_0197.wav,5.4,0.0,0.0,-0.3806908428668976,-0.3806908428668976,0.0
198,a34b3f5fa057f54bc74179593acc5d316145622c5ece92f2e9b2d74a2de7fa87ed863a9061955f68625d580b33faa23dcd31f9c5a6f9c1e1dd8790a4ba671f57,1,hindi_griffinlim_eval_final/real_hindi/hindi_real_0198.wav,3.384,256.0,1528.0,1.9786479473114014,-4.667693614959717,-6.646341562271118
198,a34b3f5fa057f54bc74179593acc5d316145622c5ece92f2e9b2d74a2de7fa87ed863a9061955f68625d580b33faa23dcd31f9c5a6f9c1e1dd8790a4ba671f57,0,hindi_griffinlim_eval_final/fake_hindi_griffinlim/hindi_fake_0198.wav,3.384,0.0,0.0,-0.8096507787704468,-0.8096507787704468,0.0
199,db99ff8c0fa5f332a55cf562817f27833925bf83271532f90ecc088ffe11617a28606fb228d4141231dcc26af3b0b52af5256e3aa720feabe7797623552c295e,1,hindi_griffinlim_eval_final/real_hindi/hindi_real_0199.wav,6.408,352.0,392.0,4.733802318572998,0.26784536242485046,-4.465956956148148
199,db99ff8c0fa5f332a55cf562817f27833925bf83271532f90ecc088ffe11617a28606fb228d4141231dcc26af3b0b52af5256e3aa720feabe7797623552c295e,0,hindi_griffinlim_eval_final/fake_hindi_griffinlim/hindi_fake_0199.wav,6.408,0.0,0.0,3.4528942108154297,3.4528942108154297,0.0
200,b78cf5eebb8ae39161b94c37c3e8aa39f57e5639997972f1ec983cb9f44fcefc18f1c4227b3d8b263477f3444fe05696da0cbd5dacd3cb3900b2cbcf2370b155,1,hindi_griffinlim_eval_final/real_hindi/hindi_real_0200.wav,3.06,256.0,724.0,5.605583190917969,5.494466781616211,-0.11111640930175781
200,b78cf5eebb8ae39161b94c37c3e8aa39f57e5639997972f1ec983cb9f44fcefc18f1c4227b3d8b263477f3444fe05696da0cbd5dacd3cb3900b2cbcf2370b155,0,hindi_griffinlim_eval_final/fake_hindi_griffinlim/hindi_fake_0200.wav,3.06,0.0,0.0,-0.8171118497848511,-0.8171118497848511,0.0
201,3dbb15be45bbb6a44cee0c715a4fd06c4e5267061420217c4a4279a8f47365fa3c7243c274d08ddaa39a11d39b1c281760c59e358f1a4b14914923605831a3b8,1,hindi_griffinlim_eval_final/real_hindi/hindi_real_0201.wav,3.492,64.0,4.0,5.8589935302734375,5.913556098937988,0.05456256866455078
201,3dbb15be45bbb6a44cee0c715a4fd06c4e5267061420217c4a4279a8f47365fa3c7243c274d08ddaa39a11d39b1c281760c59e358f1a4b14914923605831a3b8,0,hindi_griffinlim_eval_final/fake_hindi_griffinlim/hindi_fake_0201.wav,3.492,0.0,0.0,5.245904445648193,5.245904445648193,0.0
202,bd008914e8d61f280ef49d1b81b9ba5feafa0195842fb73953d414962085d13881380f143efa9cc3014fb5083f2ca49ec0ac216b23e48f676493303b320d17d3,1,hindi_griffinlim_eval_final/real_hindi/hindi_real_0202.wav,6.768,864.0,976.0,5.331853866577148,-1.8084752559661865,-7.140329122543335
202,bd008914e8d61f280ef49d1b81b9ba5feafa0195842fb73953d414962085d13881380f143efa9cc3014fb5083f2ca49ec0ac216b23e48f676493303b320d17d3,0,hindi_griffinlim_eval_final/fake_hindi_griffinlim/hindi_fake_0202.wav,6.768,0.0,0.0,-0.22670768201351166,-0.22670768201351166,0.0
203,550c775712c46fac6b29f44c8e1e47790ad3d24a4596e9befdad47efbafbcd202634809eed3f54d8b62ec448b24bbe8a67c224d24ae7ed2b6870581a3fd2dcd3,1,hindi_griffinlim_eval_final/real_hindi/hindi_real_0203.wav,6.3,1024.0,1180.0,4.70334529876709,3.3552041053771973,-1.3481411933898926
203,550c775712c46fac6b29f44c8e1e47790ad3d24a4596e9befdad47efbafbcd202634809eed3f54d8b62ec448b24bbe8a67c224d24ae7ed2b6870581a3fd2dcd3,0,hindi_griffinlim_eval_final/fake_hindi_griffinlim/hindi_fake_0203.wav,6.3,0.0,0.0,-3.319270133972168,-3.319270133972168,0.0
204,56ba5616ef927a5c046387ad41208d615386a7bf95a3752a607516baf5fcc8fa5a93d8319617fcece315e6fc4a611dc2c2a3ec78a7e0244368ddcba4c2bfee0a,1,hindi_griffinlim_eval_final/real_hindi/hindi_real_0204.wav,5.58,640.0,940.0,5.684476852416992,-1.7022522687911987,-7.386729121208191
204,56ba5616ef927a5c046387ad41208d615386a7bf95a3752a607516baf5fcc8fa5a93d8319617fcece315e6fc4a611dc2c2a3ec78a7e0244368ddcba4c2bfee0a,0,hindi_griffinlim_eval_final/fake_hindi_griffinlim/hindi_fake_0204.wav,5.58,0.0,0.0,-0.28915324807167053,-0.28915324807167053,0.0
205,f1b62e5d3473776b945ef79fbad0a46a621fb136b143d7aeb75a7cb854ebe0807524eee04fe8d83b3311152dad97e341e18ed5b8981b3cf322fec4e0700894bb,1,hindi_griffinlim_eval_final/real_hindi/hindi_real_0205.wav,5.112,448.0,120.0,4.233913898468018,2.716202974319458,-1.5177109241485596
205,f1b62e5d3473776b945ef79fbad0a46a621fb136b143d7aeb75a7cb854ebe0807524eee04fe8d83b3311152dad97e341e18ed5b8981b3cf322fec4e0700894bb,0,hindi_griffinlim_eval_final/fake_hindi_griffinlim/hindi_fake_0205.wav,5.104,64.0,48.0,2.1487207412719727,2.9070611000061035,0.7583403587341309
206,58913ffb4a411d7b14318c0cadbfb8ccdf1ed3dd5c7173b948c382329be9bb3fd15f6a5b863c94639786da4b32fa679087d9b0d4a04711dec86e1b82ed92c369,1,hindi_griffinlim_eval_final/real_hindi/hindi_real_0206.wav,6.66,672.0,548.0,-3.4238476753234863,-6.070314407348633,-2.6464667320251465
206,58913ffb4a411d7b14318c0cadbfb8ccdf1ed3dd5c7173b948c382329be9bb3fd15f6a5b863c94639786da4b32fa679087d9b0d4a04711dec86e1b82ed92c369,0,hindi_griffinlim_eval_final/fake_hindi_griffinlim/hindi_fake_0206.wav,6.66,0.0,0.0,-5.96143102645874,-5.96143102645874,0.0
207,ff8d1bfdc7d8be2fd275f506691f3ba70d9d60666488ab551bcbb76c3fe93c7cfaa703f465f40b60131807d73913eb37830221336b6803114df015fb7caed36e,1,hindi_griffinlim_eval_final/real_hindi/hindi_real_0207.wav,2.556,256.0,412.0,3.2076079845428467,-1.4168956279754639,-4.6245036125183105
207,ff8d1bfdc7d8be2fd275f506691f3ba70d9d60666488ab551bcbb76c3fe93c7cfaa703f465f40b60131807d73913eb37830221336b6803114df015fb7caed36e,0,hindi_griffinlim_eval_final/fake_hindi_griffinlim/hindi_fake_0207.wav,2.556,0.0,0.0,-0.9410335421562195,-0.9410335421562195,0.0
208,9a862e8c754a334f2c39963b8da67e4e6e46ef2889e6ac772bb3e3847c4e1586e46be4d21adf569a90009925022013d8900d5ec065a6eaf767a5f0c3f1317f6d,1,hindi_griffinlim_eval_final/real_hindi/hindi_real_0208.wav,4.248,416.0,728.0,-6.1088104248046875,-6.092778205871582,0.01603221893310547
208,9a862e8c754a334f2c39963b8da67e4e6e46ef2889e6ac772bb3e3847c4e1586e46be4d21adf569a90009925022013d8900d5ec065a6eaf767a5f0c3f1317f6d,0,hindi_griffinlim_eval_final/fake_hindi_griffinlim/hindi_fake_0208.wav,4.248,0.0,0.0,-5.9863176345825195,-5.9863176345825195,0.0
209,a34b3f5fa057f54bc74179593acc5d316145622c5ece92f2e9b2d74a2de7fa87ed863a9061955f68625d580b33faa23dcd31f9c5a6f9c1e1dd8790a4ba671f57,1,hindi_griffinlim_eval_final/real_hindi/hindi_real_0209.wav,4.68,896.0,1000.0,3.7084481716156006,-5.172578811645508,-8.881026983261108
209,a34b3f5fa057f54bc74179593acc5d316145622c5ece92f2e9b2d74a2de7fa87ed863a9061955f68625d580b33faa23dcd31f9c5a6f9c1e1dd8790a4ba671f57,0,hindi_griffinlim_eval_final/fake_hindi_griffinlim/hindi_fake_0209.wav,4.68,0.0,0.0,-3.2392334938049316,-3.2392334938049316,0.0
210,da10f782c53d93ec1dbf793a1f5404dbdfd390c9abdacd218d0c47e2366a569d50841b5ad9075f9b83e2c16b9194ab1be1f91e407a546218999fa14e2b49a3eb,1,hindi_griffinlim_eval_final/real_hindi/hindi_real_0210.wav,3.024,704.0,528.0,6.201962471008301,-3.8479413986206055,-10.049903869628906
210,da10f782c53d93ec1dbf793a1f5404dbdfd390c9abdacd218d0c47e2366a569d50841b5ad9075f9b83e2c16b9194ab1be1f91e407a546218999fa14e2b49a3eb,0,hindi_griffinlim_eval_final/fake_hindi_griffinlim/hindi_fake_0210.wav,3.024,0.0,0.0,-3.1293272972106934,-3.1293272972106934,0.0
211,4fcdd17805b736cac2dc920985d2187185e759b54d9cfe7d2654dd8f4aff10e630e579edcb5cb4d04f215bebe6d096d9e932203345ad7272e889beca6a5c20e7,1,hindi_griffinlim_eval_final/real_hindi/hindi_real_0211.wav,5.328,544.0,336.0,-0.9831780195236206,-1.4227142333984375,-0.4395362138748169
211,4fcdd17805b736cac2dc920985d2187185e759b54d9cfe7d2654dd8f4aff10e630e579edcb5cb4d04f215bebe6d096d9e932203345ad7272e889beca6a5c20e7,0,hindi_griffinlim_eval_final/fake_hindi_griffinlim/hindi_fake_0211.wav,5.328,0.0,0.0,-2.3518166542053223,-2.3518166542053223,0.0
212,2270a4902001989b755fb2acc9d13918db9f6f89d7d5b1cf38d55ba7ef62d366249b464061d0c3df63c12f38b738d552ba6e854c9e09ebf766f61506d2a1732e,1,hindi_griffinlim_eval_final/real_hindi/hindi_real_0212.wav,3.6,224.0,0.0,5.123589515686035,0.374874085187912,-4.748715430498123
212,2270a4902001989b755fb2acc9d13918db9f6f89d7d5b1cf38d55ba7ef62d366249b464061d0c3df63c12f38b738d552ba6e854c9e09ebf766f61506d2a1732e,0,hindi_griffinlim_eval_final/fake_hindi_griffinlim/hindi_fake_0212.wav,3.6,0.0,0.0,4.0627875328063965,4.0627875328063965,0.0
213,2755cbb1978d17293826c36025fffd2b0966f60a48ee026f909afce38191de6da445c4ee2d684bf32d65bb5779ea78ba4f2360baac46e6f48710b9c531277adc,1,hindi_griffinlim_eval_final/real_hindi/hindi_real_0213.wav,4.716,64.0,588.0,-1.3838883638381958,-2.2594854831695557,-0.8755971193313599
213,2755cbb1978d17293826c36025fffd2b0966f60a48ee026f909afce38191de6da445c4ee2d684bf32d65bb5779ea78ba4f2360baac46e6f48710b9c531277adc,0,hindi_griffinlim_eval_final/fake_hindi_griffinlim/hindi_fake_0213.wav,4.716,0.0,0.0,-2.85318660736084,-2.85318660736084,0.0
214,e3d7f69caea5efb2f5319a49faacdc76440549b08282bef1d81bc2ce2e823cf05f2bbb7d1ec46ef4f681113376a098b117c1ac6a8b1dfe88acf27fa6a9961f31,1,hindi_griffinlim_eval_final/real_hindi/hindi_real_0214.wav,6.66,512.0,356.0,4.565320014953613,-2.9898009300231934,-7.555120944976807
214,e3d7f69caea5efb2f5319a49faacdc76440549b08282bef1d81bc2ce2e823cf05f2bbb7d1ec46ef4f681113376a098b117c1ac6a8b1dfe88acf27fa6a9961f31,0,hindi_griffinlim_eval_final/fake_hindi_griffinlim/hindi_fake_0214.wav,6.66,0.0,0.0,-4.804494857788086,-4.804494857788086,0.0
215,04c41ef9e7a610b1bdb35d99443823570fcb9c9a4a63ba7855c471d73f6c1dbdf30796b0f86445c09f70057ce25436f51742b3a4829f5da39a0ebababbec6d59,1,hindi_griffinlim_eval_final/real_hindi/hindi_real_0215.wav,6.696,0.0,168.0,0.4346636235713959,0.4346636235713959,0.0
215,04c41ef9e7a610b1bdb35d99443823570fcb9c9a4a63ba7855c471d73f6c1dbdf30796b0f86445c09f70057ce25436f51742b3a4829f5da39a0ebababbec6d59,0,hindi_griffinlim_eval_final/fake_hindi_griffinlim/hindi_fake_0215.wav,6.696,0.0,0.0,-5.0988874435424805,-5.0988874435424805,0.0
216,4f7f65a3c1d0ad3bc8c1b1b9d1f99a33e4785aac4a57bf5803876af5b7bd8c4d96f9ce70fa5d287f0aa26fa4aa86e8572fa595a5554dc71ae32d82496237da62,1,hindi_griffinlim_eval_final/real_hindi/hindi_real_0216.wav,3.0,896.0,504.0,3.9381582736968994,-5.561739921569824,-9.499898195266724
216,4f7f65a3c1d0ad3bc8c1b1b9d1f99a33e4785aac4a57bf5803876af5b7bd8c4d96f9ce70fa5d287f0aa26fa4aa86e8572fa595a5554dc71ae32d82496237da62,0,hindi_griffinlim_eval_final/fake_hindi_griffinlim/hindi_fake_0216.wav,2.992,896.0,496.0,2.62361478805542,-5.663365364074707,-8.286980152130127
217,5ed8ac2780bfa08239e0aaa23e691fbf20930452cfd1163db395388d3dbff09ffc862aedc9ce80763a39a782ecb2ad5f729198b4f8565adbfc50bb5327957cc2,1,hindi_griffinlim_eval_final/real_hindi/hindi_real_0217.wav,6.12,800.0,936.0,-2.7887094020843506,-5.879471778869629,-3.0907623767852783
217,5ed8ac2780bfa08239e0aaa23e691fbf20930452cfd1163db395388d3dbff09ffc862aedc9ce80763a39a782ecb2ad5f729198b4f8565adbfc50bb5327957cc2,0,hindi_griffinlim_eval_final/fake_hindi_griffinlim/hindi_fake_0217.wav,6.12,0.0,0.0,-5.369313716888428,-5.369313716888428,0.0
218,43dc11a5328c78dc9536527d6945245d5b3e371fdeea987ac538a30956eacc649639e2b09c28bf3ee4f4f764475880bb8f68a5cd20ef78800a664b72a86ffe58,1,hindi_griffinlim_eval_final/real_hindi/hindi_real_0218.wav,5.292,1152.0,172.0,5.632339954376221,-3.5993130207061768,-9.231652975082397
218,43dc11a5328c78dc9536527d6945245d5b3e371fdeea987ac538a30956eacc649639e2b09c28bf3ee4f4f764475880bb8f68a5cd20ef78800a664b72a86ffe58,0,hindi_griffinlim_eval_final/fake_hindi_griffinlim/hindi_fake_0218.wav,5.292,0.0,0.0,-4.661170959472656,-4.661170959472656,0.0
219,ddc0ae40d79e0f3980eb00cedd80e03d7a0cbf3ab7880588429060f50c16895262e0a1874caae85ee39e8bdd72e5ac94830df955d0cf0ec817d50ce83d61f055,1,hindi_griffinlim_eval_final/real_hindi/hindi_real_0219.wav,5.436,32.0,0.0,0.8967475891113281,1.5763167142868042,0.6795691251754761
219,ddc0ae40d79e0f3980eb00cedd80e03d7a0cbf3ab7880588429060f50c16895262e0a1874caae85ee39e8bdd72e5ac94830df955d0cf0ec817d50ce83d61f055,0,hindi_griffinlim_eval_final/fake_hindi_griffinlim/hindi_fake_0219.wav,5.436,0.0,0.0,-4.848036289215088,-4.848036289215088,0.0
220,79741f3153a904c0ddeb1d81d69b137d61adb2a3f1c8ea30fd32a88a4f7028bbb73f1515f3cac14ad147b8c1845846d96d9333173f71677d207b7ff1357a37c5,1,hindi_griffinlim_eval_final/real_hindi/hindi_real_0220.wav,5.016,480.0,824.0,5.5105133056640625,-2.6144347190856934,-8.124948024749756
220,79741f3153a904c0ddeb1d81d69b137d61adb2a3f1c8ea30fd32a88a4f7028bbb73f1515f3cac14ad147b8c1845846d96d9333173f71677d207b7ff1357a37c5,0,hindi_griffinlim_eval_final/fake_hindi_griffinlim/hindi_fake_0220.wav,5.016,0.0,0.0,-0.2743212580680847,-0.2743212580680847,0.0
221,9564825a0829d21edd512e0523b3dccf946f9cd0f8b90c2589961c1867f2100b337df3df56dcee0dbdc7b4f23de4dc7d2af884dea2f7a3f6a3f3dc081879acfa,1,hindi_griffinlim_eval_final/real_hindi/hindi_real_0221.wav,4.356,32.0,228.0,6.007465362548828,6.010627269744873,0.003161907196044922
221,9564825a0829d21edd512e0523b3dccf946f9cd0f8b90c2589961c1867f2100b337df3df56dcee0dbdc7b4f23de4dc7d2af884dea2f7a3f6a3f3dc081879acfa,0,hindi_griffinlim_eval_final/fake_hindi_griffinlim/hindi_fake_0221.wav,4.356,0.0,0.0,4.071135997772217,4.071135997772217,0.0
222,cea40007071ea914e41633e74d05142fd1f5f8f49c154534816017cf89ce625657c804fe479fe87c08854ecd847697d6ca0fb6bcf424006c307f65430c34785e,1,hindi_griffinlim_eval_final/real_hindi/hindi_real_0222.wav,4.248,32.0,1400.0,4.896518230438232,3.6723668575286865,-1.224151372909546
222,cea40007071ea914e41633e74d05142fd1f5f8f49c154534816017cf89ce625657c804fe479fe87c08854ecd847697d6ca0fb6bcf424006c307f65430c34785e,0,hindi_griffinlim_eval_final/fake_hindi_griffinlim/hindi_fake_0222.wav,4.248,0.0,0.0,-0.04190019145607948,-0.04190019145607948,0.0
223,1a94dffb861da3c85c0994bc8c83f7b79b502a83733ef28bc302cf6f1d5413001cd86d1c723357821dc3a90ba1b3f65e1203c2fa176b43daa279055fd6e5f529,1,hindi_griffinlim_eval_final/real_hindi/hindi_real_0223.wav,2.808,128.0,600.0,0.47316116094589233,-0.3861636817455292,-0.8593248426914215
223,1a94dffb861da3c85c0994bc8c83f7b79b502a83733ef28bc302cf6f1d5413001cd86d1c723357821dc3a90ba1b3f65e1203c2fa176b43daa279055fd6e5f529,0,hindi_griffinlim_eval_final/fake_hindi_griffinlim/hindi_fake_0223.wav,2.808,0.0,0.0,1.9508079290390015,1.9508079290390015,0.0
224,ffb5eeb570d2ef310e46742868405151da6adb390253787708f24b730c59c01b34656465701e80b1157e9b0f9421b9a06a454f56e2a3a4bdfbf5c6c64addad11,1,hindi_griffinlim_eval_final/real_hindi/hindi_real_0224.wav,3.456,608.0,1184.0,5.374909400939941,-3.2546281814575195,-8.629537582397461
224,ffb5eeb570d2ef310e46742868405151da6adb390253787708f24b730c59c01b34656465701e80b1157e9b0f9421b9a06a454f56e2a3a4bdfbf5c6c64addad11,0,hindi_griffinlim_eval_final/fake_hindi_griffinlim/hindi_fake_0224.wav,3.456,0.0,0.0,0.057612914592027664,0.057612914592027664,0.0
225,758b942bfaf2837bafb0696d5ebc123856f4841aed4dc9d31bb010e7a67246791cda1685a1f4de659ed10843f3be1d227e8f4935ca088afa8531c61ab5bbed26,1,hindi_griffinlim_eval_final/real_hindi/hindi_real_0225.wav,6.48,896.0,592.0,0.7225700616836548,-5.994963645935059,-6.717533707618713
225,758b942bfaf2837bafb0696d5ebc123856f4841aed4dc9d31bb010e7a67246791cda1685a1f4de659ed10843f3be1d227e8f4935ca088afa8531c61ab5bbed26,0,hindi_griffinlim_eval_final/fake_hindi_griffinlim/hindi_fake_0225.wav,6.48,0.0,0.0,-4.6121416091918945,-4.6121416091918945,0.0
226,2755cbb1978d17293826c36025fffd2b0966f60a48ee026f909afce38191de6da445c4ee2d684bf32d65bb5779ea78ba4f2360baac46e6f48710b9c531277adc,1,hindi_griffinlim_eval_final/real_hindi/hindi_real_0226.wav,4.32,192.0,160.0,-5.992391586303711,-6.023943901062012,-0.03155231475830078
226,2755cbb1978d17293826c36025fffd2b0966f60a48ee026f909afce38191de6da445c4ee2d684bf32d65bb5779ea78ba4f2360baac46e6f48710b9c531277adc,0,hindi_griffinlim_eval_final/fake_hindi_griffinlim/hindi_fake_0226.wav,4.32,0.0,0.0,-3.128818988800049,-3.128818988800049,0.0
227,72f877fac9bb314cc8a49f707222e440bdbf0011ca28657fa408f62c6b95ed4f617faa364554b0b0a75f4c74e6a1a745f376376bbadd8c8737f405f04bd49632,1,hindi_griffinlim_eval_final/real_hindi/hindi_real_0227.wav,7.128,64.0,312.0,2.5809879302978516,2.1950290203094482,-0.3859589099884033
227,72f877fac9bb314cc8a49f707222e440bdbf0011ca28657fa408f62c6b95ed4f617faa364554b0b0a75f4c74e6a1a745f376376bbadd8c8737f405f04bd49632,0,hindi_griffinlim_eval_final/fake_hindi_griffinlim/hindi_fake_0227.wav,7.128,0.0,0.0,-0.06458571553230286,-0.06458571553230286,0.0
228,a3069630fb79df0d9eae6fb7c0ed4c47a06faa08d3fe8be08872d56597dc9e31932cf3ffb9d63c47880e76dd8364d7ab7cfa1fe4021aa681218a4854c60fbf45,1,hindi_griffinlim_eval_final/real_hindi/hindi_real_0228.wav,3.6,832.0,368.0,4.787394046783447,-3.738847255706787,-8.526241302490234
228,a3069630fb79df0d9eae6fb7c0ed4c47a06faa08d3fe8be08872d56597dc9e31932cf3ffb9d63c47880e76dd8364d7ab7cfa1fe4021aa681218a4854c60fbf45,0,hindi_griffinlim_eval_final/fake_hindi_griffinlim/hindi_fake_0228.wav,3.6,0.0,0.0,6.254496097564697,6.254496097564697,0.0
229,be10029504aaa30796d27938620d08189f19a31701c9f552f60c99eff87dddfbf804efc53af08d2670685aeaeeb295c9f3326c85b8127b0ad0d1232f03bc1781,1,hindi_griffinlim_eval_final/real_hindi/hindi_real_0229.wav,6.12,160.0,712.0,-2.0312061309814453,-1.3270388841629028,0.7041672468185425
229,be10029504aaa30796d27938620d08189f19a31701c9f552f60c99eff87dddfbf804efc53af08d2670685aeaeeb295c9f3326c85b8127b0ad0d1232f03bc1781,0,hindi_griffinlim_eval_final/fake_hindi_griffinlim/hindi_fake_0229.wav,6.12,0.0,0.0,-4.401469707489014,-4.401469707489014,0.0
230,0d2120fd5389d89f197e877a642aeb305bd4d8a9820d642a3ca7e83fe64ca61a0a8b15a37958f3629aa855408d3eabc56d2521ff9a06db24bd0c95320f66efab,1,hindi_griffinlim_eval_final/real_hindi/hindi_real_0230.wav,3.6,640.0,944.0,5.578108787536621,-2.8706552982330322,-8.448764085769653
230,0d2120fd5389d89f197e877a642aeb305bd4d8a9820d642a3ca7e83fe64ca61a0a8b15a37958f3629aa855408d3eabc56d2521ff9a06db24bd0c95320f66efab,0,hindi_griffinlim_eval_final/fake_hindi_griffinlim/hindi_fake_0230.wav,3.6,0.0,0.0,0.9973894357681274,0.9973894357681274,0.0
231,ccd20bfc67c11f3e895626eb3d7e07e2eecb1ce583467fa1a70d8bda435a9fc5cf14c4a421d7811cf579acb2397447cbd649ac6eaaa8073a71a7d04ccb90882b,1,hindi_griffinlim_eval_final/real_hindi/hindi_real_0231.wav,7.668,608.0,1460.0,4.964846611022949,-4.4155426025390625,-9.380389213562012
231,ccd20bfc67c11f3e895626eb3d7e07e2eecb1ce583467fa1a70d8bda435a9fc5cf14c4a421d7811cf579acb2397447cbd649ac6eaaa8073a71a7d04ccb90882b,0,hindi_griffinlim_eval_final/fake_hindi_griffinlim/hindi_fake_0231.wav,7.668,0.0,0.0,-5.923464775085449,-5.923464775085449,0.0
232,c45d64f4a9ad8d1efb4d802830abc40f0e0e29e23a1d399fb4e668a1781d60c7b6329f4ed2b4ee75586b7ef748b73a373cb36707965a2b5785d7e9ce6196f390,1,hindi_griffinlim_eval_final/real_hindi/hindi_real_0232.wav,6.84,288.0,0.0,3.4755091667175293,3.252432346343994,-0.22307682037353516
232,c45d64f4a9ad8d1efb4d802830abc40f0e0e29e23a1d399fb4e668a1781d60c7b6329f4ed2b4ee75586b7ef748b73a373cb36707965a2b5785d7e9ce6196f390,0,hindi_griffinlim_eval_final/fake_hindi_griffinlim/hindi_fake_0232.wav,6.84,0.0,0.0,0.011007603257894516,0.011007603257894516,0.0
233,f59a2dc4d475bfb45d9b9628faa8b0e53570d46a05fd85dd8542559975c8cd75bf87c02f557d7ecd3e4eda2872a7e4a57adc699bc30e819c9e5c1c9e520cd02b,1,hindi_griffinlim_eval_final/real_hindi/hindi_real_0233.wav,5.04,288.0,176.0,5.224521636962891,4.3262176513671875,-0.8983039855957031
233,f59a2dc4d475bfb45d9b9628faa8b0e53570d46a05fd85dd8542559975c8cd75bf87c02f557d7ecd3e4eda2872a7e4a57adc699bc30e819c9e5c1c9e520cd02b,0,hindi_griffinlim_eval_final/fake_hindi_griffinlim/hindi_fake_0233.wav,5.04,0.0,0.0,1.9452006816864014,1.9452006816864014,0.0
234,7645441bdc18d3b030505861df550d84664b9a9931552e1efeafab2fc218b84b74173a02073f3ab449dfd6be412293b9bfbe39fc0b97793fff0f586d8212ca0d,1,hindi_griffinlim_eval_final/real_hindi/hindi_real_0234.wav,5.94,32.0,852.0,1.9068433046340942,3.267749071121216,1.3609057664871216
234,7645441bdc18d3b030505861df550d84664b9a9931552e1efeafab2fc218b84b74173a02073f3ab449dfd6be412293b9bfbe39fc0b97793fff0f586d8212ca0d,0,hindi_griffinlim_eval_final/fake_hindi_griffinlim/hindi_fake_0234.wav,5.94,0.0,0.0,0.13771383464336395,0.13771383464336395,0.0
235,aafda704e52784565ee078117b2a7941d822e96444d43cfe115de75e654f8c08c23b050eebe7b4264498537464b6e45cd0624f23aec65f904b156464d5056d52,1,hindi_griffinlim_eval_final/real_hindi/hindi_real_0235.wav,5.076,1024.0,820.0,5.03049373626709,-4.309388160705566,-9.339881896972656
235,aafda704e52784565ee078117b2a7941d822e96444d43cfe115de75e654f8c08c23b050eebe7b4264498537464b6e45cd0624f23aec65f904b156464d5056d52,0,hindi_griffinlim_eval_final/fake_hindi_griffinlim/hindi_fake_0235.wav,5.076,0.0,0.0,0.22250588238239288,0.22250588238239288,0.0
236,5310b36732adcb306bf541cfc07167aab125fdc69f95b159dc7599776e6c59eba8b9c847e20aad3e0d2cedcc27f1e73e9d9b7e9522ec4287c3f54c98bbca7ea7,1,hindi_griffinlim_eval_final/real_hindi/hindi_real_0236.wav,7.236,96.0,1156.0,4.952864646911621,4.732420444488525,-0.2204442024230957
236,5310b36732adcb306bf541cfc07167aab125fdc69f95b159dc7599776e6c59eba8b9c847e20aad3e0d2cedcc27f1e73e9d9b7e9522ec4287c3f54c98bbca7ea7,0,hindi_griffinlim_eval_final/fake_hindi_griffinlim/hindi_fake_0236.wav,7.236,0.0,0.0,-5.415983200073242,-5.415983200073242,0.0
237,23dd6e26b3a5106b8ad2de2def45e53280a12df6c47364b2bf652743a0198329d4e46b73fe42287703f0146d0bdb9be101cb22064f7b79578248fdc2ca2085f0,1,hindi_griffinlim_eval_final/real_hindi/hindi_real_0237.wav,7.2,64.0,0.0,5.000099182128906,5.292874336242676,0.29277515411376953
237,23dd6e26b3a5106b8ad2de2def45e53280a12df6c47364b2bf652743a0198329d4e46b73fe42287703f0146d0bdb9be101cb22064f7b79578248fdc2ca2085f0,0,hindi_griffinlim_eval_final/fake_hindi_griffinlim/hindi_fake_0237.wav,7.2,0.0,0.0,0.08000358939170837,0.08000358939170837,0.0
238,0a073b2441b86a13d80728f1a14413d473c4091d1053a3a53982f2c2698abb2a31f35efaefaad9b678d4cf8b27aecc058d4f664d005474a90b8af287ff58c303,1,hindi_griffinlim_eval_final/real_hindi/hindi_real_0238.wav,7.536,1024.0,368.0,4.810487270355225,-4.5171589851379395,-9.327646255493164
238,0a073b2441b86a13d80728f1a14413d473c4091d1053a3a53982f2c2698abb2a31f35efaefaad9b678d4cf8b27aecc058d4f664d005474a90b8af287ff58c303,0,hindi_griffinlim_eval_final/fake_hindi_griffinlim/hindi_fake_0238.wav,7.536,0.0,0.0,-0.6690969467163086,-0.6690969467163086,0.0
239,9c12887b11ae7ce76bcb5c4ca6b56f174e89c82f02c52c05b93ac7a40b6fb7b28d8474241a7dc36b3ad5b36eab48a209bf7e68a905ca64ac40b89e9311dec25d,1,hindi_griffinlim_eval_final/real_hindi/hindi_real_0239.wav,3.996,160.0,0.0,5.804095268249512,5.995966911315918,0.19187164306640625
239,9c12887b11ae7ce76bcb5c4ca6b56f174e89c82f02c52c05b93ac7a40b6fb7b28d8474241a7dc36b3ad5b36eab48a209bf7e68a905ca64ac40b89e9311dec25d,0,hindi_griffinlim_eval_final/fake_hindi_griffinlim/hindi_fake_0239.wav,3.996,0.0,0.0,5.157064914703369,5.157064914703369,0.0
240,eadc13b88ea5631a21a2beb0917e9be628171b8aaae29918cb08b2afa62e820e01d0a5e21154b643f10067864ae138783bc31abf1a13b86bcb072fa0f0df4d40,1,hindi_griffinlim_eval_final/real_hindi/hindi_real_0240.wav,3.996,1312.0,1628.0,4.924217224121094,-5.876448631286621,-10.800665855407715
240,eadc13b88ea5631a21a2beb0917e9be628171b8aaae29918cb08b2afa62e820e01d0a5e21154b643f10067864ae138783bc31abf1a13b86bcb072fa0f0df4d40,0,hindi_griffinlim_eval_final/fake_hindi_griffinlim/hindi_fake_0240.wav,3.996,0.0,0.0,7.035439491271973,7.035439491271973,0.0
241,1a94dffb861da3c85c0994bc8c83f7b79b502a83733ef28bc302cf6f1d5413001cd86d1c723357821dc3a90ba1b3f65e1203c2fa176b43daa279055fd6e5f529,1,hindi_griffinlim_eval_final/real_hindi/hindi_real_0241.wav,5.868,672.0,748.0,-0.24934567511081696,-5.45149040222168,-5.202144727110863
241,1a94dffb861da3c85c0994bc8c83f7b79b502a83733ef28bc302cf6f1d5413001cd86d1c723357821dc3a90ba1b3f65e1203c2fa176b43daa279055fd6e5f529,0,hindi_griffinlim_eval_final/fake_hindi_griffinlim/hindi_fake_0241.wav,5.868,0.0,0.0,-3.732229232788086,-3.732229232788086,0.0
242,c0fce8f25f23b41ed1321b49a5940b20f8b61130c14559d79ddf3816e5a433e06cad1469ff786911ce97ba8ea234da6b623881f3bb65339d1d3dd296e477a193,1,hindi_griffinlim_eval_final/real_hindi/hindi_real_0242.wav,3.42,128.0,444.0,4.364760398864746,0.01433500275015831,-4.350425396114588
242,c0fce8f25f23b41ed1321b49a5940b20f8b61130c14559d79ddf3816e5a433e06cad1469ff786911ce97ba8ea234da6b623881f3bb65339d1d3dd296e477a193,0,hindi_griffinlim_eval_final/fake_hindi_griffinlim/hindi_fake_0242.wav,3.42,0.0,0.0,-5.452220916748047,-5.452220916748047,0.0
243,4c946f553c704abd727b3818b1d22dba011a368043575278b58ae219f71cb8914e6cac82abe55d7da17f49bea4cceb3b96c17355a6f5b078c19a947defb9061c,1,hindi_griffinlim_eval_final/real_hindi/hindi_real_0243.wav,2.592,384.0,544.0,1.1259349584579468,-3.642768621444702,-4.768703579902649
243,4c946f553c704abd727b3818b1d22dba011a368043575278b58ae219f71cb8914e6cac82abe55d7da17f49bea4cceb3b96c17355a6f5b078c19a947defb9061c,0,hindi_griffinlim_eval_final/fake_hindi_griffinlim/hindi_fake_0243.wav,2.592,0.0,0.0,-3.7325732707977295,-3.7325732707977295,0.0
244,0175f4388a3ca66faae78ea57819f8aab986d188f874dde198e28b64248291dde8f43a6912b9de4854f9862a8f832961da3e9194bec9ebef96b1c9b66d956422,1,hindi_griffinlim_eval_final/real_hindi/hindi_real_0244.wav,3.528,352.0,840.0,2.665308952331543,-3.8351938724517822,-6.500502824783325
244,0175f4388a3ca66faae78ea57819f8aab986d188f874dde198e28b64248291dde8f43a6912b9de4854f9862a8f832961da3e9194bec9ebef96b1c9b66d956422,0,hindi_griffinlim_eval_final/fake_hindi_griffinlim/hindi_fake_0244.wav,3.528,0.0,0.0,-0.44218915700912476,-0.44218915700912476,0.0
245,8525f36954391ad7696abcf66c1383e5409d52980ebd2d7b1063cc48ed81ebd9f8cf3a8c257f079e986893cfa2455e4c832d04863c8fed7db4f4d5951ec34d1b,1,hindi_griffinlim_eval_final/real_hindi/hindi_real_0245.wav,4.788,608.0,564.0,4.705979347229004,-5.1325788497924805,-9.838558197021484
245,8525f36954391ad7696abcf66c1383e5409d52980ebd2d7b1063cc48ed81ebd9f8cf3a8c257f079e986893cfa2455e4c832d04863c8fed7db4f4d5951ec34d1b,0,hindi_griffinlim_eval_final/fake_hindi_griffinlim/hindi_fake_0245.wav,4.788,0.0,0.0,-0.5358173847198486,-0.5358173847198486,0.0
246,9698b39cb85f238f1346eea2dba721e4e8fb440bd4d14b632aef84108f02f47d028463a7076a9eb0333b72fab260a9357f045de63eaaa3c7374ce6a692e081ba,1,hindi_griffinlim_eval_final/real_hindi/hindi_real_0246.wav,6.912,1696.0,1440.0,4.16817569732666,-5.4530839920043945,-9.621259689331055
246,9698b39cb85f238f1346eea2dba721e4e8fb440bd4d14b632aef84108f02f47d028463a7076a9eb0333b72fab260a9357f045de63eaaa3c7374ce6a692e081ba,0,hindi_griffinlim_eval_final/fake_hindi_griffinlim/hindi_fake_0246.wav,6.912,0.0,0.0,-1.2118556499481201,-1.2118556499481201,0.0
247,aae384c088b18eed8da9fe141de09f584054ad55ee2a6514c682c1bd425784ed886c928e35a66fa611ccad98b44274839b2b5f7c3fe678e1c8740cfc90389187,1,hindi_griffinlim_eval_final/real_hindi/hindi_real_0247.wav,5.22,864.0,164.0,-0.19363529980182648,-5.384363174438477,-5.19072787463665
247,aae384c088b18eed8da9fe141de09f584054ad55ee2a6514c682c1bd425784ed886c928e35a66fa611ccad98b44274839b2b5f7c3fe678e1c8740cfc90389187,0,hindi_griffinlim_eval_final/fake_hindi_griffinlim/hindi_fake_0247.wav,5.22,0.0,0.0,-1.9195762872695923,-1.9195762872695923,0.0
248,36062260d676bde6039ce120c376465b2bd64e0699bac4f5ccf693568a39376a0cbc895a1c3ad2b74de0236420dc51f0dc3bc8d7f1fcac394756286a2c426056,1,hindi_griffinlim_eval_final/real_hindi/hindi_real_0248.wav,7.632,640.0,368.0,3.3279318809509277,-3.604271173477173,-6.932203054428101
248,36062260d676bde6039ce120c376465b2bd64e0699bac4f5ccf693568a39376a0cbc895a1c3ad2b74de0236420dc51f0dc3bc8d7f1fcac394756286a2c426056,0,hindi_griffinlim_eval_final/fake_hindi_griffinlim/hindi_fake_0248.wav,7.632,640.0,368.0,1.8873873949050903,-4.6179704666137695,-6.50535786151886
249,2b0295a46df33cca7111334e28048e4ca8856ac39e51ceba5d127c2defec2c84aa3dbbe0b2cd9a0057a3710d4ca5936186ac62306a21dbc4f493acb9486d1452,1,hindi_griffinlim_eval_final/real_hindi/hindi_real_0249.wav,6.516,608.0,948.0,3.7474918365478516,-4.938974380493164,-8.686466217041016
249,2b0295a46df33cca7111334e28048e4ca8856ac39e51ceba5d127c2defec2c84aa3dbbe0b2cd9a0057a3710d4ca5936186ac62306a21dbc4f493acb9486d1452,0,hindi_griffinlim_eval_final/fake_hindi_griffinlim/hindi_fake_0249.wav,6.516,0.0,0.0,2.590724468231201,2.590724468231201,0.0
250,9492b0374bde3e9f6b0f2910f764eb837b8a3c261e9705422378ca4e59d7e977df84518e2169c11a238bf11cbd8477391bc51fdcf9134ad8216402b0cd5c37c6,1,hindi_griffinlim_eval_final/real_hindi/hindi_real_0250.wav,3.96,0.0,344.0,4.9800591468811035,4.787132740020752,-0.19292640686035156
250,9492b0374bde3e9f6b0f2910f764eb837b8a3c261e9705422378ca4e59d7e977df84518e2169c11a238bf11cbd8477391bc51fdcf9134ad8216402b0cd5c37c6,0,hindi_griffinlim_eval_final/fake_hindi_griffinlim/hindi_fake_0250.wav,3.96,0.0,0.0,0.8100907802581787,0.8100907802581787,0.0
251,1ab26689a68e6aeb9ee56daf140f5d65c19295d6b65eaef9f51f22cbd867b635758194eb9640790ea7d37a0de2bd5d0f235fb7662cc80dda56261f92c3cb4475,1,hindi_griffinlim_eval_final/real_hindi/hindi_real_0251.wav,5.796,896.0,932.0,6.2225494384765625,5.244952201843262,-0.9775972366333008
251,1ab26689a68e6aeb9ee56daf140f5d65c19295d6b65eaef9f51f22cbd867b635758194eb9640790ea7d37a0de2bd5d0f235fb7662cc80dda56261f92c3cb4475,0,hindi_griffinlim_eval_final/fake_hindi_griffinlim/hindi_fake_0251.wav,5.796,0.0,0.0,3.316549777984619,3.316549777984619,0.0
252,ea8ef3168cd29cf3bb33c603fc49336a1b58747fac2bdd17b4f6d59f24ed30a903a1b574e5d276035f8c3141478664e8f36c46a55fb6637e08b183a0969615a0,1,hindi_griffinlim_eval_final/real_hindi/hindi_real_0252.wav,4.608,448.0,320.0,-0.03198026493191719,-4.507087707519531,-4.475107442587614
252,ea8ef3168cd29cf3bb33c603fc49336a1b58747fac2bdd17b4f6d59f24ed30a903a1b574e5d276035f8c3141478664e8f36c46a55fb6637e08b183a0969615a0,0,hindi_griffinlim_eval_final/fake_hindi_griffinlim/hindi_fake_0252.wav,4.608,0.0,0.0,-4.3905930519104,-4.3905930519104,0.0
253,bbf090e6e283e4e37184a2e8d18c4e8b316a072a5565f942ab1fe209609ce93499859b1bc6b7111be2f33203c2746e5c37c57a3fcff52e9a7f38780d6fc39a26,1,hindi_griffinlim_eval_final/real_hindi/hindi_real_0253.wav,6.948,608.0,804.0,2.441908121109009,-4.922975063323975,-7.364883184432983
253,bbf090e6e283e4e37184a2e8d18c4e8b316a072a5565f942ab1fe209609ce93499859b1bc6b7111be2f33203c2746e5c37c57a3fcff52e9a7f38780d6fc39a26,0,hindi_griffinlim_eval_final/fake_hindi_griffinlim/hindi_fake_0253.wav,6.948,0.0,0.0,-1.7525250911712646,-1.7525250911712646,0.0
254,40755351d14a54150898c5756a00e1c19d4099c2b7fca916bd7eb5967ce050c2fa3e5870250539857dbb1005de528c8a967e18a0f7dfd0dfce66024cc6a979c0,1,hindi_griffinlim_eval_final/real_hindi/hindi_real_0254.wav,5.76,640.0,832.0,4.924389839172363,2.4297449588775635,-2.4946448802948
254,40755351d14a54150898c5756a00e1c19d4099c2b7fca916bd7eb5967ce050c2fa3e5870250539857dbb1005de528c8a967e18a0f7dfd0dfce66024cc6a979c0,0,hindi_griffinlim_eval_final/fake_hindi_griffinlim/hindi_fake_0254.wav,5.76,0.0,0.0,-1.7990225553512573,-1.7990225553512573,0.0
255,46f23ae11e8565e979749342e1097a77fe3ef574253f10323351763c97b22c07b42362b03c576fa1d45361cede36368bbd6b9325f1f93cd2b8ed161a560ece2a,1,hindi_griffinlim_eval_final/real_hindi/hindi_real_0255.wav,2.4,640.0,480.0,5.41709041595459,-3.8266797065734863,-9.243770122528076
255,46f23ae11e8565e979749342e1097a77fe3ef574253f10323351763c97b22c07b42362b03c576fa1d45361cede36368bbd6b9325f1f93cd2b8ed161a560ece2a,0,hindi_griffinlim_eval_final/fake_hindi_griffinlim/hindi_fake_0255.wav,2.4,0.0,0.0,-0.17849679291248322,-0.17849679291248322,0.0
256,5b3872837902e6d95327320c254ce8cc9e7b69e3ad4e2e54f93009f6f44af95a3b2bd03dd9504518ddea0ce1bb0793458ea03d00ccd3c918aba1a0a91476da99,1,hindi_griffinlim_eval_final/real_hindi/hindi_real_0256.wav,4.656,608.0,464.0,1.0116714239120483,-4.28719425201416,-5.2988656759262085
256,5b3872837902e6d95327320c254ce8cc9e7b69e3ad4e2e54f93009f6f44af95a3b2bd03dd9504518ddea0ce1bb0793458ea03d00ccd3c918aba1a0a91476da99,0,hindi_griffinlim_eval_final/fake_hindi_griffinlim/hindi_fake_0256.wav,4.656,0.0,0.0,-4.071928977966309,-4.071928977966309,0.0
257,d24af5ee15190d3fc14dfc4ee3c75c75fe66fb537d4c7cf94e0e7d489ba442240b112a68a9dcd921ed48aaf17649bacd187e913bf4f22c1471cdc0fd263e9aa7,1,hindi_griffinlim_eval_final/real_hindi/hindi_real_0257.wav,4.896,256.0,768.0,3.9486124515533447,0.519325315952301,-3.4292871356010437
257,d24af5ee15190d3fc14dfc4ee3c75c75fe66fb537d4c7cf94e0e7d489ba442240b112a68a9dcd921ed48aaf17649bacd187e913bf4f22c1471cdc0fd263e9aa7,0,hindi_griffinlim_eval_final/fake_hindi_griffinlim/hindi_fake_0257.wav,4.896,256.0,768.0,0.466970294713974,-1.2436546087265015,-1.7106249034404755
258,389842e0cd33cfb9876ef3d2f0e50eb0d9842d3a72efb647244e2cab4f456609c2fe3c3584b5307808cc70d8a9f6cbc18617ef2eadf45ed518b03c0dee8dfd87,1,hindi_griffinlim_eval_final/real_hindi/hindi_real_0258.wav,4.824,32.0,408.0,4.84487247467041,4.650250434875488,-0.19462203979492188
258,389842e0cd33cfb9876ef3d2f0e50eb0d9842d3a72efb647244e2cab4f456609c2fe3c3584b5307808cc70d8a9f6cbc18617ef2eadf45ed518b03c0dee8dfd87,0,hindi_griffinlim_eval_final/fake_hindi_griffinlim/hindi_fake_0258.wav,4.824,0.0,0.0,-0.6523375511169434,-0.6523375511169434,0.0
259,70c96a46f6827039223782fee3a93b99fa8168c84d3e5f9a0e2a1f16cfc1d62ad6f52d19ac175ad3ee541abd81068d089df3693e843b932053395156f6ff36b6,1,hindi_griffinlim_eval_final/real_hindi/hindi_real_0259.wav,4.716,160.0,12.0,-2.2541611194610596,-3.796065092086792,-1.5419039726257324
259,70c96a46f6827039223782fee3a93b99fa8168c84d3e5f9a0e2a1f16cfc1d62ad6f52d19ac175ad3ee541abd81068d089df3693e843b932053395156f6ff36b6,0,hindi_griffinlim_eval_final/fake_hindi_griffinlim/hindi_fake_0259.wav,4.716,0.0,0.0,-5.799622535705566,-5.799622535705566,0.0
260,984398a9ba94c5ce43b621c6fee2c6092d5ea3632e0b605bf206a5ae59eba42401dbc36603073eec2117374293d2675a9847d91f1c71deeeeee7c5202840a1ea,1,hindi_griffinlim_eval_final/real_hindi/hindi_real_0260.wav,4.896,928.0,0.0,3.990652322769165,-1.8721858263015747,-5.86283814907074
260,984398a9ba94c5ce43b621c6fee2c6092d5ea3632e0b605bf206a5ae59eba42401dbc36603073eec2117374293d2675a9847d91f1c71deeeeee7c5202840a1ea,0,hindi_griffinlim_eval_final/fake_hindi_griffinlim/hindi_fake_0260.wav,4.896,0.0,0.0,5.507872581481934,5.507872581481934,0.0
261,d1d9c267ebee74a32597d31c9167b2edb1f99cb7f4aa13501a5cc3bd519deaa2516058fb40da1e55deef24bb43e231ab5f17484bb11468d631c90e3bf29b76d4,1,hindi_griffinlim_eval_final/real_hindi/hindi_real_0261.wav,3.888,608.0,48.0,4.553257942199707,4.413331985473633,-0.13992595672607422
261,d1d9c267ebee74a32597d31c9167b2edb1f99cb7f4aa13501a5cc3bd519deaa2516058fb40da1e55deef24bb43e231ab5f17484bb11468d631c90e3bf29b76d4,0,hindi_griffinlim_eval_final/fake_hindi_griffinlim/hindi_fake_0261.wav,3.888,0.0,0.0,6.992283821105957,6.992283821105957,0.0
262,42adfde56dd3d69ed58436d1e8a55fac999afb0e390ebc65c299c3cd2b7258cb079683412241e54e7fa275e56a02bd19a10d6a17fead09988cd0fad2e6061e7b,1,hindi_griffinlim_eval_final/real_hindi/hindi_real_0262.wav,3.096,224.0,792.0,-5.904458999633789,-6.101439952850342,-0.19698095321655273
262,42adfde56dd3d69ed58436d1e8a55fac999afb0e390ebc65c299c3cd2b7258cb079683412241e54e7fa275e56a02bd19a10d6a17fead09988cd0fad2e6061e7b,0,hindi_griffinlim_eval_final/fake_hindi_griffinlim/hindi_fake_0262.wav,3.096,0.0,0.0,-0.8770861029624939,-0.8770861029624939,0.0
263,e6f76063e0bed01647274603154c6319e89caf2d63a94e0c72490f58e3bca473aba94f53d264079979a367057af8c6e8152ef88087ac70720ea6175f8f9e4970,1,hindi_griffinlim_eval_final/real_hindi/hindi_real_0263.wav,4.536,224.0,0.0,-0.28431838750839233,0.45434391498565674,0.7386623024940491
263,e6f76063e0bed01647274603154c6319e89caf2d63a94e0c72490f58e3bca473aba94f53d264079979a367057af8c6e8152ef88087ac70720ea6175f8f9e4970,0,hindi_griffinlim_eval_final/fake_hindi_griffinlim/hindi_fake_0263.wav,4.536,0.0,0.0,-2.5007681846618652,-2.5007681846618652,0.0
264,bd008914e8d61f280ef49d1b81b9ba5feafa0195842fb73953d414962085d13881380f143efa9cc3014fb5083f2ca49ec0ac216b23e48f676493303b320d17d3,1,hindi_griffinlim_eval_final/real_hindi/hindi_real_0264.wav,7.884,800.0,1612.0,5.764726638793945,-0.14338275790214539,-5.908109396696091
264,bd008914e8d61f280ef49d1b81b9ba5feafa0195842fb73953d414962085d13881380f143efa9cc3014fb5083f2ca49ec0ac216b23e48f676493303b320d17d3,0,hindi_griffinlim_eval_final/fake_hindi_griffinlim/hindi_fake_0264.wav,7.884,0.0,0.0,-0.7870297431945801,-0.7870297431945801,0.0
265,d5417347b8d450c2aefa6ac74539b48c943a0d94b866457184e18c67074d8c2eb785e7191abf9c2199ef4db0873ef3ca503bfeaee470f6ab2506b8c2120a6669,1,hindi_griffinlim_eval_final/real_hindi/hindi_real_0265.wav,6.048,0.0,0.0,-4.677670001983643,-4.677670001983643,0.0
265,d5417347b8d450c2aefa6ac74539b48c943a0d94b866457184e18c67074d8c2eb785e7191abf9c2199ef4db0873ef3ca503bfeaee470f6ab2506b8c2120a6669,0,hindi_griffinlim_eval_final/fake_hindi_griffinlim/hindi_fake_0265.wav,6.048,0.0,0.0,-3.367640495300293,-3.367640495300293,0.0
266,f4be1316ad0e2da63cc723ae7822391bf5e9bebab20d134595b5dfaa0fcfc42a3907fb02b5ee992a496c84610d4d015a0b2f1e8240dc27a431cd55d69b1ab7e3,1,hindi_griffinlim_eval_final/real_hindi/hindi_real_0266.wav,4.356,640.0,1060.0,-0.16336771845817566,-5.54109001159668,-5.377722293138504
266,f4be1316ad0e2da63cc723ae7822391bf5e9bebab20d134595b5dfaa0fcfc42a3907fb02b5ee992a496c84610d4d015a0b2f1e8240dc27a431cd55d69b1ab7e3,0,hindi_griffinlim_eval_final/fake_hindi_griffinlim/hindi_fake_0266.wav,4.356,0.0,0.0,6.004999160766602,6.004999160766602,0.0
267,e13c23ee2d8500b3cffa2cdf67ef9d827331c36238411c839fe39b077736953b55de43cff6bb2d96066fb6660cc6542db53e3e5abe00c2cb8d79cf3bc38b22fb,1,hindi_griffinlim_eval_final/real_hindi/hindi_real_0267.wav,3.78,320.0,132.0,6.377025604248047,6.153504371643066,-0.22352123260498047
267,e13c23ee2d8500b3cffa2cdf67ef9d827331c36238411c839fe39b077736953b55de43cff6bb2d96066fb6660cc6542db53e3e5abe00c2cb8d79cf3bc38b22fb,0,hindi_griffinlim_eval_final/fake_hindi_griffinlim/hindi_fake_0267.wav,3.78,0.0,0.0,6.15670108795166,6.15670108795166,0.0
268,c3b879809a9ebf0d819103be644fbf3fee1c8cafd1e2c2f905c8d6d5c2497bcd47b0cb932bb4106b5729479e89ca660253ad1158181c72462d1ce0499047db90,1,hindi_griffinlim_eval_final/real_hindi/hindi_real_0268.wav,3.996,512.0,572.0,-0.5910915732383728,-5.002523422241211,-4.411431849002838
268,c3b879809a9ebf0d819103be644fbf3fee1c8cafd1e2c2f905c8d6d5c2497bcd47b0cb932bb4106b5729479e89ca660253ad1158181c72462d1ce0499047db90,0,hindi_griffinlim_eval_final/fake_hindi_griffinlim/hindi_fake_0268.wav,3.996,0.0,0.0,3.6332969665527344,3.6332969665527344,0.0
269,b5368a2dff773c397ef5c49e62c79de17d88d95d2079d13c22dfd061e40dd1528406716bf6158aee618664f8bd5cd01289e1e410afda482364672472b003fd9b,1,hindi_griffinlim_eval_final/real_hindi/hindi_real_0269.wav,3.78,32.0,228.0,5.509823799133301,5.683010578155518,0.1731867790222168
269,b5368a2dff773c397ef5c49e62c79de17d88d95d2079d13c22dfd061e40dd1528406716bf6158aee618664f8bd5cd01289e1e410afda482364672472b003fd9b,0,hindi_griffinlim_eval_final/fake_hindi_griffinlim/hindi_fake_0269.wav,3.78,0.0,0.0,4.327545166015625,4.327545166015625,0.0
270,46f23ae11e8565e979749342e1097a77fe3ef574253f10323351763c97b22c07b42362b03c576fa1d45361cede36368bbd6b9325f1f93cd2b8ed161a560ece2a,1,hindi_griffinlim_eval_final/real_hindi/hindi_real_0270.wav,3.696,224.0,528.0,5.881401062011719,5.797702789306641,-0.08369827270507812
270,46f23ae11e8565e979749342e1097a77fe3ef574253f10323351763c97b22c07b42362b03c576fa1d45361cede36368bbd6b9325f1f93cd2b8ed161a560ece2a,0,hindi_griffinlim_eval_final/fake_hindi_griffinlim/hindi_fake_0270.wav,3.696,0.0,0.0,6.904026985168457,6.904026985168457,0.0
271,e0b0d9bee4bc7b503aa80e3cc2b981cba7d2cd3493201182fda6cfaf6bd0f3c06ed4dece1470c13e0a96e60f29ff7be6ceb53724edc3973a8e5594a8b8f2fb13,1,hindi_griffinlim_eval_final/real_hindi/hindi_real_0271.wav,3.996,1184.0,1020.0,4.8830647468566895,-3.9295384883880615,-8.812603235244751
271,e0b0d9bee4bc7b503aa80e3cc2b981cba7d2cd3493201182fda6cfaf6bd0f3c06ed4dece1470c13e0a96e60f29ff7be6ceb53724edc3973a8e5594a8b8f2fb13,0,hindi_griffinlim_eval_final/fake_hindi_griffinlim/hindi_fake_0271.wav,3.996,0.0,0.0,5.6924591064453125,5.6924591064453125,0.0
272,ec78af2b863dab21a727f2ae9acf3ca8000403bcaaa82e800686048efeb2dcd359c7afd61fc63ea272d52e127546ccc8650a9df372bdb8f30a4df59e828cc263,1,hindi_griffinlim_eval_final/real_hindi/hindi_real_0272.wav,4.536,992.0,0.0,-0.6203259229660034,-2.9449710845947266,-2.324645161628723
272,ec78af2b863dab21a727f2ae9acf3ca8000403bcaaa82e800686048efeb2dcd359c7afd61fc63ea272d52e127546ccc8650a9df372bdb8f30a4df59e828cc263,0,hindi_griffinlim_eval_final/fake_hindi_griffinlim/hindi_fake_0272.wav,4.536,0.0,0.0,2.4675345420837402,2.4675345420837402,0.0
273,ec293248c910c28091014fec13d47bb69cc84f0b265ad0536d7e39390f3de510ab879fa3c23797defe85d8c846a4e148c971e28da6a90a647a9bc37eb03362bc,1,hindi_griffinlim_eval_final/real_hindi/hindi_real_0273.wav,6.408,64.0,520.0,4.651507377624512,4.811338424682617,0.15983104705810547
273,ec293248c910c28091014fec13d47bb69cc84f0b265ad0536d7e39390f3de510ab879fa3c23797defe85d8c846a4e148c971e28da6a90a647a9bc37eb03362bc,0,hindi_griffinlim_eval_final/fake_hindi_griffinlim/hindi_fake_0273.wav,6.408,0.0,0.0,5.558810710906982,5.558810710906982,0.0
274,1a88297b510c4d15acdd9d6a3f50d13fd6420c8f934e487a7ec5096ab5fbebef165269d581a12002a5eca2cf3fbced4552441668df9c027abd45ef0895eabbc2,1,hindi_griffinlim_eval_final/real_hindi/hindi_real_0274.wav,4.248,960.0,984.0,5.972651481628418,-0.1101590245962143,-6.082810506224632
274,1a88297b510c4d15acdd9d6a3f50d13fd6420c8f934e487a7ec5096ab5fbebef165269d581a12002a5eca2cf3fbced4552441668df9c027abd45ef0895eabbc2,0,hindi_griffinlim_eval_final/fake_hindi_griffinlim/hindi_fake_0274.wav,4.248,0.0,0.0,-0.5280156135559082,-0.5280156135559082,0.0
275,c7a77aac9398049c593a06e3bde552061eb033612d2266a548202cc8790a06dd5c5c4fb002e8013ef38f94abed95b3bea0e56c4cb6aa8deecf7c63373764826d,1,hindi_griffinlim_eval_final/real_hindi/hindi_real_0275.wav,5.652,544.0,0.0,-0.4871971607208252,-5.956935882568359,-5.469738721847534
275,c7a77aac9398049c593a06e3bde552061eb033612d2266a548202cc8790a06dd5c5c4fb002e8013ef38f94abed95b3bea0e56c4cb6aa8deecf7c63373764826d,0,hindi_griffinlim_eval_final/fake_hindi_griffinlim/hindi_fake_0275.wav,5.652,0.0,0.0,-0.5090978145599365,-0.5090978145599365,0.0
276,6ebad08c5960e5ac3ec20197f173828d6da580b660c01794cdd4270089cdd590b3d512277ba38e372e860e7e9e9d9621fbeec2edd3ab07dcfe713a646c246543,1,hindi_griffinlim_eval_final/real_hindi/hindi_real_0276.wav,4.356,736.0,1220.0,5.654741287231445,-2.0424818992614746,-7.69722318649292
276,6ebad08c5960e5ac3ec20197f173828d6da580b660c01794cdd4270089cdd590b3d512277ba38e372e860e7e9e9d9621fbeec2edd3ab07dcfe713a646c246543,0,hindi_griffinlim_eval_final/fake_hindi_griffinlim/hindi_fake_0276.wav,4.356,0.0,0.0,-1.7415894269943237,-1.7415894269943237,0.0
277,984398a9ba94c5ce43b621c6fee2c6092d5ea3632e0b605bf206a5ae59eba42401dbc36603073eec2117374293d2675a9847d91f1c71deeeeee7c5202840a1ea,1,hindi_griffinlim_eval_final/real_hindi/hindi_real_0277.wav,2.328,96.0,24.0,1.6388646364212036,1.0976588726043701,-0.5412057638168335
277,984398a9ba94c5ce43b621c6fee2c6092d5ea3632e0b605bf206a5ae59eba42401dbc36603073eec2117374293d2675a9847d91f1c71deeeeee7c5202840a1ea,0,hindi_griffinlim_eval_final/fake_hindi_griffinlim/hindi_fake_0277.wav,2.328,0.0,0.0,-4.016618728637695,-4.016618728637695,0.0
278,9be22651e8bee8e72a3187d9a27f0e9ed24c178b528062b4ae5d6a2a32dbb8c6001f6d3f15d60270fefa422a2c58426a2c915931d43266eb48a2d15836111a95,1,hindi_griffinlim_eval_final/real_hindi/hindi_real_0278.wav,7.416,1184.0,760.0,0.4952617883682251,-1.3000246286392212,-1.7952864170074463
278,9be22651e8bee8e72a3187d9a27f0e9ed24c178b528062b4ae5d6a2a32dbb8c6001f6d3f15d60270fefa422a2c58426a2c915931d43266eb48a2d15836111a95,0,hindi_griffinlim_eval_final/fake_hindi_griffinlim/hindi_fake_0278.wav,7.416,0.0,0.0,3.4495670795440674,3.4495670795440674,0.0
279,e3d7f69caea5efb2f5319a49faacdc76440549b08282bef1d81bc2ce2e823cf05f2bbb7d1ec46ef4f681113376a098b117c1ac6a8b1dfe88acf27fa6a9961f31,1,hindi_griffinlim_eval_final/real_hindi/hindi_real_0279.wav,6.12,768.0,456.0,4.392974853515625,-4.038153648376465,-8.43112850189209
279,e3d7f69caea5efb2f5319a49faacdc76440549b08282bef1d81bc2ce2e823cf05f2bbb7d1ec46ef4f681113376a098b117c1ac6a8b1dfe88acf27fa6a9961f31,0,hindi_griffinlim_eval_final/fake_hindi_griffinlim/hindi_fake_0279.wav,6.12,0.0,0.0,-1.196555733680725,-1.196555733680725,0.0
280,c1edd0ef566e809ba01bf1a3011df6cd0fbf6a1675ba8002e671dd7b16588ea30ff434c78aaae27b190d16c6d7bd32bdd4a6b1ca631c0b3f819e807b3cdef585,1,hindi_griffinlim_eval_final/real_hindi/hindi_real_0280.wav,4.14,0.0,0.0,0.028119083493947983,0.028119083493947983,0.0
280,c1edd0ef566e809ba01bf1a3011df6cd0fbf6a1675ba8002e671dd7b16588ea30ff434c78aaae27b190d16c6d7bd32bdd4a6b1ca631c0b3f819e807b3cdef585,0,hindi_griffinlim_eval_final/fake_hindi_griffinlim/hindi_fake_0280.wav,4.14,0.0,0.0,6.916489601135254,6.916489601135254,0.0
281,311217067d55b7cce037852182d16a8e446e955f838c22ea621a12cf2d0fcb73cef39d58af1b90b48bc6a39e94534cd5781370c0e4affc028225fa2b2f7029f0,1,hindi_griffinlim_eval_final/real_hindi/hindi_real_0281.wav,4.536,32.0,312.0,-6.006826400756836,-4.813854217529297,1.192972183227539
281,311217067d55b7cce037852182d16a8e446e955f838c22ea621a12cf2d0fcb73cef39d58af1b90b48bc6a39e94534cd5781370c0e4affc028225fa2b2f7029f0,0,hindi_griffinlim_eval_final/fake_hindi_griffinlim/hindi_fake_0281.wav,4.536,0.0,0.0,-0.7202043533325195,-0.7202043533325195,0.0
282,ecc7e59a32c148c0940caf49e33b11c6c9cbcd065d19c3a636df8798f9a2b79eec188e8b8ec5c0ba3212d762cde863f145957a01d44291181826e1579efbcf79,1,hindi_griffinlim_eval_final/real_hindi/hindi_real_0282.wav,5.112,32.0,56.0,0.17757585644721985,0.10502240061759949,-0.07255345582962036
282,ecc7e59a32c148c0940caf49e33b11c6c9cbcd065d19c3a636df8798f9a2b79eec188e8b8ec5c0ba3212d762cde863f145957a01d44291181826e1579efbcf79,0,hindi_griffinlim_eval_final/fake_hindi_griffinlim/hindi_fake_0282.wav,5.112,0.0,0.0,6.181203842163086,6.181203842163086,0.0
283,6e20e06229081bf9c063f01cd7b3e0a759f5953624213afea5c397d4b7fe9a4dc5dae704a5faf61147d4155de50dc4a2cafdf78e7e2f8a3dc8633f276065b4cc,1,hindi_griffinlim_eval_final/real_hindi/hindi_real_0283.wav,4.716,1536.0,844.0,5.006925106048584,-5.683776378631592,-10.690701484680176
283,6e20e06229081bf9c063f01cd7b3e0a759f5953624213afea5c397d4b7fe9a4dc5dae704a5faf61147d4155de50dc4a2cafdf78e7e2f8a3dc8633f276065b4cc,0,hindi_griffinlim_eval_final/fake_hindi_griffinlim/hindi_fake_0283.wav,4.716,0.0,0.0,-2.0309834480285645,-2.0309834480285645,0.0
284,5d04e341d28471b5a0877f8fdc6dfb88a706c40c3a904e7e0b0982891ccab4d619b816f3a5dc1025591b7cfdc9f56ef10169afd22bfcd78c1ee7b6fc4e36bc03,1,hindi_griffinlim_eval_final/real_hindi/hindi_real_0284.wav,6.696,1184.0,8.0,4.7215471267700195,-2.2372922897338867,-6.958839416503906
284,5d04e341d28471b5a0877f8fdc6dfb88a706c40c3a904e7e0b0982891ccab4d619b816f3a5dc1025591b7cfdc9f56ef10169afd22bfcd78c1ee7b6fc4e36bc03,0,hindi_griffinlim_eval_final/fake_hindi_griffinlim/hindi_fake_0284.wav,6.696,0.0,0.0,4.046511650085449,4.046511650085449,0.0
285,6f3cdaef649635685d3a90ee62bab981848e6ed6f25f28b9b43c2f3d4ac51b4e42a36ead3b4b83add1e9bd60f0c66f05ecfe7c7c5154b6345a1c2f1c85b32fa8,1,hindi_griffinlim_eval_final/real_hindi/hindi_real_0285.wav,4.608,928.0,0.0,2.876594305038452,-5.115592002868652,-7.9921863079071045
285,6f3cdaef649635685d3a90ee62bab981848e6ed6f25f28b9b43c2f3d4ac51b4e42a36ead3b4b83add1e9bd60f0c66f05ecfe7c7c5154b6345a1c2f1c85b32fa8,0,hindi_griffinlim_eval_final/fake_hindi_griffinlim/hindi_fake_0285.wav,4.608,0.0,0.0,-4.235663890838623,-4.235663890838623,0.0
286,cba73505723d31fe1d355fd9c1ba00f36d72661f667b151bb2e4db347100a72793ca3d5351e0293af666bf35d2684deb3e4bbc6fe630ffabe699d80709a0ea07,1,hindi_griffinlim_eval_final/real_hindi/hindi_real_0286.wav,6.768,128.0,1328.0,2.2150626182556152,2.3324012756347656,0.11733865737915039
286,cba73505723d31fe1d355fd9c1ba00f36d72661f667b151bb2e4db347100a72793ca3d5351e0293af666bf35d2684deb3e4bbc6fe630ffabe699d80709a0ea07,0,hindi_griffinlim_eval_final/fake_hindi_griffinlim/hindi_fake_0286.wav,6.768,0.0,0.0,6.519243240356445,6.519243240356445,0.0
287,f8d4690343aebc46b5b4f761cbee6d5cd597474f021f677c62c03c23da03907c8e42536fdd96e5ead2cdf210f62bca5450c4902a6ca872aec66acc854084cb5f,1,hindi_griffinlim_eval_final/real_hindi/hindi_real_0287.wav,7.704,0.0,0.0,-2.41414737701416,-2.41414737701416,0.0
287,f8d4690343aebc46b5b4f761cbee6d5cd597474f021f677c62c03c23da03907c8e42536fdd96e5ead2cdf210f62bca5450c4902a6ca872aec66acc854084cb5f,0,hindi_griffinlim_eval_final/fake_hindi_griffinlim/hindi_fake_0287.wav,7.704,0.0,0.0,-0.08933141827583313,-0.08933141827583313,0.0
288,3cc689cef88ce2eef03fd3065b6ad230f3510ced585ce0ed79f637bea2ddf7ab025d93e97a52c579d31d186f0512b29153286885b7c54221a569102a68dec661,1,hindi_griffinlim_eval_final/real_hindi/hindi_real_0288.wav,5.76,64.0,1312.0,-1.354833960533142,-0.9588366150856018,0.3959973454475403
288,3cc689cef88ce2eef03fd3065b6ad230f3510ced585ce0ed79f637bea2ddf7ab025d93e97a52c579d31d186f0512b29153286885b7c54221a569102a68dec661,0,hindi_griffinlim_eval_final/fake_hindi_griffinlim/hindi_fake_0288.wav,5.76,64.0,1312.0,-1.2121223211288452,-1.0026408433914185,0.20948147773742676
289,95340b846e677ea27571958308bb11e2403ec2e4464bba7c97372d324e628a906f6be086595117707361a5dd7b41295d64031b6b2a5f2e50f6dc0a1841fd7fa2,1,hindi_griffinlim_eval_final/real_hindi/hindi_real_0289.wav,7.92,640.0,624.0,5.5565996170043945,0.36728838086128235,-5.189311236143112
289,95340b846e677ea27571958308bb11e2403ec2e4464bba7c97372d324e628a906f6be086595117707361a5dd7b41295d64031b6b2a5f2e50f6dc0a1841fd7fa2,0,hindi_griffinlim_eval_final/fake_hindi_griffinlim/hindi_fake_0289.wav,7.92,0.0,0.0,6.809389114379883,6.809389114379883,0.0
290,1ab26689a68e6aeb9ee56daf140f5d65c19295d6b65eaef9f51f22cbd867b635758194eb9640790ea7d37a0de2bd5d0f235fb7662cc80dda56261f92c3cb4475,1,hindi_griffinlim_eval_final/real_hindi/hindi_real_0290.wav,5.58,960.0,972.0,4.880526542663574,-5.447729110717773,-10.328255653381348
290,1ab26689a68e6aeb9ee56daf140f5d65c19295d6b65eaef9f51f22cbd867b635758194eb9640790ea7d37a0de2bd5d0f235fb7662cc80dda56261f92c3cb4475,0,hindi_griffinlim_eval_final/fake_hindi_griffinlim/hindi_fake_0290.wav,5.58,0.0,0.0,-1.9097660779953003,-1.9097660779953003,0.0
291,0d095340640de1eed083de79682cd69d43729d60e08c0a6819dd49b8f15d143165cd66c8061dffa3ce372d4356c10e0bc5cc1a3a224cbe7e1cfeca4c5cfb413d,1,hindi_griffinlim_eval_final/real_hindi/hindi_real_0291.wav,3.96,128.0,824.0,-0.02072935923933983,-2.4787487983703613,-2.4580194391310215
291,0d095340640de1eed083de79682cd69d43729d60e08c0a6819dd49b8f15d143165cd66c8061dffa3ce372d4356c10e0bc5cc1a3a224cbe7e1cfeca4c5cfb413d,0,hindi_griffinlim_eval_final/fake_hindi_griffinlim/hindi_fake_0291.wav,3.96,0.0,0.0,2.42441987991333,2.42441987991333,0.0
292,cb191bbd6bef46c81c9d5a49421a071897ee938b184fb94525d71950769ff71a8e4c5380bac3087cf73f11082371a95a9e76e594ba58d9520d5892e39d9d167e,1,hindi_griffinlim_eval_final/real_hindi/hindi_real_0292.wav,5.148,544.0,0.0,4.427107810974121,0.9311643838882446,-3.4959434270858765
292,cb191bbd6bef46c81c9d5a49421a071897ee938b184fb94525d71950769ff71a8e4c5380bac3087cf73f11082371a95a9e76e594ba58d9520d5892e39d9d167e,0,hindi_griffinlim_eval_final/fake_hindi_griffinlim/hindi_fake_0292.wav,5.148,0.0,0.0,-2.219602346420288,-2.219602346420288,0.0
293,aaf6b52267451edd43f92433e040803b7c695022ac637484427c841d61dddefbc79acf6b684ebc2769e18c649d9b7a520a0041ecb7898d3f7e49d804f477a3ac,1,hindi_griffinlim_eval_final/real_hindi/hindi_real_0293.wav,3.06,0.0,0.0,-4.030220031738281,-4.030220031738281,0.0
293,aaf6b52267451edd43f92433e040803b7c695022ac637484427c841d61dddefbc79acf6b684ebc2769e18c649d9b7a520a0041ecb7898d3f7e49d804f477a3ac,0,hindi_griffinlim_eval_final/fake_hindi_griffinlim/hindi_fake_0293.wav,3.06,0.0,0.0,5.40084981918335,5.40084981918335,0.0
294,fa0e5eaef7ca1de58387002c2b682b7b480943dbad6e36170c4c3dabf85516e30d2a6332548e734128bc69878186e8820b707e22b7de10ba7cd80ed20cbe8f81,1,hindi_griffinlim_eval_final/real_hindi/hindi_real_0294.wav,5.616,800.0,560.0,-0.6041283011436462,-2.747753620147705,-2.143625319004059
294,fa0e5eaef7ca1de58387002c2b682b7b480943dbad6e36170c4c3dabf85516e30d2a6332548e734128bc69878186e8820b707e22b7de10ba7cd80ed20cbe8f81,0,hindi_griffinlim_eval_final/fake_hindi_griffinlim/hindi_fake_0294.wav,5.616,0.0,0.0,5.320613861083984,5.320613861083984,0.0
295,53c5dd7ebb08179dca2b5f3992b991b3d28288202e01a950d1e70510db84b5cdf9cb5e72803a4212e7428e60b2ddda26a81dbdc01410725d0d6de265d86cb530,1,hindi_griffinlim_eval_final/real_hindi/hindi_real_0295.wav,7.668,608.0,1236.0,2.960019588470459,-4.052356719970703,-7.012376308441162
295,53c5dd7ebb08179dca2b5f3992b991b3d28288202e01a950d1e70510db84b5cdf9cb5e72803a4212e7428e60b2ddda26a81dbdc01410725d0d6de265d86cb530,0,hindi_griffinlim_eval_final/fake_hindi_griffinlim/hindi_fake_0295.wav,7.668,0.0,0.0,-1.7548214197158813,-1.7548214197158813,0.0
296,a71fe4c8c51459edc23fad3c7288e0216049d06b3ffb15d556328a42b3d18daf25ac6d1566a0037209e321081df2632dfca7bbeabd547b9eeef87ddf1e6ad329,1,hindi_griffinlim_eval_final/real_hindi/hindi_real_0296.wav,4.86,288.0,1180.0,5.6086201667785645,5.038381576538086,-0.5702385902404785
296,a71fe4c8c51459edc23fad3c7288e0216049d06b3ffb15d556328a42b3d18daf25ac6d1566a0037209e321081df2632dfca7bbeabd547b9eeef87ddf1e6ad329,0,hindi_griffinlim_eval_final/fake_hindi_griffinlim/hindi_fake_0296.wav,4.86,0.0,0.0,-1.073635458946228,-1.073635458946228,0.0
297,6df5947ecd6093ba0b8088111d11231f209c5377b37d2ec78fb66df1c555d0c218e4a7dfd601f4d5395ec9f0579ec4eca44d2fd60b09e80bc62ef446ea485886,1,hindi_griffinlim_eval_final/real_hindi/hindi_real_0297.wav,6.12,864.0,200.0,-3.9796056747436523,-6.0841851234436035,-2.104579448699951
297,6df5947ecd6093ba0b8088111d11231f209c5377b37d2ec78fb66df1c555d0c218e4a7dfd601f4d5395ec9f0579ec4eca44d2fd60b09e80bc62ef446ea485886,0,hindi_griffinlim_eval_final/fake_hindi_griffinlim/hindi_fake_0297.wav,6.12,0.0,0.0,-3.6411244869232178,-3.6411244869232178,0.0
298,c3b879809a9ebf0d819103be644fbf3fee1c8cafd1e2c2f905c8d6d5c2497bcd47b0cb932bb4106b5729479e89ca660253ad1158181c72462d1ce0499047db90,1,hindi_griffinlim_eval_final/real_hindi/hindi_real_0298.wav,3.96,352.0,56.0,-2.377777576446533,-4.217741966247559,-1.8399643898010254
298,c3b879809a9ebf0d819103be644fbf3fee1c8cafd1e2c2f905c8d6d5c2497bcd47b0cb932bb4106b5729479e89ca660253ad1158181c72462d1ce0499047db90,0,hindi_griffinlim_eval_final/fake_hindi_griffinlim/hindi_fake_0298.wav,3.96,0.0,0.0,0.7184964418411255,0.7184964418411255,0.0
299,2d27b396006a861ca7b1d045b46c33a62ae2f394d1da44c60a21ec6da2cbb9bbd3c7db23f5bdf57b185987f7c6157ac50f6af45751dff9a96bafc3fe6b5bea2e,1,hindi_griffinlim_eval_final/real_hindi/hindi_real_0299.wav,6.588,608.0,988.0,0.6234359741210938,-5.509738922119141,-6.133174896240234
299,2d27b396006a861ca7b1d045b46c33a62ae2f394d1da44c60a21ec6da2cbb9bbd3c7db23f5bdf57b185987f7c6157ac50f6af45751dff9a96bafc3fe6b5bea2e,0,hindi_griffinlim_eval_final/fake_hindi_griffinlim/hindi_fake_0299.wav,6.588,0.0,0.0,-5.759123802185059,-5.759123802185059,0.0
300,3c47037b539064a039337a1c897e88029bf7cfb906524864e55c38b90aa9efe57730742089a7f2a1b508952b6272c39cd50f7d701230bde9d0afdf4fefc05d8a,1,hindi_griffinlim_eval_final/real_hindi/hindi_real_0300.wav,2.664,160.0,0.0,-0.9252638816833496,-3.1859211921691895,-2.26065731048584
300,3c47037b539064a039337a1c897e88029bf7cfb906524864e55c38b90aa9efe57730742089a7f2a1b508952b6272c39cd50f7d701230bde9d0afdf4fefc05d8a,0,hindi_griffinlim_eval_final/fake_hindi_griffinlim/hindi_fake_0300.wav,2.664,0.0,0.0,-5.579665184020996,-5.579665184020996,0.0
301,ff8f23f061245d69de7cccf1ee33e0ebd713c56e08f5a4a2f4732746be391af221f711cf9aee47cf8cc4c6402985c5231bff4ac03eaaa1e1a1cef4e1cdaf2936,1,hindi_griffinlim_eval_final/real_hindi/hindi_real_0301.wav,2.088,0.0,0.0,-6.136333465576172,-6.136333465576172,0.0
301,ff8f23f061245d69de7cccf1ee33e0ebd713c56e08f5a4a2f4732746be391af221f711cf9aee47cf8cc4c6402985c5231bff4ac03eaaa1e1a1cef4e1cdaf2936,0,hindi_griffinlim_eval_final/fake_hindi_griffinlim/hindi_fake_0301.wav,2.088,0.0,0.0,-3.391906499862671,-3.391906499862671,0.0
302,aa9327f862e22c8a7e7c1cc05e596b019cb19e79329dfd7495112ab3dafda315d4ab663885cb951c63be27858c37f1aa245b0907d689b37ee4db113148053cc6,1,hindi_griffinlim_eval_final/real_hindi/hindi_real_0302.wav,5.148,128.0,0.0,0.17166776955127716,-0.1697072833776474,-0.34137505292892456
302,aa9327f862e22c8a7e7c1cc05e596b019cb19e79329dfd7495112ab3dafda315d4ab663885cb951c63be27858c37f1aa245b0907d689b37ee4db113148053cc6,0,hindi_griffinlim_eval_final/fake_hindi_griffinlim/hindi_fake_0302.wav,5.148,0.0,0.0,-2.59586763381958,-2.59586763381958,0.0
303,8a05ca02926d437b43ff4cc21925621fc16dbeaf8e35977e8c6f5da4d29494951203f52e20050d365fe263f76336e15d23cf8d1f0c0514c9fd900f7d92b108a1,1,hindi_griffinlim_eval_final/real_hindi/hindi_real_0303.wav,5.688,736.0,984.0,5.6735310554504395,-1.422483205795288,-7.0960142612457275
303,8a05ca02926d437b43ff4cc21925621fc16dbeaf8e35977e8c6f5da4d29494951203f52e20050d365fe263f76336e15d23cf8d1f0c0514c9fd900f7d92b108a1,0,hindi_griffinlim_eval_final/fake_hindi_griffinlim/hindi_fake_0303.wav,5.688,0.0,0.0,-0.4867640733718872,-0.4867640733718872,0.0
304,0296590f079d0307e6a54bed03a9a137e124eae99c566ac40f5e14ff6f07084af6f1b3c11b51c8910d774cc6ae571696c616838249c2e12fe64eae03221496c8,1,hindi_griffinlim_eval_final/real_hindi/hindi_real_0304.wav,4.248,928.0,1784.0,5.222206115722656,-3.9505417346954346,-9.17274785041809
304,0296590f079d0307e6a54bed03a9a137e124eae99c566ac40f5e14ff6f07084af6f1b3c11b51c8910d774cc6ae571696c616838249c2e12fe64eae03221496c8,0,hindi_griffinlim_eval_final/fake_hindi_griffinlim/hindi_fake_0304.wav,4.248,0.0,0.0,2.2463202476501465,2.2463202476501465,0.0
305,2d27b396006a861ca7b1d045b46c33a62ae2f394d1da44c60a21ec6da2cbb9bbd3c7db23f5bdf57b185987f7c6157ac50f6af45751dff9a96bafc3fe6b5bea2e,1,hindi_griffinlim_eval_final/real_hindi/hindi_real_0305.wav,7.488,928.0,2720.0,3.839826822280884,-4.924074649810791,-8.763901472091675
305,2d27b396006a861ca7b1d045b46c33a62ae2f394d1da44c60a21ec6da2cbb9bbd3c7db23f5bdf57b185987f7c6157ac50f6af45751dff9a96bafc3fe6b5bea2e,0,hindi_griffinlim_eval_final/fake_hindi_griffinlim/hindi_fake_0305.wav,7.488,0.0,0.0,-5.839337348937988,-5.839337348937988,0.0
306,2dd9387ee31e2dfabf2c664ee5a533b648b4c169efb1d67c4d3246b1e1d4adb4bcf85903b3619f188a6913a5a6e2a7cc0311056fd2cf598a2e20dd9a1cd96193,1,hindi_griffinlim_eval_final/real_hindi/hindi_real_0306.wav,6.12,128.0,0.0,2.201841354370117,1.6151269674301147,-0.5867143869400024
306,2dd9387ee31e2dfabf2c664ee5a533b648b4c169efb1d67c4d3246b1e1d4adb4bcf85903b3619f188a6913a5a6e2a7cc0311056fd2cf598a2e20dd9a1cd96193,0,hindi_griffinlim_eval_final/fake_hindi_griffinlim/hindi_fake_0306.wav,6.12,0.0,0.0,-2.335419178009033,-2.335419178009033,0.0
307,56ba5616ef927a5c046387ad41208d615386a7bf95a3752a607516baf5fcc8fa5a93d8319617fcece315e6fc4a611dc2c2a3ec78a7e0244368ddcba4c2bfee0a,1,hindi_griffinlim_eval_final/real_hindi/hindi_real_0307.wav,3.636,896.0,1204.0,5.757476329803467,-4.336696624755859,-10.094172954559326
307,56ba5616ef927a5c046387ad41208d615386a7bf95a3752a607516baf5fcc8fa5a93d8319617fcece315e6fc4a611dc2c2a3ec78a7e0244368ddcba4c2bfee0a,0,hindi_griffinlim_eval_final/fake_hindi_griffinlim/hindi_fake_0307.wav,3.636,0.0,0.0,0.5826972126960754,0.5826972126960754,0.0
308,cea40007071ea914e41633e74d05142fd1f5f8f49c154534816017cf89ce625657c804fe479fe87c08854ecd847697d6ca0fb6bcf424006c307f65430c34785e,1,hindi_griffinlim_eval_final/real_hindi/hindi_real_0308.wav,6.768,32.0,336.0,3.8115034103393555,2.976670503616333,-0.8348329067230225
308,cea40007071ea914e41633e74d05142fd1f5f8f49c154534816017cf89ce625657c804fe479fe87c08854ecd847697d6ca0fb6bcf424006c307f65430c34785e,0,hindi_griffinlim_eval_final/fake_hindi_griffinlim/hindi_fake_0308.wav,6.768,0.0,0.0,-0.1834484487771988,-0.1834484487771988,0.0
309,c3ef3ab4323cf25135e6b13c5baf4f313c3c59fea4cf21337ecb956e033b5b79db26a65c4279f7092dda2c2d1a5175e591e08ba495a247500fe295c3b8cc5327,1,hindi_griffinlim_eval_final/real_hindi/hindi_real_0309.wav,3.264,0.0,64.0,-5.476011276245117,-5.60661506652832,-0.13060379028320312
309,c3ef3ab4323cf25135e6b13c5baf4f313c3c59fea4cf21337ecb956e033b5b79db26a65c4279f7092dda2c2d1a5175e591e08ba495a247500fe295c3b8cc5327,0,hindi_griffinlim_eval_final/fake_hindi_griffinlim/hindi_fake_0309.wav,3.264,0.0,0.0,-2.6537933349609375,-2.6537933349609375,0.0
310,5d04e341d28471b5a0877f8fdc6dfb88a706c40c3a904e7e0b0982891ccab4d619b816f3a5dc1025591b7cfdc9f56ef10169afd22bfcd78c1ee7b6fc4e36bc03,1,hindi_griffinlim_eval_final/real_hindi/hindi_real_0310.wav,5.544,128.0,904.0,2.219120979309082,2.5365419387817383,0.31742095947265625
310,5d04e341d28471b5a0877f8fdc6dfb88a706c40c3a904e7e0b0982891ccab4d619b816f3a5dc1025591b7cfdc9f56ef10169afd22bfcd78c1ee7b6fc4e36bc03,0,hindi_griffinlim_eval_final/fake_hindi_griffinlim/hindi_fake_0310.wav,5.536,64.0,896.0,1.507180094718933,1.4322315454483032,-0.07494854927062988
311,9960686415eb494ee9537261d6666881f9ba972c52152db480cd96dd07d7bf619cd2f1f9d30815cdc61bbbd4eb031b57cf2297022021dc923732cd69a3a4a5d4,1,hindi_griffinlim_eval_final/real_hindi/hindi_real_0311.wav,3.744,64.0,64.0,3.383187770843506,3.4404890537261963,0.05730128288269043
311,9960686415eb494ee9537261d6666881f9ba972c52152db480cd96dd07d7bf619cd2f1f9d30815cdc61bbbd4eb031b57cf2297022021dc923732cd69a3a4a5d4,0,hindi_griffinlim_eval_final/fake_hindi_griffinlim/hindi_fake_0311.wav,3.744,0.0,0.0,0.24051935970783234,0.24051935970783234,0.0
312,1dab0a43e9720c288528bb0aa9f27d67d429f550442c898d5be29fba84cba6c1f8c882ae46f1d75a260964131e51dd4de0447d2a63dbe72957d89bb70d7af451,1,hindi_griffinlim_eval_final/real_hindi/hindi_real_0312.wav,5.256,128.0,8.0,4.257840156555176,4.048186302185059,-0.2096538543701172
312,1dab0a43e9720c288528bb0aa9f27d67d429f550442c898d5be29fba84cba6c1f8c882ae46f1d75a260964131e51dd4de0447d2a63dbe72957d89bb70d7af451,0,hindi_griffinlim_eval_final/fake_hindi_griffinlim/hindi_fake_0312.wav,5.256,0.0,0.0,0.9967364072799683,0.9967364072799683,0.0
313,9698b39cb85f238f1346eea2dba721e4e8fb440bd4d14b632aef84108f02f47d028463a7076a9eb0333b72fab260a9357f045de63eaaa3c7374ce6a692e081ba,1,hindi_griffinlim_eval_final/real_hindi/hindi_real_0313.wav,7.056,288.0,656.0,0.6029891967773438,0.9692296385765076,0.3662404417991638
313,9698b39cb85f238f1346eea2dba721e4e8fb440bd4d14b632aef84108f02f47d028463a7076a9eb0333b72fab260a9357f045de63eaaa3c7374ce6a692e081ba,0,hindi_griffinlim_eval_final/fake_hindi_griffinlim/hindi_fake_0313.wav,7.056,0.0,0.0,-5.100958347320557,-5.100958347320557,0.0
314,9a862e8c754a334f2c39963b8da67e4e6e46ef2889e6ac772bb3e3847c4e1586e46be4d21adf569a90009925022013d8900d5ec065a6eaf767a5f0c3f1317f6d,1,hindi_griffinlim_eval_final/real_hindi/hindi_real_0314.wav,6.228,992.0,404.0,-0.8932514190673828,-5.671948432922363,-4.7786970138549805
314,9a862e8c754a334f2c39963b8da67e4e6e46ef2889e6ac772bb3e3847c4e1586e46be4d21adf569a90009925022013d8900d5ec065a6eaf767a5f0c3f1317f6d,0,hindi_griffinlim_eval_final/fake_hindi_griffinlim/hindi_fake_0314.wav,6.228,0.0,0.0,-5.564669132232666,-5.564669132232666,0.0
315,eadc13b88ea5631a21a2beb0917e9be628171b8aaae29918cb08b2afa62e820e01d0a5e21154b643f10067864ae138783bc31abf1a13b86bcb072fa0f0df4d40,1,hindi_griffinlim_eval_final/real_hindi/hindi_real_0315.wav,6.696,672.0,1096.0,2.7211456298828125,-0.49340391159057617,-3.2145495414733887
315,eadc13b88ea5631a21a2beb0917e9be628171b8aaae29918cb08b2afa62e820e01d0a5e21154b643f10067864ae138783bc31abf1a13b86bcb072fa0f0df4d40,0,hindi_griffinlim_eval_final/fake_hindi_griffinlim/hindi_fake_0315.wav,6.696,0.0,0.0,0.9352723360061646,0.9352723360061646,0.0
316,58913ffb4a411d7b14318c0cadbfb8ccdf1ed3dd5c7173b948c382329be9bb3fd15f6a5b863c94639786da4b32fa679087d9b0d4a04711dec86e1b82ed92c369,1,hindi_griffinlim_eval_final/real_hindi/hindi_real_0316.wav,5.04,128.0,912.0,-2.4905807971954346,-4.352488994598389,-1.861908197402954
316,58913ffb4a411d7b14318c0cadbfb8ccdf1ed3dd5c7173b948c382329be9bb3fd15f6a5b863c94639786da4b32fa679087d9b0d4a04711dec86e1b82ed92c369,0,hindi_griffinlim_eval_final/fake_hindi_griffinlim/hindi_fake_0316.wav,5.04,0.0,0.0,-5.727640628814697,-5.727640628814697,0.0
317,be71c5c863d6de0f351032d62a7be08c92ba176b5062de0dafb4440746492bbcf9cd33f72220ff106d4b21f86dd04bb624bf109c7252900c3f92b4303d603af1,1,hindi_griffinlim_eval_final/real_hindi/hindi_real_0317.wav,6.624,160.0,0.0,5.075540542602539,4.303109169006348,-0.7724313735961914
317,be71c5c863d6de0f351032d62a7be08c92ba176b5062de0dafb4440746492bbcf9cd33f72220ff106d4b21f86dd04bb624bf109c7252900c3f92b4303d603af1,0,hindi_griffinlim_eval_final/fake_hindi_griffinlim/hindi_fake_0317.wav,6.624,0.0,0.0,5.926169395446777,5.926169395446777,0.0
318,2270a4902001989b755fb2acc9d13918db9f6f89d7d5b1cf38d55ba7ef62d366249b464061d0c3df63c12f38b738d552ba6e854c9e09ebf766f61506d2a1732e,1,hindi_griffinlim_eval_final/real_hindi/hindi_real_0318.wav,5.796,224.0,0.0,-0.16655531525611877,-0.5180109143257141,-0.35145559906959534
318,2270a4902001989b755fb2acc9d13918db9f6f89d7d5b1cf38d55ba7ef62d366249b464061d0c3df63c12f38b738d552ba6e854c9e09ebf766f61506d2a1732e,0,hindi_griffinlim_eval_final/fake_hindi_griffinlim/hindi_fake_0318.wav,5.796,0.0,0.0,5.872546195983887,5.872546195983887,0.0
319,ea8f8541a19f474c4246d33005ad2c365f8b82b7a9b214bc39bd7b0ea6469e6d17fc574bce867f5fa60612c98df61735b7e95bf0d9c731a290e4c4bd515098bb,1,hindi_griffinlim_eval_final/real_hindi/hindi_real_0319.wav,3.816,608.0,936.0,5.978115081787109,-3.6244957447052,-9.60261082649231
319,ea8f8541a19f474c4246d33005ad2c365f8b82b7a9b214bc39bd7b0ea6469e6d17fc574bce867f5fa60612c98df61735b7e95bf0d9c731a290e4c4bd515098bb,0,hindi_griffinlim_eval_final/fake_hindi_griffinlim/hindi_fake_0319.wav,3.816,0.0,0.0,-1.773615837097168,-1.773615837097168,0.0
320,d5880664e0b201cf24b4972ea9890b801afe05af05cd4302d95952f06934198872328efbf6eb11bf51e169d4c62a0e8756088bbe001fc353a9b6d080ed9ee3dc,1,hindi_griffinlim_eval_final/real_hindi/hindi_real_0320.wav,6.552,256.0,376.0,-3.006887674331665,-5.727031707763672,-2.720144033432007
320,d5880664e0b201cf24b4972ea9890b801afe05af05cd4302d95952f06934198872328efbf6eb11bf51e169d4c62a0e8756088bbe001fc353a9b6d080ed9ee3dc,0,hindi_griffinlim_eval_final/fake_hindi_griffinlim/hindi_fake_0320.wav,6.552,0.0,0.0,-5.8350982666015625,-5.8350982666015625,0.0
321,d5880664e0b201cf24b4972ea9890b801afe05af05cd4302d95952f06934198872328efbf6eb11bf51e169d4c62a0e8756088bbe001fc353a9b6d080ed9ee3dc,1,hindi_griffinlim_eval_final/real_hindi/hindi_real_0321.wav,4.176,0.0,336.0,-2.2545642852783203,-4.511846542358398,-2.257282257080078
321,d5880664e0b201cf24b4972ea9890b801afe05af05cd4302d95952f06934198872328efbf6eb11bf51e169d4c62a0e8756088bbe001fc353a9b6d080ed9ee3dc,0,hindi_griffinlim_eval_final/fake_hindi_griffinlim/hindi_fake_0321.wav,4.176,0.0,0.0,-4.120761871337891,-4.120761871337891,0.0
322,da10f782c53d93ec1dbf793a1f5404dbdfd390c9abdacd218d0c47e2366a569d50841b5ad9075f9b83e2c16b9194ab1be1f91e407a546218999fa14e2b49a3eb,1,hindi_griffinlim_eval_final/real_hindi/hindi_real_0322.wav,6.024,736.0,0.0,5.461368560791016,-2.267526149749756,-7.7288947105407715
322,da10f782c53d93ec1dbf793a1f5404dbdfd390c9abdacd218d0c47e2366a569d50841b5ad9075f9b83e2c16b9194ab1be1f91e407a546218999fa14e2b49a3eb,0,hindi_griffinlim_eval_final/fake_hindi_griffinlim/hindi_fake_0322.wav,6.024,0.0,0.0,-5.285541534423828,-5.285541534423828,0.0
323,9801769c27a3734c88c438fbbc4fd95e31d1f04128a9c1119883a512df216d892440e9a8f3d14c835b7e50e57a3e746ce0490c6316f545cb28de9cc9947b9545,1,hindi_griffinlim_eval_final/real_hindi/hindi_real_0323.wav,4.968,32.0,232.0,4.83125638961792,4.74486780166626,-0.08638858795166016
323,9801769c27a3734c88c438fbbc4fd95e31d1f04128a9c1119883a512df216d892440e9a8f3d14c835b7e50e57a3e746ce0490c6316f545cb28de9cc9947b9545,0,hindi_griffinlim_eval_final/fake_hindi_griffinlim/hindi_fake_0323.wav,4.968,0.0,0.0,-0.3015783429145813,-0.3015783429145813,0.0
324,3cc689cef88ce2eef03fd3065b6ad230f3510ced585ce0ed79f637bea2ddf7ab025d93e97a52c579d31d186f0512b29153286885b7c54221a569102a68dec661,1,hindi_griffinlim_eval_final/real_hindi/hindi_real_0324.wav,4.716,160.0,716.0,1.045060396194458,0.7433610558509827,-0.30169934034347534
324,3cc689cef88ce2eef03fd3065b6ad230f3510ced585ce0ed79f637bea2ddf7ab025d93e97a52c579d31d186f0512b29153286885b7c54221a569102a68dec661,0,hindi_griffinlim_eval_final/fake_hindi_griffinlim/hindi_fake_0324.wav,4.716,0.0,0.0,-1.875515341758728,-1.875515341758728,0.0
325,8023dc679c28a4172456d8e4b741aba9ed1895ba41b8cd0fd18f02c6775991869a2b8c2802e6ee72defb8caf5ec8ccad0b6fe8fa2b264bb9448ebca8b25c5989,1,hindi_griffinlim_eval_final/real_hindi/hindi_real_0325.wav,6.228,1056.0,532.0,-0.3430582284927368,-5.8623151779174805,-5.519256949424744
325,8023dc679c28a4172456d8e4b741aba9ed1895ba41b8cd0fd18f02c6775991869a2b8c2802e6ee72defb8caf5ec8ccad0b6fe8fa2b264bb9448ebca8b25c5989,0,hindi_griffinlim_eval_final/fake_hindi_griffinlim/hindi_fake_0325.wav,6.228,0.0,0.0,-3.713930606842041,-3.713930606842041,0.0
326,e13c23ee2d8500b3cffa2cdf67ef9d827331c36238411c839fe39b077736953b55de43cff6bb2d96066fb6660cc6542db53e3e5abe00c2cb8d79cf3bc38b22fb,1,hindi_griffinlim_eval_final/real_hindi/hindi_real_0326.wav,3.6,160.0,0.0,2.40220308303833,2.9252994060516357,0.5230963230133057
326,e13c23ee2d8500b3cffa2cdf67ef9d827331c36238411c839fe39b077736953b55de43cff6bb2d96066fb6660cc6542db53e3e5abe00c2cb8d79cf3bc38b22fb,0,hindi_griffinlim_eval_final/fake_hindi_griffinlim/hindi_fake_0326.wav,3.6,0.0,0.0,6.839031219482422,6.839031219482422,0.0
327,9daf98d1ee349378718aead0f9edd13b1352e0fe0e72a2d71aa458a79d9f474c8680549bf1d62115d59c13d52d97364c5672adb795ac73db59b709c92cb7870e,1,hindi_griffinlim_eval_final/real_hindi/hindi_real_0327.wav,3.528,576.0,488.0,0.6422008275985718,-2.0241875648498535,-2.6663883924484253
327,9daf98d1ee349378718aead0f9edd13b1352e0fe0e72a2d71aa458a79d9f474c8680549bf1d62115d59c13d52d97364c5672adb795ac73db59b709c92cb7870e,0,hindi_griffinlim_eval_final/fake_hindi_griffinlim/hindi_fake_0327.wav,3.528,0.0,0.0,-0.7840712070465088,-0.7840712070465088,0.0
328,a77463c4923319faa0aa9e316c75a0c0b8b57506ca68d5ae159872b937710f58e5559c8f319e0d9b23c3c80f7bff29a739634859ac38c3cb38e1f278cc7d4b97,1,hindi_griffinlim_eval_final/real_hindi/hindi_real_0328.wav,6.192,608.0,432.0,-5.742588043212891,-6.098197937011719,-0.3556098937988281
328,a77463c4923319faa0aa9e316c75a0c0b8b57506ca68d5ae159872b937710f58e5559c8f319e0d9b23c3c80f7bff29a739634859ac38c3cb38e1f278cc7d4b97,0,hindi_griffinlim_eval_final/fake_hindi_griffinlim/hindi_fake_0328.wav,6.192,0.0,0.0,4.068363189697266,4.068363189697266,0.0
329,ed5627c36413bada41ea1e6c75f249a22863f90dfe81b12b40587549b6f59442964cae88a1db7d7b111bdf5baee22c51842eefbfa75af862de09d7609b6e3af2,1,hindi_griffinlim_eval_final/real_hindi/hindi_real_0329.wav,3.528,736.0,936.0,3.247082471847534,-5.580024719238281,-8.827107191085815
329,ed5627c36413bada41ea1e6c75f249a22863f90dfe81b12b40587549b6f59442964cae88a1db7d7b111bdf5baee22c51842eefbfa75af862de09d7609b6e3af2,0,hindi_griffinlim_eval_final/fake_hindi_griffinlim/hindi_fake_0329.wav,3.52,736.0,928.0,-0.8641389608383179,-5.736333847045898,-4.872194886207581
330,9daf98d1ee349378718aead0f9edd13b1352e0fe0e72a2d71aa458a79d9f474c8680549bf1d62115d59c13d52d97364c5672adb795ac73db59b709c92cb7870e,1,hindi_griffinlim_eval_final/real_hindi/hindi_real_0330.wav,4.176,0.0,432.0,-2.790675163269043,-4.698793411254883,-1.9081182479858398
330,9daf98d1ee349378718aead0f9edd13b1352e0fe0e72a2d71aa458a79d9f474c8680549bf1d62115d59c13d52d97364c5672adb795ac73db59b709c92cb7870e,0,hindi_griffinlim_eval_final/fake_hindi_griffinlim/hindi_fake_0330.wav,4.176,0.0,0.0,-2.5321311950683594,-2.5321311950683594,0.0
331,46369e01baf2553b6269322ed95fc7afe1865c88e5f462390a20e35e6af12cc97960c4874ecda585cb422e132fee3f04da4f91fa41175b3b36d9bc7d7033edf1,1,hindi_griffinlim_eval_final/real_hindi/hindi_real_0331.wav,5.04,32.0,208.0,4.510979652404785,4.309955596923828,-0.20102405548095703
331,46369e01baf2553b6269322ed95fc7afe1865c88e5f462390a20e35e6af12cc97960c4874ecda585cb422e132fee3f04da4f91fa41175b3b36d9bc7d7033edf1,0,hindi_griffinlim_eval_final/fake_hindi_griffinlim/hindi_fake_0331.wav,5.04,0.0,0.0,-0.2599439024925232,-0.2599439024925232,0.0
332,29bcb273adde2fc3bc2e4595307cca55f7a2164b643bd634a478297488389dd87132dba219b5a51a5b42b59a42fe5eef68ff2cd098bb675cf680befd442613d5,1,hindi_griffinlim_eval_final/real_hindi/hindi_real_0332.wav,5.256,1088.0,584.0,6.050085067749023,-3.292489767074585,-9.342574834823608
332,29bcb273adde2fc3bc2e4595307cca55f7a2164b643bd634a478297488389dd87132dba219b5a51a5b42b59a42fe5eef68ff2cd098bb675cf680befd442613d5,0,hindi_griffinlim_eval_final/fake_hindi_griffinlim/hindi_fake_0332.wav,5.256,0.0,0.0,-0.7522449493408203,-0.7522449493408203,0.0
333,02a40eed38bf20ab1ddca1a5c60f5b2cadd5455be21c7a1ab8e87d65a6fec68495c0d24d8fecdfe3f9d132fdfa842dba33dca093df21b19f3d325519779d13d0,1,hindi_griffinlim_eval_final/real_hindi/hindi_real_0333.wav,3.24,0.0,264.0,5.026805877685547,5.05694055557251,0.03013467788696289
333,02a40eed38bf20ab1ddca1a5c60f5b2cadd5455be21c7a1ab8e87d65a6fec68495c0d24d8fecdfe3f9d132fdfa842dba33dca093df21b19f3d325519779d13d0,0,hindi_griffinlim_eval_final/fake_hindi_griffinlim/hindi_fake_0333.wav,3.24,0.0,0.0,5.664774417877197,5.664774417877197,0.0
334,79741f3153a904c0ddeb1d81d69b137d61adb2a3f1c8ea30fd32a88a4f7028bbb73f1515f3cac14ad147b8c1845846d96d9333173f71677d207b7ff1357a37c5,1,hindi_griffinlim_eval_final/real_hindi/hindi_real_0334.wav,5.232,256.0,784.0,3.0464720726013184,-0.9940804243087769,-4.040552496910095
334,79741f3153a904c0ddeb1d81d69b137d61adb2a3f1c8ea30fd32a88a4f7028bbb73f1515f3cac14ad147b8c1845846d96d9333173f71677d207b7ff1357a37c5,0,hindi_griffinlim_eval_final/fake_hindi_griffinlim/hindi_fake_0334.wav,5.232,0.0,0.0,-2.1698946952819824,-2.1698946952819824,0.0
335,a260ddbc5acffed848007a0a9ec6b79936f77999c825631f8f7eb91c11e3369d404de512eb961b464b0208a5da2d4a8cf154dba0a4d11010520e02dbf6039b2f,1,hindi_griffinlim_eval_final/real_hindi/hindi_real_0335.wav,5.868,0.0,0.0,-3.7718749046325684,-3.7718749046325684,0.0
335,a260ddbc5acffed848007a0a9ec6b79936f77999c825631f8f7eb91c11e3369d404de512eb961b464b0208a5da2d4a8cf154dba0a4d11010520e02dbf6039b2f,0,hindi_griffinlim_eval_final/fake_hindi_griffinlim/hindi_fake_0335.wav,5.868,0.0,0.0,-4.95206880569458,-4.95206880569458,0.0
336,ae0a0fe60554522906f5f10d702870d8b639c50f99a9ba0d357814bdce5f39421c6e2ac11f10a3e1b2d1bc606b887b6fc12d2b50fa34afe36a725b6191d5ab4b,1,hindi_griffinlim_eval_final/real_hindi/hindi_real_0336.wav,7.224,416.0,344.0,-0.1755467802286148,-1.181259036064148,-1.0057122558355331
336,ae0a0fe60554522906f5f10d702870d8b639c50f99a9ba0d357814bdce5f39421c6e2ac11f10a3e1b2d1bc606b887b6fc12d2b50fa34afe36a725b6191d5ab4b,0,hindi_griffinlim_eval_final/fake_hindi_griffinlim/hindi_fake_0336.wav,7.224,0.0,0.0,-1.9198399782180786,-1.9198399782180786,0.0
337,8532ee1920f74cab963f7b2895f0b5d5519a8762bb1f3b742293915270928c8826003a955e9a9a092982572ddaceed20ff3eaedd2517aa8c4a3759585bfb5493,1,hindi_griffinlim_eval_final/real_hindi/hindi_real_0337.wav,6.084,576.0,836.0,3.4959540367126465,-5.062674522399902,-8.558628559112549
337,8532ee1920f74cab963f7b2895f0b5d5519a8762bb1f3b742293915270928c8826003a955e9a9a092982572ddaceed20ff3eaedd2517aa8c4a3759585bfb5493,0,hindi_griffinlim_eval_final/fake_hindi_griffinlim/hindi_fake_0337.wav,6.084,0.0,0.0,-0.6455069184303284,-0.6455069184303284,0.0
338,ccd20bfc67c11f3e895626eb3d7e07e2eecb1ce583467fa1a70d8bda435a9fc5cf14c4a421d7811cf579acb2397447cbd649ac6eaaa8073a71a7d04ccb90882b,1,hindi_griffinlim_eval_final/real_hindi/hindi_real_0338.wav,3.564,384.0,684.0,4.860206604003906,0.19561921060085297,-4.664587393403053
338,ccd20bfc67c11f3e895626eb3d7e07e2eecb1ce583467fa1a70d8bda435a9fc5cf14c4a421d7811cf579acb2397447cbd649ac6eaaa8073a71a7d04ccb90882b,0,hindi_griffinlim_eval_final/fake_hindi_griffinlim/hindi_fake_0338.wav,3.564,0.0,0.0,-4.30424690246582,-4.30424690246582,0.0
339,9be22651e8bee8e72a3187d9a27f0e9ed24c178b528062b4ae5d6a2a32dbb8c6001f6d3f15d60270fefa422a2c58426a2c915931d43266eb48a2d15836111a95,1,hindi_griffinlim_eval_final/real_hindi/hindi_real_0339.wav,4.248,704.0,952.0,5.561173439025879,0.5755725502967834,-4.9856008887290955
339,9be22651e8bee8e72a3187d9a27f0e9ed24c178b528062b4ae5d6a2a32dbb8c6001f6d3f15d60270fefa422a2c58426a2c915931d43266eb48a2d15836111a95,0,hindi_griffinlim_eval_final/fake_hindi_griffinlim/hindi_fake_0339.wav,4.248,0.0,0.0,-0.4430195391178131,-0.4430195391178131,0.0
340,287db5b3c7065ffc1e6827c0bc87dc4a6b6a45c159642fe8d490d5adb6ce18a5b4b528f921503762bbb20b1fcd84f5f8256a9a11cd4ccf55964f301b416b08d2,1,hindi_griffinlim_eval_final/real_hindi/hindi_real_0340.wav,6.3,32.0,1340.0,1.1256111860275269,2.1634960174560547,1.0378848314285278
340,287db5b3c7065ffc1e6827c0bc87dc4a6b6a45c159642fe8d490d5adb6ce18a5b4b528f921503762bbb20b1fcd84f5f8256a9a11cd4ccf55964f301b416b08d2,0,hindi_griffinlim_eval_final/fake_hindi_griffinlim/hindi_fake_0340.wav,6.3,0.0,0.0,-1.950679898262024,-1.950679898262024,0.0
341,ec293248c910c28091014fec13d47bb69cc84f0b265ad0536d7e39390f3de510ab879fa3c23797defe85d8c846a4e148c971e28da6a90a647a9bc37eb03362bc,1,hindi_griffinlim_eval_final/real_hindi/hindi_real_0341.wav,4.608,384.0,544.0,5.091099262237549,-2.8324387073516846,-7.923537969589233
341,ec293248c910c28091014fec13d47bb69cc84f0b265ad0536d7e39390f3de510ab879fa3c23797defe85d8c846a4e148c971e28da6a90a647a9bc37eb03362bc,0,hindi_griffinlim_eval_final/fake_hindi_griffinlim/hindi_fake_0341.wav,4.608,0.0,0.0,-0.7865204215049744,-0.7865204215049744,0.0
342,a3c9eb18e51d74ec5fbf9ca9ca1d5edf24c691d0f685ef2ffc8689d107710a300eec2172a79cc039b119ebc451ab794cb8519ce2d3c37209c7f24649089a7fc2,1,hindi_griffinlim_eval_final/real_hindi/hindi_real_0342.wav,5.4,64.0,472.0,3.5621700286865234,2.5114545822143555,-1.050715446472168
342,a3c9eb18e51d74ec5fbf9ca9ca1d5edf24c691d0f685ef2ffc8689d107710a300eec2172a79cc039b119ebc451ab794cb8519ce2d3c37209c7f24649089a7fc2,0,hindi_griffinlim_eval_final/fake_hindi_griffinlim/hindi_fake_0342.wav,5.4,0.0,0.0,2.291522741317749,2.291522741317749,0.0
343,3e444b1d4cdc23e8a54c43d1ac3345d6835dbaa76477746b5e5250bce5018392d78fb03ea06a10b718ac956846d3e8010411d57ef75bf8debac74979ebf00f1d,1,hindi_griffinlim_eval_final/real_hindi/hindi_real_0343.wav,3.576,0.0,0.0,-5.7615275382995605,-5.7615275382995605,0.0
343,3e444b1d4cdc23e8a54c43d1ac3345d6835dbaa76477746b5e5250bce5018392d78fb03ea06a10b718ac956846d3e8010411d57ef75bf8debac74979ebf00f1d,0,hindi_griffinlim_eval_final/fake_hindi_griffinlim/hindi_fake_0343.wav,3.568,0.0,0.0,-5.797214984893799,-5.797214984893799,0.0
344,1605878cdc4bdeab0724827abc448ec019fcc59763e097294754173714e955fe80a28c12eed4a39a58f442138b886e755cd644efb115aa2599c6e50a20e63a74,1,hindi_griffinlim_eval_final/real_hindi/hindi_real_0344.wav,3.528,1024.0,1032.0,5.840258598327637,-3.894099235534668,-9.734357833862305
344,1605878cdc4bdeab0724827abc448ec019fcc59763e097294754173714e955fe80a28c12eed4a39a58f442138b886e755cd644efb115aa2599c6e50a20e63a74,0,hindi_griffinlim_eval_final/fake_hindi_griffinlim/hindi_fake_0344.wav,3.528,0.0,0.0,-1.202933669090271,-1.202933669090271,0.0
345,cf3aeeacb5f17296626b5c4098ec5eac55e41cd4794e1b866c7c42ccda4ff82ab59144d9af79e6479243e61724113d6c7ccccb7dc02e7a235f5ff37eee99c5d8,1,hindi_griffinlim_eval_final/real_hindi/hindi_real_0345.wav,2.304,128.0,0.0,-0.9968550205230713,-0.7577652335166931,0.23908978700637817
345,cf3aeeacb5f17296626b5c4098ec5eac55e41cd4794e1b866c7c42ccda4ff82ab59144d9af79e6479243e61724113d6c7ccccb7dc02e7a235f5ff37eee99c5d8,0,hindi_griffinlim_eval_final/fake_hindi_griffinlim/hindi_fake_0345.wav,2.304,0.0,0.0,6.686158657073975,6.686158657073975,0.0
346,b9e669f9010e60c988c15c6c357649706d91c33219725e9a2b12fe7903fa536fc8b34a51ea158f2ba92027617b4944a2514cfa7beb4249f26b23754403940006,1,hindi_griffinlim_eval_final/real_hindi/hindi_real_0346.wav,6.948,960.0,1668.0,-0.6306320428848267,-6.030206680297852,-5.399574637413025
346,b9e669f9010e60c988c15c6c357649706d91c33219725e9a2b12fe7903fa536fc8b34a51ea158f2ba92027617b4944a2514cfa7beb4249f26b23754403940006,0,hindi_griffinlim_eval_final/fake_hindi_griffinlim/hindi_fake_0346.wav,6.944,960.0,1664.0,-4.570233345031738,-6.036358833312988,-1.46612548828125
347,c7c4e5ded1e6121c38594d1e3bbb5a49f1d269f96c2591f9e2d4da7cf5c9cdc7598248c5d24452c832160a2503d344167242cafabc1dc3936e1a6065b281ae77,1,hindi_griffinlim_eval_final/real_hindi/hindi_real_0347.wav,5.016,480.0,152.0,1.620717167854309,-5.210015296936035,-6.830732464790344
347,c7c4e5ded1e6121c38594d1e3bbb5a49f1d269f96c2591f9e2d4da7cf5c9cdc7598248c5d24452c832160a2503d344167242cafabc1dc3936e1a6065b281ae77,0,hindi_griffinlim_eval_final/fake_hindi_griffinlim/hindi_fake_0347.wav,5.008,480.0,144.0,-3.7480921745300293,-5.4727373123168945,-1.7246451377868652
348,e0a36ee267ea8131975092e3f0b285cc85c2ecf0e47fa58a4f81eea8ef911bc2e939a2fe85859b96f77623060400a6ad1157350fd138ac8523288698254e8c4e,1,hindi_griffinlim_eval_final/real_hindi/hindi_real_0348.wav,5.904,32.0,0.0,0.12101845443248749,0.23849913477897644,0.11748068034648895
348,e0a36ee267ea8131975092e3f0b285cc85c2ecf0e47fa58a4f81eea8ef911bc2e939a2fe85859b96f77623060400a6ad1157350fd138ac8523288698254e8c4e,0,hindi_griffinlim_eval_final/fake_hindi_griffinlim/hindi_fake_0348.wav,5.904,0.0,0.0,-0.29782548546791077,-0.29782548546791077,0.0
349,f26e5928f716985bc8f4d827952dad56a5ef30e0da734a77a5224d9a0868ec78bfa430efda3ea5dd5bf4c69c0c60cff5d80782822ec2df77ce10f2cd82712f53,1,hindi_griffinlim_eval_final/real_hindi/hindi_real_0349.wav,4.716,0.0,0.0,-2.1287646293640137,-2.1287646293640137,0.0
349,f26e5928f716985bc8f4d827952dad56a5ef30e0da734a77a5224d9a0868ec78bfa430efda3ea5dd5bf4c69c0c60cff5d80782822ec2df77ce10f2cd82712f53,0,hindi_griffinlim_eval_final/fake_hindi_griffinlim/hindi_fake_0349.wav,4.716,0.0,0.0,0.04968106374144554,0.04968106374144554,0.0
350,1605878cdc4bdeab0724827abc448ec019fcc59763e097294754173714e955fe80a28c12eed4a39a58f442138b886e755cd644efb115aa2599c6e50a20e63a74,1,hindi_griffinlim_eval_final/real_hindi/hindi_real_0350.wav,6.336,1216.0,1312.0,5.896988868713379,-5.247808456420898,-11.144797325134277
350,1605878cdc4bdeab0724827abc448ec019fcc59763e097294754173714e955fe80a28c12eed4a39a58f442138b886e755cd644efb115aa2599c6e50a20e63a74,0,hindi_griffinlim_eval_final/fake_hindi_griffinlim/hindi_fake_0350.wav,6.336,0.0,0.0,0.06975442171096802,0.06975442171096802,0.0
351,f4be1316ad0e2da63cc723ae7822391bf5e9bebab20d134595b5dfaa0fcfc42a3907fb02b5ee992a496c84610d4d015a0b2f1e8240dc27a431cd55d69b1ab7e3,1,hindi_griffinlim_eval_final/real_hindi/hindi_real_0351.wav,7.02,352.0,908.0,0.6070326566696167,-0.03257085755467415,-0.6396035142242908
351,f4be1316ad0e2da63cc723ae7822391bf5e9bebab20d134595b5dfaa0fcfc42a3907fb02b5ee992a496c84610d4d015a0b2f1e8240dc27a431cd55d69b1ab7e3,0,hindi_griffinlim_eval_final/fake_hindi_griffinlim/hindi_fake_0351.wav,7.02,0.0,0.0,-0.2815519869327545,-0.2815519869327545,0.0
352,621e009fa43e75aecd867db6acd010a1a280b1faeb916e3a5e1a0bf8346fd32406c7ac120765bc592bf0484fcc239c756ead9625c64f9c6b3e9210bdf698995c,1,hindi_griffinlim_eval_final/real_hindi/hindi_real_0352.wav,4.968,32.0,680.0,4.1780524253845215,3.0613231658935547,-1.1167292594909668
352,621e009fa43e75aecd867db6acd010a1a280b1faeb916e3a5e1a0bf8346fd32406c7ac120765bc592bf0484fcc239c756ead9625c64f9c6b3e9210bdf698995c,0,hindi_griffinlim_eval_final/fake_hindi_griffinlim/hindi_fake_0352.wav,4.968,0.0,0.0,-1.1882809400558472,-1.1882809400558472,0.0
353,70d88d4c44e1cdf95c1d79d4d5377362b0a154121ae535e0dd78dae908e37e7c5d6e5bbdf117f33fa7fe3e2b3b823339ff5afc7854685263b27e78ada3a47e35,1,hindi_griffinlim_eval_final/real_hindi/hindi_real_0353.wav,4.896,96.0,672.0,-2.8207650184631348,-0.6282330751419067,2.192531943321228
353,70d88d4c44e1cdf95c1d79d4d5377362b0a154121ae535e0dd78dae908e37e7c5d6e5bbdf117f33fa7fe3e2b3b823339ff5afc7854685263b27e78ada3a47e35,0,hindi_griffinlim_eval_final/fake_hindi_griffinlim/hindi_fake_0353.wav,4.896,0.0,0.0,-5.620811462402344,-5.620811462402344,0.0
354,ca96256894b92e0525b6f8bf5bac013efa869bfe9b8ec767a84d2e0b6f9f3108886cad7b3c9e622cc74ce7c803c4f9d96080e182713805211464db35f0adb51e,1,hindi_griffinlim_eval_final/real_hindi/hindi_real_0354.wav,6.012,64.0,156.0,-1.0682865381240845,-1.8500099182128906,-0.7817233800888062
354,ca96256894b92e0525b6f8bf5bac013efa869bfe9b8ec767a84d2e0b6f9f3108886cad7b3c9e622cc74ce7c803c4f9d96080e182713805211464db35f0adb51e,0,hindi_griffinlim_eval_final/fake_hindi_griffinlim/hindi_fake_0354.wav,6.012,0.0,0.0,-5.640082359313965,-5.640082359313965,0.0
355,112f76f2e0c2f27b09b20340cd82d13c315858e70901593392d2bbaf1377a5ed05b373a77f5f93b0298be6ad7e0285d8dea7c8fc9e9d3ce601d702ff3e3a7d91,1,hindi_griffinlim_eval_final/real_hindi/hindi_real_0355.wav,7.02,384.0,1036.0,-0.8991960287094116,-0.57880699634552,0.3203890323638916
355,112f76f2e0c2f27b09b20340cd82d13c315858e70901593392d2bbaf1377a5ed05b373a77f5f93b0298be6ad7e0285d8dea7c8fc9e9d3ce601d702ff3e3a7d91,0,hindi_griffinlim_eval_final/fake_hindi_griffinlim/hindi_fake_0355.wav,7.02,0.0,0.0,6.159857273101807,6.159857273101807,0.0
356,38a6ab913e27c72c3f28f3d2da65caa00933288bfaaa24633ad7168676bf34a4bdf59bba015f1be078031901c2a05ed997cd106fc7bb6ffe0cead3f59ca77415,1,hindi_griffinlim_eval_final/real_hindi/hindi_real_0356.wav,3.78,384.0,4.0,4.36666202545166,1.2287123203277588,-3.1379497051239014
356,38a6ab913e27c72c3f28f3d2da65caa00933288bfaaa24633ad7168676bf34a4bdf59bba015f1be078031901c2a05ed997cd106fc7bb6ffe0cead3f59ca77415,0,hindi_griffinlim_eval_final/fake_hindi_griffinlim/hindi_fake_0356.wav,3.78,0.0,0.0,5.774550437927246,5.774550437927246,0.0
357,80ffb7f21aebcd96b01f5098bdf0f377f31fa297c2c30290be3dcd6a69b87e7570cd2e9ce41edb96038e485ce70cf75436dba4a0c7925bb36a68db134979c585,1,hindi_griffinlim_eval_final/real_hindi/hindi_real_0357.wav,4.608,32.0,0.0,-3.3099889755249023,-3.112884521484375,0.19710445404052734
357,80ffb7f21aebcd96b01f5098bdf0f377f31fa297c2c30290be3dcd6a69b87e7570cd2e9ce41edb96038e485ce70cf75436dba4a0c7925bb36a68db134979c585,0,hindi_griffinlim_eval_final/fake_hindi_griffinlim/hindi_fake_0357.wav,4.608,0.0,0.0,-2.3356215953826904,-2.3356215953826904,0.0
358,8a05ca02926d437b43ff4cc21925621fc16dbeaf8e35977e8c6f5da4d29494951203f52e20050d365fe263f76336e15d23cf8d1f0c0514c9fd900f7d92b108a1,1,hindi_griffinlim_eval_final/real_hindi/hindi_real_0358.wav,6.948,768.0,1124.0,4.896637916564941,-3.9783363342285156,-8.874974250793457
358,8a05ca02926d437b43ff4cc21925621fc16dbeaf8e35977e8c6f5da4d29494951203f52e20050d365fe263f76336e15d23cf8d1f0c0514c9fd900f7d92b108a1,0,hindi_griffinlim_eval_final/fake_hindi_griffinlim/hindi_fake_0358.wav,6.948,0.0,0.0,-4.379398345947266,-4.379398345947266,0.0
359,6990e943cefc8a2ed3e12aa2c2a781793096d1aaf311b175943b3029333a59e74f30086965cfb6f7db8b79b431c41a44e6b4aa3f806707fc0c4e5da883dd1d54,1,hindi_griffinlim_eval_final/real_hindi/hindi_real_0359.wav,4.32,1568.0,448.0,5.397778511047363,-4.997195720672607,-10.39497423171997
359,6990e943cefc8a2ed3e12aa2c2a781793096d1aaf311b175943b3029333a59e74f30086965cfb6f7db8b79b431c41a44e6b4aa3f806707fc0c4e5da883dd1d54,0,hindi_griffinlim_eval_final/fake_hindi_griffinlim/hindi_fake_0359.wav,4.32,0.0,0.0,-0.6058017015457153,-0.6058017015457153,0.0
360,2755cbb1978d17293826c36025fffd2b0966f60a48ee026f909afce38191de6da445c4ee2d684bf32d65bb5779ea78ba4f2360baac46e6f48710b9c531277adc,1,hindi_griffinlim_eval_final/real_hindi/hindi_real_0360.wav,2.556,768.0,444.0,-0.8729077577590942,-5.907940864562988,-5.035033106803894
360,2755cbb1978d17293826c36025fffd2b0966f60a48ee026f909afce38191de6da445c4ee2d684bf32d65bb5779ea78ba4f2360baac46e6f48710b9c531277adc,0,hindi_griffinlim_eval_final/fake_hindi_griffinlim/hindi_fake_0360.wav,2.556,0.0,0.0,-0.6297755241394043,-0.6297755241394043,0.0
361,b4dcba6c853f94a6e9abf98d501e79af3eec51ee1635fb1529bb4103e9fa495c7c937b7c4e4219bf3d414b549d2476904d15ff5feeb26b478b01bdc367f61bb2,1,hindi_griffinlim_eval_final/real_hindi/hindi_real_0361.wav,3.852,960.0,1132.0,5.866059303283691,-4.213526248931885,-10.079585552215576
361,b4dcba6c853f94a6e9abf98d501e79af3eec51ee1635fb1529bb4103e9fa495c7c937b7c4e4219bf3d414b549d2476904d15ff5feeb26b478b01bdc367f61bb2,0,hindi_griffinlim_eval_final/fake_hindi_griffinlim/hindi_fake_0361.wav,3.852,0.0,0.0,0.421487420797348,0.421487420797348,0.0
362,4c946f553c704abd727b3818b1d22dba011a368043575278b58ae219f71cb8914e6cac82abe55d7da17f49bea4cceb3b96c17355a6f5b078c19a947defb9061c,1,hindi_griffinlim_eval_final/real_hindi/hindi_real_0362.wav,3.888,224.0,1136.0,5.288848876953125,1.8041467666625977,-3.4847021102905273
362,4c946f553c704abd727b3818b1d22dba011a368043575278b58ae219f71cb8914e6cac82abe55d7da17f49bea4cceb3b96c17355a6f5b078c19a947defb9061c,0,hindi_griffinlim_eval_final/fake_hindi_griffinlim/hindi_fake_0362.wav,3.888,0.0,0.0,-5.691701889038086,-5.691701889038086,0.0
363,80d92595b38c164010ef7313465d16463f2c96fa6fc022b2e01e189d36b259ca8c60d34dedd33eb9e2efc010529edd502641106737ba607a53218e01e86be40a,1,hindi_griffinlim_eval_final/real_hindi/hindi_real_0363.wav,4.356,736.0,1284.0,-2.341768264770508,-5.779542446136475,-3.437774181365967
363,80d92595b38c164010ef7313465d16463f2c96fa6fc022b2e01e189d36b259ca8c60d34dedd33eb9e2efc010529edd502641106737ba607a53218e01e86be40a,0,hindi_griffinlim_eval_final/fake_hindi_griffinlim/hindi_fake_0363.wav,4.356,0.0,0.0,-1.5379332304000854,-1.5379332304000854,0.0
364,0b0be66321658747b6942ac54496bcf15f205ec5468184dbc0f65a4cb4b175d240d39625f77f45537b8108cebca77574e09be59da116602782a75d1fae832a2e,1,hindi_griffinlim_eval_final/real_hindi/hindi_real_0364.wav,3.06,0.0,0.0,5.479989051818848,5.479989051818848,0.0
364,0b0be66321658747b6942ac54496bcf15f205ec5468184dbc0f65a4cb4b175d240d39625f77f45537b8108cebca77574e09be59da116602782a75d1fae832a2e,0,hindi_griffinlim_eval_final/fake_hindi_griffinlim/hindi_fake_0364.wav,3.06,0.0,0.0,6.903329849243164,6.903329849243164,0.0
365,53c5dd7ebb08179dca2b5f3992b991b3d28288202e01a950d1e70510db84b5cdf9cb5e72803a4212e7428e60b2ddda26a81dbdc01410725d0d6de265d86cb530,1,hindi_griffinlim_eval_final/real_hindi/hindi_real_0365.wav,3.348,640.0,1044.0,4.319924831390381,-3.280717134475708,-7.600641965866089
365,53c5dd7ebb08179dca2b5f3992b991b3d28288202e01a950d1e70510db84b5cdf9cb5e72803a4212e7428e60b2ddda26a81dbdc01410725d0d6de265d86cb530,0,hindi_griffinlim_eval_final/fake_hindi_griffinlim/hindi_fake_0365.wav,3.348,0.0,0.0,-0.48134076595306396,-0.48134076595306396,0.0
366,ae1ae84ba2341eb4c7c3fa47026ddc0b784387b58fa28c0a69f32c966e590141de3da70921c65c3477fb49575fab03213843d087f177422adb685978ca5c4b13,1,hindi_griffinlim_eval_final/real_hindi/hindi_real_0366.wav,3.996,480.0,924.0,5.394047737121582,-2.625761032104492,-8.019808769226074
366,ae1ae84ba2341eb4c7c3fa47026ddc0b784387b58fa28c0a69f32c966e590141de3da70921c65c3477fb49575fab03213843d087f177422adb685978ca5c4b13,0,hindi_griffinlim_eval_final/fake_hindi_griffinlim/hindi_fake_0366.wav,3.996,0.0,0.0,-2.7070798873901367,-2.7070798873901367,0.0
367,4d52efb85f43252b4fa0af3ad7d8890f17e05c834b40f81b03d9f240ca3117bd7db0c1aa0bbdfc8844a852050c37a5d8911082669f388a4572d8971f41ed26e3,1,hindi_griffinlim_eval_final/real_hindi/hindi_real_0367.wav,4.14,64.0,332.0,4.667243957519531,4.200831413269043,-0.4664125442504883
367,4d52efb85f43252b4fa0af3ad7d8890f17e05c834b40f81b03d9f240ca3117bd7db0c1aa0bbdfc8844a852050c37a5d8911082669f388a4572d8971f41ed26e3,0,hindi_griffinlim_eval_final/fake_hindi_griffinlim/hindi_fake_0367.wav,4.14,0.0,0.0,-0.4835100769996643,-0.4835100769996643,0.0
368,2f15fd7bc51b2ba02064a0da5d475e0d6fc67649859ea797ce166b32fbfcd6af3d56241cdaa9d7107918bf5979de4ab7e702c6f255f5f2cfb0d154e19d960b17,1,hindi_griffinlim_eval_final/real_hindi/hindi_real_0368.wav,5.004,64.0,0.0,-4.0003437995910645,-4.9123735427856445,-0.9120297431945801
368,2f15fd7bc51b2ba02064a0da5d475e0d6fc67649859ea797ce166b32fbfcd6af3d56241cdaa9d7107918bf5979de4ab7e702c6f255f5f2cfb0d154e19d960b17,0,hindi_griffinlim_eval_final/fake_hindi_griffinlim/hindi_fake_0368.wav,5.004,0.0,0.0,-0.49213331937789917,-0.49213331937789917,0.0
369,3f0b866ee8d4499e4c0de09d34862acbb1ea0139f53bf7f1271a8648fb35d9a3a31272a8bc7af870e3b52bf7f4cb51ae512fa07df79663eaeafa30221c0b200b,1,hindi_griffinlim_eval_final/real_hindi/hindi_real_0369.wav,3.168,0.0,0.0,-2.4040770530700684,-2.4040770530700684,0.0
369,3f0b866ee8d4499e4c0de09d34862acbb1ea0139f53bf7f1271a8648fb35d9a3a31272a8bc7af870e3b52bf7f4cb51ae512fa07df79663eaeafa30221c0b200b,0,hindi_griffinlim_eval_final/fake_hindi_griffinlim/hindi_fake_0369.wav,3.168,0.0,0.0,-4.288628578186035,-4.288628578186035,0.0
370,203176393d9928d38b3aecb45ba1ad1c05c8223b492bfe21e6c5c6359083f8bb68f24ab7bf449051e8527e9beee0055a3628608173b59bad7bf948e6d3e0ff27,1,hindi_griffinlim_eval_final/real_hindi/hindi_real_0370.wav,3.888,640.0,496.0,-0.3816556930541992,-5.505295753479004,-5.123640060424805
370,203176393d9928d38b3aecb45ba1ad1c05c8223b492bfe21e6c5c6359083f8bb68f24ab7bf449051e8527e9beee0055a3628608173b59bad7bf948e6d3e0ff27,0,hindi_griffinlim_eval_final/fake_hindi_griffinlim/hindi_fake_0370.wav,3.888,0.0,0.0,-4.90650749206543,-4.90650749206543,0.0
371,eadc13b88ea5631a21a2beb0917e9be628171b8aaae29918cb08b2afa62e820e01d0a5e21154b643f10067864ae138783bc31abf1a13b86bcb072fa0f0df4d40,1,hindi_griffinlim_eval_final/real_hindi/hindi_real_0371.wav,6.3,1568.0,1276.0,0.18146470189094543,-6.0547075271606445,-6.23617222905159
371,eadc13b88ea5631a21a2beb0917e9be628171b8aaae29918cb08b2afa62e820e01d0a5e21154b643f10067864ae138783bc31abf1a13b86bcb072fa0f0df4d40,0,hindi_griffinlim_eval_final/fake_hindi_griffinlim/hindi_fake_0371.wav,6.3,0.0,0.0,-0.040153954178094864,-0.040153954178094864,0.0
372,0663aeb40f5d5ea46610cac3ca0183f2193b429770c84b516efe7d199b8b110944005539d986613fdc9d6532694f43c3a8e4dfc9de8ae7bfbc8b57b412ef71dd,1,hindi_griffinlim_eval_final/real_hindi/hindi_real_0372.wav,7.74,224.0,28.0,0.6019495129585266,0.19508804380893707,-0.40686146914958954
372,0663aeb40f5d5ea46610cac3ca0183f2193b429770c84b516efe7d199b8b110944005539d986613fdc9d6532694f43c3a8e4dfc9de8ae7bfbc8b57b412ef71dd,0,hindi_griffinlim_eval_final/fake_hindi_griffinlim/hindi_fake_0372.wav,7.74,0.0,0.0,-4.24721097946167,-4.24721097946167,0.0
373,1ab26689a68e6aeb9ee56daf140f5d65c19295d6b65eaef9f51f22cbd867b635758194eb9640790ea7d37a0de2bd5d0f235fb7662cc80dda56261f92c3cb4475,1,hindi_griffinlim_eval_final/real_hindi/hindi_real_0373.wav,3.816,864.0,1096.0,5.984853744506836,-4.884382724761963,-10.869236469268799
373,1ab26689a68e6aeb9ee56daf140f5d65c19295d6b65eaef9f51f22cbd867b635758194eb9640790ea7d37a0de2bd5d0f235fb7662cc80dda56261f92c3cb4475,0,hindi_griffinlim_eval_final/fake_hindi_griffinlim/hindi_fake_0373.wav,3.816,0.0,0.0,-0.5716751217842102,-0.5716751217842102,0.0
374,755950c6eb4b91d87a8d62458e27e794e08783fbb4e47b61730e21bb685a9d3634dab0401114292ec8b3d3a282e0248c34c8868056fdb057716c14ae2b9844fc,1,hindi_griffinlim_eval_final/real_hindi/hindi_real_0374.wav,4.428,512.0,780.0,1.3175427913665771,-5.318547248840332,-6.636090040206909
374,755950c6eb4b91d87a8d62458e27e794e08783fbb4e47b61730e21bb685a9d3634dab0401114292ec8b3d3a282e0248c34c8868056fdb057716c14ae2b9844fc,0,hindi_griffinlim_eval_final/fake_hindi_griffinlim/hindi_fake_0374.wav,4.416,512.0,768.0,-0.9027807712554932,-5.659025192260742,-4.756244421005249
375,3f6b6371f7312ac797f5d02bf334e9b13ead1882e2e9958e0a766c835a40fc8236d150a219d214e4879b1713d00569d69293518868e735ef6e2e030b1def79d1,1,hindi_griffinlim_eval_final/real_hindi/hindi_real_0375.wav,7.38,0.0,0.0,0.37445732951164246,0.37445732951164246,0.0
375,3f6b6371f7312ac797f5d02bf334e9b13ead1882e2e9958e0a766c835a40fc8236d150a219d214e4879b1713d00569d69293518868e735ef6e2e030b1def79d1,0,hindi_griffinlim_eval_final/fake_hindi_griffinlim/hindi_fake_0375.wav,7.38,0.0,0.0,-0.18340657651424408,-0.18340657651424408,0.0
376,cf3aeeacb5f17296626b5c4098ec5eac55e41cd4794e1b866c7c42ccda4ff82ab59144d9af79e6479243e61724113d6c7ccccb7dc02e7a235f5ff37eee99c5d8,1,hindi_griffinlim_eval_final/real_hindi/hindi_real_0376.wav,4.428,128.0,0.0,-0.30375194549560547,-2.325092315673828,-2.0213403701782227
376,cf3aeeacb5f17296626b5c4098ec5eac55e41cd4794e1b866c7c42ccda4ff82ab59144d9af79e6479243e61724113d6c7ccccb7dc02e7a235f5ff37eee99c5d8,0,hindi_griffinlim_eval_final/fake_hindi_griffinlim/hindi_fake_0376.wav,4.428,0.0,0.0,6.412680625915527,6.412680625915527,0.0
377,169afd68fa12674be328762c77fff1783f807dfc52a7f9b0ec599d77f5fb9bd8998ec8f9fea575f4bee8d86d2ea242a97ee6de9da1bf191f541113fd3c432206,1,hindi_griffinlim_eval_final/real_hindi/hindi_real_0377.wav,4.716,768.0,780.0,3.2792348861694336,-5.3944902420043945,-8.673725128173828
377,169afd68fa12674be328762c77fff1783f807dfc52a7f9b0ec599d77f5fb9bd8998ec8f9fea575f4bee8d86d2ea242a97ee6de9da1bf191f541113fd3c432206,0,hindi_griffinlim_eval_final/fake_hindi_griffinlim/hindi_fake_0377.wav,4.716,0.0,0.0,-3.0488154888153076,-3.0488154888153076,0.0
378,ae0a0fe60554522906f5f10d702870d8b639c50f99a9ba0d357814bdce5f39421c6e2ac11f10a3e1b2d1bc606b887b6fc12d2b50fa34afe36a725b6191d5ab4b,1,hindi_griffinlim_eval_final/real_hindi/hindi_real_0378.wav,5.784,576.0,1528.0,-0.44297003746032715,-5.035466194152832,-4.592496156692505
378,ae0a0fe60554522906f5f10d702870d8b639c50f99a9ba0d357814bdce5f39421c6e2ac11f10a3e1b2d1bc606b887b6fc12d2b50fa34afe36a725b6191d5ab4b,0,hindi_griffinlim_eval_final/fake_hindi_griffinlim/hindi_fake_0378.wav,5.784,0.0,0.0,-0.8695931434631348,-0.8695931434631348,0.0
379,05fd2a7f0d7cbe9acb1d838706b64a2ab489f6d0d2e7ff3a4243b1bb89ca3c1bc2e8dfd22bf11cf6e2fd9f11c2809b3dbf3db935d566ab6b6ee3122e3bfc20ed,1,hindi_griffinlim_eval_final/real_hindi/hindi_real_0379.wav,3.456,0.0,288.0,4.36574649810791,4.515558242797852,0.1498117446899414
379,05fd2a7f0d7cbe9acb1d838706b64a2ab489f6d0d2e7ff3a4243b1bb89ca3c1bc2e8dfd22bf11cf6e2fd9f11c2809b3dbf3db935d566ab6b6ee3122e3bfc20ed,0,hindi_griffinlim_eval_final/fake_hindi_griffinlim/hindi_fake_0379.wav,3.456,0.0,0.0,6.623386859893799,6.623386859893799,0.0
380,95cc33ae73783f08510cc8b475a3f7da1144f0cdbfbe42446afc4e8942bf842722a12076a164393f2c52e0db9026e5f129a90feb451956b70f7366a89e026f1c,1,hindi_griffinlim_eval_final/real_hindi/hindi_real_0380.wav,6.552,96.0,0.0,2.0590720176696777,1.160304307937622,-0.8987677097320557
380,95cc33ae73783f08510cc8b475a3f7da1144f0cdbfbe42446afc4e8942bf842722a12076a164393f2c52e0db9026e5f129a90feb451956b70f7366a89e026f1c,0,hindi_griffinlim_eval_final/fake_hindi_griffinlim/hindi_fake_0380.wav,6.552,0.0,0.0,6.939587116241455,6.939587116241455,0.0
381,c127090a8261671f4e68cc31639996579099a014bbd65dc05c580ea8961637ae6978ac28c265bbba5145400258f062bf70f582aac610a13525cacf73579563bd,1,hindi_griffinlim_eval_final/real_hindi/hindi_real_0381.wav,7.02,0.0,108.0,-3.2702081203460693,-3.2702081203460693,0.0
381,c127090a8261671f4e68cc31639996579099a014bbd65dc05c580ea8961637ae6978ac28c265bbba5145400258f062bf70f582aac610a13525cacf73579563bd,0,hindi_griffinlim_eval_final/fake_hindi_griffinlim/hindi_fake_0381.wav,7.02,0.0,0.0,-5.2547926902771,-5.2547926902771,0.0
382,ff8d1bfdc7d8be2fd275f506691f3ba70d9d60666488ab551bcbb76c3fe93c7cfaa703f465f40b60131807d73913eb37830221336b6803114df015fb7caed36e,1,hindi_griffinlim_eval_final/real_hindi/hindi_real_0382.wav,3.348,416.0,436.0,6.205506324768066,4.681641578674316,-1.52386474609375
382,ff8d1bfdc7d8be2fd275f506691f3ba70d9d60666488ab551bcbb76c3fe93c7cfaa703f465f40b60131807d73913eb37830221336b6803114df015fb7caed36e,0,hindi_griffinlim_eval_final/fake_hindi_griffinlim/hindi_fake_0382.wav,3.348,0.0,0.0,3.4132518768310547,3.4132518768310547,0.0
383,2f15fd7bc51b2ba02064a0da5d475e0d6fc67649859ea797ce166b32fbfcd6af3d56241cdaa9d7107918bf5979de4ab7e702c6f255f5f2cfb0d154e19d960b17,1,hindi_griffinlim_eval_final/real_hindi/hindi_real_0383.wav,5.976,96.0,24.0,-4.533448219299316,-4.779096603393555,-0.24564838409423828
383,2f15fd7bc51b2ba02064a0da5d475e0d6fc67649859ea797ce166b32fbfcd6af3d56241cdaa9d7107918bf5979de4ab7e702c6f255f5f2cfb0d154e19d960b17,0,hindi_griffinlim_eval_final/fake_hindi_griffinlim/hindi_fake_0383.wav,5.976,0.0,0.0,-0.5200965404510498,-0.5200965404510498,0.0
384,3db6bed8f713bb226c8e1414c97e0da016bf5573c7281dda13149cf951a3bab57698d09a84cbf226aebc5f978c42bbb83ee009e4e787f7674304a0ef235be968,1,hindi_griffinlim_eval_final/real_hindi/hindi_real_0384.wav,7.488,1184.0,1920.0,2.5370659828186035,-5.111455917358398,-7.648521900177002
384,3db6bed8f713bb226c8e1414c97e0da016bf5573c7281dda13149cf951a3bab57698d09a84cbf226aebc5f978c42bbb83ee009e4e787f7674304a0ef235be968,0,hindi_griffinlim_eval_final/fake_hindi_griffinlim/hindi_fake_0384.wav,7.488,1184.0,1920.0,-0.23899023234844208,-5.859907150268555,-5.620916917920113
385,fab15f5f87bd26a0f326787f96d92497bbfb5aea170dd8a415966cb8f7a5a7011bcb0b50bc9d46cdcf3edecaa6cf6753be6afd814aa420c9fd4e4ab3a40e7faa,1,hindi_griffinlim_eval_final/real_hindi/hindi_real_0385.wav,6.876,1088.0,540.0,5.192437171936035,-3.1455013751983643,-8.3379385471344
385,fab15f5f87bd26a0f326787f96d92497bbfb5aea170dd8a415966cb8f7a5a7011bcb0b50bc9d46cdcf3edecaa6cf6753be6afd814aa420c9fd4e4ab3a40e7faa,0,hindi_griffinlim_eval_final/fake_hindi_griffinlim/hindi_fake_0385.wav,6.876,0.0,0.0,-2.3200900554656982,-2.3200900554656982,0.0
386,13b72f7b7cca925bd373d5f2eab80cc1ea66148b333a85d6ca12be7e926fa2faf00dd733d0c670651eca79a91b3efeaf6918600638811c1c946b261c671a525e,1,hindi_griffinlim_eval_final/real_hindi/hindi_real_0386.wav,4.356,928.0,1028.0,2.805220365524292,-5.529291152954102,-8.334511518478394
386,13b72f7b7cca925bd373d5f2eab80cc1ea66148b333a85d6ca12be7e926fa2faf00dd733d0c670651eca79a91b3efeaf6918600638811c1c946b261c671a525e,0,hindi_griffinlim_eval_final/fake_hindi_griffinlim/hindi_fake_0386.wav,4.356,0.0,0.0,1.7278542518615723,1.7278542518615723,0.0
387,ca6156fb12800e3b3fc41f9907777531141ebf8f445b70901bc7137ffd0e5516c2229f3c8c695423887299cdfe5b9160cea313d614a4ba540d5ff4102dda821e,1,hindi_griffinlim_eval_final/real_hindi/hindi_real_0387.wav,4.968,224.0,648.0,2.9942212104797363,0.13746507465839386,-2.8567561358213425
387,ca6156fb12800e3b3fc41f9907777531141ebf8f445b70901bc7137ffd0e5516c2229f3c8c695423887299cdfe5b9160cea313d614a4ba540d5ff4102dda821e,0,hindi_griffinlim_eval_final/fake_hindi_griffinlim/hindi_fake_0387.wav,4.96,224.0,640.0,-0.5474705696105957,-1.6601110696792603,-1.1126405000686646
388,a71fe4c8c51459edc23fad3c7288e0216049d06b3ffb15d556328a42b3d18daf25ac6d1566a0037209e321081df2632dfca7bbeabd547b9eeef87ddf1e6ad329,1,hindi_griffinlim_eval_final/real_hindi/hindi_real_0388.wav,6.84,608.0,888.0,5.27907133102417,4.517864227294922,-0.761207103729248
388,a71fe4c8c51459edc23fad3c7288e0216049d06b3ffb15d556328a42b3d18daf25ac6d1566a0037209e321081df2632dfca7bbeabd547b9eeef87ddf1e6ad329,0,hindi_griffinlim_eval_final/fake_hindi_griffinlim/hindi_fake_0388.wav,6.84,0.0,0.0,-2.373631715774536,-2.373631715774536,0.0
389,6599122319c224d4b370bdaa817d68a9d0d1774b81aada4980c0519f78ae3a9ebea33cc1b8fc6a20008d791474bdefb675e448b3c00d10d0fd05a39e153e922e,1,hindi_griffinlim_eval_final/real_hindi/hindi_real_0389.wav,5.256,1024.0,1192.0,1.5369195938110352,-5.27852725982666,-6.815446853637695
389,6599122319c224d4b370bdaa817d68a9d0d1774b81aada4980c0519f78ae3a9ebea33cc1b8fc6a20008d791474bdefb675e448b3c00d10d0fd05a39e153e922e,0,hindi_griffinlim_eval_final/fake_hindi_griffinlim/hindi_fake_0389.wav,5.256,0.0,0.0,-0.3417895436286926,-0.3417895436286926,0.0
390,a066789aa8ea6303bb07718d19b64857704e55535723a8dd43b6976195e18e9adc3a825f268a88ccc32ef7316d710fad8123af7ba21fb7c93daa171de917a426,1,hindi_griffinlim_eval_final/real_hindi/hindi_real_0390.wav,3.96,832.0,856.0,-1.0306042432785034,-5.761008262634277,-4.730404019355774
390,a066789aa8ea6303bb07718d19b64857704e55535723a8dd43b6976195e18e9adc3a825f268a88ccc32ef7316d710fad8123af7ba21fb7c93daa171de917a426,0,hindi_griffinlim_eval_final/fake_hindi_griffinlim/hindi_fake_0390.wav,3.952,832.0,848.0,-0.3059256672859192,-5.706488132476807,-5.4005624651908875
391,72f877fac9bb314cc8a49f707222e440bdbf0011ca28657fa408f62c6b95ed4f617faa364554b0b0a75f4c74e6a1a745f376376bbadd8c8737f405f04bd49632,1,hindi_griffinlim_eval_final/real_hindi/hindi_real_0391.wav,5.58,0.0,300.0,0.39603084325790405,0.39603084325790405,0.0
391,72f877fac9bb314cc8a49f707222e440bdbf0011ca28657fa408f62c6b95ed4f617faa364554b0b0a75f4c74e6a1a745f376376bbadd8c8737f405f04bd49632,0,hindi_griffinlim_eval_final/fake_hindi_griffinlim/hindi_fake_0391.wav,5.58,0.0,0.0,-5.605315208435059,-5.605315208435059,0.0
392,75c6bb7203a8fae0c08c18b39bebaf7f25f86e3b2cdbb1dbd65927288474b3fa5b24c5c88144d238b93b8327677bdfbdf560078a95a3594a6b6ea7dbf3f3eec8,1,hindi_griffinlim_eval_final/real_hindi/hindi_real_0392.wav,5.4,896.0,1048.0,4.608623504638672,-5.285577774047852,-9.894201278686523
392,75c6bb7203a8fae0c08c18b39bebaf7f25f86e3b2cdbb1dbd65927288474b3fa5b24c5c88144d238b93b8327677bdfbdf560078a95a3594a6b6ea7dbf3f3eec8,0,hindi_griffinlim_eval_final/fake_hindi_griffinlim/hindi_fake_0392.wav,5.4,0.0,0.0,-5.326186180114746,-5.326186180114746,0.0
393,93f71918fbe69cad830cb49211cb10c9344e04ceca427ea39db38c8b5f5f200a4706f0a12646585364ff3b44f3bb75784005797e3e3259fd9579fa985955b3ac,1,hindi_griffinlim_eval_final/real_hindi/hindi_real_0393.wav,5.796,32.0,0.0,-1.1698330640792847,-0.6289767026901245,0.5408563613891602
393,93f71918fbe69cad830cb49211cb10c9344e04ceca427ea39db38c8b5f5f200a4706f0a12646585364ff3b44f3bb75784005797e3e3259fd9579fa985955b3ac,0,hindi_griffinlim_eval_final/fake_hindi_griffinlim/hindi_fake_0393.wav,5.796,0.0,0.0,-2.711923122406006,-2.711923122406006,0.0
394,9daf98d1ee349378718aead0f9edd13b1352e0fe0e72a2d71aa458a79d9f474c8680549bf1d62115d59c13d52d97364c5672adb795ac73db59b709c92cb7870e,1,hindi_griffinlim_eval_final/real_hindi/hindi_real_0394.wav,3.96,608.0,696.0,1.3032341003417969,-4.173377513885498,-5.476611614227295
394,9daf98d1ee349378718aead0f9edd13b1352e0fe0e72a2d71aa458a79d9f474c8680549bf1d62115d59c13d52d97364c5672adb795ac73db59b709c92cb7870e,0,hindi_griffinlim_eval_final/fake_hindi_griffinlim/hindi_fake_0394.wav,3.96,0.0,0.0,-0.7601124048233032,-0.7601124048233032,0.0
395,c7a77aac9398049c593a06e3bde552061eb033612d2266a548202cc8790a06dd5c5c4fb002e8013ef38f94abed95b3bea0e56c4cb6aa8deecf7c63373764826d,1,hindi_griffinlim_eval_final/real_hindi/hindi_real_0395.wav,4.86,0.0,0.0,-5.960245132446289,-5.960245132446289,0.0
395,c7a77aac9398049c593a06e3bde552061eb033612d2266a548202cc8790a06dd5c5c4fb002e8013ef38f94abed95b3bea0e56c4cb6aa8deecf7c63373764826d,0,hindi_griffinlim_eval_final/fake_hindi_griffinlim/hindi_fake_0395.wav,4.86,0.0,0.0,-3.336949586868286,-3.336949586868286,0.0
396,e6aef31fac7411f3f1b15c566dede061e3024cde1382d7ca1a860a093ad5b0b9c87aaa13c749ef9982c688d7a8d715c11aee89c2e3d541b9ba3dc73c5ec5cb85,1,hindi_griffinlim_eval_final/real_hindi/hindi_real_0396.wav,5.436,576.0,796.0,2.724079132080078,-5.464173316955566,-8.188252449035645
396,e6aef31fac7411f3f1b15c566dede061e3024cde1382d7ca1a860a093ad5b0b9c87aaa13c749ef9982c688d7a8d715c11aee89c2e3d541b9ba3dc73c5ec5cb85,0,hindi_griffinlim_eval_final/fake_hindi_griffinlim/hindi_fake_0396.wav,5.424,576.0,784.0,0.017135251313447952,-5.718779563903809,-5.7359148152172565
397,5d11b952e9611a75d83a6b37c9eb61990cda39a280a57ed6b8e1e5169bbf408c23a2618a05bd8ed04bef3258fc84db91cac825708b4163b8053d8301d130370b,1,hindi_griffinlim_eval_final/real_hindi/hindi_real_0397.wav,7.776,416.0,576.0,4.2403388023376465,-1.7975095510482788,-6.037848353385925
397,5d11b952e9611a75d83a6b37c9eb61990cda39a280a57ed6b8e1e5169bbf408c23a2618a05bd8ed04bef3258fc84db91cac825708b4163b8053d8301d130370b,0,hindi_griffinlim_eval_final/fake_hindi_griffinlim/hindi_fake_0397.wav,7.776,384.0,576.0,-0.10561622679233551,-3.957308053970337,-3.8516918271780014
398,e2de24c9d3a10973bd81a43c7e81d2b7747c4395b5c28a66daed073de149a6e5d8cc3da3877c75c105e7ffa814d8ad54ef34008e39a9bbab1df11bbc31bfd2fb,1,hindi_griffinlim_eval_final/real_hindi/hindi_real_0398.wav,5.508,832.0,1092.0,4.745723724365234,-4.455156326293945,-9.20088005065918
398,e2de24c9d3a10973bd81a43c7e81d2b7747c4395b5c28a66daed073de149a6e5d8cc3da3877c75c105e7ffa814d8ad54ef34008e39a9bbab1df11bbc31bfd2fb,0,hindi_griffinlim_eval_final/fake_hindi_griffinlim/hindi_fake_0398.wav,5.508,0.0,0.0,-1.624210000038147,-1.624210000038147,0.0
399,461059307d756b80d08835b893bbee0e93e8cf237db0b4ba90a0b34adfa5ee77c44a3777d5a0c19d7a920260f7fd54fdd84661371abe9ece4b08ea2624146827,1,hindi_griffinlim_eval_final/real_hindi/hindi_real_0399.wav,5.976,896.0,1016.0,3.592255115509033,-4.780508995056152,-8.372764110565186
399,461059307d756b80d08835b893bbee0e93e8cf237db0b4ba90a0b34adfa5ee77c44a3777d5a0c19d7a920260f7fd54fdd84661371abe9ece4b08ea2624146827,0,hindi_griffinlim_eval_final/fake_hindi_griffinlim/hindi_fake_0399.wav,5.976,0.0,0.0,-0.5206151604652405,-0.5206151604652405,0.0
400,e0b0d9bee4bc7b503aa80e3cc2b981cba7d2cd3493201182fda6cfaf6bd0f3c06ed4dece1470c13e0a96e60f29ff7be6ceb53724edc3973a8e5594a8b8f2fb13,1,hindi_griffinlim_eval_final/real_hindi/hindi_real_0400.wav,7.2,1504.0,1888.0,2.3727922439575195,-5.09698486328125,-7.4697771072387695
400,e0b0d9bee4bc7b503aa80e3cc2b981cba7d2cd3493201182fda6cfaf6bd0f3c06ed4dece1470c13e0a96e60f29ff7be6ceb53724edc3973a8e5594a8b8f2fb13,0,hindi_griffinlim_eval_final/fake_hindi_griffinlim/hindi_fake_0400.wav,7.2,0.0,0.0,-0.38869425654411316,-0.38869425654411316,0.0
401,7b90778674a3659c892533d96bb0aa534879da17cd2f9cb1ae73fc3cc114dda10eba8bb6cfeddbafde910b396a60b95e64b4134430071bf2dd23b8d6a9c32785,1,hindi_griffinlim_eval_final/real_hindi/hindi_real_0401.wav,7.092,448.0,404.0,5.016364097595215,3.8622097969055176,-1.1541543006896973
401,7b90778674a3659c892533d96bb0aa534879da17cd2f9cb1ae73fc3cc114dda10eba8bb6cfeddbafde910b396a60b95e64b4134430071bf2dd23b8d6a9c32785,0,hindi_griffinlim_eval_final/fake_hindi_griffinlim/hindi_fake_0401.wav,7.092,0.0,0.0,6.3330488204956055,6.3330488204956055,0.0
402,345ead41094d4bf4aae58398d87ab219b6ffd948dd640a1a2a4da43e2522343c539d11a27052a9cca1014b590e440971db0710852df02639dc9f3d304469aaca,1,hindi_griffinlim_eval_final/real_hindi/hindi_real_0402.wav,3.6,608.0,400.0,-0.33861416578292847,-4.703609466552734,-4.364995300769806
402,345ead41094d4bf4aae58398d87ab219b6ffd948dd640a1a2a4da43e2522343c539d11a27052a9cca1014b590e440971db0710852df02639dc9f3d304469aaca,0,hindi_griffinlim_eval_final/fake_hindi_griffinlim/hindi_fake_0402.wav,3.6,0.0,0.0,-2.214963912963867,-2.214963912963867,0.0
403,7a089d86c2c82f061df264f419453e3740e2a7e030b13163f8802012baaa04bb35130896e3ee83c688d07bce1c74d40e83dabdca6a911dc25d15f97ebb75b7e4,1,hindi_griffinlim_eval_final/real_hindi/hindi_real_0403.wav,5.796,736.0,324.0,5.817383766174316,4.703317165374756,-1.1140666007995605
403,7a089d86c2c82f061df264f419453e3740e2a7e030b13163f8802012baaa04bb35130896e3ee83c688d07bce1c74d40e83dabdca6a911dc25d15f97ebb75b7e4,0,hindi_griffinlim_eval_final/fake_hindi_griffinlim/hindi_fake_0403.wav,5.796,0.0,0.0,-0.5699625015258789,-0.5699625015258789,0.0
404,038cbd3b3ba6f4aa92f2c4c86ba365b95aeb66bfafd37c2803b769b28c260573e0387b85d8ce77f0fea215ffc971b366a14916fe782fc7b0c238062ec238b0c3,1,hindi_griffinlim_eval_final/real_hindi/hindi_real_0404.wav,6.516,0.0,1012.0,2.5367445945739746,2.5367445945739746,0.0
404,038cbd3b3ba6f4aa92f2c4c86ba365b95aeb66bfafd37c2803b769b28c260573e0387b85d8ce77f0fea215ffc971b366a14916fe782fc7b0c238062ec238b0c3,0,hindi_griffinlim_eval_final/fake_hindi_griffinlim/hindi_fake_0404.wav,6.516,0.0,0.0,2.7942190170288086,2.7942190170288086,0.0
405,287db5b3c7065ffc1e6827c0bc87dc4a6b6a45c159642fe8d490d5adb6ce18a5b4b528f921503762bbb20b1fcd84f5f8256a9a11cd4ccf55964f301b416b08d2,1,hindi_griffinlim_eval_final/real_hindi/hindi_real_0405.wav,3.816,96.0,8.0,-3.7081689834594727,-5.599773406982422,-1.8916044235229492
405,287db5b3c7065ffc1e6827c0bc87dc4a6b6a45c159642fe8d490d5adb6ce18a5b4b528f921503762bbb20b1fcd84f5f8256a9a11cd4ccf55964f301b416b08d2,0,hindi_griffinlim_eval_final/fake_hindi_griffinlim/hindi_fake_0405.wav,3.816,0.0,0.0,-3.2987709045410156,-3.2987709045410156,0.0
406,b4069adc243cc7836a2bf30d44984b772c144f867bb92b4226209bcdc0783ee26b25bf51d2c4e42b8af14bfe3d183fb5aed4fd783bddc50d124f0970cce3dcd8,1,hindi_griffinlim_eval_final/real_hindi/hindi_real_0406.wav,5.328,896.0,1136.0,4.624640464782715,-5.204150676727295,-9.82879114151001
406,b4069adc243cc7836a2bf30d44984b772c144f867bb92b4226209bcdc0783ee26b25bf51d2c4e42b8af14bfe3d183fb5aed4fd783bddc50d124f0970cce3dcd8,0,hindi_griffinlim_eval_final/fake_hindi_griffinlim/hindi_fake_0406.wav,5.328,0.0,0.0,-1.8127115964889526,-1.8127115964889526,0.0
407,4cef3c57c7794a486d20711b806222df778778312c01a26669a9c4fd75b74a3792424787393673b302401d3d994431c97c30b2d1b8bd6caa0fd563460fed5093,1,hindi_griffinlim_eval_final/real_hindi/hindi_real_0407.wav,6.552,544.0,0.0,5.804110050201416,5.001176357269287,-0.8029336929321289
407,4cef3c57c7794a486d20711b806222df778778312c01a26669a9c4fd75b74a3792424787393673b302401d3d994431c97c30b2d1b8bd6caa0fd563460fed5093,0,hindi_griffinlim_eval_final/fake_hindi_griffinlim/hindi_fake_0407.wav,6.552,0.0,0.0,3.3033323287963867,3.3033323287963867,0.0
408,ae0207e1b992822da425c226998ea35fa5a75ad2e871945773ba6a3a2a1198e2b949343a3576e4840ddbf58db73c345288cca62ba4835d8a03bf508c2d06f3d6,1,hindi_griffinlim_eval_final/real_hindi/hindi_real_0408.wav,7.74,64.0,0.0,-0.519914448261261,0.11111953854560852,0.6310339868068695
408,ae0207e1b992822da425c226998ea35fa5a75ad2e871945773ba6a3a2a1198e2b949343a3576e4840ddbf58db73c345288cca62ba4835d8a03bf508c2d06f3d6,0,hindi_griffinlim_eval_final/fake_hindi_griffinlim/hindi_fake_0408.wav,7.728,64.0,0.0,-2.529419422149658,-2.7426140308380127,-0.2131946086883545
409,758b942bfaf2837bafb0696d5ebc123856f4841aed4dc9d31bb010e7a67246791cda1685a1f4de659ed10843f3be1d227e8f4935ca088afa8531c61ab5bbed26,1,hindi_griffinlim_eval_final/real_hindi/hindi_real_0409.wav,7.956,1312.0,500.0,1.8397959470748901,-5.993083477020264,-7.832879424095154
409,758b942bfaf2837bafb0696d5ebc123856f4841aed4dc9d31bb010e7a67246791cda1685a1f4de659ed10843f3be1d227e8f4935ca088afa8531c61ab5bbed26,0,hindi_griffinlim_eval_final/fake_hindi_griffinlim/hindi_fake_0409.wav,7.952,1312.0,464.0,-0.540779709815979,-5.901366710662842,-5.360587000846863
410,37b6f1162616e55fc582c2dae2bad013d8c460c8c44a22899b8c6d8b306cbc3e2eec8eb0f3e9c12e912ccb39aa07d9334bfdfc914e2622b7e610d06cd5c47c70,1,hindi_griffinlim_eval_final/real_hindi/hindi_real_0410.wav,4.032,96.0,480.0,3.947282314300537,4.637381076812744,0.690098762512207
410,37b6f1162616e55fc582c2dae2bad013d8c460c8c44a22899b8c6d8b306cbc3e2eec8eb0f3e9c12e912ccb39aa07d9334bfdfc914e2622b7e610d06cd5c47c70,0,hindi_griffinlim_eval_final/fake_hindi_griffinlim/hindi_fake_0410.wav,4.032,64.0,416.0,-0.8198970556259155,0.18276815116405487,1.0026652067899704
411,2fab289aa06c3d3ed662c848272fccd54cfe903fbc7895c797a394c8ac5314a6dcbd94b498eb6af96d006c568ea2a0d523ca6b0212684ed46408338da97c2b0b,1,hindi_griffinlim_eval_final/real_hindi/hindi_real_0411.wav,4.68,384.0,104.0,4.242610931396484,-0.22044910490512848,-4.463060036301613
411,2fab289aa06c3d3ed662c848272fccd54cfe903fbc7895c797a394c8ac5314a6dcbd94b498eb6af96d006c568ea2a0d523ca6b0212684ed46408338da97c2b0b,0,hindi_griffinlim_eval_final/fake_hindi_griffinlim/hindi_fake_0411.wav,4.672,416.0,32.0,3.3037261962890625,-3.756931781768799,-7.060657978057861
412,68cb270e1215efd79204c075fb9df17b4ea024a7c09f74970ea4e506e73229238b2c3b3fc62c0f650e4fbd93cfbdd109b4442bcd5292c50b81cf80146568bf42,1,hindi_griffinlim_eval_final/real_hindi/hindi_real_0412.wav,6.588,448.0,0.0,3.975757122039795,0.9242449402809143,-3.0515121817588806
412,68cb270e1215efd79204c075fb9df17b4ea024a7c09f74970ea4e506e73229238b2c3b3fc62c0f650e4fbd93cfbdd109b4442bcd5292c50b81cf80146568bf42,0,hindi_griffinlim_eval_final/fake_hindi_griffinlim/hindi_fake_0412.wav,6.588,0.0,0.0,1.4928282499313354,1.4928282499313354,0.0
413,d09397973383a68b428b2de77fa5f97b990441e1d4f668eca001e162425c7928eb19441bc4e961b80af9f9414a3d1ce66d15cc8fde6c11fbb24bf65ac1eddcf0,1,hindi_griffinlim_eval_final/real_hindi/hindi_real_0413.wav,7.488,64.0,352.0,1.0656152963638306,1.652902364730835,0.5872870683670044
413,d09397973383a68b428b2de77fa5f97b990441e1d4f668eca001e162425c7928eb19441bc4e961b80af9f9414a3d1ce66d15cc8fde6c11fbb24bf65ac1eddcf0,0,hindi_griffinlim_eval_final/fake_hindi_griffinlim/hindi_fake_0413.wav,7.488,0.0,0.0,-3.169818878173828,-3.169818878173828,0.0
414,6990e943cefc8a2ed3e12aa2c2a781793096d1aaf311b175943b3029333a59e74f30086965cfb6f7db8b79b431c41a44e6b4aa3f806707fc0c4e5da883dd1d54,1,hindi_griffinlim_eval_final/real_hindi/hindi_real_0414.wav,6.228,1120.0,1684.0,3.7216591835021973,-5.070757865905762,-8.792417049407959
414,6990e943cefc8a2ed3e12aa2c2a781793096d1aaf311b175943b3029333a59e74f30086965cfb6f7db8b79b431c41a44e6b4aa3f806707fc0c4e5da883dd1d54,0,hindi_griffinlim_eval_final/fake_hindi_griffinlim/hindi_fake_0414.wav,6.228,0.0,0.0,-3.3975396156311035,-3.3975396156311035,0.0
415,c8eabd52eef7e16e14998264ec78831ec7b891135ad93c446e459d4643b02c721b412f4fc828522a478fdbd2d5f4ca9838991a89368c78cb7f0617b3837a00ca,1,hindi_griffinlim_eval_final/real_hindi/hindi_real_0415.wav,2.988,0.0,0.0,-2.7528414726257324,-2.7528414726257324,0.0
415,c8eabd52eef7e16e14998264ec78831ec7b891135ad93c446e459d4643b02c721b412f4fc828522a478fdbd2d5f4ca9838991a89368c78cb7f0617b3837a00ca,0,hindi_griffinlim_eval_final/fake_hindi_griffinlim/hindi_fake_0415.wav,2.988,0.0,0.0,3.5299770832061768,3.5299770832061768,0.0
416,5191b8af39731f5141ffac823e13e25016e5b3109209f12d3337bdfc92ddff74ea717e293a01fe3b90fb2be2a87b0621cc385140b097b7e6d76f1d2e2f319d74,1,hindi_griffinlim_eval_final/real_hindi/hindi_real_0416.wav,5.688,608.0,760.0,4.175745487213135,1.6956532001495361,-2.4800922870635986
416,5191b8af39731f5141ffac823e13e25016e5b3109209f12d3337bdfc92ddff74ea717e293a01fe3b90fb2be2a87b0621cc385140b097b7e6d76f1d2e2f319d74,0,hindi_griffinlim_eval_final/fake_hindi_griffinlim/hindi_fake_0416.wav,5.688,0.0,0.0,-4.9473557472229,-4.9473557472229,0.0
417,7fbf4c95e3140e3dc38caf6b69156e7b0c31b692322f830bd453acafa852716c55556b85dab23eb2fcf7567541c68490442cf56fba72b2b29acffe250f110146,1,hindi_griffinlim_eval_final/real_hindi/hindi_real_0417.wav,6.444,800.0,524.0,5.036556720733643,-1.777234435081482,-6.8137911558151245
417,7fbf4c95e3140e3dc38caf6b69156e7b0c31b692322f830bd453acafa852716c55556b85dab23eb2fcf7567541c68490442cf56fba72b2b29acffe250f110146,0,hindi_griffinlim_eval_final/fake_hindi_griffinlim/hindi_fake_0417.wav,6.444,0.0,0.0,-0.49147146940231323,-0.49147146940231323,0.0
418,0e97e303991e6646c845049579a4bea7a25ea775f6b8b44a09e0efd0ae9661ec984c393c92d2522e3158c8b0ca206ad60fd9e136713e18c21dffd72811a88b88,1,hindi_griffinlim_eval_final/real_hindi/hindi_real_0418.wav,6.66,896.0,836.0,5.148530006408691,-3.1580235958099365,-8.306553602218628
418,0e97e303991e6646c845049579a4bea7a25ea775f6b8b44a09e0efd0ae9661ec984c393c92d2522e3158c8b0ca206ad60fd9e136713e18c21dffd72811a88b88,0,hindi_griffinlim_eval_final/fake_hindi_griffinlim/hindi_fake_0418.wav,6.66,0.0,0.0,-5.496871471405029,-5.496871471405029,0.0
419,8525f36954391ad7696abcf66c1383e5409d52980ebd2d7b1063cc48ed81ebd9f8cf3a8c257f079e986893cfa2455e4c832d04863c8fed7db4f4d5951ec34d1b,1,hindi_griffinlim_eval_final/real_hindi/hindi_real_0419.wav,5.868,192.0,684.0,4.557401657104492,2.460724353790283,-2.096677303314209
419,8525f36954391ad7696abcf66c1383e5409d52980ebd2d7b1063cc48ed81ebd9f8cf3a8c257f079e986893cfa2455e4c832d04863c8fed7db4f4d5951ec34d1b,0,hindi_griffinlim_eval_final/fake_hindi_griffinlim/hindi_fake_0419.wav,5.868,0.0,0.0,-0.3736707270145416,-0.3736707270145416,0.0
420,46f23ae11e8565e979749342e1097a77fe3ef574253f10323351763c97b22c07b42362b03c576fa1d45361cede36368bbd6b9325f1f93cd2b8ed161a560ece2a,1,hindi_griffinlim_eval_final/real_hindi/hindi_real_0420.wav,5.232,256.0,80.0,5.597247123718262,5.162672519683838,-0.43457460403442383
420,46f23ae11e8565e979749342e1097a77fe3ef574253f10323351763c97b22c07b42362b03c576fa1d45361cede36368bbd6b9325f1f93cd2b8ed161a560ece2a,0,hindi_griffinlim_eval_final/fake_hindi_griffinlim/hindi_fake_0420.wav,5.232,0.0,0.0,-4.374464988708496,-4.374464988708496,0.0
421,9698b39cb85f238f1346eea2dba721e4e8fb440bd4d14b632aef84108f02f47d028463a7076a9eb0333b72fab260a9357f045de63eaaa3c7374ce6a692e081ba,1,hindi_griffinlim_eval_final/real_hindi/hindi_real_0421.wav,7.092,2048.0,852.0,4.76855993270874,-5.08930778503418,-9.85786771774292
421,9698b39cb85f238f1346eea2dba721e4e8fb440bd4d14b632aef84108f02f47d028463a7076a9eb0333b72fab260a9357f045de63eaaa3c7374ce6a692e081ba,0,hindi_griffinlim_eval_final/fake_hindi_griffinlim/hindi_fake_0421.wav,7.092,0.0,0.0,-0.45515915751457214,-0.45515915751457214,0.0
422,c1edd0ef566e809ba01bf1a3011df6cd0fbf6a1675ba8002e671dd7b16588ea30ff434c78aaae27b190d16c6d7bd32bdd4a6b1ca631c0b3f819e807b3cdef585,1,hindi_griffinlim_eval_final/real_hindi/hindi_real_0422.wav,3.708,0.0,0.0,-0.33225947618484497,-0.33225947618484497,0.0
422,c1edd0ef566e809ba01bf1a3011df6cd0fbf6a1675ba8002e671dd7b16588ea30ff434c78aaae27b190d16c6d7bd32bdd4a6b1ca631c0b3f819e807b3cdef585,0,hindi_griffinlim_eval_final/fake_hindi_griffinlim/hindi_fake_0422.wav,3.708,0.0,0.0,6.653151035308838,6.653151035308838,0.0
423,04c41ef9e7a610b1bdb35d99443823570fcb9c9a4a63ba7855c471d73f6c1dbdf30796b0f86445c09f70057ce25436f51742b3a4829f5da39a0ebababbec6d59,1,hindi_griffinlim_eval_final/real_hindi/hindi_real_0423.wav,6.48,96.0,336.0,0.6627269387245178,0.7887715101242065,0.12604457139968872
423,04c41ef9e7a610b1bdb35d99443823570fcb9c9a4a63ba7855c471d73f6c1dbdf30796b0f86445c09f70057ce25436f51742b3a4829f5da39a0ebababbec6d59,0,hindi_griffinlim_eval_final/fake_hindi_griffinlim/hindi_fake_0423.wav,6.48,0.0,0.0,-0.47388195991516113,-0.47388195991516113,0.0
424,1a88297b510c4d15acdd9d6a3f50d13fd6420c8f934e487a7ec5096ab5fbebef165269d581a12002a5eca2cf3fbced4552441668df9c027abd45ef0895eabbc2,1,hindi_griffinlim_eval_final/real_hindi/hindi_real_0424.wav,5.004,480.0,684.0,5.770007610321045,0.405708909034729,-5.364298701286316
424,1a88297b510c4d15acdd9d6a3f50d13fd6420c8f934e487a7ec5096ab5fbebef165269d581a12002a5eca2cf3fbced4552441668df9c027abd45ef0895eabbc2,0,hindi_griffinlim_eval_final/fake_hindi_griffinlim/hindi_fake_0424.wav,5.004,0.0,0.0,-5.479754447937012,-5.479754447937012,0.0
425,7645441bdc18d3b030505861df550d84664b9a9931552e1efeafab2fc218b84b74173a02073f3ab449dfd6be412293b9bfbe39fc0b97793fff0f586d8212ca0d,1,hindi_griffinlim_eval_final/real_hindi/hindi_real_0425.wav,7.488,288.0,288.0,3.3194973468780518,1.152025580406189,-2.167471766471863
425,7645441bdc18d3b030505861df550d84664b9a9931552e1efeafab2fc218b84b74173a02073f3ab449dfd6be412293b9bfbe39fc0b97793fff0f586d8212ca0d,0,hindi_griffinlim_eval_final/fake_hindi_griffinlim/hindi_fake_0425.wav,7.488,0.0,0.0,-3.930572509765625,-3.930572509765625,0.0
426,5e46ac50eb1d862c9c16cabb7768b1b412ed7ec5a51e13e22953cbb21d43c30f5addea8f5b6797634a95c8140661feb46f36a8e68d9968dc8452c0ac88af7e59,1,hindi_griffinlim_eval_final/real_hindi/hindi_real_0426.wav,3.384,384.0,0.0,2.2334580421447754,0.25214388966560364,-1.9813141524791718
426,5e46ac50eb1d862c9c16cabb7768b1b412ed7ec5a51e13e22953cbb21d43c30f5addea8f5b6797634a95c8140661feb46f36a8e68d9968dc8452c0ac88af7e59,0,hindi_griffinlim_eval_final/fake_hindi_griffinlim/hindi_fake_0426.wav,3.384,0.0,0.0,-0.547808825969696,-0.547808825969696,0.0
427,ddc0ae40d79e0f3980eb00cedd80e03d7a0cbf3ab7880588429060f50c16895262e0a1874caae85ee39e8bdd72e5ac94830df955d0cf0ec817d50ce83d61f055,1,hindi_griffinlim_eval_final/real_hindi/hindi_real_0427.wav,5.904,32.0,112.0,-0.7994135618209839,0.7494299411773682,1.548843502998352
427,ddc0ae40d79e0f3980eb00cedd80e03d7a0cbf3ab7880588429060f50c16895262e0a1874caae85ee39e8bdd72e5ac94830df955d0cf0ec817d50ce83d61f055,0,hindi_griffinlim_eval_final/fake_hindi_griffinlim/hindi_fake_0427.wav,5.904,0.0,0.0,-3.542275905609131,-3.542275905609131,0.0
428,169afd68fa12674be328762c77fff1783f807dfc52a7f9b0ec599d77f5fb9bd8998ec8f9fea575f4bee8d86d2ea242a97ee6de9da1bf191f541113fd3c432206,1,hindi_griffinlim_eval_final/real_hindi/hindi_real_0428.wav,5.22,832.0,900.0,5.247114658355713,-5.179999351501465,-10.427114009857178
428,169afd68fa12674be328762c77fff1783f807dfc52a7f9b0ec599d77f5fb9bd8998ec8f9fea575f4bee8d86d2ea242a97ee6de9da1bf191f541113fd3c432206,0,hindi_griffinlim_eval_final/fake_hindi_griffinlim/hindi_fake_0428.wav,5.22,0.0,0.0,-2.2538979053497314,-2.2538979053497314,0.0
429,0175f4388a3ca66faae78ea57819f8aab986d188f874dde198e28b64248291dde8f43a6912b9de4854f9862a8f832961da3e9194bec9ebef96b1c9b66d956422,1,hindi_griffinlim_eval_final/real_hindi/hindi_real_0429.wav,4.428,736.0,428.0,4.702023506164551,-0.785080075263977,-5.487103581428528
429,0175f4388a3ca66faae78ea57819f8aab986d188f874dde198e28b64248291dde8f43a6912b9de4854f9862a8f832961da3e9194bec9ebef96b1c9b66d956422,0,hindi_griffinlim_eval_final/fake_hindi_griffinlim/hindi_fake_0429.wav,4.428,0.0,0.0,-1.0660051107406616,-1.0660051107406616,0.0
430,a066789aa8ea6303bb07718d19b64857704e55535723a8dd43b6976195e18e9adc3a825f268a88ccc32ef7316d710fad8123af7ba21fb7c93daa171de917a426,1,hindi_griffinlim_eval_final/real_hindi/hindi_real_0430.wav,6.48,544.0,560.0,1.512114405632019,-4.827053546905518,-6.339167952537537
430,a066789aa8ea6303bb07718d19b64857704e55535723a8dd43b6976195e18e9adc3a825f268a88ccc32ef7316d710fad8123af7ba21fb7c93daa171de917a426,0,hindi_griffinlim_eval_final/fake_hindi_griffinlim/hindi_fake_0430.wav,6.48,0.0,0.0,0.1861797422170639,0.1861797422170639,0.0
431,29bcb273adde2fc3bc2e4595307cca55f7a2164b643bd634a478297488389dd87132dba219b5a51a5b42b59a42fe5eef68ff2cd098bb675cf680befd442613d5,1,hindi_griffinlim_eval_final/real_hindi/hindi_real_0431.wav,3.888,1088.0,560.0,5.8982625007629395,-4.481149673461914,-10.379412174224854
431,29bcb273adde2fc3bc2e4595307cca55f7a2164b643bd634a478297488389dd87132dba219b5a51a5b42b59a42fe5eef68ff2cd098bb675cf680befd442613d5,0,hindi_griffinlim_eval_final/fake_hindi_griffinlim/hindi_fake_0431.wav,3.888,0.0,0.0,-0.5254038572311401,-0.5254038572311401,0.0
432,d4c2879ab41c9e74ea638e9cb5b2a557d5683744a6c2eb0fed1f4c7adef59c90f549a18287b7f8e6b74136651dafda58acaccbf4fb627728befbe6573a61f4b8,1,hindi_griffinlim_eval_final/real_hindi/hindi_real_0432.wav,4.608,608.0,64.0,4.043188571929932,-0.5061222314834595,-4.549310803413391
432,d4c2879ab41c9e74ea638e9cb5b2a557d5683744a6c2eb0fed1f4c7adef59c90f549a18287b7f8e6b74136651dafda58acaccbf4fb627728befbe6573a61f4b8,0,hindi_griffinlim_eval_final/fake_hindi_griffinlim/hindi_fake_0432.wav,4.608,0.0,0.0,-2.9054927825927734,-2.9054927825927734,0.0
433,42dbccb16fa1ce50253a96dee532a7c4030f9daa92599271e4c0692efc8e58f669205bbcedf0ddf1f51f1e5753260ad39f6e0a5e6f85d5d24b3c5b3a20114c4c,1,hindi_griffinlim_eval_final/real_hindi/hindi_real_0433.wav,3.24,512.0,1000.0,5.390233039855957,-1.448400616645813,-6.83863365650177
433,42dbccb16fa1ce50253a96dee532a7c4030f9daa92599271e4c0692efc8e58f669205bbcedf0ddf1f51f1e5753260ad39f6e0a5e6f85d5d24b3c5b3a20114c4c,0,hindi_griffinlim_eval_final/fake_hindi_griffinlim/hindi_fake_0433.wav,3.24,0.0,0.0,5.271154880523682,5.271154880523682,0.0
434,b9e669f9010e60c988c15c6c357649706d91c33219725e9a2b12fe7903fa536fc8b34a51ea158f2ba92027617b4944a2514cfa7beb4249f26b23754403940006,1,hindi_griffinlim_eval_final/real_hindi/hindi_real_0434.wav,4.248,608.0,344.0,-2.945077657699585,-6.039812088012695,-3.0947344303131104
434,b9e669f9010e60c988c15c6c357649706d91c33219725e9a2b12fe7903fa536fc8b34a51ea158f2ba92027617b4944a2514cfa7beb4249f26b23754403940006,0,hindi_griffinlim_eval_final/fake_hindi_griffinlim/hindi_fake_0434.wav,4.24,608.0,336.0,-5.5375165939331055,-6.098872661590576,-0.5613560676574707
435,cb191bbd6bef46c81c9d5a49421a071897ee938b184fb94525d71950769ff71a8e4c5380bac3087cf73f11082371a95a9e76e594ba58d9520d5892e39d9d167e,1,hindi_griffinlim_eval_final/real_hindi/hindi_real_0435.wav,5.976,928.0,0.0,3.3688783645629883,-0.5359839797019958,-3.904862344264984
435,cb191bbd6bef46c81c9d5a49421a071897ee938b184fb94525d71950769ff71a8e4c5380bac3087cf73f11082371a95a9e76e594ba58d9520d5892e39d9d167e,0,hindi_griffinlim_eval_final/fake_hindi_griffinlim/hindi_fake_0435.wav,5.976,0.0,0.0,-4.0012407302856445,-4.0012407302856445,0.0
436,52f22814969ddf3ae439c9927cdc815781938e7b8db9939cbe5cc7211c83b3dd6eccb62b360571d4002d64878c3b70340e8a76bf784048ff984b73b71d31fc52,1,hindi_griffinlim_eval_final/real_hindi/hindi_real_0436.wav,2.952,384.0,8.0,1.6106563806533813,-3.7669520378112793,-5.377608418464661
436,52f22814969ddf3ae439c9927cdc815781938e7b8db9939cbe5cc7211c83b3dd6eccb62b360571d4002d64878c3b70340e8a76bf784048ff984b73b71d31fc52,0,hindi_griffinlim_eval_final/fake_hindi_griffinlim/hindi_fake_0436.wav,2.952,0.0,0.0,3.048614501953125,3.048614501953125,0.0
437,e0a36ee267ea8131975092e3f0b285cc85c2ecf0e47fa58a4f81eea8ef911bc2e939a2fe85859b96f77623060400a6ad1157350fd138ac8523288698254e8c4e,1,hindi_griffinlim_eval_final/real_hindi/hindi_real_0437.wav,4.032,32.0,0.0,0.08948664367198944,1.1743172407150269,1.0848305970430374
437,e0a36ee267ea8131975092e3f0b285cc85c2ecf0e47fa58a4f81eea8ef911bc2e939a2fe85859b96f77623060400a6ad1157350fd138ac8523288698254e8c4e,0,hindi_griffinlim_eval_final/fake_hindi_griffinlim/hindi_fake_0437.wav,4.032,0.0,0.0,-0.21048788726329803,-0.21048788726329803,0.0
438,eadc13b88ea5631a21a2beb0917e9be628171b8aaae29918cb08b2afa62e820e01d0a5e21154b643f10067864ae138783bc31abf1a13b86bcb072fa0f0df4d40,1,hindi_griffinlim_eval_final/real_hindi/hindi_real_0438.wav,6.66,1376.0,1060.0,-0.2663514018058777,-5.918086528778076,-5.6517351269721985
438,eadc13b88ea5631a21a2beb0917e9be628171b8aaae29918cb08b2afa62e820e01d0a5e21154b643f10067864ae138783bc31abf1a13b86bcb072fa0f0df4d40,0,hindi_griffinlim_eval_final/fake_hindi_griffinlim/hindi_fake_0438.wav,6.66,0.0,0.0,2.0255377292633057,2.0255377292633057,0.0
439,cb974805e163f0eec357012f483d57476c8229c9aca280469ccd5adc74516c39f36d16c23091c86bb18522064887048eb5d8c5b9259503a6de95d555745793b7,1,hindi_griffinlim_eval_final/real_hindi/hindi_real_0439.wav,6.948,32.0,324.0,2.97324800491333,2.8638832569122314,-0.10936474800109863
439,cb974805e163f0eec357012f483d57476c8229c9aca280469ccd5adc74516c39f36d16c23091c86bb18522064887048eb5d8c5b9259503a6de95d555745793b7,0,hindi_griffinlim_eval_final/fake_hindi_griffinlim/hindi_fake_0439.wav,6.948,0.0,0.0,-0.4094071388244629,-0.4094071388244629,0.0
440,aabd80b27714da5c6b5d4592a6f29f161db3cb06672ab14afb56eaf550ac0be0c14536ba5df7358621f018a4bc767c8c8477eaa4746830cf31ec4cdbcc2193fc,1,hindi_griffinlim_eval_final/real_hindi/hindi_real_0440.wav,4.356,384.0,356.0,3.159146308898926,-5.321474075317383,-8.480620384216309
440,aabd80b27714da5c6b5d4592a6f29f161db3cb06672ab14afb56eaf550ac0be0c14536ba5df7358621f018a4bc767c8c8477eaa4746830cf31ec4cdbcc2193fc,0,hindi_griffinlim_eval_final/fake_hindi_griffinlim/hindi_fake_0440.wav,4.356,0.0,0.0,4.5193023681640625,4.5193023681640625,0.0
441,7b90778674a3659c892533d96bb0aa534879da17cd2f9cb1ae73fc3cc114dda10eba8bb6cfeddbafde910b396a60b95e64b4134430071bf2dd23b8d6a9c32785,1,hindi_griffinlim_eval_final/real_hindi/hindi_real_0441.wav,3.852,768.0,492.0,5.620053291320801,-0.9171693325042725,-6.537222623825073
441,7b90778674a3659c892533d96bb0aa534879da17cd2f9cb1ae73fc3cc114dda10eba8bb6cfeddbafde910b396a60b95e64b4134430071bf2dd23b8d6a9c32785,0,hindi_griffinlim_eval_final/fake_hindi_griffinlim/hindi_fake_0441.wav,3.852,0.0,0.0,6.7267608642578125,6.7267608642578125,0.0
442,2de3db24e998f00d734a8da3c51f592d40cdff55dfae3f290f4b0ef2e1acb63313eba952692afa76afcc1912d4c5fbd103d7bc838757a2bd55293827e758500e,1,hindi_griffinlim_eval_final/real_hindi/hindi_real_0442.wav,4.32,416.0,1024.0,4.929689407348633,-0.2633075416088104,-5.192996948957443
442,2de3db24e998f00d734a8da3c51f592d40cdff55dfae3f290f4b0ef2e1acb63313eba952692afa76afcc1912d4c5fbd103d7bc838757a2bd55293827e758500e,0,hindi_griffinlim_eval_final/fake_hindi_griffinlim/hindi_fake_0442.wav,4.32,0.0,0.0,6.528395652770996,6.528395652770996,0.0
443,b4069adc243cc7836a2bf30d44984b772c144f867bb92b4226209bcdc0783ee26b25bf51d2c4e42b8af14bfe3d183fb5aed4fd783bddc50d124f0970cce3dcd8,1,hindi_griffinlim_eval_final/real_hindi/hindi_real_0443.wav,4.32,1024.0,992.0,-5.581321716308594,-6.235843658447266,-0.6545219421386719
443,b4069adc243cc7836a2bf30d44984b772c144f867bb92b4226209bcdc0783ee26b25bf51d2c4e42b8af14bfe3d183fb5aed4fd783bddc50d124f0970cce3dcd8,0,hindi_griffinlim_eval_final/fake_hindi_griffinlim/hindi_fake_0443.wav,4.32,0.0,0.0,6.991373538970947,6.991373538970947,0.0
444,e811478820937736d1074ae0c51bf72791cd1029b63b639e8dd3ab8f6d8ce46e9eed447dd3edfeca171695425e9496970dbbe5f3cb9b07cba7fed66459eff2c3,1,hindi_griffinlim_eval_final/real_hindi/hindi_real_0444.wav,6.3,32.0,412.0,0.378678560256958,-0.05768461897969246,-0.43636317923665047
444,e811478820937736d1074ae0c51bf72791cd1029b63b639e8dd3ab8f6d8ce46e9eed447dd3edfeca171695425e9496970dbbe5f3cb9b07cba7fed66459eff2c3,0,hindi_griffinlim_eval_final/fake_hindi_griffinlim/hindi_fake_0444.wav,6.3,0.0,0.0,-2.243037462234497,-2.243037462234497,0.0
445,05fd2a7f0d7cbe9acb1d838706b64a2ab489f6d0d2e7ff3a4243b1bb89ca3c1bc2e8dfd22bf11cf6e2fd9f11c2809b3dbf3db935d566ab6b6ee3122e3bfc20ed,1,hindi_griffinlim_eval_final/real_hindi/hindi_real_0445.wav,4.176,0.0,272.0,4.777674198150635,4.609251022338867,-0.16842317581176758
445,05fd2a7f0d7cbe9acb1d838706b64a2ab489f6d0d2e7ff3a4243b1bb89ca3c1bc2e8dfd22bf11cf6e2fd9f11c2809b3dbf3db935d566ab6b6ee3122e3bfc20ed,0,hindi_griffinlim_eval_final/fake_hindi_griffinlim/hindi_fake_0445.wav,4.176,0.0,0.0,-0.10527698695659637,-0.10527698695659637,0.0
446,6e20e06229081bf9c063f01cd7b3e0a759f5953624213afea5c397d4b7fe9a4dc5dae704a5faf61147d4155de50dc4a2cafdf78e7e2f8a3dc8633f276065b4cc,1,hindi_griffinlim_eval_final/real_hindi/hindi_real_0446.wav,2.628,512.0,772.0,0.16854329407215118,-5.94517707824707,-6.1137203723192215
446,6e20e06229081bf9c063f01cd7b3e0a759f5953624213afea5c397d4b7fe9a4dc5dae704a5faf61147d4155de50dc4a2cafdf78e7e2f8a3dc8633f276065b4cc,0,hindi_griffinlim_eval_final/fake_hindi_griffinlim/hindi_fake_0446.wav,2.628,0.0,0.0,-4.42009973526001,-4.42009973526001,0.0
447,a34b3f5fa057f54bc74179593acc5d316145622c5ece92f2e9b2d74a2de7fa87ed863a9061955f68625d580b33faa23dcd31f9c5a6f9c1e1dd8790a4ba671f57,1,hindi_griffinlim_eval_final/real_hindi/hindi_real_0447.wav,3.384,800.0,632.0,4.103570461273193,-4.100281715393066,-8.20385217666626
447,a34b3f5fa057f54bc74179593acc5d316145622c5ece92f2e9b2d74a2de7fa87ed863a9061955f68625d580b33faa23dcd31f9c5a6f9c1e1dd8790a4ba671f57,0,hindi_griffinlim_eval_final/fake_hindi_griffinlim/hindi_fake_0447.wav,3.384,0.0,0.0,-0.4963611960411072,-0.4963611960411072,0.0
448,43dc11a5328c78dc9536527d6945245d5b3e371fdeea987ac538a30956eacc649639e2b09c28bf3ee4f4f764475880bb8f68a5cd20ef78800a664b72a86ffe58,1,hindi_griffinlim_eval_final/real_hindi/hindi_real_0448.wav,5.832,1440.0,360.0,5.352081775665283,-4.209198474884033,-9.561280250549316
448,43dc11a5328c78dc9536527d6945245d5b3e371fdeea987ac538a30956eacc649639e2b09c28bf3ee4f4f764475880bb8f68a5cd20ef78800a664b72a86ffe58,0,hindi_griffinlim_eval_final/fake_hindi_griffinlim/hindi_fake_0448.wav,5.832,0.0,0.0,-5.523029327392578,-5.523029327392578,0.0
449,807d2d7c9c8215754978fae4f17e36eb94cecc9ae19fe736e8d34d12bb62a75c0a67fbffd21303dc8908bb876f10a3f50e3174c8ca7b0cd61245d875cafffc70,1,hindi_griffinlim_eval_final/real_hindi/hindi_real_0449.wav,6.12,0.0,40.0,-4.103729248046875,-4.103729248046875,0.0
449,807d2d7c9c8215754978fae4f17e36eb94cecc9ae19fe736e8d34d12bb62a75c0a67fbffd21303dc8908bb876f10a3f50e3174c8ca7b0cd61245d875cafffc70,0,hindi_griffinlim_eval_final/fake_hindi_griffinlim/hindi_fake_0449.wav,6.12,0.0,0.0,-0.40734148025512695,-0.40734148025512695,0.0
450,02a40eed38bf20ab1ddca1a5c60f5b2cadd5455be21c7a1ab8e87d65a6fec68495c0d24d8fecdfe3f9d132fdfa842dba33dca093df21b19f3d325519779d13d0,1,hindi_griffinlim_eval_final/real_hindi/hindi_real_0450.wav,4.248,0.0,376.0,5.683758735656738,5.65977144241333,-0.023987293243408203
450,02a40eed38bf20ab1ddca1a5c60f5b2cadd5455be21c7a1ab8e87d65a6fec68495c0d24d8fecdfe3f9d132fdfa842dba33dca093df21b19f3d325519779d13d0,0,hindi_griffinlim_eval_final/fake_hindi_griffinlim/hindi_fake_0450.wav,4.248,0.0,0.0,4.049839019775391,4.049839019775391,0.0
451,78899c686b3bdef6619b63f98b03d3f5fdf2ca7427d0ce6dace8a10befc17941b33c5b7b7c2a808f0c670e9560ad5da356b6f4b06407ce3e1a299787168c3b6a,1,hindi_griffinlim_eval_final/real_hindi/hindi_real_0451.wav,5.58,32.0,44.0,3.2197420597076416,4.121309757232666,0.9015676975250244
451,78899c686b3bdef6619b63f98b03d3f5fdf2ca7427d0ce6dace8a10befc17941b33c5b7b7c2a808f0c670e9560ad5da356b6f4b06407ce3e1a299787168c3b6a,0,hindi_griffinlim_eval_final/fake_hindi_griffinlim/hindi_fake_0451.wav,5.58,0.0,0.0,-4.388442039489746,-4.388442039489746,0.0
452,385b2ee342869a3a1f9add4ac419003ee7426e166e5d1bcfafe0ac31c42b8b7fedb05feda633d4f1bbe50b8295b67306309ada6a657caf1720c3c97245eeaeb2,1,hindi_griffinlim_eval_final/real_hindi/hindi_real_0452.wav,7.956,64.0,20.0,-4.517054557800293,-5.039074897766113,-0.5220203399658203
452,385b2ee342869a3a1f9add4ac419003ee7426e166e5d1bcfafe0ac31c42b8b7fedb05feda633d4f1bbe50b8295b67306309ada6a657caf1720c3c97245eeaeb2,0,hindi_griffinlim_eval_final/fake_hindi_griffinlim/hindi_fake_0452.wav,7.956,0.0,0.0,-1.3210514783859253,-1.3210514783859253,0.0
453,6df5947ecd6093ba0b8088111d11231f209c5377b37d2ec78fb66df1c555d0c218e4a7dfd601f4d5395ec9f0579ec4eca44d2fd60b09e80bc62ef446ea485886,1,hindi_griffinlim_eval_final/real_hindi/hindi_real_0453.wav,3.96,896.0,152.0,-1.0862611532211304,-5.919898986816406,-4.833637833595276
453,6df5947ecd6093ba0b8088111d11231f209c5377b37d2ec78fb66df1c555d0c218e4a7dfd601f4d5395ec9f0579ec4eca44d2fd60b09e80bc62ef446ea485886,0,hindi_griffinlim_eval_final/fake_hindi_griffinlim/hindi_fake_0453.wav,3.96,0.0,0.0,-3.3529000282287598,-3.3529000282287598,0.0
454,547e2977be99b122ceb7196c97d4bb97bc3bdb4261d43618dbc385183d672f6e43db8b2c67f0ddbfecfa5f7adcbe25b21aa515729c369a5161e7fefbe2e6a91c,1,hindi_griffinlim_eval_final/real_hindi/hindi_real_0454.wav,7.596,1088.0,1260.0,3.749356508255005,-5.84635066986084,-9.595707178115845
454,547e2977be99b122ceb7196c97d4bb97bc3bdb4261d43618dbc385183d672f6e43db8b2c67f0ddbfecfa5f7adcbe25b21aa515729c369a5161e7fefbe2e6a91c,0,hindi_griffinlim_eval_final/fake_hindi_griffinlim/hindi_fake_0454.wav,7.596,0.0,0.0,-5.370474338531494,-5.370474338531494,0.0
455,95cc33ae73783f08510cc8b475a3f7da1144f0cdbfbe42446afc4e8942bf842722a12076a164393f2c52e0db9026e5f129a90feb451956b70f7366a89e026f1c,1,hindi_griffinlim_eval_final/real_hindi/hindi_real_0455.wav,2.988,96.0,0.0,5.65952205657959,5.196545600891113,-0.46297645568847656
455,95cc33ae73783f08510cc8b475a3f7da1144f0cdbfbe42446afc4e8942bf842722a12076a164393f2c52e0db9026e5f129a90feb451956b70f7366a89e026f1c,0,hindi_griffinlim_eval_final/fake_hindi_griffinlim/hindi_fake_0455.wav,2.988,0.0,0.0,6.96618127822876,6.96618127822876,0.0
456,7a089d86c2c82f061df264f419453e3740e2a7e030b13163f8802012baaa04bb35130896e3ee83c688d07bce1c74d40e83dabdca6a911dc25d15f97ebb75b7e4,1,hindi_griffinlim_eval_final/real_hindi/hindi_real_0456.wav,4.32,32.0,384.0,4.679173469543457,4.630943298339844,-0.04823017120361328
456,7a089d86c2c82f061df264f419453e3740e2a7e030b13163f8802012baaa04bb35130896e3ee83c688d07bce1c74d40e83dabdca6a911dc25d15f97ebb75b7e4,0,hindi_griffinlim_eval_final/fake_hindi_griffinlim/hindi_fake_0456.wav,4.32,0.0,0.0,-2.229802131652832,-2.229802131652832,0.0
457,c0fce8f25f23b41ed1321b49a5940b20f8b61130c14559d79ddf3816e5a433e06cad1469ff786911ce97ba8ea234da6b623881f3bb65339d1d3dd296e477a193,1,hindi_griffinlim_eval_final/real_hindi/hindi_real_0457.wav,2.808,128.0,408.0,3.946925163269043,0.25805333256721497,-3.688871830701828
457,c0fce8f25f23b41ed1321b49a5940b20f8b61130c14559d79ddf3816e5a433e06cad1469ff786911ce97ba8ea234da6b623881f3bb65339d1d3dd296e477a193,0,hindi_griffinlim_eval_final/fake_hindi_griffinlim/hindi_fake_0457.wav,2.808,0.0,0.0,-1.9765993356704712,-1.9765993356704712,0.0
458,7a089d86c2c82f061df264f419453e3740e2a7e030b13163f8802012baaa04bb35130896e3ee83c688d07bce1c74d40e83dabdca6a911dc25d15f97ebb75b7e4,1,hindi_griffinlim_eval_final/real_hindi/hindi_real_0458.wav,6.84,32.0,312.0,4.645318031311035,4.580458641052246,-0.06485939025878906
458,7a089d86c2c82f061df264f419453e3740e2a7e030b13163f8802012baaa04bb35130896e3ee83c688d07bce1c74d40e83dabdca6a911dc25d15f97ebb75b7e4,0,hindi_griffinlim_eval_final/fake_hindi_griffinlim/hindi_fake_0458.wav,6.84,0.0,0.0,-0.6461461782455444,-0.6461461782455444,0.0
459,d002200225d5b38de9dd8b95e9fb77c24724f8a56ee0b31f6ee2260b5636a1e23c0fadcae1156f88b703128798bd749901930f35e839ea2a2bb2bcb8afe5cc74,1,hindi_griffinlim_eval_final/real_hindi/hindi_real_0459.wav,5.616,768.0,944.0,2.2564809322357178,-5.805110454559326,-8.061591386795044
459,d002200225d5b38de9dd8b95e9fb77c24724f8a56ee0b31f6ee2260b5636a1e23c0fadcae1156f88b703128798bd749901930f35e839ea2a2bb2bcb8afe5cc74,0,hindi_griffinlim_eval_final/fake_hindi_griffinlim/hindi_fake_0459.wav,5.616,0.0,0.0,-4.1094255447387695,-4.1094255447387695,0.0
460,a71fe4c8c51459edc23fad3c7288e0216049d06b3ffb15d556328a42b3d18daf25ac6d1566a0037209e321081df2632dfca7bbeabd547b9eeef87ddf1e6ad329,1,hindi_griffinlim_eval_final/real_hindi/hindi_real_0460.wav,7.848,736.0,1480.0,4.640328884124756,-1.4134025573730469,-6.053731441497803
460,a71fe4c8c51459edc23fad3c7288e0216049d06b3ffb15d556328a42b3d18daf25ac6d1566a0037209e321081df2632dfca7bbeabd547b9eeef87ddf1e6ad329,0,hindi_griffinlim_eval_final/fake_hindi_griffinlim/hindi_fake_0460.wav,7.84,736.0,1472.0,2.7236034870147705,-4.851592063903809,-7.575195550918579
461,76ae0779e8b42a6cebddc96f1c8be8cd17dc128ea3dc6c77c1afef491eb3334aec08ac644ce6b553783bec6530bcd7a8d7869d249d8fc4cbf394c176c2a03fe0,1,hindi_griffinlim_eval_final/real_hindi/hindi_real_0461.wav,3.456,1024.0,1664.0,5.639656066894531,-5.603325843811035,-11.242981910705566
461,76ae0779e8b42a6cebddc96f1c8be8cd17dc128ea3dc6c77c1afef491eb3334aec08ac644ce6b553783bec6530bcd7a8d7869d249d8fc4cbf394c176c2a03fe0,0,hindi_griffinlim_eval_final/fake_hindi_griffinlim/hindi_fake_0461.wav,3.456,0.0,0.0,5.6442742347717285,5.6442742347717285,0.0
462,550c775712c46fac6b29f44c8e1e47790ad3d24a4596e9befdad47efbafbcd202634809eed3f54d8b62ec448b24bbe8a67c224d24ae7ed2b6870581a3fd2dcd3,1,hindi_griffinlim_eval_final/real_hindi/hindi_real_0462.wav,3.06,992.0,308.0,5.099977493286133,-4.402791976928711,-9.502769470214844
462,550c775712c46fac6b29f44c8e1e47790ad3d24a4596e9befdad47efbafbcd202634809eed3f54d8b62ec448b24bbe8a67c224d24ae7ed2b6870581a3fd2dcd3,0,hindi_griffinlim_eval_final/fake_hindi_griffinlim/hindi_fake_0462.wav,3.06,0.0,0.0,-2.2139828205108643,-2.2139828205108643,0.0
463,05fd2a7f0d7cbe9acb1d838706b64a2ab489f6d0d2e7ff3a4243b1bb89ca3c1bc2e8dfd22bf11cf6e2fd9f11c2809b3dbf3db935d566ab6b6ee3122e3bfc20ed,1,hindi_griffinlim_eval_final/real_hindi/hindi_real_0463.wav,3.336,96.0,264.0,3.981532096862793,3.838360071182251,-0.143172025680542
463,05fd2a7f0d7cbe9acb1d838706b64a2ab489f6d0d2e7ff3a4243b1bb89ca3c1bc2e8dfd22bf11cf6e2fd9f11c2809b3dbf3db935d566ab6b6ee3122e3bfc20ed,0,hindi_griffinlim_eval_final/fake_hindi_griffinlim/hindi_fake_0463.wav,3.336,0.0,0.0,-3.0236546993255615,-3.0236546993255615,0.0
464,df520ae6630f89c5941ffecf315f19953bdca51d6b7beb825aacd71405cc44f29ad01463f8b079cb10faf201b544d74dfd136f3353babacd39f80623d2c64bb7,1,hindi_griffinlim_eval_final/real_hindi/hindi_real_0464.wav,5.148,480.0,348.0,5.06026554107666,1.725662112236023,-3.334603428840637
464,df520ae6630f89c5941ffecf315f19953bdca51d6b7beb825aacd71405cc44f29ad01463f8b079cb10faf201b544d74dfd136f3353babacd39f80623d2c64bb7,0,hindi_griffinlim_eval_final/fake_hindi_griffinlim/hindi_fake_0464.wav,5.148,0.0,0.0,-0.493009090423584,-0.493009090423584,0.0
465,c23750233f36c49e4bd285f7ea96c015a9c0fa1055cc2e3ee658ab3d0c7bb39963cc35135c8a024638d1789f2cbdc707f40441d5f6a13cf69e31d9abae8a130a,1,hindi_griffinlim_eval_final/real_hindi/hindi_real_0465.wav,3.06,32.0,148.0,2.414395332336426,3.6857571601867676,1.2713618278503418
465,c23750233f36c49e4bd285f7ea96c015a9c0fa1055cc2e3ee658ab3d0c7bb39963cc35135c8a024638d1789f2cbdc707f40441d5f6a13cf69e31d9abae8a130a,0,hindi_griffinlim_eval_final/fake_hindi_griffinlim/hindi_fake_0465.wav,3.06,0.0,0.0,-3.0236382484436035,-3.0236382484436035,0.0
466,f1b62e5d3473776b945ef79fbad0a46a621fb136b143d7aeb75a7cb854ebe0807524eee04fe8d83b3311152dad97e341e18ed5b8981b3cf322fec4e0700894bb,1,hindi_griffinlim_eval_final/real_hindi/hindi_real_0466.wav,3.816,0.0,776.0,4.134944915771484,3.481914758682251,-0.6530301570892334
466,f1b62e5d3473776b945ef79fbad0a46a621fb136b143d7aeb75a7cb854ebe0807524eee04fe8d83b3311152dad97e341e18ed5b8981b3cf322fec4e0700894bb,0,hindi_griffinlim_eval_final/fake_hindi_griffinlim/hindi_fake_0466.wav,3.808,0.0,672.0,1.687488317489624,3.422459840774536,1.734971523284912
467,17e10c81b592f9aa499bd3ea283821d28dee580e2bfbf51ca891c71024bf0736cc26c5ef9790ef591ff7cf3136930b935c33bc7fb1c65c080ff270baf27c8fe5,1,hindi_griffinlim_eval_final/real_hindi/hindi_real_0467.wav,5.76,32.0,32.0,-4.546225547790527,-4.11856746673584,0.4276580810546875
467,17e10c81b592f9aa499bd3ea283821d28dee580e2bfbf51ca891c71024bf0736cc26c5ef9790ef591ff7cf3136930b935c33bc7fb1c65c080ff270baf27c8fe5,0,hindi_griffinlim_eval_final/fake_hindi_griffinlim/hindi_fake_0467.wav,5.76,0.0,0.0,-0.4114499092102051,-0.4114499092102051,0.0
468,203176393d9928d38b3aecb45ba1ad1c05c8223b492bfe21e6c5c6359083f8bb68f24ab7bf449051e8527e9beee0055a3628608173b59bad7bf948e6d3e0ff27,1,hindi_griffinlim_eval_final/real_hindi/hindi_real_0468.wav,2.664,640.0,584.0,-0.592505931854248,-5.7292585372924805,-5.136752605438232
468,203176393d9928d38b3aecb45ba1ad1c05c8223b492bfe21e6c5c6359083f8bb68f24ab7bf449051e8527e9beee0055a3628608173b59bad7bf948e6d3e0ff27,0,hindi_griffinlim_eval_final/fake_hindi_griffinlim/hindi_fake_0468.wav,2.664,0.0,0.0,-5.2066850662231445,-5.2066850662231445,0.0
469,6e20e06229081bf9c063f01cd7b3e0a759f5953624213afea5c397d4b7fe9a4dc5dae704a5faf61147d4155de50dc4a2cafdf78e7e2f8a3dc8633f276065b4cc,1,hindi_griffinlim_eval_final/real_hindi/hindi_real_0469.wav,4.896,1984.0,864.0,4.882121562957764,-5.52536678314209,-10.407488346099854
469,6e20e06229081bf9c063f01cd7b3e0a759f5953624213afea5c397d4b7fe9a4dc5dae704a5faf61147d4155de50dc4a2cafdf78e7e2f8a3dc8633f276065b4cc,0,hindi_griffinlim_eval_final/fake_hindi_griffinlim/hindi_fake_0469.wav,4.896,0.0,0.0,-0.9921259880065918,-0.9921259880065918,0.0
470,58913ffb4a411d7b14318c0cadbfb8ccdf1ed3dd5c7173b948c382329be9bb3fd15f6a5b863c94639786da4b32fa679087d9b0d4a04711dec86e1b82ed92c369,1,hindi_griffinlim_eval_final/real_hindi/hindi_real_0470.wav,4.86,992.0,540.0,-1.2965731620788574,-5.964900016784668,-4.6683268547058105
470,58913ffb4a411d7b14318c0cadbfb8ccdf1ed3dd5c7173b948c382329be9bb3fd15f6a5b863c94639786da4b32fa679087d9b0d4a04711dec86e1b82ed92c369,0,hindi_griffinlim_eval_final/fake_hindi_griffinlim/hindi_fake_0470.wav,4.86,0.0,0.0,-3.511794090270996,-3.511794090270996,0.0
471,3f6b6371f7312ac797f5d02bf334e9b13ead1882e2e9958e0a766c835a40fc8236d150a219d214e4879b1713d00569d69293518868e735ef6e2e030b1def79d1,1,hindi_griffinlim_eval_final/real_hindi/hindi_real_0471.wav,6.66,32.0,292.0,-1.4795937538146973,-1.0195468664169312,0.4600468873977661
471,3f6b6371f7312ac797f5d02bf334e9b13ead1882e2e9958e0a766c835a40fc8236d150a219d214e4879b1713d00569d69293518868e735ef6e2e030b1def79d1,0,hindi_griffinlim_eval_final/fake_hindi_griffinlim/hindi_fake_0471.wav,6.66,0.0,0.0,-1.5676523447036743,-1.5676523447036743,0.0
472,c127090a8261671f4e68cc31639996579099a014bbd65dc05c580ea8961637ae6978ac28c265bbba5145400258f062bf70f582aac610a13525cacf73579563bd,1,hindi_griffinlim_eval_final/real_hindi/hindi_real_0472.wav,5.94,32.0,212.0,-2.7757301330566406,-4.106863975524902,-1.3311338424682617
472,c127090a8261671f4e68cc31639996579099a014bbd65dc05c580ea8961637ae6978ac28c265bbba5145400258f062bf70f582aac610a13525cacf73579563bd,0,hindi_griffinlim_eval_final/fake_hindi_griffinlim/hindi_fake_0472.wav,5.936,32.0,208.0,-4.8920512199401855,-5.309289932250977,-0.417238712310791
473,70c96a46f6827039223782fee3a93b99fa8168c84d3e5f9a0e2a1f16cfc1d62ad6f52d19ac175ad3ee541abd81068d089df3693e843b932053395156f6ff36b6,1,hindi_griffinlim_eval_final/real_hindi/hindi_real_0473.wav,3.924,192.0,0.0,-1.507219910621643,-3.8542747497558594,-2.3470548391342163
473,70c96a46f6827039223782fee3a93b99fa8168c84d3e5f9a0e2a1f16cfc1d62ad6f52d19ac175ad3ee541abd81068d089df3693e843b932053395156f6ff36b6,0,hindi_griffinlim_eval_final/fake_hindi_griffinlim/hindi_fake_0473.wav,3.924,0.0,0.0,-5.2626566886901855,-5.2626566886901855,0.0
474,d1d9c267ebee74a32597d31c9167b2edb1f99cb7f4aa13501a5cc3bd519deaa2516058fb40da1e55deef24bb43e231ab5f17484bb11468d631c90e3bf29b76d4,1,hindi_griffinlim_eval_final/real_hindi/hindi_real_0474.wav,5.22,1088.0,2052.0,3.323904514312744,-3.698042869567871,-7.021947383880615
474,d1d9c267ebee74a32597d31c9167b2edb1f99cb7f4aa13501a5cc3bd519deaa2516058fb40da1e55deef24bb43e231ab5f17484bb11468d631c90e3bf29b76d4,0,hindi_griffinlim_eval_final/fake_hindi_griffinlim/hindi_fake_0474.wav,5.22,0.0,0.0,7.0202531814575195,7.0202531814575195,0.0
475,a77463c4923319faa0aa9e316c75a0c0b8b57506ca68d5ae159872b937710f58e5559c8f319e0d9b23c3c80f7bff29a739634859ac38c3cb38e1f278cc7d4b97,1,hindi_griffinlim_eval_final/real_hindi/hindi_real_0475.wav,2.34,384.0,324.0,4.273948669433594,-3.910128116607666,-8.18407678604126
475,a77463c4923319faa0aa9e316c75a0c0b8b57506ca68d5ae159872b937710f58e5559c8f319e0d9b23c3c80f7bff29a739634859ac38c3cb38e1f278cc7d4b97,0,hindi_griffinlim_eval_final/fake_hindi_griffinlim/hindi_fake_0475.wav,2.34,0.0,0.0,-0.688152551651001,-0.688152551651001,0.0
476,a3c9eb18e51d74ec5fbf9ca9ca1d5edf24c691d0f685ef2ffc8689d107710a300eec2172a79cc039b119ebc451ab794cb8519ce2d3c37209c7f24649089a7fc2,1,hindi_griffinlim_eval_final/real_hindi/hindi_real_0476.wav,3.492,64.0,132.0,4.81076192855835,4.6990251541137695,-0.11173677444458008
476,a3c9eb18e51d74ec5fbf9ca9ca1d5edf24c691d0f685ef2ffc8689d107710a300eec2172a79cc039b119ebc451ab794cb8519ce2d3c37209c7f24649089a7fc2,0,hindi_griffinlim_eval_final/fake_hindi_griffinlim/hindi_fake_0476.wav,3.492,0.0,0.0,6.433638572692871,6.433638572692871,0.0
477,552fd8cf90f15edcaf7388b1164d58d7eae5f20674dc780b9efb9d43c80af1ccbdef88d0ddfb76038b9614eda2b556cbb4fa8a46ca54ad7dcc43d9298b63f1eb,1,hindi_griffinlim_eval_final/real_hindi/hindi_real_0477.wav,3.888,512.0,720.0,4.425114154815674,-1.296249508857727,-5.721363663673401
477,552fd8cf90f15edcaf7388b1164d58d7eae5f20674dc780b9efb9d43c80af1ccbdef88d0ddfb76038b9614eda2b556cbb4fa8a46ca54ad7dcc43d9298b63f1eb,0,hindi_griffinlim_eval_final/fake_hindi_griffinlim/hindi_fake_0477.wav,3.888,0.0,0.0,0.18813125789165497,0.18813125789165497,0.0
478,a71fe4c8c51459edc23fad3c7288e0216049d06b3ffb15d556328a42b3d18daf25ac6d1566a0037209e321081df2632dfca7bbeabd547b9eeef87ddf1e6ad329,1,hindi_griffinlim_eval_final/real_hindi/hindi_real_0478.wav,3.24,608.0,552.0,6.060425758361816,-2.489884376525879,-8.550310134887695
478,a71fe4c8c51459edc23fad3c7288e0216049d06b3ffb15d556328a42b3d18daf25ac6d1566a0037209e321081df2632dfca7bbeabd547b9eeef87ddf1e6ad329,0,hindi_griffinlim_eval_final/fake_hindi_griffinlim/hindi_fake_0478.wav,3.24,0.0,0.0,-5.4769721031188965,-5.4769721031188965,0.0
479,5b3872837902e6d95327320c254ce8cc9e7b69e3ad4e2e54f93009f6f44af95a3b2bd03dd9504518ddea0ce1bb0793458ea03d00ccd3c918aba1a0a91476da99,1,hindi_griffinlim_eval_final/real_hindi/hindi_real_0479.wav,4.824,448.0,440.0,3.5211758613586426,0.3182477355003357,-3.202928125858307
479,5b3872837902e6d95327320c254ce8cc9e7b69e3ad4e2e54f93009f6f44af95a3b2bd03dd9504518ddea0ce1bb0793458ea03d00ccd3c918aba1a0a91476da99,0,hindi_griffinlim_eval_final/fake_hindi_griffinlim/hindi_fake_0479.wav,4.824,0.0,0.0,-2.907830238342285,-2.907830238342285,0.0
480,23e7986df66ecae7556379ef6a8c59490f3a38d789ddcbb9af2e0bdac45ded855c8a27be3ec862f45918adec219022883c1f64ea3ca811371c818856357ef5be,1,hindi_griffinlim_eval_final/real_hindi/hindi_real_0480.wav,4.788,352.0,244.0,0.47803160548210144,0.1847241073846817,-0.29330749809741974
480,23e7986df66ecae7556379ef6a8c59490f3a38d789ddcbb9af2e0bdac45ded855c8a27be3ec862f45918adec219022883c1f64ea3ca811371c818856357ef5be,0,hindi_griffinlim_eval_final/fake_hindi_griffinlim/hindi_fake_0480.wav,4.788,0.0,0.0,-4.658852577209473,-4.658852577209473,0.0
481,b3a9d00791dae63b944756627fdb96c21c53f4d69beef3a56780607d83e56d0a6faf52d5d704c925bb323f8b2c9a168a87c2cd94fcc3d3abf6b034c9e7f5cd77,1,hindi_griffinlim_eval_final/real_hindi/hindi_real_0481.wav,4.656,832.0,1072.0,6.160303115844727,-1.1912308931350708,-7.351534008979797
481,b3a9d00791dae63b944756627fdb96c21c53f4d69beef3a56780607d83e56d0a6faf52d5d704c925bb323f8b2c9a168a87c2cd94fcc3d3abf6b034c9e7f5cd77,0,hindi_griffinlim_eval_final/fake_hindi_griffinlim/hindi_fake_0481.wav,4.656,0.0,0.0,-0.3917272090911865,-0.3917272090911865,0.0
482,0db277015ed4c7602383504e75bcfead10db6e33b12e442a983cb259a17baf2c98daf32f18e2c1917269103a2ef1776d88cab0357c43c487473d8fa511dde7e8,1,hindi_griffinlim_eval_final/real_hindi/hindi_real_0482.wav,4.068,736.0,1828.0,6.131254196166992,-2.795459270477295,-8.926713466644287
482,0db277015ed4c7602383504e75bcfead10db6e33b12e442a983cb259a17baf2c98daf32f18e2c1917269103a2ef1776d88cab0357c43c487473d8fa511dde7e8,0,hindi_griffinlim_eval_final/fake_hindi_griffinlim/hindi_fake_0482.wav,4.068,0.0,0.0,-0.7907438278198242,-0.7907438278198242,0.0
483,b9854a362f9f2796f98c3105310553f5d5b1d2aea5f247080a0d9ab5d329ac51e5e519bad74bd68b022867bb103a42741c9523a32ce80c3a4ac8ed64c4bde957,1,hindi_griffinlim_eval_final/real_hindi/hindi_real_0483.wav,3.216,0.0,304.0,3.4691977500915527,2.486320972442627,-0.9828767776489258
483,b9854a362f9f2796f98c3105310553f5d5b1d2aea5f247080a0d9ab5d329ac51e5e519bad74bd68b022867bb103a42741c9523a32ce80c3a4ac8ed64c4bde957,0,hindi_griffinlim_eval_final/fake_hindi_griffinlim/hindi_fake_0483.wav,3.216,0.0,0.0,3.7440223693847656,3.7440223693847656,0.0
484,8525f36954391ad7696abcf66c1383e5409d52980ebd2d7b1063cc48ed81ebd9f8cf3a8c257f079e986893cfa2455e4c832d04863c8fed7db4f4d5951ec34d1b,1,hindi_griffinlim_eval_final/real_hindi/hindi_real_0484.wav,4.32,448.0,608.0,4.7045087814331055,-4.470221996307373,-9.174730777740479
484,8525f36954391ad7696abcf66c1383e5409d52980ebd2d7b1063cc48ed81ebd9f8cf3a8c257f079e986893cfa2455e4c832d04863c8fed7db4f4d5951ec34d1b,0,hindi_griffinlim_eval_final/fake_hindi_griffinlim/hindi_fake_0484.wav,4.32,0.0,0.0,-0.37380942702293396,-0.37380942702293396,0.0
485,9392443e20fff21db185ec2e21925398c267cdaec962d7a8bff381ae171fd3563894988fe4244da0866881fb39e56492843fac59b139c31b99211d6c8f44c2ac,1,hindi_griffinlim_eval_final/real_hindi/hindi_real_0485.wav,3.024,96.0,0.0,3.9517438411712646,3.791046619415283,-0.16069722175598145
485,9392443e20fff21db185ec2e21925398c267cdaec962d7a8bff381ae171fd3563894988fe4244da0866881fb39e56492843fac59b139c31b99211d6c8f44c2ac,0,hindi_griffinlim_eval_final/fake_hindi_griffinlim/hindi_fake_0485.wav,3.024,0.0,0.0,-0.523921012878418,-0.523921012878418,0.0
486,cba73505723d31fe1d355fd9c1ba00f36d72661f667b151bb2e4db347100a72793ca3d5351e0293af666bf35d2684deb3e4bbc6fe630ffabe699d80709a0ea07,1,hindi_griffinlim_eval_final/real_hindi/hindi_real_0486.wav,6.048,320.0,928.0,0.680033802986145,-4.634655952453613,-5.314689755439758
486,cba73505723d31fe1d355fd9c1ba00f36d72661f667b151bb2e4db347100a72793ca3d5351e0293af666bf35d2684deb3e4bbc6fe630ffabe699d80709a0ea07,0,hindi_griffinlim_eval_final/fake_hindi_griffinlim/hindi_fake_0486.wav,6.048,0.0,0.0,6.045135021209717,6.045135021209717,0.0
487,6df5947ecd6093ba0b8088111d11231f209c5377b37d2ec78fb66df1c555d0c218e4a7dfd601f4d5395ec9f0579ec4eca44d2fd60b09e80bc62ef446ea485886,1,hindi_griffinlim_eval_final/real_hindi/hindi_real_0487.wav,2.736,768.0,560.0,-0.38313353061676025,-4.867643356323242,-4.484509825706482
487,6df5947ecd6093ba0b8088111d11231f209c5377b37d2ec78fb66df1c555d0c218e4a7dfd601f4d5395ec9f0579ec4eca44d2fd60b09e80bc62ef446ea485886,0,hindi_griffinlim_eval_final/fake_hindi_griffinlim/hindi_fake_0487.wav,2.736,0.0,0.0,-1.529990792274475,-1.529990792274475,0.0
488,f398e532c4307d0fb6f23dda4b599e05c8483a5211aab4dba56e24a0acc89810af5b98cc96afe0b55fdee3b41250c05571fa3d170e517213e71e52e481a80df1,1,hindi_griffinlim_eval_final/real_hindi/hindi_real_0488.wav,4.584,512.0,936.0,3.854816436767578,-3.807050943374634,-7.661867380142212
488,f398e532c4307d0fb6f23dda4b599e05c8483a5211aab4dba56e24a0acc89810af5b98cc96afe0b55fdee3b41250c05571fa3d170e517213e71e52e481a80df1,0,hindi_griffinlim_eval_final/fake_hindi_griffinlim/hindi_fake_0488.wav,4.584,0.0,0.0,-2.535521984100342,-2.535521984100342,0.0
489,a260ddbc5acffed848007a0a9ec6b79936f77999c825631f8f7eb91c11e3369d404de512eb961b464b0208a5da2d4a8cf154dba0a4d11010520e02dbf6039b2f,1,hindi_griffinlim_eval_final/real_hindi/hindi_real_0489.wav,4.428,0.0,0.0,-3.0811638832092285,-3.0811638832092285,0.0
489,a260ddbc5acffed848007a0a9ec6b79936f77999c825631f8f7eb91c11e3369d404de512eb961b464b0208a5da2d4a8cf154dba0a4d11010520e02dbf6039b2f,0,hindi_griffinlim_eval_final/fake_hindi_griffinlim/hindi_fake_0489.wav,4.428,0.0,0.0,-3.577782154083252,-3.577782154083252,0.0
490,32bf5ca000a1d646bb2e636e32c4bd507750c204271ab585b1e9fab7d08103c7e07825bdb376119fdef205be82f6e81766655dd5590cc21ec598b79a5c18e45f,1,hindi_griffinlim_eval_final/real_hindi/hindi_real_0490.wav,5.58,32.0,908.0,1.477791666984558,0.840339183807373,-0.6374524831771851
490,32bf5ca000a1d646bb2e636e32c4bd507750c204271ab585b1e9fab7d08103c7e07825bdb376119fdef205be82f6e81766655dd5590cc21ec598b79a5c18e45f,0,hindi_griffinlim_eval_final/fake_hindi_griffinlim/hindi_fake_0490.wav,5.58,0.0,0.0,-0.47983962297439575,-0.47983962297439575,0.0
491,5549b78a80f610ada13425ce57675ee97038a21d344187eab6b96f1006fd53e01f693feb367b9348c379911488a464a23b3c95a61f2295aa86d9cf6d8292c43c,1,hindi_griffinlim_eval_final/real_hindi/hindi_real_0491.wav,7.776,608.0,1056.0,5.371596336364746,-0.9257262945175171,-6.297322630882263
491,5549b78a80f610ada13425ce57675ee97038a21d344187eab6b96f1006fd53e01f693feb367b9348c379911488a464a23b3c95a61f2295aa86d9cf6d8292c43c,0,hindi_griffinlim_eval_final/fake_hindi_griffinlim/hindi_fake_0491.wav,7.776,0.0,0.0,-3.4222896099090576,-3.4222896099090576,0.0
492,43bc745f9a7b6bd69a6cf5af88d6d8a31436266533dfa04def07f906d4fd43867f88a11badb4e6b57aefd010b66136392f98b79281d97eebcad6333be3d07cb2,1,hindi_griffinlim_eval_final/real_hindi/hindi_real_0492.wav,2.232,288.0,0.0,1.2810437679290771,-0.09114938974380493,-1.372193157672882
492,43bc745f9a7b6bd69a6cf5af88d6d8a31436266533dfa04def07f906d4fd43867f88a11badb4e6b57aefd010b66136392f98b79281d97eebcad6333be3d07cb2,0,hindi_griffinlim_eval_final/fake_hindi_griffinlim/hindi_fake_0492.wav,2.232,0.0,0.0,0.23490430414676666,0.23490430414676666,0.0
493,bbf090e6e283e4e37184a2e8d18c4e8b316a072a5565f942ab1fe209609ce93499859b1bc6b7111be2f33203c2746e5c37c57a3fcff52e9a7f38780d6fc39a26,1,hindi_griffinlim_eval_final/real_hindi/hindi_real_0493.wav,2.556,576.0,220.0,2.245166301727295,-5.4984283447265625,-7.743594646453857
493,bbf090e6e283e4e37184a2e8d18c4e8b316a072a5565f942ab1fe209609ce93499859b1bc6b7111be2f33203c2746e5c37c57a3fcff52e9a7f38780d6fc39a26,0,hindi_griffinlim_eval_final/fake_hindi_griffinlim/hindi_fake_0493.wav,2.556,0.0,0.0,-0.3183213472366333,-0.3183213472366333,0.0
494,b3384290eb1959d422480362d83e5209c28470116f7c5b10b0306ace4c6c34fec56325a07bec155e841663e775d0573922c4e90dd59bad4795f5d75530c6732e,1,hindi_griffinlim_eval_final/real_hindi/hindi_real_0494.wav,4.68,736.0,1256.0,4.229244232177734,-0.7681528925895691,-4.9973971247673035
494,b3384290eb1959d422480362d83e5209c28470116f7c5b10b0306ace4c6c34fec56325a07bec155e841663e775d0573922c4e90dd59bad4795f5d75530c6732e,0,hindi_griffinlim_eval_final/fake_hindi_griffinlim/hindi_fake_0494.wav,4.68,0.0,0.0,-0.5354149341583252,-0.5354149341583252,0.0
495,3a9a2751ae7b00505f0ab31fe4c6b3d76e4b23763244c136363aed1903cc89d8668e1187df7236c6ac0ef40422fd5802ca4000aa26a29cc5c77c978b07a4d12a,1,hindi_griffinlim_eval_final/real_hindi/hindi_real_0495.wav,6.948,576.0,932.0,-0.4701838493347168,-5.89862060546875,-5.428436756134033
495,3a9a2751ae7b00505f0ab31fe4c6b3d76e4b23763244c136363aed1903cc89d8668e1187df7236c6ac0ef40422fd5802ca4000aa26a29cc5c77c978b07a4d12a,0,hindi_griffinlim_eval_final/fake_hindi_griffinlim/hindi_fake_0495.wav,6.948,0.0,0.0,-5.780052661895752,-5.780052661895752,0.0
496,e0b0d9bee4bc7b503aa80e3cc2b981cba7d2cd3493201182fda6cfaf6bd0f3c06ed4dece1470c13e0a96e60f29ff7be6ceb53724edc3973a8e5594a8b8f2fb13,1,hindi_griffinlim_eval_final/real_hindi/hindi_real_0496.wav,5.796,640.0,1732.0,3.0187535285949707,-3.6306982040405273,-6.649451732635498
496,e0b0d9bee4bc7b503aa80e3cc2b981cba7d2cd3493201182fda6cfaf6bd0f3c06ed4dece1470c13e0a96e60f29ff7be6ceb53724edc3973a8e5594a8b8f2fb13,0,hindi_griffinlim_eval_final/fake_hindi_griffinlim/hindi_fake_0496.wav,5.796,0.0,0.0,-0.15859103202819824,-0.15859103202819824,0.0
497,9a862e8c754a334f2c39963b8da67e4e6e46ef2889e6ac772bb3e3847c4e1586e46be4d21adf569a90009925022013d8900d5ec065a6eaf767a5f0c3f1317f6d,1,hindi_griffinlim_eval_final/real_hindi/hindi_real_0497.wav,7.056,736.0,624.0,-2.1144237518310547,-5.822877883911133,-3.708454132080078
497,9a862e8c754a334f2c39963b8da67e4e6e46ef2889e6ac772bb3e3847c4e1586e46be4d21adf569a90009925022013d8900d5ec065a6eaf767a5f0c3f1317f6d,0,hindi_griffinlim_eval_final/fake_hindi_griffinlim/hindi_fake_0497.wav,7.056,0.0,0.0,-5.584571838378906,-5.584571838378906,0.0
498,3255dc44d5426ad255e14c4db4d12b224dfffd1e594a400a47cee7aafcd670d56a9834052a13be30307100ec6a3e1f8bffe33260e25f32c5a89ef64c744c0433,1,hindi_griffinlim_eval_final/real_hindi/hindi_real_0498.wav,2.664,96.0,168.0,4.578714370727539,4.245318412780762,-0.33339595794677734
498,3255dc44d5426ad255e14c4db4d12b224dfffd1e594a400a47cee7aafcd670d56a9834052a13be30307100ec6a3e1f8bffe33260e25f32c5a89ef64c744c0433,0,hindi_griffinlim_eval_final/fake_hindi_griffinlim/hindi_fake_0498.wav,2.664,0.0,0.0,6.989234924316406,6.989234924316406,0.0
499,0303022c144407f09d8f97be16ba6f2c41ac249e162b24f7d213f0c8a10c4235a4dbd0f53c4d6bcd674ea939898fa29d241a0c183c8f8b5963f55ea5a5327379,1,hindi_griffinlim_eval_final/real_hindi/hindi_real_0499.wav,6.084,768.0,1188.0,5.480769157409668,-2.7101922035217285,-8.190961360931396
499,0303022c144407f09d8f97be16ba6f2c41ac249e162b24f7d213f0c8a10c4235a4dbd0f53c4d6bcd674ea939898fa29d241a0c183c8f8b5963f55ea5a5327379,0,hindi_griffinlim_eval_final/fake_hindi_griffinlim/hindi_fake_0499.wav,6.084,0.0,0.0,3.8627114295959473,3.8627114295959473,0.0
500,29bcb273adde2fc3bc2e4595307cca55f7a2164b643bd634a478297488389dd87132dba219b5a51a5b42b59a42fe5eef68ff2cd098bb675cf680befd442613d5,1,hindi_griffinlim_eval_final/real_hindi/hindi_real_0500.wav,6.048,1280.0,1184.0,5.714237213134766,-3.9553909301757812,-9.669628143310547
500,29bcb273adde2fc3bc2e4595307cca55f7a2164b643bd634a478297488389dd87132dba219b5a51a5b42b59a42fe5eef68ff2cd098bb675cf680befd442613d5,0,hindi_griffinlim_eval_final/fake_hindi_griffinlim/hindi_fake_0500.wav,6.048,0.0,0.0,-0.4618151783943176,-0.4618151783943176,0.0
501,ec98bf4f4c7ebeb53552af57da3d7a49f21818abc1725b040a1b968399e00793bb92c3c43fc8a718ebdf2cd08df8a20903f45474f2545ae873ddfb15c6a759c5,1,hindi_griffinlim_eval_final/real_hindi/hindi_real_0501.wav,5.436,736.0,636.0,1.6917906999588013,-5.522397041320801,-7.214187741279602
501,ec98bf4f4c7ebeb53552af57da3d7a49f21818abc1725b040a1b968399e00793bb92c3c43fc8a718ebdf2cd08df8a20903f45474f2545ae873ddfb15c6a759c5,0,hindi_griffinlim_eval_final/fake_hindi_griffinlim/hindi_fake_0501.wav,5.436,0.0,0.0,-2.579155445098877,-2.579155445098877,0.0
502,5d04e341d28471b5a0877f8fdc6dfb88a706c40c3a904e7e0b0982891ccab4d619b816f3a5dc1025591b7cfdc9f56ef10169afd22bfcd78c1ee7b6fc4e36bc03,1,hindi_griffinlim_eval_final/real_hindi/hindi_real_0502.wav,3.384,128.0,888.0,4.447457313537598,4.77062463760376,0.3231673240661621
502,5d04e341d28471b5a0877f8fdc6dfb88a706c40c3a904e7e0b0982891ccab4d619b816f3a5dc1025591b7cfdc9f56ef10169afd22bfcd78c1ee7b6fc4e36bc03,0,hindi_griffinlim_eval_final/fake_hindi_griffinlim/hindi_fake_0502.wav,3.384,0.0,0.0,0.7682527899742126,0.7682527899742126,0.0
503,4cef3c57c7794a486d20711b806222df778778312c01a26669a9c4fd75b74a3792424787393673b302401d3d994431c97c30b2d1b8bd6caa0fd563460fed5093,1,hindi_griffinlim_eval_final/real_hindi/hindi_real_0503.wav,5.544,32.0,520.0,4.64818811416626,4.580714702606201,-0.0674734115600586
503,4cef3c57c7794a486d20711b806222df778778312c01a26669a9c4fd75b74a3792424787393673b302401d3d994431c97c30b2d1b8bd6caa0fd563460fed5093,0,hindi_griffinlim_eval_final/fake_hindi_griffinlim/hindi_fake_0503.wav,5.544,0.0,0.0,-4.665104866027832,-4.665104866027832,0.0
504,c9e3c968c1d5b3622fc320ddfee5e4f9ab20a053ad60bc247ae48a626a9989bc2687e3e054f55a444c9ccb71e2ddce887fc8fdfa617ebb5e9d4771676d8074b4,1,hindi_griffinlim_eval_final/real_hindi/hindi_real_0504.wav,7.416,512.0,1336.0,-0.7600663304328918,-5.489030838012695,-4.7289645075798035
504,c9e3c968c1d5b3622fc320ddfee5e4f9ab20a053ad60bc247ae48a626a9989bc2687e3e054f55a444c9ccb71e2ddce887fc8fdfa617ebb5e9d4771676d8074b4,0,hindi_griffinlim_eval_final/fake_hindi_griffinlim/hindi_fake_0504.wav,7.416,0.0,0.0,-0.3572861850261688,-0.3572861850261688,0.0
505,f7e4c76ee18115342ce951e969ae7be895523c1249240808025273db43ef06eff07f846de9b3a24d822ac09b3fcc9a6655535a3e0adb370bde8640f64560620b,1,hindi_griffinlim_eval_final/real_hindi/hindi_real_0505.wav,4.428,896.0,332.0,-0.3999079763889313,-5.832612991333008,-5.4327050149440765
505,f7e4c76ee18115342ce951e969ae7be895523c1249240808025273db43ef06eff07f846de9b3a24d822ac09b3fcc9a6655535a3e0adb370bde8640f64560620b,0,hindi_griffinlim_eval_final/fake_hindi_griffinlim/hindi_fake_0505.wav,4.428,0.0,0.0,-2.8454277515411377,-2.8454277515411377,0.0
506,cb80d11c3532ab20b83037029cb1c2394ea6339f697e7101b9288365e3387903da82dc7d32bb6f1a45d5659f6ffacc187711e06195561c5e4f09721683bbd761,1,hindi_griffinlim_eval_final/real_hindi/hindi_real_0506.wav,2.664,544.0,776.0,5.402729034423828,-2.1310765743255615,-7.53380560874939
506,cb80d11c3532ab20b83037029cb1c2394ea6339f697e7101b9288365e3387903da82dc7d32bb6f1a45d5659f6ffacc187711e06195561c5e4f09721683bbd761,0,hindi_griffinlim_eval_final/fake_hindi_griffinlim/hindi_fake_0506.wav,2.664,0.0,0.0,-2.053692579269409,-2.053692579269409,0.0
507,755950c6eb4b91d87a8d62458e27e794e08783fbb4e47b61730e21bb685a9d3634dab0401114292ec8b3d3a282e0248c34c8868056fdb057716c14ae2b9844fc,1,hindi_griffinlim_eval_final/real_hindi/hindi_real_0507.wav,3.42,384.0,924.0,2.261669874191284,-5.035412788391113,-7.2970826625823975
507,755950c6eb4b91d87a8d62458e27e794e08783fbb4e47b61730e21bb685a9d3634dab0401114292ec8b3d3a282e0248c34c8868056fdb057716c14ae2b9844fc,0,hindi_griffinlim_eval_final/fake_hindi_griffinlim/hindi_fake_0507.wav,3.408,384.0,912.0,-0.780813455581665,-5.727529525756836,-4.946716070175171
508,d70eec2d8533e3a33d9b86756515c60f981b91fec38baaad39f756259fc08103cb6a12f82c2cc01189e8c8558b9ca80d52fc0cd6ebe18cab27de267929b51584,1,hindi_griffinlim_eval_final/real_hindi/hindi_real_0508.wav,3.132,0.0,380.0,5.187839984893799,4.879061698913574,-0.3087782859802246
508,d70eec2d8533e3a33d9b86756515c60f981b91fec38baaad39f756259fc08103cb6a12f82c2cc01189e8c8558b9ca80d52fc0cd6ebe18cab27de267929b51584,0,hindi_griffinlim_eval_final/fake_hindi_griffinlim/hindi_fake_0508.wav,3.132,0.0,0.0,3.8575990200042725,3.8575990200042725,0.0
509,4fcdd17805b736cac2dc920985d2187185e759b54d9cfe7d2654dd8f4aff10e630e579edcb5cb4d04f215bebe6d096d9e932203345ad7272e889beca6a5c20e7,1,hindi_griffinlim_eval_final/real_hindi/hindi_real_0509.wav,6.336,1184.0,64.0,-0.7958358526229858,-5.201143264770508,-4.405307412147522
509,4fcdd17805b736cac2dc920985d2187185e759b54d9cfe7d2654dd8f4aff10e630e579edcb5cb4d04f215bebe6d096d9e932203345ad7272e889beca6a5c20e7,0,hindi_griffinlim_eval_final/fake_hindi_griffinlim/hindi_fake_0509.wav,6.336,0.0,0.0,-1.113031029701233,-1.113031029701233,0.0
510,93f71918fbe69cad830cb49211cb10c9344e04ceca427ea39db38c8b5f5f200a4706f0a12646585364ff3b44f3bb75784005797e3e3259fd9579fa985955b3ac,1,hindi_griffinlim_eval_final/real_hindi/hindi_real_0510.wav,3.276,0.0,0.0,2.844019889831543,2.844019889831543,0.0
510,93f71918fbe69cad830cb49211cb10c9344e04ceca427ea39db38c8b5f5f200a4706f0a12646585364ff3b44f3bb75784005797e3e3259fd9579fa985955b3ac,0,hindi_griffinlim_eval_final/fake_hindi_griffinlim/hindi_fake_0510.wav,3.276,0.0,0.0,-0.31874650716781616,-0.31874650716781616,0.0
511,e13c23ee2d8500b3cffa2cdf67ef9d827331c36238411c839fe39b077736953b55de43cff6bb2d96066fb6660cc6542db53e3e5abe00c2cb8d79cf3bc38b22fb,1,hindi_griffinlim_eval_final/real_hindi/hindi_real_0511.wav,3.78,96.0,0.0,5.253653526306152,4.3132476806640625,-0.9404058456420898
511,e13c23ee2d8500b3cffa2cdf67ef9d827331c36238411c839fe39b077736953b55de43cff6bb2d96066fb6660cc6542db53e3e5abe00c2cb8d79cf3bc38b22fb,0,hindi_griffinlim_eval_final/fake_hindi_griffinlim/hindi_fake_0511.wav,3.78,0.0,0.0,6.566107273101807,6.566107273101807,0.0
512,2312b0d85bd1eb1a017264abf770df086e10cec218cf1ab48b90f9d7f621d8ae8372b07338224060fcac6cfb337fcfcb6966c160942f9fcec4c67e7f5df44520,1,hindi_griffinlim_eval_final/real_hindi/hindi_real_0512.wav,3.024,0.0,0.0,-1.132124662399292,-1.132124662399292,0.0
512,2312b0d85bd1eb1a017264abf770df086e10cec218cf1ab48b90f9d7f621d8ae8372b07338224060fcac6cfb337fcfcb6966c160942f9fcec4c67e7f5df44520,0,hindi_griffinlim_eval_final/fake_hindi_griffinlim/hindi_fake_0512.wav,3.024,0.0,0.0,-4.322688579559326,-4.322688579559326,0.0
513,42dbccb16fa1ce50253a96dee532a7c4030f9daa92599271e4c0692efc8e58f669205bbcedf0ddf1f51f1e5753260ad39f6e0a5e6f85d5d24b3c5b3a20114c4c,1,hindi_griffinlim_eval_final/real_hindi/hindi_real_0513.wav,3.456,512.0,928.0,5.949501037597656,-4.221225738525391,-10.170726776123047
513,42dbccb16fa1ce50253a96dee532a7c4030f9daa92599271e4c0692efc8e58f669205bbcedf0ddf1f51f1e5753260ad39f6e0a5e6f85d5d24b3c5b3a20114c4c,0,hindi_griffinlim_eval_final/fake_hindi_griffinlim/hindi_fake_0513.wav,3.456,0.0,0.0,-0.6035670638084412,-0.6035670638084412,0.0
514,60b2daa4cda30b5320834f3c2d21ea1841b52ccd7bf7ed4689f3ff27ca59c3323707c95e9a17bea4082356c576bbc3f17a00106134240f3632529b329fc1e62a,1,hindi_griffinlim_eval_final/real_hindi/hindi_real_0514.wav,7.956,0.0,372.0,1.0557056665420532,1.0557056665420532,0.0
514,60b2daa4cda30b5320834f3c2d21ea1841b52ccd7bf7ed4689f3ff27ca59c3323707c95e9a17bea4082356c576bbc3f17a00106134240f3632529b329fc1e62a,0,hindi_griffinlim_eval_final/fake_hindi_griffinlim/hindi_fake_0514.wav,7.952,0.0,368.0,-2.4570541381835938,-2.4570541381835938,0.0
515,7a089d86c2c82f061df264f419453e3740e2a7e030b13163f8802012baaa04bb35130896e3ee83c688d07bce1c74d40e83dabdca6a911dc25d15f97ebb75b7e4,1,hindi_griffinlim_eval_final/real_hindi/hindi_real_0515.wav,6.408,320.0,552.0,2.5296595096588135,-3.2482857704162598,-5.777945280075073
515,7a089d86c2c82f061df264f419453e3740e2a7e030b13163f8802012baaa04bb35130896e3ee83c688d07bce1c74d40e83dabdca6a911dc25d15f97ebb75b7e4,0,hindi_griffinlim_eval_final/fake_hindi_griffinlim/hindi_fake_0515.wav,6.408,0.0,0.0,-2.7937755584716797,-2.7937755584716797,0.0
516,43bc745f9a7b6bd69a6cf5af88d6d8a31436266533dfa04def07f906d4fd43867f88a11badb4e6b57aefd010b66136392f98b79281d97eebcad6333be3d07cb2,1,hindi_griffinlim_eval_final/real_hindi/hindi_real_0516.wav,4.212,160.0,0.0,4.193589210510254,4.822324275970459,0.6287350654602051
516,43bc745f9a7b6bd69a6cf5af88d6d8a31436266533dfa04def07f906d4fd43867f88a11badb4e6b57aefd010b66136392f98b79281d97eebcad6333be3d07cb2,0,hindi_griffinlim_eval_final/fake_hindi_griffinlim/hindi_fake_0516.wav,4.212,0.0,0.0,4.810786724090576,4.810786724090576,0.0
517,74751bae9cd9bc9a9c005dce39ee035a3d1a201afb6bc83523226793b7fa2526d2c29ccebaaee7bcc6af9949646ae1bde77eade6fcec218564391c06e0ec86d3,1,hindi_griffinlim_eval_final/real_hindi/hindi_real_0517.wav,7.2,704.0,0.0,5.74012565612793,-1.5301882028579712,-7.270313858985901
517,74751bae9cd9bc9a9c005dce39ee035a3d1a201afb6bc83523226793b7fa2526d2c29ccebaaee7bcc6af9949646ae1bde77eade6fcec218564391c06e0ec86d3,0,hindi_griffinlim_eval_final/fake_hindi_griffinlim/hindi_fake_0517.wav,7.2,0.0,0.0,5.612905502319336,5.612905502319336,0.0
518,9564825a0829d21edd512e0523b3dccf946f9cd0f8b90c2589961c1867f2100b337df3df56dcee0dbdc7b4f23de4dc7d2af884dea2f7a3f6a3f3dc081879acfa,1,hindi_griffinlim_eval_final/real_hindi/hindi_real_0518.wav,6.948,128.0,260.0,5.93379020690918,5.5217604637146,-0.4120297431945801
518,9564825a0829d21edd512e0523b3dccf946f9cd0f8b90c2589961c1867f2100b337df3df56dcee0dbdc7b4f23de4dc7d2af884dea2f7a3f6a3f3dc081879acfa,0,hindi_griffinlim_eval_final/fake_hindi_griffinlim/hindi_fake_0518.wav,6.948,0.0,0.0,4.929840087890625,4.929840087890625,0.0
519,46369e01baf2553b6269322ed95fc7afe1865c88e5f462390a20e35e6af12cc97960c4874ecda585cb422e132fee3f04da4f91fa41175b3b36d9bc7d7033edf1,1,hindi_griffinlim_eval_final/real_hindi/hindi_real_0519.wav,7.56,32.0,1384.0,0.5220444202423096,0.9752567410469055,0.45321232080459595
519,46369e01baf2553b6269322ed95fc7afe1865c88e5f462390a20e35e6af12cc97960c4874ecda585cb422e132fee3f04da4f91fa41175b3b36d9bc7d7033edf1,0,hindi_griffinlim_eval_final/fake_hindi_griffinlim/hindi_fake_0519.wav,7.56,0.0,0.0,-1.6204488277435303,-1.6204488277435303,0.0
520,b9854a362f9f2796f98c3105310553f5d5b1d2aea5f247080a0d9ab5d329ac51e5e519bad74bd68b022867bb103a42741c9523a32ce80c3a4ac8ed64c4bde957,1,hindi_griffinlim_eval_final/real_hindi/hindi_real_0520.wav,3.864,0.0,88.0,-1.2571982145309448,-1.313088059425354,-0.05588984489440918
520,b9854a362f9f2796f98c3105310553f5d5b1d2aea5f247080a0d9ab5d329ac51e5e519bad74bd68b022867bb103a42741c9523a32ce80c3a4ac8ed64c4bde957,0,hindi_griffinlim_eval_final/fake_hindi_griffinlim/hindi_fake_0520.wav,3.864,0.0,0.0,-0.5609745383262634,-0.5609745383262634,0.0
521,b3a9d00791dae63b944756627fdb96c21c53f4d69beef3a56780607d83e56d0a6faf52d5d704c925bb323f8b2c9a168a87c2cd94fcc3d3abf6b034c9e7f5cd77,1,hindi_griffinlim_eval_final/real_hindi/hindi_real_0521.wav,2.256,32.0,304.0,5.017857074737549,4.701097011566162,-0.3167600631713867
521,b3a9d00791dae63b944756627fdb96c21c53f4d69beef3a56780607d83e56d0a6faf52d5d704c925bb323f8b2c9a168a87c2cd94fcc3d3abf6b034c9e7f5cd77,0,hindi_griffinlim_eval_final/fake_hindi_griffinlim/hindi_fake_0521.wav,2.256,0.0,0.0,0.4336632788181305,0.4336632788181305,0.0
522,949d46bd8792e08b2ee6c5736df551c23a26e45db1306d71836317cfc115ff4cf71da8164c9063aeefd98bd8c12626dbe22b79a07420d6fe8317fb6fc9fa368b,1,hindi_griffinlim_eval_final/real_hindi/hindi_real_0522.wav,6.588,896.0,668.0,5.317563533782959,3.9379849433898926,-1.3795785903930664
522,949d46bd8792e08b2ee6c5736df551c23a26e45db1306d71836317cfc115ff4cf71da8164c9063aeefd98bd8c12626dbe22b79a07420d6fe8317fb6fc9fa368b,0,hindi_griffinlim_eval_final/fake_hindi_griffinlim/hindi_fake_0522.wav,6.588,0.0,0.0,5.765665054321289,5.765665054321289,0.0
523,79741f3153a904c0ddeb1d81d69b137d61adb2a3f1c8ea30fd32a88a4f7028bbb73f1515f3cac14ad147b8c1845846d96d9333173f71677d207b7ff1357a37c5,1,hindi_griffinlim_eval_final/real_hindi/hindi_real_0523.wav,3.864,960.0,1208.0,6.279491901397705,-2.9446969032287598,-9.224188804626465
523,79741f3153a904c0ddeb1d81d69b137d61adb2a3f1c8ea30fd32a88a4f7028bbb73f1515f3cac14ad147b8c1845846d96d9333173f71677d207b7ff1357a37c5,0,hindi_griffinlim_eval_final/fake_hindi_griffinlim/hindi_fake_0523.wav,3.864,0.0,0.0,0.283718079328537,0.283718079328537,0.0
524,d39d516dfccbf4297a953030579625b84d76314cdd257472c46f3116b9f0238183eaa531151e2a8bd4968015c10fb293e815f5a2c36475f899e88f5ed90676ea,1,hindi_griffinlim_eval_final/real_hindi/hindi_real_0524.wav,5.688,864.0,1880.0,2.3379268646240234,-4.971530914306641,-7.309457778930664
524,d39d516dfccbf4297a953030579625b84d76314cdd257472c46f3116b9f0238183eaa531151e2a8bd4968015c10fb293e815f5a2c36475f899e88f5ed90676ea,0,hindi_griffinlim_eval_final/fake_hindi_griffinlim/hindi_fake_0524.wav,5.688,0.0,0.0,-0.5593847632408142,-0.5593847632408142,0.0
525,c127090a8261671f4e68cc31639996579099a014bbd65dc05c580ea8961637ae6978ac28c265bbba5145400258f062bf70f582aac610a13525cacf73579563bd,1,hindi_griffinlim_eval_final/real_hindi/hindi_real_0525.wav,6.3,384.0,0.0,-1.3984748125076294,-5.738780975341797,-4.3403061628341675
525,c127090a8261671f4e68cc31639996579099a014bbd65dc05c580ea8961637ae6978ac28c265bbba5145400258f062bf70f582aac610a13525cacf73579563bd,0,hindi_griffinlim_eval_final/fake_hindi_griffinlim/hindi_fake_0525.wav,6.3,0.0,0.0,-5.70125675201416,-5.70125675201416,0.0
526,fb9238da4a8e2de73d33aea159760300d3ec17f24329ad1fd35ab53c3d452ac1fa903c1488c73bf0daeb50763d260efbf7fcf79c1453a1558722a64e0a69afbe,1,hindi_griffinlim_eval_final/real_hindi/hindi_real_0526.wav,7.236,352.0,1860.0,4.25273323059082,0.7995657324790955,-3.453167498111725
526,fb9238da4a8e2de73d33aea159760300d3ec17f24329ad1fd35ab53c3d452ac1fa903c1488c73bf0daeb50763d260efbf7fcf79c1453a1558722a64e0a69afbe,0,hindi_griffinlim_eval_final/fake_hindi_griffinlim/hindi_fake_0526.wav,7.236,0.0,0.0,-0.63973069190979,-0.63973069190979,0.0
527,78014d1d0043184446ff0c083c8868966598975e5daebb9725dc92f60fa5c8d06ce1bb84b84760f14d38217866e6bde176419a1bd9e5f166429d74168b3dd926,1,hindi_griffinlim_eval_final/real_hindi/hindi_real_0527.wav,5.976,704.0,1112.0,3.0094475746154785,-5.545413017272949,-8.554860591888428
527,78014d1d0043184446ff0c083c8868966598975e5daebb9725dc92f60fa5c8d06ce1bb84b84760f14d38217866e6bde176419a1bd9e5f166429d74168b3dd926,0,hindi_griffinlim_eval_final/fake_hindi_griffinlim/hindi_fake_0527.wav,5.976,0.0,0.0,0.16311025619506836,0.16311025619506836,0.0
528,2de3db24e998f00d734a8da3c51f592d40cdff55dfae3f290f4b0ef2e1acb63313eba952692afa76afcc1912d4c5fbd103d7bc838757a2bd55293827e758500e,1,hindi_griffinlim_eval_final/real_hindi/hindi_real_0528.wav,4.068,992.0,740.0,4.3038434982299805,-4.633242607116699,-8.93708610534668
528,2de3db24e998f00d734a8da3c51f592d40cdff55dfae3f290f4b0ef2e1acb63313eba952692afa76afcc1912d4c5fbd103d7bc838757a2bd55293827e758500e,0,hindi_griffinlim_eval_final/fake_hindi_griffinlim/hindi_fake_0528.wav,4.068,0.0,0.0,2.1554925441741943,2.1554925441741943,0.0
529,b3384290eb1959d422480362d83e5209c28470116f7c5b10b0306ace4c6c34fec56325a07bec155e841663e775d0573922c4e90dd59bad4795f5d75530c6732e,1,hindi_griffinlim_eval_final/real_hindi/hindi_real_0529.wav,7.056,928.0,1552.0,4.169601917266846,-4.713067054748535,-8.88266897201538
529,b3384290eb1959d422480362d83e5209c28470116f7c5b10b0306ace4c6c34fec56325a07bec155e841663e775d0573922c4e90dd59bad4795f5d75530c6732e,0,hindi_griffinlim_eval_final/fake_hindi_griffinlim/hindi_fake_0529.wav,7.056,0.0,0.0,-0.5009540319442749,-0.5009540319442749,0.0
530,aae384c088b18eed8da9fe141de09f584054ad55ee2a6514c682c1bd425784ed886c928e35a66fa611ccad98b44274839b2b5f7c3fe678e1c8740cfc90389187,1,hindi_griffinlim_eval_final/real_hindi/hindi_real_0530.wav,2.808,512.0,0.0,0.2741903066635132,-5.44974422454834,-5.723934531211853
530,aae384c088b18eed8da9fe141de09f584054ad55ee2a6514c682c1bd425784ed886c928e35a66fa611ccad98b44274839b2b5f7c3fe678e1c8740cfc90389187,0,hindi_griffinlim_eval_final/fake_hindi_griffinlim/hindi_fake_0530.wav,2.808,0.0,0.0,-4.458259582519531,-4.458259582519531,0.0
531,13cef0dba059a4aa0064866e51ca703ad2552c2645eb99722846129b96051db0f22a99235faf822876c13bd3f02e86f138d6a0413f980cf028f54c5fdc58b9b9,1,hindi_griffinlim_eval_final/real_hindi/hindi_real_0531.wav,4.14,768.0,1260.0,4.71694278717041,-5.583677291870117,-10.300620079040527
531,13cef0dba059a4aa0064866e51ca703ad2552c2645eb99722846129b96051db0f22a99235faf822876c13bd3f02e86f138d6a0413f980cf028f54c5fdc58b9b9,0,hindi_griffinlim_eval_final/fake_hindi_griffinlim/hindi_fake_0531.wav,4.14,0.0,0.0,-0.6159393191337585,-0.6159393191337585,0.0
532,55facf37cfec7564d08860906bdb688d9e2c45d7ac50a054dcc66778b3b1a10a9489051097f6fe9232742597187752dc71f4f0432aa771771721c259ff4324c7,1,hindi_griffinlim_eval_final/real_hindi/hindi_real_0532.wav,4.86,928.0,0.0,-0.07969154417514801,-6.019030570983887,-5.939339026808739
532,55facf37cfec7564d08860906bdb688d9e2c45d7ac50a054dcc66778b3b1a10a9489051097f6fe9232742597187752dc71f4f0432aa771771721c259ff4324c7,0,hindi_griffinlim_eval_final/fake_hindi_griffinlim/hindi_fake_0532.wav,4.86,0.0,0.0,-5.499042510986328,-5.499042510986328,0.0
533,5a2a681a4af95b92777b6adcd74644a5291136b27678f3afb168b9ebcc348031ce19ae24e738331ee6e5e5e54f6c4c560d455f898f348ad11957ec799c28fe59,1,hindi_griffinlim_eval_final/real_hindi/hindi_real_0533.wav,5.796,1184.0,1348.0,5.905420303344727,-3.822978973388672,-9.728399276733398
533,5a2a681a4af95b92777b6adcd74644a5291136b27678f3afb168b9ebcc348031ce19ae24e738331ee6e5e5e54f6c4c560d455f898f348ad11957ec799c28fe59,0,hindi_griffinlim_eval_final/fake_hindi_griffinlim/hindi_fake_0533.wav,5.796,0.0,0.0,-4.276251316070557,-4.276251316070557,0.0
534,16c775b5ac1a75459692a8e2c553ec084df96439cf53c5129ce1e5c20a9a04d3ed23204cf582fe74c9dc12a473fb3072139ea313cee5ce51c0d17acf8cd16333,1,hindi_griffinlim_eval_final/real_hindi/hindi_real_0534.wav,5.148,64.0,0.0,3.6429309844970703,3.9216415882110596,0.27871060371398926
534,16c775b5ac1a75459692a8e2c553ec084df96439cf53c5129ce1e5c20a9a04d3ed23204cf582fe74c9dc12a473fb3072139ea313cee5ce51c0d17acf8cd16333,0,hindi_griffinlim_eval_final/fake_hindi_griffinlim/hindi_fake_0534.wav,5.148,0.0,0.0,-0.1778237372636795,-0.1778237372636795,0.0
535,0f018a99663f33afbb7d38aee281fb1afcfd07f9e7acd00383f604e1e17c38d6ed8adf1bd2ccbf927a52c5adefb8ac4b158ce27a7c2ed9581e71202eb302dfb3,1,hindi_griffinlim_eval_final/real_hindi/hindi_real_0535.wav,5.292,864.0,908.0,1.3210850954055786,-5.746071815490723,-7.067156910896301
535,0f018a99663f33afbb7d38aee281fb1afcfd07f9e7acd00383f604e1e17c38d6ed8adf1bd2ccbf927a52c5adefb8ac4b158ce27a7c2ed9581e71202eb302dfb3,0,hindi_griffinlim_eval_final/fake_hindi_griffinlim/hindi_fake_0535.wav,5.292,0.0,0.0,-5.745314598083496,-5.745314598083496,0.0
536,c7a77aac9398049c593a06e3bde552061eb033612d2266a548202cc8790a06dd5c5c4fb002e8013ef38f94abed95b3bea0e56c4cb6aa8deecf7c63373764826d,1,hindi_griffinlim_eval_final/real_hindi/hindi_real_0536.wav,3.888,32.0,528.0,-4.765611171722412,-3.8551552295684814,0.9104559421539307
536,c7a77aac9398049c593a06e3bde552061eb033612d2266a548202cc8790a06dd5c5c4fb002e8013ef38f94abed95b3bea0e56c4cb6aa8deecf7c63373764826d,0,hindi_griffinlim_eval_final/fake_hindi_griffinlim/hindi_fake_0536.wav,3.888,0.0,0.0,-1.1288007497787476,-1.1288007497787476,0.0
537,e1687c2dade4c9e56bf74181a1c6eabd5d85fb05e2ded2d7f443e3cdf646f19b835db4fd303c73f3b7e94b0d03f6d27c4429abdaf1a56ee81e35ee7bc67bc67c,1,hindi_griffinlim_eval_final/real_hindi/hindi_real_0537.wav,5.076,2336.0,404.0,5.125040054321289,-5.00996208190918,-10.135002136230469
537,e1687c2dade4c9e56bf74181a1c6eabd5d85fb05e2ded2d7f443e3cdf646f19b835db4fd303c73f3b7e94b0d03f6d27c4429abdaf1a56ee81e35ee7bc67bc67c,0,hindi_griffinlim_eval_final/fake_hindi_griffinlim/hindi_fake_0537.wav,5.076,0.0,0.0,6.015227317810059,6.015227317810059,0.0
538,80d92595b38c164010ef7313465d16463f2c96fa6fc022b2e01e189d36b259ca8c60d34dedd33eb9e2efc010529edd502641106737ba607a53218e01e86be40a,1,hindi_griffinlim_eval_final/real_hindi/hindi_real_0538.wav,5.076,736.0,596.0,-0.7521105408668518,-5.385754585266113,-4.6336440443992615
538,80d92595b38c164010ef7313465d16463f2c96fa6fc022b2e01e189d36b259ca8c60d34dedd33eb9e2efc010529edd502641106737ba607a53218e01e86be40a,0,hindi_griffinlim_eval_final/fake_hindi_griffinlim/hindi_fake_0538.wav,5.076,0.0,0.0,-3.5624122619628906,-3.5624122619628906,0.0
539,c1edd0ef566e809ba01bf1a3011df6cd0fbf6a1675ba8002e671dd7b16588ea30ff434c78aaae27b190d16c6d7bd32bdd4a6b1ca631c0b3f819e807b3cdef585,1,hindi_griffinlim_eval_final/real_hindi/hindi_real_0539.wav,2.808,0.0,0.0,-0.22939355671405792,-0.22939355671405792,0.0
539,c1edd0ef566e809ba01bf1a3011df6cd0fbf6a1675ba8002e671dd7b16588ea30ff434c78aaae27b190d16c6d7bd32bdd4a6b1ca631c0b3f819e807b3cdef585,0,hindi_griffinlim_eval_final/fake_hindi_griffinlim/hindi_fake_0539.wav,2.808,0.0,0.0,6.704807758331299,6.704807758331299,0.0
540,311217067d55b7cce037852182d16a8e446e955f838c22ea621a12cf2d0fcb73cef39d58af1b90b48bc6a39e94534cd5781370c0e4affc028225fa2b2f7029f0,1,hindi_griffinlim_eval_final/real_hindi/hindi_real_0540.wav,2.88,32.0,1184.0,-3.309713840484619,-0.8579861521720886,2.4517276883125305
540,311217067d55b7cce037852182d16a8e446e955f838c22ea621a12cf2d0fcb73cef39d58af1b90b48bc6a39e94534cd5781370c0e4affc028225fa2b2f7029f0,0,hindi_griffinlim_eval_final/fake_hindi_griffinlim/hindi_fake_0540.wav,2.88,0.0,0.0,0.35629308223724365,0.35629308223724365,0.0
541,5e46ac50eb1d862c9c16cabb7768b1b412ed7ec5a51e13e22953cbb21d43c30f5addea8f5b6797634a95c8140661feb46f36a8e68d9968dc8452c0ac88af7e59,1,hindi_griffinlim_eval_final/real_hindi/hindi_real_0541.wav,2.664,32.0,0.0,0.5535802245140076,0.6219014525413513,0.06832122802734375
541,5e46ac50eb1d862c9c16cabb7768b1b412ed7ec5a51e13e22953cbb21d43c30f5addea8f5b6797634a95c8140661feb46f36a8e68d9968dc8452c0ac88af7e59,0,hindi_griffinlim_eval_final/fake_hindi_griffinlim/hindi_fake_0541.wav,2.664,0.0,0.0,-2.6173133850097656,-2.6173133850097656,0.0
542,0e97e303991e6646c845049579a4bea7a25ea775f6b8b44a09e0efd0ae9661ec984c393c92d2522e3158c8b0ca206ad60fd9e136713e18c21dffd72811a88b88,1,hindi_griffinlim_eval_final/real_hindi/hindi_real_0542.wav,7.308,736.0,524.0,4.964733600616455,-4.447357177734375,-9.41209077835083
542,0e97e303991e6646c845049579a4bea7a25ea775f6b8b44a09e0efd0ae9661ec984c393c92d2522e3158c8b0ca206ad60fd9e136713e18c21dffd72811a88b88,0,hindi_griffinlim_eval_final/fake_hindi_griffinlim/hindi_fake_0542.wav,7.308,0.0,0.0,-1.704968810081482,-1.704968810081482,0.0
543,e811478820937736d1074ae0c51bf72791cd1029b63b639e8dd3ab8f6d8ce46e9eed447dd3edfeca171695425e9496970dbbe5f3cb9b07cba7fed66459eff2c3,1,hindi_griffinlim_eval_final/real_hindi/hindi_real_0543.wav,4.608,96.0,608.0,0.6340363621711731,-0.4587368667125702,-1.0927732288837433
543,e811478820937736d1074ae0c51bf72791cd1029b63b639e8dd3ab8f6d8ce46e9eed447dd3edfeca171695425e9496970dbbe5f3cb9b07cba7fed66459eff2c3,0,hindi_griffinlim_eval_final/fake_hindi_griffinlim/hindi_fake_0543.wav,4.608,0.0,0.0,-0.1988110989332199,-0.1988110989332199,0.0
544,f46c93c748a0c35594f074957a1b3ee72c090d5d18df96adad96f0ce2b54206b31c17b71d8553a83b3e053869270a1823fdc46be2f35cb0fd9f65d05cf8c568e,1,hindi_griffinlim_eval_final/real_hindi/hindi_real_0544.wav,7.416,0.0,120.0,0.22688992321491241,0.22688992321491241,0.0
544,f46c93c748a0c35594f074957a1b3ee72c090d5d18df96adad96f0ce2b54206b31c17b71d8553a83b3e053869270a1823fdc46be2f35cb0fd9f65d05cf8c568e,0,hindi_griffinlim_eval_final/fake_hindi_griffinlim/hindi_fake_0544.wav,7.416,0.0,0.0,-0.23686419427394867,-0.23686419427394867,0.0
545,0a7f98f856cff63c03fcd05e03e181c17ce5d6545037394992a6f0afe1ed3716ef537d63a1e24a45ffc22233c24ee08fdec3372afad0b4389efc86ce4e7dee2c,1,hindi_griffinlim_eval_final/real_hindi/hindi_real_0545.wav,6.876,0.0,28.0,-2.12502121925354,-2.12502121925354,0.0
545,0a7f98f856cff63c03fcd05e03e181c17ce5d6545037394992a6f0afe1ed3716ef537d63a1e24a45ffc22233c24ee08fdec3372afad0b4389efc86ce4e7dee2c,0,hindi_griffinlim_eval_final/fake_hindi_griffinlim/hindi_fake_0545.wav,6.864,0.0,16.0,-2.9343202114105225,-2.9343202114105225,0.0
546,d39d516dfccbf4297a953030579625b84d76314cdd257472c46f3116b9f0238183eaa531151e2a8bd4968015c10fb293e815f5a2c36475f899e88f5ed90676ea,1,hindi_griffinlim_eval_final/real_hindi/hindi_real_0546.wav,6.876,736.0,860.0,3.722316026687622,-3.4427382946014404,-7.1650543212890625
546,d39d516dfccbf4297a953030579625b84d76314cdd257472c46f3116b9f0238183eaa531151e2a8bd4968015c10fb293e815f5a2c36475f899e88f5ed90676ea,0,hindi_griffinlim_eval_final/fake_hindi_griffinlim/hindi_fake_0546.wav,6.876,0.0,0.0,-0.1459304392337799,-0.1459304392337799,0.0
547,60b2daa4cda30b5320834f3c2d21ea1841b52ccd7bf7ed4689f3ff27ca59c3323707c95e9a17bea4082356c576bbc3f17a00106134240f3632529b329fc1e62a,1,hindi_griffinlim_eval_final/real_hindi/hindi_real_0547.wav,6.408,0.0,40.0,-0.8601416349411011,-0.8601416349411011,0.0
547,60b2daa4cda30b5320834f3c2d21ea1841b52ccd7bf7ed4689f3ff27ca59c3323707c95e9a17bea4082356c576bbc3f17a00106134240f3632529b329fc1e62a,0,hindi_griffinlim_eval_final/fake_hindi_griffinlim/hindi_fake_0547.wav,6.408,0.0,0.0,-2.2492587566375732,-2.2492587566375732,0.0
548,4d52efb85f43252b4fa0af3ad7d8890f17e05c834b40f81b03d9f240ca3117bd7db0c1aa0bbdfc8844a852050c37a5d8911082669f388a4572d8971f41ed26e3,1,hindi_griffinlim_eval_final/real_hindi/hindi_real_0548.wav,5.796,64.0,356.0,2.2445435523986816,2.6000962257385254,0.35555267333984375
548,4d52efb85f43252b4fa0af3ad7d8890f17e05c834b40f81b03d9f240ca3117bd7db0c1aa0bbdfc8844a852050c37a5d8911082669f388a4572d8971f41ed26e3,0,hindi_griffinlim_eval_final/fake_hindi_griffinlim/hindi_fake_0548.wav,5.796,0.0,0.0,-2.5707950592041016,-2.5707950592041016,0.0
549,32bf5ca000a1d646bb2e636e32c4bd507750c204271ab585b1e9fab7d08103c7e07825bdb376119fdef205be82f6e81766655dd5590cc21ec598b79a5c18e45f,1,hindi_griffinlim_eval_final/real_hindi/hindi_real_0549.wav,4.716,928.0,972.0,0.27518430352211,-5.65622091293335,-5.93140521645546
549,32bf5ca000a1d646bb2e636e32c4bd507750c204271ab585b1e9fab7d08103c7e07825bdb376119fdef205be82f6e81766655dd5590cc21ec598b79a5c18e45f,0,hindi_griffinlim_eval_final/fake_hindi_griffinlim/hindi_fake_0549.wav,4.716,0.0,0.0,4.427279949188232,4.427279949188232,0.0
550,66a88b75ea15aaa9fb4c1df2cbe47bb9c4ab8413fc8ce00c0e57e575c654fb438f8e904a08fd98bcd999bce1172284461b746308609836e75916aa7cf8c2a2d4,1,hindi_griffinlim_eval_final/real_hindi/hindi_real_0550.wav,5.076,0.0,0.0,-1.4926165342330933,-1.4926165342330933,0.0
550,66a88b75ea15aaa9fb4c1df2cbe47bb9c4ab8413fc8ce00c0e57e575c654fb438f8e904a08fd98bcd999bce1172284461b746308609836e75916aa7cf8c2a2d4,0,hindi_griffinlim_eval_final/fake_hindi_griffinlim/hindi_fake_0550.wav,5.076,0.0,0.0,6.455450534820557,6.455450534820557,0.0
551,5910123d516315dfc2a43523d5cbc63444096a4cd38bb8b772155e3c51fb2f1eb673beaa1603de242ad8aa5dafe9d0ebd85a1c02bc6a7ee45e636585932306ae,1,hindi_griffinlim_eval_final/real_hindi/hindi_real_0551.wav,2.88,96.0,0.0,6.278449058532715,5.82305908203125,-0.45538997650146484
551,5910123d516315dfc2a43523d5cbc63444096a4cd38bb8b772155e3c51fb2f1eb673beaa1603de242ad8aa5dafe9d0ebd85a1c02bc6a7ee45e636585932306ae,0,hindi_griffinlim_eval_final/fake_hindi_griffinlim/hindi_fake_0551.wav,2.88,0.0,0.0,7.025418281555176,7.025418281555176,0.0
552,9492b0374bde3e9f6b0f2910f764eb837b8a3c261e9705422378ca4e59d7e977df84518e2169c11a238bf11cbd8477391bc51fdcf9134ad8216402b0cd5c37c6,1,hindi_griffinlim_eval_final/real_hindi/hindi_real_0552.wav,4.32,96.0,1536.0,5.160584449768066,4.6971564292907715,-0.4634280204772949
552,9492b0374bde3e9f6b0f2910f764eb837b8a3c261e9705422378ca4e59d7e977df84518e2169c11a238bf11cbd8477391bc51fdcf9134ad8216402b0cd5c37c6,0,hindi_griffinlim_eval_final/fake_hindi_griffinlim/hindi_fake_0552.wav,4.32,0.0,0.0,-0.2093086689710617,-0.2093086689710617,0.0
553,8525f36954391ad7696abcf66c1383e5409d52980ebd2d7b1063cc48ed81ebd9f8cf3a8c257f079e986893cfa2455e4c832d04863c8fed7db4f4d5951ec34d1b,1,hindi_griffinlim_eval_final/real_hindi/hindi_real_0553.wav,5.688,896.0,408.0,5.020549297332764,-5.040744781494141,-10.061294078826904
553,8525f36954391ad7696abcf66c1383e5409d52980ebd2d7b1063cc48ed81ebd9f8cf3a8c257f079e986893cfa2455e4c832d04863c8fed7db4f4d5951ec34d1b,0,hindi_griffinlim_eval_final/fake_hindi_griffinlim/hindi_fake_0553.wav,5.688,0.0,0.0,2.331197738647461,2.331197738647461,0.0
554,0a073b2441b86a13d80728f1a14413d473c4091d1053a3a53982f2c2698abb2a31f35efaefaad9b678d4cf8b27aecc058d4f664d005474a90b8af287ff58c303,1,hindi_griffinlim_eval_final/real_hindi/hindi_real_0554.wav,4.464,32.0,368.0,3.76410174369812,3.9599814414978027,0.19587969779968262
554,0a073b2441b86a13d80728f1a14413d473c4091d1053a3a53982f2c2698abb2a31f35efaefaad9b678d4cf8b27aecc058d4f664d005474a90b8af287ff58c303,0,hindi_griffinlim_eval_final/fake_hindi_griffinlim/hindi_fake_0554.wav,4.464,0.0,0.0,-0.3096359372138977,-0.3096359372138977,0.0
555,0303022c144407f09d8f97be16ba6f2c41ac249e162b24f7d213f0c8a10c4235a4dbd0f53c4d6bcd674ea939898fa29d241a0c183c8f8b5963f55ea5a5327379,1,hindi_griffinlim_eval_final/real_hindi/hindi_real_0555.wav,4.968,32.0,8.0,5.799981594085693,5.7572736740112305,-0.04270792007446289
555,0303022c144407f09d8f97be16ba6f2c41ac249e162b24f7d213f0c8a10c4235a4dbd0f53c4d6bcd674ea939898fa29d241a0c183c8f8b5963f55ea5a5327379,0,hindi_griffinlim_eval_final/fake_hindi_griffinlim/hindi_fake_0555.wav,4.968,0.0,0.0,1.4622958898544312,1.4622958898544312,0.0
556,f80e8e7256ea5492f4348976b84ada48d5eb23b88fcdf8d91416a71dd893fe5b04b8d3499d1f7b32520a99532ccf8246cf21e077ae08b65d5d16f4edd11601dc,1,hindi_griffinlim_eval_final/real_hindi/hindi_real_0556.wav,4.968,480.0,968.0,-0.49879586696624756,-0.8692431449890137,-0.3704472780227661
556,f80e8e7256ea5492f4348976b84ada48d5eb23b88fcdf8d91416a71dd893fe5b04b8d3499d1f7b32520a99532ccf8246cf21e077ae08b65d5d16f4edd11601dc,0,hindi_griffinlim_eval_final/fake_hindi_griffinlim/hindi_fake_0556.wav,4.968,0.0,0.0,6.810849189758301,6.810849189758301,0.0
557,2312b0d85bd1eb1a017264abf770df086e10cec218cf1ab48b90f9d7f621d8ae8372b07338224060fcac6cfb337fcfcb6966c160942f9fcec4c67e7f5df44520,1,hindi_griffinlim_eval_final/real_hindi/hindi_real_0557.wav,6.156,0.0,0.0,-3.9603848457336426,-3.9603848457336426,0.0
557,2312b0d85bd1eb1a017264abf770df086e10cec218cf1ab48b90f9d7f621d8ae8372b07338224060fcac6cfb337fcfcb6966c160942f9fcec4c67e7f5df44520,0,hindi_griffinlim_eval_final/fake_hindi_griffinlim/hindi_fake_0557.wav,6.144,0.0,0.0,-5.0768046379089355,-5.0768046379089355,0.0
558,a77463c4923319faa0aa9e316c75a0c0b8b57506ca68d5ae159872b937710f58e5559c8f319e0d9b23c3c80f7bff29a739634859ac38c3cb38e1f278cc7d4b97,1,hindi_griffinlim_eval_final/real_hindi/hindi_real_0558.wav,6.012,288.0,188.0,-0.8627119660377502,-4.682836532592773,-3.820124566555023
558,a77463c4923319faa0aa9e316c75a0c0b8b57506ca68d5ae159872b937710f58e5559c8f319e0d9b23c3c80f7bff29a739634859ac38c3cb38e1f278cc7d4b97,0,hindi_griffinlim_eval_final/fake_hindi_griffinlim/hindi_fake_0558.wav,6.012,0.0,0.0,6.036359786987305,6.036359786987305,0.0
559,c88824395561074e0eb0ebc1280d4866dbc29f01c026899e205a1db558ba1be8d683a10dc5e1f8117571ea0794f699ebe359e833d714ad66942a429a2112a5a6,1,hindi_griffinlim_eval_final/real_hindi/hindi_real_0559.wav,5.616,224.0,144.0,5.779338836669922,5.713466644287109,-0.0658721923828125
559,c88824395561074e0eb0ebc1280d4866dbc29f01c026899e205a1db558ba1be8d683a10dc5e1f8117571ea0794f699ebe359e833d714ad66942a429a2112a5a6,0,hindi_griffinlim_eval_final/fake_hindi_griffinlim/hindi_fake_0559.wav,5.616,0.0,0.0,6.729111194610596,6.729111194610596,0.0
560,d002200225d5b38de9dd8b95e9fb77c24724f8a56ee0b31f6ee2260b5636a1e23c0fadcae1156f88b703128798bd749901930f35e839ea2a2bb2bcb8afe5cc74,1,hindi_griffinlim_eval_final/real_hindi/hindi_real_0560.wav,6.12,832.0,488.0,3.295123338699341,-5.601544380187988,-8.896667718887329
560,d002200225d5b38de9dd8b95e9fb77c24724f8a56ee0b31f6ee2260b5636a1e23c0fadcae1156f88b703128798bd749901930f35e839ea2a2bb2bcb8afe5cc74,0,hindi_griffinlim_eval_final/fake_hindi_griffinlim/hindi_fake_0560.wav,6.12,0.0,0.0,-4.854639530181885,-4.854639530181885,0.0
561,f46c93c748a0c35594f074957a1b3ee72c090d5d18df96adad96f0ce2b54206b31c17b71d8553a83b3e053869270a1823fdc46be2f35cb0fd9f65d05cf8c568e,1,hindi_griffinlim_eval_final/real_hindi/hindi_real_0561.wav,3.528,32.0,456.0,1.7827520370483398,-0.004992622882127762,-1.7877446599304676
561,f46c93c748a0c35594f074957a1b3ee72c090d5d18df96adad96f0ce2b54206b31c17b71d8553a83b3e053869270a1823fdc46be2f35cb0fd9f65d05cf8c568e,0,hindi_griffinlim_eval_final/fake_hindi_griffinlim/hindi_fake_0561.wav,3.528,0.0,0.0,-0.41349345445632935,-0.41349345445632935,0.0
562,d002200225d5b38de9dd8b95e9fb77c24724f8a56ee0b31f6ee2260b5636a1e23c0fadcae1156f88b703128798bd749901930f35e839ea2a2bb2bcb8afe5cc74,1,hindi_griffinlim_eval_final/real_hindi/hindi_real_0562.wav,6.516,224.0,500.0,-2.2579259872436523,-5.207655906677246,-2.9497299194335938
562,d002200225d5b38de9dd8b95e9fb77c24724f8a56ee0b31f6ee2260b5636a1e23c0fadcae1156f88b703128798bd749901930f35e839ea2a2bb2bcb8afe5cc74,0,hindi_griffinlim_eval_final/fake_hindi_griffinlim/hindi_fake_0562.wav,6.516,0.0,0.0,-5.594993591308594,-5.594993591308594,0.0
563,1963c5f396b43a02ea6a7cf2cacaafb042bfe53209c711d2325e2e4cfd7185370746e463b5ceb83f9ac807e048b8891b494db95e3bd7eccfbef896877eea9bbc,1,hindi_griffinlim_eval_final/real_hindi/hindi_real_0563.wav,2.916,992.0,868.0,1.7819677591323853,-5.783166885375977,-7.565134644508362
563,1963c5f396b43a02ea6a7cf2cacaafb042bfe53209c711d2325e2e4cfd7185370746e463b5ceb83f9ac807e048b8891b494db95e3bd7eccfbef896877eea9bbc,0,hindi_griffinlim_eval_final/fake_hindi_griffinlim/hindi_fake_0563.wav,2.916,0.0,0.0,3.2558817863464355,3.2558817863464355,0.0
564,806c8f1750366fd789fd41da89a86157e07cc51bb8aae5e3e963abd25d659afa282b2d5d1ae80d08eb78bcbf88984ac5b1c10bb62f2582cdaa48774594e5b746,1,hindi_griffinlim_eval_final/real_hindi/hindi_real_0564.wav,6.408,32.0,392.0,5.0679216384887695,5.200592994689941,0.13267135620117188
564,806c8f1750366fd789fd41da89a86157e07cc51bb8aae5e3e963abd25d659afa282b2d5d1ae80d08eb78bcbf88984ac5b1c10bb62f2582cdaa48774594e5b746,0,hindi_griffinlim_eval_final/fake_hindi_griffinlim/hindi_fake_0564.wav,6.408,0.0,0.0,-0.4204848110675812,-0.4204848110675812,0.0
565,cea40007071ea914e41633e74d05142fd1f5f8f49c154534816017cf89ce625657c804fe479fe87c08854ecd847697d6ca0fb6bcf424006c307f65430c34785e,1,hindi_griffinlim_eval_final/real_hindi/hindi_real_0565.wav,5.364,480.0,1396.0,2.58957839012146,-2.5519118309020996,-5.14149022102356
565,cea40007071ea914e41633e74d05142fd1f5f8f49c154534816017cf89ce625657c804fe479fe87c08854ecd847697d6ca0fb6bcf424006c307f65430c34785e,0,hindi_griffinlim_eval_final/fake_hindi_griffinlim/hindi_fake_0565.wav,5.364,0.0,0.0,0.5121111273765564,0.5121111273765564,0.0
566,7326fd44da6109c89ec276b95f98ffd39047d49d7e1536130289a11dbfa602021daf12361b10c901a36586a3b2506e03697a0e6c20142cb527e312e04ac11aff,1,hindi_griffinlim_eval_final/real_hindi/hindi_real_0566.wav,4.68,64.0,40.0,3.114875078201294,2.6058950424194336,-0.5089800357818604
566,7326fd44da6109c89ec276b95f98ffd39047d49d7e1536130289a11dbfa602021daf12361b10c901a36586a3b2506e03697a0e6c20142cb527e312e04ac11aff,0,hindi_griffinlim_eval_final/fake_hindi_griffinlim/hindi_fake_0566.wav,4.68,0.0,0.0,4.058438301086426,4.058438301086426,0.0
567,55facf37cfec7564d08860906bdb688d9e2c45d7ac50a054dcc66778b3b1a10a9489051097f6fe9232742597187752dc71f4f0432aa771771721c259ff4324c7,1,hindi_griffinlim_eval_final/real_hindi/hindi_real_0567.wav,5.4,672.0,664.0,-0.3204891085624695,-5.747250080108643,-5.426760971546173
567,55facf37cfec7564d08860906bdb688d9e2c45d7ac50a054dcc66778b3b1a10a9489051097f6fe9232742597187752dc71f4f0432aa771771721c259ff4324c7,0,hindi_griffinlim_eval_final/fake_hindi_griffinlim/hindi_fake_0567.wav,5.4,0.0,0.0,-5.395517349243164,-5.395517349243164,0.0
568,b9e669f9010e60c988c15c6c357649706d91c33219725e9a2b12fe7903fa536fc8b34a51ea158f2ba92027617b4944a2514cfa7beb4249f26b23754403940006,1,hindi_griffinlim_eval_final/real_hindi/hindi_real_0568.wav,5.688,800.0,504.0,-1.2316933870315552,-6.053335189819336,-4.821641802787781
568,b9e669f9010e60c988c15c6c357649706d91c33219725e9a2b12fe7903fa536fc8b34a51ea158f2ba92027617b4944a2514cfa7beb4249f26b23754403940006,0,hindi_griffinlim_eval_final/fake_hindi_griffinlim/hindi_fake_0568.wav,5.68,800.0,464.0,-4.365439414978027,-6.03591775894165,-1.670478343963623
569,34e28668a9c620bcc5172c529794512391e8e08541348c8a084034b7d2648cd193246c3828994fdfb3422d558dfd427518de5b346849457179d617c215efd45e,1,hindi_griffinlim_eval_final/real_hindi/hindi_real_0569.wav,3.168,928.0,704.0,5.777677536010742,-2.8627665042877197,-8.640444040298462
569,34e28668a9c620bcc5172c529794512391e8e08541348c8a084034b7d2648cd193246c3828994fdfb3422d558dfd427518de5b346849457179d617c215efd45e,0,hindi_griffinlim_eval_final/fake_hindi_griffinlim/hindi_fake_0569.wav,3.168,0.0,0.0,5.862884521484375,5.862884521484375,0.0
570,0663aeb40f5d5ea46610cac3ca0183f2193b429770c84b516efe7d199b8b110944005539d986613fdc9d6532694f43c3a8e4dfc9de8ae7bfbc8b57b412ef71dd,1,hindi_griffinlim_eval_final/real_hindi/hindi_real_0570.wav,7.056,64.0,720.0,-0.6870423555374146,-0.5027238130569458,0.18431854248046875
570,0663aeb40f5d5ea46610cac3ca0183f2193b429770c84b516efe7d199b8b110944005539d986613fdc9d6532694f43c3a8e4dfc9de8ae7bfbc8b57b412ef71dd,0,hindi_griffinlim_eval_final/fake_hindi_griffinlim/hindi_fake_0570.wav,7.056,0.0,0.0,-2.7957634925842285,-2.7957634925842285,0.0
571,8c19c5b99c8b1ac2264eb9486484732c9d5ec2f0bcc679213d2b2d740efeec83673995013ff2ad72008fa9176ea0eedf32ea29d6b09e71426ac03b6026cff906,1,hindi_griffinlim_eval_final/real_hindi/hindi_real_0571.wav,4.968,0.0,1128.0,4.388829708099365,4.453580379486084,0.06475067138671875
571,8c19c5b99c8b1ac2264eb9486484732c9d5ec2f0bcc679213d2b2d740efeec83673995013ff2ad72008fa9176ea0eedf32ea29d6b09e71426ac03b6026cff906,0,hindi_griffinlim_eval_final/fake_hindi_griffinlim/hindi_fake_0571.wav,4.968,0.0,0.0,-1.4885129928588867,-1.4885129928588867,0.0
572,621e009fa43e75aecd867db6acd010a1a280b1faeb916e3a5e1a0bf8346fd32406c7ac120765bc592bf0484fcc239c756ead9625c64f9c6b3e9210bdf698995c,1,hindi_griffinlim_eval_final/real_hindi/hindi_real_0572.wav,5.4,256.0,504.0,5.214108467102051,1.0061419010162354,-4.207966566085815
572,621e009fa43e75aecd867db6acd010a1a280b1faeb916e3a5e1a0bf8346fd32406c7ac120765bc592bf0484fcc239c756ead9625c64f9c6b3e9210bdf698995c,0,hindi_griffinlim_eval_final/fake_hindi_griffinlim/hindi_fake_0572.wav,5.4,0.0,0.0,-0.6363307237625122,-0.6363307237625122,0.0
573,ec293248c910c28091014fec13d47bb69cc84f0b265ad0536d7e39390f3de510ab879fa3c23797defe85d8c846a4e148c971e28da6a90a647a9bc37eb03362bc,1,hindi_griffinlim_eval_final/real_hindi/hindi_real_0573.wav,4.176,224.0,752.0,6.028759956359863,5.370995998382568,-0.6577639579772949
573,ec293248c910c28091014fec13d47bb69cc84f0b265ad0536d7e39390f3de510ab879fa3c23797defe85d8c846a4e148c971e28da6a90a647a9bc37eb03362bc,0,hindi_griffinlim_eval_final/fake_hindi_griffinlim/hindi_fake_0573.wav,4.176,0.0,0.0,-0.4844815731048584,-0.4844815731048584,0.0
574,c88824395561074e0eb0ebc1280d4866dbc29f01c026899e205a1db558ba1be8d683a10dc5e1f8117571ea0794f699ebe359e833d714ad66942a429a2112a5a6,1,hindi_griffinlim_eval_final/real_hindi/hindi_real_0574.wav,4.284,224.0,0.0,5.859016418457031,5.9226813316345215,0.06366491317749023
574,c88824395561074e0eb0ebc1280d4866dbc29f01c026899e205a1db558ba1be8d683a10dc5e1f8117571ea0794f699ebe359e833d714ad66942a429a2112a5a6,0,hindi_griffinlim_eval_final/fake_hindi_griffinlim/hindi_fake_0574.wav,4.284,0.0,0.0,6.743612289428711,6.743612289428711,0.0
575,cb191bbd6bef46c81c9d5a49421a071897ee938b184fb94525d71950769ff71a8e4c5380bac3087cf73f11082371a95a9e76e594ba58d9520d5892e39d9d167e,1,hindi_griffinlim_eval_final/real_hindi/hindi_real_0575.wav,4.248,0.0,856.0,3.43037748336792,3.273632526397705,-0.15674495697021484
575,cb191bbd6bef46c81c9d5a49421a071897ee938b184fb94525d71950769ff71a8e4c5380bac3087cf73f11082371a95a9e76e594ba58d9520d5892e39d9d167e,0,hindi_griffinlim_eval_final/fake_hindi_griffinlim/hindi_fake_0575.wav,4.248,0.0,0.0,-3.2237744331359863,-3.2237744331359863,0.0
576,169afd68fa12674be328762c77fff1783f807dfc52a7f9b0ec599d77f5fb9bd8998ec8f9fea575f4bee8d86d2ea242a97ee6de9da1bf191f541113fd3c432206,1,hindi_griffinlim_eval_final/real_hindi/hindi_real_0576.wav,4.32,768.0,1088.0,1.425855040550232,-5.13481330871582,-6.560668349266052
576,169afd68fa12674be328762c77fff1783f807dfc52a7f9b0ec599d77f5fb9bd8998ec8f9fea575f4bee8d86d2ea242a97ee6de9da1bf191f541113fd3c432206,0,hindi_griffinlim_eval_final/fake_hindi_griffinlim/hindi_fake_0576.wav,4.32,0.0,0.0,-4.508204460144043,-4.508204460144043,0.0
577,0663aeb40f5d5ea46610cac3ca0183f2193b429770c84b516efe7d199b8b110944005539d986613fdc9d6532694f43c3a8e4dfc9de8ae7bfbc8b57b412ef71dd,1,hindi_griffinlim_eval_final/real_hindi/hindi_real_0577.wav,5.04,416.0,0.0,0.27546918392181396,-0.37413740158081055,-0.6496065855026245
577,0663aeb40f5d5ea46610cac3ca0183f2193b429770c84b516efe7d199b8b110944005539d986613fdc9d6532694f43c3a8e4dfc9de8ae7bfbc8b57b412ef71dd,0,hindi_griffinlim_eval_final/fake_hindi_griffinlim/hindi_fake_0577.wav,5.04,0.0,0.0,-0.7643750905990601,-0.7643750905990601,0.0
578,b3a9d00791dae63b944756627fdb96c21c53f4d69beef3a56780607d83e56d0a6faf52d5d704c925bb323f8b2c9a168a87c2cd94fcc3d3abf6b034c9e7f5cd77,1,hindi_griffinlim_eval_final/real_hindi/hindi_real_0578.wav,3.144,128.0,296.0,6.158760070800781,5.8740973472595215,-0.28466272354125977
578,b3a9d00791dae63b944756627fdb96c21c53f4d69beef3a56780607d83e56d0a6faf52d5d704c925bb323f8b2c9a168a87c2cd94fcc3d3abf6b034c9e7f5cd77,0,hindi_griffinlim_eval_final/fake_hindi_griffinlim/hindi_fake_0578.wav,3.144,0.0,0.0,-0.6498523950576782,-0.6498523950576782,0.0
579,aabd80b27714da5c6b5d4592a6f29f161db3cb06672ab14afb56eaf550ac0be0c14536ba5df7358621f018a4bc767c8c8477eaa4746830cf31ec4cdbcc2193fc,1,hindi_griffinlim_eval_final/real_hindi/hindi_real_0579.wav,6.3,160.0,380.0,-5.830048084259033,-5.849607944488525,-0.019559860229492188
579,aabd80b27714da5c6b5d4592a6f29f161db3cb06672ab14afb56eaf550ac0be0c14536ba5df7358621f018a4bc767c8c8477eaa4746830cf31ec4cdbcc2193fc,0,hindi_griffinlim_eval_final/fake_hindi_griffinlim/hindi_fake_0579.wav,6.3,0.0,0.0,6.376440048217773,6.376440048217773,0.0
580,f446689d92087b875d07eaa1d98e4b7e07ec4f8651762d73d8e0ecbae21be60e60a3b7356828d24a8c9071f872f21361ca196ae017820a2908412966f0a59df2,1,hindi_griffinlim_eval_final/real_hindi/hindi_real_0580.wav,5.508,1024.0,740.0,3.90632700920105,-3.334685802459717,-7.241012811660767
580,f446689d92087b875d07eaa1d98e4b7e07ec4f8651762d73d8e0ecbae21be60e60a3b7356828d24a8c9071f872f21361ca196ae017820a2908412966f0a59df2,0,hindi_griffinlim_eval_final/fake_hindi_griffinlim/hindi_fake_0580.wav,5.508,0.0,0.0,6.457100868225098,6.457100868225098,0.0
581,2b0295a46df33cca7111334e28048e4ca8856ac39e51ceba5d127c2defec2c84aa3dbbe0b2cd9a0057a3710d4ca5936186ac62306a21dbc4f493acb9486d1452,1,hindi_griffinlim_eval_final/real_hindi/hindi_real_0581.wav,5.796,64.0,772.0,4.445035457611084,4.510611534118652,0.06557607650756836
581,2b0295a46df33cca7111334e28048e4ca8856ac39e51ceba5d127c2defec2c84aa3dbbe0b2cd9a0057a3710d4ca5936186ac62306a21dbc4f493acb9486d1452,0,hindi_griffinlim_eval_final/fake_hindi_griffinlim/hindi_fake_0581.wav,5.796,0.0,0.0,-0.7339608073234558,-0.7339608073234558,0.0
582,93f71918fbe69cad830cb49211cb10c9344e04ceca427ea39db38c8b5f5f200a4706f0a12646585364ff3b44f3bb75784005797e3e3259fd9579fa985955b3ac,1,hindi_griffinlim_eval_final/real_hindi/hindi_real_0582.wav,4.572,32.0,0.0,0.3739986717700958,1.2380743026733398,0.864075630903244
582,93f71918fbe69cad830cb49211cb10c9344e04ceca427ea39db38c8b5f5f200a4706f0a12646585364ff3b44f3bb75784005797e3e3259fd9579fa985955b3ac,0,hindi_griffinlim_eval_final/fake_hindi_griffinlim/hindi_fake_0582.wav,4.572,0.0,0.0,-4.41873836517334,-4.41873836517334,0.0
583,ffb5eeb570d2ef310e46742868405151da6adb390253787708f24b730c59c01b34656465701e80b1157e9b0f9421b9a06a454f56e2a3a4bdfbf5c6c64addad11,1,hindi_griffinlim_eval_final/real_hindi/hindi_real_0583.wav,6.66,160.0,388.0,1.6002131700515747,0.0402953065931797,-1.559917863458395
583,ffb5eeb570d2ef310e46742868405151da6adb390253787708f24b730c59c01b34656465701e80b1157e9b0f9421b9a06a454f56e2a3a4bdfbf5c6c64addad11,0,hindi_griffinlim_eval_final/fake_hindi_griffinlim/hindi_fake_0583.wav,6.66,0.0,0.0,-1.8369144201278687,-1.8369144201278687,0.0
584,6ebad08c5960e5ac3ec20197f173828d6da580b660c01794cdd4270089cdd590b3d512277ba38e372e860e7e9e9d9621fbeec2edd3ab07dcfe713a646c246543,1,hindi_griffinlim_eval_final/real_hindi/hindi_real_0584.wav,3.6,704.0,688.0,5.16496467590332,-4.083789825439453,-9.248754501342773
584,6ebad08c5960e5ac3ec20197f173828d6da580b660c01794cdd4270089cdd590b3d512277ba38e372e860e7e9e9d9621fbeec2edd3ab07dcfe713a646c246543,0,hindi_griffinlim_eval_final/fake_hindi_griffinlim/hindi_fake_0584.wav,3.6,0.0,0.0,-0.9521007537841797,-0.9521007537841797,0.0
585,184190f8f53136c0e77cb1939a81bd7b91a650163a3cce9cb2af1f732be6a0165a7ec72a286eddf11fc4a60b82602efed4ecdd9ad5d030501c7fd2930d062b64,1,hindi_griffinlim_eval_final/real_hindi/hindi_real_0585.wav,6.156,32.0,524.0,-1.0565495491027832,-1.1160982847213745,-0.05954873561859131
585,184190f8f53136c0e77cb1939a81bd7b91a650163a3cce9cb2af1f732be6a0165a7ec72a286eddf11fc4a60b82602efed4ecdd9ad5d030501c7fd2930d062b64,0,hindi_griffinlim_eval_final/fake_hindi_griffinlim/hindi_fake_0585.wav,6.156,0.0,0.0,-3.014819860458374,-3.014819860458374,0.0
586,be10029504aaa30796d27938620d08189f19a31701c9f552f60c99eff87dddfbf804efc53af08d2670685aeaeeb295c9f3326c85b8127b0ad0d1232f03bc1781,1,hindi_griffinlim_eval_final/real_hindi/hindi_real_0586.wav,4.068,0.0,804.0,3.8546547889709473,-2.0775933265686035,-5.932248115539551
586,be10029504aaa30796d27938620d08189f19a31701c9f552f60c99eff87dddfbf804efc53af08d2670685aeaeeb295c9f3326c85b8127b0ad0d1232f03bc1781,0,hindi_griffinlim_eval_final/fake_hindi_griffinlim/hindi_fake_0586.wav,4.068,0.0,0.0,-3.426408290863037,-3.426408290863037,0.0
587,dbe55388d2e8bae8e64412f527e29fa3691a1c13adcaa6b80313b3e475d2df28d0428a6151d9cd42018d943718c830d69a80c5bf8a6a88200e4c6ba36ad6a748,1,hindi_griffinlim_eval_final/real_hindi/hindi_real_0587.wav,4.176,0.0,368.0,2.8835859298706055,1.9930247068405151,-0.8905612230300903
587,dbe55388d2e8bae8e64412f527e29fa3691a1c13adcaa6b80313b3e475d2df28d0428a6151d9cd42018d943718c830d69a80c5bf8a6a88200e4c6ba36ad6a748,0,hindi_griffinlim_eval_final/fake_hindi_griffinlim/hindi_fake_0587.wav,4.176,0.0,0.0,3.6815943717956543,3.6815943717956543,0.0
588,e0a36ee267ea8131975092e3f0b285cc85c2ecf0e47fa58a4f81eea8ef911bc2e939a2fe85859b96f77623060400a6ad1157350fd138ac8523288698254e8c4e,1,hindi_griffinlim_eval_final/real_hindi/hindi_real_0588.wav,4.608,32.0,64.0,-0.2443711906671524,0.316040575504303,0.5604117661714554
588,e0a36ee267ea8131975092e3f0b285cc85c2ecf0e47fa58a4f81eea8ef911bc2e939a2fe85859b96f77623060400a6ad1157350fd138ac8523288698254e8c4e,0,hindi_griffinlim_eval_final/fake_hindi_griffinlim/hindi_fake_0588.wav,4.608,0.0,0.0,-0.30565309524536133,-0.30565309524536133,0.0
589,ff8d1bfdc7d8be2fd275f506691f3ba70d9d60666488ab551bcbb76c3fe93c7cfaa703f465f40b60131807d73913eb37830221336b6803114df015fb7caed36e,1,hindi_griffinlim_eval_final/real_hindi/hindi_real_0589.wav,3.456,64.0,0.0,-5.0423054695129395,-3.986750602722168,1.0555548667907715
589,ff8d1bfdc7d8be2fd275f506691f3ba70d9d60666488ab551bcbb76c3fe93c7cfaa703f465f40b60131807d73913eb37830221336b6803114df015fb7caed36e,0,hindi_griffinlim_eval_final/fake_hindi_griffinlim/hindi_fake_0589.wav,3.456,0.0,0.0,6.850071430206299,6.850071430206299,0.0
590,0d095340640de1eed083de79682cd69d43729d60e08c0a6819dd49b8f15d143165cd66c8061dffa3ce372d4356c10e0bc5cc1a3a224cbe7e1cfeca4c5cfb413d,1,hindi_griffinlim_eval_final/real_hindi/hindi_real_0590.wav,4.608,384.0,672.0,-1.8126047849655151,-5.409583568572998,-3.596978783607483
590,0d095340640de1eed083de79682cd69d43729d60e08c0a6819dd49b8f15d143165cd66c8061dffa3ce372d4356c10e0bc5cc1a3a224cbe7e1cfeca4c5cfb413d,0,hindi_griffinlim_eval_final/fake_hindi_griffinlim/hindi_fake_0590.wav,4.608,0.0,0.0,4.941175937652588,4.941175937652588,0.0
591,d24af5ee15190d3fc14dfc4ee3c75c75fe66fb537d4c7cf94e0e7d489ba442240b112a68a9dcd921ed48aaf17649bacd187e913bf4f22c1471cdc0fd263e9aa7,1,hindi_griffinlim_eval_final/real_hindi/hindi_real_0591.wav,6.876,512.0,668.0,4.3960280418396,0.1818370670080185,-4.214190974831581
591,d24af5ee15190d3fc14dfc4ee3c75c75fe66fb537d4c7cf94e0e7d489ba442240b112a68a9dcd921ed48aaf17649bacd187e913bf4f22c1471cdc0fd263e9aa7,0,hindi_griffinlim_eval_final/fake_hindi_griffinlim/hindi_fake_0591.wav,6.864,512.0,656.0,2.732858419418335,-1.7142797708511353,-4.44713819026947
592,8a05ca02926d437b43ff4cc21925621fc16dbeaf8e35977e8c6f5da4d29494951203f52e20050d365fe263f76336e15d23cf8d1f0c0514c9fd900f7d92b108a1,1,hindi_griffinlim_eval_final/real_hindi/hindi_real_0592.wav,5.796,928.0,900.0,5.586174488067627,-2.092102289199829,-7.678276777267456
592,8a05ca02926d437b43ff4cc21925621fc16dbeaf8e35977e8c6f5da4d29494951203f52e20050d365fe263f76336e15d23cf8d1f0c0514c9fd900f7d92b108a1,0,hindi_griffinlim_eval_final/fake_hindi_griffinlim/hindi_fake_0592.wav,5.796,0.0,0.0,-0.8036914467811584,-0.8036914467811584,0.0
593,60b2daa4cda30b5320834f3c2d21ea1841b52ccd7bf7ed4689f3ff27ca59c3323707c95e9a17bea4082356c576bbc3f17a00106134240f3632529b329fc1e62a,1,hindi_griffinlim_eval_final/real_hindi/hindi_real_0593.wav,3.78,32.0,68.0,4.866934776306152,5.033178806304932,0.1662440299987793
593,60b2daa4cda30b5320834f3c2d21ea1841b52ccd7bf7ed4689f3ff27ca59c3323707c95e9a17bea4082356c576bbc3f17a00106134240f3632529b329fc1e62a,0,hindi_griffinlim_eval_final/fake_hindi_griffinlim/hindi_fake_0593.wav,3.78,0.0,0.0,-0.4634796380996704,-0.4634796380996704,0.0
594,bbf090e6e283e4e37184a2e8d18c4e8b316a072a5565f942ab1fe209609ce93499859b1bc6b7111be2f33203c2746e5c37c57a3fcff52e9a7f38780d6fc39a26,1,hindi_griffinlim_eval_final/real_hindi/hindi_real_0594.wav,6.228,416.0,756.0,2.0456106662750244,-5.096891403198242,-7.142502069473267
594,bbf090e6e283e4e37184a2e8d18c4e8b316a072a5565f942ab1fe209609ce93499859b1bc6b7111be2f33203c2746e5c37c57a3fcff52e9a7f38780d6fc39a26,0,hindi_griffinlim_eval_final/fake_hindi_griffinlim/hindi_fake_0594.wav,6.228,0.0,0.0,-0.9260565638542175,-0.9260565638542175,0.0
595,e2de24c9d3a10973bd81a43c7e81d2b7747c4395b5c28a66daed073de149a6e5d8cc3da3877c75c105e7ffa814d8ad54ef34008e39a9bbab1df11bbc31bfd2fb,1,hindi_griffinlim_eval_final/real_hindi/hindi_real_0595.wav,5.4,32.0,664.0,-1.767194390296936,-1.0908523797988892,0.6763420104980469
595,e2de24c9d3a10973bd81a43c7e81d2b7747c4395b5c28a66daed073de149a6e5d8cc3da3877c75c105e7ffa814d8ad54ef34008e39a9bbab1df11bbc31bfd2fb,0,hindi_griffinlim_eval_final/fake_hindi_griffinlim/hindi_fake_0595.wav,5.392,32.0,656.0,-4.780699729919434,-4.103237152099609,0.6774625778198242
596,95340b846e677ea27571958308bb11e2403ec2e4464bba7c97372d324e628a906f6be086595117707361a5dd7b41295d64031b6b2a5f2e50f6dc0a1841fd7fa2,1,hindi_griffinlim_eval_final/real_hindi/hindi_real_0596.wav,6.876,832.0,124.0,5.781715393066406,2.8432934284210205,-2.9384219646453857
596,95340b846e677ea27571958308bb11e2403ec2e4464bba7c97372d324e628a906f6be086595117707361a5dd7b41295d64031b6b2a5f2e50f6dc0a1841fd7fa2,0,hindi_griffinlim_eval_final/fake_hindi_griffinlim/hindi_fake_0596.wav,6.876,0.0,0.0,6.936822891235352,6.936822891235352,0.0
597,51ac71db84d066b7c2fe1dd940f0e75602010e8a2c0a23df2b47108a43c6df09aea35278f729be243a1d02576df693c13705cc367b391889be00e5a572b08fb5,1,hindi_griffinlim_eval_final/real_hindi/hindi_real_0597.wav,7.056,32.0,16.0,-4.980857849121094,-5.116700172424316,-0.13584232330322266
597,51ac71db84d066b7c2fe1dd940f0e75602010e8a2c0a23df2b47108a43c6df09aea35278f729be243a1d02576df693c13705cc367b391889be00e5a572b08fb5,0,hindi_griffinlim_eval_final/fake_hindi_griffinlim/hindi_fake_0597.wav,7.056,0.0,0.0,-2.900211811065674,-2.900211811065674,0.0
598,634801e3e952aa1af7c19ab36d4ccdba5839f1b3ee5333455fba7edbf6dac42828d7e77c4b4eb6f9830708b06d85de7d9532dbd890f6067da9241172fa0722b8,1,hindi_griffinlim_eval_final/real_hindi/hindi_real_0598.wav,6.948,480.0,388.0,2.995948553085327,-0.22065244615077972,-3.216600999236107
598,634801e3e952aa1af7c19ab36d4ccdba5839f1b3ee5333455fba7edbf6dac42828d7e77c4b4eb6f9830708b06d85de7d9532dbd890f6067da9241172fa0722b8,0,hindi_griffinlim_eval_final/fake_hindi_griffinlim/hindi_fake_0598.wav,6.948,0.0,0.0,6.846370220184326,6.846370220184326,0.0
599,389842e0cd33cfb9876ef3d2f0e50eb0d9842d3a72efb647244e2cab4f456609c2fe3c3584b5307808cc70d8a9f6cbc18617ef2eadf45ed518b03c0dee8dfd87,1,hindi_griffinlim_eval_final/real_hindi/hindi_real_0599.wav,5.184,1632.0,864.0,4.789539337158203,-5.410708904266357,-10.20024824142456
599,389842e0cd33cfb9876ef3d2f0e50eb0d9842d3a72efb647244e2cab4f456609c2fe3c3584b5307808cc70d8a9f6cbc18617ef2eadf45ed518b03c0dee8dfd87,0,hindi_griffinlim_eval_final/fake_hindi_griffinlim/hindi_fake_0599.wav,5.184,0.0,0.0,-5.113458633422852,-5.113458633422852,0.0
600,ca96256894b92e0525b6f8bf5bac013efa869bfe9b8ec767a84d2e0b6f9f3108886cad7b3c9e622cc74ce7c803c4f9d96080e182713805211464db35f0adb51e,1,hindi_griffinlim_eval_final/real_hindi/hindi_real_0600.wav,5.22,1088.0,772.0,4.972661018371582,-3.639288902282715,-8.611949920654297
600,ca96256894b92e0525b6f8bf5bac013efa869bfe9b8ec767a84d2e0b6f9f3108886cad7b3c9e622cc74ce7c803c4f9d96080e182713805211464db35f0adb51e,0,hindi_griffinlim_eval_final/fake_hindi_griffinlim/hindi_fake_0600.wav,5.216,1088.0,768.0,2.719486713409424,-5.261754989624023,-7.981241703033447
601,ca6156fb12800e3b3fc41f9907777531141ebf8f445b70901bc7137ffd0e5516c2229f3c8c695423887299cdfe5b9160cea313d614a4ba540d5ff4102dda821e,1,hindi_griffinlim_eval_final/real_hindi/hindi_real_0601.wav,4.68,352.0,200.0,2.8328611850738525,1.5229973793029785,-1.309863805770874
601,ca6156fb12800e3b3fc41f9907777531141ebf8f445b70901bc7137ffd0e5516c2229f3c8c695423887299cdfe5b9160cea313d614a4ba540d5ff4102dda821e,0,hindi_griffinlim_eval_final/fake_hindi_griffinlim/hindi_fake_0601.wav,4.68,0.0,0.0,-1.0447238683700562,-1.0447238683700562,0.0
602,a34b3f5fa057f54bc74179593acc5d316145622c5ece92f2e9b2d74a2de7fa87ed863a9061955f68625d580b33faa23dcd31f9c5a6f9c1e1dd8790a4ba671f57,1,hindi_griffinlim_eval_final/real_hindi/hindi_real_0602.wav,4.176,768.0,1104.0,4.454746723175049,-3.6214940547943115,-8.07624077796936
602,a34b3f5fa057f54bc74179593acc5d316145622c5ece92f2e9b2d74a2de7fa87ed863a9061955f68625d580b33faa23dcd31f9c5a6f9c1e1dd8790a4ba671f57,0,hindi_griffinlim_eval_final/fake_hindi_griffinlim/hindi_fake_0602.wav,4.176,0.0,0.0,-4.539579391479492,-4.539579391479492,0.0
603,2fab289aa06c3d3ed662c848272fccd54cfe903fbc7895c797a394c8ac5314a6dcbd94b498eb6af96d006c568ea2a0d523ca6b0212684ed46408338da97c2b0b,1,hindi_griffinlim_eval_final/real_hindi/hindi_real_0603.wav,5.652,352.0,52.0,5.413694858551025,5.180485248565674,-0.23320960998535156
603,2fab289aa06c3d3ed662c848272fccd54cfe903fbc7895c797a394c8ac5314a6dcbd94b498eb6af96d006c568ea2a0d523ca6b0212684ed46408338da97c2b0b,0,hindi_griffinlim_eval_final/fake_hindi_griffinlim/hindi_fake_0603.wav,5.652,0.0,0.0,-3.5761947631835938,-3.5761947631835938,0.0
604,80ffb7f21aebcd96b01f5098bdf0f377f31fa297c2c30290be3dcd6a69b87e7570cd2e9ce41edb96038e485ce70cf75436dba4a0c7925bb36a68db134979c585,1,hindi_griffinlim_eval_final/real_hindi/hindi_real_0604.wav,6.588,32.0,0.0,-4.961310386657715,-4.9005279541015625,0.060782432556152344
604,80ffb7f21aebcd96b01f5098bdf0f377f31fa297c2c30290be3dcd6a69b87e7570cd2e9ce41edb96038e485ce70cf75436dba4a0c7925bb36a68db134979c585,0,hindi_griffinlim_eval_final/fake_hindi_griffinlim/hindi_fake_0604.wav,6.588,0.0,0.0,-5.553799629211426,-5.553799629211426,0.0
605,ea8ef3168cd29cf3bb33c603fc49336a1b58747fac2bdd17b4f6d59f24ed30a903a1b574e5d276035f8c3141478664e8f36c46a55fb6637e08b183a0969615a0,1,hindi_griffinlim_eval_final/real_hindi/hindi_real_0605.wav,4.896,352.0,480.0,2.835991382598877,0.5306980609893799,-2.305293321609497
605,ea8ef3168cd29cf3bb33c603fc49336a1b58747fac2bdd17b4f6d59f24ed30a903a1b574e5d276035f8c3141478664e8f36c46a55fb6637e08b183a0969615a0,0,hindi_griffinlim_eval_final/fake_hindi_griffinlim/hindi_fake_0605.wav,4.896,0.0,0.0,-5.432456016540527,-5.432456016540527,0.0
606,df520ae6630f89c5941ffecf315f19953bdca51d6b7beb825aacd71405cc44f29ad01463f8b079cb10faf201b544d74dfd136f3353babacd39f80623d2c64bb7,1,hindi_griffinlim_eval_final/real_hindi/hindi_real_0606.wav,3.78,640.0,420.0,4.426671028137207,-4.051938056945801,-8.478609085083008
606,df520ae6630f89c5941ffecf315f19953bdca51d6b7beb825aacd71405cc44f29ad01463f8b079cb10faf201b544d74dfd136f3353babacd39f80623d2c64bb7,0,hindi_griffinlim_eval_final/fake_hindi_griffinlim/hindi_fake_0606.wav,3.78,0.0,0.0,-4.160658359527588,-4.160658359527588,0.0
607,b4069adc243cc7836a2bf30d44984b772c144f867bb92b4226209bcdc0783ee26b25bf51d2c4e42b8af14bfe3d183fb5aed4fd783bddc50d124f0970cce3dcd8,1,hindi_griffinlim_eval_final/real_hindi/hindi_real_0607.wav,5.148,896.0,732.0,5.256601333618164,-4.277902126312256,-9.53450345993042
607,b4069adc243cc7836a2bf30d44984b772c144f867bb92b4226209bcdc0783ee26b25bf51d2c4e42b8af14bfe3d183fb5aed4fd783bddc50d124f0970cce3dcd8,0,hindi_griffinlim_eval_final/fake_hindi_griffinlim/hindi_fake_0607.wav,5.148,0.0,0.0,-2.631868362426758,-2.631868362426758,0.0
608,a3c9eb18e51d74ec5fbf9ca9ca1d5edf24c691d0f685ef2ffc8689d107710a300eec2172a79cc039b119ebc451ab794cb8519ce2d3c37209c7f24649089a7fc2,1,hindi_griffinlim_eval_final/real_hindi/hindi_real_0608.wav,5.652,64.0,2676.0,5.182470321655273,4.136290073394775,-1.046180248260498
608,a3c9eb18e51d74ec5fbf9ca9ca1d5edf24c691d0f685ef2ffc8689d107710a300eec2172a79cc039b119ebc451ab794cb8519ce2d3c37209c7f24649089a7fc2,0,hindi_griffinlim_eval_final/fake_hindi_griffinlim/hindi_fake_0608.wav,5.652,0.0,0.0,2.6356306076049805,2.6356306076049805,0.0
609,bbf090e6e283e4e37184a2e8d18c4e8b316a072a5565f942ab1fe209609ce93499859b1bc6b7111be2f33203c2746e5c37c57a3fcff52e9a7f38780d6fc39a26,1,hindi_griffinlim_eval_final/real_hindi/hindi_real_0609.wav,5.688,256.0,824.0,-1.5512784719467163,-5.371758460998535,-3.820479989051819
609,bbf090e6e283e4e37184a2e8d18c4e8b316a072a5565f942ab1fe209609ce93499859b1bc6b7111be2f33203c2746e5c37c57a3fcff52e9a7f38780d6fc39a26,0,hindi_griffinlim_eval_final/fake_hindi_griffinlim/hindi_fake_0609.wav,5.688,0.0,0.0,-1.3578451871871948,-1.3578451871871948,0.0
610,0a073b2441b86a13d80728f1a14413d473c4091d1053a3a53982f2c2698abb2a31f35efaefaad9b678d4cf8b27aecc058d4f664d005474a90b8af287ff58c303,1,hindi_griffinlim_eval_final/real_hindi/hindi_real_0610.wav,5.376,0.0,704.0,3.8110756874084473,3.8110756874084473,0.0
610,0a073b2441b86a13d80728f1a14413d473c4091d1053a3a53982f2c2698abb2a31f35efaefaad9b678d4cf8b27aecc058d4f664d005474a90b8af287ff58c303,0,hindi_griffinlim_eval_final/fake_hindi_griffinlim/hindi_fake_0610.wav,5.376,0.0,0.0,-3.1047251224517822,-3.1047251224517822,0.0
611,9a862e8c754a334f2c39963b8da67e4e6e46ef2889e6ac772bb3e3847c4e1586e46be4d21adf569a90009925022013d8900d5ec065a6eaf767a5f0c3f1317f6d,1,hindi_griffinlim_eval_final/real_hindi/hindi_real_0611.wav,3.456,512.0,192.0,-1.7095706462860107,-5.839804649353027,-4.130234003067017
611,9a862e8c754a334f2c39963b8da67e4e6e46ef2889e6ac772bb3e3847c4e1586e46be4d21adf569a90009925022013d8900d5ec065a6eaf767a5f0c3f1317f6d,0,hindi_griffinlim_eval_final/fake_hindi_griffinlim/hindi_fake_0611.wav,3.456,0.0,0.0,-5.9436492919921875,-5.9436492919921875,0.0
612,552fd8cf90f15edcaf7388b1164d58d7eae5f20674dc780b9efb9d43c80af1ccbdef88d0ddfb76038b9614eda2b556cbb4fa8a46ca54ad7dcc43d9298b63f1eb,1,hindi_griffinlim_eval_final/real_hindi/hindi_real_0612.wav,5.868,128.0,556.0,5.08975887298584,4.651124477386475,-0.43863439559936523
612,552fd8cf90f15edcaf7388b1164d58d7eae5f20674dc780b9efb9d43c80af1ccbdef88d0ddfb76038b9614eda2b556cbb4fa8a46ca54ad7dcc43d9298b63f1eb,0,hindi_griffinlim_eval_final/fake_hindi_griffinlim/hindi_fake_0612.wav,5.868,0.0,0.0,5.483432769775391,5.483432769775391,0.0
613,aa9327f862e22c8a7e7c1cc05e596b019cb19e79329dfd7495112ab3dafda315d4ab663885cb951c63be27858c37f1aa245b0907d689b37ee4db113148053cc6,1,hindi_griffinlim_eval_final/real_hindi/hindi_real_0613.wav,3.492,160.0,0.0,3.6569089889526367,5.144068241119385,1.487159252166748
613,aa9327f862e22c8a7e7c1cc05e596b019cb19e79329dfd7495112ab3dafda315d4ab663885cb951c63be27858c37f1aa245b0907d689b37ee4db113148053cc6,0,hindi_griffinlim_eval_final/fake_hindi_griffinlim/hindi_fake_0613.wav,3.492,0.0,0.0,-1.092840552330017,-1.092840552330017,0.0
614,2b0295a46df33cca7111334e28048e4ca8856ac39e51ceba5d127c2defec2c84aa3dbbe0b2cd9a0057a3710d4ca5936186ac62306a21dbc4f493acb9486d1452,1,hindi_griffinlim_eval_final/real_hindi/hindi_real_0614.wav,6.336,928.0,864.0,4.776636123657227,-3.426166534423828,-8.202802658081055
614,2b0295a46df33cca7111334e28048e4ca8856ac39e51ceba5d127c2defec2c84aa3dbbe0b2cd9a0057a3710d4ca5936186ac62306a21dbc4f493acb9486d1452,0,hindi_griffinlim_eval_final/fake_hindi_griffinlim/hindi_fake_0614.wav,6.336,0.0,0.0,-1.7676669359207153,-1.7676669359207153,0.0
615,38a6ab913e27c72c3f28f3d2da65caa00933288bfaaa24633ad7168676bf34a4bdf59bba015f1be078031901c2a05ed997cd106fc7bb6ffe0cead3f59ca77415,1,hindi_griffinlim_eval_final/real_hindi/hindi_real_0615.wav,4.464,352.0,0.0,5.111361026763916,-0.7274744510650635,-5.8388354778289795
615,38a6ab913e27c72c3f28f3d2da65caa00933288bfaaa24633ad7168676bf34a4bdf59bba015f1be078031901c2a05ed997cd106fc7bb6ffe0cead3f59ca77415,0,hindi_griffinlim_eval_final/fake_hindi_griffinlim/hindi_fake_0615.wav,4.464,0.0,0.0,5.511334419250488,5.511334419250488,0.0
616,9f2ff0bc50ccd0ab79eed640359ccb9c1016d458fcfda044203f727fd8063bca505d1f650c0a66a096c753381ca88026043ab86554e6f9229362771eb98cebad,1,hindi_griffinlim_eval_final/real_hindi/hindi_real_0616.wav,5.148,2176.0,1276.0,4.900572299957275,-3.983126640319824,-8.8836989402771
616,9f2ff0bc50ccd0ab79eed640359ccb9c1016d458fcfda044203f727fd8063bca505d1f650c0a66a096c753381ca88026043ab86554e6f9229362771eb98cebad,0,hindi_griffinlim_eval_final/fake_hindi_griffinlim/hindi_fake_0616.wav,5.148,0.0,0.0,4.753450393676758,4.753450393676758,0.0
617,43dc11a5328c78dc9536527d6945245d5b3e371fdeea987ac538a30956eacc649639e2b09c28bf3ee4f4f764475880bb8f68a5cd20ef78800a664b72a86ffe58,1,hindi_griffinlim_eval_final/real_hindi/hindi_real_0617.wav,4.068,576.0,292.0,5.472623825073242,0.40973085165023804,-5.062892973423004
617,43dc11a5328c78dc9536527d6945245d5b3e371fdeea987ac538a30956eacc649639e2b09c28bf3ee4f4f764475880bb8f68a5cd20ef78800a664b72a86ffe58,0,hindi_griffinlim_eval_final/fake_hindi_griffinlim/hindi_fake_0617.wav,4.068,0.0,0.0,-2.8319947719573975,-2.8319947719573975,0.0
618,2fab289aa06c3d3ed662c848272fccd54cfe903fbc7895c797a394c8ac5314a6dcbd94b498eb6af96d006c568ea2a0d523ca6b0212684ed46408338da97c2b0b,1,hindi_griffinlim_eval_final/real_hindi/hindi_real_0618.wav,2.952,384.0,488.0,5.185437202453613,0.6425135731697083,-4.542923629283905
618,2fab289aa06c3d3ed662c848272fccd54cfe903fbc7895c797a394c8ac5314a6dcbd94b498eb6af96d006c568ea2a0d523ca6b0212684ed46408338da97c2b0b,0,hindi_griffinlim_eval_final/fake_hindi_griffinlim/hindi_fake_0618.wav,2.952,0.0,0.0,-1.4475551843643188,-1.4475551843643188,0.0
619,f4276b793d63656aa644af3755eec97ff45d8df43323576969e1722c9b9f099002febe4c6f3a9401ad2a7011623e315d775ae5c19f3901dfc9cb44d20a5c91df,1,hindi_griffinlim_eval_final/real_hindi/hindi_real_0619.wav,3.06,576.0,1364.0,5.029545307159424,-5.423083305358887,-10.45262861251831
619,f4276b793d63656aa644af3755eec97ff45d8df43323576969e1722c9b9f099002febe4c6f3a9401ad2a7011623e315d775ae5c19f3901dfc9cb44d20a5c91df,0,hindi_griffinlim_eval_final/fake_hindi_griffinlim/hindi_fake_0619.wav,3.06,0.0,0.0,-1.155436396598816,-1.155436396598816,0.0
620,c1edd0ef566e809ba01bf1a3011df6cd0fbf6a1675ba8002e671dd7b16588ea30ff434c78aaae27b190d16c6d7bd32bdd4a6b1ca631c0b3f819e807b3cdef585,1,hindi_griffinlim_eval_final/real_hindi/hindi_real_0620.wav,3.276,0.0,0.0,2.7733635902404785,2.7733635902404785,0.0
620,c1edd0ef566e809ba01bf1a3011df6cd0fbf6a1675ba8002e671dd7b16588ea30ff434c78aaae27b190d16c6d7bd32bdd4a6b1ca631c0b3f819e807b3cdef585,0,hindi_griffinlim_eval_final/fake_hindi_griffinlim/hindi_fake_0620.wav,3.276,0.0,0.0,6.715899467468262,6.715899467468262,0.0
621,6f3cdaef649635685d3a90ee62bab981848e6ed6f25f28b9b43c2f3d4ac51b4e42a36ead3b4b83add1e9bd60f0c66f05ecfe7c7c5154b6345a1c2f1c85b32fa8,1,hindi_griffinlim_eval_final/real_hindi/hindi_real_0621.wav,7.488,0.0,480.0,-0.6729087829589844,-0.6729087829589844,0.0
621,6f3cdaef649635685d3a90ee62bab981848e6ed6f25f28b9b43c2f3d4ac51b4e42a36ead3b4b83add1e9bd60f0c66f05ecfe7c7c5154b6345a1c2f1c85b32fa8,0,hindi_griffinlim_eval_final/fake_hindi_griffinlim/hindi_fake_0621.wav,7.488,0.0,0.0,-4.69732666015625,-4.69732666015625,0.0
622,ca6156fb12800e3b3fc41f9907777531141ebf8f445b70901bc7137ffd0e5516c2229f3c8c695423887299cdfe5b9160cea313d614a4ba540d5ff4102dda821e,1,hindi_griffinlim_eval_final/real_hindi/hindi_real_0622.wav,7.848,896.0,1192.0,4.6519880294799805,-4.32456111907959,-8.97654914855957
622,ca6156fb12800e3b3fc41f9907777531141ebf8f445b70901bc7137ffd0e5516c2229f3c8c695423887299cdfe5b9160cea313d614a4ba540d5ff4102dda821e,0,hindi_griffinlim_eval_final/fake_hindi_griffinlim/hindi_fake_0622.wav,7.84,896.0,1184.0,-0.9039664268493652,-5.857790470123291,-4.953824043273926
623,b5368a2dff773c397ef5c49e62c79de17d88d95d2079d13c22dfd061e40dd1528406716bf6158aee618664f8bd5cd01289e1e410afda482364672472b003fd9b,1,hindi_griffinlim_eval_final/real_hindi/hindi_real_0623.wav,5.652,0.0,0.0,-4.476021766662598,-4.476021766662598,0.0
623,b5368a2dff773c397ef5c49e62c79de17d88d95d2079d13c22dfd061e40dd1528406716bf6158aee618664f8bd5cd01289e1e410afda482364672472b003fd9b,0,hindi_griffinlim_eval_final/fake_hindi_griffinlim/hindi_fake_0623.wav,5.652,0.0,0.0,-0.4997371435165405,-0.4997371435165405,0.0
624,29bcb273adde2fc3bc2e4595307cca55f7a2164b643bd634a478297488389dd87132dba219b5a51a5b42b59a42fe5eef68ff2cd098bb675cf680befd442613d5,1,hindi_griffinlim_eval_final/real_hindi/hindi_real_0624.wav,4.428,1344.0,1292.0,6.0723466873168945,-4.37446403503418,-10.446810722351074
624,29bcb273adde2fc3bc2e4595307cca55f7a2164b643bd634a478297488389dd87132dba219b5a51a5b42b59a42fe5eef68ff2cd098bb675cf680befd442613d5,0,hindi_griffinlim_eval_final/fake_hindi_griffinlim/hindi_fake_0624.wav,4.428,0.0,0.0,2.6775121688842773,2.6775121688842773,0.0
625,63293ff4cc67280b10da2df2fd2763db65ca8493af191e121605b45457373b9d2f7d073324125f2ec4d3d5aa138903f3532048b49083306757421a463dcad13b,1,hindi_griffinlim_eval_final/real_hindi/hindi_real_0625.wav,4.356,992.0,1604.0,5.547886848449707,-4.769744873046875,-10.317631721496582
625,63293ff4cc67280b10da2df2fd2763db65ca8493af191e121605b45457373b9d2f7d073324125f2ec4d3d5aa138903f3532048b49083306757421a463dcad13b,0,hindi_griffinlim_eval_final/fake_hindi_griffinlim/hindi_fake_0625.wav,4.356,0.0,0.0,-0.4049302935600281,-0.4049302935600281,0.0
626,f8c05fcdb50a537ce73d8e72c60b569d19a31b8e0792bf6ea46d66c769fb708c0087e260a59f3e48f8272304ee14cb57fecdf53a2873f5d72ca5a3378a149caa,1,hindi_griffinlim_eval_final/real_hindi/hindi_real_0626.wav,5.304,96.0,0.0,-4.258527755737305,-5.211763381958008,-0.9532356262207031
626,f8c05fcdb50a537ce73d8e72c60b569d19a31b8e0792bf6ea46d66c769fb708c0087e260a59f3e48f8272304ee14cb57fecdf53a2873f5d72ca5a3378a149caa,0,hindi_griffinlim_eval_final/fake_hindi_griffinlim/hindi_fake_0626.wav,5.304,0.0,0.0,-5.612215042114258,-5.612215042114258,0.0
627,f1b62e5d3473776b945ef79fbad0a46a621fb136b143d7aeb75a7cb854ebe0807524eee04fe8d83b3311152dad97e341e18ed5b8981b3cf322fec4e0700894bb,1,hindi_griffinlim_eval_final/real_hindi/hindi_real_0627.wav,4.296,96.0,8.0,3.414536237716675,3.7598016262054443,0.34526538848876953
627,f1b62e5d3473776b945ef79fbad0a46a621fb136b143d7aeb75a7cb854ebe0807524eee04fe8d83b3311152dad97e341e18ed5b8981b3cf322fec4e0700894bb,0,hindi_griffinlim_eval_final/fake_hindi_griffinlim/hindi_fake_0627.wav,4.288,96.0,0.0,2.244241714477539,2.754624843597412,0.510383129119873
628,9be22651e8bee8e72a3187d9a27f0e9ed24c178b528062b4ae5d6a2a32dbb8c6001f6d3f15d60270fefa422a2c58426a2c915931d43266eb48a2d15836111a95,1,hindi_griffinlim_eval_final/real_hindi/hindi_real_0628.wav,7.308,704.0,684.0,1.6989636421203613,-0.3223309814929962,-2.0212946236133575
628,9be22651e8bee8e72a3187d9a27f0e9ed24c178b528062b4ae5d6a2a32dbb8c6001f6d3f15d60270fefa422a2c58426a2c915931d43266eb48a2d15836111a95,0,hindi_griffinlim_eval_final/fake_hindi_griffinlim/hindi_fake_0628.wav,7.308,0.0,0.0,5.367454528808594,5.367454528808594,0.0
629,4bf6e446d97c11b48f8309ab29d202711dab968676351fc66463ffd24b97d11fb7d34e50a5bc9544e075ad2038996abb9387ae6a627acb911f4b514124a3d3a7,1,hindi_griffinlim_eval_final/real_hindi/hindi_real_0629.wav,4.536,736.0,888.0,5.051206588745117,-2.5259451866149902,-7.577151775360107
629,4bf6e446d97c11b48f8309ab29d202711dab968676351fc66463ffd24b97d11fb7d34e50a5bc9544e075ad2038996abb9387ae6a627acb911f4b514124a3d3a7,0,hindi_griffinlim_eval_final/fake_hindi_griffinlim/hindi_fake_0629.wav,4.536,0.0,0.0,-0.547471821308136,-0.547471821308136,0.0
630,78014d1d0043184446ff0c083c8868966598975e5daebb9725dc92f60fa5c8d06ce1bb84b84760f14d38217866e6bde176419a1bd9e5f166429d74168b3dd926,1,hindi_griffinlim_eval_final/real_hindi/hindi_real_0630.wav,7.056,1120.0,1328.0,3.017934799194336,-5.5466628074646,-8.564597606658936
630,78014d1d0043184446ff0c083c8868966598975e5daebb9725dc92f60fa5c8d06ce1bb84b84760f14d38217866e6bde176419a1bd9e5f166429d74168b3dd926,0,hindi_griffinlim_eval_final/fake_hindi_griffinlim/hindi_fake_0630.wav,7.056,0.0,0.0,-2.2270700931549072,-2.2270700931549072,0.0
631,c127090a8261671f4e68cc31639996579099a014bbd65dc05c580ea8961637ae6978ac28c265bbba5145400258f062bf70f582aac610a13525cacf73579563bd,1,hindi_griffinlim_eval_final/real_hindi/hindi_real_0631.wav,7.128,960.0,472.0,3.2599036693573,-0.8584303855895996,-4.118334054946899
631,c127090a8261671f4e68cc31639996579099a014bbd65dc05c580ea8961637ae6978ac28c265bbba5145400258f062bf70f582aac610a13525cacf73579563bd,0,hindi_griffinlim_eval_final/fake_hindi_griffinlim/hindi_fake_0631.wav,7.128,0.0,0.0,-5.71589469909668,-5.71589469909668,0.0
632,3db6bed8f713bb226c8e1414c97e0da016bf5573c7281dda13149cf951a3bab57698d09a84cbf226aebc5f978c42bbb83ee009e4e787f7674304a0ef235be968,1,hindi_griffinlim_eval_final/real_hindi/hindi_real_0632.wav,6.66,1312.0,1924.0,3.520443916320801,-5.214205741882324,-8.734649658203125
632,3db6bed8f713bb226c8e1414c97e0da016bf5573c7281dda13149cf951a3bab57698d09a84cbf226aebc5f978c42bbb83ee009e4e787f7674304a0ef235be968,0,hindi_griffinlim_eval_final/fake_hindi_griffinlim/hindi_fake_0632.wav,6.656,1312.0,1920.0,1.181174397468567,-5.560603141784668,-6.741777539253235
633,aabd80b27714da5c6b5d4592a6f29f161db3cb06672ab14afb56eaf550ac0be0c14536ba5df7358621f018a4bc767c8c8477eaa4746830cf31ec4cdbcc2193fc,1,hindi_griffinlim_eval_final/real_hindi/hindi_real_0633.wav,6.588,0.0,252.0,-1.7453786134719849,-1.7453786134719849,0.0
633,aabd80b27714da5c6b5d4592a6f29f161db3cb06672ab14afb56eaf550ac0be0c14536ba5df7358621f018a4bc767c8c8477eaa4746830cf31ec4cdbcc2193fc,0,hindi_griffinlim_eval_final/fake_hindi_griffinlim/hindi_fake_0633.wav,6.588,0.0,0.0,4.887169361114502,4.887169361114502,0.0
634,e811478820937736d1074ae0c51bf72791cd1029b63b639e8dd3ab8f6d8ce46e9eed447dd3edfeca171695425e9496970dbbe5f3cb9b07cba7fed66459eff2c3,1,hindi_griffinlim_eval_final/real_hindi/hindi_real_0634.wav,5.796,416.0,836.0,-3.2443528175354004,-5.2544965744018555,-2.010143756866455
634,e811478820937736d1074ae0c51bf72791cd1029b63b639e8dd3ab8f6d8ce46e9eed447dd3edfeca171695425e9496970dbbe5f3cb9b07cba7fed66459eff2c3,0,hindi_griffinlim_eval_final/fake_hindi_griffinlim/hindi_fake_0634.wav,5.796,0.0,0.0,-0.5496747493743896,-0.5496747493743896,0.0
635,f552d4cedc22293c27ab4a86fc3985ecf1bd8fe9e6664f6a835675acf4173fa94bfa392ddccd06a177ae2bf6e412212f42973dec10c26a7cfa02c48ddd7c7978,1,hindi_griffinlim_eval_final/real_hindi/hindi_real_0635.wav,4.068,736.0,1060.0,2.7954020500183105,-5.6686601638793945,-8.464062213897705
635,f552d4cedc22293c27ab4a86fc3985ecf1bd8fe9e6664f6a835675acf4173fa94bfa392ddccd06a177ae2bf6e412212f42973dec10c26a7cfa02c48ddd7c7978,0,hindi_griffinlim_eval_final/fake_hindi_griffinlim/hindi_fake_0635.wav,4.068,0.0,0.0,-0.7112641334533691,-0.7112641334533691,0.0
636,5d11b952e9611a75d83a6b37c9eb61990cda39a280a57ed6b8e1e5169bbf408c23a2618a05bd8ed04bef3258fc84db91cac825708b4163b8053d8301d130370b,1,hindi_griffinlim_eval_final/real_hindi/hindi_real_0636.wav,7.416,1216.0,408.0,4.705239295959473,-3.5202627182006836,-8.225502014160156
636,5d11b952e9611a75d83a6b37c9eb61990cda39a280a57ed6b8e1e5169bbf408c23a2618a05bd8ed04bef3258fc84db91cac825708b4163b8053d8301d130370b,0,hindi_griffinlim_eval_final/fake_hindi_griffinlim/hindi_fake_0636.wav,7.416,0.0,0.0,5.417361736297607,5.417361736297607,0.0
637,f4ee604449f0bccf330b0b3dec1201e20aa4db5a9eac3094d6847aa2304802a101515b61a081228f8507d9f298afe4d275da66279b222ccdcb4d2e7c2eda850e,1,hindi_griffinlim_eval_final/real_hindi/hindi_real_0637.wav,6.552,320.0,0.0,3.840847969055176,4.092124938964844,0.25127696990966797
637,f4ee604449f0bccf330b0b3dec1201e20aa4db5a9eac3094d6847aa2304802a101515b61a081228f8507d9f298afe4d275da66279b222ccdcb4d2e7c2eda850e,0,hindi_griffinlim_eval_final/fake_hindi_griffinlim/hindi_fake_0637.wav,6.552,0.0,0.0,0.5740320682525635,0.5740320682525635,0.0
638,7570a71e8291317409ff389bd743ae3946da5a2b9540b1d3be2b8e42560a8338f8ced7349b801dee318d981a4d51d1fe60ece80dc66222d056395f1476a1df67,1,hindi_griffinlim_eval_final/real_hindi/hindi_real_0638.wav,5.256,960.0,1352.0,-2.4617767333984375,-5.862065315246582,-3.4002885818481445
638,7570a71e8291317409ff389bd743ae3946da5a2b9540b1d3be2b8e42560a8338f8ced7349b801dee318d981a4d51d1fe60ece80dc66222d056395f1476a1df67,0,hindi_griffinlim_eval_final/fake_hindi_griffinlim/hindi_fake_0638.wav,5.256,0.0,0.0,-3.4043092727661133,-3.4043092727661133,0.0
639,ea8ef3168cd29cf3bb33c603fc49336a1b58747fac2bdd17b4f6d59f24ed30a903a1b574e5d276035f8c3141478664e8f36c46a55fb6637e08b183a0969615a0,1,hindi_griffinlim_eval_final/real_hindi/hindi_real_0639.wav,2.808,32.0,312.0,3.0270628929138184,1.2005234956741333,-1.826539397239685
639,ea8ef3168cd29cf3bb33c603fc49336a1b58747fac2bdd17b4f6d59f24ed30a903a1b574e5d276035f8c3141478664e8f36c46a55fb6637e08b183a0969615a0,0,hindi_griffinlim_eval_final/fake_hindi_griffinlim/hindi_fake_0639.wav,2.808,0.0,0.0,-4.691827297210693,-4.691827297210693,0.0
640,0d2120fd5389d89f197e877a642aeb305bd4d8a9820d642a3ca7e83fe64ca61a0a8b15a37958f3629aa855408d3eabc56d2521ff9a06db24bd0c95320f66efab,1,hindi_griffinlim_eval_final/real_hindi/hindi_real_0640.wav,6.948,32.0,2404.0,0.7229980230331421,1.1867895126342773,0.46379148960113525
640,0d2120fd5389d89f197e877a642aeb305bd4d8a9820d642a3ca7e83fe64ca61a0a8b15a37958f3629aa855408d3eabc56d2521ff9a06db24bd0c95320f66efab,0,hindi_griffinlim_eval_final/fake_hindi_griffinlim/hindi_fake_0640.wav,6.948,0.0,0.0,-2.177842140197754,-2.177842140197754,0.0
641,4165462ba3028c7e25d5ff7abf7e81fe2d31ab129cfa039232a6753837447e299445e86cc1a94db3a8957d1cf55c3a1aaa96b297a0c75a814bc1a2df686daae8,1,hindi_griffinlim_eval_final/real_hindi/hindi_real_0641.wav,7.128,384.0,792.0,4.344705581665039,3.237767457962036,-1.106938123703003
641,4165462ba3028c7e25d5ff7abf7e81fe2d31ab129cfa039232a6753837447e299445e86cc1a94db3a8957d1cf55c3a1aaa96b297a0c75a814bc1a2df686daae8,0,hindi_griffinlim_eval_final/fake_hindi_griffinlim/hindi_fake_0641.wav,7.128,0.0,0.0,-1.5539320707321167,-1.5539320707321167,0.0
642,16c775b5ac1a75459692a8e2c553ec084df96439cf53c5129ce1e5c20a9a04d3ed23204cf582fe74c9dc12a473fb3072139ea313cee5ce51c0d17acf8cd16333,1,hindi_griffinlim_eval_final/real_hindi/hindi_real_0642.wav,4.68,64.0,552.0,2.430042266845703,2.9240517616271973,0.49400949478149414
642,16c775b5ac1a75459692a8e2c553ec084df96439cf53c5129ce1e5c20a9a04d3ed23204cf582fe74c9dc12a473fb3072139ea313cee5ce51c0d17acf8cd16333,0,hindi_griffinlim_eval_final/fake_hindi_griffinlim/hindi_fake_0642.wav,4.68,0.0,0.0,-0.2724764943122864,-0.2724764943122864,0.0
643,7645441bdc18d3b030505861df550d84664b9a9931552e1efeafab2fc218b84b74173a02073f3ab449dfd6be412293b9bfbe39fc0b97793fff0f586d8212ca0d,1,hindi_griffinlim_eval_final/real_hindi/hindi_real_0643.wav,5.436,320.0,0.0,1.0712758302688599,-0.9200515151023865,-1.9913273453712463
643,7645441bdc18d3b030505861df550d84664b9a9931552e1efeafab2fc218b84b74173a02073f3ab449dfd6be412293b9bfbe39fc0b97793fff0f586d8212ca0d,0,hindi_griffinlim_eval_final/fake_hindi_griffinlim/hindi_fake_0643.wav,5.424,288.0,0.0,-0.6649966239929199,-2.157986879348755,-1.492990255355835
644,e0b0d9bee4bc7b503aa80e3cc2b981cba7d2cd3493201182fda6cfaf6bd0f3c06ed4dece1470c13e0a96e60f29ff7be6ceb53724edc3973a8e5594a8b8f2fb13,1,hindi_griffinlim_eval_final/real_hindi/hindi_real_0644.wav,6.696,704.0,808.0,1.705236792564392,-4.86638879776001,-6.571625590324402
644,e0b0d9bee4bc7b503aa80e3cc2b981cba7d2cd3493201182fda6cfaf6bd0f3c06ed4dece1470c13e0a96e60f29ff7be6ceb53724edc3973a8e5594a8b8f2fb13,0,hindi_griffinlim_eval_final/fake_hindi_griffinlim/hindi_fake_0644.wav,6.696,0.0,0.0,-0.20552031695842743,-0.20552031695842743,0.0
645,66a86ae3d3f3eb48e5bad97a370e6813f967d7744dc410051a5092e6bbd0da658ea468af2518aef0db5231c7bd0ed0034baa278b9bd688d6e2dc295d9692ecb8,1,hindi_griffinlim_eval_final/real_hindi/hindi_real_0645.wav,7.056,64.0,0.0,4.104352951049805,3.8268356323242188,-0.27751731872558594
645,66a86ae3d3f3eb48e5bad97a370e6813f967d7744dc410051a5092e6bbd0da658ea468af2518aef0db5231c7bd0ed0034baa278b9bd688d6e2dc295d9692ecb8,0,hindi_griffinlim_eval_final/fake_hindi_griffinlim/hindi_fake_0645.wav,7.056,0.0,0.0,6.829224586486816,6.829224586486816,0.0
646,02a40eed38bf20ab1ddca1a5c60f5b2cadd5455be21c7a1ab8e87d65a6fec68495c0d24d8fecdfe3f9d132fdfa842dba33dca093df21b19f3d325519779d13d0,1,hindi_griffinlim_eval_final/real_hindi/hindi_real_0646.wav,5.436,0.0,0.0,4.544875144958496,4.544875144958496,0.0
646,02a40eed38bf20ab1ddca1a5c60f5b2cadd5455be21c7a1ab8e87d65a6fec68495c0d24d8fecdfe3f9d132fdfa842dba33dca093df21b19f3d325519779d13d0,0,hindi_griffinlim_eval_final/fake_hindi_griffinlim/hindi_fake_0646.wav,5.436,0.0,0.0,-0.5103466510772705,-0.5103466510772705,0.0
647,0175f4388a3ca66faae78ea57819f8aab986d188f874dde198e28b64248291dde8f43a6912b9de4854f9862a8f832961da3e9194bec9ebef96b1c9b66d956422,1,hindi_griffinlim_eval_final/real_hindi/hindi_real_0647.wav,5.508,288.0,388.0,4.88019323348999,0.8302627205848694,-4.049930512905121
647,0175f4388a3ca66faae78ea57819f8aab986d188f874dde198e28b64248291dde8f43a6912b9de4854f9862a8f832961da3e9194bec9ebef96b1c9b66d956422,0,hindi_griffinlim_eval_final/fake_hindi_griffinlim/hindi_fake_0647.wav,5.508,0.0,0.0,-0.44764819741249084,-0.44764819741249084,0.0
648,f4276b793d63656aa644af3755eec97ff45d8df43323576969e1722c9b9f099002febe4c6f3a9401ad2a7011623e315d775ae5c19f3901dfc9cb44d20a5c91df,1,hindi_griffinlim_eval_final/real_hindi/hindi_real_0648.wav,6.336,864.0,1024.0,4.573133945465088,-0.7072102427482605,-5.280344188213348
648,f4276b793d63656aa644af3755eec97ff45d8df43323576969e1722c9b9f099002febe4c6f3a9401ad2a7011623e315d775ae5c19f3901dfc9cb44d20a5c91df,0,hindi_griffinlim_eval_final/fake_hindi_griffinlim/hindi_fake_0648.wav,6.336,0.0,0.0,-0.9766191244125366,-0.9766191244125366,0.0
649,a77463c4923319faa0aa9e316c75a0c0b8b57506ca68d5ae159872b937710f58e5559c8f319e0d9b23c3c80f7bff29a739634859ac38c3cb38e1f278cc7d4b97,1,hindi_griffinlim_eval_final/real_hindi/hindi_real_0649.wav,4.176,768.0,592.0,4.856473445892334,-4.385639190673828,-9.242112636566162
649,a77463c4923319faa0aa9e316c75a0c0b8b57506ca68d5ae159872b937710f58e5559c8f319e0d9b23c3c80f7bff29a739634859ac38c3cb38e1f278cc7d4b97,0,hindi_griffinlim_eval_final/fake_hindi_griffinlim/hindi_fake_0649.wav,4.176,0.0,0.0,-0.21955756843090057,-0.21955756843090057,0.0
650,4c946f553c704abd727b3818b1d22dba011a368043575278b58ae219f71cb8914e6cac82abe55d7da17f49bea4cceb3b96c17355a6f5b078c19a947defb9061c,1,hindi_griffinlim_eval_final/real_hindi/hindi_real_0650.wav,5.472,384.0,672.0,3.8761982917785645,-2.3582353591918945,-6.234433650970459
650,4c946f553c704abd727b3818b1d22dba011a368043575278b58ae219f71cb8914e6cac82abe55d7da17f49bea4cceb3b96c17355a6f5b078c19a947defb9061c,0,hindi_griffinlim_eval_final/fake_hindi_griffinlim/hindi_fake_0650.wav,5.472,0.0,0.0,-5.403159141540527,-5.403159141540527,0.0
651,2de3db24e998f00d734a8da3c51f592d40cdff55dfae3f290f4b0ef2e1acb63313eba952692afa76afcc1912d4c5fbd103d7bc838757a2bd55293827e758500e,1,hindi_griffinlim_eval_final/real_hindi/hindi_real_0651.wav,4.788,1376.0,564.0,4.632774353027344,-4.361175537109375,-8.993949890136719
651,2de3db24e998f00d734a8da3c51f592d40cdff55dfae3f290f4b0ef2e1acb63313eba952692afa76afcc1912d4c5fbd103d7bc838757a2bd55293827e758500e,0,hindi_griffinlim_eval_final/fake_hindi_griffinlim/hindi_fake_0651.wav,4.788,0.0,0.0,1.27635657787323,1.27635657787323,0.0
652,ef72dad515c406393c07ffac9b57e6cd1e83073c82a001d49ea19a30fd9976d0d50d4c5cffcfdbec8ea222c152695775d85c227194f2e56516531e1c8e76ff70,1,hindi_griffinlim_eval_final/real_hindi/hindi_real_0652.wav,4.056,864.0,1048.0,5.387935161590576,-4.789058208465576,-10.176993370056152
652,ef72dad515c406393c07ffac9b57e6cd1e83073c82a001d49ea19a30fd9976d0d50d4c5cffcfdbec8ea222c152695775d85c227194f2e56516531e1c8e76ff70,0,hindi_griffinlim_eval_final/fake_hindi_griffinlim/hindi_fake_0652.wav,4.056,0.0,0.0,-0.41187286376953125,-0.41187286376953125,0.0
653,68cb270e1215efd79204c075fb9df17b4ea024a7c09f74970ea4e506e73229238b2c3b3fc62c0f650e4fbd93cfbdd109b4442bcd5292c50b81cf80146568bf42,1,hindi_griffinlim_eval_final/real_hindi/hindi_real_0653.wav,7.992,1344.0,824.0,5.528297424316406,-2.276219367980957,-7.804516792297363
653,68cb270e1215efd79204c075fb9df17b4ea024a7c09f74970ea4e506e73229238b2c3b3fc62c0f650e4fbd93cfbdd109b4442bcd5292c50b81cf80146568bf42,0,hindi_griffinlim_eval_final/fake_hindi_griffinlim/hindi_fake_0653.wav,7.992,0.0,0.0,-0.09515909850597382,-0.09515909850597382,0.0
654,1605878cdc4bdeab0724827abc448ec019fcc59763e097294754173714e955fe80a28c12eed4a39a58f442138b886e755cd644efb115aa2599c6e50a20e63a74,1,hindi_griffinlim_eval_final/real_hindi/hindi_real_0654.wav,3.888,992.0,688.0,5.461678504943848,2.172893762588501,-3.2887847423553467
654,1605878cdc4bdeab0724827abc448ec019fcc59763e097294754173714e955fe80a28c12eed4a39a58f442138b886e755cd644efb115aa2599c6e50a20e63a74,0,hindi_griffinlim_eval_final/fake_hindi_griffinlim/hindi_fake_0654.wav,3.888,0.0,0.0,-1.9511908292770386,-1.9511908292770386,0.0
655,b69e010df6113e5d308dc62955e0f00639179e3f7074a50ff065d102adab88d624810f4c5bb6e59977dd65ba69bdff66ff08dc72ff47bd0dbd8dace3e3c392d7,1,hindi_griffinlim_eval_final/real_hindi/hindi_real_0655.wav,5.688,224.0,1144.0,5.28537654876709,4.499240875244141,-0.7861356735229492
655,b69e010df6113e5d308dc62955e0f00639179e3f7074a50ff065d102adab88d624810f4c5bb6e59977dd65ba69bdff66ff08dc72ff47bd0dbd8dace3e3c392d7,0,hindi_griffinlim_eval_final/fake_hindi_griffinlim/hindi_fake_0655.wav,5.688,0.0,0.0,6.201223373413086,6.201223373413086,0.0
656,cea40007071ea914e41633e74d05142fd1f5f8f49c154534816017cf89ce625657c804fe479fe87c08854ecd847697d6ca0fb6bcf424006c307f65430c34785e,1,hindi_griffinlim_eval_final/real_hindi/hindi_real_0656.wav,4.572,64.0,1084.0,5.369719982147217,5.431361198425293,0.06164121627807617
656,cea40007071ea914e41633e74d05142fd1f5f8f49c154534816017cf89ce625657c804fe479fe87c08854ecd847697d6ca0fb6bcf424006c307f65430c34785e,0,hindi_griffinlim_eval_final/fake_hindi_griffinlim/hindi_fake_0656.wav,4.572,0.0,0.0,4.426495552062988,4.426495552062988,0.0
657,b5368a2dff773c397ef5c49e62c79de17d88d95d2079d13c22dfd061e40dd1528406716bf6158aee618664f8bd5cd01289e1e410afda482364672472b003fd9b,1,hindi_griffinlim_eval_final/real_hindi/hindi_real_0657.wav,6.3,864.0,732.0,2.9594368934631348,-4.301616668701172,-7.261053562164307
657,b5368a2dff773c397ef5c49e62c79de17d88d95d2079d13c22dfd061e40dd1528406716bf6158aee618664f8bd5cd01289e1e410afda482364672472b003fd9b,0,hindi_griffinlim_eval_final/fake_hindi_griffinlim/hindi_fake_0657.wav,6.3,0.0,0.0,3.080760955810547,3.080760955810547,0.0
658,95cc33ae73783f08510cc8b475a3f7da1144f0cdbfbe42446afc4e8942bf842722a12076a164393f2c52e0db9026e5f129a90feb451956b70f7366a89e026f1c,1,hindi_griffinlim_eval_final/real_hindi/hindi_real_0658.wav,6.408,64.0,0.0,1.635684847831726,1.2918617725372314,-0.34382307529449463
658,95cc33ae73783f08510cc8b475a3f7da1144f0cdbfbe42446afc4e8942bf842722a12076a164393f2c52e0db9026e5f129a90feb451956b70f7366a89e026f1c,0,hindi_griffinlim_eval_final/fake_hindi_griffinlim/hindi_fake_0658.wav,6.408,0.0,0.0,7.0116729736328125,7.0116729736328125,0.0
659,0d095340640de1eed083de79682cd69d43729d60e08c0a6819dd49b8f15d143165cd66c8061dffa3ce372d4356c10e0bc5cc1a3a224cbe7e1cfeca4c5cfb413d,1,hindi_griffinlim_eval_final/real_hindi/hindi_real_0659.wav,7.056,32.0,0.0,-5.831806182861328,-5.862323760986328,-0.030517578125
659,0d095340640de1eed083de79682cd69d43729d60e08c0a6819dd49b8f15d143165cd66c8061dffa3ce372d4356c10e0bc5cc1a3a224cbe7e1cfeca4c5cfb413d,0,hindi_griffinlim_eval_final/fake_hindi_griffinlim/hindi_fake_0659.wav,7.056,0.0,0.0,1.128341555595398,1.128341555595398,0.0
660,ea8f8541a19f474c4246d33005ad2c365f8b82b7a9b214bc39bd7b0ea6469e6d17fc574bce867f5fa60612c98df61735b7e95bf0d9c731a290e4c4bd515098bb,1,hindi_griffinlim_eval_final/real_hindi/hindi_real_0660.wav,3.06,608.0,820.0,6.116613388061523,-4.060932159423828,-10.177545547485352
660,ea8f8541a19f474c4246d33005ad2c365f8b82b7a9b214bc39bd7b0ea6469e6d17fc574bce867f5fa60612c98df61735b7e95bf0d9c731a290e4c4bd515098bb,0,hindi_griffinlim_eval_final/fake_hindi_griffinlim/hindi_fake_0660.wav,3.06,0.0,0.0,-0.12754641473293304,-0.12754641473293304,0.0
661,68b08c34ed8b5919c7565855d192c459a11812d7fdaaebf088cb6579ae585983139315774bcb13db7e2a5d51f8c236ea2f485e182c91e2edd75609091f07d48c,1,hindi_griffinlim_eval_final/real_hindi/hindi_real_0661.wav,4.86,0.0,540.0,-2.4375438690185547,-2.4375438690185547,0.0
661,68b08c34ed8b5919c7565855d192c459a11812d7fdaaebf088cb6579ae585983139315774bcb13db7e2a5d51f8c236ea2f485e182c91e2edd75609091f07d48c,0,hindi_griffinlim_eval_final/fake_hindi_griffinlim/hindi_fake_0661.wav,4.86,0.0,0.0,-1.1041351556777954,-1.1041351556777954,0.0
662,3512a2ce63a4044e19713803ad92889a443d1d6fe4e83bd00833b842957b10139899aa75c48d47ecd6d7e02112c2f7d3dbf5e752d40bfb9bffe073a8983b56b9,1,hindi_griffinlim_eval_final/real_hindi/hindi_real_0662.wav,6.408,672.0,936.0,3.654376983642578,-3.010967493057251,-6.665344476699829
662,3512a2ce63a4044e19713803ad92889a443d1d6fe4e83bd00833b842957b10139899aa75c48d47ecd6d7e02112c2f7d3dbf5e752d40bfb9bffe073a8983b56b9,0,hindi_griffinlim_eval_final/fake_hindi_griffinlim/hindi_fake_0662.wav,6.408,0.0,0.0,2.85837984085083,2.85837984085083,0.0
663,ffcbc3951f469a43cf363b5df83d56ab30c65a40bb5bf05ee2ae8f98f55d6c76d8cf505d8bd32cf189c373ef1e0a52d01d2fc3cfeea863dd3ea1546eb2ef68cf,1,hindi_griffinlim_eval_final/real_hindi/hindi_real_0663.wav,6.516,32.0,564.0,3.386916399002075,2.434678316116333,-0.9522380828857422
663,ffcbc3951f469a43cf363b5df83d56ab30c65a40bb5bf05ee2ae8f98f55d6c76d8cf505d8bd32cf189c373ef1e0a52d01d2fc3cfeea863dd3ea1546eb2ef68cf,0,hindi_griffinlim_eval_final/fake_hindi_griffinlim/hindi_fake_0663.wav,6.516,0.0,0.0,-3.671419620513916,-3.671419620513916,0.0
664,b9e669f9010e60c988c15c6c357649706d91c33219725e9a2b12fe7903fa536fc8b34a51ea158f2ba92027617b4944a2514cfa7beb4249f26b23754403940006,1,hindi_griffinlim_eval_final/real_hindi/hindi_real_0664.wav,6.516,992.0,564.0,1.4207895994186401,-5.768124103546143,-7.188913702964783
664,b9e669f9010e60c988c15c6c357649706d91c33219725e9a2b12fe7903fa536fc8b34a51ea158f2ba92027617b4944a2514cfa7beb4249f26b23754403940006,0,hindi_griffinlim_eval_final/fake_hindi_griffinlim/hindi_fake_0664.wav,6.512,992.0,560.0,-1.9347916841506958,-6.046197414398193,-4.111405730247498
665,23e7986df66ecae7556379ef6a8c59490f3a38d789ddcbb9af2e0bdac45ded855c8a27be3ec862f45918adec219022883c1f64ea3ca811371c818856357ef5be,1,hindi_griffinlim_eval_final/real_hindi/hindi_real_0665.wav,5.508,608.0,612.0,-0.17325767874717712,-3.1243481636047363,-2.951090484857559
665,23e7986df66ecae7556379ef6a8c59490f3a38d789ddcbb9af2e0bdac45ded855c8a27be3ec862f45918adec219022883c1f64ea3ca811371c818856357ef5be,0,hindi_griffinlim_eval_final/fake_hindi_griffinlim/hindi_fake_0665.wav,5.504,608.0,608.0,-4.021495342254639,-5.742814064025879,-1.7213187217712402
666,d39d516dfccbf4297a953030579625b84d76314cdd257472c46f3116b9f0238183eaa531151e2a8bd4968015c10fb293e815f5a2c36475f899e88f5ed90676ea,1,hindi_griffinlim_eval_final/real_hindi/hindi_real_0666.wav,4.5,128.0,1236.0,4.250398635864258,3.875196933746338,-0.3752017021179199
666,d39d516dfccbf4297a953030579625b84d76314cdd257472c46f3116b9f0238183eaa531151e2a8bd4968015c10fb293e815f5a2c36475f899e88f5ed90676ea,0,hindi_griffinlim_eval_final/fake_hindi_griffinlim/hindi_fake_0666.wav,4.5,0.0,0.0,-0.6116703748703003,-0.6116703748703003,0.0
667,9296b5aa6010d28b45a780046d322620298dbbf3189b322a311bd2aaf58e1b3d55d7ca923cccd5f1fadb32a84b85b5c86517b92c6cdefbcee928d6ea9af98645,1,hindi_griffinlim_eval_final/real_hindi/hindi_real_0667.wav,7.128,544.0,888.0,4.885736465454102,0.5481317043304443,-4.337604761123657
667,9296b5aa6010d28b45a780046d322620298dbbf3189b322a311bd2aaf58e1b3d55d7ca923cccd5f1fadb32a84b85b5c86517b92c6cdefbcee928d6ea9af98645,0,hindi_griffinlim_eval_final/fake_hindi_griffinlim/hindi_fake_0667.wav,7.128,0.0,0.0,-1.0509897470474243,-1.0509897470474243,0.0
668,75c6bb7203a8fae0c08c18b39bebaf7f25f86e3b2cdbb1dbd65927288474b3fa5b24c5c88144d238b93b8327677bdfbdf560078a95a3594a6b6ea7dbf3f3eec8,1,hindi_griffinlim_eval_final/real_hindi/hindi_real_0668.wav,5.94,640.0,756.0,4.247519493103027,-2.293125867843628,-6.540645360946655
668,75c6bb7203a8fae0c08c18b39bebaf7f25f86e3b2cdbb1dbd65927288474b3fa5b24c5c88144d238b93b8327677bdfbdf560078a95a3594a6b6ea7dbf3f3eec8,0,hindi_griffinlim_eval_final/fake_hindi_griffinlim/hindi_fake_0668.wav,5.94,0.0,0.0,-5.855803489685059,-5.855803489685059,0.0
669,ec1882fc4ac252c0d462191a4703bb6c913b73dd21950682e8327a6a076c8333f4c5708f7d9426b51a98435d5f79d26ca06428a64a6ac9513537409eb663f5af,1,hindi_griffinlim_eval_final/real_hindi/hindi_real_0669.wav,5.508,160.0,708.0,-3.820920467376709,-4.790602207183838,-0.9696817398071289
669,ec1882fc4ac252c0d462191a4703bb6c913b73dd21950682e8327a6a076c8333f4c5708f7d9426b51a98435d5f79d26ca06428a64a6ac9513537409eb663f5af,0,hindi_griffinlim_eval_final/fake_hindi_griffinlim/hindi_fake_0669.wav,5.508,0.0,0.0,5.697854995727539,5.697854995727539,0.0
670,621e009fa43e75aecd867db6acd010a1a280b1faeb916e3a5e1a0bf8346fd32406c7ac120765bc592bf0484fcc239c756ead9625c64f9c6b3e9210bdf698995c,1,hindi_griffinlim_eval_final/real_hindi/hindi_real_0670.wav,7.236,96.0,580.0,4.708354949951172,4.399112701416016,-0.30924224853515625
670,621e009fa43e75aecd867db6acd010a1a280b1faeb916e3a5e1a0bf8346fd32406c7ac120765bc592bf0484fcc239c756ead9625c64f9c6b3e9210bdf698995c,0,hindi_griffinlim_eval_final/fake_hindi_griffinlim/hindi_fake_0670.wav,7.236,0.0,0.0,-0.27130064368247986,-0.27130064368247986,0.0
671,9be22651e8bee8e72a3187d9a27f0e9ed24c178b528062b4ae5d6a2a32dbb8c6001f6d3f15d60270fefa422a2c58426a2c915931d43266eb48a2d15836111a95,1,hindi_griffinlim_eval_final/real_hindi/hindi_real_0671.wav,4.68,768.0,1448.0,4.360116958618164,0.4705338180065155,-3.8895831406116486
671,9be22651e8bee8e72a3187d9a27f0e9ed24c178b528062b4ae5d6a2a32dbb8c6001f6d3f15d60270fefa422a2c58426a2c915931d43266eb48a2d15836111a95,0,hindi_griffinlim_eval_final/fake_hindi_griffinlim/hindi_fake_0671.wav,4.68,0.0,0.0,3.2598676681518555,3.2598676681518555,0.0
672,0f018a99663f33afbb7d38aee281fb1afcfd07f9e7acd00383f604e1e17c38d6ed8adf1bd2ccbf927a52c5adefb8ac4b158ce27a7c2ed9581e71202eb302dfb3,1,hindi_griffinlim_eval_final/real_hindi/hindi_real_0672.wav,3.276,64.0,76.0,0.22704672813415527,1.9321659803390503,1.705119252204895
672,0f018a99663f33afbb7d38aee281fb1afcfd07f9e7acd00383f604e1e17c38d6ed8adf1bd2ccbf927a52c5adefb8ac4b158ce27a7c2ed9581e71202eb302dfb3,0,hindi_griffinlim_eval_final/fake_hindi_griffinlim/hindi_fake_0672.wav,3.276,0.0,0.0,-3.6122891902923584,-3.6122891902923584,0.0
673,552fd8cf90f15edcaf7388b1164d58d7eae5f20674dc780b9efb9d43c80af1ccbdef88d0ddfb76038b9614eda2b556cbb4fa8a46ca54ad7dcc43d9298b63f1eb,1,hindi_griffinlim_eval_final/real_hindi/hindi_real_0673.wav,3.708,128.0,156.0,0.5430227518081665,-0.31592273712158203,-0.8589454889297485
673,552fd8cf90f15edcaf7388b1164d58d7eae5f20674dc780b9efb9d43c80af1ccbdef88d0ddfb76038b9614eda2b556cbb4fa8a46ca54ad7dcc43d9298b63f1eb,0,hindi_griffinlim_eval_final/fake_hindi_griffinlim/hindi_fake_0673.wav,3.708,0.0,0.0,5.889372825622559,5.889372825622559,0.0
674,ec78af2b863dab21a727f2ae9acf3ca8000403bcaaa82e800686048efeb2dcd359c7afd61fc63ea272d52e127546ccc8650a9df372bdb8f30a4df59e828cc263,1,hindi_griffinlim_eval_final/real_hindi/hindi_real_0674.wav,6.408,960.0,488.0,-1.8539739847183228,-6.052163124084473,-4.19818913936615
674,ec78af2b863dab21a727f2ae9acf3ca8000403bcaaa82e800686048efeb2dcd359c7afd61fc63ea272d52e127546ccc8650a9df372bdb8f30a4df59e828cc263,0,hindi_griffinlim_eval_final/fake_hindi_griffinlim/hindi_fake_0674.wav,6.408,0.0,0.0,0.23565421998500824,0.23565421998500824,0.0
675,95340b846e677ea27571958308bb11e2403ec2e4464bba7c97372d324e628a906f6be086595117707361a5dd7b41295d64031b6b2a5f2e50f6dc0a1841fd7fa2,1,hindi_griffinlim_eval_final/real_hindi/hindi_real_0675.wav,7.884,928.0,716.0,6.225825309753418,4.654726028442383,-1.5710992813110352
675,95340b846e677ea27571958308bb11e2403ec2e4464bba7c97372d324e628a906f6be086595117707361a5dd7b41295d64031b6b2a5f2e50f6dc0a1841fd7fa2,0,hindi_griffinlim_eval_final/fake_hindi_griffinlim/hindi_fake_0675.wav,7.884,0.0,0.0,6.934501647949219,6.934501647949219,0.0
676,78ece404c10c0cffd89ca462c3b3c90a2a01c6952c6ddde490d8ee2328c5c86af021cb340fdc9f2e1cad3733905d00d25292a63c668178c3cf8cf8fe02947c58,1,hindi_griffinlim_eval_final/real_hindi/hindi_real_0676.wav,6.66,480.0,36.0,4.026247024536133,2.8492002487182617,-1.177046775817871
676,78ece404c10c0cffd89ca462c3b3c90a2a01c6952c6ddde490d8ee2328c5c86af021cb340fdc9f2e1cad3733905d00d25292a63c668178c3cf8cf8fe02947c58,0,hindi_griffinlim_eval_final/fake_hindi_griffinlim/hindi_fake_0676.wav,6.66,0.0,0.0,-0.5976179838180542,-0.5976179838180542,0.0
677,a8cef7bd6abaf998566f0ccf8db1ec57de7ea766b6d81496d00a45d203ac4c57386b31d9c6d11d1a9db94b00c5c32594ece3fe7e08bc5f00ae7a043c8a74d9cd,1,hindi_griffinlim_eval_final/real_hindi/hindi_real_0677.wav,7.056,32.0,1200.0,-1.8800044059753418,-1.6388739347457886,0.24113047122955322
677,a8cef7bd6abaf998566f0ccf8db1ec57de7ea766b6d81496d00a45d203ac4c57386b31d9c6d11d1a9db94b00c5c32594ece3fe7e08bc5f00ae7a043c8a74d9cd,0,hindi_griffinlim_eval_final/fake_hindi_griffinlim/hindi_fake_0677.wav,7.056,0.0,0.0,-3.4037551879882812,-3.4037551879882812,0.0
678,da10f782c53d93ec1dbf793a1f5404dbdfd390c9abdacd218d0c47e2366a569d50841b5ad9075f9b83e2c16b9194ab1be1f91e407a546218999fa14e2b49a3eb,1,hindi_griffinlim_eval_final/real_hindi/hindi_real_0678.wav,3.096,416.0,120.0,5.100235939025879,-0.15534274280071259,-5.2555786818265915
678,da10f782c53d93ec1dbf793a1f5404dbdfd390c9abdacd218d0c47e2366a569d50841b5ad9075f9b83e2c16b9194ab1be1f91e407a546218999fa14e2b49a3eb,0,hindi_griffinlim_eval_final/fake_hindi_griffinlim/hindi_fake_0678.wav,3.096,0.0,0.0,-3.8041164875030518,-3.8041164875030518,0.0
679,80d92595b38c164010ef7313465d16463f2c96fa6fc022b2e01e189d36b259ca8c60d34dedd33eb9e2efc010529edd502641106737ba607a53218e01e86be40a,1,hindi_griffinlim_eval_final/real_hindi/hindi_real_0679.wav,7.236,1152.0,996.0,-0.5380999445915222,-5.936902046203613,-5.398802101612091
679,80d92595b38c164010ef7313465d16463f2c96fa6fc022b2e01e189d36b259ca8c60d34dedd33eb9e2efc010529edd502641106737ba607a53218e01e86be40a,0,hindi_griffinlim_eval_final/fake_hindi_griffinlim/hindi_fake_0679.wav,7.236,0.0,0.0,-3.4846456050872803,-3.4846456050872803,0.0
680,0a7f98f856cff63c03fcd05e03e181c17ce5d6545037394992a6f0afe1ed3716ef537d63a1e24a45ffc22233c24ee08fdec3372afad0b4389efc86ce4e7dee2c,1,hindi_griffinlim_eval_final/real_hindi/hindi_real_0680.wav,3.456,32.0,0.0,-1.1757210493087769,-1.4960360527038574,-0.32031500339508057
680,0a7f98f856cff63c03fcd05e03e181c17ce5d6545037394992a6f0afe1ed3716ef537d63a1e24a45ffc22233c24ee08fdec3372afad0b4389efc86ce4e7dee2c,0,hindi_griffinlim_eval_final/fake_hindi_griffinlim/hindi_fake_0680.wav,3.456,32.0,0.0,-2.609046459197998,-2.823436737060547,-0.21439027786254883
681,f446689d92087b875d07eaa1d98e4b7e07ec4f8651762d73d8e0ecbae21be60e60a3b7356828d24a8c9071f872f21361ca196ae017820a2908412966f0a59df2,1,hindi_griffinlim_eval_final/real_hindi/hindi_real_0681.wav,5.94,448.0,500.0,-0.4660332202911377,-4.353590488433838,-3.8875572681427
681,f446689d92087b875d07eaa1d98e4b7e07ec4f8651762d73d8e0ecbae21be60e60a3b7356828d24a8c9071f872f21361ca196ae017820a2908412966f0a59df2,0,hindi_griffinlim_eval_final/fake_hindi_griffinlim/hindi_fake_0681.wav,5.94,0.0,0.0,6.007509231567383,6.007509231567383,0.0
682,7fbf4c95e3140e3dc38caf6b69156e7b0c31b692322f830bd453acafa852716c55556b85dab23eb2fcf7567541c68490442cf56fba72b2b29acffe250f110146,1,hindi_griffinlim_eval_final/real_hindi/hindi_real_0682.wav,5.508,32.0,932.0,5.172468185424805,5.063382148742676,-0.1090860366821289
682,7fbf4c95e3140e3dc38caf6b69156e7b0c31b692322f830bd453acafa852716c55556b85dab23eb2fcf7567541c68490442cf56fba72b2b29acffe250f110146,0,hindi_griffinlim_eval_final/fake_hindi_griffinlim/hindi_fake_0682.wav,5.508,0.0,0.0,1.4649020433425903,1.4649020433425903,0.0
683,5910123d516315dfc2a43523d5cbc63444096a4cd38bb8b772155e3c51fb2f1eb673beaa1603de242ad8aa5dafe9d0ebd85a1c02bc6a7ee45e636585932306ae,1,hindi_griffinlim_eval_final/real_hindi/hindi_real_0683.wav,2.988,128.0,0.0,6.539484024047852,6.060724258422852,-0.478759765625
683,5910123d516315dfc2a43523d5cbc63444096a4cd38bb8b772155e3c51fb2f1eb673beaa1603de242ad8aa5dafe9d0ebd85a1c02bc6a7ee45e636585932306ae,0,hindi_griffinlim_eval_final/fake_hindi_griffinlim/hindi_fake_0683.wav,2.988,0.0,0.0,6.999531269073486,6.999531269073486,0.0
684,95340b846e677ea27571958308bb11e2403ec2e4464bba7c97372d324e628a906f6be086595117707361a5dd7b41295d64031b6b2a5f2e50f6dc0a1841fd7fa2,1,hindi_griffinlim_eval_final/real_hindi/hindi_real_0684.wav,6.696,640.0,296.0,5.947027206420898,3.949673652648926,-1.9973535537719727
684,95340b846e677ea27571958308bb11e2403ec2e4464bba7c97372d324e628a906f6be086595117707361a5dd7b41295d64031b6b2a5f2e50f6dc0a1841fd7fa2,0,hindi_griffinlim_eval_final/fake_hindi_griffinlim/hindi_fake_0684.wav,6.696,0.0,0.0,5.7069501876831055,5.7069501876831055,0.0
685,c3ef3ab4323cf25135e6b13c5baf4f313c3c59fea4cf21337ecb956e033b5b79db26a65c4279f7092dda2c2d1a5175e591e08ba495a247500fe295c3b8cc5327,1,hindi_griffinlim_eval_final/real_hindi/hindi_real_0685.wav,3.144,0.0,0.0,-0.6772022247314453,-0.6772022247314453,0.0
685,c3ef3ab4323cf25135e6b13c5baf4f313c3c59fea4cf21337ecb956e033b5b79db26a65c4279f7092dda2c2d1a5175e591e08ba495a247500fe295c3b8cc5327,0,hindi_griffinlim_eval_final/fake_hindi_griffinlim/hindi_fake_0685.wav,3.144,0.0,0.0,3.1644957065582275,3.1644957065582275,0.0
686,c61dfdcb5c80424483b0d50a3dfa425610d6b7850a341571bd0e34c8a4d96fd3e8c53d963dd19f7a44a40cde8c84d2e0ac7043114c9f70604f378dcb27a96199,1,hindi_griffinlim_eval_final/real_hindi/hindi_real_0686.wav,6.228,928.0,1012.0,1.254766821861267,-4.662309646606445,-5.917076468467712
686,c61dfdcb5c80424483b0d50a3dfa425610d6b7850a341571bd0e34c8a4d96fd3e8c53d963dd19f7a44a40cde8c84d2e0ac7043114c9f70604f378dcb27a96199,0,hindi_griffinlim_eval_final/fake_hindi_griffinlim/hindi_fake_0686.wav,6.228,0.0,0.0,1.0483988523483276,1.0483988523483276,0.0
687,23dd6e26b3a5106b8ad2de2def45e53280a12df6c47364b2bf652743a0198329d4e46b73fe42287703f0146d0bdb9be101cb22064f7b79578248fdc2ca2085f0,1,hindi_griffinlim_eval_final/real_hindi/hindi_real_0687.wav,5.112,64.0,0.0,2.152512788772583,1.9081515073776245,-0.2443612813949585
687,23dd6e26b3a5106b8ad2de2def45e53280a12df6c47364b2bf652743a0198329d4e46b73fe42287703f0146d0bdb9be101cb22064f7b79578248fdc2ca2085f0,0,hindi_griffinlim_eval_final/fake_hindi_griffinlim/hindi_fake_0687.wav,5.112,0.0,0.0,-0.41767019033432007,-0.41767019033432007,0.0
688,d5880664e0b201cf24b4972ea9890b801afe05af05cd4302d95952f06934198872328efbf6eb11bf51e169d4c62a0e8756088bbe001fc353a9b6d080ed9ee3dc,1,hindi_griffinlim_eval_final/real_hindi/hindi_real_0688.wav,5.724,320.0,284.0,-4.406473159790039,-5.997066497802734,-1.5905933380126953
688,d5880664e0b201cf24b4972ea9890b801afe05af05cd4302d95952f06934198872328efbf6eb11bf51e169d4c62a0e8756088bbe001fc353a9b6d080ed9ee3dc,0,hindi_griffinlim_eval_final/fake_hindi_griffinlim/hindi_fake_0688.wav,5.712,96.0,272.0,-5.895271301269531,-6.002572536468506,-0.10730123519897461
689,7ee51ec09b8af4f5d3502101adc32f4c67fe0a30b5566bf94a9854fc03ca4b259a0d5669d5ab493a6f9c3d989368a86e6bdc03c1bf0dc61a4995e783776c2ba2,1,hindi_griffinlim_eval_final/real_hindi/hindi_real_0689.wav,4.32,1056.0,320.0,3.72005558013916,0.3689733147621155,-3.3510822653770447
689,7ee51ec09b8af4f5d3502101adc32f4c67fe0a30b5566bf94a9854fc03ca4b259a0d5669d5ab493a6f9c3d989368a86e6bdc03c1bf0dc61a4995e783776c2ba2,0,hindi_griffinlim_eval_final/fake_hindi_griffinlim/hindi_fake_0689.wav,4.32,0.0,0.0,-0.6027219891548157,-0.6027219891548157,0.0
690,52f22814969ddf3ae439c9927cdc815781938e7b8db9939cbe5cc7211c83b3dd6eccb62b360571d4002d64878c3b70340e8a76bf784048ff984b73b71d31fc52,1,hindi_griffinlim_eval_final/real_hindi/hindi_real_0690.wav,4.284,96.0,92.0,3.6874005794525146,4.415912628173828,0.7285120487213135
690,52f22814969ddf3ae439c9927cdc815781938e7b8db9939cbe5cc7211c83b3dd6eccb62b360571d4002d64878c3b70340e8a76bf784048ff984b73b71d31fc52,0,hindi_griffinlim_eval_final/fake_hindi_griffinlim/hindi_fake_0690.wav,4.284,0.0,0.0,-2.350597620010376,-2.350597620010376,0.0
691,a260ddbc5acffed848007a0a9ec6b79936f77999c825631f8f7eb91c11e3369d404de512eb961b464b0208a5da2d4a8cf154dba0a4d11010520e02dbf6039b2f,1,hindi_griffinlim_eval_final/real_hindi/hindi_real_0691.wav,5.616,96.0,0.0,-3.681197166442871,-4.854672431945801,-1.1734752655029297
691,a260ddbc5acffed848007a0a9ec6b79936f77999c825631f8f7eb91c11e3369d404de512eb961b464b0208a5da2d4a8cf154dba0a4d11010520e02dbf6039b2f,0,hindi_griffinlim_eval_final/fake_hindi_griffinlim/hindi_fake_0691.wav,5.616,0.0,0.0,-3.949707508087158,-3.949707508087158,0.0
692,eb0cf518c980fbaafc44b52459e6edc777cf01758412dc63e1de49438b83b2d292941510deee22dd7111854884991b9e9fc276183f07dc59d4a6c8174d8da2dd,1,hindi_griffinlim_eval_final/real_hindi/hindi_real_0692.wav,3.06,864.0,532.0,5.572726249694824,-2.7793848514556885,-8.352111101150513
692,eb0cf518c980fbaafc44b52459e6edc777cf01758412dc63e1de49438b83b2d292941510deee22dd7111854884991b9e9fc276183f07dc59d4a6c8174d8da2dd,0,hindi_griffinlim_eval_final/fake_hindi_griffinlim/hindi_fake_0692.wav,3.06,0.0,0.0,-0.6265380382537842,-0.6265380382537842,0.0
693,e1687c2dade4c9e56bf74181a1c6eabd5d85fb05e2ded2d7f443e3cdf646f19b835db4fd303c73f3b7e94b0d03f6d27c4429abdaf1a56ee81e35ee7bc67bc67c,1,hindi_griffinlim_eval_final/real_hindi/hindi_real_0693.wav,4.608,864.0,896.0,1.8963693380355835,-5.721528053283691,-7.617897391319275
693,e1687c2dade4c9e56bf74181a1c6eabd5d85fb05e2ded2d7f443e3cdf646f19b835db4fd303c73f3b7e94b0d03f6d27c4429abdaf1a56ee81e35ee7bc67bc67c,0,hindi_griffinlim_eval_final/fake_hindi_griffinlim/hindi_fake_0693.wav,4.608,0.0,0.0,-1.4512393474578857,-1.4512393474578857,0.0
694,4fcdd17805b736cac2dc920985d2187185e759b54d9cfe7d2654dd8f4aff10e630e579edcb5cb4d04f215bebe6d096d9e932203345ad7272e889beca6a5c20e7,1,hindi_griffinlim_eval_final/real_hindi/hindi_real_0694.wav,5.148,64.0,0.0,-1.3472117185592651,-0.7599039673805237,0.5873077511787415
694,4fcdd17805b736cac2dc920985d2187185e759b54d9cfe7d2654dd8f4aff10e630e579edcb5cb4d04f215bebe6d096d9e932203345ad7272e889beca6a5c20e7,0,hindi_griffinlim_eval_final/fake_hindi_griffinlim/hindi_fake_0694.wav,5.148,0.0,0.0,-2.230168581008911,-2.230168581008911,0.0
695,ff8f23f061245d69de7cccf1ee33e0ebd713c56e08f5a4a2f4732746be391af221f711cf9aee47cf8cc4c6402985c5231bff4ac03eaaa1e1a1cef4e1cdaf2936,1,hindi_griffinlim_eval_final/real_hindi/hindi_real_0695.wav,6.948,0.0,36.0,1.9103745222091675,1.9103745222091675,0.0
695,ff8f23f061245d69de7cccf1ee33e0ebd713c56e08f5a4a2f4732746be391af221f711cf9aee47cf8cc4c6402985c5231bff4ac03eaaa1e1a1cef4e1cdaf2936,0,hindi_griffinlim_eval_final/fake_hindi_griffinlim/hindi_fake_0695.wav,6.948,0.0,0.0,0.27224650979042053,0.27224650979042053,0.0
696,755950c6eb4b91d87a8d62458e27e794e08783fbb4e47b61730e21bb685a9d3634dab0401114292ec8b3d3a282e0248c34c8868056fdb057716c14ae2b9844fc,1,hindi_griffinlim_eval_final/real_hindi/hindi_real_0696.wav,3.744,608.0,896.0,2.486001491546631,-5.328726768493652,-7.814728260040283
696,755950c6eb4b91d87a8d62458e27e794e08783fbb4e47b61730e21bb685a9d3634dab0401114292ec8b3d3a282e0248c34c8868056fdb057716c14ae2b9844fc,0,hindi_griffinlim_eval_final/fake_hindi_griffinlim/hindi_fake_0696.wav,3.744,608.0,896.0,-0.48741209506988525,-5.778866767883301,-5.2914546728134155
697,e3d7f69caea5efb2f5319a49faacdc76440549b08282bef1d81bc2ce2e823cf05f2bbb7d1ec46ef4f681113376a098b117c1ac6a8b1dfe88acf27fa6a9961f31,1,hindi_griffinlim_eval_final/real_hindi/hindi_real_0697.wav,4.5,800.0,756.0,4.74143648147583,-5.306473731994629,-10.047910213470459
697,e3d7f69caea5efb2f5319a49faacdc76440549b08282bef1d81bc2ce2e823cf05f2bbb7d1ec46ef4f681113376a098b117c1ac6a8b1dfe88acf27fa6a9961f31,0,hindi_griffinlim_eval_final/fake_hindi_griffinlim/hindi_fake_0697.wav,4.5,0.0,0.0,-3.01995587348938,-3.01995587348938,0.0
698,2270a4902001989b755fb2acc9d13918db9f6f89d7d5b1cf38d55ba7ef62d366249b464061d0c3df63c12f38b738d552ba6e854c9e09ebf766f61506d2a1732e,1,hindi_griffinlim_eval_final/real_hindi/hindi_real_0698.wav,2.988,192.0,0.0,0.09506218135356903,-0.6415718793869019,-0.7366340607404709
698,2270a4902001989b755fb2acc9d13918db9f6f89d7d5b1cf38d55ba7ef62d366249b464061d0c3df63c12f38b738d552ba6e854c9e09ebf766f61506d2a1732e,0,hindi_griffinlim_eval_final/fake_hindi_griffinlim/hindi_fake_0698.wav,2.988,0.0,0.0,6.533936500549316,6.533936500549316,0.0
699,ffb5eeb570d2ef310e46742868405151da6adb390253787708f24b730c59c01b34656465701e80b1157e9b0f9421b9a06a454f56e2a3a4bdfbf5c6c64addad11,1,hindi_griffinlim_eval_final/real_hindi/hindi_real_0699.wav,4.248,800.0,792.0,5.399794101715088,-5.031643390655518,-10.431437492370605
699,ffb5eeb570d2ef310e46742868405151da6adb390253787708f24b730c59c01b34656465701e80b1157e9b0f9421b9a06a454f56e2a3a4bdfbf5c6c64addad11,0,hindi_griffinlim_eval_final/fake_hindi_griffinlim/hindi_fake_0699.wav,4.248,0.0,0.0,-0.5863984823226929,-0.5863984823226929,0.0
700,550c775712c46fac6b29f44c8e1e47790ad3d24a4596e9befdad47efbafbcd202634809eed3f54d8b62ec448b24bbe8a67c224d24ae7ed2b6870581a3fd2dcd3,1,hindi_griffinlim_eval_final/real_hindi/hindi_real_0700.wav,3.456,320.0,832.0,4.135980606079102,1.308426856994629,-2.8275537490844727
700,550c775712c46fac6b29f44c8e1e47790ad3d24a4596e9befdad47efbafbcd202634809eed3f54d8b62ec448b24bbe8a67c224d24ae7ed2b6870581a3fd2dcd3,0,hindi_griffinlim_eval_final/fake_hindi_griffinlim/hindi_fake_0700.wav,3.456,0.0,0.0,-0.840469479560852,-0.840469479560852,0.0
701,90b97ef0ba555036393f0384c8e6f86e4106dc805efe211de0476387e0aa1b4ba028900e2d59bd67c2c14f82e16765211bded26276241d0c0173fa32e166b9b2,1,hindi_griffinlim_eval_final/real_hindi/hindi_real_0701.wav,6.228,800.0,884.0,4.63116455078125,-1.7861772775650024,-6.417341828346252
701,90b97ef0ba555036393f0384c8e6f86e4106dc805efe211de0476387e0aa1b4ba028900e2d59bd67c2c14f82e16765211bded26276241d0c0173fa32e166b9b2,0,hindi_griffinlim_eval_final/fake_hindi_griffinlim/hindi_fake_0701.wav,6.228,0.0,0.0,3.3123087882995605,3.3123087882995605,0.0
702,f8c05fcdb50a537ce73d8e72c60b569d19a31b8e0792bf6ea46d66c769fb708c0087e260a59f3e48f8272304ee14cb57fecdf53a2873f5d72ca5a3378a149caa,1,hindi_griffinlim_eval_final/real_hindi/hindi_real_0702.wav,3.744,352.0,64.0,0.6431153416633606,-0.5162949562072754,-1.159410297870636
702,f8c05fcdb50a537ce73d8e72c60b569d19a31b8e0792bf6ea46d66c769fb708c0087e260a59f3e48f8272304ee14cb57fecdf53a2873f5d72ca5a3378a149caa,0,hindi_griffinlim_eval_final/fake_hindi_griffinlim/hindi_fake_0702.wav,3.744,0.0,0.0,-5.913376808166504,-5.913376808166504,0.0
703,9c12887b11ae7ce76bcb5c4ca6b56f174e89c82f02c52c05b93ac7a40b6fb7b28d8474241a7dc36b3ad5b36eab48a209bf7e68a905ca64ac40b89e9311dec25d,1,hindi_griffinlim_eval_final/real_hindi/hindi_real_0703.wav,2.952,160.0,0.0,5.764030456542969,5.726860046386719,-0.03717041015625
703,9c12887b11ae7ce76bcb5c4ca6b56f174e89c82f02c52c05b93ac7a40b6fb7b28d8474241a7dc36b3ad5b36eab48a209bf7e68a905ca64ac40b89e9311dec25d,0,hindi_griffinlim_eval_final/fake_hindi_griffinlim/hindi_fake_0703.wav,2.952,0.0,0.0,6.786827087402344,6.786827087402344,0.0
704,9929c6f2b01a8c28f2e56c628d79399fb1e541643209aa4c5e28768681147947cad19a67ec59f260cf85a4586e3d35fe427119ab932c78c14583d719abff7062,1,hindi_griffinlim_eval_final/real_hindi/hindi_real_0704.wav,5.328,1120.0,1040.0,3.8321828842163086,-5.553346157073975,-9.385529041290283
704,9929c6f2b01a8c28f2e56c628d79399fb1e541643209aa4c5e28768681147947cad19a67ec59f260cf85a4586e3d35fe427119ab932c78c14583d719abff7062,0,hindi_griffinlim_eval_final/fake_hindi_griffinlim/hindi_fake_0704.wav,5.328,0.0,0.0,-4.701677322387695,-4.701677322387695,0.0
705,0eef353f918900f4b6b2c52b697013c0ac2340228d97696f460545e777a0a619dc934a6e2bdc5329525c74d683591af809ae5b8d4157abba6321a5b7366bb73e,1,hindi_griffinlim_eval_final/real_hindi/hindi_real_0705.wav,2.736,224.0,0.0,5.168991565704346,2.413628578186035,-2.7553629875183105
705,0eef353f918900f4b6b2c52b697013c0ac2340228d97696f460545e777a0a619dc934a6e2bdc5329525c74d683591af809ae5b8d4157abba6321a5b7366bb73e,0,hindi_griffinlim_eval_final/fake_hindi_griffinlim/hindi_fake_0705.wav,2.736,0.0,0.0,7.040634632110596,7.040634632110596,0.0
706,cba73505723d31fe1d355fd9c1ba00f36d72661f667b151bb2e4db347100a72793ca3d5351e0293af666bf35d2684deb3e4bbc6fe630ffabe699d80709a0ea07,1,hindi_griffinlim_eval_final/real_hindi/hindi_real_0706.wav,7.128,672.0,920.0,3.3264663219451904,-4.936817646026611,-8.263283967971802
706,cba73505723d31fe1d355fd9c1ba00f36d72661f667b151bb2e4db347100a72793ca3d5351e0293af666bf35d2684deb3e4bbc6fe630ffabe699d80709a0ea07,0,hindi_griffinlim_eval_final/fake_hindi_griffinlim/hindi_fake_0706.wav,7.128,0.0,0.0,5.408881187438965,5.408881187438965,0.0
707,bbc6419b468f96f9a81d7c8c0eeb06dc2ef630ef810662472bff59d9df3e43bc26b9d784d84faaa541a3d2e1541014302610a7426fb91797046b37d96bacaf2e,1,hindi_griffinlim_eval_final/real_hindi/hindi_real_0707.wav,6.66,800.0,868.0,1.9802414178848267,-4.055645942687988,-6.035887360572815
707,bbc6419b468f96f9a81d7c8c0eeb06dc2ef630ef810662472bff59d9df3e43bc26b9d784d84faaa541a3d2e1541014302610a7426fb91797046b37d96bacaf2e,0,hindi_griffinlim_eval_final/fake_hindi_griffinlim/hindi_fake_0707.wav,6.66,0.0,0.0,3.2922399044036865,3.2922399044036865,0.0
708,e0a36ee267ea8131975092e3f0b285cc85c2ecf0e47fa58a4f81eea8ef911bc2e939a2fe85859b96f77623060400a6ad1157350fd138ac8523288698254e8c4e,1,hindi_griffinlim_eval_final/real_hindi/hindi_real_0708.wav,5.292,32.0,12.0,0.6202307343482971,-0.22858010232448578,-0.8488108366727829
708,e0a36ee267ea8131975092e3f0b285cc85c2ecf0e47fa58a4f81eea8ef911bc2e939a2fe85859b96f77623060400a6ad1157350fd138ac8523288698254e8c4e,0,hindi_griffinlim_eval_final/fake_hindi_griffinlim/hindi_fake_0708.wav,5.292,0.0,0.0,3.1431214809417725,3.1431214809417725,0.0
709,42adfde56dd3d69ed58436d1e8a55fac999afb0e390ebc65c299c3cd2b7258cb079683412241e54e7fa275e56a02bd19a10d6a17fead09988cd0fad2e6061e7b,1,hindi_griffinlim_eval_final/real_hindi/hindi_real_0709.wav,3.636,928.0,756.0,5.220032691955566,-0.2203799933195114,-5.440412685275078
709,42adfde56dd3d69ed58436d1e8a55fac999afb0e390ebc65c299c3cd2b7258cb079683412241e54e7fa275e56a02bd19a10d6a17fead09988cd0fad2e6061e7b,0,hindi_griffinlim_eval_final/fake_hindi_griffinlim/hindi_fake_0709.wav,3.636,0.0,0.0,-0.6673166155815125,-0.6673166155815125,0.0
710,3c47037b539064a039337a1c897e88029bf7cfb906524864e55c38b90aa9efe57730742089a7f2a1b508952b6272c39cd50f7d701230bde9d0afdf4fefc05d8a,1,hindi_griffinlim_eval_final/real_hindi/hindi_real_0710.wav,3.024,160.0,0.0,-1.5548397302627563,-2.665905714035034,-1.1110659837722778
710,3c47037b539064a039337a1c897e88029bf7cfb906524864e55c38b90aa9efe57730742089a7f2a1b508952b6272c39cd50f7d701230bde9d0afdf4fefc05d8a,0,hindi_griffinlim_eval_final/fake_hindi_griffinlim/hindi_fake_0710.wav,3.024,0.0,0.0,-5.8844685554504395,-5.8844685554504395,0.0
711,95cc33ae73783f08510cc8b475a3f7da1144f0cdbfbe42446afc4e8942bf842722a12076a164393f2c52e0db9026e5f129a90feb451956b70f7366a89e026f1c,1,hindi_griffinlim_eval_final/real_hindi/hindi_real_0711.wav,7.524,96.0,4.0,-0.6886613368988037,-0.24240325391292572,0.446258082985878
711,95cc33ae73783f08510cc8b475a3f7da1144f0cdbfbe42446afc4e8942bf842722a12076a164393f2c52e0db9026e5f129a90feb451956b70f7366a89e026f1c,0,hindi_griffinlim_eval_final/fake_hindi_griffinlim/hindi_fake_0711.wav,7.524,0.0,0.0,6.976807117462158,6.976807117462158,0.0
712,cb80d11c3532ab20b83037029cb1c2394ea6339f697e7101b9288365e3387903da82dc7d32bb6f1a45d5659f6ffacc187711e06195561c5e4f09721683bbd761,1,hindi_griffinlim_eval_final/real_hindi/hindi_real_0712.wav,3.816,544.0,808.0,6.160243988037109,5.050892353057861,-1.109351634979248
712,cb80d11c3532ab20b83037029cb1c2394ea6339f697e7101b9288365e3387903da82dc7d32bb6f1a45d5659f6ffacc187711e06195561c5e4f09721683bbd761,0,hindi_griffinlim_eval_final/fake_hindi_griffinlim/hindi_fake_0712.wav,3.816,0.0,0.0,-0.2532620429992676,-0.2532620429992676,0.0
713,e1687c2dade4c9e56bf74181a1c6eabd5d85fb05e2ded2d7f443e3cdf646f19b835db4fd303c73f3b7e94b0d03f6d27c4429abdaf1a56ee81e35ee7bc67bc67c,1,hindi_griffinlim_eval_final/real_hindi/hindi_real_0713.wav,3.348,96.0,1780.0,0.5056160092353821,-2.8020124435424805,-3.3076284527778625
713,e1687c2dade4c9e56bf74181a1c6eabd5d85fb05e2ded2d7f443e3cdf646f19b835db4fd303c73f3b7e94b0d03f6d27c4429abdaf1a56ee81e35ee7bc67bc67c,0,hindi_griffinlim_eval_final/fake_hindi_griffinlim/hindi_fake_0713.wav,3.348,0.0,0.0,4.9337921142578125,4.9337921142578125,0.0
714,f552d4cedc22293c27ab4a86fc3985ecf1bd8fe9e6664f6a835675acf4173fa94bfa392ddccd06a177ae2bf6e412212f42973dec10c26a7cfa02c48ddd7c7978,1,hindi_griffinlim_eval_final/real_hindi/hindi_real_0714.wav,4.14,864.0,1164.0,2.419612169265747,-4.964765548706055,-7.384377717971802
714,f552d4cedc22293c27ab4a86fc3985ecf1bd8fe9e6664f6a835675acf4173fa94bfa392ddccd06a177ae2bf6e412212f42973dec10c26a7cfa02c48ddd7c7978,0,hindi_griffinlim_eval_final/fake_hindi_griffinlim/hindi_fake_0714.wav,4.14,0.0,0.0,-0.7205772399902344,-0.7205772399902344,0.0
715,424c16a8450e8b742c1380d9d38d919d880a36379e8c7e09126a2a8411022bc42cbae339c1d8dfd42695fb073ca783ed5e86b8a2531d11c4491259ab1378e445,1,hindi_griffinlim_eval_final/real_hindi/hindi_real_0715.wav,6.336,0.0,0.0,1.576193928718567,1.576193928718567,0.0
715,424c16a8450e8b742c1380d9d38d919d880a36379e8c7e09126a2a8411022bc42cbae339c1d8dfd42695fb073ca783ed5e86b8a2531d11c4491259ab1378e445,0,hindi_griffinlim_eval_final/fake_hindi_griffinlim/hindi_fake_0715.wav,6.336,0.0,0.0,7.016087055206299,7.016087055206299,0.0
716,2312b0d85bd1eb1a017264abf770df086e10cec218cf1ab48b90f9d7f621d8ae8372b07338224060fcac6cfb337fcfcb6966c160942f9fcec4c67e7f5df44520,1,hindi_griffinlim_eval_final/real_hindi/hindi_real_0716.wav,7.092,0.0,0.0,-4.642643928527832,-4.642643928527832,0.0
716,2312b0d85bd1eb1a017264abf770df086e10cec218cf1ab48b90f9d7f621d8ae8372b07338224060fcac6cfb337fcfcb6966c160942f9fcec4c67e7f5df44520,0,hindi_griffinlim_eval_final/fake_hindi_griffinlim/hindi_fake_0716.wav,7.088,0.0,0.0,-5.926747798919678,-5.926747798919678,0.0
717,da10f782c53d93ec1dbf793a1f5404dbdfd390c9abdacd218d0c47e2366a569d50841b5ad9075f9b83e2c16b9194ab1be1f91e407a546218999fa14e2b49a3eb,1,hindi_griffinlim_eval_final/real_hindi/hindi_real_0717.wav,3.936,512.0,608.0,5.003692626953125,-1.8885632753372192,-6.892255902290344
717,da10f782c53d93ec1dbf793a1f5404dbdfd390c9abdacd218d0c47e2366a569d50841b5ad9075f9b83e2c16b9194ab1be1f91e407a546218999fa14e2b49a3eb,0,hindi_griffinlim_eval_final/fake_hindi_griffinlim/hindi_fake_0717.wav,3.936,0.0,0.0,-3.1231577396392822,-3.1231577396392822,0.0
718,aabd80b27714da5c6b5d4592a6f29f161db3cb06672ab14afb56eaf550ac0be0c14536ba5df7358621f018a4bc767c8c8477eaa4746830cf31ec4cdbcc2193fc,1,hindi_griffinlim_eval_final/real_hindi/hindi_real_0718.wav,3.672,64.0,440.0,-0.005872692912817001,-0.7892231345176697,-0.7833504416048527
718,aabd80b27714da5c6b5d4592a6f29f161db3cb06672ab14afb56eaf550ac0be0c14536ba5df7358621f018a4bc767c8c8477eaa4746830cf31ec4cdbcc2193fc,0,hindi_griffinlim_eval_final/fake_hindi_griffinlim/hindi_fake_0718.wav,3.672,0.0,0.0,6.102248191833496,6.102248191833496,0.0
719,51ac71db84d066b7c2fe1dd940f0e75602010e8a2c0a23df2b47108a43c6df09aea35278f729be243a1d02576df693c13705cc367b391889be00e5a572b08fb5,1,hindi_griffinlim_eval_final/real_hindi/hindi_real_0719.wav,6.408,0.0,0.0,-3.916250467300415,-3.916250467300415,0.0
719,51ac71db84d066b7c2fe1dd940f0e75602010e8a2c0a23df2b47108a43c6df09aea35278f729be243a1d02576df693c13705cc367b391889be00e5a572b08fb5,0,hindi_griffinlim_eval_final/fake_hindi_griffinlim/hindi_fake_0719.wav,6.408,0.0,0.0,-0.06198779121041298,-0.06198779121041298,0.0
720,ec293248c910c28091014fec13d47bb69cc84f0b265ad0536d7e39390f3de510ab879fa3c23797defe85d8c846a4e148c971e28da6a90a647a9bc37eb03362bc,1,hindi_griffinlim_eval_final/real_hindi/hindi_real_0720.wav,4.356,160.0,292.0,4.511721611022949,3.0069665908813477,-1.5047550201416016
720,ec293248c910c28091014fec13d47bb69cc84f0b265ad0536d7e39390f3de510ab879fa3c23797defe85d8c846a4e148c971e28da6a90a647a9bc37eb03362bc,0,hindi_griffinlim_eval_final/fake_hindi_griffinlim/hindi_fake_0720.wav,4.356,0.0,0.0,-2.039543390274048,-2.039543390274048,0.0
721,6cd8f602bf899de8fa9a30238cb461650682d47e62a5d12042ec213877ca4d9f7f83e3635c1374cddf16260688058dddb7ba7f5466c279dadd85e033038b6b08,1,hindi_griffinlim_eval_final/real_hindi/hindi_real_0721.wav,7.596,0.0,0.0,-0.5134474635124207,-0.5134474635124207,0.0
721,6cd8f602bf899de8fa9a30238cb461650682d47e62a5d12042ec213877ca4d9f7f83e3635c1374cddf16260688058dddb7ba7f5466c279dadd85e033038b6b08,0,hindi_griffinlim_eval_final/fake_hindi_griffinlim/hindi_fake_0721.wav,7.596,0.0,0.0,4.206065654754639,4.206065654754639,0.0
722,6b807daab3e34c4820b8d1479f760b35e44e818f9121ce49b70e8cf1fa61e9248b255de0499371b2da3b304c64dd088e8079a770832d3e1036b7d8fb52aebfc8,1,hindi_griffinlim_eval_final/real_hindi/hindi_real_0722.wav,5.58,192.0,268.0,-0.19601114094257355,-1.0141841173171997,-0.8181729763746262
722,6b807daab3e34c4820b8d1479f760b35e44e818f9121ce49b70e8cf1fa61e9248b255de0499371b2da3b304c64dd088e8079a770832d3e1036b7d8fb52aebfc8,0,hindi_griffinlim_eval_final/fake_hindi_griffinlim/hindi_fake_0722.wav,5.58,0.0,0.0,-2.7580714225769043,-2.7580714225769043,0.0
723,f45c7af99cc930fd6608f77ecb2d546727ab3df3d36731c90215b9a72ff548ff082f57c38aa6e6b7f2c905aa9f92f4f5dff3c954449ce05e56f8604bf1753618,1,hindi_griffinlim_eval_final/real_hindi/hindi_real_0723.wav,4.68,608.0,936.0,5.49236536026001,-2.0105717182159424,-7.502937078475952
723,f45c7af99cc930fd6608f77ecb2d546727ab3df3d36731c90215b9a72ff548ff082f57c38aa6e6b7f2c905aa9f92f4f5dff3c954449ce05e56f8604bf1753618,0,hindi_griffinlim_eval_final/fake_hindi_griffinlim/hindi_fake_0723.wav,4.68,0.0,0.0,6.462217330932617,6.462217330932617,0.0
724,37b6f1162616e55fc582c2dae2bad013d8c460c8c44a22899b8c6d8b306cbc3e2eec8eb0f3e9c12e912ccb39aa07d9334bfdfc914e2622b7e610d06cd5c47c70,1,hindi_griffinlim_eval_final/real_hindi/hindi_real_0724.wav,6.624,352.0,640.0,1.1829099655151367,1.6564202308654785,0.4735102653503418
724,37b6f1162616e55fc582c2dae2bad013d8c460c8c44a22899b8c6d8b306cbc3e2eec8eb0f3e9c12e912ccb39aa07d9334bfdfc914e2622b7e610d06cd5c47c70,0,hindi_griffinlim_eval_final/fake_hindi_griffinlim/hindi_fake_0724.wav,6.624,0.0,0.0,-4.472035884857178,-4.472035884857178,0.0
725,f4acf13791d1ffc57965afc160c66ab08985a745fc07997aced0be646a308c8b8c3f851c7143204d02449b094fd7811bc980a05b337acdadb7e2a83dd9c9c2bb,1,hindi_griffinlim_eval_final/real_hindi/hindi_real_0725.wav,4.968,1120.0,520.0,-6.15736198425293,-6.055369853973389,0.10199213027954102
725,f4acf13791d1ffc57965afc160c66ab08985a745fc07997aced0be646a308c8b8c3f851c7143204d02449b094fd7811bc980a05b337acdadb7e2a83dd9c9c2bb,0,hindi_griffinlim_eval_final/fake_hindi_griffinlim/hindi_fake_0725.wav,4.968,0.0,0.0,-3.8718221187591553,-3.8718221187591553,0.0
726,aaf6b52267451edd43f92433e040803b7c695022ac637484427c841d61dddefbc79acf6b684ebc2769e18c649d9b7a520a0041ecb7898d3f7e49d804f477a3ac,1,hindi_griffinlim_eval_final/real_hindi/hindi_real_0726.wav,3.132,0.0,0.0,-1.8409866094589233,-1.8409866094589233,0.0
726,aaf6b52267451edd43f92433e040803b7c695022ac637484427c841d61dddefbc79acf6b684ebc2769e18c649d9b7a520a0041ecb7898d3f7e49d804f477a3ac,0,hindi_griffinlim_eval_final/fake_hindi_griffinlim/hindi_fake_0726.wav,3.132,0.0,0.0,6.539549350738525,6.539549350738525,0.0
727,b9e669f9010e60c988c15c6c357649706d91c33219725e9a2b12fe7903fa536fc8b34a51ea158f2ba92027617b4944a2514cfa7beb4249f26b23754403940006,1,hindi_griffinlim_eval_final/real_hindi/hindi_real_0727.wav,5.508,896.0,388.0,1.688916563987732,-5.657436370849609,-7.346352934837341
727,b9e669f9010e60c988c15c6c357649706d91c33219725e9a2b12fe7903fa536fc8b34a51ea158f2ba92027617b4944a2514cfa7beb4249f26b23754403940006,0,hindi_griffinlim_eval_final/fake_hindi_griffinlim/hindi_fake_0727.wav,5.508,0.0,0.0,-5.884054183959961,-5.884054183959961,0.0
728,dbe55388d2e8bae8e64412f527e29fa3691a1c13adcaa6b80313b3e475d2df28d0428a6151d9cd42018d943718c830d69a80c5bf8a6a88200e4c6ba36ad6a748,1,hindi_griffinlim_eval_final/real_hindi/hindi_real_0728.wav,4.224,256.0,256.0,0.3420005440711975,0.9550337791442871,0.6130332350730896
728,dbe55388d2e8bae8e64412f527e29fa3691a1c13adcaa6b80313b3e475d2df28d0428a6151d9cd42018d943718c830d69a80c5bf8a6a88200e4c6ba36ad6a748,0,hindi_griffinlim_eval_final/fake_hindi_griffinlim/hindi_fake_0728.wav,4.224,0.0,0.0,-2.6228137016296387,-2.6228137016296387,0.0
729,984398a9ba94c5ce43b621c6fee2c6092d5ea3632e0b605bf206a5ae59eba42401dbc36603073eec2117374293d2675a9847d91f1c71deeeeee7c5202840a1ea,1,hindi_griffinlim_eval_final/real_hindi/hindi_real_0729.wav,3.0,64.0,0.0,4.99812126159668,5.26320743560791,0.26508617401123047
729,984398a9ba94c5ce43b621c6fee2c6092d5ea3632e0b605bf206a5ae59eba42401dbc36603073eec2117374293d2675a9847d91f1c71deeeeee7c5202840a1ea,0,hindi_griffinlim_eval_final/fake_hindi_griffinlim/hindi_fake_0729.wav,3.0,0.0,0.0,0.12776567041873932,0.12776567041873932,0.0
730,c7c4e5ded1e6121c38594d1e3bbb5a49f1d269f96c2591f9e2d4da7cf5c9cdc7598248c5d24452c832160a2503d344167242cafabc1dc3936e1a6065b281ae77,1,hindi_griffinlim_eval_final/real_hindi/hindi_real_0730.wav,7.512,0.0,344.0,-1.101580023765564,-1.101580023765564,0.0
730,c7c4e5ded1e6121c38594d1e3bbb5a49f1d269f96c2591f9e2d4da7cf5c9cdc7598248c5d24452c832160a2503d344167242cafabc1dc3936e1a6065b281ae77,0,hindi_griffinlim_eval_final/fake_hindi_griffinlim/hindi_fake_0730.wav,7.504,0.0,336.0,-3.7996137142181396,-3.7996137142181396,0.0
731,667b36242d97d9f3edcf1ad89b30e576116248bed850abd8f8852c007009e17b15b9fe3776de3b0ab9053d43354b02bfb3f91c34bf13ab0d2ff8ebd00039a285,1,hindi_griffinlim_eval_final/real_hindi/hindi_real_0731.wav,5.868,480.0,1964.0,-6.126269340515137,-6.1142425537109375,0.012026786804199219
731,667b36242d97d9f3edcf1ad89b30e576116248bed850abd8f8852c007009e17b15b9fe3776de3b0ab9053d43354b02bfb3f91c34bf13ab0d2ff8ebd00039a285,0,hindi_griffinlim_eval_final/fake_hindi_griffinlim/hindi_fake_0731.wav,5.868,0.0,0.0,4.545724391937256,4.545724391937256,0.0
732,9296b5aa6010d28b45a780046d322620298dbbf3189b322a311bd2aaf58e1b3d55d7ca923cccd5f1fadb32a84b85b5c86517b92c6cdefbcee928d6ea9af98645,1,hindi_griffinlim_eval_final/real_hindi/hindi_real_0732.wav,5.796,512.0,676.0,2.597527027130127,-4.767538070678711,-7.365065097808838
732,9296b5aa6010d28b45a780046d322620298dbbf3189b322a311bd2aaf58e1b3d55d7ca923cccd5f1fadb32a84b85b5c86517b92c6cdefbcee928d6ea9af98645,0,hindi_griffinlim_eval_final/fake_hindi_griffinlim/hindi_fake_0732.wav,5.796,0.0,0.0,-2.7970170974731445,-2.7970170974731445,0.0
733,ffb5eeb570d2ef310e46742868405151da6adb390253787708f24b730c59c01b34656465701e80b1157e9b0f9421b9a06a454f56e2a3a4bdfbf5c6c64addad11,1,hindi_griffinlim_eval_final/real_hindi/hindi_real_0733.wav,5.256,96.0,1512.0,4.880866050720215,5.016512870788574,0.13564682006835938
733,ffb5eeb570d2ef310e46742868405151da6adb390253787708f24b730c59c01b34656465701e80b1157e9b0f9421b9a06a454f56e2a3a4bdfbf5c6c64addad11,0,hindi_griffinlim_eval_final/fake_hindi_griffinlim/hindi_fake_0733.wav,5.256,0.0,0.0,-0.40652498602867126,-0.40652498602867126,0.0
734,a1210b5258159b5fb5fda311977b3a1b077b5d1749ce67b7b03278d590973497324f9e4e7a0b17b1f52fc7639965c53871f3e0598c8743f3dd9b8671d147cdac,1,hindi_griffinlim_eval_final/real_hindi/hindi_real_0734.wav,2.268,576.0,348.0,6.0457444190979,-2.7450780868530273,-8.790822505950928
734,a1210b5258159b5fb5fda311977b3a1b077b5d1749ce67b7b03278d590973497324f9e4e7a0b17b1f52fc7639965c53871f3e0598c8743f3dd9b8671d147cdac,0,hindi_griffinlim_eval_final/fake_hindi_griffinlim/hindi_fake_0734.wav,2.268,0.0,0.0,-0.5873337984085083,-0.5873337984085083,0.0
735,79741f3153a904c0ddeb1d81d69b137d61adb2a3f1c8ea30fd32a88a4f7028bbb73f1515f3cac14ad147b8c1845846d96d9333173f71677d207b7ff1357a37c5,1,hindi_griffinlim_eval_final/real_hindi/hindi_real_0735.wav,2.52,192.0,952.0,4.994992256164551,-2.696871757507324,-7.691864013671875
735,79741f3153a904c0ddeb1d81d69b137d61adb2a3f1c8ea30fd32a88a4f7028bbb73f1515f3cac14ad147b8c1845846d96d9333173f71677d207b7ff1357a37c5,0,hindi_griffinlim_eval_final/fake_hindi_griffinlim/hindi_fake_0735.wav,2.52,0.0,0.0,-0.8354240655899048,-0.8354240655899048,0.0
736,287db5b3c7065ffc1e6827c0bc87dc4a6b6a45c159642fe8d490d5adb6ce18a5b4b528f921503762bbb20b1fcd84f5f8256a9a11cd4ccf55964f301b416b08d2,1,hindi_griffinlim_eval_final/real_hindi/hindi_real_0736.wav,5.976,32.0,376.0,3.0949878692626953,3.0233278274536133,-0.07166004180908203
736,287db5b3c7065ffc1e6827c0bc87dc4a6b6a45c159642fe8d490d5adb6ce18a5b4b528f921503762bbb20b1fcd84f5f8256a9a11cd4ccf55964f301b416b08d2,0,hindi_griffinlim_eval_final/fake_hindi_griffinlim/hindi_fake_0736.wav,5.976,0.0,0.0,-0.4261319637298584,-0.4261319637298584,0.0
737,b3a9d00791dae63b944756627fdb96c21c53f4d69beef3a56780607d83e56d0a6faf52d5d704c925bb323f8b2c9a168a87c2cd94fcc3d3abf6b034c9e7f5cd77,1,hindi_griffinlim_eval_final/real_hindi/hindi_real_0737.wav,4.704,96.0,480.0,1.8067312240600586,1.6934672594070435,-0.11326396465301514
737,b3a9d00791dae63b944756627fdb96c21c53f4d69beef3a56780607d83e56d0a6faf52d5d704c925bb323f8b2c9a168a87c2cd94fcc3d3abf6b034c9e7f5cd77,0,hindi_griffinlim_eval_final/fake_hindi_griffinlim/hindi_fake_0737.wav,4.704,0.0,0.0,-0.545397162437439,-0.545397162437439,0.0
738,70c96a46f6827039223782fee3a93b99fa8168c84d3e5f9a0e2a1f16cfc1d62ad6f52d19ac175ad3ee541abd81068d089df3693e843b932053395156f6ff36b6,1,hindi_griffinlim_eval_final/real_hindi/hindi_real_0738.wav,4.428,192.0,0.0,-0.9348699450492859,-1.6771174669265747,-0.7422475218772888
738,70c96a46f6827039223782fee3a93b99fa8168c84d3e5f9a0e2a1f16cfc1d62ad6f52d19ac175ad3ee541abd81068d089df3693e843b932053395156f6ff36b6,0,hindi_griffinlim_eval_final/fake_hindi_griffinlim/hindi_fake_0738.wav,4.428,0.0,0.0,-3.8485751152038574,-3.8485751152038574,0.0
739,75c6bb7203a8fae0c08c18b39bebaf7f25f86e3b2cdbb1dbd65927288474b3fa5b24c5c88144d238b93b8327677bdfbdf560078a95a3594a6b6ea7dbf3f3eec8,1,hindi_griffinlim_eval_final/real_hindi/hindi_real_0739.wav,7.308,608.0,972.0,4.90206241607666,-3.9964776039123535,-8.898540019989014
739,75c6bb7203a8fae0c08c18b39bebaf7f25f86e3b2cdbb1dbd65927288474b3fa5b24c5c88144d238b93b8327677bdfbdf560078a95a3594a6b6ea7dbf3f3eec8,0,hindi_griffinlim_eval_final/fake_hindi_griffinlim/hindi_fake_0739.wav,7.308,0.0,0.0,-5.857963562011719,-5.857963562011719,0.0
740,5a6f47bcb6c561dcfa6961b198d280ba77d188c7e511b84b1481770b1878583bcc74c8674f4f862c9ccbb54f4cfa3b2919ef94c8ace1c6fb22abe7c70365f402,1,hindi_griffinlim_eval_final/real_hindi/hindi_real_0740.wav,6.876,32.0,92.0,0.5388988852500916,-0.15302304923534393,-0.6919219344854355
740,5a6f47bcb6c561dcfa6961b198d280ba77d188c7e511b84b1481770b1878583bcc74c8674f4f862c9ccbb54f4cfa3b2919ef94c8ace1c6fb22abe7c70365f402,0,hindi_griffinlim_eval_final/fake_hindi_griffinlim/hindi_fake_0740.wav,6.876,0.0,0.0,-1.353784441947937,-1.353784441947937,0.0
741,b4069adc243cc7836a2bf30d44984b772c144f867bb92b4226209bcdc0783ee26b25bf51d2c4e42b8af14bfe3d183fb5aed4fd783bddc50d124f0970cce3dcd8,1,hindi_griffinlim_eval_final/real_hindi/hindi_real_0741.wav,3.6,768.0,976.0,6.018798828125,-4.064874649047852,-10.083673477172852
741,b4069adc243cc7836a2bf30d44984b772c144f867bb92b4226209bcdc0783ee26b25bf51d2c4e42b8af14bfe3d183fb5aed4fd783bddc50d124f0970cce3dcd8,0,hindi_griffinlim_eval_final/fake_hindi_griffinlim/hindi_fake_0741.wav,3.6,0.0,0.0,-1.0181959867477417,-1.0181959867477417,0.0
742,1605878cdc4bdeab0724827abc448ec019fcc59763e097294754173714e955fe80a28c12eed4a39a58f442138b886e755cd644efb115aa2599c6e50a20e63a74,1,hindi_griffinlim_eval_final/real_hindi/hindi_real_0742.wav,4.752,416.0,1008.0,5.509077548980713,-2.9711387157440186,-8.480216264724731
742,1605878cdc4bdeab0724827abc448ec019fcc59763e097294754173714e955fe80a28c12eed4a39a58f442138b886e755cd644efb115aa2599c6e50a20e63a74,0,hindi_griffinlim_eval_final/fake_hindi_griffinlim/hindi_fake_0742.wav,4.752,0.0,0.0,-1.0195809602737427,-1.0195809602737427,0.0
743,f4acf13791d1ffc57965afc160c66ab08985a745fc07997aced0be646a308c8b8c3f851c7143204d02449b094fd7811bc980a05b337acdadb7e2a83dd9c9c2bb,1,hindi_griffinlim_eval_final/real_hindi/hindi_real_0743.wav,4.5,1696.0,788.0,-6.178476333618164,-6.2042951583862305,-0.025818824768066406
743,f4acf13791d1ffc57965afc160c66ab08985a745fc07997aced0be646a308c8b8c3f851c7143204d02449b094fd7811bc980a05b337acdadb7e2a83dd9c9c2bb,0,hindi_griffinlim_eval_final/fake_hindi_griffinlim/hindi_fake_0743.wav,4.5,0.0,0.0,-0.7122369408607483,-0.7122369408607483,0.0
744,80ffb7f21aebcd96b01f5098bdf0f377f31fa297c2c30290be3dcd6a69b87e7570cd2e9ce41edb96038e485ce70cf75436dba4a0c7925bb36a68db134979c585,1,hindi_griffinlim_eval_final/real_hindi/hindi_real_0744.wav,6.804,0.0,0.0,-4.454306602478027,-4.454306602478027,0.0
744,80ffb7f21aebcd96b01f5098bdf0f377f31fa297c2c30290be3dcd6a69b87e7570cd2e9ce41edb96038e485ce70cf75436dba4a0c7925bb36a68db134979c585,0,hindi_griffinlim_eval_final/fake_hindi_griffinlim/hindi_fake_0744.wav,6.804,0.0,0.0,-2.8495285511016846,-2.8495285511016846,0.0
745,cb80d11c3532ab20b83037029cb1c2394ea6339f697e7101b9288365e3387903da82dc7d32bb6f1a45d5659f6ffacc187711e06195561c5e4f09721683bbd761,1,hindi_griffinlim_eval_final/real_hindi/hindi_real_0745.wav,5.304,896.0,408.0,5.259181022644043,-3.0307259559631348,-8.289906978607178
745,cb80d11c3532ab20b83037029cb1c2394ea6339f697e7101b9288365e3387903da82dc7d32bb6f1a45d5659f6ffacc187711e06195561c5e4f09721683bbd761,0,hindi_griffinlim_eval_final/fake_hindi_griffinlim/hindi_fake_0745.wav,5.304,0.0,0.0,-3.234856605529785,-3.234856605529785,0.0
746,51ac71db84d066b7c2fe1dd940f0e75602010e8a2c0a23df2b47108a43c6df09aea35278f729be243a1d02576df693c13705cc367b391889be00e5a572b08fb5,1,hindi_griffinlim_eval_final/real_hindi/hindi_real_0746.wav,6.516,32.0,0.0,-2.4961090087890625,-1.7751866579055786,0.7209223508834839
746,51ac71db84d066b7c2fe1dd940f0e75602010e8a2c0a23df2b47108a43c6df09aea35278f729be243a1d02576df693c13705cc367b391889be00e5a572b08fb5,0,hindi_griffinlim_eval_final/fake_hindi_griffinlim/hindi_fake_0746.wav,6.516,0.0,0.0,-0.4908270835876465,-0.4908270835876465,0.0
747,93f71918fbe69cad830cb49211cb10c9344e04ceca427ea39db38c8b5f5f200a4706f0a12646585364ff3b44f3bb75784005797e3e3259fd9579fa985955b3ac,1,hindi_griffinlim_eval_final/real_hindi/hindi_real_0747.wav,3.384,0.0,0.0,-0.02381223812699318,-0.02381223812699318,0.0
747,93f71918fbe69cad830cb49211cb10c9344e04ceca427ea39db38c8b5f5f200a4706f0a12646585364ff3b44f3bb75784005797e3e3259fd9579fa985955b3ac,0,hindi_griffinlim_eval_final/fake_hindi_griffinlim/hindi_fake_0747.wav,3.384,0.0,0.0,-1.7229820489883423,-1.7229820489883423,0.0
748,7a089d86c2c82f061df264f419453e3740e2a7e030b13163f8802012baaa04bb35130896e3ee83c688d07bce1c74d40e83dabdca6a911dc25d15f97ebb75b7e4,1,hindi_griffinlim_eval_final/real_hindi/hindi_real_0748.wav,4.14,576.0,1196.0,5.6495561599731445,-3.3123292922973633,-8.961885452270508
748,7a089d86c2c82f061df264f419453e3740e2a7e030b13163f8802012baaa04bb35130896e3ee83c688d07bce1c74d40e83dabdca6a911dc25d15f97ebb75b7e4,0,hindi_griffinlim_eval_final/fake_hindi_griffinlim/hindi_fake_0748.wav,4.14,0.0,0.0,-0.5486000776290894,-0.5486000776290894,0.0
749,58913ffb4a411d7b14318c0cadbfb8ccdf1ed3dd5c7173b948c382329be9bb3fd15f6a5b863c94639786da4b32fa679087d9b0d4a04711dec86e1b82ed92c369,1,hindi_griffinlim_eval_final/real_hindi/hindi_real_0749.wav,7.668,416.0,1076.0,-4.160357475280762,-5.6960906982421875,-1.5357332229614258
749,58913ffb4a411d7b14318c0cadbfb8ccdf1ed3dd5c7173b948c382329be9bb3fd15f6a5b863c94639786da4b32fa679087d9b0d4a04711dec86e1b82ed92c369,0,hindi_griffinlim_eval_final/fake_hindi_griffinlim/hindi_fake_0749.wav,7.664,416.0,1072.0,-5.918431282043457,-5.856993675231934,0.06143760681152344
750,aae384c088b18eed8da9fe141de09f584054ad55ee2a6514c682c1bd425784ed886c928e35a66fa611ccad98b44274839b2b5f7c3fe678e1c8740cfc90389187,1,hindi_griffinlim_eval_final/real_hindi/hindi_real_0750.wav,2.7,448.0,332.0,0.4933578372001648,-5.223012924194336,-5.716370761394501
750,aae384c088b18eed8da9fe141de09f584054ad55ee2a6514c682c1bd425784ed886c928e35a66fa611ccad98b44274839b2b5f7c3fe678e1c8740cfc90389187,0,hindi_griffinlim_eval_final/fake_hindi_griffinlim/hindi_fake_0750.wav,2.7,0.0,0.0,-5.551633834838867,-5.551633834838867,0.0
751,daa76944376a4ffb1588dd2a305c507bc1b8e14eafbbb1784aba0d0e901a3ceccaa5f1d84909bc13f2ff0ab6c7facb2ac2e487daed3470c7fe44022f33cd2a26,1,hindi_griffinlim_eval_final/real_hindi/hindi_real_0751.wav,4.428,416.0,556.0,2.2582569122314453,0.02624588832259178,-2.2320110239088535
751,daa76944376a4ffb1588dd2a305c507bc1b8e14eafbbb1784aba0d0e901a3ceccaa5f1d84909bc13f2ff0ab6c7facb2ac2e487daed3470c7fe44022f33cd2a26,0,hindi_griffinlim_eval_final/fake_hindi_griffinlim/hindi_fake_0751.wav,4.428,0.0,0.0,-0.30950573086738586,-0.30950573086738586,0.0
752,5ed8ac2780bfa08239e0aaa23e691fbf20930452cfd1163db395388d3dbff09ffc862aedc9ce80763a39a782ecb2ad5f729198b4f8565adbfc50bb5327957cc2,1,hindi_griffinlim_eval_final/real_hindi/hindi_real_0752.wav,6.3,896.0,1788.0,-0.4747130870819092,-5.950614929199219,-5.47590184211731
752,5ed8ac2780bfa08239e0aaa23e691fbf20930452cfd1163db395388d3dbff09ffc862aedc9ce80763a39a782ecb2ad5f729198b4f8565adbfc50bb5327957cc2,0,hindi_griffinlim_eval_final/fake_hindi_griffinlim/hindi_fake_0752.wav,6.3,0.0,0.0,-0.6378776431083679,-0.6378776431083679,0.0
753,1963c5f396b43a02ea6a7cf2cacaafb042bfe53209c711d2325e2e4cfd7185370746e463b5ceb83f9ac807e048b8891b494db95e3bd7eccfbef896877eea9bbc,1,hindi_griffinlim_eval_final/real_hindi/hindi_real_0753.wav,5.76,1312.0,672.0,-0.7843531966209412,-5.9225172996521,-5.1381641030311584
753,1963c5f396b43a02ea6a7cf2cacaafb042bfe53209c711d2325e2e4cfd7185370746e463b5ceb83f9ac807e048b8891b494db95e3bd7eccfbef896877eea9bbc,0,hindi_griffinlim_eval_final/fake_hindi_griffinlim/hindi_fake_0753.wav,5.76,0.0,0.0,-5.557046890258789,-5.557046890258789,0.0
754,6f3cdaef649635685d3a90ee62bab981848e6ed6f25f28b9b43c2f3d4ac51b4e42a36ead3b4b83add1e9bd60f0c66f05ecfe7c7c5154b6345a1c2f1c85b32fa8,1,hindi_griffinlim_eval_final/real_hindi/hindi_real_0754.wav,4.068,960.0,900.0,5.784666061401367,-3.785904884338379,-9.570570945739746
754,6f3cdaef649635685d3a90ee62bab981848e6ed6f25f28b9b43c2f3d4ac51b4e42a36ead3b4b83add1e9bd60f0c66f05ecfe7c7c5154b6345a1c2f1c85b32fa8,0,hindi_griffinlim_eval_final/fake_hindi_griffinlim/hindi_fake_0754.wav,4.068,0.0,0.0,-4.544483184814453,-4.544483184814453,0.0
755,5910123d516315dfc2a43523d5cbc63444096a4cd38bb8b772155e3c51fb2f1eb673beaa1603de242ad8aa5dafe9d0ebd85a1c02bc6a7ee45e636585932306ae,1,hindi_griffinlim_eval_final/real_hindi/hindi_real_0755.wav,4.284,160.0,0.0,5.9781084060668945,5.290805816650391,-0.6873025894165039
755,5910123d516315dfc2a43523d5cbc63444096a4cd38bb8b772155e3c51fb2f1eb673beaa1603de242ad8aa5dafe9d0ebd85a1c02bc6a7ee45e636585932306ae,0,hindi_griffinlim_eval_final/fake_hindi_griffinlim/hindi_fake_0755.wav,4.284,0.0,0.0,6.983325958251953,6.983325958251953,0.0
756,4f7f65a3c1d0ad3bc8c1b1b9d1f99a33e4785aac4a57bf5803876af5b7bd8c4d96f9ce70fa5d287f0aa26fa4aa86e8572fa595a5554dc71ae32d82496237da62,1,hindi_griffinlim_eval_final/real_hindi/hindi_real_0756.wav,5.088,800.0,832.0,3.83213210105896,-4.241858005523682,-8.073990106582642
756,4f7f65a3c1d0ad3bc8c1b1b9d1f99a33e4785aac4a57bf5803876af5b7bd8c4d96f9ce70fa5d287f0aa26fa4aa86e8572fa595a5554dc71ae32d82496237da62,0,hindi_griffinlim_eval_final/fake_hindi_griffinlim/hindi_fake_0756.wav,5.088,800.0,832.0,3.1077213287353516,-5.702051639556885,-8.809772968292236
757,53c5dd7ebb08179dca2b5f3992b991b3d28288202e01a950d1e70510db84b5cdf9cb5e72803a4212e7428e60b2ddda26a81dbdc01410725d0d6de265d86cb530,1,hindi_griffinlim_eval_final/real_hindi/hindi_real_0757.wav,4.716,576.0,908.0,4.2793097496032715,-4.265929698944092,-8.545239448547363
757,53c5dd7ebb08179dca2b5f3992b991b3d28288202e01a950d1e70510db84b5cdf9cb5e72803a4212e7428e60b2ddda26a81dbdc01410725d0d6de265d86cb530,0,hindi_griffinlim_eval_final/fake_hindi_griffinlim/hindi_fake_0757.wav,4.716,0.0,0.0,-0.7544346451759338,-0.7544346451759338,0.0
758,47de2452e6533a1ac8008a109922c7796071e6e7184f269fea46f1c268cfea53c4370dc1ad37390e369be03a0da5f16fbb9a2a141b8fc250384fa18fb23deae4,1,hindi_griffinlim_eval_final/real_hindi/hindi_real_0758.wav,6.696,0.0,8.0,1.706080436706543,1.706080436706543,0.0
758,47de2452e6533a1ac8008a109922c7796071e6e7184f269fea46f1c268cfea53c4370dc1ad37390e369be03a0da5f16fbb9a2a141b8fc250384fa18fb23deae4,0,hindi_griffinlim_eval_final/fake_hindi_griffinlim/hindi_fake_0758.wav,6.696,0.0,0.0,6.431336402893066,6.431336402893066,0.0
759,389842e0cd33cfb9876ef3d2f0e50eb0d9842d3a72efb647244e2cab4f456609c2fe3c3584b5307808cc70d8a9f6cbc18617ef2eadf45ed518b03c0dee8dfd87,1,hindi_griffinlim_eval_final/real_hindi/hindi_real_0759.wav,4.296,1184.0,2056.0,5.258967876434326,-5.013642311096191,-10.272610187530518
759,389842e0cd33cfb9876ef3d2f0e50eb0d9842d3a72efb647244e2cab4f456609c2fe3c3584b5307808cc70d8a9f6cbc18617ef2eadf45ed518b03c0dee8dfd87,0,hindi_griffinlim_eval_final/fake_hindi_griffinlim/hindi_fake_0759.wav,4.296,0.0,0.0,3.131957769393921,3.131957769393921,0.0
760,551ead2654838dfeb5faff96cbcc6d7ca4ac208e9f84293d31d5c89ae3e612bcc525e7f2cc8a050c834c1d550d9880c84e908cf0c4e90a885b36001c989f7aa6,1,hindi_griffinlim_eval_final/real_hindi/hindi_real_0760.wav,5.04,1152.0,1264.0,5.139102935791016,-5.247401237487793,-10.386504173278809
760,551ead2654838dfeb5faff96cbcc6d7ca4ac208e9f84293d31d5c89ae3e612bcc525e7f2cc8a050c834c1d550d9880c84e908cf0c4e90a885b36001c989f7aa6,0,hindi_griffinlim_eval_final/fake_hindi_griffinlim/hindi_fake_0760.wav,5.04,0.0,0.0,-0.5228936672210693,-0.5228936672210693,0.0
761,df520ae6630f89c5941ffecf315f19953bdca51d6b7beb825aacd71405cc44f29ad01463f8b079cb10faf201b544d74dfd136f3353babacd39f80623d2c64bb7,1,hindi_griffinlim_eval_final/real_hindi/hindi_real_0761.wav,5.94,0.0,1012.0,5.097538948059082,5.097538948059082,0.0
761,df520ae6630f89c5941ffecf315f19953bdca51d6b7beb825aacd71405cc44f29ad01463f8b079cb10faf201b544d74dfd136f3353babacd39f80623d2c64bb7,0,hindi_griffinlim_eval_final/fake_hindi_griffinlim/hindi_fake_0761.wav,5.94,0.0,0.0,-1.54289972782135,-1.54289972782135,0.0
762,a77463c4923319faa0aa9e316c75a0c0b8b57506ca68d5ae159872b937710f58e5559c8f319e0d9b23c3c80f7bff29a739634859ac38c3cb38e1f278cc7d4b97,1,hindi_griffinlim_eval_final/real_hindi/hindi_real_0762.wav,5.4,448.0,344.0,1.966910719871521,-3.7413413524627686,-5.7082520723342896
762,a77463c4923319faa0aa9e316c75a0c0b8b57506ca68d5ae159872b937710f58e5559c8f319e0d9b23c3c80f7bff29a739634859ac38c3cb38e1f278cc7d4b97,0,hindi_griffinlim_eval_final/fake_hindi_griffinlim/hindi_fake_0762.wav,5.4,0.0,0.0,0.002997513860464096,0.002997513860464096,0.0
763,038cbd3b3ba6f4aa92f2c4c86ba365b95aeb66bfafd37c2803b769b28c260573e0387b85d8ce77f0fea215ffc971b366a14916fe782fc7b0c238062ec238b0c3,1,hindi_griffinlim_eval_final/real_hindi/hindi_real_0763.wav,4.86,1152.0,0.0,5.010528087615967,-0.33548209071159363,-5.34601017832756
763,038cbd3b3ba6f4aa92f2c4c86ba365b95aeb66bfafd37c2803b769b28c260573e0387b85d8ce77f0fea215ffc971b366a14916fe782fc7b0c238062ec238b0c3,0,hindi_griffinlim_eval_final/fake_hindi_griffinlim/hindi_fake_0763.wav,4.86,0.0,0.0,4.042397499084473,4.042397499084473,0.0
764,f4acf13791d1ffc57965afc160c66ab08985a745fc07997aced0be646a308c8b8c3f851c7143204d02449b094fd7811bc980a05b337acdadb7e2a83dd9c9c2bb,1,hindi_griffinlim_eval_final/real_hindi/hindi_real_0764.wav,3.42,32.0,860.0,-6.039811134338379,-6.002275466918945,0.037535667419433594
764,f4acf13791d1ffc57965afc160c66ab08985a745fc07997aced0be646a308c8b8c3f851c7143204d02449b094fd7811bc980a05b337acdadb7e2a83dd9c9c2bb,0,hindi_griffinlim_eval_final/fake_hindi_griffinlim/hindi_fake_0764.wav,3.42,0.0,0.0,-4.891259670257568,-4.891259670257568,0.0
765,2d27b396006a861ca7b1d045b46c33a62ae2f394d1da44c60a21ec6da2cbb9bbd3c7db23f5bdf57b185987f7c6157ac50f6af45751dff9a96bafc3fe6b5bea2e,1,hindi_griffinlim_eval_final/real_hindi/hindi_real_0765.wav,5.796,832.0,228.0,-0.7504504919052124,-2.541073799133301,-1.7906233072280884
765,2d27b396006a861ca7b1d045b46c33a62ae2f394d1da44c60a21ec6da2cbb9bbd3c7db23f5bdf57b185987f7c6157ac50f6af45751dff9a96bafc3fe6b5bea2e,0,hindi_griffinlim_eval_final/fake_hindi_griffinlim/hindi_fake_0765.wav,5.796,0.0,0.0,-1.6128777265548706,-1.6128777265548706,0.0
766,c0c130a042ca336930590bd4ee7ac3a1ddc31953a4a5848ca2b8dc92142e738a1624463ce88100c1acf4fd19242bfcfc04b6c62c0f89e7a958ff9f02f6520a51,1,hindi_griffinlim_eval_final/real_hindi/hindi_real_0766.wav,7.308,896.0,1100.0,5.988986015319824,-1.7939105033874512,-7.782896518707275
766,c0c130a042ca336930590bd4ee7ac3a1ddc31953a4a5848ca2b8dc92142e738a1624463ce88100c1acf4fd19242bfcfc04b6c62c0f89e7a958ff9f02f6520a51,0,hindi_griffinlim_eval_final/fake_hindi_griffinlim/hindi_fake_0766.wav,7.308,0.0,0.0,-0.4881945252418518,-0.4881945252418518,0.0
767,0f018a99663f33afbb7d38aee281fb1afcfd07f9e7acd00383f604e1e17c38d6ed8adf1bd2ccbf927a52c5adefb8ac4b158ce27a7c2ed9581e71202eb302dfb3,1,hindi_griffinlim_eval_final/real_hindi/hindi_real_0767.wav,6.696,1184.0,1064.0,1.5041955709457397,-5.624406337738037,-7.128601908683777
767,0f018a99663f33afbb7d38aee281fb1afcfd07f9e7acd00383f604e1e17c38d6ed8adf1bd2ccbf927a52c5adefb8ac4b158ce27a7c2ed9581e71202eb302dfb3,0,hindi_griffinlim_eval_final/fake_hindi_griffinlim/hindi_fake_0767.wav,6.688,1184.0,1056.0,-0.2279411405324936,-5.772557258605957,-5.544616118073463
768,389842e0cd33cfb9876ef3d2f0e50eb0d9842d3a72efb647244e2cab4f456609c2fe3c3584b5307808cc70d8a9f6cbc18617ef2eadf45ed518b03c0dee8dfd87,1,hindi_griffinlim_eval_final/real_hindi/hindi_real_0768.wav,7.536,1472.0,80.0,5.503727436065674,3.191770553588867,-2.3119568824768066
768,389842e0cd33cfb9876ef3d2f0e50eb0d9842d3a72efb647244e2cab4f456609c2fe3c3584b5307808cc70d8a9f6cbc18617ef2eadf45ed518b03c0dee8dfd87,0,hindi_griffinlim_eval_final/fake_hindi_griffinlim/hindi_fake_0768.wav,7.536,0.0,0.0,-2.399163007736206,-2.399163007736206,0.0
769,a3c9eb18e51d74ec5fbf9ca9ca1d5edf24c691d0f685ef2ffc8689d107710a300eec2172a79cc039b119ebc451ab794cb8519ce2d3c37209c7f24649089a7fc2,1,hindi_griffinlim_eval_final/real_hindi/hindi_real_0769.wav,3.132,64.0,60.0,5.585537910461426,5.669314384460449,0.08377647399902344
769,a3c9eb18e51d74ec5fbf9ca9ca1d5edf24c691d0f685ef2ffc8689d107710a300eec2172a79cc039b119ebc451ab794cb8519ce2d3c37209c7f24649089a7fc2,0,hindi_griffinlim_eval_final/fake_hindi_griffinlim/hindi_fake_0769.wav,3.132,0.0,0.0,4.292633533477783,4.292633533477783,0.0
770,c7a77aac9398049c593a06e3bde552061eb033612d2266a548202cc8790a06dd5c5c4fb002e8013ef38f94abed95b3bea0e56c4cb6aa8deecf7c63373764826d,1,hindi_griffinlim_eval_final/real_hindi/hindi_real_0770.wav,5.328,640.0,304.0,-1.225775122642517,-6.034621238708496,-4.808846116065979
770,c7a77aac9398049c593a06e3bde552061eb033612d2266a548202cc8790a06dd5c5c4fb002e8013ef38f94abed95b3bea0e56c4cb6aa8deecf7c63373764826d,0,hindi_griffinlim_eval_final/fake_hindi_griffinlim/hindi_fake_0770.wav,5.328,0.0,0.0,-5.929985046386719,-5.929985046386719,0.0
771,36062260d676bde6039ce120c376465b2bd64e0699bac4f5ccf693568a39376a0cbc895a1c3ad2b74de0236420dc51f0dc3bc8d7f1fcac394756286a2c426056,1,hindi_griffinlim_eval_final/real_hindi/hindi_real_0771.wav,7.02,0.0,940.0,1.4246488809585571,1.4246488809585571,0.0
771,36062260d676bde6039ce120c376465b2bd64e0699bac4f5ccf693568a39376a0cbc895a1c3ad2b74de0236420dc51f0dc3bc8d7f1fcac394756286a2c426056,0,hindi_griffinlim_eval_final/fake_hindi_griffinlim/hindi_fake_0771.wav,7.008,0.0,928.0,-2.0820329189300537,-2.0820329189300537,0.0
772,4f7f65a3c1d0ad3bc8c1b1b9d1f99a33e4785aac4a57bf5803876af5b7bd8c4d96f9ce70fa5d287f0aa26fa4aa86e8572fa595a5554dc71ae32d82496237da62,1,hindi_griffinlim_eval_final/real_hindi/hindi_real_0772.wav,3.864,928.0,696.0,5.287795066833496,-4.29256534576416,-9.580360412597656
772,4f7f65a3c1d0ad3bc8c1b1b9d1f99a33e4785aac4a57bf5803876af5b7bd8c4d96f9ce70fa5d287f0aa26fa4aa86e8572fa595a5554dc71ae32d82496237da62,0,hindi_griffinlim_eval_final/fake_hindi_griffinlim/hindi_fake_0772.wav,3.856,928.0,688.0,3.793212413787842,-4.822649002075195,-8.615861415863037
773,2b0295a46df33cca7111334e28048e4ca8856ac39e51ceba5d127c2defec2c84aa3dbbe0b2cd9a0057a3710d4ca5936186ac62306a21dbc4f493acb9486d1452,1,hindi_griffinlim_eval_final/real_hindi/hindi_real_0773.wav,6.66,544.0,1060.0,1.9903262853622437,-3.7282872200012207,-5.718613505363464
773,2b0295a46df33cca7111334e28048e4ca8856ac39e51ceba5d127c2defec2c84aa3dbbe0b2cd9a0057a3710d4ca5936186ac62306a21dbc4f493acb9486d1452,0,hindi_griffinlim_eval_final/fake_hindi_griffinlim/hindi_fake_0773.wav,6.66,0.0,0.0,3.782794952392578,3.782794952392578,0.0
774,cc1693f2d0cabb0990f6510436b2406fbe0c4858c27f2c0b104c5f5c2499816770058f47af5d1bee60ed9027a18d60ad2e9dec2e2c3476373afe61afa078a3a4,1,hindi_griffinlim_eval_final/real_hindi/hindi_real_0774.wav,5.832,640.0,1000.0,5.995012283325195,5.1118035316467285,-0.8832087516784668
774,cc1693f2d0cabb0990f6510436b2406fbe0c4858c27f2c0b104c5f5c2499816770058f47af5d1bee60ed9027a18d60ad2e9dec2e2c3476373afe61afa078a3a4,0,hindi_griffinlim_eval_final/fake_hindi_griffinlim/hindi_fake_0774.wav,5.832,0.0,0.0,4.8941240310668945,4.8941240310668945,0.0
775,984398a9ba94c5ce43b621c6fee2c6092d5ea3632e0b605bf206a5ae59eba42401dbc36603073eec2117374293d2675a9847d91f1c71deeeeee7c5202840a1ea,1,hindi_griffinlim_eval_final/real_hindi/hindi_real_0775.wav,6.504,32.0,40.0,2.513411283493042,3.5622613430023193,1.0488500595092773
775,984398a9ba94c5ce43b621c6fee2c6092d5ea3632e0b605bf206a5ae59eba42401dbc36603073eec2117374293d2675a9847d91f1c71deeeeee7c5202840a1ea,0,hindi_griffinlim_eval_final/fake_hindi_griffinlim/hindi_fake_0775.wav,6.504,0.0,0.0,1.1451932191848755,1.1451932191848755,0.0
776,b4069adc243cc7836a2bf30d44984b772c144f867bb92b4226209bcdc0783ee26b25bf51d2c4e42b8af14bfe3d183fb5aed4fd783bddc50d124f0970cce3dcd8,1,hindi_griffinlim_eval_final/real_hindi/hindi_real_0776.wav,7.308,800.0,748.0,3.101165294647217,-4.855757713317871,-7.956923007965088
776,b4069adc243cc7836a2bf30d44984b772c144f867bb92b4226209bcdc0783ee26b25bf51d2c4e42b8af14bfe3d183fb5aed4fd783bddc50d124f0970cce3dcd8,0,hindi_griffinlim_eval_final/fake_hindi_griffinlim/hindi_fake_0776.wav,7.308,0.0,0.0,-5.697859764099121,-5.697859764099121,0.0
777,6ebad08c5960e5ac3ec20197f173828d6da580b660c01794cdd4270089cdd590b3d512277ba38e372e860e7e9e9d9621fbeec2edd3ab07dcfe713a646c246543,1,hindi_griffinlim_eval_final/real_hindi/hindi_real_0777.wav,4.968,224.0,1544.0,-0.4942820072174072,-5.254152297973633,-4.759870290756226
777,6ebad08c5960e5ac3ec20197f173828d6da580b660c01794cdd4270089cdd590b3d512277ba38e372e860e7e9e9d9621fbeec2edd3ab07dcfe713a646c246543,0,hindi_griffinlim_eval_final/fake_hindi_griffinlim/hindi_fake_0777.wav,4.968,0.0,0.0,-3.095722198486328,-3.095722198486328,0.0
778,9564825a0829d21edd512e0523b3dccf946f9cd0f8b90c2589961c1867f2100b337df3df56dcee0dbdc7b4f23de4dc7d2af884dea2f7a3f6a3f3dc081879acfa,1,hindi_griffinlim_eval_final/real_hindi/hindi_real_0778.wav,6.048,96.0,224.0,5.935664653778076,5.883090972900391,-0.05257368087768555
778,9564825a0829d21edd512e0523b3dccf946f9cd0f8b90c2589961c1867f2100b337df3df56dcee0dbdc7b4f23de4dc7d2af884dea2f7a3f6a3f3dc081879acfa,0,hindi_griffinlim_eval_final/fake_hindi_griffinlim/hindi_fake_0778.wav,6.048,0.0,0.0,3.7519373893737793,3.7519373893737793,0.0
779,eb0cf518c980fbaafc44b52459e6edc777cf01758412dc63e1de49438b83b2d292941510deee22dd7111854884991b9e9fc276183f07dc59d4a6c8174d8da2dd,1,hindi_griffinlim_eval_final/real_hindi/hindi_real_0779.wav,4.68,1056.0,136.0,5.36994743347168,-3.202880382537842,-8.572827816009521
779,eb0cf518c980fbaafc44b52459e6edc777cf01758412dc63e1de49438b83b2d292941510deee22dd7111854884991b9e9fc276183f07dc59d4a6c8174d8da2dd,0,hindi_griffinlim_eval_final/fake_hindi_griffinlim/hindi_fake_0779.wav,4.68,0.0,0.0,-0.3478909730911255,-0.3478909730911255,0.0
780,ecc7e59a32c148c0940caf49e33b11c6c9cbcd065d19c3a636df8798f9a2b79eec188e8b8ec5c0ba3212d762cde863f145957a01d44291181826e1579efbcf79,1,hindi_griffinlim_eval_final/real_hindi/hindi_real_0780.wav,6.336,0.0,0.0,0.3391530215740204,0.3391530215740204,0.0
780,ecc7e59a32c148c0940caf49e33b11c6c9cbcd065d19c3a636df8798f9a2b79eec188e8b8ec5c0ba3212d762cde863f145957a01d44291181826e1579efbcf79,0,hindi_griffinlim_eval_final/fake_hindi_griffinlim/hindi_fake_0780.wav,6.336,0.0,0.0,6.487942695617676,6.487942695617676,0.0
781,b4c5626549de1a6d4b4aba5a71a46743d0f4d2d8e112428305e445a3d5b788f2ef545a304cb9af7dea34e244041ba584beebde36bf5d5c4f816500371016a63d,1,hindi_griffinlim_eval_final/real_hindi/hindi_real_0781.wav,5.04,64.0,752.0,1.8012019395828247,1.445005178451538,-0.3561967611312866
781,b4c5626549de1a6d4b4aba5a71a46743d0f4d2d8e112428305e445a3d5b788f2ef545a304cb9af7dea34e244041ba584beebde36bf5d5c4f816500371016a63d,0,hindi_griffinlim_eval_final/fake_hindi_griffinlim/hindi_fake_0781.wav,5.04,0.0,0.0,-3.3891849517822266,-3.3891849517822266,0.0
782,ef72dad515c406393c07ffac9b57e6cd1e83073c82a001d49ea19a30fd9976d0d50d4c5cffcfdbec8ea222c152695775d85c227194f2e56516531e1c8e76ff70,1,hindi_griffinlim_eval_final/real_hindi/hindi_real_0782.wav,3.312,832.0,1200.0,5.891044616699219,-4.9120659828186035,-10.803110599517822
782,ef72dad515c406393c07ffac9b57e6cd1e83073c82a001d49ea19a30fd9976d0d50d4c5cffcfdbec8ea222c152695775d85c227194f2e56516531e1c8e76ff70,0,hindi_griffinlim_eval_final/fake_hindi_griffinlim/hindi_fake_0782.wav,3.312,832.0,1200.0,5.694984436035156,-5.003148078918457,-10.698132514953613
783,038cbd3b3ba6f4aa92f2c4c86ba365b95aeb66bfafd37c2803b769b28c260573e0387b85d8ce77f0fea215ffc971b366a14916fe782fc7b0c238062ec238b0c3,1,hindi_griffinlim_eval_final/real_hindi/hindi_real_0783.wav,4.968,128.0,264.0,4.969779014587402,4.4572858810424805,-0.5124931335449219
783,038cbd3b3ba6f4aa92f2c4c86ba365b95aeb66bfafd37c2803b769b28c260573e0387b85d8ce77f0fea215ffc971b366a14916fe782fc7b0c238062ec238b0c3,0,hindi_griffinlim_eval_final/fake_hindi_griffinlim/hindi_fake_0783.wav,4.968,0.0,0.0,-0.5673136115074158,-0.5673136115074158,0.0
784,758b942bfaf2837bafb0696d5ebc123856f4841aed4dc9d31bb010e7a67246791cda1685a1f4de659ed10843f3be1d227e8f4935ca088afa8531c61ab5bbed26,1,hindi_griffinlim_eval_final/real_hindi/hindi_real_0784.wav,7.956,1344.0,340.0,1.587748408317566,-5.888424396514893,-7.4761728048324585
784,758b942bfaf2837bafb0696d5ebc123856f4841aed4dc9d31bb010e7a67246791cda1685a1f4de659ed10843f3be1d227e8f4935ca088afa8531c61ab5bbed26,0,hindi_griffinlim_eval_final/fake_hindi_griffinlim/hindi_fake_0784.wav,7.956,0.0,0.0,-1.4445205926895142,-1.4445205926895142,0.0
785,d002200225d5b38de9dd8b95e9fb77c24724f8a56ee0b31f6ee2260b5636a1e23c0fadcae1156f88b703128798bd749901930f35e839ea2a2bb2bcb8afe5cc74,1,hindi_griffinlim_eval_final/real_hindi/hindi_real_0785.wav,5.076,960.0,628.0,3.867084264755249,-2.5362391471862793,-6.403323411941528
785,d002200225d5b38de9dd8b95e9fb77c24724f8a56ee0b31f6ee2260b5636a1e23c0fadcae1156f88b703128798bd749901930f35e839ea2a2bb2bcb8afe5cc74,0,hindi_griffinlim_eval_final/fake_hindi_griffinlim/hindi_fake_0785.wav,5.076,0.0,0.0,-2.0368669033050537,-2.0368669033050537,0.0
786,76ae0779e8b42a6cebddc96f1c8be8cd17dc128ea3dc6c77c1afef491eb3334aec08ac644ce6b553783bec6530bcd7a8d7869d249d8fc4cbf394c176c2a03fe0,1,hindi_griffinlim_eval_final/real_hindi/hindi_real_0786.wav,3.924,576.0,1588.0,5.894656181335449,-4.825708866119385,-10.720365047454834
786,76ae0779e8b42a6cebddc96f1c8be8cd17dc128ea3dc6c77c1afef491eb3334aec08ac644ce6b553783bec6530bcd7a8d7869d249d8fc4cbf394c176c2a03fe0,0,hindi_griffinlim_eval_final/fake_hindi_griffinlim/hindi_fake_0786.wav,3.924,0.0,0.0,1.1265703439712524,1.1265703439712524,0.0
787,f398e532c4307d0fb6f23dda4b599e05c8483a5211aab4dba56e24a0acc89810af5b98cc96afe0b55fdee3b41250c05571fa3d170e517213e71e52e481a80df1,1,hindi_griffinlim_eval_final/real_hindi/hindi_real_0787.wav,3.096,480.0,792.0,4.211391925811768,-5.339925289154053,-9.55131721496582
787,f398e532c4307d0fb6f23dda4b599e05c8483a5211aab4dba56e24a0acc89810af5b98cc96afe0b55fdee3b41250c05571fa3d170e517213e71e52e481a80df1,0,hindi_griffinlim_eval_final/fake_hindi_griffinlim/hindi_fake_0787.wav,3.096,0.0,0.0,-1.640466332435608,-1.640466332435608,0.0
788,9f2ff0bc50ccd0ab79eed640359ccb9c1016d458fcfda044203f727fd8063bca505d1f650c0a66a096c753381ca88026043ab86554e6f9229362771eb98cebad,1,hindi_griffinlim_eval_final/real_hindi/hindi_real_0788.wav,4.14,1344.0,1132.0,5.009451389312744,-4.278421878814697,-9.287873268127441
788,9f2ff0bc50ccd0ab79eed640359ccb9c1016d458fcfda044203f727fd8063bca505d1f650c0a66a096c753381ca88026043ab86554e6f9229362771eb98cebad,0,hindi_griffinlim_eval_final/fake_hindi_griffinlim/hindi_fake_0788.wav,4.14,0.0,0.0,3.1449708938598633,3.1449708938598633,0.0
789,8023dc679c28a4172456d8e4b741aba9ed1895ba41b8cd0fd18f02c6775991869a2b8c2802e6ee72defb8caf5ec8ccad0b6fe8fa2b264bb9448ebca8b25c5989,1,hindi_griffinlim_eval_final/real_hindi/hindi_real_0789.wav,7.02,416.0,812.0,-0.17918440699577332,-1.3566442728042603,-1.177459865808487
789,8023dc679c28a4172456d8e4b741aba9ed1895ba41b8cd0fd18f02c6775991869a2b8c2802e6ee72defb8caf5ec8ccad0b6fe8fa2b264bb9448ebca8b25c5989,0,hindi_griffinlim_eval_final/fake_hindi_griffinlim/hindi_fake_0789.wav,7.02,0.0,0.0,-0.6847477555274963,-0.6847477555274963,0.0
790,00d8f7a5ea747472015787836b4694d24375a49cf2ca78088c1d29494110637aafa66bc0d135549c19cfc68886760475c2ae2584673c8d57e77eb82d3ddd6109,1,hindi_griffinlim_eval_final/real_hindi/hindi_real_0790.wav,6.66,1280.0,644.0,-1.6075369119644165,-6.036008834838867,-4.428471922874451
790,00d8f7a5ea747472015787836b4694d24375a49cf2ca78088c1d29494110637aafa66bc0d135549c19cfc68886760475c2ae2584673c8d57e77eb82d3ddd6109,0,hindi_griffinlim_eval_final/fake_hindi_griffinlim/hindi_fake_0790.wav,6.66,0.0,0.0,-3.3573498725891113,-3.3573498725891113,0.0
791,34e28668a9c620bcc5172c529794512391e8e08541348c8a084034b7d2648cd193246c3828994fdfb3422d558dfd427518de5b346849457179d617c215efd45e,1,hindi_griffinlim_eval_final/real_hindi/hindi_real_0791.wav,4.536,1408.0,664.0,3.979006290435791,-5.475130558013916,-9.454136848449707
791,34e28668a9c620bcc5172c529794512391e8e08541348c8a084034b7d2648cd193246c3828994fdfb3422d558dfd427518de5b346849457179d617c215efd45e,0,hindi_griffinlim_eval_final/fake_hindi_griffinlim/hindi_fake_0791.wav,4.536,0.0,0.0,3.9555447101593018,3.9555447101593018,0.0
792,5ed8ac2780bfa08239e0aaa23e691fbf20930452cfd1163db395388d3dbff09ffc862aedc9ce80763a39a782ecb2ad5f729198b4f8565adbfc50bb5327957cc2,1,hindi_griffinlim_eval_final/real_hindi/hindi_real_0792.wav,4.896,864.0,1056.0,0.07889999449253082,-5.637823104858398,-5.716723099350929
792,5ed8ac2780bfa08239e0aaa23e691fbf20930452cfd1163db395388d3dbff09ffc862aedc9ce80763a39a782ecb2ad5f729198b4f8565adbfc50bb5327957cc2,0,hindi_griffinlim_eval_final/fake_hindi_griffinlim/hindi_fake_0792.wav,4.896,0.0,0.0,-4.641395568847656,-4.641395568847656,0.0
793,56ba5616ef927a5c046387ad41208d615386a7bf95a3752a607516baf5fcc8fa5a93d8319617fcece315e6fc4a611dc2c2a3ec78a7e0244368ddcba4c2bfee0a,1,hindi_griffinlim_eval_final/real_hindi/hindi_real_0793.wav,6.66,1088.0,36.0,5.28573751449585,4.136527061462402,-1.1492104530334473
793,56ba5616ef927a5c046387ad41208d615386a7bf95a3752a607516baf5fcc8fa5a93d8319617fcece315e6fc4a611dc2c2a3ec78a7e0244368ddcba4c2bfee0a,0,hindi_griffinlim_eval_final/fake_hindi_griffinlim/hindi_fake_0793.wav,6.66,0.0,0.0,1.1935851573944092,1.1935851573944092,0.0
794,eb0cf518c980fbaafc44b52459e6edc777cf01758412dc63e1de49438b83b2d292941510deee22dd7111854884991b9e9fc276183f07dc59d4a6c8174d8da2dd,1,hindi_griffinlim_eval_final/real_hindi/hindi_real_0794.wav,3.384,768.0,728.0,5.38481330871582,-3.2225916385650635,-8.607404947280884
794,eb0cf518c980fbaafc44b52459e6edc777cf01758412dc63e1de49438b83b2d292941510deee22dd7111854884991b9e9fc276183f07dc59d4a6c8174d8da2dd,0,hindi_griffinlim_eval_final/fake_hindi_griffinlim/hindi_fake_0794.wav,3.384,0.0,0.0,0.602610170841217,0.602610170841217,0.0
795,0d095340640de1eed083de79682cd69d43729d60e08c0a6819dd49b8f15d143165cd66c8061dffa3ce372d4356c10e0bc5cc1a3a224cbe7e1cfeca4c5cfb413d,1,hindi_griffinlim_eval_final/real_hindi/hindi_real_0795.wav,6.408,736.0,0.0,1.0594202280044556,-5.8630852699279785,-6.922505497932434
795,0d095340640de1eed083de79682cd69d43729d60e08c0a6819dd49b8f15d143165cd66c8061dffa3ce372d4356c10e0bc5cc1a3a224cbe7e1cfeca4c5cfb413d,0,hindi_griffinlim_eval_final/fake_hindi_griffinlim/hindi_fake_0795.wav,6.408,0.0,0.0,5.860121726989746,5.860121726989746,0.0
796,0303022c144407f09d8f97be16ba6f2c41ac249e162b24f7d213f0c8a10c4235a4dbd0f53c4d6bcd674ea939898fa29d241a0c183c8f8b5963f55ea5a5327379,1,hindi_griffinlim_eval_final/real_hindi/hindi_real_0796.wav,6.264,416.0,1272.0,5.055023670196533,3.9616825580596924,-1.0933411121368408
796,0303022c144407f09d8f97be16ba6f2c41ac249e162b24f7d213f0c8a10c4235a4dbd0f53c4d6bcd674ea939898fa29d241a0c183c8f8b5963f55ea5a5327379,0,hindi_griffinlim_eval_final/fake_hindi_griffinlim/hindi_fake_0796.wav,6.264,0.0,0.0,5.294081687927246,5.294081687927246,0.0
797,a3c9eb18e51d74ec5fbf9ca9ca1d5edf24c691d0f685ef2ffc8689d107710a300eec2172a79cc039b119ebc451ab794cb8519ce2d3c37209c7f24649089a7fc2,1,hindi_griffinlim_eval_final/real_hindi/hindi_real_0797.wav,3.24,64.0,8.0,3.590064287185669,3.1465420722961426,-0.44352221488952637
797,a3c9eb18e51d74ec5fbf9ca9ca1d5edf24c691d0f685ef2ffc8689d107710a300eec2172a79cc039b119ebc451ab794cb8519ce2d3c37209c7f24649089a7fc2,0,hindi_griffinlim_eval_final/fake_hindi_griffinlim/hindi_fake_0797.wav,3.24,0.0,0.0,0.23707352578639984,0.23707352578639984,0.0
798,461059307d756b80d08835b893bbee0e93e8cf237db0b4ba90a0b34adfa5ee77c44a3777d5a0c19d7a920260f7fd54fdd84661371abe9ece4b08ea2624146827,1,hindi_griffinlim_eval_final/real_hindi/hindi_real_0798.wav,4.896,448.0,800.0,0.7902357578277588,-5.652414321899414,-6.442650079727173
798,461059307d756b80d08835b893bbee0e93e8cf237db0b4ba90a0b34adfa5ee77c44a3777d5a0c19d7a920260f7fd54fdd84661371abe9ece4b08ea2624146827,0,hindi_griffinlim_eval_final/fake_hindi_griffinlim/hindi_fake_0798.wav,4.896,0.0,0.0,-0.9746323823928833,-0.9746323823928833,0.0
799,1963c5f396b43a02ea6a7cf2cacaafb042bfe53209c711d2325e2e4cfd7185370746e463b5ceb83f9ac807e048b8891b494db95e3bd7eccfbef896877eea9bbc,1,hindi_griffinlim_eval_final/real_hindi/hindi_real_0799.wav,5.04,800.0,720.0,2.3631060123443604,-5.665962219238281,-8.029068231582642
799,1963c5f396b43a02ea6a7cf2cacaafb042bfe53209c711d2325e2e4cfd7185370746e463b5ceb83f9ac807e048b8891b494db95e3bd7eccfbef896877eea9bbc,0,hindi_griffinlim_eval_final/fake_hindi_griffinlim/hindi_fake_0799.wav,5.04,0.0,0.0,-3.3158621788024902,-3.3158621788024902,0.0
800,16c775b5ac1a75459692a8e2c553ec084df96439cf53c5129ce1e5c20a9a04d3ed23204cf582fe74c9dc12a473fb3072139ea313cee5ce51c0d17acf8cd16333,1,hindi_griffinlim_eval_final/real_hindi/hindi_real_0800.wav,5.472,64.0,928.0,0.04111393913626671,1.6047471761703491,1.5636332370340824
800,16c775b5ac1a75459692a8e2c553ec084df96439cf53c5129ce1e5c20a9a04d3ed23204cf582fe74c9dc12a473fb3072139ea313cee5ce51c0d17acf8cd16333,0,hindi_griffinlim_eval_final/fake_hindi_griffinlim/hindi_fake_0800.wav,5.472,0.0,0.0,4.25242280960083,4.25242280960083,0.0
801,6990e943cefc8a2ed3e12aa2c2a781793096d1aaf311b175943b3029333a59e74f30086965cfb6f7db8b79b431c41a44e6b4aa3f806707fc0c4e5da883dd1d54,1,hindi_griffinlim_eval_final/real_hindi/hindi_real_0801.wav,5.76,992.0,800.0,3.247903347015381,-5.226466655731201,-8.474370002746582
801,6990e943cefc8a2ed3e12aa2c2a781793096d1aaf311b175943b3029333a59e74f30086965cfb6f7db8b79b431c41a44e6b4aa3f806707fc0c4e5da883dd1d54,0,hindi_griffinlim_eval_final/fake_hindi_griffinlim/hindi_fake_0801.wav,5.76,0.0,0.0,-2.8638737201690674,-2.8638737201690674,0.0
802,ae1ae84ba2341eb4c7c3fa47026ddc0b784387b58fa28c0a69f32c966e590141de3da70921c65c3477fb49575fab03213843d087f177422adb685978ca5c4b13,1,hindi_griffinlim_eval_final/real_hindi/hindi_real_0802.wav,3.816,704.0,872.0,5.996533393859863,-4.818577766418457,-10.81511116027832
802,ae1ae84ba2341eb4c7c3fa47026ddc0b784387b58fa28c0a69f32c966e590141de3da70921c65c3477fb49575fab03213843d087f177422adb685978ca5c4b13,0,hindi_griffinlim_eval_final/fake_hindi_griffinlim/hindi_fake_0802.wav,3.816,0.0,0.0,-5.443802833557129,-5.443802833557129,0.0
803,345ead41094d4bf4aae58398d87ab219b6ffd948dd640a1a2a4da43e2522343c539d11a27052a9cca1014b590e440971db0710852df02639dc9f3d304469aaca,1,hindi_griffinlim_eval_final/real_hindi/hindi_real_0803.wav,2.808,224.0,152.0,-1.2557498216629028,-5.609736442565918,-4.353986620903015
803,345ead41094d4bf4aae58398d87ab219b6ffd948dd640a1a2a4da43e2522343c539d11a27052a9cca1014b590e440971db0710852df02639dc9f3d304469aaca,0,hindi_griffinlim_eval_final/fake_hindi_griffinlim/hindi_fake_0803.wav,2.808,0.0,0.0,-5.686877250671387,-5.686877250671387,0.0
804,05fd2a7f0d7cbe9acb1d838706b64a2ab489f6d0d2e7ff3a4243b1bb89ca3c1bc2e8dfd22bf11cf6e2fd9f11c2809b3dbf3db935d566ab6b6ee3122e3bfc20ed,1,hindi_griffinlim_eval_final/real_hindi/hindi_real_0804.wav,3.576,64.0,280.0,4.300833702087402,4.478730201721191,0.17789649963378906
804,05fd2a7f0d7cbe9acb1d838706b64a2ab489f6d0d2e7ff3a4243b1bb89ca3c1bc2e8dfd22bf11cf6e2fd9f11c2809b3dbf3db935d566ab6b6ee3122e3bfc20ed,0,hindi_griffinlim_eval_final/fake_hindi_griffinlim/hindi_fake_0804.wav,3.576,0.0,0.0,-2.017674207687378,-2.017674207687378,0.0
805,80df1054d490d23f8c2523fa0495d60f3cc205e34e95d436f6c923158601404372c2ddea0d8239b414c6a6e342198453e814db3f980e01b97817acc51ea7adc4,1,hindi_griffinlim_eval_final/real_hindi/hindi_real_0805.wav,5.04,0.0,400.0,-5.940446853637695,-5.940446853637695,0.0
805,80df1054d490d23f8c2523fa0495d60f3cc205e34e95d436f6c923158601404372c2ddea0d8239b414c6a6e342198453e814db3f980e01b97817acc51ea7adc4,0,hindi_griffinlim_eval_final/fake_hindi_griffinlim/hindi_fake_0805.wav,5.04,0.0,0.0,-1.9126399755477905,-1.9126399755477905,0.0
806,547e2977be99b122ceb7196c97d4bb97bc3bdb4261d43618dbc385183d672f6e43db8b2c67f0ddbfecfa5f7adcbe25b21aa515729c369a5161e7fefbe2e6a91c,1,hindi_griffinlim_eval_final/real_hindi/hindi_real_0806.wav,5.58,992.0,1260.0,1.3427728414535522,-5.940973281860352,-7.283746123313904
806,547e2977be99b122ceb7196c97d4bb97bc3bdb4261d43618dbc385183d672f6e43db8b2c67f0ddbfecfa5f7adcbe25b21aa515729c369a5161e7fefbe2e6a91c,0,hindi_griffinlim_eval_final/fake_hindi_griffinlim/hindi_fake_0806.wav,5.58,0.0,0.0,-5.387259483337402,-5.387259483337402,0.0
807,f45c7af99cc930fd6608f77ecb2d546727ab3df3d36731c90215b9a72ff548ff082f57c38aa6e6b7f2c905aa9f92f4f5dff3c954449ce05e56f8604bf1753618,1,hindi_griffinlim_eval_final/real_hindi/hindi_real_0807.wav,5.04,608.0,1104.0,5.834355354309082,3.7903895378112793,-2.0439658164978027
807,f45c7af99cc930fd6608f77ecb2d546727ab3df3d36731c90215b9a72ff548ff082f57c38aa6e6b7f2c905aa9f92f4f5dff3c954449ce05e56f8604bf1753618,0,hindi_griffinlim_eval_final/fake_hindi_griffinlim/hindi_fake_0807.wav,5.04,0.0,0.0,5.663054943084717,5.663054943084717,0.0
808,c0c130a042ca336930590bd4ee7ac3a1ddc31953a4a5848ca2b8dc92142e738a1624463ce88100c1acf4fd19242bfcfc04b6c62c0f89e7a958ff9f02f6520a51,1,hindi_griffinlim_eval_final/real_hindi/hindi_real_0808.wav,4.068,384.0,1188.0,4.996673583984375,-3.03029203414917,-8.026965618133545
808,c0c130a042ca336930590bd4ee7ac3a1ddc31953a4a5848ca2b8dc92142e738a1624463ce88100c1acf4fd19242bfcfc04b6c62c0f89e7a958ff9f02f6520a51,0,hindi_griffinlim_eval_final/fake_hindi_griffinlim/hindi_fake_0808.wav,4.068,0.0,0.0,1.6414622068405151,1.6414622068405151,0.0
809,f89f624bbe2e7860966d20ca60b8ef08a9b08ea84c224ff76204e3515dfb28f9e33074ba2fd5eb511dfe99778475abdee119ccd25fdfb33f1ae1685a307dfe3f,1,hindi_griffinlim_eval_final/real_hindi/hindi_real_0809.wav,5.616,96.0,1584.0,2.4856834411621094,1.0178947448730469,-1.4677886962890625
809,f89f624bbe2e7860966d20ca60b8ef08a9b08ea84c224ff76204e3515dfb28f9e33074ba2fd5eb511dfe99778475abdee119ccd25fdfb33f1ae1685a307dfe3f,0,hindi_griffinlim_eval_final/fake_hindi_griffinlim/hindi_fake_0809.wav,5.616,0.0,0.0,2.1866655349731445,2.1866655349731445,0.0
810,aaf6b52267451edd43f92433e040803b7c695022ac637484427c841d61dddefbc79acf6b684ebc2769e18c649d9b7a520a0041ecb7898d3f7e49d804f477a3ac,1,hindi_griffinlim_eval_final/real_hindi/hindi_real_0810.wav,4.068,0.0,0.0,-2.3474926948547363,-2.3474926948547363,0.0
810,aaf6b52267451edd43f92433e040803b7c695022ac637484427c841d61dddefbc79acf6b684ebc2769e18c649d9b7a520a0041ecb7898d3f7e49d804f477a3ac,0,hindi_griffinlim_eval_final/fake_hindi_griffinlim/hindi_fake_0810.wav,4.068,0.0,0.0,6.4999847412109375,6.4999847412109375,0.0
811,b4dcba6c853f94a6e9abf98d501e79af3eec51ee1635fb1529bb4103e9fa495c7c937b7c4e4219bf3d414b549d2476904d15ff5feeb26b478b01bdc367f61bb2,1,hindi_griffinlim_eval_final/real_hindi/hindi_real_0811.wav,5.328,96.0,48.0,0.20132704079151154,0.6376073360443115,0.4362802952528
811,b4dcba6c853f94a6e9abf98d501e79af3eec51ee1635fb1529bb4103e9fa495c7c937b7c4e4219bf3d414b549d2476904d15ff5feeb26b478b01bdc367f61bb2,0,hindi_griffinlim_eval_final/fake_hindi_griffinlim/hindi_fake_0811.wav,5.328,0.0,0.0,-0.4311645030975342,-0.4311645030975342,0.0
812,a260ddbc5acffed848007a0a9ec6b79936f77999c825631f8f7eb91c11e3369d404de512eb961b464b0208a5da2d4a8cf154dba0a4d11010520e02dbf6039b2f,1,hindi_griffinlim_eval_final/real_hindi/hindi_real_0812.wav,5.4,32.0,0.0,-2.392634391784668,-1.7328704595565796,0.6597639322280884
812,a260ddbc5acffed848007a0a9ec6b79936f77999c825631f8f7eb91c11e3369d404de512eb961b464b0208a5da2d4a8cf154dba0a4d11010520e02dbf6039b2f,0,hindi_griffinlim_eval_final/fake_hindi_griffinlim/hindi_fake_0812.wav,5.4,0.0,0.0,-5.349429607391357,-5.349429607391357,0.0
813,e6aef31fac7411f3f1b15c566dede061e3024cde1382d7ca1a860a093ad5b0b9c87aaa13c749ef9982c688d7a8d715c11aee89c2e3d541b9ba3dc73c5ec5cb85,1,hindi_griffinlim_eval_final/real_hindi/hindi_real_0813.wav,5.796,64.0,964.0,3.8799710273742676,3.369351387023926,-0.5106196403503418
813,e6aef31fac7411f3f1b15c566dede061e3024cde1382d7ca1a860a093ad5b0b9c87aaa13c749ef9982c688d7a8d715c11aee89c2e3d541b9ba3dc73c5ec5cb85,0,hindi_griffinlim_eval_final/fake_hindi_griffinlim/hindi_fake_0813.wav,5.796,0.0,0.0,0.04358961805701256,0.04358961805701256,0.0
814,b78cf5eebb8ae39161b94c37c3e8aa39f57e5639997972f1ec983cb9f44fcefc18f1c4227b3d8b263477f3444fe05696da0cbd5dacd3cb3900b2cbcf2370b155,1,hindi_griffinlim_eval_final/real_hindi/hindi_real_0814.wav,4.644,448.0,1188.0,4.641317367553711,-4.301276206970215,-8.942593574523926
814,b78cf5eebb8ae39161b94c37c3e8aa39f57e5639997972f1ec983cb9f44fcefc18f1c4227b3d8b263477f3444fe05696da0cbd5dacd3cb3900b2cbcf2370b155,0,hindi_griffinlim_eval_final/fake_hindi_griffinlim/hindi_fake_0814.wav,4.644,0.0,0.0,-3.902345657348633,-3.902345657348633,0.0
815,42dbccb16fa1ce50253a96dee532a7c4030f9daa92599271e4c0692efc8e58f669205bbcedf0ddf1f51f1e5753260ad39f6e0a5e6f85d5d24b3c5b3a20114c4c,1,hindi_griffinlim_eval_final/real_hindi/hindi_real_0815.wav,4.788,32.0,948.0,-5.844981670379639,-5.545053482055664,0.2999281883239746
815,42dbccb16fa1ce50253a96dee532a7c4030f9daa92599271e4c0692efc8e58f669205bbcedf0ddf1f51f1e5753260ad39f6e0a5e6f85d5d24b3c5b3a20114c4c,0,hindi_griffinlim_eval_final/fake_hindi_griffinlim/hindi_fake_0815.wav,4.788,0.0,0.0,2.284852981567383,2.284852981567383,0.0
816,ec293248c910c28091014fec13d47bb69cc84f0b265ad0536d7e39390f3de510ab879fa3c23797defe85d8c846a4e148c971e28da6a90a647a9bc37eb03362bc,1,hindi_griffinlim_eval_final/real_hindi/hindi_real_0816.wav,5.184,64.0,480.0,4.028103351593018,3.681975841522217,-0.3461275100708008
816,ec293248c910c28091014fec13d47bb69cc84f0b265ad0536d7e39390f3de510ab879fa3c23797defe85d8c846a4e148c971e28da6a90a647a9bc37eb03362bc,0,hindi_griffinlim_eval_final/fake_hindi_griffinlim/hindi_fake_0816.wav,5.184,0.0,0.0,6.86334753036499,6.86334753036499,0.0
817,66a86ae3d3f3eb48e5bad97a370e6813f967d7744dc410051a5092e6bbd0da658ea468af2518aef0db5231c7bd0ed0034baa278b9bd688d6e2dc295d9692ecb8,1,hindi_griffinlim_eval_final/real_hindi/hindi_real_0817.wav,7.128,96.0,184.0,5.745231628417969,5.616591453552246,-0.12864017486572266
817,66a86ae3d3f3eb48e5bad97a370e6813f967d7744dc410051a5092e6bbd0da658ea468af2518aef0db5231c7bd0ed0034baa278b9bd688d6e2dc295d9692ecb8,0,hindi_griffinlim_eval_final/fake_hindi_griffinlim/hindi_fake_0817.wav,7.128,0.0,0.0,3.4694881439208984,3.4694881439208984,0.0
818,76ae0779e8b42a6cebddc96f1c8be8cd17dc128ea3dc6c77c1afef491eb3334aec08ac644ce6b553783bec6530bcd7a8d7869d249d8fc4cbf394c176c2a03fe0,1,hindi_griffinlim_eval_final/real_hindi/hindi_real_0818.wav,7.092,576.0,1620.0,4.198369026184082,-4.8909993171691895,-9.089368343353271
818,76ae0779e8b42a6cebddc96f1c8be8cd17dc128ea3dc6c77c1afef491eb3334aec08ac644ce6b553783bec6530bcd7a8d7869d249d8fc4cbf394c176c2a03fe0,0,hindi_griffinlim_eval_final/fake_hindi_griffinlim/hindi_fake_0818.wav,7.092,0.0,0.0,4.681692600250244,4.681692600250244,0.0
819,9c12887b11ae7ce76bcb5c4ca6b56f174e89c82f02c52c05b93ac7a40b6fb7b28d8474241a7dc36b3ad5b36eab48a209bf7e68a905ca64ac40b89e9311dec25d,1,hindi_griffinlim_eval_final/real_hindi/hindi_real_0819.wav,2.016,128.0,0.0,5.311919212341309,5.323760986328125,0.011841773986816406
819,9c12887b11ae7ce76bcb5c4ca6b56f174e89c82f02c52c05b93ac7a40b6fb7b28d8474241a7dc36b3ad5b36eab48a209bf7e68a905ca64ac40b89e9311dec25d,0,hindi_griffinlim_eval_final/fake_hindi_griffinlim/hindi_fake_0819.wav,2.016,0.0,0.0,5.92637300491333,5.92637300491333,0.0
820,be71c5c863d6de0f351032d62a7be08c92ba176b5062de0dafb4440746492bbcf9cd33f72220ff106d4b21f86dd04bb624bf109c7252900c3f92b4303d603af1,1,hindi_griffinlim_eval_final/real_hindi/hindi_real_0820.wav,6.768,288.0,528.0,5.420742988586426,1.8839750289916992,-3.5367679595947266
820,be71c5c863d6de0f351032d62a7be08c92ba176b5062de0dafb4440746492bbcf9cd33f72220ff106d4b21f86dd04bb624bf109c7252900c3f92b4303d603af1,0,hindi_griffinlim_eval_final/fake_hindi_griffinlim/hindi_fake_0820.wav,6.768,0.0,0.0,5.1004462242126465,5.1004462242126465,0.0
821,80ffb7f21aebcd96b01f5098bdf0f377f31fa297c2c30290be3dcd6a69b87e7570cd2e9ce41edb96038e485ce70cf75436dba4a0c7925bb36a68db134979c585,1,hindi_griffinlim_eval_final/real_hindi/hindi_real_0821.wav,5.904,64.0,0.0,-2.70747971534729,-1.5582915544509888,1.1491881608963013
821,80ffb7f21aebcd96b01f5098bdf0f377f31fa297c2c30290be3dcd6a69b87e7570cd2e9ce41edb96038e485ce70cf75436dba4a0c7925bb36a68db134979c585,0,hindi_griffinlim_eval_final/fake_hindi_griffinlim/hindi_fake_0821.wav,5.904,64.0,0.0,-3.58341908454895,-3.701883316040039,-0.11846423149108887
822,90b1ff27e108c7aaa1f24faccd2f83f3a0b512139aded53b3866d65cea1197fd3dde486619a36293573b042a4afbc45e29f55c514767c7567f44a3da22c4f9fc,1,hindi_griffinlim_eval_final/real_hindi/hindi_real_0822.wav,7.92,0.0,112.0,-1.6300262212753296,-1.6300262212753296,0.0
822,90b1ff27e108c7aaa1f24faccd2f83f3a0b512139aded53b3866d65cea1197fd3dde486619a36293573b042a4afbc45e29f55c514767c7567f44a3da22c4f9fc,0,hindi_griffinlim_eval_final/fake_hindi_griffinlim/hindi_fake_0822.wav,7.92,0.0,112.0,-3.8231425285339355,-3.8231425285339355,0.0
823,112f76f2e0c2f27b09b20340cd82d13c315858e70901593392d2bbaf1377a5ed05b373a77f5f93b0298be6ad7e0285d8dea7c8fc9e9d3ce601d702ff3e3a7d91,1,hindi_griffinlim_eval_final/real_hindi/hindi_real_0823.wav,6.948,1248.0,804.0,-0.10976515710353851,-5.927193641662598,-5.817428484559059
823,112f76f2e0c2f27b09b20340cd82d13c315858e70901593392d2bbaf1377a5ed05b373a77f5f93b0298be6ad7e0285d8dea7c8fc9e9d3ce601d702ff3e3a7d91,0,hindi_griffinlim_eval_final/fake_hindi_griffinlim/hindi_fake_0823.wav,6.948,0.0,0.0,5.96457576751709,5.96457576751709,0.0
824,552fd8cf90f15edcaf7388b1164d58d7eae5f20674dc780b9efb9d43c80af1ccbdef88d0ddfb76038b9614eda2b556cbb4fa8a46ca54ad7dcc43d9298b63f1eb,1,hindi_griffinlim_eval_final/real_hindi/hindi_real_0824.wav,3.6,0.0,240.0,5.3153886795043945,5.319356918334961,0.003968238830566406
824,552fd8cf90f15edcaf7388b1164d58d7eae5f20674dc780b9efb9d43c80af1ccbdef88d0ddfb76038b9614eda2b556cbb4fa8a46ca54ad7dcc43d9298b63f1eb,0,hindi_griffinlim_eval_final/fake_hindi_griffinlim/hindi_fake_0824.wav,3.6,0.0,0.0,3.837494134902954,3.837494134902954,0.0
825,1cec8b78e84c018a6efce5b69c1f3837d98aa06f2ab20d370caab36ca0938d09dd89e21b83d94073d8ea3af821ee74327d647929fd4e8051688c8730f024d6ab,1,hindi_griffinlim_eval_final/real_hindi/hindi_real_0825.wav,5.436,1024.0,1468.0,2.0422637462615967,-5.773796558380127,-7.816060304641724
825,1cec8b78e84c018a6efce5b69c1f3837d98aa06f2ab20d370caab36ca0938d09dd89e21b83d94073d8ea3af821ee74327d647929fd4e8051688c8730f024d6ab,0,hindi_griffinlim_eval_final/fake_hindi_griffinlim/hindi_fake_0825.wav,5.436,0.0,0.0,-0.2886933386325836,-0.2886933386325836,0.0
826,fa0e5eaef7ca1de58387002c2b682b7b480943dbad6e36170c4c3dabf85516e30d2a6332548e734128bc69878186e8820b707e22b7de10ba7cd80ed20cbe8f81,1,hindi_griffinlim_eval_final/real_hindi/hindi_real_0826.wav,3.24,544.0,552.0,-0.8271985054016113,0.06551589071750641,0.8927143961191177
826,fa0e5eaef7ca1de58387002c2b682b7b480943dbad6e36170c4c3dabf85516e30d2a6332548e734128bc69878186e8820b707e22b7de10ba7cd80ed20cbe8f81,0,hindi_griffinlim_eval_final/fake_hindi_griffinlim/hindi_fake_0826.wav,3.24,0.0,0.0,4.992790699005127,4.992790699005127,0.0
827,3255dc44d5426ad255e14c4db4d12b224dfffd1e594a400a47cee7aafcd670d56a9834052a13be30307100ec6a3e1f8bffe33260e25f32c5a89ef64c744c0433,1,hindi_griffinlim_eval_final/real_hindi/hindi_real_0827.wav,4.032,320.0,0.0,4.791367530822754,4.098299980163574,-0.6930675506591797
827,3255dc44d5426ad255e14c4db4d12b224dfffd1e594a400a47cee7aafcd670d56a9834052a13be30307100ec6a3e1f8bffe33260e25f32c5a89ef64c744c0433,0,hindi_griffinlim_eval_final/fake_hindi_griffinlim/hindi_fake_0827.wav,4.032,0.0,0.0,7.0478410720825195,7.0478410720825195,0.0
828,da10f782c53d93ec1dbf793a1f5404dbdfd390c9abdacd218d0c47e2366a569d50841b5ad9075f9b83e2c16b9194ab1be1f91e407a546218999fa14e2b49a3eb,1,hindi_griffinlim_eval_final/real_hindi/hindi_real_0828.wav,3.336,672.0,616.0,5.710580825805664,-3.1147565841674805,-8.825337409973145
828,da10f782c53d93ec1dbf793a1f5404dbdfd390c9abdacd218d0c47e2366a569d50841b5ad9075f9b83e2c16b9194ab1be1f91e407a546218999fa14e2b49a3eb,0,hindi_griffinlim_eval_final/fake_hindi_griffinlim/hindi_fake_0828.wav,3.336,0.0,0.0,-0.9337332844734192,-0.9337332844734192,0.0
829,13cef0dba059a4aa0064866e51ca703ad2552c2645eb99722846129b96051db0f22a99235faf822876c13bd3f02e86f138d6a0413f980cf028f54c5fdc58b9b9,1,hindi_griffinlim_eval_final/real_hindi/hindi_real_0829.wav,4.968,640.0,904.0,-0.4158918261528015,-5.800416946411133,-5.384525120258331
829,13cef0dba059a4aa0064866e51ca703ad2552c2645eb99722846129b96051db0f22a99235faf822876c13bd3f02e86f138d6a0413f980cf028f54c5fdc58b9b9,0,hindi_griffinlim_eval_final/fake_hindi_griffinlim/hindi_fake_0829.wav,4.96,640.0,896.0,-2.2602415084838867,-5.794896125793457,-3.5346546173095703
830,32bf5ca000a1d646bb2e636e32c4bd507750c204271ab585b1e9fab7d08103c7e07825bdb376119fdef205be82f6e81766655dd5590cc21ec598b79a5c18e45f,1,hindi_griffinlim_eval_final/real_hindi/hindi_real_0830.wav,6.048,896.0,672.0,1.3780453205108643,-5.898845672607422,-7.276890993118286
830,32bf5ca000a1d646bb2e636e32c4bd507750c204271ab585b1e9fab7d08103c7e07825bdb376119fdef205be82f6e81766655dd5590cc21ec598b79a5c18e45f,0,hindi_griffinlim_eval_final/fake_hindi_griffinlim/hindi_fake_0830.wav,6.048,0.0,0.0,-0.5401476621627808,-0.5401476621627808,0.0
831,ec1882fc4ac252c0d462191a4703bb6c913b73dd21950682e8327a6a076c8333f4c5708f7d9426b51a98435d5f79d26ca06428a64a6ac9513537409eb663f5af,1,hindi_griffinlim_eval_final/real_hindi/hindi_real_0831.wav,3.78,352.0,644.0,5.501360893249512,3.8100037574768066,-1.691357135772705
831,ec1882fc4ac252c0d462191a4703bb6c913b73dd21950682e8327a6a076c8333f4c5708f7d9426b51a98435d5f79d26ca06428a64a6ac9513537409eb663f5af,0,hindi_griffinlim_eval_final/fake_hindi_griffinlim/hindi_fake_0831.wav,3.78,0.0,0.0,6.558939456939697,6.558939456939697,0.0
832,ffcbc3951f469a43cf363b5df83d56ab30c65a40bb5bf05ee2ae8f98f55d6c76d8cf505d8bd32cf189c373ef1e0a52d01d2fc3cfeea863dd3ea1546eb2ef68cf,1,hindi_griffinlim_eval_final/real_hindi/hindi_real_0832.wav,5.58,704.0,780.0,4.375957489013672,-1.8157234191894531,-6.191680908203125
832,ffcbc3951f469a43cf363b5df83d56ab30c65a40bb5bf05ee2ae8f98f55d6c76d8cf505d8bd32cf189c373ef1e0a52d01d2fc3cfeea863dd3ea1546eb2ef68cf,0,hindi_griffinlim_eval_final/fake_hindi_griffinlim/hindi_fake_0832.wav,5.58,0.0,0.0,-1.767143726348877,-1.767143726348877,0.0
833,f446689d92087b875d07eaa1d98e4b7e07ec4f8651762d73d8e0ecbae21be60e60a3b7356828d24a8c9071f872f21361ca196ae017820a2908412966f0a59df2,1,hindi_griffinlim_eval_final/real_hindi/hindi_real_0833.wav,5.328,1248.0,464.0,0.9656782746315002,-2.7388014793395996,-3.7044797539711
833,f446689d92087b875d07eaa1d98e4b7e07ec4f8651762d73d8e0ecbae21be60e60a3b7356828d24a8c9071f872f21361ca196ae017820a2908412966f0a59df2,0,hindi_griffinlim_eval_final/fake_hindi_griffinlim/hindi_fake_0833.wav,5.328,0.0,0.0,6.802017688751221,6.802017688751221,0.0
834,60b2daa4cda30b5320834f3c2d21ea1841b52ccd7bf7ed4689f3ff27ca59c3323707c95e9a17bea4082356c576bbc3f17a00106134240f3632529b329fc1e62a,1,hindi_griffinlim_eval_final/real_hindi/hindi_real_0834.wav,7.56,32.0,424.0,3.7422385215759277,4.354054927825928,0.61181640625
834,60b2daa4cda30b5320834f3c2d21ea1841b52ccd7bf7ed4689f3ff27ca59c3323707c95e9a17bea4082356c576bbc3f17a00106134240f3632529b329fc1e62a,0,hindi_griffinlim_eval_final/fake_hindi_griffinlim/hindi_fake_0834.wav,7.56,0.0,0.0,-1.0737717151641846,-1.0737717151641846,0.0
835,52f22814969ddf3ae439c9927cdc815781938e7b8db9939cbe5cc7211c83b3dd6eccb62b360571d4002d64878c3b70340e8a76bf784048ff984b73b71d31fc52,1,hindi_griffinlim_eval_final/real_hindi/hindi_real_0835.wav,2.484,352.0,116.0,3.714977979660034,-0.6500324010848999,-4.365010380744934
835,52f22814969ddf3ae439c9927cdc815781938e7b8db9939cbe5cc7211c83b3dd6eccb62b360571d4002d64878c3b70340e8a76bf784048ff984b73b71d31fc52,0,hindi_griffinlim_eval_final/fake_hindi_griffinlim/hindi_fake_0835.wav,2.484,0.0,0.0,-0.6666065454483032,-0.6666065454483032,0.0
836,e13c23ee2d8500b3cffa2cdf67ef9d827331c36238411c839fe39b077736953b55de43cff6bb2d96066fb6660cc6542db53e3e5abe00c2cb8d79cf3bc38b22fb,1,hindi_griffinlim_eval_final/real_hindi/hindi_real_0836.wav,7.344,320.0,48.0,6.09873104095459,5.300443172454834,-0.7982878684997559
836,e13c23ee2d8500b3cffa2cdf67ef9d827331c36238411c839fe39b077736953b55de43cff6bb2d96066fb6660cc6542db53e3e5abe00c2cb8d79cf3bc38b22fb,0,hindi_griffinlim_eval_final/fake_hindi_griffinlim/hindi_fake_0836.wav,7.344,0.0,0.0,6.093073844909668,6.093073844909668,0.0
837,f7e4c76ee18115342ce951e969ae7be895523c1249240808025273db43ef06eff07f846de9b3a24d822ac09b3fcc9a6655535a3e0adb370bde8640f64560620b,1,hindi_griffinlim_eval_final/real_hindi/hindi_real_0837.wav,4.968,1056.0,488.0,-3.1465399265289307,-6.0050506591796875,-2.858510732650757
837,f7e4c76ee18115342ce951e969ae7be895523c1249240808025273db43ef06eff07f846de9b3a24d822ac09b3fcc9a6655535a3e0adb370bde8640f64560620b,0,hindi_griffinlim_eval_final/fake_hindi_griffinlim/hindi_fake_0837.wav,4.968,0.0,0.0,-4.83046293258667,-4.83046293258667,0.0
838,c7a77aac9398049c593a06e3bde552061eb033612d2266a548202cc8790a06dd5c5c4fb002e8013ef38f94abed95b3bea0e56c4cb6aa8deecf7c63373764826d,1,hindi_griffinlim_eval_final/real_hindi/hindi_real_0838.wav,6.588,416.0,0.0,-4.202590465545654,-4.845085620880127,-0.6424951553344727
838,c7a77aac9398049c593a06e3bde552061eb033612d2266a548202cc8790a06dd5c5c4fb002e8013ef38f94abed95b3bea0e56c4cb6aa8deecf7c63373764826d,0,hindi_griffinlim_eval_final/fake_hindi_griffinlim/hindi_fake_0838.wav,6.588,0.0,0.0,-1.139765739440918,-1.139765739440918,0.0
839,345ead41094d4bf4aae58398d87ab219b6ffd948dd640a1a2a4da43e2522343c539d11a27052a9cca1014b590e440971db0710852df02639dc9f3d304469aaca,1,hindi_griffinlim_eval_final/real_hindi/hindi_real_0839.wav,2.988,416.0,76.0,-5.196975231170654,-5.094983100891113,0.10199213027954102
839,345ead41094d4bf4aae58398d87ab219b6ffd948dd640a1a2a4da43e2522343c539d11a27052a9cca1014b590e440971db0710852df02639dc9f3d304469aaca,0,hindi_griffinlim_eval_final/fake_hindi_griffinlim/hindi_fake_0839.wav,2.988,0.0,0.0,-5.496336936950684,-5.496336936950684,0.0
840,e0a47331065c4e1a9ffd6eed4cb902b631814a6130faf9401d447eba044cf1af767ff9a242e7c97886c74ac130ec73716192fd074e4abca825e77caca52e0ca0,1,hindi_griffinlim_eval_final/real_hindi/hindi_real_0840.wav,4.032,640.0,480.0,5.439950942993164,0.8543037176132202,-4.585647225379944
840,e0a47331065c4e1a9ffd6eed4cb902b631814a6130faf9401d447eba044cf1af767ff9a242e7c97886c74ac130ec73716192fd074e4abca825e77caca52e0ca0,0,hindi_griffinlim_eval_final/fake_hindi_griffinlim/hindi_fake_0840.wav,4.032,0.0,0.0,-3.0715086460113525,-3.0715086460113525,0.0
841,b69e010df6113e5d308dc62955e0f00639179e3f7074a50ff065d102adab88d624810f4c5bb6e59977dd65ba69bdff66ff08dc72ff47bd0dbd8dace3e3c392d7,1,hindi_griffinlim_eval_final/real_hindi/hindi_real_0841.wav,4.968,704.0,1096.0,5.677255630493164,-2.081803798675537,-7.759059429168701
841,b69e010df6113e5d308dc62955e0f00639179e3f7074a50ff065d102adab88d624810f4c5bb6e59977dd65ba69bdff66ff08dc72ff47bd0dbd8dace3e3c392d7,0,hindi_griffinlim_eval_final/fake_hindi_griffinlim/hindi_fake_0841.wav,4.968,0.0,0.0,2.7261769771575928,2.7261769771575928,0.0
842,29bcb273adde2fc3bc2e4595307cca55f7a2164b643bd634a478297488389dd87132dba219b5a51a5b42b59a42fe5eef68ff2cd098bb675cf680befd442613d5,1,hindi_griffinlim_eval_final/real_hindi/hindi_real_0842.wav,3.24,896.0,1064.0,5.785933494567871,-4.7965617179870605,-10.582495212554932
842,29bcb273adde2fc3bc2e4595307cca55f7a2164b643bd634a478297488389dd87132dba219b5a51a5b42b59a42fe5eef68ff2cd098bb675cf680befd442613d5,0,hindi_griffinlim_eval_final/fake_hindi_griffinlim/hindi_fake_0842.wav,3.24,0.0,0.0,4.46898078918457,4.46898078918457,0.0
843,0db277015ed4c7602383504e75bcfead10db6e33b12e442a983cb259a17baf2c98daf32f18e2c1917269103a2ef1776d88cab0357c43c487473d8fa511dde7e8,1,hindi_griffinlim_eval_final/real_hindi/hindi_real_0843.wav,4.608,800.0,1664.0,5.779008865356445,-4.195363521575928,-9.974372386932373
843,0db277015ed4c7602383504e75bcfead10db6e33b12e442a983cb259a17baf2c98daf32f18e2c1917269103a2ef1776d88cab0357c43c487473d8fa511dde7e8,0,hindi_griffinlim_eval_final/fake_hindi_griffinlim/hindi_fake_0843.wav,4.608,0.0,0.0,-1.8988786935806274,-1.8988786935806274,0.0
844,8c19c5b99c8b1ac2264eb9486484732c9d5ec2f0bcc679213d2b2d740efeec83673995013ff2ad72008fa9176ea0eedf32ea29d6b09e71426ac03b6026cff906,1,hindi_griffinlim_eval_final/real_hindi/hindi_real_0844.wav,3.888,32.0,1328.0,5.703479766845703,3.3510499000549316,-2.3524298667907715
844,8c19c5b99c8b1ac2264eb9486484732c9d5ec2f0bcc679213d2b2d740efeec83673995013ff2ad72008fa9176ea0eedf32ea29d6b09e71426ac03b6026cff906,0,hindi_griffinlim_eval_final/fake_hindi_griffinlim/hindi_fake_0844.wav,3.888,0.0,0.0,-0.6938199400901794,-0.6938199400901794,0.0
845,90b1ff27e108c7aaa1f24faccd2f83f3a0b512139aded53b3866d65cea1197fd3dde486619a36293573b042a4afbc45e29f55c514767c7567f44a3da22c4f9fc,1,hindi_griffinlim_eval_final/real_hindi/hindi_real_0845.wav,6.552,416.0,24.0,-0.12610581517219543,-3.2691378593444824,-3.143032044172287
845,90b1ff27e108c7aaa1f24faccd2f83f3a0b512139aded53b3866d65cea1197fd3dde486619a36293573b042a4afbc45e29f55c514767c7567f44a3da22c4f9fc,0,hindi_griffinlim_eval_final/fake_hindi_griffinlim/hindi_fake_0845.wav,6.544,416.0,0.0,-2.119352340698242,-4.3800249099731445,-2.2606725692749023
846,1141dfc674be44e23dd469a1caf6c1436405f2f99880ffa8ec17435c9e0877914bb50b5906d75d14f195ef2c60ba18fe91afa89698d08952325c31896d02d827,1,hindi_griffinlim_eval_final/real_hindi/hindi_real_0846.wav,3.528,32.0,8.0,3.7153844833374023,4.9116716384887695,1.1962871551513672
846,1141dfc674be44e23dd469a1caf6c1436405f2f99880ffa8ec17435c9e0877914bb50b5906d75d14f195ef2c60ba18fe91afa89698d08952325c31896d02d827,0,hindi_griffinlim_eval_final/fake_hindi_griffinlim/hindi_fake_0846.wav,3.528,0.0,0.0,2.171549081802368,2.171549081802368,0.0
847,439f45a458aa3fb2b90c635b0b8f07e4182c5aec6177ec417f91ee355768fc1655301d31a1c35a6a1727014480d611123576f5e9f6c96385b515a83690d70366,1,hindi_griffinlim_eval_final/real_hindi/hindi_real_0847.wav,5.796,608.0,484.0,0.24485133588314056,-3.5215792655944824,-3.766430601477623
847,439f45a458aa3fb2b90c635b0b8f07e4182c5aec6177ec417f91ee355768fc1655301d31a1c35a6a1727014480d611123576f5e9f6c96385b515a83690d70366,0,hindi_griffinlim_eval_final/fake_hindi_griffinlim/hindi_fake_0847.wav,5.796,0.0,0.0,-1.1573182344436646,-1.1573182344436646,0.0
848,3c47037b539064a039337a1c897e88029bf7cfb906524864e55c38b90aa9efe57730742089a7f2a1b508952b6272c39cd50f7d701230bde9d0afdf4fefc05d8a,1,hindi_griffinlim_eval_final/real_hindi/hindi_real_0848.wav,4.176,160.0,0.0,2.3197507858276367,0.12161079049110413,-2.1981399953365326
848,3c47037b539064a039337a1c897e88029bf7cfb906524864e55c38b90aa9efe57730742089a7f2a1b508952b6272c39cd50f7d701230bde9d0afdf4fefc05d8a,0,hindi_griffinlim_eval_final/fake_hindi_griffinlim/hindi_fake_0848.wav,4.176,0.0,0.0,-3.505026340484619,-3.505026340484619,0.0
849,95cc33ae73783f08510cc8b475a3f7da1144f0cdbfbe42446afc4e8942bf842722a12076a164393f2c52e0db9026e5f129a90feb451956b70f7366a89e026f1c,1,hindi_griffinlim_eval_final/real_hindi/hindi_real_0849.wav,5.436,96.0,0.0,2.536935329437256,1.3223265409469604,-1.2146087884902954
849,95cc33ae73783f08510cc8b475a3f7da1144f0cdbfbe42446afc4e8942bf842722a12076a164393f2c52e0db9026e5f129a90feb451956b70f7366a89e026f1c,0,hindi_griffinlim_eval_final/fake_hindi_griffinlim/hindi_fake_0849.wav,5.436,0.0,0.0,6.9415459632873535,6.9415459632873535,0.0
850,70c96a46f6827039223782fee3a93b99fa8168c84d3e5f9a0e2a1f16cfc1d62ad6f52d19ac175ad3ee541abd81068d089df3693e843b932053395156f6ff36b6,1,hindi_griffinlim_eval_final/real_hindi/hindi_real_0850.wav,4.32,160.0,0.0,-1.0909279584884644,-2.5522072315216064,-1.461279273033142
850,70c96a46f6827039223782fee3a93b99fa8168c84d3e5f9a0e2a1f16cfc1d62ad6f52d19ac175ad3ee541abd81068d089df3693e843b932053395156f6ff36b6,0,hindi_griffinlim_eval_final/fake_hindi_griffinlim/hindi_fake_0850.wav,4.32,0.0,0.0,-2.214008092880249,-2.214008092880249,0.0
851,1a94dffb861da3c85c0994bc8c83f7b79b502a83733ef28bc302cf6f1d5413001cd86d1c723357821dc3a90ba1b3f65e1203c2fa176b43daa279055fd6e5f529,1,hindi_griffinlim_eval_final/real_hindi/hindi_real_0851.wav,6.3,320.0,700.0,0.20787902176380157,-3.7576088905334473,-3.965487912297249
851,1a94dffb861da3c85c0994bc8c83f7b79b502a83733ef28bc302cf6f1d5413001cd86d1c723357821dc3a90ba1b3f65e1203c2fa176b43daa279055fd6e5f529,0,hindi_griffinlim_eval_final/fake_hindi_griffinlim/hindi_fake_0851.wav,6.3,0.0,0.0,-4.334925174713135,-4.334925174713135,0.0
852,7b90778674a3659c892533d96bb0aa534879da17cd2f9cb1ae73fc3cc114dda10eba8bb6cfeddbafde910b396a60b95e64b4134430071bf2dd23b8d6a9c32785,1,hindi_griffinlim_eval_final/real_hindi/hindi_real_0852.wav,6.588,448.0,1084.0,4.493030548095703,4.391849517822266,-0.1011810302734375
852,7b90778674a3659c892533d96bb0aa534879da17cd2f9cb1ae73fc3cc114dda10eba8bb6cfeddbafde910b396a60b95e64b4134430071bf2dd23b8d6a9c32785,0,hindi_griffinlim_eval_final/fake_hindi_griffinlim/hindi_fake_0852.wav,6.588,0.0,0.0,6.164498329162598,6.164498329162598,0.0
853,949d46bd8792e08b2ee6c5736df551c23a26e45db1306d71836317cfc115ff4cf71da8164c9063aeefd98bd8c12626dbe22b79a07420d6fe8317fb6fc9fa368b,1,hindi_griffinlim_eval_final/real_hindi/hindi_real_0853.wav,5.94,672.0,660.0,1.4684661626815796,-5.42159366607666,-6.89005982875824
853,949d46bd8792e08b2ee6c5736df551c23a26e45db1306d71836317cfc115ff4cf71da8164c9063aeefd98bd8c12626dbe22b79a07420d6fe8317fb6fc9fa368b,0,hindi_griffinlim_eval_final/fake_hindi_griffinlim/hindi_fake_0853.wav,5.94,0.0,0.0,6.127824306488037,6.127824306488037,0.0
854,c45d64f4a9ad8d1efb4d802830abc40f0e0e29e23a1d399fb4e668a1781d60c7b6329f4ed2b4ee75586b7ef748b73a373cb36707965a2b5785d7e9ce6196f390,1,hindi_griffinlim_eval_final/real_hindi/hindi_real_0854.wav,4.716,288.0,0.0,1.1882463693618774,0.4350917935371399,-0.7531545758247375
854,c45d64f4a9ad8d1efb4d802830abc40f0e0e29e23a1d399fb4e668a1781d60c7b6329f4ed2b4ee75586b7ef748b73a373cb36707965a2b5785d7e9ce6196f390,0,hindi_griffinlim_eval_final/fake_hindi_griffinlim/hindi_fake_0854.wav,4.716,0.0,0.0,-0.4957462549209595,-0.4957462549209595,0.0
855,aafda704e52784565ee078117b2a7941d822e96444d43cfe115de75e654f8c08c23b050eebe7b4264498537464b6e45cd0624f23aec65f904b156464d5056d52,1,hindi_griffinlim_eval_final/real_hindi/hindi_real_0855.wav,7.488,352.0,1472.0,1.9471005201339722,-2.860450029373169,-4.807550549507141
855,aafda704e52784565ee078117b2a7941d822e96444d43cfe115de75e654f8c08c23b050eebe7b4264498537464b6e45cd0624f23aec65f904b156464d5056d52,0,hindi_griffinlim_eval_final/fake_hindi_griffinlim/hindi_fake_0855.wav,7.488,0.0,0.0,-2.0571322441101074,-2.0571322441101074,0.0
856,1141dfc674be44e23dd469a1caf6c1436405f2f99880ffa8ec17435c9e0877914bb50b5906d75d14f195ef2c60ba18fe91afa89698d08952325c31896d02d827,1,hindi_griffinlim_eval_final/real_hindi/hindi_real_0856.wav,3.96,64.0,56.0,4.427181243896484,4.923200607299805,0.4960193634033203
856,1141dfc674be44e23dd469a1caf6c1436405f2f99880ffa8ec17435c9e0877914bb50b5906d75d14f195ef2c60ba18fe91afa89698d08952325c31896d02d827,0,hindi_griffinlim_eval_final/fake_hindi_griffinlim/hindi_fake_0856.wav,3.96,0.0,0.0,-0.5063297748565674,-0.5063297748565674,0.0
857,3d60da54a5e96710c627c37362c5f17d026c725b99466b5596f08c6584beafa8dd546aff3ef61dd1cfda5150cdd82d08970d8ad36a49e933571b903361a6cbdd,1,hindi_griffinlim_eval_final/real_hindi/hindi_real_0857.wav,4.356,160.0,964.0,6.083967208862305,5.881157875061035,-0.20280933380126953
857,3d60da54a5e96710c627c37362c5f17d026c725b99466b5596f08c6584beafa8dd546aff3ef61dd1cfda5150cdd82d08970d8ad36a49e933571b903361a6cbdd,0,hindi_griffinlim_eval_final/fake_hindi_griffinlim/hindi_fake_0857.wav,4.356,0.0,0.0,6.395221710205078,6.395221710205078,0.0
858,ff8f23f061245d69de7cccf1ee33e0ebd713c56e08f5a4a2f4732746be391af221f711cf9aee47cf8cc4c6402985c5231bff4ac03eaaa1e1a1cef4e1cdaf2936,1,hindi_griffinlim_eval_final/real_hindi/hindi_real_0858.wav,2.808,0.0,24.0,-6.111578941345215,-6.078984260559082,0.03259468078613281
858,ff8f23f061245d69de7cccf1ee33e0ebd713c56e08f5a4a2f4732746be391af221f711cf9aee47cf8cc4c6402985c5231bff4ac03eaaa1e1a1cef4e1cdaf2936,0,hindi_griffinlim_eval_final/fake_hindi_griffinlim/hindi_fake_0858.wav,2.808,0.0,0.0,-1.0770177841186523,-1.0770177841186523,0.0
859,cf3aeeacb5f17296626b5c4098ec5eac55e41cd4794e1b866c7c42ccda4ff82ab59144d9af79e6479243e61724113d6c7ccccb7dc02e7a235f5ff37eee99c5d8,1,hindi_griffinlim_eval_final/real_hindi/hindi_real_0859.wav,3.924,64.0,0.0,2.7615232467651367,2.642761707305908,-0.11876153945922852
859,cf3aeeacb5f17296626b5c4098ec5eac55e41cd4794e1b866c7c42ccda4ff82ab59144d9af79e6479243e61724113d6c7ccccb7dc02e7a235f5ff37eee99c5d8,0,hindi_griffinlim_eval_final/fake_hindi_griffinlim/hindi_fake_0859.wav,3.924,0.0,0.0,7.006421089172363,7.006421089172363,0.0
860,1da3e82d56c4b06d4028ecc92aca9dc352823b8ec3e30de4da211906b610e38731002b15ef77c26455730b72f40ec1685543812f28aebbf3d093e8e83b3bad25,1,hindi_griffinlim_eval_final/real_hindi/hindi_real_0860.wav,5.22,480.0,708.0,5.267349720001221,0.3922048807144165,-4.875144839286804
860,1da3e82d56c4b06d4028ecc92aca9dc352823b8ec3e30de4da211906b610e38731002b15ef77c26455730b72f40ec1685543812f28aebbf3d093e8e83b3bad25,0,hindi_griffinlim_eval_final/fake_hindi_griffinlim/hindi_fake_0860.wav,5.22,0.0,0.0,-2.8957433700561523,-2.8957433700561523,0.0
861,6cd8f602bf899de8fa9a30238cb461650682d47e62a5d12042ec213877ca4d9f7f83e3635c1374cddf16260688058dddb7ba7f5466c279dadd85e033038b6b08,1,hindi_griffinlim_eval_final/real_hindi/hindi_real_0861.wav,4.608,32.0,0.0,-1.5289467573165894,-0.512618899345398,1.0163278579711914
861,6cd8f602bf899de8fa9a30238cb461650682d47e62a5d12042ec213877ca4d9f7f83e3635c1374cddf16260688058dddb7ba7f5466c279dadd85e033038b6b08,0,hindi_griffinlim_eval_final/fake_hindi_griffinlim/hindi_fake_0861.wav,4.608,0.0,0.0,3.4984920024871826,3.4984920024871826,0.0
862,730d0b5ab2ac3560942798c95eca436e23aa39ac97ae0d8c6303446a537d615166a0f64a5a3da21fcedabf70e237b139e973b008e4d664c813bfcde4d3890c00,1,hindi_griffinlim_eval_final/real_hindi/hindi_real_0862.wav,5.04,32.0,16.0,-5.666522026062012,-5.487030506134033,0.17949151992797852
862,730d0b5ab2ac3560942798c95eca436e23aa39ac97ae0d8c6303446a537d615166a0f64a5a3da21fcedabf70e237b139e973b008e4d664c813bfcde4d3890c00,0,hindi_griffinlim_eval_final/fake_hindi_griffinlim/hindi_fake_0862.wav,5.04,0.0,0.0,6.123782634735107,6.123782634735107,0.0
863,3aef16007bd29046bf29aa965433206ce23419410af7d4bc3d292635ddc31b83ce37bccb79f9f0fb3d857b77a1bba903b1dfbadc1d390b9c5b687a475c9f29a6,1,hindi_griffinlim_eval_final/real_hindi/hindi_real_0863.wav,3.78,1152.0,1156.0,4.308620452880859,-4.839235305786133,-9.147855758666992
863,3aef16007bd29046bf29aa965433206ce23419410af7d4bc3d292635ddc31b83ce37bccb79f9f0fb3d857b77a1bba903b1dfbadc1d390b9c5b687a475c9f29a6,0,hindi_griffinlim_eval_final/fake_hindi_griffinlim/hindi_fake_0863.wav,3.78,0.0,0.0,-1.7881280183792114,-1.7881280183792114,0.0
864,ae0207e1b992822da425c226998ea35fa5a75ad2e871945773ba6a3a2a1198e2b949343a3576e4840ddbf58db73c345288cca62ba4835d8a03bf508c2d06f3d6,1,hindi_griffinlim_eval_final/real_hindi/hindi_real_0864.wav,6.552,928.0,984.0,3.5587964057922363,-4.356514930725098,-7.915311336517334
864,ae0207e1b992822da425c226998ea35fa5a75ad2e871945773ba6a3a2a1198e2b949343a3576e4840ddbf58db73c345288cca62ba4835d8a03bf508c2d06f3d6,0,hindi_griffinlim_eval_final/fake_hindi_griffinlim/hindi_fake_0864.wav,6.544,928.0,976.0,0.399546355009079,-5.57602596282959,-5.975572317838669
865,806c8f1750366fd789fd41da89a86157e07cc51bb8aae5e3e963abd25d659afa282b2d5d1ae80d08eb78bcbf88984ac5b1c10bb62f2582cdaa48774594e5b746,1,hindi_griffinlim_eval_final/real_hindi/hindi_real_0865.wav,5.904,32.0,400.0,3.080756425857544,2.5560927391052246,-0.5246636867523193
865,806c8f1750366fd789fd41da89a86157e07cc51bb8aae5e3e963abd25d659afa282b2d5d1ae80d08eb78bcbf88984ac5b1c10bb62f2582cdaa48774594e5b746,0,hindi_griffinlim_eval_final/fake_hindi_griffinlim/hindi_fake_0865.wav,5.904,0.0,0.0,0.17459271848201752,0.17459271848201752,0.0
866,9698b39cb85f238f1346eea2dba721e4e8fb440bd4d14b632aef84108f02f47d028463a7076a9eb0333b72fab260a9357f045de63eaaa3c7374ce6a692e081ba,1,hindi_griffinlim_eval_final/real_hindi/hindi_real_0866.wav,4.176,96.0,176.0,5.294818878173828,5.237367630004883,-0.05745124816894531
866,9698b39cb85f238f1346eea2dba721e4e8fb440bd4d14b632aef84108f02f47d028463a7076a9eb0333b72fab260a9357f045de63eaaa3c7374ce6a692e081ba,0,hindi_griffinlim_eval_final/fake_hindi_griffinlim/hindi_fake_0866.wav,4.176,0.0,0.0,0.4120505452156067,0.4120505452156067,0.0
867,80ffb7f21aebcd96b01f5098bdf0f377f31fa297c2c30290be3dcd6a69b87e7570cd2e9ce41edb96038e485ce70cf75436dba4a0c7925bb36a68db134979c585,1,hindi_griffinlim_eval_final/real_hindi/hindi_real_0867.wav,4.284,32.0,0.0,-4.491488456726074,-4.752474784851074,-0.260986328125
867,80ffb7f21aebcd96b01f5098bdf0f377f31fa297c2c30290be3dcd6a69b87e7570cd2e9ce41edb96038e485ce70cf75436dba4a0c7925bb36a68db134979c585,0,hindi_griffinlim_eval_final/fake_hindi_griffinlim/hindi_fake_0867.wav,4.284,0.0,0.0,-3.6711435317993164,-3.6711435317993164,0.0
868,1a94dffb861da3c85c0994bc8c83f7b79b502a83733ef28bc302cf6f1d5413001cd86d1c723357821dc3a90ba1b3f65e1203c2fa176b43daa279055fd6e5f529,1,hindi_griffinlim_eval_final/real_hindi/hindi_real_0868.wav,2.88,608.0,672.0,5.056556701660156,-5.039283275604248,-10.095839977264404
868,1a94dffb861da3c85c0994bc8c83f7b79b502a83733ef28bc302cf6f1d5413001cd86d1c723357821dc3a90ba1b3f65e1203c2fa176b43daa279055fd6e5f529,0,hindi_griffinlim_eval_final/fake_hindi_griffinlim/hindi_fake_0868.wav,2.88,0.0,0.0,-1.5041106939315796,-1.5041106939315796,0.0
869,86a5ad74610a18262cd67fe5fe6899fe11e9385b2c5685f0688125f800524c5654273f8c7385b59dab90768caa5c803e9c31df10d88f49585ed97665bf90cc32,1,hindi_griffinlim_eval_final/real_hindi/hindi_real_0869.wav,6.876,736.0,1084.0,6.091236591339111,4.618316173553467,-1.4729204177856445
869,86a5ad74610a18262cd67fe5fe6899fe11e9385b2c5685f0688125f800524c5654273f8c7385b59dab90768caa5c803e9c31df10d88f49585ed97665bf90cc32,0,hindi_griffinlim_eval_final/fake_hindi_griffinlim/hindi_fake_0869.wav,6.876,0.0,0.0,-0.09780009090900421,-0.09780009090900421,0.0
870,95340b846e677ea27571958308bb11e2403ec2e4464bba7c97372d324e628a906f6be086595117707361a5dd7b41295d64031b6b2a5f2e50f6dc0a1841fd7fa2,1,hindi_griffinlim_eval_final/real_hindi/hindi_real_0870.wav,6.516,416.0,436.0,6.2004241943359375,5.7648444175720215,-0.435579776763916
870,95340b846e677ea27571958308bb11e2403ec2e4464bba7c97372d324e628a906f6be086595117707361a5dd7b41295d64031b6b2a5f2e50f6dc0a1841fd7fa2,0,hindi_griffinlim_eval_final/fake_hindi_griffinlim/hindi_fake_0870.wav,6.516,0.0,0.0,6.203060150146484,6.203060150146484,0.0
871,7570a71e8291317409ff389bd743ae3946da5a2b9540b1d3be2b8e42560a8338f8ced7349b801dee318d981a4d51d1fe60ece80dc66222d056395f1476a1df67,1,hindi_griffinlim_eval_final/real_hindi/hindi_real_0871.wav,3.528,256.0,904.0,1.062257170677185,-0.9521065354347229,-2.014363706111908
871,7570a71e8291317409ff389bd743ae3946da5a2b9540b1d3be2b8e42560a8338f8ced7349b801dee318d981a4d51d1fe60ece80dc66222d056395f1476a1df67,0,hindi_griffinlim_eval_final/fake_hindi_griffinlim/hindi_fake_0871.wav,3.528,0.0,0.0,-0.3189939856529236,-0.3189939856529236,0.0
872,18ac148b1b14b3b66a0116ecc3f445d74b049106dc0b0c39ba266ed130105ea5cba16d4e6220aaff9e2757009e3e3789ac98602887ee11491fcb207b874732c2,1,hindi_griffinlim_eval_final/real_hindi/hindi_real_0872.wav,7.56,544.0,392.0,4.3484344482421875,2.44535231590271,-1.9030821323394775
872,18ac148b1b14b3b66a0116ecc3f445d74b049106dc0b0c39ba266ed130105ea5cba16d4e6220aaff9e2757009e3e3789ac98602887ee11491fcb207b874732c2,0,hindi_griffinlim_eval_final/fake_hindi_griffinlim/hindi_fake_0872.wav,7.56,0.0,0.0,5.603145599365234,5.603145599365234,0.0
873,42adfde56dd3d69ed58436d1e8a55fac999afb0e390ebc65c299c3cd2b7258cb079683412241e54e7fa275e56a02bd19a10d6a17fead09988cd0fad2e6061e7b,1,hindi_griffinlim_eval_final/real_hindi/hindi_real_0873.wav,6.588,800.0,956.0,4.574154853820801,0.16839365661144257,-4.405761197209358
873,42adfde56dd3d69ed58436d1e8a55fac999afb0e390ebc65c299c3cd2b7258cb079683412241e54e7fa275e56a02bd19a10d6a17fead09988cd0fad2e6061e7b,0,hindi_griffinlim_eval_final/fake_hindi_griffinlim/hindi_fake_0873.wav,6.588,0.0,0.0,-5.378520965576172,-5.378520965576172,0.0
874,3c47037b539064a039337a1c897e88029bf7cfb906524864e55c38b90aa9efe57730742089a7f2a1b508952b6272c39cd50f7d701230bde9d0afdf4fefc05d8a,1,hindi_griffinlim_eval_final/real_hindi/hindi_real_0874.wav,3.024,576.0,688.0,6.17614221572876,4.168941974639893,-2.007200241088867
874,3c47037b539064a039337a1c897e88029bf7cfb906524864e55c38b90aa9efe57730742089a7f2a1b508952b6272c39cd50f7d701230bde9d0afdf4fefc05d8a,0,hindi_griffinlim_eval_final/fake_hindi_griffinlim/hindi_fake_0874.wav,3.024,0.0,0.0,6.9668474197387695,6.9668474197387695,0.0
875,3512a2ce63a4044e19713803ad92889a443d1d6fe4e83bd00833b842957b10139899aa75c48d47ecd6d7e02112c2f7d3dbf5e752d40bfb9bffe073a8983b56b9,1,hindi_griffinlim_eval_final/real_hindi/hindi_real_0875.wav,5.22,800.0,1124.0,-0.3788027763366699,-5.487652778625488,-5.108850002288818
875,3512a2ce63a4044e19713803ad92889a443d1d6fe4e83bd00833b842957b10139899aa75c48d47ecd6d7e02112c2f7d3dbf5e752d40bfb9bffe073a8983b56b9,0,hindi_griffinlim_eval_final/fake_hindi_griffinlim/hindi_fake_0875.wav,5.22,0.0,0.0,2.9590904712677,2.9590904712677,0.0
876,d39d516dfccbf4297a953030579625b84d76314cdd257472c46f3116b9f0238183eaa531151e2a8bd4968015c10fb293e815f5a2c36475f899e88f5ed90676ea,1,hindi_griffinlim_eval_final/real_hindi/hindi_real_0876.wav,4.968,672.0,936.0,4.948423862457275,1.8977118730545044,-3.050711989402771
876,d39d516dfccbf4297a953030579625b84d76314cdd257472c46f3116b9f0238183eaa531151e2a8bd4968015c10fb293e815f5a2c36475f899e88f5ed90676ea,0,hindi_griffinlim_eval_final/fake_hindi_griffinlim/hindi_fake_0876.wav,4.968,0.0,0.0,1.5105749368667603,1.5105749368667603,0.0
877,2fab289aa06c3d3ed662c848272fccd54cfe903fbc7895c797a394c8ac5314a6dcbd94b498eb6af96d006c568ea2a0d523ca6b0212684ed46408338da97c2b0b,1,hindi_griffinlim_eval_final/real_hindi/hindi_real_0877.wav,2.628,448.0,420.0,4.872621536254883,-1.3309775590896606,-6.2035990953445435
877,2fab289aa06c3d3ed662c848272fccd54cfe903fbc7895c797a394c8ac5314a6dcbd94b498eb6af96d006c568ea2a0d523ca6b0212684ed46408338da97c2b0b,0,hindi_griffinlim_eval_final/fake_hindi_griffinlim/hindi_fake_0877.wav,2.628,0.0,0.0,-3.696714401245117,-3.696714401245117,0.0
878,c9e3c968c1d5b3622fc320ddfee5e4f9ab20a053ad60bc247ae48a626a9989bc2687e3e054f55a444c9ccb71e2ddce887fc8fdfa617ebb5e9d4771676d8074b4,1,hindi_griffinlim_eval_final/real_hindi/hindi_real_0878.wav,4.644,32.0,420.0,2.535867214202881,2.662386894226074,0.12651968002319336
878,c9e3c968c1d5b3622fc320ddfee5e4f9ab20a053ad60bc247ae48a626a9989bc2687e3e054f55a444c9ccb71e2ddce887fc8fdfa617ebb5e9d4771676d8074b4,0,hindi_griffinlim_eval_final/fake_hindi_griffinlim/hindi_fake_0878.wav,4.644,0.0,0.0,5.336571216583252,5.336571216583252,0.0
879,65d886c17e6173ec624dcf8fa7a03e75f82801af0e6b0a177d149e9137b2bc1c6f88b5e060a9db7493ec77e6ef243e8a1b1ca307a3f303b8d8a5c80dbd08572d,1,hindi_griffinlim_eval_final/real_hindi/hindi_real_0879.wav,4.68,832.0,616.0,-4.987538814544678,-6.104669570922852,-1.1171307563781738
879,65d886c17e6173ec624dcf8fa7a03e75f82801af0e6b0a177d149e9137b2bc1c6f88b5e060a9db7493ec77e6ef243e8a1b1ca307a3f303b8d8a5c80dbd08572d,0,hindi_griffinlim_eval_final/fake_hindi_griffinlim/hindi_fake_0879.wav,4.68,0.0,0.0,-5.659997940063477,-5.659997940063477,0.0
880,7570a71e8291317409ff389bd743ae3946da5a2b9540b1d3be2b8e42560a8338f8ced7349b801dee318d981a4d51d1fe60ece80dc66222d056395f1476a1df67,1,hindi_griffinlim_eval_final/real_hindi/hindi_real_0880.wav,3.096,480.0,568.0,-3.3376359939575195,-5.889865398406982,-2.552229404449463
880,7570a71e8291317409ff389bd743ae3946da5a2b9540b1d3be2b8e42560a8338f8ced7349b801dee318d981a4d51d1fe60ece80dc66222d056395f1476a1df67,0,hindi_griffinlim_eval_final/fake_hindi_griffinlim/hindi_fake_0880.wav,3.096,0.0,0.0,-0.6597628593444824,-0.6597628593444824,0.0
881,a6d08697c738730178993390c6a57ba2b8e2944e43cf91bc222be8589b56ae2271a0e072fadd7f735cc7479c0ea16887e186a8e4a478276381c1d96dcd49e461,1,hindi_griffinlim_eval_final/real_hindi/hindi_real_0881.wav,3.636,32.0,0.0,5.383739948272705,5.373852729797363,-0.009887218475341797
881,a6d08697c738730178993390c6a57ba2b8e2944e43cf91bc222be8589b56ae2271a0e072fadd7f735cc7479c0ea16887e186a8e4a478276381c1d96dcd49e461,0,hindi_griffinlim_eval_final/fake_hindi_griffinlim/hindi_fake_0881.wav,3.636,0.0,0.0,7.019233703613281,7.019233703613281,0.0
882,5e46ac50eb1d862c9c16cabb7768b1b412ed7ec5a51e13e22953cbb21d43c30f5addea8f5b6797634a95c8140661feb46f36a8e68d9968dc8452c0ac88af7e59,1,hindi_griffinlim_eval_final/real_hindi/hindi_real_0882.wav,3.204,64.0,516.0,5.022861480712891,4.774195671081543,-0.24866580963134766
882,5e46ac50eb1d862c9c16cabb7768b1b412ed7ec5a51e13e22953cbb21d43c30f5addea8f5b6797634a95c8140661feb46f36a8e68d9968dc8452c0ac88af7e59,0,hindi_griffinlim_eval_final/fake_hindi_griffinlim/hindi_fake_0882.wav,3.204,0.0,0.0,5.368304252624512,5.368304252624512,0.0
883,0db277015ed4c7602383504e75bcfead10db6e33b12e442a983cb259a17baf2c98daf32f18e2c1917269103a2ef1776d88cab0357c43c487473d8fa511dde7e8,1,hindi_griffinlim_eval_final/real_hindi/hindi_real_0883.wav,4.572,320.0,1628.0,5.949990272521973,4.922403335571289,-1.0275869369506836
883,0db277015ed4c7602383504e75bcfead10db6e33b12e442a983cb259a17baf2c98daf32f18e2c1917269103a2ef1776d88cab0357c43c487473d8fa511dde7e8,0,hindi_griffinlim_eval_final/fake_hindi_griffinlim/hindi_fake_0883.wav,4.572,0.0,0.0,-0.2709607481956482,-0.2709607481956482,0.0
884,c88824395561074e0eb0ebc1280d4866dbc29f01c026899e205a1db558ba1be8d683a10dc5e1f8117571ea0794f699ebe359e833d714ad66942a429a2112a5a6,1,hindi_griffinlim_eval_final/real_hindi/hindi_real_0884.wav,4.212,224.0,276.0,5.118343830108643,5.059491157531738,-0.0588526725769043
884,c88824395561074e0eb0ebc1280d4866dbc29f01c026899e205a1db558ba1be8d683a10dc5e1f8117571ea0794f699ebe359e833d714ad66942a429a2112a5a6,0,hindi_griffinlim_eval_final/fake_hindi_griffinlim/hindi_fake_0884.wav,4.212,0.0,0.0,6.570932865142822,6.570932865142822,0.0
885,311217067d55b7cce037852182d16a8e446e955f838c22ea621a12cf2d0fcb73cef39d58af1b90b48bc6a39e94534cd5781370c0e4affc028225fa2b2f7029f0,1,hindi_griffinlim_eval_final/real_hindi/hindi_real_0885.wav,4.5,64.0,372.0,-5.954721927642822,-5.99174690246582,-0.03702497482299805
885,311217067d55b7cce037852182d16a8e446e955f838c22ea621a12cf2d0fcb73cef39d58af1b90b48bc6a39e94534cd5781370c0e4affc028225fa2b2f7029f0,0,hindi_griffinlim_eval_final/fake_hindi_griffinlim/hindi_fake_0885.wav,4.5,0.0,0.0,2.9780895709991455,2.9780895709991455,0.0
886,1da3e82d56c4b06d4028ecc92aca9dc352823b8ec3e30de4da211906b610e38731002b15ef77c26455730b72f40ec1685543812f28aebbf3d093e8e83b3bad25,1,hindi_griffinlim_eval_final/real_hindi/hindi_real_0886.wav,4.5,0.0,660.0,3.730898380279541,3.413264751434326,-0.31763362884521484
886,1da3e82d56c4b06d4028ecc92aca9dc352823b8ec3e30de4da211906b610e38731002b15ef77c26455730b72f40ec1685543812f28aebbf3d093e8e83b3bad25,0,hindi_griffinlim_eval_final/fake_hindi_griffinlim/hindi_fake_0886.wav,4.5,0.0,0.0,-3.6456775665283203,-3.6456775665283203,0.0
887,66a86ae3d3f3eb48e5bad97a370e6813f967d7744dc410051a5092e6bbd0da658ea468af2518aef0db5231c7bd0ed0034baa278b9bd688d6e2dc295d9692ecb8,1,hindi_griffinlim_eval_final/real_hindi/hindi_real_0887.wav,5.004,32.0,44.0,4.624833106994629,4.47160530090332,-0.1532278060913086
887,66a86ae3d3f3eb48e5bad97a370e6813f967d7744dc410051a5092e6bbd0da658ea468af2518aef0db5231c7bd0ed0034baa278b9bd688d6e2dc295d9692ecb8,0,hindi_griffinlim_eval_final/fake_hindi_griffinlim/hindi_fake_0887.wav,5.004,0.0,0.0,6.38083553314209,6.38083553314209,0.0
888,3512a2ce63a4044e19713803ad92889a443d1d6fe4e83bd00833b842957b10139899aa75c48d47ecd6d7e02112c2f7d3dbf5e752d40bfb9bffe073a8983b56b9,1,hindi_griffinlim_eval_final/real_hindi/hindi_real_0888.wav,6.336,800.0,768.0,3.0049047470092773,-2.6806111335754395,-5.685515880584717
888,3512a2ce63a4044e19713803ad92889a443d1d6fe4e83bd00833b842957b10139899aa75c48d47ecd6d7e02112c2f7d3dbf5e752d40bfb9bffe073a8983b56b9,0,hindi_griffinlim_eval_final/fake_hindi_griffinlim/hindi_fake_0888.wav,6.336,0.0,0.0,3.8510518074035645,3.8510518074035645,0.0
889,b78cf5eebb8ae39161b94c37c3e8aa39f57e5639997972f1ec983cb9f44fcefc18f1c4227b3d8b263477f3444fe05696da0cbd5dacd3cb3900b2cbcf2370b155,1,hindi_griffinlim_eval_final/real_hindi/hindi_real_0889.wav,5.364,192.0,628.0,-0.8476470708847046,-3.8740978240966797,-3.026450753211975
889,b78cf5eebb8ae39161b94c37c3e8aa39f57e5639997972f1ec983cb9f44fcefc18f1c4227b3d8b263477f3444fe05696da0cbd5dacd3cb3900b2cbcf2370b155,0,hindi_griffinlim_eval_final/fake_hindi_griffinlim/hindi_fake_0889.wav,5.364,0.0,0.0,-3.0175580978393555,-3.0175580978393555,0.0
890,3db6bed8f713bb226c8e1414c97e0da016bf5573c7281dda13149cf951a3bab57698d09a84cbf226aebc5f978c42bbb83ee009e4e787f7674304a0ef235be968,1,hindi_griffinlim_eval_final/real_hindi/hindi_real_0890.wav,5.832,1408.0,936.0,0.10959367454051971,-5.785476207733154,-5.895069882273674
890,3db6bed8f713bb226c8e1414c97e0da016bf5573c7281dda13149cf951a3bab57698d09a84cbf226aebc5f978c42bbb83ee009e4e787f7674304a0ef235be968,0,hindi_griffinlim_eval_final/fake_hindi_griffinlim/hindi_fake_0890.wav,5.832,0.0,0.0,-5.202693939208984,-5.202693939208984,0.0
891,4ed9b617b3f93ef9ae23b42f64cf4e1d53ffefcf405e7e908ad346119c60ff08710f902131c673fcca0a5f0b8980b8e128ba5e30ccefc5780ced1cacb3dde0ed,1,hindi_griffinlim_eval_final/real_hindi/hindi_real_0891.wav,6.732,256.0,0.0,5.498819828033447,4.53992223739624,-0.958897590637207
891,4ed9b617b3f93ef9ae23b42f64cf4e1d53ffefcf405e7e908ad346119c60ff08710f902131c673fcca0a5f0b8980b8e128ba5e30ccefc5780ced1cacb3dde0ed,0,hindi_griffinlim_eval_final/fake_hindi_griffinlim/hindi_fake_0891.wav,6.732,0.0,0.0,6.144234657287598,6.144234657287598,0.0
892,4165462ba3028c7e25d5ff7abf7e81fe2d31ab129cfa039232a6753837447e299445e86cc1a94db3a8957d1cf55c3a1aaa96b297a0c75a814bc1a2df686daae8,1,hindi_griffinlim_eval_final/real_hindi/hindi_real_0892.wav,5.94,32.0,0.0,-1.089739441871643,-0.5139734745025635,0.5757659673690796
892,4165462ba3028c7e25d5ff7abf7e81fe2d31ab129cfa039232a6753837447e299445e86cc1a94db3a8957d1cf55c3a1aaa96b297a0c75a814bc1a2df686daae8,0,hindi_griffinlim_eval_final/fake_hindi_griffinlim/hindi_fake_0892.wav,5.94,0.0,0.0,-2.789471387863159,-2.789471387863159,0.0
893,08aa344261cb28d4f1e8b697822f1338246b28d51cfa28016b6214ed8bcd38cb5485c3b718c8246503f35d7e90c68e6e51ccdcea0ffbe272a0355f013aa4af41,1,hindi_griffinlim_eval_final/real_hindi/hindi_real_0893.wav,3.42,896.0,476.0,5.2842020988464355,-2.9305853843688965,-8.214787483215332
893,08aa344261cb28d4f1e8b697822f1338246b28d51cfa28016b6214ed8bcd38cb5485c3b718c8246503f35d7e90c68e6e51ccdcea0ffbe272a0355f013aa4af41,0,hindi_griffinlim_eval_final/fake_hindi_griffinlim/hindi_fake_0893.wav,3.42,0.0,0.0,0.7947827577590942,0.7947827577590942,0.0
894,f7e4c76ee18115342ce951e969ae7be895523c1249240808025273db43ef06eff07f846de9b3a24d822ac09b3fcc9a6655535a3e0adb370bde8640f64560620b,1,hindi_griffinlim_eval_final/real_hindi/hindi_real_0894.wav,5.508,800.0,772.0,-4.263014316558838,-5.807873249053955,-1.5448589324951172
894,f7e4c76ee18115342ce951e969ae7be895523c1249240808025273db43ef06eff07f846de9b3a24d822ac09b3fcc9a6655535a3e0adb370bde8640f64560620b,0,hindi_griffinlim_eval_final/fake_hindi_griffinlim/hindi_fake_0894.wav,5.508,0.0,0.0,-2.7098240852355957,-2.7098240852355957,0.0
895,4ed9b617b3f93ef9ae23b42f64cf4e1d53ffefcf405e7e908ad346119c60ff08710f902131c673fcca0a5f0b8980b8e128ba5e30ccefc5780ced1cacb3dde0ed,1,hindi_griffinlim_eval_final/real_hindi/hindi_real_0895.wav,4.824,256.0,0.0,3.6362199783325195,2.1953911781311035,-1.440828800201416
895,4ed9b617b3f93ef9ae23b42f64cf4e1d53ffefcf405e7e908ad346119c60ff08710f902131c673fcca0a5f0b8980b8e128ba5e30ccefc5780ced1cacb3dde0ed,0,hindi_griffinlim_eval_final/fake_hindi_griffinlim/hindi_fake_0895.wav,4.824,0.0,0.0,5.094868183135986,5.094868183135986,0.0
896,7645441bdc18d3b030505861df550d84664b9a9931552e1efeafab2fc218b84b74173a02073f3ab449dfd6be412293b9bfbe39fc0b97793fff0f586d8212ca0d,1,hindi_griffinlim_eval_final/real_hindi/hindi_real_0896.wav,3.888,64.0,208.0,4.655351638793945,4.954117298126221,0.2987656593322754
896,7645441bdc18d3b030505861df550d84664b9a9931552e1efeafab2fc218b84b74173a02073f3ab449dfd6be412293b9bfbe39fc0b97793fff0f586d8212ca0d,0,hindi_griffinlim_eval_final/fake_hindi_griffinlim/hindi_fake_0896.wav,3.888,0.0,0.0,-3.9832420349121094,-3.9832420349121094,0.0
897,8532ee1920f74cab963f7b2895f0b5d5519a8762bb1f3b742293915270928c8826003a955e9a9a092982572ddaceed20ff3eaedd2517aa8c4a3759585bfb5493,1,hindi_griffinlim_eval_final/real_hindi/hindi_real_0897.wav,5.508,800.0,1764.0,4.381389141082764,-4.581106185913086,-8.96249532699585
897,8532ee1920f74cab963f7b2895f0b5d5519a8762bb1f3b742293915270928c8826003a955e9a9a092982572ddaceed20ff3eaedd2517aa8c4a3759585bfb5493,0,hindi_griffinlim_eval_final/fake_hindi_griffinlim/hindi_fake_0897.wav,5.508,0.0,0.0,-0.4498406648635864,-0.4498406648635864,0.0
898,72f877fac9bb314cc8a49f707222e440bdbf0011ca28657fa408f62c6b95ed4f617faa364554b0b0a75f4c74e6a1a745f376376bbadd8c8737f405f04bd49632,1,hindi_griffinlim_eval_final/real_hindi/hindi_real_0898.wav,5.22,96.0,292.0,2.9683775901794434,2.4614973068237305,-0.5068802833557129
898,72f877fac9bb314cc8a49f707222e440bdbf0011ca28657fa408f62c6b95ed4f617faa364554b0b0a75f4c74e6a1a745f376376bbadd8c8737f405f04bd49632,0,hindi_griffinlim_eval_final/fake_hindi_griffinlim/hindi_fake_0898.wav,5.22,0.0,0.0,-0.9170297384262085,-0.9170297384262085,0.0
899,e6d5ef06a5a765e29cc111294dcf0542f6faa74f367ad10200bd7e609e89ca4dbc72ad11540880b3b155d3a0c19eff6fd865a688d96a340e8e4f23cc9baff93b,1,hindi_griffinlim_eval_final/real_hindi/hindi_real_0899.wav,2.268,64.0,92.0,-6.1612067222595215,-6.226646423339844,-0.06543970108032227
899,e6d5ef06a5a765e29cc111294dcf0542f6faa74f367ad10200bd7e609e89ca4dbc72ad11540880b3b155d3a0c19eff6fd865a688d96a340e8e4f23cc9baff93b,0,hindi_griffinlim_eval_final/fake_hindi_griffinlim/hindi_fake_0899.wav,2.268,0.0,0.0,-3.730879783630371,-3.730879783630371,0.0
900,68cb270e1215efd79204c075fb9df17b4ea024a7c09f74970ea4e506e73229238b2c3b3fc62c0f650e4fbd93cfbdd109b4442bcd5292c50b81cf80146568bf42,1,hindi_griffinlim_eval_final/real_hindi/hindi_real_0900.wav,7.596,160.0,268.0,5.8516926765441895,5.842037200927734,-0.009655475616455078
900,68cb270e1215efd79204c075fb9df17b4ea024a7c09f74970ea4e506e73229238b2c3b3fc62c0f650e4fbd93cfbdd109b4442bcd5292c50b81cf80146568bf42,0,hindi_griffinlim_eval_final/fake_hindi_griffinlim/hindi_fake_0900.wav,7.596,0.0,0.0,4.4610748291015625,4.4610748291015625,0.0
901,fb9238da4a8e2de73d33aea159760300d3ec17f24329ad1fd35ab53c3d452ac1fa903c1488c73bf0daeb50763d260efbf7fcf79c1453a1558722a64e0a69afbe,1,hindi_griffinlim_eval_final/real_hindi/hindi_real_0901.wav,6.768,544.0,848.0,4.597147464752197,3.742405414581299,-0.8547420501708984
901,fb9238da4a8e2de73d33aea159760300d3ec17f24329ad1fd35ab53c3d452ac1fa903c1488c73bf0daeb50763d260efbf7fcf79c1453a1558722a64e0a69afbe,0,hindi_griffinlim_eval_final/fake_hindi_griffinlim/hindi_fake_0901.wav,6.768,0.0,0.0,-1.2225373983383179,-1.2225373983383179,0.0
902,b7fde8b01808baf29c65724c04b9461381f7985ce4825b5663eb776d15da60e04453179bb8655290425de10178de70a1bd3e57b2381901578b63e663e90c0628,1,hindi_griffinlim_eval_final/real_hindi/hindi_real_0902.wav,5.436,864.0,1852.0,5.891055107116699,-2.268737316131592,-8.159792423248291
902,b7fde8b01808baf29c65724c04b9461381f7985ce4825b5663eb776d15da60e04453179bb8655290425de10178de70a1bd3e57b2381901578b63e663e90c0628,0,hindi_griffinlim_eval_final/fake_hindi_griffinlim/hindi_fake_0902.wav,5.436,0.0,0.0,4.793251991271973,4.793251991271973,0.0
903,cf3aeeacb5f17296626b5c4098ec5eac55e41cd4794e1b866c7c42ccda4ff82ab59144d9af79e6479243e61724113d6c7ccccb7dc02e7a235f5ff37eee99c5d8,1,hindi_griffinlim_eval_final/real_hindi/hindi_real_0903.wav,2.592,224.0,64.0,5.270496368408203,3.804396629333496,-1.466099739074707
903,cf3aeeacb5f17296626b5c4098ec5eac55e41cd4794e1b866c7c42ccda4ff82ab59144d9af79e6479243e61724113d6c7ccccb7dc02e7a235f5ff37eee99c5d8,0,hindi_griffinlim_eval_final/fake_hindi_griffinlim/hindi_fake_0903.wav,2.592,0.0,0.0,5.37033224105835,5.37033224105835,0.0
904,551ead2654838dfeb5faff96cbcc6d7ca4ac208e9f84293d31d5c89ae3e612bcc525e7f2cc8a050c834c1d550d9880c84e908cf0c4e90a885b36001c989f7aa6,1,hindi_griffinlim_eval_final/real_hindi/hindi_real_0904.wav,6.048,1344.0,1120.0,5.6627349853515625,-4.392168045043945,-10.054903030395508
904,551ead2654838dfeb5faff96cbcc6d7ca4ac208e9f84293d31d5c89ae3e612bcc525e7f2cc8a050c834c1d550d9880c84e908cf0c4e90a885b36001c989f7aa6,0,hindi_griffinlim_eval_final/fake_hindi_griffinlim/hindi_fake_0904.wav,6.048,0.0,0.0,0.11773155629634857,0.11773155629634857,0.0
905,75c6bb7203a8fae0c08c18b39bebaf7f25f86e3b2cdbb1dbd65927288474b3fa5b24c5c88144d238b93b8327677bdfbdf560078a95a3594a6b6ea7dbf3f3eec8,1,hindi_griffinlim_eval_final/real_hindi/hindi_real_0905.wav,4.428,800.0,1068.0,3.3944859504699707,-5.697722434997559,-9.09220838546753
905,75c6bb7203a8fae0c08c18b39bebaf7f25f86e3b2cdbb1dbd65927288474b3fa5b24c5c88144d238b93b8327677bdfbdf560078a95a3594a6b6ea7dbf3f3eec8,0,hindi_griffinlim_eval_final/fake_hindi_griffinlim/hindi_fake_0905.wav,4.416,800.0,1056.0,0.23489831387996674,-5.894243240356445,-6.129141554236412
906,f446689d92087b875d07eaa1d98e4b7e07ec4f8651762d73d8e0ecbae21be60e60a3b7356828d24a8c9071f872f21361ca196ae017820a2908412966f0a59df2,1,hindi_griffinlim_eval_final/real_hindi/hindi_real_0906.wav,7.128,448.0,0.0,1.970533013343811,-0.5811149477958679,-2.551647961139679
906,f446689d92087b875d07eaa1d98e4b7e07ec4f8651762d73d8e0ecbae21be60e60a3b7356828d24a8c9071f872f21361ca196ae017820a2908412966f0a59df2,0,hindi_griffinlim_eval_final/fake_hindi_griffinlim/hindi_fake_0906.wav,7.128,0.0,0.0,5.884103298187256,5.884103298187256,0.0
907,c45d64f4a9ad8d1efb4d802830abc40f0e0e29e23a1d399fb4e668a1781d60c7b6329f4ed2b4ee75586b7ef748b73a373cb36707965a2b5785d7e9ce6196f390,1,hindi_griffinlim_eval_final/real_hindi/hindi_real_0907.wav,6.336,448.0,256.0,-0.00305069237947464,-1.0175867080688477,-1.014536015689373
907,c45d64f4a9ad8d1efb4d802830abc40f0e0e29e23a1d399fb4e668a1781d60c7b6329f4ed2b4ee75586b7ef748b73a373cb36707965a2b5785d7e9ce6196f390,0,hindi_griffinlim_eval_final/fake_hindi_griffinlim/hindi_fake_0907.wav,6.336,448.0,256.0,-1.1831456422805786,-1.0331687927246094,0.14997684955596924
908,0eef353f918900f4b6b2c52b697013c0ac2340228d97696f460545e777a0a619dc934a6e2bdc5329525c74d683591af809ae5b8d4157abba6321a5b7366bb73e,1,hindi_griffinlim_eval_final/real_hindi/hindi_real_0908.wav,5.544,160.0,0.0,5.568264961242676,4.827447891235352,-0.7408170700073242
908,0eef353f918900f4b6b2c52b697013c0ac2340228d97696f460545e777a0a619dc934a6e2bdc5329525c74d683591af809ae5b8d4157abba6321a5b7366bb73e,0,hindi_griffinlim_eval_final/fake_hindi_griffinlim/hindi_fake_0908.wav,5.544,0.0,0.0,6.9991936683654785,6.9991936683654785,0.0
909,ca6156fb12800e3b3fc41f9907777531141ebf8f445b70901bc7137ffd0e5516c2229f3c8c695423887299cdfe5b9160cea313d614a4ba540d5ff4102dda821e,1,hindi_griffinlim_eval_final/real_hindi/hindi_real_0909.wav,4.716,576.0,44.0,2.5493080615997314,-1.3323310613632202,-3.8816391229629517
909,ca6156fb12800e3b3fc41f9907777531141ebf8f445b70901bc7137ffd0e5516c2229f3c8c695423887299cdfe5b9160cea313d614a4ba540d5ff4102dda821e,0,hindi_griffinlim_eval_final/fake_hindi_griffinlim/hindi_fake_0909.wav,4.704,576.0,32.0,-1.9808918237686157,-5.737282752990723,-3.756390929222107
910,64fcf403ddfb930184eae9b9ad9fbb9a712ebab06fdb5e7dbe7621dcd2cd5101f593c37e8e254ff38294b6dcc8bec4808c197c2d7599c0c4126045b1ac9b51d0,1,hindi_griffinlim_eval_final/real_hindi/hindi_real_0910.wav,5.784,960.0,440.0,1.326119303703308,-6.012555122375488,-7.338674426078796
910,64fcf403ddfb930184eae9b9ad9fbb9a712ebab06fdb5e7dbe7621dcd2cd5101f593c37e8e254ff38294b6dcc8bec4808c197c2d7599c0c4126045b1ac9b51d0,0,hindi_griffinlim_eval_final/fake_hindi_griffinlim/hindi_fake_0910.wav,5.784,0.0,0.0,-0.8968091011047363,-0.8968091011047363,0.0
911,5a2a681a4af95b92777b6adcd74644a5291136b27678f3afb168b9ebcc348031ce19ae24e738331ee6e5e5e54f6c4c560d455f898f348ad11957ec799c28fe59,1,hindi_griffinlim_eval_final/real_hindi/hindi_real_0911.wav,4.788,864.0,660.0,5.34649658203125,-4.343307018280029,-9.68980360031128
911,5a2a681a4af95b92777b6adcd74644a5291136b27678f3afb168b9ebcc348031ce19ae24e738331ee6e5e5e54f6c4c560d455f898f348ad11957ec799c28fe59,0,hindi_griffinlim_eval_final/fake_hindi_griffinlim/hindi_fake_0911.wav,4.788,0.0,0.0,-2.4562253952026367,-2.4562253952026367,0.0
912,cb191bbd6bef46c81c9d5a49421a071897ee938b184fb94525d71950769ff71a8e4c5380bac3087cf73f11082371a95a9e76e594ba58d9520d5892e39d9d167e,1,hindi_griffinlim_eval_final/real_hindi/hindi_real_0912.wav,7.416,800.0,24.0,-0.3516421914100647,-5.427494049072266,-5.075851857662201
912,cb191bbd6bef46c81c9d5a49421a071897ee938b184fb94525d71950769ff71a8e4c5380bac3087cf73f11082371a95a9e76e594ba58d9520d5892e39d9d167e,0,hindi_griffinlim_eval_final/fake_hindi_griffinlim/hindi_fake_0912.wav,7.416,0.0,0.0,-4.248323917388916,-4.248323917388916,0.0
913,1141dfc674be44e23dd469a1caf6c1436405f2f99880ffa8ec17435c9e0877914bb50b5906d75d14f195ef2c60ba18fe91afa89698d08952325c31896d02d827,1,hindi_griffinlim_eval_final/real_hindi/hindi_real_0913.wav,3.276,32.0,0.0,5.130450248718262,6.049532413482666,0.9190821647644043
913,1141dfc674be44e23dd469a1caf6c1436405f2f99880ffa8ec17435c9e0877914bb50b5906d75d14f195ef2c60ba18fe91afa89698d08952325c31896d02d827,0,hindi_griffinlim_eval_final/fake_hindi_griffinlim/hindi_fake_0913.wav,3.276,0.0,0.0,5.55379581451416,5.55379581451416,0.0
914,ac38b13197dccd9b8389b7ea08fa62f18a0ad7549e1dcb0ac6d9a05f3c3cf0e1a38c50b32020c420310616620b70345d1c7ec60431e9af8f1dd471d271dd2c81,1,hindi_griffinlim_eval_final/real_hindi/hindi_real_0914.wav,5.064,256.0,616.0,-1.7896674871444702,-2.1570546627044678,-0.36738717555999756
914,ac38b13197dccd9b8389b7ea08fa62f18a0ad7549e1dcb0ac6d9a05f3c3cf0e1a38c50b32020c420310616620b70345d1c7ec60431e9af8f1dd471d271dd2c81,0,hindi_griffinlim_eval_final/fake_hindi_griffinlim/hindi_fake_0914.wav,5.064,0.0,0.0,-0.5274180173873901,-0.5274180173873901,0.0
915,ec98bf4f4c7ebeb53552af57da3d7a49f21818abc1725b040a1b968399e00793bb92c3c43fc8a718ebdf2cd08df8a20903f45474f2545ae873ddfb15c6a759c5,1,hindi_griffinlim_eval_final/real_hindi/hindi_real_0915.wav,5.58,1312.0,0.0,4.959839820861816,-3.151036024093628,-8.110875844955444
915,ec98bf4f4c7ebeb53552af57da3d7a49f21818abc1725b040a1b968399e00793bb92c3c43fc8a718ebdf2cd08df8a20903f45474f2545ae873ddfb15c6a759c5,0,hindi_griffinlim_eval_final/fake_hindi_griffinlim/hindi_fake_0915.wav,5.58,0.0,0.0,-0.058236557990312576,-0.058236557990312576,0.0
916,5a2a681a4af95b92777b6adcd74644a5291136b27678f3afb168b9ebcc348031ce19ae24e738331ee6e5e5e54f6c4c560d455f898f348ad11957ec799c28fe59,1,hindi_griffinlim_eval_final/real_hindi/hindi_real_0916.wav,5.148,288.0,668.0,1.6682873964309692,-2.1630325317382812,-3.8313199281692505
916,5a2a681a4af95b92777b6adcd74644a5291136b27678f3afb168b9ebcc348031ce19ae24e738331ee6e5e5e54f6c4c560d455f898f348ad11957ec799c28fe59,0,hindi_griffinlim_eval_final/fake_hindi_griffinlim/hindi_fake_0916.wav,5.148,0.0,0.0,-2.771721363067627,-2.771721363067627,0.0
917,1a88297b510c4d15acdd9d6a3f50d13fd6420c8f934e487a7ec5096ab5fbebef165269d581a12002a5eca2cf3fbced4552441668df9c027abd45ef0895eabbc2,1,hindi_griffinlim_eval_final/real_hindi/hindi_real_0917.wav,5.184,608.0,576.0,2.482621669769287,-4.444366455078125,-6.926988124847412
917,1a88297b510c4d15acdd9d6a3f50d13fd6420c8f934e487a7ec5096ab5fbebef165269d581a12002a5eca2cf3fbced4552441668df9c027abd45ef0895eabbc2,0,hindi_griffinlim_eval_final/fake_hindi_griffinlim/hindi_fake_0917.wav,5.184,0.0,0.0,-3.2435102462768555,-3.2435102462768555,0.0
918,45067264d2b61e264ecad7458eac3d1b34e0fa920f07b620c960183b5da33e9162e941624364882bef970388a81035ea2059171afb0b405fec83186454db1279,1,hindi_griffinlim_eval_final/real_hindi/hindi_real_0918.wav,6.516,544.0,1300.0,1.3534661531448364,-4.327732086181641,-5.681198239326477
918,45067264d2b61e264ecad7458eac3d1b34e0fa920f07b620c960183b5da33e9162e941624364882bef970388a81035ea2059171afb0b405fec83186454db1279,0,hindi_griffinlim_eval_final/fake_hindi_griffinlim/hindi_fake_0918.wav,6.516,0.0,0.0,-2.6686666011810303,-2.6686666011810303,0.0
919,80df1054d490d23f8c2523fa0495d60f3cc205e34e95d436f6c923158601404372c2ddea0d8239b414c6a6e342198453e814db3f980e01b97817acc51ea7adc4,1,hindi_griffinlim_eval_final/real_hindi/hindi_real_0919.wav,7.416,32.0,312.0,2.0486888885498047,2.5162198543548584,0.4675309658050537
919,80df1054d490d23f8c2523fa0495d60f3cc205e34e95d436f6c923158601404372c2ddea0d8239b414c6a6e342198453e814db3f980e01b97817acc51ea7adc4,0,hindi_griffinlim_eval_final/fake_hindi_griffinlim/hindi_fake_0919.wav,7.416,0.0,0.0,-0.5059170722961426,-0.5059170722961426,0.0
920,b5368a2dff773c397ef5c49e62c79de17d88d95d2079d13c22dfd061e40dd1528406716bf6158aee618664f8bd5cd01289e1e410afda482364672472b003fd9b,1,hindi_griffinlim_eval_final/real_hindi/hindi_real_0920.wav,4.968,0.0,72.0,-3.28065824508667,-3.28065824508667,0.0
920,b5368a2dff773c397ef5c49e62c79de17d88d95d2079d13c22dfd061e40dd1528406716bf6158aee618664f8bd5cd01289e1e410afda482364672472b003fd9b,0,hindi_griffinlim_eval_final/fake_hindi_griffinlim/hindi_fake_0920.wav,4.968,0.0,0.0,-0.8260613083839417,-0.8260613083839417,0.0
921,7fbf4c95e3140e3dc38caf6b69156e7b0c31b692322f830bd453acafa852716c55556b85dab23eb2fcf7567541c68490442cf56fba72b2b29acffe250f110146,1,hindi_griffinlim_eval_final/real_hindi/hindi_real_0921.wav,5.616,256.0,880.0,4.7811713218688965,1.2458974123001099,-3.5352739095687866
921,7fbf4c95e3140e3dc38caf6b69156e7b0c31b692322f830bd453acafa852716c55556b85dab23eb2fcf7567541c68490442cf56fba72b2b29acffe250f110146,0,hindi_griffinlim_eval_final/fake_hindi_griffinlim/hindi_fake_0921.wav,5.616,0.0,0.0,-2.407538414001465,-2.407538414001465,0.0
922,f7e4c76ee18115342ce951e969ae7be895523c1249240808025273db43ef06eff07f846de9b3a24d822ac09b3fcc9a6655535a3e0adb370bde8640f64560620b,1,hindi_griffinlim_eval_final/real_hindi/hindi_real_0922.wav,3.708,896.0,444.0,-2.8547935485839844,-5.985032081604004,-3.1302385330200195
922,f7e4c76ee18115342ce951e969ae7be895523c1249240808025273db43ef06eff07f846de9b3a24d822ac09b3fcc9a6655535a3e0adb370bde8640f64560620b,0,hindi_griffinlim_eval_final/fake_hindi_griffinlim/hindi_fake_0922.wav,3.696,896.0,432.0,-4.668121337890625,-5.874876499176025,-1.2067551612854004
923,3f0b866ee8d4499e4c0de09d34862acbb1ea0139f53bf7f1271a8648fb35d9a3a31272a8bc7af870e3b52bf7f4cb51ae512fa07df79663eaeafa30221c0b200b,1,hindi_griffinlim_eval_final/real_hindi/hindi_real_0923.wav,4.788,32.0,0.0,-3.315981388092041,-3.7739899158477783,-0.4580085277557373
923,3f0b866ee8d4499e4c0de09d34862acbb1ea0139f53bf7f1271a8648fb35d9a3a31272a8bc7af870e3b52bf7f4cb51ae512fa07df79663eaeafa30221c0b200b,0,hindi_griffinlim_eval_final/fake_hindi_griffinlim/hindi_fake_0923.wav,4.784,32.0,0.0,-5.4582743644714355,-5.390117645263672,0.06815671920776367
924,2f15fd7bc51b2ba02064a0da5d475e0d6fc67649859ea797ce166b32fbfcd6af3d56241cdaa9d7107918bf5979de4ab7e702c6f255f5f2cfb0d154e19d960b17,1,hindi_griffinlim_eval_final/real_hindi/hindi_real_0924.wav,4.824,32.0,56.0,-5.544225692749023,-5.878237724304199,-0.3340120315551758
924,2f15fd7bc51b2ba02064a0da5d475e0d6fc67649859ea797ce166b32fbfcd6af3d56241cdaa9d7107918bf5979de4ab7e702c6f255f5f2cfb0d154e19d960b17,0,hindi_griffinlim_eval_final/fake_hindi_griffinlim/hindi_fake_0924.wav,4.824,0.0,0.0,-0.4044114649295807,-0.4044114649295807,0.0
925,daa76944376a4ffb1588dd2a305c507bc1b8e14eafbbb1784aba0d0e901a3ceccaa5f1d84909bc13f2ff0ab6c7facb2ac2e487daed3470c7fe44022f33cd2a26,1,hindi_griffinlim_eval_final/real_hindi/hindi_real_0925.wav,4.14,512.0,1356.0,5.7905683517456055,-5.387777328491211,-11.178345680236816
925,daa76944376a4ffb1588dd2a305c507bc1b8e14eafbbb1784aba0d0e901a3ceccaa5f1d84909bc13f2ff0ab6c7facb2ac2e487daed3470c7fe44022f33cd2a26,0,hindi_griffinlim_eval_final/fake_hindi_griffinlim/hindi_fake_0925.wav,4.14,0.0,0.0,-0.5967825651168823,-0.5967825651168823,0.0
926,2f15fd7bc51b2ba02064a0da5d475e0d6fc67649859ea797ce166b32fbfcd6af3d56241cdaa9d7107918bf5979de4ab7e702c6f255f5f2cfb0d154e19d960b17,1,hindi_griffinlim_eval_final/real_hindi/hindi_real_0926.wav,4.536,96.0,56.0,-3.0203142166137695,-2.852337598800659,0.16797661781311035
926,2f15fd7bc51b2ba02064a0da5d475e0d6fc67649859ea797ce166b32fbfcd6af3d56241cdaa9d7107918bf5979de4ab7e702c6f255f5f2cfb0d154e19d960b17,0,hindi_griffinlim_eval_final/fake_hindi_griffinlim/hindi_fake_0926.wav,4.536,0.0,0.0,-0.19711065292358398,-0.19711065292358398,0.0
927,4f7f65a3c1d0ad3bc8c1b1b9d1f99a33e4785aac4a57bf5803876af5b7bd8c4d96f9ce70fa5d287f0aa26fa4aa86e8572fa595a5554dc71ae32d82496237da62,1,hindi_griffinlim_eval_final/real_hindi/hindi_real_0927.wav,3.504,960.0,1072.0,4.993361473083496,-4.613589286804199,-9.606950759887695
927,4f7f65a3c1d0ad3bc8c1b1b9d1f99a33e4785aac4a57bf5803876af5b7bd8c4d96f9ce70fa5d287f0aa26fa4aa86e8572fa595a5554dc71ae32d82496237da62,0,hindi_griffinlim_eval_final/fake_hindi_griffinlim/hindi_fake_0927.wav,3.504,960.0,1072.0,4.896775245666504,-5.42010498046875,-10.316880226135254
928,a260ddbc5acffed848007a0a9ec6b79936f77999c825631f8f7eb91c11e3369d404de512eb961b464b0208a5da2d4a8cf154dba0a4d11010520e02dbf6039b2f,1,hindi_griffinlim_eval_final/real_hindi/hindi_real_0928.wav,5.76,96.0,32.0,-3.373572826385498,-3.7910499572753906,-0.4174771308898926
928,a260ddbc5acffed848007a0a9ec6b79936f77999c825631f8f7eb91c11e3369d404de512eb961b464b0208a5da2d4a8cf154dba0a4d11010520e02dbf6039b2f,0,hindi_griffinlim_eval_final/fake_hindi_griffinlim/hindi_fake_0928.wav,5.76,0.0,0.0,-3.0273404121398926,-3.0273404121398926,0.0
929,6cd8f602bf899de8fa9a30238cb461650682d47e62a5d12042ec213877ca4d9f7f83e3635c1374cddf16260688058dddb7ba7f5466c279dadd85e033038b6b08,1,hindi_griffinlim_eval_final/real_hindi/hindi_real_0929.wav,2.628,32.0,0.0,-0.24312908947467804,0.13156524300575256,0.3746943324804306
929,6cd8f602bf899de8fa9a30238cb461650682d47e62a5d12042ec213877ca4d9f7f83e3635c1374cddf16260688058dddb7ba7f5466c279dadd85e033038b6b08,0,hindi_griffinlim_eval_final/fake_hindi_griffinlim/hindi_fake_0929.wav,2.628,0.0,0.0,-0.9944868087768555,-0.9944868087768555,0.0
930,ac38b13197dccd9b8389b7ea08fa62f18a0ad7549e1dcb0ac6d9a05f3c3cf0e1a38c50b32020c420310616620b70345d1c7ec60431e9af8f1dd471d271dd2c81,1,hindi_griffinlim_eval_final/real_hindi/hindi_real_0930.wav,3.336,512.0,0.0,-4.473048210144043,-5.9718780517578125,-1.4988298416137695
930,ac38b13197dccd9b8389b7ea08fa62f18a0ad7549e1dcb0ac6d9a05f3c3cf0e1a38c50b32020c420310616620b70345d1c7ec60431e9af8f1dd471d271dd2c81,0,hindi_griffinlim_eval_final/fake_hindi_griffinlim/hindi_fake_0930.wav,3.328,512.0,0.0,-5.79576301574707,-5.9870476722717285,-0.1912846565246582
931,ecc7e59a32c148c0940caf49e33b11c6c9cbcd065d19c3a636df8798f9a2b79eec188e8b8ec5c0ba3212d762cde863f145957a01d44291181826e1579efbcf79,1,hindi_griffinlim_eval_final/real_hindi/hindi_real_0931.wav,7.344,32.0,144.0,4.373651504516602,4.401937484741211,0.028285980224609375
931,ecc7e59a32c148c0940caf49e33b11c6c9cbcd065d19c3a636df8798f9a2b79eec188e8b8ec5c0ba3212d762cde863f145957a01d44291181826e1579efbcf79,0,hindi_griffinlim_eval_final/fake_hindi_griffinlim/hindi_fake_0931.wav,7.344,0.0,0.0,6.900671005249023,6.900671005249023,0.0
932,40755351d14a54150898c5756a00e1c19d4099c2b7fca916bd7eb5967ce050c2fa3e5870250539857dbb1005de528c8a967e18a0f7dfd0dfce66024cc6a979c0,1,hindi_griffinlim_eval_final/real_hindi/hindi_real_0932.wav,6.66,1248.0,100.0,5.451779842376709,-2.4786746501922607,-7.93045449256897
932,40755351d14a54150898c5756a00e1c19d4099c2b7fca916bd7eb5967ce050c2fa3e5870250539857dbb1005de528c8a967e18a0f7dfd0dfce66024cc6a979c0,0,hindi_griffinlim_eval_final/fake_hindi_griffinlim/hindi_fake_0932.wav,6.66,0.0,0.0,-1.5739072561264038,-1.5739072561264038,0.0
933,5a2a681a4af95b92777b6adcd74644a5291136b27678f3afb168b9ebcc348031ce19ae24e738331ee6e5e5e54f6c4c560d455f898f348ad11957ec799c28fe59,1,hindi_griffinlim_eval_final/real_hindi/hindi_real_0933.wav,4.896,704.0,768.0,5.3239336013793945,-4.115474700927734,-9.439408302307129
933,5a2a681a4af95b92777b6adcd74644a5291136b27678f3afb168b9ebcc348031ce19ae24e738331ee6e5e5e54f6c4c560d455f898f348ad11957ec799c28fe59,0,hindi_griffinlim_eval_final/fake_hindi_griffinlim/hindi_fake_0933.wav,4.896,0.0,0.0,-1.2549114227294922,-1.2549114227294922,0.0
934,369ad14c74f52ab1579e8df7c213c4d5982ddfbf5d67057d8ef5e11f88177dc8e428d628ff7610a25681bd43d33237d2c914c41097f20905142011a579a50612,1,hindi_griffinlim_eval_final/real_hindi/hindi_real_0934.wav,5.58,64.0,1484.0,4.442625045776367,4.524685859680176,0.0820608139038086
934,369ad14c74f52ab1579e8df7c213c4d5982ddfbf5d67057d8ef5e11f88177dc8e428d628ff7610a25681bd43d33237d2c914c41097f20905142011a579a50612,0,hindi_griffinlim_eval_final/fake_hindi_griffinlim/hindi_fake_0934.wav,5.58,0.0,0.0,-0.241162970662117,-0.241162970662117,0.0
935,369ad14c74f52ab1579e8df7c213c4d5982ddfbf5d67057d8ef5e11f88177dc8e428d628ff7610a25681bd43d33237d2c914c41097f20905142011a579a50612,1,hindi_griffinlim_eval_final/real_hindi/hindi_real_0935.wav,7.776,672.0,1280.0,-0.030873756855726242,-5.625483989715576,-5.59461023285985
935,369ad14c74f52ab1579e8df7c213c4d5982ddfbf5d67057d8ef5e11f88177dc8e428d628ff7610a25681bd43d33237d2c914c41097f20905142011a579a50612,0,hindi_griffinlim_eval_final/fake_hindi_griffinlim/hindi_fake_0935.wav,7.776,0.0,0.0,-0.34470999240875244,-0.34470999240875244,0.0
936,bbf090e6e283e4e37184a2e8d18c4e8b316a072a5565f942ab1fe209609ce93499859b1bc6b7111be2f33203c2746e5c37c57a3fcff52e9a7f38780d6fc39a26,1,hindi_griffinlim_eval_final/real_hindi/hindi_real_0936.wav,4.68,416.0,840.0,-0.8282487392425537,-5.51578950881958,-4.687540769577026
936,bbf090e6e283e4e37184a2e8d18c4e8b316a072a5565f942ab1fe209609ce93499859b1bc6b7111be2f33203c2746e5c37c57a3fcff52e9a7f38780d6fc39a26,0,hindi_griffinlim_eval_final/fake_hindi_griffinlim/hindi_fake_0936.wav,4.68,0.0,0.0,-0.39287781715393066,-0.39287781715393066,0.0
937,4165462ba3028c7e25d5ff7abf7e81fe2d31ab129cfa039232a6753837447e299445e86cc1a94db3a8957d1cf55c3a1aaa96b297a0c75a814bc1a2df686daae8,1,hindi_griffinlim_eval_final/real_hindi/hindi_real_0937.wav,3.744,128.0,0.0,3.572267770767212,4.851822853088379,1.279555082321167
937,4165462ba3028c7e25d5ff7abf7e81fe2d31ab129cfa039232a6753837447e299445e86cc1a94db3a8957d1cf55c3a1aaa96b297a0c75a814bc1a2df686daae8,0,hindi_griffinlim_eval_final/fake_hindi_griffinlim/hindi_fake_0937.wav,3.744,0.0,0.0,0.21827366948127747,0.21827366948127747,0.0
938,f4276b793d63656aa644af3755eec97ff45d8df43323576969e1722c9b9f099002febe4c6f3a9401ad2a7011623e315d775ae5c19f3901dfc9cb44d20a5c91df,1,hindi_griffinlim_eval_final/real_hindi/hindi_real_0938.wav,4.608,96.0,928.0,1.798339605331421,2.289914131164551,0.4915745258331299
938,f4276b793d63656aa644af3755eec97ff45d8df43323576969e1722c9b9f099002febe4c6f3a9401ad2a7011623e315d775ae5c19f3901dfc9cb44d20a5c91df,0,hindi_griffinlim_eval_final/fake_hindi_griffinlim/hindi_fake_0938.wav,4.608,0.0,0.0,-0.5221812129020691,-0.5221812129020691,0.0
939,4498fc8a02fdc71bd6238e7020b44ddb11b2922e44e1fda1ccc177f6d24c99b0ef8b526c40d48f44b73cf32a8138e49b9e0fc93e64be8c318d8b7b9f84870bfa,1,hindi_griffinlim_eval_final/real_hindi/hindi_real_0939.wav,7.848,64.0,648.0,-1.9467178583145142,-1.849493145942688,0.09722471237182617
939,4498fc8a02fdc71bd6238e7020b44ddb11b2922e44e1fda1ccc177f6d24c99b0ef8b526c40d48f44b73cf32a8138e49b9e0fc93e64be8c318d8b7b9f84870bfa,0,hindi_griffinlim_eval_final/fake_hindi_griffinlim/hindi_fake_0939.wav,7.848,0.0,0.0,-2.3496742248535156,-2.3496742248535156,0.0
940,2312b0d85bd1eb1a017264abf770df086e10cec218cf1ab48b90f9d7f621d8ae8372b07338224060fcac6cfb337fcfcb6966c160942f9fcec4c67e7f5df44520,1,hindi_griffinlim_eval_final/real_hindi/hindi_real_0940.wav,4.608,0.0,0.0,-2.7444539070129395,-2.7444539070129395,0.0
940,2312b0d85bd1eb1a017264abf770df086e10cec218cf1ab48b90f9d7f621d8ae8372b07338224060fcac6cfb337fcfcb6966c160942f9fcec4c67e7f5df44520,0,hindi_griffinlim_eval_final/fake_hindi_griffinlim/hindi_fake_0940.wav,4.608,0.0,0.0,-5.177180290222168,-5.177180290222168,0.0
941,f1b62e5d3473776b945ef79fbad0a46a621fb136b143d7aeb75a7cb854ebe0807524eee04fe8d83b3311152dad97e341e18ed5b8981b3cf322fec4e0700894bb,1,hindi_griffinlim_eval_final/real_hindi/hindi_real_0941.wav,7.92,1152.0,112.0,2.71067214012146,-2.4107096195220947,-5.121381759643555
941,f1b62e5d3473776b945ef79fbad0a46a621fb136b143d7aeb75a7cb854ebe0807524eee04fe8d83b3311152dad97e341e18ed5b8981b3cf322fec4e0700894bb,0,hindi_griffinlim_eval_final/fake_hindi_griffinlim/hindi_fake_0941.wav,7.92,0.0,0.0,0.5688033103942871,0.5688033103942871,0.0
942,ff8d1bfdc7d8be2fd275f506691f3ba70d9d60666488ab551bcbb76c3fe93c7cfaa703f465f40b60131807d73913eb37830221336b6803114df015fb7caed36e,1,hindi_griffinlim_eval_final/real_hindi/hindi_real_0942.wav,4.788,352.0,52.0,0.30589085817337036,-1.2549442052841187,-1.560835063457489
942,ff8d1bfdc7d8be2fd275f506691f3ba70d9d60666488ab551bcbb76c3fe93c7cfaa703f465f40b60131807d73913eb37830221336b6803114df015fb7caed36e,0,hindi_griffinlim_eval_final/fake_hindi_griffinlim/hindi_fake_0942.wav,4.784,192.0,16.0,-2.3274238109588623,-3.6778173446655273,-1.350393533706665
943,8532ee1920f74cab963f7b2895f0b5d5519a8762bb1f3b742293915270928c8826003a955e9a9a092982572ddaceed20ff3eaedd2517aa8c4a3759585bfb5493,1,hindi_griffinlim_eval_final/real_hindi/hindi_real_0943.wav,5.436,1024.0,1340.0,4.516268730163574,-4.697188377380371,-9.213457107543945
943,8532ee1920f74cab963f7b2895f0b5d5519a8762bb1f3b742293915270928c8826003a955e9a9a092982572ddaceed20ff3eaedd2517aa8c4a3759585bfb5493,0,hindi_griffinlim_eval_final/fake_hindi_griffinlim/hindi_fake_0943.wav,5.436,0.0,0.0,-0.5252278447151184,-0.5252278447151184,0.0
944,fb9238da4a8e2de73d33aea159760300d3ec17f24329ad1fd35ab53c3d452ac1fa903c1488c73bf0daeb50763d260efbf7fcf79c1453a1558722a64e0a69afbe,1,hindi_griffinlim_eval_final/real_hindi/hindi_real_0944.wav,5.256,768.0,1064.0,4.733875274658203,-4.026724815368652,-8.760600090026855
944,fb9238da4a8e2de73d33aea159760300d3ec17f24329ad1fd35ab53c3d452ac1fa903c1488c73bf0daeb50763d260efbf7fcf79c1453a1558722a64e0a69afbe,0,hindi_griffinlim_eval_final/fake_hindi_griffinlim/hindi_fake_0944.wav,5.256,0.0,0.0,-0.39176976680755615,-0.39176976680755615,0.0
945,0245f184ea5b6ed43fdf98061265386a868ff96b2566d123a88efdaaa7aeade1ce59fdd77595bf40a98fe15f578afaf6b4a2fbfbbf2a1e589d519238c07b799a,1,hindi_griffinlim_eval_final/real_hindi/hindi_real_0945.wav,5.22,480.0,484.0,-0.5331357717514038,-4.4068779945373535,-3.8737422227859497
945,0245f184ea5b6ed43fdf98061265386a868ff96b2566d123a88efdaaa7aeade1ce59fdd77595bf40a98fe15f578afaf6b4a2fbfbbf2a1e589d519238c07b799a,0,hindi_griffinlim_eval_final/fake_hindi_griffinlim/hindi_fake_0945.wav,5.22,0.0,0.0,-1.129101276397705,-1.129101276397705,0.0
946,424c16a8450e8b742c1380d9d38d919d880a36379e8c7e09126a2a8411022bc42cbae339c1d8dfd42695fb073ca783ed5e86b8a2531d11c4491259ab1378e445,1,hindi_griffinlim_eval_final/real_hindi/hindi_real_0946.wav,5.076,256.0,660.0,-2.2335939407348633,-4.282427787780762,-2.0488338470458984
946,424c16a8450e8b742c1380d9d38d919d880a36379e8c7e09126a2a8411022bc42cbae339c1d8dfd42695fb073ca783ed5e86b8a2531d11c4491259ab1378e445,0,hindi_griffinlim_eval_final/fake_hindi_griffinlim/hindi_fake_0946.wav,5.076,0.0,0.0,6.916581630706787,6.916581630706787,0.0
947,43dc11a5328c78dc9536527d6945245d5b3e371fdeea987ac538a30956eacc649639e2b09c28bf3ee4f4f764475880bb8f68a5cd20ef78800a664b72a86ffe58,1,hindi_griffinlim_eval_final/real_hindi/hindi_real_0947.wav,3.924,512.0,372.0,4.266817569732666,-4.80974006652832,-9.076557636260986
947,43dc11a5328c78dc9536527d6945245d5b3e371fdeea987ac538a30956eacc649639e2b09c28bf3ee4f4f764475880bb8f68a5cd20ef78800a664b72a86ffe58,0,hindi_griffinlim_eval_final/fake_hindi_griffinlim/hindi_fake_0947.wav,3.924,0.0,0.0,-5.313380241394043,-5.313380241394043,0.0
948,72f877fac9bb314cc8a49f707222e440bdbf0011ca28657fa408f62c6b95ed4f617faa364554b0b0a75f4c74e6a1a745f376376bbadd8c8737f405f04bd49632,1,hindi_griffinlim_eval_final/real_hindi/hindi_real_0948.wav,5.58,480.0,524.0,2.3547050952911377,-4.402282238006592,-6.7569873332977295
948,72f877fac9bb314cc8a49f707222e440bdbf0011ca28657fa408f62c6b95ed4f617faa364554b0b0a75f4c74e6a1a745f376376bbadd8c8737f405f04bd49632,0,hindi_griffinlim_eval_final/fake_hindi_griffinlim/hindi_fake_0948.wav,5.58,0.0,0.0,-2.4649300575256348,-2.4649300575256348,0.0
949,f7e4c76ee18115342ce951e969ae7be895523c1249240808025273db43ef06eff07f846de9b3a24d822ac09b3fcc9a6655535a3e0adb370bde8640f64560620b,1,hindi_griffinlim_eval_final/real_hindi/hindi_real_0949.wav,5.868,0.0,300.0,-4.194838523864746,-4.194838523864746,0.0
949,f7e4c76ee18115342ce951e969ae7be895523c1249240808025273db43ef06eff07f846de9b3a24d822ac09b3fcc9a6655535a3e0adb370bde8640f64560620b,0,hindi_griffinlim_eval_final/fake_hindi_griffinlim/hindi_fake_0949.wav,5.868,0.0,0.0,-4.517746925354004,-4.517746925354004,0.0
950,63293ff4cc67280b10da2df2fd2763db65ca8493af191e121605b45457373b9d2f7d073324125f2ec4d3d5aa138903f3532048b49083306757421a463dcad13b,1,hindi_griffinlim_eval_final/real_hindi/hindi_real_0950.wav,6.66,704.0,548.0,-0.8812759518623352,-5.648967742919922,-4.767691791057587
950,63293ff4cc67280b10da2df2fd2763db65ca8493af191e121605b45457373b9d2f7d073324125f2ec4d3d5aa138903f3532048b49083306757421a463dcad13b,0,hindi_griffinlim_eval_final/fake_hindi_griffinlim/hindi_fake_0950.wav,6.656,704.0,544.0,-2.224630832672119,-5.933176517486572,-3.708545684814453
951,621e009fa43e75aecd867db6acd010a1a280b1faeb916e3a5e1a0bf8346fd32406c7ac120765bc592bf0484fcc239c756ead9625c64f9c6b3e9210bdf698995c,1,hindi_griffinlim_eval_final/real_hindi/hindi_real_0951.wav,4.68,384.0,1512.0,5.33229398727417,-4.5055084228515625,-9.837802410125732
951,621e009fa43e75aecd867db6acd010a1a280b1faeb916e3a5e1a0bf8346fd32406c7ac120765bc592bf0484fcc239c756ead9625c64f9c6b3e9210bdf698995c,0,hindi_griffinlim_eval_final/fake_hindi_griffinlim/hindi_fake_0951.wav,4.68,0.0,0.0,-0.5161615014076233,-0.5161615014076233,0.0
952,ac38b13197dccd9b8389b7ea08fa62f18a0ad7549e1dcb0ac6d9a05f3c3cf0e1a38c50b32020c420310616620b70345d1c7ec60431e9af8f1dd471d271dd2c81,1,hindi_griffinlim_eval_final/real_hindi/hindi_real_0952.wav,3.744,0.0,0.0,-5.975399017333984,-5.975399017333984,0.0
952,ac38b13197dccd9b8389b7ea08fa62f18a0ad7549e1dcb0ac6d9a05f3c3cf0e1a38c50b32020c420310616620b70345d1c7ec60431e9af8f1dd471d271dd2c81,0,hindi_griffinlim_eval_final/fake_hindi_griffinlim/hindi_fake_0952.wav,3.744,0.0,0.0,-2.9991018772125244,-2.9991018772125244,0.0
953,345ead41094d4bf4aae58398d87ab219b6ffd948dd640a1a2a4da43e2522343c539d11a27052a9cca1014b590e440971db0710852df02639dc9f3d304469aaca,1,hindi_griffinlim_eval_final/real_hindi/hindi_real_0953.wav,2.808,480.0,152.0,-0.571213960647583,-5.6196818351745605,-5.0484678745269775
953,345ead41094d4bf4aae58398d87ab219b6ffd948dd640a1a2a4da43e2522343c539d11a27052a9cca1014b590e440971db0710852df02639dc9f3d304469aaca,0,hindi_griffinlim_eval_final/fake_hindi_griffinlim/hindi_fake_0953.wav,2.808,0.0,0.0,-3.4159388542175293,-3.4159388542175293,0.0
954,ae1ae84ba2341eb4c7c3fa47026ddc0b784387b58fa28c0a69f32c966e590141de3da70921c65c3477fb49575fab03213843d087f177422adb685978ca5c4b13,1,hindi_griffinlim_eval_final/real_hindi/hindi_real_0954.wav,6.372,1216.0,1188.0,4.981396675109863,3.274237632751465,-1.7071590423583984
954,ae1ae84ba2341eb4c7c3fa47026ddc0b784387b58fa28c0a69f32c966e590141de3da70921c65c3477fb49575fab03213843d087f177422adb685978ca5c4b13,0,hindi_griffinlim_eval_final/fake_hindi_griffinlim/hindi_fake_0954.wav,6.372,0.0,0.0,0.123822420835495,0.123822420835495,0.0
955,dbe55388d2e8bae8e64412f527e29fa3691a1c13adcaa6b80313b3e475d2df28d0428a6151d9cd42018d943718c830d69a80c5bf8a6a88200e4c6ba36ad6a748,1,hindi_griffinlim_eval_final/real_hindi/hindi_real_0955.wav,7.176,256.0,0.0,2.3136849403381348,2.496960163116455,0.1832752227783203
955,dbe55388d2e8bae8e64412f527e29fa3691a1c13adcaa6b80313b3e475d2df28d0428a6151d9cd42018d943718c830d69a80c5bf8a6a88200e4c6ba36ad6a748,0,hindi_griffinlim_eval_final/fake_hindi_griffinlim/hindi_fake_0955.wav,7.176,0.0,0.0,-1.9778085947036743,-1.9778085947036743,0.0
956,d70eec2d8533e3a33d9b86756515c60f981b91fec38baaad39f756259fc08103cb6a12f82c2cc01189e8c8558b9ca80d52fc0cd6ebe18cab27de267929b51584,1,hindi_griffinlim_eval_final/real_hindi/hindi_real_0956.wav,4.176,0.0,16.0,4.9357709884643555,4.9357709884643555,0.0
956,d70eec2d8533e3a33d9b86756515c60f981b91fec38baaad39f756259fc08103cb6a12f82c2cc01189e8c8558b9ca80d52fc0cd6ebe18cab27de267929b51584,0,hindi_griffinlim_eval_final/fake_hindi_griffinlim/hindi_fake_0956.wav,4.176,0.0,0.0,-2.067051649093628,-2.067051649093628,0.0
957,c3b879809a9ebf0d819103be644fbf3fee1c8cafd1e2c2f905c8d6d5c2497bcd47b0cb932bb4106b5729479e89ca660253ad1158181c72462d1ce0499047db90,1,hindi_griffinlim_eval_final/real_hindi/hindi_real_0957.wav,3.096,0.0,0.0,-4.536581993103027,-4.536581993103027,0.0
957,c3b879809a9ebf0d819103be644fbf3fee1c8cafd1e2c2f905c8d6d5c2497bcd47b0cb932bb4106b5729479e89ca660253ad1158181c72462d1ce0499047db90,0,hindi_griffinlim_eval_final/fake_hindi_griffinlim/hindi_fake_0957.wav,3.088,0.0,0.0,-4.405261516571045,-4.405261516571045,0.0
958,d5880664e0b201cf24b4972ea9890b801afe05af05cd4302d95952f06934198872328efbf6eb11bf51e169d4c62a0e8756088bbe001fc353a9b6d080ed9ee3dc,1,hindi_griffinlim_eval_final/real_hindi/hindi_real_0958.wav,4.392,96.0,488.0,0.4967889189720154,-1.9171161651611328,-2.413905084133148
958,d5880664e0b201cf24b4972ea9890b801afe05af05cd4302d95952f06934198872328efbf6eb11bf51e169d4c62a0e8756088bbe001fc353a9b6d080ed9ee3dc,0,hindi_griffinlim_eval_final/fake_hindi_griffinlim/hindi_fake_0958.wav,4.392,0.0,0.0,-3.666571855545044,-3.666571855545044,0.0
959,0d095340640de1eed083de79682cd69d43729d60e08c0a6819dd49b8f15d143165cd66c8061dffa3ce372d4356c10e0bc5cc1a3a224cbe7e1cfeca4c5cfb413d,1,hindi_griffinlim_eval_final/real_hindi/hindi_real_0959.wav,5.328,576.0,432.0,-1.526399850845337,-5.83978271484375,-4.313382863998413
959,0d095340640de1eed083de79682cd69d43729d60e08c0a6819dd49b8f15d143165cd66c8061dffa3ce372d4356c10e0bc5cc1a3a224cbe7e1cfeca4c5cfb413d,0,hindi_griffinlim_eval_final/fake_hindi_griffinlim/hindi_fake_0959.wav,5.328,0.0,0.0,4.563632011413574,4.563632011413574,0.0
960,ff8f23f061245d69de7cccf1ee33e0ebd713c56e08f5a4a2f4732746be391af221f711cf9aee47cf8cc4c6402985c5231bff4ac03eaaa1e1a1cef4e1cdaf2936,1,hindi_griffinlim_eval_final/real_hindi/hindi_real_0960.wav,3.348,64.0,340.0,-6.00651741027832,-6.0679426193237305,-0.061425209045410156
960,ff8f23f061245d69de7cccf1ee33e0ebd713c56e08f5a4a2f4732746be391af221f711cf9aee47cf8cc4c6402985c5231bff4ac03eaaa1e1a1cef4e1cdaf2936,0,hindi_griffinlim_eval_final/fake_hindi_griffinlim/hindi_fake_0960.wav,3.348,0.0,0.0,-4.245234489440918,-4.245234489440918,0.0
961,b9854a362f9f2796f98c3105310553f5d5b1d2aea5f247080a0d9ab5d329ac51e5e519bad74bd68b022867bb103a42741c9523a32ce80c3a4ac8ed64c4bde957,1,hindi_griffinlim_eval_final/real_hindi/hindi_real_0961.wav,4.416,0.0,0.0,-1.0869935750961304,-1.0869935750961304,0.0
961,b9854a362f9f2796f98c3105310553f5d5b1d2aea5f247080a0d9ab5d329ac51e5e519bad74bd68b022867bb103a42741c9523a32ce80c3a4ac8ed64c4bde957,0,hindi_griffinlim_eval_final/fake_hindi_griffinlim/hindi_fake_0961.wav,4.416,0.0,0.0,-0.2886560559272766,-0.2886560559272766,0.0
962,f59a2dc4d475bfb45d9b9628faa8b0e53570d46a05fd85dd8542559975c8cd75bf87c02f557d7ecd3e4eda2872a7e4a57adc699bc30e819c9e5c1c9e520cd02b,1,hindi_griffinlim_eval_final/real_hindi/hindi_real_0962.wav,6.3,288.0,28.0,5.428565502166748,4.28216552734375,-1.146399974822998
962,f59a2dc4d475bfb45d9b9628faa8b0e53570d46a05fd85dd8542559975c8cd75bf87c02f557d7ecd3e4eda2872a7e4a57adc699bc30e819c9e5c1c9e520cd02b,0,hindi_griffinlim_eval_final/fake_hindi_griffinlim/hindi_fake_0962.wav,6.3,0.0,0.0,4.508702754974365,4.508702754974365,0.0
963,8a05ca02926d437b43ff4cc21925621fc16dbeaf8e35977e8c6f5da4d29494951203f52e20050d365fe263f76336e15d23cf8d1f0c0514c9fd900f7d92b108a1,1,hindi_griffinlim_eval_final/real_hindi/hindi_real_0963.wav,5.688,1408.0,1112.0,5.7447509765625,-4.593386650085449,-10.33813762664795
963,8a05ca02926d437b43ff4cc21925621fc16dbeaf8e35977e8c6f5da4d29494951203f52e20050d365fe263f76336e15d23cf8d1f0c0514c9fd900f7d92b108a1,0,hindi_griffinlim_eval_final/fake_hindi_griffinlim/hindi_fake_0963.wav,5.688,0.0,0.0,1.6061629056930542,1.6061629056930542,0.0
964,eb0cf518c980fbaafc44b52459e6edc777cf01758412dc63e1de49438b83b2d292941510deee22dd7111854884991b9e9fc276183f07dc59d4a6c8174d8da2dd,1,hindi_griffinlim_eval_final/real_hindi/hindi_real_0964.wav,2.844,864.0,348.0,5.552216529846191,-3.8595635890960693,-9.41178011894226
964,eb0cf518c980fbaafc44b52459e6edc777cf01758412dc63e1de49438b83b2d292941510deee22dd7111854884991b9e9fc276183f07dc59d4a6c8174d8da2dd,0,hindi_griffinlim_eval_final/fake_hindi_griffinlim/hindi_fake_0964.wav,2.844,0.0,0.0,-4.067925930023193,-4.067925930023193,0.0
965,74751bae9cd9bc9a9c005dce39ee035a3d1a201afb6bc83523226793b7fa2526d2c29ccebaaee7bcc6af9949646ae1bde77eade6fcec218564391c06e0ec86d3,1,hindi_griffinlim_eval_final/real_hindi/hindi_real_0965.wav,6.156,64.0,0.0,3.220670223236084,4.679375171661377,1.458704948425293
965,74751bae9cd9bc9a9c005dce39ee035a3d1a201afb6bc83523226793b7fa2526d2c29ccebaaee7bcc6af9949646ae1bde77eade6fcec218564391c06e0ec86d3,0,hindi_griffinlim_eval_final/fake_hindi_griffinlim/hindi_fake_0965.wav,6.156,0.0,0.0,-0.06079455837607384,-0.06079455837607384,0.0
966,f59a2dc4d475bfb45d9b9628faa8b0e53570d46a05fd85dd8542559975c8cd75bf87c02f557d7ecd3e4eda2872a7e4a57adc699bc30e819c9e5c1c9e520cd02b,1,hindi_griffinlim_eval_final/real_hindi/hindi_real_0966.wav,4.356,320.0,100.0,2.4345717430114746,-0.9402506351470947,-3.3748223781585693
966,f59a2dc4d475bfb45d9b9628faa8b0e53570d46a05fd85dd8542559975c8cd75bf87c02f557d7ecd3e4eda2872a7e4a57adc699bc30e819c9e5c1c9e520cd02b,0,hindi_griffinlim_eval_final/fake_hindi_griffinlim/hindi_fake_0966.wav,4.356,0.0,0.0,0.1769377589225769,0.1769377589225769,0.0
967,b69e010df6113e5d308dc62955e0f00639179e3f7074a50ff065d102adab88d624810f4c5bb6e59977dd65ba69bdff66ff08dc72ff47bd0dbd8dace3e3c392d7,1,hindi_griffinlim_eval_final/real_hindi/hindi_real_0967.wav,3.276,576.0,1068.0,5.8120574951171875,-1.959961175918579,-7.772018671035767
967,b69e010df6113e5d308dc62955e0f00639179e3f7074a50ff065d102adab88d624810f4c5bb6e59977dd65ba69bdff66ff08dc72ff47bd0dbd8dace3e3c392d7,0,hindi_griffinlim_eval_final/fake_hindi_griffinlim/hindi_fake_0967.wav,3.276,0.0,0.0,2.7445082664489746,2.7445082664489746,0.0
968,0296590f079d0307e6a54bed03a9a137e124eae99c566ac40f5e14ff6f07084af6f1b3c11b51c8910d774cc6ae571696c616838249c2e12fe64eae03221496c8,1,hindi_griffinlim_eval_final/real_hindi/hindi_real_0968.wav,6.408,1600.0,2152.0,2.7619316577911377,-3.0941832065582275,-5.856114864349365
968,0296590f079d0307e6a54bed03a9a137e124eae99c566ac40f5e14ff6f07084af6f1b3c11b51c8910d774cc6ae571696c616838249c2e12fe64eae03221496c8,0,hindi_griffinlim_eval_final/fake_hindi_griffinlim/hindi_fake_0968.wav,6.408,0.0,0.0,5.76555871963501,5.76555871963501,0.0
969,3cc689cef88ce2eef03fd3065b6ad230f3510ced585ce0ed79f637bea2ddf7ab025d93e97a52c579d31d186f0512b29153286885b7c54221a569102a68dec661,1,hindi_griffinlim_eval_final/real_hindi/hindi_real_0969.wav,3.924,64.0,52.0,1.4548450708389282,3.8004331588745117,2.3455880880355835
969,3cc689cef88ce2eef03fd3065b6ad230f3510ced585ce0ed79f637bea2ddf7ab025d93e97a52c579d31d186f0512b29153286885b7c54221a569102a68dec661,0,hindi_griffinlim_eval_final/fake_hindi_griffinlim/hindi_fake_0969.wav,3.924,0.0,0.0,5.473647117614746,5.473647117614746,0.0
970,aff2956ed66065c2040906c6e11253e54ffc0b308716a128efaa77f3d6e3556995079d82c9e63b19a0ab8b910eee082f68314b87acfd5c070341b6b9e1bda5bf,1,hindi_griffinlim_eval_final/real_hindi/hindi_real_0970.wav,7.128,1088.0,0.0,-0.6271047592163086,-5.947749137878418,-5.320644378662109
970,aff2956ed66065c2040906c6e11253e54ffc0b308716a128efaa77f3d6e3556995079d82c9e63b19a0ab8b910eee082f68314b87acfd5c070341b6b9e1bda5bf,0,hindi_griffinlim_eval_final/fake_hindi_griffinlim/hindi_fake_0970.wav,7.128,0.0,0.0,0.8260477781295776,0.8260477781295776,0.0
971,ec78af2b863dab21a727f2ae9acf3ca8000403bcaaa82e800686048efeb2dcd359c7afd61fc63ea272d52e127546ccc8650a9df372bdb8f30a4df59e828cc263,1,hindi_griffinlim_eval_final/real_hindi/hindi_real_0971.wav,5.724,224.0,28.0,2.0629336833953857,2.98278546333313,0.9198517799377441
971,ec78af2b863dab21a727f2ae9acf3ca8000403bcaaa82e800686048efeb2dcd359c7afd61fc63ea272d52e127546ccc8650a9df372bdb8f30a4df59e828cc263,0,hindi_griffinlim_eval_final/fake_hindi_griffinlim/hindi_fake_0971.wav,5.724,0.0,0.0,5.55790901184082,5.55790901184082,0.0
972,40755351d14a54150898c5756a00e1c19d4099c2b7fca916bd7eb5967ce050c2fa3e5870250539857dbb1005de528c8a967e18a0f7dfd0dfce66024cc6a979c0,1,hindi_griffinlim_eval_final/real_hindi/hindi_real_0972.wav,7.2,0.0,512.0,4.607756614685059,4.607756614685059,0.0
972,40755351d14a54150898c5756a00e1c19d4099c2b7fca916bd7eb5967ce050c2fa3e5870250539857dbb1005de528c8a967e18a0f7dfd0dfce66024cc6a979c0,0,hindi_griffinlim_eval_final/fake_hindi_griffinlim/hindi_fake_0972.wav,7.2,0.0,0.0,-1.4023751020431519,-1.4023751020431519,0.0
973,755950c6eb4b91d87a8d62458e27e794e08783fbb4e47b61730e21bb685a9d3634dab0401114292ec8b3d3a282e0248c34c8868056fdb057716c14ae2b9844fc,1,hindi_griffinlim_eval_final/real_hindi/hindi_real_0973.wav,3.24,576.0,648.0,4.51418399810791,-1.4731661081314087,-5.987350106239319
973,755950c6eb4b91d87a8d62458e27e794e08783fbb4e47b61730e21bb685a9d3634dab0401114292ec8b3d3a282e0248c34c8868056fdb057716c14ae2b9844fc,0,hindi_griffinlim_eval_final/fake_hindi_griffinlim/hindi_fake_0973.wav,3.24,0.0,0.0,-0.7899962663650513,-0.7899962663650513,0.0
974,c23750233f36c49e4bd285f7ea96c015a9c0fa1055cc2e3ee658ab3d0c7bb39963cc35135c8a024638d1789f2cbdc707f40441d5f6a13cf69e31d9abae8a130a,1,hindi_griffinlim_eval_final/real_hindi/hindi_real_0974.wav,3.852,0.0,0.0,1.8904564380645752,1.8904564380645752,0.0
974,c23750233f36c49e4bd285f7ea96c015a9c0fa1055cc2e3ee658ab3d0c7bb39963cc35135c8a024638d1789f2cbdc707f40441d5f6a13cf69e31d9abae8a130a,0,hindi_griffinlim_eval_final/fake_hindi_griffinlim/hindi_fake_0974.wav,3.852,0.0,0.0,-2.5784687995910645,-2.5784687995910645,0.0
975,0303022c144407f09d8f97be16ba6f2c41ac249e162b24f7d213f0c8a10c4235a4dbd0f53c4d6bcd674ea939898fa29d241a0c183c8f8b5963f55ea5a5327379,1,hindi_griffinlim_eval_final/real_hindi/hindi_real_0975.wav,7.776,864.0,384.0,5.550925254821777,-0.9137469530105591,-6.464672207832336
975,0303022c144407f09d8f97be16ba6f2c41ac249e162b24f7d213f0c8a10c4235a4dbd0f53c4d6bcd674ea939898fa29d241a0c183c8f8b5963f55ea5a5327379,0,hindi_griffinlim_eval_final/fake_hindi_griffinlim/hindi_fake_0975.wav,7.776,0.0,0.0,5.625790596008301,5.625790596008301,0.0
976,6df495560d58f0f6ac6a60905c9b76afb803f720f6913f4f0e246101dd900d31c97c6001ddf9ee67cffbb1ab614040fa6b58ede138962cc22a3a073e93ae7f2a,1,hindi_griffinlim_eval_final/real_hindi/hindi_real_0976.wav,6.768,896.0,816.0,5.390513896942139,-0.4649202823638916,-5.85543417930603
976,6df495560d58f0f6ac6a60905c9b76afb803f720f6913f4f0e246101dd900d31c97c6001ddf9ee67cffbb1ab614040fa6b58ede138962cc22a3a073e93ae7f2a,0,hindi_griffinlim_eval_final/fake_hindi_griffinlim/hindi_fake_0976.wav,6.768,0.0,0.0,2.1218957901000977,2.1218957901000977,0.0
977,c61dfdcb5c80424483b0d50a3dfa425610d6b7850a341571bd0e34c8a4d96fd3e8c53d963dd19f7a44a40cde8c84d2e0ac7043114c9f70604f378dcb27a96199,1,hindi_griffinlim_eval_final/real_hindi/hindi_real_0977.wav,5.688,160.0,856.0,1.1602712869644165,1.0022560358047485,-0.15801525115966797
977,c61dfdcb5c80424483b0d50a3dfa425610d6b7850a341571bd0e34c8a4d96fd3e8c53d963dd19f7a44a40cde8c84d2e0ac7043114c9f70604f378dcb27a96199,0,hindi_griffinlim_eval_final/fake_hindi_griffinlim/hindi_fake_0977.wav,5.688,0.0,0.0,5.571466445922852,5.571466445922852,0.0
978,be10029504aaa30796d27938620d08189f19a31701c9f552f60c99eff87dddfbf804efc53af08d2670685aeaeeb295c9f3326c85b8127b0ad0d1232f03bc1781,1,hindi_griffinlim_eval_final/real_hindi/hindi_real_0978.wav,7.128,32.0,504.0,4.25100040435791,4.314653396606445,0.06365299224853516
978,be10029504aaa30796d27938620d08189f19a31701c9f552f60c99eff87dddfbf804efc53af08d2670685aeaeeb295c9f3326c85b8127b0ad0d1232f03bc1781,0,hindi_griffinlim_eval_final/fake_hindi_griffinlim/hindi_fake_0978.wav,7.128,0.0,0.0,0.8381620049476624,0.8381620049476624,0.0
979,9492b0374bde3e9f6b0f2910f764eb837b8a3c261e9705422378ca4e59d7e977df84518e2169c11a238bf11cbd8477391bc51fdcf9134ad8216402b0cd5c37c6,1,hindi_griffinlim_eval_final/real_hindi/hindi_real_0979.wav,6.948,1088.0,324.0,4.414830207824707,-4.689536094665527,-9.104366302490234
979,9492b0374bde3e9f6b0f2910f764eb837b8a3c261e9705422378ca4e59d7e977df84518e2169c11a238bf11cbd8477391bc51fdcf9134ad8216402b0cd5c37c6,0,hindi_griffinlim_eval_final/fake_hindi_griffinlim/hindi_fake_0979.wav,6.948,0.0,0.0,-0.5727155208587646,-0.5727155208587646,0.0
980,d192fd4bb779d1c8e5006b02b4b82bfaa138fb6144943652fd48c408f1aff082c598289da03fd50a9cabc570d0eb2df77146a3f27445d5e239a24fe016386fed,1,hindi_griffinlim_eval_final/real_hindi/hindi_real_0980.wav,7.74,128.0,0.0,4.974259376525879,3.925673723220825,-1.0485856533050537
980,d192fd4bb779d1c8e5006b02b4b82bfaa138fb6144943652fd48c408f1aff082c598289da03fd50a9cabc570d0eb2df77146a3f27445d5e239a24fe016386fed,0,hindi_griffinlim_eval_final/fake_hindi_griffinlim/hindi_fake_0980.wav,7.74,0.0,0.0,5.9764814376831055,5.9764814376831055,0.0
981,f6205d298cf73f58f9a8b6143306057cb6cb0a2afc8d9c1963994c402ace8e45853577ae85659c63894301de4054de938d5b045251b6051e1c0766949d3a0ed1,1,hindi_griffinlim_eval_final/real_hindi/hindi_real_0981.wav,5.508,256.0,4.0,4.827723503112793,4.138519287109375,-0.689204216003418
981,f6205d298cf73f58f9a8b6143306057cb6cb0a2afc8d9c1963994c402ace8e45853577ae85659c63894301de4054de938d5b045251b6051e1c0766949d3a0ed1,0,hindi_griffinlim_eval_final/fake_hindi_griffinlim/hindi_fake_0981.wav,5.508,0.0,0.0,0.14130233228206635,0.14130233228206635,0.0
982,8525f36954391ad7696abcf66c1383e5409d52980ebd2d7b1063cc48ed81ebd9f8cf3a8c257f079e986893cfa2455e4c832d04863c8fed7db4f4d5951ec34d1b,1,hindi_griffinlim_eval_final/real_hindi/hindi_real_0982.wav,5.328,128.0,1040.0,5.013874053955078,4.15034294128418,-0.8635311126708984
982,8525f36954391ad7696abcf66c1383e5409d52980ebd2d7b1063cc48ed81ebd9f8cf3a8c257f079e986893cfa2455e4c832d04863c8fed7db4f4d5951ec34d1b,0,hindi_griffinlim_eval_final/fake_hindi_griffinlim/hindi_fake_0982.wav,5.328,0.0,0.0,-0.4368082284927368,-0.4368082284927368,0.0
983,6b807daab3e34c4820b8d1479f760b35e44e818f9121ce49b70e8cf1fa61e9248b255de0499371b2da3b304c64dd088e8079a770832d3e1036b7d8fb52aebfc8,1,hindi_griffinlim_eval_final/real_hindi/hindi_real_0983.wav,7.668,384.0,20.0,-0.20897433161735535,-0.6696993112564087,-0.46072497963905334
983,6b807daab3e34c4820b8d1479f760b35e44e818f9121ce49b70e8cf1fa61e9248b255de0499371b2da3b304c64dd088e8079a770832d3e1036b7d8fb52aebfc8,0,hindi_griffinlim_eval_final/fake_hindi_griffinlim/hindi_fake_0983.wav,7.668,0.0,0.0,-0.5381861925125122,-0.5381861925125122,0.0
984,ac38b13197dccd9b8389b7ea08fa62f18a0ad7549e1dcb0ac6d9a05f3c3cf0e1a38c50b32020c420310616620b70345d1c7ec60431e9af8f1dd471d271dd2c81,1,hindi_griffinlim_eval_final/real_hindi/hindi_real_0984.wav,4.224,0.0,0.0,-0.47709453105926514,-0.47709453105926514,0.0
984,ac38b13197dccd9b8389b7ea08fa62f18a0ad7549e1dcb0ac6d9a05f3c3cf0e1a38c50b32020c420310616620b70345d1c7ec60431e9af8f1dd471d271dd2c81,0,hindi_griffinlim_eval_final/fake_hindi_griffinlim/hindi_fake_0984.wav,4.224,0.0,0.0,-3.778923988342285,-3.778923988342285,0.0
985,8023dc679c28a4172456d8e4b741aba9ed1895ba41b8cd0fd18f02c6775991869a2b8c2802e6ee72defb8caf5ec8ccad0b6fe8fa2b264bb9448ebca8b25c5989,1,hindi_griffinlim_eval_final/real_hindi/hindi_real_0985.wav,6.948,992.0,0.0,3.060091018676758,-5.512566566467285,-8.572657585144043
985,8023dc679c28a4172456d8e4b741aba9ed1895ba41b8cd0fd18f02c6775991869a2b8c2802e6ee72defb8caf5ec8ccad0b6fe8fa2b264bb9448ebca8b25c5989,0,hindi_griffinlim_eval_final/fake_hindi_griffinlim/hindi_fake_0985.wav,6.948,0.0,0.0,-2.9549288749694824,-2.9549288749694824,0.0
986,369ad14c74f52ab1579e8df7c213c4d5982ddfbf5d67057d8ef5e11f88177dc8e428d628ff7610a25681bd43d33237d2c914c41097f20905142011a579a50612,1,hindi_griffinlim_eval_final/real_hindi/hindi_real_0986.wav,6.408,32.0,0.0,3.622809886932373,3.9045448303222656,0.2817349433898926
986,369ad14c74f52ab1579e8df7c213c4d5982ddfbf5d67057d8ef5e11f88177dc8e428d628ff7610a25681bd43d33237d2c914c41097f20905142011a579a50612,0,hindi_griffinlim_eval_final/fake_hindi_griffinlim/hindi_fake_0986.wav,6.408,0.0,0.0,0.9566609859466553,0.9566609859466553,0.0
987,6f3cdaef649635685d3a90ee62bab981848e6ed6f25f28b9b43c2f3d4ac51b4e42a36ead3b4b83add1e9bd60f0c66f05ecfe7c7c5154b6345a1c2f1c85b32fa8,1,hindi_griffinlim_eval_final/real_hindi/hindi_real_0987.wav,6.12,864.0,968.0,4.282042026519775,-4.864789009094238,-9.146831035614014
987,6f3cdaef649635685d3a90ee62bab981848e6ed6f25f28b9b43c2f3d4ac51b4e42a36ead3b4b83add1e9bd60f0c66f05ecfe7c7c5154b6345a1c2f1c85b32fa8,0,hindi_griffinlim_eval_final/fake_hindi_griffinlim/hindi_fake_0987.wav,6.12,0.0,0.0,-5.685072898864746,-5.685072898864746,0.0
988,3512a2ce63a4044e19713803ad92889a443d1d6fe4e83bd00833b842957b10139899aa75c48d47ecd6d7e02112c2f7d3dbf5e752d40bfb9bffe073a8983b56b9,1,hindi_griffinlim_eval_final/real_hindi/hindi_real_0988.wav,3.636,512.0,980.0,-0.032428715378046036,-4.929844856262207,-4.897416140884161
988,3512a2ce63a4044e19713803ad92889a443d1d6fe4e83bd00833b842957b10139899aa75c48d47ecd6d7e02112c2f7d3dbf5e752d40bfb9bffe073a8983b56b9,0,hindi_griffinlim_eval_final/fake_hindi_griffinlim/hindi_fake_0988.wav,3.636,0.0,0.0,-0.5019716620445251,-0.5019716620445251,0.0
989,3cc689cef88ce2eef03fd3065b6ad230f3510ced585ce0ed79f637bea2ddf7ab025d93e97a52c579d31d186f0512b29153286885b7c54221a569102a68dec661,1,hindi_griffinlim_eval_final/real_hindi/hindi_real_0989.wav,3.816,416.0,72.0,-0.7729769349098206,-0.8132177591323853,-0.0402408242225647
989,3cc689cef88ce2eef03fd3065b6ad230f3510ced585ce0ed79f637bea2ddf7ab025d93e97a52c579d31d186f0512b29153286885b7c54221a569102a68dec661,0,hindi_griffinlim_eval_final/fake_hindi_griffinlim/hindi_fake_0989.wav,3.816,0.0,0.0,-0.4810156226158142,-0.4810156226158142,0.0
990,a2c28d117539109b28276d5e5540bdbecbb41fa7636feb31c13b30ef682d84510bc4f850d7f3fa14d4304d61267d1c8f3f6352ae409d69df77f10dbb657a9c01,1,hindi_griffinlim_eval_final/real_hindi/hindi_real_0990.wav,6.588,384.0,0.0,-4.588671684265137,-5.688225746154785,-1.0995540618896484
990,a2c28d117539109b28276d5e5540bdbecbb41fa7636feb31c13b30ef682d84510bc4f850d7f3fa14d4304d61267d1c8f3f6352ae409d69df77f10dbb657a9c01,0,hindi_griffinlim_eval_final/fake_hindi_griffinlim/hindi_fake_0990.wav,6.576,384.0,0.0,-3.9829134941101074,-4.475208282470703,-0.4922947883605957
991,ea8ef3168cd29cf3bb33c603fc49336a1b58747fac2bdd17b4f6d59f24ed30a903a1b574e5d276035f8c3141478664e8f36c46a55fb6637e08b183a0969615a0,1,hindi_griffinlim_eval_final/real_hindi/hindi_real_0991.wav,6.156,1760.0,300.0,5.399372100830078,-4.7220563888549805,-10.121428489685059
991,ea8ef3168cd29cf3bb33c603fc49336a1b58747fac2bdd17b4f6d59f24ed30a903a1b574e5d276035f8c3141478664e8f36c46a55fb6637e08b183a0969615a0,0,hindi_griffinlim_eval_final/fake_hindi_griffinlim/hindi_fake_0991.wav,6.156,0.0,0.0,-2.0979630947113037,-2.0979630947113037,0.0
992,32bf5ca000a1d646bb2e636e32c4bd507750c204271ab585b1e9fab7d08103c7e07825bdb376119fdef205be82f6e81766655dd5590cc21ec598b79a5c18e45f,1,hindi_griffinlim_eval_final/real_hindi/hindi_real_0992.wav,6.228,96.0,660.0,0.39380213618278503,0.782184898853302,0.38838276267051697
992,32bf5ca000a1d646bb2e636e32c4bd507750c204271ab585b1e9fab7d08103c7e07825bdb376119fdef205be82f6e81766655dd5590cc21ec598b79a5c18e45f,0,hindi_griffinlim_eval_final/fake_hindi_griffinlim/hindi_fake_0992.wav,6.228,0.0,0.0,4.600003719329834,4.600003719329834,0.0
993,2de3db24e998f00d734a8da3c51f592d40cdff55dfae3f290f4b0ef2e1acb63313eba952692afa76afcc1912d4c5fbd103d7bc838757a2bd55293827e758500e,1,hindi_griffinlim_eval_final/real_hindi/hindi_real_0993.wav,4.86,1088.0,764.0,4.529575347900391,-0.19160009920597076,-4.721175447106361
993,2de3db24e998f00d734a8da3c51f592d40cdff55dfae3f290f4b0ef2e1acb63313eba952692afa76afcc1912d4c5fbd103d7bc838757a2bd55293827e758500e,0,hindi_griffinlim_eval_final/fake_hindi_griffinlim/hindi_fake_0993.wav,4.86,0.0,0.0,1.5997008085250854,1.5997008085250854,0.0
994,aabd80b27714da5c6b5d4592a6f29f161db3cb06672ab14afb56eaf550ac0be0c14536ba5df7358621f018a4bc767c8c8477eaa4746830cf31ec4cdbcc2193fc,1,hindi_griffinlim_eval_final/real_hindi/hindi_real_0994.wav,4.644,0.0,356.0,4.672275543212891,4.672275543212891,0.0
994,aabd80b27714da5c6b5d4592a6f29f161db3cb06672ab14afb56eaf550ac0be0c14536ba5df7358621f018a4bc767c8c8477eaa4746830cf31ec4cdbcc2193fc,0,hindi_griffinlim_eval_final/fake_hindi_griffinlim/hindi_fake_0994.wav,4.644,0.0,0.0,5.870182991027832,5.870182991027832,0.0
995,949d46bd8792e08b2ee6c5736df551c23a26e45db1306d71836317cfc115ff4cf71da8164c9063aeefd98bd8c12626dbe22b79a07420d6fe8317fb6fc9fa368b,1,hindi_griffinlim_eval_final/real_hindi/hindi_real_0995.wav,5.436,0.0,380.0,5.209813117980957,5.209813117980957,0.0
995,949d46bd8792e08b2ee6c5736df551c23a26e45db1306d71836317cfc115ff4cf71da8164c9063aeefd98bd8c12626dbe22b79a07420d6fe8317fb6fc9fa368b,0,hindi_griffinlim_eval_final/fake_hindi_griffinlim/hindi_fake_0995.wav,5.436,0.0,0.0,6.003143787384033,6.003143787384033,0.0
996,f6205d298cf73f58f9a8b6143306057cb6cb0a2afc8d9c1963994c402ace8e45853577ae85659c63894301de4054de938d5b045251b6051e1c0766949d3a0ed1,1,hindi_griffinlim_eval_final/real_hindi/hindi_real_0996.wav,4.86,288.0,444.0,-0.5388904809951782,-1.5575917959213257,-1.0187013149261475
996,f6205d298cf73f58f9a8b6143306057cb6cb0a2afc8d9c1963994c402ace8e45853577ae85659c63894301de4054de938d5b045251b6051e1c0766949d3a0ed1,0,hindi_griffinlim_eval_final/fake_hindi_griffinlim/hindi_fake_0996.wav,4.86,0.0,0.0,4.11517858505249,4.11517858505249,0.0
997,05fd2a7f0d7cbe9acb1d838706b64a2ab489f6d0d2e7ff3a4243b1bb89ca3c1bc2e8dfd22bf11cf6e2fd9f11c2809b3dbf3db935d566ab6b6ee3122e3bfc20ed,1,hindi_griffinlim_eval_final/real_hindi/hindi_real_0997.wav,2.856,0.0,264.0,4.141617774963379,3.9145679473876953,-0.2270498275756836
997,05fd2a7f0d7cbe9acb1d838706b64a2ab489f6d0d2e7ff3a4243b1bb89ca3c1bc2e8dfd22bf11cf6e2fd9f11c2809b3dbf3db935d566ab6b6ee3122e3bfc20ed,0,hindi_griffinlim_eval_final/fake_hindi_griffinlim/hindi_fake_0997.wav,2.856,0.0,0.0,-0.13856074213981628,-0.13856074213981628,0.0
998,7b90778674a3659c892533d96bb0aa534879da17cd2f9cb1ae73fc3cc114dda10eba8bb6cfeddbafde910b396a60b95e64b4134430071bf2dd23b8d6a9c32785,1,hindi_griffinlim_eval_final/real_hindi/hindi_real_0998.wav,6.192,448.0,752.0,5.051014423370361,1.1632381677627563,-3.887776255607605
998,7b90778674a3659c892533d96bb0aa534879da17cd2f9cb1ae73fc3cc114dda10eba8bb6cfeddbafde910b396a60b95e64b4134430071bf2dd23b8d6a9c32785,0,hindi_griffinlim_eval_final/fake_hindi_griffinlim/hindi_fake_0998.wav,6.192,0.0,0.0,5.918337345123291,5.918337345123291,0.0
999,d9d2a0b48b179528017a72b8ddc2dc3fcfec66ad3984ef77d31cb4e91d3bbe810b2e85c67a0595462dcf4aa3d5653604e81327308b583c6789202342d84adc00,1,hindi_griffinlim_eval_final/real_hindi/hindi_real_0999.wav,3.708,0.0,28.0,-1.8200279474258423,-1.6655851602554321,0.15444278717041016
999,d9d2a0b48b179528017a72b8ddc2dc3fcfec66ad3984ef77d31cb4e91d3bbe810b2e85c67a0595462dcf4aa3d5653604e81327308b583c6789202342d84adc00,0,hindi_griffinlim_eval_final/fake_hindi_griffinlim/hindi_fake_0999.wav,3.708,0.0,0.0,3.662456512451172,3.662456512451172,0.0
1000,fab15f5f87bd26a0f326787f96d92497bbfb5aea170dd8a415966cb8f7a5a7011bcb0b50bc9d46cdcf3edecaa6cf6753be6afd814aa420c9fd4e4ab3a40e7faa,1,hindi_griffinlim_eval_final/real_hindi/hindi_real_1000.wav,5.94,896.0,1524.0,5.3870697021484375,-4.177428722381592,-9.56449842453003
1000,fab15f5f87bd26a0f326787f96d92497bbfb5aea170dd8a415966cb8f7a5a7011bcb0b50bc9d46cdcf3edecaa6cf6753be6afd814aa420c9fd4e4ab3a40e7faa,0,hindi_griffinlim_eval_final/fake_hindi_griffinlim/hindi_fake_1000.wav,5.94,0.0,0.0,-0.29624807834625244,-0.29624807834625244,0.0
1001,c23750233f36c49e4bd285f7ea96c015a9c0fa1055cc2e3ee658ab3d0c7bb39963cc35135c8a024638d1789f2cbdc707f40441d5f6a13cf69e31d9abae8a130a,1,hindi_griffinlim_eval_final/real_hindi/hindi_real_1001.wav,4.716,448.0,204.0,3.0960144996643066,-0.08249692618846893,-3.1785114258527756
1001,c23750233f36c49e4bd285f7ea96c015a9c0fa1055cc2e3ee658ab3d0c7bb39963cc35135c8a024638d1789f2cbdc707f40441d5f6a13cf69e31d9abae8a130a,0,hindi_griffinlim_eval_final/fake_hindi_griffinlim/hindi_fake_1001.wav,4.716,0.0,0.0,-3.3195619583129883,-3.3195619583129883,0.0
1002,7b90778674a3659c892533d96bb0aa534879da17cd2f9cb1ae73fc3cc114dda10eba8bb6cfeddbafde910b396a60b95e64b4134430071bf2dd23b8d6a9c32785,1,hindi_griffinlim_eval_final/real_hindi/hindi_real_1002.wav,7.38,192.0,468.0,3.973982810974121,3.670560598373413,-0.303422212600708
1002,7b90778674a3659c892533d96bb0aa534879da17cd2f9cb1ae73fc3cc114dda10eba8bb6cfeddbafde910b396a60b95e64b4134430071bf2dd23b8d6a9c32785,0,hindi_griffinlim_eval_final/fake_hindi_griffinlim/hindi_fake_1002.wav,7.38,0.0,0.0,6.134624004364014,6.134624004364014,0.0
1003,6599122319c224d4b370bdaa817d68a9d0d1774b81aada4980c0519f78ae3a9ebea33cc1b8fc6a20008d791474bdefb675e448b3c00d10d0fd05a39e153e922e,1,hindi_griffinlim_eval_final/real_hindi/hindi_real_1003.wav,7.308,992.0,1324.0,3.7465109825134277,-3.7421913146972656,-7.488702297210693
1003,6599122319c224d4b370bdaa817d68a9d0d1774b81aada4980c0519f78ae3a9ebea33cc1b8fc6a20008d791474bdefb675e448b3c00d10d0fd05a39e153e922e,0,hindi_griffinlim_eval_final/fake_hindi_griffinlim/hindi_fake_1003.wav,7.308,0.0,0.0,-0.20768462121486664,-0.20768462121486664,0.0
1004,aafda704e52784565ee078117b2a7941d822e96444d43cfe115de75e654f8c08c23b050eebe7b4264498537464b6e45cd0624f23aec65f904b156464d5056d52,1,hindi_griffinlim_eval_final/real_hindi/hindi_real_1004.wav,7.164,864.0,956.0,4.289558410644531,-3.308781147003174,-7.598339557647705
1004,aafda704e52784565ee078117b2a7941d822e96444d43cfe115de75e654f8c08c23b050eebe7b4264498537464b6e45cd0624f23aec65f904b156464d5056d52,0,hindi_griffinlim_eval_final/fake_hindi_griffinlim/hindi_fake_1004.wav,7.164,0.0,0.0,-0.4490014314651489,-0.4490014314651489,0.0
1005,6df495560d58f0f6ac6a60905c9b76afb803f720f6913f4f0e246101dd900d31c97c6001ddf9ee67cffbb1ab614040fa6b58ede138962cc22a3a073e93ae7f2a,1,hindi_griffinlim_eval_final/real_hindi/hindi_real_1005.wav,5.076,736.0,1748.0,5.177666664123535,-4.86694860458374,-10.044615268707275
1005,6df495560d58f0f6ac6a60905c9b76afb803f720f6913f4f0e246101dd900d31c97c6001ddf9ee67cffbb1ab614040fa6b58ede138962cc22a3a073e93ae7f2a,0,hindi_griffinlim_eval_final/fake_hindi_griffinlim/hindi_fake_1005.wav,5.076,0.0,0.0,-3.951643705368042,-3.951643705368042,0.0
1006,3f0b866ee8d4499e4c0de09d34862acbb1ea0139f53bf7f1271a8648fb35d9a3a31272a8bc7af870e3b52bf7f4cb51ae512fa07df79663eaeafa30221c0b200b,1,hindi_griffinlim_eval_final/real_hindi/hindi_real_1006.wav,2.664,0.0,0.0,-2.7842907905578613,-2.7842907905578613,0.0
1006,3f0b866ee8d4499e4c0de09d34862acbb1ea0139f53bf7f1271a8648fb35d9a3a31272a8bc7af870e3b52bf7f4cb51ae512fa07df79663eaeafa30221c0b200b,0,hindi_griffinlim_eval_final/fake_hindi_griffinlim/hindi_fake_1006.wav,2.656,0.0,0.0,-4.129105567932129,-4.129105567932129,0.0
1007,42dbccb16fa1ce50253a96dee532a7c4030f9daa92599271e4c0692efc8e58f669205bbcedf0ddf1f51f1e5753260ad39f6e0a5e6f85d5d24b3c5b3a20114c4c,1,hindi_griffinlim_eval_final/real_hindi/hindi_real_1007.wav,3.42,576.0,796.0,5.138920307159424,-5.173663139343262,-10.312583446502686
1007,42dbccb16fa1ce50253a96dee532a7c4030f9daa92599271e4c0692efc8e58f669205bbcedf0ddf1f51f1e5753260ad39f6e0a5e6f85d5d24b3c5b3a20114c4c,0,hindi_griffinlim_eval_final/fake_hindi_griffinlim/hindi_fake_1007.wav,3.42,0.0,0.0,-0.7515647411346436,-0.7515647411346436,0.0
1008,0e97e303991e6646c845049579a4bea7a25ea775f6b8b44a09e0efd0ae9661ec984c393c92d2522e3158c8b0ca206ad60fd9e136713e18c21dffd72811a88b88,1,hindi_griffinlim_eval_final/real_hindi/hindi_real_1008.wav,5.796,192.0,388.0,3.4478065967559814,0.9747937917709351,-2.4730128049850464
1008,0e97e303991e6646c845049579a4bea7a25ea775f6b8b44a09e0efd0ae9661ec984c393c92d2522e3158c8b0ca206ad60fd9e136713e18c21dffd72811a88b88,0,hindi_griffinlim_eval_final/fake_hindi_griffinlim/hindi_fake_1008.wav,5.792,192.0,384.0,1.1989858150482178,-0.9454931020736694,-2.144478917121887
1009,3dbb15be45bbb6a44cee0c715a4fd06c4e5267061420217c4a4279a8f47365fa3c7243c274d08ddaa39a11d39b1c281760c59e358f1a4b14914923605831a3b8,1,hindi_griffinlim_eval_final/real_hindi/hindi_real_1009.wav,5.976,32.0,0.0,5.372565746307373,5.455318450927734,0.08275270462036133
1009,3dbb15be45bbb6a44cee0c715a4fd06c4e5267061420217c4a4279a8f47365fa3c7243c274d08ddaa39a11d39b1c281760c59e358f1a4b14914923605831a3b8,0,hindi_griffinlim_eval_final/fake_hindi_griffinlim/hindi_fake_1009.wav,5.976,0.0,0.0,-1.7384796142578125,-1.7384796142578125,0.0
1010,6990e943cefc8a2ed3e12aa2c2a781793096d1aaf311b175943b3029333a59e74f30086965cfb6f7db8b79b431c41a44e6b4aa3f806707fc0c4e5da883dd1d54,1,hindi_griffinlim_eval_final/real_hindi/hindi_real_1010.wav,4.86,1216.0,604.0,4.4073166847229,-4.395420074462891,-8.802736759185791
1010,6990e943cefc8a2ed3e12aa2c2a781793096d1aaf311b175943b3029333a59e74f30086965cfb6f7db8b79b431c41a44e6b4aa3f806707fc0c4e5da883dd1d54,0,hindi_griffinlim_eval_final/fake_hindi_griffinlim/hindi_fake_1010.wav,4.86,0.0,0.0,-1.896898627281189,-1.896898627281189,0.0
1011,8023dc679c28a4172456d8e4b741aba9ed1895ba41b8cd0fd18f02c6775991869a2b8c2802e6ee72defb8caf5ec8ccad0b6fe8fa2b264bb9448ebca8b25c5989,1,hindi_griffinlim_eval_final/real_hindi/hindi_real_1011.wav,5.688,1312.0,88.0,1.0557146072387695,-5.973352432250977,-7.029067039489746
1011,8023dc679c28a4172456d8e4b741aba9ed1895ba41b8cd0fd18f02c6775991869a2b8c2802e6ee72defb8caf5ec8ccad0b6fe8fa2b264bb9448ebca8b25c5989,0,hindi_griffinlim_eval_final/fake_hindi_griffinlim/hindi_fake_1011.wav,5.68,1312.0,80.0,-0.5534317493438721,-5.888462543487549,-5.335030794143677
1012,be10029504aaa30796d27938620d08189f19a31701c9f552f60c99eff87dddfbf804efc53af08d2670685aeaeeb295c9f3326c85b8127b0ad0d1232f03bc1781,1,hindi_griffinlim_eval_final/real_hindi/hindi_real_1012.wav,2.628,288.0,4.0,1.1406477689743042,0.025014769285917282,-1.115632999688387
1012,be10029504aaa30796d27938620d08189f19a31701c9f552f60c99eff87dddfbf804efc53af08d2670685aeaeeb295c9f3326c85b8127b0ad0d1232f03bc1781,0,hindi_griffinlim_eval_final/fake_hindi_griffinlim/hindi_fake_1012.wav,2.628,0.0,0.0,-3.9112167358398438,-3.9112167358398438,0.0
1013,f4acf13791d1ffc57965afc160c66ab08985a745fc07997aced0be646a308c8b8c3f851c7143204d02449b094fd7811bc980a05b337acdadb7e2a83dd9c9c2bb,1,hindi_griffinlim_eval_final/real_hindi/hindi_real_1013.wav,7.848,1184.0,616.0,-6.239078521728516,-6.285724639892578,-0.0466461181640625
1013,f4acf13791d1ffc57965afc160c66ab08985a745fc07997aced0be646a308c8b8c3f851c7143204d02449b094fd7811bc980a05b337acdadb7e2a83dd9c9c2bb,0,hindi_griffinlim_eval_final/fake_hindi_griffinlim/hindi_fake_1013.wav,7.848,0.0,0.0,-0.39504480361938477,-0.39504480361938477,0.0
1014,d70eec2d8533e3a33d9b86756515c60f981b91fec38baaad39f756259fc08103cb6a12f82c2cc01189e8c8558b9ca80d52fc0cd6ebe18cab27de267929b51584,1,hindi_griffinlim_eval_final/real_hindi/hindi_real_1014.wav,2.772,0.0,0.0,4.251331806182861,4.251331806182861,0.0
1014,d70eec2d8533e3a33d9b86756515c60f981b91fec38baaad39f756259fc08103cb6a12f82c2cc01189e8c8558b9ca80d52fc0cd6ebe18cab27de267929b51584,0,hindi_griffinlim_eval_final/fake_hindi_griffinlim/hindi_fake_1014.wav,2.772,0.0,0.0,-0.6021977663040161,-0.6021977663040161,0.0
1015,64fcf403ddfb930184eae9b9ad9fbb9a712ebab06fdb5e7dbe7621dcd2cd5101f593c37e8e254ff38294b6dcc8bec4808c197c2d7599c0c4126045b1ac9b51d0,1,hindi_griffinlim_eval_final/real_hindi/hindi_real_1015.wav,3.936,576.0,1632.0,-3.9634828567504883,-5.978888034820557,-2.0154051780700684
1015,64fcf403ddfb930184eae9b9ad9fbb9a712ebab06fdb5e7dbe7621dcd2cd5101f593c37e8e254ff38294b6dcc8bec4808c197c2d7599c0c4126045b1ac9b51d0,0,hindi_griffinlim_eval_final/fake_hindi_griffinlim/hindi_fake_1015.wav,3.936,0.0,0.0,5.081731796264648,5.081731796264648,0.0
1016,2312b0d85bd1eb1a017264abf770df086e10cec218cf1ab48b90f9d7f621d8ae8372b07338224060fcac6cfb337fcfcb6966c160942f9fcec4c67e7f5df44520,1,hindi_griffinlim_eval_final/real_hindi/hindi_real_1016.wav,4.86,0.0,0.0,-3.684591293334961,-3.684591293334961,0.0
1016,2312b0d85bd1eb1a017264abf770df086e10cec218cf1ab48b90f9d7f621d8ae8372b07338224060fcac6cfb337fcfcb6966c160942f9fcec4c67e7f5df44520,0,hindi_griffinlim_eval_final/fake_hindi_griffinlim/hindi_fake_1016.wav,4.848,0.0,0.0,-4.426423072814941,-4.426423072814941,0.0
1017,80df1054d490d23f8c2523fa0495d60f3cc205e34e95d436f6c923158601404372c2ddea0d8239b414c6a6e342198453e814db3f980e01b97817acc51ea7adc4,1,hindi_griffinlim_eval_final/real_hindi/hindi_real_1017.wav,3.816,0.0,232.0,0.27902933955192566,0.17636626958847046,-0.1026630699634552
1017,80df1054d490d23f8c2523fa0495d60f3cc205e34e95d436f6c923158601404372c2ddea0d8239b414c6a6e342198453e814db3f980e01b97817acc51ea7adc4,0,hindi_griffinlim_eval_final/fake_hindi_griffinlim/hindi_fake_1017.wav,3.816,0.0,0.0,-0.6163787841796875,-0.6163787841796875,0.0
1018,d5417347b8d450c2aefa6ac74539b48c943a0d94b866457184e18c67074d8c2eb785e7191abf9c2199ef4db0873ef3ca503bfeaee470f6ab2506b8c2120a6669,1,hindi_griffinlim_eval_final/real_hindi/hindi_real_1018.wav,6.228,0.0,0.0,-3.4444398880004883,-3.4444398880004883,0.0
1018,d5417347b8d450c2aefa6ac74539b48c943a0d94b866457184e18c67074d8c2eb785e7191abf9c2199ef4db0873ef3ca503bfeaee470f6ab2506b8c2120a6669,0,hindi_griffinlim_eval_final/fake_hindi_griffinlim/hindi_fake_1018.wav,6.228,0.0,0.0,-5.176886558532715,-5.176886558532715,0.0
1019,e6aef31fac7411f3f1b15c566dede061e3024cde1382d7ca1a860a093ad5b0b9c87aaa13c749ef9982c688d7a8d715c11aee89c2e3d541b9ba3dc73c5ec5cb85,1,hindi_griffinlim_eval_final/real_hindi/hindi_real_1019.wav,4.536,832.0,824.0,3.1511659622192383,-5.469716548919678,-8.620882511138916
1019,e6aef31fac7411f3f1b15c566dede061e3024cde1382d7ca1a860a093ad5b0b9c87aaa13c749ef9982c688d7a8d715c11aee89c2e3d541b9ba3dc73c5ec5cb85,0,hindi_griffinlim_eval_final/fake_hindi_griffinlim/hindi_fake_1019.wav,4.536,0.0,0.0,-2.8479650020599365,-2.8479650020599365,0.0
1020,4cef3c57c7794a486d20711b806222df778778312c01a26669a9c4fd75b74a3792424787393673b302401d3d994431c97c30b2d1b8bd6caa0fd563460fed5093,1,hindi_griffinlim_eval_final/real_hindi/hindi_real_1020.wav,5.472,64.0,96.0,3.5459909439086914,3.9457812309265137,0.39979028701782227
1020,4cef3c57c7794a486d20711b806222df778778312c01a26669a9c4fd75b74a3792424787393673b302401d3d994431c97c30b2d1b8bd6caa0fd563460fed5093,0,hindi_griffinlim_eval_final/fake_hindi_griffinlim/hindi_fake_1020.wav,5.472,0.0,0.0,-3.103301525115967,-3.103301525115967,0.0
1021,0e97e303991e6646c845049579a4bea7a25ea775f6b8b44a09e0efd0ae9661ec984c393c92d2522e3158c8b0ca206ad60fd9e136713e18c21dffd72811a88b88,1,hindi_griffinlim_eval_final/real_hindi/hindi_real_1021.wav,6.768,1024.0,816.0,5.0897626876831055,-4.174294471740723,-9.264057159423828
1021,0e97e303991e6646c845049579a4bea7a25ea775f6b8b44a09e0efd0ae9661ec984c393c92d2522e3158c8b0ca206ad60fd9e136713e18c21dffd72811a88b88,0,hindi_griffinlim_eval_final/fake_hindi_griffinlim/hindi_fake_1021.wav,6.768,0.0,0.0,-5.326485633850098,-5.326485633850098,0.0
1022,e0a47331065c4e1a9ffd6eed4cb902b631814a6130faf9401d447eba044cf1af767ff9a242e7c97886c74ac130ec73716192fd074e4abca825e77caca52e0ca0,1,hindi_griffinlim_eval_final/real_hindi/hindi_real_1022.wav,3.924,320.0,468.0,5.1996660232543945,4.748976230621338,-0.45068979263305664
1022,e0a47331065c4e1a9ffd6eed4cb902b631814a6130faf9401d447eba044cf1af767ff9a242e7c97886c74ac130ec73716192fd074e4abca825e77caca52e0ca0,0,hindi_griffinlim_eval_final/fake_hindi_griffinlim/hindi_fake_1022.wav,3.924,0.0,0.0,-1.5853596925735474,-1.5853596925735474,0.0
1023,c8eabd52eef7e16e14998264ec78831ec7b891135ad93c446e459d4643b02c721b412f4fc828522a478fdbd2d5f4ca9838991a89368c78cb7f0617b3837a00ca,1,hindi_griffinlim_eval_final/real_hindi/hindi_real_1023.wav,4.968,0.0,0.0,-5.106489181518555,-5.106489181518555,0.0
1023,c8eabd52eef7e16e14998264ec78831ec7b891135ad93c446e459d4643b02c721b412f4fc828522a478fdbd2d5f4ca9838991a89368c78cb7f0617b3837a00ca,0,hindi_griffinlim_eval_final/fake_hindi_griffinlim/hindi_fake_1023.wav,4.968,0.0,0.0,4.756163597106934,4.756163597106934,0.0
1024,1605878cdc4bdeab0724827abc448ec019fcc59763e097294754173714e955fe80a28c12eed4a39a58f442138b886e755cd644efb115aa2599c6e50a20e63a74,1,hindi_griffinlim_eval_final/real_hindi/hindi_real_1024.wav,4.968,864.0,744.0,4.822562217712402,-5.261572360992432,-10.084134578704834
1024,1605878cdc4bdeab0724827abc448ec019fcc59763e097294754173714e955fe80a28c12eed4a39a58f442138b886e755cd644efb115aa2599c6e50a20e63a74,0,hindi_griffinlim_eval_final/fake_hindi_griffinlim/hindi_fake_1024.wav,4.968,0.0,0.0,-4.322717666625977,-4.322717666625977,0.0
1025,4bf6e446d97c11b48f8309ab29d202711dab968676351fc66463ffd24b97d11fb7d34e50a5bc9544e075ad2038996abb9387ae6a627acb911f4b514124a3d3a7,1,hindi_griffinlim_eval_final/real_hindi/hindi_real_1025.wav,4.68,576.0,1160.0,4.057665824890137,-4.022193431854248,-8.079859256744385
1025,4bf6e446d97c11b48f8309ab29d202711dab968676351fc66463ffd24b97d11fb7d34e50a5bc9544e075ad2038996abb9387ae6a627acb911f4b514124a3d3a7,0,hindi_griffinlim_eval_final/fake_hindi_griffinlim/hindi_fake_1025.wav,4.68,0.0,0.0,-3.3566198348999023,-3.3566198348999023,0.0
1026,f45c7af99cc930fd6608f77ecb2d546727ab3df3d36731c90215b9a72ff548ff082f57c38aa6e6b7f2c905aa9f92f4f5dff3c954449ce05e56f8604bf1753618,1,hindi_griffinlim_eval_final/real_hindi/hindi_real_1026.wav,4.896,1344.0,1120.0,5.343358993530273,-3.2267704010009766,-8.57012939453125
1026,f45c7af99cc930fd6608f77ecb2d546727ab3df3d36731c90215b9a72ff548ff082f57c38aa6e6b7f2c905aa9f92f4f5dff3c954449ce05e56f8604bf1753618,0,hindi_griffinlim_eval_final/fake_hindi_griffinlim/hindi_fake_1026.wav,4.896,0.0,0.0,5.926113605499268,5.926113605499268,0.0
1027,287db5b3c7065ffc1e6827c0bc87dc4a6b6a45c159642fe8d490d5adb6ce18a5b4b528f921503762bbb20b1fcd84f5f8256a9a11cd4ccf55964f301b416b08d2,1,hindi_griffinlim_eval_final/real_hindi/hindi_real_1027.wav,3.24,0.0,104.0,-4.874865531921387,-5.657231330871582,-0.7823657989501953
1027,287db5b3c7065ffc1e6827c0bc87dc4a6b6a45c159642fe8d490d5adb6ce18a5b4b528f921503762bbb20b1fcd84f5f8256a9a11cd4ccf55964f301b416b08d2,0,hindi_griffinlim_eval_final/fake_hindi_griffinlim/hindi_fake_1027.wav,3.24,0.0,0.0,-5.745237350463867,-5.745237350463867,0.0
1028,cb974805e163f0eec357012f483d57476c8229c9aca280469ccd5adc74516c39f36d16c23091c86bb18522064887048eb5d8c5b9259503a6de95d555745793b7,1,hindi_griffinlim_eval_final/real_hindi/hindi_real_1028.wav,6.228,0.0,276.0,0.8797802925109863,0.8797802925109863,0.0
1028,cb974805e163f0eec357012f483d57476c8229c9aca280469ccd5adc74516c39f36d16c23091c86bb18522064887048eb5d8c5b9259503a6de95d555745793b7,0,hindi_griffinlim_eval_final/fake_hindi_griffinlim/hindi_fake_1028.wav,6.228,0.0,0.0,-1.2952955961227417,-1.2952955961227417,0.0
1029,6e20e06229081bf9c063f01cd7b3e0a759f5953624213afea5c397d4b7fe9a4dc5dae704a5faf61147d4155de50dc4a2cafdf78e7e2f8a3dc8633f276065b4cc,1,hindi_griffinlim_eval_final/real_hindi/hindi_real_1029.wav,4.068,896.0,676.0,0.13281968235969543,-5.83557653427124,-5.968396216630936
1029,6e20e06229081bf9c063f01cd7b3e0a759f5953624213afea5c397d4b7fe9a4dc5dae704a5faf61147d4155de50dc4a2cafdf78e7e2f8a3dc8633f276065b4cc,0,hindi_griffinlim_eval_final/fake_hindi_griffinlim/hindi_fake_1029.wav,4.068,0.0,0.0,-3.2012157440185547,-3.2012157440185547,0.0
1030,f59a2dc4d475bfb45d9b9628faa8b0e53570d46a05fd85dd8542559975c8cd75bf87c02f557d7ecd3e4eda2872a7e4a57adc699bc30e819c9e5c1c9e520cd02b,1,hindi_griffinlim_eval_final/real_hindi/hindi_real_1030.wav,4.104,288.0,0.0,4.980861663818359,3.4688165187835693,-1.51204514503479
1030,f59a2dc4d475bfb45d9b9628faa8b0e53570d46a05fd85dd8542559975c8cd75bf87c02f557d7ecd3e4eda2872a7e4a57adc699bc30e819c9e5c1c9e520cd02b,0,hindi_griffinlim_eval_final/fake_hindi_griffinlim/hindi_fake_1030.wav,4.104,0.0,0.0,1.2872103452682495,1.2872103452682495,0.0
1031,c88824395561074e0eb0ebc1280d4866dbc29f01c026899e205a1db558ba1be8d683a10dc5e1f8117571ea0794f699ebe359e833d714ad66942a429a2112a5a6,1,hindi_griffinlim_eval_final/real_hindi/hindi_real_1031.wav,3.816,256.0,264.0,4.785568714141846,3.6538376808166504,-1.1317310333251953
1031,c88824395561074e0eb0ebc1280d4866dbc29f01c026899e205a1db558ba1be8d683a10dc5e1f8117571ea0794f699ebe359e833d714ad66942a429a2112a5a6,0,hindi_griffinlim_eval_final/fake_hindi_griffinlim/hindi_fake_1031.wav,3.816,0.0,0.0,5.753571033477783,5.753571033477783,0.0
1032,cea40007071ea914e41633e74d05142fd1f5f8f49c154534816017cf89ce625657c804fe479fe87c08854ecd847697d6ca0fb6bcf424006c307f65430c34785e,1,hindi_griffinlim_eval_final/real_hindi/hindi_real_1032.wav,5.076,960.0,1268.0,3.3739044666290283,-5.4512786865234375,-8.825183153152466
1032,cea40007071ea914e41633e74d05142fd1f5f8f49c154534816017cf89ce625657c804fe479fe87c08854ecd847697d6ca0fb6bcf424006c307f65430c34785e,0,hindi_griffinlim_eval_final/fake_hindi_griffinlim/hindi_fake_1032.wav,5.076,0.0,0.0,-2.7500083446502686,-2.7500083446502686,0.0
1033,55facf37cfec7564d08860906bdb688d9e2c45d7ac50a054dcc66778b3b1a10a9489051097f6fe9232742597187752dc71f4f0432aa771771721c259ff4324c7,1,hindi_griffinlim_eval_final/real_hindi/hindi_real_1033.wav,6.948,1472.0,0.0,-0.3670007288455963,-5.938835144042969,-5.571834415197372
1033,55facf37cfec7564d08860906bdb688d9e2c45d7ac50a054dcc66778b3b1a10a9489051097f6fe9232742597187752dc71f4f0432aa771771721c259ff4324c7,0,hindi_griffinlim_eval_final/fake_hindi_griffinlim/hindi_fake_1033.wav,6.948,0.0,0.0,-5.377551078796387,-5.377551078796387,0.0
1034,63293ff4cc67280b10da2df2fd2763db65ca8493af191e121605b45457373b9d2f7d073324125f2ec4d3d5aa138903f3532048b49083306757421a463dcad13b,1,hindi_griffinlim_eval_final/real_hindi/hindi_real_1034.wav,5.076,512.0,916.0,1.3751665353775024,-5.548876762390137,-6.924043297767639
1034,63293ff4cc67280b10da2df2fd2763db65ca8493af191e121605b45457373b9d2f7d073324125f2ec4d3d5aa138903f3532048b49083306757421a463dcad13b,0,hindi_griffinlim_eval_final/fake_hindi_griffinlim/hindi_fake_1034.wav,5.076,0.0,0.0,-5.728571891784668,-5.728571891784668,0.0
1035,f4eaf1a4c5d9c519a8d70d41f155c73661ababef448156ca952ac016a8013ac82f6d765947af61b517bd0ad1a29465bf17532c32ee0e7bd019fbcaf940e151fb,1,hindi_griffinlim_eval_final/real_hindi/hindi_real_1035.wav,3.78,32.0,68.0,-2.3370800018310547,-1.2087517976760864,1.1283282041549683
1035,f4eaf1a4c5d9c519a8d70d41f155c73661ababef448156ca952ac016a8013ac82f6d765947af61b517bd0ad1a29465bf17532c32ee0e7bd019fbcaf940e151fb,0,hindi_griffinlim_eval_final/fake_hindi_griffinlim/hindi_fake_1035.wav,3.776,32.0,32.0,-0.6908063888549805,-0.7728409767150879,-0.08203458786010742
1036,b726b76c3576ad4edb7eeec20cfca6ae5b5ce074dd7e042da97ec800dc152b6fc7d0c462260dde20cea9d99782632cdd7a47c83c615cfcc3324c9b890fc12ee9,1,hindi_griffinlim_eval_final/real_hindi/hindi_real_1036.wav,7.848,416.0,904.0,5.256257057189941,-0.5203743577003479,-5.776631414890289
1036,b726b76c3576ad4edb7eeec20cfca6ae5b5ce074dd7e042da97ec800dc152b6fc7d0c462260dde20cea9d99782632cdd7a47c83c615cfcc3324c9b890fc12ee9,0,hindi_griffinlim_eval_final/fake_hindi_griffinlim/hindi_fake_1036.wav,7.848,0.0,0.0,-5.380375862121582,-5.380375862121582,0.0
1037,609b987b0c28816376ca4600e84ac46f316c5ecae12f343736ea7087cbca60c73306ea2cd541508c23238b3ca316dd74f4103b0a836637a587af0f638cbb41bb,1,hindi_griffinlim_eval_final/real_hindi/hindi_real_1037.wav,4.5,896.0,436.0,4.160397529602051,-4.100963592529297,-8.261361122131348
1037,609b987b0c28816376ca4600e84ac46f316c5ecae12f343736ea7087cbca60c73306ea2cd541508c23238b3ca316dd74f4103b0a836637a587af0f638cbb41bb,0,hindi_griffinlim_eval_final/fake_hindi_griffinlim/hindi_fake_1037.wav,4.496,896.0,432.0,0.5195217728614807,-5.6412506103515625,-6.160772383213043
1038,f398e532c4307d0fb6f23dda4b599e05c8483a5211aab4dba56e24a0acc89810af5b98cc96afe0b55fdee3b41250c05571fa3d170e517213e71e52e481a80df1,1,hindi_griffinlim_eval_final/real_hindi/hindi_real_1038.wav,4.536,576.0,888.0,-0.40877649188041687,-5.339956283569336,-4.931179791688919
1038,f398e532c4307d0fb6f23dda4b599e05c8483a5211aab4dba56e24a0acc89810af5b98cc96afe0b55fdee3b41250c05571fa3d170e517213e71e52e481a80df1,0,hindi_griffinlim_eval_final/fake_hindi_griffinlim/hindi_fake_1038.wav,4.536,0.0,0.0,-4.394400119781494,-4.394400119781494,0.0
1039,547e2977be99b122ceb7196c97d4bb97bc3bdb4261d43618dbc385183d672f6e43db8b2c67f0ddbfecfa5f7adcbe25b21aa515729c369a5161e7fefbe2e6a91c,1,hindi_griffinlim_eval_final/real_hindi/hindi_real_1039.wav,3.96,928.0,1048.0,5.284199237823486,-5.488805294036865,-10.773004531860352
1039,547e2977be99b122ceb7196c97d4bb97bc3bdb4261d43618dbc385183d672f6e43db8b2c67f0ddbfecfa5f7adcbe25b21aa515729c369a5161e7fefbe2e6a91c,0,hindi_griffinlim_eval_final/fake_hindi_griffinlim/hindi_fake_1039.wav,3.96,0.0,0.0,-3.541184425354004,-3.541184425354004,0.0
1040,ed5627c36413bada41ea1e6c75f249a22863f90dfe81b12b40587549b6f59442964cae88a1db7d7b111bdf5baee22c51842eefbfa75af862de09d7609b6e3af2,1,hindi_griffinlim_eval_final/real_hindi/hindi_real_1040.wav,6.3,576.0,444.0,4.976217746734619,-3.1393604278564453,-8.115578174591064
1040,ed5627c36413bada41ea1e6c75f249a22863f90dfe81b12b40587549b6f59442964cae88a1db7d7b111bdf5baee22c51842eefbfa75af862de09d7609b6e3af2,0,hindi_griffinlim_eval_final/fake_hindi_griffinlim/hindi_fake_1040.wav,6.3,0.0,0.0,-4.077830791473389,-4.077830791473389,0.0
1041,4c946f553c704abd727b3818b1d22dba011a368043575278b58ae219f71cb8914e6cac82abe55d7da17f49bea4cceb3b96c17355a6f5b078c19a947defb9061c,1,hindi_griffinlim_eval_final/real_hindi/hindi_real_1041.wav,4.644,736.0,516.0,5.59976863861084,-3.1872141361236572,-8.786982774734497
1041,4c946f553c704abd727b3818b1d22dba011a368043575278b58ae219f71cb8914e6cac82abe55d7da17f49bea4cceb3b96c17355a6f5b078c19a947defb9061c,0,hindi_griffinlim_eval_final/fake_hindi_griffinlim/hindi_fake_1041.wav,4.644,0.0,0.0,-4.707790374755859,-4.707790374755859,0.0
1042,8dd38cae226cf8c49fbba90d0197aa24cea3936d75ae1b715c63ad0d13976463eb1b1ad5394506c09c6fbfd642be3b4a07eb1edf57d08b70fdaa76cb43f384ef,1,hindi_griffinlim_eval_final/real_hindi/hindi_real_1042.wav,4.392,96.0,40.0,0.2625637650489807,1.0587162971496582,0.7961525321006775
1042,8dd38cae226cf8c49fbba90d0197aa24cea3936d75ae1b715c63ad0d13976463eb1b1ad5394506c09c6fbfd642be3b4a07eb1edf57d08b70fdaa76cb43f384ef,0,hindi_griffinlim_eval_final/fake_hindi_griffinlim/hindi_fake_1042.wav,4.392,0.0,0.0,-4.181346893310547,-4.181346893310547,0.0
1043,5310b36732adcb306bf541cfc07167aab125fdc69f95b159dc7599776e6c59eba8b9c847e20aad3e0d2cedcc27f1e73e9d9b7e9522ec4287c3f54c98bbca7ea7,1,hindi_griffinlim_eval_final/real_hindi/hindi_real_1043.wav,7.416,160.0,1112.0,4.629250526428223,3.491833209991455,-1.1374173164367676
1043,5310b36732adcb306bf541cfc07167aab125fdc69f95b159dc7599776e6c59eba8b9c847e20aad3e0d2cedcc27f1e73e9d9b7e9522ec4287c3f54c98bbca7ea7,0,hindi_griffinlim_eval_final/fake_hindi_griffinlim/hindi_fake_1043.wav,7.408,128.0,1104.0,4.074394702911377,2.472134590148926,-1.6022601127624512
1044,60b2daa4cda30b5320834f3c2d21ea1841b52ccd7bf7ed4689f3ff27ca59c3323707c95e9a17bea4082356c576bbc3f17a00106134240f3632529b329fc1e62a,1,hindi_griffinlim_eval_final/real_hindi/hindi_real_1044.wav,6.156,736.0,364.0,3.7752392292022705,3.8530402183532715,0.07780098915100098
1044,60b2daa4cda30b5320834f3c2d21ea1841b52ccd7bf7ed4689f3ff27ca59c3323707c95e9a17bea4082356c576bbc3f17a00106134240f3632529b329fc1e62a,0,hindi_griffinlim_eval_final/fake_hindi_griffinlim/hindi_fake_1044.wav,6.156,0.0,0.0,-5.6493377685546875,-5.6493377685546875,0.0
1045,ea8ef3168cd29cf3bb33c603fc49336a1b58747fac2bdd17b4f6d59f24ed30a903a1b574e5d276035f8c3141478664e8f36c46a55fb6637e08b183a0969615a0,1,hindi_griffinlim_eval_final/real_hindi/hindi_real_1045.wav,3.24,1184.0,648.0,5.124943733215332,-5.143424987792969,-10.2683687210083
1045,ea8ef3168cd29cf3bb33c603fc49336a1b58747fac2bdd17b4f6d59f24ed30a903a1b574e5d276035f8c3141478664e8f36c46a55fb6637e08b183a0969615a0,0,hindi_griffinlim_eval_final/fake_hindi_griffinlim/hindi_fake_1045.wav,3.232,1184.0,640.0,2.8612143993377686,-4.955336570739746,-7.816550970077515
1046,0663aeb40f5d5ea46610cac3ca0183f2193b429770c84b516efe7d199b8b110944005539d986613fdc9d6532694f43c3a8e4dfc9de8ae7bfbc8b57b412ef71dd,1,hindi_griffinlim_eval_final/real_hindi/hindi_real_1046.wav,6.66,512.0,260.0,-0.6367720365524292,-5.6369309425354,-5.000158905982971
1046,0663aeb40f5d5ea46610cac3ca0183f2193b429770c84b516efe7d199b8b110944005539d986613fdc9d6532694f43c3a8e4dfc9de8ae7bfbc8b57b412ef71dd,0,hindi_griffinlim_eval_final/fake_hindi_griffinlim/hindi_fake_1046.wav,6.66,0.0,0.0,-5.908412933349609,-5.908412933349609,0.0
1047,d4c2879ab41c9e74ea638e9cb5b2a557d5683744a6c2eb0fed1f4c7adef59c90f549a18287b7f8e6b74136651dafda58acaccbf4fb627728befbe6573a61f4b8,1,hindi_griffinlim_eval_final/real_hindi/hindi_real_1047.wav,5.22,32.0,4.0,4.825274467468262,4.954058647155762,0.1287841796875
1047,d4c2879ab41c9e74ea638e9cb5b2a557d5683744a6c2eb0fed1f4c7adef59c90f549a18287b7f8e6b74136651dafda58acaccbf4fb627728befbe6573a61f4b8,0,hindi_griffinlim_eval_final/fake_hindi_griffinlim/hindi_fake_1047.wav,5.22,0.0,0.0,-3.0852930545806885,-3.0852930545806885,0.0
1048,a4a1040c8228b7c4f4f6d82e4db994894b669b51b15980a75e3c7f8f91169c13973557c4f950a4eef6447617ff114233bc495632040f6b24694c4127cc9a86b9,1,hindi_griffinlim_eval_final/real_hindi/hindi_real_1048.wav,7.92,672.0,848.0,5.012618064880371,3.108602285385132,-1.9040157794952393
1048,a4a1040c8228b7c4f4f6d82e4db994894b669b51b15980a75e3c7f8f91169c13973557c4f950a4eef6447617ff114233bc495632040f6b24694c4127cc9a86b9,0,hindi_griffinlim_eval_final/fake_hindi_griffinlim/hindi_fake_1048.wav,7.92,0.0,0.0,0.5504293441772461,0.5504293441772461,0.0
1049,32bf5ca000a1d646bb2e636e32c4bd507750c204271ab585b1e9fab7d08103c7e07825bdb376119fdef205be82f6e81766655dd5590cc21ec598b79a5c18e45f,1,hindi_griffinlim_eval_final/real_hindi/hindi_real_1049.wav,6.336,1056.0,736.0,-0.4797017574310303,-5.573822975158691,-5.094121217727661
1049,32bf5ca000a1d646bb2e636e32c4bd507750c204271ab585b1e9fab7d08103c7e07825bdb376119fdef205be82f6e81766655dd5590cc21ec598b79a5c18e45f,0,hindi_griffinlim_eval_final/fake_hindi_griffinlim/hindi_fake_1049.wav,6.336,0.0,0.0,-3.8158206939697266,-3.8158206939697266,0.0
1050,5191b8af39731f5141ffac823e13e25016e5b3109209f12d3337bdfc92ddff74ea717e293a01fe3b90fb2be2a87b0621cc385140b097b7e6d76f1d2e2f319d74,1,hindi_griffinlim_eval_final/real_hindi/hindi_real_1050.wav,7.236,64.0,4.0,3.4812779426574707,3.8144288063049316,0.33315086364746094
1050,5191b8af39731f5141ffac823e13e25016e5b3109209f12d3337bdfc92ddff74ea717e293a01fe3b90fb2be2a87b0621cc385140b097b7e6d76f1d2e2f319d74,0,hindi_griffinlim_eval_final/fake_hindi_griffinlim/hindi_fake_1050.wav,7.236,0.0,0.0,-4.604214668273926,-4.604214668273926,0.0
1051,1a88297b510c4d15acdd9d6a3f50d13fd6420c8f934e487a7ec5096ab5fbebef165269d581a12002a5eca2cf3fbced4552441668df9c027abd45ef0895eabbc2,1,hindi_griffinlim_eval_final/real_hindi/hindi_real_1051.wav,4.14,896.0,1004.0,6.088078498840332,-2.921170711517334,-9.009249210357666
1051,1a88297b510c4d15acdd9d6a3f50d13fd6420c8f934e487a7ec5096ab5fbebef165269d581a12002a5eca2cf3fbced4552441668df9c027abd45ef0895eabbc2,0,hindi_griffinlim_eval_final/fake_hindi_griffinlim/hindi_fake_1051.wav,4.14,0.0,0.0,-2.6129331588745117,-2.6129331588745117,0.0
1052,927f8731733fc157240975bf02b3117bf9379dd71d63f0a086dd6f4e220dd4d979c60c3a727fe22f3599c41a500a5346701bc2f2fd29dc492cec60bd478d7f1b,1,hindi_griffinlim_eval_final/real_hindi/hindi_real_1052.wav,5.76,32.0,0.0,3.4777534008026123,3.9432153701782227,0.46546196937561035
1052,927f8731733fc157240975bf02b3117bf9379dd71d63f0a086dd6f4e220dd4d979c60c3a727fe22f3599c41a500a5346701bc2f2fd29dc492cec60bd478d7f1b,0,hindi_griffinlim_eval_final/fake_hindi_griffinlim/hindi_fake_1052.wav,5.76,0.0,0.0,-4.160937309265137,-4.160937309265137,0.0
1053,9c12887b11ae7ce76bcb5c4ca6b56f174e89c82f02c52c05b93ac7a40b6fb7b28d8474241a7dc36b3ad5b36eab48a209bf7e68a905ca64ac40b89e9311dec25d,1,hindi_griffinlim_eval_final/real_hindi/hindi_real_1053.wav,3.672,96.0,0.0,0.4476202726364136,0.1918298751115799,-0.2557903975248337
1053,9c12887b11ae7ce76bcb5c4ca6b56f174e89c82f02c52c05b93ac7a40b6fb7b28d8474241a7dc36b3ad5b36eab48a209bf7e68a905ca64ac40b89e9311dec25d,0,hindi_griffinlim_eval_final/fake_hindi_griffinlim/hindi_fake_1053.wav,3.672,0.0,0.0,-0.8239408731460571,-0.8239408731460571,0.0
1054,5d04e341d28471b5a0877f8fdc6dfb88a706c40c3a904e7e0b0982891ccab4d619b816f3a5dc1025591b7cfdc9f56ef10169afd22bfcd78c1ee7b6fc4e36bc03,1,hindi_griffinlim_eval_final/real_hindi/hindi_real_1054.wav,4.572,224.0,860.0,4.046428203582764,5.127388000488281,1.0809597969055176
1054,5d04e341d28471b5a0877f8fdc6dfb88a706c40c3a904e7e0b0982891ccab4d619b816f3a5dc1025591b7cfdc9f56ef10169afd22bfcd78c1ee7b6fc4e36bc03,0,hindi_griffinlim_eval_final/fake_hindi_griffinlim/hindi_fake_1054.wav,4.572,0.0,0.0,-1.2226101160049438,-1.2226101160049438,0.0
1055,f398e532c4307d0fb6f23dda4b599e05c8483a5211aab4dba56e24a0acc89810af5b98cc96afe0b55fdee3b41250c05571fa3d170e517213e71e52e481a80df1,1,hindi_griffinlim_eval_final/real_hindi/hindi_real_1055.wav,2.784,384.0,576.0,4.114543437957764,-4.985912322998047,-9.10045576095581
1055,f398e532c4307d0fb6f23dda4b599e05c8483a5211aab4dba56e24a0acc89810af5b98cc96afe0b55fdee3b41250c05571fa3d170e517213e71e52e481a80df1,0,hindi_griffinlim_eval_final/fake_hindi_griffinlim/hindi_fake_1055.wav,2.784,0.0,0.0,-3.2405591011047363,-3.2405591011047363,0.0
1056,74751bae9cd9bc9a9c005dce39ee035a3d1a201afb6bc83523226793b7fa2526d2c29ccebaaee7bcc6af9949646ae1bde77eade6fcec218564391c06e0ec86d3,1,hindi_griffinlim_eval_final/real_hindi/hindi_real_1056.wav,4.968,416.0,872.0,5.990787506103516,5.594733238220215,-0.3960542678833008
1056,74751bae9cd9bc9a9c005dce39ee035a3d1a201afb6bc83523226793b7fa2526d2c29ccebaaee7bcc6af9949646ae1bde77eade6fcec218564391c06e0ec86d3,0,hindi_griffinlim_eval_final/fake_hindi_griffinlim/hindi_fake_1056.wav,4.968,0.0,0.0,-1.0648459196090698,-1.0648459196090698,0.0
1057,d5417347b8d450c2aefa6ac74539b48c943a0d94b866457184e18c67074d8c2eb785e7191abf9c2199ef4db0873ef3ca503bfeaee470f6ab2506b8c2120a6669,1,hindi_griffinlim_eval_final/real_hindi/hindi_real_1057.wav,6.876,64.0,0.0,-3.6802659034729004,-4.237811088562012,-0.5575451850891113
1057,d5417347b8d450c2aefa6ac74539b48c943a0d94b866457184e18c67074d8c2eb785e7191abf9c2199ef4db0873ef3ca503bfeaee470f6ab2506b8c2120a6669,0,hindi_griffinlim_eval_final/fake_hindi_griffinlim/hindi_fake_1057.wav,6.876,0.0,0.0,-5.759860038757324,-5.759860038757324,0.0
1058,0296590f079d0307e6a54bed03a9a137e124eae99c566ac40f5e14ff6f07084af6f1b3c11b51c8910d774cc6ae571696c616838249c2e12fe64eae03221496c8,1,hindi_griffinlim_eval_final/real_hindi/hindi_real_1058.wav,5.472,1440.0,1184.0,2.872209072113037,-4.661266326904297,-7.533475399017334
1058,0296590f079d0307e6a54bed03a9a137e124eae99c566ac40f5e14ff6f07084af6f1b3c11b51c8910d774cc6ae571696c616838249c2e12fe64eae03221496c8,0,hindi_griffinlim_eval_final/fake_hindi_griffinlim/hindi_fake_1058.wav,5.472,0.0,0.0,-0.23073573410511017,-0.23073573410511017,0.0
1059,0f018a99663f33afbb7d38aee281fb1afcfd07f9e7acd00383f604e1e17c38d6ed8adf1bd2ccbf927a52c5adefb8ac4b158ce27a7c2ed9581e71202eb302dfb3,1,hindi_griffinlim_eval_final/real_hindi/hindi_real_1059.wav,4.824,512.0,568.0,1.566264271736145,-5.485931873321533,-7.052196145057678
1059,0f018a99663f33afbb7d38aee281fb1afcfd07f9e7acd00383f604e1e17c38d6ed8adf1bd2ccbf927a52c5adefb8ac4b158ce27a7c2ed9581e71202eb302dfb3,0,hindi_griffinlim_eval_final/fake_hindi_griffinlim/hindi_fake_1059.wav,4.824,0.0,0.0,-5.63840913772583,-5.63840913772583,0.0
1060,0eef353f918900f4b6b2c52b697013c0ac2340228d97696f460545e777a0a619dc934a6e2bdc5329525c74d683591af809ae5b8d4157abba6321a5b7366bb73e,1,hindi_griffinlim_eval_final/real_hindi/hindi_real_1060.wav,3.96,288.0,24.0,5.997810363769531,4.724874496459961,-1.2729358673095703
1060,0eef353f918900f4b6b2c52b697013c0ac2340228d97696f460545e777a0a619dc934a6e2bdc5329525c74d683591af809ae5b8d4157abba6321a5b7366bb73e,0,hindi_griffinlim_eval_final/fake_hindi_griffinlim/hindi_fake_1060.wav,3.96,0.0,0.0,5.806888580322266,5.806888580322266,0.0
1061,52f22814969ddf3ae439c9927cdc815781938e7b8db9939cbe5cc7211c83b3dd6eccb62b360571d4002d64878c3b70340e8a76bf784048ff984b73b71d31fc52,1,hindi_griffinlim_eval_final/real_hindi/hindi_real_1061.wav,2.808,288.0,56.0,1.968194842338562,-0.08201596140861511,-2.050210803747177
1061,52f22814969ddf3ae439c9927cdc815781938e7b8db9939cbe5cc7211c83b3dd6eccb62b360571d4002d64878c3b70340e8a76bf784048ff984b73b71d31fc52,0,hindi_griffinlim_eval_final/fake_hindi_griffinlim/hindi_fake_1061.wav,2.808,0.0,0.0,-2.099048376083374,-2.099048376083374,0.0
1062,80d92595b38c164010ef7313465d16463f2c96fa6fc022b2e01e189d36b259ca8c60d34dedd33eb9e2efc010529edd502641106737ba607a53218e01e86be40a,1,hindi_griffinlim_eval_final/real_hindi/hindi_real_1062.wav,7.92,928.0,1136.0,-0.9373279809951782,-5.9361114501953125,-4.998783469200134
1062,80d92595b38c164010ef7313465d16463f2c96fa6fc022b2e01e189d36b259ca8c60d34dedd33eb9e2efc010529edd502641106737ba607a53218e01e86be40a,0,hindi_griffinlim_eval_final/fake_hindi_griffinlim/hindi_fake_1062.wav,7.92,0.0,0.0,-5.143260955810547,-5.143260955810547,0.0
1063,6599122319c224d4b370bdaa817d68a9d0d1774b81aada4980c0519f78ae3a9ebea33cc1b8fc6a20008d791474bdefb675e448b3c00d10d0fd05a39e153e922e,1,hindi_griffinlim_eval_final/real_hindi/hindi_real_1063.wav,6.156,704.0,1708.0,2.3897953033447266,0.2782280147075653,-2.1115672886371613
1063,6599122319c224d4b370bdaa817d68a9d0d1774b81aada4980c0519f78ae3a9ebea33cc1b8fc6a20008d791474bdefb675e448b3c00d10d0fd05a39e153e922e,0,hindi_griffinlim_eval_final/fake_hindi_griffinlim/hindi_fake_1063.wav,6.156,0.0,0.0,-0.5868096351623535,-0.5868096351623535,0.0
1064,0303022c144407f09d8f97be16ba6f2c41ac249e162b24f7d213f0c8a10c4235a4dbd0f53c4d6bcd674ea939898fa29d241a0c183c8f8b5963f55ea5a5327379,1,hindi_griffinlim_eval_final/real_hindi/hindi_real_1064.wav,7.452,1152.0,636.0,5.7153167724609375,-2.720993995666504,-8.436310768127441
1064,0303022c144407f09d8f97be16ba6f2c41ac249e162b24f7d213f0c8a10c4235a4dbd0f53c4d6bcd674ea939898fa29d241a0c183c8f8b5963f55ea5a5327379,0,hindi_griffinlim_eval_final/fake_hindi_griffinlim/hindi_fake_1064.wav,7.452,0.0,0.0,-0.20271050930023193,-0.20271050930023193,0.0
1065,42adfde56dd3d69ed58436d1e8a55fac999afb0e390ebc65c299c3cd2b7258cb079683412241e54e7fa275e56a02bd19a10d6a17fead09988cd0fad2e6061e7b,1,hindi_griffinlim_eval_final/real_hindi/hindi_real_1065.wav,3.96,704.0,792.0,4.533454418182373,-4.926214218139648,-9.459668636322021
1065,42adfde56dd3d69ed58436d1e8a55fac999afb0e390ebc65c299c3cd2b7258cb079683412241e54e7fa275e56a02bd19a10d6a17fead09988cd0fad2e6061e7b,0,hindi_griffinlim_eval_final/fake_hindi_griffinlim/hindi_fake_1065.wav,3.96,0.0,0.0,-5.434537887573242,-5.434537887573242,0.0
1066,c7c4e5ded1e6121c38594d1e3bbb5a49f1d269f96c2591f9e2d4da7cf5c9cdc7598248c5d24452c832160a2503d344167242cafabc1dc3936e1a6065b281ae77,1,hindi_griffinlim_eval_final/real_hindi/hindi_real_1066.wav,3.24,832.0,0.0,-1.0041919946670532,-5.476556777954102,-4.472364783287048
1066,c7c4e5ded1e6121c38594d1e3bbb5a49f1d269f96c2591f9e2d4da7cf5c9cdc7598248c5d24452c832160a2503d344167242cafabc1dc3936e1a6065b281ae77,0,hindi_griffinlim_eval_final/fake_hindi_griffinlim/hindi_fake_1066.wav,3.232,832.0,0.0,-2.410458564758301,-5.7920427322387695,-3.3815841674804688
1067,1da3e82d56c4b06d4028ecc92aca9dc352823b8ec3e30de4da211906b610e38731002b15ef77c26455730b72f40ec1685543812f28aebbf3d093e8e83b3bad25,1,hindi_griffinlim_eval_final/real_hindi/hindi_real_1067.wav,6.336,544.0,768.0,4.299446105957031,-0.08085152506828308,-4.380297631025314
1067,1da3e82d56c4b06d4028ecc92aca9dc352823b8ec3e30de4da211906b610e38731002b15ef77c26455730b72f40ec1685543812f28aebbf3d093e8e83b3bad25,0,hindi_griffinlim_eval_final/fake_hindi_griffinlim/hindi_fake_1067.wav,6.336,0.0,0.0,-0.034999895840883255,-0.034999895840883255,0.0
1068,984398a9ba94c5ce43b621c6fee2c6092d5ea3632e0b605bf206a5ae59eba42401dbc36603073eec2117374293d2675a9847d91f1c71deeeeee7c5202840a1ea,1,hindi_griffinlim_eval_final/real_hindi/hindi_real_1068.wav,2.736,0.0,48.0,2.068204402923584,2.3632516860961914,0.2950472831726074
1068,984398a9ba94c5ce43b621c6fee2c6092d5ea3632e0b605bf206a5ae59eba42401dbc36603073eec2117374293d2675a9847d91f1c71deeeeee7c5202840a1ea,0,hindi_griffinlim_eval_final/fake_hindi_griffinlim/hindi_fake_1068.wav,2.736,0.0,0.0,-1.921369194984436,-1.921369194984436,0.0
1069,e0a47331065c4e1a9ffd6eed4cb902b631814a6130faf9401d447eba044cf1af767ff9a242e7c97886c74ac130ec73716192fd074e4abca825e77caca52e0ca0,1,hindi_griffinlim_eval_final/real_hindi/hindi_real_1069.wav,2.988,128.0,492.0,4.442167282104492,3.7740375995635986,-0.6681296825408936
1069,e0a47331065c4e1a9ffd6eed4cb902b631814a6130faf9401d447eba044cf1af767ff9a242e7c97886c74ac130ec73716192fd074e4abca825e77caca52e0ca0,0,hindi_griffinlim_eval_final/fake_hindi_griffinlim/hindi_fake_1069.wav,2.988,0.0,0.0,-5.576196670532227,-5.576196670532227,0.0
1070,439f45a458aa3fb2b90c635b0b8f07e4182c5aec6177ec417f91ee355768fc1655301d31a1c35a6a1727014480d611123576f5e9f6c96385b515a83690d70366,1,hindi_griffinlim_eval_final/real_hindi/hindi_real_1070.wav,6.336,128.0,32.0,1.0703297853469849,0.7301371693611145,-0.34019261598587036
1070,439f45a458aa3fb2b90c635b0b8f07e4182c5aec6177ec417f91ee355768fc1655301d31a1c35a6a1727014480d611123576f5e9f6c96385b515a83690d70366,0,hindi_griffinlim_eval_final/fake_hindi_griffinlim/hindi_fake_1070.wav,6.336,0.0,0.0,-3.8353586196899414,-3.8353586196899414,0.0
1071,949d46bd8792e08b2ee6c5736df551c23a26e45db1306d71836317cfc115ff4cf71da8164c9063aeefd98bd8c12626dbe22b79a07420d6fe8317fb6fc9fa368b,1,hindi_griffinlim_eval_final/real_hindi/hindi_real_1071.wav,4.248,928.0,632.0,4.372446537017822,-3.2734479904174805,-7.645894527435303
1071,949d46bd8792e08b2ee6c5736df551c23a26e45db1306d71836317cfc115ff4cf71da8164c9063aeefd98bd8c12626dbe22b79a07420d6fe8317fb6fc9fa368b,0,hindi_griffinlim_eval_final/fake_hindi_griffinlim/hindi_fake_1071.wav,4.248,0.0,0.0,1.2261182069778442,1.2261182069778442,0.0
1072,20c8af3d3924681f688ee678fe8bf01fb61085553e888cfcee35b3d4268a1a0e50d0cde2c1e1c5ad13701d066561a04fc1a9a0492c4433338cad61132eb03695,1,hindi_griffinlim_eval_final/real_hindi/hindi_real_1072.wav,3.636,416.0,948.0,5.331755638122559,-4.647933006286621,-9.97968864440918
1072,20c8af3d3924681f688ee678fe8bf01fb61085553e888cfcee35b3d4268a1a0e50d0cde2c1e1c5ad13701d066561a04fc1a9a0492c4433338cad61132eb03695,0,hindi_griffinlim_eval_final/fake_hindi_griffinlim/hindi_fake_1072.wav,3.636,0.0,0.0,-2.6249804496765137,-2.6249804496765137,0.0
1073,ca6156fb12800e3b3fc41f9907777531141ebf8f445b70901bc7137ffd0e5516c2229f3c8c695423887299cdfe5b9160cea313d614a4ba540d5ff4102dda821e,1,hindi_griffinlim_eval_final/real_hindi/hindi_real_1073.wav,5.04,160.0,528.0,1.9308661222457886,1.671441912651062,-0.25942420959472656
1073,ca6156fb12800e3b3fc41f9907777531141ebf8f445b70901bc7137ffd0e5516c2229f3c8c695423887299cdfe5b9160cea313d614a4ba540d5ff4102dda821e,0,hindi_griffinlim_eval_final/fake_hindi_griffinlim/hindi_fake_1073.wav,5.04,160.0,528.0,-1.7289561033248901,-2.468170642852783,-0.7392145395278931
1074,68cb270e1215efd79204c075fb9df17b4ea024a7c09f74970ea4e506e73229238b2c3b3fc62c0f650e4fbd93cfbdd109b4442bcd5292c50b81cf80146568bf42,1,hindi_griffinlim_eval_final/real_hindi/hindi_real_1074.wav,5.544,1024.0,872.0,5.2162041664123535,-5.758780002593994,-10.974984169006348
1074,68cb270e1215efd79204c075fb9df17b4ea024a7c09f74970ea4e506e73229238b2c3b3fc62c0f650e4fbd93cfbdd109b4442bcd5292c50b81cf80146568bf42,0,hindi_griffinlim_eval_final/fake_hindi_griffinlim/hindi_fake_1074.wav,5.544,0.0,0.0,-0.1889898031949997,-0.1889898031949997,0.0
1075,5910123d516315dfc2a43523d5cbc63444096a4cd38bb8b772155e3c51fb2f1eb673beaa1603de242ad8aa5dafe9d0ebd85a1c02bc6a7ee45e636585932306ae,1,hindi_griffinlim_eval_final/real_hindi/hindi_real_1075.wav,3.348,192.0,0.0,5.665018558502197,5.206315040588379,-0.45870351791381836
1075,5910123d516315dfc2a43523d5cbc63444096a4cd38bb8b772155e3c51fb2f1eb673beaa1603de242ad8aa5dafe9d0ebd85a1c02bc6a7ee45e636585932306ae,0,hindi_griffinlim_eval_final/fake_hindi_griffinlim/hindi_fake_1075.wav,3.348,0.0,0.0,6.232030391693115,6.232030391693115,0.0
1076,ffb5eeb570d2ef310e46742868405151da6adb390253787708f24b730c59c01b34656465701e80b1157e9b0f9421b9a06a454f56e2a3a4bdfbf5c6c64addad11,1,hindi_griffinlim_eval_final/real_hindi/hindi_real_1076.wav,4.788,512.0,1204.0,5.612129211425781,-4.182708740234375,-9.794837951660156
1076,ffb5eeb570d2ef310e46742868405151da6adb390253787708f24b730c59c01b34656465701e80b1157e9b0f9421b9a06a454f56e2a3a4bdfbf5c6c64addad11,0,hindi_griffinlim_eval_final/fake_hindi_griffinlim/hindi_fake_1076.wav,4.788,0.0,0.0,-3.40798282623291,-3.40798282623291,0.0
1077,5b3872837902e6d95327320c254ce8cc9e7b69e3ad4e2e54f93009f6f44af95a3b2bd03dd9504518ddea0ce1bb0793458ea03d00ccd3c918aba1a0a91476da99,1,hindi_griffinlim_eval_final/real_hindi/hindi_real_1077.wav,3.024,384.0,496.0,0.6663507223129272,-2.4833455085754395,-3.1496962308883667
1077,5b3872837902e6d95327320c254ce8cc9e7b69e3ad4e2e54f93009f6f44af95a3b2bd03dd9504518ddea0ce1bb0793458ea03d00ccd3c918aba1a0a91476da99,0,hindi_griffinlim_eval_final/fake_hindi_griffinlim/hindi_fake_1077.wav,3.024,0.0,0.0,-5.499602317810059,-5.499602317810059,0.0
1078,3dbb15be45bbb6a44cee0c715a4fd06c4e5267061420217c4a4279a8f47365fa3c7243c274d08ddaa39a11d39b1c281760c59e358f1a4b14914923605831a3b8,1,hindi_griffinlim_eval_final/real_hindi/hindi_real_1078.wav,7.128,32.0,0.0,5.451582908630371,5.435966491699219,-0.015616416931152344
1078,3dbb15be45bbb6a44cee0c715a4fd06c4e5267061420217c4a4279a8f47365fa3c7243c274d08ddaa39a11d39b1c281760c59e358f1a4b14914923605831a3b8,0,hindi_griffinlim_eval_final/fake_hindi_griffinlim/hindi_fake_1078.wav,7.128,0.0,0.0,-5.582890510559082,-5.582890510559082,0.0
1079,0d2120fd5389d89f197e877a642aeb305bd4d8a9820d642a3ca7e83fe64ca61a0a8b15a37958f3629aa855408d3eabc56d2521ff9a06db24bd0c95320f66efab,1,hindi_griffinlim_eval_final/real_hindi/hindi_real_1079.wav,6.696,736.0,1576.0,1.8890427350997925,-4.171421527862549,-6.060464262962341
1079,0d2120fd5389d89f197e877a642aeb305bd4d8a9820d642a3ca7e83fe64ca61a0a8b15a37958f3629aa855408d3eabc56d2521ff9a06db24bd0c95320f66efab,0,hindi_griffinlim_eval_final/fake_hindi_griffinlim/hindi_fake_1079.wav,6.688,736.0,1568.0,0.07092812657356262,-5.330990314483643,-5.401918441057205
1080,552fd8cf90f15edcaf7388b1164d58d7eae5f20674dc780b9efb9d43c80af1ccbdef88d0ddfb76038b9614eda2b556cbb4fa8a46ca54ad7dcc43d9298b63f1eb,1,hindi_griffinlim_eval_final/real_hindi/hindi_real_1080.wav,5.328,0.0,1008.0,-2.225306987762451,-2.225306987762451,0.0
1080,552fd8cf90f15edcaf7388b1164d58d7eae5f20674dc780b9efb9d43c80af1ccbdef88d0ddfb76038b9614eda2b556cbb4fa8a46ca54ad7dcc43d9298b63f1eb,0,hindi_griffinlim_eval_final/fake_hindi_griffinlim/hindi_fake_1080.wav,5.328,0.0,0.0,-4.961713790893555,-4.961713790893555,0.0
1081,13b72f7b7cca925bd373d5f2eab80cc1ea66148b333a85d6ca12be7e926fa2faf00dd733d0c670651eca79a91b3efeaf6918600638811c1c946b261c671a525e,1,hindi_griffinlim_eval_final/real_hindi/hindi_real_1081.wav,4.5,800.0,1172.0,5.050334453582764,-3.1066575050354004,-8.156991958618164
1081,13b72f7b7cca925bd373d5f2eab80cc1ea66148b333a85d6ca12be7e926fa2faf00dd733d0c670651eca79a91b3efeaf6918600638811c1c946b261c671a525e,0,hindi_griffinlim_eval_final/fake_hindi_griffinlim/hindi_fake_1081.wav,4.5,0.0,0.0,-0.28849101066589355,-0.28849101066589355,0.0
1082,ec98bf4f4c7ebeb53552af57da3d7a49f21818abc1725b040a1b968399e00793bb92c3c43fc8a718ebdf2cd08df8a20903f45474f2545ae873ddfb15c6a759c5,1,hindi_griffinlim_eval_final/real_hindi/hindi_real_1082.wav,5.688,768.0,408.0,-0.4811803698539734,-5.630911350250244,-5.149730980396271
1082,ec98bf4f4c7ebeb53552af57da3d7a49f21818abc1725b040a1b968399e00793bb92c3c43fc8a718ebdf2cd08df8a20903f45474f2545ae873ddfb15c6a759c5,0,hindi_griffinlim_eval_final/fake_hindi_griffinlim/hindi_fake_1082.wav,5.688,0.0,0.0,-5.567269802093506,-5.567269802093506,0.0
1083,be10029504aaa30796d27938620d08189f19a31701c9f552f60c99eff87dddfbf804efc53af08d2670685aeaeeb295c9f3326c85b8127b0ad0d1232f03bc1781,1,hindi_griffinlim_eval_final/real_hindi/hindi_real_1083.wav,7.596,320.0,588.0,-4.933801651000977,-5.403032302856445,-0.46923065185546875
1083,be10029504aaa30796d27938620d08189f19a31701c9f552f60c99eff87dddfbf804efc53af08d2670685aeaeeb295c9f3326c85b8127b0ad0d1232f03bc1781,0,hindi_griffinlim_eval_final/fake_hindi_griffinlim/hindi_fake_1083.wav,7.584,288.0,576.0,-6.100712776184082,-6.017343997955322,0.08336877822875977
1084,d5417347b8d450c2aefa6ac74539b48c943a0d94b866457184e18c67074d8c2eb785e7191abf9c2199ef4db0873ef3ca503bfeaee470f6ab2506b8c2120a6669,1,hindi_griffinlim_eval_final/real_hindi/hindi_real_1084.wav,4.968,32.0,0.0,-4.179774284362793,-4.073793411254883,0.10598087310791016
1084,d5417347b8d450c2aefa6ac74539b48c943a0d94b866457184e18c67074d8c2eb785e7191abf9c2199ef4db0873ef3ca503bfeaee470f6ab2506b8c2120a6669,0,hindi_griffinlim_eval_final/fake_hindi_griffinlim/hindi_fake_1084.wav,4.968,0.0,0.0,-5.890627861022949,-5.890627861022949,0.0
1085,eadc13b88ea5631a21a2beb0917e9be628171b8aaae29918cb08b2afa62e820e01d0a5e21154b643f10067864ae138783bc31abf1a13b86bcb072fa0f0df4d40,1,hindi_griffinlim_eval_final/real_hindi/hindi_real_1085.wav,7.02,1312.0,1516.0,-0.20679683983325958,-6.067439556121826,-5.860642716288567
1085,eadc13b88ea5631a21a2beb0917e9be628171b8aaae29918cb08b2afa62e820e01d0a5e21154b643f10067864ae138783bc31abf1a13b86bcb072fa0f0df4d40,0,hindi_griffinlim_eval_final/fake_hindi_griffinlim/hindi_fake_1085.wav,7.02,0.0,0.0,0.19709357619285583,0.19709357619285583,0.0
1086,9929c6f2b01a8c28f2e56c628d79399fb1e541643209aa4c5e28768681147947cad19a67ec59f260cf85a4586e3d35fe427119ab932c78c14583d719abff7062,1,hindi_griffinlim_eval_final/real_hindi/hindi_real_1086.wav,4.86,1344.0,1340.0,4.9282684326171875,-5.687310218811035,-10.615578651428223
1086,9929c6f2b01a8c28f2e56c628d79399fb1e541643209aa4c5e28768681147947cad19a67ec59f260cf85a4586e3d35fe427119ab932c78c14583d719abff7062,0,hindi_griffinlim_eval_final/fake_hindi_griffinlim/hindi_fake_1086.wav,4.848,1344.0,1328.0,1.5689890384674072,-5.766396522521973,-7.33538556098938
1087,43bc745f9a7b6bd69a6cf5af88d6d8a31436266533dfa04def07f906d4fd43867f88a11badb4e6b57aefd010b66136392f98b79281d97eebcad6333be3d07cb2,1,hindi_griffinlim_eval_final/real_hindi/hindi_real_1087.wav,4.32,288.0,0.0,-0.22905273735523224,-2.2463388442993164,-2.017286106944084
1087,43bc745f9a7b6bd69a6cf5af88d6d8a31436266533dfa04def07f906d4fd43867f88a11badb4e6b57aefd010b66136392f98b79281d97eebcad6333be3d07cb2,0,hindi_griffinlim_eval_final/fake_hindi_griffinlim/hindi_fake_1087.wav,4.32,0.0,0.0,-5.991692066192627,-5.991692066192627,0.0
1088,a71fe4c8c51459edc23fad3c7288e0216049d06b3ffb15d556328a42b3d18daf25ac6d1566a0037209e321081df2632dfca7bbeabd547b9eeef87ddf1e6ad329,1,hindi_griffinlim_eval_final/real_hindi/hindi_real_1088.wav,7.596,1920.0,1804.0,5.520939350128174,-5.398543834686279,-10.919483184814453
1088,a71fe4c8c51459edc23fad3c7288e0216049d06b3ffb15d556328a42b3d18daf25ac6d1566a0037209e321081df2632dfca7bbeabd547b9eeef87ddf1e6ad329,0,hindi_griffinlim_eval_final/fake_hindi_griffinlim/hindi_fake_1088.wav,7.584,1888.0,1792.0,3.381864070892334,-5.831933498382568,-9.213797569274902
1089,13cef0dba059a4aa0064866e51ca703ad2552c2645eb99722846129b96051db0f22a99235faf822876c13bd3f02e86f138d6a0413f980cf028f54c5fdc58b9b9,1,hindi_griffinlim_eval_final/real_hindi/hindi_real_1089.wav,6.768,608.0,912.0,3.3545913696289062,-5.475851058959961,-8.830442428588867
1089,13cef0dba059a4aa0064866e51ca703ad2552c2645eb99722846129b96051db0f22a99235faf822876c13bd3f02e86f138d6a0413f980cf028f54c5fdc58b9b9,0,hindi_griffinlim_eval_final/fake_hindi_griffinlim/hindi_fake_1089.wav,6.768,0.0,0.0,-5.602136135101318,-5.602136135101318,0.0
1090,f446689d92087b875d07eaa1d98e4b7e07ec4f8651762d73d8e0ecbae21be60e60a3b7356828d24a8c9071f872f21361ca196ae017820a2908412966f0a59df2,1,hindi_griffinlim_eval_final/real_hindi/hindi_real_1090.wav,5.76,224.0,0.0,0.7503888010978699,-0.24725358188152313,-0.997642382979393
1090,f446689d92087b875d07eaa1d98e4b7e07ec4f8651762d73d8e0ecbae21be60e60a3b7356828d24a8c9071f872f21361ca196ae017820a2908412966f0a59df2,0,hindi_griffinlim_eval_final/fake_hindi_griffinlim/hindi_fake_1090.wav,5.76,0.0,0.0,-0.5564542412757874,-0.5564542412757874,0.0
1091,2d27b396006a861ca7b1d045b46c33a62ae2f394d1da44c60a21ec6da2cbb9bbd3c7db23f5bdf57b185987f7c6157ac50f6af45751dff9a96bafc3fe6b5bea2e,1,hindi_griffinlim_eval_final/real_hindi/hindi_real_1091.wav,4.14,1184.0,268.0,4.386474609375,-5.318564414978027,-9.705039024353027
1091,2d27b396006a861ca7b1d045b46c33a62ae2f394d1da44c60a21ec6da2cbb9bbd3c7db23f5bdf57b185987f7c6157ac50f6af45751dff9a96bafc3fe6b5bea2e,0,hindi_griffinlim_eval_final/fake_hindi_griffinlim/hindi_fake_1091.wav,4.14,0.0,0.0,-2.3620100021362305,-2.3620100021362305,0.0
1092,3d78afcfc84ca5a9b304c3354f6bfcb59071c723ed2101b94ea2d29b0cb36a2fa1a157f76ed759987a0271444c50355aadb50e7d6387444fb3c2740bf66a8be1,1,hindi_griffinlim_eval_final/real_hindi/hindi_real_1092.wav,5.652,32.0,84.0,-0.0004077740013599396,-0.04652823880314827,-0.04612046480178833
1092,3d78afcfc84ca5a9b304c3354f6bfcb59071c723ed2101b94ea2d29b0cb36a2fa1a157f76ed759987a0271444c50355aadb50e7d6387444fb3c2740bf66a8be1,0,hindi_griffinlim_eval_final/fake_hindi_griffinlim/hindi_fake_1092.wav,5.652,0.0,0.0,-3.183593273162842,-3.183593273162842,0.0
1093,4165462ba3028c7e25d5ff7abf7e81fe2d31ab129cfa039232a6753837447e299445e86cc1a94db3a8957d1cf55c3a1aaa96b297a0c75a814bc1a2df686daae8,1,hindi_griffinlim_eval_final/real_hindi/hindi_real_1093.wav,5.976,384.0,0.0,0.04664267972111702,1.6249395608901978,1.5782968811690807
1093,4165462ba3028c7e25d5ff7abf7e81fe2d31ab129cfa039232a6753837447e299445e86cc1a94db3a8957d1cf55c3a1aaa96b297a0c75a814bc1a2df686daae8,0,hindi_griffinlim_eval_final/fake_hindi_griffinlim/hindi_fake_1093.wav,5.976,0.0,0.0,0.5572177767753601,0.5572177767753601,0.0
1094,6df5947ecd6093ba0b8088111d11231f209c5377b37d2ec78fb66df1c555d0c218e4a7dfd601f4d5395ec9f0579ec4eca44d2fd60b09e80bc62ef446ea485886,1,hindi_griffinlim_eval_final/real_hindi/hindi_real_1094.wav,2.7,512.0,364.0,-0.3231073021888733,-5.59523344039917,-5.272126138210297
1094,6df5947ecd6093ba0b8088111d11231f209c5377b37d2ec78fb66df1c555d0c218e4a7dfd601f4d5395ec9f0579ec4eca44d2fd60b09e80bc62ef446ea485886,0,hindi_griffinlim_eval_final/fake_hindi_griffinlim/hindi_fake_1094.wav,2.7,0.0,0.0,-4.193716049194336,-4.193716049194336,0.0
1095,5b3872837902e6d95327320c254ce8cc9e7b69e3ad4e2e54f93009f6f44af95a3b2bd03dd9504518ddea0ce1bb0793458ea03d00ccd3c918aba1a0a91476da99,1,hindi_griffinlim_eval_final/real_hindi/hindi_real_1095.wav,5.304,480.0,344.0,-1.0140365362167358,-5.588502883911133,-4.574466347694397
1095,5b3872837902e6d95327320c254ce8cc9e7b69e3ad4e2e54f93009f6f44af95a3b2bd03dd9504518ddea0ce1bb0793458ea03d00ccd3c918aba1a0a91476da99,0,hindi_griffinlim_eval_final/fake_hindi_griffinlim/hindi_fake_1095.wav,5.304,0.0,0.0,-5.957723617553711,-5.957723617553711,0.0
1096,68cb270e1215efd79204c075fb9df17b4ea024a7c09f74970ea4e506e73229238b2c3b3fc62c0f650e4fbd93cfbdd109b4442bcd5292c50b81cf80146568bf42,1,hindi_griffinlim_eval_final/real_hindi/hindi_real_1096.wav,5.436,160.0,444.0,5.66195821762085,5.444897651672363,-0.21706056594848633
1096,68cb270e1215efd79204c075fb9df17b4ea024a7c09f74970ea4e506e73229238b2c3b3fc62c0f650e4fbd93cfbdd109b4442bcd5292c50b81cf80146568bf42,0,hindi_griffinlim_eval_final/fake_hindi_griffinlim/hindi_fake_1096.wav,5.436,0.0,0.0,-1.5662455558776855,-1.5662455558776855,0.0
1097,0e97e303991e6646c845049579a4bea7a25ea775f6b8b44a09e0efd0ae9661ec984c393c92d2522e3158c8b0ca206ad60fd9e136713e18c21dffd72811a88b88,1,hindi_griffinlim_eval_final/real_hindi/hindi_real_1097.wav,5.94,1184.0,660.0,5.056484222412109,-4.095337867736816,-9.151822090148926
1097,0e97e303991e6646c845049579a4bea7a25ea775f6b8b44a09e0efd0ae9661ec984c393c92d2522e3158c8b0ca206ad60fd9e136713e18c21dffd72811a88b88,0,hindi_griffinlim_eval_final/fake_hindi_griffinlim/hindi_fake_1097.wav,5.936,1184.0,656.0,1.6070491075515747,-4.480027198791504,-6.087076306343079
1098,29822eacca376bd26682b72d0212ea3f2897da482cbaa2e8046b66eb83af4dbb0cafeb48676702a2fdf34a45fc46ddf438d60d90ff3bcaa3171dbe5aa6321c3e,1,hindi_griffinlim_eval_final/real_hindi/hindi_real_1098.wav,5.688,64.0,280.0,1.0266081094741821,1.0986768007278442,0.07206869125366211
1098,29822eacca376bd26682b72d0212ea3f2897da482cbaa2e8046b66eb83af4dbb0cafeb48676702a2fdf34a45fc46ddf438d60d90ff3bcaa3171dbe5aa6321c3e,0,hindi_griffinlim_eval_final/fake_hindi_griffinlim/hindi_fake_1098.wav,5.688,0.0,0.0,-4.763506889343262,-4.763506889343262,0.0
1099,f256033e55a3f902c9673806428f07a4f2e61c31363d603299c889d62c3b896f2f34134d5e6c248c49a24c541239226452e69dbe19678a0790f926f335ee508a,1,hindi_griffinlim_eval_final/real_hindi/hindi_real_1099.wav,7.308,64.0,524.0,5.074845790863037,4.888946056365967,-0.1858997344970703
1099,f256033e55a3f902c9673806428f07a4f2e61c31363d603299c889d62c3b896f2f34134d5e6c248c49a24c541239226452e69dbe19678a0790f926f335ee508a,0,hindi_griffinlim_eval_final/fake_hindi_griffinlim/hindi_fake_1099.wav,7.308,0.0,0.0,-5.663708209991455,-5.663708209991455,0.0
1100,0a3f27e009572dbc52c115bfa733fdbea6b819dd63fd440adf16a90428f3566049c9fe252e775388ac3bab7e9951fa06c8691497b6568d3b5e436aaea396a8d6,1,hindi_griffinlim_eval_final/real_hindi/hindi_real_1100.wav,5.508,96.0,36.0,-0.7005060911178589,-0.6331429481506348,0.06736314296722412
1100,0a3f27e009572dbc52c115bfa733fdbea6b819dd63fd440adf16a90428f3566049c9fe252e775388ac3bab7e9951fa06c8691497b6568d3b5e436aaea396a8d6,0,hindi_griffinlim_eval_final/fake_hindi_griffinlim/hindi_fake_1100.wav,5.508,0.0,0.0,-5.6275553703308105,-5.6275553703308105,0.0
1101,461059307d756b80d08835b893bbee0e93e8cf237db0b4ba90a0b34adfa5ee77c44a3777d5a0c19d7a920260f7fd54fdd84661371abe9ece4b08ea2624146827,1,hindi_griffinlim_eval_final/real_hindi/hindi_real_1101.wav,7.128,128.0,568.0,0.233375683426857,-1.3358643054962158,-1.5692399889230728
1101,461059307d756b80d08835b893bbee0e93e8cf237db0b4ba90a0b34adfa5ee77c44a3777d5a0c19d7a920260f7fd54fdd84661371abe9ece4b08ea2624146827,0,hindi_griffinlim_eval_final/fake_hindi_griffinlim/hindi_fake_1101.wav,7.128,0.0,0.0,-5.662353515625,-5.662353515625,0.0
1102,d5880664e0b201cf24b4972ea9890b801afe05af05cd4302d95952f06934198872328efbf6eb11bf51e169d4c62a0e8756088bbe001fc353a9b6d080ed9ee3dc,1,hindi_griffinlim_eval_final/real_hindi/hindi_real_1102.wav,4.32,224.0,544.0,-0.14303122460842133,-4.682453632354736,-4.539422407746315
1102,d5880664e0b201cf24b4972ea9890b801afe05af05cd4302d95952f06934198872328efbf6eb11bf51e169d4c62a0e8756088bbe001fc353a9b6d080ed9ee3dc,0,hindi_griffinlim_eval_final/fake_hindi_griffinlim/hindi_fake_1102.wav,4.32,0.0,0.0,-5.900050163269043,-5.900050163269043,0.0
1103,64fcf403ddfb930184eae9b9ad9fbb9a712ebab06fdb5e7dbe7621dcd2cd5101f593c37e8e254ff38294b6dcc8bec4808c197c2d7599c0c4126045b1ac9b51d0,1,hindi_griffinlim_eval_final/real_hindi/hindi_real_1103.wav,3.264,1024.0,704.0,-4.335138320922852,-6.148468017578125,-1.8133296966552734
1103,64fcf403ddfb930184eae9b9ad9fbb9a712ebab06fdb5e7dbe7621dcd2cd5101f593c37e8e254ff38294b6dcc8bec4808c197c2d7599c0c4126045b1ac9b51d0,0,hindi_griffinlim_eval_final/fake_hindi_griffinlim/hindi_fake_1103.wav,3.264,0.0,0.0,-3.701158285140991,-3.701158285140991,0.0
1104,d1d9c267ebee74a32597d31c9167b2edb1f99cb7f4aa13501a5cc3bd519deaa2516058fb40da1e55deef24bb43e231ab5f17484bb11468d631c90e3bf29b76d4,1,hindi_griffinlim_eval_final/real_hindi/hindi_real_1104.wav,7.236,1056.0,772.0,-0.3690279722213745,-5.978302001953125,-5.6092740297317505
1104,d1d9c267ebee74a32597d31c9167b2edb1f99cb7f4aa13501a5cc3bd519deaa2516058fb40da1e55deef24bb43e231ab5f17484bb11468d631c90e3bf29b76d4,0,hindi_griffinlim_eval_final/fake_hindi_griffinlim/hindi_fake_1104.wav,7.236,0.0,0.0,6.7115583419799805,6.7115583419799805,0.0
1105,3d60da54a5e96710c627c37362c5f17d026c725b99466b5596f08c6584beafa8dd546aff3ef61dd1cfda5150cdd82d08970d8ad36a49e933571b903361a6cbdd,1,hindi_griffinlim_eval_final/real_hindi/hindi_real_1105.wav,4.176,672.0,880.0,6.0549116134643555,-3.5184781551361084,-9.573389768600464
1105,3d60da54a5e96710c627c37362c5f17d026c725b99466b5596f08c6584beafa8dd546aff3ef61dd1cfda5150cdd82d08970d8ad36a49e933571b903361a6cbdd,0,hindi_griffinlim_eval_final/fake_hindi_griffinlim/hindi_fake_1105.wav,4.176,0.0,0.0,-3.549551486968994,-3.549551486968994,0.0
1106,c45d64f4a9ad8d1efb4d802830abc40f0e0e29e23a1d399fb4e668a1781d60c7b6329f4ed2b4ee75586b7ef748b73a373cb36707965a2b5785d7e9ce6196f390,1,hindi_griffinlim_eval_final/real_hindi/hindi_real_1106.wav,4.572,288.0,0.0,4.801873207092285,4.436068534851074,-0.36580467224121094
1106,c45d64f4a9ad8d1efb4d802830abc40f0e0e29e23a1d399fb4e668a1781d60c7b6329f4ed2b4ee75586b7ef748b73a373cb36707965a2b5785d7e9ce6196f390,0,hindi_griffinlim_eval_final/fake_hindi_griffinlim/hindi_fake_1106.wav,4.572,0.0,0.0,3.7691290378570557,3.7691290378570557,0.0
1107,e0a47331065c4e1a9ffd6eed4cb902b631814a6130faf9401d447eba044cf1af767ff9a242e7c97886c74ac130ec73716192fd074e4abca825e77caca52e0ca0,1,hindi_griffinlim_eval_final/real_hindi/hindi_real_1107.wav,6.264,640.0,504.0,5.0606536865234375,0.7055339813232422,-4.355119705200195
1107,e0a47331065c4e1a9ffd6eed4cb902b631814a6130faf9401d447eba044cf1af767ff9a242e7c97886c74ac130ec73716192fd074e4abca825e77caca52e0ca0,0,hindi_griffinlim_eval_final/fake_hindi_griffinlim/hindi_fake_1107.wav,6.264,0.0,0.0,-4.175197601318359,-4.175197601318359,0.0
1108,4cef3c57c7794a486d20711b806222df778778312c01a26669a9c4fd75b74a3792424787393673b302401d3d994431c97c30b2d1b8bd6caa0fd563460fed5093,1,hindi_griffinlim_eval_final/real_hindi/hindi_real_1108.wav,5.472,224.0,160.0,3.7822089195251465,0.33333736658096313,-3.4488715529441833
1108,4cef3c57c7794a486d20711b806222df778778312c01a26669a9c4fd75b74a3792424787393673b302401d3d994431c97c30b2d1b8bd6caa0fd563460fed5093,0,hindi_griffinlim_eval_final/fake_hindi_griffinlim/hindi_fake_1108.wav,5.472,0.0,0.0,-5.743677616119385,-5.743677616119385,0.0
1109,9daf98d1ee349378718aead0f9edd13b1352e0fe0e72a2d71aa458a79d9f474c8680549bf1d62115d59c13d52d97364c5672adb795ac73db59b709c92cb7870e,1,hindi_griffinlim_eval_final/real_hindi/hindi_real_1109.wav,4.86,1056.0,0.0,2.9158425331115723,-1.2400096654891968,-4.155852198600769
1109,9daf98d1ee349378718aead0f9edd13b1352e0fe0e72a2d71aa458a79d9f474c8680549bf1d62115d59c13d52d97364c5672adb795ac73db59b709c92cb7870e,0,hindi_griffinlim_eval_final/fake_hindi_griffinlim/hindi_fake_1109.wav,4.86,0.0,0.0,-2.8666112422943115,-2.8666112422943115,0.0
1110,90b1ff27e108c7aaa1f24faccd2f83f3a0b512139aded53b3866d65cea1197fd3dde486619a36293573b042a4afbc45e29f55c514767c7567f44a3da22c4f9fc,1,hindi_griffinlim_eval_final/real_hindi/hindi_real_1110.wav,5.796,0.0,612.0,2.232226848602295,2.232226848602295,0.0
1110,90b1ff27e108c7aaa1f24faccd2f83f3a0b512139aded53b3866d65cea1197fd3dde486619a36293573b042a4afbc45e29f55c514767c7567f44a3da22c4f9fc,0,hindi_griffinlim_eval_final/fake_hindi_griffinlim/hindi_fake_1110.wav,5.792,0.0,608.0,0.7066733837127686,0.7066733837127686,0.0
1111,9698b39cb85f238f1346eea2dba721e4e8fb440bd4d14b632aef84108f02f47d028463a7076a9eb0333b72fab260a9357f045de63eaaa3c7374ce6a692e081ba,1,hindi_griffinlim_eval_final/real_hindi/hindi_real_1111.wav,7.668,64.0,1300.0,3.716313362121582,3.759995460510254,0.043682098388671875
1111,9698b39cb85f238f1346eea2dba721e4e8fb440bd4d14b632aef84108f02f47d028463a7076a9eb0333b72fab260a9357f045de63eaaa3c7374ce6a692e081ba,0,hindi_griffinlim_eval_final/fake_hindi_griffinlim/hindi_fake_1111.wav,7.668,0.0,0.0,-5.283167839050293,-5.283167839050293,0.0
1112,550c775712c46fac6b29f44c8e1e47790ad3d24a4596e9befdad47efbafbcd202634809eed3f54d8b62ec448b24bbe8a67c224d24ae7ed2b6870581a3fd2dcd3,1,hindi_griffinlim_eval_final/real_hindi/hindi_real_1112.wav,4.176,768.0,432.0,4.983587741851807,2.9434762001037598,-2.040111541748047
1112,550c775712c46fac6b29f44c8e1e47790ad3d24a4596e9befdad47efbafbcd202634809eed3f54d8b62ec448b24bbe8a67c224d24ae7ed2b6870581a3fd2dcd3,0,hindi_griffinlim_eval_final/fake_hindi_griffinlim/hindi_fake_1112.wav,4.176,0.0,0.0,-4.162774562835693,-4.162774562835693,0.0
1113,23dd6e26b3a5106b8ad2de2def45e53280a12df6c47364b2bf652743a0198329d4e46b73fe42287703f0146d0bdb9be101cb22064f7b79578248fdc2ca2085f0,1,hindi_griffinlim_eval_final/real_hindi/hindi_real_1113.wav,4.176,64.0,0.0,0.7935417890548706,1.6983226537704468,0.9047808647155762
1113,23dd6e26b3a5106b8ad2de2def45e53280a12df6c47364b2bf652743a0198329d4e46b73fe42287703f0146d0bdb9be101cb22064f7b79578248fdc2ca2085f0,0,hindi_griffinlim_eval_final/fake_hindi_griffinlim/hindi_fake_1113.wav,4.176,0.0,0.0,-3.9549319744110107,-3.9549319744110107,0.0
1114,cf3aeeacb5f17296626b5c4098ec5eac55e41cd4794e1b866c7c42ccda4ff82ab59144d9af79e6479243e61724113d6c7ccccb7dc02e7a235f5ff37eee99c5d8,1,hindi_griffinlim_eval_final/real_hindi/hindi_real_1114.wav,3.096,128.0,0.0,4.9022016525268555,4.065999984741211,-0.8362016677856445
1114,cf3aeeacb5f17296626b5c4098ec5eac55e41cd4794e1b866c7c42ccda4ff82ab59144d9af79e6479243e61724113d6c7ccccb7dc02e7a235f5ff37eee99c5d8,0,hindi_griffinlim_eval_final/fake_hindi_griffinlim/hindi_fake_1114.wav,3.096,0.0,0.0,-0.44220706820487976,-0.44220706820487976,0.0
1115,112f76f2e0c2f27b09b20340cd82d13c315858e70901593392d2bbaf1377a5ed05b373a77f5f93b0298be6ad7e0285d8dea7c8fc9e9d3ce601d702ff3e3a7d91,1,hindi_griffinlim_eval_final/real_hindi/hindi_real_1115.wav,6.84,1216.0,888.0,0.2367776334285736,-6.090716361999512,-6.327493995428085
1115,112f76f2e0c2f27b09b20340cd82d13c315858e70901593392d2bbaf1377a5ed05b373a77f5f93b0298be6ad7e0285d8dea7c8fc9e9d3ce601d702ff3e3a7d91,0,hindi_griffinlim_eval_final/fake_hindi_griffinlim/hindi_fake_1115.wav,6.84,0.0,0.0,0.7612097859382629,0.7612097859382629,0.0
1116,e6aef31fac7411f3f1b15c566dede061e3024cde1382d7ca1a860a093ad5b0b9c87aaa13c749ef9982c688d7a8d715c11aee89c2e3d541b9ba3dc73c5ec5cb85,1,hindi_griffinlim_eval_final/real_hindi/hindi_real_1116.wav,5.22,704.0,1060.0,4.539846897125244,-4.282764911651611,-8.822611808776855
1116,e6aef31fac7411f3f1b15c566dede061e3024cde1382d7ca1a860a093ad5b0b9c87aaa13c749ef9982c688d7a8d715c11aee89c2e3d541b9ba3dc73c5ec5cb85,0,hindi_griffinlim_eval_final/fake_hindi_griffinlim/hindi_fake_1116.wav,5.22,0.0,0.0,-3.360536575317383,-3.360536575317383,0.0
1117,9392443e20fff21db185ec2e21925398c267cdaec962d7a8bff381ae171fd3563894988fe4244da0866881fb39e56492843fac59b139c31b99211d6c8f44c2ac,1,hindi_griffinlim_eval_final/real_hindi/hindi_real_1117.wav,4.032,320.0,1248.0,-0.4159713089466095,-5.585569381713867,-5.169598072767258
1117,9392443e20fff21db185ec2e21925398c267cdaec962d7a8bff381ae171fd3563894988fe4244da0866881fb39e56492843fac59b139c31b99211d6c8f44c2ac,0,hindi_griffinlim_eval_final/fake_hindi_griffinlim/hindi_fake_1117.wav,4.032,0.0,0.0,-4.265754699707031,-4.265754699707031,0.0
1118,0175f4388a3ca66faae78ea57819f8aab986d188f874dde198e28b64248291dde8f43a6912b9de4854f9862a8f832961da3e9194bec9ebef96b1c9b66d956422,1,hindi_griffinlim_eval_final/real_hindi/hindi_real_1118.wav,5.976,768.0,312.0,-0.23176102340221405,-0.7233340740203857,-0.4915730506181717
1118,0175f4388a3ca66faae78ea57819f8aab986d188f874dde198e28b64248291dde8f43a6912b9de4854f9862a8f832961da3e9194bec9ebef96b1c9b66d956422,0,hindi_griffinlim_eval_final/fake_hindi_griffinlim/hindi_fake_1118.wav,5.976,0.0,0.0,0.18783223628997803,0.18783223628997803,0.0
1119,00d8f7a5ea747472015787836b4694d24375a49cf2ca78088c1d29494110637aafa66bc0d135549c19cfc68886760475c2ae2584673c8d57e77eb82d3ddd6109,1,hindi_griffinlim_eval_final/real_hindi/hindi_real_1119.wav,6.228,736.0,948.0,-1.0265488624572754,-5.981618881225586,-4.9550700187683105
1119,00d8f7a5ea747472015787836b4694d24375a49cf2ca78088c1d29494110637aafa66bc0d135549c19cfc68886760475c2ae2584673c8d57e77eb82d3ddd6109,0,hindi_griffinlim_eval_final/fake_hindi_griffinlim/hindi_fake_1119.wav,6.228,0.0,0.0,-5.860930919647217,-5.860930919647217,0.0
1120,aa9327f862e22c8a7e7c1cc05e596b019cb19e79329dfd7495112ab3dafda315d4ab663885cb951c63be27858c37f1aa245b0907d689b37ee4db113148053cc6,1,hindi_griffinlim_eval_final/real_hindi/hindi_real_1120.wav,2.412,160.0,0.0,2.3701915740966797,2.5362181663513184,0.16602659225463867
1120,aa9327f862e22c8a7e7c1cc05e596b019cb19e79329dfd7495112ab3dafda315d4ab663885cb951c63be27858c37f1aa245b0907d689b37ee4db113148053cc6,0,hindi_griffinlim_eval_final/fake_hindi_griffinlim/hindi_fake_1120.wav,2.412,0.0,0.0,-1.2593876123428345,-1.2593876123428345,0.0
1121,46f23ae11e8565e979749342e1097a77fe3ef574253f10323351763c97b22c07b42362b03c576fa1d45361cede36368bbd6b9325f1f93cd2b8ed161a560ece2a,1,hindi_griffinlim_eval_final/real_hindi/hindi_real_1121.wav,2.52,224.0,56.0,4.42336368560791,5.0121307373046875,0.5887670516967773
1121,46f23ae11e8565e979749342e1097a77fe3ef574253f10323351763c97b22c07b42362b03c576fa1d45361cede36368bbd6b9325f1f93cd2b8ed161a560ece2a,0,hindi_griffinlim_eval_final/fake_hindi_griffinlim/hindi_fake_1121.wav,2.52,0.0,0.0,-0.9487847685813904,-0.9487847685813904,0.0
1122,6cf993f4fafe38bd3c810d7c710b924bdb8c025eb16d8bca0dc4f1e80412d81f4a52ac9b99b550eed19088e1eaaf4dea5a07d51777b4ceaa99368d2ee1973ecf,1,hindi_griffinlim_eval_final/real_hindi/hindi_real_1122.wav,7.308,0.0,44.0,-3.4331345558166504,-3.4331345558166504,0.0
1122,6cf993f4fafe38bd3c810d7c710b924bdb8c025eb16d8bca0dc4f1e80412d81f4a52ac9b99b550eed19088e1eaaf4dea5a07d51777b4ceaa99368d2ee1973ecf,0,hindi_griffinlim_eval_final/fake_hindi_griffinlim/hindi_fake_1122.wav,7.308,0.0,0.0,2.9588260650634766,2.9588260650634766,0.0
1123,287db5b3c7065ffc1e6827c0bc87dc4a6b6a45c159642fe8d490d5adb6ce18a5b4b528f921503762bbb20b1fcd84f5f8256a9a11cd4ccf55964f301b416b08d2,1,hindi_griffinlim_eval_final/real_hindi/hindi_real_1123.wav,6.3,128.0,0.0,-3.148625373840332,-4.326700210571289,-1.178074836730957
1123,287db5b3c7065ffc1e6827c0bc87dc4a6b6a45c159642fe8d490d5adb6ce18a5b4b528f921503762bbb20b1fcd84f5f8256a9a11cd4ccf55964f301b416b08d2,0,hindi_griffinlim_eval_final/fake_hindi_griffinlim/hindi_fake_1123.wav,6.3,0.0,0.0,-5.54520320892334,-5.54520320892334,0.0
1124,230d27ac6435d55a47ccc110561f23b342676f24aac1bed0eec64dd0deefc5d13f306e9df3216cfa91eb7972029e60e59586109fba46ac6dcf631a9e04b60644,1,hindi_griffinlim_eval_final/real_hindi/hindi_real_1124.wav,7.128,0.0,24.0,2.7817342281341553,2.7817342281341553,0.0
1124,230d27ac6435d55a47ccc110561f23b342676f24aac1bed0eec64dd0deefc5d13f306e9df3216cfa91eb7972029e60e59586109fba46ac6dcf631a9e04b60644,0,hindi_griffinlim_eval_final/fake_hindi_griffinlim/hindi_fake_1124.wav,7.128,0.0,0.0,-3.8157544136047363,-3.8157544136047363,0.0
