pair_id,analysis_cluster,path,label,duration_s,bonafide_logit,spoof_logit,inferred_normalization,peak_limited
0,2f0f109ed0afdb1a06c0ad751e352d0e0dc41767609a511c4b9111a62769bc467468b5f4d3cf2c618cc479ca33b2a7b3412b01d883cfcb15d8cb23222912fd16,hindi_griffinlim_eval_final/real_hindi/hindi_real_0000.wav,1,4.5,-1.3034747838974,2.000537157058716,rms_matched,False
0,2f0f109ed0afdb1a06c0ad751e352d0e0dc41767609a511c4b9111a62769bc467468b5f4d3cf2c618cc479ca33b2a7b3412b01d883cfcb15d8cb23222912fd16,hindi_griffinlim_eval_final/fake_hindi_griffinlim/hindi_fake_0000.wav,0,4.5,-2.8053395748138428,3.7255284786224365,rms_matched,False
1,17e10c81b592f9aa499bd3ea283821d28dee580e2bfbf51ca891c71024bf0736cc26c5ef9790ef591ff7cf3136930b935c33bc7fb1c65c080ff270baf27c8fe5,hindi_griffinlim_eval_final/real_hindi/hindi_real_0001.wav,1,4.464,-2.1924073696136475,3.058718681335449,rms_matched,False
1,17e10c81b592f9aa499bd3ea283821d28dee580e2bfbf51ca891c71024bf0736cc26c5ef9790ef591ff7cf3136930b935c33bc7fb1c65c080ff270baf27c8fe5,hindi_griffinlim_eval_final/fake_hindi_griffinlim/hindi_fake_0001.wav,0,4.464,-4.780567646026611,5.579265117645264,rms_matched,False
2,bd008914e8d61f280ef49d1b81b9ba5feafa0195842fb73953d414962085d13881380f143efa9cc3014fb5083f2ca49ec0ac216b23e48f676493303b320d17d3,hindi_griffinlim_eval_final/real_hindi/hindi_real_0002.wav,1,6.624,5.46661376953125,-6.956450462341309,rms_matched,False
2,bd008914e8d61f280ef49d1b81b9ba5feafa0195842fb73953d414962085d13881380f143efa9cc3014fb5083f2ca49ec0ac216b23e48f676493303b320d17d3,hindi_griffinlim_eval_final/fake_hindi_griffinlim/hindi_fake_0002.wav,0,6.624,-0.4745744466781616,0.9831240773200989,rms_matched,False
3,76ae0779e8b42a6cebddc96f1c8be8cd17dc128ea3dc6c77c1afef491eb3334aec08ac644ce6b553783bec6530bcd7a8d7869d249d8fc4cbf394c176c2a03fe0,hindi_griffinlim_eval_final/real_hindi/hindi_real_0003.wav,1,3.204,6.253296852111816,-8.05322265625,rms_matched,False
3,76ae0779e8b42a6cebddc96f1c8be8cd17dc128ea3dc6c77c1afef491eb3334aec08ac644ce6b553783bec6530bcd7a8d7869d249d8fc4cbf394c176c2a03fe0,hindi_griffinlim_eval_final/fake_hindi_griffinlim/hindi_fake_0003.wav,0,3.204,5.680367946624756,-7.373922348022461,rms_matched,False
4,ef72dad515c406393c07ffac9b57e6cd1e83073c82a001d49ea19a30fd9976d0d50d4c5cffcfdbec8ea222c152695775d85c227194f2e56516531e1c8e76ff70,hindi_griffinlim_eval_final/real_hindi/hindi_real_0004.wav,1,4.392,5.376658916473389,-6.8581647872924805,rms_matched,False
4,ef72dad515c406393c07ffac9b57e6cd1e83073c82a001d49ea19a30fd9976d0d50d4c5cffcfdbec8ea222c152695775d85c227194f2e56516531e1c8e76ff70,hindi_griffinlim_eval_final/fake_hindi_griffinlim/hindi_fake_0004.wav,0,4.392,-4.323846817016602,5.246596813201904,rms_matched,False
5,f1b62e5d3473776b945ef79fbad0a46a621fb136b143d7aeb75a7cb854ebe0807524eee04fe8d83b3311152dad97e341e18ed5b8981b3cf322fec4e0700894bb,hindi_griffinlim_eval_final/real_hindi/hindi_real_0005.wav,1,4.704,4.774144172668457,-6.012704372406006,rms_matched,False
5,f1b62e5d3473776b945ef79fbad0a46a621fb136b143d7aeb75a7cb854ebe0807524eee04fe8d83b3311152dad97e341e18ed5b8981b3cf322fec4e0700894bb,hindi_griffinlim_eval_final/fake_hindi_griffinlim/hindi_fake_0005.wav,0,4.704,4.332098960876465,-5.660590171813965,rms_matched,False
6,c8eabd52eef7e16e14998264ec78831ec7b891135ad93c446e459d4643b02c721b412f4fc828522a478fdbd2d5f4ca9838991a89368c78cb7f0617b3837a00ca,hindi_griffinlim_eval_final/real_hindi/hindi_real_0006.wav,1,3.78,-2.6870534420013428,3.4433107376098633,rms_matched,False
6,c8eabd52eef7e16e14998264ec78831ec7b891135ad93c446e459d4643b02c721b412f4fc828522a478fdbd2d5f4ca9838991a89368c78cb7f0617b3837a00ca,hindi_griffinlim_eval_final/fake_hindi_griffinlim/hindi_fake_0006.wav,0,3.78,-0.7153568267822266,1.0888500213623047,rms_matched,False
7,64fcf403ddfb930184eae9b9ad9fbb9a712ebab06fdb5e7dbe7621dcd2cd5101f593c37e8e254ff38294b6dcc8bec4808c197c2d7599c0c4126045b1ac9b51d0,hindi_griffinlim_eval_final/real_hindi/hindi_real_0007.wav,1,3.144,-1.4808200597763062,1.9666965007781982,rms_matched,False
7,64fcf403ddfb930184eae9b9ad9fbb9a712ebab06fdb5e7dbe7621dcd2cd5101f593c37e8e254ff38294b6dcc8bec4808c197c2d7599c0c4126045b1ac9b51d0,hindi_griffinlim_eval_final/fake_hindi_griffinlim/hindi_fake_0007.wav,0,3.144,5.371298789978027,-6.766499042510986,rms_matched,False
8,f552d4cedc22293c27ab4a86fc3985ecf1bd8fe9e6664f6a835675acf4173fa94bfa392ddccd06a177ae2bf6e412212f42973dec10c26a7cfa02c48ddd7c7978,hindi_griffinlim_eval_final/real_hindi/hindi_real_0008.wav,1,4.176,-1.3778607845306396,1.9263800382614136,rms_matched,False
8,f552d4cedc22293c27ab4a86fc3985ecf1bd8fe9e6664f6a835675acf4173fa94bfa392ddccd06a177ae2bf6e412212f42973dec10c26a7cfa02c48ddd7c7978,hindi_griffinlim_eval_final/fake_hindi_griffinlim/hindi_fake_0008.wav,0,4.176,-0.6441074013710022,1.1341817378997803,rms_matched,False
9,4fcdd17805b736cac2dc920985d2187185e759b54d9cfe7d2654dd8f4aff10e630e579edcb5cb4d04f215bebe6d096d9e932203345ad7272e889beca6a5c20e7,hindi_griffinlim_eval_final/real_hindi/hindi_real_0009.wav,1,4.716,-2.23872447013855,2.8764021396636963,rms_matched,False
9,4fcdd17805b736cac2dc920985d2187185e759b54d9cfe7d2654dd8f4aff10e630e579edcb5cb4d04f215bebe6d096d9e932203345ad7272e889beca6a5c20e7,hindi_griffinlim_eval_final/fake_hindi_griffinlim/hindi_fake_0009.wav,0,4.716,-2.5510454177856445,3.319931983947754,rms_matched,False
10,c3b879809a9ebf0d819103be644fbf3fee1c8cafd1e2c2f905c8d6d5c2497bcd47b0cb932bb4106b5729479e89ca660253ad1158181c72462d1ce0499047db90,hindi_griffinlim_eval_final/real_hindi/hindi_real_0010.wav,1,6.66,0.46896234154701233,-0.9217249751091003,rms_matched,False
10,c3b879809a9ebf0d819103be644fbf3fee1c8cafd1e2c2f905c8d6d5c2497bcd47b0cb932bb4106b5729479e89ca660253ad1158181c72462d1ce0499047db90,hindi_griffinlim_eval_final/fake_hindi_griffinlim/hindi_fake_0010.wav,0,6.66,-0.7535967230796814,1.1827173233032227,rms_matched,False
11,79741f3153a904c0ddeb1d81d69b137d61adb2a3f1c8ea30fd32a88a4f7028bbb73f1515f3cac14ad147b8c1845846d96d9333173f71677d207b7ff1357a37c5,hindi_griffinlim_eval_final/real_hindi/hindi_real_0011.wav,1,3.624,5.985257148742676,-7.7411580085754395,rms_matched,False
11,79741f3153a904c0ddeb1d81d69b137d61adb2a3f1c8ea30fd32a88a4f7028bbb73f1515f3cac14ad147b8c1845846d96d9333173f71677d207b7ff1357a37c5,hindi_griffinlim_eval_final/fake_hindi_griffinlim/hindi_fake_0011.wav,0,3.624,5.331462860107422,-6.755108833312988,rms_matched,False
12,ea8f8541a19f474c4246d33005ad2c365f8b82b7a9b214bc39bd7b0ea6469e6d17fc574bce867f5fa60612c98df61735b7e95bf0d9c731a290e4c4bd515098bb,hindi_griffinlim_eval_final/real_hindi/hindi_real_0012.wav,1,4.068,5.2582011222839355,-6.531794548034668,rms_matched,False
12,ea8f8541a19f474c4246d33005ad2c365f8b82b7a9b214bc39bd7b0ea6469e6d17fc574bce867f5fa60612c98df61735b7e95bf0d9c731a290e4c4bd515098bb,hindi_griffinlim_eval_final/fake_hindi_griffinlim/hindi_fake_0012.wav,0,4.068,-0.5994541049003601,1.2291383743286133,rms_matched,False
13,38a6ab913e27c72c3f28f3d2da65caa00933288bfaaa24633ad7168676bf34a4bdf59bba015f1be078031901c2a05ed997cd106fc7bb6ffe0cead3f59ca77415,hindi_griffinlim_eval_final/real_hindi/hindi_real_0013.wav,1,7.704,5.448585033416748,-7.018862724304199,rms_matched,False
13,38a6ab913e27c72c3f28f3d2da65caa00933288bfaaa24633ad7168676bf34a4bdf59bba015f1be078031901c2a05ed997cd106fc7bb6ffe0cead3f59ca77415,hindi_griffinlim_eval_final/fake_hindi_griffinlim/hindi_fake_0013.wav,0,7.704,6.928382873535156,-8.970319747924805,rms_matched,False
14,63293ff4cc67280b10da2df2fd2763db65ca8493af191e121605b45457373b9d2f7d073324125f2ec4d3d5aa138903f3532048b49083306757421a463dcad13b,hindi_griffinlim_eval_final/real_hindi/hindi_real_0014.wav,1,6.768,4.959766387939453,-6.281874179840088,rms_matched,False
14,63293ff4cc67280b10da2df2fd2763db65ca8493af191e121605b45457373b9d2f7d073324125f2ec4d3d5aa138903f3532048b49083306757421a463dcad13b,hindi_griffinlim_eval_final/fake_hindi_griffinlim/hindi_fake_0014.wav,0,6.768,-4.556509017944336,5.290450096130371,rms_matched,False
15,4cef3c57c7794a486d20711b806222df778778312c01a26669a9c4fd75b74a3792424787393673b302401d3d994431c97c30b2d1b8bd6caa0fd563460fed5093,hindi_griffinlim_eval_final/real_hindi/hindi_real_0015.wav,1,5.04,1.1052007675170898,-1.3078135251998901,rms_matched,False
15,4cef3c57c7794a486d20711b806222df778778312c01a26669a9c4fd75b74a3792424787393673b302401d3d994431c97c30b2d1b8bd6caa0fd563460fed5093,hindi_griffinlim_eval_final/fake_hindi_griffinlim/hindi_fake_0015.wav,0,5.04,-5.735421657562256,6.575371265411377,rms_matched,False
16,0da032e5bf4a63a5c9c3635155d8b45eb4ede0261ddae34b641e4aafb72b2d0e9c8e8605132280cb39465883c7c2dd82e747a12e1e9b1827d272574483945e5a,hindi_griffinlim_eval_final/real_hindi/hindi_real_0016.wav,1,6.768,0.21253694593906403,-0.23495922982692719,rms_matched,False
16,0da032e5bf4a63a5c9c3635155d8b45eb4ede0261ddae34b641e4aafb72b2d0e9c8e8605132280cb39465883c7c2dd82e747a12e1e9b1827d272574483945e5a,hindi_griffinlim_eval_final/fake_hindi_griffinlim/hindi_fake_0016.wav,0,6.768,-0.26761358976364136,0.608653724193573,rms_matched,False
17,53c5dd7ebb08179dca2b5f3992b991b3d28288202e01a950d1e70510db84b5cdf9cb5e72803a4212e7428e60b2ddda26a81dbdc01410725d0d6de265d86cb530,hindi_griffinlim_eval_final/real_hindi/hindi_real_0017.wav,1,5.508,3.5484089851379395,-4.562812805175781,rms_matched,False
17,53c5dd7ebb08179dca2b5f3992b991b3d28288202e01a950d1e70510db84b5cdf9cb5e72803a4212e7428e60b2ddda26a81dbdc01410725d0d6de265d86cb530,hindi_griffinlim_eval_final/fake_hindi_griffinlim/hindi_fake_0017.wav,0,5.508,-2.670175790786743,3.4688572883605957,rms_matched,False
18,38a6ab913e27c72c3f28f3d2da65caa00933288bfaaa24633ad7168676bf34a4bdf59bba015f1be078031901c2a05ed997cd106fc7bb6ffe0cead3f59ca77415,hindi_griffinlim_eval_final/real_hindi/hindi_real_0018.wav,1,4.824,5.252353668212891,-6.570718288421631,rms_matched,False
18,38a6ab913e27c72c3f28f3d2da65caa00933288bfaaa24633ad7168676bf34a4bdf59bba015f1be078031901c2a05ed997cd106fc7bb6ffe0cead3f59ca77415,hindi_griffinlim_eval_final/fake_hindi_griffinlim/hindi_fake_0018.wav,0,4.824,5.494444847106934,-6.937358856201172,rms_matched,False
19,00d8f7a5ea747472015787836b4694d24375a49cf2ca78088c1d29494110637aafa66bc0d135549c19cfc68886760475c2ae2584673c8d57e77eb82d3ddd6109,hindi_griffinlim_eval_final/real_hindi/hindi_real_0019.wav,1,6.696,-5.785757064819336,6.545563220977783,rms_matched,False
19,00d8f7a5ea747472015787836b4694d24375a49cf2ca78088c1d29494110637aafa66bc0d135549c19cfc68886760475c2ae2584673c8d57e77eb82d3ddd6109,hindi_griffinlim_eval_final/fake_hindi_griffinlim/hindi_fake_0019.wav,0,6.696,-2.4379873275756836,3.29176926612854,rms_matched,False
20,66a88b75ea15aaa9fb4c1df2cbe47bb9c4ab8413fc8ce00c0e57e575c654fb438f8e904a08fd98bcd999bce1172284461b746308609836e75916aa7cf8c2a2d4,hindi_griffinlim_eval_final/real_hindi/hindi_real_0020.wav,1,5.94,-0.5736005902290344,1.103749394416809,rms_matched,False
20,66a88b75ea15aaa9fb4c1df2cbe47bb9c4ab8413fc8ce00c0e57e575c654fb438f8e904a08fd98bcd999bce1172284461b746308609836e75916aa7cf8c2a2d4,hindi_griffinlim_eval_final/fake_hindi_griffinlim/hindi_fake_0020.wav,0,5.94,5.7723846435546875,-7.457581520080566,rms_matched,False
21,93f71918fbe69cad830cb49211cb10c9344e04ceca427ea39db38c8b5f5f200a4706f0a12646585364ff3b44f3bb75784005797e3e3259fd9579fa985955b3ac,hindi_griffinlim_eval_final/real_hindi/hindi_real_0021.wav,1,4.032,1.0365233421325684,-1.5651710033416748,rms_matched,False
21,93f71918fbe69cad830cb49211cb10c9344e04ceca427ea39db38c8b5f5f200a4706f0a12646585364ff3b44f3bb75784005797e3e3259fd9579fa985955b3ac,hindi_griffinlim_eval_final/fake_hindi_griffinlim/hindi_fake_0021.wav,0,4.032,1.2045787572860718,-1.6472114324569702,rms_matched,False
22,16c775b5ac1a75459692a8e2c553ec084df96439cf53c5129ce1e5c20a9a04d3ed23204cf582fe74c9dc12a473fb3072139ea313cee5ce51c0d17acf8cd16333,hindi_griffinlim_eval_final/real_hindi/hindi_real_0022.wav,1,5.472,3.6667184829711914,-4.632510185241699,rms_matched,False
22,16c775b5ac1a75459692a8e2c553ec084df96439cf53c5129ce1e5c20a9a04d3ed23204cf582fe74c9dc12a473fb3072139ea313cee5ce51c0d17acf8cd16333,hindi_griffinlim_eval_final/fake_hindi_griffinlim/hindi_fake_0022.wav,0,5.472,-0.16886426508426666,0.17049962282180786,rms_matched,False
23,d002200225d5b38de9dd8b95e9fb77c24724f8a56ee0b31f6ee2260b5636a1e23c0fadcae1156f88b703128798bd749901930f35e839ea2a2bb2bcb8afe5cc74,hindi_griffinlim_eval_final/real_hindi/hindi_real_0023.wav,1,6.876,4.5620598793029785,-5.750438690185547,rms_matched,False
23,d002200225d5b38de9dd8b95e9fb77c24724f8a56ee0b31f6ee2260b5636a1e23c0fadcae1156f88b703128798bd749901930f35e839ea2a2bb2bcb8afe5cc74,hindi_griffinlim_eval_final/fake_hindi_griffinlim/hindi_fake_0023.wav,0,6.876,-3.863708972930908,4.788866996765137,rms_matched,False
24,3a9a2751ae7b00505f0ab31fe4c6b3d76e4b23763244c136363aed1903cc89d8668e1187df7236c6ac0ef40422fd5802ca4000aa26a29cc5c77c978b07a4d12a,hindi_griffinlim_eval_final/real_hindi/hindi_real_0024.wav,1,5.328,0.7566444873809814,-1.0684089660644531,rms_matched,False
24,3a9a2751ae7b00505f0ab31fe4c6b3d76e4b23763244c136363aed1903cc89d8668e1187df7236c6ac0ef40422fd5802ca4000aa26a29cc5c77c978b07a4d12a,hindi_griffinlim_eval_final/fake_hindi_griffinlim/hindi_fake_0024.wav,0,5.328,-4.916905403137207,5.6630635261535645,rms_matched,False
25,9960686415eb494ee9537261d6666881f9ba972c52152db480cd96dd07d7bf619cd2f1f9d30815cdc61bbbd4eb031b57cf2297022021dc923732cd69a3a4a5d4,hindi_griffinlim_eval_final/real_hindi/hindi_real_0025.wav,1,4.284,5.731810092926025,-7.477029800415039,rms_matched,False
25,9960686415eb494ee9537261d6666881f9ba972c52152db480cd96dd07d7bf619cd2f1f9d30815cdc61bbbd4eb031b57cf2297022021dc923732cd69a3a4a5d4,hindi_griffinlim_eval_final/fake_hindi_griffinlim/hindi_fake_0025.wav,0,4.284,1.1769739389419556,-1.7814064025878906,rms_matched,False
26,4644748187470f64f6ed65cf1359011fe9976a6793a239689c6fea7b052468f9b14522162bcf4f659a819bbfb682ab2b57edc3a8b2009dba5d6986635b97e9c1,hindi_griffinlim_eval_final/real_hindi/hindi_real_0026.wav,1,7.308,-2.6981160640716553,3.425863265991211,rms_matched,False
26,4644748187470f64f6ed65cf1359011fe9976a6793a239689c6fea7b052468f9b14522162bcf4f659a819bbfb682ab2b57edc3a8b2009dba5d6986635b97e9c1,hindi_griffinlim_eval_final/fake_hindi_griffinlim/hindi_fake_0026.wav,0,7.308,-0.32658129930496216,0.7322325110435486,rms_matched,False
27,9be22651e8bee8e72a3187d9a27f0e9ed24c178b528062b4ae5d6a2a32dbb8c6001f6d3f15d60270fefa422a2c58426a2c915931d43266eb48a2d15836111a95,hindi_griffinlim_eval_final/real_hindi/hindi_real_0027.wav,1,5.76,5.331276893615723,-6.727889060974121,rms_matched,False
27,9be22651e8bee8e72a3187d9a27f0e9ed24c178b528062b4ae5d6a2a32dbb8c6001f6d3f15d60270fefa422a2c58426a2c915931d43266eb48a2d15836111a95,hindi_griffinlim_eval_final/fake_hindi_griffinlim/hindi_fake_0027.wav,0,5.76,2.4100685119628906,-3.064716339111328,rms_matched,False
28,f8c05fcdb50a537ce73d8e72c60b569d19a31b8e0792bf6ea46d66c769fb708c0087e260a59f3e48f8272304ee14cb57fecdf53a2873f5d72ca5a3378a149caa,hindi_griffinlim_eval_final/real_hindi/hindi_real_0028.wav,1,6.216,0.9571229219436646,-1.2618474960327148,rms_matched,False
28,f8c05fcdb50a537ce73d8e72c60b569d19a31b8e0792bf6ea46d66c769fb708c0087e260a59f3e48f8272304ee14cb57fecdf53a2873f5d72ca5a3378a149caa,hindi_griffinlim_eval_final/fake_hindi_griffinlim/hindi_fake_0028.wav,0,6.216,-1.9710065126419067,2.416449546813965,rms_matched,False
29,17306c4d97ad8d7c04ac7c04602b8fedcfa3c2ebcd61c2fb2f7f5a27a23151389ed00cbdf1497e6791a0abc7028b848d8f17ade7089c928531200cd7ca2c4bc8,hindi_griffinlim_eval_final/real_hindi/hindi_real_0029.wav,1,6.588,1.6272313594818115,-1.9098944664001465,peak_normalized,True
29,17306c4d97ad8d7c04ac7c04602b8fedcfa3c2ebcd61c2fb2f7f5a27a23151389ed00cbdf1497e6791a0abc7028b848d8f17ade7089c928531200cd7ca2c4bc8,hindi_griffinlim_eval_final/fake_hindi_griffinlim/hindi_fake_0029.wav,0,6.588,-1.22855806350708,1.660346269607544,peak_normalized,True
30,bd008914e8d61f280ef49d1b81b9ba5feafa0195842fb73953d414962085d13881380f143efa9cc3014fb5083f2ca49ec0ac216b23e48f676493303b320d17d3,hindi_griffinlim_eval_final/real_hindi/hindi_real_0030.wav,1,3.816,5.781836032867432,-7.290489196777344,rms_matched,False
30,bd008914e8d61f280ef49d1b81b9ba5feafa0195842fb73953d414962085d13881380f143efa9cc3014fb5083f2ca49ec0ac216b23e48f676493303b320d17d3,hindi_griffinlim_eval_final/fake_hindi_griffinlim/hindi_fake_0030.wav,0,3.816,-0.62653648853302,0.6449829339981079,rms_matched,False
31,e0a47331065c4e1a9ffd6eed4cb902b631814a6130faf9401d447eba044cf1af767ff9a242e7c97886c74ac130ec73716192fd074e4abca825e77caca52e0ca0,hindi_griffinlim_eval_final/real_hindi/hindi_real_0031.wav,1,3.492,5.632973670959473,-7.082483291625977,rms_matched,False
31,e0a47331065c4e1a9ffd6eed4cb902b631814a6130faf9401d447eba044cf1af767ff9a242e7c97886c74ac130ec73716192fd074e4abca825e77caca52e0ca0,hindi_griffinlim_eval_final/fake_hindi_griffinlim/hindi_fake_0031.wav,0,3.492,-0.2525525689125061,0.14711225032806396,rms_matched,False
32,d24af5ee15190d3fc14dfc4ee3c75c75fe66fb537d4c7cf94e0e7d489ba442240b112a68a9dcd921ed48aaf17649bacd187e913bf4f22c1471cdc0fd263e9aa7,hindi_griffinlim_eval_final/real_hindi/hindi_real_0032.wav,1,6.372,3.1799569129943848,-4.026341915130615,rms_matched,False
32,d24af5ee15190d3fc14dfc4ee3c75c75fe66fb537d4c7cf94e0e7d489ba442240b112a68a9dcd921ed48aaf17649bacd187e913bf4f22c1471cdc0fd263e9aa7,hindi_griffinlim_eval_final/fake_hindi_griffinlim/hindi_fake_0032.wav,0,6.372,-5.282249450683594,6.088520050048828,rms_matched,False
33,daa76944376a4ffb1588dd2a305c507bc1b8e14eafbbb1784aba0d0e901a3ceccaa5f1d84909bc13f2ff0ab6c7facb2ac2e487daed3470c7fe44022f33cd2a26,hindi_griffinlim_eval_final/real_hindi/hindi_real_0033.wav,1,3.348,5.613951206207275,-7.25979471206665,rms_matched,False
33,daa76944376a4ffb1588dd2a305c507bc1b8e14eafbbb1784aba0d0e901a3ceccaa5f1d84909bc13f2ff0ab6c7facb2ac2e487daed3470c7fe44022f33cd2a26,hindi_griffinlim_eval_final/fake_hindi_griffinlim/hindi_fake_0033.wav,0,3.348,5.505373001098633,-7.050452709197998,rms_matched,False
34,c0fce8f25f23b41ed1321b49a5940b20f8b61130c14559d79ddf3816e5a433e06cad1469ff786911ce97ba8ea234da6b623881f3bb65339d1d3dd296e477a193,hindi_griffinlim_eval_final/real_hindi/hindi_real_0034.wav,1,7.056,3.273228406906128,-4.136436939239502,rms_matched,False
34,c0fce8f25f23b41ed1321b49a5940b20f8b61130c14559d79ddf3816e5a433e06cad1469ff786911ce97ba8ea234da6b623881f3bb65339d1d3dd296e477a193,hindi_griffinlim_eval_final/fake_hindi_griffinlim/hindi_fake_0034.wav,0,7.056,-0.7441538572311401,0.8601850867271423,rms_matched,False
35,7fbf4c95e3140e3dc38caf6b69156e7b0c31b692322f830bd453acafa852716c55556b85dab23eb2fcf7567541c68490442cf56fba72b2b29acffe250f110146,hindi_griffinlim_eval_final/real_hindi/hindi_real_0035.wav,1,7.056,4.9899187088012695,-6.477407455444336,rms_matched,False
35,7fbf4c95e3140e3dc38caf6b69156e7b0c31b692322f830bd453acafa852716c55556b85dab23eb2fcf7567541c68490442cf56fba72b2b29acffe250f110146,hindi_griffinlim_eval_final/fake_hindi_griffinlim/hindi_fake_0035.wav,0,7.056,-2.7970361709594727,3.6993257999420166,rms_matched,False
36,1da3e82d56c4b06d4028ecc92aca9dc352823b8ec3e30de4da211906b610e38731002b15ef77c26455730b72f40ec1685543812f28aebbf3d093e8e83b3bad25,hindi_griffinlim_eval_final/real_hindi/hindi_real_0036.wav,1,6.48,5.322505950927734,-6.560048580169678,rms_matched,False
36,1da3e82d56c4b06d4028ecc92aca9dc352823b8ec3e30de4da211906b610e38731002b15ef77c26455730b72f40ec1685543812f28aebbf3d093e8e83b3bad25,hindi_griffinlim_eval_final/fake_hindi_griffinlim/hindi_fake_0036.wav,0,6.48,-3.847411870956421,4.720641613006592,rms_matched,False
37,75c6bb7203a8fae0c08c18b39bebaf7f25f86e3b2cdbb1dbd65927288474b3fa5b24c5c88144d238b93b8327677bdfbdf560078a95a3594a6b6ea7dbf3f3eec8,hindi_griffinlim_eval_final/real_hindi/hindi_real_0037.wav,1,2.88,5.734952449798584,-7.413141250610352,rms_matched,False
37,75c6bb7203a8fae0c08c18b39bebaf7f25f86e3b2cdbb1dbd65927288474b3fa5b24c5c88144d238b93b8327677bdfbdf560078a95a3594a6b6ea7dbf3f3eec8,hindi_griffinlim_eval_final/fake_hindi_griffinlim/hindi_fake_0037.wav,0,2.88,-1.8974517583847046,2.490051746368408,rms_matched,False
38,1ab26689a68e6aeb9ee56daf140f5d65c19295d6b65eaef9f51f22cbd867b635758194eb9640790ea7d37a0de2bd5d0f235fb7662cc80dda56261f92c3cb4475,hindi_griffinlim_eval_final/real_hindi/hindi_real_0038.wav,1,2.916,4.9460225105285645,-6.371944427490234,rms_matched,False
38,1ab26689a68e6aeb9ee56daf140f5d65c19295d6b65eaef9f51f22cbd867b635758194eb9640790ea7d37a0de2bd5d0f235fb7662cc80dda56261f92c3cb4475,hindi_griffinlim_eval_final/fake_hindi_griffinlim/hindi_fake_0038.wav,0,2.916,0.46337100863456726,-0.7882614135742188,rms_matched,False
39,ccd20bfc67c11f3e895626eb3d7e07e2eecb1ce583467fa1a70d8bda435a9fc5cf14c4a421d7811cf579acb2397447cbd649ac6eaaa8073a71a7d04ccb90882b,hindi_griffinlim_eval_final/real_hindi/hindi_real_0039.wav,1,5.328,5.543156147003174,-7.018026351928711,peak_normalized,True
39,ccd20bfc67c11f3e895626eb3d7e07e2eecb1ce583467fa1a70d8bda435a9fc5cf14c4a421d7811cf579acb2397447cbd649ac6eaaa8073a71a7d04ccb90882b,hindi_griffinlim_eval_final/fake_hindi_griffinlim/hindi_fake_0039.wav,0,5.328,5.558692932128906,-7.086342811584473,peak_normalized,True
40,424c16a8450e8b742c1380d9d38d919d880a36379e8c7e09126a2a8411022bc42cbae339c1d8dfd42695fb073ca783ed5e86b8a2531d11c4491259ab1378e445,hindi_griffinlim_eval_final/real_hindi/hindi_real_0040.wav,1,5.976,3.352057933807373,-4.223973274230957,rms_matched,False
40,424c16a8450e8b742c1380d9d38d919d880a36379e8c7e09126a2a8411022bc42cbae339c1d8dfd42695fb073ca783ed5e86b8a2531d11c4491259ab1378e445,hindi_griffinlim_eval_final/fake_hindi_griffinlim/hindi_fake_0040.wav,0,5.976,6.974804401397705,-9.019097328186035,rms_matched,False
41,8c19c5b99c8b1ac2264eb9486484732c9d5ec2f0bcc679213d2b2d740efeec83673995013ff2ad72008fa9176ea0eedf32ea29d6b09e71426ac03b6026cff906,hindi_griffinlim_eval_final/real_hindi/hindi_real_0041.wav,1,3.42,5.972836494445801,-7.476463317871094,rms_matched,False
41,8c19c5b99c8b1ac2264eb9486484732c9d5ec2f0bcc679213d2b2d740efeec83673995013ff2ad72008fa9176ea0eedf32ea29d6b09e71426ac03b6026cff906,hindi_griffinlim_eval_final/fake_hindi_griffinlim/hindi_fake_0041.wav,0,3.42,-0.659954309463501,1.200368881225586,rms_matched,False
42,23e7986df66ecae7556379ef6a8c59490f3a38d789ddcbb9af2e0bdac45ded855c8a27be3ec862f45918adec219022883c1f64ea3ca811371c818856357ef5be,hindi_griffinlim_eval_final/real_hindi/hindi_real_0042.wav,1,7.02,1.5441513061523438,-2.1900248527526855,rms_matched,False
42,23e7986df66ecae7556379ef6a8c59490f3a38d789ddcbb9af2e0bdac45ded855c8a27be3ec862f45918adec219022883c1f64ea3ca811371c818856357ef5be,hindi_griffinlim_eval_final/fake_hindi_griffinlim/hindi_fake_0042.wav,0,7.02,-1.268982172012329,1.7544950246810913,rms_matched,False
43,4fcdd17805b736cac2dc920985d2187185e759b54d9cfe7d2654dd8f4aff10e630e579edcb5cb4d04f215bebe6d096d9e932203345ad7272e889beca6a5c20e7,hindi_griffinlim_eval_final/real_hindi/hindi_real_0043.wav,1,5.22,-4.576589584350586,5.412003517150879,rms_matched,False
43,4fcdd17805b736cac2dc920985d2187185e759b54d9cfe7d2654dd8f4aff10e630e579edcb5cb4d04f215bebe6d096d9e932203345ad7272e889beca6a5c20e7,hindi_griffinlim_eval_final/fake_hindi_griffinlim/hindi_fake_0043.wav,0,5.22,-3.0955936908721924,3.966989040374756,rms_matched,False
44,3aef16007bd29046bf29aa965433206ce23419410af7d4bc3d292635ddc31b83ce37bccb79f9f0fb3d857b77a1bba903b1dfbadc1d390b9c5b687a475c9f29a6,hindi_griffinlim_eval_final/real_hindi/hindi_real_0044.wav,1,4.788,2.1043508052825928,-2.7991762161254883,rms_matched,False
44,3aef16007bd29046bf29aa965433206ce23419410af7d4bc3d292635ddc31b83ce37bccb79f9f0fb3d857b77a1bba903b1dfbadc1d390b9c5b687a475c9f29a6,hindi_griffinlim_eval_final/fake_hindi_griffinlim/hindi_fake_0044.wav,0,4.788,-0.6397351622581482,1.1091231107711792,rms_matched,False
45,7fbf4c95e3140e3dc38caf6b69156e7b0c31b692322f830bd453acafa852716c55556b85dab23eb2fcf7567541c68490442cf56fba72b2b29acffe250f110146,hindi_griffinlim_eval_final/real_hindi/hindi_real_0045.wav,1,4.932,3.9452555179595947,-4.911017417907715,rms_matched,False
45,7fbf4c95e3140e3dc38caf6b69156e7b0c31b692322f830bd453acafa852716c55556b85dab23eb2fcf7567541c68490442cf56fba72b2b29acffe250f110146,hindi_griffinlim_eval_final/fake_hindi_griffinlim/hindi_fake_0045.wav,0,4.932,-1.664406657218933,2.3494582176208496,rms_matched,False
46,ca96256894b92e0525b6f8bf5bac013efa869bfe9b8ec767a84d2e0b6f9f3108886cad7b3c9e622cc74ce7c803c4f9d96080e182713805211464db35f0adb51e,hindi_griffinlim_eval_final/real_hindi/hindi_real_0046.wav,1,6.948,4.087774276733398,-5.061190128326416,rms_matched,False
46,ca96256894b92e0525b6f8bf5bac013efa869bfe9b8ec767a84d2e0b6f9f3108886cad7b3c9e622cc74ce7c803c4f9d96080e182713805211464db35f0adb51e,hindi_griffinlim_eval_final/fake_hindi_griffinlim/hindi_fake_0046.wav,0,6.948,1.6069148778915405,-2.2732977867126465,rms_matched,False
47,e1687c2dade4c9e56bf74181a1c6eabd5d85fb05e2ded2d7f443e3cdf646f19b835db4fd303c73f3b7e94b0d03f6d27c4429abdaf1a56ee81e35ee7bc67bc67c,hindi_griffinlim_eval_final/real_hindi/hindi_real_0047.wav,1,4.32,-1.3925366401672363,1.8557082414627075,rms_matched,False
47,e1687c2dade4c9e56bf74181a1c6eabd5d85fb05e2ded2d7f443e3cdf646f19b835db4fd303c73f3b7e94b0d03f6d27c4429abdaf1a56ee81e35ee7bc67bc67c,hindi_griffinlim_eval_final/fake_hindi_griffinlim/hindi_fake_0047.wav,0,4.32,1.3030668497085571,-1.88677978515625,rms_matched,False
48,0296590f079d0307e6a54bed03a9a137e124eae99c566ac40f5e14ff6f07084af6f1b3c11b51c8910d774cc6ae571696c616838249c2e12fe64eae03221496c8,hindi_griffinlim_eval_final/real_hindi/hindi_real_0048.wav,1,6.588,1.4198386669158936,-2.066147804260254,rms_matched,False
48,0296590f079d0307e6a54bed03a9a137e124eae99c566ac40f5e14ff6f07084af6f1b3c11b51c8910d774cc6ae571696c616838249c2e12fe64eae03221496c8,hindi_griffinlim_eval_final/fake_hindi_griffinlim/hindi_fake_0048.wav,0,6.588,1.901610255241394,-2.49619197845459,rms_matched,False
49,ecc7e59a32c148c0940caf49e33b11c6c9cbcd065d19c3a636df8798f9a2b79eec188e8b8ec5c0ba3212d762cde863f145957a01d44291181826e1579efbcf79,hindi_griffinlim_eval_final/real_hindi/hindi_real_0049.wav,1,4.644,-1.2486274242401123,1.6995201110839844,rms_matched,False
49,ecc7e59a32c148c0940caf49e33b11c6c9cbcd065d19c3a636df8798f9a2b79eec188e8b8ec5c0ba3212d762cde863f145957a01d44291181826e1579efbcf79,hindi_griffinlim_eval_final/fake_hindi_griffinlim/hindi_fake_0049.wav,0,4.644,6.876372337341309,-8.97127914428711,rms_matched,False
50,c7c4e5ded1e6121c38594d1e3bbb5a49f1d269f96c2591f9e2d4da7cf5c9cdc7598248c5d24452c832160a2503d344167242cafabc1dc3936e1a6065b281ae77,hindi_griffinlim_eval_final/real_hindi/hindi_real_0050.wav,1,6.024,0.37407028675079346,-0.8035603165626526,peak_normalized,True
50,c7c4e5ded1e6121c38594d1e3bbb5a49f1d269f96c2591f9e2d4da7cf5c9cdc7598248c5d24452c832160a2503d344167242cafabc1dc3936e1a6065b281ae77,hindi_griffinlim_eval_final/fake_hindi_griffinlim/hindi_fake_0050.wav,0,6.024,-5.722820281982422,6.669093132019043,peak_normalized,True
51,0db277015ed4c7602383504e75bcfead10db6e33b12e442a983cb259a17baf2c98daf32f18e2c1917269103a2ef1776d88cab0357c43c487473d8fa511dde7e8,hindi_griffinlim_eval_final/real_hindi/hindi_real_0051.wav,1,3.96,5.771631240844727,-7.460029602050781,rms_matched,False
51,0db277015ed4c7602383504e75bcfead10db6e33b12e442a983cb259a17baf2c98daf32f18e2c1917269103a2ef1776d88cab0357c43c487473d8fa511dde7e8,hindi_griffinlim_eval_final/fake_hindi_griffinlim/hindi_fake_0051.wav,0,3.96,-0.5912673473358154,1.004473328590393,rms_matched,False
52,5910123d516315dfc2a43523d5cbc63444096a4cd38bb8b772155e3c51fb2f1eb673beaa1603de242ad8aa5dafe9d0ebd85a1c02bc6a7ee45e636585932306ae,hindi_griffinlim_eval_final/real_hindi/hindi_real_0052.wav,1,3.06,5.9383440017700195,-7.550457954406738,rms_matched,False
52,5910123d516315dfc2a43523d5cbc63444096a4cd38bb8b772155e3c51fb2f1eb673beaa1603de242ad8aa5dafe9d0ebd85a1c02bc6a7ee45e636585932306ae,hindi_griffinlim_eval_final/fake_hindi_griffinlim/hindi_fake_0052.wav,0,3.06,7.011088848114014,-9.06399154663086,rms_matched,False
53,c45d64f4a9ad8d1efb4d802830abc40f0e0e29e23a1d399fb4e668a1781d60c7b6329f4ed2b4ee75586b7ef748b73a373cb36707965a2b5785d7e9ce6196f390,hindi_griffinlim_eval_final/real_hindi/hindi_real_0053.wav,1,6.012,2.9185614585876465,-3.935807943344116,peak_normalized,True
53,c45d64f4a9ad8d1efb4d802830abc40f0e0e29e23a1d399fb4e668a1781d60c7b6329f4ed2b4ee75586b7ef748b73a373cb36707965a2b5785d7e9ce6196f390,hindi_griffinlim_eval_final/fake_hindi_griffinlim/hindi_fake_0053.wav,0,6.012,0.41607528924942017,-0.6512079834938049,peak_normalized,True
54,eb0cf518c980fbaafc44b52459e6edc777cf01758412dc63e1de49438b83b2d292941510deee22dd7111854884991b9e9fc276183f07dc59d4a6c8174d8da2dd,hindi_griffinlim_eval_final/real_hindi/hindi_real_0054.wav,1,6.012,1.4709357023239136,-1.964324951171875,rms_matched,False
54,eb0cf518c980fbaafc44b52459e6edc777cf01758412dc63e1de49438b83b2d292941510deee22dd7111854884991b9e9fc276183f07dc59d4a6c8174d8da2dd,hindi_griffinlim_eval_final/fake_hindi_griffinlim/hindi_fake_0054.wav,0,6.012,-4.20736026763916,4.96710205078125,rms_matched,False
55,aafda704e52784565ee078117b2a7941d822e96444d43cfe115de75e654f8c08c23b050eebe7b4264498537464b6e45cd0624f23aec65f904b156464d5056d52,hindi_griffinlim_eval_final/real_hindi/hindi_real_0055.wav,1,6.84,5.186649322509766,-6.666262626647949,rms_matched,False
55,aafda704e52784565ee078117b2a7941d822e96444d43cfe115de75e654f8c08c23b050eebe7b4264498537464b6e45cd0624f23aec65f904b156464d5056d52,hindi_griffinlim_eval_final/fake_hindi_griffinlim/hindi_fake_0055.wav,0,6.84,-0.3077782392501831,0.4973560869693756,rms_matched,False
56,2f15fd7bc51b2ba02064a0da5d475e0d6fc67649859ea797ce166b32fbfcd6af3d56241cdaa9d7107918bf5979de4ab7e702c6f255f5f2cfb0d154e19d960b17,hindi_griffinlim_eval_final/real_hindi/hindi_real_0056.wav,1,5.04,-4.523566246032715,5.279875755310059,rms_matched,False
56,2f15fd7bc51b2ba02064a0da5d475e0d6fc67649859ea797ce166b32fbfcd6af3d56241cdaa9d7107918bf5979de4ab7e702c6f255f5f2cfb0d154e19d960b17,hindi_griffinlim_eval_final/fake_hindi_griffinlim/hindi_fake_0056.wav,0,5.04,-0.5464831590652466,1.037123203277588,rms_matched,False
57,d90832cc68e035bb366f526063da0ab186f06a937ef3231ab75fc53435821a112d7bb6d7115d594de6dfbd621d82acbd51ea43de2dd65619fe4b023cdf759fc9,hindi_griffinlim_eval_final/real_hindi/hindi_real_0057.wav,1,4.536,0.5115036368370056,-0.6614841818809509,rms_matched,False
57,d90832cc68e035bb366f526063da0ab186f06a937ef3231ab75fc53435821a112d7bb6d7115d594de6dfbd621d82acbd51ea43de2dd65619fe4b023cdf759fc9,hindi_griffinlim_eval_final/fake_hindi_griffinlim/hindi_fake_0057.wav,0,4.536,-5.021361351013184,5.713284492492676,rms_matched,False
58,3255dc44d5426ad255e14c4db4d12b224dfffd1e594a400a47cee7aafcd670d56a9834052a13be30307100ec6a3e1f8bffe33260e25f32c5a89ef64c744c0433,hindi_griffinlim_eval_final/real_hindi/hindi_real_0058.wav,1,4.32,6.080785274505615,-7.838412284851074,rms_matched,False
58,3255dc44d5426ad255e14c4db4d12b224dfffd1e594a400a47cee7aafcd670d56a9834052a13be30307100ec6a3e1f8bffe33260e25f32c5a89ef64c744c0433,hindi_griffinlim_eval_final/fake_hindi_griffinlim/hindi_fake_0058.wav,0,4.32,6.4349775314331055,-8.292372703552246,rms_matched,False
59,fab15f5f87bd26a0f326787f96d92497bbfb5aea170dd8a415966cb8f7a5a7011bcb0b50bc9d46cdcf3edecaa6cf6753be6afd814aa420c9fd4e4ab3a40e7faa,hindi_griffinlim_eval_final/real_hindi/hindi_real_0059.wav,1,6.948,4.02224063873291,-5.072965145111084,rms_matched,False
59,fab15f5f87bd26a0f326787f96d92497bbfb5aea170dd8a415966cb8f7a5a7011bcb0b50bc9d46cdcf3edecaa6cf6753be6afd814aa420c9fd4e4ab3a40e7faa,hindi_griffinlim_eval_final/fake_hindi_griffinlim/hindi_fake_0059.wav,0,6.948,-5.1561384201049805,5.871242523193359,rms_matched,False
60,9c12887b11ae7ce76bcb5c4ca6b56f174e89c82f02c52c05b93ac7a40b6fb7b28d8474241a7dc36b3ad5b36eab48a209bf7e68a905ca64ac40b89e9311dec25d,hindi_griffinlim_eval_final/real_hindi/hindi_real_0060.wav,1,2.736,5.2270827293396,-6.807663917541504,rms_matched,False
60,9c12887b11ae7ce76bcb5c4ca6b56f174e89c82f02c52c05b93ac7a40b6fb7b28d8474241a7dc36b3ad5b36eab48a209bf7e68a905ca64ac40b89e9311dec25d,hindi_griffinlim_eval_final/fake_hindi_griffinlim/hindi_fake_0060.wav,0,2.736,6.121066093444824,-7.928644180297852,rms_matched,False
61,ccd20bfc67c11f3e895626eb3d7e07e2eecb1ce583467fa1a70d8bda435a9fc5cf14c4a421d7811cf579acb2397447cbd649ac6eaaa8073a71a7d04ccb90882b,hindi_griffinlim_eval_final/real_hindi/hindi_real_0061.wav,1,5.508,4.677842140197754,-5.992173671722412,rms_matched,False
61,ccd20bfc67c11f3e895626eb3d7e07e2eecb1ce583467fa1a70d8bda435a9fc5cf14c4a421d7811cf579acb2397447cbd649ac6eaaa8073a71a7d04ccb90882b,hindi_griffinlim_eval_final/fake_hindi_griffinlim/hindi_fake_0061.wav,0,5.508,-5.108929634094238,5.919467926025391,rms_matched,False
62,c0fce8f25f23b41ed1321b49a5940b20f8b61130c14559d79ddf3816e5a433e06cad1469ff786911ce97ba8ea234da6b623881f3bb65339d1d3dd296e477a193,hindi_griffinlim_eval_final/real_hindi/hindi_real_0062.wav,1,3.528,3.517616033554077,-4.385920524597168,rms_matched,False
62,c0fce8f25f23b41ed1321b49a5940b20f8b61130c14559d79ddf3816e5a433e06cad1469ff786911ce97ba8ea234da6b623881f3bb65339d1d3dd296e477a193,hindi_griffinlim_eval_final/fake_hindi_griffinlim/hindi_fake_0062.wav,0,3.528,-2.315727710723877,3.1929969787597656,rms_matched,False
63,0d2120fd5389d89f197e877a642aeb305bd4d8a9820d642a3ca7e83fe64ca61a0a8b15a37958f3629aa855408d3eabc56d2521ff9a06db24bd0c95320f66efab,hindi_griffinlim_eval_final/real_hindi/hindi_real_0063.wav,1,7.38,-0.6288315057754517,0.7010636925697327,rms_matched,False
63,0d2120fd5389d89f197e877a642aeb305bd4d8a9820d642a3ca7e83fe64ca61a0a8b15a37958f3629aa855408d3eabc56d2521ff9a06db24bd0c95320f66efab,hindi_griffinlim_eval_final/fake_hindi_griffinlim/hindi_fake_0063.wav,0,7.38,-2.861288547515869,3.733577251434326,rms_matched,False
64,5b3872837902e6d95327320c254ce8cc9e7b69e3ad4e2e54f93009f6f44af95a3b2bd03dd9504518ddea0ce1bb0793458ea03d00ccd3c918aba1a0a91476da99,hindi_griffinlim_eval_final/real_hindi/hindi_real_0064.wav,1,4.296,2.0449676513671875,-2.727503776550293,rms_matched,False
64,5b3872837902e6d95327320c254ce8cc9e7b69e3ad4e2e54f93009f6f44af95a3b2bd03dd9504518ddea0ce1bb0793458ea03d00ccd3c918aba1a0a91476da99,hindi_griffinlim_eval_final/fake_hindi_griffinlim/hindi_fake_0064.wav,0,4.296,-1.3025611639022827,1.9166252613067627,rms_matched,False
65,bbc6419b468f96f9a81d7c8c0eeb06dc2ef630ef810662472bff59d9df3e43bc26b9d784d84faaa541a3d2e1541014302610a7426fb91797046b37d96bacaf2e,hindi_griffinlim_eval_final/real_hindi/hindi_real_0065.wav,1,6.516,3.803496837615967,-4.824406623840332,rms_matched,False
65,bbc6419b468f96f9a81d7c8c0eeb06dc2ef630ef810662472bff59d9df3e43bc26b9d784d84faaa541a3d2e1541014302610a7426fb91797046b37d96bacaf2e,hindi_griffinlim_eval_final/fake_hindi_griffinlim/hindi_fake_0065.wav,0,6.516,2.7266182899475098,-3.369704246520996,rms_matched,False
66,cc1693f2d0cabb0990f6510436b2406fbe0c4858c27f2c0b104c5f5c2499816770058f47af5d1bee60ed9027a18d60ad2e9dec2e2c3476373afe61afa078a3a4,hindi_griffinlim_eval_final/real_hindi/hindi_real_0066.wav,1,5.04,6.0923848152160645,-7.812001705169678,rms_matched,False
66,cc1693f2d0cabb0990f6510436b2406fbe0c4858c27f2c0b104c5f5c2499816770058f47af5d1bee60ed9027a18d60ad2e9dec2e2c3476373afe61afa078a3a4,hindi_griffinlim_eval_final/fake_hindi_griffinlim/hindi_fake_0066.wav,0,5.04,3.3475444316864014,-4.079725742340088,rms_matched,False
67,0eef353f918900f4b6b2c52b697013c0ac2340228d97696f460545e777a0a619dc934a6e2bdc5329525c74d683591af809ae5b8d4157abba6321a5b7366bb73e,hindi_griffinlim_eval_final/real_hindi/hindi_real_0067.wav,1,3.312,6.310050964355469,-8.256416320800781,rms_matched,False
67,0eef353f918900f4b6b2c52b697013c0ac2340228d97696f460545e777a0a619dc934a6e2bdc5329525c74d683591af809ae5b8d4157abba6321a5b7366bb73e,hindi_griffinlim_eval_final/fake_hindi_griffinlim/hindi_fake_0067.wav,0,3.312,7.028583526611328,-9.114568710327148,rms_matched,False
68,aa9327f862e22c8a7e7c1cc05e596b019cb19e79329dfd7495112ab3dafda315d4ab663885cb951c63be27858c37f1aa245b0907d689b37ee4db113148053cc6,hindi_griffinlim_eval_final/real_hindi/hindi_real_0068.wav,1,3.96,-1.6411854028701782,2.247870922088623,rms_matched,False
68,aa9327f862e22c8a7e7c1cc05e596b019cb19e79329dfd7495112ab3dafda315d4ab663885cb951c63be27858c37f1aa245b0907d689b37ee4db113148053cc6,hindi_griffinlim_eval_final/fake_hindi_griffinlim/hindi_fake_0068.wav,0,3.96,-5.850872039794922,6.700232982635498,rms_matched,False
69,38a6ab913e27c72c3f28f3d2da65caa00933288bfaaa24633ad7168676bf34a4bdf59bba015f1be078031901c2a05ed997cd106fc7bb6ffe0cead3f59ca77415,hindi_griffinlim_eval_final/real_hindi/hindi_real_0069.wav,1,7.884,5.713902473449707,-7.2271599769592285,rms_matched,False
69,38a6ab913e27c72c3f28f3d2da65caa00933288bfaaa24633ad7168676bf34a4bdf59bba015f1be078031901c2a05ed997cd106fc7bb6ffe0cead3f59ca77415,hindi_griffinlim_eval_final/fake_hindi_griffinlim/hindi_fake_0069.wav,0,7.884,6.928349494934082,-8.903316497802734,rms_matched,False
70,c88824395561074e0eb0ebc1280d4866dbc29f01c026899e205a1db558ba1be8d683a10dc5e1f8117571ea0794f699ebe359e833d714ad66942a429a2112a5a6,hindi_griffinlim_eval_final/real_hindi/hindi_real_0070.wav,1,4.248,6.012232780456543,-7.708427429199219,rms_matched,False
70,c88824395561074e0eb0ebc1280d4866dbc29f01c026899e205a1db558ba1be8d683a10dc5e1f8117571ea0794f699ebe359e833d714ad66942a429a2112a5a6,hindi_griffinlim_eval_final/fake_hindi_griffinlim/hindi_fake_0070.wav,0,4.248,6.8086748123168945,-8.821113586425781,rms_matched,False
71,4c946f553c704abd727b3818b1d22dba011a368043575278b58ae219f71cb8914e6cac82abe55d7da17f49bea4cceb3b96c17355a6f5b078c19a947defb9061c,hindi_griffinlim_eval_final/real_hindi/hindi_real_0071.wav,1,5.004,1.2913038730621338,-1.6618285179138184,rms_matched,False
71,4c946f553c704abd727b3818b1d22dba011a368043575278b58ae219f71cb8914e6cac82abe55d7da17f49bea4cceb3b96c17355a6f5b078c19a947defb9061c,hindi_griffinlim_eval_final/fake_hindi_griffinlim/hindi_fake_0071.wav,0,5.004,-4.229163646697998,5.026724815368652,rms_matched,False
72,1963c5f396b43a02ea6a7cf2cacaafb042bfe53209c711d2325e2e4cfd7185370746e463b5ceb83f9ac807e048b8891b494db95e3bd7eccfbef896877eea9bbc,hindi_griffinlim_eval_final/real_hindi/hindi_real_0072.wav,1,3.096,-0.8483695983886719,1.360275149345398,rms_matched,False
72,1963c5f396b43a02ea6a7cf2cacaafb042bfe53209c711d2325e2e4cfd7185370746e463b5ceb83f9ac807e048b8891b494db95e3bd7eccfbef896877eea9bbc,hindi_griffinlim_eval_final/fake_hindi_griffinlim/hindi_fake_0072.wav,0,3.096,-0.9277247786521912,1.5317202806472778,rms_matched,False
73,ccd20bfc67c11f3e895626eb3d7e07e2eecb1ce583467fa1a70d8bda435a9fc5cf14c4a421d7811cf579acb2397447cbd649ac6eaaa8073a71a7d04ccb90882b,hindi_griffinlim_eval_final/real_hindi/hindi_real_0073.wav,1,5.652,4.541720390319824,-5.941287517547607,peak_normalized,True
73,ccd20bfc67c11f3e895626eb3d7e07e2eecb1ce583467fa1a70d8bda435a9fc5cf14c4a421d7811cf579acb2397447cbd649ac6eaaa8073a71a7d04ccb90882b,hindi_griffinlim_eval_final/fake_hindi_griffinlim/hindi_fake_0073.wav,0,5.652,2.4046740531921387,-3.2504427433013916,peak_normalized,True
74,b64c2976e1395e1a65c549fed8cab613af6f6cf8e2f34416a1933b4c64f0b29ffcb82150ee5e396dab451f109f414930ff4938b4241d97e8919fe9f99a02893d,hindi_griffinlim_eval_final/real_hindi/hindi_real_0074.wav,1,6.48,4.099482536315918,-5.362753868103027,rms_matched,False
74,b64c2976e1395e1a65c549fed8cab613af6f6cf8e2f34416a1933b4c64f0b29ffcb82150ee5e396dab451f109f414930ff4938b4241d97e8919fe9f99a02893d,hindi_griffinlim_eval_final/fake_hindi_griffinlim/hindi_fake_0074.wav,0,6.48,-2.5613129138946533,3.4107978343963623,rms_matched,False
75,6990e943cefc8a2ed3e12aa2c2a781793096d1aaf311b175943b3029333a59e74f30086965cfb6f7db8b79b431c41a44e6b4aa3f806707fc0c4e5da883dd1d54,hindi_griffinlim_eval_final/real_hindi/hindi_real_0075.wav,1,4.5,4.4698262214660645,-5.667102813720703,rms_matched,False
75,6990e943cefc8a2ed3e12aa2c2a781793096d1aaf311b175943b3029333a59e74f30086965cfb6f7db8b79b431c41a44e6b4aa3f806707fc0c4e5da883dd1d54,hindi_griffinlim_eval_final/fake_hindi_griffinlim/hindi_fake_0075.wav,0,4.5,-0.46395593881607056,0.9017799496650696,rms_matched,False
76,b9854a362f9f2796f98c3105310553f5d5b1d2aea5f247080a0d9ab5d329ac51e5e519bad74bd68b022867bb103a42741c9523a32ce80c3a4ac8ed64c4bde957,hindi_griffinlim_eval_final/real_hindi/hindi_real_0076.wav,1,4.056,1.706190824508667,-2.252847194671631,rms_matched,False
76,b9854a362f9f2796f98c3105310553f5d5b1d2aea5f247080a0d9ab5d329ac51e5e519bad74bd68b022867bb103a42741c9523a32ce80c3a4ac8ed64c4bde957,hindi_griffinlim_eval_final/fake_hindi_griffinlim/hindi_fake_0076.wav,0,4.056,0.008556637912988663,0.22728422284126282,rms_matched,False
77,aafda704e52784565ee078117b2a7941d822e96444d43cfe115de75e654f8c08c23b050eebe7b4264498537464b6e45cd0624f23aec65f904b156464d5056d52,hindi_griffinlim_eval_final/real_hindi/hindi_real_0077.wav,1,5.112,-0.8497612476348877,1.1205198764801025,rms_matched,False
77,aafda704e52784565ee078117b2a7941d822e96444d43cfe115de75e654f8c08c23b050eebe7b4264498537464b6e45cd0624f23aec65f904b156464d5056d52,hindi_griffinlim_eval_final/fake_hindi_griffinlim/hindi_fake_0077.wav,0,5.112,-1.2389628887176514,1.9074769020080566,rms_matched,False
78,0663aeb40f5d5ea46610cac3ca0183f2193b429770c84b516efe7d199b8b110944005539d986613fdc9d6532694f43c3a8e4dfc9de8ae7bfbc8b57b412ef71dd,hindi_griffinlim_eval_final/real_hindi/hindi_real_0078.wav,1,3.42,5.381438255310059,-6.843122482299805,rms_matched,False
78,0663aeb40f5d5ea46610cac3ca0183f2193b429770c84b516efe7d199b8b110944005539d986613fdc9d6532694f43c3a8e4dfc9de8ae7bfbc8b57b412ef71dd,hindi_griffinlim_eval_final/fake_hindi_griffinlim/hindi_fake_0078.wav,0,3.42,-3.3665943145751953,4.24650239944458,rms_matched,False
79,63293ff4cc67280b10da2df2fd2763db65ca8493af191e121605b45457373b9d2f7d073324125f2ec4d3d5aa138903f3532048b49083306757421a463dcad13b,hindi_griffinlim_eval_final/real_hindi/hindi_real_0079.wav,1,3.6,5.839218616485596,-7.595146179199219,rms_matched,False
79,63293ff4cc67280b10da2df2fd2763db65ca8493af191e121605b45457373b9d2f7d073324125f2ec4d3d5aa138903f3532048b49083306757421a463dcad13b,hindi_griffinlim_eval_final/fake_hindi_griffinlim/hindi_fake_0079.wav,0,3.6,-0.6341654062271118,1.1716935634613037,rms_matched,False
80,4165462ba3028c7e25d5ff7abf7e81fe2d31ab129cfa039232a6753837447e299445e86cc1a94db3a8957d1cf55c3a1aaa96b297a0c75a814bc1a2df686daae8,hindi_griffinlim_eval_final/real_hindi/hindi_real_0080.wav,1,6.48,1.6173584461212158,-2.2561192512512207,rms_matched,False
80,4165462ba3028c7e25d5ff7abf7e81fe2d31ab129cfa039232a6753837447e299445e86cc1a94db3a8957d1cf55c3a1aaa96b297a0c75a814bc1a2df686daae8,hindi_griffinlim_eval_final/fake_hindi_griffinlim/hindi_fake_0080.wav,0,6.48,-0.9520555734634399,1.363372802734375,rms_matched,False
81,6cd8f602bf899de8fa9a30238cb461650682d47e62a5d12042ec213877ca4d9f7f83e3635c1374cddf16260688058dddb7ba7f5466c279dadd85e033038b6b08,hindi_griffinlim_eval_final/real_hindi/hindi_real_0081.wav,1,3.528,-1.9665724039077759,2.5322232246398926,rms_matched,False
81,6cd8f602bf899de8fa9a30238cb461650682d47e62a5d12042ec213877ca4d9f7f83e3635c1374cddf16260688058dddb7ba7f5466c279dadd85e033038b6b08,hindi_griffinlim_eval_final/fake_hindi_griffinlim/hindi_fake_0081.wav,0,3.528,-0.7445360422134399,1.3936645984649658,rms_matched,False
82,43dc11a5328c78dc9536527d6945245d5b3e371fdeea987ac538a30956eacc649639e2b09c28bf3ee4f4f764475880bb8f68a5cd20ef78800a664b72a86ffe58,hindi_griffinlim_eval_final/real_hindi/hindi_real_0082.wav,1,4.752,4.726773262023926,-6.0983428955078125,rms_matched,False
82,43dc11a5328c78dc9536527d6945245d5b3e371fdeea987ac538a30956eacc649639e2b09c28bf3ee4f4f764475880bb8f68a5cd20ef78800a664b72a86ffe58,hindi_griffinlim_eval_final/fake_hindi_griffinlim/hindi_fake_0082.wav,0,4.752,-4.657141208648682,5.420348167419434,rms_matched,False
83,755950c6eb4b91d87a8d62458e27e794e08783fbb4e47b61730e21bb685a9d3634dab0401114292ec8b3d3a282e0248c34c8868056fdb057716c14ae2b9844fc,hindi_griffinlim_eval_final/real_hindi/hindi_real_0083.wav,1,4.824,3.787062406539917,-4.886816024780273,peak_normalized,True
83,755950c6eb4b91d87a8d62458e27e794e08783fbb4e47b61730e21bb685a9d3634dab0401114292ec8b3d3a282e0248c34c8868056fdb057716c14ae2b9844fc,hindi_griffinlim_eval_final/fake_hindi_griffinlim/hindi_fake_0083.wav,0,4.824,0.4362897574901581,-0.681256115436554,peak_normalized,True
84,ca96256894b92e0525b6f8bf5bac013efa869bfe9b8ec767a84d2e0b6f9f3108886cad7b3c9e622cc74ce7c803c4f9d96080e182713805211464db35f0adb51e,hindi_griffinlim_eval_final/real_hindi/hindi_real_0084.wav,1,4.104,3.110079765319824,-3.9171595573425293,rms_matched,False
84,ca96256894b92e0525b6f8bf5bac013efa869bfe9b8ec767a84d2e0b6f9f3108886cad7b3c9e622cc74ce7c803c4f9d96080e182713805211464db35f0adb51e,hindi_griffinlim_eval_final/fake_hindi_griffinlim/hindi_fake_0084.wav,0,4.104,-2.349085569381714,3.2124414443969727,rms_matched,False
85,be71c5c863d6de0f351032d62a7be08c92ba176b5062de0dafb4440746492bbcf9cd33f72220ff106d4b21f86dd04bb624bf109c7252900c3f92b4303d603af1,hindi_griffinlim_eval_final/real_hindi/hindi_real_0085.wav,1,7.56,5.397894859313965,-6.945687294006348,rms_matched,False
85,be71c5c863d6de0f351032d62a7be08c92ba176b5062de0dafb4440746492bbcf9cd33f72220ff106d4b21f86dd04bb624bf109c7252900c3f92b4303d603af1,hindi_griffinlim_eval_final/fake_hindi_griffinlim/hindi_fake_0085.wav,0,7.56,6.096100330352783,-7.940455913543701,rms_matched,False
86,46f23ae11e8565e979749342e1097a77fe3ef574253f10323351763c97b22c07b42362b03c576fa1d45361cede36368bbd6b9325f1f93cd2b8ed161a560ece2a,hindi_griffinlim_eval_final/real_hindi/hindi_real_0086.wav,1,3.552,5.881806373596191,-7.565067291259766,rms_matched,False
86,46f23ae11e8565e979749342e1097a77fe3ef574253f10323351763c97b22c07b42362b03c576fa1d45361cede36368bbd6b9325f1f93cd2b8ed161a560ece2a,hindi_griffinlim_eval_final/fake_hindi_griffinlim/hindi_fake_0086.wav,0,3.552,-0.5776784420013428,0.8107609748840332,rms_matched,False
87,b4f42e39378d93e8dbfced78bbf812a8cc9189b8dfbb1c6645703265e04ab91bedc692dbfa2b975577e7674dd6c8f12fb351477a3655c9646374d3f3b3fbc1a6,hindi_griffinlim_eval_final/real_hindi/hindi_real_0087.wav,1,3.06,6.167591094970703,-8.070272445678711,rms_matched,False
87,b4f42e39378d93e8dbfced78bbf812a8cc9189b8dfbb1c6645703265e04ab91bedc692dbfa2b975577e7674dd6c8f12fb351477a3655c9646374d3f3b3fbc1a6,hindi_griffinlim_eval_final/fake_hindi_griffinlim/hindi_fake_0087.wav,0,3.06,5.351820468902588,-6.729514122009277,rms_matched,False
88,aff2956ed66065c2040906c6e11253e54ffc0b308716a128efaa77f3d6e3556995079d82c9e63b19a0ab8b910eee082f68314b87acfd5c070341b6b9e1bda5bf,hindi_griffinlim_eval_final/real_hindi/hindi_real_0088.wav,1,6.48,-1.6263493299484253,2.2604660987854004,rms_matched,False
88,aff2956ed66065c2040906c6e11253e54ffc0b308716a128efaa77f3d6e3556995079d82c9e63b19a0ab8b910eee082f68314b87acfd5c070341b6b9e1bda5bf,hindi_griffinlim_eval_final/fake_hindi_griffinlim/hindi_fake_0088.wav,0,6.48,-0.6746882200241089,1.0728129148483276,rms_matched,False
89,e6f76063e0bed01647274603154c6319e89caf2d63a94e0c72490f58e3bca473aba94f53d264079979a367057af8c6e8152ef88087ac70720ea6175f8f9e4970,hindi_griffinlim_eval_final/real_hindi/hindi_real_0089.wav,1,6.3,-0.7899667024612427,1.1014835834503174,rms_matched,False
89,e6f76063e0bed01647274603154c6319e89caf2d63a94e0c72490f58e3bca473aba94f53d264079979a367057af8c6e8152ef88087ac70720ea6175f8f9e4970,hindi_griffinlim_eval_final/fake_hindi_griffinlim/hindi_fake_0089.wav,0,6.3,-1.2486118078231812,1.7677888870239258,rms_matched,False
90,ca96256894b92e0525b6f8bf5bac013efa869bfe9b8ec767a84d2e0b6f9f3108886cad7b3c9e622cc74ce7c803c4f9d96080e182713805211464db35f0adb51e,hindi_griffinlim_eval_final/real_hindi/hindi_real_0090.wav,1,6.156,4.673440456390381,-6.036904335021973,rms_matched,False
90,ca96256894b92e0525b6f8bf5bac013efa869bfe9b8ec767a84d2e0b6f9f3108886cad7b3c9e622cc74ce7c803c4f9d96080e182713805211464db35f0adb51e,hindi_griffinlim_eval_final/fake_hindi_griffinlim/hindi_fake_0090.wav,0,6.156,3.180342674255371,-4.0139594078063965,rms_matched,False
91,a6d08697c738730178993390c6a57ba2b8e2944e43cf91bc222be8589b56ae2271a0e072fadd7f735cc7479c0ea16887e186a8e4a478276381c1d96dcd49e461,hindi_griffinlim_eval_final/real_hindi/hindi_real_0091.wav,1,5.22,0.8600788712501526,-1.5026628971099854,rms_matched,False
91,a6d08697c738730178993390c6a57ba2b8e2944e43cf91bc222be8589b56ae2271a0e072fadd7f735cc7479c0ea16887e186a8e4a478276381c1d96dcd49e461,hindi_griffinlim_eval_final/fake_hindi_griffinlim/hindi_fake_0091.wav,0,5.22,7.040712356567383,-9.143683433532715,rms_matched,False
92,8a05ca02926d437b43ff4cc21925621fc16dbeaf8e35977e8c6f5da4d29494951203f52e20050d365fe263f76336e15d23cf8d1f0c0514c9fd900f7d92b108a1,hindi_griffinlim_eval_final/real_hindi/hindi_real_0092.wav,1,4.356,4.397497177124023,-5.449021816253662,peak_normalized,True
92,8a05ca02926d437b43ff4cc21925621fc16dbeaf8e35977e8c6f5da4d29494951203f52e20050d365fe263f76336e15d23cf8d1f0c0514c9fd900f7d92b108a1,hindi_griffinlim_eval_final/fake_hindi_griffinlim/hindi_fake_0092.wav,0,4.356,1.8335219621658325,-2.116042375564575,peak_normalized,True
93,52f22814969ddf3ae439c9927cdc815781938e7b8db9939cbe5cc7211c83b3dd6eccb62b360571d4002d64878c3b70340e8a76bf784048ff984b73b71d31fc52,hindi_griffinlim_eval_final/real_hindi/hindi_real_0093.wav,1,3.132,5.462047100067139,-6.930724620819092,rms_matched,False
93,52f22814969ddf3ae439c9927cdc815781938e7b8db9939cbe5cc7211c83b3dd6eccb62b360571d4002d64878c3b70340e8a76bf784048ff984b73b71d31fc52,hindi_griffinlim_eval_final/fake_hindi_griffinlim/hindi_fake_0093.wav,0,3.132,5.626894950866699,-7.243029594421387,rms_matched,False
94,c7c4e5ded1e6121c38594d1e3bbb5a49f1d269f96c2591f9e2d4da7cf5c9cdc7598248c5d24452c832160a2503d344167242cafabc1dc3936e1a6065b281ae77,hindi_griffinlim_eval_final/real_hindi/hindi_real_0094.wav,1,2.64,-2.574270009994507,3.2968597412109375,rms_matched,False
94,c7c4e5ded1e6121c38594d1e3bbb5a49f1d269f96c2591f9e2d4da7cf5c9cdc7598248c5d24452c832160a2503d344167242cafabc1dc3936e1a6065b281ae77,hindi_griffinlim_eval_final/fake_hindi_griffinlim/hindi_fake_0094.wav,0,2.64,-5.926198959350586,6.9432878494262695,rms_matched,False
95,f398e532c4307d0fb6f23dda4b599e05c8483a5211aab4dba56e24a0acc89810af5b98cc96afe0b55fdee3b41250c05571fa3d170e517213e71e52e481a80df1,hindi_griffinlim_eval_final/real_hindi/hindi_real_0095.wav,1,3.744,3.2819018363952637,-4.21105432510376,rms_matched,False
95,f398e532c4307d0fb6f23dda4b599e05c8483a5211aab4dba56e24a0acc89810af5b98cc96afe0b55fdee3b41250c05571fa3d170e517213e71e52e481a80df1,hindi_griffinlim_eval_final/fake_hindi_griffinlim/hindi_fake_0095.wav,0,3.744,-0.4399845004081726,0.6237135529518127,rms_matched,False
96,cba73505723d31fe1d355fd9c1ba00f36d72661f667b151bb2e4db347100a72793ca3d5351e0293af666bf35d2684deb3e4bbc6fe630ffabe699d80709a0ea07,hindi_griffinlim_eval_final/real_hindi/hindi_real_0096.wav,1,7.128,0.8937088251113892,-1.3297772407531738,rms_matched,False
96,cba73505723d31fe1d355fd9c1ba00f36d72661f667b151bb2e4db347100a72793ca3d5351e0293af666bf35d2684deb3e4bbc6fe630ffabe699d80709a0ea07,hindi_griffinlim_eval_final/fake_hindi_griffinlim/hindi_fake_0096.wav,0,7.128,6.027261734008789,-7.832672119140625,rms_matched,False
97,64fcf403ddfb930184eae9b9ad9fbb9a712ebab06fdb5e7dbe7621dcd2cd5101f593c37e8e254ff38294b6dcc8bec4808c197c2d7599c0c4126045b1ac9b51d0,hindi_griffinlim_eval_final/real_hindi/hindi_real_0097.wav,1,4.704,-1.4648634195327759,2.047785758972168,rms_matched,False
97,64fcf403ddfb930184eae9b9ad9fbb9a712ebab06fdb5e7dbe7621dcd2cd5101f593c37e8e254ff38294b6dcc8bec4808c197c2d7599c0c4126045b1ac9b51d0,hindi_griffinlim_eval_final/fake_hindi_griffinlim/hindi_fake_0097.wav,0,4.704,4.86343240737915,-6.010639190673828,rms_matched,False
98,bd008914e8d61f280ef49d1b81b9ba5feafa0195842fb73953d414962085d13881380f143efa9cc3014fb5083f2ca49ec0ac216b23e48f676493303b320d17d3,hindi_griffinlim_eval_final/real_hindi/hindi_real_0098.wav,1,4.932,4.014291286468506,-4.990471839904785,rms_matched,False
98,bd008914e8d61f280ef49d1b81b9ba5feafa0195842fb73953d414962085d13881380f143efa9cc3014fb5083f2ca49ec0ac216b23e48f676493303b320d17d3,hindi_griffinlim_eval_final/fake_hindi_griffinlim/hindi_fake_0098.wav,0,4.932,4.934202671051025,-6.130171775817871,rms_matched,False
99,9392443e20fff21db185ec2e21925398c267cdaec962d7a8bff381ae171fd3563894988fe4244da0866881fb39e56492843fac59b139c31b99211d6c8f44c2ac,hindi_griffinlim_eval_final/real_hindi/hindi_real_0099.wav,1,4.356,-2.128650426864624,2.9532620906829834,rms_matched,False
99,9392443e20fff21db185ec2e21925398c267cdaec962d7a8bff381ae171fd3563894988fe4244da0866881fb39e56492843fac59b139c31b99211d6c8f44c2ac,hindi_griffinlim_eval_final/fake_hindi_griffinlim/hindi_fake_0099.wav,0,4.356,-4.629782199859619,5.508194923400879,rms_matched,False
100,4ed9b617b3f93ef9ae23b42f64cf4e1d53ffefcf405e7e908ad346119c60ff08710f902131c673fcca0a5f0b8980b8e128ba5e30ccefc5780ced1cacb3dde0ed,hindi_griffinlim_eval_final/real_hindi/hindi_real_0100.wav,1,4.824,5.934362411499023,-7.612696647644043,rms_matched,False
100,4ed9b617b3f93ef9ae23b42f64cf4e1d53ffefcf405e7e908ad346119c60ff08710f902131c673fcca0a5f0b8980b8e128ba5e30ccefc5780ced1cacb3dde0ed,hindi_griffinlim_eval_final/fake_hindi_griffinlim/hindi_fake_0100.wav,0,4.824,6.437680721282959,-8.302474975585938,rms_matched,False
101,3aef16007bd29046bf29aa965433206ce23419410af7d4bc3d292635ddc31b83ce37bccb79f9f0fb3d857b77a1bba903b1dfbadc1d390b9c5b687a475c9f29a6,hindi_griffinlim_eval_final/real_hindi/hindi_real_0101.wav,1,5.58,4.71854305267334,-6.186561584472656,rms_matched,False
101,3aef16007bd29046bf29aa965433206ce23419410af7d4bc3d292635ddc31b83ce37bccb79f9f0fb3d857b77a1bba903b1dfbadc1d390b9c5b687a475c9f29a6,hindi_griffinlim_eval_final/fake_hindi_griffinlim/hindi_fake_0101.wav,0,5.58,0.3219454288482666,-0.5294684767723083,rms_matched,False
102,d09397973383a68b428b2de77fa5f97b990441e1d4f668eca001e162425c7928eb19441bc4e961b80af9f9414a3d1ce66d15cc8fde6c11fbb24bf65ac1eddcf0,hindi_griffinlim_eval_final/real_hindi/hindi_real_0102.wav,1,4.608,1.1232658624649048,-1.612074375152588,rms_matched,False
102,d09397973383a68b428b2de77fa5f97b990441e1d4f668eca001e162425c7928eb19441bc4e961b80af9f9414a3d1ce66d15cc8fde6c11fbb24bf65ac1eddcf0,hindi_griffinlim_eval_final/fake_hindi_griffinlim/hindi_fake_0102.wav,0,4.608,-5.384976863861084,6.110483169555664,rms_matched,False
103,9960686415eb494ee9537261d6666881f9ba972c52152db480cd96dd07d7bf619cd2f1f9d30815cdc61bbbd4eb031b57cf2297022021dc923732cd69a3a4a5d4,hindi_griffinlim_eval_final/real_hindi/hindi_real_0103.wav,1,7.164,5.340403079986572,-6.805203914642334,rms_matched,False
103,9960686415eb494ee9537261d6666881f9ba972c52152db480cd96dd07d7bf619cd2f1f9d30815cdc61bbbd4eb031b57cf2297022021dc923732cd69a3a4a5d4,hindi_griffinlim_eval_final/fake_hindi_griffinlim/hindi_fake_0103.wav,0,7.164,0.60979163646698,-0.7768210768699646,rms_matched,False
104,949d46bd8792e08b2ee6c5736df551c23a26e45db1306d71836317cfc115ff4cf71da8164c9063aeefd98bd8c12626dbe22b79a07420d6fe8317fb6fc9fa368b,hindi_griffinlim_eval_final/real_hindi/hindi_real_0104.wav,1,4.572,4.858821392059326,-6.151648044586182,rms_matched,False
104,949d46bd8792e08b2ee6c5736df551c23a26e45db1306d71836317cfc115ff4cf71da8164c9063aeefd98bd8c12626dbe22b79a07420d6fe8317fb6fc9fa368b,hindi_griffinlim_eval_final/fake_hindi_griffinlim/hindi_fake_0104.wav,0,4.572,5.602084636688232,-7.13361930847168,rms_matched,False
105,9960686415eb494ee9537261d6666881f9ba972c52152db480cd96dd07d7bf619cd2f1f9d30815cdc61bbbd4eb031b57cf2297022021dc923732cd69a3a4a5d4,hindi_griffinlim_eval_final/real_hindi/hindi_real_0105.wav,1,4.824,5.226862907409668,-6.767065048217773,rms_matched,False
105,9960686415eb494ee9537261d6666881f9ba972c52152db480cd96dd07d7bf619cd2f1f9d30815cdc61bbbd4eb031b57cf2297022021dc923732cd69a3a4a5d4,hindi_griffinlim_eval_final/fake_hindi_griffinlim/hindi_fake_0105.wav,0,4.824,5.09269905090332,-6.409096717834473,rms_matched,False
106,169afd68fa12674be328762c77fff1783f807dfc52a7f9b0ec599d77f5fb9bd8998ec8f9fea575f4bee8d86d2ea242a97ee6de9da1bf191f541113fd3c432206,hindi_griffinlim_eval_final/real_hindi/hindi_real_0106.wav,1,5.688,4.376510143280029,-5.5114030838012695,rms_matched,False
106,169afd68fa12674be328762c77fff1783f807dfc52a7f9b0ec599d77f5fb9bd8998ec8f9fea575f4bee8d86d2ea242a97ee6de9da1bf191f541113fd3c432206,hindi_griffinlim_eval_final/fake_hindi_griffinlim/hindi_fake_0106.wav,0,5.688,1.4596418142318726,-2.023970127105713,rms_matched,False
107,203176393d9928d38b3aecb45ba1ad1c05c8223b492bfe21e6c5c6359083f8bb68f24ab7bf449051e8527e9beee0055a3628608173b59bad7bf948e6d3e0ff27,hindi_griffinlim_eval_final/real_hindi/hindi_real_0107.wav,1,7.992,1.3273142576217651,-2.254234790802002,rms_matched,False
107,203176393d9928d38b3aecb45ba1ad1c05c8223b492bfe21e6c5c6359083f8bb68f24ab7bf449051e8527e9beee0055a3628608173b59bad7bf948e6d3e0ff27,hindi_griffinlim_eval_final/fake_hindi_griffinlim/hindi_fake_0107.wav,0,7.992,-0.670081377029419,1.054184913635254,rms_matched,False
108,c0fce8f25f23b41ed1321b49a5940b20f8b61130c14559d79ddf3816e5a433e06cad1469ff786911ce97ba8ea234da6b623881f3bb65339d1d3dd296e477a193,hindi_griffinlim_eval_final/real_hindi/hindi_real_0108.wav,1,4.968,4.46956729888916,-5.599023818969727,rms_matched,False
108,c0fce8f25f23b41ed1321b49a5940b20f8b61130c14559d79ddf3816e5a433e06cad1469ff786911ce97ba8ea234da6b623881f3bb65339d1d3dd296e477a193,hindi_griffinlim_eval_final/fake_hindi_griffinlim/hindi_fake_0108.wav,0,4.968,0.5884982943534851,-1.1383733749389648,rms_matched,False
109,d1d9c267ebee74a32597d31c9167b2edb1f99cb7f4aa13501a5cc3bd519deaa2516058fb40da1e55deef24bb43e231ab5f17484bb11468d631c90e3bf29b76d4,hindi_griffinlim_eval_final/real_hindi/hindi_real_0109.wav,1,7.848,-0.3140883147716522,0.35091665387153625,rms_matched,False
109,d1d9c267ebee74a32597d31c9167b2edb1f99cb7f4aa13501a5cc3bd519deaa2516058fb40da1e55deef24bb43e231ab5f17484bb11468d631c90e3bf29b76d4,hindi_griffinlim_eval_final/fake_hindi_griffinlim/hindi_fake_0109.wav,0,7.848,6.9524688720703125,-8.978012084960938,rms_matched,False
110,3a9a2751ae7b00505f0ab31fe4c6b3d76e4b23763244c136363aed1903cc89d8668e1187df7236c6ac0ef40422fd5802ca4000aa26a29cc5c77c978b07a4d12a,hindi_griffinlim_eval_final/real_hindi/hindi_real_0110.wav,1,5.4,4.343036651611328,-5.590558052062988,rms_matched,False
110,3a9a2751ae7b00505f0ab31fe4c6b3d76e4b23763244c136363aed1903cc89d8668e1187df7236c6ac0ef40422fd5802ca4000aa26a29cc5c77c978b07a4d12a,hindi_griffinlim_eval_final/fake_hindi_griffinlim/hindi_fake_0110.wav,0,5.4,-1.9840294122695923,2.7162704467773438,rms_matched,False
111,36062260d676bde6039ce120c376465b2bd64e0699bac4f5ccf693568a39376a0cbc895a1c3ad2b74de0236420dc51f0dc3bc8d7f1fcac394756286a2c426056,hindi_griffinlim_eval_final/real_hindi/hindi_real_0111.wav,1,5.976,2.5738558769226074,-3.272984743118286,peak_normalized,True
111,36062260d676bde6039ce120c376465b2bd64e0699bac4f5ccf693568a39376a0cbc895a1c3ad2b74de0236420dc51f0dc3bc8d7f1fcac394756286a2c426056,hindi_griffinlim_eval_final/fake_hindi_griffinlim/hindi_fake_0111.wav,0,5.976,0.8233320713043213,-1.6228573322296143,peak_normalized,True
112,9960686415eb494ee9537261d6666881f9ba972c52152db480cd96dd07d7bf619cd2f1f9d30815cdc61bbbd4eb031b57cf2297022021dc923732cd69a3a4a5d4,hindi_griffinlim_eval_final/real_hindi/hindi_real_0112.wav,1,4.248,4.7110161781311035,-5.942309379577637,rms_matched,False
112,9960686415eb494ee9537261d6666881f9ba972c52152db480cd96dd07d7bf619cd2f1f9d30815cdc61bbbd4eb031b57cf2297022021dc923732cd69a3a4a5d4,hindi_griffinlim_eval_final/fake_hindi_griffinlim/hindi_fake_0112.wav,0,4.248,2.7120869159698486,-3.4962549209594727,rms_matched,False
113,3aef16007bd29046bf29aa965433206ce23419410af7d4bc3d292635ddc31b83ce37bccb79f9f0fb3d857b77a1bba903b1dfbadc1d390b9c5b687a475c9f29a6,hindi_griffinlim_eval_final/real_hindi/hindi_real_0113.wav,1,5.94,3.6610636711120605,-4.689430236816406,rms_matched,False
113,3aef16007bd29046bf29aa965433206ce23419410af7d4bc3d292635ddc31b83ce37bccb79f9f0fb3d857b77a1bba903b1dfbadc1d390b9c5b687a475c9f29a6,hindi_griffinlim_eval_final/fake_hindi_griffinlim/hindi_fake_0113.wav,0,5.94,-0.8121730089187622,1.3463122844696045,rms_matched,False
114,ea8f8541a19f474c4246d33005ad2c365f8b82b7a9b214bc39bd7b0ea6469e6d17fc574bce867f5fa60612c98df61735b7e95bf0d9c731a290e4c4bd515098bb,hindi_griffinlim_eval_final/real_hindi/hindi_real_0114.wav,1,7.2,5.064901828765869,-6.216917037963867,rms_matched,False
114,ea8f8541a19f474c4246d33005ad2c365f8b82b7a9b214bc39bd7b0ea6469e6d17fc574bce867f5fa60612c98df61735b7e95bf0d9c731a290e4c4bd515098bb,hindi_griffinlim_eval_final/fake_hindi_griffinlim/hindi_fake_0114.wav,0,7.2,-0.41617462038993835,0.6088725924491882,rms_matched,False
115,2b0295a46df33cca7111334e28048e4ca8856ac39e51ceba5d127c2defec2c84aa3dbbe0b2cd9a0057a3710d4ca5936186ac62306a21dbc4f493acb9486d1452,hindi_griffinlim_eval_final/real_hindi/hindi_real_0115.wav,1,4.392,5.361058235168457,-6.877822399139404,rms_matched,False
115,2b0295a46df33cca7111334e28048e4ca8856ac39e51ceba5d127c2defec2c84aa3dbbe0b2cd9a0057a3710d4ca5936186ac62306a21dbc4f493acb9486d1452,hindi_griffinlim_eval_final/fake_hindi_griffinlim/hindi_fake_0115.wav,0,4.392,-0.44567808508872986,0.44682255387306213,rms_matched,False
116,4ed9b617b3f93ef9ae23b42f64cf4e1d53ffefcf405e7e908ad346119c60ff08710f902131c673fcca0a5f0b8980b8e128ba5e30ccefc5780ced1cacb3dde0ed,hindi_griffinlim_eval_final/real_hindi/hindi_real_0116.wav,1,3.132,4.747118949890137,-6.055373191833496,rms_matched,False
116,4ed9b617b3f93ef9ae23b42f64cf4e1d53ffefcf405e7e908ad346119c60ff08710f902131c673fcca0a5f0b8980b8e128ba5e30ccefc5780ced1cacb3dde0ed,hindi_griffinlim_eval_final/fake_hindi_griffinlim/hindi_fake_0116.wav,0,3.132,6.495184898376465,-8.416419982910156,rms_matched,False
117,bec3277c6c8dbacb7aa7ba04a9c35f956190d6a1d2fdff7d1f82854e93ec3ec507db37e34e75f4b99337491f09abeabf9d41eabbc90cd14cb24790a508fbb712,hindi_griffinlim_eval_final/real_hindi/hindi_real_0117.wav,1,6.12,-1.7697261571884155,2.351036548614502,rms_matched,False
117,bec3277c6c8dbacb7aa7ba04a9c35f956190d6a1d2fdff7d1f82854e93ec3ec507db37e34e75f4b99337491f09abeabf9d41eabbc90cd14cb24790a508fbb712,hindi_griffinlim_eval_final/fake_hindi_griffinlim/hindi_fake_0117.wav,0,6.12,-3.6345901489257812,4.4571332931518555,rms_matched,False
118,b78cf5eebb8ae39161b94c37c3e8aa39f57e5639997972f1ec983cb9f44fcefc18f1c4227b3d8b263477f3444fe05696da0cbd5dacd3cb3900b2cbcf2370b155,hindi_griffinlim_eval_final/real_hindi/hindi_real_0118.wav,1,4.464,5.996401786804199,-7.564956188201904,rms_matched,False
118,b78cf5eebb8ae39161b94c37c3e8aa39f57e5639997972f1ec983cb9f44fcefc18f1c4227b3d8b263477f3444fe05696da0cbd5dacd3cb3900b2cbcf2370b155,hindi_griffinlim_eval_final/fake_hindi_griffinlim/hindi_fake_0118.wav,0,4.464,-0.9473922252655029,1.4571832418441772,rms_matched,False
119,5a2a681a4af95b92777b6adcd74644a5291136b27678f3afb168b9ebcc348031ce19ae24e738331ee6e5e5e54f6c4c560d455f898f348ad11957ec799c28fe59,hindi_griffinlim_eval_final/real_hindi/hindi_real_0119.wav,1,5.868,5.960483551025391,-7.683885097503662,rms_matched,False
119,5a2a681a4af95b92777b6adcd74644a5291136b27678f3afb168b9ebcc348031ce19ae24e738331ee6e5e5e54f6c4c560d455f898f348ad11957ec799c28fe59,hindi_griffinlim_eval_final/fake_hindi_griffinlim/hindi_fake_0119.wav,0,5.868,-3.8216323852539062,4.588865756988525,rms_matched,False
120,9392443e20fff21db185ec2e21925398c267cdaec962d7a8bff381ae171fd3563894988fe4244da0866881fb39e56492843fac59b139c31b99211d6c8f44c2ac,hindi_griffinlim_eval_final/real_hindi/hindi_real_0120.wav,1,5.616,1.8394604921340942,-2.6002206802368164,rms_matched,False
120,9392443e20fff21db185ec2e21925398c267cdaec962d7a8bff381ae171fd3563894988fe4244da0866881fb39e56492843fac59b139c31b99211d6c8f44c2ac,hindi_griffinlim_eval_final/fake_hindi_griffinlim/hindi_fake_0120.wav,0,5.616,-0.6839722394943237,1.1530840396881104,rms_matched,False
121,9492b0374bde3e9f6b0f2910f764eb837b8a3c261e9705422378ca4e59d7e977df84518e2169c11a238bf11cbd8477391bc51fdcf9134ad8216402b0cd5c37c6,hindi_griffinlim_eval_final/real_hindi/hindi_real_0121.wav,1,4.788,4.623193740844727,-5.860376358032227,rms_matched,False
121,9492b0374bde3e9f6b0f2910f764eb837b8a3c261e9705422378ca4e59d7e977df84518e2169c11a238bf11cbd8477391bc51fdcf9134ad8216402b0cd5c37c6,hindi_griffinlim_eval_final/fake_hindi_griffinlim/hindi_fake_0121.wav,0,4.788,-0.8062227964401245,1.3664346933364868,rms_matched,False
122,9564825a0829d21edd512e0523b3dccf946f9cd0f8b90c2589961c1867f2100b337df3df56dcee0dbdc7b4f23de4dc7d2af884dea2f7a3f6a3f3dc081879acfa,hindi_griffinlim_eval_final/real_hindi/hindi_real_0122.wav,1,4.5,6.132456302642822,-7.916566848754883,rms_matched,False
122,9564825a0829d21edd512e0523b3dccf946f9cd0f8b90c2589961c1867f2100b337df3df56dcee0dbdc7b4f23de4dc7d2af884dea2f7a3f6a3f3dc081879acfa,hindi_griffinlim_eval_final/fake_hindi_griffinlim/hindi_fake_0122.wav,0,4.5,6.135743618011475,-7.938090801239014,rms_matched,False
123,b3a9d00791dae63b944756627fdb96c21c53f4d69beef3a56780607d83e56d0a6faf52d5d704c925bb323f8b2c9a168a87c2cd94fcc3d3abf6b034c9e7f5cd77,hindi_griffinlim_eval_final/real_hindi/hindi_real_0123.wav,1,3.864,6.0556864738464355,-7.823158264160156,rms_matched,False
123,b3a9d00791dae63b944756627fdb96c21c53f4d69beef3a56780607d83e56d0a6faf52d5d704c925bb323f8b2c9a168a87c2cd94fcc3d3abf6b034c9e7f5cd77,hindi_griffinlim_eval_final/fake_hindi_griffinlim/hindi_fake_0123.wav,0,3.864,-1.8931440114974976,2.7027816772460938,rms_matched,False
124,1a88297b510c4d15acdd9d6a3f50d13fd6420c8f934e487a7ec5096ab5fbebef165269d581a12002a5eca2cf3fbced4552441668df9c027abd45ef0895eabbc2,hindi_griffinlim_eval_final/real_hindi/hindi_real_0124.wav,1,6.804,5.485721588134766,-6.942781448364258,rms_matched,False
124,1a88297b510c4d15acdd9d6a3f50d13fd6420c8f934e487a7ec5096ab5fbebef165269d581a12002a5eca2cf3fbced4552441668df9c027abd45ef0895eabbc2,hindi_griffinlim_eval_final/fake_hindi_griffinlim/hindi_fake_0124.wav,0,6.804,-4.086191654205322,4.94113826751709,rms_matched,False
125,35b57937a48c8fa81eaa6a6af0b8228f449a80b7228b9d97f8ba3a9963ecfdc2bd5c60372b83e4f7ca0133fbb9c4dfdbcb554dbf34c2a262de380f4d396f042a,hindi_griffinlim_eval_final/real_hindi/hindi_real_0125.wav,1,4.788,-0.5944842100143433,1.1170368194580078,rms_matched,False
125,35b57937a48c8fa81eaa6a6af0b8228f449a80b7228b9d97f8ba3a9963ecfdc2bd5c60372b83e4f7ca0133fbb9c4dfdbcb554dbf34c2a262de380f4d396f042a,hindi_griffinlim_eval_final/fake_hindi_griffinlim/hindi_fake_0125.wav,0,4.788,-0.431179940700531,0.9529771208763123,rms_matched,False
126,02a40eed38bf20ab1ddca1a5c60f5b2cadd5455be21c7a1ab8e87d65a6fec68495c0d24d8fecdfe3f9d132fdfa842dba33dca093df21b19f3d325519779d13d0,hindi_griffinlim_eval_final/real_hindi/hindi_real_0126.wav,1,5.868,5.688848495483398,-7.261627674102783,rms_matched,False
126,02a40eed38bf20ab1ddca1a5c60f5b2cadd5455be21c7a1ab8e87d65a6fec68495c0d24d8fecdfe3f9d132fdfa842dba33dca093df21b19f3d325519779d13d0,hindi_griffinlim_eval_final/fake_hindi_griffinlim/hindi_fake_0126.wav,0,5.868,-0.49825024604797363,1.032078742980957,rms_matched,False
127,6e20e06229081bf9c063f01cd7b3e0a759f5953624213afea5c397d4b7fe9a4dc5dae704a5faf61147d4155de50dc4a2cafdf78e7e2f8a3dc8633f276065b4cc,hindi_griffinlim_eval_final/real_hindi/hindi_real_0127.wav,1,4.5,2.3903558254241943,-3.0957822799682617,rms_matched,False
127,6e20e06229081bf9c063f01cd7b3e0a759f5953624213afea5c397d4b7fe9a4dc5dae704a5faf61147d4155de50dc4a2cafdf78e7e2f8a3dc8633f276065b4cc,hindi_griffinlim_eval_final/fake_hindi_griffinlim/hindi_fake_0127.wav,0,4.5,-2.1881771087646484,3.1122000217437744,rms_matched,False
128,a2b044a3cc841c74db098b363426777071a763d77db580920c5fc4e1955a9099b5c35c47b7e4225544e88c454349e2877524aacedf99fc459bfd50146fcb48d3,hindi_griffinlim_eval_final/real_hindi/hindi_real_0128.wav,1,5.22,3.2547380924224854,-4.108450889587402,rms_matched,False
128,a2b044a3cc841c74db098b363426777071a763d77db580920c5fc4e1955a9099b5c35c47b7e4225544e88c454349e2877524aacedf99fc459bfd50146fcb48d3,hindi_griffinlim_eval_final/fake_hindi_griffinlim/hindi_fake_0128.wav,0,5.22,-1.3476687669754028,2.066230535507202,rms_matched,False
129,0296590f079d0307e6a54bed03a9a137e124eae99c566ac40f5e14ff6f07084af6f1b3c11b51c8910d774cc6ae571696c616838249c2e12fe64eae03221496c8,hindi_griffinlim_eval_final/real_hindi/hindi_real_0129.wav,1,6.84,3.0073883533477783,-3.7944839000701904,rms_matched,False
129,0296590f079d0307e6a54bed03a9a137e124eae99c566ac40f5e14ff6f07084af6f1b3c11b51c8910d774cc6ae571696c616838249c2e12fe64eae03221496c8,hindi_griffinlim_eval_final/fake_hindi_griffinlim/hindi_fake_0129.wav,0,6.84,4.420341491699219,-5.445611953735352,rms_matched,False
130,8023dc679c28a4172456d8e4b741aba9ed1895ba41b8cd0fd18f02c6775991869a2b8c2802e6ee72defb8caf5ec8ccad0b6fe8fa2b264bb9448ebca8b25c5989,hindi_griffinlim_eval_final/real_hindi/hindi_real_0130.wav,1,6.588,-0.48405903577804565,0.6986281275749207,rms_matched,False
130,8023dc679c28a4172456d8e4b741aba9ed1895ba41b8cd0fd18f02c6775991869a2b8c2802e6ee72defb8caf5ec8ccad0b6fe8fa2b264bb9448ebca8b25c5989,hindi_griffinlim_eval_final/fake_hindi_griffinlim/hindi_fake_0130.wav,0,6.588,0.3422127366065979,-0.5769107937812805,rms_matched,False
131,aaf6b52267451edd43f92433e040803b7c695022ac637484427c841d61dddefbc79acf6b684ebc2769e18c649d9b7a520a0041ecb7898d3f7e49d804f477a3ac,hindi_griffinlim_eval_final/real_hindi/hindi_real_0131.wav,1,3.06,-1.7853270769119263,2.460461378097534,rms_matched,False
131,aaf6b52267451edd43f92433e040803b7c695022ac637484427c841d61dddefbc79acf6b684ebc2769e18c649d9b7a520a0041ecb7898d3f7e49d804f477a3ac,hindi_griffinlim_eval_final/fake_hindi_griffinlim/hindi_fake_0131.wav,0,3.06,5.730306148529053,-7.368249416351318,rms_matched,False
132,aa9327f862e22c8a7e7c1cc05e596b019cb19e79329dfd7495112ab3dafda315d4ab663885cb951c63be27858c37f1aa245b0907d689b37ee4db113148053cc6,hindi_griffinlim_eval_final/real_hindi/hindi_real_0132.wav,1,3.492,0.18594308197498322,-0.10128927230834961,rms_matched,False
132,aa9327f862e22c8a7e7c1cc05e596b019cb19e79329dfd7495112ab3dafda315d4ab663885cb951c63be27858c37f1aa245b0907d689b37ee4db113148053cc6,hindi_griffinlim_eval_final/fake_hindi_griffinlim/hindi_fake_0132.wav,0,3.492,-0.5739858150482178,0.48829516768455505,rms_matched,False
133,ff8d1bfdc7d8be2fd275f506691f3ba70d9d60666488ab551bcbb76c3fe93c7cfaa703f465f40b60131807d73913eb37830221336b6803114df015fb7caed36e,hindi_griffinlim_eval_final/real_hindi/hindi_real_0133.wav,1,3.528,-0.2933979630470276,0.23283058404922485,rms_matched,False
133,ff8d1bfdc7d8be2fd275f506691f3ba70d9d60666488ab551bcbb76c3fe93c7cfaa703f465f40b60131807d73913eb37830221336b6803114df015fb7caed36e,hindi_griffinlim_eval_final/fake_hindi_griffinlim/hindi_fake_0133.wav,0,3.528,-0.6094527840614319,1.2100768089294434,rms_matched,False
134,6b807daab3e34c4820b8d1479f760b35e44e818f9121ce49b70e8cf1fa61e9248b255de0499371b2da3b304c64dd088e8079a770832d3e1036b7d8fb52aebfc8,hindi_griffinlim_eval_final/real_hindi/hindi_real_0134.wav,1,6.12,0.2655099034309387,-0.3745823800563812,rms_matched,False
134,6b807daab3e34c4820b8d1479f760b35e44e818f9121ce49b70e8cf1fa61e9248b255de0499371b2da3b304c64dd088e8079a770832d3e1036b7d8fb52aebfc8,hindi_griffinlim_eval_final/fake_hindi_griffinlim/hindi_fake_0134.wav,0,6.12,-0.46630048751831055,0.9969496726989746,rms_matched,False
135,5e46ac50eb1d862c9c16cabb7768b1b412ed7ec5a51e13e22953cbb21d43c30f5addea8f5b6797634a95c8140661feb46f36a8e68d9968dc8452c0ac88af7e59,hindi_griffinlim_eval_final/real_hindi/hindi_real_0135.wav,1,3.78,0.1673291176557541,-0.07178226113319397,rms_matched,False
135,5e46ac50eb1d862c9c16cabb7768b1b412ed7ec5a51e13e22953cbb21d43c30f5addea8f5b6797634a95c8140661feb46f36a8e68d9968dc8452c0ac88af7e59,hindi_griffinlim_eval_final/fake_hindi_griffinlim/hindi_fake_0135.wav,0,3.78,0.6254888772964478,-1.128114938735962,rms_matched,False
136,7645441bdc18d3b030505861df550d84664b9a9931552e1efeafab2fc218b84b74173a02073f3ab449dfd6be412293b9bfbe39fc0b97793fff0f586d8212ca0d,hindi_griffinlim_eval_final/real_hindi/hindi_real_0136.wav,1,5.076,2.806060314178467,-3.634036064147949,rms_matched,False
136,7645441bdc18d3b030505861df550d84664b9a9931552e1efeafab2fc218b84b74173a02073f3ab449dfd6be412293b9bfbe39fc0b97793fff0f586d8212ca0d,hindi_griffinlim_eval_final/fake_hindi_griffinlim/hindi_fake_0136.wav,0,5.076,-4.068129062652588,4.807220458984375,rms_matched,False
137,90b97ef0ba555036393f0384c8e6f86e4106dc805efe211de0476387e0aa1b4ba028900e2d59bd67c2c14f82e16765211bded26276241d0c0173fa32e166b9b2,hindi_griffinlim_eval_final/real_hindi/hindi_real_0137.wav,1,3.276,-0.2610907554626465,0.3865342140197754,rms_matched,False
137,90b97ef0ba555036393f0384c8e6f86e4106dc805efe211de0476387e0aa1b4ba028900e2d59bd67c2c14f82e16765211bded26276241d0c0173fa32e166b9b2,hindi_griffinlim_eval_final/fake_hindi_griffinlim/hindi_fake_0137.wav,0,3.276,-0.6761230230331421,1.2661571502685547,rms_matched,False
138,439f45a458aa3fb2b90c635b0b8f07e4182c5aec6177ec417f91ee355768fc1655301d31a1c35a6a1727014480d611123576f5e9f6c96385b515a83690d70366,hindi_griffinlim_eval_final/real_hindi/hindi_real_0138.wav,1,4.5,-0.12642838060855865,0.21667152643203735,rms_matched,False
138,439f45a458aa3fb2b90c635b0b8f07e4182c5aec6177ec417f91ee355768fc1655301d31a1c35a6a1727014480d611123576f5e9f6c96385b515a83690d70366,hindi_griffinlim_eval_final/fake_hindi_griffinlim/hindi_fake_0138.wav,0,4.5,-0.4348898231983185,1.0570275783538818,rms_matched,False
139,cb191bbd6bef46c81c9d5a49421a071897ee938b184fb94525d71950769ff71a8e4c5380bac3087cf73f11082371a95a9e76e594ba58d9520d5892e39d9d167e,hindi_griffinlim_eval_final/real_hindi/hindi_real_0139.wav,1,5.58,-3.070910930633545,3.4627346992492676,rms_matched,False
139,cb191bbd6bef46c81c9d5a49421a071897ee938b184fb94525d71950769ff71a8e4c5380bac3087cf73f11082371a95a9e76e594ba58d9520d5892e39d9d167e,hindi_griffinlim_eval_final/fake_hindi_griffinlim/hindi_fake_0139.wav,0,5.58,-5.095600128173828,5.841721534729004,rms_matched,False
140,b78cf5eebb8ae39161b94c37c3e8aa39f57e5639997972f1ec983cb9f44fcefc18f1c4227b3d8b263477f3444fe05696da0cbd5dacd3cb3900b2cbcf2370b155,hindi_griffinlim_eval_final/real_hindi/hindi_real_0140.wav,1,5.328,4.879061698913574,-6.167113304138184,rms_matched,False
140,b78cf5eebb8ae39161b94c37c3e8aa39f57e5639997972f1ec983cb9f44fcefc18f1c4227b3d8b263477f3444fe05696da0cbd5dacd3cb3900b2cbcf2370b155,hindi_griffinlim_eval_final/fake_hindi_griffinlim/hindi_fake_0140.wav,0,5.328,-0.6316274404525757,1.1418476104736328,rms_matched,False
141,3f0b866ee8d4499e4c0de09d34862acbb1ea0139f53bf7f1271a8648fb35d9a3a31272a8bc7af870e3b52bf7f4cb51ae512fa07df79663eaeafa30221c0b200b,hindi_griffinlim_eval_final/real_hindi/hindi_real_0141.wav,1,4.896,-4.075427532196045,4.876617431640625,peak_normalized,True
141,3f0b866ee8d4499e4c0de09d34862acbb1ea0139f53bf7f1271a8648fb35d9a3a31272a8bc7af870e3b52bf7f4cb51ae512fa07df79663eaeafa30221c0b200b,hindi_griffinlim_eval_final/fake_hindi_griffinlim/hindi_fake_0141.wav,0,4.896,-5.533791542053223,6.310334205627441,peak_normalized,True
142,389842e0cd33cfb9876ef3d2f0e50eb0d9842d3a72efb647244e2cab4f456609c2fe3c3584b5307808cc70d8a9f6cbc18617ef2eadf45ed518b03c0dee8dfd87,hindi_griffinlim_eval_final/real_hindi/hindi_real_0142.wav,1,5.784,1.1023203134536743,-1.5471137762069702,peak_normalized,True
142,389842e0cd33cfb9876ef3d2f0e50eb0d9842d3a72efb647244e2cab4f456609c2fe3c3584b5307808cc70d8a9f6cbc18617ef2eadf45ed518b03c0dee8dfd87,hindi_griffinlim_eval_final/fake_hindi_griffinlim/hindi_fake_0142.wav,0,5.784,0.6984066367149353,-1.049138069152832,peak_normalized,True
143,1ab26689a68e6aeb9ee56daf140f5d65c19295d6b65eaef9f51f22cbd867b635758194eb9640790ea7d37a0de2bd5d0f235fb7662cc80dda56261f92c3cb4475,hindi_griffinlim_eval_final/real_hindi/hindi_real_0143.wav,1,3.096,5.630178928375244,-7.136603355407715,rms_matched,False
143,1ab26689a68e6aeb9ee56daf140f5d65c19295d6b65eaef9f51f22cbd867b635758194eb9640790ea7d37a0de2bd5d0f235fb7662cc80dda56261f92c3cb4475,hindi_griffinlim_eval_final/fake_hindi_griffinlim/hindi_fake_0143.wav,0,3.096,1.7314728498458862,-2.6470727920532227,rms_matched,False
144,ac38b13197dccd9b8389b7ea08fa62f18a0ad7549e1dcb0ac6d9a05f3c3cf0e1a38c50b32020c420310616620b70345d1c7ec60431e9af8f1dd471d271dd2c81,hindi_griffinlim_eval_final/real_hindi/hindi_real_0144.wav,1,4.176,0.050077978521585464,-0.14847426116466522,rms_matched,False
144,ac38b13197dccd9b8389b7ea08fa62f18a0ad7549e1dcb0ac6d9a05f3c3cf0e1a38c50b32020c420310616620b70345d1c7ec60431e9af8f1dd471d271dd2c81,hindi_griffinlim_eval_final/fake_hindi_griffinlim/hindi_fake_0144.wav,0,4.176,-5.209214210510254,5.995450973510742,rms_matched,False
145,ef72dad515c406393c07ffac9b57e6cd1e83073c82a001d49ea19a30fd9976d0d50d4c5cffcfdbec8ea222c152695775d85c227194f2e56516531e1c8e76ff70,hindi_griffinlim_eval_final/real_hindi/hindi_real_0145.wav,1,3.048,5.708256244659424,-7.4040069580078125,rms_matched,False
145,ef72dad515c406393c07ffac9b57e6cd1e83073c82a001d49ea19a30fd9976d0d50d4c5cffcfdbec8ea222c152695775d85c227194f2e56516531e1c8e76ff70,hindi_griffinlim_eval_final/fake_hindi_griffinlim/hindi_fake_0145.wav,0,3.048,-0.5913089513778687,0.9294111728668213,rms_matched,False
146,51ac71db84d066b7c2fe1dd940f0e75602010e8a2c0a23df2b47108a43c6df09aea35278f729be243a1d02576df693c13705cc367b391889be00e5a572b08fb5,hindi_griffinlim_eval_final/real_hindi/hindi_real_0146.wav,1,7.452,-3.6826744079589844,4.597573280334473,rms_matched,False
146,51ac71db84d066b7c2fe1dd940f0e75602010e8a2c0a23df2b47108a43c6df09aea35278f729be243a1d02576df693c13705cc367b391889be00e5a572b08fb5,hindi_griffinlim_eval_final/fake_hindi_griffinlim/hindi_fake_0146.wav,0,7.452,1.0747778415679932,-1.566821575164795,rms_matched,False
147,9929c6f2b01a8c28f2e56c628d79399fb1e541643209aa4c5e28768681147947cad19a67ec59f260cf85a4586e3d35fe427119ab932c78c14583d719abff7062,hindi_griffinlim_eval_final/real_hindi/hindi_real_0147.wav,1,4.32,4.9539923667907715,-6.349560737609863,rms_matched,False
147,9929c6f2b01a8c28f2e56c628d79399fb1e541643209aa4c5e28768681147947cad19a67ec59f260cf85a4586e3d35fe427119ab932c78c14583d719abff7062,hindi_griffinlim_eval_final/fake_hindi_griffinlim/hindi_fake_0147.wav,0,4.32,-2.9538538455963135,3.7962188720703125,rms_matched,False
148,6df5947ecd6093ba0b8088111d11231f209c5377b37d2ec78fb66df1c555d0c218e4a7dfd601f4d5395ec9f0579ec4eca44d2fd60b09e80bc62ef446ea485886,hindi_griffinlim_eval_final/real_hindi/hindi_real_0148.wav,1,3.42,-5.983757019042969,6.870102882385254,rms_matched,False
148,6df5947ecd6093ba0b8088111d11231f209c5377b37d2ec78fb66df1c555d0c218e4a7dfd601f4d5395ec9f0579ec4eca44d2fd60b09e80bc62ef446ea485886,hindi_griffinlim_eval_final/fake_hindi_griffinlim/hindi_fake_0148.wav,0,3.42,-0.5049405097961426,1.0805269479751587,rms_matched,False
149,43bc745f9a7b6bd69a6cf5af88d6d8a31436266533dfa04def07f906d4fd43867f88a11badb4e6b57aefd010b66136392f98b79281d97eebcad6333be3d07cb2,hindi_griffinlim_eval_final/real_hindi/hindi_real_0149.wav,1,3.996,4.2812652587890625,-5.29273796081543,rms_matched,False
149,43bc745f9a7b6bd69a6cf5af88d6d8a31436266533dfa04def07f906d4fd43867f88a11badb4e6b57aefd010b66136392f98b79281d97eebcad6333be3d07cb2,hindi_griffinlim_eval_final/fake_hindi_griffinlim/hindi_fake_0149.wav,0,3.996,-0.9014008045196533,1.5199329853057861,rms_matched,False
150,c9e3c968c1d5b3622fc320ddfee5e4f9ab20a053ad60bc247ae48a626a9989bc2687e3e054f55a444c9ccb71e2ddce887fc8fdfa617ebb5e9d4771676d8074b4,hindi_griffinlim_eval_final/real_hindi/hindi_real_0150.wav,1,6.444,0.11759336292743683,-0.2284710705280304,rms_matched,False
150,c9e3c968c1d5b3622fc320ddfee5e4f9ab20a053ad60bc247ae48a626a9989bc2687e3e054f55a444c9ccb71e2ddce887fc8fdfa617ebb5e9d4771676d8074b4,hindi_griffinlim_eval_final/fake_hindi_griffinlim/hindi_fake_0150.wav,0,6.444,0.8358750343322754,-1.3835365772247314,rms_matched,False
151,80d92595b38c164010ef7313465d16463f2c96fa6fc022b2e01e189d36b259ca8c60d34dedd33eb9e2efc010529edd502641106737ba607a53218e01e86be40a,hindi_griffinlim_eval_final/real_hindi/hindi_real_0151.wav,1,7.38,-0.9685380458831787,1.3716858625411987,rms_matched,False
151,80d92595b38c164010ef7313465d16463f2c96fa6fc022b2e01e189d36b259ca8c60d34dedd33eb9e2efc010529edd502641106737ba607a53218e01e86be40a,hindi_griffinlim_eval_final/fake_hindi_griffinlim/hindi_fake_0151.wav,0,7.38,-1.717726707458496,2.5184707641601562,rms_matched,False
152,42dbccb16fa1ce50253a96dee532a7c4030f9daa92599271e4c0692efc8e58f669205bbcedf0ddf1f51f1e5753260ad39f6e0a5e6f85d5d24b3c5b3a20114c4c,hindi_griffinlim_eval_final/real_hindi/hindi_real_0152.wav,1,4.248,4.543108940124512,-5.63015604019165,rms_matched,False
152,42dbccb16fa1ce50253a96dee532a7c4030f9daa92599271e4c0692efc8e58f669205bbcedf0ddf1f51f1e5753260ad39f6e0a5e6f85d5d24b3c5b3a20114c4c,hindi_griffinlim_eval_final/fake_hindi_griffinlim/hindi_fake_0152.wav,0,4.248,0.9955211877822876,-1.697525978088379,rms_matched,False
153,551ead2654838dfeb5faff96cbcc6d7ca4ac208e9f84293d31d5c89ae3e612bcc525e7f2cc8a050c834c1d550d9880c84e908cf0c4e90a885b36001c989f7aa6,hindi_griffinlim_eval_final/real_hindi/hindi_real_0153.wav,1,4.788,4.4707818031311035,-5.735437870025635,rms_matched,False
153,551ead2654838dfeb5faff96cbcc6d7ca4ac208e9f84293d31d5c89ae3e612bcc525e7f2cc8a050c834c1d550d9880c84e908cf0c4e90a885b36001c989f7aa6,hindi_griffinlim_eval_final/fake_hindi_griffinlim/hindi_fake_0153.wav,0,4.788,-0.7330468893051147,1.2043085098266602,rms_matched,False
154,5191b8af39731f5141ffac823e13e25016e5b3109209f12d3337bdfc92ddff74ea717e293a01fe3b90fb2be2a87b0621cc385140b097b7e6d76f1d2e2f319d74,hindi_griffinlim_eval_final/real_hindi/hindi_real_0154.wav,1,6.696,3.506287097930908,-4.401601791381836,rms_matched,False
154,5191b8af39731f5141ffac823e13e25016e5b3109209f12d3337bdfc92ddff74ea717e293a01fe3b90fb2be2a87b0621cc385140b097b7e6d76f1d2e2f319d74,hindi_griffinlim_eval_final/fake_hindi_griffinlim/hindi_fake_0154.wav,0,6.696,-5.551457405090332,6.45268440246582,rms_matched,False
155,d24af5ee15190d3fc14dfc4ee3c75c75fe66fb537d4c7cf94e0e7d489ba442240b112a68a9dcd921ed48aaf17649bacd187e913bf4f22c1471cdc0fd263e9aa7,hindi_griffinlim_eval_final/real_hindi/hindi_real_0155.wav,1,5.904,2.8900768756866455,-3.6427369117736816,rms_matched,False
155,d24af5ee15190d3fc14dfc4ee3c75c75fe66fb537d4c7cf94e0e7d489ba442240b112a68a9dcd921ed48aaf17649bacd187e913bf4f22c1471cdc0fd263e9aa7,hindi_griffinlim_eval_final/fake_hindi_griffinlim/hindi_fake_0155.wav,0,5.904,-4.993661880493164,5.833560466766357,rms_matched,False
156,55facf37cfec7564d08860906bdb688d9e2c45d7ac50a054dcc66778b3b1a10a9489051097f6fe9232742597187752dc71f4f0432aa771771721c259ff4324c7,hindi_griffinlim_eval_final/real_hindi/hindi_real_0156.wav,1,5.94,-0.15071986615657806,0.21179044246673584,rms_matched,False
156,55facf37cfec7564d08860906bdb688d9e2c45d7ac50a054dcc66778b3b1a10a9489051097f6fe9232742597187752dc71f4f0432aa771771721c259ff4324c7,hindi_griffinlim_eval_final/fake_hindi_griffinlim/hindi_fake_0156.wav,0,5.94,-2.8289735317230225,3.6778645515441895,rms_matched,False
157,550c775712c46fac6b29f44c8e1e47790ad3d24a4596e9befdad47efbafbcd202634809eed3f54d8b62ec448b24bbe8a67c224d24ae7ed2b6870581a3fd2dcd3,hindi_griffinlim_eval_final/real_hindi/hindi_real_0157.wav,1,4.248,4.787570953369141,-6.150169372558594,rms_matched,False
157,550c775712c46fac6b29f44c8e1e47790ad3d24a4596e9befdad47efbafbcd202634809eed3f54d8b62ec448b24bbe8a67c224d24ae7ed2b6870581a3fd2dcd3,hindi_griffinlim_eval_final/fake_hindi_griffinlim/hindi_fake_0157.wav,0,4.248,-3.7457170486450195,4.688701629638672,rms_matched,False
158,5a6f47bcb6c561dcfa6961b198d280ba77d188c7e511b84b1481770b1878583bcc74c8674f4f862c9ccbb54f4cfa3b2919ef94c8ace1c6fb22abe7c70365f402,hindi_griffinlim_eval_final/real_hindi/hindi_real_0158.wav,1,6.66,-0.03576141223311424,0.13308832049369812,rms_matched,False
158,5a6f47bcb6c561dcfa6961b198d280ba77d188c7e511b84b1481770b1878583bcc74c8674f4f862c9ccbb54f4cfa3b2919ef94c8ace1c6fb22abe7c70365f402,hindi_griffinlim_eval_final/fake_hindi_griffinlim/hindi_fake_0158.wav,0,6.66,-4.636747360229492,5.440436363220215,rms_matched,False
159,256a0ab2364a69f69c073cac0258702b33d8269739cd421abc11e45a2c7678787e46498a06ee3a13077e9dfea487f22061fc549def882ff192ca5fb1d2671807,hindi_griffinlim_eval_final/real_hindi/hindi_real_0159.wav,1,4.32,-0.17960388958454132,0.054102182388305664,rms_matched,False
159,256a0ab2364a69f69c073cac0258702b33d8269739cd421abc11e45a2c7678787e46498a06ee3a13077e9dfea487f22061fc549def882ff192ca5fb1d2671807,hindi_griffinlim_eval_final/fake_hindi_griffinlim/hindi_fake_0159.wav,0,4.32,6.333089828491211,-8.230891227722168,rms_matched,False
160,3255dc44d5426ad255e14c4db4d12b224dfffd1e594a400a47cee7aafcd670d56a9834052a13be30307100ec6a3e1f8bffe33260e25f32c5a89ef64c744c0433,hindi_griffinlim_eval_final/real_hindi/hindi_real_0160.wav,1,4.932,5.198756694793701,-6.831575870513916,rms_matched,False
160,3255dc44d5426ad255e14c4db4d12b224dfffd1e594a400a47cee7aafcd670d56a9834052a13be30307100ec6a3e1f8bffe33260e25f32c5a89ef64c744c0433,hindi_griffinlim_eval_final/fake_hindi_griffinlim/hindi_fake_0160.wav,0,4.932,5.7132368087768555,-7.318313121795654,rms_matched,False
161,42adfde56dd3d69ed58436d1e8a55fac999afb0e390ebc65c299c3cd2b7258cb079683412241e54e7fa275e56a02bd19a10d6a17fead09988cd0fad2e6061e7b,hindi_griffinlim_eval_final/real_hindi/hindi_real_0161.wav,1,5.94,4.636845588684082,-5.879513740539551,rms_matched,False
161,42adfde56dd3d69ed58436d1e8a55fac999afb0e390ebc65c299c3cd2b7258cb079683412241e54e7fa275e56a02bd19a10d6a17fead09988cd0fad2e6061e7b,hindi_griffinlim_eval_final/fake_hindi_griffinlim/hindi_fake_0161.wav,0,5.94,-5.185497283935547,5.9445481300354,rms_matched,False
162,58913ffb4a411d7b14318c0cadbfb8ccdf1ed3dd5c7173b948c382329be9bb3fd15f6a5b863c94639786da4b32fa679087d9b0d4a04711dec86e1b82ed92c369,hindi_griffinlim_eval_final/real_hindi/hindi_real_0162.wav,1,6.408,-0.7195007801055908,1.1566462516784668,rms_matched,False
162,58913ffb4a411d7b14318c0cadbfb8ccdf1ed3dd5c7173b948c382329be9bb3fd15f6a5b863c94639786da4b32fa679087d9b0d4a04711dec86e1b82ed92c369,hindi_griffinlim_eval_final/fake_hindi_griffinlim/hindi_fake_0162.wav,0,6.408,-3.1982638835906982,4.014512062072754,rms_matched,False
163,5ed8ac2780bfa08239e0aaa23e691fbf20930452cfd1163db395388d3dbff09ffc862aedc9ce80763a39a782ecb2ad5f729198b4f8565adbfc50bb5327957cc2,hindi_griffinlim_eval_final/real_hindi/hindi_real_0163.wav,1,6.3,-1.1800528764724731,1.5640586614608765,rms_matched,False
163,5ed8ac2780bfa08239e0aaa23e691fbf20930452cfd1163db395388d3dbff09ffc862aedc9ce80763a39a782ecb2ad5f729198b4f8565adbfc50bb5327957cc2,hindi_griffinlim_eval_final/fake_hindi_griffinlim/hindi_fake_0163.wav,0,6.3,-2.649839162826538,3.4342546463012695,rms_matched,False
164,ff8f23f061245d69de7cccf1ee33e0ebd713c56e08f5a4a2f4732746be391af221f711cf9aee47cf8cc4c6402985c5231bff4ac03eaaa1e1a1cef4e1cdaf2936,hindi_griffinlim_eval_final/real_hindi/hindi_real_0164.wav,1,6.336,-6.171019554138184,7.14037561416626,rms_matched,False
164,ff8f23f061245d69de7cccf1ee33e0ebd713c56e08f5a4a2f4732746be391af221f711cf9aee47cf8cc4c6402985c5231bff4ac03eaaa1e1a1cef4e1cdaf2936,hindi_griffinlim_eval_final/fake_hindi_griffinlim/hindi_fake_0164.wav,0,6.336,3.364229440689087,-4.115230083465576,rms_matched,False
165,ad5e39137a4e6b3d63af8cb8c0616cf40e99a3d4e3b2d21118d8229a2c45c9cf229a042465be9620e596282b99a880abfc64e732d2898b8e3264a6a3e1871102,hindi_griffinlim_eval_final/real_hindi/hindi_real_0165.wav,1,7.74,3.0981011390686035,-3.9526000022888184,rms_matched,False
165,ad5e39137a4e6b3d63af8cb8c0616cf40e99a3d4e3b2d21118d8229a2c45c9cf229a042465be9620e596282b99a880abfc64e732d2898b8e3264a6a3e1871102,hindi_griffinlim_eval_final/fake_hindi_griffinlim/hindi_fake_0165.wav,0,7.74,4.771488189697266,-5.978519439697266,rms_matched,False
166,3d60da54a5e96710c627c37362c5f17d026c725b99466b5596f08c6584beafa8dd546aff3ef61dd1cfda5150cdd82d08970d8ad36a49e933571b903361a6cbdd,hindi_griffinlim_eval_final/real_hindi/hindi_real_0166.wav,1,6.12,4.572021484375,-5.779604911804199,rms_matched,False
166,3d60da54a5e96710c627c37362c5f17d026c725b99466b5596f08c6584beafa8dd546aff3ef61dd1cfda5150cdd82d08970d8ad36a49e933571b903361a6cbdd,hindi_griffinlim_eval_final/fake_hindi_griffinlim/hindi_fake_0166.wav,0,6.12,3.3214166164398193,-4.11302375793457,rms_matched,False
167,ae1ae84ba2341eb4c7c3fa47026ddc0b784387b58fa28c0a69f32c966e590141de3da70921c65c3477fb49575fab03213843d087f177422adb685978ca5c4b13,hindi_griffinlim_eval_final/real_hindi/hindi_real_0167.wav,1,4.932,6.001575946807861,-7.741176605224609,rms_matched,False
167,ae1ae84ba2341eb4c7c3fa47026ddc0b784387b58fa28c0a69f32c966e590141de3da70921c65c3477fb49575fab03213843d087f177422adb685978ca5c4b13,hindi_griffinlim_eval_final/fake_hindi_griffinlim/hindi_fake_0167.wav,0,4.932,-1.4605644941329956,2.221787214279175,rms_matched,False
168,2755cbb1978d17293826c36025fffd2b0966f60a48ee026f909afce38191de6da445c4ee2d684bf32d65bb5779ea78ba4f2360baac46e6f48710b9c531277adc,hindi_griffinlim_eval_final/real_hindi/hindi_real_0168.wav,1,5.256,-0.9429938793182373,1.4730178117752075,rms_matched,False
168,2755cbb1978d17293826c36025fffd2b0966f60a48ee026f909afce38191de6da445c4ee2d684bf32d65bb5779ea78ba4f2360baac46e6f48710b9c531277adc,hindi_griffinlim_eval_final/fake_hindi_griffinlim/hindi_fake_0168.wav,0,5.256,-2.8736753463745117,3.754333019256592,rms_matched,False
169,c127090a8261671f4e68cc31639996579099a014bbd65dc05c580ea8961637ae6978ac28c265bbba5145400258f062bf70f582aac610a13525cacf73579563bd,hindi_griffinlim_eval_final/real_hindi/hindi_real_0169.wav,1,3.636,2.2163023948669434,-3.0621538162231445,rms_matched,False
169,c127090a8261671f4e68cc31639996579099a014bbd65dc05c580ea8961637ae6978ac28c265bbba5145400258f062bf70f582aac610a13525cacf73579563bd,hindi_griffinlim_eval_final/fake_hindi_griffinlim/hindi_fake_0169.wav,0,3.636,-4.302700996398926,5.26131010055542,rms_matched,False
170,cb80d11c3532ab20b83037029cb1c2394ea6339f697e7101b9288365e3387903da82dc7d32bb6f1a45d5659f6ffacc187711e06195561c5e4f09721683bbd761,hindi_griffinlim_eval_final/real_hindi/hindi_real_0170.wav,1,6.024,4.070799827575684,-5.201976776123047,rms_matched,False
170,cb80d11c3532ab20b83037029cb1c2394ea6339f697e7101b9288365e3387903da82dc7d32bb6f1a45d5659f6ffacc187711e06195561c5e4f09721683bbd761,hindi_griffinlim_eval_final/fake_hindi_griffinlim/hindi_fake_0170.wav,0,6.024,-2.1291534900665283,2.873666286468506,rms_matched,False
171,00d8f7a5ea747472015787836b4694d24375a49cf2ca78088c1d29494110637aafa66bc0d135549c19cfc68886760475c2ae2584673c8d57e77eb82d3ddd6109,hindi_griffinlim_eval_final/real_hindi/hindi_real_0171.wav,1,4.86,-1.6485170125961304,2.194040060043335,rms_matched,False
171,00d8f7a5ea747472015787836b4694d24375a49cf2ca78088c1d29494110637aafa66bc0d135549c19cfc68886760475c2ae2584673c8d57e77eb82d3ddd6109,hindi_griffinlim_eval_final/fake_hindi_griffinlim/hindi_fake_0171.wav,0,4.86,-3.03635573387146,3.9207634925842285,rms_matched,False
172,90041b5706ee244ae468f77fc173f418af7eaeaf77e9e240c6591775adf0b6ec1c2f106f53801ddbf0589017f91e6a1a6eada42c508689e48968b979a528588a,hindi_griffinlim_eval_final/real_hindi/hindi_real_0172.wav,1,3.816,4.149748802185059,-5.228616714477539,rms_matched,False
172,90041b5706ee244ae468f77fc173f418af7eaeaf77e9e240c6591775adf0b6ec1c2f106f53801ddbf0589017f91e6a1a6eada42c508689e48968b979a528588a,hindi_griffinlim_eval_final/fake_hindi_griffinlim/hindi_fake_0172.wav,0,3.816,-0.7157911658287048,0.9456456303596497,rms_matched,False
173,f46c93c748a0c35594f074957a1b3ee72c090d5d18df96adad96f0ce2b54206b31c17b71d8553a83b3e053869270a1823fdc46be2f35cb0fd9f65d05cf8c568e,hindi_griffinlim_eval_final/real_hindi/hindi_real_0173.wav,1,7.128,3.8917365074157715,-4.977677345275879,rms_matched,False
173,f46c93c748a0c35594f074957a1b3ee72c090d5d18df96adad96f0ce2b54206b31c17b71d8553a83b3e053869270a1823fdc46be2f35cb0fd9f65d05cf8c568e,hindi_griffinlim_eval_final/fake_hindi_griffinlim/hindi_fake_0173.wav,0,7.128,4.193841457366943,-5.233723163604736,rms_matched,False
174,76ae0779e8b42a6cebddc96f1c8be8cd17dc128ea3dc6c77c1afef491eb3334aec08ac644ce6b553783bec6530bcd7a8d7869d249d8fc4cbf394c176c2a03fe0,hindi_griffinlim_eval_final/real_hindi/hindi_real_0174.wav,1,4.248,5.325422286987305,-6.777214527130127,rms_matched,False
174,76ae0779e8b42a6cebddc96f1c8be8cd17dc128ea3dc6c77c1afef491eb3334aec08ac644ce6b553783bec6530bcd7a8d7869d249d8fc4cbf394c176c2a03fe0,hindi_griffinlim_eval_final/fake_hindi_griffinlim/hindi_fake_0174.wav,0,4.248,-0.4599962830543518,0.5353909134864807,rms_matched,False
175,aaf6b52267451edd43f92433e040803b7c695022ac637484427c841d61dddefbc79acf6b684ebc2769e18c649d9b7a520a0041ecb7898d3f7e49d804f477a3ac,hindi_griffinlim_eval_final/real_hindi/hindi_real_0175.wav,1,2.664,-4.170319557189941,4.9174957275390625,rms_matched,False
175,aaf6b52267451edd43f92433e040803b7c695022ac637484427c841d61dddefbc79acf6b684ebc2769e18c649d9b7a520a0041ecb7898d3f7e49d804f477a3ac,hindi_griffinlim_eval_final/fake_hindi_griffinlim/hindi_fake_0175.wav,0,2.664,6.118137359619141,-7.913684844970703,rms_matched,False
176,aae384c088b18eed8da9fe141de09f584054ad55ee2a6514c682c1bd425784ed886c928e35a66fa611ccad98b44274839b2b5f7c3fe678e1c8740cfc90389187,hindi_griffinlim_eval_final/real_hindi/hindi_real_0176.wav,1,3.06,3.8948473930358887,-5.075047969818115,rms_matched,False
176,aae384c088b18eed8da9fe141de09f584054ad55ee2a6514c682c1bd425784ed886c928e35a66fa611ccad98b44274839b2b5f7c3fe678e1c8740cfc90389187,hindi_griffinlim_eval_final/fake_hindi_griffinlim/hindi_fake_0176.wav,0,3.06,-1.4573653936386108,1.9882490634918213,rms_matched,False
177,ffcbc3951f469a43cf363b5df83d56ab30c65a40bb5bf05ee2ae8f98f55d6c76d8cf505d8bd32cf189c373ef1e0a52d01d2fc3cfeea863dd3ea1546eb2ef68cf,hindi_griffinlim_eval_final/real_hindi/hindi_real_0177.wav,1,6.696,4.5890069007873535,-5.765600204467773,rms_matched,False
177,ffcbc3951f469a43cf363b5df83d56ab30c65a40bb5bf05ee2ae8f98f55d6c76d8cf505d8bd32cf189c373ef1e0a52d01d2fc3cfeea863dd3ea1546eb2ef68cf,hindi_griffinlim_eval_final/fake_hindi_griffinlim/hindi_fake_0177.wav,0,6.696,-2.2233572006225586,3.037937641143799,rms_matched,False
178,23dd6e26b3a5106b8ad2de2def45e53280a12df6c47364b2bf652743a0198329d4e46b73fe42287703f0146d0bdb9be101cb22064f7b79578248fdc2ca2085f0,hindi_griffinlim_eval_final/real_hindi/hindi_real_0178.wav,1,5.328,3.353442668914795,-4.329766750335693,rms_matched,False
178,23dd6e26b3a5106b8ad2de2def45e53280a12df6c47364b2bf652743a0198329d4e46b73fe42287703f0146d0bdb9be101cb22064f7b79578248fdc2ca2085f0,hindi_griffinlim_eval_final/fake_hindi_griffinlim/hindi_fake_0178.wav,0,5.328,-0.8286003470420837,1.2741742134094238,rms_matched,False
179,807d2d7c9c8215754978fae4f17e36eb94cecc9ae19fe736e8d34d12bb62a75c0a67fbffd21303dc8908bb876f10a3f50e3174c8ca7b0cd61245d875cafffc70,hindi_griffinlim_eval_final/real_hindi/hindi_real_0179.wav,1,5.076,-2.711455821990967,3.4701194763183594,rms_matched,False
179,807d2d7c9c8215754978fae4f17e36eb94cecc9ae19fe736e8d34d12bb62a75c0a67fbffd21303dc8908bb876f10a3f50e3174c8ca7b0cd61245d875cafffc70,hindi_griffinlim_eval_final/fake_hindi_griffinlim/hindi_fake_0179.wav,0,5.076,0.09088265150785446,-0.13313689827919006,rms_matched,False
180,c1edd0ef566e809ba01bf1a3011df6cd0fbf6a1675ba8002e671dd7b16588ea30ff434c78aaae27b190d16c6d7bd32bdd4a6b1ca631c0b3f819e807b3cdef585,hindi_griffinlim_eval_final/real_hindi/hindi_real_0180.wav,1,4.284,5.0390849113464355,-6.43260383605957,rms_matched,False
180,c1edd0ef566e809ba01bf1a3011df6cd0fbf6a1675ba8002e671dd7b16588ea30ff434c78aaae27b190d16c6d7bd32bdd4a6b1ca631c0b3f819e807b3cdef585,hindi_griffinlim_eval_final/fake_hindi_griffinlim/hindi_fake_0180.wav,0,4.284,6.362807750701904,-8.232223510742188,rms_matched,False
181,3db6bed8f713bb226c8e1414c97e0da016bf5573c7281dda13149cf951a3bab57698d09a84cbf226aebc5f978c42bbb83ee009e4e787f7674304a0ef235be968,hindi_griffinlim_eval_final/real_hindi/hindi_real_0181.wav,1,5.976,4.133087158203125,-5.437541961669922,rms_matched,False
181,3db6bed8f713bb226c8e1414c97e0da016bf5573c7281dda13149cf951a3bab57698d09a84cbf226aebc5f978c42bbb83ee009e4e787f7674304a0ef235be968,hindi_griffinlim_eval_final/fake_hindi_griffinlim/hindi_fake_0181.wav,0,5.976,2.162395477294922,-2.796456813812256,rms_matched,False
182,551ead2654838dfeb5faff96cbcc6d7ca4ac208e9f84293d31d5c89ae3e612bcc525e7f2cc8a050c834c1d550d9880c84e908cf0c4e90a885b36001c989f7aa6,hindi_griffinlim_eval_final/real_hindi/hindi_real_0182.wav,1,5.688,1.0116608142852783,-1.3703333139419556,rms_matched,False
182,551ead2654838dfeb5faff96cbcc6d7ca4ac208e9f84293d31d5c89ae3e612bcc525e7f2cc8a050c834c1d550d9880c84e908cf0c4e90a885b36001c989f7aa6,hindi_griffinlim_eval_final/fake_hindi_griffinlim/hindi_fake_0182.wav,0,5.688,-0.6581112146377563,1.064178466796875,rms_matched,False
183,e811478820937736d1074ae0c51bf72791cd1029b63b639e8dd3ab8f6d8ce46e9eed447dd3edfeca171695425e9496970dbbe5f3cb9b07cba7fed66459eff2c3,hindi_griffinlim_eval_final/real_hindi/hindi_real_0183.wav,1,3.528,1.825344204902649,-2.7139487266540527,rms_matched,False
183,e811478820937736d1074ae0c51bf72791cd1029b63b639e8dd3ab8f6d8ce46e9eed447dd3edfeca171695425e9496970dbbe5f3cb9b07cba7fed66459eff2c3,hindi_griffinlim_eval_final/fake_hindi_griffinlim/hindi_fake_0183.wav,0,3.528,4.917114734649658,-6.01984977722168,rms_matched,False
184,9392443e20fff21db185ec2e21925398c267cdaec962d7a8bff381ae171fd3563894988fe4244da0866881fb39e56492843fac59b139c31b99211d6c8f44c2ac,hindi_griffinlim_eval_final/real_hindi/hindi_real_0184.wav,1,5.22,3.6259469985961914,-4.5305023193359375,rms_matched,False
184,9392443e20fff21db185ec2e21925398c267cdaec962d7a8bff381ae171fd3563894988fe4244da0866881fb39e56492843fac59b139c31b99211d6c8f44c2ac,hindi_griffinlim_eval_final/fake_hindi_griffinlim/hindi_fake_0184.wav,0,5.22,-0.4465818703174591,1.0161664485931396,rms_matched,False
185,d09397973383a68b428b2de77fa5f97b990441e1d4f668eca001e162425c7928eb19441bc4e961b80af9f9414a3d1ce66d15cc8fde6c11fbb24bf65ac1eddcf0,hindi_griffinlim_eval_final/real_hindi/hindi_real_0185.wav,1,4.752,1.006824254989624,-1.2455143928527832,rms_matched,False
185,d09397973383a68b428b2de77fa5f97b990441e1d4f668eca001e162425c7928eb19441bc4e961b80af9f9414a3d1ce66d15cc8fde6c11fbb24bf65ac1eddcf0,hindi_griffinlim_eval_final/fake_hindi_griffinlim/hindi_fake_0185.wav,0,4.752,-5.733743667602539,6.596085548400879,rms_matched,False
186,70c96a46f6827039223782fee3a93b99fa8168c84d3e5f9a0e2a1f16cfc1d62ad6f52d19ac175ad3ee541abd81068d089df3693e843b932053395156f6ff36b6,hindi_griffinlim_eval_final/real_hindi/hindi_real_0186.wav,1,6.156,-1.665030598640442,2.1388540267944336,rms_matched,False
186,70c96a46f6827039223782fee3a93b99fa8168c84d3e5f9a0e2a1f16cfc1d62ad6f52d19ac175ad3ee541abd81068d089df3693e843b932053395156f6ff36b6,hindi_griffinlim_eval_final/fake_hindi_griffinlim/hindi_fake_0186.wav,0,6.156,-0.6719119548797607,1.161520004272461,rms_matched,False
187,f552d4cedc22293c27ab4a86fc3985ecf1bd8fe9e6664f6a835675acf4173fa94bfa392ddccd06a177ae2bf6e412212f42973dec10c26a7cfa02c48ddd7c7978,hindi_griffinlim_eval_final/real_hindi/hindi_real_0187.wav,1,4.176,-0.6604890823364258,1.0163819789886475,rms_matched,False
187,f552d4cedc22293c27ab4a86fc3985ecf1bd8fe9e6664f6a835675acf4173fa94bfa392ddccd06a177ae2bf6e412212f42973dec10c26a7cfa02c48ddd7c7978,hindi_griffinlim_eval_final/fake_hindi_griffinlim/hindi_fake_0187.wav,0,4.176,-0.22811226546764374,0.02189895510673523,rms_matched,False
188,0db277015ed4c7602383504e75bcfead10db6e33b12e442a983cb259a17baf2c98daf32f18e2c1917269103a2ef1776d88cab0357c43c487473d8fa511dde7e8,hindi_griffinlim_eval_final/real_hindi/hindi_real_0188.wav,1,4.5,3.739225387573242,-4.8368330001831055,rms_matched,False
188,0db277015ed4c7602383504e75bcfead10db6e33b12e442a983cb259a17baf2c98daf32f18e2c1917269103a2ef1776d88cab0357c43c487473d8fa511dde7e8,hindi_griffinlim_eval_final/fake_hindi_griffinlim/hindi_fake_0188.wav,0,4.5,-3.0104823112487793,3.8877017498016357,rms_matched,False
189,0d2120fd5389d89f197e877a642aeb305bd4d8a9820d642a3ca7e83fe64ca61a0a8b15a37958f3629aa855408d3eabc56d2521ff9a06db24bd0c95320f66efab,hindi_griffinlim_eval_final/real_hindi/hindi_real_0189.wav,1,7.488,-1.985723853111267,2.549377679824829,rms_matched,False
189,0d2120fd5389d89f197e877a642aeb305bd4d8a9820d642a3ca7e83fe64ca61a0a8b15a37958f3629aa855408d3eabc56d2521ff9a06db24bd0c95320f66efab,hindi_griffinlim_eval_final/fake_hindi_griffinlim/hindi_fake_0189.wav,0,7.488,-2.8334498405456543,3.5079822540283203,rms_matched,False
190,b3384290eb1959d422480362d83e5209c28470116f7c5b10b0306ace4c6c34fec56325a07bec155e841663e775d0573922c4e90dd59bad4795f5d75530c6732e,hindi_griffinlim_eval_final/real_hindi/hindi_real_0190.wav,1,7.236,3.7836110591888428,-4.7658514976501465,rms_matched,False
190,b3384290eb1959d422480362d83e5209c28470116f7c5b10b0306ace4c6c34fec56325a07bec155e841663e775d0573922c4e90dd59bad4795f5d75530c6732e,hindi_griffinlim_eval_final/fake_hindi_griffinlim/hindi_fake_0190.wav,0,7.236,-0.6383262872695923,0.9215377569198608,rms_matched,False
191,68f6c1a73cd1fedebd22d190a8c2352a4feea8200e8d49174816717f511d25ed723e883d204f75070930e1375aede06c9900b2a5e505584b63ef82d42f37fe3a,hindi_griffinlim_eval_final/real_hindi/hindi_real_0191.wav,1,6.156,4.665670394897461,-6.068122863769531,rms_matched,False
191,68f6c1a73cd1fedebd22d190a8c2352a4feea8200e8d49174816717f511d25ed723e883d204f75070930e1375aede06c9900b2a5e505584b63ef82d42f37fe3a,hindi_griffinlim_eval_final/fake_hindi_griffinlim/hindi_fake_0191.wav,0,6.156,3.434454917907715,-4.167827606201172,rms_matched,False
192,9564825a0829d21edd512e0523b3dccf946f9cd0f8b90c2589961c1867f2100b337df3df56dcee0dbdc7b4f23de4dc7d2af884dea2f7a3f6a3f3dc081879acfa,hindi_griffinlim_eval_final/real_hindi/hindi_real_0192.wav,1,4.068,5.907792091369629,-7.688359260559082,rms_matched,False
192,9564825a0829d21edd512e0523b3dccf946f9cd0f8b90c2589961c1867f2100b337df3df56dcee0dbdc7b4f23de4dc7d2af884dea2f7a3f6a3f3dc081879acfa,hindi_griffinlim_eval_final/fake_hindi_griffinlim/hindi_fake_0192.wav,0,4.068,5.681936264038086,-7.303760528564453,rms_matched,False
193,b9854a362f9f2796f98c3105310553f5d5b1d2aea5f247080a0d9ab5d329ac51e5e519bad74bd68b022867bb103a42741c9523a32ce80c3a4ac8ed64c4bde957,hindi_griffinlim_eval_final/real_hindi/hindi_real_0193.wav,1,5.16,-1.7781342267990112,2.360960006713867,rms_matched,False
193,b9854a362f9f2796f98c3105310553f5d5b1d2aea5f247080a0d9ab5d329ac51e5e519bad74bd68b022867bb103a42741c9523a32ce80c3a4ac8ed64c4bde957,hindi_griffinlim_eval_final/fake_hindi_griffinlim/hindi_fake_0193.wav,0,5.16,-2.9237053394317627,3.7349586486816406,rms_matched,False
194,fab15f5f87bd26a0f326787f96d92497bbfb5aea170dd8a415966cb8f7a5a7011bcb0b50bc9d46cdcf3edecaa6cf6753be6afd814aa420c9fd4e4ab3a40e7faa,hindi_griffinlim_eval_final/real_hindi/hindi_real_0194.wav,1,6.048,5.73084020614624,-7.561816215515137,rms_matched,False
194,fab15f5f87bd26a0f326787f96d92497bbfb5aea170dd8a415966cb8f7a5a7011bcb0b50bc9d46cdcf3edecaa6cf6753be6afd814aa420c9fd4e4ab3a40e7faa,hindi_griffinlim_eval_final/fake_hindi_griffinlim/hindi_fake_0194.wav,0,6.048,-1.674506425857544,2.3740944862365723,rms_matched,False
195,3cc689cef88ce2eef03fd3065b6ad230f3510ced585ce0ed79f637bea2ddf7ab025d93e97a52c579d31d186f0512b29153286885b7c54221a569102a68dec661,hindi_griffinlim_eval_final/real_hindi/hindi_real_0195.wav,1,3.24,-0.6012964844703674,0.9871307611465454,rms_matched,False
195,3cc689cef88ce2eef03fd3065b6ad230f3510ced585ce0ed79f637bea2ddf7ab025d93e97a52c579d31d186f0512b29153286885b7c54221a569102a68dec661,hindi_griffinlim_eval_final/fake_hindi_griffinlim/hindi_fake_0195.wav,0,3.24,-2.417259454727173,3.3949906826019287,rms_matched,False
196,5a6f47bcb6c561dcfa6961b198d280ba77d188c7e511b84b1481770b1878583bcc74c8674f4f862c9ccbb54f4cfa3b2919ef94c8ace1c6fb22abe7c70365f402,hindi_griffinlim_eval_final/real_hindi/hindi_real_0196.wav,1,5.796,0.9682044386863708,-1.7320706844329834,rms_matched,False
196,5a6f47bcb6c561dcfa6961b198d280ba77d188c7e511b84b1481770b1878583bcc74c8674f4f862c9ccbb54f4cfa3b2919ef94c8ace1c6fb22abe7c70365f402,hindi_griffinlim_eval_final/fake_hindi_griffinlim/hindi_fake_0196.wav,0,5.796,-2.065216541290283,2.821908473968506,rms_matched,False
197,b5368a2dff773c397ef5c49e62c79de17d88d95d2079d13c22dfd061e40dd1528406716bf6158aee618664f8bd5cd01289e1e410afda482364672472b003fd9b,hindi_griffinlim_eval_final/real_hindi/hindi_real_0197.wav,1,5.4,-5.984787464141846,6.887509346008301,rms_matched,False
197,b5368a2dff773c397ef5c49e62c79de17d88d95d2079d13c22dfd061e40dd1528406716bf6158aee618664f8bd5cd01289e1e410afda482364672472b003fd9b,hindi_griffinlim_eval_final/fake_hindi_griffinlim/hindi_fake_0197.wav,0,5.4,-0.38061317801475525,0.8917341828346252,rms_matched,False
198,a34b3f5fa057f54bc74179593acc5d316145622c5ece92f2e9b2d74a2de7fa87ed863a9061955f68625d580b33faa23dcd31f9c5a6f9c1e1dd8790a4ba671f57,hindi_griffinlim_eval_final/real_hindi/hindi_real_0198.wav,1,3.384,1.9803928136825562,-2.752821922302246,rms_matched,False
198,a34b3f5fa057f54bc74179593acc5d316145622c5ece92f2e9b2d74a2de7fa87ed863a9061955f68625d580b33faa23dcd31f9c5a6f9c1e1dd8790a4ba671f57,hindi_griffinlim_eval_final/fake_hindi_griffinlim/hindi_fake_0198.wav,0,3.384,-0.83579421043396,1.4499940872192383,rms_matched,False
199,db99ff8c0fa5f332a55cf562817f27833925bf83271532f90ecc088ffe11617a28606fb228d4141231dcc26af3b0b52af5256e3aa720feabe7797623552c295e,hindi_griffinlim_eval_final/real_hindi/hindi_real_0199.wav,1,6.408,4.733346462249756,-6.058354377746582,rms_matched,False
199,db99ff8c0fa5f332a55cf562817f27833925bf83271532f90ecc088ffe11617a28606fb228d4141231dcc26af3b0b52af5256e3aa720feabe7797623552c295e,hindi_griffinlim_eval_final/fake_hindi_griffinlim/hindi_fake_0199.wav,0,6.408,3.4561548233032227,-4.246055603027344,rms_matched,False
200,b78cf5eebb8ae39161b94c37c3e8aa39f57e5639997972f1ec983cb9f44fcefc18f1c4227b3d8b263477f3444fe05696da0cbd5dacd3cb3900b2cbcf2370b155,hindi_griffinlim_eval_final/real_hindi/hindi_real_0200.wav,1,3.06,5.603560447692871,-6.931728363037109,rms_matched,False
200,b78cf5eebb8ae39161b94c37c3e8aa39f57e5639997972f1ec983cb9f44fcefc18f1c4227b3d8b263477f3444fe05696da0cbd5dacd3cb3900b2cbcf2370b155,hindi_griffinlim_eval_final/fake_hindi_griffinlim/hindi_fake_0200.wav,0,3.06,-0.8205827474594116,1.0802127122879028,rms_matched,False
201,3dbb15be45bbb6a44cee0c715a4fd06c4e5267061420217c4a4279a8f47365fa3c7243c274d08ddaa39a11d39b1c281760c59e358f1a4b14914923605831a3b8,hindi_griffinlim_eval_final/real_hindi/hindi_real_0201.wav,1,3.492,5.859321594238281,-7.469964027404785,rms_matched,False
201,3dbb15be45bbb6a44cee0c715a4fd06c4e5267061420217c4a4279a8f47365fa3c7243c274d08ddaa39a11d39b1c281760c59e358f1a4b14914923605831a3b8,hindi_griffinlim_eval_final/fake_hindi_griffinlim/hindi_fake_0201.wav,0,3.492,5.244156360626221,-6.719438076019287,rms_matched,False
202,bd008914e8d61f280ef49d1b81b9ba5feafa0195842fb73953d414962085d13881380f143efa9cc3014fb5083f2ca49ec0ac216b23e48f676493303b320d17d3,hindi_griffinlim_eval_final/real_hindi/hindi_real_0202.wav,1,6.768,5.33180046081543,-6.777111053466797,rms_matched,False
202,bd008914e8d61f280ef49d1b81b9ba5feafa0195842fb73953d414962085d13881380f143efa9cc3014fb5083f2ca49ec0ac216b23e48f676493303b320d17d3,hindi_griffinlim_eval_final/fake_hindi_griffinlim/hindi_fake_0202.wav,0,6.768,-0.22599856555461884,0.36564287543296814,rms_matched,False
203,550c775712c46fac6b29f44c8e1e47790ad3d24a4596e9befdad47efbafbcd202634809eed3f54d8b62ec448b24bbe8a67c224d24ae7ed2b6870581a3fd2dcd3,hindi_griffinlim_eval_final/real_hindi/hindi_real_0203.wav,1,6.3,4.7021870613098145,-6.190188884735107,rms_matched,False
203,550c775712c46fac6b29f44c8e1e47790ad3d24a4596e9befdad47efbafbcd202634809eed3f54d8b62ec448b24bbe8a67c224d24ae7ed2b6870581a3fd2dcd3,hindi_griffinlim_eval_final/fake_hindi_griffinlim/hindi_fake_0203.wav,0,6.3,-3.3209595680236816,4.071086883544922,rms_matched,False
204,56ba5616ef927a5c046387ad41208d615386a7bf95a3752a607516baf5fcc8fa5a93d8319617fcece315e6fc4a611dc2c2a3ec78a7e0244368ddcba4c2bfee0a,hindi_griffinlim_eval_final/real_hindi/hindi_real_0204.wav,1,5.58,5.687509059906006,-7.21828031539917,rms_matched,False
204,56ba5616ef927a5c046387ad41208d615386a7bf95a3752a607516baf5fcc8fa5a93d8319617fcece315e6fc4a611dc2c2a3ec78a7e0244368ddcba4c2bfee0a,hindi_griffinlim_eval_final/fake_hindi_griffinlim/hindi_fake_0204.wav,0,5.58,-0.3237381875514984,0.7198875546455383,rms_matched,False
205,f1b62e5d3473776b945ef79fbad0a46a621fb136b143d7aeb75a7cb854ebe0807524eee04fe8d83b3311152dad97e341e18ed5b8981b3cf322fec4e0700894bb,hindi_griffinlim_eval_final/real_hindi/hindi_real_0205.wav,1,5.112,4.231259822845459,-5.097339153289795,rms_matched,False
205,f1b62e5d3473776b945ef79fbad0a46a621fb136b143d7aeb75a7cb854ebe0807524eee04fe8d83b3311152dad97e341e18ed5b8981b3cf322fec4e0700894bb,hindi_griffinlim_eval_final/fake_hindi_griffinlim/hindi_fake_0205.wav,0,5.112,2.1488122940063477,-2.6813597679138184,rms_matched,False
206,58913ffb4a411d7b14318c0cadbfb8ccdf1ed3dd5c7173b948c382329be9bb3fd15f6a5b863c94639786da4b32fa679087d9b0d4a04711dec86e1b82ed92c369,hindi_griffinlim_eval_final/real_hindi/hindi_real_0206.wav,1,6.66,-3.41586971282959,4.177119255065918,rms_matched,False
206,58913ffb4a411d7b14318c0cadbfb8ccdf1ed3dd5c7173b948c382329be9bb3fd15f6a5b863c94639786da4b32fa679087d9b0d4a04711dec86e1b82ed92c369,hindi_griffinlim_eval_final/fake_hindi_griffinlim/hindi_fake_0206.wav,0,6.66,-5.961431503295898,6.853458881378174,rms_matched,False
207,ff8d1bfdc7d8be2fd275f506691f3ba70d9d60666488ab551bcbb76c3fe93c7cfaa703f465f40b60131807d73913eb37830221336b6803114df015fb7caed36e,hindi_griffinlim_eval_final/real_hindi/hindi_real_0207.wav,1,2.556,3.2081527709960938,-4.33818244934082,rms_matched,False
207,ff8d1bfdc7d8be2fd275f506691f3ba70d9d60666488ab551bcbb76c3fe93c7cfaa703f465f40b60131807d73913eb37830221336b6803114df015fb7caed36e,hindi_griffinlim_eval_final/fake_hindi_griffinlim/hindi_fake_0207.wav,0,2.556,-0.941239595413208,1.5425715446472168,rms_matched,False
208,9a862e8c754a334f2c39963b8da67e4e6e46ef2889e6ac772bb3e3847c4e1586e46be4d21adf569a90009925022013d8900d5ec065a6eaf767a5f0c3f1317f6d,hindi_griffinlim_eval_final/real_hindi/hindi_real_0208.wav,1,4.248,-6.108168125152588,7.031241416931152,rms_matched,False
208,9a862e8c754a334f2c39963b8da67e4e6e46ef2889e6ac772bb3e3847c4e1586e46be4d21adf569a90009925022013d8900d5ec065a6eaf767a5f0c3f1317f6d,hindi_griffinlim_eval_final/fake_hindi_griffinlim/hindi_fake_0208.wav,0,4.248,-5.986029624938965,6.888328552246094,rms_matched,False
209,a34b3f5fa057f54bc74179593acc5d316145622c5ece92f2e9b2d74a2de7fa87ed863a9061955f68625d580b33faa23dcd31f9c5a6f9c1e1dd8790a4ba671f57,hindi_griffinlim_eval_final/real_hindi/hindi_real_0209.wav,1,4.68,3.707625389099121,-4.791250228881836,rms_matched,False
209,a34b3f5fa057f54bc74179593acc5d316145622c5ece92f2e9b2d74a2de7fa87ed863a9061955f68625d580b33faa23dcd31f9c5a6f9c1e1dd8790a4ba671f57,hindi_griffinlim_eval_final/fake_hindi_griffinlim/hindi_fake_0209.wav,0,4.68,-3.23811936378479,4.112954139709473,rms_matched,False
210,da10f782c53d93ec1dbf793a1f5404dbdfd390c9abdacd218d0c47e2366a569d50841b5ad9075f9b83e2c16b9194ab1be1f91e407a546218999fa14e2b49a3eb,hindi_griffinlim_eval_final/real_hindi/hindi_real_0210.wav,1,3.024,6.198052406311035,-8.050722122192383,rms_matched,False
210,da10f782c53d93ec1dbf793a1f5404dbdfd390c9abdacd218d0c47e2366a569d50841b5ad9075f9b83e2c16b9194ab1be1f91e407a546218999fa14e2b49a3eb,hindi_griffinlim_eval_final/fake_hindi_griffinlim/hindi_fake_0210.wav,0,3.024,-3.1216540336608887,3.8932762145996094,rms_matched,False
211,4fcdd17805b736cac2dc920985d2187185e759b54d9cfe7d2654dd8f4aff10e630e579edcb5cb4d04f215bebe6d096d9e932203345ad7272e889beca6a5c20e7,hindi_griffinlim_eval_final/real_hindi/hindi_real_0211.wav,1,5.328,-0.9860367774963379,1.2782607078552246,rms_matched,False
211,4fcdd17805b736cac2dc920985d2187185e759b54d9cfe7d2654dd8f4aff10e630e579edcb5cb4d04f215bebe6d096d9e932203345ad7272e889beca6a5c20e7,hindi_griffinlim_eval_final/fake_hindi_griffinlim/hindi_fake_0211.wav,0,5.328,-2.3544583320617676,3.184567451477051,rms_matched,False
212,2270a4902001989b755fb2acc9d13918db9f6f89d7d5b1cf38d55ba7ef62d366249b464061d0c3df63c12f38b738d552ba6e854c9e09ebf766f61506d2a1732e,hindi_griffinlim_eval_final/real_hindi/hindi_real_0212.wav,1,3.6,5.121827125549316,-6.6390790939331055,rms_matched,False
212,2270a4902001989b755fb2acc9d13918db9f6f89d7d5b1cf38d55ba7ef62d366249b464061d0c3df63c12f38b738d552ba6e854c9e09ebf766f61506d2a1732e,hindi_griffinlim_eval_final/fake_hindi_griffinlim/hindi_fake_0212.wav,0,3.6,4.050755500793457,-5.007280349731445,rms_matched,False
213,2755cbb1978d17293826c36025fffd2b0966f60a48ee026f909afce38191de6da445c4ee2d684bf32d65bb5779ea78ba4f2360baac46e6f48710b9c531277adc,hindi_griffinlim_eval_final/real_hindi/hindi_real_0213.wav,1,4.716,-1.3712042570114136,1.8982913494110107,rms_matched,False
213,2755cbb1978d17293826c36025fffd2b0966f60a48ee026f909afce38191de6da445c4ee2d684bf32d65bb5779ea78ba4f2360baac46e6f48710b9c531277adc,hindi_griffinlim_eval_final/fake_hindi_griffinlim/hindi_fake_0213.wav,0,4.716,-2.8557207584381104,3.693321704864502,rms_matched,False
214,e3d7f69caea5efb2f5319a49faacdc76440549b08282bef1d81bc2ce2e823cf05f2bbb7d1ec46ef4f681113376a098b117c1ac6a8b1dfe88acf27fa6a9961f31,hindi_griffinlim_eval_final/real_hindi/hindi_real_0214.wav,1,6.66,4.56843376159668,-5.6748833656311035,rms_matched,False
214,e3d7f69caea5efb2f5319a49faacdc76440549b08282bef1d81bc2ce2e823cf05f2bbb7d1ec46ef4f681113376a098b117c1ac6a8b1dfe88acf27fa6a9961f31,hindi_griffinlim_eval_final/fake_hindi_griffinlim/hindi_fake_0214.wav,0,6.66,-4.801888465881348,5.5908002853393555,rms_matched,False
215,04c41ef9e7a610b1bdb35d99443823570fcb9c9a4a63ba7855c471d73f6c1dbdf30796b0f86445c09f70057ce25436f51742b3a4829f5da39a0ebababbec6d59,hindi_griffinlim_eval_final/real_hindi/hindi_real_0215.wav,1,6.696,0.4356008470058441,-0.31134599447250366,rms_matched,False
215,04c41ef9e7a610b1bdb35d99443823570fcb9c9a4a63ba7855c471d73f6c1dbdf30796b0f86445c09f70057ce25436f51742b3a4829f5da39a0ebababbec6d59,hindi_griffinlim_eval_final/fake_hindi_griffinlim/hindi_fake_0215.wav,0,6.696,-5.11124324798584,5.853000164031982,rms_matched,False
216,4f7f65a3c1d0ad3bc8c1b1b9d1f99a33e4785aac4a57bf5803876af5b7bd8c4d96f9ce70fa5d287f0aa26fa4aa86e8572fa595a5554dc71ae32d82496237da62,hindi_griffinlim_eval_final/real_hindi/hindi_real_0216.wav,1,3.0,3.9375193119049072,-5.0612287521362305,rms_matched,False
216,4f7f65a3c1d0ad3bc8c1b1b9d1f99a33e4785aac4a57bf5803876af5b7bd8c4d96f9ce70fa5d287f0aa26fa4aa86e8572fa595a5554dc71ae32d82496237da62,hindi_griffinlim_eval_final/fake_hindi_griffinlim/hindi_fake_0216.wav,0,3.0,2.6261847019195557,-3.393270254135132,rms_matched,False
217,5ed8ac2780bfa08239e0aaa23e691fbf20930452cfd1163db395388d3dbff09ffc862aedc9ce80763a39a782ecb2ad5f729198b4f8565adbfc50bb5327957cc2,hindi_griffinlim_eval_final/real_hindi/hindi_real_0217.wav,1,6.12,-2.787321090698242,3.4872913360595703,rms_matched,False
217,5ed8ac2780bfa08239e0aaa23e691fbf20930452cfd1163db395388d3dbff09ffc862aedc9ce80763a39a782ecb2ad5f729198b4f8565adbfc50bb5327957cc2,hindi_griffinlim_eval_final/fake_hindi_griffinlim/hindi_fake_0217.wav,0,6.12,-5.372251510620117,6.172724723815918,rms_matched,False
218,43dc11a5328c78dc9536527d6945245d5b3e371fdeea987ac538a30956eacc649639e2b09c28bf3ee4f4f764475880bb8f68a5cd20ef78800a664b72a86ffe58,hindi_griffinlim_eval_final/real_hindi/hindi_real_0218.wav,1,5.292,5.63232421875,-7.245837688446045,rms_matched,False
218,43dc11a5328c78dc9536527d6945245d5b3e371fdeea987ac538a30956eacc649639e2b09c28bf3ee4f4f764475880bb8f68a5cd20ef78800a664b72a86ffe58,hindi_griffinlim_eval_final/fake_hindi_griffinlim/hindi_fake_0218.wav,0,5.292,-4.6623077392578125,5.388001441955566,rms_matched,False
219,ddc0ae40d79e0f3980eb00cedd80e03d7a0cbf3ab7880588429060f50c16895262e0a1874caae85ee39e8bdd72e5ac94830df955d0cf0ec817d50ce83d61f055,hindi_griffinlim_eval_final/real_hindi/hindi_real_0219.wav,1,5.436,0.893962025642395,-1.3888460397720337,rms_matched,False
219,ddc0ae40d79e0f3980eb00cedd80e03d7a0cbf3ab7880588429060f50c16895262e0a1874caae85ee39e8bdd72e5ac94830df955d0cf0ec817d50ce83d61f055,hindi_griffinlim_eval_final/fake_hindi_griffinlim/hindi_fake_0219.wav,0,5.436,-4.852445125579834,5.580045700073242,rms_matched,False
220,79741f3153a904c0ddeb1d81d69b137d61adb2a3f1c8ea30fd32a88a4f7028bbb73f1515f3cac14ad147b8c1845846d96d9333173f71677d207b7ff1357a37c5,hindi_griffinlim_eval_final/real_hindi/hindi_real_0220.wav,1,5.016,5.508959770202637,-6.863066673278809,rms_matched,False
220,79741f3153a904c0ddeb1d81d69b137d61adb2a3f1c8ea30fd32a88a4f7028bbb73f1515f3cac14ad147b8c1845846d96d9333173f71677d207b7ff1357a37c5,hindi_griffinlim_eval_final/fake_hindi_griffinlim/hindi_fake_0220.wav,0,5.016,-0.2590234577655792,0.7672603130340576,rms_matched,False
221,9564825a0829d21edd512e0523b3dccf946f9cd0f8b90c2589961c1867f2100b337df3df56dcee0dbdc7b4f23de4dc7d2af884dea2f7a3f6a3f3dc081879acfa,hindi_griffinlim_eval_final/real_hindi/hindi_real_0221.wav,1,4.356,6.006742477416992,-7.858065128326416,rms_matched,False
221,9564825a0829d21edd512e0523b3dccf946f9cd0f8b90c2589961c1867f2100b337df3df56dcee0dbdc7b4f23de4dc7d2af884dea2f7a3f6a3f3dc081879acfa,hindi_griffinlim_eval_final/fake_hindi_griffinlim/hindi_fake_0221.wav,0,4.356,4.072360992431641,-5.060632705688477,rms_matched,False
222,cea40007071ea914e41633e74d05142fd1f5f8f49c154534816017cf89ce625657c804fe479fe87c08854ecd847697d6ca0fb6bcf424006c307f65430c34785e,hindi_griffinlim_eval_final/real_hindi/hindi_real_0222.wav,1,4.248,4.895640850067139,-6.1490278244018555,rms_matched,False
222,cea40007071ea914e41633e74d05142fd1f5f8f49c154534816017cf89ce625657c804fe479fe87c08854ecd847697d6ca0fb6bcf424006c307f65430c34785e,hindi_griffinlim_eval_final/fake_hindi_griffinlim/hindi_fake_0222.wav,0,4.248,-0.04404887184500694,-0.02213171124458313,rms_matched,False
223,1a94dffb861da3c85c0994bc8c83f7b79b502a83733ef28bc302cf6f1d5413001cd86d1c723357821dc3a90ba1b3f65e1203c2fa176b43daa279055fd6e5f529,hindi_griffinlim_eval_final/real_hindi/hindi_real_0223.wav,1,2.808,0.46808862686157227,-0.6456699371337891,rms_matched,False
223,1a94dffb861da3c85c0994bc8c83f7b79b502a83733ef28bc302cf6f1d5413001cd86d1c723357821dc3a90ba1b3f65e1203c2fa176b43daa279055fd6e5f529,hindi_griffinlim_eval_final/fake_hindi_griffinlim/hindi_fake_0223.wav,0,2.808,1.9676196575164795,-2.569148063659668,rms_matched,False
224,ffb5eeb570d2ef310e46742868405151da6adb390253787708f24b730c59c01b34656465701e80b1157e9b0f9421b9a06a454f56e2a3a4bdfbf5c6c64addad11,hindi_griffinlim_eval_final/real_hindi/hindi_real_0224.wav,1,3.456,5.373892784118652,-6.948664665222168,rms_matched,False
224,ffb5eeb570d2ef310e46742868405151da6adb390253787708f24b730c59c01b34656465701e80b1157e9b0f9421b9a06a454f56e2a3a4bdfbf5c6c64addad11,hindi_griffinlim_eval_final/fake_hindi_griffinlim/hindi_fake_0224.wav,0,3.456,0.06643813848495483,-0.21223339438438416,rms_matched,False
225,758b942bfaf2837bafb0696d5ebc123856f4841aed4dc9d31bb010e7a67246791cda1685a1f4de659ed10843f3be1d227e8f4935ca088afa8531c61ab5bbed26,hindi_griffinlim_eval_final/real_hindi/hindi_real_0225.wav,1,6.48,0.7214630842208862,-0.9027767777442932,rms_matched,False
225,758b942bfaf2837bafb0696d5ebc123856f4841aed4dc9d31bb010e7a67246791cda1685a1f4de659ed10843f3be1d227e8f4935ca088afa8531c61ab5bbed26,hindi_griffinlim_eval_final/fake_hindi_griffinlim/hindi_fake_0225.wav,0,6.48,-4.618093490600586,5.399932384490967,rms_matched,False
226,2755cbb1978d17293826c36025fffd2b0966f60a48ee026f909afce38191de6da445c4ee2d684bf32d65bb5779ea78ba4f2360baac46e6f48710b9c531277adc,hindi_griffinlim_eval_final/real_hindi/hindi_real_0226.wav,1,4.32,-5.985424995422363,6.859220027923584,rms_matched,False
226,2755cbb1978d17293826c36025fffd2b0966f60a48ee026f909afce38191de6da445c4ee2d684bf32d65bb5779ea78ba4f2360baac46e6f48710b9c531277adc,hindi_griffinlim_eval_final/fake_hindi_griffinlim/hindi_fake_0226.wav,0,4.32,-3.1302943229675293,3.9450645446777344,rms_matched,False
227,72f877fac9bb314cc8a49f707222e440bdbf0011ca28657fa408f62c6b95ed4f617faa364554b0b0a75f4c74e6a1a745f376376bbadd8c8737f405f04bd49632,hindi_griffinlim_eval_final/real_hindi/hindi_real_0227.wav,1,7.128,2.5829567909240723,-3.4762115478515625,rms_matched,False
227,72f877fac9bb314cc8a49f707222e440bdbf0011ca28657fa408f62c6b95ed4f617faa364554b0b0a75f4c74e6a1a745f376376bbadd8c8737f405f04bd49632,hindi_griffinlim_eval_final/fake_hindi_griffinlim/hindi_fake_0227.wav,0,7.128,-0.0647614449262619,0.03337569534778595,rms_matched,False
228,a3069630fb79df0d9eae6fb7c0ed4c47a06faa08d3fe8be08872d56597dc9e31932cf3ffb9d63c47880e76dd8364d7ab7cfa1fe4021aa681218a4854c60fbf45,hindi_griffinlim_eval_final/real_hindi/hindi_real_0228.wav,1,3.6,4.7842206954956055,-6.073015213012695,rms_matched,False
228,a3069630fb79df0d9eae6fb7c0ed4c47a06faa08d3fe8be08872d56597dc9e31932cf3ffb9d63c47880e76dd8364d7ab7cfa1fe4021aa681218a4854c60fbf45,hindi_griffinlim_eval_final/fake_hindi_griffinlim/hindi_fake_0228.wav,0,3.6,6.25311803817749,-8.104689598083496,rms_matched,False
229,be10029504aaa30796d27938620d08189f19a31701c9f552f60c99eff87dddfbf804efc53af08d2670685aeaeeb295c9f3326c85b8127b0ad0d1232f03bc1781,hindi_griffinlim_eval_final/real_hindi/hindi_real_0229.wav,1,6.12,-2.030855417251587,2.464508533477783,rms_matched,False
229,be10029504aaa30796d27938620d08189f19a31701c9f552f60c99eff87dddfbf804efc53af08d2670685aeaeeb295c9f3326c85b8127b0ad0d1232f03bc1781,hindi_griffinlim_eval_final/fake_hindi_griffinlim/hindi_fake_0229.wav,0,6.12,-4.4261474609375,5.27883243560791,rms_matched,False
230,0d2120fd5389d89f197e877a642aeb305bd4d8a9820d642a3ca7e83fe64ca61a0a8b15a37958f3629aa855408d3eabc56d2521ff9a06db24bd0c95320f66efab,hindi_griffinlim_eval_final/real_hindi/hindi_real_0230.wav,1,3.6,5.578005313873291,-7.1108717918396,rms_matched,False
230,0d2120fd5389d89f197e877a642aeb305bd4d8a9820d642a3ca7e83fe64ca61a0a8b15a37958f3629aa855408d3eabc56d2521ff9a06db24bd0c95320f66efab,hindi_griffinlim_eval_final/fake_hindi_griffinlim/hindi_fake_0230.wav,0,3.6,0.9984183311462402,-2.029836654663086,rms_matched,False
231,ccd20bfc67c11f3e895626eb3d7e07e2eecb1ce583467fa1a70d8bda435a9fc5cf14c4a421d7811cf579acb2397447cbd649ac6eaaa8073a71a7d04ccb90882b,hindi_griffinlim_eval_final/real_hindi/hindi_real_0231.wav,1,7.668,4.964585304260254,-6.453002452850342,rms_matched,False
231,ccd20bfc67c11f3e895626eb3d7e07e2eecb1ce583467fa1a70d8bda435a9fc5cf14c4a421d7811cf579acb2397447cbd649ac6eaaa8073a71a7d04ccb90882b,hindi_griffinlim_eval_final/fake_hindi_griffinlim/hindi_fake_0231.wav,0,7.668,-5.919548034667969,6.776118278503418,rms_matched,False
232,c45d64f4a9ad8d1efb4d802830abc40f0e0e29e23a1d399fb4e668a1781d60c7b6329f4ed2b4ee75586b7ef748b73a373cb36707965a2b5785d7e9ce6196f390,hindi_griffinlim_eval_final/real_hindi/hindi_real_0232.wav,1,6.84,3.4709970951080322,-4.2416205406188965,rms_matched,False
232,c45d64f4a9ad8d1efb4d802830abc40f0e0e29e23a1d399fb4e668a1781d60c7b6329f4ed2b4ee75586b7ef748b73a373cb36707965a2b5785d7e9ce6196f390,hindi_griffinlim_eval_final/fake_hindi_griffinlim/hindi_fake_0232.wav,0,6.84,0.008972320705652237,0.03501895070075989,rms_matched,False
233,f59a2dc4d475bfb45d9b9628faa8b0e53570d46a05fd85dd8542559975c8cd75bf87c02f557d7ecd3e4eda2872a7e4a57adc699bc30e819c9e5c1c9e520cd02b,hindi_griffinlim_eval_final/real_hindi/hindi_real_0233.wav,1,5.04,5.224817276000977,-6.7078962326049805,rms_matched,False
233,f59a2dc4d475bfb45d9b9628faa8b0e53570d46a05fd85dd8542559975c8cd75bf87c02f557d7ecd3e4eda2872a7e4a57adc699bc30e819c9e5c1c9e520cd02b,hindi_griffinlim_eval_final/fake_hindi_griffinlim/hindi_fake_0233.wav,0,5.04,1.9450502395629883,-2.644988536834717,rms_matched,False
234,7645441bdc18d3b030505861df550d84664b9a9931552e1efeafab2fc218b84b74173a02073f3ab449dfd6be412293b9bfbe39fc0b97793fff0f586d8212ca0d,hindi_griffinlim_eval_final/real_hindi/hindi_real_0234.wav,1,5.94,1.9080817699432373,-2.6522316932678223,rms_matched,False
234,7645441bdc18d3b030505861df550d84664b9a9931552e1efeafab2fc218b84b74173a02073f3ab449dfd6be412293b9bfbe39fc0b97793fff0f586d8212ca0d,hindi_griffinlim_eval_final/fake_hindi_griffinlim/hindi_fake_0234.wav,0,5.94,0.1358761489391327,-0.11530816555023193,rms_matched,False
235,aafda704e52784565ee078117b2a7941d822e96444d43cfe115de75e654f8c08c23b050eebe7b4264498537464b6e45cd0624f23aec65f904b156464d5056d52,hindi_griffinlim_eval_final/real_hindi/hindi_real_0235.wav,1,5.076,5.033314228057861,-6.3890380859375,rms_matched,False
235,aafda704e52784565ee078117b2a7941d822e96444d43cfe115de75e654f8c08c23b050eebe7b4264498537464b6e45cd0624f23aec65f904b156464d5056d52,hindi_griffinlim_eval_final/fake_hindi_griffinlim/hindi_fake_0235.wav,0,5.076,0.22662153840065002,-0.33607378602027893,rms_matched,False
236,5310b36732adcb306bf541cfc07167aab125fdc69f95b159dc7599776e6c59eba8b9c847e20aad3e0d2cedcc27f1e73e9d9b7e9522ec4287c3f54c98bbca7ea7,hindi_griffinlim_eval_final/real_hindi/hindi_real_0236.wav,1,7.236,4.954366207122803,-6.293046951293945,rms_matched,False
236,5310b36732adcb306bf541cfc07167aab125fdc69f95b159dc7599776e6c59eba8b9c847e20aad3e0d2cedcc27f1e73e9d9b7e9522ec4287c3f54c98bbca7ea7,hindi_griffinlim_eval_final/fake_hindi_griffinlim/hindi_fake_0236.wav,0,7.236,-5.418159008026123,6.191516876220703,rms_matched,False
237,23dd6e26b3a5106b8ad2de2def45e53280a12df6c47364b2bf652743a0198329d4e46b73fe42287703f0146d0bdb9be101cb22064f7b79578248fdc2ca2085f0,hindi_griffinlim_eval_final/real_hindi/hindi_real_0237.wav,1,7.2,4.998466491699219,-6.344588279724121,rms_matched,False
237,23dd6e26b3a5106b8ad2de2def45e53280a12df6c47364b2bf652743a0198329d4e46b73fe42287703f0146d0bdb9be101cb22064f7b79578248fdc2ca2085f0,hindi_griffinlim_eval_final/fake_hindi_griffinlim/hindi_fake_0237.wav,0,7.2,0.0808461457490921,0.2503643333911896,rms_matched,False
238,0a073b2441b86a13d80728f1a14413d473c4091d1053a3a53982f2c2698abb2a31f35efaefaad9b678d4cf8b27aecc058d4f664d005474a90b8af287ff58c303,hindi_griffinlim_eval_final/real_hindi/hindi_real_0238.wav,1,7.536,4.808377265930176,-6.137051105499268,rms_matched,False
238,0a073b2441b86a13d80728f1a14413d473c4091d1053a3a53982f2c2698abb2a31f35efaefaad9b678d4cf8b27aecc058d4f664d005474a90b8af287ff58c303,hindi_griffinlim_eval_final/fake_hindi_griffinlim/hindi_fake_0238.wav,0,7.536,-0.6708756685256958,1.1690468788146973,rms_matched,False
239,9c12887b11ae7ce76bcb5c4ca6b56f174e89c82f02c52c05b93ac7a40b6fb7b28d8474241a7dc36b3ad5b36eab48a209bf7e68a905ca64ac40b89e9311dec25d,hindi_griffinlim_eval_final/real_hindi/hindi_real_0239.wav,1,3.996,5.803900718688965,-7.4502763748168945,rms_matched,False
239,9c12887b11ae7ce76bcb5c4ca6b56f174e89c82f02c52c05b93ac7a40b6fb7b28d8474241a7dc36b3ad5b36eab48a209bf7e68a905ca64ac40b89e9311dec25d,hindi_griffinlim_eval_final/fake_hindi_griffinlim/hindi_fake_0239.wav,0,3.996,5.157711982727051,-6.537353515625,rms_matched,False
240,eadc13b88ea5631a21a2beb0917e9be628171b8aaae29918cb08b2afa62e820e01d0a5e21154b643f10067864ae138783bc31abf1a13b86bcb072fa0f0df4d40,hindi_griffinlim_eval_final/real_hindi/hindi_real_0240.wav,1,3.996,4.92693567276001,-6.541430950164795,rms_matched,False
240,eadc13b88ea5631a21a2beb0917e9be628171b8aaae29918cb08b2afa62e820e01d0a5e21154b643f10067864ae138783bc31abf1a13b86bcb072fa0f0df4d40,hindi_griffinlim_eval_final/fake_hindi_griffinlim/hindi_fake_0240.wav,0,3.996,7.035828590393066,-9.161163330078125,rms_matched,False
241,1a94dffb861da3c85c0994bc8c83f7b79b502a83733ef28bc302cf6f1d5413001cd86d1c723357821dc3a90ba1b3f65e1203c2fa176b43daa279055fd6e5f529,hindi_griffinlim_eval_final/real_hindi/hindi_real_0241.wav,1,5.868,-0.25015801191329956,0.25667670369148254,rms_matched,False
241,1a94dffb861da3c85c0994bc8c83f7b79b502a83733ef28bc302cf6f1d5413001cd86d1c723357821dc3a90ba1b3f65e1203c2fa176b43daa279055fd6e5f529,hindi_griffinlim_eval_final/fake_hindi_griffinlim/hindi_fake_0241.wav,0,5.868,-3.732213020324707,4.430964469909668,rms_matched,False
242,c0fce8f25f23b41ed1321b49a5940b20f8b61130c14559d79ddf3816e5a433e06cad1469ff786911ce97ba8ea234da6b623881f3bb65339d1d3dd296e477a193,hindi_griffinlim_eval_final/real_hindi/hindi_real_0242.wav,1,3.42,4.365267753601074,-5.424518585205078,rms_matched,False
242,c0fce8f25f23b41ed1321b49a5940b20f8b61130c14559d79ddf3816e5a433e06cad1469ff786911ce97ba8ea234da6b623881f3bb65339d1d3dd296e477a193,hindi_griffinlim_eval_final/fake_hindi_griffinlim/hindi_fake_0242.wav,0,3.42,-5.451636791229248,6.2335357666015625,rms_matched,False
243,4c946f553c704abd727b3818b1d22dba011a368043575278b58ae219f71cb8914e6cac82abe55d7da17f49bea4cceb3b96c17355a6f5b078c19a947defb9061c,hindi_griffinlim_eval_final/real_hindi/hindi_real_0243.wav,1,2.592,1.1234499216079712,-1.6156771183013916,rms_matched,False
243,4c946f553c704abd727b3818b1d22dba011a368043575278b58ae219f71cb8914e6cac82abe55d7da17f49bea4cceb3b96c17355a6f5b078c19a947defb9061c,hindi_griffinlim_eval_final/fake_hindi_griffinlim/hindi_fake_0243.wav,0,2.592,-3.7253522872924805,4.621252536773682,rms_matched,False
244,0175f4388a3ca66faae78ea57819f8aab986d188f874dde198e28b64248291dde8f43a6912b9de4854f9862a8f832961da3e9194bec9ebef96b1c9b66d956422,hindi_griffinlim_eval_final/real_hindi/hindi_real_0244.wav,1,3.528,2.667128324508667,-3.43985915184021,rms_matched,False
244,0175f4388a3ca66faae78ea57819f8aab986d188f874dde198e28b64248291dde8f43a6912b9de4854f9862a8f832961da3e9194bec9ebef96b1c9b66d956422,hindi_griffinlim_eval_final/fake_hindi_griffinlim/hindi_fake_0244.wav,0,3.528,-0.4509531557559967,0.8557772040367126,rms_matched,False
245,8525f36954391ad7696abcf66c1383e5409d52980ebd2d7b1063cc48ed81ebd9f8cf3a8c257f079e986893cfa2455e4c832d04863c8fed7db4f4d5951ec34d1b,hindi_griffinlim_eval_final/real_hindi/hindi_real_0245.wav,1,4.788,4.699790954589844,-5.875208854675293,rms_matched,False
245,8525f36954391ad7696abcf66c1383e5409d52980ebd2d7b1063cc48ed81ebd9f8cf3a8c257f079e986893cfa2455e4c832d04863c8fed7db4f4d5951ec34d1b,hindi_griffinlim_eval_final/fake_hindi_griffinlim/hindi_fake_0245.wav,0,4.788,-0.5222843885421753,0.9628517031669617,rms_matched,False
246,9698b39cb85f238f1346eea2dba721e4e8fb440bd4d14b632aef84108f02f47d028463a7076a9eb0333b72fab260a9357f045de63eaaa3c7374ce6a692e081ba,hindi_griffinlim_eval_final/real_hindi/hindi_real_0246.wav,1,6.912,4.175140380859375,-5.416254997253418,rms_matched,False
246,9698b39cb85f238f1346eea2dba721e4e8fb440bd4d14b632aef84108f02f47d028463a7076a9eb0333b72fab260a9357f045de63eaaa3c7374ce6a692e081ba,hindi_griffinlim_eval_final/fake_hindi_griffinlim/hindi_fake_0246.wav,0,6.912,-1.2145353555679321,1.759416937828064,rms_matched,False
247,aae384c088b18eed8da9fe141de09f584054ad55ee2a6514c682c1bd425784ed886c928e35a66fa611ccad98b44274839b2b5f7c3fe678e1c8740cfc90389187,hindi_griffinlim_eval_final/real_hindi/hindi_real_0247.wav,1,5.22,-0.18921595811843872,0.35424187779426575,rms_matched,False
247,aae384c088b18eed8da9fe141de09f584054ad55ee2a6514c682c1bd425784ed886c928e35a66fa611ccad98b44274839b2b5f7c3fe678e1c8740cfc90389187,hindi_griffinlim_eval_final/fake_hindi_griffinlim/hindi_fake_0247.wav,0,5.22,-1.9174340963363647,2.729567050933838,rms_matched,False
248,36062260d676bde6039ce120c376465b2bd64e0699bac4f5ccf693568a39376a0cbc895a1c3ad2b74de0236420dc51f0dc3bc8d7f1fcac394756286a2c426056,hindi_griffinlim_eval_final/real_hindi/hindi_real_0248.wav,1,7.632,3.3295681476593018,-4.121273040771484,peak_normalized,True
248,36062260d676bde6039ce120c376465b2bd64e0699bac4f5ccf693568a39376a0cbc895a1c3ad2b74de0236420dc51f0dc3bc8d7f1fcac394756286a2c426056,hindi_griffinlim_eval_final/fake_hindi_griffinlim/hindi_fake_0248.wav,0,7.632,1.8848716020584106,-2.4394383430480957,peak_normalized,True
249,2b0295a46df33cca7111334e28048e4ca8856ac39e51ceba5d127c2defec2c84aa3dbbe0b2cd9a0057a3710d4ca5936186ac62306a21dbc4f493acb9486d1452,hindi_griffinlim_eval_final/real_hindi/hindi_real_0249.wav,1,6.516,3.750018358230591,-4.857624053955078,rms_matched,False
249,2b0295a46df33cca7111334e28048e4ca8856ac39e51ceba5d127c2defec2c84aa3dbbe0b2cd9a0057a3710d4ca5936186ac62306a21dbc4f493acb9486d1452,hindi_griffinlim_eval_final/fake_hindi_griffinlim/hindi_fake_0249.wav,0,6.516,2.5927648544311523,-3.1677517890930176,rms_matched,False
250,9492b0374bde3e9f6b0f2910f764eb837b8a3c261e9705422378ca4e59d7e977df84518e2169c11a238bf11cbd8477391bc51fdcf9134ad8216402b0cd5c37c6,hindi_griffinlim_eval_final/real_hindi/hindi_real_0250.wav,1,3.96,4.981803894042969,-6.279050350189209,rms_matched,False
250,9492b0374bde3e9f6b0f2910f764eb837b8a3c261e9705422378ca4e59d7e977df84518e2169c11a238bf11cbd8477391bc51fdcf9134ad8216402b0cd5c37c6,hindi_griffinlim_eval_final/fake_hindi_griffinlim/hindi_fake_0250.wav,0,3.96,0.8232043981552124,-1.7791368961334229,rms_matched,False
251,1ab26689a68e6aeb9ee56daf140f5d65c19295d6b65eaef9f51f22cbd867b635758194eb9640790ea7d37a0de2bd5d0f235fb7662cc80dda56261f92c3cb4475,hindi_griffinlim_eval_final/real_hindi/hindi_real_0251.wav,1,5.796,6.221385955810547,-7.998735427856445,rms_matched,False
251,1ab26689a68e6aeb9ee56daf140f5d65c19295d6b65eaef9f51f22cbd867b635758194eb9640790ea7d37a0de2bd5d0f235fb7662cc80dda56261f92c3cb4475,hindi_griffinlim_eval_final/fake_hindi_griffinlim/hindi_fake_0251.wav,0,5.796,3.3119254112243652,-4.093743324279785,rms_matched,False
252,ea8ef3168cd29cf3bb33c603fc49336a1b58747fac2bdd17b4f6d59f24ed30a903a1b574e5d276035f8c3141478664e8f36c46a55fb6637e08b183a0969615a0,hindi_griffinlim_eval_final/real_hindi/hindi_real_0252.wav,1,4.608,-0.03475934639573097,0.28018924593925476,rms_matched,False
252,ea8ef3168cd29cf3bb33c603fc49336a1b58747fac2bdd17b4f6d59f24ed30a903a1b574e5d276035f8c3141478664e8f36c46a55fb6637e08b183a0969615a0,hindi_griffinlim_eval_final/fake_hindi_griffinlim/hindi_fake_0252.wav,0,4.608,-4.386704444885254,5.10440731048584,rms_matched,False
253,bbf090e6e283e4e37184a2e8d18c4e8b316a072a5565f942ab1fe209609ce93499859b1bc6b7111be2f33203c2746e5c37c57a3fcff52e9a7f38780d6fc39a26,hindi_griffinlim_eval_final/real_hindi/hindi_real_0253.wav,1,6.948,2.444222927093506,-3.1479032039642334,rms_matched,False
253,bbf090e6e283e4e37184a2e8d18c4e8b316a072a5565f942ab1fe209609ce93499859b1bc6b7111be2f33203c2746e5c37c57a3fcff52e9a7f38780d6fc39a26,hindi_griffinlim_eval_final/fake_hindi_griffinlim/hindi_fake_0253.wav,0,6.948,-1.7530325651168823,2.499485969543457,rms_matched,False
254,40755351d14a54150898c5756a00e1c19d4099c2b7fca916bd7eb5967ce050c2fa3e5870250539857dbb1005de528c8a967e18a0f7dfd0dfce66024cc6a979c0,hindi_griffinlim_eval_final/real_hindi/hindi_real_0254.wav,1,5.76,4.923622131347656,-6.195286750793457,rms_matched,False
254,40755351d14a54150898c5756a00e1c19d4099c2b7fca916bd7eb5967ce050c2fa3e5870250539857dbb1005de528c8a967e18a0f7dfd0dfce66024cc6a979c0,hindi_griffinlim_eval_final/fake_hindi_griffinlim/hindi_fake_0254.wav,0,5.76,-1.7938207387924194,2.5552029609680176,rms_matched,False
255,46f23ae11e8565e979749342e1097a77fe3ef574253f10323351763c97b22c07b42362b03c576fa1d45361cede36368bbd6b9325f1f93cd2b8ed161a560ece2a,hindi_griffinlim_eval_final/real_hindi/hindi_real_0255.wav,1,2.4,5.415519714355469,-7.018208026885986,rms_matched,False
255,46f23ae11e8565e979749342e1097a77fe3ef574253f10323351763c97b22c07b42362b03c576fa1d45361cede36368bbd6b9325f1f93cd2b8ed161a560ece2a,hindi_griffinlim_eval_final/fake_hindi_griffinlim/hindi_fake_0255.wav,0,2.4,-0.17822156846523285,0.445386677980423,rms_matched,False
256,5b3872837902e6d95327320c254ce8cc9e7b69e3ad4e2e54f93009f6f44af95a3b2bd03dd9504518ddea0ce1bb0793458ea03d00ccd3c918aba1a0a91476da99,hindi_griffinlim_eval_final/real_hindi/hindi_real_0256.wav,1,4.656,1.012083888053894,-1.56598699092865,rms_matched,False
256,5b3872837902e6d95327320c254ce8cc9e7b69e3ad4e2e54f93009f6f44af95a3b2bd03dd9504518ddea0ce1bb0793458ea03d00ccd3c918aba1a0a91476da99,hindi_griffinlim_eval_final/fake_hindi_griffinlim/hindi_fake_0256.wav,0,4.656,-4.07777738571167,4.872906684875488,rms_matched,False
257,d24af5ee15190d3fc14dfc4ee3c75c75fe66fb537d4c7cf94e0e7d489ba442240b112a68a9dcd921ed48aaf17649bacd187e913bf4f22c1471cdc0fd263e9aa7,hindi_griffinlim_eval_final/real_hindi/hindi_real_0257.wav,1,4.896,3.946723461151123,-4.982008934020996,rms_matched,False
257,d24af5ee15190d3fc14dfc4ee3c75c75fe66fb537d4c7cf94e0e7d489ba442240b112a68a9dcd921ed48aaf17649bacd187e913bf4f22c1471cdc0fd263e9aa7,hindi_griffinlim_eval_final/fake_hindi_griffinlim/hindi_fake_0257.wav,0,4.896,0.4646661579608917,-0.5790907144546509,rms_matched,False
258,389842e0cd33cfb9876ef3d2f0e50eb0d9842d3a72efb647244e2cab4f456609c2fe3c3584b5307808cc70d8a9f6cbc18617ef2eadf45ed518b03c0dee8dfd87,hindi_griffinlim_eval_final/real_hindi/hindi_real_0258.wav,1,4.824,4.845273971557617,-6.288303375244141,rms_matched,False
258,389842e0cd33cfb9876ef3d2f0e50eb0d9842d3a72efb647244e2cab4f456609c2fe3c3584b5307808cc70d8a9f6cbc18617ef2eadf45ed518b03c0dee8dfd87,hindi_griffinlim_eval_final/fake_hindi_griffinlim/hindi_fake_0258.wav,0,4.824,-0.6459226012229919,1.0929713249206543,rms_matched,False
259,70c96a46f6827039223782fee3a93b99fa8168c84d3e5f9a0e2a1f16cfc1d62ad6f52d19ac175ad3ee541abd81068d089df3693e843b932053395156f6ff36b6,hindi_griffinlim_eval_final/real_hindi/hindi_real_0259.wav,1,4.716,-2.250258207321167,2.8092188835144043,rms_matched,False
259,70c96a46f6827039223782fee3a93b99fa8168c84d3e5f9a0e2a1f16cfc1d62ad6f52d19ac175ad3ee541abd81068d089df3693e843b932053395156f6ff36b6,hindi_griffinlim_eval_final/fake_hindi_griffinlim/hindi_fake_0259.wav,0,4.716,-5.798641204833984,6.604208469390869,rms_matched,False
260,984398a9ba94c5ce43b621c6fee2c6092d5ea3632e0b605bf206a5ae59eba42401dbc36603073eec2117374293d2675a9847d91f1c71deeeeee7c5202840a1ea,hindi_griffinlim_eval_final/real_hindi/hindi_real_0260.wav,1,4.896,3.993960380554199,-5.157968521118164,rms_matched,False
260,984398a9ba94c5ce43b621c6fee2c6092d5ea3632e0b605bf206a5ae59eba42401dbc36603073eec2117374293d2675a9847d91f1c71deeeeee7c5202840a1ea,hindi_griffinlim_eval_final/fake_hindi_griffinlim/hindi_fake_0260.wav,0,4.896,5.508771896362305,-7.164542198181152,rms_matched,False
261,d1d9c267ebee74a32597d31c9167b2edb1f99cb7f4aa13501a5cc3bd519deaa2516058fb40da1e55deef24bb43e231ab5f17484bb11468d631c90e3bf29b76d4,hindi_griffinlim_eval_final/real_hindi/hindi_real_0261.wav,1,3.888,4.55476713180542,-5.8345184326171875,rms_matched,False
261,d1d9c267ebee74a32597d31c9167b2edb1f99cb7f4aa13501a5cc3bd519deaa2516058fb40da1e55deef24bb43e231ab5f17484bb11468d631c90e3bf29b76d4,hindi_griffinlim_eval_final/fake_hindi_griffinlim/hindi_fake_0261.wav,0,3.888,6.994573593139648,-9.108159065246582,rms_matched,False
262,42adfde56dd3d69ed58436d1e8a55fac999afb0e390ebc65c299c3cd2b7258cb079683412241e54e7fa275e56a02bd19a10d6a17fead09988cd0fad2e6061e7b,hindi_griffinlim_eval_final/real_hindi/hindi_real_0262.wav,1,3.096,-5.898015022277832,6.79722261428833,rms_matched,False
262,42adfde56dd3d69ed58436d1e8a55fac999afb0e390ebc65c299c3cd2b7258cb079683412241e54e7fa275e56a02bd19a10d6a17fead09988cd0fad2e6061e7b,hindi_griffinlim_eval_final/fake_hindi_griffinlim/hindi_fake_0262.wav,0,3.096,-0.8793617486953735,1.388224720954895,rms_matched,False
263,e6f76063e0bed01647274603154c6319e89caf2d63a94e0c72490f58e3bca473aba94f53d264079979a367057af8c6e8152ef88087ac70720ea6175f8f9e4970,hindi_griffinlim_eval_final/real_hindi/hindi_real_0263.wav,1,4.536,-0.2855769693851471,0.21740013360977173,rms_matched,False
263,e6f76063e0bed01647274603154c6319e89caf2d63a94e0c72490f58e3bca473aba94f53d264079979a367057af8c6e8152ef88087ac70720ea6175f8f9e4970,hindi_griffinlim_eval_final/fake_hindi_griffinlim/hindi_fake_0263.wav,0,4.536,-2.4956040382385254,3.3375895023345947,rms_matched,False
264,bd008914e8d61f280ef49d1b81b9ba5feafa0195842fb73953d414962085d13881380f143efa9cc3014fb5083f2ca49ec0ac216b23e48f676493303b320d17d3,hindi_griffinlim_eval_final/real_hindi/hindi_real_0264.wav,1,7.884,5.762887954711914,-7.353269577026367,rms_matched,False
264,bd008914e8d61f280ef49d1b81b9ba5feafa0195842fb73953d414962085d13881380f143efa9cc3014fb5083f2ca49ec0ac216b23e48f676493303b320d17d3,hindi_griffinlim_eval_final/fake_hindi_griffinlim/hindi_fake_0264.wav,0,7.884,-0.7883788347244263,1.2725284099578857,rms_matched,False
265,d5417347b8d450c2aefa6ac74539b48c943a0d94b866457184e18c67074d8c2eb785e7191abf9c2199ef4db0873ef3ca503bfeaee470f6ab2506b8c2120a6669,hindi_griffinlim_eval_final/real_hindi/hindi_real_0265.wav,1,6.048,-4.662839889526367,5.352804660797119,rms_matched,False
265,d5417347b8d450c2aefa6ac74539b48c943a0d94b866457184e18c67074d8c2eb785e7191abf9c2199ef4db0873ef3ca503bfeaee470f6ab2506b8c2120a6669,hindi_griffinlim_eval_final/fake_hindi_griffinlim/hindi_fake_0265.wav,0,6.048,-3.3709075450897217,4.132222652435303,rms_matched,False
266,f4be1316ad0e2da63cc723ae7822391bf5e9bebab20d134595b5dfaa0fcfc42a3907fb02b5ee992a496c84610d4d015a0b2f1e8240dc27a431cd55d69b1ab7e3,hindi_griffinlim_eval_final/real_hindi/hindi_real_0266.wav,1,4.356,-0.16674339771270752,0.08672276139259338,rms_matched,False
266,f4be1316ad0e2da63cc723ae7822391bf5e9bebab20d134595b5dfaa0fcfc42a3907fb02b5ee992a496c84610d4d015a0b2f1e8240dc27a431cd55d69b1ab7e3,hindi_griffinlim_eval_final/fake_hindi_griffinlim/hindi_fake_0266.wav,0,4.356,6.002010822296143,-7.799246788024902,rms_matched,False
267,e13c23ee2d8500b3cffa2cdf67ef9d827331c36238411c839fe39b077736953b55de43cff6bb2d96066fb6660cc6542db53e3e5abe00c2cb8d79cf3bc38b22fb,hindi_griffinlim_eval_final/real_hindi/hindi_real_0267.wav,1,3.78,6.376887798309326,-8.329479217529297,rms_matched,False
267,e13c23ee2d8500b3cffa2cdf67ef9d827331c36238411c839fe39b077736953b55de43cff6bb2d96066fb6660cc6542db53e3e5abe00c2cb8d79cf3bc38b22fb,hindi_griffinlim_eval_final/fake_hindi_griffinlim/hindi_fake_0267.wav,0,3.78,6.156723499298096,-7.922570705413818,rms_matched,False
268,c3b879809a9ebf0d819103be644fbf3fee1c8cafd1e2c2f905c8d6d5c2497bcd47b0cb932bb4106b5729479e89ca660253ad1158181c72462d1ce0499047db90,hindi_griffinlim_eval_final/real_hindi/hindi_real_0268.wav,1,3.996,-0.5854789018630981,0.9424612522125244,rms_matched,False
268,c3b879809a9ebf0d819103be644fbf3fee1c8cafd1e2c2f905c8d6d5c2497bcd47b0cb932bb4106b5729479e89ca660253ad1158181c72462d1ce0499047db90,hindi_griffinlim_eval_final/fake_hindi_griffinlim/hindi_fake_0268.wav,0,3.996,3.637665271759033,-4.430838584899902,rms_matched,False
269,b5368a2dff773c397ef5c49e62c79de17d88d95d2079d13c22dfd061e40dd1528406716bf6158aee618664f8bd5cd01289e1e410afda482364672472b003fd9b,hindi_griffinlim_eval_final/real_hindi/hindi_real_0269.wav,1,3.78,5.509157657623291,-7.081219673156738,rms_matched,False
269,b5368a2dff773c397ef5c49e62c79de17d88d95d2079d13c22dfd061e40dd1528406716bf6158aee618664f8bd5cd01289e1e410afda482364672472b003fd9b,hindi_griffinlim_eval_final/fake_hindi_griffinlim/hindi_fake_0269.wav,0,3.78,4.326066970825195,-5.356473922729492,rms_matched,False
270,46f23ae11e8565e979749342e1097a77fe3ef574253f10323351763c97b22c07b42362b03c576fa1d45361cede36368bbd6b9325f1f93cd2b8ed161a560ece2a,hindi_griffinlim_eval_final/real_hindi/hindi_real_0270.wav,1,3.696,5.880734920501709,-7.786335468292236,rms_matched,False
270,46f23ae11e8565e979749342e1097a77fe3ef574253f10323351763c97b22c07b42362b03c576fa1d45361cede36368bbd6b9325f1f93cd2b8ed161a560ece2a,hindi_griffinlim_eval_final/fake_hindi_griffinlim/hindi_fake_0270.wav,0,3.696,6.904425144195557,-8.96142578125,rms_matched,False
271,e0b0d9bee4bc7b503aa80e3cc2b981cba7d2cd3493201182fda6cfaf6bd0f3c06ed4dece1470c13e0a96e60f29ff7be6ceb53724edc3973a8e5594a8b8f2fb13,hindi_griffinlim_eval_final/real_hindi/hindi_real_0271.wav,1,3.996,4.883049011230469,-6.391260623931885,rms_matched,False
271,e0b0d9bee4bc7b503aa80e3cc2b981cba7d2cd3493201182fda6cfaf6bd0f3c06ed4dece1470c13e0a96e60f29ff7be6ceb53724edc3973a8e5594a8b8f2fb13,hindi_griffinlim_eval_final/fake_hindi_griffinlim/hindi_fake_0271.wav,0,3.996,5.687641143798828,-7.190433502197266,rms_matched,False
272,ec78af2b863dab21a727f2ae9acf3ca8000403bcaaa82e800686048efeb2dcd359c7afd61fc63ea272d52e127546ccc8650a9df372bdb8f30a4df59e828cc263,hindi_griffinlim_eval_final/real_hindi/hindi_real_0272.wav,1,4.536,-0.6176069974899292,0.8668994903564453,rms_matched,False
272,ec78af2b863dab21a727f2ae9acf3ca8000403bcaaa82e800686048efeb2dcd359c7afd61fc63ea272d52e127546ccc8650a9df372bdb8f30a4df59e828cc263,hindi_griffinlim_eval_final/fake_hindi_griffinlim/hindi_fake_0272.wav,0,4.536,2.4655838012695312,-2.9093775749206543,rms_matched,False
273,ec293248c910c28091014fec13d47bb69cc84f0b265ad0536d7e39390f3de510ab879fa3c23797defe85d8c846a4e148c971e28da6a90a647a9bc37eb03362bc,hindi_griffinlim_eval_final/real_hindi/hindi_real_0273.wav,1,6.408,4.655357360839844,-5.913548469543457,rms_matched,False
273,ec293248c910c28091014fec13d47bb69cc84f0b265ad0536d7e39390f3de510ab879fa3c23797defe85d8c846a4e148c971e28da6a90a647a9bc37eb03362bc,hindi_griffinlim_eval_final/fake_hindi_griffinlim/hindi_fake_0273.wav,0,6.408,5.5595245361328125,-7.158055305480957,rms_matched,False
274,1a88297b510c4d15acdd9d6a3f50d13fd6420c8f934e487a7ec5096ab5fbebef165269d581a12002a5eca2cf3fbced4552441668df9c027abd45ef0895eabbc2,hindi_griffinlim_eval_final/real_hindi/hindi_real_0274.wav,1,4.248,5.972375869750977,-7.6782073974609375,rms_matched,False
274,1a88297b510c4d15acdd9d6a3f50d13fd6420c8f934e487a7ec5096ab5fbebef165269d581a12002a5eca2cf3fbced4552441668df9c027abd45ef0895eabbc2,hindi_griffinlim_eval_final/fake_hindi_griffinlim/hindi_fake_0274.wav,0,4.248,-0.5362128019332886,0.6333600282669067,rms_matched,False
275,c7a77aac9398049c593a06e3bde552061eb033612d2266a548202cc8790a06dd5c5c4fb002e8013ef38f94abed95b3bea0e56c4cb6aa8deecf7c63373764826d,hindi_griffinlim_eval_final/real_hindi/hindi_real_0275.wav,1,5.652,-0.48719853162765503,0.7062879204750061,rms_matched,False
275,c7a77aac9398049c593a06e3bde552061eb033612d2266a548202cc8790a06dd5c5c4fb002e8013ef38f94abed95b3bea0e56c4cb6aa8deecf7c63373764826d,hindi_griffinlim_eval_final/fake_hindi_griffinlim/hindi_fake_0275.wav,0,5.652,-0.4855928421020508,0.9706135392189026,rms_matched,False
276,6ebad08c5960e5ac3ec20197f173828d6da580b660c01794cdd4270089cdd590b3d512277ba38e372e860e7e9e9d9621fbeec2edd3ab07dcfe713a646c246543,hindi_griffinlim_eval_final/real_hindi/hindi_real_0276.wav,1,4.356,5.655123710632324,-7.258754730224609,rms_matched,False
276,6ebad08c5960e5ac3ec20197f173828d6da580b660c01794cdd4270089cdd590b3d512277ba38e372e860e7e9e9d9621fbeec2edd3ab07dcfe713a646c246543,hindi_griffinlim_eval_final/fake_hindi_griffinlim/hindi_fake_0276.wav,0,4.356,-1.739075779914856,2.450927734375,rms_matched,False
277,984398a9ba94c5ce43b621c6fee2c6092d5ea3632e0b605bf206a5ae59eba42401dbc36603073eec2117374293d2675a9847d91f1c71deeeeee7c5202840a1ea,hindi_griffinlim_eval_final/real_hindi/hindi_real_0277.wav,1,2.328,1.6407124996185303,-2.2679026126861572,rms_matched,False
277,984398a9ba94c5ce43b621c6fee2c6092d5ea3632e0b605bf206a5ae59eba42401dbc36603073eec2117374293d2675a9847d91f1c71deeeeee7c5202840a1ea,hindi_griffinlim_eval_final/fake_hindi_griffinlim/hindi_fake_0277.wav,0,2.328,-4.026909828186035,4.914983749389648,rms_matched,False
278,9be22651e8bee8e72a3187d9a27f0e9ed24c178b528062b4ae5d6a2a32dbb8c6001f6d3f15d60270fefa422a2c58426a2c915931d43266eb48a2d15836111a95,hindi_griffinlim_eval_final/real_hindi/hindi_real_0278.wav,1,7.416,0.5000073909759521,-0.749146580696106,rms_matched,False
278,9be22651e8bee8e72a3187d9a27f0e9ed24c178b528062b4ae5d6a2a32dbb8c6001f6d3f15d60270fefa422a2c58426a2c915931d43266eb48a2d15836111a95,hindi_griffinlim_eval_final/fake_hindi_griffinlim/hindi_fake_0278.wav,0,7.416,3.4360475540161133,-4.287841796875,rms_matched,False
279,e3d7f69caea5efb2f5319a49faacdc76440549b08282bef1d81bc2ce2e823cf05f2bbb7d1ec46ef4f681113376a098b117c1ac6a8b1dfe88acf27fa6a9961f31,hindi_griffinlim_eval_final/real_hindi/hindi_real_0279.wav,1,6.12,4.391739845275879,-5.688663482666016,rms_matched,False
279,e3d7f69caea5efb2f5319a49faacdc76440549b08282bef1d81bc2ce2e823cf05f2bbb7d1ec46ef4f681113376a098b117c1ac6a8b1dfe88acf27fa6a9961f31,hindi_griffinlim_eval_final/fake_hindi_griffinlim/hindi_fake_0279.wav,0,6.12,-1.1971255540847778,1.7648210525512695,rms_matched,False
280,c1edd0ef566e809ba01bf1a3011df6cd0fbf6a1675ba8002e671dd7b16588ea30ff434c78aaae27b190d16c6d7bd32bdd4a6b1ca631c0b3f819e807b3cdef585,hindi_griffinlim_eval_final/real_hindi/hindi_real_0280.wav,1,4.14,0.023233849555253983,-0.1360594630241394,rms_matched,False
280,c1edd0ef566e809ba01bf1a3011df6cd0fbf6a1675ba8002e671dd7b16588ea30ff434c78aaae27b190d16c6d7bd32bdd4a6b1ca631c0b3f819e807b3cdef585,hindi_griffinlim_eval_final/fake_hindi_griffinlim/hindi_fake_0280.wav,0,4.14,6.917410850524902,-8.97446346282959,rms_matched,False
281,311217067d55b7cce037852182d16a8e446e955f838c22ea621a12cf2d0fcb73cef39d58af1b90b48bc6a39e94534cd5781370c0e4affc028225fa2b2f7029f0,hindi_griffinlim_eval_final/real_hindi/hindi_real_0281.wav,1,4.536,-6.002161979675293,6.72886323928833,rms_matched,False
281,311217067d55b7cce037852182d16a8e446e955f838c22ea621a12cf2d0fcb73cef39d58af1b90b48bc6a39e94534cd5781370c0e4affc028225fa2b2f7029f0,hindi_griffinlim_eval_final/fake_hindi_griffinlim/hindi_fake_0281.wav,0,4.536,-0.722243070602417,1.2745743989944458,rms_matched,False
282,ecc7e59a32c148c0940caf49e33b11c6c9cbcd065d19c3a636df8798f9a2b79eec188e8b8ec5c0ba3212d762cde863f145957a01d44291181826e1579efbcf79,hindi_griffinlim_eval_final/real_hindi/hindi_real_0282.wav,1,5.112,0.16410866379737854,-0.3992270529270172,rms_matched,False
282,ecc7e59a32c148c0940caf49e33b11c6c9cbcd065d19c3a636df8798f9a2b79eec188e8b8ec5c0ba3212d762cde863f145957a01d44291181826e1579efbcf79,hindi_griffinlim_eval_final/fake_hindi_griffinlim/hindi_fake_0282.wav,0,5.112,6.181336879730225,-8.072256088256836,rms_matched,False
283,6e20e06229081bf9c063f01cd7b3e0a759f5953624213afea5c397d4b7fe9a4dc5dae704a5faf61147d4155de50dc4a2cafdf78e7e2f8a3dc8633f276065b4cc,hindi_griffinlim_eval_final/real_hindi/hindi_real_0283.wav,1,4.716,5.007236003875732,-6.508966445922852,rms_matched,False
283,6e20e06229081bf9c063f01cd7b3e0a759f5953624213afea5c397d4b7fe9a4dc5dae704a5faf61147d4155de50dc4a2cafdf78e7e2f8a3dc8633f276065b4cc,hindi_griffinlim_eval_final/fake_hindi_griffinlim/hindi_fake_0283.wav,0,4.716,-2.025428533554077,2.8489158153533936,rms_matched,False
284,5d04e341d28471b5a0877f8fdc6dfb88a706c40c3a904e7e0b0982891ccab4d619b816f3a5dc1025591b7cfdc9f56ef10169afd22bfcd78c1ee7b6fc4e36bc03,hindi_griffinlim_eval_final/real_hindi/hindi_real_0284.wav,1,6.696,4.721867561340332,-6.040511608123779,rms_matched,False
284,5d04e341d28471b5a0877f8fdc6dfb88a706c40c3a904e7e0b0982891ccab4d619b816f3a5dc1025591b7cfdc9f56ef10169afd22bfcd78c1ee7b6fc4e36bc03,hindi_griffinlim_eval_final/fake_hindi_griffinlim/hindi_fake_0284.wav,0,6.696,4.04643440246582,-4.875210762023926,rms_matched,False
285,6f3cdaef649635685d3a90ee62bab981848e6ed6f25f28b9b43c2f3d4ac51b4e42a36ead3b4b83add1e9bd60f0c66f05ecfe7c7c5154b6345a1c2f1c85b32fa8,hindi_griffinlim_eval_final/real_hindi/hindi_real_0285.wav,1,4.608,2.8845081329345703,-3.663454532623291,rms_matched,False
285,6f3cdaef649635685d3a90ee62bab981848e6ed6f25f28b9b43c2f3d4ac51b4e42a36ead3b4b83add1e9bd60f0c66f05ecfe7c7c5154b6345a1c2f1c85b32fa8,hindi_griffinlim_eval_final/fake_hindi_griffinlim/hindi_fake_0285.wav,0,4.608,-4.2346696853637695,5.065395832061768,rms_matched,False
286,cba73505723d31fe1d355fd9c1ba00f36d72661f667b151bb2e4db347100a72793ca3d5351e0293af666bf35d2684deb3e4bbc6fe630ffabe699d80709a0ea07,hindi_griffinlim_eval_final/real_hindi/hindi_real_0286.wav,1,6.768,2.231109142303467,-3.0878453254699707,rms_matched,False
286,cba73505723d31fe1d355fd9c1ba00f36d72661f667b151bb2e4db347100a72793ca3d5351e0293af666bf35d2684deb3e4bbc6fe630ffabe699d80709a0ea07,hindi_griffinlim_eval_final/fake_hindi_griffinlim/hindi_fake_0286.wav,0,6.768,6.519179344177246,-8.447160720825195,rms_matched,False
287,f8d4690343aebc46b5b4f761cbee6d5cd597474f021f677c62c03c23da03907c8e42536fdd96e5ead2cdf210f62bca5450c4902a6ca872aec66acc854084cb5f,hindi_griffinlim_eval_final/real_hindi/hindi_real_0287.wav,1,7.704,-2.4110958576202393,3.0661423206329346,rms_matched,False
287,f8d4690343aebc46b5b4f761cbee6d5cd597474f021f677c62c03c23da03907c8e42536fdd96e5ead2cdf210f62bca5450c4902a6ca872aec66acc854084cb5f,hindi_griffinlim_eval_final/fake_hindi_griffinlim/hindi_fake_0287.wav,0,7.704,-0.08761338889598846,0.17633181810379028,rms_matched,False
288,3cc689cef88ce2eef03fd3065b6ad230f3510ced585ce0ed79f637bea2ddf7ab025d93e97a52c579d31d186f0512b29153286885b7c54221a569102a68dec661,hindi_griffinlim_eval_final/real_hindi/hindi_real_0288.wav,1,5.76,-1.3455606698989868,1.8050122261047363,rms_matched,False
288,3cc689cef88ce2eef03fd3065b6ad230f3510ced585ce0ed79f637bea2ddf7ab025d93e97a52c579d31d186f0512b29153286885b7c54221a569102a68dec661,hindi_griffinlim_eval_final/fake_hindi_griffinlim/hindi_fake_0288.wav,0,5.76,-1.212753176689148,1.7292237281799316,rms_matched,False
289,95340b846e677ea27571958308bb11e2403ec2e4464bba7c97372d324e628a906f6be086595117707361a5dd7b41295d64031b6b2a5f2e50f6dc0a1841fd7fa2,hindi_griffinlim_eval_final/real_hindi/hindi_real_0289.wav,1,7.92,5.55556583404541,-7.2239837646484375,rms_matched,False
289,95340b846e677ea27571958308bb11e2403ec2e4464bba7c97372d324e628a906f6be086595117707361a5dd7b41295d64031b6b2a5f2e50f6dc0a1841fd7fa2,hindi_griffinlim_eval_final/fake_hindi_griffinlim/hindi_fake_0289.wav,0,7.92,6.808680534362793,-8.789865493774414,rms_matched,False
290,1ab26689a68e6aeb9ee56daf140f5d65c19295d6b65eaef9f51f22cbd867b635758194eb9640790ea7d37a0de2bd5d0f235fb7662cc80dda56261f92c3cb4475,hindi_griffinlim_eval_final/real_hindi/hindi_real_0290.wav,1,5.58,4.875369548797607,-6.358622074127197,rms_matched,False
290,1ab26689a68e6aeb9ee56daf140f5d65c19295d6b65eaef9f51f22cbd867b635758194eb9640790ea7d37a0de2bd5d0f235fb7662cc80dda56261f92c3cb4475,hindi_griffinlim_eval_final/fake_hindi_griffinlim/hindi_fake_0290.wav,0,5.58,-1.9097732305526733,2.7390034198760986,rms_matched,False
291,0d095340640de1eed083de79682cd69d43729d60e08c0a6819dd49b8f15d143165cd66c8061dffa3ce372d4356c10e0bc5cc1a3a224cbe7e1cfeca4c5cfb413d,hindi_griffinlim_eval_final/real_hindi/hindi_real_0291.wav,1,3.96,-0.023366916924715042,0.006259083282202482,rms_matched,False
291,0d095340640de1eed083de79682cd69d43729d60e08c0a6819dd49b8f15d143165cd66c8061dffa3ce372d4356c10e0bc5cc1a3a224cbe7e1cfeca4c5cfb413d,hindi_griffinlim_eval_final/fake_hindi_griffinlim/hindi_fake_0291.wav,0,3.96,2.420823574066162,-3.180537700653076,rms_matched,False
292,cb191bbd6bef46c81c9d5a49421a071897ee938b184fb94525d71950769ff71a8e4c5380bac3087cf73f11082371a95a9e76e594ba58d9520d5892e39d9d167e,hindi_griffinlim_eval_final/real_hindi/hindi_real_0292.wav,1,5.148,4.420889854431152,-5.7133636474609375,rms_matched,False
292,cb191bbd6bef46c81c9d5a49421a071897ee938b184fb94525d71950769ff71a8e4c5380bac3087cf73f11082371a95a9e76e594ba58d9520d5892e39d9d167e,hindi_griffinlim_eval_final/fake_hindi_griffinlim/hindi_fake_0292.wav,0,5.148,-2.2241945266723633,2.9916305541992188,rms_matched,False
293,aaf6b52267451edd43f92433e040803b7c695022ac637484427c841d61dddefbc79acf6b684ebc2769e18c649d9b7a520a0041ecb7898d3f7e49d804f477a3ac,hindi_griffinlim_eval_final/real_hindi/hindi_real_0293.wav,1,3.06,-4.028969764709473,4.819035530090332,rms_matched,False
293,aaf6b52267451edd43f92433e040803b7c695022ac637484427c841d61dddefbc79acf6b684ebc2769e18c649d9b7a520a0041ecb7898d3f7e49d804f477a3ac,hindi_griffinlim_eval_final/fake_hindi_griffinlim/hindi_fake_0293.wav,0,3.06,5.402003288269043,-6.982845306396484,rms_matched,False
294,fa0e5eaef7ca1de58387002c2b682b7b480943dbad6e36170c4c3dabf85516e30d2a6332548e734128bc69878186e8820b707e22b7de10ba7cd80ed20cbe8f81,hindi_griffinlim_eval_final/real_hindi/hindi_real_0294.wav,1,5.616,-0.6014403104782104,0.8646302223205566,rms_matched,False
294,fa0e5eaef7ca1de58387002c2b682b7b480943dbad6e36170c4c3dabf85516e30d2a6332548e734128bc69878186e8820b707e22b7de10ba7cd80ed20cbe8f81,hindi_griffinlim_eval_final/fake_hindi_griffinlim/hindi_fake_0294.wav,0,5.616,5.32005500793457,-6.62363338470459,rms_matched,False
295,53c5dd7ebb08179dca2b5f3992b991b3d28288202e01a950d1e70510db84b5cdf9cb5e72803a4212e7428e60b2ddda26a81dbdc01410725d0d6de265d86cb530,hindi_griffinlim_eval_final/real_hindi/hindi_real_0295.wav,1,7.668,2.9622082710266113,-3.9643819332122803,rms_matched,False
295,53c5dd7ebb08179dca2b5f3992b991b3d28288202e01a950d1e70510db84b5cdf9cb5e72803a4212e7428e60b2ddda26a81dbdc01410725d0d6de265d86cb530,hindi_griffinlim_eval_final/fake_hindi_griffinlim/hindi_fake_0295.wav,0,7.668,-1.7542603015899658,2.508989095687866,rms_matched,False
296,a71fe4c8c51459edc23fad3c7288e0216049d06b3ffb15d556328a42b3d18daf25ac6d1566a0037209e321081df2632dfca7bbeabd547b9eeef87ddf1e6ad329,hindi_griffinlim_eval_final/real_hindi/hindi_real_0296.wav,1,4.86,5.609330177307129,-7.244035720825195,rms_matched,False
296,a71fe4c8c51459edc23fad3c7288e0216049d06b3ffb15d556328a42b3d18daf25ac6d1566a0037209e321081df2632dfca7bbeabd547b9eeef87ddf1e6ad329,hindi_griffinlim_eval_final/fake_hindi_griffinlim/hindi_fake_0296.wav,0,4.86,-1.0720511674880981,1.633725643157959,rms_matched,False
297,6df5947ecd6093ba0b8088111d11231f209c5377b37d2ec78fb66df1c555d0c218e4a7dfd601f4d5395ec9f0579ec4eca44d2fd60b09e80bc62ef446ea485886,hindi_griffinlim_eval_final/real_hindi/hindi_real_0297.wav,1,6.12,-3.98130464553833,4.815773963928223,rms_matched,False
297,6df5947ecd6093ba0b8088111d11231f209c5377b37d2ec78fb66df1c555d0c218e4a7dfd601f4d5395ec9f0579ec4eca44d2fd60b09e80bc62ef446ea485886,hindi_griffinlim_eval_final/fake_hindi_griffinlim/hindi_fake_0297.wav,0,6.12,-3.647641897201538,4.4482927322387695,rms_matched,False
298,c3b879809a9ebf0d819103be644fbf3fee1c8cafd1e2c2f905c8d6d5c2497bcd47b0cb932bb4106b5729479e89ca660253ad1158181c72462d1ce0499047db90,hindi_griffinlim_eval_final/real_hindi/hindi_real_0298.wav,1,3.96,-2.3791613578796387,3.201805830001831,rms_matched,False
298,c3b879809a9ebf0d819103be644fbf3fee1c8cafd1e2c2f905c8d6d5c2497bcd47b0cb932bb4106b5729479e89ca660253ad1158181c72462d1ce0499047db90,hindi_griffinlim_eval_final/fake_hindi_griffinlim/hindi_fake_0298.wav,0,3.96,0.7165849208831787,-1.1039466857910156,rms_matched,False
299,2d27b396006a861ca7b1d045b46c33a62ae2f394d1da44c60a21ec6da2cbb9bbd3c7db23f5bdf57b185987f7c6157ac50f6af45751dff9a96bafc3fe6b5bea2e,hindi_griffinlim_eval_final/real_hindi/hindi_real_0299.wav,1,6.588,0.6122125387191772,-1.2065532207489014,rms_matched,False
299,2d27b396006a861ca7b1d045b46c33a62ae2f394d1da44c60a21ec6da2cbb9bbd3c7db23f5bdf57b185987f7c6157ac50f6af45751dff9a96bafc3fe6b5bea2e,hindi_griffinlim_eval_final/fake_hindi_griffinlim/hindi_fake_0299.wav,0,6.588,-5.763360977172852,6.580135345458984,rms_matched,False
300,3c47037b539064a039337a1c897e88029bf7cfb906524864e55c38b90aa9efe57730742089a7f2a1b508952b6272c39cd50f7d701230bde9d0afdf4fefc05d8a,hindi_griffinlim_eval_final/real_hindi/hindi_real_0300.wav,1,2.664,-0.9249742031097412,1.1764698028564453,rms_matched,False
300,3c47037b539064a039337a1c897e88029bf7cfb906524864e55c38b90aa9efe57730742089a7f2a1b508952b6272c39cd50f7d701230bde9d0afdf4fefc05d8a,hindi_griffinlim_eval_final/fake_hindi_griffinlim/hindi_fake_0300.wav,0,2.664,-5.571473121643066,6.325815200805664,rms_matched,False
301,ff8f23f061245d69de7cccf1ee33e0ebd713c56e08f5a4a2f4732746be391af221f711cf9aee47cf8cc4c6402985c5231bff4ac03eaaa1e1a1cef4e1cdaf2936,hindi_griffinlim_eval_final/real_hindi/hindi_real_0301.wav,1,2.088,-6.132978916168213,7.048266887664795,rms_matched,False
301,ff8f23f061245d69de7cccf1ee33e0ebd713c56e08f5a4a2f4732746be391af221f711cf9aee47cf8cc4c6402985c5231bff4ac03eaaa1e1a1cef4e1cdaf2936,hindi_griffinlim_eval_final/fake_hindi_griffinlim/hindi_fake_0301.wav,0,2.088,-3.385270595550537,4.318548679351807,rms_matched,False
302,aa9327f862e22c8a7e7c1cc05e596b019cb19e79329dfd7495112ab3dafda315d4ab663885cb951c63be27858c37f1aa245b0907d689b37ee4db113148053cc6,hindi_griffinlim_eval_final/real_hindi/hindi_real_0302.wav,1,5.148,0.16936646401882172,-0.0999051034450531,rms_matched,False
302,aa9327f862e22c8a7e7c1cc05e596b019cb19e79329dfd7495112ab3dafda315d4ab663885cb951c63be27858c37f1aa245b0907d689b37ee4db113148053cc6,hindi_griffinlim_eval_final/fake_hindi_griffinlim/hindi_fake_0302.wav,0,5.148,-2.5989561080932617,3.386026382446289,rms_matched,False
303,8a05ca02926d437b43ff4cc21925621fc16dbeaf8e35977e8c6f5da4d29494951203f52e20050d365fe263f76336e15d23cf8d1f0c0514c9fd900f7d92b108a1,hindi_griffinlim_eval_final/real_hindi/hindi_real_0303.wav,1,5.688,5.674185752868652,-7.292210578918457,rms_matched,False
303,8a05ca02926d437b43ff4cc21925621fc16dbeaf8e35977e8c6f5da4d29494951203f52e20050d365fe263f76336e15d23cf8d1f0c0514c9fd900f7d92b108a1,hindi_griffinlim_eval_final/fake_hindi_griffinlim/hindi_fake_0303.wav,0,5.688,-0.4874294400215149,1.0461812019348145,rms_matched,False
304,0296590f079d0307e6a54bed03a9a137e124eae99c566ac40f5e14ff6f07084af6f1b3c11b51c8910d774cc6ae571696c616838249c2e12fe64eae03221496c8,hindi_griffinlim_eval_final/real_hindi/hindi_real_0304.wav,1,4.248,5.221990585327148,-6.712080955505371,rms_matched,False
304,0296590f079d0307e6a54bed03a9a137e124eae99c566ac40f5e14ff6f07084af6f1b3c11b51c8910d774cc6ae571696c616838249c2e12fe64eae03221496c8,hindi_griffinlim_eval_final/fake_hindi_griffinlim/hindi_fake_0304.wav,0,4.248,2.245166301727295,-2.758417844772339,rms_matched,False
305,2d27b396006a861ca7b1d045b46c33a62ae2f394d1da44c60a21ec6da2cbb9bbd3c7db23f5bdf57b185987f7c6157ac50f6af45751dff9a96bafc3fe6b5bea2e,hindi_griffinlim_eval_final/real_hindi/hindi_real_0305.wav,1,7.488,3.8419289588928223,-4.959975719451904,rms_matched,False
305,2d27b396006a861ca7b1d045b46c33a62ae2f394d1da44c60a21ec6da2cbb9bbd3c7db23f5bdf57b185987f7c6157ac50f6af45751dff9a96bafc3fe6b5bea2e,hindi_griffinlim_eval_final/fake_hindi_griffinlim/hindi_fake_0305.wav,0,7.488,-5.8396711349487305,6.658026218414307,rms_matched,False
306,2dd9387ee31e2dfabf2c664ee5a533b648b4c169efb1d67c4d3246b1e1d4adb4bcf85903b3619f188a6913a5a6e2a7cc0311056fd2cf598a2e20dd9a1cd96193,hindi_griffinlim_eval_final/real_hindi/hindi_real_0306.wav,1,6.12,2.2029223442077637,-2.819685220718384,rms_matched,False
306,2dd9387ee31e2dfabf2c664ee5a533b648b4c169efb1d67c4d3246b1e1d4adb4bcf85903b3619f188a6913a5a6e2a7cc0311056fd2cf598a2e20dd9a1cd96193,hindi_griffinlim_eval_final/fake_hindi_griffinlim/hindi_fake_0306.wav,0,6.12,-2.3377861976623535,3.182255744934082,rms_matched,False
307,56ba5616ef927a5c046387ad41208d615386a7bf95a3752a607516baf5fcc8fa5a93d8319617fcece315e6fc4a611dc2c2a3ec78a7e0244368ddcba4c2bfee0a,hindi_griffinlim_eval_final/real_hindi/hindi_real_0307.wav,1,3.636,5.756882190704346,-7.378781795501709,rms_matched,False
307,56ba5616ef927a5c046387ad41208d615386a7bf95a3752a607516baf5fcc8fa5a93d8319617fcece315e6fc4a611dc2c2a3ec78a7e0244368ddcba4c2bfee0a,hindi_griffinlim_eval_final/fake_hindi_griffinlim/hindi_fake_0307.wav,0,3.636,0.5763607025146484,-1.1168360710144043,rms_matched,False
308,cea40007071ea914e41633e74d05142fd1f5f8f49c154534816017cf89ce625657c804fe479fe87c08854ecd847697d6ca0fb6bcf424006c307f65430c34785e,hindi_griffinlim_eval_final/real_hindi/hindi_real_0308.wav,1,6.768,3.8043994903564453,-4.884577751159668,rms_matched,False
308,cea40007071ea914e41633e74d05142fd1f5f8f49c154534816017cf89ce625657c804fe479fe87c08854ecd847697d6ca0fb6bcf424006c307f65430c34785e,hindi_griffinlim_eval_final/fake_hindi_griffinlim/hindi_fake_0308.wav,0,6.768,-0.18097402155399323,0.4186688959598541,rms_matched,False
309,c3ef3ab4323cf25135e6b13c5baf4f313c3c59fea4cf21337ecb956e033b5b79db26a65c4279f7092dda2c2d1a5175e591e08ba495a247500fe295c3b8cc5327,hindi_griffinlim_eval_final/real_hindi/hindi_real_0309.wav,1,3.264,-5.465888023376465,6.1475629806518555,rms_matched,False
309,c3ef3ab4323cf25135e6b13c5baf4f313c3c59fea4cf21337ecb956e033b5b79db26a65c4279f7092dda2c2d1a5175e591e08ba495a247500fe295c3b8cc5327,hindi_griffinlim_eval_final/fake_hindi_griffinlim/hindi_fake_0309.wav,0,3.264,-2.6554818153381348,3.515608549118042,rms_matched,False
310,5d04e341d28471b5a0877f8fdc6dfb88a706c40c3a904e7e0b0982891ccab4d619b816f3a5dc1025591b7cfdc9f56ef10169afd22bfcd78c1ee7b6fc4e36bc03,hindi_griffinlim_eval_final/real_hindi/hindi_real_0310.wav,1,5.544,2.2193965911865234,-2.752091884613037,peak_normalized,True
310,5d04e341d28471b5a0877f8fdc6dfb88a706c40c3a904e7e0b0982891ccab4d619b816f3a5dc1025591b7cfdc9f56ef10169afd22bfcd78c1ee7b6fc4e36bc03,hindi_griffinlim_eval_final/fake_hindi_griffinlim/hindi_fake_0310.wav,0,5.544,1.5021547079086304,-2.0340867042541504,peak_normalized,True
311,9960686415eb494ee9537261d6666881f9ba972c52152db480cd96dd07d7bf619cd2f1f9d30815cdc61bbbd4eb031b57cf2297022021dc923732cd69a3a4a5d4,hindi_griffinlim_eval_final/real_hindi/hindi_real_0311.wav,1,3.744,3.3773794174194336,-4.294917583465576,rms_matched,False
311,9960686415eb494ee9537261d6666881f9ba972c52152db480cd96dd07d7bf619cd2f1f9d30815cdc61bbbd4eb031b57cf2297022021dc923732cd69a3a4a5d4,hindi_griffinlim_eval_final/fake_hindi_griffinlim/hindi_fake_0311.wav,0,3.744,0.23915423452854156,-0.4296949505805969,rms_matched,False
312,1dab0a43e9720c288528bb0aa9f27d67d429f550442c898d5be29fba84cba6c1f8c882ae46f1d75a260964131e51dd4de0447d2a63dbe72957d89bb70d7af451,hindi_griffinlim_eval_final/real_hindi/hindi_real_0312.wav,1,5.256,4.259804725646973,-5.277501106262207,rms_matched,False
312,1dab0a43e9720c288528bb0aa9f27d67d429f550442c898d5be29fba84cba6c1f8c882ae46f1d75a260964131e51dd4de0447d2a63dbe72957d89bb70d7af451,hindi_griffinlim_eval_final/fake_hindi_griffinlim/hindi_fake_0312.wav,0,5.256,0.9964420795440674,-1.54801607131958,rms_matched,False
313,9698b39cb85f238f1346eea2dba721e4e8fb440bd4d14b632aef84108f02f47d028463a7076a9eb0333b72fab260a9357f045de63eaaa3c7374ce6a692e081ba,hindi_griffinlim_eval_final/real_hindi/hindi_real_0313.wav,1,7.056,0.6004629135131836,-1.4476416110992432,rms_matched,False
313,9698b39cb85f238f1346eea2dba721e4e8fb440bd4d14b632aef84108f02f47d028463a7076a9eb0333b72fab260a9357f045de63eaaa3c7374ce6a692e081ba,hindi_griffinlim_eval_final/fake_hindi_griffinlim/hindi_fake_0313.wav,0,7.056,-5.101017951965332,5.967354774475098,rms_matched,False
314,9a862e8c754a334f2c39963b8da67e4e6e46ef2889e6ac772bb3e3847c4e1586e46be4d21adf569a90009925022013d8900d5ec065a6eaf767a5f0c3f1317f6d,hindi_griffinlim_eval_final/real_hindi/hindi_real_0314.wav,1,6.228,-0.9065929055213928,1.2007430791854858,rms_matched,False
314,9a862e8c754a334f2c39963b8da67e4e6e46ef2889e6ac772bb3e3847c4e1586e46be4d21adf569a90009925022013d8900d5ec065a6eaf767a5f0c3f1317f6d,hindi_griffinlim_eval_final/fake_hindi_griffinlim/hindi_fake_0314.wav,0,6.228,-5.5660176277160645,6.386962890625,rms_matched,False
315,eadc13b88ea5631a21a2beb0917e9be628171b8aaae29918cb08b2afa62e820e01d0a5e21154b643f10067864ae138783bc31abf1a13b86bcb072fa0f0df4d40,hindi_griffinlim_eval_final/real_hindi/hindi_real_0315.wav,1,6.696,2.7231006622314453,-3.357086181640625,rms_matched,False
315,eadc13b88ea5631a21a2beb0917e9be628171b8aaae29918cb08b2afa62e820e01d0a5e21154b643f10067864ae138783bc31abf1a13b86bcb072fa0f0df4d40,hindi_griffinlim_eval_final/fake_hindi_griffinlim/hindi_fake_0315.wav,0,6.696,0.9371713399887085,-1.3515522480010986,rms_matched,False
316,58913ffb4a411d7b14318c0cadbfb8ccdf1ed3dd5c7173b948c382329be9bb3fd15f6a5b863c94639786da4b32fa679087d9b0d4a04711dec86e1b82ed92c369,hindi_griffinlim_eval_final/real_hindi/hindi_real_0316.wav,1,5.04,-2.5022764205932617,3.1413540840148926,rms_matched,False
316,58913ffb4a411d7b14318c0cadbfb8ccdf1ed3dd5c7173b948c382329be9bb3fd15f6a5b863c94639786da4b32fa679087d9b0d4a04711dec86e1b82ed92c369,hindi_griffinlim_eval_final/fake_hindi_griffinlim/hindi_fake_0316.wav,0,5.04,-5.730527877807617,6.578933238983154,rms_matched,False
317,be71c5c863d6de0f351032d62a7be08c92ba176b5062de0dafb4440746492bbcf9cd33f72220ff106d4b21f86dd04bb624bf109c7252900c3f92b4303d603af1,hindi_griffinlim_eval_final/real_hindi/hindi_real_0317.wav,1,6.624,5.0757598876953125,-6.38201904296875,rms_matched,False
317,be71c5c863d6de0f351032d62a7be08c92ba176b5062de0dafb4440746492bbcf9cd33f72220ff106d4b21f86dd04bb624bf109c7252900c3f92b4303d603af1,hindi_griffinlim_eval_final/fake_hindi_griffinlim/hindi_fake_0317.wav,0,6.624,5.925760269165039,-7.759757995605469,rms_matched,False
318,2270a4902001989b755fb2acc9d13918db9f6f89d7d5b1cf38d55ba7ef62d366249b464061d0c3df63c12f38b738d552ba6e854c9e09ebf766f61506d2a1732e,hindi_griffinlim_eval_final/real_hindi/hindi_real_0318.wav,1,5.796,-0.16618041694164276,0.2456701695919037,rms_matched,False
318,2270a4902001989b755fb2acc9d13918db9f6f89d7d5b1cf38d55ba7ef62d366249b464061d0c3df63c12f38b738d552ba6e854c9e09ebf766f61506d2a1732e,hindi_griffinlim_eval_final/fake_hindi_griffinlim/hindi_fake_0318.wav,0,5.796,5.875014305114746,-7.579028606414795,rms_matched,False
319,ea8f8541a19f474c4246d33005ad2c365f8b82b7a9b214bc39bd7b0ea6469e6d17fc574bce867f5fa60612c98df61735b7e95bf0d9c731a290e4c4bd515098bb,hindi_griffinlim_eval_final/real_hindi/hindi_real_0319.wav,1,3.816,5.977558135986328,-7.691102981567383,rms_matched,False
319,ea8f8541a19f474c4246d33005ad2c365f8b82b7a9b214bc39bd7b0ea6469e6d17fc574bce867f5fa60612c98df61735b7e95bf0d9c731a290e4c4bd515098bb,hindi_griffinlim_eval_final/fake_hindi_griffinlim/hindi_fake_0319.wav,0,3.816,-1.7726064920425415,2.5358805656433105,rms_matched,False
320,d5880664e0b201cf24b4972ea9890b801afe05af05cd4302d95952f06934198872328efbf6eb11bf51e169d4c62a0e8756088bbe001fc353a9b6d080ed9ee3dc,hindi_griffinlim_eval_final/real_hindi/hindi_real_0320.wav,1,6.552,-3.010281562805176,3.594684362411499,rms_matched,False
320,d5880664e0b201cf24b4972ea9890b801afe05af05cd4302d95952f06934198872328efbf6eb11bf51e169d4c62a0e8756088bbe001fc353a9b6d080ed9ee3dc,hindi_griffinlim_eval_final/fake_hindi_griffinlim/hindi_fake_0320.wav,0,6.552,-5.833674430847168,6.766982078552246,rms_matched,False
321,d5880664e0b201cf24b4972ea9890b801afe05af05cd4302d95952f06934198872328efbf6eb11bf51e169d4c62a0e8756088bbe001fc353a9b6d080ed9ee3dc,hindi_griffinlim_eval_final/real_hindi/hindi_real_0321.wav,1,4.176,-2.251760482788086,2.8767952919006348,rms_matched,False
321,d5880664e0b201cf24b4972ea9890b801afe05af05cd4302d95952f06934198872328efbf6eb11bf51e169d4c62a0e8756088bbe001fc353a9b6d080ed9ee3dc,hindi_griffinlim_eval_final/fake_hindi_griffinlim/hindi_fake_0321.wav,0,4.176,-4.109903812408447,4.985796928405762,rms_matched,False
322,da10f782c53d93ec1dbf793a1f5404dbdfd390c9abdacd218d0c47e2366a569d50841b5ad9075f9b83e2c16b9194ab1be1f91e407a546218999fa14e2b49a3eb,hindi_griffinlim_eval_final/real_hindi/hindi_real_0322.wav,1,6.024,5.457664489746094,-7.012110233306885,rms_matched,False
322,da10f782c53d93ec1dbf793a1f5404dbdfd390c9abdacd218d0c47e2366a569d50841b5ad9075f9b83e2c16b9194ab1be1f91e407a546218999fa14e2b49a3eb,hindi_griffinlim_eval_final/fake_hindi_griffinlim/hindi_fake_0322.wav,0,6.024,-5.3172807693481445,6.020162582397461,rms_matched,False
323,9801769c27a3734c88c438fbbc4fd95e31d1f04128a9c1119883a512df216d892440e9a8f3d14c835b7e50e57a3e746ce0490c6316f545cb28de9cc9947b9545,hindi_griffinlim_eval_final/real_hindi/hindi_real_0323.wav,1,4.968,4.830299377441406,-6.11207389831543,rms_matched,False
323,9801769c27a3734c88c438fbbc4fd95e31d1f04128a9c1119883a512df216d892440e9a8f3d14c835b7e50e57a3e746ce0490c6316f545cb28de9cc9947b9545,hindi_griffinlim_eval_final/fake_hindi_griffinlim/hindi_fake_0323.wav,0,4.968,-0.3020569682121277,0.5673276782035828,rms_matched,False
324,3cc689cef88ce2eef03fd3065b6ad230f3510ced585ce0ed79f637bea2ddf7ab025d93e97a52c579d31d186f0512b29153286885b7c54221a569102a68dec661,hindi_griffinlim_eval_final/real_hindi/hindi_real_0324.wav,1,4.716,1.0414727926254272,-1.1851787567138672,rms_matched,False
324,3cc689cef88ce2eef03fd3065b6ad230f3510ced585ce0ed79f637bea2ddf7ab025d93e97a52c579d31d186f0512b29153286885b7c54221a569102a68dec661,hindi_griffinlim_eval_final/fake_hindi_griffinlim/hindi_fake_0324.wav,0,4.716,-1.8782322406768799,2.7160685062408447,rms_matched,False
325,8023dc679c28a4172456d8e4b741aba9ed1895ba41b8cd0fd18f02c6775991869a2b8c2802e6ee72defb8caf5ec8ccad0b6fe8fa2b264bb9448ebca8b25c5989,hindi_griffinlim_eval_final/real_hindi/hindi_real_0325.wav,1,6.228,-0.34179335832595825,0.5582577586174011,rms_matched,False
325,8023dc679c28a4172456d8e4b741aba9ed1895ba41b8cd0fd18f02c6775991869a2b8c2802e6ee72defb8caf5ec8ccad0b6fe8fa2b264bb9448ebca8b25c5989,hindi_griffinlim_eval_final/fake_hindi_griffinlim/hindi_fake_0325.wav,0,6.228,-3.7222509384155273,4.592748641967773,rms_matched,False
326,e13c23ee2d8500b3cffa2cdf67ef9d827331c36238411c839fe39b077736953b55de43cff6bb2d96066fb6660cc6542db53e3e5abe00c2cb8d79cf3bc38b22fb,hindi_griffinlim_eval_final/real_hindi/hindi_real_0326.wav,1,3.6,2.2196133136749268,-3.456162929534912,rms_matched,False
326,e13c23ee2d8500b3cffa2cdf67ef9d827331c36238411c839fe39b077736953b55de43cff6bb2d96066fb6660cc6542db53e3e5abe00c2cb8d79cf3bc38b22fb,hindi_griffinlim_eval_final/fake_hindi_griffinlim/hindi_fake_0326.wav,0,3.6,6.838738441467285,-8.913566589355469,rms_matched,False
327,9daf98d1ee349378718aead0f9edd13b1352e0fe0e72a2d71aa458a79d9f474c8680549bf1d62115d59c13d52d97364c5672adb795ac73db59b709c92cb7870e,hindi_griffinlim_eval_final/real_hindi/hindi_real_0327.wav,1,3.528,0.6395757794380188,-1.155565857887268,rms_matched,False
327,9daf98d1ee349378718aead0f9edd13b1352e0fe0e72a2d71aa458a79d9f474c8680549bf1d62115d59c13d52d97364c5672adb795ac73db59b709c92cb7870e,hindi_griffinlim_eval_final/fake_hindi_griffinlim/hindi_fake_0327.wav,0,3.528,-0.782440185546875,1.38123619556427,rms_matched,False
328,a77463c4923319faa0aa9e316c75a0c0b8b57506ca68d5ae159872b937710f58e5559c8f319e0d9b23c3c80f7bff29a739634859ac38c3cb38e1f278cc7d4b97,hindi_griffinlim_eval_final/real_hindi/hindi_real_0328.wav,1,6.192,-5.745486259460449,6.59671688079834,rms_matched,False
328,a77463c4923319faa0aa9e316c75a0c0b8b57506ca68d5ae159872b937710f58e5559c8f319e0d9b23c3c80f7bff29a739634859ac38c3cb38e1f278cc7d4b97,hindi_griffinlim_eval_final/fake_hindi_griffinlim/hindi_fake_0328.wav,0,6.192,4.069516181945801,-4.960406303405762,rms_matched,False
329,ed5627c36413bada41ea1e6c75f249a22863f90dfe81b12b40587549b6f59442964cae88a1db7d7b111bdf5baee22c51842eefbfa75af862de09d7609b6e3af2,hindi_griffinlim_eval_final/real_hindi/hindi_real_0329.wav,1,3.528,3.2479026317596436,-4.2637529373168945,rms_matched,False
329,ed5627c36413bada41ea1e6c75f249a22863f90dfe81b12b40587549b6f59442964cae88a1db7d7b111bdf5baee22c51842eefbfa75af862de09d7609b6e3af2,hindi_griffinlim_eval_final/fake_hindi_griffinlim/hindi_fake_0329.wav,0,3.528,-0.8649871945381165,1.3369691371917725,rms_matched,False
330,9daf98d1ee349378718aead0f9edd13b1352e0fe0e72a2d71aa458a79d9f474c8680549bf1d62115d59c13d52d97364c5672adb795ac73db59b709c92cb7870e,hindi_griffinlim_eval_final/real_hindi/hindi_real_0330.wav,1,4.176,-2.797077178955078,3.475282669067383,rms_matched,False
330,9daf98d1ee349378718aead0f9edd13b1352e0fe0e72a2d71aa458a79d9f474c8680549bf1d62115d59c13d52d97364c5672adb795ac73db59b709c92cb7870e,hindi_griffinlim_eval_final/fake_hindi_griffinlim/hindi_fake_0330.wav,0,4.176,-2.5373873710632324,3.3496766090393066,rms_matched,False
331,46369e01baf2553b6269322ed95fc7afe1865c88e5f462390a20e35e6af12cc97960c4874ecda585cb422e132fee3f04da4f91fa41175b3b36d9bc7d7033edf1,hindi_griffinlim_eval_final/real_hindi/hindi_real_0331.wav,1,5.04,4.508814811706543,-5.615227222442627,rms_matched,False
331,46369e01baf2553b6269322ed95fc7afe1865c88e5f462390a20e35e6af12cc97960c4874ecda585cb422e132fee3f04da4f91fa41175b3b36d9bc7d7033edf1,hindi_griffinlim_eval_final/fake_hindi_griffinlim/hindi_fake_0331.wav,0,5.04,-0.2607082426548004,0.25894156098365784,rms_matched,False
332,29bcb273adde2fc3bc2e4595307cca55f7a2164b643bd634a478297488389dd87132dba219b5a51a5b42b59a42fe5eef68ff2cd098bb675cf680befd442613d5,hindi_griffinlim_eval_final/real_hindi/hindi_real_0332.wav,1,5.256,6.0488667488098145,-7.645119667053223,rms_matched,False
332,29bcb273adde2fc3bc2e4595307cca55f7a2164b643bd634a478297488389dd87132dba219b5a51a5b42b59a42fe5eef68ff2cd098bb675cf680befd442613d5,hindi_griffinlim_eval_final/fake_hindi_griffinlim/hindi_fake_0332.wav,0,5.256,-0.7534881830215454,1.2243919372558594,rms_matched,False
333,02a40eed38bf20ab1ddca1a5c60f5b2cadd5455be21c7a1ab8e87d65a6fec68495c0d24d8fecdfe3f9d132fdfa842dba33dca093df21b19f3d325519779d13d0,hindi_griffinlim_eval_final/real_hindi/hindi_real_0333.wav,1,3.24,5.026001930236816,-6.3467698097229,rms_matched,False
333,02a40eed38bf20ab1ddca1a5c60f5b2cadd5455be21c7a1ab8e87d65a6fec68495c0d24d8fecdfe3f9d132fdfa842dba33dca093df21b19f3d325519779d13d0,hindi_griffinlim_eval_final/fake_hindi_griffinlim/hindi_fake_0333.wav,0,3.24,5.664750099182129,-7.318172454833984,rms_matched,False
334,79741f3153a904c0ddeb1d81d69b137d61adb2a3f1c8ea30fd32a88a4f7028bbb73f1515f3cac14ad147b8c1845846d96d9333173f71677d207b7ff1357a37c5,hindi_griffinlim_eval_final/real_hindi/hindi_real_0334.wav,1,5.232,3.0424671173095703,-3.65385103225708,rms_matched,False
334,79741f3153a904c0ddeb1d81d69b137d61adb2a3f1c8ea30fd32a88a4f7028bbb73f1515f3cac14ad147b8c1845846d96d9333173f71677d207b7ff1357a37c5,hindi_griffinlim_eval_final/fake_hindi_griffinlim/hindi_fake_0334.wav,0,5.232,-2.1642816066741943,2.8871395587921143,rms_matched,False
335,a260ddbc5acffed848007a0a9ec6b79936f77999c825631f8f7eb91c11e3369d404de512eb961b464b0208a5da2d4a8cf154dba0a4d11010520e02dbf6039b2f,hindi_griffinlim_eval_final/real_hindi/hindi_real_0335.wav,1,5.868,-3.769177198410034,4.4596848487854,rms_matched,False
335,a260ddbc5acffed848007a0a9ec6b79936f77999c825631f8f7eb91c11e3369d404de512eb961b464b0208a5da2d4a8cf154dba0a4d11010520e02dbf6039b2f,hindi_griffinlim_eval_final/fake_hindi_griffinlim/hindi_fake_0335.wav,0,5.868,-4.954599380493164,5.7822184562683105,rms_matched,False
336,ae0a0fe60554522906f5f10d702870d8b639c50f99a9ba0d357814bdce5f39421c6e2ac11f10a3e1b2d1bc606b887b6fc12d2b50fa34afe36a725b6191d5ab4b,hindi_griffinlim_eval_final/real_hindi/hindi_real_0336.wav,1,7.224,-0.17518280446529388,0.12051647901535034,rms_matched,False
336,ae0a0fe60554522906f5f10d702870d8b639c50f99a9ba0d357814bdce5f39421c6e2ac11f10a3e1b2d1bc606b887b6fc12d2b50fa34afe36a725b6191d5ab4b,hindi_griffinlim_eval_final/fake_hindi_griffinlim/hindi_fake_0336.wav,0,7.224,-1.9177348613739014,2.5891599655151367,rms_matched,False
337,8532ee1920f74cab963f7b2895f0b5d5519a8762bb1f3b742293915270928c8826003a955e9a9a092982572ddaceed20ff3eaedd2517aa8c4a3759585bfb5493,hindi_griffinlim_eval_final/real_hindi/hindi_real_0337.wav,1,6.084,3.4823403358459473,-4.491360187530518,rms_matched,False
337,8532ee1920f74cab963f7b2895f0b5d5519a8762bb1f3b742293915270928c8826003a955e9a9a092982572ddaceed20ff3eaedd2517aa8c4a3759585bfb5493,hindi_griffinlim_eval_final/fake_hindi_griffinlim/hindi_fake_0337.wav,0,6.084,-0.6453819870948792,1.2103664875030518,rms_matched,False
338,ccd20bfc67c11f3e895626eb3d7e07e2eecb1ce583467fa1a70d8bda435a9fc5cf14c4a421d7811cf579acb2397447cbd649ac6eaaa8073a71a7d04ccb90882b,hindi_griffinlim_eval_final/real_hindi/hindi_real_0338.wav,1,3.564,4.858969688415527,-6.245919227600098,rms_matched,False
338,ccd20bfc67c11f3e895626eb3d7e07e2eecb1ce583467fa1a70d8bda435a9fc5cf14c4a421d7811cf579acb2397447cbd649ac6eaaa8073a71a7d04ccb90882b,hindi_griffinlim_eval_final/fake_hindi_griffinlim/hindi_fake_0338.wav,0,3.564,-4.297094345092773,5.081413269042969,rms_matched,False
339,9be22651e8bee8e72a3187d9a27f0e9ed24c178b528062b4ae5d6a2a32dbb8c6001f6d3f15d60270fefa422a2c58426a2c915931d43266eb48a2d15836111a95,hindi_griffinlim_eval_final/real_hindi/hindi_real_0339.wav,1,4.248,5.5619215965271,-7.025743007659912,rms_matched,False
339,9be22651e8bee8e72a3187d9a27f0e9ed24c178b528062b4ae5d6a2a32dbb8c6001f6d3f15d60270fefa422a2c58426a2c915931d43266eb48a2d15836111a95,hindi_griffinlim_eval_final/fake_hindi_griffinlim/hindi_fake_0339.wav,0,4.248,-0.4434027671813965,0.9132031798362732,rms_matched,False
340,287db5b3c7065ffc1e6827c0bc87dc4a6b6a45c159642fe8d490d5adb6ce18a5b4b528f921503762bbb20b1fcd84f5f8256a9a11cd4ccf55964f301b416b08d2,hindi_griffinlim_eval_final/real_hindi/hindi_real_0340.wav,1,6.3,1.1244381666183472,-1.6671199798583984,rms_matched,False
340,287db5b3c7065ffc1e6827c0bc87dc4a6b6a45c159642fe8d490d5adb6ce18a5b4b528f921503762bbb20b1fcd84f5f8256a9a11cd4ccf55964f301b416b08d2,hindi_griffinlim_eval_final/fake_hindi_griffinlim/hindi_fake_0340.wav,0,6.3,-1.9498021602630615,2.74788761138916,rms_matched,False
341,ec293248c910c28091014fec13d47bb69cc84f0b265ad0536d7e39390f3de510ab879fa3c23797defe85d8c846a4e148c971e28da6a90a647a9bc37eb03362bc,hindi_griffinlim_eval_final/real_hindi/hindi_real_0341.wav,1,4.608,5.092336654663086,-6.377841472625732,rms_matched,False
341,ec293248c910c28091014fec13d47bb69cc84f0b265ad0536d7e39390f3de510ab879fa3c23797defe85d8c846a4e148c971e28da6a90a647a9bc37eb03362bc,hindi_griffinlim_eval_final/fake_hindi_griffinlim/hindi_fake_0341.wav,0,4.608,-0.7866994738578796,1.416445255279541,rms_matched,False
342,a3c9eb18e51d74ec5fbf9ca9ca1d5edf24c691d0f685ef2ffc8689d107710a300eec2172a79cc039b119ebc451ab794cb8519ce2d3c37209c7f24649089a7fc2,hindi_griffinlim_eval_final/real_hindi/hindi_real_0342.wav,1,5.4,3.5631539821624756,-4.351255416870117,rms_matched,False
342,a3c9eb18e51d74ec5fbf9ca9ca1d5edf24c691d0f685ef2ffc8689d107710a300eec2172a79cc039b119ebc451ab794cb8519ce2d3c37209c7f24649089a7fc2,hindi_griffinlim_eval_final/fake_hindi_griffinlim/hindi_fake_0342.wav,0,5.4,2.2896676063537598,-2.98565411567688,rms_matched,False
343,3e444b1d4cdc23e8a54c43d1ac3345d6835dbaa76477746b5e5250bce5018392d78fb03ea06a10b718ac956846d3e8010411d57ef75bf8debac74979ebf00f1d,hindi_griffinlim_eval_final/real_hindi/hindi_real_0343.wav,1,3.576,-5.765335559844971,6.606260299682617,rms_matched,False
343,3e444b1d4cdc23e8a54c43d1ac3345d6835dbaa76477746b5e5250bce5018392d78fb03ea06a10b718ac956846d3e8010411d57ef75bf8debac74979ebf00f1d,hindi_griffinlim_eval_final/fake_hindi_griffinlim/hindi_fake_0343.wav,0,3.576,-5.799149513244629,6.644255638122559,rms_matched,False
344,1605878cdc4bdeab0724827abc448ec019fcc59763e097294754173714e955fe80a28c12eed4a39a58f442138b886e755cd644efb115aa2599c6e50a20e63a74,hindi_griffinlim_eval_final/real_hindi/hindi_real_0344.wav,1,3.528,5.8387041091918945,-7.531223297119141,rms_matched,False
344,1605878cdc4bdeab0724827abc448ec019fcc59763e097294754173714e955fe80a28c12eed4a39a58f442138b886e755cd644efb115aa2599c6e50a20e63a74,hindi_griffinlim_eval_final/fake_hindi_griffinlim/hindi_fake_0344.wav,0,3.528,-1.2071398496627808,1.875942349433899,rms_matched,False
345,cf3aeeacb5f17296626b5c4098ec5eac55e41cd4794e1b866c7c42ccda4ff82ab59144d9af79e6479243e61724113d6c7ccccb7dc02e7a235f5ff37eee99c5d8,hindi_griffinlim_eval_final/real_hindi/hindi_real_0345.wav,1,2.304,-0.9978340864181519,1.3405699729919434,rms_matched,False
345,cf3aeeacb5f17296626b5c4098ec5eac55e41cd4794e1b866c7c42ccda4ff82ab59144d9af79e6479243e61724113d6c7ccccb7dc02e7a235f5ff37eee99c5d8,hindi_griffinlim_eval_final/fake_hindi_griffinlim/hindi_fake_0345.wav,0,2.304,6.685417175292969,-8.702284812927246,rms_matched,False
346,b9e669f9010e60c988c15c6c357649706d91c33219725e9a2b12fe7903fa536fc8b34a51ea158f2ba92027617b4944a2514cfa7beb4249f26b23754403940006,hindi_griffinlim_eval_final/real_hindi/hindi_real_0346.wav,1,6.948,-0.6323658227920532,0.7735510468482971,rms_matched,False
346,b9e669f9010e60c988c15c6c357649706d91c33219725e9a2b12fe7903fa536fc8b34a51ea158f2ba92027617b4944a2514cfa7beb4249f26b23754403940006,hindi_griffinlim_eval_final/fake_hindi_griffinlim/hindi_fake_0346.wav,0,6.948,-4.567633152008057,5.300825119018555,rms_matched,False
347,c7c4e5ded1e6121c38594d1e3bbb5a49f1d269f96c2591f9e2d4da7cf5c9cdc7598248c5d24452c832160a2503d344167242cafabc1dc3936e1a6065b281ae77,hindi_griffinlim_eval_final/real_hindi/hindi_real_0347.wav,1,5.016,1.6142690181732178,-2.064053773880005,rms_matched,False
347,c7c4e5ded1e6121c38594d1e3bbb5a49f1d269f96c2591f9e2d4da7cf5c9cdc7598248c5d24452c832160a2503d344167242cafabc1dc3936e1a6065b281ae77,hindi_griffinlim_eval_final/fake_hindi_griffinlim/hindi_fake_0347.wav,0,5.016,-3.744535446166992,4.511261463165283,rms_matched,False
348,e0a36ee267ea8131975092e3f0b285cc85c2ecf0e47fa58a4f81eea8ef911bc2e939a2fe85859b96f77623060400a6ad1157350fd138ac8523288698254e8c4e,hindi_griffinlim_eval_final/real_hindi/hindi_real_0348.wav,1,5.904,0.11220350861549377,-0.018695905804634094,rms_matched,False
348,e0a36ee267ea8131975092e3f0b285cc85c2ecf0e47fa58a4f81eea8ef911bc2e939a2fe85859b96f77623060400a6ad1157350fd138ac8523288698254e8c4e,hindi_griffinlim_eval_final/fake_hindi_griffinlim/hindi_fake_0348.wav,0,5.904,-0.2981164753437042,0.5852978229522705,rms_matched,False
349,f26e5928f716985bc8f4d827952dad56a5ef30e0da734a77a5224d9a0868ec78bfa430efda3ea5dd5bf4c69c0c60cff5d80782822ec2df77ce10f2cd82712f53,hindi_griffinlim_eval_final/real_hindi/hindi_real_0349.wav,1,4.716,-2.1356539726257324,2.94983172416687,rms_matched,False
349,f26e5928f716985bc8f4d827952dad56a5ef30e0da734a77a5224d9a0868ec78bfa430efda3ea5dd5bf4c69c0c60cff5d80782822ec2df77ce10f2cd82712f53,hindi_griffinlim_eval_final/fake_hindi_griffinlim/hindi_fake_0349.wav,0,4.716,0.049849241971969604,0.09023912250995636,rms_matched,False
350,1605878cdc4bdeab0724827abc448ec019fcc59763e097294754173714e955fe80a28c12eed4a39a58f442138b886e755cd644efb115aa2599c6e50a20e63a74,hindi_griffinlim_eval_final/real_hindi/hindi_real_0350.wav,1,6.336,5.897531032562256,-7.497744560241699,rms_matched,False
350,1605878cdc4bdeab0724827abc448ec019fcc59763e097294754173714e955fe80a28c12eed4a39a58f442138b886e755cd644efb115aa2599c6e50a20e63a74,hindi_griffinlim_eval_final/fake_hindi_griffinlim/hindi_fake_0350.wav,0,6.336,0.07545708119869232,0.023120760917663574,rms_matched,False
351,f4be1316ad0e2da63cc723ae7822391bf5e9bebab20d134595b5dfaa0fcfc42a3907fb02b5ee992a496c84610d4d015a0b2f1e8240dc27a431cd55d69b1ab7e3,hindi_griffinlim_eval_final/real_hindi/hindi_real_0351.wav,1,7.02,0.6073576211929321,-0.92402184009552,rms_matched,False
351,f4be1316ad0e2da63cc723ae7822391bf5e9bebab20d134595b5dfaa0fcfc42a3907fb02b5ee992a496c84610d4d015a0b2f1e8240dc27a431cd55d69b1ab7e3,hindi_griffinlim_eval_final/fake_hindi_griffinlim/hindi_fake_0351.wav,0,7.02,-0.275851845741272,0.5450296401977539,rms_matched,False
352,621e009fa43e75aecd867db6acd010a1a280b1faeb916e3a5e1a0bf8346fd32406c7ac120765bc592bf0484fcc239c756ead9625c64f9c6b3e9210bdf698995c,hindi_griffinlim_eval_final/real_hindi/hindi_real_0352.wav,1,4.968,4.165480613708496,-5.379570960998535,rms_matched,False
352,621e009fa43e75aecd867db6acd010a1a280b1faeb916e3a5e1a0bf8346fd32406c7ac120765bc592bf0484fcc239c756ead9625c64f9c6b3e9210bdf698995c,hindi_griffinlim_eval_final/fake_hindi_griffinlim/hindi_fake_0352.wav,0,4.968,-1.1864700317382812,1.722440242767334,rms_matched,False
353,70d88d4c44e1cdf95c1d79d4d5377362b0a154121ae535e0dd78dae908e37e7c5d6e5bbdf117f33fa7fe3e2b3b823339ff5afc7854685263b27e78ada3a47e35,hindi_griffinlim_eval_final/real_hindi/hindi_real_0353.wav,1,4.896,-2.818213939666748,3.5368266105651855,rms_matched,False
353,70d88d4c44e1cdf95c1d79d4d5377362b0a154121ae535e0dd78dae908e37e7c5d6e5bbdf117f33fa7fe3e2b3b823339ff5afc7854685263b27e78ada3a47e35,hindi_griffinlim_eval_final/fake_hindi_griffinlim/hindi_fake_0353.wav,0,4.896,-5.621356964111328,6.415772438049316,rms_matched,False
354,ca96256894b92e0525b6f8bf5bac013efa869bfe9b8ec767a84d2e0b6f9f3108886cad7b3c9e622cc74ce7c803c4f9d96080e182713805211464db35f0adb51e,hindi_griffinlim_eval_final/real_hindi/hindi_real_0354.wav,1,6.012,-1.0685890913009644,1.2212607860565186,rms_matched,False
354,ca96256894b92e0525b6f8bf5bac013efa869bfe9b8ec767a84d2e0b6f9f3108886cad7b3c9e622cc74ce7c803c4f9d96080e182713805211464db35f0adb51e,hindi_griffinlim_eval_final/fake_hindi_griffinlim/hindi_fake_0354.wav,0,6.012,-5.639903545379639,6.477447509765625,rms_matched,False
355,112f76f2e0c2f27b09b20340cd82d13c315858e70901593392d2bbaf1377a5ed05b373a77f5f93b0298be6ad7e0285d8dea7c8fc9e9d3ce601d702ff3e3a7d91,hindi_griffinlim_eval_final/real_hindi/hindi_real_0355.wav,1,7.02,-0.9012287855148315,1.2427150011062622,rms_matched,False
355,112f76f2e0c2f27b09b20340cd82d13c315858e70901593392d2bbaf1377a5ed05b373a77f5f93b0298be6ad7e0285d8dea7c8fc9e9d3ce601d702ff3e3a7d91,hindi_griffinlim_eval_final/fake_hindi_griffinlim/hindi_fake_0355.wav,0,7.02,6.158987045288086,-8.001465797424316,rms_matched,False
356,38a6ab913e27c72c3f28f3d2da65caa00933288bfaaa24633ad7168676bf34a4bdf59bba015f1be078031901c2a05ed997cd106fc7bb6ffe0cead3f59ca77415,hindi_griffinlim_eval_final/real_hindi/hindi_real_0356.wav,1,3.78,4.3647942543029785,-5.4303717613220215,rms_matched,False
356,38a6ab913e27c72c3f28f3d2da65caa00933288bfaaa24633ad7168676bf34a4bdf59bba015f1be078031901c2a05ed997cd106fc7bb6ffe0cead3f59ca77415,hindi_griffinlim_eval_final/fake_hindi_griffinlim/hindi_fake_0356.wav,0,3.78,5.7744460105896,-7.541717529296875,rms_matched,False
357,80ffb7f21aebcd96b01f5098bdf0f377f31fa297c2c30290be3dcd6a69b87e7570cd2e9ce41edb96038e485ce70cf75436dba4a0c7925bb36a68db134979c585,hindi_griffinlim_eval_final/real_hindi/hindi_real_0357.wav,1,4.608,-3.3161091804504395,4.164770126342773,rms_matched,False
357,80ffb7f21aebcd96b01f5098bdf0f377f31fa297c2c30290be3dcd6a69b87e7570cd2e9ce41edb96038e485ce70cf75436dba4a0c7925bb36a68db134979c585,hindi_griffinlim_eval_final/fake_hindi_griffinlim/hindi_fake_0357.wav,0,4.608,-2.3285207748413086,3.243068218231201,rms_matched,False
358,8a05ca02926d437b43ff4cc21925621fc16dbeaf8e35977e8c6f5da4d29494951203f52e20050d365fe263f76336e15d23cf8d1f0c0514c9fd900f7d92b108a1,hindi_griffinlim_eval_final/real_hindi/hindi_real_0358.wav,1,6.948,4.898181915283203,-6.14966344833374,rms_matched,False
358,8a05ca02926d437b43ff4cc21925621fc16dbeaf8e35977e8c6f5da4d29494951203f52e20050d365fe263f76336e15d23cf8d1f0c0514c9fd900f7d92b108a1,hindi_griffinlim_eval_final/fake_hindi_griffinlim/hindi_fake_0358.wav,0,6.948,-4.382518768310547,5.265778541564941,rms_matched,False
359,6990e943cefc8a2ed3e12aa2c2a781793096d1aaf311b175943b3029333a59e74f30086965cfb6f7db8b79b431c41a44e6b4aa3f806707fc0c4e5da883dd1d54,hindi_griffinlim_eval_final/real_hindi/hindi_real_0359.wav,1,4.32,5.398323059082031,-6.990202903747559,rms_matched,False
359,6990e943cefc8a2ed3e12aa2c2a781793096d1aaf311b175943b3029333a59e74f30086965cfb6f7db8b79b431c41a44e6b4aa3f806707fc0c4e5da883dd1d54,hindi_griffinlim_eval_final/fake_hindi_griffinlim/hindi_fake_0359.wav,0,4.32,-0.604994535446167,1.0405826568603516,rms_matched,False
360,2755cbb1978d17293826c36025fffd2b0966f60a48ee026f909afce38191de6da445c4ee2d684bf32d65bb5779ea78ba4f2360baac46e6f48710b9c531277adc,hindi_griffinlim_eval_final/real_hindi/hindi_real_0360.wav,1,2.556,-0.8778057098388672,1.3133200407028198,rms_matched,False
360,2755cbb1978d17293826c36025fffd2b0966f60a48ee026f909afce38191de6da445c4ee2d684bf32d65bb5779ea78ba4f2360baac46e6f48710b9c531277adc,hindi_griffinlim_eval_final/fake_hindi_griffinlim/hindi_fake_0360.wav,0,2.556,-0.6301891803741455,1.1212395429611206,rms_matched,False
361,b4dcba6c853f94a6e9abf98d501e79af3eec51ee1635fb1529bb4103e9fa495c7c937b7c4e4219bf3d414b549d2476904d15ff5feeb26b478b01bdc367f61bb2,hindi_griffinlim_eval_final/real_hindi/hindi_real_0361.wav,1,3.852,5.865819931030273,-7.626466751098633,rms_matched,False
361,b4dcba6c853f94a6e9abf98d501e79af3eec51ee1635fb1529bb4103e9fa495c7c937b7c4e4219bf3d414b549d2476904d15ff5feeb26b478b01bdc367f61bb2,hindi_griffinlim_eval_final/fake_hindi_griffinlim/hindi_fake_0361.wav,0,3.852,0.41972464323043823,-0.5209890604019165,rms_matched,False
362,4c946f553c704abd727b3818b1d22dba011a368043575278b58ae219f71cb8914e6cac82abe55d7da17f49bea4cceb3b96c17355a6f5b078c19a947defb9061c,hindi_griffinlim_eval_final/real_hindi/hindi_real_0362.wav,1,3.888,5.287493705749512,-6.802115440368652,rms_matched,False
362,4c946f553c704abd727b3818b1d22dba011a368043575278b58ae219f71cb8914e6cac82abe55d7da17f49bea4cceb3b96c17355a6f5b078c19a947defb9061c,hindi_griffinlim_eval_final/fake_hindi_griffinlim/hindi_fake_0362.wav,0,3.888,-5.692278861999512,6.532504081726074,rms_matched,False
363,80d92595b38c164010ef7313465d16463f2c96fa6fc022b2e01e189d36b259ca8c60d34dedd33eb9e2efc010529edd502641106737ba607a53218e01e86be40a,hindi_griffinlim_eval_final/real_hindi/hindi_real_0363.wav,1,4.356,-2.314358711242676,3.1666321754455566,rms_matched,False
363,80d92595b38c164010ef7313465d16463f2c96fa6fc022b2e01e189d36b259ca8c60d34dedd33eb9e2efc010529edd502641106737ba607a53218e01e86be40a,hindi_griffinlim_eval_final/fake_hindi_griffinlim/hindi_fake_0363.wav,0,4.356,-1.5376816987991333,2.2509570121765137,rms_matched,False
364,0b0be66321658747b6942ac54496bcf15f205ec5468184dbc0f65a4cb4b175d240d39625f77f45537b8108cebca77574e09be59da116602782a75d1fae832a2e,hindi_griffinlim_eval_final/real_hindi/hindi_real_0364.wav,1,3.06,5.477862358093262,-7.050760746002197,rms_matched,False
364,0b0be66321658747b6942ac54496bcf15f205ec5468184dbc0f65a4cb4b175d240d39625f77f45537b8108cebca77574e09be59da116602782a75d1fae832a2e,hindi_griffinlim_eval_final/fake_hindi_griffinlim/hindi_fake_0364.wav,0,3.06,6.903287410736084,-8.92407512664795,rms_matched,False
365,53c5dd7ebb08179dca2b5f3992b991b3d28288202e01a950d1e70510db84b5cdf9cb5e72803a4212e7428e60b2ddda26a81dbdc01410725d0d6de265d86cb530,hindi_griffinlim_eval_final/real_hindi/hindi_real_0365.wav,1,3.348,4.319879055023193,-5.5102057456970215,rms_matched,False
365,53c5dd7ebb08179dca2b5f3992b991b3d28288202e01a950d1e70510db84b5cdf9cb5e72803a4212e7428e60b2ddda26a81dbdc01410725d0d6de265d86cb530,hindi_griffinlim_eval_final/fake_hindi_griffinlim/hindi_fake_0365.wav,0,3.348,-0.480749249458313,0.5661770701408386,rms_matched,False
366,ae1ae84ba2341eb4c7c3fa47026ddc0b784387b58fa28c0a69f32c966e590141de3da70921c65c3477fb49575fab03213843d087f177422adb685978ca5c4b13,hindi_griffinlim_eval_final/real_hindi/hindi_real_0366.wav,1,3.996,5.392849922180176,-6.869774341583252,rms_matched,False
366,ae1ae84ba2341eb4c7c3fa47026ddc0b784387b58fa28c0a69f32c966e590141de3da70921c65c3477fb49575fab03213843d087f177422adb685978ca5c4b13,hindi_griffinlim_eval_final/fake_hindi_griffinlim/hindi_fake_0366.wav,0,3.996,-2.7063026428222656,3.611015558242798,rms_matched,False
367,4d52efb85f43252b4fa0af3ad7d8890f17e05c834b40f81b03d9f240ca3117bd7db0c1aa0bbdfc8844a852050c37a5d8911082669f388a4572d8971f41ed26e3,hindi_griffinlim_eval_final/real_hindi/hindi_real_0367.wav,1,4.14,4.6665191650390625,-5.857378959655762,rms_matched,False
367,4d52efb85f43252b4fa0af3ad7d8890f17e05c834b40f81b03d9f240ca3117bd7db0c1aa0bbdfc8844a852050c37a5d8911082669f388a4572d8971f41ed26e3,hindi_griffinlim_eval_final/fake_hindi_griffinlim/hindi_fake_0367.wav,0,4.14,-0.48420172929763794,0.49136459827423096,rms_matched,False
368,2f15fd7bc51b2ba02064a0da5d475e0d6fc67649859ea797ce166b32fbfcd6af3d56241cdaa9d7107918bf5979de4ab7e702c6f255f5f2cfb0d154e19d960b17,hindi_griffinlim_eval_final/real_hindi/hindi_real_0368.wav,1,5.004,-4.014313697814941,4.797132968902588,rms_matched,False
368,2f15fd7bc51b2ba02064a0da5d475e0d6fc67649859ea797ce166b32fbfcd6af3d56241cdaa9d7107918bf5979de4ab7e702c6f255f5f2cfb0d154e19d960b17,hindi_griffinlim_eval_final/fake_hindi_griffinlim/hindi_fake_0368.wav,0,5.004,-0.5051320791244507,0.9569334387779236,rms_matched,False
369,3f0b866ee8d4499e4c0de09d34862acbb1ea0139f53bf7f1271a8648fb35d9a3a31272a8bc7af870e3b52bf7f4cb51ae512fa07df79663eaeafa30221c0b200b,hindi_griffinlim_eval_final/real_hindi/hindi_real_0369.wav,1,3.168,-2.403369903564453,2.919450521469116,peak_normalized,True
369,3f0b866ee8d4499e4c0de09d34862acbb1ea0139f53bf7f1271a8648fb35d9a3a31272a8bc7af870e3b52bf7f4cb51ae512fa07df79663eaeafa30221c0b200b,hindi_griffinlim_eval_final/fake_hindi_griffinlim/hindi_fake_0369.wav,0,3.168,-4.291172981262207,5.096909523010254,peak_normalized,True
370,203176393d9928d38b3aecb45ba1ad1c05c8223b492bfe21e6c5c6359083f8bb68f24ab7bf449051e8527e9beee0055a3628608173b59bad7bf948e6d3e0ff27,hindi_griffinlim_eval_final/real_hindi/hindi_real_0370.wav,1,3.888,-0.38108396530151367,0.4155355393886566,rms_matched,False
370,203176393d9928d38b3aecb45ba1ad1c05c8223b492bfe21e6c5c6359083f8bb68f24ab7bf449051e8527e9beee0055a3628608173b59bad7bf948e6d3e0ff27,hindi_griffinlim_eval_final/fake_hindi_griffinlim/hindi_fake_0370.wav,0,3.888,-4.912312030792236,5.76130485534668,rms_matched,False
371,eadc13b88ea5631a21a2beb0917e9be628171b8aaae29918cb08b2afa62e820e01d0a5e21154b643f10067864ae138783bc31abf1a13b86bcb072fa0f0df4d40,hindi_griffinlim_eval_final/real_hindi/hindi_real_0371.wav,1,6.3,0.1779702603816986,-0.0954267680644989,rms_matched,False
371,eadc13b88ea5631a21a2beb0917e9be628171b8aaae29918cb08b2afa62e820e01d0a5e21154b643f10067864ae138783bc31abf1a13b86bcb072fa0f0df4d40,hindi_griffinlim_eval_final/fake_hindi_griffinlim/hindi_fake_0371.wav,0,6.3,-0.04125143960118294,0.24604468047618866,rms_matched,False
372,0663aeb40f5d5ea46610cac3ca0183f2193b429770c84b516efe7d199b8b110944005539d986613fdc9d6532694f43c3a8e4dfc9de8ae7bfbc8b57b412ef71dd,hindi_griffinlim_eval_final/real_hindi/hindi_real_0372.wav,1,7.74,0.5981199741363525,-0.6857375502586365,rms_matched,False
372,0663aeb40f5d5ea46610cac3ca0183f2193b429770c84b516efe7d199b8b110944005539d986613fdc9d6532694f43c3a8e4dfc9de8ae7bfbc8b57b412ef71dd,hindi_griffinlim_eval_final/fake_hindi_griffinlim/hindi_fake_0372.wav,0,7.74,-4.238798141479492,4.967337131500244,rms_matched,False
373,1ab26689a68e6aeb9ee56daf140f5d65c19295d6b65eaef9f51f22cbd867b635758194eb9640790ea7d37a0de2bd5d0f235fb7662cc80dda56261f92c3cb4475,hindi_griffinlim_eval_final/real_hindi/hindi_real_0373.wav,1,3.816,5.98522424697876,-7.784111499786377,rms_matched,False
373,1ab26689a68e6aeb9ee56daf140f5d65c19295d6b65eaef9f51f22cbd867b635758194eb9640790ea7d37a0de2bd5d0f235fb7662cc80dda56261f92c3cb4475,hindi_griffinlim_eval_final/fake_hindi_griffinlim/hindi_fake_0373.wav,0,3.816,-0.5706152319908142,0.7360603213310242,rms_matched,False
374,755950c6eb4b91d87a8d62458e27e794e08783fbb4e47b61730e21bb685a9d3634dab0401114292ec8b3d3a282e0248c34c8868056fdb057716c14ae2b9844fc,hindi_griffinlim_eval_final/real_hindi/hindi_real_0374.wav,1,4.428,1.320819616317749,-1.7121996879577637,peak_normalized,True
374,755950c6eb4b91d87a8d62458e27e794e08783fbb4e47b61730e21bb685a9d3634dab0401114292ec8b3d3a282e0248c34c8868056fdb057716c14ae2b9844fc,hindi_griffinlim_eval_final/fake_hindi_griffinlim/hindi_fake_0374.wav,0,4.428,-0.8989868760108948,1.2002524137496948,peak_normalized,True
375,3f6b6371f7312ac797f5d02bf334e9b13ead1882e2e9958e0a766c835a40fc8236d150a219d214e4879b1713d00569d69293518868e735ef6e2e030b1def79d1,hindi_griffinlim_eval_final/real_hindi/hindi_real_0375.wav,1,7.38,0.4149397015571594,-0.6080976724624634,rms_matched,False
375,3f6b6371f7312ac797f5d02bf334e9b13ead1882e2e9958e0a766c835a40fc8236d150a219d214e4879b1713d00569d69293518868e735ef6e2e030b1def79d1,hindi_griffinlim_eval_final/fake_hindi_griffinlim/hindi_fake_0375.wav,0,7.38,-0.18315637111663818,0.4236341714859009,rms_matched,False
376,cf3aeeacb5f17296626b5c4098ec5eac55e41cd4794e1b866c7c42ccda4ff82ab59144d9af79e6479243e61724113d6c7ccccb7dc02e7a235f5ff37eee99c5d8,hindi_griffinlim_eval_final/real_hindi/hindi_real_0376.wav,1,4.428,-0.3047716021537781,0.3699630796909332,rms_matched,False
376,cf3aeeacb5f17296626b5c4098ec5eac55e41cd4794e1b866c7c42ccda4ff82ab59144d9af79e6479243e61724113d6c7ccccb7dc02e7a235f5ff37eee99c5d8,hindi_griffinlim_eval_final/fake_hindi_griffinlim/hindi_fake_0376.wav,0,4.428,6.4133148193359375,-8.334146499633789,rms_matched,False
377,169afd68fa12674be328762c77fff1783f807dfc52a7f9b0ec599d77f5fb9bd8998ec8f9fea575f4bee8d86d2ea242a97ee6de9da1bf191f541113fd3c432206,hindi_griffinlim_eval_final/real_hindi/hindi_real_0377.wav,1,4.716,3.2821593284606934,-4.216675758361816,rms_matched,False
377,169afd68fa12674be328762c77fff1783f807dfc52a7f9b0ec599d77f5fb9bd8998ec8f9fea575f4bee8d86d2ea242a97ee6de9da1bf191f541113fd3c432206,hindi_griffinlim_eval_final/fake_hindi_griffinlim/hindi_fake_0377.wav,0,4.716,-3.0499913692474365,3.897830009460449,rms_matched,False
378,ae0a0fe60554522906f5f10d702870d8b639c50f99a9ba0d357814bdce5f39421c6e2ac11f10a3e1b2d1bc606b887b6fc12d2b50fa34afe36a725b6191d5ab4b,hindi_griffinlim_eval_final/real_hindi/hindi_real_0378.wav,1,5.784,-0.44125959277153015,0.21842096745967865,rms_matched,False
378,ae0a0fe60554522906f5f10d702870d8b639c50f99a9ba0d357814bdce5f39421c6e2ac11f10a3e1b2d1bc606b887b6fc12d2b50fa34afe36a725b6191d5ab4b,hindi_griffinlim_eval_final/fake_hindi_griffinlim/hindi_fake_0378.wav,0,5.784,-0.8701658248901367,1.2040026187896729,rms_matched,False
379,05fd2a7f0d7cbe9acb1d838706b64a2ab489f6d0d2e7ff3a4243b1bb89ca3c1bc2e8dfd22bf11cf6e2fd9f11c2809b3dbf3db935d566ab6b6ee3122e3bfc20ed,hindi_griffinlim_eval_final/real_hindi/hindi_real_0379.wav,1,3.456,4.3730926513671875,-5.5942840576171875,rms_matched,False
379,05fd2a7f0d7cbe9acb1d838706b64a2ab489f6d0d2e7ff3a4243b1bb89ca3c1bc2e8dfd22bf11cf6e2fd9f11c2809b3dbf3db935d566ab6b6ee3122e3bfc20ed,hindi_griffinlim_eval_final/fake_hindi_griffinlim/hindi_fake_0379.wav,0,3.456,6.623379707336426,-8.629730224609375,rms_matched,False
380,95cc33ae73783f08510cc8b475a3f7da1144f0cdbfbe42446afc4e8942bf842722a12076a164393f2c52e0db9026e5f129a90feb451956b70f7366a89e026f1c,hindi_griffinlim_eval_final/real_hindi/hindi_real_0380.wav,1,6.552,2.0589022636413574,-2.6103715896606445,rms_matched,False
380,95cc33ae73783f08510cc8b475a3f7da1144f0cdbfbe42446afc4e8942bf842722a12076a164393f2c52e0db9026e5f129a90feb451956b70f7366a89e026f1c,hindi_griffinlim_eval_final/fake_hindi_griffinlim/hindi_fake_0380.wav,0,6.552,6.946166038513184,-8.929366111755371,rms_matched,False
381,c127090a8261671f4e68cc31639996579099a014bbd65dc05c580ea8961637ae6978ac28c265bbba5145400258f062bf70f582aac610a13525cacf73579563bd,hindi_griffinlim_eval_final/real_hindi/hindi_real_0381.wav,1,7.02,-3.2609987258911133,3.821901321411133,rms_matched,False
381,c127090a8261671f4e68cc31639996579099a014bbd65dc05c580ea8961637ae6978ac28c265bbba5145400258f062bf70f582aac610a13525cacf73579563bd,hindi_griffinlim_eval_final/fake_hindi_griffinlim/hindi_fake_0381.wav,0,7.02,-5.255025386810303,5.967198371887207,rms_matched,False
382,ff8d1bfdc7d8be2fd275f506691f3ba70d9d60666488ab551bcbb76c3fe93c7cfaa703f465f40b60131807d73913eb37830221336b6803114df015fb7caed36e,hindi_griffinlim_eval_final/real_hindi/hindi_real_0382.wav,1,3.348,6.204452991485596,-7.954245567321777,rms_matched,False
382,ff8d1bfdc7d8be2fd275f506691f3ba70d9d60666488ab551bcbb76c3fe93c7cfaa703f465f40b60131807d73913eb37830221336b6803114df015fb7caed36e,hindi_griffinlim_eval_final/fake_hindi_griffinlim/hindi_fake_0382.wav,0,3.348,3.4127533435821533,-4.184711933135986,rms_matched,False
383,2f15fd7bc51b2ba02064a0da5d475e0d6fc67649859ea797ce166b32fbfcd6af3d56241cdaa9d7107918bf5979de4ab7e702c6f255f5f2cfb0d154e19d960b17,hindi_griffinlim_eval_final/real_hindi/hindi_real_0383.wav,1,5.976,-4.53205680847168,5.191720008850098,rms_matched,False
383,2f15fd7bc51b2ba02064a0da5d475e0d6fc67649859ea797ce166b32fbfcd6af3d56241cdaa9d7107918bf5979de4ab7e702c6f255f5f2cfb0d154e19d960b17,hindi_griffinlim_eval_final/fake_hindi_griffinlim/hindi_fake_0383.wav,0,5.976,-0.5201132297515869,1.0062806606292725,rms_matched,False
384,3db6bed8f713bb226c8e1414c97e0da016bf5573c7281dda13149cf951a3bab57698d09a84cbf226aebc5f978c42bbb83ee009e4e787f7674304a0ef235be968,hindi_griffinlim_eval_final/real_hindi/hindi_real_0384.wav,1,7.488,2.537670373916626,-3.263038158416748,rms_matched,False
384,3db6bed8f713bb226c8e1414c97e0da016bf5573c7281dda13149cf951a3bab57698d09a84cbf226aebc5f978c42bbb83ee009e4e787f7674304a0ef235be968,hindi_griffinlim_eval_final/fake_hindi_griffinlim/hindi_fake_0384.wav,0,7.488,-0.22880564630031586,0.246426522731781,rms_matched,False
385,fab15f5f87bd26a0f326787f96d92497bbfb5aea170dd8a415966cb8f7a5a7011bcb0b50bc9d46cdcf3edecaa6cf6753be6afd814aa420c9fd4e4ab3a40e7faa,hindi_griffinlim_eval_final/real_hindi/hindi_real_0385.wav,1,6.876,5.195904731750488,-6.526228427886963,rms_matched,False
385,fab15f5f87bd26a0f326787f96d92497bbfb5aea170dd8a415966cb8f7a5a7011bcb0b50bc9d46cdcf3edecaa6cf6753be6afd814aa420c9fd4e4ab3a40e7faa,hindi_griffinlim_eval_final/fake_hindi_griffinlim/hindi_fake_0385.wav,0,6.876,-2.3091330528259277,3.1823389530181885,rms_matched,False
386,13b72f7b7cca925bd373d5f2eab80cc1ea66148b333a85d6ca12be7e926fa2faf00dd733d0c670651eca79a91b3efeaf6918600638811c1c946b261c671a525e,hindi_griffinlim_eval_final/real_hindi/hindi_real_0386.wav,1,4.356,2.8056068420410156,-3.676131010055542,rms_matched,False
386,13b72f7b7cca925bd373d5f2eab80cc1ea66148b333a85d6ca12be7e926fa2faf00dd733d0c670651eca79a91b3efeaf6918600638811c1c946b261c671a525e,hindi_griffinlim_eval_final/fake_hindi_griffinlim/hindi_fake_0386.wav,0,4.356,1.7244991064071655,-2.4868011474609375,rms_matched,False
387,ca6156fb12800e3b3fc41f9907777531141ebf8f445b70901bc7137ffd0e5516c2229f3c8c695423887299cdfe5b9160cea313d614a4ba540d5ff4102dda821e,hindi_griffinlim_eval_final/real_hindi/hindi_real_0387.wav,1,4.968,2.9909005165100098,-3.5463662147521973,peak_normalized,True
387,ca6156fb12800e3b3fc41f9907777531141ebf8f445b70901bc7137ffd0e5516c2229f3c8c695423887299cdfe5b9160cea313d614a4ba540d5ff4102dda821e,hindi_griffinlim_eval_final/fake_hindi_griffinlim/hindi_fake_0387.wav,0,4.968,-0.5482581257820129,0.8535662889480591,peak_normalized,True
388,a71fe4c8c51459edc23fad3c7288e0216049d06b3ffb15d556328a42b3d18daf25ac6d1566a0037209e321081df2632dfca7bbeabd547b9eeef87ddf1e6ad329,hindi_griffinlim_eval_final/real_hindi/hindi_real_0388.wav,1,6.84,5.276572227478027,-6.880431652069092,rms_matched,False
388,a71fe4c8c51459edc23fad3c7288e0216049d06b3ffb15d556328a42b3d18daf25ac6d1566a0037209e321081df2632dfca7bbeabd547b9eeef87ddf1e6ad329,hindi_griffinlim_eval_final/fake_hindi_griffinlim/hindi_fake_0388.wav,0,6.84,-2.3765718936920166,3.176485300064087,rms_matched,False
389,6599122319c224d4b370bdaa817d68a9d0d1774b81aada4980c0519f78ae3a9ebea33cc1b8fc6a20008d791474bdefb675e448b3c00d10d0fd05a39e153e922e,hindi_griffinlim_eval_final/real_hindi/hindi_real_0389.wav,1,5.256,1.5357836484909058,-2.0974233150482178,rms_matched,False
389,6599122319c224d4b370bdaa817d68a9d0d1774b81aada4980c0519f78ae3a9ebea33cc1b8fc6a20008d791474bdefb675e448b3c00d10d0fd05a39e153e922e,hindi_griffinlim_eval_final/fake_hindi_griffinlim/hindi_fake_0389.wav,0,5.256,-0.3424729108810425,0.7769782543182373,rms_matched,False
390,a066789aa8ea6303bb07718d19b64857704e55535723a8dd43b6976195e18e9adc3a825f268a88ccc32ef7316d710fad8123af7ba21fb7c93daa171de917a426,hindi_griffinlim_eval_final/real_hindi/hindi_real_0390.wav,1,3.96,-1.0303871631622314,1.418835997581482,peak_normalized,True
390,a066789aa8ea6303bb07718d19b64857704e55535723a8dd43b6976195e18e9adc3a825f268a88ccc32ef7316d710fad8123af7ba21fb7c93daa171de917a426,hindi_griffinlim_eval_final/fake_hindi_griffinlim/hindi_fake_0390.wav,0,3.96,-0.2985873222351074,0.5560787320137024,peak_normalized,True
391,72f877fac9bb314cc8a49f707222e440bdbf0011ca28657fa408f62c6b95ed4f617faa364554b0b0a75f4c74e6a1a745f376376bbadd8c8737f405f04bd49632,hindi_griffinlim_eval_final/real_hindi/hindi_real_0391.wav,1,5.58,0.3966081142425537,-0.4885318875312805,rms_matched,False
391,72f877fac9bb314cc8a49f707222e440bdbf0011ca28657fa408f62c6b95ed4f617faa364554b0b0a75f4c74e6a1a745f376376bbadd8c8737f405f04bd49632,hindi_griffinlim_eval_final/fake_hindi_griffinlim/hindi_fake_0391.wav,0,5.58,-5.604448318481445,6.383495330810547,rms_matched,False
392,75c6bb7203a8fae0c08c18b39bebaf7f25f86e3b2cdbb1dbd65927288474b3fa5b24c5c88144d238b93b8327677bdfbdf560078a95a3594a6b6ea7dbf3f3eec8,hindi_griffinlim_eval_final/real_hindi/hindi_real_0392.wav,1,5.4,4.611120700836182,-5.914126396179199,rms_matched,False
392,75c6bb7203a8fae0c08c18b39bebaf7f25f86e3b2cdbb1dbd65927288474b3fa5b24c5c88144d238b93b8327677bdfbdf560078a95a3594a6b6ea7dbf3f3eec8,hindi_griffinlim_eval_final/fake_hindi_griffinlim/hindi_fake_0392.wav,0,5.4,-5.326593399047852,6.073996067047119,rms_matched,False
393,93f71918fbe69cad830cb49211cb10c9344e04ceca427ea39db38c8b5f5f200a4706f0a12646585364ff3b44f3bb75784005797e3e3259fd9579fa985955b3ac,hindi_griffinlim_eval_final/real_hindi/hindi_real_0393.wav,1,5.796,-1.1730278730392456,1.6210896968841553,rms_matched,False
393,93f71918fbe69cad830cb49211cb10c9344e04ceca427ea39db38c8b5f5f200a4706f0a12646585364ff3b44f3bb75784005797e3e3259fd9579fa985955b3ac,hindi_griffinlim_eval_final/fake_hindi_griffinlim/hindi_fake_0393.wav,0,5.796,-2.708113431930542,3.5057172775268555,rms_matched,False
394,9daf98d1ee349378718aead0f9edd13b1352e0fe0e72a2d71aa458a79d9f474c8680549bf1d62115d59c13d52d97364c5672adb795ac73db59b709c92cb7870e,hindi_griffinlim_eval_final/real_hindi/hindi_real_0394.wav,1,3.96,1.3039566278457642,-1.9774268865585327,rms_matched,False
394,9daf98d1ee349378718aead0f9edd13b1352e0fe0e72a2d71aa458a79d9f474c8680549bf1d62115d59c13d52d97364c5672adb795ac73db59b709c92cb7870e,hindi_griffinlim_eval_final/fake_hindi_griffinlim/hindi_fake_0394.wav,0,3.96,-0.7600562572479248,1.3099279403686523,rms_matched,False
395,c7a77aac9398049c593a06e3bde552061eb033612d2266a548202cc8790a06dd5c5c4fb002e8013ef38f94abed95b3bea0e56c4cb6aa8deecf7c63373764826d,hindi_griffinlim_eval_final/real_hindi/hindi_real_0395.wav,1,4.86,-5.959352016448975,6.73946475982666,rms_matched,False
395,c7a77aac9398049c593a06e3bde552061eb033612d2266a548202cc8790a06dd5c5c4fb002e8013ef38f94abed95b3bea0e56c4cb6aa8deecf7c63373764826d,hindi_griffinlim_eval_final/fake_hindi_griffinlim/hindi_fake_0395.wav,0,4.86,-3.33432936668396,4.162776947021484,rms_matched,False
396,e6aef31fac7411f3f1b15c566dede061e3024cde1382d7ca1a860a093ad5b0b9c87aaa13c749ef9982c688d7a8d715c11aee89c2e3d541b9ba3dc73c5ec5cb85,hindi_griffinlim_eval_final/real_hindi/hindi_real_0396.wav,1,5.436,2.7321062088012695,-3.4047038555145264,rms_matched,False
396,e6aef31fac7411f3f1b15c566dede061e3024cde1382d7ca1a860a093ad5b0b9c87aaa13c749ef9982c688d7a8d715c11aee89c2e3d541b9ba3dc73c5ec5cb85,hindi_griffinlim_eval_final/fake_hindi_griffinlim/hindi_fake_0396.wav,0,5.436,0.012700740247964859,-0.24902604520320892,rms_matched,False
397,5d11b952e9611a75d83a6b37c9eb61990cda39a280a57ed6b8e1e5169bbf408c23a2618a05bd8ed04bef3258fc84db91cac825708b4163b8053d8301d130370b,hindi_griffinlim_eval_final/real_hindi/hindi_real_0397.wav,1,7.776,4.2464599609375,-5.263627052307129,rms_matched,False
397,5d11b952e9611a75d83a6b37c9eb61990cda39a280a57ed6b8e1e5169bbf408c23a2618a05bd8ed04bef3258fc84db91cac825708b4163b8053d8301d130370b,hindi_griffinlim_eval_final/fake_hindi_griffinlim/hindi_fake_0397.wav,0,7.776,-0.11527346074581146,-0.26825588941574097,rms_matched,False
398,e2de24c9d3a10973bd81a43c7e81d2b7747c4395b5c28a66daed073de149a6e5d8cc3da3877c75c105e7ffa814d8ad54ef34008e39a9bbab1df11bbc31bfd2fb,hindi_griffinlim_eval_final/real_hindi/hindi_real_0398.wav,1,5.508,4.744521141052246,-5.988872528076172,rms_matched,False
398,e2de24c9d3a10973bd81a43c7e81d2b7747c4395b5c28a66daed073de149a6e5d8cc3da3877c75c105e7ffa814d8ad54ef34008e39a9bbab1df11bbc31bfd2fb,hindi_griffinlim_eval_final/fake_hindi_griffinlim/hindi_fake_0398.wav,0,5.508,-1.6264479160308838,2.0051462650299072,rms_matched,False
399,461059307d756b80d08835b893bbee0e93e8cf237db0b4ba90a0b34adfa5ee77c44a3777d5a0c19d7a920260f7fd54fdd84661371abe9ece4b08ea2624146827,hindi_griffinlim_eval_final/real_hindi/hindi_real_0399.wav,1,5.976,3.592057228088379,-4.522458076477051,rms_matched,False
399,461059307d756b80d08835b893bbee0e93e8cf237db0b4ba90a0b34adfa5ee77c44a3777d5a0c19d7a920260f7fd54fdd84661371abe9ece4b08ea2624146827,hindi_griffinlim_eval_final/fake_hindi_griffinlim/hindi_fake_0399.wav,0,5.976,-0.5190393924713135,1.0712146759033203,rms_matched,False
400,e0b0d9bee4bc7b503aa80e3cc2b981cba7d2cd3493201182fda6cfaf6bd0f3c06ed4dece1470c13e0a96e60f29ff7be6ceb53724edc3973a8e5594a8b8f2fb13,hindi_griffinlim_eval_final/real_hindi/hindi_real_0400.wav,1,7.2,2.372386932373047,-3.0239768028259277,rms_matched,False
400,e0b0d9bee4bc7b503aa80e3cc2b981cba7d2cd3493201182fda6cfaf6bd0f3c06ed4dece1470c13e0a96e60f29ff7be6ceb53724edc3973a8e5594a8b8f2fb13,hindi_griffinlim_eval_final/fake_hindi_griffinlim/hindi_fake_0400.wav,0,7.2,-0.38854074478149414,0.7395810484886169,rms_matched,False
401,7b90778674a3659c892533d96bb0aa534879da17cd2f9cb1ae73fc3cc114dda10eba8bb6cfeddbafde910b396a60b95e64b4134430071bf2dd23b8d6a9c32785,hindi_griffinlim_eval_final/real_hindi/hindi_real_0401.wav,1,7.092,5.014220237731934,-6.262447357177734,rms_matched,False
401,7b90778674a3659c892533d96bb0aa534879da17cd2f9cb1ae73fc3cc114dda10eba8bb6cfeddbafde910b396a60b95e64b4134430071bf2dd23b8d6a9c32785,hindi_griffinlim_eval_final/fake_hindi_griffinlim/hindi_fake_0401.wav,0,7.092,6.332725524902344,-8.256475448608398,rms_matched,False
402,345ead41094d4bf4aae58398d87ab219b6ffd948dd640a1a2a4da43e2522343c539d11a27052a9cca1014b590e440971db0710852df02639dc9f3d304469aaca,hindi_griffinlim_eval_final/real_hindi/hindi_real_0402.wav,1,3.6,-0.3365582823753357,0.22154149413108826,rms_matched,False
402,345ead41094d4bf4aae58398d87ab219b6ffd948dd640a1a2a4da43e2522343c539d11a27052a9cca1014b590e440971db0710852df02639dc9f3d304469aaca,hindi_griffinlim_eval_final/fake_hindi_griffinlim/hindi_fake_0402.wav,0,3.6,-2.2149648666381836,3.147911548614502,rms_matched,False
403,7a089d86c2c82f061df264f419453e3740e2a7e030b13163f8802012baaa04bb35130896e3ee83c688d07bce1c74d40e83dabdca6a911dc25d15f97ebb75b7e4,hindi_griffinlim_eval_final/real_hindi/hindi_real_0403.wav,1,5.796,5.81740140914917,-7.478641510009766,rms_matched,False
403,7a089d86c2c82f061df264f419453e3740e2a7e030b13163f8802012baaa04bb35130896e3ee83c688d07bce1c74d40e83dabdca6a911dc25d15f97ebb75b7e4,hindi_griffinlim_eval_final/fake_hindi_griffinlim/hindi_fake_0403.wav,0,5.796,-0.5699739456176758,0.9913389086723328,rms_matched,False
404,038cbd3b3ba6f4aa92f2c4c86ba365b95aeb66bfafd37c2803b769b28c260573e0387b85d8ce77f0fea215ffc971b366a14916fe782fc7b0c238062ec238b0c3,hindi_griffinlim_eval_final/real_hindi/hindi_real_0404.wav,1,6.516,2.5366780757904053,-3.2523179054260254,rms_matched,False
404,038cbd3b3ba6f4aa92f2c4c86ba365b95aeb66bfafd37c2803b769b28c260573e0387b85d8ce77f0fea215ffc971b366a14916fe782fc7b0c238062ec238b0c3,hindi_griffinlim_eval_final/fake_hindi_griffinlim/hindi_fake_0404.wav,0,6.516,2.7934556007385254,-3.501940965652466,rms_matched,False
405,287db5b3c7065ffc1e6827c0bc87dc4a6b6a45c159642fe8d490d5adb6ce18a5b4b528f921503762bbb20b1fcd84f5f8256a9a11cd4ccf55964f301b416b08d2,hindi_griffinlim_eval_final/real_hindi/hindi_real_0405.wav,1,3.816,-3.707705020904541,4.599740982055664,rms_matched,False
405,287db5b3c7065ffc1e6827c0bc87dc4a6b6a45c159642fe8d490d5adb6ce18a5b4b528f921503762bbb20b1fcd84f5f8256a9a11cd4ccf55964f301b416b08d2,hindi_griffinlim_eval_final/fake_hindi_griffinlim/hindi_fake_0405.wav,0,3.816,-3.299222707748413,4.235881328582764,rms_matched,False
406,b4069adc243cc7836a2bf30d44984b772c144f867bb92b4226209bcdc0783ee26b25bf51d2c4e42b8af14bfe3d183fb5aed4fd783bddc50d124f0970cce3dcd8,hindi_griffinlim_eval_final/real_hindi/hindi_real_0406.wav,1,5.328,4.6452107429504395,-6.0130462646484375,rms_matched,False
406,b4069adc243cc7836a2bf30d44984b772c144f867bb92b4226209bcdc0783ee26b25bf51d2c4e42b8af14bfe3d183fb5aed4fd783bddc50d124f0970cce3dcd8,hindi_griffinlim_eval_final/fake_hindi_griffinlim/hindi_fake_0406.wav,0,5.328,-1.8205269575119019,2.57564115524292,rms_matched,False
407,4cef3c57c7794a486d20711b806222df778778312c01a26669a9c4fd75b74a3792424787393673b302401d3d994431c97c30b2d1b8bd6caa0fd563460fed5093,hindi_griffinlim_eval_final/real_hindi/hindi_real_0407.wav,1,6.552,5.803904056549072,-7.4553375244140625,rms_matched,False
407,4cef3c57c7794a486d20711b806222df778778312c01a26669a9c4fd75b74a3792424787393673b302401d3d994431c97c30b2d1b8bd6caa0fd563460fed5093,hindi_griffinlim_eval_final/fake_hindi_griffinlim/hindi_fake_0407.wav,0,6.552,3.3002700805664062,-4.012084007263184,rms_matched,False
408,ae0207e1b992822da425c226998ea35fa5a75ad2e871945773ba6a3a2a1198e2b949343a3576e4840ddbf58db73c345288cca62ba4835d8a03bf508c2d06f3d6,hindi_griffinlim_eval_final/real_hindi/hindi_real_0408.wav,1,7.74,-0.5160584449768066,0.5540068745613098,peak_normalized,True
408,ae0207e1b992822da425c226998ea35fa5a75ad2e871945773ba6a3a2a1198e2b949343a3576e4840ddbf58db73c345288cca62ba4835d8a03bf508c2d06f3d6,hindi_griffinlim_eval_final/fake_hindi_griffinlim/hindi_fake_0408.wav,0,7.74,-2.531503200531006,3.0357959270477295,peak_normalized,True
409,758b942bfaf2837bafb0696d5ebc123856f4841aed4dc9d31bb010e7a67246791cda1685a1f4de659ed10843f3be1d227e8f4935ca088afa8531c61ab5bbed26,hindi_griffinlim_eval_final/real_hindi/hindi_real_0409.wav,1,7.956,1.8409894704818726,-2.464124917984009,peak_normalized,True
409,758b942bfaf2837bafb0696d5ebc123856f4841aed4dc9d31bb010e7a67246791cda1685a1f4de659ed10843f3be1d227e8f4935ca088afa8531c61ab5bbed26,hindi_griffinlim_eval_final/fake_hindi_griffinlim/hindi_fake_0409.wav,0,7.956,-0.5333646535873413,0.8148948550224304,peak_normalized,True
410,37b6f1162616e55fc582c2dae2bad013d8c460c8c44a22899b8c6d8b306cbc3e2eec8eb0f3e9c12e912ccb39aa07d9334bfdfc914e2622b7e610d06cd5c47c70,hindi_griffinlim_eval_final/real_hindi/hindi_real_0410.wav,1,4.032,3.946420431137085,-4.832821846008301,rms_matched,False
410,37b6f1162616e55fc582c2dae2bad013d8c460c8c44a22899b8c6d8b306cbc3e2eec8eb0f3e9c12e912ccb39aa07d9334bfdfc914e2622b7e610d06cd5c47c70,hindi_griffinlim_eval_final/fake_hindi_griffinlim/hindi_fake_0410.wav,0,4.032,-0.8204838037490845,1.297954797744751,rms_matched,False
411,2fab289aa06c3d3ed662c848272fccd54cfe903fbc7895c797a394c8ac5314a6dcbd94b498eb6af96d006c568ea2a0d523ca6b0212684ed46408338da97c2b0b,hindi_griffinlim_eval_final/real_hindi/hindi_real_0411.wav,1,4.68,4.240670204162598,-5.445152759552002,rms_matched,False
411,2fab289aa06c3d3ed662c848272fccd54cfe903fbc7895c797a394c8ac5314a6dcbd94b498eb6af96d006c568ea2a0d523ca6b0212684ed46408338da97c2b0b,hindi_griffinlim_eval_final/fake_hindi_griffinlim/hindi_fake_0411.wav,0,4.68,3.304489850997925,-4.389598846435547,rms_matched,False
412,68cb270e1215efd79204c075fb9df17b4ea024a7c09f74970ea4e506e73229238b2c3b3fc62c0f650e4fbd93cfbdd109b4442bcd5292c50b81cf80146568bf42,hindi_griffinlim_eval_final/real_hindi/hindi_real_0412.wav,1,6.588,3.976144552230835,-5.087878227233887,rms_matched,False
412,68cb270e1215efd79204c075fb9df17b4ea024a7c09f74970ea4e506e73229238b2c3b3fc62c0f650e4fbd93cfbdd109b4442bcd5292c50b81cf80146568bf42,hindi_griffinlim_eval_final/fake_hindi_griffinlim/hindi_fake_0412.wav,0,6.588,1.4872010946273804,-2.01747989654541,rms_matched,False
413,d09397973383a68b428b2de77fa5f97b990441e1d4f668eca001e162425c7928eb19441bc4e961b80af9f9414a3d1ce66d15cc8fde6c11fbb24bf65ac1eddcf0,hindi_griffinlim_eval_final/real_hindi/hindi_real_0413.wav,1,7.488,1.0658329725265503,-1.5503170490264893,rms_matched,False
413,d09397973383a68b428b2de77fa5f97b990441e1d4f668eca001e162425c7928eb19441bc4e961b80af9f9414a3d1ce66d15cc8fde6c11fbb24bf65ac1eddcf0,hindi_griffinlim_eval_final/fake_hindi_griffinlim/hindi_fake_0413.wav,0,7.488,-3.1791839599609375,4.004363059997559,rms_matched,False
414,6990e943cefc8a2ed3e12aa2c2a781793096d1aaf311b175943b3029333a59e74f30086965cfb6f7db8b79b431c41a44e6b4aa3f806707fc0c4e5da883dd1d54,hindi_griffinlim_eval_final/real_hindi/hindi_real_0414.wav,1,6.228,3.7209205627441406,-4.646478176116943,rms_matched,False
414,6990e943cefc8a2ed3e12aa2c2a781793096d1aaf311b175943b3029333a59e74f30086965cfb6f7db8b79b431c41a44e6b4aa3f806707fc0c4e5da883dd1d54,hindi_griffinlim_eval_final/fake_hindi_griffinlim/hindi_fake_0414.wav,0,6.228,-3.403667449951172,4.075978755950928,rms_matched,False
415,c8eabd52eef7e16e14998264ec78831ec7b891135ad93c446e459d4643b02c721b412f4fc828522a478fdbd2d5f4ca9838991a89368c78cb7f0617b3837a00ca,hindi_griffinlim_eval_final/real_hindi/hindi_real_0415.wav,1,2.988,-2.751572847366333,3.6136205196380615,rms_matched,False
415,c8eabd52eef7e16e14998264ec78831ec7b891135ad93c446e459d4643b02c721b412f4fc828522a478fdbd2d5f4ca9838991a89368c78cb7f0617b3837a00ca,hindi_griffinlim_eval_final/fake_hindi_griffinlim/hindi_fake_0415.wav,0,2.988,3.5317435264587402,-4.236537933349609,rms_matched,False
416,5191b8af39731f5141ffac823e13e25016e5b3109209f12d3337bdfc92ddff74ea717e293a01fe3b90fb2be2a87b0621cc385140b097b7e6d76f1d2e2f319d74,hindi_griffinlim_eval_final/real_hindi/hindi_real_0416.wav,1,5.688,4.1751227378845215,-5.305377006530762,rms_matched,False
416,5191b8af39731f5141ffac823e13e25016e5b3109209f12d3337bdfc92ddff74ea717e293a01fe3b90fb2be2a87b0621cc385140b097b7e6d76f1d2e2f319d74,hindi_griffinlim_eval_final/fake_hindi_griffinlim/hindi_fake_0416.wav,0,5.688,-4.946907997131348,5.67606782913208,rms_matched,False
417,7fbf4c95e3140e3dc38caf6b69156e7b0c31b692322f830bd453acafa852716c55556b85dab23eb2fcf7567541c68490442cf56fba72b2b29acffe250f110146,hindi_griffinlim_eval_final/real_hindi/hindi_real_0417.wav,1,6.444,5.032890319824219,-6.303359031677246,rms_matched,False
417,7fbf4c95e3140e3dc38caf6b69156e7b0c31b692322f830bd453acafa852716c55556b85dab23eb2fcf7567541c68490442cf56fba72b2b29acffe250f110146,hindi_griffinlim_eval_final/fake_hindi_griffinlim/hindi_fake_0417.wav,0,6.444,-0.491798996925354,0.9101693630218506,rms_matched,False
418,0e97e303991e6646c845049579a4bea7a25ea775f6b8b44a09e0efd0ae9661ec984c393c92d2522e3158c8b0ca206ad60fd9e136713e18c21dffd72811a88b88,hindi_griffinlim_eval_final/real_hindi/hindi_real_0418.wav,1,6.66,5.146157741546631,-6.370771884918213,rms_matched,False
418,0e97e303991e6646c845049579a4bea7a25ea775f6b8b44a09e0efd0ae9661ec984c393c92d2522e3158c8b0ca206ad60fd9e136713e18c21dffd72811a88b88,hindi_griffinlim_eval_final/fake_hindi_griffinlim/hindi_fake_0418.wav,0,6.66,-5.496443748474121,6.335694789886475,rms_matched,False
419,8525f36954391ad7696abcf66c1383e5409d52980ebd2d7b1063cc48ed81ebd9f8cf3a8c257f079e986893cfa2455e4c832d04863c8fed7db4f4d5951ec34d1b,hindi_griffinlim_eval_final/real_hindi/hindi_real_0419.wav,1,5.868,4.570405006408691,-5.7054853439331055,rms_matched,False
419,8525f36954391ad7696abcf66c1383e5409d52980ebd2d7b1063cc48ed81ebd9f8cf3a8c257f079e986893cfa2455e4c832d04863c8fed7db4f4d5951ec34d1b,hindi_griffinlim_eval_final/fake_hindi_griffinlim/hindi_fake_0419.wav,0,5.868,-0.37235158681869507,0.8006013035774231,rms_matched,False
420,46f23ae11e8565e979749342e1097a77fe3ef574253f10323351763c97b22c07b42362b03c576fa1d45361cede36368bbd6b9325f1f93cd2b8ed161a560ece2a,hindi_griffinlim_eval_final/real_hindi/hindi_real_0420.wav,1,5.232,5.596595764160156,-7.226506233215332,rms_matched,False
420,46f23ae11e8565e979749342e1097a77fe3ef574253f10323351763c97b22c07b42362b03c576fa1d45361cede36368bbd6b9325f1f93cd2b8ed161a560ece2a,hindi_griffinlim_eval_final/fake_hindi_griffinlim/hindi_fake_0420.wav,0,5.232,-4.376853942871094,5.290943145751953,rms_matched,False
421,9698b39cb85f238f1346eea2dba721e4e8fb440bd4d14b632aef84108f02f47d028463a7076a9eb0333b72fab260a9357f045de63eaaa3c7374ce6a692e081ba,hindi_griffinlim_eval_final/real_hindi/hindi_real_0421.wav,1,7.092,4.765459060668945,-6.143956661224365,rms_matched,False
421,9698b39cb85f238f1346eea2dba721e4e8fb440bd4d14b632aef84108f02f47d028463a7076a9eb0333b72fab260a9357f045de63eaaa3c7374ce6a692e081ba,hindi_griffinlim_eval_final/fake_hindi_griffinlim/hindi_fake_0421.wav,0,7.092,-0.45131048560142517,0.9192848801612854,rms_matched,False
422,c1edd0ef566e809ba01bf1a3011df6cd0fbf6a1675ba8002e671dd7b16588ea30ff434c78aaae27b190d16c6d7bd32bdd4a6b1ca631c0b3f819e807b3cdef585,hindi_griffinlim_eval_final/real_hindi/hindi_real_0422.wav,1,3.708,-0.3336244821548462,0.2860862612724304,rms_matched,False
422,c1edd0ef566e809ba01bf1a3011df6cd0fbf6a1675ba8002e671dd7b16588ea30ff434c78aaae27b190d16c6d7bd32bdd4a6b1ca631c0b3f819e807b3cdef585,hindi_griffinlim_eval_final/fake_hindi_griffinlim/hindi_fake_0422.wav,0,3.708,6.652477264404297,-8.67624282836914,rms_matched,False
423,04c41ef9e7a610b1bdb35d99443823570fcb9c9a4a63ba7855c471d73f6c1dbdf30796b0f86445c09f70057ce25436f51742b3a4829f5da39a0ebababbec6d59,hindi_griffinlim_eval_final/real_hindi/hindi_real_0423.wav,1,6.48,0.6619958877563477,-0.8615390062332153,rms_matched,False
423,04c41ef9e7a610b1bdb35d99443823570fcb9c9a4a63ba7855c471d73f6c1dbdf30796b0f86445c09f70057ce25436f51742b3a4829f5da39a0ebababbec6d59,hindi_griffinlim_eval_final/fake_hindi_griffinlim/hindi_fake_0423.wav,0,6.48,-0.4772369861602783,0.6113957762718201,rms_matched,False
424,1a88297b510c4d15acdd9d6a3f50d13fd6420c8f934e487a7ec5096ab5fbebef165269d581a12002a5eca2cf3fbced4552441668df9c027abd45ef0895eabbc2,hindi_griffinlim_eval_final/real_hindi/hindi_real_0424.wav,1,5.004,5.770057678222656,-7.348834037780762,rms_matched,False
424,1a88297b510c4d15acdd9d6a3f50d13fd6420c8f934e487a7ec5096ab5fbebef165269d581a12002a5eca2cf3fbced4552441668df9c027abd45ef0895eabbc2,hindi_griffinlim_eval_final/fake_hindi_griffinlim/hindi_fake_0424.wav,0,5.004,-5.478158950805664,6.2653985023498535,rms_matched,False
425,7645441bdc18d3b030505861df550d84664b9a9931552e1efeafab2fc218b84b74173a02073f3ab449dfd6be412293b9bfbe39fc0b97793fff0f586d8212ca0d,hindi_griffinlim_eval_final/real_hindi/hindi_real_0425.wav,1,7.488,3.318488121032715,-4.202557563781738,rms_matched,False
425,7645441bdc18d3b030505861df550d84664b9a9931552e1efeafab2fc218b84b74173a02073f3ab449dfd6be412293b9bfbe39fc0b97793fff0f586d8212ca0d,hindi_griffinlim_eval_final/fake_hindi_griffinlim/hindi_fake_0425.wav,0,7.488,-3.928380012512207,4.777287006378174,rms_matched,False
426,5e46ac50eb1d862c9c16cabb7768b1b412ed7ec5a51e13e22953cbb21d43c30f5addea8f5b6797634a95c8140661feb46f36a8e68d9968dc8452c0ac88af7e59,hindi_griffinlim_eval_final/real_hindi/hindi_real_0426.wav,1,3.384,2.231602668762207,-3.097078800201416,rms_matched,False
426,5e46ac50eb1d862c9c16cabb7768b1b412ed7ec5a51e13e22953cbb21d43c30f5addea8f5b6797634a95c8140661feb46f36a8e68d9968dc8452c0ac88af7e59,hindi_griffinlim_eval_final/fake_hindi_griffinlim/hindi_fake_0426.wav,0,3.384,-0.5479413270950317,1.1005699634552002,rms_matched,False
427,ddc0ae40d79e0f3980eb00cedd80e03d7a0cbf3ab7880588429060f50c16895262e0a1874caae85ee39e8bdd72e5ac94830df955d0cf0ec817d50ce83d61f055,hindi_griffinlim_eval_final/real_hindi/hindi_real_0427.wav,1,5.904,-0.7985638380050659,0.8383762240409851,rms_matched,False
427,ddc0ae40d79e0f3980eb00cedd80e03d7a0cbf3ab7880588429060f50c16895262e0a1874caae85ee39e8bdd72e5ac94830df955d0cf0ec817d50ce83d61f055,hindi_griffinlim_eval_final/fake_hindi_griffinlim/hindi_fake_0427.wav,0,5.904,-3.579505681991577,4.434239387512207,rms_matched,False
428,169afd68fa12674be328762c77fff1783f807dfc52a7f9b0ec599d77f5fb9bd8998ec8f9fea575f4bee8d86d2ea242a97ee6de9da1bf191f541113fd3c432206,hindi_griffinlim_eval_final/real_hindi/hindi_real_0428.wav,1,5.22,5.246830940246582,-6.7020087242126465,rms_matched,False
428,169afd68fa12674be328762c77fff1783f807dfc52a7f9b0ec599d77f5fb9bd8998ec8f9fea575f4bee8d86d2ea242a97ee6de9da1bf191f541113fd3c432206,hindi_griffinlim_eval_final/fake_hindi_griffinlim/hindi_fake_0428.wav,0,5.22,-2.255228042602539,3.166384696960449,rms_matched,False
429,0175f4388a3ca66faae78ea57819f8aab986d188f874dde198e28b64248291dde8f43a6912b9de4854f9862a8f832961da3e9194bec9ebef96b1c9b66d956422,hindi_griffinlim_eval_final/real_hindi/hindi_real_0429.wav,1,4.428,4.701511383056641,-5.8855204582214355,rms_matched,False
429,0175f4388a3ca66faae78ea57819f8aab986d188f874dde198e28b64248291dde8f43a6912b9de4854f9862a8f832961da3e9194bec9ebef96b1c9b66d956422,hindi_griffinlim_eval_final/fake_hindi_griffinlim/hindi_fake_0429.wav,0,4.428,-1.0661731958389282,1.6595838069915771,rms_matched,False
430,a066789aa8ea6303bb07718d19b64857704e55535723a8dd43b6976195e18e9adc3a825f268a88ccc32ef7316d710fad8123af7ba21fb7c93daa171de917a426,hindi_griffinlim_eval_final/real_hindi/hindi_real_0430.wav,1,6.48,1.5065746307373047,-2.1631693840026855,rms_matched,False
430,a066789aa8ea6303bb07718d19b64857704e55535723a8dd43b6976195e18e9adc3a825f268a88ccc32ef7316d710fad8123af7ba21fb7c93daa171de917a426,hindi_griffinlim_eval_final/fake_hindi_griffinlim/hindi_fake_0430.wav,0,6.48,0.1830609142780304,-0.3602471351623535,rms_matched,False
431,29bcb273adde2fc3bc2e4595307cca55f7a2164b643bd634a478297488389dd87132dba219b5a51a5b42b59a42fe5eef68ff2cd098bb675cf680befd442613d5,hindi_griffinlim_eval_final/real_hindi/hindi_real_0431.wav,1,3.888,5.8986053466796875,-7.616687297821045,rms_matched,False
431,29bcb273adde2fc3bc2e4595307cca55f7a2164b643bd634a478297488389dd87132dba219b5a51a5b42b59a42fe5eef68ff2cd098bb675cf680befd442613d5,hindi_griffinlim_eval_final/fake_hindi_griffinlim/hindi_fake_0431.wav,0,3.888,-0.5380887985229492,0.7012092471122742,rms_matched,False
432,d4c2879ab41c9e74ea638e9cb5b2a557d5683744a6c2eb0fed1f4c7adef59c90f549a18287b7f8e6b74136651dafda58acaccbf4fb627728befbe6573a61f4b8,hindi_griffinlim_eval_final/real_hindi/hindi_real_0432.wav,1,4.608,4.042387008666992,-5.002861022949219,rms_matched,False
432,d4c2879ab41c9e74ea638e9cb5b2a557d5683744a6c2eb0fed1f4c7adef59c90f549a18287b7f8e6b74136651dafda58acaccbf4fb627728befbe6573a61f4b8,hindi_griffinlim_eval_final/fake_hindi_griffinlim/hindi_fake_0432.wav,0,4.608,-2.9018051624298096,3.712658405303955,rms_matched,False
433,42dbccb16fa1ce50253a96dee532a7c4030f9daa92599271e4c0692efc8e58f669205bbcedf0ddf1f51f1e5753260ad39f6e0a5e6f85d5d24b3c5b3a20114c4c,hindi_griffinlim_eval_final/real_hindi/hindi_real_0433.wav,1,3.24,5.390300273895264,-6.985395431518555,rms_matched,False
433,42dbccb16fa1ce50253a96dee532a7c4030f9daa92599271e4c0692efc8e58f669205bbcedf0ddf1f51f1e5753260ad39f6e0a5e6f85d5d24b3c5b3a20114c4c,hindi_griffinlim_eval_final/fake_hindi_griffinlim/hindi_fake_0433.wav,0,3.24,5.264560699462891,-6.611222267150879,rms_matched,False
434,b9e669f9010e60c988c15c6c357649706d91c33219725e9a2b12fe7903fa536fc8b34a51ea158f2ba92027617b4944a2514cfa7beb4249f26b23754403940006,hindi_griffinlim_eval_final/real_hindi/hindi_real_0434.wav,1,4.248,-2.936854124069214,3.568925380706787,rms_matched,False
434,b9e669f9010e60c988c15c6c357649706d91c33219725e9a2b12fe7903fa536fc8b34a51ea158f2ba92027617b4944a2514cfa7beb4249f26b23754403940006,hindi_griffinlim_eval_final/fake_hindi_griffinlim/hindi_fake_0434.wav,0,4.248,-5.536327362060547,6.317734718322754,rms_matched,False
435,cb191bbd6bef46c81c9d5a49421a071897ee938b184fb94525d71950769ff71a8e4c5380bac3087cf73f11082371a95a9e76e594ba58d9520d5892e39d9d167e,hindi_griffinlim_eval_final/real_hindi/hindi_real_0435.wav,1,5.976,3.3714535236358643,-4.300254821777344,rms_matched,False
435,cb191bbd6bef46c81c9d5a49421a071897ee938b184fb94525d71950769ff71a8e4c5380bac3087cf73f11082371a95a9e76e594ba58d9520d5892e39d9d167e,hindi_griffinlim_eval_final/fake_hindi_griffinlim/hindi_fake_0435.wav,0,5.976,-3.99368953704834,4.843177318572998,rms_matched,False
436,52f22814969ddf3ae439c9927cdc815781938e7b8db9939cbe5cc7211c83b3dd6eccb62b360571d4002d64878c3b70340e8a76bf784048ff984b73b71d31fc52,hindi_griffinlim_eval_final/real_hindi/hindi_real_0436.wav,1,2.952,1.6042871475219727,-2.283442974090576,rms_matched,False
436,52f22814969ddf3ae439c9927cdc815781938e7b8db9939cbe5cc7211c83b3dd6eccb62b360571d4002d64878c3b70340e8a76bf784048ff984b73b71d31fc52,hindi_griffinlim_eval_final/fake_hindi_griffinlim/hindi_fake_0436.wav,0,2.952,3.0443553924560547,-3.806990623474121,rms_matched,False
437,e0a36ee267ea8131975092e3f0b285cc85c2ecf0e47fa58a4f81eea8ef911bc2e939a2fe85859b96f77623060400a6ad1157350fd138ac8523288698254e8c4e,hindi_griffinlim_eval_final/real_hindi/hindi_real_0437.wav,1,4.032,0.060484372079372406,-0.023432999849319458,rms_matched,False
437,e0a36ee267ea8131975092e3f0b285cc85c2ecf0e47fa58a4f81eea8ef911bc2e939a2fe85859b96f77623060400a6ad1157350fd138ac8523288698254e8c4e,hindi_griffinlim_eval_final/fake_hindi_griffinlim/hindi_fake_0437.wav,0,4.032,-0.20090556144714355,0.6379124522209167,rms_matched,False
438,eadc13b88ea5631a21a2beb0917e9be628171b8aaae29918cb08b2afa62e820e01d0a5e21154b643f10067864ae138783bc31abf1a13b86bcb072fa0f0df4d40,hindi_griffinlim_eval_final/real_hindi/hindi_real_0438.wav,1,6.66,-0.26633787155151367,0.4299127161502838,rms_matched,False
438,eadc13b88ea5631a21a2beb0917e9be628171b8aaae29918cb08b2afa62e820e01d0a5e21154b643f10067864ae138783bc31abf1a13b86bcb072fa0f0df4d40,hindi_griffinlim_eval_final/fake_hindi_griffinlim/hindi_fake_0438.wav,0,6.66,2.0239040851593018,-2.4527111053466797,rms_matched,False
439,cb974805e163f0eec357012f483d57476c8229c9aca280469ccd5adc74516c39f36d16c23091c86bb18522064887048eb5d8c5b9259503a6de95d555745793b7,hindi_griffinlim_eval_final/real_hindi/hindi_real_0439.wav,1,6.948,2.9721593856811523,-3.8758962154388428,rms_matched,False
439,cb974805e163f0eec357012f483d57476c8229c9aca280469ccd5adc74516c39f36d16c23091c86bb18522064887048eb5d8c5b9259503a6de95d555745793b7,hindi_griffinlim_eval_final/fake_hindi_griffinlim/hindi_fake_0439.wav,0,6.948,-0.41262009739875793,0.673786461353302,rms_matched,False
440,aabd80b27714da5c6b5d4592a6f29f161db3cb06672ab14afb56eaf550ac0be0c14536ba5df7358621f018a4bc767c8c8477eaa4746830cf31ec4cdbcc2193fc,hindi_griffinlim_eval_final/real_hindi/hindi_real_0440.wav,1,4.356,3.1422290802001953,-3.9267425537109375,rms_matched,False
440,aabd80b27714da5c6b5d4592a6f29f161db3cb06672ab14afb56eaf550ac0be0c14536ba5df7358621f018a4bc767c8c8477eaa4746830cf31ec4cdbcc2193fc,hindi_griffinlim_eval_final/fake_hindi_griffinlim/hindi_fake_0440.wav,0,4.356,4.519235134124756,-5.575173377990723,rms_matched,False
441,7b90778674a3659c892533d96bb0aa534879da17cd2f9cb1ae73fc3cc114dda10eba8bb6cfeddbafde910b396a60b95e64b4134430071bf2dd23b8d6a9c32785,hindi_griffinlim_eval_final/real_hindi/hindi_real_0441.wav,1,3.852,5.620161056518555,-7.4073567390441895,rms_matched,False
441,7b90778674a3659c892533d96bb0aa534879da17cd2f9cb1ae73fc3cc114dda10eba8bb6cfeddbafde910b396a60b95e64b4134430071bf2dd23b8d6a9c32785,hindi_griffinlim_eval_final/fake_hindi_griffinlim/hindi_fake_0441.wav,0,3.852,6.7247114181518555,-8.721698760986328,rms_matched,False
442,2de3db24e998f00d734a8da3c51f592d40cdff55dfae3f290f4b0ef2e1acb63313eba952692afa76afcc1912d4c5fbd103d7bc838757a2bd55293827e758500e,hindi_griffinlim_eval_final/real_hindi/hindi_real_0442.wav,1,4.32,4.92935848236084,-6.314260482788086,rms_matched,False
442,2de3db24e998f00d734a8da3c51f592d40cdff55dfae3f290f4b0ef2e1acb63313eba952692afa76afcc1912d4c5fbd103d7bc838757a2bd55293827e758500e,hindi_griffinlim_eval_final/fake_hindi_griffinlim/hindi_fake_0442.wav,0,4.32,6.527861595153809,-8.45988941192627,rms_matched,False
443,b4069adc243cc7836a2bf30d44984b772c144f867bb92b4226209bcdc0783ee26b25bf51d2c4e42b8af14bfe3d183fb5aed4fd783bddc50d124f0970cce3dcd8,hindi_griffinlim_eval_final/real_hindi/hindi_real_0443.wav,1,4.32,-5.580325126647949,6.434030532836914,rms_matched,False
443,b4069adc243cc7836a2bf30d44984b772c144f867bb92b4226209bcdc0783ee26b25bf51d2c4e42b8af14bfe3d183fb5aed4fd783bddc50d124f0970cce3dcd8,hindi_griffinlim_eval_final/fake_hindi_griffinlim/hindi_fake_0443.wav,0,4.32,6.991001129150391,-9.059438705444336,rms_matched,False
444,e811478820937736d1074ae0c51bf72791cd1029b63b639e8dd3ab8f6d8ce46e9eed447dd3edfeca171695425e9496970dbbe5f3cb9b07cba7fed66459eff2c3,hindi_griffinlim_eval_final/real_hindi/hindi_real_0444.wav,1,6.3,0.37816405296325684,-0.7409751415252686,rms_matched,False
444,e811478820937736d1074ae0c51bf72791cd1029b63b639e8dd3ab8f6d8ce46e9eed447dd3edfeca171695425e9496970dbbe5f3cb9b07cba7fed66459eff2c3,hindi_griffinlim_eval_final/fake_hindi_griffinlim/hindi_fake_0444.wav,0,6.3,-2.2446234226226807,2.8808608055114746,rms_matched,False
445,05fd2a7f0d7cbe9acb1d838706b64a2ab489f6d0d2e7ff3a4243b1bb89ca3c1bc2e8dfd22bf11cf6e2fd9f11c2809b3dbf3db935d566ab6b6ee3122e3bfc20ed,hindi_griffinlim_eval_final/real_hindi/hindi_real_0445.wav,1,4.176,4.7769012451171875,-5.961891174316406,rms_matched,False
445,05fd2a7f0d7cbe9acb1d838706b64a2ab489f6d0d2e7ff3a4243b1bb89ca3c1bc2e8dfd22bf11cf6e2fd9f11c2809b3dbf3db935d566ab6b6ee3122e3bfc20ed,hindi_griffinlim_eval_final/fake_hindi_griffinlim/hindi_fake_0445.wav,0,4.176,-0.1037614643573761,0.16644594073295593,rms_matched,False
446,6e20e06229081bf9c063f01cd7b3e0a759f5953624213afea5c397d4b7fe9a4dc5dae704a5faf61147d4155de50dc4a2cafdf78e7e2f8a3dc8633f276065b4cc,hindi_griffinlim_eval_final/real_hindi/hindi_real_0446.wav,1,2.628,0.1590145230293274,-0.2675541937351227,rms_matched,False
446,6e20e06229081bf9c063f01cd7b3e0a759f5953624213afea5c397d4b7fe9a4dc5dae704a5faf61147d4155de50dc4a2cafdf78e7e2f8a3dc8633f276065b4cc,hindi_griffinlim_eval_final/fake_hindi_griffinlim/hindi_fake_0446.wav,0,2.628,-4.41898775100708,5.3417887687683105,rms_matched,False
447,a34b3f5fa057f54bc74179593acc5d316145622c5ece92f2e9b2d74a2de7fa87ed863a9061955f68625d580b33faa23dcd31f9c5a6f9c1e1dd8790a4ba671f57,hindi_griffinlim_eval_final/real_hindi/hindi_real_0447.wav,1,3.384,4.101633548736572,-5.182652473449707,rms_matched,False
447,a34b3f5fa057f54bc74179593acc5d316145622c5ece92f2e9b2d74a2de7fa87ed863a9061955f68625d580b33faa23dcd31f9c5a6f9c1e1dd8790a4ba671f57,hindi_griffinlim_eval_final/fake_hindi_griffinlim/hindi_fake_0447.wav,0,3.384,-0.5004945397377014,1.0118157863616943,rms_matched,False
448,43dc11a5328c78dc9536527d6945245d5b3e371fdeea987ac538a30956eacc649639e2b09c28bf3ee4f4f764475880bb8f68a5cd20ef78800a664b72a86ffe58,hindi_griffinlim_eval_final/real_hindi/hindi_real_0448.wav,1,5.832,5.351282119750977,-6.854791641235352,rms_matched,False
448,43dc11a5328c78dc9536527d6945245d5b3e371fdeea987ac538a30956eacc649639e2b09c28bf3ee4f4f764475880bb8f68a5cd20ef78800a664b72a86ffe58,hindi_griffinlim_eval_final/fake_hindi_griffinlim/hindi_fake_0448.wav,0,5.832,-5.531891822814941,6.296282768249512,rms_matched,False
449,807d2d7c9c8215754978fae4f17e36eb94cecc9ae19fe736e8d34d12bb62a75c0a67fbffd21303dc8908bb876f10a3f50e3174c8ca7b0cd61245d875cafffc70,hindi_griffinlim_eval_final/real_hindi/hindi_real_0449.wav,1,6.12,-4.105527400970459,4.939523696899414,rms_matched,False
449,807d2d7c9c8215754978fae4f17e36eb94cecc9ae19fe736e8d34d12bb62a75c0a67fbffd21303dc8908bb876f10a3f50e3174c8ca7b0cd61245d875cafffc70,hindi_griffinlim_eval_final/fake_hindi_griffinlim/hindi_fake_0449.wav,0,6.12,-0.408263623714447,0.8852967619895935,rms_matched,False
450,02a40eed38bf20ab1ddca1a5c60f5b2cadd5455be21c7a1ab8e87d65a6fec68495c0d24d8fecdfe3f9d132fdfa842dba33dca093df21b19f3d325519779d13d0,hindi_griffinlim_eval_final/real_hindi/hindi_real_0450.wav,1,4.248,5.682172775268555,-7.201861381530762,rms_matched,False
450,02a40eed38bf20ab1ddca1a5c60f5b2cadd5455be21c7a1ab8e87d65a6fec68495c0d24d8fecdfe3f9d132fdfa842dba33dca093df21b19f3d325519779d13d0,hindi_griffinlim_eval_final/fake_hindi_griffinlim/hindi_fake_0450.wav,0,4.248,4.048397064208984,-4.896023750305176,rms_matched,False
451,78899c686b3bdef6619b63f98b03d3f5fdf2ca7427d0ce6dace8a10befc17941b33c5b7b7c2a808f0c670e9560ad5da356b6f4b06407ce3e1a299787168c3b6a,hindi_griffinlim_eval_final/real_hindi/hindi_real_0451.wav,1,5.58,3.2264556884765625,-4.278487205505371,rms_matched,False
451,78899c686b3bdef6619b63f98b03d3f5fdf2ca7427d0ce6dace8a10befc17941b33c5b7b7c2a808f0c670e9560ad5da356b6f4b06407ce3e1a299787168c3b6a,hindi_griffinlim_eval_final/fake_hindi_griffinlim/hindi_fake_0451.wav,0,5.58,-4.401926517486572,5.190818786621094,rms_matched,False
452,385b2ee342869a3a1f9add4ac419003ee7426e166e5d1bcfafe0ac31c42b8b7fedb05feda633d4f1bbe50b8295b67306309ada6a657caf1720c3c97245eeaeb2,hindi_griffinlim_eval_final/real_hindi/hindi_real_0452.wav,1,7.956,-4.5186638832092285,5.339831352233887,rms_matched,False
452,385b2ee342869a3a1f9add4ac419003ee7426e166e5d1bcfafe0ac31c42b8b7fedb05feda633d4f1bbe50b8295b67306309ada6a657caf1720c3c97245eeaeb2,hindi_griffinlim_eval_final/fake_hindi_griffinlim/hindi_fake_0452.wav,0,7.956,-1.3179601430892944,1.95024573802948,rms_matched,False
453,6df5947ecd6093ba0b8088111d11231f209c5377b37d2ec78fb66df1c555d0c218e4a7dfd601f4d5395ec9f0579ec4eca44d2fd60b09e80bc62ef446ea485886,hindi_griffinlim_eval_final/real_hindi/hindi_real_0453.wav,1,3.96,-1.084783673286438,1.5658090114593506,rms_matched,False
453,6df5947ecd6093ba0b8088111d11231f209c5377b37d2ec78fb66df1c555d0c218e4a7dfd601f4d5395ec9f0579ec4eca44d2fd60b09e80bc62ef446ea485886,hindi_griffinlim_eval_final/fake_hindi_griffinlim/hindi_fake_0453.wav,0,3.96,-3.359522581100464,4.186059951782227,rms_matched,False
454,547e2977be99b122ceb7196c97d4bb97bc3bdb4261d43618dbc385183d672f6e43db8b2c67f0ddbfecfa5f7adcbe25b21aa515729c369a5161e7fefbe2e6a91c,hindi_griffinlim_eval_final/real_hindi/hindi_real_0454.wav,1,7.596,3.7653677463531494,-4.8345627784729,rms_matched,False
454,547e2977be99b122ceb7196c97d4bb97bc3bdb4261d43618dbc385183d672f6e43db8b2c67f0ddbfecfa5f7adcbe25b21aa515729c369a5161e7fefbe2e6a91c,hindi_griffinlim_eval_final/fake_hindi_griffinlim/hindi_fake_0454.wav,0,7.596,-5.370107173919678,6.215394496917725,rms_matched,False
455,95cc33ae73783f08510cc8b475a3f7da1144f0cdbfbe42446afc4e8942bf842722a12076a164393f2c52e0db9026e5f129a90feb451956b70f7366a89e026f1c,hindi_griffinlim_eval_final/real_hindi/hindi_real_0455.wav,1,2.988,5.658822059631348,-7.304317474365234,rms_matched,False
455,95cc33ae73783f08510cc8b475a3f7da1144f0cdbfbe42446afc4e8942bf842722a12076a164393f2c52e0db9026e5f129a90feb451956b70f7366a89e026f1c,hindi_griffinlim_eval_final/fake_hindi_griffinlim/hindi_fake_0455.wav,0,2.988,6.955405235290527,-9.022464752197266,rms_matched,False
456,7a089d86c2c82f061df264f419453e3740e2a7e030b13163f8802012baaa04bb35130896e3ee83c688d07bce1c74d40e83dabdca6a911dc25d15f97ebb75b7e4,hindi_griffinlim_eval_final/real_hindi/hindi_real_0456.wav,1,4.32,4.678667068481445,-5.8574419021606445,rms_matched,False
456,7a089d86c2c82f061df264f419453e3740e2a7e030b13163f8802012baaa04bb35130896e3ee83c688d07bce1c74d40e83dabdca6a911dc25d15f97ebb75b7e4,hindi_griffinlim_eval_final/fake_hindi_griffinlim/hindi_fake_0456.wav,0,4.32,-2.228541374206543,3.1444201469421387,rms_matched,False
457,c0fce8f25f23b41ed1321b49a5940b20f8b61130c14559d79ddf3816e5a433e06cad1469ff786911ce97ba8ea234da6b623881f3bb65339d1d3dd296e477a193,hindi_griffinlim_eval_final/real_hindi/hindi_real_0457.wav,1,2.808,3.9455225467681885,-5.163213729858398,rms_matched,False
457,c0fce8f25f23b41ed1321b49a5940b20f8b61130c14559d79ddf3816e5a433e06cad1469ff786911ce97ba8ea234da6b623881f3bb65339d1d3dd296e477a193,hindi_griffinlim_eval_final/fake_hindi_griffinlim/hindi_fake_0457.wav,0,2.808,-1.9764810800552368,2.6662607192993164,rms_matched,False
458,7a089d86c2c82f061df264f419453e3740e2a7e030b13163f8802012baaa04bb35130896e3ee83c688d07bce1c74d40e83dabdca6a911dc25d15f97ebb75b7e4,hindi_griffinlim_eval_final/real_hindi/hindi_real_0458.wav,1,6.84,4.646421432495117,-5.9120941162109375,rms_matched,False
458,7a089d86c2c82f061df264f419453e3740e2a7e030b13163f8802012baaa04bb35130896e3ee83c688d07bce1c74d40e83dabdca6a911dc25d15f97ebb75b7e4,hindi_griffinlim_eval_final/fake_hindi_griffinlim/hindi_fake_0458.wav,0,6.84,-0.6447243690490723,0.9088297486305237,rms_matched,False
459,d002200225d5b38de9dd8b95e9fb77c24724f8a56ee0b31f6ee2260b5636a1e23c0fadcae1156f88b703128798bd749901930f35e839ea2a2bb2bcb8afe5cc74,hindi_griffinlim_eval_final/real_hindi/hindi_real_0459.wav,1,5.616,2.2803030014038086,-3.013503074645996,rms_matched,False
459,d002200225d5b38de9dd8b95e9fb77c24724f8a56ee0b31f6ee2260b5636a1e23c0fadcae1156f88b703128798bd749901930f35e839ea2a2bb2bcb8afe5cc74,hindi_griffinlim_eval_final/fake_hindi_griffinlim/hindi_fake_0459.wav,0,5.616,-4.118340969085693,4.919703483581543,rms_matched,False
460,a71fe4c8c51459edc23fad3c7288e0216049d06b3ffb15d556328a42b3d18daf25ac6d1566a0037209e321081df2632dfca7bbeabd547b9eeef87ddf1e6ad329,hindi_griffinlim_eval_final/real_hindi/hindi_real_0460.wav,1,7.848,4.636490821838379,-5.820605278015137,rms_matched,False
460,a71fe4c8c51459edc23fad3c7288e0216049d06b3ffb15d556328a42b3d18daf25ac6d1566a0037209e321081df2632dfca7bbeabd547b9eeef87ddf1e6ad329,hindi_griffinlim_eval_final/fake_hindi_griffinlim/hindi_fake_0460.wav,0,7.848,2.7331676483154297,-3.672494411468506,rms_matched,False
461,76ae0779e8b42a6cebddc96f1c8be8cd17dc128ea3dc6c77c1afef491eb3334aec08ac644ce6b553783bec6530bcd7a8d7869d249d8fc4cbf394c176c2a03fe0,hindi_griffinlim_eval_final/real_hindi/hindi_real_0461.wav,1,3.456,5.6396074295043945,-7.340681076049805,rms_matched,False
461,76ae0779e8b42a6cebddc96f1c8be8cd17dc128ea3dc6c77c1afef491eb3334aec08ac644ce6b553783bec6530bcd7a8d7869d249d8fc4cbf394c176c2a03fe0,hindi_griffinlim_eval_final/fake_hindi_griffinlim/hindi_fake_0461.wav,0,3.456,5.638782501220703,-7.220447540283203,rms_matched,False
462,550c775712c46fac6b29f44c8e1e47790ad3d24a4596e9befdad47efbafbcd202634809eed3f54d8b62ec448b24bbe8a67c224d24ae7ed2b6870581a3fd2dcd3,hindi_griffinlim_eval_final/real_hindi/hindi_real_0462.wav,1,3.06,5.103328227996826,-6.587958812713623,rms_matched,False
462,550c775712c46fac6b29f44c8e1e47790ad3d24a4596e9befdad47efbafbcd202634809eed3f54d8b62ec448b24bbe8a67c224d24ae7ed2b6870581a3fd2dcd3,hindi_griffinlim_eval_final/fake_hindi_griffinlim/hindi_fake_0462.wav,0,3.06,-2.218724250793457,3.0572562217712402,rms_matched,False
463,05fd2a7f0d7cbe9acb1d838706b64a2ab489f6d0d2e7ff3a4243b1bb89ca3c1bc2e8dfd22bf11cf6e2fd9f11c2809b3dbf3db935d566ab6b6ee3122e3bfc20ed,hindi_griffinlim_eval_final/real_hindi/hindi_real_0463.wav,1,3.336,3.986997604370117,-5.177627086639404,rms_matched,False
463,05fd2a7f0d7cbe9acb1d838706b64a2ab489f6d0d2e7ff3a4243b1bb89ca3c1bc2e8dfd22bf11cf6e2fd9f11c2809b3dbf3db935d566ab6b6ee3122e3bfc20ed,hindi_griffinlim_eval_final/fake_hindi_griffinlim/hindi_fake_0463.wav,0,3.336,-3.084702253341675,3.997973918914795,rms_matched,False
464,df520ae6630f89c5941ffecf315f19953bdca51d6b7beb825aacd71405cc44f29ad01463f8b079cb10faf201b544d74dfd136f3353babacd39f80623d2c64bb7,hindi_griffinlim_eval_final/real_hindi/hindi_real_0464.wav,1,5.148,5.062359809875488,-6.437322616577148,rms_matched,False
464,df520ae6630f89c5941ffecf315f19953bdca51d6b7beb825aacd71405cc44f29ad01463f8b079cb10faf201b544d74dfd136f3353babacd39f80623d2c64bb7,hindi_griffinlim_eval_final/fake_hindi_griffinlim/hindi_fake_0464.wav,0,5.148,-0.4936027526855469,1.0939815044403076,rms_matched,False
465,c23750233f36c49e4bd285f7ea96c015a9c0fa1055cc2e3ee658ab3d0c7bb39963cc35135c8a024638d1789f2cbdc707f40441d5f6a13cf69e31d9abae8a130a,hindi_griffinlim_eval_final/real_hindi/hindi_real_0465.wav,1,3.06,2.415940999984741,-3.038522958755493,rms_matched,False
465,c23750233f36c49e4bd285f7ea96c015a9c0fa1055cc2e3ee658ab3d0c7bb39963cc35135c8a024638d1789f2cbdc707f40441d5f6a13cf69e31d9abae8a130a,hindi_griffinlim_eval_final/fake_hindi_griffinlim/hindi_fake_0465.wav,0,3.06,-3.022797107696533,3.8777847290039062,rms_matched,False
466,f1b62e5d3473776b945ef79fbad0a46a621fb136b143d7aeb75a7cb854ebe0807524eee04fe8d83b3311152dad97e341e18ed5b8981b3cf322fec4e0700894bb,hindi_griffinlim_eval_final/real_hindi/hindi_real_0466.wav,1,3.816,4.133713722229004,-5.333173751831055,rms_matched,False
466,f1b62e5d3473776b945ef79fbad0a46a621fb136b143d7aeb75a7cb854ebe0807524eee04fe8d83b3311152dad97e341e18ed5b8981b3cf322fec4e0700894bb,hindi_griffinlim_eval_final/fake_hindi_griffinlim/hindi_fake_0466.wav,0,3.816,1.7066208124160767,-2.4522595405578613,rms_matched,False
467,17e10c81b592f9aa499bd3ea283821d28dee580e2bfbf51ca891c71024bf0736cc26c5ef9790ef591ff7cf3136930b935c33bc7fb1c65c080ff270baf27c8fe5,hindi_griffinlim_eval_final/real_hindi/hindi_real_0467.wav,1,5.76,-4.543950080871582,5.248530864715576,rms_matched,False
467,17e10c81b592f9aa499bd3ea283821d28dee580e2bfbf51ca891c71024bf0736cc26c5ef9790ef591ff7cf3136930b935c33bc7fb1c65c080ff270baf27c8fe5,hindi_griffinlim_eval_final/fake_hindi_griffinlim/hindi_fake_0467.wav,0,5.76,-0.41047024726867676,0.9868211150169373,rms_matched,False
468,203176393d9928d38b3aecb45ba1ad1c05c8223b492bfe21e6c5c6359083f8bb68f24ab7bf449051e8527e9beee0055a3628608173b59bad7bf948e6d3e0ff27,hindi_griffinlim_eval_final/real_hindi/hindi_real_0468.wav,1,2.664,-0.5855560898780823,0.7095033526420593,rms_matched,False
468,203176393d9928d38b3aecb45ba1ad1c05c8223b492bfe21e6c5c6359083f8bb68f24ab7bf449051e8527e9beee0055a3628608173b59bad7bf948e6d3e0ff27,hindi_griffinlim_eval_final/fake_hindi_griffinlim/hindi_fake_0468.wav,0,2.664,-5.20726203918457,5.965498924255371,rms_matched,False
469,6e20e06229081bf9c063f01cd7b3e0a759f5953624213afea5c397d4b7fe9a4dc5dae704a5faf61147d4155de50dc4a2cafdf78e7e2f8a3dc8633f276065b4cc,hindi_griffinlim_eval_final/real_hindi/hindi_real_0469.wav,1,4.896,4.880590438842773,-6.388603687286377,rms_matched,False
469,6e20e06229081bf9c063f01cd7b3e0a759f5953624213afea5c397d4b7fe9a4dc5dae704a5faf61147d4155de50dc4a2cafdf78e7e2f8a3dc8633f276065b4cc,hindi_griffinlim_eval_final/fake_hindi_griffinlim/hindi_fake_0469.wav,0,4.896,-0.9911849498748779,1.4811222553253174,rms_matched,False
470,58913ffb4a411d7b14318c0cadbfb8ccdf1ed3dd5c7173b948c382329be9bb3fd15f6a5b863c94639786da4b32fa679087d9b0d4a04711dec86e1b82ed92c369,hindi_griffinlim_eval_final/real_hindi/hindi_real_0470.wav,1,4.86,-1.301946997642517,1.8953373432159424,rms_matched,False
470,58913ffb4a411d7b14318c0cadbfb8ccdf1ed3dd5c7173b948c382329be9bb3fd15f6a5b863c94639786da4b32fa679087d9b0d4a04711dec86e1b82ed92c369,hindi_griffinlim_eval_final/fake_hindi_griffinlim/hindi_fake_0470.wav,0,4.86,-3.5114381313323975,4.431528091430664,rms_matched,False
471,3f6b6371f7312ac797f5d02bf334e9b13ead1882e2e9958e0a766c835a40fc8236d150a219d214e4879b1713d00569d69293518868e735ef6e2e030b1def79d1,hindi_griffinlim_eval_final/real_hindi/hindi_real_0471.wav,1,6.66,-1.4740463495254517,1.8575458526611328,rms_matched,False
471,3f6b6371f7312ac797f5d02bf334e9b13ead1882e2e9958e0a766c835a40fc8236d150a219d214e4879b1713d00569d69293518868e735ef6e2e030b1def79d1,hindi_griffinlim_eval_final/fake_hindi_griffinlim/hindi_fake_0471.wav,0,6.66,-1.5711973905563354,2.258396863937378,rms_matched,False
472,c127090a8261671f4e68cc31639996579099a014bbd65dc05c580ea8961637ae6978ac28c265bbba5145400258f062bf70f582aac610a13525cacf73579563bd,hindi_griffinlim_eval_final/real_hindi/hindi_real_0472.wav,1,5.94,-2.771630048751831,3.159660816192627,rms_matched,False
472,c127090a8261671f4e68cc31639996579099a014bbd65dc05c580ea8961637ae6978ac28c265bbba5145400258f062bf70f582aac610a13525cacf73579563bd,hindi_griffinlim_eval_final/fake_hindi_griffinlim/hindi_fake_0472.wav,0,5.94,-4.8869171142578125,5.557189464569092,rms_matched,False
473,70c96a46f6827039223782fee3a93b99fa8168c84d3e5f9a0e2a1f16cfc1d62ad6f52d19ac175ad3ee541abd81068d089df3693e843b932053395156f6ff36b6,hindi_griffinlim_eval_final/real_hindi/hindi_real_0473.wav,1,3.924,-1.498344898223877,2.081310987472534,rms_matched,False
473,70c96a46f6827039223782fee3a93b99fa8168c84d3e5f9a0e2a1f16cfc1d62ad6f52d19ac175ad3ee541abd81068d089df3693e843b932053395156f6ff36b6,hindi_griffinlim_eval_final/fake_hindi_griffinlim/hindi_fake_0473.wav,0,3.924,-5.268510818481445,6.089570045471191,rms_matched,False
474,d1d9c267ebee74a32597d31c9167b2edb1f99cb7f4aa13501a5cc3bd519deaa2516058fb40da1e55deef24bb43e231ab5f17484bb11468d631c90e3bf29b76d4,hindi_griffinlim_eval_final/real_hindi/hindi_real_0474.wav,1,5.22,3.3241631984710693,-4.453807830810547,rms_matched,False
474,d1d9c267ebee74a32597d31c9167b2edb1f99cb7f4aa13501a5cc3bd519deaa2516058fb40da1e55deef24bb43e231ab5f17484bb11468d631c90e3bf29b76d4,hindi_griffinlim_eval_final/fake_hindi_griffinlim/hindi_fake_0474.wav,0,5.22,7.019501686096191,-9.111689567565918,rms_matched,False
475,a77463c4923319faa0aa9e316c75a0c0b8b57506ca68d5ae159872b937710f58e5559c8f319e0d9b23c3c80f7bff29a739634859ac38c3cb38e1f278cc7d4b97,hindi_griffinlim_eval_final/real_hindi/hindi_real_0475.wav,1,2.34,4.27543306350708,-5.4512176513671875,rms_matched,False
475,a77463c4923319faa0aa9e316c75a0c0b8b57506ca68d5ae159872b937710f58e5559c8f319e0d9b23c3c80f7bff29a739634859ac38c3cb38e1f278cc7d4b97,hindi_griffinlim_eval_final/fake_hindi_griffinlim/hindi_fake_0475.wav,0,2.34,-0.6887357234954834,1.1031081676483154,rms_matched,False
476,a3c9eb18e51d74ec5fbf9ca9ca1d5edf24c691d0f685ef2ffc8689d107710a300eec2172a79cc039b119ebc451ab794cb8519ce2d3c37209c7f24649089a7fc2,hindi_griffinlim_eval_final/real_hindi/hindi_real_0476.wav,1,3.492,4.8105902671813965,-5.988122940063477,rms_matched,False
476,a3c9eb18e51d74ec5fbf9ca9ca1d5edf24c691d0f685ef2ffc8689d107710a300eec2172a79cc039b119ebc451ab794cb8519ce2d3c37209c7f24649089a7fc2,hindi_griffinlim_eval_final/fake_hindi_griffinlim/hindi_fake_0476.wav,0,3.492,6.434126853942871,-8.301435470581055,rms_matched,False
477,552fd8cf90f15edcaf7388b1164d58d7eae5f20674dc780b9efb9d43c80af1ccbdef88d0ddfb76038b9614eda2b556cbb4fa8a46ca54ad7dcc43d9298b63f1eb,hindi_griffinlim_eval_final/real_hindi/hindi_real_0477.wav,1,3.888,4.425058364868164,-5.668796539306641,rms_matched,False
477,552fd8cf90f15edcaf7388b1164d58d7eae5f20674dc780b9efb9d43c80af1ccbdef88d0ddfb76038b9614eda2b556cbb4fa8a46ca54ad7dcc43d9298b63f1eb,hindi_griffinlim_eval_final/fake_hindi_griffinlim/hindi_fake_0477.wav,0,3.888,0.18858593702316284,-0.44126635789871216,rms_matched,False
478,a71fe4c8c51459edc23fad3c7288e0216049d06b3ffb15d556328a42b3d18daf25ac6d1566a0037209e321081df2632dfca7bbeabd547b9eeef87ddf1e6ad329,hindi_griffinlim_eval_final/real_hindi/hindi_real_0478.wav,1,3.24,6.0596232414245605,-7.838057994842529,rms_matched,False
478,a71fe4c8c51459edc23fad3c7288e0216049d06b3ffb15d556328a42b3d18daf25ac6d1566a0037209e321081df2632dfca7bbeabd547b9eeef87ddf1e6ad329,hindi_griffinlim_eval_final/fake_hindi_griffinlim/hindi_fake_0478.wav,0,3.24,-5.476966857910156,6.2819929122924805,rms_matched,False
479,5b3872837902e6d95327320c254ce8cc9e7b69e3ad4e2e54f93009f6f44af95a3b2bd03dd9504518ddea0ce1bb0793458ea03d00ccd3c918aba1a0a91476da99,hindi_griffinlim_eval_final/real_hindi/hindi_real_0479.wav,1,4.824,3.507451057434082,-4.426498889923096,rms_matched,False
479,5b3872837902e6d95327320c254ce8cc9e7b69e3ad4e2e54f93009f6f44af95a3b2bd03dd9504518ddea0ce1bb0793458ea03d00ccd3c918aba1a0a91476da99,hindi_griffinlim_eval_final/fake_hindi_griffinlim/hindi_fake_0479.wav,0,4.824,-2.9126598834991455,3.833667516708374,rms_matched,False
480,23e7986df66ecae7556379ef6a8c59490f3a38d789ddcbb9af2e0bdac45ded855c8a27be3ec862f45918adec219022883c1f64ea3ca811371c818856357ef5be,hindi_griffinlim_eval_final/real_hindi/hindi_real_0480.wav,1,4.788,0.48043107986450195,-0.6686099171638489,rms_matched,False
480,23e7986df66ecae7556379ef6a8c59490f3a38d789ddcbb9af2e0bdac45ded855c8a27be3ec862f45918adec219022883c1f64ea3ca811371c818856357ef5be,hindi_griffinlim_eval_final/fake_hindi_griffinlim/hindi_fake_0480.wav,0,4.788,-4.669726371765137,5.40587043762207,rms_matched,False
481,b3a9d00791dae63b944756627fdb96c21c53f4d69beef3a56780607d83e56d0a6faf52d5d704c925bb323f8b2c9a168a87c2cd94fcc3d3abf6b034c9e7f5cd77,hindi_griffinlim_eval_final/real_hindi/hindi_real_0481.wav,1,4.656,6.163298606872559,-7.959203720092773,rms_matched,False
481,b3a9d00791dae63b944756627fdb96c21c53f4d69beef3a56780607d83e56d0a6faf52d5d704c925bb323f8b2c9a168a87c2cd94fcc3d3abf6b034c9e7f5cd77,hindi_griffinlim_eval_final/fake_hindi_griffinlim/hindi_fake_0481.wav,0,4.656,-0.3956305980682373,0.7503692507743835,rms_matched,False
482,0db277015ed4c7602383504e75bcfead10db6e33b12e442a983cb259a17baf2c98daf32f18e2c1917269103a2ef1776d88cab0357c43c487473d8fa511dde7e8,hindi_griffinlim_eval_final/real_hindi/hindi_real_0482.wav,1,4.068,6.1310954093933105,-7.84040641784668,rms_matched,False
482,0db277015ed4c7602383504e75bcfead10db6e33b12e442a983cb259a17baf2c98daf32f18e2c1917269103a2ef1776d88cab0357c43c487473d8fa511dde7e8,hindi_griffinlim_eval_final/fake_hindi_griffinlim/hindi_fake_0482.wav,0,4.068,-0.7944613695144653,1.1093037128448486,rms_matched,False
483,b9854a362f9f2796f98c3105310553f5d5b1d2aea5f247080a0d9ab5d329ac51e5e519bad74bd68b022867bb103a42741c9523a32ce80c3a4ac8ed64c4bde957,hindi_griffinlim_eval_final/real_hindi/hindi_real_0483.wav,1,3.216,3.4489176273345947,-4.417724132537842,rms_matched,False
483,b9854a362f9f2796f98c3105310553f5d5b1d2aea5f247080a0d9ab5d329ac51e5e519bad74bd68b022867bb103a42741c9523a32ce80c3a4ac8ed64c4bde957,hindi_griffinlim_eval_final/fake_hindi_griffinlim/hindi_fake_0483.wav,0,3.216,3.743096113204956,-4.50067663192749,rms_matched,False
484,8525f36954391ad7696abcf66c1383e5409d52980ebd2d7b1063cc48ed81ebd9f8cf3a8c257f079e986893cfa2455e4c832d04863c8fed7db4f4d5951ec34d1b,hindi_griffinlim_eval_final/real_hindi/hindi_real_0484.wav,1,4.32,4.7004289627075195,-5.851951599121094,rms_matched,False
484,8525f36954391ad7696abcf66c1383e5409d52980ebd2d7b1063cc48ed81ebd9f8cf3a8c257f079e986893cfa2455e4c832d04863c8fed7db4f4d5951ec34d1b,hindi_griffinlim_eval_final/fake_hindi_griffinlim/hindi_fake_0484.wav,0,4.32,-0.3742162883281708,0.9950369000434875,rms_matched,False
485,9392443e20fff21db185ec2e21925398c267cdaec962d7a8bff381ae171fd3563894988fe4244da0866881fb39e56492843fac59b139c31b99211d6c8f44c2ac,hindi_griffinlim_eval_final/real_hindi/hindi_real_0485.wav,1,3.024,3.9420382976531982,-5.1229705810546875,rms_matched,False
485,9392443e20fff21db185ec2e21925398c267cdaec962d7a8bff381ae171fd3563894988fe4244da0866881fb39e56492843fac59b139c31b99211d6c8f44c2ac,hindi_griffinlim_eval_final/fake_hindi_griffinlim/hindi_fake_0485.wav,0,3.024,-0.5224299430847168,0.9910906553268433,rms_matched,False
486,cba73505723d31fe1d355fd9c1ba00f36d72661f667b151bb2e4db347100a72793ca3d5351e0293af666bf35d2684deb3e4bbc6fe630ffabe699d80709a0ea07,hindi_griffinlim_eval_final/real_hindi/hindi_real_0486.wav,1,6.048,0.6587725877761841,-1.1164085865020752,rms_matched,False
486,cba73505723d31fe1d355fd9c1ba00f36d72661f667b151bb2e4db347100a72793ca3d5351e0293af666bf35d2684deb3e4bbc6fe630ffabe699d80709a0ea07,hindi_griffinlim_eval_final/fake_hindi_griffinlim/hindi_fake_0486.wav,0,6.048,6.044079780578613,-7.829204082489014,rms_matched,False
487,6df5947ecd6093ba0b8088111d11231f209c5377b37d2ec78fb66df1c555d0c218e4a7dfd601f4d5395ec9f0579ec4eca44d2fd60b09e80bc62ef446ea485886,hindi_griffinlim_eval_final/real_hindi/hindi_real_0487.wav,1,2.736,-0.3815096616744995,0.651875376701355,rms_matched,False
487,6df5947ecd6093ba0b8088111d11231f209c5377b37d2ec78fb66df1c555d0c218e4a7dfd601f4d5395ec9f0579ec4eca44d2fd60b09e80bc62ef446ea485886,hindi_griffinlim_eval_final/fake_hindi_griffinlim/hindi_fake_0487.wav,0,2.736,-1.5338181257247925,2.179715633392334,rms_matched,False
488,f398e532c4307d0fb6f23dda4b599e05c8483a5211aab4dba56e24a0acc89810af5b98cc96afe0b55fdee3b41250c05571fa3d170e517213e71e52e481a80df1,hindi_griffinlim_eval_final/real_hindi/hindi_real_0488.wav,1,4.584,3.8503201007843018,-4.888123512268066,rms_matched,False
488,f398e532c4307d0fb6f23dda4b599e05c8483a5211aab4dba56e24a0acc89810af5b98cc96afe0b55fdee3b41250c05571fa3d170e517213e71e52e481a80df1,hindi_griffinlim_eval_final/fake_hindi_griffinlim/hindi_fake_0488.wav,0,4.584,-2.5374789237976074,3.471806049346924,rms_matched,False
489,a260ddbc5acffed848007a0a9ec6b79936f77999c825631f8f7eb91c11e3369d404de512eb961b464b0208a5da2d4a8cf154dba0a4d11010520e02dbf6039b2f,hindi_griffinlim_eval_final/real_hindi/hindi_real_0489.wav,1,4.428,-3.0803794860839844,3.842513084411621,rms_matched,False
489,a260ddbc5acffed848007a0a9ec6b79936f77999c825631f8f7eb91c11e3369d404de512eb961b464b0208a5da2d4a8cf154dba0a4d11010520e02dbf6039b2f,hindi_griffinlim_eval_final/fake_hindi_griffinlim/hindi_fake_0489.wav,0,4.428,-3.584925889968872,4.555423259735107,rms_matched,False
490,32bf5ca000a1d646bb2e636e32c4bd507750c204271ab585b1e9fab7d08103c7e07825bdb376119fdef205be82f6e81766655dd5590cc21ec598b79a5c18e45f,hindi_griffinlim_eval_final/real_hindi/hindi_real_0490.wav,1,5.58,1.4647332429885864,-1.9342108964920044,rms_matched,False
490,32bf5ca000a1d646bb2e636e32c4bd507750c204271ab585b1e9fab7d08103c7e07825bdb376119fdef205be82f6e81766655dd5590cc21ec598b79a5c18e45f,hindi_griffinlim_eval_final/fake_hindi_griffinlim/hindi_fake_0490.wav,0,5.58,-0.47991931438446045,1.0807164907455444,rms_matched,False
491,5549b78a80f610ada13425ce57675ee97038a21d344187eab6b96f1006fd53e01f693feb367b9348c379911488a464a23b3c95a61f2295aa86d9cf6d8292c43c,hindi_griffinlim_eval_final/real_hindi/hindi_real_0491.wav,1,7.776,5.371734619140625,-6.988621234893799,rms_matched,False
491,5549b78a80f610ada13425ce57675ee97038a21d344187eab6b96f1006fd53e01f693feb367b9348c379911488a464a23b3c95a61f2295aa86d9cf6d8292c43c,hindi_griffinlim_eval_final/fake_hindi_griffinlim/hindi_fake_0491.wav,0,7.776,-3.419684410095215,4.2938232421875,rms_matched,False
492,43bc745f9a7b6bd69a6cf5af88d6d8a31436266533dfa04def07f906d4fd43867f88a11badb4e6b57aefd010b66136392f98b79281d97eebcad6333be3d07cb2,hindi_griffinlim_eval_final/real_hindi/hindi_real_0492.wav,1,2.232,1.278373122215271,-1.8283350467681885,rms_matched,False
492,43bc745f9a7b6bd69a6cf5af88d6d8a31436266533dfa04def07f906d4fd43867f88a11badb4e6b57aefd010b66136392f98b79281d97eebcad6333be3d07cb2,hindi_griffinlim_eval_final/fake_hindi_griffinlim/hindi_fake_0492.wav,0,2.232,0.2345069795846939,-0.5907160639762878,rms_matched,False
493,bbf090e6e283e4e37184a2e8d18c4e8b316a072a5565f942ab1fe209609ce93499859b1bc6b7111be2f33203c2746e5c37c57a3fcff52e9a7f38780d6fc39a26,hindi_griffinlim_eval_final/real_hindi/hindi_real_0493.wav,1,2.556,2.2470436096191406,-2.9112329483032227,rms_matched,False
493,bbf090e6e283e4e37184a2e8d18c4e8b316a072a5565f942ab1fe209609ce93499859b1bc6b7111be2f33203c2746e5c37c57a3fcff52e9a7f38780d6fc39a26,hindi_griffinlim_eval_final/fake_hindi_griffinlim/hindi_fake_0493.wav,0,2.556,-0.32057568430900574,0.6836068630218506,rms_matched,False
494,b3384290eb1959d422480362d83e5209c28470116f7c5b10b0306ace4c6c34fec56325a07bec155e841663e775d0573922c4e90dd59bad4795f5d75530c6732e,hindi_griffinlim_eval_final/real_hindi/hindi_real_0494.wav,1,4.68,4.227551460266113,-5.305715560913086,rms_matched,False
494,b3384290eb1959d422480362d83e5209c28470116f7c5b10b0306ace4c6c34fec56325a07bec155e841663e775d0573922c4e90dd59bad4795f5d75530c6732e,hindi_griffinlim_eval_final/fake_hindi_griffinlim/hindi_fake_0494.wav,0,4.68,-0.5359464287757874,1.0534238815307617,rms_matched,False
495,3a9a2751ae7b00505f0ab31fe4c6b3d76e4b23763244c136363aed1903cc89d8668e1187df7236c6ac0ef40422fd5802ca4000aa26a29cc5c77c978b07a4d12a,hindi_griffinlim_eval_final/real_hindi/hindi_real_0495.wav,1,6.948,-0.4699040651321411,0.6877706050872803,rms_matched,False
495,3a9a2751ae7b00505f0ab31fe4c6b3d76e4b23763244c136363aed1903cc89d8668e1187df7236c6ac0ef40422fd5802ca4000aa26a29cc5c77c978b07a4d12a,hindi_griffinlim_eval_final/fake_hindi_griffinlim/hindi_fake_0495.wav,0,6.948,-5.779629707336426,6.611684799194336,rms_matched,False
496,e0b0d9bee4bc7b503aa80e3cc2b981cba7d2cd3493201182fda6cfaf6bd0f3c06ed4dece1470c13e0a96e60f29ff7be6ceb53724edc3973a8e5594a8b8f2fb13,hindi_griffinlim_eval_final/real_hindi/hindi_real_0496.wav,1,5.796,3.0241446495056152,-3.7541580200195312,rms_matched,False
496,e0b0d9bee4bc7b503aa80e3cc2b981cba7d2cd3493201182fda6cfaf6bd0f3c06ed4dece1470c13e0a96e60f29ff7be6ceb53724edc3973a8e5594a8b8f2fb13,hindi_griffinlim_eval_final/fake_hindi_griffinlim/hindi_fake_0496.wav,0,5.796,-0.15931937098503113,0.3020373284816742,rms_matched,False
497,9a862e8c754a334f2c39963b8da67e4e6e46ef2889e6ac772bb3e3847c4e1586e46be4d21adf569a90009925022013d8900d5ec065a6eaf767a5f0c3f1317f6d,hindi_griffinlim_eval_final/real_hindi/hindi_real_0497.wav,1,7.056,-2.1129918098449707,2.879518985748291,rms_matched,False
497,9a862e8c754a334f2c39963b8da67e4e6e46ef2889e6ac772bb3e3847c4e1586e46be4d21adf569a90009925022013d8900d5ec065a6eaf767a5f0c3f1317f6d,hindi_griffinlim_eval_final/fake_hindi_griffinlim/hindi_fake_0497.wav,0,7.056,-5.583822250366211,6.405624866485596,rms_matched,False
498,3255dc44d5426ad255e14c4db4d12b224dfffd1e594a400a47cee7aafcd670d56a9834052a13be30307100ec6a3e1f8bffe33260e25f32c5a89ef64c744c0433,hindi_griffinlim_eval_final/real_hindi/hindi_real_0498.wav,1,2.664,4.5709991455078125,-5.8212666511535645,rms_matched,False
498,3255dc44d5426ad255e14c4db4d12b224dfffd1e594a400a47cee7aafcd670d56a9834052a13be30307100ec6a3e1f8bffe33260e25f32c5a89ef64c744c0433,hindi_griffinlim_eval_final/fake_hindi_griffinlim/hindi_fake_0498.wav,0,2.664,6.988822937011719,-9.090202331542969,rms_matched,False
499,0303022c144407f09d8f97be16ba6f2c41ac249e162b24f7d213f0c8a10c4235a4dbd0f53c4d6bcd674ea939898fa29d241a0c183c8f8b5963f55ea5a5327379,hindi_griffinlim_eval_final/real_hindi/hindi_real_0499.wav,1,6.084,5.479638576507568,-7.056169033050537,rms_matched,False
499,0303022c144407f09d8f97be16ba6f2c41ac249e162b24f7d213f0c8a10c4235a4dbd0f53c4d6bcd674ea939898fa29d241a0c183c8f8b5963f55ea5a5327379,hindi_griffinlim_eval_final/fake_hindi_griffinlim/hindi_fake_0499.wav,0,6.084,3.8622355461120605,-4.667681694030762,rms_matched,False
500,29bcb273adde2fc3bc2e4595307cca55f7a2164b643bd634a478297488389dd87132dba219b5a51a5b42b59a42fe5eef68ff2cd098bb675cf680befd442613d5,hindi_griffinlim_eval_final/real_hindi/hindi_real_0500.wav,1,6.048,5.712822914123535,-7.386569976806641,rms_matched,False
500,29bcb273adde2fc3bc2e4595307cca55f7a2164b643bd634a478297488389dd87132dba219b5a51a5b42b59a42fe5eef68ff2cd098bb675cf680befd442613d5,hindi_griffinlim_eval_final/fake_hindi_griffinlim/hindi_fake_0500.wav,0,6.048,-0.4611378312110901,0.6663427948951721,rms_matched,False
501,ec98bf4f4c7ebeb53552af57da3d7a49f21818abc1725b040a1b968399e00793bb92c3c43fc8a718ebdf2cd08df8a20903f45474f2545ae873ddfb15c6a759c5,hindi_griffinlim_eval_final/real_hindi/hindi_real_0501.wav,1,5.436,1.6943999528884888,-2.0150222778320312,rms_matched,False
501,ec98bf4f4c7ebeb53552af57da3d7a49f21818abc1725b040a1b968399e00793bb92c3c43fc8a718ebdf2cd08df8a20903f45474f2545ae873ddfb15c6a759c5,hindi_griffinlim_eval_final/fake_hindi_griffinlim/hindi_fake_0501.wav,0,5.436,-2.5838193893432617,3.387059450149536,rms_matched,False
502,5d04e341d28471b5a0877f8fdc6dfb88a706c40c3a904e7e0b0982891ccab4d619b816f3a5dc1025591b7cfdc9f56ef10169afd22bfcd78c1ee7b6fc4e36bc03,hindi_griffinlim_eval_final/real_hindi/hindi_real_0502.wav,1,3.384,4.444762229919434,-5.487388610839844,rms_matched,False
502,5d04e341d28471b5a0877f8fdc6dfb88a706c40c3a904e7e0b0982891ccab4d619b816f3a5dc1025591b7cfdc9f56ef10169afd22bfcd78c1ee7b6fc4e36bc03,hindi_griffinlim_eval_final/fake_hindi_griffinlim/hindi_fake_0502.wav,0,3.384,0.7649635076522827,-1.0480741262435913,rms_matched,False
503,4cef3c57c7794a486d20711b806222df778778312c01a26669a9c4fd75b74a3792424787393673b302401d3d994431c97c30b2d1b8bd6caa0fd563460fed5093,hindi_griffinlim_eval_final/real_hindi/hindi_real_0503.wav,1,5.544,4.647984504699707,-5.9086995124816895,rms_matched,False
503,4cef3c57c7794a486d20711b806222df778778312c01a26669a9c4fd75b74a3792424787393673b302401d3d994431c97c30b2d1b8bd6caa0fd563460fed5093,hindi_griffinlim_eval_final/fake_hindi_griffinlim/hindi_fake_0503.wav,0,5.544,-4.665911674499512,5.479593276977539,rms_matched,False
504,c9e3c968c1d5b3622fc320ddfee5e4f9ab20a053ad60bc247ae48a626a9989bc2687e3e054f55a444c9ccb71e2ddce887fc8fdfa617ebb5e9d4771676d8074b4,hindi_griffinlim_eval_final/real_hindi/hindi_real_0504.wav,1,7.416,-0.7593501210212708,0.8678573966026306,rms_matched,False
504,c9e3c968c1d5b3622fc320ddfee5e4f9ab20a053ad60bc247ae48a626a9989bc2687e3e054f55a444c9ccb71e2ddce887fc8fdfa617ebb5e9d4771676d8074b4,hindi_griffinlim_eval_final/fake_hindi_griffinlim/hindi_fake_0504.wav,0,7.416,-0.35657668113708496,0.8796492218971252,rms_matched,False
505,f7e4c76ee18115342ce951e969ae7be895523c1249240808025273db43ef06eff07f846de9b3a24d822ac09b3fcc9a6655535a3e0adb370bde8640f64560620b,hindi_griffinlim_eval_final/real_hindi/hindi_real_0505.wav,1,4.428,-0.40192461013793945,0.4521840512752533,rms_matched,False
505,f7e4c76ee18115342ce951e969ae7be895523c1249240808025273db43ef06eff07f846de9b3a24d822ac09b3fcc9a6655535a3e0adb370bde8640f64560620b,hindi_griffinlim_eval_final/fake_hindi_griffinlim/hindi_fake_0505.wav,0,4.428,-2.830909252166748,3.6449191570281982,rms_matched,False
506,cb80d11c3532ab20b83037029cb1c2394ea6339f697e7101b9288365e3387903da82dc7d32bb6f1a45d5659f6ffacc187711e06195561c5e4f09721683bbd761,hindi_griffinlim_eval_final/real_hindi/hindi_real_0506.wav,1,2.664,5.400961875915527,-6.991966724395752,rms_matched,False
506,cb80d11c3532ab20b83037029cb1c2394ea6339f697e7101b9288365e3387903da82dc7d32bb6f1a45d5659f6ffacc187711e06195561c5e4f09721683bbd761,hindi_griffinlim_eval_final/fake_hindi_griffinlim/hindi_fake_0506.wav,0,2.664,-2.059518337249756,2.700678825378418,rms_matched,False
507,755950c6eb4b91d87a8d62458e27e794e08783fbb4e47b61730e21bb685a9d3634dab0401114292ec8b3d3a282e0248c34c8868056fdb057716c14ae2b9844fc,hindi_griffinlim_eval_final/real_hindi/hindi_real_0507.wav,1,3.42,2.2699224948883057,-2.997455596923828,peak_normalized,True
507,755950c6eb4b91d87a8d62458e27e794e08783fbb4e47b61730e21bb685a9d3634dab0401114292ec8b3d3a282e0248c34c8868056fdb057716c14ae2b9844fc,hindi_griffinlim_eval_final/fake_hindi_griffinlim/hindi_fake_0507.wav,0,3.42,-0.7808269262313843,1.1892482042312622,peak_normalized,True
508,d70eec2d8533e3a33d9b86756515c60f981b91fec38baaad39f756259fc08103cb6a12f82c2cc01189e8c8558b9ca80d52fc0cd6ebe18cab27de267929b51584,hindi_griffinlim_eval_final/real_hindi/hindi_real_0508.wav,1,3.132,5.189694404602051,-6.556630611419678,rms_matched,False
508,d70eec2d8533e3a33d9b86756515c60f981b91fec38baaad39f756259fc08103cb6a12f82c2cc01189e8c8558b9ca80d52fc0cd6ebe18cab27de267929b51584,hindi_griffinlim_eval_final/fake_hindi_griffinlim/hindi_fake_0508.wav,0,3.132,3.865715742111206,-4.654155254364014,rms_matched,False
509,4fcdd17805b736cac2dc920985d2187185e759b54d9cfe7d2654dd8f4aff10e630e579edcb5cb4d04f215bebe6d096d9e932203345ad7272e889beca6a5c20e7,hindi_griffinlim_eval_final/real_hindi/hindi_real_0509.wav,1,6.336,-0.7942371964454651,1.2287871837615967,rms_matched,False
509,4fcdd17805b736cac2dc920985d2187185e759b54d9cfe7d2654dd8f4aff10e630e579edcb5cb4d04f215bebe6d096d9e932203345ad7272e889beca6a5c20e7,hindi_griffinlim_eval_final/fake_hindi_griffinlim/hindi_fake_0509.wav,0,6.336,-1.1228810548782349,1.7895723581314087,rms_matched,False
510,93f71918fbe69cad830cb49211cb10c9344e04ceca427ea39db38c8b5f5f200a4706f0a12646585364ff3b44f3bb75784005797e3e3259fd9579fa985955b3ac,hindi_griffinlim_eval_final/real_hindi/hindi_real_0510.wav,1,3.276,2.8455586433410645,-3.55434513092041,rms_matched,False
510,93f71918fbe69cad830cb49211cb10c9344e04ceca427ea39db38c8b5f5f200a4706f0a12646585364ff3b44f3bb75784005797e3e3259fd9579fa985955b3ac,hindi_griffinlim_eval_final/fake_hindi_griffinlim/hindi_fake_0510.wav,0,3.276,-0.3165965676307678,-0.01905861496925354,rms_matched,False
511,e13c23ee2d8500b3cffa2cdf67ef9d827331c36238411c839fe39b077736953b55de43cff6bb2d96066fb6660cc6542db53e3e5abe00c2cb8d79cf3bc38b22fb,hindi_griffinlim_eval_final/real_hindi/hindi_real_0511.wav,1,3.78,5.255986213684082,-6.734424114227295,rms_matched,False
511,e13c23ee2d8500b3cffa2cdf67ef9d827331c36238411c839fe39b077736953b55de43cff6bb2d96066fb6660cc6542db53e3e5abe00c2cb8d79cf3bc38b22fb,hindi_griffinlim_eval_final/fake_hindi_griffinlim/hindi_fake_0511.wav,0,3.78,6.566067695617676,-8.488511085510254,rms_matched,False
512,2312b0d85bd1eb1a017264abf770df086e10cec218cf1ab48b90f9d7f621d8ae8372b07338224060fcac6cfb337fcfcb6966c160942f9fcec4c67e7f5df44520,hindi_griffinlim_eval_final/real_hindi/hindi_real_0512.wav,1,3.024,-1.1353881359100342,1.518923282623291,peak_normalized,True
512,2312b0d85bd1eb1a017264abf770df086e10cec218cf1ab48b90f9d7f621d8ae8372b07338224060fcac6cfb337fcfcb6966c160942f9fcec4c67e7f5df44520,hindi_griffinlim_eval_final/fake_hindi_griffinlim/hindi_fake_0512.wav,0,3.024,-4.319195747375488,5.237548828125,peak_normalized,True
513,42dbccb16fa1ce50253a96dee532a7c4030f9daa92599271e4c0692efc8e58f669205bbcedf0ddf1f51f1e5753260ad39f6e0a5e6f85d5d24b3c5b3a20114c4c,hindi_griffinlim_eval_final/real_hindi/hindi_real_0513.wav,1,3.456,5.9449872970581055,-7.6272125244140625,rms_matched,False
513,42dbccb16fa1ce50253a96dee532a7c4030f9daa92599271e4c0692efc8e58f669205bbcedf0ddf1f51f1e5753260ad39f6e0a5e6f85d5d24b3c5b3a20114c4c,hindi_griffinlim_eval_final/fake_hindi_griffinlim/hindi_fake_0513.wav,0,3.456,-0.6034904718399048,1.1158382892608643,rms_matched,False
514,60b2daa4cda30b5320834f3c2d21ea1841b52ccd7bf7ed4689f3ff27ca59c3323707c95e9a17bea4082356c576bbc3f17a00106134240f3632529b329fc1e62a,hindi_griffinlim_eval_final/real_hindi/hindi_real_0514.wav,1,7.956,1.0503509044647217,-1.683957576751709,rms_matched,False
514,60b2daa4cda30b5320834f3c2d21ea1841b52ccd7bf7ed4689f3ff27ca59c3323707c95e9a17bea4082356c576bbc3f17a00106134240f3632529b329fc1e62a,hindi_griffinlim_eval_final/fake_hindi_griffinlim/hindi_fake_0514.wav,0,7.956,-2.4610471725463867,3.17018461227417,rms_matched,False
515,7a089d86c2c82f061df264f419453e3740e2a7e030b13163f8802012baaa04bb35130896e3ee83c688d07bce1c74d40e83dabdca6a911dc25d15f97ebb75b7e4,hindi_griffinlim_eval_final/real_hindi/hindi_real_0515.wav,1,6.408,2.5332283973693848,-3.0475707054138184,rms_matched,False
515,7a089d86c2c82f061df264f419453e3740e2a7e030b13163f8802012baaa04bb35130896e3ee83c688d07bce1c74d40e83dabdca6a911dc25d15f97ebb75b7e4,hindi_griffinlim_eval_final/fake_hindi_griffinlim/hindi_fake_0515.wav,0,6.408,-2.792379379272461,3.5967748165130615,rms_matched,False
516,43bc745f9a7b6bd69a6cf5af88d6d8a31436266533dfa04def07f906d4fd43867f88a11badb4e6b57aefd010b66136392f98b79281d97eebcad6333be3d07cb2,hindi_griffinlim_eval_final/real_hindi/hindi_real_0516.wav,1,4.212,4.203441619873047,-5.269505023956299,rms_matched,False
516,43bc745f9a7b6bd69a6cf5af88d6d8a31436266533dfa04def07f906d4fd43867f88a11badb4e6b57aefd010b66136392f98b79281d97eebcad6333be3d07cb2,hindi_griffinlim_eval_final/fake_hindi_griffinlim/hindi_fake_0516.wav,0,4.212,4.812260627746582,-5.8776445388793945,rms_matched,False
517,74751bae9cd9bc9a9c005dce39ee035a3d1a201afb6bc83523226793b7fa2526d2c29ccebaaee7bcc6af9949646ae1bde77eade6fcec218564391c06e0ec86d3,hindi_griffinlim_eval_final/real_hindi/hindi_real_0517.wav,1,7.2,5.751105308532715,-7.425431251525879,rms_matched,False
517,74751bae9cd9bc9a9c005dce39ee035a3d1a201afb6bc83523226793b7fa2526d2c29ccebaaee7bcc6af9949646ae1bde77eade6fcec218564391c06e0ec86d3,hindi_griffinlim_eval_final/fake_hindi_griffinlim/hindi_fake_0517.wav,0,7.2,5.612166404724121,-7.120375633239746,rms_matched,False
518,9564825a0829d21edd512e0523b3dccf946f9cd0f8b90c2589961c1867f2100b337df3df56dcee0dbdc7b4f23de4dc7d2af884dea2f7a3f6a3f3dc081879acfa,hindi_griffinlim_eval_final/real_hindi/hindi_real_0518.wav,1,6.948,5.931997776031494,-7.610356330871582,rms_matched,False
518,9564825a0829d21edd512e0523b3dccf946f9cd0f8b90c2589961c1867f2100b337df3df56dcee0dbdc7b4f23de4dc7d2af884dea2f7a3f6a3f3dc081879acfa,hindi_griffinlim_eval_final/fake_hindi_griffinlim/hindi_fake_0518.wav,0,6.948,4.931699275970459,-6.179751873016357,rms_matched,False
519,46369e01baf2553b6269322ed95fc7afe1865c88e5f462390a20e35e6af12cc97960c4874ecda585cb422e132fee3f04da4f91fa41175b3b36d9bc7d7033edf1,hindi_griffinlim_eval_final/real_hindi/hindi_real_0519.wav,1,7.56,0.5171958804130554,-0.47967857122421265,rms_matched,False
519,46369e01baf2553b6269322ed95fc7afe1865c88e5f462390a20e35e6af12cc97960c4874ecda585cb422e132fee3f04da4f91fa41175b3b36d9bc7d7033edf1,hindi_griffinlim_eval_final/fake_hindi_griffinlim/hindi_fake_0519.wav,0,7.56,-1.6222314834594727,2.4101970195770264,rms_matched,False
520,b9854a362f9f2796f98c3105310553f5d5b1d2aea5f247080a0d9ab5d329ac51e5e519bad74bd68b022867bb103a42741c9523a32ce80c3a4ac8ed64c4bde957,hindi_griffinlim_eval_final/real_hindi/hindi_real_0520.wav,1,3.864,-1.2482601404190063,1.7729471921920776,rms_matched,False
520,b9854a362f9f2796f98c3105310553f5d5b1d2aea5f247080a0d9ab5d329ac51e5e519bad74bd68b022867bb103a42741c9523a32ce80c3a4ac8ed64c4bde957,hindi_griffinlim_eval_final/fake_hindi_griffinlim/hindi_fake_0520.wav,0,3.864,-0.5615730881690979,1.160420298576355,rms_matched,False
521,b3a9d00791dae63b944756627fdb96c21c53f4d69beef3a56780607d83e56d0a6faf52d5d704c925bb323f8b2c9a168a87c2cd94fcc3d3abf6b034c9e7f5cd77,hindi_griffinlim_eval_final/real_hindi/hindi_real_0521.wav,1,2.256,5.018627643585205,-6.512793064117432,rms_matched,False
521,b3a9d00791dae63b944756627fdb96c21c53f4d69beef3a56780607d83e56d0a6faf52d5d704c925bb323f8b2c9a168a87c2cd94fcc3d3abf6b034c9e7f5cd77,hindi_griffinlim_eval_final/fake_hindi_griffinlim/hindi_fake_0521.wav,0,2.256,0.4395678639411926,-0.9317759871482849,rms_matched,False
522,949d46bd8792e08b2ee6c5736df551c23a26e45db1306d71836317cfc115ff4cf71da8164c9063aeefd98bd8c12626dbe22b79a07420d6fe8317fb6fc9fa368b,hindi_griffinlim_eval_final/real_hindi/hindi_real_0522.wav,1,6.588,5.318159580230713,-6.830799579620361,rms_matched,False
522,949d46bd8792e08b2ee6c5736df551c23a26e45db1306d71836317cfc115ff4cf71da8164c9063aeefd98bd8c12626dbe22b79a07420d6fe8317fb6fc9fa368b,hindi_griffinlim_eval_final/fake_hindi_griffinlim/hindi_fake_0522.wav,0,6.588,5.764593601226807,-7.417431831359863,rms_matched,False
523,79741f3153a904c0ddeb1d81d69b137d61adb2a3f1c8ea30fd32a88a4f7028bbb73f1515f3cac14ad147b8c1845846d96d9333173f71677d207b7ff1357a37c5,hindi_griffinlim_eval_final/real_hindi/hindi_real_0523.wav,1,3.864,6.277541160583496,-8.24917221069336,rms_matched,False
523,79741f3153a904c0ddeb1d81d69b137d61adb2a3f1c8ea30fd32a88a4f7028bbb73f1515f3cac14ad147b8c1845846d96d9333173f71677d207b7ff1357a37c5,hindi_griffinlim_eval_final/fake_hindi_griffinlim/hindi_fake_0523.wav,0,3.864,0.2840014100074768,-0.5657719373703003,rms_matched,False
524,d39d516dfccbf4297a953030579625b84d76314cdd257472c46f3116b9f0238183eaa531151e2a8bd4968015c10fb293e815f5a2c36475f899e88f5ed90676ea,hindi_griffinlim_eval_final/real_hindi/hindi_real_0524.wav,1,5.688,2.3427605628967285,-3.0376081466674805,rms_matched,False
524,d39d516dfccbf4297a953030579625b84d76314cdd257472c46f3116b9f0238183eaa531151e2a8bd4968015c10fb293e815f5a2c36475f899e88f5ed90676ea,hindi_griffinlim_eval_final/fake_hindi_griffinlim/hindi_fake_0524.wav,0,5.688,-0.5591999292373657,0.7268845438957214,rms_matched,False
525,c127090a8261671f4e68cc31639996579099a014bbd65dc05c580ea8961637ae6978ac28c265bbba5145400258f062bf70f582aac610a13525cacf73579563bd,hindi_griffinlim_eval_final/real_hindi/hindi_real_0525.wav,1,6.3,-1.3924254179000854,1.839070439338684,rms_matched,False
525,c127090a8261671f4e68cc31639996579099a014bbd65dc05c580ea8961637ae6978ac28c265bbba5145400258f062bf70f582aac610a13525cacf73579563bd,hindi_griffinlim_eval_final/fake_hindi_griffinlim/hindi_fake_0525.wav,0,6.3,-5.699585914611816,6.517645359039307,rms_matched,False
526,fb9238da4a8e2de73d33aea159760300d3ec17f24329ad1fd35ab53c3d452ac1fa903c1488c73bf0daeb50763d260efbf7fcf79c1453a1558722a64e0a69afbe,hindi_griffinlim_eval_final/real_hindi/hindi_real_0526.wav,1,7.236,4.255795478820801,-5.3549346923828125,rms_matched,False
526,fb9238da4a8e2de73d33aea159760300d3ec17f24329ad1fd35ab53c3d452ac1fa903c1488c73bf0daeb50763d260efbf7fcf79c1453a1558722a64e0a69afbe,hindi_griffinlim_eval_final/fake_hindi_griffinlim/hindi_fake_0526.wav,0,7.236,-0.6396177411079407,0.9607765674591064,rms_matched,False
527,78014d1d0043184446ff0c083c8868966598975e5daebb9725dc92f60fa5c8d06ce1bb84b84760f14d38217866e6bde176419a1bd9e5f166429d74168b3dd926,hindi_griffinlim_eval_final/real_hindi/hindi_real_0527.wav,1,5.976,3.003023624420166,-3.6770520210266113,rms_matched,False
527,78014d1d0043184446ff0c083c8868966598975e5daebb9725dc92f60fa5c8d06ce1bb84b84760f14d38217866e6bde176419a1bd9e5f166429d74168b3dd926,hindi_griffinlim_eval_final/fake_hindi_griffinlim/hindi_fake_0527.wav,0,5.976,0.1647326797246933,-0.10474248230457306,rms_matched,False
528,2de3db24e998f00d734a8da3c51f592d40cdff55dfae3f290f4b0ef2e1acb63313eba952692afa76afcc1912d4c5fbd103d7bc838757a2bd55293827e758500e,hindi_griffinlim_eval_final/real_hindi/hindi_real_0528.wav,1,4.068,4.306754112243652,-5.465616703033447,rms_matched,False
528,2de3db24e998f00d734a8da3c51f592d40cdff55dfae3f290f4b0ef2e1acb63313eba952692afa76afcc1912d4c5fbd103d7bc838757a2bd55293827e758500e,hindi_griffinlim_eval_final/fake_hindi_griffinlim/hindi_fake_0528.wav,0,4.068,2.1527116298675537,-2.7828948497772217,rms_matched,False
529,b3384290eb1959d422480362d83e5209c28470116f7c5b10b0306ace4c6c34fec56325a07bec155e841663e775d0573922c4e90dd59bad4795f5d75530c6732e,hindi_griffinlim_eval_final/real_hindi/hindi_real_0529.wav,1,7.056,4.167318344116211,-5.292137622833252,rms_matched,False
529,b3384290eb1959d422480362d83e5209c28470116f7c5b10b0306ace4c6c34fec56325a07bec155e841663e775d0573922c4e90dd59bad4795f5d75530c6732e,hindi_griffinlim_eval_final/fake_hindi_griffinlim/hindi_fake_0529.wav,0,7.056,-0.5001606941223145,0.8017111420631409,rms_matched,False
530,aae384c088b18eed8da9fe141de09f584054ad55ee2a6514c682c1bd425784ed886c928e35a66fa611ccad98b44274839b2b5f7c3fe678e1c8740cfc90389187,hindi_griffinlim_eval_final/real_hindi/hindi_real_0530.wav,1,2.808,0.27483901381492615,-0.26329949498176575,rms_matched,False
530,aae384c088b18eed8da9fe141de09f584054ad55ee2a6514c682c1bd425784ed886c928e35a66fa611ccad98b44274839b2b5f7c3fe678e1c8740cfc90389187,hindi_griffinlim_eval_final/fake_hindi_griffinlim/hindi_fake_0530.wav,0,2.808,-4.452116012573242,5.271322250366211,rms_matched,False
531,13cef0dba059a4aa0064866e51ca703ad2552c2645eb99722846129b96051db0f22a99235faf822876c13bd3f02e86f138d6a0413f980cf028f54c5fdc58b9b9,hindi_griffinlim_eval_final/real_hindi/hindi_real_0531.wav,1,4.14,4.714320182800293,-6.005221366882324,rms_matched,False
531,13cef0dba059a4aa0064866e51ca703ad2552c2645eb99722846129b96051db0f22a99235faf822876c13bd3f02e86f138d6a0413f980cf028f54c5fdc58b9b9,hindi_griffinlim_eval_final/fake_hindi_griffinlim/hindi_fake_0531.wav,0,4.14,-0.615419864654541,0.9326385855674744,rms_matched,False
532,55facf37cfec7564d08860906bdb688d9e2c45d7ac50a054dcc66778b3b1a10a9489051097f6fe9232742597187752dc71f4f0432aa771771721c259ff4324c7,hindi_griffinlim_eval_final/real_hindi/hindi_real_0532.wav,1,4.86,-0.07949697971343994,-0.09258489310741425,rms_matched,False
532,55facf37cfec7564d08860906bdb688d9e2c45d7ac50a054dcc66778b3b1a10a9489051097f6fe9232742597187752dc71f4f0432aa771771721c259ff4324c7,hindi_griffinlim_eval_final/fake_hindi_griffinlim/hindi_fake_0532.wav,0,4.86,-5.492400646209717,6.208148956298828,rms_matched,False
533,5a2a681a4af95b92777b6adcd74644a5291136b27678f3afb168b9ebcc348031ce19ae24e738331ee6e5e5e54f6c4c560d455f898f348ad11957ec799c28fe59,hindi_griffinlim_eval_final/real_hindi/hindi_real_0533.wav,1,5.796,5.904733657836914,-7.524058818817139,rms_matched,False
533,5a2a681a4af95b92777b6adcd74644a5291136b27678f3afb168b9ebcc348031ce19ae24e738331ee6e5e5e54f6c4c560d455f898f348ad11957ec799c28fe59,hindi_griffinlim_eval_final/fake_hindi_griffinlim/hindi_fake_0533.wav,0,5.796,-4.2722249031066895,5.049684524536133,rms_matched,False
534,16c775b5ac1a75459692a8e2c553ec084df96439cf53c5129ce1e5c20a9a04d3ed23204cf582fe74c9dc12a473fb3072139ea313cee5ce51c0d17acf8cd16333,hindi_griffinlim_eval_final/real_hindi/hindi_real_0534.wav,1,5.148,3.644000291824341,-4.546020030975342,rms_matched,False
534,16c775b5ac1a75459692a8e2c553ec084df96439cf53c5129ce1e5c20a9a04d3ed23204cf582fe74c9dc12a473fb3072139ea313cee5ce51c0d17acf8cd16333,hindi_griffinlim_eval_final/fake_hindi_griffinlim/hindi_fake_0534.wav,0,5.148,-0.17827460169792175,0.5161900520324707,rms_matched,False
535,0f018a99663f33afbb7d38aee281fb1afcfd07f9e7acd00383f604e1e17c38d6ed8adf1bd2ccbf927a52c5adefb8ac4b158ce27a7c2ed9581e71202eb302dfb3,hindi_griffinlim_eval_final/real_hindi/hindi_real_0535.wav,1,5.292,1.3103660345077515,-1.7812347412109375,rms_matched,False
535,0f018a99663f33afbb7d38aee281fb1afcfd07f9e7acd00383f604e1e17c38d6ed8adf1bd2ccbf927a52c5adefb8ac4b158ce27a7c2ed9581e71202eb302dfb3,hindi_griffinlim_eval_final/fake_hindi_griffinlim/hindi_fake_0535.wav,0,5.292,-5.745281219482422,6.551987171173096,rms_matched,False
536,c7a77aac9398049c593a06e3bde552061eb033612d2266a548202cc8790a06dd5c5c4fb002e8013ef38f94abed95b3bea0e56c4cb6aa8deecf7c63373764826d,hindi_griffinlim_eval_final/real_hindi/hindi_real_0536.wav,1,3.888,-4.777944087982178,5.718138694763184,rms_matched,False
536,c7a77aac9398049c593a06e3bde552061eb033612d2266a548202cc8790a06dd5c5c4fb002e8013ef38f94abed95b3bea0e56c4cb6aa8deecf7c63373764826d,hindi_griffinlim_eval_final/fake_hindi_griffinlim/hindi_fake_0536.wav,0,3.888,-1.1279481649398804,1.7251436710357666,rms_matched,False
537,e1687c2dade4c9e56bf74181a1c6eabd5d85fb05e2ded2d7f443e3cdf646f19b835db4fd303c73f3b7e94b0d03f6d27c4429abdaf1a56ee81e35ee7bc67bc67c,hindi_griffinlim_eval_final/real_hindi/hindi_real_0537.wav,1,5.076,5.125952243804932,-6.670590400695801,rms_matched,False
537,e1687c2dade4c9e56bf74181a1c6eabd5d85fb05e2ded2d7f443e3cdf646f19b835db4fd303c73f3b7e94b0d03f6d27c4429abdaf1a56ee81e35ee7bc67bc67c,hindi_griffinlim_eval_final/fake_hindi_griffinlim/hindi_fake_0537.wav,0,5.076,6.014177322387695,-7.791808605194092,rms_matched,False
538,80d92595b38c164010ef7313465d16463f2c96fa6fc022b2e01e189d36b259ca8c60d34dedd33eb9e2efc010529edd502641106737ba607a53218e01e86be40a,hindi_griffinlim_eval_final/real_hindi/hindi_real_0538.wav,1,5.076,-0.7501407265663147,1.1677336692810059,rms_matched,False
538,80d92595b38c164010ef7313465d16463f2c96fa6fc022b2e01e189d36b259ca8c60d34dedd33eb9e2efc010529edd502641106737ba607a53218e01e86be40a,hindi_griffinlim_eval_final/fake_hindi_griffinlim/hindi_fake_0538.wav,0,5.076,-3.5548622608184814,4.41812801361084,rms_matched,False
539,c1edd0ef566e809ba01bf1a3011df6cd0fbf6a1675ba8002e671dd7b16588ea30ff434c78aaae27b190d16c6d7bd32bdd4a6b1ca631c0b3f819e807b3cdef585,hindi_griffinlim_eval_final/real_hindi/hindi_real_0539.wav,1,2.808,-0.22643522918224335,0.29335901141166687,rms_matched,False
539,c1edd0ef566e809ba01bf1a3011df6cd0fbf6a1675ba8002e671dd7b16588ea30ff434c78aaae27b190d16c6d7bd32bdd4a6b1ca631c0b3f819e807b3cdef585,hindi_griffinlim_eval_final/fake_hindi_griffinlim/hindi_fake_0539.wav,0,2.808,6.704456806182861,-8.763917922973633,rms_matched,False
540,311217067d55b7cce037852182d16a8e446e955f838c22ea621a12cf2d0fcb73cef39d58af1b90b48bc6a39e94534cd5781370c0e4affc028225fa2b2f7029f0,hindi_griffinlim_eval_final/real_hindi/hindi_real_0540.wav,1,2.88,-3.317972421646118,4.001522541046143,rms_matched,False
540,311217067d55b7cce037852182d16a8e446e955f838c22ea621a12cf2d0fcb73cef39d58af1b90b48bc6a39e94534cd5781370c0e4affc028225fa2b2f7029f0,hindi_griffinlim_eval_final/fake_hindi_griffinlim/hindi_fake_0540.wav,0,2.88,0.3569609522819519,-0.3948945701122284,rms_matched,False
541,5e46ac50eb1d862c9c16cabb7768b1b412ed7ec5a51e13e22953cbb21d43c30f5addea8f5b6797634a95c8140661feb46f36a8e68d9968dc8452c0ac88af7e59,hindi_griffinlim_eval_final/real_hindi/hindi_real_0541.wav,1,2.664,0.533411979675293,-1.2665150165557861,rms_matched,False
541,5e46ac50eb1d862c9c16cabb7768b1b412ed7ec5a51e13e22953cbb21d43c30f5addea8f5b6797634a95c8140661feb46f36a8e68d9968dc8452c0ac88af7e59,hindi_griffinlim_eval_final/fake_hindi_griffinlim/hindi_fake_0541.wav,0,2.664,-2.618652582168579,3.4741287231445312,rms_matched,False
542,0e97e303991e6646c845049579a4bea7a25ea775f6b8b44a09e0efd0ae9661ec984c393c92d2522e3158c8b0ca206ad60fd9e136713e18c21dffd72811a88b88,hindi_griffinlim_eval_final/real_hindi/hindi_real_0542.wav,1,7.308,4.963957786560059,-6.194104194641113,rms_matched,False
542,0e97e303991e6646c845049579a4bea7a25ea775f6b8b44a09e0efd0ae9661ec984c393c92d2522e3158c8b0ca206ad60fd9e136713e18c21dffd72811a88b88,hindi_griffinlim_eval_final/fake_hindi_griffinlim/hindi_fake_0542.wav,0,7.308,-1.7050648927688599,2.41636323928833,rms_matched,False
543,e811478820937736d1074ae0c51bf72791cd1029b63b639e8dd3ab8f6d8ce46e9eed447dd3edfeca171695425e9496970dbbe5f3cb9b07cba7fed66459eff2c3,hindi_griffinlim_eval_final/real_hindi/hindi_real_0543.wav,1,4.608,0.6326470375061035,-0.8680387139320374,rms_matched,False
543,e811478820937736d1074ae0c51bf72791cd1029b63b639e8dd3ab8f6d8ce46e9eed447dd3edfeca171695425e9496970dbbe5f3cb9b07cba7fed66459eff2c3,hindi_griffinlim_eval_final/fake_hindi_griffinlim/hindi_fake_0543.wav,0,4.608,-0.1976819485425949,0.29524412751197815,rms_matched,False
544,f46c93c748a0c35594f074957a1b3ee72c090d5d18df96adad96f0ce2b54206b31c17b71d8553a83b3e053869270a1823fdc46be2f35cb0fd9f65d05cf8c568e,hindi_griffinlim_eval_final/real_hindi/hindi_real_0544.wav,1,7.416,0.2257322072982788,-0.3823300004005432,rms_matched,False
544,f46c93c748a0c35594f074957a1b3ee72c090d5d18df96adad96f0ce2b54206b31c17b71d8553a83b3e053869270a1823fdc46be2f35cb0fd9f65d05cf8c568e,hindi_griffinlim_eval_final/fake_hindi_griffinlim/hindi_fake_0544.wav,0,7.416,-0.237444207072258,0.6886782646179199,rms_matched,False
545,0a7f98f856cff63c03fcd05e03e181c17ce5d6545037394992a6f0afe1ed3716ef537d63a1e24a45ffc22233c24ee08fdec3372afad0b4389efc86ce4e7dee2c,hindi_griffinlim_eval_final/real_hindi/hindi_real_0545.wav,1,6.876,-2.1256465911865234,2.5468549728393555,rms_matched,False
545,0a7f98f856cff63c03fcd05e03e181c17ce5d6545037394992a6f0afe1ed3716ef537d63a1e24a45ffc22233c24ee08fdec3372afad0b4389efc86ce4e7dee2c,hindi_griffinlim_eval_final/fake_hindi_griffinlim/hindi_fake_0545.wav,0,6.876,-2.9298744201660156,3.554872989654541,rms_matched,False
546,d39d516dfccbf4297a953030579625b84d76314cdd257472c46f3116b9f0238183eaa531151e2a8bd4968015c10fb293e815f5a2c36475f899e88f5ed90676ea,hindi_griffinlim_eval_final/real_hindi/hindi_real_0546.wav,1,6.876,3.722534656524658,-4.738757133483887,rms_matched,False
546,d39d516dfccbf4297a953030579625b84d76314cdd257472c46f3116b9f0238183eaa531151e2a8bd4968015c10fb293e815f5a2c36475f899e88f5ed90676ea,hindi_griffinlim_eval_final/fake_hindi_griffinlim/hindi_fake_0546.wav,0,6.876,-0.14143775403499603,0.13240142166614532,rms_matched,False
547,60b2daa4cda30b5320834f3c2d21ea1841b52ccd7bf7ed4689f3ff27ca59c3323707c95e9a17bea4082356c576bbc3f17a00106134240f3632529b329fc1e62a,hindi_griffinlim_eval_final/real_hindi/hindi_real_0547.wav,1,6.408,-0.8557115793228149,1.2265610694885254,rms_matched,False
547,60b2daa4cda30b5320834f3c2d21ea1841b52ccd7bf7ed4689f3ff27ca59c3323707c95e9a17bea4082356c576bbc3f17a00106134240f3632529b329fc1e62a,hindi_griffinlim_eval_final/fake_hindi_griffinlim/hindi_fake_0547.wav,0,6.408,-2.2477712631225586,3.0082969665527344,rms_matched,False
548,4d52efb85f43252b4fa0af3ad7d8890f17e05c834b40f81b03d9f240ca3117bd7db0c1aa0bbdfc8844a852050c37a5d8911082669f388a4572d8971f41ed26e3,hindi_griffinlim_eval_final/real_hindi/hindi_real_0548.wav,1,5.796,2.2462334632873535,-2.998769760131836,rms_matched,False
548,4d52efb85f43252b4fa0af3ad7d8890f17e05c834b40f81b03d9f240ca3117bd7db0c1aa0bbdfc8844a852050c37a5d8911082669f388a4572d8971f41ed26e3,hindi_griffinlim_eval_final/fake_hindi_griffinlim/hindi_fake_0548.wav,0,5.796,-2.572803020477295,3.2943546772003174,rms_matched,False
549,32bf5ca000a1d646bb2e636e32c4bd507750c204271ab585b1e9fab7d08103c7e07825bdb376119fdef205be82f6e81766655dd5590cc21ec598b79a5c18e45f,hindi_griffinlim_eval_final/real_hindi/hindi_real_0549.wav,1,4.716,0.27255067229270935,-0.40760958194732666,rms_matched,False
549,32bf5ca000a1d646bb2e636e32c4bd507750c204271ab585b1e9fab7d08103c7e07825bdb376119fdef205be82f6e81766655dd5590cc21ec598b79a5c18e45f,hindi_griffinlim_eval_final/fake_hindi_griffinlim/hindi_fake_0549.wav,0,4.716,4.4275970458984375,-5.443902969360352,rms_matched,False
550,66a88b75ea15aaa9fb4c1df2cbe47bb9c4ab8413fc8ce00c0e57e575c654fb438f8e904a08fd98bcd999bce1172284461b746308609836e75916aa7cf8c2a2d4,hindi_griffinlim_eval_final/real_hindi/hindi_real_0550.wav,1,5.076,-1.5040017366409302,2.1532294750213623,rms_matched,False
550,66a88b75ea15aaa9fb4c1df2cbe47bb9c4ab8413fc8ce00c0e57e575c654fb438f8e904a08fd98bcd999bce1172284461b746308609836e75916aa7cf8c2a2d4,hindi_griffinlim_eval_final/fake_hindi_griffinlim/hindi_fake_0550.wav,0,5.076,6.454846382141113,-8.299736022949219,rms_matched,False
551,5910123d516315dfc2a43523d5cbc63444096a4cd38bb8b772155e3c51fb2f1eb673beaa1603de242ad8aa5dafe9d0ebd85a1c02bc6a7ee45e636585932306ae,hindi_griffinlim_eval_final/real_hindi/hindi_real_0551.wav,1,2.88,6.274796485900879,-8.121763229370117,rms_matched,False
551,5910123d516315dfc2a43523d5cbc63444096a4cd38bb8b772155e3c51fb2f1eb673beaa1603de242ad8aa5dafe9d0ebd85a1c02bc6a7ee45e636585932306ae,hindi_griffinlim_eval_final/fake_hindi_griffinlim/hindi_fake_0551.wav,0,2.88,7.0245680809021,-9.11806583404541,rms_matched,False
552,9492b0374bde3e9f6b0f2910f764eb837b8a3c261e9705422378ca4e59d7e977df84518e2169c11a238bf11cbd8477391bc51fdcf9134ad8216402b0cd5c37c6,hindi_griffinlim_eval_final/real_hindi/hindi_real_0552.wav,1,4.32,5.162174701690674,-6.541957855224609,rms_matched,False
552,9492b0374bde3e9f6b0f2910f764eb837b8a3c261e9705422378ca4e59d7e977df84518e2169c11a238bf11cbd8477391bc51fdcf9134ad8216402b0cd5c37c6,hindi_griffinlim_eval_final/fake_hindi_griffinlim/hindi_fake_0552.wav,0,4.32,-0.2052316516637802,-0.10781848430633545,rms_matched,False
553,8525f36954391ad7696abcf66c1383e5409d52980ebd2d7b1063cc48ed81ebd9f8cf3a8c257f079e986893cfa2455e4c832d04863c8fed7db4f4d5951ec34d1b,hindi_griffinlim_eval_final/real_hindi/hindi_real_0553.wav,1,5.688,5.021474838256836,-6.333138942718506,rms_matched,False
553,8525f36954391ad7696abcf66c1383e5409d52980ebd2d7b1063cc48ed81ebd9f8cf3a8c257f079e986893cfa2455e4c832d04863c8fed7db4f4d5951ec34d1b,hindi_griffinlim_eval_final/fake_hindi_griffinlim/hindi_fake_0553.wav,0,5.688,2.335991382598877,-2.8619441986083984,rms_matched,False
554,0a073b2441b86a13d80728f1a14413d473c4091d1053a3a53982f2c2698abb2a31f35efaefaad9b678d4cf8b27aecc058d4f664d005474a90b8af287ff58c303,hindi_griffinlim_eval_final/real_hindi/hindi_real_0554.wav,1,4.464,3.764549493789673,-4.728179454803467,rms_matched,False
554,0a073b2441b86a13d80728f1a14413d473c4091d1053a3a53982f2c2698abb2a31f35efaefaad9b678d4cf8b27aecc058d4f664d005474a90b8af287ff58c303,hindi_griffinlim_eval_final/fake_hindi_griffinlim/hindi_fake_0554.wav,0,4.464,-0.30397316813468933,0.6348539590835571,rms_matched,False
555,0303022c144407f09d8f97be16ba6f2c41ac249e162b24f7d213f0c8a10c4235a4dbd0f53c4d6bcd674ea939898fa29d241a0c183c8f8b5963f55ea5a5327379,hindi_griffinlim_eval_final/real_hindi/hindi_real_0555.wav,1,4.968,5.799912929534912,-7.542659759521484,rms_matched,False
555,0303022c144407f09d8f97be16ba6f2c41ac249e162b24f7d213f0c8a10c4235a4dbd0f53c4d6bcd674ea939898fa29d241a0c183c8f8b5963f55ea5a5327379,hindi_griffinlim_eval_final/fake_hindi_griffinlim/hindi_fake_0555.wav,0,4.968,1.4627723693847656,-1.9269750118255615,rms_matched,False
556,f80e8e7256ea5492f4348976b84ada48d5eb23b88fcdf8d91416a71dd893fe5b04b8d3499d1f7b32520a99532ccf8246cf21e077ae08b65d5d16f4edd11601dc,hindi_griffinlim_eval_final/real_hindi/hindi_real_0556.wav,1,4.968,-0.49243730306625366,0.7977238893508911,rms_matched,False
556,f80e8e7256ea5492f4348976b84ada48d5eb23b88fcdf8d91416a71dd893fe5b04b8d3499d1f7b32520a99532ccf8246cf21e077ae08b65d5d16f4edd11601dc,hindi_griffinlim_eval_final/fake_hindi_griffinlim/hindi_fake_0556.wav,0,4.968,6.809511184692383,-8.760900497436523,rms_matched,False
557,2312b0d85bd1eb1a017264abf770df086e10cec218cf1ab48b90f9d7f621d8ae8372b07338224060fcac6cfb337fcfcb6966c160942f9fcec4c67e7f5df44520,hindi_griffinlim_eval_final/real_hindi/hindi_real_0557.wav,1,6.156,-3.961090087890625,4.493742942810059,peak_normalized,True
557,2312b0d85bd1eb1a017264abf770df086e10cec218cf1ab48b90f9d7f621d8ae8372b07338224060fcac6cfb337fcfcb6966c160942f9fcec4c67e7f5df44520,hindi_griffinlim_eval_final/fake_hindi_griffinlim/hindi_fake_0557.wav,0,6.156,-5.075601577758789,5.8488593101501465,peak_normalized,True
558,a77463c4923319faa0aa9e316c75a0c0b8b57506ca68d5ae159872b937710f58e5559c8f319e0d9b23c3c80f7bff29a739634859ac38c3cb38e1f278cc7d4b97,hindi_griffinlim_eval_final/real_hindi/hindi_real_0558.wav,1,6.012,-0.8607295155525208,1.319551706314087,rms_matched,False
558,a77463c4923319faa0aa9e316c75a0c0b8b57506ca68d5ae159872b937710f58e5559c8f319e0d9b23c3c80f7bff29a739634859ac38c3cb38e1f278cc7d4b97,hindi_griffinlim_eval_final/fake_hindi_griffinlim/hindi_fake_0558.wav,0,6.012,6.035544395446777,-7.8533711433410645,rms_matched,False
559,c88824395561074e0eb0ebc1280d4866dbc29f01c026899e205a1db558ba1be8d683a10dc5e1f8117571ea0794f699ebe359e833d714ad66942a429a2112a5a6,hindi_griffinlim_eval_final/real_hindi/hindi_real_0559.wav,1,5.616,5.778529644012451,-7.401455402374268,rms_matched,False
559,c88824395561074e0eb0ebc1280d4866dbc29f01c026899e205a1db558ba1be8d683a10dc5e1f8117571ea0794f699ebe359e833d714ad66942a429a2112a5a6,hindi_griffinlim_eval_final/fake_hindi_griffinlim/hindi_fake_0559.wav,0,5.616,6.727602481842041,-8.651927947998047,rms_matched,False
560,d002200225d5b38de9dd8b95e9fb77c24724f8a56ee0b31f6ee2260b5636a1e23c0fadcae1156f88b703128798bd749901930f35e839ea2a2bb2bcb8afe5cc74,hindi_griffinlim_eval_final/real_hindi/hindi_real_0560.wav,1,6.12,3.2812061309814453,-3.9850950241088867,rms_matched,False
560,d002200225d5b38de9dd8b95e9fb77c24724f8a56ee0b31f6ee2260b5636a1e23c0fadcae1156f88b703128798bd749901930f35e839ea2a2bb2bcb8afe5cc74,hindi_griffinlim_eval_final/fake_hindi_griffinlim/hindi_fake_0560.wav,0,6.12,-4.867355823516846,5.554757595062256,rms_matched,False
561,f46c93c748a0c35594f074957a1b3ee72c090d5d18df96adad96f0ce2b54206b31c17b71d8553a83b3e053869270a1823fdc46be2f35cb0fd9f65d05cf8c568e,hindi_griffinlim_eval_final/real_hindi/hindi_real_0561.wav,1,3.528,1.7812069654464722,-2.586878776550293,rms_matched,False
561,f46c93c748a0c35594f074957a1b3ee72c090d5d18df96adad96f0ce2b54206b31c17b71d8553a83b3e053869270a1823fdc46be2f35cb0fd9f65d05cf8c568e,hindi_griffinlim_eval_final/fake_hindi_griffinlim/hindi_fake_0561.wav,0,3.528,-0.4138084948062897,0.9925133585929871,rms_matched,False
562,d002200225d5b38de9dd8b95e9fb77c24724f8a56ee0b31f6ee2260b5636a1e23c0fadcae1156f88b703128798bd749901930f35e839ea2a2bb2bcb8afe5cc74,hindi_griffinlim_eval_final/real_hindi/hindi_real_0562.wav,1,6.516,-2.2666335105895996,2.850376844406128,rms_matched,False
562,d002200225d5b38de9dd8b95e9fb77c24724f8a56ee0b31f6ee2260b5636a1e23c0fadcae1156f88b703128798bd749901930f35e839ea2a2bb2bcb8afe5cc74,hindi_griffinlim_eval_final/fake_hindi_griffinlim/hindi_fake_0562.wav,0,6.516,-5.596953392028809,6.433011054992676,rms_matched,False
563,1963c5f396b43a02ea6a7cf2cacaafb042bfe53209c711d2325e2e4cfd7185370746e463b5ceb83f9ac807e048b8891b494db95e3bd7eccfbef896877eea9bbc,hindi_griffinlim_eval_final/real_hindi/hindi_real_0563.wav,1,2.916,1.782450795173645,-2.2250571250915527,rms_matched,False
563,1963c5f396b43a02ea6a7cf2cacaafb042bfe53209c711d2325e2e4cfd7185370746e463b5ceb83f9ac807e048b8891b494db95e3bd7eccfbef896877eea9bbc,hindi_griffinlim_eval_final/fake_hindi_griffinlim/hindi_fake_0563.wav,0,2.916,3.2563464641571045,-3.9850282669067383,rms_matched,False
564,806c8f1750366fd789fd41da89a86157e07cc51bb8aae5e3e963abd25d659afa282b2d5d1ae80d08eb78bcbf88984ac5b1c10bb62f2582cdaa48774594e5b746,hindi_griffinlim_eval_final/real_hindi/hindi_real_0564.wav,1,6.408,5.065305709838867,-6.40792179107666,rms_matched,False
564,806c8f1750366fd789fd41da89a86157e07cc51bb8aae5e3e963abd25d659afa282b2d5d1ae80d08eb78bcbf88984ac5b1c10bb62f2582cdaa48774594e5b746,hindi_griffinlim_eval_final/fake_hindi_griffinlim/hindi_fake_0564.wav,0,6.408,-0.4211840331554413,0.8636125326156616,rms_matched,False
565,cea40007071ea914e41633e74d05142fd1f5f8f49c154534816017cf89ce625657c804fe479fe87c08854ecd847697d6ca0fb6bcf424006c307f65430c34785e,hindi_griffinlim_eval_final/real_hindi/hindi_real_0565.wav,1,5.364,2.5911054611206055,-3.2107274532318115,rms_matched,False
565,cea40007071ea914e41633e74d05142fd1f5f8f49c154534816017cf89ce625657c804fe479fe87c08854ecd847697d6ca0fb6bcf424006c307f65430c34785e,hindi_griffinlim_eval_final/fake_hindi_griffinlim/hindi_fake_0565.wav,0,5.364,0.5095999240875244,-0.6064491868019104,rms_matched,False
566,7326fd44da6109c89ec276b95f98ffd39047d49d7e1536130289a11dbfa602021daf12361b10c901a36586a3b2506e03697a0e6c20142cb527e312e04ac11aff,hindi_griffinlim_eval_final/real_hindi/hindi_real_0566.wav,1,4.68,3.112532138824463,-3.905653715133667,rms_matched,False
566,7326fd44da6109c89ec276b95f98ffd39047d49d7e1536130289a11dbfa602021daf12361b10c901a36586a3b2506e03697a0e6c20142cb527e312e04ac11aff,hindi_griffinlim_eval_final/fake_hindi_griffinlim/hindi_fake_0566.wav,0,4.68,4.099273681640625,-5.018594741821289,rms_matched,False
567,55facf37cfec7564d08860906bdb688d9e2c45d7ac50a054dcc66778b3b1a10a9489051097f6fe9232742597187752dc71f4f0432aa771771721c259ff4324c7,hindi_griffinlim_eval_final/real_hindi/hindi_real_0567.wav,1,5.4,-0.321382611989975,0.3882373869419098,rms_matched,False
567,55facf37cfec7564d08860906bdb688d9e2c45d7ac50a054dcc66778b3b1a10a9489051097f6fe9232742597187752dc71f4f0432aa771771721c259ff4324c7,hindi_griffinlim_eval_final/fake_hindi_griffinlim/hindi_fake_0567.wav,0,5.4,-5.399871349334717,6.165093421936035,rms_matched,False
568,b9e669f9010e60c988c15c6c357649706d91c33219725e9a2b12fe7903fa536fc8b34a51ea158f2ba92027617b4944a2514cfa7beb4249f26b23754403940006,hindi_griffinlim_eval_final/real_hindi/hindi_real_0568.wav,1,5.688,-1.2355278730392456,1.731648564338684,rms_matched,False
568,b9e669f9010e60c988c15c6c357649706d91c33219725e9a2b12fe7903fa536fc8b34a51ea158f2ba92027617b4944a2514cfa7beb4249f26b23754403940006,hindi_griffinlim_eval_final/fake_hindi_griffinlim/hindi_fake_0568.wav,0,5.688,-4.369025230407715,5.131231307983398,rms_matched,False
569,34e28668a9c620bcc5172c529794512391e8e08541348c8a084034b7d2648cd193246c3828994fdfb3422d558dfd427518de5b346849457179d617c215efd45e,hindi_griffinlim_eval_final/real_hindi/hindi_real_0569.wav,1,3.168,5.778059005737305,-7.549707889556885,rms_matched,False
569,34e28668a9c620bcc5172c529794512391e8e08541348c8a084034b7d2648cd193246c3828994fdfb3422d558dfd427518de5b346849457179d617c215efd45e,hindi_griffinlim_eval_final/fake_hindi_griffinlim/hindi_fake_0569.wav,0,3.168,5.862135887145996,-7.500065326690674,rms_matched,False
570,0663aeb40f5d5ea46610cac3ca0183f2193b429770c84b516efe7d199b8b110944005539d986613fdc9d6532694f43c3a8e4dfc9de8ae7bfbc8b57b412ef71dd,hindi_griffinlim_eval_final/real_hindi/hindi_real_0570.wav,1,7.056,-0.6827501058578491,0.7408826351165771,rms_matched,False
570,0663aeb40f5d5ea46610cac3ca0183f2193b429770c84b516efe7d199b8b110944005539d986613fdc9d6532694f43c3a8e4dfc9de8ae7bfbc8b57b412ef71dd,hindi_griffinlim_eval_final/fake_hindi_griffinlim/hindi_fake_0570.wav,0,7.056,-2.8045544624328613,3.6336092948913574,rms_matched,False
571,8c19c5b99c8b1ac2264eb9486484732c9d5ec2f0bcc679213d2b2d740efeec83673995013ff2ad72008fa9176ea0eedf32ea29d6b09e71426ac03b6026cff906,hindi_griffinlim_eval_final/real_hindi/hindi_real_0571.wav,1,4.968,4.391299247741699,-5.487706184387207,rms_matched,False
571,8c19c5b99c8b1ac2264eb9486484732c9d5ec2f0bcc679213d2b2d740efeec83673995013ff2ad72008fa9176ea0eedf32ea29d6b09e71426ac03b6026cff906,hindi_griffinlim_eval_final/fake_hindi_griffinlim/hindi_fake_0571.wav,0,4.968,-1.495578408241272,2.260815143585205,rms_matched,False
572,621e009fa43e75aecd867db6acd010a1a280b1faeb916e3a5e1a0bf8346fd32406c7ac120765bc592bf0484fcc239c756ead9625c64f9c6b3e9210bdf698995c,hindi_griffinlim_eval_final/real_hindi/hindi_real_0572.wav,1,5.4,5.215095520019531,-6.622139930725098,rms_matched,False
572,621e009fa43e75aecd867db6acd010a1a280b1faeb916e3a5e1a0bf8346fd32406c7ac120765bc592bf0484fcc239c756ead9625c64f9c6b3e9210bdf698995c,hindi_griffinlim_eval_final/fake_hindi_griffinlim/hindi_fake_0572.wav,0,5.4,-0.6363442540168762,1.1374711990356445,rms_matched,False
573,ec293248c910c28091014fec13d47bb69cc84f0b265ad0536d7e39390f3de510ab879fa3c23797defe85d8c846a4e148c971e28da6a90a647a9bc37eb03362bc,hindi_griffinlim_eval_final/real_hindi/hindi_real_0573.wav,1,4.176,6.027544975280762,-7.896605968475342,rms_matched,False
573,ec293248c910c28091014fec13d47bb69cc84f0b265ad0536d7e39390f3de510ab879fa3c23797defe85d8c846a4e148c971e28da6a90a647a9bc37eb03362bc,hindi_griffinlim_eval_final/fake_hindi_griffinlim/hindi_fake_0573.wav,0,4.176,-0.4843055009841919,1.1319221258163452,rms_matched,False
574,c88824395561074e0eb0ebc1280d4866dbc29f01c026899e205a1db558ba1be8d683a10dc5e1f8117571ea0794f699ebe359e833d714ad66942a429a2112a5a6,hindi_griffinlim_eval_final/real_hindi/hindi_real_0574.wav,1,4.284,5.859592914581299,-7.6021504402160645,rms_matched,False
574,c88824395561074e0eb0ebc1280d4866dbc29f01c026899e205a1db558ba1be8d683a10dc5e1f8117571ea0794f699ebe359e833d714ad66942a429a2112a5a6,hindi_griffinlim_eval_final/fake_hindi_griffinlim/hindi_fake_0574.wav,0,4.284,6.744335174560547,-8.780427932739258,rms_matched,False
575,cb191bbd6bef46c81c9d5a49421a071897ee938b184fb94525d71950769ff71a8e4c5380bac3087cf73f11082371a95a9e76e594ba58d9520d5892e39d9d167e,hindi_griffinlim_eval_final/real_hindi/hindi_real_0575.wav,1,4.248,3.444399356842041,-4.31871223449707,rms_matched,False
575,cb191bbd6bef46c81c9d5a49421a071897ee938b184fb94525d71950769ff71a8e4c5380bac3087cf73f11082371a95a9e76e594ba58d9520d5892e39d9d167e,hindi_griffinlim_eval_final/fake_hindi_griffinlim/hindi_fake_0575.wav,0,4.248,-3.2252588272094727,4.081753253936768,rms_matched,False
576,169afd68fa12674be328762c77fff1783f807dfc52a7f9b0ec599d77f5fb9bd8998ec8f9fea575f4bee8d86d2ea242a97ee6de9da1bf191f541113fd3c432206,hindi_griffinlim_eval_final/real_hindi/hindi_real_0576.wav,1,4.32,1.4402079582214355,-2.2777276039123535,rms_matched,False
576,169afd68fa12674be328762c77fff1783f807dfc52a7f9b0ec599d77f5fb9bd8998ec8f9fea575f4bee8d86d2ea242a97ee6de9da1bf191f541113fd3c432206,hindi_griffinlim_eval_final/fake_hindi_griffinlim/hindi_fake_0576.wav,0,4.32,-4.496151924133301,5.435646057128906,rms_matched,False
577,0663aeb40f5d5ea46610cac3ca0183f2193b429770c84b516efe7d199b8b110944005539d986613fdc9d6532694f43c3a8e4dfc9de8ae7bfbc8b57b412ef71dd,hindi_griffinlim_eval_final/real_hindi/hindi_real_0577.wav,1,5.04,0.294791042804718,-0.3664282262325287,rms_matched,False
577,0663aeb40f5d5ea46610cac3ca0183f2193b429770c84b516efe7d199b8b110944005539d986613fdc9d6532694f43c3a8e4dfc9de8ae7bfbc8b57b412ef71dd,hindi_griffinlim_eval_final/fake_hindi_griffinlim/hindi_fake_0577.wav,0,5.04,-0.7608520984649658,1.180496335029602,rms_matched,False
578,b3a9d00791dae63b944756627fdb96c21c53f4d69beef3a56780607d83e56d0a6faf52d5d704c925bb323f8b2c9a168a87c2cd94fcc3d3abf6b034c9e7f5cd77,hindi_griffinlim_eval_final/real_hindi/hindi_real_0578.wav,1,3.144,6.158334732055664,-7.827881813049316,rms_matched,False
578,b3a9d00791dae63b944756627fdb96c21c53f4d69beef3a56780607d83e56d0a6faf52d5d704c925bb323f8b2c9a168a87c2cd94fcc3d3abf6b034c9e7f5cd77,hindi_griffinlim_eval_final/fake_hindi_griffinlim/hindi_fake_0578.wav,0,3.144,-0.6509128212928772,1.252699375152588,rms_matched,False
579,aabd80b27714da5c6b5d4592a6f29f161db3cb06672ab14afb56eaf550ac0be0c14536ba5df7358621f018a4bc767c8c8477eaa4746830cf31ec4cdbcc2193fc,hindi_griffinlim_eval_final/real_hindi/hindi_real_0579.wav,1,6.3,-5.829069137573242,6.672903537750244,rms_matched,False
579,aabd80b27714da5c6b5d4592a6f29f161db3cb06672ab14afb56eaf550ac0be0c14536ba5df7358621f018a4bc767c8c8477eaa4746830cf31ec4cdbcc2193fc,hindi_griffinlim_eval_final/fake_hindi_griffinlim/hindi_fake_0579.wav,0,6.3,6.376105785369873,-8.3259859085083,rms_matched,False
580,f446689d92087b875d07eaa1d98e4b7e07ec4f8651762d73d8e0ecbae21be60e60a3b7356828d24a8c9071f872f21361ca196ae017820a2908412966f0a59df2,hindi_griffinlim_eval_final/real_hindi/hindi_real_0580.wav,1,5.508,3.9015140533447266,-5.087378978729248,rms_matched,False
580,f446689d92087b875d07eaa1d98e4b7e07ec4f8651762d73d8e0ecbae21be60e60a3b7356828d24a8c9071f872f21361ca196ae017820a2908412966f0a59df2,hindi_griffinlim_eval_final/fake_hindi_griffinlim/hindi_fake_0580.wav,0,5.508,6.456474304199219,-8.406269073486328,rms_matched,False
581,2b0295a46df33cca7111334e28048e4ca8856ac39e51ceba5d127c2defec2c84aa3dbbe0b2cd9a0057a3710d4ca5936186ac62306a21dbc4f493acb9486d1452,hindi_griffinlim_eval_final/real_hindi/hindi_real_0581.wav,1,5.796,4.446020603179932,-5.627777099609375,rms_matched,False
581,2b0295a46df33cca7111334e28048e4ca8856ac39e51ceba5d127c2defec2c84aa3dbbe0b2cd9a0057a3710d4ca5936186ac62306a21dbc4f493acb9486d1452,hindi_griffinlim_eval_final/fake_hindi_griffinlim/hindi_fake_0581.wav,0,5.796,-0.7271362543106079,1.1464908123016357,rms_matched,False
582,93f71918fbe69cad830cb49211cb10c9344e04ceca427ea39db38c8b5f5f200a4706f0a12646585364ff3b44f3bb75784005797e3e3259fd9579fa985955b3ac,hindi_griffinlim_eval_final/real_hindi/hindi_real_0582.wav,1,4.572,0.37268567085266113,-0.3177022635936737,rms_matched,False
582,93f71918fbe69cad830cb49211cb10c9344e04ceca427ea39db38c8b5f5f200a4706f0a12646585364ff3b44f3bb75784005797e3e3259fd9579fa985955b3ac,hindi_griffinlim_eval_final/fake_hindi_griffinlim/hindi_fake_0582.wav,0,4.572,-4.4318060874938965,5.326851844787598,rms_matched,False
583,ffb5eeb570d2ef310e46742868405151da6adb390253787708f24b730c59c01b34656465701e80b1157e9b0f9421b9a06a454f56e2a3a4bdfbf5c6c64addad11,hindi_griffinlim_eval_final/real_hindi/hindi_real_0583.wav,1,6.66,1.6057053804397583,-1.7768093347549438,rms_matched,False
583,ffb5eeb570d2ef310e46742868405151da6adb390253787708f24b730c59c01b34656465701e80b1157e9b0f9421b9a06a454f56e2a3a4bdfbf5c6c64addad11,hindi_griffinlim_eval_final/fake_hindi_griffinlim/hindi_fake_0583.wav,0,6.66,-1.8371371030807495,2.3648128509521484,rms_matched,False
584,6ebad08c5960e5ac3ec20197f173828d6da580b660c01794cdd4270089cdd590b3d512277ba38e372e860e7e9e9d9621fbeec2edd3ab07dcfe713a646c246543,hindi_griffinlim_eval_final/real_hindi/hindi_real_0584.wav,1,3.6,5.1626176834106445,-6.514314651489258,rms_matched,False
584,6ebad08c5960e5ac3ec20197f173828d6da580b660c01794cdd4270089cdd590b3d512277ba38e372e860e7e9e9d9621fbeec2edd3ab07dcfe713a646c246543,hindi_griffinlim_eval_final/fake_hindi_griffinlim/hindi_fake_0584.wav,0,3.6,-0.9524828195571899,1.513620376586914,rms_matched,False
585,184190f8f53136c0e77cb1939a81bd7b91a650163a3cce9cb2af1f732be6a0165a7ec72a286eddf11fc4a60b82602efed4ecdd9ad5d030501c7fd2930d062b64,hindi_griffinlim_eval_final/real_hindi/hindi_real_0585.wav,1,6.156,-1.0557500123977661,1.5005712509155273,rms_matched,False
585,184190f8f53136c0e77cb1939a81bd7b91a650163a3cce9cb2af1f732be6a0165a7ec72a286eddf11fc4a60b82602efed4ecdd9ad5d030501c7fd2930d062b64,hindi_griffinlim_eval_final/fake_hindi_griffinlim/hindi_fake_0585.wav,0,6.156,-3.00036358833313,3.817128896713257,rms_matched,False
586,be10029504aaa30796d27938620d08189f19a31701c9f552f60c99eff87dddfbf804efc53af08d2670685aeaeeb295c9f3326c85b8127b0ad0d1232f03bc1781,hindi_griffinlim_eval_final/real_hindi/hindi_real_0586.wav,1,4.068,3.8431289196014404,-4.823040962219238,rms_matched,False
586,be10029504aaa30796d27938620d08189f19a31701c9f552f60c99eff87dddfbf804efc53af08d2670685aeaeeb295c9f3326c85b8127b0ad0d1232f03bc1781,hindi_griffinlim_eval_final/fake_hindi_griffinlim/hindi_fake_0586.wav,0,4.068,-3.4244091510772705,4.316049575805664,rms_matched,False
587,dbe55388d2e8bae8e64412f527e29fa3691a1c13adcaa6b80313b3e475d2df28d0428a6151d9cd42018d943718c830d69a80c5bf8a6a88200e4c6ba36ad6a748,hindi_griffinlim_eval_final/real_hindi/hindi_real_0587.wav,1,4.176,2.880199909210205,-3.811288356781006,rms_matched,False
587,dbe55388d2e8bae8e64412f527e29fa3691a1c13adcaa6b80313b3e475d2df28d0428a6151d9cd42018d943718c830d69a80c5bf8a6a88200e4c6ba36ad6a748,hindi_griffinlim_eval_final/fake_hindi_griffinlim/hindi_fake_0587.wav,0,4.176,3.6850290298461914,-4.33222770690918,rms_matched,False
588,e0a36ee267ea8131975092e3f0b285cc85c2ecf0e47fa58a4f81eea8ef911bc2e939a2fe85859b96f77623060400a6ad1157350fd138ac8523288698254e8c4e,hindi_griffinlim_eval_final/real_hindi/hindi_real_0588.wav,1,4.608,-0.24313707649707794,0.5005294680595398,rms_matched,False
588,e0a36ee267ea8131975092e3f0b285cc85c2ecf0e47fa58a4f81eea8ef911bc2e939a2fe85859b96f77623060400a6ad1157350fd138ac8523288698254e8c4e,hindi_griffinlim_eval_final/fake_hindi_griffinlim/hindi_fake_0588.wav,0,4.608,-0.3024517297744751,0.6636817455291748,rms_matched,False
589,ff8d1bfdc7d8be2fd275f506691f3ba70d9d60666488ab551bcbb76c3fe93c7cfaa703f465f40b60131807d73913eb37830221336b6803114df015fb7caed36e,hindi_griffinlim_eval_final/real_hindi/hindi_real_0589.wav,1,3.456,-5.043946266174316,5.890802383422852,rms_matched,False
589,ff8d1bfdc7d8be2fd275f506691f3ba70d9d60666488ab551bcbb76c3fe93c7cfaa703f465f40b60131807d73913eb37830221336b6803114df015fb7caed36e,hindi_griffinlim_eval_final/fake_hindi_griffinlim/hindi_fake_0589.wav,0,3.456,6.848168849945068,-8.814203262329102,rms_matched,False
590,0d095340640de1eed083de79682cd69d43729d60e08c0a6819dd49b8f15d143165cd66c8061dffa3ce372d4356c10e0bc5cc1a3a224cbe7e1cfeca4c5cfb413d,hindi_griffinlim_eval_final/real_hindi/hindi_real_0590.wav,1,4.608,-1.8315856456756592,2.45540189743042,rms_matched,False
590,0d095340640de1eed083de79682cd69d43729d60e08c0a6819dd49b8f15d143165cd66c8061dffa3ce372d4356c10e0bc5cc1a3a224cbe7e1cfeca4c5cfb413d,hindi_griffinlim_eval_final/fake_hindi_griffinlim/hindi_fake_0590.wav,0,4.608,4.94138765335083,-6.157224655151367,rms_matched,False
591,d24af5ee15190d3fc14dfc4ee3c75c75fe66fb537d4c7cf94e0e7d489ba442240b112a68a9dcd921ed48aaf17649bacd187e913bf4f22c1471cdc0fd263e9aa7,hindi_griffinlim_eval_final/real_hindi/hindi_real_0591.wav,1,6.876,4.39665412902832,-5.492011070251465,rms_matched,False
591,d24af5ee15190d3fc14dfc4ee3c75c75fe66fb537d4c7cf94e0e7d489ba442240b112a68a9dcd921ed48aaf17649bacd187e913bf4f22c1471cdc0fd263e9aa7,hindi_griffinlim_eval_final/fake_hindi_griffinlim/hindi_fake_0591.wav,0,6.876,2.728501081466675,-3.448793649673462,rms_matched,False
592,8a05ca02926d437b43ff4cc21925621fc16dbeaf8e35977e8c6f5da4d29494951203f52e20050d365fe263f76336e15d23cf8d1f0c0514c9fd900f7d92b108a1,hindi_griffinlim_eval_final/real_hindi/hindi_real_0592.wav,1,5.796,5.585134506225586,-7.2265095710754395,rms_matched,False
592,8a05ca02926d437b43ff4cc21925621fc16dbeaf8e35977e8c6f5da4d29494951203f52e20050d365fe263f76336e15d23cf8d1f0c0514c9fd900f7d92b108a1,hindi_griffinlim_eval_final/fake_hindi_griffinlim/hindi_fake_0592.wav,0,5.796,-0.8025192022323608,1.2303144931793213,rms_matched,False
593,60b2daa4cda30b5320834f3c2d21ea1841b52ccd7bf7ed4689f3ff27ca59c3323707c95e9a17bea4082356c576bbc3f17a00106134240f3632529b329fc1e62a,hindi_griffinlim_eval_final/real_hindi/hindi_real_0593.wav,1,3.78,4.867314338684082,-6.161430358886719,rms_matched,False
593,60b2daa4cda30b5320834f3c2d21ea1841b52ccd7bf7ed4689f3ff27ca59c3323707c95e9a17bea4082356c576bbc3f17a00106134240f3632529b329fc1e62a,hindi_griffinlim_eval_final/fake_hindi_griffinlim/hindi_fake_0593.wav,0,3.78,-0.4745345115661621,0.9194785952568054,rms_matched,False
594,bbf090e6e283e4e37184a2e8d18c4e8b316a072a5565f942ab1fe209609ce93499859b1bc6b7111be2f33203c2746e5c37c57a3fcff52e9a7f38780d6fc39a26,hindi_griffinlim_eval_final/real_hindi/hindi_real_0594.wav,1,6.228,2.049238681793213,-2.780653715133667,rms_matched,False
594,bbf090e6e283e4e37184a2e8d18c4e8b316a072a5565f942ab1fe209609ce93499859b1bc6b7111be2f33203c2746e5c37c57a3fcff52e9a7f38780d6fc39a26,hindi_griffinlim_eval_final/fake_hindi_griffinlim/hindi_fake_0594.wav,0,6.228,-0.9252684116363525,1.5053400993347168,rms_matched,False
595,e2de24c9d3a10973bd81a43c7e81d2b7747c4395b5c28a66daed073de149a6e5d8cc3da3877c75c105e7ffa814d8ad54ef34008e39a9bbab1df11bbc31bfd2fb,hindi_griffinlim_eval_final/real_hindi/hindi_real_0595.wav,1,5.4,-1.7662361860275269,2.131686210632324,rms_matched,False
595,e2de24c9d3a10973bd81a43c7e81d2b7747c4395b5c28a66daed073de149a6e5d8cc3da3877c75c105e7ffa814d8ad54ef34008e39a9bbab1df11bbc31bfd2fb,hindi_griffinlim_eval_final/fake_hindi_griffinlim/hindi_fake_0595.wav,0,5.4,-4.780311584472656,5.425236701965332,rms_matched,False
596,95340b846e677ea27571958308bb11e2403ec2e4464bba7c97372d324e628a906f6be086595117707361a5dd7b41295d64031b6b2a5f2e50f6dc0a1841fd7fa2,hindi_griffinlim_eval_final/real_hindi/hindi_real_0596.wav,1,6.876,5.78061580657959,-7.385368347167969,rms_matched,False
596,95340b846e677ea27571958308bb11e2403ec2e4464bba7c97372d324e628a906f6be086595117707361a5dd7b41295d64031b6b2a5f2e50f6dc0a1841fd7fa2,hindi_griffinlim_eval_final/fake_hindi_griffinlim/hindi_fake_0596.wav,0,6.876,6.936862945556641,-8.904275894165039,rms_matched,False
597,51ac71db84d066b7c2fe1dd940f0e75602010e8a2c0a23df2b47108a43c6df09aea35278f729be243a1d02576df693c13705cc367b391889be00e5a572b08fb5,hindi_griffinlim_eval_final/real_hindi/hindi_real_0597.wav,1,7.056,-4.981023788452148,5.8073410987854,rms_matched,False
597,51ac71db84d066b7c2fe1dd940f0e75602010e8a2c0a23df2b47108a43c6df09aea35278f729be243a1d02576df693c13705cc367b391889be00e5a572b08fb5,hindi_griffinlim_eval_final/fake_hindi_griffinlim/hindi_fake_0597.wav,0,7.056,-2.9002208709716797,3.843127965927124,rms_matched,False
598,634801e3e952aa1af7c19ab36d4ccdba5839f1b3ee5333455fba7edbf6dac42828d7e77c4b4eb6f9830708b06d85de7d9532dbd890f6067da9241172fa0722b8,hindi_griffinlim_eval_final/real_hindi/hindi_real_0598.wav,1,6.948,2.997633934020996,-3.890566825866699,rms_matched,False
598,634801e3e952aa1af7c19ab36d4ccdba5839f1b3ee5333455fba7edbf6dac42828d7e77c4b4eb6f9830708b06d85de7d9532dbd890f6067da9241172fa0722b8,hindi_griffinlim_eval_final/fake_hindi_griffinlim/hindi_fake_0598.wav,0,6.948,6.847174167633057,-8.839253425598145,rms_matched,False
599,389842e0cd33cfb9876ef3d2f0e50eb0d9842d3a72efb647244e2cab4f456609c2fe3c3584b5307808cc70d8a9f6cbc18617ef2eadf45ed518b03c0dee8dfd87,hindi_griffinlim_eval_final/real_hindi/hindi_real_0599.wav,1,5.184,4.787618637084961,-6.044805526733398,rms_matched,False
599,389842e0cd33cfb9876ef3d2f0e50eb0d9842d3a72efb647244e2cab4f456609c2fe3c3584b5307808cc70d8a9f6cbc18617ef2eadf45ed518b03c0dee8dfd87,hindi_griffinlim_eval_final/fake_hindi_griffinlim/hindi_fake_0599.wav,0,5.184,-5.112070083618164,5.818602561950684,rms_matched,False
600,ca96256894b92e0525b6f8bf5bac013efa869bfe9b8ec767a84d2e0b6f9f3108886cad7b3c9e622cc74ce7c803c4f9d96080e182713805211464db35f0adb51e,hindi_griffinlim_eval_final/real_hindi/hindi_real_0600.wav,1,5.22,4.977975845336914,-6.49360466003418,rms_matched,False
600,ca96256894b92e0525b6f8bf5bac013efa869bfe9b8ec767a84d2e0b6f9f3108886cad7b3c9e622cc74ce7c803c4f9d96080e182713805211464db35f0adb51e,hindi_griffinlim_eval_final/fake_hindi_griffinlim/hindi_fake_0600.wav,0,5.22,2.719759941101074,-3.6566262245178223,rms_matched,False
601,ca6156fb12800e3b3fc41f9907777531141ebf8f445b70901bc7137ffd0e5516c2229f3c8c695423887299cdfe5b9160cea313d614a4ba540d5ff4102dda821e,hindi_griffinlim_eval_final/real_hindi/hindi_real_0601.wav,1,4.68,2.833540916442871,-3.4581832885742188,rms_matched,False
601,ca6156fb12800e3b3fc41f9907777531141ebf8f445b70901bc7137ffd0e5516c2229f3c8c695423887299cdfe5b9160cea313d614a4ba540d5ff4102dda821e,hindi_griffinlim_eval_final/fake_hindi_griffinlim/hindi_fake_0601.wav,0,4.68,-1.0423372983932495,1.7063477039337158,rms_matched,False
602,a34b3f5fa057f54bc74179593acc5d316145622c5ece92f2e9b2d74a2de7fa87ed863a9061955f68625d580b33faa23dcd31f9c5a6f9c1e1dd8790a4ba671f57,hindi_griffinlim_eval_final/real_hindi/hindi_real_0602.wav,1,4.176,4.454834938049316,-5.76045036315918,rms_matched,False
602,a34b3f5fa057f54bc74179593acc5d316145622c5ece92f2e9b2d74a2de7fa87ed863a9061955f68625d580b33faa23dcd31f9c5a6f9c1e1dd8790a4ba671f57,hindi_griffinlim_eval_final/fake_hindi_griffinlim/hindi_fake_0602.wav,0,4.176,-4.538246154785156,5.452783584594727,rms_matched,False
603,2fab289aa06c3d3ed662c848272fccd54cfe903fbc7895c797a394c8ac5314a6dcbd94b498eb6af96d006c568ea2a0d523ca6b0212684ed46408338da97c2b0b,hindi_griffinlim_eval_final/real_hindi/hindi_real_0603.wav,1,5.652,5.412854194641113,-6.968578338623047,rms_matched,False
603,2fab289aa06c3d3ed662c848272fccd54cfe903fbc7895c797a394c8ac5314a6dcbd94b498eb6af96d006c568ea2a0d523ca6b0212684ed46408338da97c2b0b,hindi_griffinlim_eval_final/fake_hindi_griffinlim/hindi_fake_0603.wav,0,5.652,-3.580387592315674,4.436766624450684,rms_matched,False
604,80ffb7f21aebcd96b01f5098bdf0f377f31fa297c2c30290be3dcd6a69b87e7570cd2e9ce41edb96038e485ce70cf75436dba4a0c7925bb36a68db134979c585,hindi_griffinlim_eval_final/real_hindi/hindi_real_0604.wav,1,6.588,-4.960389137268066,5.7565765380859375,rms_matched,False
604,80ffb7f21aebcd96b01f5098bdf0f377f31fa297c2c30290be3dcd6a69b87e7570cd2e9ce41edb96038e485ce70cf75436dba4a0c7925bb36a68db134979c585,hindi_griffinlim_eval_final/fake_hindi_griffinlim/hindi_fake_0604.wav,0,6.588,-5.5593414306640625,6.408804893493652,rms_matched,False
605,ea8ef3168cd29cf3bb33c603fc49336a1b58747fac2bdd17b4f6d59f24ed30a903a1b574e5d276035f8c3141478664e8f36c46a55fb6637e08b183a0969615a0,hindi_griffinlim_eval_final/real_hindi/hindi_real_0605.wav,1,4.896,2.8369879722595215,-3.6304738521575928,rms_matched,False
605,ea8ef3168cd29cf3bb33c603fc49336a1b58747fac2bdd17b4f6d59f24ed30a903a1b574e5d276035f8c3141478664e8f36c46a55fb6637e08b183a0969615a0,hindi_griffinlim_eval_final/fake_hindi_griffinlim/hindi_fake_0605.wav,0,4.896,-5.434101581573486,6.184655666351318,rms_matched,False
606,df520ae6630f89c5941ffecf315f19953bdca51d6b7beb825aacd71405cc44f29ad01463f8b079cb10faf201b544d74dfd136f3353babacd39f80623d2c64bb7,hindi_griffinlim_eval_final/real_hindi/hindi_real_0606.wav,1,3.78,4.427217483520508,-5.673048973083496,rms_matched,False
606,df520ae6630f89c5941ffecf315f19953bdca51d6b7beb825aacd71405cc44f29ad01463f8b079cb10faf201b544d74dfd136f3353babacd39f80623d2c64bb7,hindi_griffinlim_eval_final/fake_hindi_griffinlim/hindi_fake_0606.wav,0,3.78,-4.168361663818359,5.046383857727051,rms_matched,False
607,b4069adc243cc7836a2bf30d44984b772c144f867bb92b4226209bcdc0783ee26b25bf51d2c4e42b8af14bfe3d183fb5aed4fd783bddc50d124f0970cce3dcd8,hindi_griffinlim_eval_final/real_hindi/hindi_real_0607.wav,1,5.148,5.259220123291016,-6.642212867736816,rms_matched,False
607,b4069adc243cc7836a2bf30d44984b772c144f867bb92b4226209bcdc0783ee26b25bf51d2c4e42b8af14bfe3d183fb5aed4fd783bddc50d124f0970cce3dcd8,hindi_griffinlim_eval_final/fake_hindi_griffinlim/hindi_fake_0607.wav,0,5.148,-2.633898973464966,3.442084789276123,rms_matched,False
608,a3c9eb18e51d74ec5fbf9ca9ca1d5edf24c691d0f685ef2ffc8689d107710a300eec2172a79cc039b119ebc451ab794cb8519ce2d3c37209c7f24649089a7fc2,hindi_griffinlim_eval_final/real_hindi/hindi_real_0608.wav,1,5.652,5.183159828186035,-6.606756210327148,rms_matched,False
608,a3c9eb18e51d74ec5fbf9ca9ca1d5edf24c691d0f685ef2ffc8689d107710a300eec2172a79cc039b119ebc451ab794cb8519ce2d3c37209c7f24649089a7fc2,hindi_griffinlim_eval_final/fake_hindi_griffinlim/hindi_fake_0608.wav,0,5.652,2.640878915786743,-3.4779539108276367,rms_matched,False
609,bbf090e6e283e4e37184a2e8d18c4e8b316a072a5565f942ab1fe209609ce93499859b1bc6b7111be2f33203c2746e5c37c57a3fcff52e9a7f38780d6fc39a26,hindi_griffinlim_eval_final/real_hindi/hindi_real_0609.wav,1,5.688,-1.5496777296066284,2.217036724090576,rms_matched,False
609,bbf090e6e283e4e37184a2e8d18c4e8b316a072a5565f942ab1fe209609ce93499859b1bc6b7111be2f33203c2746e5c37c57a3fcff52e9a7f38780d6fc39a26,hindi_griffinlim_eval_final/fake_hindi_griffinlim/hindi_fake_0609.wav,0,5.688,-1.3556264638900757,1.9942238330841064,rms_matched,False
610,0a073b2441b86a13d80728f1a14413d473c4091d1053a3a53982f2c2698abb2a31f35efaefaad9b678d4cf8b27aecc058d4f664d005474a90b8af287ff58c303,hindi_griffinlim_eval_final/real_hindi/hindi_real_0610.wav,1,5.376,3.8109021186828613,-4.751227855682373,rms_matched,False
610,0a073b2441b86a13d80728f1a14413d473c4091d1053a3a53982f2c2698abb2a31f35efaefaad9b678d4cf8b27aecc058d4f664d005474a90b8af287ff58c303,hindi_griffinlim_eval_final/fake_hindi_griffinlim/hindi_fake_0610.wav,0,5.376,-3.101418972015381,3.8936336040496826,rms_matched,False
611,9a862e8c754a334f2c39963b8da67e4e6e46ef2889e6ac772bb3e3847c4e1586e46be4d21adf569a90009925022013d8900d5ec065a6eaf767a5f0c3f1317f6d,hindi_griffinlim_eval_final/real_hindi/hindi_real_0611.wav,1,3.456,-1.722002625465393,2.1875486373901367,rms_matched,False
611,9a862e8c754a334f2c39963b8da67e4e6e46ef2889e6ac772bb3e3847c4e1586e46be4d21adf569a90009925022013d8900d5ec065a6eaf767a5f0c3f1317f6d,hindi_griffinlim_eval_final/fake_hindi_griffinlim/hindi_fake_0611.wav,0,3.456,-5.942687034606934,6.7779669761657715,rms_matched,False
612,552fd8cf90f15edcaf7388b1164d58d7eae5f20674dc780b9efb9d43c80af1ccbdef88d0ddfb76038b9614eda2b556cbb4fa8a46ca54ad7dcc43d9298b63f1eb,hindi_griffinlim_eval_final/real_hindi/hindi_real_0612.wav,1,5.868,5.089003086090088,-6.480452537536621,rms_matched,False
612,552fd8cf90f15edcaf7388b1164d58d7eae5f20674dc780b9efb9d43c80af1ccbdef88d0ddfb76038b9614eda2b556cbb4fa8a46ca54ad7dcc43d9298b63f1eb,hindi_griffinlim_eval_final/fake_hindi_griffinlim/hindi_fake_0612.wav,0,5.868,5.482571601867676,-6.790134429931641,rms_matched,False
613,aa9327f862e22c8a7e7c1cc05e596b019cb19e79329dfd7495112ab3dafda315d4ab663885cb951c63be27858c37f1aa245b0907d689b37ee4db113148053cc6,hindi_griffinlim_eval_final/real_hindi/hindi_real_0613.wav,1,3.492,3.6564249992370605,-4.629883766174316,rms_matched,False
613,aa9327f862e22c8a7e7c1cc05e596b019cb19e79329dfd7495112ab3dafda315d4ab663885cb951c63be27858c37f1aa245b0907d689b37ee4db113148053cc6,hindi_griffinlim_eval_final/fake_hindi_griffinlim/hindi_fake_0613.wav,0,3.492,-1.0900483131408691,1.6999106407165527,rms_matched,False
614,2b0295a46df33cca7111334e28048e4ca8856ac39e51ceba5d127c2defec2c84aa3dbbe0b2cd9a0057a3710d4ca5936186ac62306a21dbc4f493acb9486d1452,hindi_griffinlim_eval_final/real_hindi/hindi_real_0614.wav,1,6.336,4.777936935424805,-6.190381050109863,rms_matched,False
614,2b0295a46df33cca7111334e28048e4ca8856ac39e51ceba5d127c2defec2c84aa3dbbe0b2cd9a0057a3710d4ca5936186ac62306a21dbc4f493acb9486d1452,hindi_griffinlim_eval_final/fake_hindi_griffinlim/hindi_fake_0614.wav,0,6.336,-1.771697759628296,2.510554313659668,rms_matched,False
615,38a6ab913e27c72c3f28f3d2da65caa00933288bfaaa24633ad7168676bf34a4bdf59bba015f1be078031901c2a05ed997cd106fc7bb6ffe0cead3f59ca77415,hindi_griffinlim_eval_final/real_hindi/hindi_real_0615.wav,1,4.464,5.112201690673828,-6.453502655029297,rms_matched,False
615,38a6ab913e27c72c3f28f3d2da65caa00933288bfaaa24633ad7168676bf34a4bdf59bba015f1be078031901c2a05ed997cd106fc7bb6ffe0cead3f59ca77415,hindi_griffinlim_eval_final/fake_hindi_griffinlim/hindi_fake_0615.wav,0,4.464,5.511499404907227,-7.012821197509766,rms_matched,False
616,9f2ff0bc50ccd0ab79eed640359ccb9c1016d458fcfda044203f727fd8063bca505d1f650c0a66a096c753381ca88026043ab86554e6f9229362771eb98cebad,hindi_griffinlim_eval_final/real_hindi/hindi_real_0616.wav,1,5.148,4.902379035949707,-6.208615779876709,rms_matched,False
616,9f2ff0bc50ccd0ab79eed640359ccb9c1016d458fcfda044203f727fd8063bca505d1f650c0a66a096c753381ca88026043ab86554e6f9229362771eb98cebad,hindi_griffinlim_eval_final/fake_hindi_griffinlim/hindi_fake_0616.wav,0,5.148,4.752495765686035,-5.9252166748046875,rms_matched,False
617,43dc11a5328c78dc9536527d6945245d5b3e371fdeea987ac538a30956eacc649639e2b09c28bf3ee4f4f764475880bb8f68a5cd20ef78800a664b72a86ffe58,hindi_griffinlim_eval_final/real_hindi/hindi_real_0617.wav,1,4.068,5.470242500305176,-6.845245838165283,rms_matched,False
617,43dc11a5328c78dc9536527d6945245d5b3e371fdeea987ac538a30956eacc649639e2b09c28bf3ee4f4f764475880bb8f68a5cd20ef78800a664b72a86ffe58,hindi_griffinlim_eval_final/fake_hindi_griffinlim/hindi_fake_0617.wav,0,4.068,-2.8368606567382812,3.768967390060425,rms_matched,False
618,2fab289aa06c3d3ed662c848272fccd54cfe903fbc7895c797a394c8ac5314a6dcbd94b498eb6af96d006c568ea2a0d523ca6b0212684ed46408338da97c2b0b,hindi_griffinlim_eval_final/real_hindi/hindi_real_0618.wav,1,2.952,5.186713218688965,-6.691130638122559,rms_matched,False
618,2fab289aa06c3d3ed662c848272fccd54cfe903fbc7895c797a394c8ac5314a6dcbd94b498eb6af96d006c568ea2a0d523ca6b0212684ed46408338da97c2b0b,hindi_griffinlim_eval_final/fake_hindi_griffinlim/hindi_fake_0618.wav,0,2.952,-1.4475609064102173,1.891634464263916,rms_matched,False
619,f4276b793d63656aa644af3755eec97ff45d8df43323576969e1722c9b9f099002febe4c6f3a9401ad2a7011623e315d775ae5c19f3901dfc9cb44d20a5c91df,hindi_griffinlim_eval_final/real_hindi/hindi_real_0619.wav,1,3.06,5.026628494262695,-6.487129211425781,rms_matched,False
619,f4276b793d63656aa644af3755eec97ff45d8df43323576969e1722c9b9f099002febe4c6f3a9401ad2a7011623e315d775ae5c19f3901dfc9cb44d20a5c91df,hindi_griffinlim_eval_final/fake_hindi_griffinlim/hindi_fake_0619.wav,0,3.06,-1.1651474237442017,1.6632378101348877,rms_matched,False
620,c1edd0ef566e809ba01bf1a3011df6cd0fbf6a1675ba8002e671dd7b16588ea30ff434c78aaae27b190d16c6d7bd32bdd4a6b1ca631c0b3f819e807b3cdef585,hindi_griffinlim_eval_final/real_hindi/hindi_real_0620.wav,1,3.276,2.7785420417785645,-3.6521475315093994,rms_matched,False
620,c1edd0ef566e809ba01bf1a3011df6cd0fbf6a1675ba8002e671dd7b16588ea30ff434c78aaae27b190d16c6d7bd32bdd4a6b1ca631c0b3f819e807b3cdef585,hindi_griffinlim_eval_final/fake_hindi_griffinlim/hindi_fake_0620.wav,0,3.276,6.714139938354492,-8.748472213745117,rms_matched,False
621,6f3cdaef649635685d3a90ee62bab981848e6ed6f25f28b9b43c2f3d4ac51b4e42a36ead3b4b83add1e9bd60f0c66f05ecfe7c7c5154b6345a1c2f1c85b32fa8,hindi_griffinlim_eval_final/real_hindi/hindi_real_0621.wav,1,7.488,-0.6730120778083801,0.7382131218910217,rms_matched,False
621,6f3cdaef649635685d3a90ee62bab981848e6ed6f25f28b9b43c2f3d4ac51b4e42a36ead3b4b83add1e9bd60f0c66f05ecfe7c7c5154b6345a1c2f1c85b32fa8,hindi_griffinlim_eval_final/fake_hindi_griffinlim/hindi_fake_0621.wav,0,7.488,-4.618951797485352,5.337107181549072,rms_matched,False
622,ca6156fb12800e3b3fc41f9907777531141ebf8f445b70901bc7137ffd0e5516c2229f3c8c695423887299cdfe5b9160cea313d614a4ba540d5ff4102dda821e,hindi_griffinlim_eval_final/real_hindi/hindi_real_0622.wav,1,7.848,4.660499572753906,-5.8027024269104,rms_matched,False
622,ca6156fb12800e3b3fc41f9907777531141ebf8f445b70901bc7137ffd0e5516c2229f3c8c695423887299cdfe5b9160cea313d614a4ba540d5ff4102dda821e,hindi_griffinlim_eval_final/fake_hindi_griffinlim/hindi_fake_0622.wav,0,7.848,-0.9012542963027954,1.2458205223083496,rms_matched,False
623,b5368a2dff773c397ef5c49e62c79de17d88d95d2079d13c22dfd061e40dd1528406716bf6158aee618664f8bd5cd01289e1e410afda482364672472b003fd9b,hindi_griffinlim_eval_final/real_hindi/hindi_real_0623.wav,1,5.652,-4.47119140625,5.142599582672119,rms_matched,False
623,b5368a2dff773c397ef5c49e62c79de17d88d95d2079d13c22dfd061e40dd1528406716bf6158aee618664f8bd5cd01289e1e410afda482364672472b003fd9b,hindi_griffinlim_eval_final/fake_hindi_griffinlim/hindi_fake_0623.wav,0,5.652,-0.49979734420776367,1.013396978378296,rms_matched,False
624,29bcb273adde2fc3bc2e4595307cca55f7a2164b643bd634a478297488389dd87132dba219b5a51a5b42b59a42fe5eef68ff2cd098bb675cf680befd442613d5,hindi_griffinlim_eval_final/real_hindi/hindi_real_0624.wav,1,4.428,6.071736812591553,-7.893617630004883,rms_matched,False
624,29bcb273adde2fc3bc2e4595307cca55f7a2164b643bd634a478297488389dd87132dba219b5a51a5b42b59a42fe5eef68ff2cd098bb675cf680befd442613d5,hindi_griffinlim_eval_final/fake_hindi_griffinlim/hindi_fake_0624.wav,0,4.428,2.663456678390503,-3.3353664875030518,rms_matched,False
625,63293ff4cc67280b10da2df2fd2763db65ca8493af191e121605b45457373b9d2f7d073324125f2ec4d3d5aa138903f3532048b49083306757421a463dcad13b,hindi_griffinlim_eval_final/real_hindi/hindi_real_0625.wav,1,4.356,5.547664642333984,-7.124585151672363,rms_matched,False
625,63293ff4cc67280b10da2df2fd2763db65ca8493af191e121605b45457373b9d2f7d073324125f2ec4d3d5aa138903f3532048b49083306757421a463dcad13b,hindi_griffinlim_eval_final/fake_hindi_griffinlim/hindi_fake_0625.wav,0,4.356,-0.4056475758552551,0.4717140793800354,rms_matched,False
626,f8c05fcdb50a537ce73d8e72c60b569d19a31b8e0792bf6ea46d66c769fb708c0087e260a59f3e48f8272304ee14cb57fecdf53a2873f5d72ca5a3378a149caa,hindi_griffinlim_eval_final/real_hindi/hindi_real_0626.wav,1,5.304,-4.2635602951049805,5.05916690826416,rms_matched,False
626,f8c05fcdb50a537ce73d8e72c60b569d19a31b8e0792bf6ea46d66c769fb708c0087e260a59f3e48f8272304ee14cb57fecdf53a2873f5d72ca5a3378a149caa,hindi_griffinlim_eval_final/fake_hindi_griffinlim/hindi_fake_0626.wav,0,5.304,-5.618334770202637,6.342528343200684,rms_matched,False
627,f1b62e5d3473776b945ef79fbad0a46a621fb136b143d7aeb75a7cb854ebe0807524eee04fe8d83b3311152dad97e341e18ed5b8981b3cf322fec4e0700894bb,hindi_griffinlim_eval_final/real_hindi/hindi_real_0627.wav,1,4.296,3.4154791831970215,-4.338513374328613,rms_matched,False
627,f1b62e5d3473776b945ef79fbad0a46a621fb136b143d7aeb75a7cb854ebe0807524eee04fe8d83b3311152dad97e341e18ed5b8981b3cf322fec4e0700894bb,hindi_griffinlim_eval_final/fake_hindi_griffinlim/hindi_fake_0627.wav,0,4.296,2.2425005435943604,-2.859707832336426,rms_matched,False
628,9be22651e8bee8e72a3187d9a27f0e9ed24c178b528062b4ae5d6a2a32dbb8c6001f6d3f15d60270fefa422a2c58426a2c915931d43266eb48a2d15836111a95,hindi_griffinlim_eval_final/real_hindi/hindi_real_0628.wav,1,7.308,1.701310396194458,-2.3651978969573975,rms_matched,False
628,9be22651e8bee8e72a3187d9a27f0e9ed24c178b528062b4ae5d6a2a32dbb8c6001f6d3f15d60270fefa422a2c58426a2c915931d43266eb48a2d15836111a95,hindi_griffinlim_eval_final/fake_hindi_griffinlim/hindi_fake_0628.wav,0,7.308,5.366789817810059,-6.8977484703063965,rms_matched,False
629,4bf6e446d97c11b48f8309ab29d202711dab968676351fc66463ffd24b97d11fb7d34e50a5bc9544e075ad2038996abb9387ae6a627acb911f4b514124a3d3a7,hindi_griffinlim_eval_final/real_hindi/hindi_real_0629.wav,1,4.536,5.047486305236816,-6.660269737243652,rms_matched,False
629,4bf6e446d97c11b48f8309ab29d202711dab968676351fc66463ffd24b97d11fb7d34e50a5bc9544e075ad2038996abb9387ae6a627acb911f4b514124a3d3a7,hindi_griffinlim_eval_final/fake_hindi_griffinlim/hindi_fake_0629.wav,0,4.536,-0.5470336675643921,0.3759130835533142,rms_matched,False
630,78014d1d0043184446ff0c083c8868966598975e5daebb9725dc92f60fa5c8d06ce1bb84b84760f14d38217866e6bde176419a1bd9e5f166429d74168b3dd926,hindi_griffinlim_eval_final/real_hindi/hindi_real_0630.wav,1,7.056,3.0219783782958984,-3.849647283554077,rms_matched,False
630,78014d1d0043184446ff0c083c8868966598975e5daebb9725dc92f60fa5c8d06ce1bb84b84760f14d38217866e6bde176419a1bd9e5f166429d74168b3dd926,hindi_griffinlim_eval_final/fake_hindi_griffinlim/hindi_fake_0630.wav,0,7.056,-2.235226631164551,3.082498550415039,rms_matched,False
631,c127090a8261671f4e68cc31639996579099a014bbd65dc05c580ea8961637ae6978ac28c265bbba5145400258f062bf70f582aac610a13525cacf73579563bd,hindi_griffinlim_eval_final/real_hindi/hindi_real_0631.wav,1,7.128,3.243375778198242,-4.281240463256836,rms_matched,False
631,c127090a8261671f4e68cc31639996579099a014bbd65dc05c580ea8961637ae6978ac28c265bbba5145400258f062bf70f582aac610a13525cacf73579563bd,hindi_griffinlim_eval_final/fake_hindi_griffinlim/hindi_fake_0631.wav,0,7.128,-5.716763973236084,6.571967601776123,rms_matched,False
632,3db6bed8f713bb226c8e1414c97e0da016bf5573c7281dda13149cf951a3bab57698d09a84cbf226aebc5f978c42bbb83ee009e4e787f7674304a0ef235be968,hindi_griffinlim_eval_final/real_hindi/hindi_real_0632.wav,1,6.66,3.5303635597229004,-4.412657737731934,rms_matched,False
632,3db6bed8f713bb226c8e1414c97e0da016bf5573c7281dda13149cf951a3bab57698d09a84cbf226aebc5f978c42bbb83ee009e4e787f7674304a0ef235be968,hindi_griffinlim_eval_final/fake_hindi_griffinlim/hindi_fake_0632.wav,0,6.66,1.180959701538086,-1.555955171585083,rms_matched,False
633,aabd80b27714da5c6b5d4592a6f29f161db3cb06672ab14afb56eaf550ac0be0c14536ba5df7358621f018a4bc767c8c8477eaa4746830cf31ec4cdbcc2193fc,hindi_griffinlim_eval_final/real_hindi/hindi_real_0633.wav,1,6.588,-1.7491389513015747,2.232933282852173,rms_matched,False
633,aabd80b27714da5c6b5d4592a6f29f161db3cb06672ab14afb56eaf550ac0be0c14536ba5df7358621f018a4bc767c8c8477eaa4746830cf31ec4cdbcc2193fc,hindi_griffinlim_eval_final/fake_hindi_griffinlim/hindi_fake_0633.wav,0,6.588,4.879570484161377,-6.221516132354736,rms_matched,False
634,e811478820937736d1074ae0c51bf72791cd1029b63b639e8dd3ab8f6d8ce46e9eed447dd3edfeca171695425e9496970dbbe5f3cb9b07cba7fed66459eff2c3,hindi_griffinlim_eval_final/real_hindi/hindi_real_0634.wav,1,5.796,-3.2753889560699463,3.846872091293335,rms_matched,False
634,e811478820937736d1074ae0c51bf72791cd1029b63b639e8dd3ab8f6d8ce46e9eed447dd3edfeca171695425e9496970dbbe5f3cb9b07cba7fed66459eff2c3,hindi_griffinlim_eval_final/fake_hindi_griffinlim/hindi_fake_0634.wav,0,5.796,-0.5496015548706055,1.12528395652771,rms_matched,False
635,f552d4cedc22293c27ab4a86fc3985ecf1bd8fe9e6664f6a835675acf4173fa94bfa392ddccd06a177ae2bf6e412212f42973dec10c26a7cfa02c48ddd7c7978,hindi_griffinlim_eval_final/real_hindi/hindi_real_0635.wav,1,4.068,2.784867763519287,-3.419508934020996,rms_matched,False
635,f552d4cedc22293c27ab4a86fc3985ecf1bd8fe9e6664f6a835675acf4173fa94bfa392ddccd06a177ae2bf6e412212f42973dec10c26a7cfa02c48ddd7c7978,hindi_griffinlim_eval_final/fake_hindi_griffinlim/hindi_fake_0635.wav,0,4.068,-0.7121008038520813,1.020033359527588,rms_matched,False
636,5d11b952e9611a75d83a6b37c9eb61990cda39a280a57ed6b8e1e5169bbf408c23a2618a05bd8ed04bef3258fc84db91cac825708b4163b8053d8301d130370b,hindi_griffinlim_eval_final/real_hindi/hindi_real_0636.wav,1,7.416,4.705733299255371,-6.038366317749023,rms_matched,False
636,5d11b952e9611a75d83a6b37c9eb61990cda39a280a57ed6b8e1e5169bbf408c23a2618a05bd8ed04bef3258fc84db91cac825708b4163b8053d8301d130370b,hindi_griffinlim_eval_final/fake_hindi_griffinlim/hindi_fake_0636.wav,0,7.416,5.416815757751465,-6.848418235778809,rms_matched,False
637,f4ee604449f0bccf330b0b3dec1201e20aa4db5a9eac3094d6847aa2304802a101515b61a081228f8507d9f298afe4d275da66279b222ccdcb4d2e7c2eda850e,hindi_griffinlim_eval_final/real_hindi/hindi_real_0637.wav,1,6.552,3.839305877685547,-4.866726398468018,rms_matched,False
637,f4ee604449f0bccf330b0b3dec1201e20aa4db5a9eac3094d6847aa2304802a101515b61a081228f8507d9f298afe4d275da66279b222ccdcb4d2e7c2eda850e,hindi_griffinlim_eval_final/fake_hindi_griffinlim/hindi_fake_0637.wav,0,6.552,0.5742877125740051,-0.6251060366630554,rms_matched,False
638,7570a71e8291317409ff389bd743ae3946da5a2b9540b1d3be2b8e42560a8338f8ced7349b801dee318d981a4d51d1fe60ece80dc66222d056395f1476a1df67,hindi_griffinlim_eval_final/real_hindi/hindi_real_0638.wav,1,5.256,-2.4605159759521484,3.1439530849456787,rms_matched,False
638,7570a71e8291317409ff389bd743ae3946da5a2b9540b1d3be2b8e42560a8338f8ced7349b801dee318d981a4d51d1fe60ece80dc66222d056395f1476a1df67,hindi_griffinlim_eval_final/fake_hindi_griffinlim/hindi_fake_0638.wav,0,5.256,-3.4025063514709473,4.306853294372559,rms_matched,False
639,ea8ef3168cd29cf3bb33c603fc49336a1b58747fac2bdd17b4f6d59f24ed30a903a1b574e5d276035f8c3141478664e8f36c46a55fb6637e08b183a0969615a0,hindi_griffinlim_eval_final/real_hindi/hindi_real_0639.wav,1,2.808,3.026078224182129,-4.182687759399414,rms_matched,False
639,ea8ef3168cd29cf3bb33c603fc49336a1b58747fac2bdd17b4f6d59f24ed30a903a1b574e5d276035f8c3141478664e8f36c46a55fb6637e08b183a0969615a0,hindi_griffinlim_eval_final/fake_hindi_griffinlim/hindi_fake_0639.wav,0,2.808,-4.692482948303223,5.429015159606934,rms_matched,False
640,0d2120fd5389d89f197e877a642aeb305bd4d8a9820d642a3ca7e83fe64ca61a0a8b15a37958f3629aa855408d3eabc56d2521ff9a06db24bd0c95320f66efab,hindi_griffinlim_eval_final/real_hindi/hindi_real_0640.wav,1,6.948,0.7270371913909912,-1.2445513010025024,rms_matched,False
640,0d2120fd5389d89f197e877a642aeb305bd4d8a9820d642a3ca7e83fe64ca61a0a8b15a37958f3629aa855408d3eabc56d2521ff9a06db24bd0c95320f66efab,hindi_griffinlim_eval_final/fake_hindi_griffinlim/hindi_fake_0640.wav,0,6.948,-2.1815152168273926,2.884507656097412,rms_matched,False
641,4165462ba3028c7e25d5ff7abf7e81fe2d31ab129cfa039232a6753837447e299445e86cc1a94db3a8957d1cf55c3a1aaa96b297a0c75a814bc1a2df686daae8,hindi_griffinlim_eval_final/real_hindi/hindi_real_0641.wav,1,7.128,4.3408002853393555,-5.383634567260742,rms_matched,False
641,4165462ba3028c7e25d5ff7abf7e81fe2d31ab129cfa039232a6753837447e299445e86cc1a94db3a8957d1cf55c3a1aaa96b297a0c75a814bc1a2df686daae8,hindi_griffinlim_eval_final/fake_hindi_griffinlim/hindi_fake_0641.wav,0,7.128,-1.5492569208145142,1.9265196323394775,rms_matched,False
642,16c775b5ac1a75459692a8e2c553ec084df96439cf53c5129ce1e5c20a9a04d3ed23204cf582fe74c9dc12a473fb3072139ea313cee5ce51c0d17acf8cd16333,hindi_griffinlim_eval_final/real_hindi/hindi_real_0642.wav,1,4.68,2.448235511779785,-2.9887778759002686,rms_matched,False
642,16c775b5ac1a75459692a8e2c553ec084df96439cf53c5129ce1e5c20a9a04d3ed23204cf582fe74c9dc12a473fb3072139ea313cee5ce51c0d17acf8cd16333,hindi_griffinlim_eval_final/fake_hindi_griffinlim/hindi_fake_0642.wav,0,4.68,-0.27313297986984253,0.7306390404701233,rms_matched,False
643,7645441bdc18d3b030505861df550d84664b9a9931552e1efeafab2fc218b84b74173a02073f3ab449dfd6be412293b9bfbe39fc0b97793fff0f586d8212ca0d,hindi_griffinlim_eval_final/real_hindi/hindi_real_0643.wav,1,5.436,1.072587251663208,-1.4889166355133057,rms_matched,False
643,7645441bdc18d3b030505861df550d84664b9a9931552e1efeafab2fc218b84b74173a02073f3ab449dfd6be412293b9bfbe39fc0b97793fff0f586d8212ca0d,hindi_griffinlim_eval_final/fake_hindi_griffinlim/hindi_fake_0643.wav,0,5.436,-0.6650042533874512,1.1884304285049438,rms_matched,False
644,e0b0d9bee4bc7b503aa80e3cc2b981cba7d2cd3493201182fda6cfaf6bd0f3c06ed4dece1470c13e0a96e60f29ff7be6ceb53724edc3973a8e5594a8b8f2fb13,hindi_griffinlim_eval_final/real_hindi/hindi_real_0644.wav,1,6.696,1.7070146799087524,-2.447533130645752,rms_matched,False
644,e0b0d9bee4bc7b503aa80e3cc2b981cba7d2cd3493201182fda6cfaf6bd0f3c06ed4dece1470c13e0a96e60f29ff7be6ceb53724edc3973a8e5594a8b8f2fb13,hindi_griffinlim_eval_final/fake_hindi_griffinlim/hindi_fake_0644.wav,0,6.696,-0.20656199753284454,0.45168906450271606,rms_matched,False
645,66a86ae3d3f3eb48e5bad97a370e6813f967d7744dc410051a5092e6bbd0da658ea468af2518aef0db5231c7bd0ed0034baa278b9bd688d6e2dc295d9692ecb8,hindi_griffinlim_eval_final/real_hindi/hindi_real_0645.wav,1,7.056,4.106627464294434,-5.185218811035156,rms_matched,False
645,66a86ae3d3f3eb48e5bad97a370e6813f967d7744dc410051a5092e6bbd0da658ea468af2518aef0db5231c7bd0ed0034baa278b9bd688d6e2dc295d9692ecb8,hindi_griffinlim_eval_final/fake_hindi_griffinlim/hindi_fake_0645.wav,0,7.056,6.82973051071167,-8.726631164550781,rms_matched,False
646,02a40eed38bf20ab1ddca1a5c60f5b2cadd5455be21c7a1ab8e87d65a6fec68495c0d24d8fecdfe3f9d132fdfa842dba33dca093df21b19f3d325519779d13d0,hindi_griffinlim_eval_final/real_hindi/hindi_real_0646.wav,1,5.436,4.545265197753906,-5.727535247802734,rms_matched,False
646,02a40eed38bf20ab1ddca1a5c60f5b2cadd5455be21c7a1ab8e87d65a6fec68495c0d24d8fecdfe3f9d132fdfa842dba33dca093df21b19f3d325519779d13d0,hindi_griffinlim_eval_final/fake_hindi_griffinlim/hindi_fake_0646.wav,0,5.436,-0.510273277759552,0.8733435273170471,rms_matched,False
647,0175f4388a3ca66faae78ea57819f8aab986d188f874dde198e28b64248291dde8f43a6912b9de4854f9862a8f832961da3e9194bec9ebef96b1c9b66d956422,hindi_griffinlim_eval_final/real_hindi/hindi_real_0647.wav,1,5.508,4.872529029846191,-6.040896415710449,rms_matched,False
647,0175f4388a3ca66faae78ea57819f8aab986d188f874dde198e28b64248291dde8f43a6912b9de4854f9862a8f832961da3e9194bec9ebef96b1c9b66d956422,hindi_griffinlim_eval_final/fake_hindi_griffinlim/hindi_fake_0647.wav,0,5.508,-0.4486978054046631,0.8436771035194397,rms_matched,False
648,f4276b793d63656aa644af3755eec97ff45d8df43323576969e1722c9b9f099002febe4c6f3a9401ad2a7011623e315d775ae5c19f3901dfc9cb44d20a5c91df,hindi_griffinlim_eval_final/real_hindi/hindi_real_0648.wav,1,6.336,4.573312282562256,-5.857565879821777,rms_matched,False
648,f4276b793d63656aa644af3755eec97ff45d8df43323576969e1722c9b9f099002febe4c6f3a9401ad2a7011623e315d775ae5c19f3901dfc9cb44d20a5c91df,hindi_griffinlim_eval_final/fake_hindi_griffinlim/hindi_fake_0648.wav,0,6.336,-0.9770729541778564,1.48335599899292,rms_matched,False
649,a77463c4923319faa0aa9e316c75a0c0b8b57506ca68d5ae159872b937710f58e5559c8f319e0d9b23c3c80f7bff29a739634859ac38c3cb38e1f278cc7d4b97,hindi_griffinlim_eval_final/real_hindi/hindi_real_0649.wav,1,4.176,4.854162693023682,-6.125378131866455,rms_matched,False
649,a77463c4923319faa0aa9e316c75a0c0b8b57506ca68d5ae159872b937710f58e5559c8f319e0d9b23c3c80f7bff29a739634859ac38c3cb38e1f278cc7d4b97,hindi_griffinlim_eval_final/fake_hindi_griffinlim/hindi_fake_0649.wav,0,4.176,-0.2179333120584488,0.5357958674430847,rms_matched,False
650,4c946f553c704abd727b3818b1d22dba011a368043575278b58ae219f71cb8914e6cac82abe55d7da17f49bea4cceb3b96c17355a6f5b078c19a947defb9061c,hindi_griffinlim_eval_final/real_hindi/hindi_real_0650.wav,1,5.472,3.880823850631714,-4.942198753356934,rms_matched,False
650,4c946f553c704abd727b3818b1d22dba011a368043575278b58ae219f71cb8914e6cac82abe55d7da17f49bea4cceb3b96c17355a6f5b078c19a947defb9061c,hindi_griffinlim_eval_final/fake_hindi_griffinlim/hindi_fake_0650.wav,0,5.472,-5.40500545501709,6.130177974700928,rms_matched,False
651,2de3db24e998f00d734a8da3c51f592d40cdff55dfae3f290f4b0ef2e1acb63313eba952692afa76afcc1912d4c5fbd103d7bc838757a2bd55293827e758500e,hindi_griffinlim_eval_final/real_hindi/hindi_real_0651.wav,1,4.788,4.6361260414123535,-5.9207916259765625,rms_matched,False
651,2de3db24e998f00d734a8da3c51f592d40cdff55dfae3f290f4b0ef2e1acb63313eba952692afa76afcc1912d4c5fbd103d7bc838757a2bd55293827e758500e,hindi_griffinlim_eval_final/fake_hindi_griffinlim/hindi_fake_0651.wav,0,4.788,1.2747790813446045,-1.8187998533248901,rms_matched,False
652,ef72dad515c406393c07ffac9b57e6cd1e83073c82a001d49ea19a30fd9976d0d50d4c5cffcfdbec8ea222c152695775d85c227194f2e56516531e1c8e76ff70,hindi_griffinlim_eval_final/real_hindi/hindi_real_0652.wav,1,4.056,5.388681411743164,-6.898904800415039,rms_matched,False
652,ef72dad515c406393c07ffac9b57e6cd1e83073c82a001d49ea19a30fd9976d0d50d4c5cffcfdbec8ea222c152695775d85c227194f2e56516531e1c8e76ff70,hindi_griffinlim_eval_final/fake_hindi_griffinlim/hindi_fake_0652.wav,0,4.056,-0.4136742949485779,0.9077903628349304,rms_matched,False
653,68cb270e1215efd79204c075fb9df17b4ea024a7c09f74970ea4e506e73229238b2c3b3fc62c0f650e4fbd93cfbdd109b4442bcd5292c50b81cf80146568bf42,hindi_griffinlim_eval_final/real_hindi/hindi_real_0653.wav,1,7.992,5.527831077575684,-7.310877323150635,rms_matched,False
653,68cb270e1215efd79204c075fb9df17b4ea024a7c09f74970ea4e506e73229238b2c3b3fc62c0f650e4fbd93cfbdd109b4442bcd5292c50b81cf80146568bf42,hindi_griffinlim_eval_final/fake_hindi_griffinlim/hindi_fake_0653.wav,0,7.992,-0.09955714643001556,0.15574683248996735,rms_matched,False
654,1605878cdc4bdeab0724827abc448ec019fcc59763e097294754173714e955fe80a28c12eed4a39a58f442138b886e755cd644efb115aa2599c6e50a20e63a74,hindi_griffinlim_eval_final/real_hindi/hindi_real_0654.wav,1,3.888,5.45923376083374,-7.132986545562744,rms_matched,False
654,1605878cdc4bdeab0724827abc448ec019fcc59763e097294754173714e955fe80a28c12eed4a39a58f442138b886e755cd644efb115aa2599c6e50a20e63a74,hindi_griffinlim_eval_final/fake_hindi_griffinlim/hindi_fake_0654.wav,0,3.888,-1.9535821676254272,2.8040108680725098,rms_matched,False
655,b69e010df6113e5d308dc62955e0f00639179e3f7074a50ff065d102adab88d624810f4c5bb6e59977dd65ba69bdff66ff08dc72ff47bd0dbd8dace3e3c392d7,hindi_griffinlim_eval_final/real_hindi/hindi_real_0655.wav,1,5.688,5.276937484741211,-6.596733093261719,rms_matched,False
655,b69e010df6113e5d308dc62955e0f00639179e3f7074a50ff065d102adab88d624810f4c5bb6e59977dd65ba69bdff66ff08dc72ff47bd0dbd8dace3e3c392d7,hindi_griffinlim_eval_final/fake_hindi_griffinlim/hindi_fake_0655.wav,0,5.688,6.199358940124512,-8.075528144836426,rms_matched,False
656,cea40007071ea914e41633e74d05142fd1f5f8f49c154534816017cf89ce625657c804fe479fe87c08854ecd847697d6ca0fb6bcf424006c307f65430c34785e,hindi_griffinlim_eval_final/real_hindi/hindi_real_0656.wav,1,4.572,5.360866546630859,-6.886887550354004,rms_matched,False
656,cea40007071ea914e41633e74d05142fd1f5f8f49c154534816017cf89ce625657c804fe479fe87c08854ecd847697d6ca0fb6bcf424006c307f65430c34785e,hindi_griffinlim_eval_final/fake_hindi_griffinlim/hindi_fake_0656.wav,0,4.572,4.424637794494629,-5.365272521972656,rms_matched,False
657,b5368a2dff773c397ef5c49e62c79de17d88d95d2079d13c22dfd061e40dd1528406716bf6158aee618664f8bd5cd01289e1e410afda482364672472b003fd9b,hindi_griffinlim_eval_final/real_hindi/hindi_real_0657.wav,1,6.3,2.960826873779297,-3.7868528366088867,rms_matched,False
657,b5368a2dff773c397ef5c49e62c79de17d88d95d2079d13c22dfd061e40dd1528406716bf6158aee618664f8bd5cd01289e1e410afda482364672472b003fd9b,hindi_griffinlim_eval_final/fake_hindi_griffinlim/hindi_fake_0657.wav,0,6.3,3.0853006839752197,-3.7865355014801025,rms_matched,False
658,95cc33ae73783f08510cc8b475a3f7da1144f0cdbfbe42446afc4e8942bf842722a12076a164393f2c52e0db9026e5f129a90feb451956b70f7366a89e026f1c,hindi_griffinlim_eval_final/real_hindi/hindi_real_0658.wav,1,6.408,1.6761928796768188,-2.2119688987731934,rms_matched,False
658,95cc33ae73783f08510cc8b475a3f7da1144f0cdbfbe42446afc4e8942bf842722a12076a164393f2c52e0db9026e5f129a90feb451956b70f7366a89e026f1c,hindi_griffinlim_eval_final/fake_hindi_griffinlim/hindi_fake_0658.wav,0,6.408,7.011423110961914,-9.07767105102539,rms_matched,False
659,0d095340640de1eed083de79682cd69d43729d60e08c0a6819dd49b8f15d143165cd66c8061dffa3ce372d4356c10e0bc5cc1a3a224cbe7e1cfeca4c5cfb413d,hindi_griffinlim_eval_final/real_hindi/hindi_real_0659.wav,1,7.056,-5.869516372680664,6.576120376586914,rms_matched,False
659,0d095340640de1eed083de79682cd69d43729d60e08c0a6819dd49b8f15d143165cd66c8061dffa3ce372d4356c10e0bc5cc1a3a224cbe7e1cfeca4c5cfb413d,hindi_griffinlim_eval_final/fake_hindi_griffinlim/hindi_fake_0659.wav,0,7.056,1.1289454698562622,-1.6882641315460205,rms_matched,False
660,ea8f8541a19f474c4246d33005ad2c365f8b82b7a9b214bc39bd7b0ea6469e6d17fc574bce867f5fa60612c98df61735b7e95bf0d9c731a290e4c4bd515098bb,hindi_griffinlim_eval_final/real_hindi/hindi_real_0660.wav,1,3.06,6.116514205932617,-7.885867118835449,rms_matched,False
660,ea8f8541a19f474c4246d33005ad2c365f8b82b7a9b214bc39bd7b0ea6469e6d17fc574bce867f5fa60612c98df61735b7e95bf0d9c731a290e4c4bd515098bb,hindi_griffinlim_eval_final/fake_hindi_griffinlim/hindi_fake_0660.wav,0,3.06,-0.12240645289421082,0.10817153751850128,rms_matched,False
661,68b08c34ed8b5919c7565855d192c459a11812d7fdaaebf088cb6579ae585983139315774bcb13db7e2a5d51f8c236ea2f485e182c91e2edd75609091f07d48c,hindi_griffinlim_eval_final/real_hindi/hindi_real_0661.wav,1,4.86,-2.4416918754577637,3.125779867172241,rms_matched,False
661,68b08c34ed8b5919c7565855d192c459a11812d7fdaaebf088cb6579ae585983139315774bcb13db7e2a5d51f8c236ea2f485e182c91e2edd75609091f07d48c,hindi_griffinlim_eval_final/fake_hindi_griffinlim/hindi_fake_0661.wav,0,4.86,-1.1030770540237427,1.5339040756225586,rms_matched,False
662,3512a2ce63a4044e19713803ad92889a443d1d6fe4e83bd00833b842957b10139899aa75c48d47ecd6d7e02112c2f7d3dbf5e752d40bfb9bffe073a8983b56b9,hindi_griffinlim_eval_final/real_hindi/hindi_real_0662.wav,1,6.408,3.6501834392547607,-4.665315628051758,rms_matched,False
662,3512a2ce63a4044e19713803ad92889a443d1d6fe4e83bd00833b842957b10139899aa75c48d47ecd6d7e02112c2f7d3dbf5e752d40bfb9bffe073a8983b56b9,hindi_griffinlim_eval_final/fake_hindi_griffinlim/hindi_fake_0662.wav,0,6.408,2.857654571533203,-3.56611967086792,rms_matched,False
663,ffcbc3951f469a43cf363b5df83d56ab30c65a40bb5bf05ee2ae8f98f55d6c76d8cf505d8bd32cf189c373ef1e0a52d01d2fc3cfeea863dd3ea1546eb2ef68cf,hindi_griffinlim_eval_final/real_hindi/hindi_real_0663.wav,1,6.516,3.387208938598633,-4.2832136154174805,rms_matched,False
663,ffcbc3951f469a43cf363b5df83d56ab30c65a40bb5bf05ee2ae8f98f55d6c76d8cf505d8bd32cf189c373ef1e0a52d01d2fc3cfeea863dd3ea1546eb2ef68cf,hindi_griffinlim_eval_final/fake_hindi_griffinlim/hindi_fake_0663.wav,0,6.516,-3.6738834381103516,4.494856357574463,rms_matched,False
664,b9e669f9010e60c988c15c6c357649706d91c33219725e9a2b12fe7903fa536fc8b34a51ea158f2ba92027617b4944a2514cfa7beb4249f26b23754403940006,hindi_griffinlim_eval_final/real_hindi/hindi_real_0664.wav,1,6.516,1.4282604455947876,-2.0102295875549316,rms_matched,False
664,b9e669f9010e60c988c15c6c357649706d91c33219725e9a2b12fe7903fa536fc8b34a51ea158f2ba92027617b4944a2514cfa7beb4249f26b23754403940006,hindi_griffinlim_eval_final/fake_hindi_griffinlim/hindi_fake_0664.wav,0,6.516,-1.9337047338485718,2.5945217609405518,rms_matched,False
665,23e7986df66ecae7556379ef6a8c59490f3a38d789ddcbb9af2e0bdac45ded855c8a27be3ec862f45918adec219022883c1f64ea3ca811371c818856357ef5be,hindi_griffinlim_eval_final/real_hindi/hindi_real_0665.wav,1,5.508,-0.17816582322120667,0.33753958344459534,rms_matched,False
665,23e7986df66ecae7556379ef6a8c59490f3a38d789ddcbb9af2e0bdac45ded855c8a27be3ec862f45918adec219022883c1f64ea3ca811371c818856357ef5be,hindi_griffinlim_eval_final/fake_hindi_griffinlim/hindi_fake_0665.wav,0,5.508,-4.021327018737793,4.748363494873047,rms_matched,False
666,d39d516dfccbf4297a953030579625b84d76314cdd257472c46f3116b9f0238183eaa531151e2a8bd4968015c10fb293e815f5a2c36475f899e88f5ed90676ea,hindi_griffinlim_eval_final/real_hindi/hindi_real_0666.wav,1,4.5,4.246619701385498,-5.3570780754089355,rms_matched,False
666,d39d516dfccbf4297a953030579625b84d76314cdd257472c46f3116b9f0238183eaa531151e2a8bd4968015c10fb293e815f5a2c36475f899e88f5ed90676ea,hindi_griffinlim_eval_final/fake_hindi_griffinlim/hindi_fake_0666.wav,0,4.5,-0.6119554042816162,0.624434769153595,rms_matched,False
667,9296b5aa6010d28b45a780046d322620298dbbf3189b322a311bd2aaf58e1b3d55d7ca923cccd5f1fadb32a84b85b5c86517b92c6cdefbcee928d6ea9af98645,hindi_griffinlim_eval_final/real_hindi/hindi_real_0667.wav,1,7.128,4.884422302246094,-6.27150297164917,rms_matched,False
667,9296b5aa6010d28b45a780046d322620298dbbf3189b322a311bd2aaf58e1b3d55d7ca923cccd5f1fadb32a84b85b5c86517b92c6cdefbcee928d6ea9af98645,hindi_griffinlim_eval_final/fake_hindi_griffinlim/hindi_fake_0667.wav,0,7.128,-1.0540679693222046,1.5924625396728516,rms_matched,False
668,75c6bb7203a8fae0c08c18b39bebaf7f25f86e3b2cdbb1dbd65927288474b3fa5b24c5c88144d238b93b8327677bdfbdf560078a95a3594a6b6ea7dbf3f3eec8,hindi_griffinlim_eval_final/real_hindi/hindi_real_0668.wav,1,5.94,4.242757797241211,-5.395347595214844,rms_matched,False
668,75c6bb7203a8fae0c08c18b39bebaf7f25f86e3b2cdbb1dbd65927288474b3fa5b24c5c88144d238b93b8327677bdfbdf560078a95a3594a6b6ea7dbf3f3eec8,hindi_griffinlim_eval_final/fake_hindi_griffinlim/hindi_fake_0668.wav,0,5.94,-5.856451988220215,6.6953535079956055,rms_matched,False
669,ec1882fc4ac252c0d462191a4703bb6c913b73dd21950682e8327a6a076c8333f4c5708f7d9426b51a98435d5f79d26ca06428a64a6ac9513537409eb663f5af,hindi_griffinlim_eval_final/real_hindi/hindi_real_0669.wav,1,5.508,-3.8111414909362793,4.552587509155273,rms_matched,False
669,ec1882fc4ac252c0d462191a4703bb6c913b73dd21950682e8327a6a076c8333f4c5708f7d9426b51a98435d5f79d26ca06428a64a6ac9513537409eb663f5af,hindi_griffinlim_eval_final/fake_hindi_griffinlim/hindi_fake_0669.wav,0,5.508,5.697039604187012,-7.340963363647461,rms_matched,False
670,621e009fa43e75aecd867db6acd010a1a280b1faeb916e3a5e1a0bf8346fd32406c7ac120765bc592bf0484fcc239c756ead9625c64f9c6b3e9210bdf698995c,hindi_griffinlim_eval_final/real_hindi/hindi_real_0670.wav,1,7.236,4.705961227416992,-6.029777526855469,rms_matched,False
670,621e009fa43e75aecd867db6acd010a1a280b1faeb916e3a5e1a0bf8346fd32406c7ac120765bc592bf0484fcc239c756ead9625c64f9c6b3e9210bdf698995c,hindi_griffinlim_eval_final/fake_hindi_griffinlim/hindi_fake_0670.wav,0,7.236,-0.2863067388534546,0.49891725182533264,rms_matched,False
671,9be22651e8bee8e72a3187d9a27f0e9ed24c178b528062b4ae5d6a2a32dbb8c6001f6d3f15d60270fefa422a2c58426a2c915931d43266eb48a2d15836111a95,hindi_griffinlim_eval_final/real_hindi/hindi_real_0671.wav,1,4.68,4.3644232749938965,-5.5395026206970215,rms_matched,False
671,9be22651e8bee8e72a3187d9a27f0e9ed24c178b528062b4ae5d6a2a32dbb8c6001f6d3f15d60270fefa422a2c58426a2c915931d43266eb48a2d15836111a95,hindi_griffinlim_eval_final/fake_hindi_griffinlim/hindi_fake_0671.wav,0,4.68,3.2592525482177734,-3.947908878326416,rms_matched,False
672,0f018a99663f33afbb7d38aee281fb1afcfd07f9e7acd00383f604e1e17c38d6ed8adf1bd2ccbf927a52c5adefb8ac4b158ce27a7c2ed9581e71202eb302dfb3,hindi_griffinlim_eval_final/real_hindi/hindi_real_0672.wav,1,3.276,0.22745884954929352,-0.5978407263755798,rms_matched,False
672,0f018a99663f33afbb7d38aee281fb1afcfd07f9e7acd00383f604e1e17c38d6ed8adf1bd2ccbf927a52c5adefb8ac4b158ce27a7c2ed9581e71202eb302dfb3,hindi_griffinlim_eval_final/fake_hindi_griffinlim/hindi_fake_0672.wav,0,3.276,-3.6155266761779785,4.403512001037598,rms_matched,False
673,552fd8cf90f15edcaf7388b1164d58d7eae5f20674dc780b9efb9d43c80af1ccbdef88d0ddfb76038b9614eda2b556cbb4fa8a46ca54ad7dcc43d9298b63f1eb,hindi_griffinlim_eval_final/real_hindi/hindi_real_0673.wav,1,3.708,0.5473990440368652,-0.8948472738265991,rms_matched,False
673,552fd8cf90f15edcaf7388b1164d58d7eae5f20674dc780b9efb9d43c80af1ccbdef88d0ddfb76038b9614eda2b556cbb4fa8a46ca54ad7dcc43d9298b63f1eb,hindi_griffinlim_eval_final/fake_hindi_griffinlim/hindi_fake_0673.wav,0,3.708,5.888250350952148,-7.603726387023926,rms_matched,False
674,ec78af2b863dab21a727f2ae9acf3ca8000403bcaaa82e800686048efeb2dcd359c7afd61fc63ea272d52e127546ccc8650a9df372bdb8f30a4df59e828cc263,hindi_griffinlim_eval_final/real_hindi/hindi_real_0674.wav,1,6.408,-1.850699782371521,2.3907647132873535,rms_matched,False
674,ec78af2b863dab21a727f2ae9acf3ca8000403bcaaa82e800686048efeb2dcd359c7afd61fc63ea272d52e127546ccc8650a9df372bdb8f30a4df59e828cc263,hindi_griffinlim_eval_final/fake_hindi_griffinlim/hindi_fake_0674.wav,0,6.408,0.23711931705474854,-0.3053872585296631,rms_matched,False
675,95340b846e677ea27571958308bb11e2403ec2e4464bba7c97372d324e628a906f6be086595117707361a5dd7b41295d64031b6b2a5f2e50f6dc0a1841fd7fa2,hindi_griffinlim_eval_final/real_hindi/hindi_real_0675.wav,1,7.884,6.22560977935791,-7.970375061035156,rms_matched,False
675,95340b846e677ea27571958308bb11e2403ec2e4464bba7c97372d324e628a906f6be086595117707361a5dd7b41295d64031b6b2a5f2e50f6dc0a1841fd7fa2,hindi_griffinlim_eval_final/fake_hindi_griffinlim/hindi_fake_0675.wav,0,7.884,6.933429718017578,-8.998777389526367,rms_matched,False
676,78ece404c10c0cffd89ca462c3b3c90a2a01c6952c6ddde490d8ee2328c5c86af021cb340fdc9f2e1cad3733905d00d25292a63c668178c3cf8cf8fe02947c58,hindi_griffinlim_eval_final/real_hindi/hindi_real_0676.wav,1,6.66,4.042379379272461,-5.1826934814453125,rms_matched,False
676,78ece404c10c0cffd89ca462c3b3c90a2a01c6952c6ddde490d8ee2328c5c86af021cb340fdc9f2e1cad3733905d00d25292a63c668178c3cf8cf8fe02947c58,hindi_griffinlim_eval_final/fake_hindi_griffinlim/hindi_fake_0676.wav,0,6.66,-0.5975064635276794,1.0448428392410278,rms_matched,False
677,a8cef7bd6abaf998566f0ccf8db1ec57de7ea766b6d81496d00a45d203ac4c57386b31d9c6d11d1a9db94b00c5c32594ece3fe7e08bc5f00ae7a043c8a74d9cd,hindi_griffinlim_eval_final/real_hindi/hindi_real_0677.wav,1,7.056,-1.8795603513717651,2.468522071838379,rms_matched,False
677,a8cef7bd6abaf998566f0ccf8db1ec57de7ea766b6d81496d00a45d203ac4c57386b31d9c6d11d1a9db94b00c5c32594ece3fe7e08bc5f00ae7a043c8a74d9cd,hindi_griffinlim_eval_final/fake_hindi_griffinlim/hindi_fake_0677.wav,0,7.056,-3.4079432487487793,4.345113754272461,rms_matched,False
678,da10f782c53d93ec1dbf793a1f5404dbdfd390c9abdacd218d0c47e2366a569d50841b5ad9075f9b83e2c16b9194ab1be1f91e407a546218999fa14e2b49a3eb,hindi_griffinlim_eval_final/real_hindi/hindi_real_0678.wav,1,3.096,5.098611831665039,-6.5110931396484375,rms_matched,False
678,da10f782c53d93ec1dbf793a1f5404dbdfd390c9abdacd218d0c47e2366a569d50841b5ad9075f9b83e2c16b9194ab1be1f91e407a546218999fa14e2b49a3eb,hindi_griffinlim_eval_final/fake_hindi_griffinlim/hindi_fake_0678.wav,0,3.096,-3.7995691299438477,4.606189727783203,rms_matched,False
679,80d92595b38c164010ef7313465d16463f2c96fa6fc022b2e01e189d36b259ca8c60d34dedd33eb9e2efc010529edd502641106737ba607a53218e01e86be40a,hindi_griffinlim_eval_final/real_hindi/hindi_real_0679.wav,1,7.236,-0.5334761142730713,0.8171685934066772,rms_matched,False
679,80d92595b38c164010ef7313465d16463f2c96fa6fc022b2e01e189d36b259ca8c60d34dedd33eb9e2efc010529edd502641106737ba607a53218e01e86be40a,hindi_griffinlim_eval_final/fake_hindi_griffinlim/hindi_fake_0679.wav,0,7.236,-3.4868624210357666,4.36727237701416,rms_matched,False
680,0a7f98f856cff63c03fcd05e03e181c17ce5d6545037394992a6f0afe1ed3716ef537d63a1e24a45ffc22233c24ee08fdec3372afad0b4389efc86ce4e7dee2c,hindi_griffinlim_eval_final/real_hindi/hindi_real_0680.wav,1,3.456,-1.1711547374725342,1.591796636581421,rms_matched,False
680,0a7f98f856cff63c03fcd05e03e181c17ce5d6545037394992a6f0afe1ed3716ef537d63a1e24a45ffc22233c24ee08fdec3372afad0b4389efc86ce4e7dee2c,hindi_griffinlim_eval_final/fake_hindi_griffinlim/hindi_fake_0680.wav,0,3.456,-2.6130034923553467,3.2466769218444824,rms_matched,False
681,f446689d92087b875d07eaa1d98e4b7e07ec4f8651762d73d8e0ecbae21be60e60a3b7356828d24a8c9071f872f21361ca196ae017820a2908412966f0a59df2,hindi_griffinlim_eval_final/real_hindi/hindi_real_0681.wav,1,5.94,-0.4575151801109314,0.7527698278427124,rms_matched,False
681,f446689d92087b875d07eaa1d98e4b7e07ec4f8651762d73d8e0ecbae21be60e60a3b7356828d24a8c9071f872f21361ca196ae017820a2908412966f0a59df2,hindi_griffinlim_eval_final/fake_hindi_griffinlim/hindi_fake_0681.wav,0,5.94,6.006766319274902,-7.807395935058594,rms_matched,False
682,7fbf4c95e3140e3dc38caf6b69156e7b0c31b692322f830bd453acafa852716c55556b85dab23eb2fcf7567541c68490442cf56fba72b2b29acffe250f110146,hindi_griffinlim_eval_final/real_hindi/hindi_real_0682.wav,1,5.508,5.1790361404418945,-6.572028160095215,rms_matched,False
682,7fbf4c95e3140e3dc38caf6b69156e7b0c31b692322f830bd453acafa852716c55556b85dab23eb2fcf7567541c68490442cf56fba72b2b29acffe250f110146,hindi_griffinlim_eval_final/fake_hindi_griffinlim/hindi_fake_0682.wav,0,5.508,1.4611295461654663,-2.1280975341796875,rms_matched,False
683,5910123d516315dfc2a43523d5cbc63444096a4cd38bb8b772155e3c51fb2f1eb673beaa1603de242ad8aa5dafe9d0ebd85a1c02bc6a7ee45e636585932306ae,hindi_griffinlim_eval_final/real_hindi/hindi_real_0683.wav,1,2.988,6.538179397583008,-8.476494789123535,rms_matched,False
683,5910123d516315dfc2a43523d5cbc63444096a4cd38bb8b772155e3c51fb2f1eb673beaa1603de242ad8aa5dafe9d0ebd85a1c02bc6a7ee45e636585932306ae,hindi_griffinlim_eval_final/fake_hindi_griffinlim/hindi_fake_0683.wav,0,2.988,6.998553276062012,-9.103279113769531,rms_matched,False
684,95340b846e677ea27571958308bb11e2403ec2e4464bba7c97372d324e628a906f6be086595117707361a5dd7b41295d64031b6b2a5f2e50f6dc0a1841fd7fa2,hindi_griffinlim_eval_final/real_hindi/hindi_real_0684.wav,1,6.696,5.9463629722595215,-7.591379642486572,rms_matched,False
684,95340b846e677ea27571958308bb11e2403ec2e4464bba7c97372d324e628a906f6be086595117707361a5dd7b41295d64031b6b2a5f2e50f6dc0a1841fd7fa2,hindi_griffinlim_eval_final/fake_hindi_griffinlim/hindi_fake_0684.wav,0,6.696,5.705061435699463,-7.427155494689941,rms_matched,False
685,c3ef3ab4323cf25135e6b13c5baf4f313c3c59fea4cf21337ecb956e033b5b79db26a65c4279f7092dda2c2d1a5175e591e08ba495a247500fe295c3b8cc5327,hindi_griffinlim_eval_final/real_hindi/hindi_real_0685.wav,1,3.144,-0.6852777004241943,0.8270453214645386,rms_matched,False
685,c3ef3ab4323cf25135e6b13c5baf4f313c3c59fea4cf21337ecb956e033b5b79db26a65c4279f7092dda2c2d1a5175e591e08ba495a247500fe295c3b8cc5327,hindi_griffinlim_eval_final/fake_hindi_griffinlim/hindi_fake_0685.wav,0,3.144,3.1677982807159424,-4.201000213623047,rms_matched,False
686,c61dfdcb5c80424483b0d50a3dfa425610d6b7850a341571bd0e34c8a4d96fd3e8c53d963dd19f7a44a40cde8c84d2e0ac7043114c9f70604f378dcb27a96199,hindi_griffinlim_eval_final/real_hindi/hindi_real_0686.wav,1,6.228,1.2625356912612915,-2.030918598175049,rms_matched,False
686,c61dfdcb5c80424483b0d50a3dfa425610d6b7850a341571bd0e34c8a4d96fd3e8c53d963dd19f7a44a40cde8c84d2e0ac7043114c9f70604f378dcb27a96199,hindi_griffinlim_eval_final/fake_hindi_griffinlim/hindi_fake_0686.wav,0,6.228,1.046652913093567,-1.425715446472168,rms_matched,False
687,23dd6e26b3a5106b8ad2de2def45e53280a12df6c47364b2bf652743a0198329d4e46b73fe42287703f0146d0bdb9be101cb22064f7b79578248fdc2ca2085f0,hindi_griffinlim_eval_final/real_hindi/hindi_real_0687.wav,1,5.112,2.152838945388794,-2.478322744369507,rms_matched,False
687,23dd6e26b3a5106b8ad2de2def45e53280a12df6c47364b2bf652743a0198329d4e46b73fe42287703f0146d0bdb9be101cb22064f7b79578248fdc2ca2085f0,hindi_griffinlim_eval_final/fake_hindi_griffinlim/hindi_fake_0687.wav,0,5.112,-0.41872870922088623,0.7487161755561829,rms_matched,False
688,d5880664e0b201cf24b4972ea9890b801afe05af05cd4302d95952f06934198872328efbf6eb11bf51e169d4c62a0e8756088bbe001fc353a9b6d080ed9ee3dc,hindi_griffinlim_eval_final/real_hindi/hindi_real_0688.wav,1,5.724,-4.406352996826172,5.251653671264648,rms_matched,False
688,d5880664e0b201cf24b4972ea9890b801afe05af05cd4302d95952f06934198872328efbf6eb11bf51e169d4c62a0e8756088bbe001fc353a9b6d080ed9ee3dc,hindi_griffinlim_eval_final/fake_hindi_griffinlim/hindi_fake_0688.wav,0,5.724,-5.901780605316162,6.821300506591797,rms_matched,False
689,7ee51ec09b8af4f5d3502101adc32f4c67fe0a30b5566bf94a9854fc03ca4b259a0d5669d5ab493a6f9c3d989368a86e6bdc03c1bf0dc61a4995e783776c2ba2,hindi_griffinlim_eval_final/real_hindi/hindi_real_0689.wav,1,4.32,3.719517946243286,-4.852770805358887,rms_matched,False
689,7ee51ec09b8af4f5d3502101adc32f4c67fe0a30b5566bf94a9854fc03ca4b259a0d5669d5ab493a6f9c3d989368a86e6bdc03c1bf0dc61a4995e783776c2ba2,hindi_griffinlim_eval_final/fake_hindi_griffinlim/hindi_fake_0689.wav,0,4.32,-0.603186309337616,0.9193617701530457,rms_matched,False
690,52f22814969ddf3ae439c9927cdc815781938e7b8db9939cbe5cc7211c83b3dd6eccb62b360571d4002d64878c3b70340e8a76bf784048ff984b73b71d31fc52,hindi_griffinlim_eval_final/real_hindi/hindi_real_0690.wav,1,4.284,3.6876206398010254,-4.532423973083496,rms_matched,False
690,52f22814969ddf3ae439c9927cdc815781938e7b8db9939cbe5cc7211c83b3dd6eccb62b360571d4002d64878c3b70340e8a76bf784048ff984b73b71d31fc52,hindi_griffinlim_eval_final/fake_hindi_griffinlim/hindi_fake_0690.wav,0,4.284,-2.3512206077575684,3.2556605339050293,rms_matched,False
691,a260ddbc5acffed848007a0a9ec6b79936f77999c825631f8f7eb91c11e3369d404de512eb961b464b0208a5da2d4a8cf154dba0a4d11010520e02dbf6039b2f,hindi_griffinlim_eval_final/real_hindi/hindi_real_0691.wav,1,5.616,-3.6798295974731445,4.397801399230957,rms_matched,False
691,a260ddbc5acffed848007a0a9ec6b79936f77999c825631f8f7eb91c11e3369d404de512eb961b464b0208a5da2d4a8cf154dba0a4d11010520e02dbf6039b2f,hindi_griffinlim_eval_final/fake_hindi_griffinlim/hindi_fake_0691.wav,0,5.616,-3.9474854469299316,4.779370307922363,rms_matched,False
692,eb0cf518c980fbaafc44b52459e6edc777cf01758412dc63e1de49438b83b2d292941510deee22dd7111854884991b9e9fc276183f07dc59d4a6c8174d8da2dd,hindi_griffinlim_eval_final/real_hindi/hindi_real_0692.wav,1,3.06,5.57243013381958,-7.307392597198486,rms_matched,False
692,eb0cf518c980fbaafc44b52459e6edc777cf01758412dc63e1de49438b83b2d292941510deee22dd7111854884991b9e9fc276183f07dc59d4a6c8174d8da2dd,hindi_griffinlim_eval_final/fake_hindi_griffinlim/hindi_fake_0692.wav,0,3.06,-0.6271964311599731,0.8674494624137878,rms_matched,False
693,e1687c2dade4c9e56bf74181a1c6eabd5d85fb05e2ded2d7f443e3cdf646f19b835db4fd303c73f3b7e94b0d03f6d27c4429abdaf1a56ee81e35ee7bc67bc67c,hindi_griffinlim_eval_final/real_hindi/hindi_real_0693.wav,1,4.608,1.8935633897781372,-2.596515655517578,rms_matched,False
693,e1687c2dade4c9e56bf74181a1c6eabd5d85fb05e2ded2d7f443e3cdf646f19b835db4fd303c73f3b7e94b0d03f6d27c4429abdaf1a56ee81e35ee7bc67bc67c,hindi_griffinlim_eval_final/fake_hindi_griffinlim/hindi_fake_0693.wav,0,4.608,-1.4544013738632202,2.2177298069000244,rms_matched,False
694,4fcdd17805b736cac2dc920985d2187185e759b54d9cfe7d2654dd8f4aff10e630e579edcb5cb4d04f215bebe6d096d9e932203345ad7272e889beca6a5c20e7,hindi_griffinlim_eval_final/real_hindi/hindi_real_0694.wav,1,5.148,-1.3499298095703125,1.9963834285736084,rms_matched,False
694,4fcdd17805b736cac2dc920985d2187185e759b54d9cfe7d2654dd8f4aff10e630e579edcb5cb4d04f215bebe6d096d9e932203345ad7272e889beca6a5c20e7,hindi_griffinlim_eval_final/fake_hindi_griffinlim/hindi_fake_0694.wav,0,5.148,-2.227123260498047,2.973389148712158,rms_matched,False
695,ff8f23f061245d69de7cccf1ee33e0ebd713c56e08f5a4a2f4732746be391af221f711cf9aee47cf8cc4c6402985c5231bff4ac03eaaa1e1a1cef4e1cdaf2936,hindi_griffinlim_eval_final/real_hindi/hindi_real_0695.wav,1,6.948,1.878829836845398,-2.4976372718811035,rms_matched,False
695,ff8f23f061245d69de7cccf1ee33e0ebd713c56e08f5a4a2f4732746be391af221f711cf9aee47cf8cc4c6402985c5231bff4ac03eaaa1e1a1cef4e1cdaf2936,hindi_griffinlim_eval_final/fake_hindi_griffinlim/hindi_fake_0695.wav,0,6.948,0.2703346312046051,-0.5522415041923523,rms_matched,False
696,755950c6eb4b91d87a8d62458e27e794e08783fbb4e47b61730e21bb685a9d3634dab0401114292ec8b3d3a282e0248c34c8868056fdb057716c14ae2b9844fc,hindi_griffinlim_eval_final/real_hindi/hindi_real_0696.wav,1,3.744,2.486921548843384,-3.2146944999694824,peak_normalized,True
696,755950c6eb4b91d87a8d62458e27e794e08783fbb4e47b61730e21bb685a9d3634dab0401114292ec8b3d3a282e0248c34c8868056fdb057716c14ae2b9844fc,hindi_griffinlim_eval_final/fake_hindi_griffinlim/hindi_fake_0696.wav,0,3.744,-0.47258222103118896,0.5036319494247437,peak_normalized,True
697,e3d7f69caea5efb2f5319a49faacdc76440549b08282bef1d81bc2ce2e823cf05f2bbb7d1ec46ef4f681113376a098b117c1ac6a8b1dfe88acf27fa6a9961f31,hindi_griffinlim_eval_final/real_hindi/hindi_real_0697.wav,1,4.5,4.742135047912598,-5.891912460327148,rms_matched,False
697,e3d7f69caea5efb2f5319a49faacdc76440549b08282bef1d81bc2ce2e823cf05f2bbb7d1ec46ef4f681113376a098b117c1ac6a8b1dfe88acf27fa6a9961f31,hindi_griffinlim_eval_final/fake_hindi_griffinlim/hindi_fake_0697.wav,0,4.5,-3.0168442726135254,3.8605167865753174,rms_matched,False
698,2270a4902001989b755fb2acc9d13918db9f6f89d7d5b1cf38d55ba7ef62d366249b464061d0c3df63c12f38b738d552ba6e854c9e09ebf766f61506d2a1732e,hindi_griffinlim_eval_final/real_hindi/hindi_real_0698.wav,1,2.988,0.09680771827697754,-0.26785027980804443,rms_matched,False
698,2270a4902001989b755fb2acc9d13918db9f6f89d7d5b1cf38d55ba7ef62d366249b464061d0c3df63c12f38b738d552ba6e854c9e09ebf766f61506d2a1732e,hindi_griffinlim_eval_final/fake_hindi_griffinlim/hindi_fake_0698.wav,0,2.988,6.533899307250977,-8.492599487304688,rms_matched,False
699,ffb5eeb570d2ef310e46742868405151da6adb390253787708f24b730c59c01b34656465701e80b1157e9b0f9421b9a06a454f56e2a3a4bdfbf5c6c64addad11,hindi_griffinlim_eval_final/real_hindi/hindi_real_0699.wav,1,4.248,5.407168865203857,-6.952066421508789,rms_matched,False
699,ffb5eeb570d2ef310e46742868405151da6adb390253787708f24b730c59c01b34656465701e80b1157e9b0f9421b9a06a454f56e2a3a4bdfbf5c6c64addad11,hindi_griffinlim_eval_final/fake_hindi_griffinlim/hindi_fake_0699.wav,0,4.248,-0.5858883857727051,1.1457651853561401,rms_matched,False
700,550c775712c46fac6b29f44c8e1e47790ad3d24a4596e9befdad47efbafbcd202634809eed3f54d8b62ec448b24bbe8a67c224d24ae7ed2b6870581a3fd2dcd3,hindi_griffinlim_eval_final/real_hindi/hindi_real_0700.wav,1,3.456,4.134897232055664,-5.330671310424805,rms_matched,False
700,550c775712c46fac6b29f44c8e1e47790ad3d24a4596e9befdad47efbafbcd202634809eed3f54d8b62ec448b24bbe8a67c224d24ae7ed2b6870581a3fd2dcd3,hindi_griffinlim_eval_final/fake_hindi_griffinlim/hindi_fake_0700.wav,0,3.456,-0.8420703411102295,1.3786468505859375,rms_matched,False
701,90b97ef0ba555036393f0384c8e6f86e4106dc805efe211de0476387e0aa1b4ba028900e2d59bd67c2c14f82e16765211bded26276241d0c0173fa32e166b9b2,hindi_griffinlim_eval_final/real_hindi/hindi_real_0701.wav,1,6.228,4.634753704071045,-5.818637847900391,rms_matched,False
701,90b97ef0ba555036393f0384c8e6f86e4106dc805efe211de0476387e0aa1b4ba028900e2d59bd67c2c14f82e16765211bded26276241d0c0173fa32e166b9b2,hindi_griffinlim_eval_final/fake_hindi_griffinlim/hindi_fake_0701.wav,0,6.228,3.3112611770629883,-4.0954179763793945,rms_matched,False
702,f8c05fcdb50a537ce73d8e72c60b569d19a31b8e0792bf6ea46d66c769fb708c0087e260a59f3e48f8272304ee14cb57fecdf53a2873f5d72ca5a3378a149caa,hindi_griffinlim_eval_final/real_hindi/hindi_real_0702.wav,1,3.744,0.6311835050582886,-0.8850955963134766,rms_matched,False
702,f8c05fcdb50a537ce73d8e72c60b569d19a31b8e0792bf6ea46d66c769fb708c0087e260a59f3e48f8272304ee14cb57fecdf53a2873f5d72ca5a3378a149caa,hindi_griffinlim_eval_final/fake_hindi_griffinlim/hindi_fake_0702.wav,0,3.744,-5.912537097930908,6.79968786239624,rms_matched,False
703,9c12887b11ae7ce76bcb5c4ca6b56f174e89c82f02c52c05b93ac7a40b6fb7b28d8474241a7dc36b3ad5b36eab48a209bf7e68a905ca64ac40b89e9311dec25d,hindi_griffinlim_eval_final/real_hindi/hindi_real_0703.wav,1,2.952,5.764549255371094,-7.310701370239258,rms_matched,False
703,9c12887b11ae7ce76bcb5c4ca6b56f174e89c82f02c52c05b93ac7a40b6fb7b28d8474241a7dc36b3ad5b36eab48a209bf7e68a905ca64ac40b89e9311dec25d,hindi_griffinlim_eval_final/fake_hindi_griffinlim/hindi_fake_0703.wav,0,2.952,6.7860307693481445,-8.807666778564453,rms_matched,False
704,9929c6f2b01a8c28f2e56c628d79399fb1e541643209aa4c5e28768681147947cad19a67ec59f260cf85a4586e3d35fe427119ab932c78c14583d719abff7062,hindi_griffinlim_eval_final/real_hindi/hindi_real_0704.wav,1,5.328,3.8255646228790283,-4.861019134521484,rms_matched,False
704,9929c6f2b01a8c28f2e56c628d79399fb1e541643209aa4c5e28768681147947cad19a67ec59f260cf85a4586e3d35fe427119ab932c78c14583d719abff7062,hindi_griffinlim_eval_final/fake_hindi_griffinlim/hindi_fake_0704.wav,0,5.328,-4.702993392944336,5.554317474365234,rms_matched,False
705,0eef353f918900f4b6b2c52b697013c0ac2340228d97696f460545e777a0a619dc934a6e2bdc5329525c74d683591af809ae5b8d4157abba6321a5b7366bb73e,hindi_griffinlim_eval_final/real_hindi/hindi_real_0705.wav,1,2.736,5.168359279632568,-6.685710906982422,rms_matched,False
705,0eef353f918900f4b6b2c52b697013c0ac2340228d97696f460545e777a0a619dc934a6e2bdc5329525c74d683591af809ae5b8d4157abba6321a5b7366bb73e,hindi_griffinlim_eval_final/fake_hindi_griffinlim/hindi_fake_0705.wav,0,2.736,7.04105281829834,-9.141990661621094,rms_matched,False
706,cba73505723d31fe1d355fd9c1ba00f36d72661f667b151bb2e4db347100a72793ca3d5351e0293af666bf35d2684deb3e4bbc6fe630ffabe699d80709a0ea07,hindi_griffinlim_eval_final/real_hindi/hindi_real_0706.wav,1,7.128,3.3254575729370117,-4.25100040435791,rms_matched,False
706,cba73505723d31fe1d355fd9c1ba00f36d72661f667b151bb2e4db347100a72793ca3d5351e0293af666bf35d2684deb3e4bbc6fe630ffabe699d80709a0ea07,hindi_griffinlim_eval_final/fake_hindi_griffinlim/hindi_fake_0706.wav,0,7.128,5.408735275268555,-6.884130477905273,rms_matched,False
707,bbc6419b468f96f9a81d7c8c0eeb06dc2ef630ef810662472bff59d9df3e43bc26b9d784d84faaa541a3d2e1541014302610a7426fb91797046b37d96bacaf2e,hindi_griffinlim_eval_final/real_hindi/hindi_real_0707.wav,1,6.66,1.9797868728637695,-2.6312060356140137,rms_matched,False
707,bbc6419b468f96f9a81d7c8c0eeb06dc2ef630ef810662472bff59d9df3e43bc26b9d784d84faaa541a3d2e1541014302610a7426fb91797046b37d96bacaf2e,hindi_griffinlim_eval_final/fake_hindi_griffinlim/hindi_fake_0707.wav,0,6.66,3.290879249572754,-3.8350741863250732,rms_matched,False
708,e0a36ee267ea8131975092e3f0b285cc85c2ecf0e47fa58a4f81eea8ef911bc2e939a2fe85859b96f77623060400a6ad1157350fd138ac8523288698254e8c4e,hindi_griffinlim_eval_final/real_hindi/hindi_real_0708.wav,1,5.292,0.6212539076805115,-1.152346134185791,rms_matched,False
708,e0a36ee267ea8131975092e3f0b285cc85c2ecf0e47fa58a4f81eea8ef911bc2e939a2fe85859b96f77623060400a6ad1157350fd138ac8523288698254e8c4e,hindi_griffinlim_eval_final/fake_hindi_griffinlim/hindi_fake_0708.wav,0,5.292,3.141845226287842,-3.8916878700256348,rms_matched,False
709,42adfde56dd3d69ed58436d1e8a55fac999afb0e390ebc65c299c3cd2b7258cb079683412241e54e7fa275e56a02bd19a10d6a17fead09988cd0fad2e6061e7b,hindi_griffinlim_eval_final/real_hindi/hindi_real_0709.wav,1,3.636,5.218118190765381,-6.711782455444336,rms_matched,False
709,42adfde56dd3d69ed58436d1e8a55fac999afb0e390ebc65c299c3cd2b7258cb079683412241e54e7fa275e56a02bd19a10d6a17fead09988cd0fad2e6061e7b,hindi_griffinlim_eval_final/fake_hindi_griffinlim/hindi_fake_0709.wav,0,3.636,-0.6658411026000977,1.018216848373413,rms_matched,False
710,3c47037b539064a039337a1c897e88029bf7cfb906524864e55c38b90aa9efe57730742089a7f2a1b508952b6272c39cd50f7d701230bde9d0afdf4fefc05d8a,hindi_griffinlim_eval_final/real_hindi/hindi_real_0710.wav,1,3.024,-1.5565510988235474,2.078674793243408,rms_matched,False
710,3c47037b539064a039337a1c897e88029bf7cfb906524864e55c38b90aa9efe57730742089a7f2a1b508952b6272c39cd50f7d701230bde9d0afdf4fefc05d8a,hindi_griffinlim_eval_final/fake_hindi_griffinlim/hindi_fake_0710.wav,0,3.024,-5.883216857910156,6.711485385894775,rms_matched,False
711,95cc33ae73783f08510cc8b475a3f7da1144f0cdbfbe42446afc4e8942bf842722a12076a164393f2c52e0db9026e5f129a90feb451956b70f7366a89e026f1c,hindi_griffinlim_eval_final/real_hindi/hindi_real_0711.wav,1,7.524,-0.6889789700508118,1.1283180713653564,rms_matched,False
711,95cc33ae73783f08510cc8b475a3f7da1144f0cdbfbe42446afc4e8942bf842722a12076a164393f2c52e0db9026e5f129a90feb451956b70f7366a89e026f1c,hindi_griffinlim_eval_final/fake_hindi_griffinlim/hindi_fake_0711.wav,0,7.524,6.975594997406006,-8.986680030822754,rms_matched,False
712,cb80d11c3532ab20b83037029cb1c2394ea6339f697e7101b9288365e3387903da82dc7d32bb6f1a45d5659f6ffacc187711e06195561c5e4f09721683bbd761,hindi_griffinlim_eval_final/real_hindi/hindi_real_0712.wav,1,3.816,6.160329818725586,-7.976712226867676,rms_matched,False
712,cb80d11c3532ab20b83037029cb1c2394ea6339f697e7101b9288365e3387903da82dc7d32bb6f1a45d5659f6ffacc187711e06195561c5e4f09721683bbd761,hindi_griffinlim_eval_final/fake_hindi_griffinlim/hindi_fake_0712.wav,0,3.816,-0.25601130723953247,-0.028294652700424194,rms_matched,False
713,e1687c2dade4c9e56bf74181a1c6eabd5d85fb05e2ded2d7f443e3cdf646f19b835db4fd303c73f3b7e94b0d03f6d27c4429abdaf1a56ee81e35ee7bc67bc67c,hindi_griffinlim_eval_final/real_hindi/hindi_real_0713.wav,1,3.348,0.5059695839881897,-0.7134273052215576,rms_matched,False
713,e1687c2dade4c9e56bf74181a1c6eabd5d85fb05e2ded2d7f443e3cdf646f19b835db4fd303c73f3b7e94b0d03f6d27c4429abdaf1a56ee81e35ee7bc67bc67c,hindi_griffinlim_eval_final/fake_hindi_griffinlim/hindi_fake_0713.wav,0,3.348,4.934873580932617,-6.235854625701904,rms_matched,False
714,f552d4cedc22293c27ab4a86fc3985ecf1bd8fe9e6664f6a835675acf4173fa94bfa392ddccd06a177ae2bf6e412212f42973dec10c26a7cfa02c48ddd7c7978,hindi_griffinlim_eval_final/real_hindi/hindi_real_0714.wav,1,4.14,2.412971019744873,-3.1780576705932617,rms_matched,False
714,f552d4cedc22293c27ab4a86fc3985ecf1bd8fe9e6664f6a835675acf4173fa94bfa392ddccd06a177ae2bf6e412212f42973dec10c26a7cfa02c48ddd7c7978,hindi_griffinlim_eval_final/fake_hindi_griffinlim/hindi_fake_0714.wav,0,4.14,-0.7207565307617188,1.361738681793213,rms_matched,False
715,424c16a8450e8b742c1380d9d38d919d880a36379e8c7e09126a2a8411022bc42cbae339c1d8dfd42695fb073ca783ed5e86b8a2531d11c4491259ab1378e445,hindi_griffinlim_eval_final/real_hindi/hindi_real_0715.wav,1,6.336,1.5622276067733765,-2.194568634033203,rms_matched,False
715,424c16a8450e8b742c1380d9d38d919d880a36379e8c7e09126a2a8411022bc42cbae339c1d8dfd42695fb073ca783ed5e86b8a2531d11c4491259ab1378e445,hindi_griffinlim_eval_final/fake_hindi_griffinlim/hindi_fake_0715.wav,0,6.336,7.0142927169799805,-9.100860595703125,rms_matched,False
716,2312b0d85bd1eb1a017264abf770df086e10cec218cf1ab48b90f9d7f621d8ae8372b07338224060fcac6cfb337fcfcb6966c160942f9fcec4c67e7f5df44520,hindi_griffinlim_eval_final/real_hindi/hindi_real_0716.wav,1,7.092,-4.64490270614624,5.426699638366699,peak_normalized,True
716,2312b0d85bd1eb1a017264abf770df086e10cec218cf1ab48b90f9d7f621d8ae8372b07338224060fcac6cfb337fcfcb6966c160942f9fcec4c67e7f5df44520,hindi_griffinlim_eval_final/fake_hindi_griffinlim/hindi_fake_0716.wav,0,7.092,-5.92591667175293,6.77656364440918,peak_normalized,True
717,da10f782c53d93ec1dbf793a1f5404dbdfd390c9abdacd218d0c47e2366a569d50841b5ad9075f9b83e2c16b9194ab1be1f91e407a546218999fa14e2b49a3eb,hindi_griffinlim_eval_final/real_hindi/hindi_real_0717.wav,1,3.936,5.008220672607422,-6.516308784484863,rms_matched,False
717,da10f782c53d93ec1dbf793a1f5404dbdfd390c9abdacd218d0c47e2366a569d50841b5ad9075f9b83e2c16b9194ab1be1f91e407a546218999fa14e2b49a3eb,hindi_griffinlim_eval_final/fake_hindi_griffinlim/hindi_fake_0717.wav,0,3.936,-3.1258718967437744,4.003207683563232,rms_matched,False
718,aabd80b27714da5c6b5d4592a6f29f161db3cb06672ab14afb56eaf550ac0be0c14536ba5df7358621f018a4bc767c8c8477eaa4746830cf31ec4cdbcc2193fc,hindi_griffinlim_eval_final/real_hindi/hindi_real_0718.wav,1,3.672,-0.0295741967856884,0.10447026789188385,rms_matched,False
718,aabd80b27714da5c6b5d4592a6f29f161db3cb06672ab14afb56eaf550ac0be0c14536ba5df7358621f018a4bc767c8c8477eaa4746830cf31ec4cdbcc2193fc,hindi_griffinlim_eval_final/fake_hindi_griffinlim/hindi_fake_0718.wav,0,3.672,6.102843284606934,-7.925144195556641,rms_matched,False
719,51ac71db84d066b7c2fe1dd940f0e75602010e8a2c0a23df2b47108a43c6df09aea35278f729be243a1d02576df693c13705cc367b391889be00e5a572b08fb5,hindi_griffinlim_eval_final/real_hindi/hindi_real_0719.wav,1,6.408,-3.910208225250244,4.657444953918457,rms_matched,False
719,51ac71db84d066b7c2fe1dd940f0e75602010e8a2c0a23df2b47108a43c6df09aea35278f729be243a1d02576df693c13705cc367b391889be00e5a572b08fb5,hindi_griffinlim_eval_final/fake_hindi_griffinlim/hindi_fake_0719.wav,0,6.408,-0.0614389143884182,0.18592533469200134,rms_matched,False
720,ec293248c910c28091014fec13d47bb69cc84f0b265ad0536d7e39390f3de510ab879fa3c23797defe85d8c846a4e148c971e28da6a90a647a9bc37eb03362bc,hindi_griffinlim_eval_final/real_hindi/hindi_real_0720.wav,1,4.356,4.509706497192383,-5.4929914474487305,rms_matched,False
720,ec293248c910c28091014fec13d47bb69cc84f0b265ad0536d7e39390f3de510ab879fa3c23797defe85d8c846a4e148c971e28da6a90a647a9bc37eb03362bc,hindi_griffinlim_eval_final/fake_hindi_griffinlim/hindi_fake_0720.wav,0,4.356,-2.037473440170288,2.720580577850342,rms_matched,False
721,6cd8f602bf899de8fa9a30238cb461650682d47e62a5d12042ec213877ca4d9f7f83e3635c1374cddf16260688058dddb7ba7f5466c279dadd85e033038b6b08,hindi_griffinlim_eval_final/real_hindi/hindi_real_0721.wav,1,7.596,-0.5123891830444336,0.4698961079120636,rms_matched,False
721,6cd8f602bf899de8fa9a30238cb461650682d47e62a5d12042ec213877ca4d9f7f83e3635c1374cddf16260688058dddb7ba7f5466c279dadd85e033038b6b08,hindi_griffinlim_eval_final/fake_hindi_griffinlim/hindi_fake_0721.wav,0,7.596,4.2143683433532715,-5.100107192993164,rms_matched,False
722,6b807daab3e34c4820b8d1479f760b35e44e818f9121ce49b70e8cf1fa61e9248b255de0499371b2da3b304c64dd088e8079a770832d3e1036b7d8fb52aebfc8,hindi_griffinlim_eval_final/real_hindi/hindi_real_0722.wav,1,5.58,-0.20245692133903503,0.2848320007324219,rms_matched,False
722,6b807daab3e34c4820b8d1479f760b35e44e818f9121ce49b70e8cf1fa61e9248b255de0499371b2da3b304c64dd088e8079a770832d3e1036b7d8fb52aebfc8,hindi_griffinlim_eval_final/fake_hindi_griffinlim/hindi_fake_0722.wav,0,5.58,-2.7622008323669434,3.5525174140930176,rms_matched,False
723,f45c7af99cc930fd6608f77ecb2d546727ab3df3d36731c90215b9a72ff548ff082f57c38aa6e6b7f2c905aa9f92f4f5dff3c954449ce05e56f8604bf1753618,hindi_griffinlim_eval_final/real_hindi/hindi_real_0723.wav,1,4.68,5.4864068031311035,-6.970747947692871,rms_matched,False
723,f45c7af99cc930fd6608f77ecb2d546727ab3df3d36731c90215b9a72ff548ff082f57c38aa6e6b7f2c905aa9f92f4f5dff3c954449ce05e56f8604bf1753618,hindi_griffinlim_eval_final/fake_hindi_griffinlim/hindi_fake_0723.wav,0,4.68,6.460705757141113,-8.318296432495117,rms_matched,False
724,37b6f1162616e55fc582c2dae2bad013d8c460c8c44a22899b8c6d8b306cbc3e2eec8eb0f3e9c12e912ccb39aa07d9334bfdfc914e2622b7e610d06cd5c47c70,hindi_griffinlim_eval_final/real_hindi/hindi_real_0724.wav,1,6.624,1.1803309917449951,-1.442232370376587,rms_matched,False
724,37b6f1162616e55fc582c2dae2bad013d8c460c8c44a22899b8c6d8b306cbc3e2eec8eb0f3e9c12e912ccb39aa07d9334bfdfc914e2622b7e610d06cd5c47c70,hindi_griffinlim_eval_final/fake_hindi_griffinlim/hindi_fake_0724.wav,0,6.624,-4.4754838943481445,5.390056610107422,rms_matched,False
725,f4acf13791d1ffc57965afc160c66ab08985a745fc07997aced0be646a308c8b8c3f851c7143204d02449b094fd7811bc980a05b337acdadb7e2a83dd9c9c2bb,hindi_griffinlim_eval_final/real_hindi/hindi_real_0725.wav,1,4.968,-6.1570353507995605,7.162509441375732,rms_matched,False
725,f4acf13791d1ffc57965afc160c66ab08985a745fc07997aced0be646a308c8b8c3f851c7143204d02449b094fd7811bc980a05b337acdadb7e2a83dd9c9c2bb,hindi_griffinlim_eval_final/fake_hindi_griffinlim/hindi_fake_0725.wav,0,4.968,-3.8738746643066406,4.7099995613098145,rms_matched,False
726,aaf6b52267451edd43f92433e040803b7c695022ac637484427c841d61dddefbc79acf6b684ebc2769e18c649d9b7a520a0041ecb7898d3f7e49d804f477a3ac,hindi_griffinlim_eval_final/real_hindi/hindi_real_0726.wav,1,3.132,-1.8372694253921509,2.4664463996887207,rms_matched,False
726,aaf6b52267451edd43f92433e040803b7c695022ac637484427c841d61dddefbc79acf6b684ebc2769e18c649d9b7a520a0041ecb7898d3f7e49d804f477a3ac,hindi_griffinlim_eval_final/fake_hindi_griffinlim/hindi_fake_0726.wav,0,3.132,6.538894176483154,-8.434505462646484,rms_matched,False
727,b9e669f9010e60c988c15c6c357649706d91c33219725e9a2b12fe7903fa536fc8b34a51ea158f2ba92027617b4944a2514cfa7beb4249f26b23754403940006,hindi_griffinlim_eval_final/real_hindi/hindi_real_0727.wav,1,5.508,1.692493200302124,-2.2651891708374023,rms_matched,False
727,b9e669f9010e60c988c15c6c357649706d91c33219725e9a2b12fe7903fa536fc8b34a51ea158f2ba92027617b4944a2514cfa7beb4249f26b23754403940006,hindi_griffinlim_eval_final/fake_hindi_griffinlim/hindi_fake_0727.wav,0,5.508,-5.885252952575684,6.798715591430664,rms_matched,False
728,dbe55388d2e8bae8e64412f527e29fa3691a1c13adcaa6b80313b3e475d2df28d0428a6151d9cd42018d943718c830d69a80c5bf8a6a88200e4c6ba36ad6a748,hindi_griffinlim_eval_final/real_hindi/hindi_real_0728.wav,1,4.224,0.3395373225212097,-0.24897947907447815,rms_matched,False
728,dbe55388d2e8bae8e64412f527e29fa3691a1c13adcaa6b80313b3e475d2df28d0428a6151d9cd42018d943718c830d69a80c5bf8a6a88200e4c6ba36ad6a748,hindi_griffinlim_eval_final/fake_hindi_griffinlim/hindi_fake_0728.wav,0,4.224,-2.624229907989502,3.5063283443450928,rms_matched,False
729,984398a9ba94c5ce43b621c6fee2c6092d5ea3632e0b605bf206a5ae59eba42401dbc36603073eec2117374293d2675a9847d91f1c71deeeeee7c5202840a1ea,hindi_griffinlim_eval_final/real_hindi/hindi_real_0729.wav,1,3.0,4.996578216552734,-6.360659122467041,rms_matched,False
729,984398a9ba94c5ce43b621c6fee2c6092d5ea3632e0b605bf206a5ae59eba42401dbc36603073eec2117374293d2675a9847d91f1c71deeeeee7c5202840a1ea,hindi_griffinlim_eval_final/fake_hindi_griffinlim/hindi_fake_0729.wav,0,3.0,0.12264186143875122,-0.051034703850746155,rms_matched,False
730,c7c4e5ded1e6121c38594d1e3bbb5a49f1d269f96c2591f9e2d4da7cf5c9cdc7598248c5d24452c832160a2503d344167242cafabc1dc3936e1a6065b281ae77,hindi_griffinlim_eval_final/real_hindi/hindi_real_0730.wav,1,7.512,-1.103148341178894,1.452871561050415,rms_matched,False
730,c7c4e5ded1e6121c38594d1e3bbb5a49f1d269f96c2591f9e2d4da7cf5c9cdc7598248c5d24452c832160a2503d344167242cafabc1dc3936e1a6065b281ae77,hindi_griffinlim_eval_final/fake_hindi_griffinlim/hindi_fake_0730.wav,0,7.512,-3.7990546226501465,4.432424068450928,rms_matched,False
731,667b36242d97d9f3edcf1ad89b30e576116248bed850abd8f8852c007009e17b15b9fe3776de3b0ab9053d43354b02bfb3f91c34bf13ab0d2ff8ebd00039a285,hindi_griffinlim_eval_final/real_hindi/hindi_real_0731.wav,1,5.868,-6.1254472732543945,6.991408348083496,rms_matched,False
731,667b36242d97d9f3edcf1ad89b30e576116248bed850abd8f8852c007009e17b15b9fe3776de3b0ab9053d43354b02bfb3f91c34bf13ab0d2ff8ebd00039a285,hindi_griffinlim_eval_final/fake_hindi_griffinlim/hindi_fake_0731.wav,0,5.868,4.5462141036987305,-5.548540115356445,rms_matched,False
732,9296b5aa6010d28b45a780046d322620298dbbf3189b322a311bd2aaf58e1b3d55d7ca923cccd5f1fadb32a84b85b5c86517b92c6cdefbcee928d6ea9af98645,hindi_griffinlim_eval_final/real_hindi/hindi_real_0732.wav,1,5.796,2.6048903465270996,-3.388909101486206,rms_matched,False
732,9296b5aa6010d28b45a780046d322620298dbbf3189b322a311bd2aaf58e1b3d55d7ca923cccd5f1fadb32a84b85b5c86517b92c6cdefbcee928d6ea9af98645,hindi_griffinlim_eval_final/fake_hindi_griffinlim/hindi_fake_0732.wav,0,5.796,-2.794511318206787,3.6126632690429688,rms_matched,False
733,ffb5eeb570d2ef310e46742868405151da6adb390253787708f24b730c59c01b34656465701e80b1157e9b0f9421b9a06a454f56e2a3a4bdfbf5c6c64addad11,hindi_griffinlim_eval_final/real_hindi/hindi_real_0733.wav,1,5.256,4.877632141113281,-6.1392107009887695,rms_matched,False
733,ffb5eeb570d2ef310e46742868405151da6adb390253787708f24b730c59c01b34656465701e80b1157e9b0f9421b9a06a454f56e2a3a4bdfbf5c6c64addad11,hindi_griffinlim_eval_final/fake_hindi_griffinlim/hindi_fake_0733.wav,0,5.256,-0.40684205293655396,0.8423137664794922,rms_matched,False
734,a1210b5258159b5fb5fda311977b3a1b077b5d1749ce67b7b03278d590973497324f9e4e7a0b17b1f52fc7639965c53871f3e0598c8743f3dd9b8671d147cdac,hindi_griffinlim_eval_final/real_hindi/hindi_real_0734.wav,1,2.268,6.044454097747803,-7.728172779083252,rms_matched,False
734,a1210b5258159b5fb5fda311977b3a1b077b5d1749ce67b7b03278d590973497324f9e4e7a0b17b1f52fc7639965c53871f3e0598c8743f3dd9b8671d147cdac,hindi_griffinlim_eval_final/fake_hindi_griffinlim/hindi_fake_0734.wav,0,2.268,-0.5910106897354126,1.0681663751602173,rms_matched,False
735,79741f3153a904c0ddeb1d81d69b137d61adb2a3f1c8ea30fd32a88a4f7028bbb73f1515f3cac14ad147b8c1845846d96d9333173f71677d207b7ff1357a37c5,hindi_griffinlim_eval_final/real_hindi/hindi_real_0735.wav,1,2.52,4.997292518615723,-6.415101528167725,rms_matched,False
735,79741f3153a904c0ddeb1d81d69b137d61adb2a3f1c8ea30fd32a88a4f7028bbb73f1515f3cac14ad147b8c1845846d96d9333173f71677d207b7ff1357a37c5,hindi_griffinlim_eval_final/fake_hindi_griffinlim/hindi_fake_0735.wav,0,2.52,-0.8368920683860779,1.3226253986358643,rms_matched,False
736,287db5b3c7065ffc1e6827c0bc87dc4a6b6a45c159642fe8d490d5adb6ce18a5b4b528f921503762bbb20b1fcd84f5f8256a9a11cd4ccf55964f301b416b08d2,hindi_griffinlim_eval_final/real_hindi/hindi_real_0736.wav,1,5.976,3.0900533199310303,-4.0500288009643555,rms_matched,False
736,287db5b3c7065ffc1e6827c0bc87dc4a6b6a45c159642fe8d490d5adb6ce18a5b4b528f921503762bbb20b1fcd84f5f8256a9a11cd4ccf55964f301b416b08d2,hindi_griffinlim_eval_final/fake_hindi_griffinlim/hindi_fake_0736.wav,0,5.976,-0.4280514717102051,0.7959191799163818,rms_matched,False
737,b3a9d00791dae63b944756627fdb96c21c53f4d69beef3a56780607d83e56d0a6faf52d5d704c925bb323f8b2c9a168a87c2cd94fcc3d3abf6b034c9e7f5cd77,hindi_griffinlim_eval_final/real_hindi/hindi_real_0737.wav,1,4.704,1.7918641567230225,-2.5068347454071045,rms_matched,False
737,b3a9d00791dae63b944756627fdb96c21c53f4d69beef3a56780607d83e56d0a6faf52d5d704c925bb323f8b2c9a168a87c2cd94fcc3d3abf6b034c9e7f5cd77,hindi_griffinlim_eval_final/fake_hindi_griffinlim/hindi_fake_0737.wav,0,4.704,-0.5453242063522339,1.1492468118667603,rms_matched,False
738,70c96a46f6827039223782fee3a93b99fa8168c84d3e5f9a0e2a1f16cfc1d62ad6f52d19ac175ad3ee541abd81068d089df3693e843b932053395156f6ff36b6,hindi_griffinlim_eval_final/real_hindi/hindi_real_0738.wav,1,4.428,-0.9416238069534302,1.4553875923156738,rms_matched,False
738,70c96a46f6827039223782fee3a93b99fa8168c84d3e5f9a0e2a1f16cfc1d62ad6f52d19ac175ad3ee541abd81068d089df3693e843b932053395156f6ff36b6,hindi_griffinlim_eval_final/fake_hindi_griffinlim/hindi_fake_0738.wav,0,4.428,-3.8353891372680664,4.707170486450195,rms_matched,False
739,75c6bb7203a8fae0c08c18b39bebaf7f25f86e3b2cdbb1dbd65927288474b3fa5b24c5c88144d238b93b8327677bdfbdf560078a95a3594a6b6ea7dbf3f3eec8,hindi_griffinlim_eval_final/real_hindi/hindi_real_0739.wav,1,7.308,4.897909164428711,-6.3969268798828125,rms_matched,False
739,75c6bb7203a8fae0c08c18b39bebaf7f25f86e3b2cdbb1dbd65927288474b3fa5b24c5c88144d238b93b8327677bdfbdf560078a95a3594a6b6ea7dbf3f3eec8,hindi_griffinlim_eval_final/fake_hindi_griffinlim/hindi_fake_0739.wav,0,7.308,-5.857580661773682,6.722805023193359,rms_matched,False
740,5a6f47bcb6c561dcfa6961b198d280ba77d188c7e511b84b1481770b1878583bcc74c8674f4f862c9ccbb54f4cfa3b2919ef94c8ace1c6fb22abe7c70365f402,hindi_griffinlim_eval_final/real_hindi/hindi_real_0740.wav,1,6.876,0.5357218384742737,-1.0783780813217163,rms_matched,False
740,5a6f47bcb6c561dcfa6961b198d280ba77d188c7e511b84b1481770b1878583bcc74c8674f4f862c9ccbb54f4cfa3b2919ef94c8ace1c6fb22abe7c70365f402,hindi_griffinlim_eval_final/fake_hindi_griffinlim/hindi_fake_0740.wav,0,6.876,-1.3543000221252441,1.991152048110962,rms_matched,False
741,b4069adc243cc7836a2bf30d44984b772c144f867bb92b4226209bcdc0783ee26b25bf51d2c4e42b8af14bfe3d183fb5aed4fd783bddc50d124f0970cce3dcd8,hindi_griffinlim_eval_final/real_hindi/hindi_real_0741.wav,1,3.6,6.015972137451172,-7.897173881530762,rms_matched,False
741,b4069adc243cc7836a2bf30d44984b772c144f867bb92b4226209bcdc0783ee26b25bf51d2c4e42b8af14bfe3d183fb5aed4fd783bddc50d124f0970cce3dcd8,hindi_griffinlim_eval_final/fake_hindi_griffinlim/hindi_fake_0741.wav,0,3.6,-1.0077309608459473,1.6257431507110596,rms_matched,False
742,1605878cdc4bdeab0724827abc448ec019fcc59763e097294754173714e955fe80a28c12eed4a39a58f442138b886e755cd644efb115aa2599c6e50a20e63a74,hindi_griffinlim_eval_final/real_hindi/hindi_real_0742.wav,1,4.752,5.510058403015137,-7.024567604064941,rms_matched,False
742,1605878cdc4bdeab0724827abc448ec019fcc59763e097294754173714e955fe80a28c12eed4a39a58f442138b886e755cd644efb115aa2599c6e50a20e63a74,hindi_griffinlim_eval_final/fake_hindi_griffinlim/hindi_fake_0742.wav,0,4.752,-1.0142444372177124,1.604217767715454,rms_matched,False
743,f4acf13791d1ffc57965afc160c66ab08985a745fc07997aced0be646a308c8b8c3f851c7143204d02449b094fd7811bc980a05b337acdadb7e2a83dd9c9c2bb,hindi_griffinlim_eval_final/real_hindi/hindi_real_0743.wav,1,4.5,-6.176873207092285,7.113173484802246,rms_matched,False
743,f4acf13791d1ffc57965afc160c66ab08985a745fc07997aced0be646a308c8b8c3f851c7143204d02449b094fd7811bc980a05b337acdadb7e2a83dd9c9c2bb,hindi_griffinlim_eval_final/fake_hindi_griffinlim/hindi_fake_0743.wav,0,4.5,-0.6901101469993591,1.2162630558013916,rms_matched,False
744,80ffb7f21aebcd96b01f5098bdf0f377f31fa297c2c30290be3dcd6a69b87e7570cd2e9ce41edb96038e485ce70cf75436dba4a0c7925bb36a68db134979c585,hindi_griffinlim_eval_final/real_hindi/hindi_real_0744.wav,1,6.804,-4.454468727111816,5.332344055175781,rms_matched,False
744,80ffb7f21aebcd96b01f5098bdf0f377f31fa297c2c30290be3dcd6a69b87e7570cd2e9ce41edb96038e485ce70cf75436dba4a0c7925bb36a68db134979c585,hindi_griffinlim_eval_final/fake_hindi_griffinlim/hindi_fake_0744.wav,0,6.804,-2.8475399017333984,3.7651805877685547,rms_matched,False
745,cb80d11c3532ab20b83037029cb1c2394ea6339f697e7101b9288365e3387903da82dc7d32bb6f1a45d5659f6ffacc187711e06195561c5e4f09721683bbd761,hindi_griffinlim_eval_final/real_hindi/hindi_real_0745.wav,1,5.304,5.261900424957275,-6.629998207092285,rms_matched,False
745,cb80d11c3532ab20b83037029cb1c2394ea6339f697e7101b9288365e3387903da82dc7d32bb6f1a45d5659f6ffacc187711e06195561c5e4f09721683bbd761,hindi_griffinlim_eval_final/fake_hindi_griffinlim/hindi_fake_0745.wav,0,5.304,-3.2378506660461426,4.096688270568848,rms_matched,False
746,51ac71db84d066b7c2fe1dd940f0e75602010e8a2c0a23df2b47108a43c6df09aea35278f729be243a1d02576df693c13705cc367b391889be00e5a572b08fb5,hindi_griffinlim_eval_final/real_hindi/hindi_real_0746.wav,1,6.516,-2.490536689758301,3.1703882217407227,rms_matched,False
746,51ac71db84d066b7c2fe1dd940f0e75602010e8a2c0a23df2b47108a43c6df09aea35278f729be243a1d02576df693c13705cc367b391889be00e5a572b08fb5,hindi_griffinlim_eval_final/fake_hindi_griffinlim/hindi_fake_0746.wav,0,6.516,-0.4907054901123047,0.999495804309845,rms_matched,False
747,93f71918fbe69cad830cb49211cb10c9344e04ceca427ea39db38c8b5f5f200a4706f0a12646585364ff3b44f3bb75784005797e3e3259fd9579fa985955b3ac,hindi_griffinlim_eval_final/real_hindi/hindi_real_0747.wav,1,3.384,-0.022145193070173264,0.1694878488779068,rms_matched,False
747,93f71918fbe69cad830cb49211cb10c9344e04ceca427ea39db38c8b5f5f200a4706f0a12646585364ff3b44f3bb75784005797e3e3259fd9579fa985955b3ac,hindi_griffinlim_eval_final/fake_hindi_griffinlim/hindi_fake_0747.wav,0,3.384,-1.733687162399292,2.6192901134490967,rms_matched,False
748,7a089d86c2c82f061df264f419453e3740e2a7e030b13163f8802012baaa04bb35130896e3ee83c688d07bce1c74d40e83dabdca6a911dc25d15f97ebb75b7e4,hindi_griffinlim_eval_final/real_hindi/hindi_real_0748.wav,1,4.14,5.648431777954102,-7.311733245849609,rms_matched,False
748,7a089d86c2c82f061df264f419453e3740e2a7e030b13163f8802012baaa04bb35130896e3ee83c688d07bce1c74d40e83dabdca6a911dc25d15f97ebb75b7e4,hindi_griffinlim_eval_final/fake_hindi_griffinlim/hindi_fake_0748.wav,0,4.14,-0.5484775304794312,0.34780701994895935,rms_matched,False
749,58913ffb4a411d7b14318c0cadbfb8ccdf1ed3dd5c7173b948c382329be9bb3fd15f6a5b863c94639786da4b32fa679087d9b0d4a04711dec86e1b82ed92c369,hindi_griffinlim_eval_final/real_hindi/hindi_real_0749.wav,1,7.668,-4.148508071899414,4.8166913986206055,peak_normalized,True
749,58913ffb4a411d7b14318c0cadbfb8ccdf1ed3dd5c7173b948c382329be9bb3fd15f6a5b863c94639786da4b32fa679087d9b0d4a04711dec86e1b82ed92c369,hindi_griffinlim_eval_final/fake_hindi_griffinlim/hindi_fake_0749.wav,0,7.668,-5.927372932434082,6.820405960083008,peak_normalized,True
750,aae384c088b18eed8da9fe141de09f584054ad55ee2a6514c682c1bd425784ed886c928e35a66fa611ccad98b44274839b2b5f7c3fe678e1c8740cfc90389187,hindi_griffinlim_eval_final/real_hindi/hindi_real_0750.wav,1,2.7,0.4897955358028412,-0.7010905146598816,rms_matched,False
750,aae384c088b18eed8da9fe141de09f584054ad55ee2a6514c682c1bd425784ed886c928e35a66fa611ccad98b44274839b2b5f7c3fe678e1c8740cfc90389187,hindi_griffinlim_eval_final/fake_hindi_griffinlim/hindi_fake_0750.wav,0,2.7,-5.547385215759277,6.221900463104248,rms_matched,False
751,daa76944376a4ffb1588dd2a305c507bc1b8e14eafbbb1784aba0d0e901a3ceccaa5f1d84909bc13f2ff0ab6c7facb2ac2e487daed3470c7fe44022f33cd2a26,hindi_griffinlim_eval_final/real_hindi/hindi_real_0751.wav,1,4.428,2.2600629329681396,-2.979199171066284,rms_matched,False
751,daa76944376a4ffb1588dd2a305c507bc1b8e14eafbbb1784aba0d0e901a3ceccaa5f1d84909bc13f2ff0ab6c7facb2ac2e487daed3470c7fe44022f33cd2a26,hindi_griffinlim_eval_final/fake_hindi_griffinlim/hindi_fake_0751.wav,0,4.428,-0.311032772064209,0.517808198928833,rms_matched,False
752,5ed8ac2780bfa08239e0aaa23e691fbf20930452cfd1163db395388d3dbff09ffc862aedc9ce80763a39a782ecb2ad5f729198b4f8565adbfc50bb5327957cc2,hindi_griffinlim_eval_final/real_hindi/hindi_real_0752.wav,1,6.3,-0.4916633367538452,0.7614760398864746,rms_matched,False
752,5ed8ac2780bfa08239e0aaa23e691fbf20930452cfd1163db395388d3dbff09ffc862aedc9ce80763a39a782ecb2ad5f729198b4f8565adbfc50bb5327957cc2,hindi_griffinlim_eval_final/fake_hindi_griffinlim/hindi_fake_0752.wav,0,6.3,-0.6393729448318481,1.0750229358673096,rms_matched,False
753,1963c5f396b43a02ea6a7cf2cacaafb042bfe53209c711d2325e2e4cfd7185370746e463b5ceb83f9ac807e048b8891b494db95e3bd7eccfbef896877eea9bbc,hindi_griffinlim_eval_final/real_hindi/hindi_real_0753.wav,1,5.76,-0.8358008861541748,1.1272438764572144,rms_matched,False
753,1963c5f396b43a02ea6a7cf2cacaafb042bfe53209c711d2325e2e4cfd7185370746e463b5ceb83f9ac807e048b8891b494db95e3bd7eccfbef896877eea9bbc,hindi_griffinlim_eval_final/fake_hindi_griffinlim/hindi_fake_0753.wav,0,5.76,-5.557896137237549,6.3635149002075195,rms_matched,False
754,6f3cdaef649635685d3a90ee62bab981848e6ed6f25f28b9b43c2f3d4ac51b4e42a36ead3b4b83add1e9bd60f0c66f05ecfe7c7c5154b6345a1c2f1c85b32fa8,hindi_griffinlim_eval_final/real_hindi/hindi_real_0754.wav,1,4.068,5.783858299255371,-7.459699630737305,rms_matched,False
754,6f3cdaef649635685d3a90ee62bab981848e6ed6f25f28b9b43c2f3d4ac51b4e42a36ead3b4b83add1e9bd60f0c66f05ecfe7c7c5154b6345a1c2f1c85b32fa8,hindi_griffinlim_eval_final/fake_hindi_griffinlim/hindi_fake_0754.wav,0,4.068,-4.554951190948486,5.339440822601318,rms_matched,False
755,5910123d516315dfc2a43523d5cbc63444096a4cd38bb8b772155e3c51fb2f1eb673beaa1603de242ad8aa5dafe9d0ebd85a1c02bc6a7ee45e636585932306ae,hindi_griffinlim_eval_final/real_hindi/hindi_real_0755.wav,1,4.284,5.977588653564453,-7.669498443603516,rms_matched,False
755,5910123d516315dfc2a43523d5cbc63444096a4cd38bb8b772155e3c51fb2f1eb673beaa1603de242ad8aa5dafe9d0ebd85a1c02bc6a7ee45e636585932306ae,hindi_griffinlim_eval_final/fake_hindi_griffinlim/hindi_fake_0755.wav,0,4.284,6.980621814727783,-9.027190208435059,rms_matched,False
756,4f7f65a3c1d0ad3bc8c1b1b9d1f99a33e4785aac4a57bf5803876af5b7bd8c4d96f9ce70fa5d287f0aa26fa4aa86e8572fa595a5554dc71ae32d82496237da62,hindi_griffinlim_eval_final/real_hindi/hindi_real_0756.wav,1,5.088,3.834101915359497,-4.863443374633789,peak_normalized,True
756,4f7f65a3c1d0ad3bc8c1b1b9d1f99a33e4785aac4a57bf5803876af5b7bd8c4d96f9ce70fa5d287f0aa26fa4aa86e8572fa595a5554dc71ae32d82496237da62,hindi_griffinlim_eval_final/fake_hindi_griffinlim/hindi_fake_0756.wav,0,5.088,3.105654716491699,-3.858402729034424,peak_normalized,True
757,53c5dd7ebb08179dca2b5f3992b991b3d28288202e01a950d1e70510db84b5cdf9cb5e72803a4212e7428e60b2ddda26a81dbdc01410725d0d6de265d86cb530,hindi_griffinlim_eval_final/real_hindi/hindi_real_0757.wav,1,4.716,4.284157752990723,-5.356724262237549,rms_matched,False
757,53c5dd7ebb08179dca2b5f3992b991b3d28288202e01a950d1e70510db84b5cdf9cb5e72803a4212e7428e60b2ddda26a81dbdc01410725d0d6de265d86cb530,hindi_griffinlim_eval_final/fake_hindi_griffinlim/hindi_fake_0757.wav,0,4.716,-0.7535597085952759,1.204519271850586,rms_matched,False
758,47de2452e6533a1ac8008a109922c7796071e6e7184f269fea46f1c268cfea53c4370dc1ad37390e369be03a0da5f16fbb9a2a141b8fc250384fa18fb23deae4,hindi_griffinlim_eval_final/real_hindi/hindi_real_0758.wav,1,6.696,1.6986396312713623,-2.252136707305908,rms_matched,False
758,47de2452e6533a1ac8008a109922c7796071e6e7184f269fea46f1c268cfea53c4370dc1ad37390e369be03a0da5f16fbb9a2a141b8fc250384fa18fb23deae4,hindi_griffinlim_eval_final/fake_hindi_griffinlim/hindi_fake_0758.wav,0,6.696,6.431597709655762,-8.322595596313477,rms_matched,False
759,389842e0cd33cfb9876ef3d2f0e50eb0d9842d3a72efb647244e2cab4f456609c2fe3c3584b5307808cc70d8a9f6cbc18617ef2eadf45ed518b03c0dee8dfd87,hindi_griffinlim_eval_final/real_hindi/hindi_real_0759.wav,1,4.296,5.2591705322265625,-6.92751932144165,rms_matched,False
759,389842e0cd33cfb9876ef3d2f0e50eb0d9842d3a72efb647244e2cab4f456609c2fe3c3584b5307808cc70d8a9f6cbc18617ef2eadf45ed518b03c0dee8dfd87,hindi_griffinlim_eval_final/fake_hindi_griffinlim/hindi_fake_0759.wav,0,4.296,3.1354684829711914,-4.123573303222656,rms_matched,False
760,551ead2654838dfeb5faff96cbcc6d7ca4ac208e9f84293d31d5c89ae3e612bcc525e7f2cc8a050c834c1d550d9880c84e908cf0c4e90a885b36001c989f7aa6,hindi_griffinlim_eval_final/real_hindi/hindi_real_0760.wav,1,5.04,5.144608497619629,-6.649449348449707,rms_matched,False
760,551ead2654838dfeb5faff96cbcc6d7ca4ac208e9f84293d31d5c89ae3e612bcc525e7f2cc8a050c834c1d550d9880c84e908cf0c4e90a885b36001c989f7aa6,hindi_griffinlim_eval_final/fake_hindi_griffinlim/hindi_fake_0760.wav,0,5.04,-0.5246462821960449,1.1486281156539917,rms_matched,False
761,df520ae6630f89c5941ffecf315f19953bdca51d6b7beb825aacd71405cc44f29ad01463f8b079cb10faf201b544d74dfd136f3353babacd39f80623d2c64bb7,hindi_griffinlim_eval_final/real_hindi/hindi_real_0761.wav,1,5.94,5.077478408813477,-6.625121593475342,rms_matched,False
761,df520ae6630f89c5941ffecf315f19953bdca51d6b7beb825aacd71405cc44f29ad01463f8b079cb10faf201b544d74dfd136f3353babacd39f80623d2c64bb7,hindi_griffinlim_eval_final/fake_hindi_griffinlim/hindi_fake_0761.wav,0,5.94,-1.5441299676895142,2.2284114360809326,rms_matched,False
762,a77463c4923319faa0aa9e316c75a0c0b8b57506ca68d5ae159872b937710f58e5559c8f319e0d9b23c3c80f7bff29a739634859ac38c3cb38e1f278cc7d4b97,hindi_griffinlim_eval_final/real_hindi/hindi_real_0762.wav,1,5.4,1.9779683351516724,-2.6386594772338867,rms_matched,False
762,a77463c4923319faa0aa9e316c75a0c0b8b57506ca68d5ae159872b937710f58e5559c8f319e0d9b23c3c80f7bff29a739634859ac38c3cb38e1f278cc7d4b97,hindi_griffinlim_eval_final/fake_hindi_griffinlim/hindi_fake_0762.wav,0,5.4,0.00046179816126823425,-0.15037375688552856,rms_matched,False
763,038cbd3b3ba6f4aa92f2c4c86ba365b95aeb66bfafd37c2803b769b28c260573e0387b85d8ce77f0fea215ffc971b366a14916fe782fc7b0c238062ec238b0c3,hindi_griffinlim_eval_final/real_hindi/hindi_real_0763.wav,1,4.86,5.000481605529785,-6.423867225646973,rms_matched,False
763,038cbd3b3ba6f4aa92f2c4c86ba365b95aeb66bfafd37c2803b769b28c260573e0387b85d8ce77f0fea215ffc971b366a14916fe782fc7b0c238062ec238b0c3,hindi_griffinlim_eval_final/fake_hindi_griffinlim/hindi_fake_0763.wav,0,4.86,4.043201923370361,-4.908626556396484,rms_matched,False
764,f4acf13791d1ffc57965afc160c66ab08985a745fc07997aced0be646a308c8b8c3f851c7143204d02449b094fd7811bc980a05b337acdadb7e2a83dd9c9c2bb,hindi_griffinlim_eval_final/real_hindi/hindi_real_0764.wav,1,3.42,-6.042701721191406,6.912835121154785,rms_matched,False
764,f4acf13791d1ffc57965afc160c66ab08985a745fc07997aced0be646a308c8b8c3f851c7143204d02449b094fd7811bc980a05b337acdadb7e2a83dd9c9c2bb,hindi_griffinlim_eval_final/fake_hindi_griffinlim/hindi_fake_0764.wav,0,3.42,-4.866737365722656,5.667405128479004,rms_matched,False
765,2d27b396006a861ca7b1d045b46c33a62ae2f394d1da44c60a21ec6da2cbb9bbd3c7db23f5bdf57b185987f7c6157ac50f6af45751dff9a96bafc3fe6b5bea2e,hindi_griffinlim_eval_final/real_hindi/hindi_real_0765.wav,1,5.796,-0.749669075012207,1.0342028141021729,rms_matched,False
765,2d27b396006a861ca7b1d045b46c33a62ae2f394d1da44c60a21ec6da2cbb9bbd3c7db23f5bdf57b185987f7c6157ac50f6af45751dff9a96bafc3fe6b5bea2e,hindi_griffinlim_eval_final/fake_hindi_griffinlim/hindi_fake_0765.wav,0,5.796,-1.608324646949768,2.4084811210632324,rms_matched,False
766,c0c130a042ca336930590bd4ee7ac3a1ddc31953a4a5848ca2b8dc92142e738a1624463ce88100c1acf4fd19242bfcfc04b6c62c0f89e7a958ff9f02f6520a51,hindi_griffinlim_eval_final/real_hindi/hindi_real_0766.wav,1,7.308,5.993295192718506,-7.63887882232666,rms_matched,False
766,c0c130a042ca336930590bd4ee7ac3a1ddc31953a4a5848ca2b8dc92142e738a1624463ce88100c1acf4fd19242bfcfc04b6c62c0f89e7a958ff9f02f6520a51,hindi_griffinlim_eval_final/fake_hindi_griffinlim/hindi_fake_0766.wav,0,7.308,-0.48851728439331055,0.9530012011528015,rms_matched,False
767,0f018a99663f33afbb7d38aee281fb1afcfd07f9e7acd00383f604e1e17c38d6ed8adf1bd2ccbf927a52c5adefb8ac4b158ce27a7c2ed9581e71202eb302dfb3,hindi_griffinlim_eval_final/real_hindi/hindi_real_0767.wav,1,6.696,1.5032762289047241,-2.2830166816711426,rms_matched,False
767,0f018a99663f33afbb7d38aee281fb1afcfd07f9e7acd00383f604e1e17c38d6ed8adf1bd2ccbf927a52c5adefb8ac4b158ce27a7c2ed9581e71202eb302dfb3,hindi_griffinlim_eval_final/fake_hindi_griffinlim/hindi_fake_0767.wav,0,6.696,-0.2268870323896408,0.31033506989479065,rms_matched,False
768,389842e0cd33cfb9876ef3d2f0e50eb0d9842d3a72efb647244e2cab4f456609c2fe3c3584b5307808cc70d8a9f6cbc18617ef2eadf45ed518b03c0dee8dfd87,hindi_griffinlim_eval_final/real_hindi/hindi_real_0768.wav,1,7.536,5.50424861907959,-7.068322658538818,rms_matched,False
768,389842e0cd33cfb9876ef3d2f0e50eb0d9842d3a72efb647244e2cab4f456609c2fe3c3584b5307808cc70d8a9f6cbc18617ef2eadf45ed518b03c0dee8dfd87,hindi_griffinlim_eval_final/fake_hindi_griffinlim/hindi_fake_0768.wav,0,7.536,-2.4008917808532715,3.177887439727783,rms_matched,False
769,a3c9eb18e51d74ec5fbf9ca9ca1d5edf24c691d0f685ef2ffc8689d107710a300eec2172a79cc039b119ebc451ab794cb8519ce2d3c37209c7f24649089a7fc2,hindi_griffinlim_eval_final/real_hindi/hindi_real_0769.wav,1,3.132,5.585115432739258,-6.973095417022705,rms_matched,False
769,a3c9eb18e51d74ec5fbf9ca9ca1d5edf24c691d0f685ef2ffc8689d107710a300eec2172a79cc039b119ebc451ab794cb8519ce2d3c37209c7f24649089a7fc2,hindi_griffinlim_eval_final/fake_hindi_griffinlim/hindi_fake_0769.wav,0,3.132,4.291982173919678,-5.260698318481445,rms_matched,False
770,c7a77aac9398049c593a06e3bde552061eb033612d2266a548202cc8790a06dd5c5c4fb002e8013ef38f94abed95b3bea0e56c4cb6aa8deecf7c63373764826d,hindi_griffinlim_eval_final/real_hindi/hindi_real_0770.wav,1,5.328,-1.2199128866195679,1.6642704010009766,rms_matched,False
770,c7a77aac9398049c593a06e3bde552061eb033612d2266a548202cc8790a06dd5c5c4fb002e8013ef38f94abed95b3bea0e56c4cb6aa8deecf7c63373764826d,hindi_griffinlim_eval_final/fake_hindi_griffinlim/hindi_fake_0770.wav,0,5.328,-5.929584503173828,6.795018196105957,rms_matched,False
771,36062260d676bde6039ce120c376465b2bd64e0699bac4f5ccf693568a39376a0cbc895a1c3ad2b74de0236420dc51f0dc3bc8d7f1fcac394756286a2c426056,hindi_griffinlim_eval_final/real_hindi/hindi_real_0771.wav,1,7.02,1.4227291345596313,-1.5458405017852783,peak_normalized,True
771,36062260d676bde6039ce120c376465b2bd64e0699bac4f5ccf693568a39376a0cbc895a1c3ad2b74de0236420dc51f0dc3bc8d7f1fcac394756286a2c426056,hindi_griffinlim_eval_final/fake_hindi_griffinlim/hindi_fake_0771.wav,0,7.02,-2.0796122550964355,2.582242012023926,peak_normalized,True
772,4f7f65a3c1d0ad3bc8c1b1b9d1f99a33e4785aac4a57bf5803876af5b7bd8c4d96f9ce70fa5d287f0aa26fa4aa86e8572fa595a5554dc71ae32d82496237da62,hindi_griffinlim_eval_final/real_hindi/hindi_real_0772.wav,1,3.864,5.28482723236084,-6.782093048095703,peak_normalized,True
772,4f7f65a3c1d0ad3bc8c1b1b9d1f99a33e4785aac4a57bf5803876af5b7bd8c4d96f9ce70fa5d287f0aa26fa4aa86e8572fa595a5554dc71ae32d82496237da62,hindi_griffinlim_eval_final/fake_hindi_griffinlim/hindi_fake_0772.wav,0,3.864,3.784463882446289,-4.951815605163574,peak_normalized,True
773,2b0295a46df33cca7111334e28048e4ca8856ac39e51ceba5d127c2defec2c84aa3dbbe0b2cd9a0057a3710d4ca5936186ac62306a21dbc4f493acb9486d1452,hindi_griffinlim_eval_final/real_hindi/hindi_real_0773.wav,1,6.66,1.9889482259750366,-2.3966386318206787,rms_matched,False
773,2b0295a46df33cca7111334e28048e4ca8856ac39e51ceba5d127c2defec2c84aa3dbbe0b2cd9a0057a3710d4ca5936186ac62306a21dbc4f493acb9486d1452,hindi_griffinlim_eval_final/fake_hindi_griffinlim/hindi_fake_0773.wav,0,6.66,3.783698081970215,-4.595510482788086,rms_matched,False
774,cc1693f2d0cabb0990f6510436b2406fbe0c4858c27f2c0b104c5f5c2499816770058f47af5d1bee60ed9027a18d60ad2e9dec2e2c3476373afe61afa078a3a4,hindi_griffinlim_eval_final/real_hindi/hindi_real_0774.wav,1,5.832,5.996272563934326,-7.678362846374512,rms_matched,False
774,cc1693f2d0cabb0990f6510436b2406fbe0c4858c27f2c0b104c5f5c2499816770058f47af5d1bee60ed9027a18d60ad2e9dec2e2c3476373afe61afa078a3a4,hindi_griffinlim_eval_final/fake_hindi_griffinlim/hindi_fake_0774.wav,0,5.832,4.894962310791016,-6.129701137542725,rms_matched,False
775,984398a9ba94c5ce43b621c6fee2c6092d5ea3632e0b605bf206a5ae59eba42401dbc36603073eec2117374293d2675a9847d91f1c71deeeeee7c5202840a1ea,hindi_griffinlim_eval_final/real_hindi/hindi_real_0775.wav,1,6.504,2.5158793926239014,-3.2486512660980225,rms_matched,False
775,984398a9ba94c5ce43b621c6fee2c6092d5ea3632e0b605bf206a5ae59eba42401dbc36603073eec2117374293d2675a9847d91f1c71deeeeee7c5202840a1ea,hindi_griffinlim_eval_final/fake_hindi_griffinlim/hindi_fake_0775.wav,0,6.504,1.1425813436508179,-1.7643836736679077,rms_matched,False
776,b4069adc243cc7836a2bf30d44984b772c144f867bb92b4226209bcdc0783ee26b25bf51d2c4e42b8af14bfe3d183fb5aed4fd783bddc50d124f0970cce3dcd8,hindi_griffinlim_eval_final/real_hindi/hindi_real_0776.wav,1,7.308,3.1006953716278076,-3.85538387298584,rms_matched,False
776,b4069adc243cc7836a2bf30d44984b772c144f867bb92b4226209bcdc0783ee26b25bf51d2c4e42b8af14bfe3d183fb5aed4fd783bddc50d124f0970cce3dcd8,hindi_griffinlim_eval_final/fake_hindi_griffinlim/hindi_fake_0776.wav,0,7.308,-5.696816444396973,6.532283306121826,rms_matched,False
777,6ebad08c5960e5ac3ec20197f173828d6da580b660c01794cdd4270089cdd590b3d512277ba38e372e860e7e9e9d9621fbeec2edd3ab07dcfe713a646c246543,hindi_griffinlim_eval_final/real_hindi/hindi_real_0777.wav,1,4.968,-0.512515664100647,0.5228556990623474,rms_matched,False
777,6ebad08c5960e5ac3ec20197f173828d6da580b660c01794cdd4270089cdd590b3d512277ba38e372e860e7e9e9d9621fbeec2edd3ab07dcfe713a646c246543,hindi_griffinlim_eval_final/fake_hindi_griffinlim/hindi_fake_0777.wav,0,4.968,-3.095308780670166,3.915907382965088,rms_matched,False
778,9564825a0829d21edd512e0523b3dccf946f9cd0f8b90c2589961c1867f2100b337df3df56dcee0dbdc7b4f23de4dc7d2af884dea2f7a3f6a3f3dc081879acfa,hindi_griffinlim_eval_final/real_hindi/hindi_real_0778.wav,1,6.048,5.935795783996582,-7.566067695617676,rms_matched,False
778,9564825a0829d21edd512e0523b3dccf946f9cd0f8b90c2589961c1867f2100b337df3df56dcee0dbdc7b4f23de4dc7d2af884dea2f7a3f6a3f3dc081879acfa,hindi_griffinlim_eval_final/fake_hindi_griffinlim/hindi_fake_0778.wav,0,6.048,3.748457431793213,-4.696761608123779,rms_matched,False
779,eb0cf518c980fbaafc44b52459e6edc777cf01758412dc63e1de49438b83b2d292941510deee22dd7111854884991b9e9fc276183f07dc59d4a6c8174d8da2dd,hindi_griffinlim_eval_final/real_hindi/hindi_real_0779.wav,1,4.68,5.368922233581543,-7.087351322174072,rms_matched,False
779,eb0cf518c980fbaafc44b52459e6edc777cf01758412dc63e1de49438b83b2d292941510deee22dd7111854884991b9e9fc276183f07dc59d4a6c8174d8da2dd,hindi_griffinlim_eval_final/fake_hindi_griffinlim/hindi_fake_0779.wav,0,4.68,-0.37771305441856384,0.7187904119491577,rms_matched,False
780,ecc7e59a32c148c0940caf49e33b11c6c9cbcd065d19c3a636df8798f9a2b79eec188e8b8ec5c0ba3212d762cde863f145957a01d44291181826e1579efbcf79,hindi_griffinlim_eval_final/real_hindi/hindi_real_0780.wav,1,6.336,0.33919110894203186,-0.4965209364891052,rms_matched,False
780,ecc7e59a32c148c0940caf49e33b11c6c9cbcd065d19c3a636df8798f9a2b79eec188e8b8ec5c0ba3212d762cde863f145957a01d44291181826e1579efbcf79,hindi_griffinlim_eval_final/fake_hindi_griffinlim/hindi_fake_0780.wav,0,6.336,6.484945297241211,-8.411752700805664,rms_matched,False
781,b4c5626549de1a6d4b4aba5a71a46743d0f4d2d8e112428305e445a3d5b788f2ef545a304cb9af7dea34e244041ba584beebde36bf5d5c4f816500371016a63d,hindi_griffinlim_eval_final/real_hindi/hindi_real_0781.wav,1,5.04,1.7945314645767212,-2.3801355361938477,rms_matched,False
781,b4c5626549de1a6d4b4aba5a71a46743d0f4d2d8e112428305e445a3d5b788f2ef545a304cb9af7dea34e244041ba584beebde36bf5d5c4f816500371016a63d,hindi_griffinlim_eval_final/fake_hindi_griffinlim/hindi_fake_0781.wav,0,5.04,-3.3881242275238037,4.259995460510254,rms_matched,False
782,ef72dad515c406393c07ffac9b57e6cd1e83073c82a001d49ea19a30fd9976d0d50d4c5cffcfdbec8ea222c152695775d85c227194f2e56516531e1c8e76ff70,hindi_griffinlim_eval_final/real_hindi/hindi_real_0782.wav,1,3.312,5.891574859619141,-7.760033130645752,rms_matched,False
782,ef72dad515c406393c07ffac9b57e6cd1e83073c82a001d49ea19a30fd9976d0d50d4c5cffcfdbec8ea222c152695775d85c227194f2e56516531e1c8e76ff70,hindi_griffinlim_eval_final/fake_hindi_griffinlim/hindi_fake_0782.wav,0,3.312,5.694353103637695,-7.369040489196777,rms_matched,False
783,038cbd3b3ba6f4aa92f2c4c86ba365b95aeb66bfafd37c2803b769b28c260573e0387b85d8ce77f0fea215ffc971b366a14916fe782fc7b0c238062ec238b0c3,hindi_griffinlim_eval_final/real_hindi/hindi_real_0783.wav,1,4.968,4.970787048339844,-6.253525733947754,rms_matched,False
783,038cbd3b3ba6f4aa92f2c4c86ba365b95aeb66bfafd37c2803b769b28c260573e0387b85d8ce77f0fea215ffc971b366a14916fe782fc7b0c238062ec238b0c3,hindi_griffinlim_eval_final/fake_hindi_griffinlim/hindi_fake_0783.wav,0,4.968,-0.5666111707687378,1.1686168909072876,rms_matched,False
784,758b942bfaf2837bafb0696d5ebc123856f4841aed4dc9d31bb010e7a67246791cda1685a1f4de659ed10843f3be1d227e8f4935ca088afa8531c61ab5bbed26,hindi_griffinlim_eval_final/real_hindi/hindi_real_0784.wav,1,7.956,1.5850378274917603,-2.269794464111328,rms_matched,False
784,758b942bfaf2837bafb0696d5ebc123856f4841aed4dc9d31bb010e7a67246791cda1685a1f4de659ed10843f3be1d227e8f4935ca088afa8531c61ab5bbed26,hindi_griffinlim_eval_final/fake_hindi_griffinlim/hindi_fake_0784.wav,0,7.956,-1.4369655847549438,1.9510433673858643,rms_matched,False
785,d002200225d5b38de9dd8b95e9fb77c24724f8a56ee0b31f6ee2260b5636a1e23c0fadcae1156f88b703128798bd749901930f35e839ea2a2bb2bcb8afe5cc74,hindi_griffinlim_eval_final/real_hindi/hindi_real_0785.wav,1,5.076,3.8730502128601074,-4.963345050811768,rms_matched,False
785,d002200225d5b38de9dd8b95e9fb77c24724f8a56ee0b31f6ee2260b5636a1e23c0fadcae1156f88b703128798bd749901930f35e839ea2a2bb2bcb8afe5cc74,hindi_griffinlim_eval_final/fake_hindi_griffinlim/hindi_fake_0785.wav,0,5.076,-2.0345375537872314,2.805939197540283,rms_matched,False
786,76ae0779e8b42a6cebddc96f1c8be8cd17dc128ea3dc6c77c1afef491eb3334aec08ac644ce6b553783bec6530bcd7a8d7869d249d8fc4cbf394c176c2a03fe0,hindi_griffinlim_eval_final/real_hindi/hindi_real_0786.wav,1,3.924,5.893638610839844,-7.642914772033691,rms_matched,False
786,76ae0779e8b42a6cebddc96f1c8be8cd17dc128ea3dc6c77c1afef491eb3334aec08ac644ce6b553783bec6530bcd7a8d7869d249d8fc4cbf394c176c2a03fe0,hindi_griffinlim_eval_final/fake_hindi_griffinlim/hindi_fake_0786.wav,0,3.924,1.1258069276809692,-1.687477707862854,rms_matched,False
787,f398e532c4307d0fb6f23dda4b599e05c8483a5211aab4dba56e24a0acc89810af5b98cc96afe0b55fdee3b41250c05571fa3d170e517213e71e52e481a80df1,hindi_griffinlim_eval_final/real_hindi/hindi_real_0787.wav,1,3.096,4.2122650146484375,-5.351809024810791,rms_matched,False
787,f398e532c4307d0fb6f23dda4b599e05c8483a5211aab4dba56e24a0acc89810af5b98cc96afe0b55fdee3b41250c05571fa3d170e517213e71e52e481a80df1,hindi_griffinlim_eval_final/fake_hindi_griffinlim/hindi_fake_0787.wav,0,3.096,-1.6471997499465942,2.3022937774658203,rms_matched,False
788,9f2ff0bc50ccd0ab79eed640359ccb9c1016d458fcfda044203f727fd8063bca505d1f650c0a66a096c753381ca88026043ab86554e6f9229362771eb98cebad,hindi_griffinlim_eval_final/real_hindi/hindi_real_0788.wav,1,4.14,5.006725788116455,-6.4189677238464355,rms_matched,False
788,9f2ff0bc50ccd0ab79eed640359ccb9c1016d458fcfda044203f727fd8063bca505d1f650c0a66a096c753381ca88026043ab86554e6f9229362771eb98cebad,hindi_griffinlim_eval_final/fake_hindi_griffinlim/hindi_fake_0788.wav,0,4.14,3.1423778533935547,-3.797560453414917,rms_matched,False
789,8023dc679c28a4172456d8e4b741aba9ed1895ba41b8cd0fd18f02c6775991869a2b8c2802e6ee72defb8caf5ec8ccad0b6fe8fa2b264bb9448ebca8b25c5989,hindi_griffinlim_eval_final/real_hindi/hindi_real_0789.wav,1,7.02,-0.1831226497888565,0.07067239284515381,rms_matched,False
789,8023dc679c28a4172456d8e4b741aba9ed1895ba41b8cd0fd18f02c6775991869a2b8c2802e6ee72defb8caf5ec8ccad0b6fe8fa2b264bb9448ebca8b25c5989,hindi_griffinlim_eval_final/fake_hindi_griffinlim/hindi_fake_0789.wav,0,7.02,-0.6732262372970581,1.2071186304092407,rms_matched,False
790,00d8f7a5ea747472015787836b4694d24375a49cf2ca78088c1d29494110637aafa66bc0d135549c19cfc68886760475c2ae2584673c8d57e77eb82d3ddd6109,hindi_griffinlim_eval_final/real_hindi/hindi_real_0790.wav,1,6.66,-1.6079097986221313,2.192559003829956,rms_matched,False
790,00d8f7a5ea747472015787836b4694d24375a49cf2ca78088c1d29494110637aafa66bc0d135549c19cfc68886760475c2ae2584673c8d57e77eb82d3ddd6109,hindi_griffinlim_eval_final/fake_hindi_griffinlim/hindi_fake_0790.wav,0,6.66,-3.359774112701416,4.190306663513184,rms_matched,False
791,34e28668a9c620bcc5172c529794512391e8e08541348c8a084034b7d2648cd193246c3828994fdfb3422d558dfd427518de5b346849457179d617c215efd45e,hindi_griffinlim_eval_final/real_hindi/hindi_real_0791.wav,1,4.536,3.9691739082336426,-5.125645637512207,rms_matched,False
791,34e28668a9c620bcc5172c529794512391e8e08541348c8a084034b7d2648cd193246c3828994fdfb3422d558dfd427518de5b346849457179d617c215efd45e,hindi_griffinlim_eval_final/fake_hindi_griffinlim/hindi_fake_0791.wav,0,4.536,3.9554622173309326,-4.827425956726074,rms_matched,False
792,5ed8ac2780bfa08239e0aaa23e691fbf20930452cfd1163db395388d3dbff09ffc862aedc9ce80763a39a782ecb2ad5f729198b4f8565adbfc50bb5327957cc2,hindi_griffinlim_eval_final/real_hindi/hindi_real_0792.wav,1,4.896,0.0768694281578064,-0.2792975604534149,rms_matched,False
792,5ed8ac2780bfa08239e0aaa23e691fbf20930452cfd1163db395388d3dbff09ffc862aedc9ce80763a39a782ecb2ad5f729198b4f8565adbfc50bb5327957cc2,hindi_griffinlim_eval_final/fake_hindi_griffinlim/hindi_fake_0792.wav,0,4.896,-4.64466667175293,5.461084365844727,rms_matched,False
793,56ba5616ef927a5c046387ad41208d615386a7bf95a3752a607516baf5fcc8fa5a93d8319617fcece315e6fc4a611dc2c2a3ec78a7e0244368ddcba4c2bfee0a,hindi_griffinlim_eval_final/real_hindi/hindi_real_0793.wav,1,6.66,5.284472465515137,-6.768309593200684,rms_matched,False
793,56ba5616ef927a5c046387ad41208d615386a7bf95a3752a607516baf5fcc8fa5a93d8319617fcece315e6fc4a611dc2c2a3ec78a7e0244368ddcba4c2bfee0a,hindi_griffinlim_eval_final/fake_hindi_griffinlim/hindi_fake_0793.wav,0,6.66,1.19232177734375,-1.5908019542694092,rms_matched,False
794,eb0cf518c980fbaafc44b52459e6edc777cf01758412dc63e1de49438b83b2d292941510deee22dd7111854884991b9e9fc276183f07dc59d4a6c8174d8da2dd,hindi_griffinlim_eval_final/real_hindi/hindi_real_0794.wav,1,3.384,5.383478164672852,-6.783434867858887,rms_matched,False
794,eb0cf518c980fbaafc44b52459e6edc777cf01758412dc63e1de49438b83b2d292941510deee22dd7111854884991b9e9fc276183f07dc59d4a6c8174d8da2dd,hindi_griffinlim_eval_final/fake_hindi_griffinlim/hindi_fake_0794.wav,0,3.384,0.5804365277290344,-1.1917853355407715,rms_matched,False
795,0d095340640de1eed083de79682cd69d43729d60e08c0a6819dd49b8f15d143165cd66c8061dffa3ce372d4356c10e0bc5cc1a3a224cbe7e1cfeca4c5cfb413d,hindi_griffinlim_eval_final/real_hindi/hindi_real_0795.wav,1,6.408,1.0538049936294556,-1.5078184604644775,rms_matched,False
795,0d095340640de1eed083de79682cd69d43729d60e08c0a6819dd49b8f15d143165cd66c8061dffa3ce372d4356c10e0bc5cc1a3a224cbe7e1cfeca4c5cfb413d,hindi_griffinlim_eval_final/fake_hindi_griffinlim/hindi_fake_0795.wav,0,6.408,5.8589606285095215,-7.556189060211182,rms_matched,False
796,0303022c144407f09d8f97be16ba6f2c41ac249e162b24f7d213f0c8a10c4235a4dbd0f53c4d6bcd674ea939898fa29d241a0c183c8f8b5963f55ea5a5327379,hindi_griffinlim_eval_final/real_hindi/hindi_real_0796.wav,1,6.264,5.054930210113525,-6.5691142082214355,rms_matched,False
796,0303022c144407f09d8f97be16ba6f2c41ac249e162b24f7d213f0c8a10c4235a4dbd0f53c4d6bcd674ea939898fa29d241a0c183c8f8b5963f55ea5a5327379,hindi_griffinlim_eval_final/fake_hindi_griffinlim/hindi_fake_0796.wav,0,6.264,5.2953572273254395,-6.734795093536377,rms_matched,False
797,a3c9eb18e51d74ec5fbf9ca9ca1d5edf24c691d0f685ef2ffc8689d107710a300eec2172a79cc039b119ebc451ab794cb8519ce2d3c37209c7f24649089a7fc2,hindi_griffinlim_eval_final/real_hindi/hindi_real_0797.wav,1,3.24,3.5917956829071045,-4.609433174133301,rms_matched,False
797,a3c9eb18e51d74ec5fbf9ca9ca1d5edf24c691d0f685ef2ffc8689d107710a300eec2172a79cc039b119ebc451ab794cb8519ce2d3c37209c7f24649089a7fc2,hindi_griffinlim_eval_final/fake_hindi_griffinlim/hindi_fake_0797.wav,0,3.24,0.23413804173469543,-0.17934876680374146,rms_matched,False
798,461059307d756b80d08835b893bbee0e93e8cf237db0b4ba90a0b34adfa5ee77c44a3777d5a0c19d7a920260f7fd54fdd84661371abe9ece4b08ea2624146827,hindi_griffinlim_eval_final/real_hindi/hindi_real_0798.wav,1,4.896,0.7996135950088501,-1.2265666723251343,rms_matched,False
798,461059307d756b80d08835b893bbee0e93e8cf237db0b4ba90a0b34adfa5ee77c44a3777d5a0c19d7a920260f7fd54fdd84661371abe9ece4b08ea2624146827,hindi_griffinlim_eval_final/fake_hindi_griffinlim/hindi_fake_0798.wav,0,4.896,-0.9733082056045532,1.4950122833251953,rms_matched,False
799,1963c5f396b43a02ea6a7cf2cacaafb042bfe53209c711d2325e2e4cfd7185370746e463b5ceb83f9ac807e048b8891b494db95e3bd7eccfbef896877eea9bbc,hindi_griffinlim_eval_final/real_hindi/hindi_real_0799.wav,1,5.04,2.363433361053467,-2.988450050354004,rms_matched,False
799,1963c5f396b43a02ea6a7cf2cacaafb042bfe53209c711d2325e2e4cfd7185370746e463b5ceb83f9ac807e048b8891b494db95e3bd7eccfbef896877eea9bbc,hindi_griffinlim_eval_final/fake_hindi_griffinlim/hindi_fake_0799.wav,0,5.04,-3.31773042678833,4.233883380889893,rms_matched,False
800,16c775b5ac1a75459692a8e2c553ec084df96439cf53c5129ce1e5c20a9a04d3ed23204cf582fe74c9dc12a473fb3072139ea313cee5ce51c0d17acf8cd16333,hindi_griffinlim_eval_final/real_hindi/hindi_real_0800.wav,1,5.472,0.04108205810189247,-0.004490599501878023,rms_matched,False
800,16c775b5ac1a75459692a8e2c553ec084df96439cf53c5129ce1e5c20a9a04d3ed23204cf582fe74c9dc12a473fb3072139ea313cee5ce51c0d17acf8cd16333,hindi_griffinlim_eval_final/fake_hindi_griffinlim/hindi_fake_0800.wav,0,5.472,4.252721786499023,-5.134262561798096,rms_matched,False
801,6990e943cefc8a2ed3e12aa2c2a781793096d1aaf311b175943b3029333a59e74f30086965cfb6f7db8b79b431c41a44e6b4aa3f806707fc0c4e5da883dd1d54,hindi_griffinlim_eval_final/real_hindi/hindi_real_0801.wav,1,5.76,3.2511942386627197,-4.271666526794434,rms_matched,False
801,6990e943cefc8a2ed3e12aa2c2a781793096d1aaf311b175943b3029333a59e74f30086965cfb6f7db8b79b431c41a44e6b4aa3f806707fc0c4e5da883dd1d54,hindi_griffinlim_eval_final/fake_hindi_griffinlim/hindi_fake_0801.wav,0,5.76,-2.8595035076141357,3.679623603820801,rms_matched,False
802,ae1ae84ba2341eb4c7c3fa47026ddc0b784387b58fa28c0a69f32c966e590141de3da70921c65c3477fb49575fab03213843d087f177422adb685978ca5c4b13,hindi_griffinlim_eval_final/real_hindi/hindi_real_0802.wav,1,3.816,5.995923042297363,-7.658713340759277,rms_matched,False
802,ae1ae84ba2341eb4c7c3fa47026ddc0b784387b58fa28c0a69f32c966e590141de3da70921c65c3477fb49575fab03213843d087f177422adb685978ca5c4b13,hindi_griffinlim_eval_final/fake_hindi_griffinlim/hindi_fake_0802.wav,0,3.816,-5.443644046783447,6.208547592163086,rms_matched,False
803,345ead41094d4bf4aae58398d87ab219b6ffd948dd640a1a2a4da43e2522343c539d11a27052a9cca1014b590e440971db0710852df02639dc9f3d304469aaca,hindi_griffinlim_eval_final/real_hindi/hindi_real_0803.wav,1,2.808,-1.252359390258789,1.5678811073303223,rms_matched,False
803,345ead41094d4bf4aae58398d87ab219b6ffd948dd640a1a2a4da43e2522343c539d11a27052a9cca1014b590e440971db0710852df02639dc9f3d304469aaca,hindi_griffinlim_eval_final/fake_hindi_griffinlim/hindi_fake_0803.wav,0,2.808,-5.6866841316223145,6.604152679443359,rms_matched,False
804,05fd2a7f0d7cbe9acb1d838706b64a2ab489f6d0d2e7ff3a4243b1bb89ca3c1bc2e8dfd22bf11cf6e2fd9f11c2809b3dbf3db935d566ab6b6ee3122e3bfc20ed,hindi_griffinlim_eval_final/real_hindi/hindi_real_0804.wav,1,3.576,4.301686763763428,-5.386731147766113,rms_matched,False
804,05fd2a7f0d7cbe9acb1d838706b64a2ab489f6d0d2e7ff3a4243b1bb89ca3c1bc2e8dfd22bf11cf6e2fd9f11c2809b3dbf3db935d566ab6b6ee3122e3bfc20ed,hindi_griffinlim_eval_final/fake_hindi_griffinlim/hindi_fake_0804.wav,0,3.576,-2.0274930000305176,2.9056243896484375,rms_matched,False
805,80df1054d490d23f8c2523fa0495d60f3cc205e34e95d436f6c923158601404372c2ddea0d8239b414c6a6e342198453e814db3f980e01b97817acc51ea7adc4,hindi_griffinlim_eval_final/real_hindi/hindi_real_0805.wav,1,5.04,-5.944309234619141,6.654017448425293,rms_matched,False
805,80df1054d490d23f8c2523fa0495d60f3cc205e34e95d436f6c923158601404372c2ddea0d8239b414c6a6e342198453e814db3f980e01b97817acc51ea7adc4,hindi_griffinlim_eval_final/fake_hindi_griffinlim/hindi_fake_0805.wav,0,5.04,-1.9097599983215332,2.6326537132263184,rms_matched,False
806,547e2977be99b122ceb7196c97d4bb97bc3bdb4261d43618dbc385183d672f6e43db8b2c67f0ddbfecfa5f7adcbe25b21aa515729c369a5161e7fefbe2e6a91c,hindi_griffinlim_eval_final/real_hindi/hindi_real_0806.wav,1,5.58,1.3569444417953491,-1.842043161392212,rms_matched,False
806,547e2977be99b122ceb7196c97d4bb97bc3bdb4261d43618dbc385183d672f6e43db8b2c67f0ddbfecfa5f7adcbe25b21aa515729c369a5161e7fefbe2e6a91c,hindi_griffinlim_eval_final/fake_hindi_griffinlim/hindi_fake_0806.wav,0,5.58,-5.3888092041015625,6.165207862854004,rms_matched,False
807,f45c7af99cc930fd6608f77ecb2d546727ab3df3d36731c90215b9a72ff548ff082f57c38aa6e6b7f2c905aa9f92f4f5dff3c954449ce05e56f8604bf1753618,hindi_griffinlim_eval_final/real_hindi/hindi_real_0807.wav,1,5.04,5.838513374328613,-7.418970108032227,rms_matched,False
807,f45c7af99cc930fd6608f77ecb2d546727ab3df3d36731c90215b9a72ff548ff082f57c38aa6e6b7f2c905aa9f92f4f5dff3c954449ce05e56f8604bf1753618,hindi_griffinlim_eval_final/fake_hindi_griffinlim/hindi_fake_0807.wav,0,5.04,5.663447380065918,-7.395865440368652,rms_matched,False
808,c0c130a042ca336930590bd4ee7ac3a1ddc31953a4a5848ca2b8dc92142e738a1624463ce88100c1acf4fd19242bfcfc04b6c62c0f89e7a958ff9f02f6520a51,hindi_griffinlim_eval_final/real_hindi/hindi_real_0808.wav,1,4.068,4.9828200340271,-6.35831880569458,rms_matched,False
808,c0c130a042ca336930590bd4ee7ac3a1ddc31953a4a5848ca2b8dc92142e738a1624463ce88100c1acf4fd19242bfcfc04b6c62c0f89e7a958ff9f02f6520a51,hindi_griffinlim_eval_final/fake_hindi_griffinlim/hindi_fake_0808.wav,0,4.068,1.6406620740890503,-2.5315632820129395,rms_matched,False
809,f89f624bbe2e7860966d20ca60b8ef08a9b08ea84c224ff76204e3515dfb28f9e33074ba2fd5eb511dfe99778475abdee119ccd25fdfb33f1ae1685a307dfe3f,hindi_griffinlim_eval_final/real_hindi/hindi_real_0809.wav,1,5.616,2.4886045455932617,-3.3564047813415527,rms_matched,False
809,f89f624bbe2e7860966d20ca60b8ef08a9b08ea84c224ff76204e3515dfb28f9e33074ba2fd5eb511dfe99778475abdee119ccd25fdfb33f1ae1685a307dfe3f,hindi_griffinlim_eval_final/fake_hindi_griffinlim/hindi_fake_0809.wav,0,5.616,2.1861839294433594,-2.8502085208892822,rms_matched,False
810,aaf6b52267451edd43f92433e040803b7c695022ac637484427c841d61dddefbc79acf6b684ebc2769e18c649d9b7a520a0041ecb7898d3f7e49d804f477a3ac,hindi_griffinlim_eval_final/real_hindi/hindi_real_0810.wav,1,4.068,-2.348625898361206,3.1048903465270996,rms_matched,False
810,aaf6b52267451edd43f92433e040803b7c695022ac637484427c841d61dddefbc79acf6b684ebc2769e18c649d9b7a520a0041ecb7898d3f7e49d804f477a3ac,hindi_griffinlim_eval_final/fake_hindi_griffinlim/hindi_fake_0810.wav,0,4.068,6.499565124511719,-8.42396354675293,rms_matched,False
811,b4dcba6c853f94a6e9abf98d501e79af3eec51ee1635fb1529bb4103e9fa495c7c937b7c4e4219bf3d414b549d2476904d15ff5feeb26b478b01bdc367f61bb2,hindi_griffinlim_eval_final/real_hindi/hindi_real_0811.wav,1,5.328,0.20205849409103394,-0.30630430579185486,rms_matched,False
811,b4dcba6c853f94a6e9abf98d501e79af3eec51ee1635fb1529bb4103e9fa495c7c937b7c4e4219bf3d414b549d2476904d15ff5feeb26b478b01bdc367f61bb2,hindi_griffinlim_eval_final/fake_hindi_griffinlim/hindi_fake_0811.wav,0,5.328,-0.4314907193183899,0.8947786688804626,rms_matched,False
812,a260ddbc5acffed848007a0a9ec6b79936f77999c825631f8f7eb91c11e3369d404de512eb961b464b0208a5da2d4a8cf154dba0a4d11010520e02dbf6039b2f,hindi_griffinlim_eval_final/real_hindi/hindi_real_0812.wav,1,5.4,-2.393627166748047,3.0559682846069336,rms_matched,False
812,a260ddbc5acffed848007a0a9ec6b79936f77999c825631f8f7eb91c11e3369d404de512eb961b464b0208a5da2d4a8cf154dba0a4d11010520e02dbf6039b2f,hindi_griffinlim_eval_final/fake_hindi_griffinlim/hindi_fake_0812.wav,0,5.4,-5.352663040161133,6.111042022705078,rms_matched,False
813,e6aef31fac7411f3f1b15c566dede061e3024cde1382d7ca1a860a093ad5b0b9c87aaa13c749ef9982c688d7a8d715c11aee89c2e3d541b9ba3dc73c5ec5cb85,hindi_griffinlim_eval_final/real_hindi/hindi_real_0813.wav,1,5.796,3.8801770210266113,-4.913183212280273,rms_matched,False
813,e6aef31fac7411f3f1b15c566dede061e3024cde1382d7ca1a860a093ad5b0b9c87aaa13c749ef9982c688d7a8d715c11aee89c2e3d541b9ba3dc73c5ec5cb85,hindi_griffinlim_eval_final/fake_hindi_griffinlim/hindi_fake_0813.wav,0,5.796,0.044079672545194626,0.008396297693252563,rms_matched,False
814,b78cf5eebb8ae39161b94c37c3e8aa39f57e5639997972f1ec983cb9f44fcefc18f1c4227b3d8b263477f3444fe05696da0cbd5dacd3cb3900b2cbcf2370b155,hindi_griffinlim_eval_final/real_hindi/hindi_real_0814.wav,1,4.644,4.640951156616211,-5.943236351013184,rms_matched,False
814,b78cf5eebb8ae39161b94c37c3e8aa39f57e5639997972f1ec983cb9f44fcefc18f1c4227b3d8b263477f3444fe05696da0cbd5dacd3cb3900b2cbcf2370b155,hindi_griffinlim_eval_final/fake_hindi_griffinlim/hindi_fake_0814.wav,0,4.644,-3.896169424057007,4.870723724365234,rms_matched,False
815,42dbccb16fa1ce50253a96dee532a7c4030f9daa92599271e4c0692efc8e58f669205bbcedf0ddf1f51f1e5753260ad39f6e0a5e6f85d5d24b3c5b3a20114c4c,hindi_griffinlim_eval_final/real_hindi/hindi_real_0815.wav,1,4.788,-5.848690986633301,6.652332305908203,rms_matched,False
815,42dbccb16fa1ce50253a96dee532a7c4030f9daa92599271e4c0692efc8e58f669205bbcedf0ddf1f51f1e5753260ad39f6e0a5e6f85d5d24b3c5b3a20114c4c,hindi_griffinlim_eval_final/fake_hindi_griffinlim/hindi_fake_0815.wav,0,4.788,2.2874302864074707,-2.9461135864257812,rms_matched,False
816,ec293248c910c28091014fec13d47bb69cc84f0b265ad0536d7e39390f3de510ab879fa3c23797defe85d8c846a4e148c971e28da6a90a647a9bc37eb03362bc,hindi_griffinlim_eval_final/real_hindi/hindi_real_0816.wav,1,5.184,4.0271196365356445,-5.144350051879883,rms_matched,False
816,ec293248c910c28091014fec13d47bb69cc84f0b265ad0536d7e39390f3de510ab879fa3c23797defe85d8c846a4e148c971e28da6a90a647a9bc37eb03362bc,hindi_griffinlim_eval_final/fake_hindi_griffinlim/hindi_fake_0816.wav,0,5.184,6.862515449523926,-8.908676147460938,rms_matched,False
817,66a86ae3d3f3eb48e5bad97a370e6813f967d7744dc410051a5092e6bbd0da658ea468af2518aef0db5231c7bd0ed0034baa278b9bd688d6e2dc295d9692ecb8,hindi_griffinlim_eval_final/real_hindi/hindi_real_0817.wav,1,7.128,5.745217323303223,-7.3263702392578125,rms_matched,False
817,66a86ae3d3f3eb48e5bad97a370e6813f967d7744dc410051a5092e6bbd0da658ea468af2518aef0db5231c7bd0ed0034baa278b9bd688d6e2dc295d9692ecb8,hindi_griffinlim_eval_final/fake_hindi_griffinlim/hindi_fake_0817.wav,0,7.128,3.468080997467041,-4.275922775268555,rms_matched,False
818,76ae0779e8b42a6cebddc96f1c8be8cd17dc128ea3dc6c77c1afef491eb3334aec08ac644ce6b553783bec6530bcd7a8d7869d249d8fc4cbf394c176c2a03fe0,hindi_griffinlim_eval_final/real_hindi/hindi_real_0818.wav,1,7.092,4.19959831237793,-5.173517227172852,rms_matched,False
818,76ae0779e8b42a6cebddc96f1c8be8cd17dc128ea3dc6c77c1afef491eb3334aec08ac644ce6b553783bec6530bcd7a8d7869d249d8fc4cbf394c176c2a03fe0,hindi_griffinlim_eval_final/fake_hindi_griffinlim/hindi_fake_0818.wav,0,7.092,4.6792402267456055,-5.863702774047852,rms_matched,False
819,9c12887b11ae7ce76bcb5c4ca6b56f174e89c82f02c52c05b93ac7a40b6fb7b28d8474241a7dc36b3ad5b36eab48a209bf7e68a905ca64ac40b89e9311dec25d,hindi_griffinlim_eval_final/real_hindi/hindi_real_0819.wav,1,2.016,5.309436321258545,-6.899869918823242,rms_matched,False
819,9c12887b11ae7ce76bcb5c4ca6b56f174e89c82f02c52c05b93ac7a40b6fb7b28d8474241a7dc36b3ad5b36eab48a209bf7e68a905ca64ac40b89e9311dec25d,hindi_griffinlim_eval_final/fake_hindi_griffinlim/hindi_fake_0819.wav,0,2.016,5.924909591674805,-7.764070510864258,rms_matched,False
820,be71c5c863d6de0f351032d62a7be08c92ba176b5062de0dafb4440746492bbcf9cd33f72220ff106d4b21f86dd04bb624bf109c7252900c3f92b4303d603af1,hindi_griffinlim_eval_final/real_hindi/hindi_real_0820.wav,1,6.768,5.421035289764404,-6.925355911254883,rms_matched,False
820,be71c5c863d6de0f351032d62a7be08c92ba176b5062de0dafb4440746492bbcf9cd33f72220ff106d4b21f86dd04bb624bf109c7252900c3f92b4303d603af1,hindi_griffinlim_eval_final/fake_hindi_griffinlim/hindi_fake_0820.wav,0,6.768,5.105571746826172,-6.506826400756836,rms_matched,False
821,80ffb7f21aebcd96b01f5098bdf0f377f31fa297c2c30290be3dcd6a69b87e7570cd2e9ce41edb96038e485ce70cf75436dba4a0c7925bb36a68db134979c585,hindi_griffinlim_eval_final/real_hindi/hindi_real_0821.wav,1,5.904,-2.7097432613372803,3.3975253105163574,rms_matched,False
821,80ffb7f21aebcd96b01f5098bdf0f377f31fa297c2c30290be3dcd6a69b87e7570cd2e9ce41edb96038e485ce70cf75436dba4a0c7925bb36a68db134979c585,hindi_griffinlim_eval_final/fake_hindi_griffinlim/hindi_fake_0821.wav,0,5.904,-3.584644317626953,4.44747257232666,rms_matched,False
822,90b1ff27e108c7aaa1f24faccd2f83f3a0b512139aded53b3866d65cea1197fd3dde486619a36293573b042a4afbc45e29f55c514767c7567f44a3da22c4f9fc,hindi_griffinlim_eval_final/real_hindi/hindi_real_0822.wav,1,7.92,-1.6329972743988037,1.9849717617034912,peak_normalized,True
822,90b1ff27e108c7aaa1f24faccd2f83f3a0b512139aded53b3866d65cea1197fd3dde486619a36293573b042a4afbc45e29f55c514767c7567f44a3da22c4f9fc,hindi_griffinlim_eval_final/fake_hindi_griffinlim/hindi_fake_0822.wav,0,7.92,-3.8269033432006836,4.575448513031006,peak_normalized,True
823,112f76f2e0c2f27b09b20340cd82d13c315858e70901593392d2bbaf1377a5ed05b373a77f5f93b0298be6ad7e0285d8dea7c8fc9e9d3ce601d702ff3e3a7d91,hindi_griffinlim_eval_final/real_hindi/hindi_real_0823.wav,1,6.948,-0.11779268085956573,0.40851691365242004,rms_matched,False
823,112f76f2e0c2f27b09b20340cd82d13c315858e70901593392d2bbaf1377a5ed05b373a77f5f93b0298be6ad7e0285d8dea7c8fc9e9d3ce601d702ff3e3a7d91,hindi_griffinlim_eval_final/fake_hindi_griffinlim/hindi_fake_0823.wav,0,6.948,5.964576244354248,-7.657160758972168,rms_matched,False
824,552fd8cf90f15edcaf7388b1164d58d7eae5f20674dc780b9efb9d43c80af1ccbdef88d0ddfb76038b9614eda2b556cbb4fa8a46ca54ad7dcc43d9298b63f1eb,hindi_griffinlim_eval_final/real_hindi/hindi_real_0824.wav,1,3.6,5.315196990966797,-6.732341766357422,rms_matched,False
824,552fd8cf90f15edcaf7388b1164d58d7eae5f20674dc780b9efb9d43c80af1ccbdef88d0ddfb76038b9614eda2b556cbb4fa8a46ca54ad7dcc43d9298b63f1eb,hindi_griffinlim_eval_final/fake_hindi_griffinlim/hindi_fake_0824.wav,0,3.6,3.837251663208008,-4.665177345275879,rms_matched,False
825,1cec8b78e84c018a6efce5b69c1f3837d98aa06f2ab20d370caab36ca0938d09dd89e21b83d94073d8ea3af821ee74327d647929fd4e8051688c8730f024d6ab,hindi_griffinlim_eval_final/real_hindi/hindi_real_0825.wav,1,5.436,2.041039228439331,-2.730947256088257,rms_matched,False
825,1cec8b78e84c018a6efce5b69c1f3837d98aa06f2ab20d370caab36ca0938d09dd89e21b83d94073d8ea3af821ee74327d647929fd4e8051688c8730f024d6ab,hindi_griffinlim_eval_final/fake_hindi_griffinlim/hindi_fake_0825.wav,0,5.436,-0.28786930441856384,0.3886697292327881,rms_matched,False
826,fa0e5eaef7ca1de58387002c2b682b7b480943dbad6e36170c4c3dabf85516e30d2a6332548e734128bc69878186e8820b707e22b7de10ba7cd80ed20cbe8f81,hindi_griffinlim_eval_final/real_hindi/hindi_real_0826.wav,1,3.24,-0.8251915574073792,0.7802759408950806,rms_matched,False
826,fa0e5eaef7ca1de58387002c2b682b7b480943dbad6e36170c4c3dabf85516e30d2a6332548e734128bc69878186e8820b707e22b7de10ba7cd80ed20cbe8f81,hindi_griffinlim_eval_final/fake_hindi_griffinlim/hindi_fake_0826.wav,0,3.24,4.992012977600098,-6.211939811706543,rms_matched,False
827,3255dc44d5426ad255e14c4db4d12b224dfffd1e594a400a47cee7aafcd670d56a9834052a13be30307100ec6a3e1f8bffe33260e25f32c5a89ef64c744c0433,hindi_griffinlim_eval_final/real_hindi/hindi_real_0827.wav,1,4.032,4.788179397583008,-6.05845308303833,rms_matched,False
827,3255dc44d5426ad255e14c4db4d12b224dfffd1e594a400a47cee7aafcd670d56a9834052a13be30307100ec6a3e1f8bffe33260e25f32c5a89ef64c744c0433,hindi_griffinlim_eval_final/fake_hindi_griffinlim/hindi_fake_0827.wav,0,4.032,7.046805381774902,-9.122404098510742,rms_matched,False
828,da10f782c53d93ec1dbf793a1f5404dbdfd390c9abdacd218d0c47e2366a569d50841b5ad9075f9b83e2c16b9194ab1be1f91e407a546218999fa14e2b49a3eb,hindi_griffinlim_eval_final/real_hindi/hindi_real_0828.wav,1,3.336,5.707751274108887,-7.379941940307617,rms_matched,False
828,da10f782c53d93ec1dbf793a1f5404dbdfd390c9abdacd218d0c47e2366a569d50841b5ad9075f9b83e2c16b9194ab1be1f91e407a546218999fa14e2b49a3eb,hindi_griffinlim_eval_final/fake_hindi_griffinlim/hindi_fake_0828.wav,0,3.336,-0.9179427623748779,1.3725671768188477,rms_matched,False
829,13cef0dba059a4aa0064866e51ca703ad2552c2645eb99722846129b96051db0f22a99235faf822876c13bd3f02e86f138d6a0413f980cf028f54c5fdc58b9b9,hindi_griffinlim_eval_final/real_hindi/hindi_real_0829.wav,1,4.968,-0.4184363782405853,0.6448667645454407,rms_matched,False
829,13cef0dba059a4aa0064866e51ca703ad2552c2645eb99722846129b96051db0f22a99235faf822876c13bd3f02e86f138d6a0413f980cf028f54c5fdc58b9b9,hindi_griffinlim_eval_final/fake_hindi_griffinlim/hindi_fake_0829.wav,0,4.968,-2.257793664932251,2.7620038986206055,rms_matched,False
830,32bf5ca000a1d646bb2e636e32c4bd507750c204271ab585b1e9fab7d08103c7e07825bdb376119fdef205be82f6e81766655dd5590cc21ec598b79a5c18e45f,hindi_griffinlim_eval_final/real_hindi/hindi_real_0830.wav,1,6.048,1.3744347095489502,-2.009674072265625,rms_matched,False
830,32bf5ca000a1d646bb2e636e32c4bd507750c204271ab585b1e9fab7d08103c7e07825bdb376119fdef205be82f6e81766655dd5590cc21ec598b79a5c18e45f,hindi_griffinlim_eval_final/fake_hindi_griffinlim/hindi_fake_0830.wav,0,6.048,-0.5479804873466492,0.9775556921958923,rms_matched,False
831,ec1882fc4ac252c0d462191a4703bb6c913b73dd21950682e8327a6a076c8333f4c5708f7d9426b51a98435d5f79d26ca06428a64a6ac9513537409eb663f5af,hindi_griffinlim_eval_final/real_hindi/hindi_real_0831.wav,1,3.78,5.501963138580322,-7.117671012878418,rms_matched,False
831,ec1882fc4ac252c0d462191a4703bb6c913b73dd21950682e8327a6a076c8333f4c5708f7d9426b51a98435d5f79d26ca06428a64a6ac9513537409eb663f5af,hindi_griffinlim_eval_final/fake_hindi_griffinlim/hindi_fake_0831.wav,0,3.78,6.558751106262207,-8.512948036193848,rms_matched,False
832,ffcbc3951f469a43cf363b5df83d56ab30c65a40bb5bf05ee2ae8f98f55d6c76d8cf505d8bd32cf189c373ef1e0a52d01d2fc3cfeea863dd3ea1546eb2ef68cf,hindi_griffinlim_eval_final/real_hindi/hindi_real_0832.wav,1,5.58,4.373374938964844,-5.478070259094238,rms_matched,False
832,ffcbc3951f469a43cf363b5df83d56ab30c65a40bb5bf05ee2ae8f98f55d6c76d8cf505d8bd32cf189c373ef1e0a52d01d2fc3cfeea863dd3ea1546eb2ef68cf,hindi_griffinlim_eval_final/fake_hindi_griffinlim/hindi_fake_0832.wav,0,5.58,-1.7695629596710205,2.495971202850342,rms_matched,False
833,f446689d92087b875d07eaa1d98e4b7e07ec4f8651762d73d8e0ecbae21be60e60a3b7356828d24a8c9071f872f21361ca196ae017820a2908412966f0a59df2,hindi_griffinlim_eval_final/real_hindi/hindi_real_0833.wav,1,5.328,0.969228208065033,-1.3485431671142578,rms_matched,False
833,f446689d92087b875d07eaa1d98e4b7e07ec4f8651762d73d8e0ecbae21be60e60a3b7356828d24a8c9071f872f21361ca196ae017820a2908412966f0a59df2,hindi_griffinlim_eval_final/fake_hindi_griffinlim/hindi_fake_0833.wav,0,5.328,6.802318572998047,-8.847057342529297,rms_matched,False
834,60b2daa4cda30b5320834f3c2d21ea1841b52ccd7bf7ed4689f3ff27ca59c3323707c95e9a17bea4082356c576bbc3f17a00106134240f3632529b329fc1e62a,hindi_griffinlim_eval_final/real_hindi/hindi_real_0834.wav,1,7.56,3.740734100341797,-4.797290802001953,rms_matched,False
834,60b2daa4cda30b5320834f3c2d21ea1841b52ccd7bf7ed4689f3ff27ca59c3323707c95e9a17bea4082356c576bbc3f17a00106134240f3632529b329fc1e62a,hindi_griffinlim_eval_final/fake_hindi_griffinlim/hindi_fake_0834.wav,0,7.56,-1.0741788148880005,1.4341943264007568,rms_matched,False
835,52f22814969ddf3ae439c9927cdc815781938e7b8db9939cbe5cc7211c83b3dd6eccb62b360571d4002d64878c3b70340e8a76bf784048ff984b73b71d31fc52,hindi_griffinlim_eval_final/real_hindi/hindi_real_0835.wav,1,2.484,3.7425756454467773,-4.730979919433594,rms_matched,False
835,52f22814969ddf3ae439c9927cdc815781938e7b8db9939cbe5cc7211c83b3dd6eccb62b360571d4002d64878c3b70340e8a76bf784048ff984b73b71d31fc52,hindi_griffinlim_eval_final/fake_hindi_griffinlim/hindi_fake_0835.wav,0,2.484,-0.6802206039428711,1.1854815483093262,rms_matched,False
836,e13c23ee2d8500b3cffa2cdf67ef9d827331c36238411c839fe39b077736953b55de43cff6bb2d96066fb6660cc6542db53e3e5abe00c2cb8d79cf3bc38b22fb,hindi_griffinlim_eval_final/real_hindi/hindi_real_0836.wav,1,7.344,6.117927074432373,-7.8300089836120605,rms_matched,False
836,e13c23ee2d8500b3cffa2cdf67ef9d827331c36238411c839fe39b077736953b55de43cff6bb2d96066fb6660cc6542db53e3e5abe00c2cb8d79cf3bc38b22fb,hindi_griffinlim_eval_final/fake_hindi_griffinlim/hindi_fake_0836.wav,0,7.344,6.091601848602295,-7.934733867645264,rms_matched,False
837,f7e4c76ee18115342ce951e969ae7be895523c1249240808025273db43ef06eff07f846de9b3a24d822ac09b3fcc9a6655535a3e0adb370bde8640f64560620b,hindi_griffinlim_eval_final/real_hindi/hindi_real_0837.wav,1,4.968,-3.1615304946899414,3.9744627475738525,rms_matched,False
837,f7e4c76ee18115342ce951e969ae7be895523c1249240808025273db43ef06eff07f846de9b3a24d822ac09b3fcc9a6655535a3e0adb370bde8640f64560620b,hindi_griffinlim_eval_final/fake_hindi_griffinlim/hindi_fake_0837.wav,0,4.968,-4.832650661468506,5.525893211364746,rms_matched,False
838,c7a77aac9398049c593a06e3bde552061eb033612d2266a548202cc8790a06dd5c5c4fb002e8013ef38f94abed95b3bea0e56c4cb6aa8deecf7c63373764826d,hindi_griffinlim_eval_final/real_hindi/hindi_real_0838.wav,1,6.588,-4.198935031890869,4.875866413116455,rms_matched,False
838,c7a77aac9398049c593a06e3bde552061eb033612d2266a548202cc8790a06dd5c5c4fb002e8013ef38f94abed95b3bea0e56c4cb6aa8deecf7c63373764826d,hindi_griffinlim_eval_final/fake_hindi_griffinlim/hindi_fake_0838.wav,0,6.588,-1.132213830947876,1.7581201791763306,rms_matched,False
839,345ead41094d4bf4aae58398d87ab219b6ffd948dd640a1a2a4da43e2522343c539d11a27052a9cca1014b590e440971db0710852df02639dc9f3d304469aaca,hindi_griffinlim_eval_final/real_hindi/hindi_real_0839.wav,1,2.988,-5.169045448303223,5.825067520141602,rms_matched,False
839,345ead41094d4bf4aae58398d87ab219b6ffd948dd640a1a2a4da43e2522343c539d11a27052a9cca1014b590e440971db0710852df02639dc9f3d304469aaca,hindi_griffinlim_eval_final/fake_hindi_griffinlim/hindi_fake_0839.wav,0,2.988,-5.4978861808776855,6.2939019203186035,rms_matched,False
840,e0a47331065c4e1a9ffd6eed4cb902b631814a6130faf9401d447eba044cf1af767ff9a242e7c97886c74ac130ec73716192fd074e4abca825e77caca52e0ca0,hindi_griffinlim_eval_final/real_hindi/hindi_real_0840.wav,1,4.032,5.4404144287109375,-6.770136833190918,rms_matched,False
840,e0a47331065c4e1a9ffd6eed4cb902b631814a6130faf9401d447eba044cf1af767ff9a242e7c97886c74ac130ec73716192fd074e4abca825e77caca52e0ca0,hindi_griffinlim_eval_final/fake_hindi_griffinlim/hindi_fake_0840.wav,0,4.032,-3.0662412643432617,3.9507343769073486,rms_matched,False
841,b69e010df6113e5d308dc62955e0f00639179e3f7074a50ff065d102adab88d624810f4c5bb6e59977dd65ba69bdff66ff08dc72ff47bd0dbd8dace3e3c392d7,hindi_griffinlim_eval_final/real_hindi/hindi_real_0841.wav,1,4.968,5.676644325256348,-7.149772644042969,rms_matched,False
841,b69e010df6113e5d308dc62955e0f00639179e3f7074a50ff065d102adab88d624810f4c5bb6e59977dd65ba69bdff66ff08dc72ff47bd0dbd8dace3e3c392d7,hindi_griffinlim_eval_final/fake_hindi_griffinlim/hindi_fake_0841.wav,0,4.968,2.72833514213562,-3.3746490478515625,rms_matched,False
842,29bcb273adde2fc3bc2e4595307cca55f7a2164b643bd634a478297488389dd87132dba219b5a51a5b42b59a42fe5eef68ff2cd098bb675cf680befd442613d5,hindi_griffinlim_eval_final/real_hindi/hindi_real_0842.wav,1,3.24,5.785428047180176,-7.523580551147461,rms_matched,False
842,29bcb273adde2fc3bc2e4595307cca55f7a2164b643bd634a478297488389dd87132dba219b5a51a5b42b59a42fe5eef68ff2cd098bb675cf680befd442613d5,hindi_griffinlim_eval_final/fake_hindi_griffinlim/hindi_fake_0842.wav,0,3.24,4.468099594116211,-5.531307220458984,rms_matched,False
843,0db277015ed4c7602383504e75bcfead10db6e33b12e442a983cb259a17baf2c98daf32f18e2c1917269103a2ef1776d88cab0357c43c487473d8fa511dde7e8,hindi_griffinlim_eval_final/real_hindi/hindi_real_0843.wav,1,4.608,5.780085563659668,-7.339200496673584,rms_matched,False
843,0db277015ed4c7602383504e75bcfead10db6e33b12e442a983cb259a17baf2c98daf32f18e2c1917269103a2ef1776d88cab0357c43c487473d8fa511dde7e8,hindi_griffinlim_eval_final/fake_hindi_griffinlim/hindi_fake_0843.wav,0,4.608,-1.8805991411209106,2.748112201690674,rms_matched,False
844,8c19c5b99c8b1ac2264eb9486484732c9d5ec2f0bcc679213d2b2d740efeec83673995013ff2ad72008fa9176ea0eedf32ea29d6b09e71426ac03b6026cff906,hindi_griffinlim_eval_final/real_hindi/hindi_real_0844.wav,1,3.888,5.703238487243652,-7.379917144775391,rms_matched,False
844,8c19c5b99c8b1ac2264eb9486484732c9d5ec2f0bcc679213d2b2d740efeec83673995013ff2ad72008fa9176ea0eedf32ea29d6b09e71426ac03b6026cff906,hindi_griffinlim_eval_final/fake_hindi_griffinlim/hindi_fake_0844.wav,0,3.888,-0.6932355761528015,0.9861173629760742,rms_matched,False
845,90b1ff27e108c7aaa1f24faccd2f83f3a0b512139aded53b3866d65cea1197fd3dde486619a36293573b042a4afbc45e29f55c514767c7567f44a3da22c4f9fc,hindi_griffinlim_eval_final/real_hindi/hindi_real_0845.wav,1,6.552,-0.10764959454536438,0.3197684586048126,peak_normalized,True
845,90b1ff27e108c7aaa1f24faccd2f83f3a0b512139aded53b3866d65cea1197fd3dde486619a36293573b042a4afbc45e29f55c514767c7567f44a3da22c4f9fc,hindi_griffinlim_eval_final/fake_hindi_griffinlim/hindi_fake_0845.wav,0,6.552,-2.1156349182128906,2.786808967590332,peak_normalized,True
846,1141dfc674be44e23dd469a1caf6c1436405f2f99880ffa8ec17435c9e0877914bb50b5906d75d14f195ef2c60ba18fe91afa89698d08952325c31896d02d827,hindi_griffinlim_eval_final/real_hindi/hindi_real_0846.wav,1,3.528,3.708627462387085,-4.917181491851807,rms_matched,False
846,1141dfc674be44e23dd469a1caf6c1436405f2f99880ffa8ec17435c9e0877914bb50b5906d75d14f195ef2c60ba18fe91afa89698d08952325c31896d02d827,hindi_griffinlim_eval_final/fake_hindi_griffinlim/hindi_fake_0846.wav,0,3.528,2.168813943862915,-2.6697463989257812,rms_matched,False
847,439f45a458aa3fb2b90c635b0b8f07e4182c5aec6177ec417f91ee355768fc1655301d31a1c35a6a1727014480d611123576f5e9f6c96385b515a83690d70366,hindi_griffinlim_eval_final/real_hindi/hindi_real_0847.wav,1,5.796,0.24602989852428436,-0.31606045365333557,rms_matched,False
847,439f45a458aa3fb2b90c635b0b8f07e4182c5aec6177ec417f91ee355768fc1655301d31a1c35a6a1727014480d611123576f5e9f6c96385b515a83690d70366,hindi_griffinlim_eval_final/fake_hindi_griffinlim/hindi_fake_0847.wav,0,5.796,-1.15645170211792,1.6905031204223633,rms_matched,False
848,3c47037b539064a039337a1c897e88029bf7cfb906524864e55c38b90aa9efe57730742089a7f2a1b508952b6272c39cd50f7d701230bde9d0afdf4fefc05d8a,hindi_griffinlim_eval_final/real_hindi/hindi_real_0848.wav,1,4.176,2.3079192638397217,-2.91274356842041,rms_matched,False
848,3c47037b539064a039337a1c897e88029bf7cfb906524864e55c38b90aa9efe57730742089a7f2a1b508952b6272c39cd50f7d701230bde9d0afdf4fefc05d8a,hindi_griffinlim_eval_final/fake_hindi_griffinlim/hindi_fake_0848.wav,0,4.176,-3.505628824234009,4.362341403961182,rms_matched,False
849,95cc33ae73783f08510cc8b475a3f7da1144f0cdbfbe42446afc4e8942bf842722a12076a164393f2c52e0db9026e5f129a90feb451956b70f7366a89e026f1c,hindi_griffinlim_eval_final/real_hindi/hindi_real_0849.wav,1,5.436,2.546523094177246,-3.322482109069824,rms_matched,False
849,95cc33ae73783f08510cc8b475a3f7da1144f0cdbfbe42446afc4e8942bf842722a12076a164393f2c52e0db9026e5f129a90feb451956b70f7366a89e026f1c,hindi_griffinlim_eval_final/fake_hindi_griffinlim/hindi_fake_0849.wav,0,5.436,6.941048622131348,-9.01086711883545,rms_matched,False
850,70c96a46f6827039223782fee3a93b99fa8168c84d3e5f9a0e2a1f16cfc1d62ad6f52d19ac175ad3ee541abd81068d089df3693e843b932053395156f6ff36b6,hindi_griffinlim_eval_final/real_hindi/hindi_real_0850.wav,1,4.32,-1.0991138219833374,1.430501937866211,rms_matched,False
850,70c96a46f6827039223782fee3a93b99fa8168c84d3e5f9a0e2a1f16cfc1d62ad6f52d19ac175ad3ee541abd81068d089df3693e843b932053395156f6ff36b6,hindi_griffinlim_eval_final/fake_hindi_griffinlim/hindi_fake_0850.wav,0,4.32,-2.215582847595215,2.9227709770202637,rms_matched,False
851,1a94dffb861da3c85c0994bc8c83f7b79b502a83733ef28bc302cf6f1d5413001cd86d1c723357821dc3a90ba1b3f65e1203c2fa176b43daa279055fd6e5f529,hindi_griffinlim_eval_final/real_hindi/hindi_real_0851.wav,1,6.3,0.21199648082256317,-0.3955135643482208,rms_matched,False
851,1a94dffb861da3c85c0994bc8c83f7b79b502a83733ef28bc302cf6f1d5413001cd86d1c723357821dc3a90ba1b3f65e1203c2fa176b43daa279055fd6e5f529,hindi_griffinlim_eval_final/fake_hindi_griffinlim/hindi_fake_0851.wav,0,6.3,-4.3365678787231445,5.136136054992676,rms_matched,False
852,7b90778674a3659c892533d96bb0aa534879da17cd2f9cb1ae73fc3cc114dda10eba8bb6cfeddbafde910b396a60b95e64b4134430071bf2dd23b8d6a9c32785,hindi_griffinlim_eval_final/real_hindi/hindi_real_0852.wav,1,6.588,4.490945816040039,-5.807124137878418,rms_matched,False
852,7b90778674a3659c892533d96bb0aa534879da17cd2f9cb1ae73fc3cc114dda10eba8bb6cfeddbafde910b396a60b95e64b4134430071bf2dd23b8d6a9c32785,hindi_griffinlim_eval_final/fake_hindi_griffinlim/hindi_fake_0852.wav,0,6.588,6.16274356842041,-8.022806167602539,rms_matched,False
853,949d46bd8792e08b2ee6c5736df551c23a26e45db1306d71836317cfc115ff4cf71da8164c9063aeefd98bd8c12626dbe22b79a07420d6fe8317fb6fc9fa368b,hindi_griffinlim_eval_final/real_hindi/hindi_real_0853.wav,1,5.94,1.4865354299545288,-2.038400650024414,rms_matched,False
853,949d46bd8792e08b2ee6c5736df551c23a26e45db1306d71836317cfc115ff4cf71da8164c9063aeefd98bd8c12626dbe22b79a07420d6fe8317fb6fc9fa368b,hindi_griffinlim_eval_final/fake_hindi_griffinlim/hindi_fake_0853.wav,0,5.94,6.128228187561035,-7.980555057525635,rms_matched,False
854,c45d64f4a9ad8d1efb4d802830abc40f0e0e29e23a1d399fb4e668a1781d60c7b6329f4ed2b4ee75586b7ef748b73a373cb36707965a2b5785d7e9ce6196f390,hindi_griffinlim_eval_final/real_hindi/hindi_real_0854.wav,1,4.716,1.1812077760696411,-1.5069245100021362,rms_matched,False
854,c45d64f4a9ad8d1efb4d802830abc40f0e0e29e23a1d399fb4e668a1781d60c7b6329f4ed2b4ee75586b7ef748b73a373cb36707965a2b5785d7e9ce6196f390,hindi_griffinlim_eval_final/fake_hindi_griffinlim/hindi_fake_0854.wav,0,4.716,-0.49570155143737793,1.0190519094467163,rms_matched,False
855,aafda704e52784565ee078117b2a7941d822e96444d43cfe115de75e654f8c08c23b050eebe7b4264498537464b6e45cd0624f23aec65f904b156464d5056d52,hindi_griffinlim_eval_final/real_hindi/hindi_real_0855.wav,1,7.488,1.9505163431167603,-2.5037050247192383,rms_matched,False
855,aafda704e52784565ee078117b2a7941d822e96444d43cfe115de75e654f8c08c23b050eebe7b4264498537464b6e45cd0624f23aec65f904b156464d5056d52,hindi_griffinlim_eval_final/fake_hindi_griffinlim/hindi_fake_0855.wav,0,7.488,-2.057605266571045,2.830225944519043,rms_matched,False
856,1141dfc674be44e23dd469a1caf6c1436405f2f99880ffa8ec17435c9e0877914bb50b5906d75d14f195ef2c60ba18fe91afa89698d08952325c31896d02d827,hindi_griffinlim_eval_final/real_hindi/hindi_real_0856.wav,1,3.96,4.4124345779418945,-5.6959638595581055,rms_matched,False
856,1141dfc674be44e23dd469a1caf6c1436405f2f99880ffa8ec17435c9e0877914bb50b5906d75d14f195ef2c60ba18fe91afa89698d08952325c31896d02d827,hindi_griffinlim_eval_final/fake_hindi_griffinlim/hindi_fake_0856.wav,0,3.96,-0.5057147741317749,0.9556036591529846,rms_matched,False
857,3d60da54a5e96710c627c37362c5f17d026c725b99466b5596f08c6584beafa8dd546aff3ef61dd1cfda5150cdd82d08970d8ad36a49e933571b903361a6cbdd,hindi_griffinlim_eval_final/real_hindi/hindi_real_0857.wav,1,4.356,6.0838398933410645,-7.809682846069336,rms_matched,False
857,3d60da54a5e96710c627c37362c5f17d026c725b99466b5596f08c6584beafa8dd546aff3ef61dd1cfda5150cdd82d08970d8ad36a49e933571b903361a6cbdd,hindi_griffinlim_eval_final/fake_hindi_griffinlim/hindi_fake_0857.wav,0,4.356,6.394127368927002,-8.274696350097656,rms_matched,False
858,ff8f23f061245d69de7cccf1ee33e0ebd713c56e08f5a4a2f4732746be391af221f711cf9aee47cf8cc4c6402985c5231bff4ac03eaaa1e1a1cef4e1cdaf2936,hindi_griffinlim_eval_final/real_hindi/hindi_real_0858.wav,1,2.808,-6.1095428466796875,7.052555084228516,rms_matched,False
858,ff8f23f061245d69de7cccf1ee33e0ebd713c56e08f5a4a2f4732746be391af221f711cf9aee47cf8cc4c6402985c5231bff4ac03eaaa1e1a1cef4e1cdaf2936,hindi_griffinlim_eval_final/fake_hindi_griffinlim/hindi_fake_0858.wav,0,2.808,-1.079830527305603,1.6326522827148438,rms_matched,False
859,cf3aeeacb5f17296626b5c4098ec5eac55e41cd4794e1b866c7c42ccda4ff82ab59144d9af79e6479243e61724113d6c7ccccb7dc02e7a235f5ff37eee99c5d8,hindi_griffinlim_eval_final/real_hindi/hindi_real_0859.wav,1,3.924,2.764246702194214,-3.5507702827453613,rms_matched,False
859,cf3aeeacb5f17296626b5c4098ec5eac55e41cd4794e1b866c7c42ccda4ff82ab59144d9af79e6479243e61724113d6c7ccccb7dc02e7a235f5ff37eee99c5d8,hindi_griffinlim_eval_final/fake_hindi_griffinlim/hindi_fake_0859.wav,0,3.924,7.008527755737305,-9.072710990905762,rms_matched,False
860,1da3e82d56c4b06d4028ecc92aca9dc352823b8ec3e30de4da211906b610e38731002b15ef77c26455730b72f40ec1685543812f28aebbf3d093e8e83b3bad25,hindi_griffinlim_eval_final/real_hindi/hindi_real_0860.wav,1,5.22,5.2668352127075195,-6.616513729095459,rms_matched,False
860,1da3e82d56c4b06d4028ecc92aca9dc352823b8ec3e30de4da211906b610e38731002b15ef77c26455730b72f40ec1685543812f28aebbf3d093e8e83b3bad25,hindi_griffinlim_eval_final/fake_hindi_griffinlim/hindi_fake_0860.wav,0,5.22,-2.896571397781372,3.7774658203125,rms_matched,False
861,6cd8f602bf899de8fa9a30238cb461650682d47e62a5d12042ec213877ca4d9f7f83e3635c1374cddf16260688058dddb7ba7f5466c279dadd85e033038b6b08,hindi_griffinlim_eval_final/real_hindi/hindi_real_0861.wav,1,4.608,-1.5241683721542358,1.9251887798309326,rms_matched,False
861,6cd8f602bf899de8fa9a30238cb461650682d47e62a5d12042ec213877ca4d9f7f83e3635c1374cddf16260688058dddb7ba7f5466c279dadd85e033038b6b08,hindi_griffinlim_eval_final/fake_hindi_griffinlim/hindi_fake_0861.wav,0,4.608,3.4921154975891113,-4.375060081481934,rms_matched,False
862,730d0b5ab2ac3560942798c95eca436e23aa39ac97ae0d8c6303446a537d615166a0f64a5a3da21fcedabf70e237b139e973b008e4d664c813bfcde4d3890c00,hindi_griffinlim_eval_final/real_hindi/hindi_real_0862.wav,1,5.04,-5.668426513671875,6.490967750549316,rms_matched,False
862,730d0b5ab2ac3560942798c95eca436e23aa39ac97ae0d8c6303446a537d615166a0f64a5a3da21fcedabf70e237b139e973b008e4d664c813bfcde4d3890c00,hindi_griffinlim_eval_final/fake_hindi_griffinlim/hindi_fake_0862.wav,0,5.04,6.122115612030029,-7.9642791748046875,rms_matched,False
863,3aef16007bd29046bf29aa965433206ce23419410af7d4bc3d292635ddc31b83ce37bccb79f9f0fb3d857b77a1bba903b1dfbadc1d390b9c5b687a475c9f29a6,hindi_griffinlim_eval_final/real_hindi/hindi_real_0863.wav,1,3.78,4.307092666625977,-5.555120944976807,rms_matched,False
863,3aef16007bd29046bf29aa965433206ce23419410af7d4bc3d292635ddc31b83ce37bccb79f9f0fb3d857b77a1bba903b1dfbadc1d390b9c5b687a475c9f29a6,hindi_griffinlim_eval_final/fake_hindi_griffinlim/hindi_fake_0863.wav,0,3.78,-1.7899712324142456,2.5473203659057617,rms_matched,False
864,ae0207e1b992822da425c226998ea35fa5a75ad2e871945773ba6a3a2a1198e2b949343a3576e4840ddbf58db73c345288cca62ba4835d8a03bf508c2d06f3d6,hindi_griffinlim_eval_final/real_hindi/hindi_real_0864.wav,1,6.552,3.5567755699157715,-4.418703079223633,peak_normalized,True
864,ae0207e1b992822da425c226998ea35fa5a75ad2e871945773ba6a3a2a1198e2b949343a3576e4840ddbf58db73c345288cca62ba4835d8a03bf508c2d06f3d6,hindi_griffinlim_eval_final/fake_hindi_griffinlim/hindi_fake_0864.wav,0,6.552,0.3962978720664978,-0.4814630150794983,peak_normalized,True
865,806c8f1750366fd789fd41da89a86157e07cc51bb8aae5e3e963abd25d659afa282b2d5d1ae80d08eb78bcbf88984ac5b1c10bb62f2582cdaa48774594e5b746,hindi_griffinlim_eval_final/real_hindi/hindi_real_0865.wav,1,5.904,3.085638999938965,-4.014747619628906,rms_matched,False
865,806c8f1750366fd789fd41da89a86157e07cc51bb8aae5e3e963abd25d659afa282b2d5d1ae80d08eb78bcbf88984ac5b1c10bb62f2582cdaa48774594e5b746,hindi_griffinlim_eval_final/fake_hindi_griffinlim/hindi_fake_0865.wav,0,5.904,0.17481254041194916,-0.4116833508014679,rms_matched,False
866,9698b39cb85f238f1346eea2dba721e4e8fb440bd4d14b632aef84108f02f47d028463a7076a9eb0333b72fab260a9357f045de63eaaa3c7374ce6a692e081ba,hindi_griffinlim_eval_final/real_hindi/hindi_real_0866.wav,1,4.176,5.293723106384277,-6.834331035614014,rms_matched,False
866,9698b39cb85f238f1346eea2dba721e4e8fb440bd4d14b632aef84108f02f47d028463a7076a9eb0333b72fab260a9357f045de63eaaa3c7374ce6a692e081ba,hindi_griffinlim_eval_final/fake_hindi_griffinlim/hindi_fake_0866.wav,0,4.176,0.4167543649673462,-0.7894020676612854,rms_matched,False
867,80ffb7f21aebcd96b01f5098bdf0f377f31fa297c2c30290be3dcd6a69b87e7570cd2e9ce41edb96038e485ce70cf75436dba4a0c7925bb36a68db134979c585,hindi_griffinlim_eval_final/real_hindi/hindi_real_0867.wav,1,4.284,-4.506743907928467,5.438438415527344,rms_matched,False
867,80ffb7f21aebcd96b01f5098bdf0f377f31fa297c2c30290be3dcd6a69b87e7570cd2e9ce41edb96038e485ce70cf75436dba4a0c7925bb36a68db134979c585,hindi_griffinlim_eval_final/fake_hindi_griffinlim/hindi_fake_0867.wav,0,4.284,-3.67758846282959,4.5571818351745605,rms_matched,False
868,1a94dffb861da3c85c0994bc8c83f7b79b502a83733ef28bc302cf6f1d5413001cd86d1c723357821dc3a90ba1b3f65e1203c2fa176b43daa279055fd6e5f529,hindi_griffinlim_eval_final/real_hindi/hindi_real_0868.wav,1,2.88,5.055523872375488,-6.4010796546936035,rms_matched,False
868,1a94dffb861da3c85c0994bc8c83f7b79b502a83733ef28bc302cf6f1d5413001cd86d1c723357821dc3a90ba1b3f65e1203c2fa176b43daa279055fd6e5f529,hindi_griffinlim_eval_final/fake_hindi_griffinlim/hindi_fake_0868.wav,0,2.88,-1.5086474418640137,2.2617180347442627,rms_matched,False
869,86a5ad74610a18262cd67fe5fe6899fe11e9385b2c5685f0688125f800524c5654273f8c7385b59dab90768caa5c803e9c31df10d88f49585ed97665bf90cc32,hindi_griffinlim_eval_final/real_hindi/hindi_real_0869.wav,1,6.876,6.09115743637085,-7.873740196228027,rms_matched,False
869,86a5ad74610a18262cd67fe5fe6899fe11e9385b2c5685f0688125f800524c5654273f8c7385b59dab90768caa5c803e9c31df10d88f49585ed97665bf90cc32,hindi_griffinlim_eval_final/fake_hindi_griffinlim/hindi_fake_0869.wav,0,6.876,-0.10181717574596405,0.18034712970256805,rms_matched,False
870,95340b846e677ea27571958308bb11e2403ec2e4464bba7c97372d324e628a906f6be086595117707361a5dd7b41295d64031b6b2a5f2e50f6dc0a1841fd7fa2,hindi_griffinlim_eval_final/real_hindi/hindi_real_0870.wav,1,6.516,6.2005615234375,-7.938535690307617,rms_matched,False
870,95340b846e677ea27571958308bb11e2403ec2e4464bba7c97372d324e628a906f6be086595117707361a5dd7b41295d64031b6b2a5f2e50f6dc0a1841fd7fa2,hindi_griffinlim_eval_final/fake_hindi_griffinlim/hindi_fake_0870.wav,0,6.516,6.203052520751953,-8.009801864624023,rms_matched,False
871,7570a71e8291317409ff389bd743ae3946da5a2b9540b1d3be2b8e42560a8338f8ced7349b801dee318d981a4d51d1fe60ece80dc66222d056395f1476a1df67,hindi_griffinlim_eval_final/real_hindi/hindi_real_0871.wav,1,3.528,1.0746628046035767,-1.6556525230407715,rms_matched,False
871,7570a71e8291317409ff389bd743ae3946da5a2b9540b1d3be2b8e42560a8338f8ced7349b801dee318d981a4d51d1fe60ece80dc66222d056395f1476a1df67,hindi_griffinlim_eval_final/fake_hindi_griffinlim/hindi_fake_0871.wav,0,3.528,-0.32330435514450073,0.21388506889343262,rms_matched,False
872,18ac148b1b14b3b66a0116ecc3f445d74b049106dc0b0c39ba266ed130105ea5cba16d4e6220aaff9e2757009e3e3789ac98602887ee11491fcb207b874732c2,hindi_griffinlim_eval_final/real_hindi/hindi_real_0872.wav,1,7.56,4.349886417388916,-5.542550086975098,rms_matched,False
872,18ac148b1b14b3b66a0116ecc3f445d74b049106dc0b0c39ba266ed130105ea5cba16d4e6220aaff9e2757009e3e3789ac98602887ee11491fcb207b874732c2,hindi_griffinlim_eval_final/fake_hindi_griffinlim/hindi_fake_0872.wav,0,7.56,5.60275411605835,-7.07655143737793,rms_matched,False
873,42adfde56dd3d69ed58436d1e8a55fac999afb0e390ebc65c299c3cd2b7258cb079683412241e54e7fa275e56a02bd19a10d6a17fead09988cd0fad2e6061e7b,hindi_griffinlim_eval_final/real_hindi/hindi_real_0873.wav,1,6.588,4.584193229675293,-5.933189392089844,rms_matched,False
873,42adfde56dd3d69ed58436d1e8a55fac999afb0e390ebc65c299c3cd2b7258cb079683412241e54e7fa275e56a02bd19a10d6a17fead09988cd0fad2e6061e7b,hindi_griffinlim_eval_final/fake_hindi_griffinlim/hindi_fake_0873.wav,0,6.588,-5.377654075622559,6.150094032287598,rms_matched,False
874,3c47037b539064a039337a1c897e88029bf7cfb906524864e55c38b90aa9efe57730742089a7f2a1b508952b6272c39cd50f7d701230bde9d0afdf4fefc05d8a,hindi_griffinlim_eval_final/real_hindi/hindi_real_0874.wav,1,3.024,6.17581033706665,-8.089428901672363,rms_matched,False
874,3c47037b539064a039337a1c897e88029bf7cfb906524864e55c38b90aa9efe57730742089a7f2a1b508952b6272c39cd50f7d701230bde9d0afdf4fefc05d8a,hindi_griffinlim_eval_final/fake_hindi_griffinlim/hindi_fake_0874.wav,0,3.024,6.965466022491455,-8.978250503540039,rms_matched,False
875,3512a2ce63a4044e19713803ad92889a443d1d6fe4e83bd00833b842957b10139899aa75c48d47ecd6d7e02112c2f7d3dbf5e752d40bfb9bffe073a8983b56b9,hindi_griffinlim_eval_final/real_hindi/hindi_real_0875.wav,1,5.22,-0.3813413679599762,0.5860258340835571,rms_matched,False
875,3512a2ce63a4044e19713803ad92889a443d1d6fe4e83bd00833b842957b10139899aa75c48d47ecd6d7e02112c2f7d3dbf5e752d40bfb9bffe073a8983b56b9,hindi_griffinlim_eval_final/fake_hindi_griffinlim/hindi_fake_0875.wav,0,5.22,2.9318575859069824,-3.7514004707336426,rms_matched,False
876,d39d516dfccbf4297a953030579625b84d76314cdd257472c46f3116b9f0238183eaa531151e2a8bd4968015c10fb293e815f5a2c36475f899e88f5ed90676ea,hindi_griffinlim_eval_final/real_hindi/hindi_real_0876.wav,1,4.968,4.947879791259766,-6.227751731872559,rms_matched,False
876,d39d516dfccbf4297a953030579625b84d76314cdd257472c46f3116b9f0238183eaa531151e2a8bd4968015c10fb293e815f5a2c36475f899e88f5ed90676ea,hindi_griffinlim_eval_final/fake_hindi_griffinlim/hindi_fake_0876.wav,0,4.968,1.510011076927185,-2.251878499984741,rms_matched,False
877,2fab289aa06c3d3ed662c848272fccd54cfe903fbc7895c797a394c8ac5314a6dcbd94b498eb6af96d006c568ea2a0d523ca6b0212684ed46408338da97c2b0b,hindi_griffinlim_eval_final/real_hindi/hindi_real_0877.wav,1,2.628,4.870320796966553,-5.931321144104004,rms_matched,False
877,2fab289aa06c3d3ed662c848272fccd54cfe903fbc7895c797a394c8ac5314a6dcbd94b498eb6af96d006c568ea2a0d523ca6b0212684ed46408338da97c2b0b,hindi_griffinlim_eval_final/fake_hindi_griffinlim/hindi_fake_0877.wav,0,2.628,-3.703136682510376,4.571459770202637,rms_matched,False
878,c9e3c968c1d5b3622fc320ddfee5e4f9ab20a053ad60bc247ae48a626a9989bc2687e3e054f55a444c9ccb71e2ddce887fc8fdfa617ebb5e9d4771676d8074b4,hindi_griffinlim_eval_final/real_hindi/hindi_real_0878.wav,1,4.644,2.536957025527954,-3.408912420272827,rms_matched,False
878,c9e3c968c1d5b3622fc320ddfee5e4f9ab20a053ad60bc247ae48a626a9989bc2687e3e054f55a444c9ccb71e2ddce887fc8fdfa617ebb5e9d4771676d8074b4,hindi_griffinlim_eval_final/fake_hindi_griffinlim/hindi_fake_0878.wav,0,4.644,5.336089611053467,-6.724638938903809,rms_matched,False
879,65d886c17e6173ec624dcf8fa7a03e75f82801af0e6b0a177d149e9137b2bc1c6f88b5e060a9db7493ec77e6ef243e8a1b1ca307a3f303b8d8a5c80dbd08572d,hindi_griffinlim_eval_final/real_hindi/hindi_real_0879.wav,1,4.68,-4.989597320556641,5.696556091308594,rms_matched,False
879,65d886c17e6173ec624dcf8fa7a03e75f82801af0e6b0a177d149e9137b2bc1c6f88b5e060a9db7493ec77e6ef243e8a1b1ca307a3f303b8d8a5c80dbd08572d,hindi_griffinlim_eval_final/fake_hindi_griffinlim/hindi_fake_0879.wav,0,4.68,-5.659240245819092,6.478093147277832,rms_matched,False
880,7570a71e8291317409ff389bd743ae3946da5a2b9540b1d3be2b8e42560a8338f8ced7349b801dee318d981a4d51d1fe60ece80dc66222d056395f1476a1df67,hindi_griffinlim_eval_final/real_hindi/hindi_real_0880.wav,1,3.096,-3.331328868865967,3.901815414428711,rms_matched,False
880,7570a71e8291317409ff389bd743ae3946da5a2b9540b1d3be2b8e42560a8338f8ced7349b801dee318d981a4d51d1fe60ece80dc66222d056395f1476a1df67,hindi_griffinlim_eval_final/fake_hindi_griffinlim/hindi_fake_0880.wav,0,3.096,-0.6572840213775635,1.1843916177749634,rms_matched,False
881,a6d08697c738730178993390c6a57ba2b8e2944e43cf91bc222be8589b56ae2271a0e072fadd7f735cc7479c0ea16887e186a8e4a478276381c1d96dcd49e461,hindi_griffinlim_eval_final/real_hindi/hindi_real_0881.wav,1,3.636,5.382523536682129,-7.087612152099609,rms_matched,False
881,a6d08697c738730178993390c6a57ba2b8e2944e43cf91bc222be8589b56ae2271a0e072fadd7f735cc7479c0ea16887e186a8e4a478276381c1d96dcd49e461,hindi_griffinlim_eval_final/fake_hindi_griffinlim/hindi_fake_0881.wav,0,3.636,7.017382621765137,-9.138405799865723,rms_matched,False
882,5e46ac50eb1d862c9c16cabb7768b1b412ed7ec5a51e13e22953cbb21d43c30f5addea8f5b6797634a95c8140661feb46f36a8e68d9968dc8452c0ac88af7e59,hindi_griffinlim_eval_final/real_hindi/hindi_real_0882.wav,1,3.204,5.017731189727783,-6.240030288696289,rms_matched,False
882,5e46ac50eb1d862c9c16cabb7768b1b412ed7ec5a51e13e22953cbb21d43c30f5addea8f5b6797634a95c8140661feb46f36a8e68d9968dc8452c0ac88af7e59,hindi_griffinlim_eval_final/fake_hindi_griffinlim/hindi_fake_0882.wav,0,3.204,5.366158485412598,-6.829256057739258,rms_matched,False
883,0db277015ed4c7602383504e75bcfead10db6e33b12e442a983cb259a17baf2c98daf32f18e2c1917269103a2ef1776d88cab0357c43c487473d8fa511dde7e8,hindi_griffinlim_eval_final/real_hindi/hindi_real_0883.wav,1,4.572,5.948824405670166,-7.613988876342773,rms_matched,False
883,0db277015ed4c7602383504e75bcfead10db6e33b12e442a983cb259a17baf2c98daf32f18e2c1917269103a2ef1776d88cab0357c43c487473d8fa511dde7e8,hindi_griffinlim_eval_final/fake_hindi_griffinlim/hindi_fake_0883.wav,0,4.572,-0.26396313309669495,-0.033476680517196655,rms_matched,False
884,c88824395561074e0eb0ebc1280d4866dbc29f01c026899e205a1db558ba1be8d683a10dc5e1f8117571ea0794f699ebe359e833d714ad66942a429a2112a5a6,hindi_griffinlim_eval_final/real_hindi/hindi_real_0884.wav,1,4.212,5.118760108947754,-6.529860019683838,rms_matched,False
884,c88824395561074e0eb0ebc1280d4866dbc29f01c026899e205a1db558ba1be8d683a10dc5e1f8117571ea0794f699ebe359e833d714ad66942a429a2112a5a6,hindi_griffinlim_eval_final/fake_hindi_griffinlim/hindi_fake_0884.wav,0,4.212,6.569863796234131,-8.538339614868164,rms_matched,False
885,311217067d55b7cce037852182d16a8e446e955f838c22ea621a12cf2d0fcb73cef39d58af1b90b48bc6a39e94534cd5781370c0e4affc028225fa2b2f7029f0,hindi_griffinlim_eval_final/real_hindi/hindi_real_0885.wav,1,4.5,-5.953212738037109,6.858245849609375,rms_matched,False
885,311217067d55b7cce037852182d16a8e446e955f838c22ea621a12cf2d0fcb73cef39d58af1b90b48bc6a39e94534cd5781370c0e4affc028225fa2b2f7029f0,hindi_griffinlim_eval_final/fake_hindi_griffinlim/hindi_fake_0885.wav,0,4.5,2.983700752258301,-3.7217233180999756,rms_matched,False
886,1da3e82d56c4b06d4028ecc92aca9dc352823b8ec3e30de4da211906b610e38731002b15ef77c26455730b72f40ec1685543812f28aebbf3d093e8e83b3bad25,hindi_griffinlim_eval_final/real_hindi/hindi_real_0886.wav,1,4.5,3.730792999267578,-4.739618301391602,rms_matched,False
886,1da3e82d56c4b06d4028ecc92aca9dc352823b8ec3e30de4da211906b610e38731002b15ef77c26455730b72f40ec1685543812f28aebbf3d093e8e83b3bad25,hindi_griffinlim_eval_final/fake_hindi_griffinlim/hindi_fake_0886.wav,0,4.5,-3.6313228607177734,4.51941442489624,rms_matched,False
887,66a86ae3d3f3eb48e5bad97a370e6813f967d7744dc410051a5092e6bbd0da658ea468af2518aef0db5231c7bd0ed0034baa278b9bd688d6e2dc295d9692ecb8,hindi_griffinlim_eval_final/real_hindi/hindi_real_0887.wav,1,5.004,4.636343002319336,-5.896602630615234,rms_matched,False
887,66a86ae3d3f3eb48e5bad97a370e6813f967d7744dc410051a5092e6bbd0da658ea468af2518aef0db5231c7bd0ed0034baa278b9bd688d6e2dc295d9692ecb8,hindi_griffinlim_eval_final/fake_hindi_griffinlim/hindi_fake_0887.wav,0,5.004,6.3812456130981445,-8.211061477661133,rms_matched,False
888,3512a2ce63a4044e19713803ad92889a443d1d6fe4e83bd00833b842957b10139899aa75c48d47ecd6d7e02112c2f7d3dbf5e752d40bfb9bffe073a8983b56b9,hindi_griffinlim_eval_final/real_hindi/hindi_real_0888.wav,1,6.336,3.001840114593506,-3.7151832580566406,rms_matched,False
888,3512a2ce63a4044e19713803ad92889a443d1d6fe4e83bd00833b842957b10139899aa75c48d47ecd6d7e02112c2f7d3dbf5e752d40bfb9bffe073a8983b56b9,hindi_griffinlim_eval_final/fake_hindi_griffinlim/hindi_fake_0888.wav,0,6.336,3.847921133041382,-4.659273147583008,rms_matched,False
889,b78cf5eebb8ae39161b94c37c3e8aa39f57e5639997972f1ec983cb9f44fcefc18f1c4227b3d8b263477f3444fe05696da0cbd5dacd3cb3900b2cbcf2370b155,hindi_griffinlim_eval_final/real_hindi/hindi_real_0889.wav,1,5.364,-0.8480224609375,1.069174885749817,rms_matched,False
889,b78cf5eebb8ae39161b94c37c3e8aa39f57e5639997972f1ec983cb9f44fcefc18f1c4227b3d8b263477f3444fe05696da0cbd5dacd3cb3900b2cbcf2370b155,hindi_griffinlim_eval_final/fake_hindi_griffinlim/hindi_fake_0889.wav,0,5.364,-3.010067939758301,3.8690741062164307,rms_matched,False
890,3db6bed8f713bb226c8e1414c97e0da016bf5573c7281dda13149cf951a3bab57698d09a84cbf226aebc5f978c42bbb83ee009e4e787f7674304a0ef235be968,hindi_griffinlim_eval_final/real_hindi/hindi_real_0890.wav,1,5.832,0.10671605169773102,-0.05680462718009949,rms_matched,False
890,3db6bed8f713bb226c8e1414c97e0da016bf5573c7281dda13149cf951a3bab57698d09a84cbf226aebc5f978c42bbb83ee009e4e787f7674304a0ef235be968,hindi_griffinlim_eval_final/fake_hindi_griffinlim/hindi_fake_0890.wav,0,5.832,-5.203232765197754,5.942375183105469,rms_matched,False
891,4ed9b617b3f93ef9ae23b42f64cf4e1d53ffefcf405e7e908ad346119c60ff08710f902131c673fcca0a5f0b8980b8e128ba5e30ccefc5780ced1cacb3dde0ed,hindi_griffinlim_eval_final/real_hindi/hindi_real_0891.wav,1,6.732,5.508988380432129,-7.209920883178711,rms_matched,False
891,4ed9b617b3f93ef9ae23b42f64cf4e1d53ffefcf405e7e908ad346119c60ff08710f902131c673fcca0a5f0b8980b8e128ba5e30ccefc5780ced1cacb3dde0ed,hindi_griffinlim_eval_final/fake_hindi_griffinlim/hindi_fake_0891.wav,0,6.732,6.144911766052246,-7.931926250457764,rms_matched,False
892,4165462ba3028c7e25d5ff7abf7e81fe2d31ab129cfa039232a6753837447e299445e86cc1a94db3a8957d1cf55c3a1aaa96b297a0c75a814bc1a2df686daae8,hindi_griffinlim_eval_final/real_hindi/hindi_real_0892.wav,1,5.94,-1.0774940252304077,1.1030604839324951,rms_matched,False
892,4165462ba3028c7e25d5ff7abf7e81fe2d31ab129cfa039232a6753837447e299445e86cc1a94db3a8957d1cf55c3a1aaa96b297a0c75a814bc1a2df686daae8,hindi_griffinlim_eval_final/fake_hindi_griffinlim/hindi_fake_0892.wav,0,5.94,-2.7789573669433594,3.634755849838257,rms_matched,False
893,08aa344261cb28d4f1e8b697822f1338246b28d51cfa28016b6214ed8bcd38cb5485c3b718c8246503f35d7e90c68e6e51ccdcea0ffbe272a0355f013aa4af41,hindi_griffinlim_eval_final/real_hindi/hindi_real_0893.wav,1,3.42,5.270464897155762,-6.561618804931641,rms_matched,False
893,08aa344261cb28d4f1e8b697822f1338246b28d51cfa28016b6214ed8bcd38cb5485c3b718c8246503f35d7e90c68e6e51ccdcea0ffbe272a0355f013aa4af41,hindi_griffinlim_eval_final/fake_hindi_griffinlim/hindi_fake_0893.wav,0,3.42,0.8276668787002563,-1.3226829767227173,rms_matched,False
894,f7e4c76ee18115342ce951e969ae7be895523c1249240808025273db43ef06eff07f846de9b3a24d822ac09b3fcc9a6655535a3e0adb370bde8640f64560620b,hindi_griffinlim_eval_final/real_hindi/hindi_real_0894.wav,1,5.508,-4.265318870544434,4.983059883117676,rms_matched,False
894,f7e4c76ee18115342ce951e969ae7be895523c1249240808025273db43ef06eff07f846de9b3a24d822ac09b3fcc9a6655535a3e0adb370bde8640f64560620b,hindi_griffinlim_eval_final/fake_hindi_griffinlim/hindi_fake_0894.wav,0,5.508,-2.715742588043213,3.5068581104278564,rms_matched,False
895,4ed9b617b3f93ef9ae23b42f64cf4e1d53ffefcf405e7e908ad346119c60ff08710f902131c673fcca0a5f0b8980b8e128ba5e30ccefc5780ced1cacb3dde0ed,hindi_griffinlim_eval_final/real_hindi/hindi_real_0895.wav,1,4.824,3.6312756538391113,-4.790899276733398,rms_matched,False
895,4ed9b617b3f93ef9ae23b42f64cf4e1d53ffefcf405e7e908ad346119c60ff08710f902131c673fcca0a5f0b8980b8e128ba5e30ccefc5780ced1cacb3dde0ed,hindi_griffinlim_eval_final/fake_hindi_griffinlim/hindi_fake_0895.wav,0,4.824,5.093188762664795,-6.374553680419922,rms_matched,False
896,7645441bdc18d3b030505861df550d84664b9a9931552e1efeafab2fc218b84b74173a02073f3ab449dfd6be412293b9bfbe39fc0b97793fff0f586d8212ca0d,hindi_griffinlim_eval_final/real_hindi/hindi_real_0896.wav,1,3.888,4.654809474945068,-5.98200798034668,rms_matched,False
896,7645441bdc18d3b030505861df550d84664b9a9931552e1efeafab2fc218b84b74173a02073f3ab449dfd6be412293b9bfbe39fc0b97793fff0f586d8212ca0d,hindi_griffinlim_eval_final/fake_hindi_griffinlim/hindi_fake_0896.wav,0,3.888,-3.9769115447998047,4.836773872375488,rms_matched,False
897,8532ee1920f74cab963f7b2895f0b5d5519a8762bb1f3b742293915270928c8826003a955e9a9a092982572ddaceed20ff3eaedd2517aa8c4a3759585bfb5493,hindi_griffinlim_eval_final/real_hindi/hindi_real_0897.wav,1,5.508,4.38100004196167,-5.561761856079102,rms_matched,False
897,8532ee1920f74cab963f7b2895f0b5d5519a8762bb1f3b742293915270928c8826003a955e9a9a092982572ddaceed20ff3eaedd2517aa8c4a3759585bfb5493,hindi_griffinlim_eval_final/fake_hindi_griffinlim/hindi_fake_0897.wav,0,5.508,-0.450769305229187,1.0264642238616943,rms_matched,False
898,72f877fac9bb314cc8a49f707222e440bdbf0011ca28657fa408f62c6b95ed4f617faa364554b0b0a75f4c74e6a1a745f376376bbadd8c8737f405f04bd49632,hindi_griffinlim_eval_final/real_hindi/hindi_real_0898.wav,1,5.22,2.983308792114258,-3.8111259937286377,rms_matched,False
898,72f877fac9bb314cc8a49f707222e440bdbf0011ca28657fa408f62c6b95ed4f617faa364554b0b0a75f4c74e6a1a745f376376bbadd8c8737f405f04bd49632,hindi_griffinlim_eval_final/fake_hindi_griffinlim/hindi_fake_0898.wav,0,5.22,-0.9123169183731079,1.2864158153533936,rms_matched,False
899,e6d5ef06a5a765e29cc111294dcf0542f6faa74f367ad10200bd7e609e89ca4dbc72ad11540880b3b155d3a0c19eff6fd865a688d96a340e8e4f23cc9baff93b,hindi_griffinlim_eval_final/real_hindi/hindi_real_0899.wav,1,2.268,-6.160283088684082,7.102273941040039,rms_matched,False
899,e6d5ef06a5a765e29cc111294dcf0542f6faa74f367ad10200bd7e609e89ca4dbc72ad11540880b3b155d3a0c19eff6fd865a688d96a340e8e4f23cc9baff93b,hindi_griffinlim_eval_final/fake_hindi_griffinlim/hindi_fake_0899.wav,0,2.268,-3.7295308113098145,4.714666366577148,rms_matched,False
900,68cb270e1215efd79204c075fb9df17b4ea024a7c09f74970ea4e506e73229238b2c3b3fc62c0f650e4fbd93cfbdd109b4442bcd5292c50b81cf80146568bf42,hindi_griffinlim_eval_final/real_hindi/hindi_real_0900.wav,1,7.596,5.850950241088867,-7.699164390563965,rms_matched,False
900,68cb270e1215efd79204c075fb9df17b4ea024a7c09f74970ea4e506e73229238b2c3b3fc62c0f650e4fbd93cfbdd109b4442bcd5292c50b81cf80146568bf42,hindi_griffinlim_eval_final/fake_hindi_griffinlim/hindi_fake_0900.wav,0,7.596,4.459217071533203,-5.435327529907227,rms_matched,False
901,fb9238da4a8e2de73d33aea159760300d3ec17f24329ad1fd35ab53c3d452ac1fa903c1488c73bf0daeb50763d260efbf7fcf79c1453a1558722a64e0a69afbe,hindi_griffinlim_eval_final/real_hindi/hindi_real_0901.wav,1,6.768,4.603620529174805,-5.830519199371338,rms_matched,False
901,fb9238da4a8e2de73d33aea159760300d3ec17f24329ad1fd35ab53c3d452ac1fa903c1488c73bf0daeb50763d260efbf7fcf79c1453a1558722a64e0a69afbe,hindi_griffinlim_eval_final/fake_hindi_griffinlim/hindi_fake_0901.wav,0,6.768,-1.2175360918045044,1.7959551811218262,rms_matched,False
902,b7fde8b01808baf29c65724c04b9461381f7985ce4825b5663eb776d15da60e04453179bb8655290425de10178de70a1bd3e57b2381901578b63e663e90c0628,hindi_griffinlim_eval_final/real_hindi/hindi_real_0902.wav,1,5.436,5.890954971313477,-7.591891288757324,rms_matched,False
902,b7fde8b01808baf29c65724c04b9461381f7985ce4825b5663eb776d15da60e04453179bb8655290425de10178de70a1bd3e57b2381901578b63e663e90c0628,hindi_griffinlim_eval_final/fake_hindi_griffinlim/hindi_fake_0902.wav,0,5.436,4.792298316955566,-5.9393086433410645,rms_matched,False
903,cf3aeeacb5f17296626b5c4098ec5eac55e41cd4794e1b866c7c42ccda4ff82ab59144d9af79e6479243e61724113d6c7ccccb7dc02e7a235f5ff37eee99c5d8,hindi_griffinlim_eval_final/real_hindi/hindi_real_0903.wav,1,2.592,5.269722938537598,-6.718017578125,rms_matched,False
903,cf3aeeacb5f17296626b5c4098ec5eac55e41cd4794e1b866c7c42ccda4ff82ab59144d9af79e6479243e61724113d6c7ccccb7dc02e7a235f5ff37eee99c5d8,hindi_griffinlim_eval_final/fake_hindi_griffinlim/hindi_fake_0903.wav,0,2.592,5.372271537780762,-6.852560520172119,rms_matched,False
904,551ead2654838dfeb5faff96cbcc6d7ca4ac208e9f84293d31d5c89ae3e612bcc525e7f2cc8a050c834c1d550d9880c84e908cf0c4e90a885b36001c989f7aa6,hindi_griffinlim_eval_final/real_hindi/hindi_real_0904.wav,1,6.048,5.6637067794799805,-7.398684024810791,rms_matched,False
904,551ead2654838dfeb5faff96cbcc6d7ca4ac208e9f84293d31d5c89ae3e612bcc525e7f2cc8a050c834c1d550d9880c84e908cf0c4e90a885b36001c989f7aa6,hindi_griffinlim_eval_final/fake_hindi_griffinlim/hindi_fake_0904.wav,0,6.048,0.12004941701889038,-0.06341959536075592,rms_matched,False
905,75c6bb7203a8fae0c08c18b39bebaf7f25f86e3b2cdbb1dbd65927288474b3fa5b24c5c88144d238b93b8327677bdfbdf560078a95a3594a6b6ea7dbf3f3eec8,hindi_griffinlim_eval_final/real_hindi/hindi_real_0905.wav,1,4.428,3.405380964279175,-4.299028396606445,rms_matched,False
905,75c6bb7203a8fae0c08c18b39bebaf7f25f86e3b2cdbb1dbd65927288474b3fa5b24c5c88144d238b93b8327677bdfbdf560078a95a3594a6b6ea7dbf3f3eec8,hindi_griffinlim_eval_final/fake_hindi_griffinlim/hindi_fake_0905.wav,0,4.428,0.2383066862821579,-0.4457222521305084,rms_matched,False
906,f446689d92087b875d07eaa1d98e4b7e07ec4f8651762d73d8e0ecbae21be60e60a3b7356828d24a8c9071f872f21361ca196ae017820a2908412966f0a59df2,hindi_griffinlim_eval_final/real_hindi/hindi_real_0906.wav,1,7.128,1.9784537553787231,-2.674654960632324,rms_matched,False
906,f446689d92087b875d07eaa1d98e4b7e07ec4f8651762d73d8e0ecbae21be60e60a3b7356828d24a8c9071f872f21361ca196ae017820a2908412966f0a59df2,hindi_griffinlim_eval_final/fake_hindi_griffinlim/hindi_fake_0906.wav,0,7.128,5.883092403411865,-7.679760456085205,rms_matched,False
907,c45d64f4a9ad8d1efb4d802830abc40f0e0e29e23a1d399fb4e668a1781d60c7b6329f4ed2b4ee75586b7ef748b73a373cb36707965a2b5785d7e9ce6196f390,hindi_griffinlim_eval_final/real_hindi/hindi_real_0907.wav,1,6.336,-0.003276132047176361,0.1026374101638794,peak_normalized,True
907,c45d64f4a9ad8d1efb4d802830abc40f0e0e29e23a1d399fb4e668a1781d60c7b6329f4ed2b4ee75586b7ef748b73a373cb36707965a2b5785d7e9ce6196f390,hindi_griffinlim_eval_final/fake_hindi_griffinlim/hindi_fake_0907.wav,0,6.336,-1.1827882528305054,1.6099923849105835,peak_normalized,True
908,0eef353f918900f4b6b2c52b697013c0ac2340228d97696f460545e777a0a619dc934a6e2bdc5329525c74d683591af809ae5b8d4157abba6321a5b7366bb73e,hindi_griffinlim_eval_final/real_hindi/hindi_real_0908.wav,1,5.544,5.570024013519287,-7.00623083114624,rms_matched,False
908,0eef353f918900f4b6b2c52b697013c0ac2340228d97696f460545e777a0a619dc934a6e2bdc5329525c74d683591af809ae5b8d4157abba6321a5b7366bb73e,hindi_griffinlim_eval_final/fake_hindi_griffinlim/hindi_fake_0908.wav,0,5.544,6.9979400634765625,-9.040197372436523,rms_matched,False
909,ca6156fb12800e3b3fc41f9907777531141ebf8f445b70901bc7137ffd0e5516c2229f3c8c695423887299cdfe5b9160cea313d614a4ba540d5ff4102dda821e,hindi_griffinlim_eval_final/real_hindi/hindi_real_0909.wav,1,4.716,2.5351669788360596,-3.1630547046661377,rms_matched,False
909,ca6156fb12800e3b3fc41f9907777531141ebf8f445b70901bc7137ffd0e5516c2229f3c8c695423887299cdfe5b9160cea313d614a4ba540d5ff4102dda821e,hindi_griffinlim_eval_final/fake_hindi_griffinlim/hindi_fake_0909.wav,0,4.716,-1.9810184240341187,2.6159329414367676,rms_matched,False
910,64fcf403ddfb930184eae9b9ad9fbb9a712ebab06fdb5e7dbe7621dcd2cd5101f593c37e8e254ff38294b6dcc8bec4808c197c2d7599c0c4126045b1ac9b51d0,hindi_griffinlim_eval_final/real_hindi/hindi_real_0910.wav,1,5.784,1.3238722085952759,-1.6207071542739868,rms_matched,False
910,64fcf403ddfb930184eae9b9ad9fbb9a712ebab06fdb5e7dbe7621dcd2cd5101f593c37e8e254ff38294b6dcc8bec4808c197c2d7599c0c4126045b1ac9b51d0,hindi_griffinlim_eval_final/fake_hindi_griffinlim/hindi_fake_0910.wav,0,5.784,-0.8943806290626526,1.3674077987670898,rms_matched,False
911,5a2a681a4af95b92777b6adcd74644a5291136b27678f3afb168b9ebcc348031ce19ae24e738331ee6e5e5e54f6c4c560d455f898f348ad11957ec799c28fe59,hindi_griffinlim_eval_final/real_hindi/hindi_real_0911.wav,1,4.788,5.337316513061523,-6.869444370269775,rms_matched,False
911,5a2a681a4af95b92777b6adcd74644a5291136b27678f3afb168b9ebcc348031ce19ae24e738331ee6e5e5e54f6c4c560d455f898f348ad11957ec799c28fe59,hindi_griffinlim_eval_final/fake_hindi_griffinlim/hindi_fake_0911.wav,0,4.788,-2.4620800018310547,3.2201647758483887,rms_matched,False
912,cb191bbd6bef46c81c9d5a49421a071897ee938b184fb94525d71950769ff71a8e4c5380bac3087cf73f11082371a95a9e76e594ba58d9520d5892e39d9d167e,hindi_griffinlim_eval_final/real_hindi/hindi_real_0912.wav,1,7.416,-0.35145407915115356,0.3729657530784607,rms_matched,False
912,cb191bbd6bef46c81c9d5a49421a071897ee938b184fb94525d71950769ff71a8e4c5380bac3087cf73f11082371a95a9e76e594ba58d9520d5892e39d9d167e,hindi_griffinlim_eval_final/fake_hindi_griffinlim/hindi_fake_0912.wav,0,7.416,-4.24909782409668,5.172089099884033,rms_matched,False
913,1141dfc674be44e23dd469a1caf6c1436405f2f99880ffa8ec17435c9e0877914bb50b5906d75d14f195ef2c60ba18fe91afa89698d08952325c31896d02d827,hindi_griffinlim_eval_final/real_hindi/hindi_real_0913.wav,1,3.276,5.121358394622803,-6.573252201080322,rms_matched,False
913,1141dfc674be44e23dd469a1caf6c1436405f2f99880ffa8ec17435c9e0877914bb50b5906d75d14f195ef2c60ba18fe91afa89698d08952325c31896d02d827,hindi_griffinlim_eval_final/fake_hindi_griffinlim/hindi_fake_0913.wav,0,3.276,5.5532073974609375,-7.120504379272461,rms_matched,False
914,ac38b13197dccd9b8389b7ea08fa62f18a0ad7549e1dcb0ac6d9a05f3c3cf0e1a38c50b32020c420310616620b70345d1c7ec60431e9af8f1dd471d271dd2c81,hindi_griffinlim_eval_final/real_hindi/hindi_real_0914.wav,1,5.064,-1.7915079593658447,2.3246827125549316,rms_matched,False
914,ac38b13197dccd9b8389b7ea08fa62f18a0ad7549e1dcb0ac6d9a05f3c3cf0e1a38c50b32020c420310616620b70345d1c7ec60431e9af8f1dd471d271dd2c81,hindi_griffinlim_eval_final/fake_hindi_griffinlim/hindi_fake_0914.wav,0,5.064,-0.5267446637153625,0.9567244648933411,rms_matched,False
915,ec98bf4f4c7ebeb53552af57da3d7a49f21818abc1725b040a1b968399e00793bb92c3c43fc8a718ebdf2cd08df8a20903f45474f2545ae873ddfb15c6a759c5,hindi_griffinlim_eval_final/real_hindi/hindi_real_0915.wav,1,5.58,4.957378387451172,-6.299554824829102,rms_matched,False
915,ec98bf4f4c7ebeb53552af57da3d7a49f21818abc1725b040a1b968399e00793bb92c3c43fc8a718ebdf2cd08df8a20903f45474f2545ae873ddfb15c6a759c5,hindi_griffinlim_eval_final/fake_hindi_griffinlim/hindi_fake_0915.wav,0,5.58,-0.06005704030394554,-0.008356988430023193,rms_matched,False
916,5a2a681a4af95b92777b6adcd74644a5291136b27678f3afb168b9ebcc348031ce19ae24e738331ee6e5e5e54f6c4c560d455f898f348ad11957ec799c28fe59,hindi_griffinlim_eval_final/real_hindi/hindi_real_0916.wav,1,5.148,1.6642231941223145,-1.9945659637451172,rms_matched,False
916,5a2a681a4af95b92777b6adcd74644a5291136b27678f3afb168b9ebcc348031ce19ae24e738331ee6e5e5e54f6c4c560d455f898f348ad11957ec799c28fe59,hindi_griffinlim_eval_final/fake_hindi_griffinlim/hindi_fake_0916.wav,0,5.148,-2.776599645614624,3.5320727825164795,rms_matched,False
917,1a88297b510c4d15acdd9d6a3f50d13fd6420c8f934e487a7ec5096ab5fbebef165269d581a12002a5eca2cf3fbced4552441668df9c027abd45ef0895eabbc2,hindi_griffinlim_eval_final/real_hindi/hindi_real_0917.wav,1,5.184,2.4894700050354004,-3.543015718460083,rms_matched,False
917,1a88297b510c4d15acdd9d6a3f50d13fd6420c8f934e487a7ec5096ab5fbebef165269d581a12002a5eca2cf3fbced4552441668df9c027abd45ef0895eabbc2,hindi_griffinlim_eval_final/fake_hindi_griffinlim/hindi_fake_0917.wav,0,5.184,-3.2336413860321045,3.98760986328125,rms_matched,False
918,45067264d2b61e264ecad7458eac3d1b34e0fa920f07b620c960183b5da33e9162e941624364882bef970388a81035ea2059171afb0b405fec83186454db1279,hindi_griffinlim_eval_final/real_hindi/hindi_real_0918.wav,1,6.516,1.3540925979614258,-2.272031307220459,rms_matched,False
918,45067264d2b61e264ecad7458eac3d1b34e0fa920f07b620c960183b5da33e9162e941624364882bef970388a81035ea2059171afb0b405fec83186454db1279,hindi_griffinlim_eval_final/fake_hindi_griffinlim/hindi_fake_0918.wav,0,6.516,-2.667558193206787,3.449530839920044,rms_matched,False
919,80df1054d490d23f8c2523fa0495d60f3cc205e34e95d436f6c923158601404372c2ddea0d8239b414c6a6e342198453e814db3f980e01b97817acc51ea7adc4,hindi_griffinlim_eval_final/real_hindi/hindi_real_0919.wav,1,7.416,2.054232120513916,-2.5620336532592773,rms_matched,False
919,80df1054d490d23f8c2523fa0495d60f3cc205e34e95d436f6c923158601404372c2ddea0d8239b414c6a6e342198453e814db3f980e01b97817acc51ea7adc4,hindi_griffinlim_eval_final/fake_hindi_griffinlim/hindi_fake_0919.wav,0,7.416,-0.5059405565261841,0.9925848841667175,rms_matched,False
920,b5368a2dff773c397ef5c49e62c79de17d88d95d2079d13c22dfd061e40dd1528406716bf6158aee618664f8bd5cd01289e1e410afda482364672472b003fd9b,hindi_griffinlim_eval_final/real_hindi/hindi_real_0920.wav,1,4.968,-3.2788712978363037,4.007594108581543,rms_matched,False
920,b5368a2dff773c397ef5c49e62c79de17d88d95d2079d13c22dfd061e40dd1528406716bf6158aee618664f8bd5cd01289e1e410afda482364672472b003fd9b,hindi_griffinlim_eval_final/fake_hindi_griffinlim/hindi_fake_0920.wav,0,4.968,-0.8259502053260803,1.3168659210205078,rms_matched,False
921,7fbf4c95e3140e3dc38caf6b69156e7b0c31b692322f830bd453acafa852716c55556b85dab23eb2fcf7567541c68490442cf56fba72b2b29acffe250f110146,hindi_griffinlim_eval_final/real_hindi/hindi_real_0921.wav,1,5.616,4.774855613708496,-5.974372863769531,rms_matched,False
921,7fbf4c95e3140e3dc38caf6b69156e7b0c31b692322f830bd453acafa852716c55556b85dab23eb2fcf7567541c68490442cf56fba72b2b29acffe250f110146,hindi_griffinlim_eval_final/fake_hindi_griffinlim/hindi_fake_0921.wav,0,5.616,-2.4088759422302246,3.104670763015747,rms_matched,False
922,f7e4c76ee18115342ce951e969ae7be895523c1249240808025273db43ef06eff07f846de9b3a24d822ac09b3fcc9a6655535a3e0adb370bde8640f64560620b,hindi_griffinlim_eval_final/real_hindi/hindi_real_0922.wav,1,3.708,-2.8466920852661133,3.738610029220581,peak_normalized,True
922,f7e4c76ee18115342ce951e969ae7be895523c1249240808025273db43ef06eff07f846de9b3a24d822ac09b3fcc9a6655535a3e0adb370bde8640f64560620b,hindi_griffinlim_eval_final/fake_hindi_griffinlim/hindi_fake_0922.wav,0,3.708,-4.664046287536621,5.545383453369141,peak_normalized,True
923,3f0b866ee8d4499e4c0de09d34862acbb1ea0139f53bf7f1271a8648fb35d9a3a31272a8bc7af870e3b52bf7f4cb51ae512fa07df79663eaeafa30221c0b200b,hindi_griffinlim_eval_final/real_hindi/hindi_real_0923.wav,1,4.788,-3.3065521717071533,4.073527812957764,peak_normalized,True
923,3f0b866ee8d4499e4c0de09d34862acbb1ea0139f53bf7f1271a8648fb35d9a3a31272a8bc7af870e3b52bf7f4cb51ae512fa07df79663eaeafa30221c0b200b,hindi_griffinlim_eval_final/fake_hindi_griffinlim/hindi_fake_0923.wav,0,4.788,-5.456029891967773,6.245175361633301,peak_normalized,True
924,2f15fd7bc51b2ba02064a0da5d475e0d6fc67649859ea797ce166b32fbfcd6af3d56241cdaa9d7107918bf5979de4ab7e702c6f255f5f2cfb0d154e19d960b17,hindi_griffinlim_eval_final/real_hindi/hindi_real_0924.wav,1,4.824,-5.547417640686035,6.338411331176758,rms_matched,False
924,2f15fd7bc51b2ba02064a0da5d475e0d6fc67649859ea797ce166b32fbfcd6af3d56241cdaa9d7107918bf5979de4ab7e702c6f255f5f2cfb0d154e19d960b17,hindi_griffinlim_eval_final/fake_hindi_griffinlim/hindi_fake_0924.wav,0,4.824,-0.40452736616134644,0.946495532989502,rms_matched,False
925,daa76944376a4ffb1588dd2a305c507bc1b8e14eafbbb1784aba0d0e901a3ceccaa5f1d84909bc13f2ff0ab6c7facb2ac2e487daed3470c7fe44022f33cd2a26,hindi_griffinlim_eval_final/real_hindi/hindi_real_0925.wav,1,4.14,5.788125991821289,-7.447168350219727,rms_matched,False
925,daa76944376a4ffb1588dd2a305c507bc1b8e14eafbbb1784aba0d0e901a3ceccaa5f1d84909bc13f2ff0ab6c7facb2ac2e487daed3470c7fe44022f33cd2a26,hindi_griffinlim_eval_final/fake_hindi_griffinlim/hindi_fake_0925.wav,0,4.14,-0.5967817306518555,1.0509835481643677,rms_matched,False
926,2f15fd7bc51b2ba02064a0da5d475e0d6fc67649859ea797ce166b32fbfcd6af3d56241cdaa9d7107918bf5979de4ab7e702c6f255f5f2cfb0d154e19d960b17,hindi_griffinlim_eval_final/real_hindi/hindi_real_0926.wav,1,4.536,-3.0127816200256348,3.878542900085449,rms_matched,False
926,2f15fd7bc51b2ba02064a0da5d475e0d6fc67649859ea797ce166b32fbfcd6af3d56241cdaa9d7107918bf5979de4ab7e702c6f255f5f2cfb0d154e19d960b17,hindi_griffinlim_eval_final/fake_hindi_griffinlim/hindi_fake_0926.wav,0,4.536,-0.19711428880691528,0.14180052280426025,rms_matched,False
927,4f7f65a3c1d0ad3bc8c1b1b9d1f99a33e4785aac4a57bf5803876af5b7bd8c4d96f9ce70fa5d287f0aa26fa4aa86e8572fa595a5554dc71ae32d82496237da62,hindi_griffinlim_eval_final/real_hindi/hindi_real_0927.wav,1,3.504,4.991262435913086,-6.326901435852051,peak_normalized,True
927,4f7f65a3c1d0ad3bc8c1b1b9d1f99a33e4785aac4a57bf5803876af5b7bd8c4d96f9ce70fa5d287f0aa26fa4aa86e8572fa595a5554dc71ae32d82496237da62,hindi_griffinlim_eval_final/fake_hindi_griffinlim/hindi_fake_0927.wav,0,3.504,4.8933491706848145,-6.285233497619629,peak_normalized,True
928,a260ddbc5acffed848007a0a9ec6b79936f77999c825631f8f7eb91c11e3369d404de512eb961b464b0208a5da2d4a8cf154dba0a4d11010520e02dbf6039b2f,hindi_griffinlim_eval_final/real_hindi/hindi_real_0928.wav,1,5.76,-3.3723926544189453,4.110998153686523,rms_matched,False
928,a260ddbc5acffed848007a0a9ec6b79936f77999c825631f8f7eb91c11e3369d404de512eb961b464b0208a5da2d4a8cf154dba0a4d11010520e02dbf6039b2f,hindi_griffinlim_eval_final/fake_hindi_griffinlim/hindi_fake_0928.wav,0,5.76,-3.0353832244873047,3.994990587234497,rms_matched,False
929,6cd8f602bf899de8fa9a30238cb461650682d47e62a5d12042ec213877ca4d9f7f83e3635c1374cddf16260688058dddb7ba7f5466c279dadd85e033038b6b08,hindi_griffinlim_eval_final/real_hindi/hindi_real_0929.wav,1,2.628,-0.24471355974674225,0.1191001832485199,rms_matched,False
929,6cd8f602bf899de8fa9a30238cb461650682d47e62a5d12042ec213877ca4d9f7f83e3635c1374cddf16260688058dddb7ba7f5466c279dadd85e033038b6b08,hindi_griffinlim_eval_final/fake_hindi_griffinlim/hindi_fake_0929.wav,0,2.628,-0.9923615455627441,1.4045580625534058,rms_matched,False
930,ac38b13197dccd9b8389b7ea08fa62f18a0ad7549e1dcb0ac6d9a05f3c3cf0e1a38c50b32020c420310616620b70345d1c7ec60431e9af8f1dd471d271dd2c81,hindi_griffinlim_eval_final/real_hindi/hindi_real_0930.wav,1,3.336,-4.4721455574035645,5.311908721923828,rms_matched,False
930,ac38b13197dccd9b8389b7ea08fa62f18a0ad7549e1dcb0ac6d9a05f3c3cf0e1a38c50b32020c420310616620b70345d1c7ec60431e9af8f1dd471d271dd2c81,hindi_griffinlim_eval_final/fake_hindi_griffinlim/hindi_fake_0930.wav,0,3.336,-5.798821449279785,6.629183769226074,rms_matched,False
931,ecc7e59a32c148c0940caf49e33b11c6c9cbcd065d19c3a636df8798f9a2b79eec188e8b8ec5c0ba3212d762cde863f145957a01d44291181826e1579efbcf79,hindi_griffinlim_eval_final/real_hindi/hindi_real_0931.wav,1,7.344,4.374829292297363,-5.607913970947266,rms_matched,False
931,ecc7e59a32c148c0940caf49e33b11c6c9cbcd065d19c3a636df8798f9a2b79eec188e8b8ec5c0ba3212d762cde863f145957a01d44291181826e1579efbcf79,hindi_griffinlim_eval_final/fake_hindi_griffinlim/hindi_fake_0931.wav,0,7.344,6.900062084197998,-8.971977233886719,rms_matched,False
932,40755351d14a54150898c5756a00e1c19d4099c2b7fca916bd7eb5967ce050c2fa3e5870250539857dbb1005de528c8a967e18a0f7dfd0dfce66024cc6a979c0,hindi_griffinlim_eval_final/real_hindi/hindi_real_0932.wav,1,6.66,5.451164245605469,-7.045586585998535,rms_matched,False
932,40755351d14a54150898c5756a00e1c19d4099c2b7fca916bd7eb5967ce050c2fa3e5870250539857dbb1005de528c8a967e18a0f7dfd0dfce66024cc6a979c0,hindi_griffinlim_eval_final/fake_hindi_griffinlim/hindi_fake_0932.wav,0,6.66,-1.5644725561141968,2.041581630706787,rms_matched,False
933,5a2a681a4af95b92777b6adcd74644a5291136b27678f3afb168b9ebcc348031ce19ae24e738331ee6e5e5e54f6c4c560d455f898f348ad11957ec799c28fe59,hindi_griffinlim_eval_final/real_hindi/hindi_real_0933.wav,1,4.896,5.297985553741455,-6.7065324783325195,rms_matched,False
933,5a2a681a4af95b92777b6adcd74644a5291136b27678f3afb168b9ebcc348031ce19ae24e738331ee6e5e5e54f6c4c560d455f898f348ad11957ec799c28fe59,hindi_griffinlim_eval_final/fake_hindi_griffinlim/hindi_fake_0933.wav,0,4.896,-1.2537400722503662,1.7212213277816772,rms_matched,False
934,369ad14c74f52ab1579e8df7c213c4d5982ddfbf5d67057d8ef5e11f88177dc8e428d628ff7610a25681bd43d33237d2c914c41097f20905142011a579a50612,hindi_griffinlim_eval_final/real_hindi/hindi_real_0934.wav,1,5.58,4.441658020019531,-5.78741455078125,rms_matched,False
934,369ad14c74f52ab1579e8df7c213c4d5982ddfbf5d67057d8ef5e11f88177dc8e428d628ff7610a25681bd43d33237d2c914c41097f20905142011a579a50612,hindi_griffinlim_eval_final/fake_hindi_griffinlim/hindi_fake_0934.wav,0,5.58,-0.24177195131778717,0.532758355140686,rms_matched,False
935,369ad14c74f52ab1579e8df7c213c4d5982ddfbf5d67057d8ef5e11f88177dc8e428d628ff7610a25681bd43d33237d2c914c41097f20905142011a579a50612,hindi_griffinlim_eval_final/real_hindi/hindi_real_0935.wav,1,7.776,-0.01937009021639824,0.10770374536514282,rms_matched,False
935,369ad14c74f52ab1579e8df7c213c4d5982ddfbf5d67057d8ef5e11f88177dc8e428d628ff7610a25681bd43d33237d2c914c41097f20905142011a579a50612,hindi_griffinlim_eval_final/fake_hindi_griffinlim/hindi_fake_0935.wav,0,7.776,-0.3433057963848114,0.7140183448791504,rms_matched,False
936,bbf090e6e283e4e37184a2e8d18c4e8b316a072a5565f942ab1fe209609ce93499859b1bc6b7111be2f33203c2746e5c37c57a3fcff52e9a7f38780d6fc39a26,hindi_griffinlim_eval_final/real_hindi/hindi_real_0936.wav,1,4.68,-0.8272076845169067,1.255865216255188,rms_matched,False
936,bbf090e6e283e4e37184a2e8d18c4e8b316a072a5565f942ab1fe209609ce93499859b1bc6b7111be2f33203c2746e5c37c57a3fcff52e9a7f38780d6fc39a26,hindi_griffinlim_eval_final/fake_hindi_griffinlim/hindi_fake_0936.wav,0,4.68,-0.39329618215560913,0.7660331726074219,rms_matched,False
937,4165462ba3028c7e25d5ff7abf7e81fe2d31ab129cfa039232a6753837447e299445e86cc1a94db3a8957d1cf55c3a1aaa96b297a0c75a814bc1a2df686daae8,hindi_griffinlim_eval_final/real_hindi/hindi_real_0937.wav,1,3.744,3.5758988857269287,-4.574837684631348,rms_matched,False
937,4165462ba3028c7e25d5ff7abf7e81fe2d31ab129cfa039232a6753837447e299445e86cc1a94db3a8957d1cf55c3a1aaa96b297a0c75a814bc1a2df686daae8,hindi_griffinlim_eval_final/fake_hindi_griffinlim/hindi_fake_0937.wav,0,3.744,0.21636424958705902,-0.7493026852607727,rms_matched,False
938,f4276b793d63656aa644af3755eec97ff45d8df43323576969e1722c9b9f099002febe4c6f3a9401ad2a7011623e315d775ae5c19f3901dfc9cb44d20a5c91df,hindi_griffinlim_eval_final/real_hindi/hindi_real_0938.wav,1,4.608,1.788710355758667,-2.5502424240112305,rms_matched,False
938,f4276b793d63656aa644af3755eec97ff45d8df43323576969e1722c9b9f099002febe4c6f3a9401ad2a7011623e315d775ae5c19f3901dfc9cb44d20a5c91df,hindi_griffinlim_eval_final/fake_hindi_griffinlim/hindi_fake_0938.wav,0,4.608,-0.5222735404968262,1.0955212116241455,rms_matched,False
939,4498fc8a02fdc71bd6238e7020b44ddb11b2922e44e1fda1ccc177f6d24c99b0ef8b526c40d48f44b73cf32a8138e49b9e0fc93e64be8c318d8b7b9f84870bfa,hindi_griffinlim_eval_final/real_hindi/hindi_real_0939.wav,1,7.848,-1.9460304975509644,2.706644296646118,rms_matched,False
939,4498fc8a02fdc71bd6238e7020b44ddb11b2922e44e1fda1ccc177f6d24c99b0ef8b526c40d48f44b73cf32a8138e49b9e0fc93e64be8c318d8b7b9f84870bfa,hindi_griffinlim_eval_final/fake_hindi_griffinlim/hindi_fake_0939.wav,0,7.848,-2.3547616004943848,3.2256593704223633,rms_matched,False
940,2312b0d85bd1eb1a017264abf770df086e10cec218cf1ab48b90f9d7f621d8ae8372b07338224060fcac6cfb337fcfcb6966c160942f9fcec4c67e7f5df44520,hindi_griffinlim_eval_final/real_hindi/hindi_real_0940.wav,1,4.608,-2.745400905609131,3.3387343883514404,peak_normalized,True
940,2312b0d85bd1eb1a017264abf770df086e10cec218cf1ab48b90f9d7f621d8ae8372b07338224060fcac6cfb337fcfcb6966c160942f9fcec4c67e7f5df44520,hindi_griffinlim_eval_final/fake_hindi_griffinlim/hindi_fake_0940.wav,0,4.608,-5.178556442260742,5.869897842407227,peak_normalized,True
941,f1b62e5d3473776b945ef79fbad0a46a621fb136b143d7aeb75a7cb854ebe0807524eee04fe8d83b3311152dad97e341e18ed5b8981b3cf322fec4e0700894bb,hindi_griffinlim_eval_final/real_hindi/hindi_real_0941.wav,1,7.92,2.7090110778808594,-3.326723575592041,rms_matched,False
941,f1b62e5d3473776b945ef79fbad0a46a621fb136b143d7aeb75a7cb854ebe0807524eee04fe8d83b3311152dad97e341e18ed5b8981b3cf322fec4e0700894bb,hindi_griffinlim_eval_final/fake_hindi_griffinlim/hindi_fake_0941.wav,0,7.92,0.5698655843734741,-0.5289955139160156,rms_matched,False
942,ff8d1bfdc7d8be2fd275f506691f3ba70d9d60666488ab551bcbb76c3fe93c7cfaa703f465f40b60131807d73913eb37830221336b6803114df015fb7caed36e,hindi_griffinlim_eval_final/real_hindi/hindi_real_0942.wav,1,4.788,0.3019515872001648,-0.33373576402664185,rms_matched,False
942,ff8d1bfdc7d8be2fd275f506691f3ba70d9d60666488ab551bcbb76c3fe93c7cfaa703f465f40b60131807d73913eb37830221336b6803114df015fb7caed36e,hindi_griffinlim_eval_final/fake_hindi_griffinlim/hindi_fake_0942.wav,0,4.788,-2.3122527599334717,2.899425745010376,rms_matched,False
943,8532ee1920f74cab963f7b2895f0b5d5519a8762bb1f3b742293915270928c8826003a955e9a9a092982572ddaceed20ff3eaedd2517aa8c4a3759585bfb5493,hindi_griffinlim_eval_final/real_hindi/hindi_real_0943.wav,1,5.436,4.521050453186035,-5.779232025146484,rms_matched,False
943,8532ee1920f74cab963f7b2895f0b5d5519a8762bb1f3b742293915270928c8826003a955e9a9a092982572ddaceed20ff3eaedd2517aa8c4a3759585bfb5493,hindi_griffinlim_eval_final/fake_hindi_griffinlim/hindi_fake_0943.wav,0,5.436,-0.5158919095993042,1.0791891813278198,rms_matched,False
944,fb9238da4a8e2de73d33aea159760300d3ec17f24329ad1fd35ab53c3d452ac1fa903c1488c73bf0daeb50763d260efbf7fcf79c1453a1558722a64e0a69afbe,hindi_griffinlim_eval_final/real_hindi/hindi_real_0944.wav,1,5.256,4.727775573730469,-5.991960048675537,rms_matched,False
944,fb9238da4a8e2de73d33aea159760300d3ec17f24329ad1fd35ab53c3d452ac1fa903c1488c73bf0daeb50763d260efbf7fcf79c1453a1558722a64e0a69afbe,hindi_griffinlim_eval_final/fake_hindi_griffinlim/hindi_fake_0944.wav,0,5.256,-0.39354079961776733,0.6177717447280884,rms_matched,False
945,0245f184ea5b6ed43fdf98061265386a868ff96b2566d123a88efdaaa7aeade1ce59fdd77595bf40a98fe15f578afaf6b4a2fbfbbf2a1e589d519238c07b799a,hindi_griffinlim_eval_final/real_hindi/hindi_real_0945.wav,1,5.22,-0.5238009691238403,0.877315104007721,rms_matched,False
945,0245f184ea5b6ed43fdf98061265386a868ff96b2566d123a88efdaaa7aeade1ce59fdd77595bf40a98fe15f578afaf6b4a2fbfbbf2a1e589d519238c07b799a,hindi_griffinlim_eval_final/fake_hindi_griffinlim/hindi_fake_0945.wav,0,5.22,-1.1276119947433472,1.7007447481155396,rms_matched,False
946,424c16a8450e8b742c1380d9d38d919d880a36379e8c7e09126a2a8411022bc42cbae339c1d8dfd42695fb073ca783ed5e86b8a2531d11c4491259ab1378e445,hindi_griffinlim_eval_final/real_hindi/hindi_real_0946.wav,1,5.076,-2.233017921447754,2.8063180446624756,rms_matched,False
946,424c16a8450e8b742c1380d9d38d919d880a36379e8c7e09126a2a8411022bc42cbae339c1d8dfd42695fb073ca783ed5e86b8a2531d11c4491259ab1378e445,hindi_griffinlim_eval_final/fake_hindi_griffinlim/hindi_fake_0946.wav,0,5.076,6.916072845458984,-9.017950057983398,rms_matched,False
947,43dc11a5328c78dc9536527d6945245d5b3e371fdeea987ac538a30956eacc649639e2b09c28bf3ee4f4f764475880bb8f68a5cd20ef78800a664b72a86ffe58,hindi_griffinlim_eval_final/real_hindi/hindi_real_0947.wav,1,3.924,4.258767604827881,-5.50376558303833,rms_matched,False
947,43dc11a5328c78dc9536527d6945245d5b3e371fdeea987ac538a30956eacc649639e2b09c28bf3ee4f4f764475880bb8f68a5cd20ef78800a664b72a86ffe58,hindi_griffinlim_eval_final/fake_hindi_griffinlim/hindi_fake_0947.wav,0,3.924,-5.314772129058838,6.068084239959717,rms_matched,False
948,72f877fac9bb314cc8a49f707222e440bdbf0011ca28657fa408f62c6b95ed4f617faa364554b0b0a75f4c74e6a1a745f376376bbadd8c8737f405f04bd49632,hindi_griffinlim_eval_final/real_hindi/hindi_real_0948.wav,1,5.58,2.361769199371338,-3.210958242416382,rms_matched,False
948,72f877fac9bb314cc8a49f707222e440bdbf0011ca28657fa408f62c6b95ed4f617faa364554b0b0a75f4c74e6a1a745f376376bbadd8c8737f405f04bd49632,hindi_griffinlim_eval_final/fake_hindi_griffinlim/hindi_fake_0948.wav,0,5.58,-2.4669084548950195,3.3963522911071777,rms_matched,False
949,f7e4c76ee18115342ce951e969ae7be895523c1249240808025273db43ef06eff07f846de9b3a24d822ac09b3fcc9a6655535a3e0adb370bde8640f64560620b,hindi_griffinlim_eval_final/real_hindi/hindi_real_0949.wav,1,5.868,-4.192713737487793,4.9257659912109375,rms_matched,False
949,f7e4c76ee18115342ce951e969ae7be895523c1249240808025273db43ef06eff07f846de9b3a24d822ac09b3fcc9a6655535a3e0adb370bde8640f64560620b,hindi_griffinlim_eval_final/fake_hindi_griffinlim/hindi_fake_0949.wav,0,5.868,-4.524002552032471,5.2039594650268555,rms_matched,False
950,63293ff4cc67280b10da2df2fd2763db65ca8493af191e121605b45457373b9d2f7d073324125f2ec4d3d5aa138903f3532048b49083306757421a463dcad13b,hindi_griffinlim_eval_final/real_hindi/hindi_real_0950.wav,1,6.66,-0.8837572336196899,1.1553535461425781,peak_normalized,True
950,63293ff4cc67280b10da2df2fd2763db65ca8493af191e121605b45457373b9d2f7d073324125f2ec4d3d5aa138903f3532048b49083306757421a463dcad13b,hindi_griffinlim_eval_final/fake_hindi_griffinlim/hindi_fake_0950.wav,0,6.66,-2.226499080657959,2.953280210494995,peak_normalized,True
951,621e009fa43e75aecd867db6acd010a1a280b1faeb916e3a5e1a0bf8346fd32406c7ac120765bc592bf0484fcc239c756ead9625c64f9c6b3e9210bdf698995c,hindi_griffinlim_eval_final/real_hindi/hindi_real_0951.wav,1,4.68,5.330070495605469,-6.881598472595215,rms_matched,False
951,621e009fa43e75aecd867db6acd010a1a280b1faeb916e3a5e1a0bf8346fd32406c7ac120765bc592bf0484fcc239c756ead9625c64f9c6b3e9210bdf698995c,hindi_griffinlim_eval_final/fake_hindi_griffinlim/hindi_fake_0951.wav,0,4.68,-0.5156803727149963,0.9954364895820618,rms_matched,False
952,ac38b13197dccd9b8389b7ea08fa62f18a0ad7549e1dcb0ac6d9a05f3c3cf0e1a38c50b32020c420310616620b70345d1c7ec60431e9af8f1dd471d271dd2c81,hindi_griffinlim_eval_final/real_hindi/hindi_real_0952.wav,1,3.744,-5.9747843742370605,6.87760591506958,rms_matched,False
952,ac38b13197dccd9b8389b7ea08fa62f18a0ad7549e1dcb0ac6d9a05f3c3cf0e1a38c50b32020c420310616620b70345d1c7ec60431e9af8f1dd471d271dd2c81,hindi_griffinlim_eval_final/fake_hindi_griffinlim/hindi_fake_0952.wav,0,3.744,-3.0011208057403564,3.8393216133117676,rms_matched,False
953,345ead41094d4bf4aae58398d87ab219b6ffd948dd640a1a2a4da43e2522343c539d11a27052a9cca1014b590e440971db0710852df02639dc9f3d304469aaca,hindi_griffinlim_eval_final/real_hindi/hindi_real_0953.wav,1,2.808,-0.568620502948761,0.8393794894218445,rms_matched,False
953,345ead41094d4bf4aae58398d87ab219b6ffd948dd640a1a2a4da43e2522343c539d11a27052a9cca1014b590e440971db0710852df02639dc9f3d304469aaca,hindi_griffinlim_eval_final/fake_hindi_griffinlim/hindi_fake_0953.wav,0,2.808,-3.416635036468506,4.2866692543029785,rms_matched,False
954,ae1ae84ba2341eb4c7c3fa47026ddc0b784387b58fa28c0a69f32c966e590141de3da70921c65c3477fb49575fab03213843d087f177422adb685978ca5c4b13,hindi_griffinlim_eval_final/real_hindi/hindi_real_0954.wav,1,6.372,4.984492301940918,-6.502065181732178,rms_matched,False
954,ae1ae84ba2341eb4c7c3fa47026ddc0b784387b58fa28c0a69f32c966e590141de3da70921c65c3477fb49575fab03213843d087f177422adb685978ca5c4b13,hindi_griffinlim_eval_final/fake_hindi_griffinlim/hindi_fake_0954.wav,0,6.372,0.12420660257339478,-0.17341846227645874,rms_matched,False
955,dbe55388d2e8bae8e64412f527e29fa3691a1c13adcaa6b80313b3e475d2df28d0428a6151d9cd42018d943718c830d69a80c5bf8a6a88200e4c6ba36ad6a748,hindi_griffinlim_eval_final/real_hindi/hindi_real_0955.wav,1,7.176,2.310316801071167,-3.076308012008667,rms_matched,False
955,dbe55388d2e8bae8e64412f527e29fa3691a1c13adcaa6b80313b3e475d2df28d0428a6151d9cd42018d943718c830d69a80c5bf8a6a88200e4c6ba36ad6a748,hindi_griffinlim_eval_final/fake_hindi_griffinlim/hindi_fake_0955.wav,0,7.176,-1.977476954460144,2.702071189880371,rms_matched,False
956,d70eec2d8533e3a33d9b86756515c60f981b91fec38baaad39f756259fc08103cb6a12f82c2cc01189e8c8558b9ca80d52fc0cd6ebe18cab27de267929b51584,hindi_griffinlim_eval_final/real_hindi/hindi_real_0956.wav,1,4.176,4.935722827911377,-6.438467979431152,rms_matched,False
956,d70eec2d8533e3a33d9b86756515c60f981b91fec38baaad39f756259fc08103cb6a12f82c2cc01189e8c8558b9ca80d52fc0cd6ebe18cab27de267929b51584,hindi_griffinlim_eval_final/fake_hindi_griffinlim/hindi_fake_0956.wav,0,4.176,-2.0657217502593994,2.9215712547302246,rms_matched,False
957,c3b879809a9ebf0d819103be644fbf3fee1c8cafd1e2c2f905c8d6d5c2497bcd47b0cb932bb4106b5729479e89ca660253ad1158181c72462d1ce0499047db90,hindi_griffinlim_eval_final/real_hindi/hindi_real_0957.wav,1,3.096,-4.5347490310668945,5.219417095184326,rms_matched,False
957,c3b879809a9ebf0d819103be644fbf3fee1c8cafd1e2c2f905c8d6d5c2497bcd47b0cb932bb4106b5729479e89ca660253ad1158181c72462d1ce0499047db90,hindi_griffinlim_eval_final/fake_hindi_griffinlim/hindi_fake_0957.wav,0,3.096,-4.408356189727783,5.03421688079834,rms_matched,False
958,d5880664e0b201cf24b4972ea9890b801afe05af05cd4302d95952f06934198872328efbf6eb11bf51e169d4c62a0e8756088bbe001fc353a9b6d080ed9ee3dc,hindi_griffinlim_eval_final/real_hindi/hindi_real_0958.wav,1,4.392,0.5160089731216431,-0.310648649930954,rms_matched,False
958,d5880664e0b201cf24b4972ea9890b801afe05af05cd4302d95952f06934198872328efbf6eb11bf51e169d4c62a0e8756088bbe001fc353a9b6d080ed9ee3dc,hindi_griffinlim_eval_final/fake_hindi_griffinlim/hindi_fake_0958.wav,0,4.392,-3.6691770553588867,4.541259765625,rms_matched,False
959,0d095340640de1eed083de79682cd69d43729d60e08c0a6819dd49b8f15d143165cd66c8061dffa3ce372d4356c10e0bc5cc1a3a224cbe7e1cfeca4c5cfb413d,hindi_griffinlim_eval_final/real_hindi/hindi_real_0959.wav,1,5.328,-1.5320055484771729,2.067638874053955,rms_matched,False
959,0d095340640de1eed083de79682cd69d43729d60e08c0a6819dd49b8f15d143165cd66c8061dffa3ce372d4356c10e0bc5cc1a3a224cbe7e1cfeca4c5cfb413d,hindi_griffinlim_eval_final/fake_hindi_griffinlim/hindi_fake_0959.wav,0,5.328,4.564096450805664,-5.5963335037231445,rms_matched,False
960,ff8f23f061245d69de7cccf1ee33e0ebd713c56e08f5a4a2f4732746be391af221f711cf9aee47cf8cc4c6402985c5231bff4ac03eaaa1e1a1cef4e1cdaf2936,hindi_griffinlim_eval_final/real_hindi/hindi_real_0960.wav,1,3.348,-6.005243301391602,6.918792724609375,rms_matched,False
960,ff8f23f061245d69de7cccf1ee33e0ebd713c56e08f5a4a2f4732746be391af221f711cf9aee47cf8cc4c6402985c5231bff4ac03eaaa1e1a1cef4e1cdaf2936,hindi_griffinlim_eval_final/fake_hindi_griffinlim/hindi_fake_0960.wav,0,3.348,-4.2282633781433105,5.072124004364014,rms_matched,False
961,b9854a362f9f2796f98c3105310553f5d5b1d2aea5f247080a0d9ab5d329ac51e5e519bad74bd68b022867bb103a42741c9523a32ce80c3a4ac8ed64c4bde957,hindi_griffinlim_eval_final/real_hindi/hindi_real_0961.wav,1,4.416,-1.086856484413147,1.476689100265503,rms_matched,False
961,b9854a362f9f2796f98c3105310553f5d5b1d2aea5f247080a0d9ab5d329ac51e5e519bad74bd68b022867bb103a42741c9523a32ce80c3a4ac8ed64c4bde957,hindi_griffinlim_eval_final/fake_hindi_griffinlim/hindi_fake_0961.wav,0,4.416,-0.2868351936340332,0.8028075695037842,rms_matched,False
962,f59a2dc4d475bfb45d9b9628faa8b0e53570d46a05fd85dd8542559975c8cd75bf87c02f557d7ecd3e4eda2872a7e4a57adc699bc30e819c9e5c1c9e520cd02b,hindi_griffinlim_eval_final/real_hindi/hindi_real_0962.wav,1,6.3,5.429304122924805,-6.887396812438965,rms_matched,False
962,f59a2dc4d475bfb45d9b9628faa8b0e53570d46a05fd85dd8542559975c8cd75bf87c02f557d7ecd3e4eda2872a7e4a57adc699bc30e819c9e5c1c9e520cd02b,hindi_griffinlim_eval_final/fake_hindi_griffinlim/hindi_fake_0962.wav,0,6.3,4.507279872894287,-5.594020843505859,rms_matched,False
963,8a05ca02926d437b43ff4cc21925621fc16dbeaf8e35977e8c6f5da4d29494951203f52e20050d365fe263f76336e15d23cf8d1f0c0514c9fd900f7d92b108a1,hindi_griffinlim_eval_final/real_hindi/hindi_real_0963.wav,1,5.688,5.7455058097839355,-7.352555274963379,rms_matched,False
963,8a05ca02926d437b43ff4cc21925621fc16dbeaf8e35977e8c6f5da4d29494951203f52e20050d365fe263f76336e15d23cf8d1f0c0514c9fd900f7d92b108a1,hindi_griffinlim_eval_final/fake_hindi_griffinlim/hindi_fake_0963.wav,0,5.688,1.6043599843978882,-2.0615668296813965,rms_matched,False
964,eb0cf518c980fbaafc44b52459e6edc777cf01758412dc63e1de49438b83b2d292941510deee22dd7111854884991b9e9fc276183f07dc59d4a6c8174d8da2dd,hindi_griffinlim_eval_final/real_hindi/hindi_real_0964.wav,1,2.844,5.55079984664917,-7.244668960571289,rms_matched,False
964,eb0cf518c980fbaafc44b52459e6edc777cf01758412dc63e1de49438b83b2d292941510deee22dd7111854884991b9e9fc276183f07dc59d4a6c8174d8da2dd,hindi_griffinlim_eval_final/fake_hindi_griffinlim/hindi_fake_0964.wav,0,2.844,-4.072090148925781,4.837764263153076,rms_matched,False
965,74751bae9cd9bc9a9c005dce39ee035a3d1a201afb6bc83523226793b7fa2526d2c29ccebaaee7bcc6af9949646ae1bde77eade6fcec218564391c06e0ec86d3,hindi_griffinlim_eval_final/real_hindi/hindi_real_0965.wav,1,6.156,3.220574378967285,-4.513852596282959,rms_matched,False
965,74751bae9cd9bc9a9c005dce39ee035a3d1a201afb6bc83523226793b7fa2526d2c29ccebaaee7bcc6af9949646ae1bde77eade6fcec218564391c06e0ec86d3,hindi_griffinlim_eval_final/fake_hindi_griffinlim/hindi_fake_0965.wav,0,6.156,-0.05853460356593132,0.04093548655509949,rms_matched,False
966,f59a2dc4d475bfb45d9b9628faa8b0e53570d46a05fd85dd8542559975c8cd75bf87c02f557d7ecd3e4eda2872a7e4a57adc699bc30e819c9e5c1c9e520cd02b,hindi_griffinlim_eval_final/real_hindi/hindi_real_0966.wav,1,4.356,2.4302592277526855,-3.1436984539031982,rms_matched,False
966,f59a2dc4d475bfb45d9b9628faa8b0e53570d46a05fd85dd8542559975c8cd75bf87c02f557d7ecd3e4eda2872a7e4a57adc699bc30e819c9e5c1c9e520cd02b,hindi_griffinlim_eval_final/fake_hindi_griffinlim/hindi_fake_0966.wav,0,4.356,0.19522418081760406,-0.13763079047203064,rms_matched,False
967,b69e010df6113e5d308dc62955e0f00639179e3f7074a50ff065d102adab88d624810f4c5bb6e59977dd65ba69bdff66ff08dc72ff47bd0dbd8dace3e3c392d7,hindi_griffinlim_eval_final/real_hindi/hindi_real_0967.wav,1,3.276,5.81260871887207,-7.459084510803223,rms_matched,False
967,b69e010df6113e5d308dc62955e0f00639179e3f7074a50ff065d102adab88d624810f4c5bb6e59977dd65ba69bdff66ff08dc72ff47bd0dbd8dace3e3c392d7,hindi_griffinlim_eval_final/fake_hindi_griffinlim/hindi_fake_0967.wav,0,3.276,2.744805335998535,-3.4283576011657715,rms_matched,False
968,0296590f079d0307e6a54bed03a9a137e124eae99c566ac40f5e14ff6f07084af6f1b3c11b51c8910d774cc6ae571696c616838249c2e12fe64eae03221496c8,hindi_griffinlim_eval_final/real_hindi/hindi_real_0968.wav,1,6.408,2.7545344829559326,-3.6195733547210693,rms_matched,False
968,0296590f079d0307e6a54bed03a9a137e124eae99c566ac40f5e14ff6f07084af6f1b3c11b51c8910d774cc6ae571696c616838249c2e12fe64eae03221496c8,hindi_griffinlim_eval_final/fake_hindi_griffinlim/hindi_fake_0968.wav,0,6.408,5.764822959899902,-7.49111795425415,rms_matched,False
969,3cc689cef88ce2eef03fd3065b6ad230f3510ced585ce0ed79f637bea2ddf7ab025d93e97a52c579d31d186f0512b29153286885b7c54221a569102a68dec661,hindi_griffinlim_eval_final/real_hindi/hindi_real_0969.wav,1,3.924,1.462711215019226,-2.1070330142974854,rms_matched,False
969,3cc689cef88ce2eef03fd3065b6ad230f3510ced585ce0ed79f637bea2ddf7ab025d93e97a52c579d31d186f0512b29153286885b7c54221a569102a68dec661,hindi_griffinlim_eval_final/fake_hindi_griffinlim/hindi_fake_0969.wav,0,3.924,5.4737629890441895,-6.904386043548584,rms_matched,False
970,aff2956ed66065c2040906c6e11253e54ffc0b308716a128efaa77f3d6e3556995079d82c9e63b19a0ab8b910eee082f68314b87acfd5c070341b6b9e1bda5bf,hindi_griffinlim_eval_final/real_hindi/hindi_real_0970.wav,1,7.128,-0.6279765367507935,1.050258994102478,rms_matched,False
970,aff2956ed66065c2040906c6e11253e54ffc0b308716a128efaa77f3d6e3556995079d82c9e63b19a0ab8b910eee082f68314b87acfd5c070341b6b9e1bda5bf,hindi_griffinlim_eval_final/fake_hindi_griffinlim/hindi_fake_0970.wav,0,7.128,0.8263970613479614,-1.1422889232635498,rms_matched,False
971,ec78af2b863dab21a727f2ae9acf3ca8000403bcaaa82e800686048efeb2dcd359c7afd61fc63ea272d52e127546ccc8650a9df372bdb8f30a4df59e828cc263,hindi_griffinlim_eval_final/real_hindi/hindi_real_0971.wav,1,5.724,1.844046950340271,-2.9715940952301025,rms_matched,False
971,ec78af2b863dab21a727f2ae9acf3ca8000403bcaaa82e800686048efeb2dcd359c7afd61fc63ea272d52e127546ccc8650a9df372bdb8f30a4df59e828cc263,hindi_griffinlim_eval_final/fake_hindi_griffinlim/hindi_fake_0971.wav,0,5.724,5.556188583374023,-7.112161636352539,rms_matched,False
972,40755351d14a54150898c5756a00e1c19d4099c2b7fca916bd7eb5967ce050c2fa3e5870250539857dbb1005de528c8a967e18a0f7dfd0dfce66024cc6a979c0,hindi_griffinlim_eval_final/real_hindi/hindi_real_0972.wav,1,7.2,4.608967304229736,-5.787018299102783,rms_matched,False
972,40755351d14a54150898c5756a00e1c19d4099c2b7fca916bd7eb5967ce050c2fa3e5870250539857dbb1005de528c8a967e18a0f7dfd0dfce66024cc6a979c0,hindi_griffinlim_eval_final/fake_hindi_griffinlim/hindi_fake_0972.wav,0,7.2,-1.4023164510726929,1.999828577041626,rms_matched,False
973,755950c6eb4b91d87a8d62458e27e794e08783fbb4e47b61730e21bb685a9d3634dab0401114292ec8b3d3a282e0248c34c8868056fdb057716c14ae2b9844fc,hindi_griffinlim_eval_final/real_hindi/hindi_real_0973.wav,1,3.24,4.51123046875,-5.6729302406311035,rms_matched,False
973,755950c6eb4b91d87a8d62458e27e794e08783fbb4e47b61730e21bb685a9d3634dab0401114292ec8b3d3a282e0248c34c8868056fdb057716c14ae2b9844fc,hindi_griffinlim_eval_final/fake_hindi_griffinlim/hindi_fake_0973.wav,0,3.24,-0.7862578630447388,1.1694767475128174,rms_matched,False
974,c23750233f36c49e4bd285f7ea96c015a9c0fa1055cc2e3ee658ab3d0c7bb39963cc35135c8a024638d1789f2cbdc707f40441d5f6a13cf69e31d9abae8a130a,hindi_griffinlim_eval_final/real_hindi/hindi_real_0974.wav,1,3.852,1.8908805847167969,-2.2196309566497803,rms_matched,False
974,c23750233f36c49e4bd285f7ea96c015a9c0fa1055cc2e3ee658ab3d0c7bb39963cc35135c8a024638d1789f2cbdc707f40441d5f6a13cf69e31d9abae8a130a,hindi_griffinlim_eval_final/fake_hindi_griffinlim/hindi_fake_0974.wav,0,3.852,-2.576176404953003,3.4818873405456543,rms_matched,False
975,0303022c144407f09d8f97be16ba6f2c41ac249e162b24f7d213f0c8a10c4235a4dbd0f53c4d6bcd674ea939898fa29d241a0c183c8f8b5963f55ea5a5327379,hindi_griffinlim_eval_final/real_hindi/hindi_real_0975.wav,1,7.776,5.54975700378418,-7.086034297943115,rms_matched,False
975,0303022c144407f09d8f97be16ba6f2c41ac249e162b24f7d213f0c8a10c4235a4dbd0f53c4d6bcd674ea939898fa29d241a0c183c8f8b5963f55ea5a5327379,hindi_griffinlim_eval_final/fake_hindi_griffinlim/hindi_fake_0975.wav,0,7.776,5.619208335876465,-7.212201118469238,rms_matched,False
976,6df495560d58f0f6ac6a60905c9b76afb803f720f6913f4f0e246101dd900d31c97c6001ddf9ee67cffbb1ab614040fa6b58ede138962cc22a3a073e93ae7f2a,hindi_griffinlim_eval_final/real_hindi/hindi_real_0976.wav,1,6.768,5.393949508666992,-6.895511627197266,rms_matched,False
976,6df495560d58f0f6ac6a60905c9b76afb803f720f6913f4f0e246101dd900d31c97c6001ddf9ee67cffbb1ab614040fa6b58ede138962cc22a3a073e93ae7f2a,hindi_griffinlim_eval_final/fake_hindi_griffinlim/hindi_fake_0976.wav,0,6.768,2.12213134765625,-2.622230291366577,rms_matched,False
977,c61dfdcb5c80424483b0d50a3dfa425610d6b7850a341571bd0e34c8a4d96fd3e8c53d963dd19f7a44a40cde8c84d2e0ac7043114c9f70604f378dcb27a96199,hindi_griffinlim_eval_final/real_hindi/hindi_real_0977.wav,1,5.688,1.1603163480758667,-1.492173433303833,rms_matched,False
977,c61dfdcb5c80424483b0d50a3dfa425610d6b7850a341571bd0e34c8a4d96fd3e8c53d963dd19f7a44a40cde8c84d2e0ac7043114c9f70604f378dcb27a96199,hindi_griffinlim_eval_final/fake_hindi_griffinlim/hindi_fake_0977.wav,0,5.688,5.565803527832031,-7.002186298370361,rms_matched,False
978,be10029504aaa30796d27938620d08189f19a31701c9f552f60c99eff87dddfbf804efc53af08d2670685aeaeeb295c9f3326c85b8127b0ad0d1232f03bc1781,hindi_griffinlim_eval_final/real_hindi/hindi_real_0978.wav,1,7.128,4.2537312507629395,-5.4632792472839355,rms_matched,False
978,be10029504aaa30796d27938620d08189f19a31701c9f552f60c99eff87dddfbf804efc53af08d2670685aeaeeb295c9f3326c85b8127b0ad0d1232f03bc1781,hindi_griffinlim_eval_final/fake_hindi_griffinlim/hindi_fake_0978.wav,0,7.128,0.8379325866699219,-1.2537736892700195,rms_matched,False
979,9492b0374bde3e9f6b0f2910f764eb837b8a3c261e9705422378ca4e59d7e977df84518e2169c11a238bf11cbd8477391bc51fdcf9134ad8216402b0cd5c37c6,hindi_griffinlim_eval_final/real_hindi/hindi_real_0979.wav,1,6.948,4.414881706237793,-5.459958553314209,rms_matched,False
979,9492b0374bde3e9f6b0f2910f764eb837b8a3c261e9705422378ca4e59d7e977df84518e2169c11a238bf11cbd8477391bc51fdcf9134ad8216402b0cd5c37c6,hindi_griffinlim_eval_final/fake_hindi_griffinlim/hindi_fake_0979.wav,0,6.948,-0.5715973973274231,1.090118646621704,rms_matched,False
980,d192fd4bb779d1c8e5006b02b4b82bfaa138fb6144943652fd48c408f1aff082c598289da03fd50a9cabc570d0eb2df77146a3f27445d5e239a24fe016386fed,hindi_griffinlim_eval_final/real_hindi/hindi_real_0980.wav,1,7.74,4.972382545471191,-6.291133403778076,rms_matched,False
980,d192fd4bb779d1c8e5006b02b4b82bfaa138fb6144943652fd48c408f1aff082c598289da03fd50a9cabc570d0eb2df77146a3f27445d5e239a24fe016386fed,hindi_griffinlim_eval_final/fake_hindi_griffinlim/hindi_fake_0980.wav,0,7.74,5.976006031036377,-7.749089241027832,rms_matched,False
981,f6205d298cf73f58f9a8b6143306057cb6cb0a2afc8d9c1963994c402ace8e45853577ae85659c63894301de4054de938d5b045251b6051e1c0766949d3a0ed1,hindi_griffinlim_eval_final/real_hindi/hindi_real_0981.wav,1,5.508,4.829615116119385,-6.074040412902832,rms_matched,False
981,f6205d298cf73f58f9a8b6143306057cb6cb0a2afc8d9c1963994c402ace8e45853577ae85659c63894301de4054de938d5b045251b6051e1c0766949d3a0ed1,hindi_griffinlim_eval_final/fake_hindi_griffinlim/hindi_fake_0981.wav,0,5.508,0.13244178891181946,-0.6295451521873474,rms_matched,False
982,8525f36954391ad7696abcf66c1383e5409d52980ebd2d7b1063cc48ed81ebd9f8cf3a8c257f079e986893cfa2455e4c832d04863c8fed7db4f4d5951ec34d1b,hindi_griffinlim_eval_final/real_hindi/hindi_real_0982.wav,1,5.328,5.0106401443481445,-6.348261833190918,rms_matched,False
982,8525f36954391ad7696abcf66c1383e5409d52980ebd2d7b1063cc48ed81ebd9f8cf3a8c257f079e986893cfa2455e4c832d04863c8fed7db4f4d5951ec34d1b,hindi_griffinlim_eval_final/fake_hindi_griffinlim/hindi_fake_0982.wav,0,5.328,-0.4319385290145874,0.9792845845222473,rms_matched,False
983,6b807daab3e34c4820b8d1479f760b35e44e818f9121ce49b70e8cf1fa61e9248b255de0499371b2da3b304c64dd088e8079a770832d3e1036b7d8fb52aebfc8,hindi_griffinlim_eval_final/real_hindi/hindi_real_0983.wav,1,7.668,-0.2364666908979416,0.2845424711704254,rms_matched,False
983,6b807daab3e34c4820b8d1479f760b35e44e818f9121ce49b70e8cf1fa61e9248b255de0499371b2da3b304c64dd088e8079a770832d3e1036b7d8fb52aebfc8,hindi_griffinlim_eval_final/fake_hindi_griffinlim/hindi_fake_0983.wav,0,7.668,-0.5381748676300049,1.030564308166504,rms_matched,False
984,ac38b13197dccd9b8389b7ea08fa62f18a0ad7549e1dcb0ac6d9a05f3c3cf0e1a38c50b32020c420310616620b70345d1c7ec60431e9af8f1dd471d271dd2c81,hindi_griffinlim_eval_final/real_hindi/hindi_real_0984.wav,1,4.224,-0.4753689765930176,0.6986842155456543,rms_matched,False
984,ac38b13197dccd9b8389b7ea08fa62f18a0ad7549e1dcb0ac6d9a05f3c3cf0e1a38c50b32020c420310616620b70345d1c7ec60431e9af8f1dd471d271dd2c81,hindi_griffinlim_eval_final/fake_hindi_griffinlim/hindi_fake_0984.wav,0,4.224,-3.7822115421295166,4.633244037628174,rms_matched,False
985,8023dc679c28a4172456d8e4b741aba9ed1895ba41b8cd0fd18f02c6775991869a2b8c2802e6ee72defb8caf5ec8ccad0b6fe8fa2b264bb9448ebca8b25c5989,hindi_griffinlim_eval_final/real_hindi/hindi_real_0985.wav,1,6.948,3.058375358581543,-3.924107313156128,rms_matched,False
985,8023dc679c28a4172456d8e4b741aba9ed1895ba41b8cd0fd18f02c6775991869a2b8c2802e6ee72defb8caf5ec8ccad0b6fe8fa2b264bb9448ebca8b25c5989,hindi_griffinlim_eval_final/fake_hindi_griffinlim/hindi_fake_0985.wav,0,6.948,-2.9572887420654297,3.7663865089416504,rms_matched,False
986,369ad14c74f52ab1579e8df7c213c4d5982ddfbf5d67057d8ef5e11f88177dc8e428d628ff7610a25681bd43d33237d2c914c41097f20905142011a579a50612,hindi_griffinlim_eval_final/real_hindi/hindi_real_0986.wav,1,6.408,3.6218137741088867,-4.6629180908203125,rms_matched,False
986,369ad14c74f52ab1579e8df7c213c4d5982ddfbf5d67057d8ef5e11f88177dc8e428d628ff7610a25681bd43d33237d2c914c41097f20905142011a579a50612,hindi_griffinlim_eval_final/fake_hindi_griffinlim/hindi_fake_0986.wav,0,6.408,0.9562549591064453,-1.4076436758041382,rms_matched,False
987,6f3cdaef649635685d3a90ee62bab981848e6ed6f25f28b9b43c2f3d4ac51b4e42a36ead3b4b83add1e9bd60f0c66f05ecfe7c7c5154b6345a1c2f1c85b32fa8,hindi_griffinlim_eval_final/real_hindi/hindi_real_0987.wav,1,6.12,4.281013488769531,-5.478455543518066,rms_matched,False
987,6f3cdaef649635685d3a90ee62bab981848e6ed6f25f28b9b43c2f3d4ac51b4e42a36ead3b4b83add1e9bd60f0c66f05ecfe7c7c5154b6345a1c2f1c85b32fa8,hindi_griffinlim_eval_final/fake_hindi_griffinlim/hindi_fake_0987.wav,0,6.12,-5.684418201446533,6.458038330078125,rms_matched,False
988,3512a2ce63a4044e19713803ad92889a443d1d6fe4e83bd00833b842957b10139899aa75c48d47ecd6d7e02112c2f7d3dbf5e752d40bfb9bffe073a8983b56b9,hindi_griffinlim_eval_final/real_hindi/hindi_real_0988.wav,1,3.636,-0.030770521610975266,-0.32721611857414246,rms_matched,False
988,3512a2ce63a4044e19713803ad92889a443d1d6fe4e83bd00833b842957b10139899aa75c48d47ecd6d7e02112c2f7d3dbf5e752d40bfb9bffe073a8983b56b9,hindi_griffinlim_eval_final/fake_hindi_griffinlim/hindi_fake_0988.wav,0,3.636,-0.5017856359481812,0.9292231798171997,rms_matched,False
989,3cc689cef88ce2eef03fd3065b6ad230f3510ced585ce0ed79f637bea2ddf7ab025d93e97a52c579d31d186f0512b29153286885b7c54221a569102a68dec661,hindi_griffinlim_eval_final/real_hindi/hindi_real_0989.wav,1,3.816,-0.7706099152565002,1.1751470565795898,rms_matched,False
989,3cc689cef88ce2eef03fd3065b6ad230f3510ced585ce0ed79f637bea2ddf7ab025d93e97a52c579d31d186f0512b29153286885b7c54221a569102a68dec661,hindi_griffinlim_eval_final/fake_hindi_griffinlim/hindi_fake_0989.wav,0,3.816,-0.48360514640808105,0.5936376452445984,rms_matched,False
990,a2c28d117539109b28276d5e5540bdbecbb41fa7636feb31c13b30ef682d84510bc4f850d7f3fa14d4304d61267d1c8f3f6352ae409d69df77f10dbb657a9c01,hindi_griffinlim_eval_final/real_hindi/hindi_real_0990.wav,1,6.588,-4.5854997634887695,5.419981002807617,peak_normalized,True
990,a2c28d117539109b28276d5e5540bdbecbb41fa7636feb31c13b30ef682d84510bc4f850d7f3fa14d4304d61267d1c8f3f6352ae409d69df77f10dbb657a9c01,hindi_griffinlim_eval_final/fake_hindi_griffinlim/hindi_fake_0990.wav,0,6.588,-3.989675521850586,4.947134971618652,peak_normalized,True
991,ea8ef3168cd29cf3bb33c603fc49336a1b58747fac2bdd17b4f6d59f24ed30a903a1b574e5d276035f8c3141478664e8f36c46a55fb6637e08b183a0969615a0,hindi_griffinlim_eval_final/real_hindi/hindi_real_0991.wav,1,6.156,5.397195339202881,-6.8881659507751465,rms_matched,False
991,ea8ef3168cd29cf3bb33c603fc49336a1b58747fac2bdd17b4f6d59f24ed30a903a1b574e5d276035f8c3141478664e8f36c46a55fb6637e08b183a0969615a0,hindi_griffinlim_eval_final/fake_hindi_griffinlim/hindi_fake_0991.wav,0,6.156,-2.0956597328186035,2.862335681915283,rms_matched,False
992,32bf5ca000a1d646bb2e636e32c4bd507750c204271ab585b1e9fab7d08103c7e07825bdb376119fdef205be82f6e81766655dd5590cc21ec598b79a5c18e45f,hindi_griffinlim_eval_final/real_hindi/hindi_real_0992.wav,1,6.228,0.39265719056129456,-0.43862107396125793,rms_matched,False
992,32bf5ca000a1d646bb2e636e32c4bd507750c204271ab585b1e9fab7d08103c7e07825bdb376119fdef205be82f6e81766655dd5590cc21ec598b79a5c18e45f,hindi_griffinlim_eval_final/fake_hindi_griffinlim/hindi_fake_0992.wav,0,6.228,4.597954750061035,-5.694124221801758,rms_matched,False
993,2de3db24e998f00d734a8da3c51f592d40cdff55dfae3f290f4b0ef2e1acb63313eba952692afa76afcc1912d4c5fbd103d7bc838757a2bd55293827e758500e,hindi_griffinlim_eval_final/real_hindi/hindi_real_0993.wav,1,4.86,4.534540176391602,-5.893509864807129,rms_matched,False
993,2de3db24e998f00d734a8da3c51f592d40cdff55dfae3f290f4b0ef2e1acb63313eba952692afa76afcc1912d4c5fbd103d7bc838757a2bd55293827e758500e,hindi_griffinlim_eval_final/fake_hindi_griffinlim/hindi_fake_0993.wav,0,4.86,1.5976375341415405,-2.136772871017456,rms_matched,False
994,aabd80b27714da5c6b5d4592a6f29f161db3cb06672ab14afb56eaf550ac0be0c14536ba5df7358621f018a4bc767c8c8477eaa4746830cf31ec4cdbcc2193fc,hindi_griffinlim_eval_final/real_hindi/hindi_real_0994.wav,1,4.644,4.670945167541504,-5.955208778381348,rms_matched,False
994,aabd80b27714da5c6b5d4592a6f29f161db3cb06672ab14afb56eaf550ac0be0c14536ba5df7358621f018a4bc767c8c8477eaa4746830cf31ec4cdbcc2193fc,hindi_griffinlim_eval_final/fake_hindi_griffinlim/hindi_fake_0994.wav,0,4.644,5.870638847351074,-7.582213401794434,rms_matched,False
995,949d46bd8792e08b2ee6c5736df551c23a26e45db1306d71836317cfc115ff4cf71da8164c9063aeefd98bd8c12626dbe22b79a07420d6fe8317fb6fc9fa368b,hindi_griffinlim_eval_final/real_hindi/hindi_real_0995.wav,1,5.436,5.208285808563232,-6.849704742431641,rms_matched,False
995,949d46bd8792e08b2ee6c5736df551c23a26e45db1306d71836317cfc115ff4cf71da8164c9063aeefd98bd8c12626dbe22b79a07420d6fe8317fb6fc9fa368b,hindi_griffinlim_eval_final/fake_hindi_griffinlim/hindi_fake_0995.wav,0,5.436,6.001752853393555,-7.736046314239502,rms_matched,False
996,f6205d298cf73f58f9a8b6143306057cb6cb0a2afc8d9c1963994c402ace8e45853577ae85659c63894301de4054de938d5b045251b6051e1c0766949d3a0ed1,hindi_griffinlim_eval_final/real_hindi/hindi_real_0996.wav,1,4.86,-0.5306041240692139,0.7098951935768127,rms_matched,False
996,f6205d298cf73f58f9a8b6143306057cb6cb0a2afc8d9c1963994c402ace8e45853577ae85659c63894301de4054de938d5b045251b6051e1c0766949d3a0ed1,hindi_griffinlim_eval_final/fake_hindi_griffinlim/hindi_fake_0996.wav,0,4.86,4.118096351623535,-4.921952247619629,rms_matched,False
997,05fd2a7f0d7cbe9acb1d838706b64a2ab489f6d0d2e7ff3a4243b1bb89ca3c1bc2e8dfd22bf11cf6e2fd9f11c2809b3dbf3db935d566ab6b6ee3122e3bfc20ed,hindi_griffinlim_eval_final/real_hindi/hindi_real_0997.wav,1,2.856,4.144291400909424,-5.077208518981934,rms_matched,False
997,05fd2a7f0d7cbe9acb1d838706b64a2ab489f6d0d2e7ff3a4243b1bb89ca3c1bc2e8dfd22bf11cf6e2fd9f11c2809b3dbf3db935d566ab6b6ee3122e3bfc20ed,hindi_griffinlim_eval_final/fake_hindi_griffinlim/hindi_fake_0997.wav,0,2.856,-0.13978366553783417,0.29752033948898315,rms_matched,False
998,7b90778674a3659c892533d96bb0aa534879da17cd2f9cb1ae73fc3cc114dda10eba8bb6cfeddbafde910b396a60b95e64b4134430071bf2dd23b8d6a9c32785,hindi_griffinlim_eval_final/real_hindi/hindi_real_0998.wav,1,6.192,5.04316520690918,-6.4395647048950195,rms_matched,False
998,7b90778674a3659c892533d96bb0aa534879da17cd2f9cb1ae73fc3cc114dda10eba8bb6cfeddbafde910b396a60b95e64b4134430071bf2dd23b8d6a9c32785,hindi_griffinlim_eval_final/fake_hindi_griffinlim/hindi_fake_0998.wav,0,6.192,5.919045925140381,-7.654265880584717,rms_matched,False
999,d9d2a0b48b179528017a72b8ddc2dc3fcfec66ad3984ef77d31cb4e91d3bbe810b2e85c67a0595462dcf4aa3d5653604e81327308b583c6789202342d84adc00,hindi_griffinlim_eval_final/real_hindi/hindi_real_0999.wav,1,3.708,-1.8188189268112183,2.2052199840545654,rms_matched,False
999,d9d2a0b48b179528017a72b8ddc2dc3fcfec66ad3984ef77d31cb4e91d3bbe810b2e85c67a0595462dcf4aa3d5653604e81327308b583c6789202342d84adc00,hindi_griffinlim_eval_final/fake_hindi_griffinlim/hindi_fake_0999.wav,0,3.708,3.658815860748291,-4.340402126312256,rms_matched,False
1000,fab15f5f87bd26a0f326787f96d92497bbfb5aea170dd8a415966cb8f7a5a7011bcb0b50bc9d46cdcf3edecaa6cf6753be6afd814aa420c9fd4e4ab3a40e7faa,hindi_griffinlim_eval_final/real_hindi/hindi_real_1000.wav,1,5.94,5.391229629516602,-6.695450305938721,rms_matched,False
1000,fab15f5f87bd26a0f326787f96d92497bbfb5aea170dd8a415966cb8f7a5a7011bcb0b50bc9d46cdcf3edecaa6cf6753be6afd814aa420c9fd4e4ab3a40e7faa,hindi_griffinlim_eval_final/fake_hindi_griffinlim/hindi_fake_1000.wav,0,5.94,-0.29500091075897217,0.32050228118896484,rms_matched,False
1001,c23750233f36c49e4bd285f7ea96c015a9c0fa1055cc2e3ee658ab3d0c7bb39963cc35135c8a024638d1789f2cbdc707f40441d5f6a13cf69e31d9abae8a130a,hindi_griffinlim_eval_final/real_hindi/hindi_real_1001.wav,1,4.716,3.099794864654541,-3.86466646194458,rms_matched,False
1001,c23750233f36c49e4bd285f7ea96c015a9c0fa1055cc2e3ee658ab3d0c7bb39963cc35135c8a024638d1789f2cbdc707f40441d5f6a13cf69e31d9abae8a130a,hindi_griffinlim_eval_final/fake_hindi_griffinlim/hindi_fake_1001.wav,0,4.716,-3.315373182296753,4.244695663452148,rms_matched,False
1002,7b90778674a3659c892533d96bb0aa534879da17cd2f9cb1ae73fc3cc114dda10eba8bb6cfeddbafde910b396a60b95e64b4134430071bf2dd23b8d6a9c32785,hindi_griffinlim_eval_final/real_hindi/hindi_real_1002.wav,1,7.38,3.973792552947998,-5.081984519958496,rms_matched,False
1002,7b90778674a3659c892533d96bb0aa534879da17cd2f9cb1ae73fc3cc114dda10eba8bb6cfeddbafde910b396a60b95e64b4134430071bf2dd23b8d6a9c32785,hindi_griffinlim_eval_final/fake_hindi_griffinlim/hindi_fake_1002.wav,0,7.38,6.134123802185059,-7.99560546875,rms_matched,False
1003,6599122319c224d4b370bdaa817d68a9d0d1774b81aada4980c0519f78ae3a9ebea33cc1b8fc6a20008d791474bdefb675e448b3c00d10d0fd05a39e153e922e,hindi_griffinlim_eval_final/real_hindi/hindi_real_1003.wav,1,7.308,3.744161367416382,-4.644496917724609,rms_matched,False
1003,6599122319c224d4b370bdaa817d68a9d0d1774b81aada4980c0519f78ae3a9ebea33cc1b8fc6a20008d791474bdefb675e448b3c00d10d0fd05a39e153e922e,hindi_griffinlim_eval_final/fake_hindi_griffinlim/hindi_fake_1003.wav,0,7.308,-0.20546658337116241,0.47424256801605225,rms_matched,False
1004,aafda704e52784565ee078117b2a7941d822e96444d43cfe115de75e654f8c08c23b050eebe7b4264498537464b6e45cd0624f23aec65f904b156464d5056d52,hindi_griffinlim_eval_final/real_hindi/hindi_real_1004.wav,1,7.164,4.284811019897461,-5.4753522872924805,rms_matched,False
1004,aafda704e52784565ee078117b2a7941d822e96444d43cfe115de75e654f8c08c23b050eebe7b4264498537464b6e45cd0624f23aec65f904b156464d5056d52,hindi_griffinlim_eval_final/fake_hindi_griffinlim/hindi_fake_1004.wav,0,7.164,-0.4498959183692932,0.8278595805168152,rms_matched,False
1005,6df495560d58f0f6ac6a60905c9b76afb803f720f6913f4f0e246101dd900d31c97c6001ddf9ee67cffbb1ab614040fa6b58ede138962cc22a3a073e93ae7f2a,hindi_griffinlim_eval_final/real_hindi/hindi_real_1005.wav,1,5.076,5.176350116729736,-6.545596122741699,rms_matched,False
1005,6df495560d58f0f6ac6a60905c9b76afb803f720f6913f4f0e246101dd900d31c97c6001ddf9ee67cffbb1ab614040fa6b58ede138962cc22a3a073e93ae7f2a,hindi_griffinlim_eval_final/fake_hindi_griffinlim/hindi_fake_1005.wav,0,5.076,-3.9432060718536377,4.8682942390441895,rms_matched,False
1006,3f0b866ee8d4499e4c0de09d34862acbb1ea0139f53bf7f1271a8648fb35d9a3a31272a8bc7af870e3b52bf7f4cb51ae512fa07df79663eaeafa30221c0b200b,hindi_griffinlim_eval_final/real_hindi/hindi_real_1006.wav,1,2.664,-2.781731128692627,3.332172393798828,peak_normalized,True
1006,3f0b866ee8d4499e4c0de09d34862acbb1ea0139f53bf7f1271a8648fb35d9a3a31272a8bc7af870e3b52bf7f4cb51ae512fa07df79663eaeafa30221c0b200b,hindi_griffinlim_eval_final/fake_hindi_griffinlim/hindi_fake_1006.wav,0,2.664,-4.1332621574401855,4.960737228393555,peak_normalized,True
1007,42dbccb16fa1ce50253a96dee532a7c4030f9daa92599271e4c0692efc8e58f669205bbcedf0ddf1f51f1e5753260ad39f6e0a5e6f85d5d24b3c5b3a20114c4c,hindi_griffinlim_eval_final/real_hindi/hindi_real_1007.wav,1,3.42,5.137221336364746,-6.602117538452148,rms_matched,False
1007,42dbccb16fa1ce50253a96dee532a7c4030f9daa92599271e4c0692efc8e58f669205bbcedf0ddf1f51f1e5753260ad39f6e0a5e6f85d5d24b3c5b3a20114c4c,hindi_griffinlim_eval_final/fake_hindi_griffinlim/hindi_fake_1007.wav,0,3.42,-0.762128472328186,1.3339529037475586,rms_matched,False
1008,0e97e303991e6646c845049579a4bea7a25ea775f6b8b44a09e0efd0ae9661ec984c393c92d2522e3158c8b0ca206ad60fd9e136713e18c21dffd72811a88b88,hindi_griffinlim_eval_final/real_hindi/hindi_real_1008.wav,1,5.796,3.4488024711608887,-4.267658233642578,peak_normalized,True
1008,0e97e303991e6646c845049579a4bea7a25ea775f6b8b44a09e0efd0ae9661ec984c393c92d2522e3158c8b0ca206ad60fd9e136713e18c21dffd72811a88b88,hindi_griffinlim_eval_final/fake_hindi_griffinlim/hindi_fake_1008.wav,0,5.796,1.1936286687850952,-1.4268181324005127,peak_normalized,True
1009,3dbb15be45bbb6a44cee0c715a4fd06c4e5267061420217c4a4279a8f47365fa3c7243c274d08ddaa39a11d39b1c281760c59e358f1a4b14914923605831a3b8,hindi_griffinlim_eval_final/real_hindi/hindi_real_1009.wav,1,5.976,5.372481346130371,-6.912178039550781,rms_matched,False
1009,3dbb15be45bbb6a44cee0c715a4fd06c4e5267061420217c4a4279a8f47365fa3c7243c274d08ddaa39a11d39b1c281760c59e358f1a4b14914923605831a3b8,hindi_griffinlim_eval_final/fake_hindi_griffinlim/hindi_fake_1009.wav,0,5.976,-1.7346770763397217,2.431443214416504,rms_matched,False
1010,6990e943cefc8a2ed3e12aa2c2a781793096d1aaf311b175943b3029333a59e74f30086965cfb6f7db8b79b431c41a44e6b4aa3f806707fc0c4e5da883dd1d54,hindi_griffinlim_eval_final/real_hindi/hindi_real_1010.wav,1,4.86,4.406244277954102,-5.717755317687988,rms_matched,False
1010,6990e943cefc8a2ed3e12aa2c2a781793096d1aaf311b175943b3029333a59e74f30086965cfb6f7db8b79b431c41a44e6b4aa3f806707fc0c4e5da883dd1d54,hindi_griffinlim_eval_final/fake_hindi_griffinlim/hindi_fake_1010.wav,0,4.86,-1.9008344411849976,2.5967674255371094,rms_matched,False
1011,8023dc679c28a4172456d8e4b741aba9ed1895ba41b8cd0fd18f02c6775991869a2b8c2802e6ee72defb8caf5ec8ccad0b6fe8fa2b264bb9448ebca8b25c5989,hindi_griffinlim_eval_final/real_hindi/hindi_real_1011.wav,1,5.688,1.0530726909637451,-1.4741733074188232,rms_matched,False
1011,8023dc679c28a4172456d8e4b741aba9ed1895ba41b8cd0fd18f02c6775991869a2b8c2802e6ee72defb8caf5ec8ccad0b6fe8fa2b264bb9448ebca8b25c5989,hindi_griffinlim_eval_final/fake_hindi_griffinlim/hindi_fake_1011.wav,0,5.688,-0.5588943958282471,0.7322394251823425,rms_matched,False
1012,be10029504aaa30796d27938620d08189f19a31701c9f552f60c99eff87dddfbf804efc53af08d2670685aeaeeb295c9f3326c85b8127b0ad0d1232f03bc1781,hindi_griffinlim_eval_final/real_hindi/hindi_real_1012.wav,1,2.628,1.1440473794937134,-1.7390862703323364,rms_matched,False
1012,be10029504aaa30796d27938620d08189f19a31701c9f552f60c99eff87dddfbf804efc53af08d2670685aeaeeb295c9f3326c85b8127b0ad0d1232f03bc1781,hindi_griffinlim_eval_final/fake_hindi_griffinlim/hindi_fake_1012.wav,0,2.628,-3.9191977977752686,4.8297319412231445,rms_matched,False
1013,f4acf13791d1ffc57965afc160c66ab08985a745fc07997aced0be646a308c8b8c3f851c7143204d02449b094fd7811bc980a05b337acdadb7e2a83dd9c9c2bb,hindi_griffinlim_eval_final/real_hindi/hindi_real_1013.wav,1,7.848,-6.238333225250244,7.196569442749023,rms_matched,False
1013,f4acf13791d1ffc57965afc160c66ab08985a745fc07997aced0be646a308c8b8c3f851c7143204d02449b094fd7811bc980a05b337acdadb7e2a83dd9c9c2bb,hindi_griffinlim_eval_final/fake_hindi_griffinlim/hindi_fake_1013.wav,0,7.848,-0.3950227200984955,0.7026858329772949,rms_matched,False
1014,d70eec2d8533e3a33d9b86756515c60f981b91fec38baaad39f756259fc08103cb6a12f82c2cc01189e8c8558b9ca80d52fc0cd6ebe18cab27de267929b51584,hindi_griffinlim_eval_final/real_hindi/hindi_real_1014.wav,1,2.772,4.252220153808594,-5.366689205169678,rms_matched,False
1014,d70eec2d8533e3a33d9b86756515c60f981b91fec38baaad39f756259fc08103cb6a12f82c2cc01189e8c8558b9ca80d52fc0cd6ebe18cab27de267929b51584,hindi_griffinlim_eval_final/fake_hindi_griffinlim/hindi_fake_1014.wav,0,2.772,-0.60544753074646,1.1187310218811035,rms_matched,False
1015,64fcf403ddfb930184eae9b9ad9fbb9a712ebab06fdb5e7dbe7621dcd2cd5101f593c37e8e254ff38294b6dcc8bec4808c197c2d7599c0c4126045b1ac9b51d0,hindi_griffinlim_eval_final/real_hindi/hindi_real_1015.wav,1,3.936,-3.966174602508545,4.822639465332031,rms_matched,False
1015,64fcf403ddfb930184eae9b9ad9fbb9a712ebab06fdb5e7dbe7621dcd2cd5101f593c37e8e254ff38294b6dcc8bec4808c197c2d7599c0c4126045b1ac9b51d0,hindi_griffinlim_eval_final/fake_hindi_griffinlim/hindi_fake_1015.wav,0,3.936,5.082034111022949,-6.432432174682617,rms_matched,False
1016,2312b0d85bd1eb1a017264abf770df086e10cec218cf1ab48b90f9d7f621d8ae8372b07338224060fcac6cfb337fcfcb6966c160942f9fcec4c67e7f5df44520,hindi_griffinlim_eval_final/real_hindi/hindi_real_1016.wav,1,4.86,-3.684614896774292,4.556073188781738,peak_normalized,True
1016,2312b0d85bd1eb1a017264abf770df086e10cec218cf1ab48b90f9d7f621d8ae8372b07338224060fcac6cfb337fcfcb6966c160942f9fcec4c67e7f5df44520,hindi_griffinlim_eval_final/fake_hindi_griffinlim/hindi_fake_1016.wav,0,4.86,-4.425137519836426,5.213903427124023,peak_normalized,True
1017,80df1054d490d23f8c2523fa0495d60f3cc205e34e95d436f6c923158601404372c2ddea0d8239b414c6a6e342198453e814db3f980e01b97817acc51ea7adc4,hindi_griffinlim_eval_final/real_hindi/hindi_real_1017.wav,1,3.816,0.2871714234352112,-0.5343309044837952,rms_matched,False
1017,80df1054d490d23f8c2523fa0495d60f3cc205e34e95d436f6c923158601404372c2ddea0d8239b414c6a6e342198453e814db3f980e01b97817acc51ea7adc4,hindi_griffinlim_eval_final/fake_hindi_griffinlim/hindi_fake_1017.wav,0,3.816,-0.6165835857391357,0.99791419506073,rms_matched,False
1018,d5417347b8d450c2aefa6ac74539b48c943a0d94b866457184e18c67074d8c2eb785e7191abf9c2199ef4db0873ef3ca503bfeaee470f6ab2506b8c2120a6669,hindi_griffinlim_eval_final/real_hindi/hindi_real_1018.wav,1,6.228,-3.438201427459717,4.206151962280273,rms_matched,False
1018,d5417347b8d450c2aefa6ac74539b48c943a0d94b866457184e18c67074d8c2eb785e7191abf9c2199ef4db0873ef3ca503bfeaee470f6ab2506b8c2120a6669,hindi_griffinlim_eval_final/fake_hindi_griffinlim/hindi_fake_1018.wav,0,6.228,-5.171396255493164,5.962245464324951,rms_matched,False
1019,e6aef31fac7411f3f1b15c566dede061e3024cde1382d7ca1a860a093ad5b0b9c87aaa13c749ef9982c688d7a8d715c11aee89c2e3d541b9ba3dc73c5ec5cb85,hindi_griffinlim_eval_final/real_hindi/hindi_real_1019.wav,1,4.536,3.1497607231140137,-3.8790440559387207,rms_matched,False
1019,e6aef31fac7411f3f1b15c566dede061e3024cde1382d7ca1a860a093ad5b0b9c87aaa13c749ef9982c688d7a8d715c11aee89c2e3d541b9ba3dc73c5ec5cb85,hindi_griffinlim_eval_final/fake_hindi_griffinlim/hindi_fake_1019.wav,0,4.536,-2.8522696495056152,3.7304816246032715,rms_matched,False
1020,4cef3c57c7794a486d20711b806222df778778312c01a26669a9c4fd75b74a3792424787393673b302401d3d994431c97c30b2d1b8bd6caa0fd563460fed5093,hindi_griffinlim_eval_final/real_hindi/hindi_real_1020.wav,1,5.472,3.545671224594116,-4.482322692871094,rms_matched,False
1020,4cef3c57c7794a486d20711b806222df778778312c01a26669a9c4fd75b74a3792424787393673b302401d3d994431c97c30b2d1b8bd6caa0fd563460fed5093,hindi_griffinlim_eval_final/fake_hindi_griffinlim/hindi_fake_1020.wav,0,5.472,-3.095737934112549,4.012777805328369,rms_matched,False
1021,0e97e303991e6646c845049579a4bea7a25ea775f6b8b44a09e0efd0ae9661ec984c393c92d2522e3158c8b0ca206ad60fd9e136713e18c21dffd72811a88b88,hindi_griffinlim_eval_final/real_hindi/hindi_real_1021.wav,1,6.768,5.078932285308838,-6.361010551452637,rms_matched,False
1021,0e97e303991e6646c845049579a4bea7a25ea775f6b8b44a09e0efd0ae9661ec984c393c92d2522e3158c8b0ca206ad60fd9e136713e18c21dffd72811a88b88,hindi_griffinlim_eval_final/fake_hindi_griffinlim/hindi_fake_1021.wav,0,6.768,-5.326761245727539,6.114106178283691,rms_matched,False
1022,e0a47331065c4e1a9ffd6eed4cb902b631814a6130faf9401d447eba044cf1af767ff9a242e7c97886c74ac130ec73716192fd074e4abca825e77caca52e0ca0,hindi_griffinlim_eval_final/real_hindi/hindi_real_1022.wav,1,3.924,5.197323799133301,-6.439338684082031,rms_matched,False
1022,e0a47331065c4e1a9ffd6eed4cb902b631814a6130faf9401d447eba044cf1af767ff9a242e7c97886c74ac130ec73716192fd074e4abca825e77caca52e0ca0,hindi_griffinlim_eval_final/fake_hindi_griffinlim/hindi_fake_1022.wav,0,3.924,-1.5855598449707031,2.372410774230957,rms_matched,False
1023,c8eabd52eef7e16e14998264ec78831ec7b891135ad93c446e459d4643b02c721b412f4fc828522a478fdbd2d5f4ca9838991a89368c78cb7f0617b3837a00ca,hindi_griffinlim_eval_final/real_hindi/hindi_real_1023.wav,1,4.968,-5.107278823852539,5.842331886291504,rms_matched,False
1023,c8eabd52eef7e16e14998264ec78831ec7b891135ad93c446e459d4643b02c721b412f4fc828522a478fdbd2d5f4ca9838991a89368c78cb7f0617b3837a00ca,hindi_griffinlim_eval_final/fake_hindi_griffinlim/hindi_fake_1023.wav,0,4.968,4.754793167114258,-5.881278991699219,rms_matched,False
1024,1605878cdc4bdeab0724827abc448ec019fcc59763e097294754173714e955fe80a28c12eed4a39a58f442138b886e755cd644efb115aa2599c6e50a20e63a74,hindi_griffinlim_eval_final/real_hindi/hindi_real_1024.wav,1,4.968,4.823325157165527,-6.08878231048584,rms_matched,False
1024,1605878cdc4bdeab0724827abc448ec019fcc59763e097294754173714e955fe80a28c12eed4a39a58f442138b886e755cd644efb115aa2599c6e50a20e63a74,hindi_griffinlim_eval_final/fake_hindi_griffinlim/hindi_fake_1024.wav,0,4.968,-4.323189735412598,5.065522193908691,rms_matched,False
1025,4bf6e446d97c11b48f8309ab29d202711dab968676351fc66463ffd24b97d11fb7d34e50a5bc9544e075ad2038996abb9387ae6a627acb911f4b514124a3d3a7,hindi_griffinlim_eval_final/real_hindi/hindi_real_1025.wav,1,4.68,4.059088706970215,-5.14820671081543,rms_matched,False
1025,4bf6e446d97c11b48f8309ab29d202711dab968676351fc66463ffd24b97d11fb7d34e50a5bc9544e075ad2038996abb9387ae6a627acb911f4b514124a3d3a7,hindi_griffinlim_eval_final/fake_hindi_griffinlim/hindi_fake_1025.wav,0,4.68,-3.3536131381988525,4.289592266082764,rms_matched,False
1026,f45c7af99cc930fd6608f77ecb2d546727ab3df3d36731c90215b9a72ff548ff082f57c38aa6e6b7f2c905aa9f92f4f5dff3c954449ce05e56f8604bf1753618,hindi_griffinlim_eval_final/real_hindi/hindi_real_1026.wav,1,4.896,5.34168815612793,-6.937304496765137,rms_matched,False
1026,f45c7af99cc930fd6608f77ecb2d546727ab3df3d36731c90215b9a72ff548ff082f57c38aa6e6b7f2c905aa9f92f4f5dff3c954449ce05e56f8604bf1753618,hindi_griffinlim_eval_final/fake_hindi_griffinlim/hindi_fake_1026.wav,0,4.896,5.925356864929199,-7.7474775314331055,rms_matched,False
1027,287db5b3c7065ffc1e6827c0bc87dc4a6b6a45c159642fe8d490d5adb6ce18a5b4b528f921503762bbb20b1fcd84f5f8256a9a11cd4ccf55964f301b416b08d2,hindi_griffinlim_eval_final/real_hindi/hindi_real_1027.wav,1,3.24,-4.871677398681641,5.739892959594727,rms_matched,False
1027,287db5b3c7065ffc1e6827c0bc87dc4a6b6a45c159642fe8d490d5adb6ce18a5b4b528f921503762bbb20b1fcd84f5f8256a9a11cd4ccf55964f301b416b08d2,hindi_griffinlim_eval_final/fake_hindi_griffinlim/hindi_fake_1027.wav,0,3.24,-5.744542598724365,6.685356140136719,rms_matched,False
1028,cb974805e163f0eec357012f483d57476c8229c9aca280469ccd5adc74516c39f36d16c23091c86bb18522064887048eb5d8c5b9259503a6de95d555745793b7,hindi_griffinlim_eval_final/real_hindi/hindi_real_1028.wav,1,6.228,0.8785277605056763,-1.4128837585449219,rms_matched,False
1028,cb974805e163f0eec357012f483d57476c8229c9aca280469ccd5adc74516c39f36d16c23091c86bb18522064887048eb5d8c5b9259503a6de95d555745793b7,hindi_griffinlim_eval_final/fake_hindi_griffinlim/hindi_fake_1028.wav,0,6.228,-1.2964189052581787,1.9496843814849854,rms_matched,False
1029,6e20e06229081bf9c063f01cd7b3e0a759f5953624213afea5c397d4b7fe9a4dc5dae704a5faf61147d4155de50dc4a2cafdf78e7e2f8a3dc8633f276065b4cc,hindi_griffinlim_eval_final/real_hindi/hindi_real_1029.wav,1,4.068,0.14312498271465302,-0.22333906590938568,rms_matched,False
1029,6e20e06229081bf9c063f01cd7b3e0a759f5953624213afea5c397d4b7fe9a4dc5dae704a5faf61147d4155de50dc4a2cafdf78e7e2f8a3dc8633f276065b4cc,hindi_griffinlim_eval_final/fake_hindi_griffinlim/hindi_fake_1029.wav,0,4.068,-3.1979246139526367,4.085899353027344,rms_matched,False
1030,f59a2dc4d475bfb45d9b9628faa8b0e53570d46a05fd85dd8542559975c8cd75bf87c02f557d7ecd3e4eda2872a7e4a57adc699bc30e819c9e5c1c9e520cd02b,hindi_griffinlim_eval_final/real_hindi/hindi_real_1030.wav,1,4.104,4.989411354064941,-6.414458751678467,rms_matched,False
1030,f59a2dc4d475bfb45d9b9628faa8b0e53570d46a05fd85dd8542559975c8cd75bf87c02f557d7ecd3e4eda2872a7e4a57adc699bc30e819c9e5c1c9e520cd02b,hindi_griffinlim_eval_final/fake_hindi_griffinlim/hindi_fake_1030.wav,0,4.104,1.2874385118484497,-1.8447657823562622,rms_matched,False
1031,c88824395561074e0eb0ebc1280d4866dbc29f01c026899e205a1db558ba1be8d683a10dc5e1f8117571ea0794f699ebe359e833d714ad66942a429a2112a5a6,hindi_griffinlim_eval_final/real_hindi/hindi_real_1031.wav,1,3.816,4.785611152648926,-6.094158172607422,rms_matched,False
1031,c88824395561074e0eb0ebc1280d4866dbc29f01c026899e205a1db558ba1be8d683a10dc5e1f8117571ea0794f699ebe359e833d714ad66942a429a2112a5a6,hindi_griffinlim_eval_final/fake_hindi_griffinlim/hindi_fake_1031.wav,0,3.816,5.752312660217285,-7.431095600128174,rms_matched,False
1032,cea40007071ea914e41633e74d05142fd1f5f8f49c154534816017cf89ce625657c804fe479fe87c08854ecd847697d6ca0fb6bcf424006c307f65430c34785e,hindi_griffinlim_eval_final/real_hindi/hindi_real_1032.wav,1,5.076,3.373007297515869,-4.336113929748535,rms_matched,False
1032,cea40007071ea914e41633e74d05142fd1f5f8f49c154534816017cf89ce625657c804fe479fe87c08854ecd847697d6ca0fb6bcf424006c307f65430c34785e,hindi_griffinlim_eval_final/fake_hindi_griffinlim/hindi_fake_1032.wav,0,5.076,-2.7488865852355957,3.6818132400512695,rms_matched,False
1033,55facf37cfec7564d08860906bdb688d9e2c45d7ac50a054dcc66778b3b1a10a9489051097f6fe9232742597187752dc71f4f0432aa771771721c259ff4324c7,hindi_griffinlim_eval_final/real_hindi/hindi_real_1033.wav,1,6.948,-0.36453530192375183,0.6336422562599182,rms_matched,False
1033,55facf37cfec7564d08860906bdb688d9e2c45d7ac50a054dcc66778b3b1a10a9489051097f6fe9232742597187752dc71f4f0432aa771771721c259ff4324c7,hindi_griffinlim_eval_final/fake_hindi_griffinlim/hindi_fake_1033.wav,0,6.948,-5.376429557800293,6.219272613525391,rms_matched,False
1034,63293ff4cc67280b10da2df2fd2763db65ca8493af191e121605b45457373b9d2f7d073324125f2ec4d3d5aa138903f3532048b49083306757421a463dcad13b,hindi_griffinlim_eval_final/real_hindi/hindi_real_1034.wav,1,5.076,1.4010289907455444,-2.264530658721924,rms_matched,False
1034,63293ff4cc67280b10da2df2fd2763db65ca8493af191e121605b45457373b9d2f7d073324125f2ec4d3d5aa138903f3532048b49083306757421a463dcad13b,hindi_griffinlim_eval_final/fake_hindi_griffinlim/hindi_fake_1034.wav,0,5.076,-5.7295756340026855,6.494917392730713,rms_matched,False
1035,f4eaf1a4c5d9c519a8d70d41f155c73661ababef448156ca952ac016a8013ac82f6d765947af61b517bd0ad1a29465bf17532c32ee0e7bd019fbcaf940e151fb,hindi_griffinlim_eval_final/real_hindi/hindi_real_1035.wav,1,3.78,-2.3384339809417725,3.1129488945007324,peak_normalized,True
1035,f4eaf1a4c5d9c519a8d70d41f155c73661ababef448156ca952ac016a8013ac82f6d765947af61b517bd0ad1a29465bf17532c32ee0e7bd019fbcaf940e151fb,hindi_griffinlim_eval_final/fake_hindi_griffinlim/hindi_fake_1035.wav,0,3.78,-0.6872523427009583,1.1634819507598877,peak_normalized,True
1036,b726b76c3576ad4edb7eeec20cfca6ae5b5ce074dd7e042da97ec800dc152b6fc7d0c462260dde20cea9d99782632cdd7a47c83c615cfcc3324c9b890fc12ee9,hindi_griffinlim_eval_final/real_hindi/hindi_real_1036.wav,1,7.848,5.253767967224121,-6.679317474365234,rms_matched,False
1036,b726b76c3576ad4edb7eeec20cfca6ae5b5ce074dd7e042da97ec800dc152b6fc7d0c462260dde20cea9d99782632cdd7a47c83c615cfcc3324c9b890fc12ee9,hindi_griffinlim_eval_final/fake_hindi_griffinlim/hindi_fake_1036.wav,0,7.848,-5.379336357116699,6.129319190979004,rms_matched,False
1037,609b987b0c28816376ca4600e84ac46f316c5ecae12f343736ea7087cbca60c73306ea2cd541508c23238b3ca316dd74f4103b0a836637a587af0f638cbb41bb,hindi_griffinlim_eval_final/real_hindi/hindi_real_1037.wav,1,4.5,4.15867805480957,-5.099621772766113,rms_matched,False
1037,609b987b0c28816376ca4600e84ac46f316c5ecae12f343736ea7087cbca60c73306ea2cd541508c23238b3ca316dd74f4103b0a836637a587af0f638cbb41bb,hindi_griffinlim_eval_final/fake_hindi_griffinlim/hindi_fake_1037.wav,0,4.5,0.5160583853721619,-0.9827138781547546,rms_matched,False
1038,f398e532c4307d0fb6f23dda4b599e05c8483a5211aab4dba56e24a0acc89810af5b98cc96afe0b55fdee3b41250c05571fa3d170e517213e71e52e481a80df1,hindi_griffinlim_eval_final/real_hindi/hindi_real_1038.wav,1,4.536,-0.40081262588500977,0.6592370867729187,rms_matched,False
1038,f398e532c4307d0fb6f23dda4b599e05c8483a5211aab4dba56e24a0acc89810af5b98cc96afe0b55fdee3b41250c05571fa3d170e517213e71e52e481a80df1,hindi_griffinlim_eval_final/fake_hindi_griffinlim/hindi_fake_1038.wav,0,4.536,-4.392621040344238,5.298714637756348,rms_matched,False
1039,547e2977be99b122ceb7196c97d4bb97bc3bdb4261d43618dbc385183d672f6e43db8b2c67f0ddbfecfa5f7adcbe25b21aa515729c369a5161e7fefbe2e6a91c,hindi_griffinlim_eval_final/real_hindi/hindi_real_1039.wav,1,3.96,5.284967422485352,-6.7641921043396,rms_matched,False
1039,547e2977be99b122ceb7196c97d4bb97bc3bdb4261d43618dbc385183d672f6e43db8b2c67f0ddbfecfa5f7adcbe25b21aa515729c369a5161e7fefbe2e6a91c,hindi_griffinlim_eval_final/fake_hindi_griffinlim/hindi_fake_1039.wav,0,3.96,-3.5514862537384033,4.340730667114258,rms_matched,False
1040,ed5627c36413bada41ea1e6c75f249a22863f90dfe81b12b40587549b6f59442964cae88a1db7d7b111bdf5baee22c51842eefbfa75af862de09d7609b6e3af2,hindi_griffinlim_eval_final/real_hindi/hindi_real_1040.wav,1,6.3,4.974418640136719,-6.3436455726623535,rms_matched,False
1040,ed5627c36413bada41ea1e6c75f249a22863f90dfe81b12b40587549b6f59442964cae88a1db7d7b111bdf5baee22c51842eefbfa75af862de09d7609b6e3af2,hindi_griffinlim_eval_final/fake_hindi_griffinlim/hindi_fake_1040.wav,0,6.3,-4.085612773895264,4.800410270690918,rms_matched,False
1041,4c946f553c704abd727b3818b1d22dba011a368043575278b58ae219f71cb8914e6cac82abe55d7da17f49bea4cceb3b96c17355a6f5b078c19a947defb9061c,hindi_griffinlim_eval_final/real_hindi/hindi_real_1041.wav,1,4.644,5.598454475402832,-7.190300941467285,rms_matched,False
1041,4c946f553c704abd727b3818b1d22dba011a368043575278b58ae219f71cb8914e6cac82abe55d7da17f49bea4cceb3b96c17355a6f5b078c19a947defb9061c,hindi_griffinlim_eval_final/fake_hindi_griffinlim/hindi_fake_1041.wav,0,4.644,-4.694129943847656,5.459768772125244,rms_matched,False
1042,8dd38cae226cf8c49fbba90d0197aa24cea3936d75ae1b715c63ad0d13976463eb1b1ad5394506c09c6fbfd642be3b4a07eb1edf57d08b70fdaa76cb43f384ef,hindi_griffinlim_eval_final/real_hindi/hindi_real_1042.wav,1,4.392,0.26083025336265564,-0.3535482585430145,rms_matched,False
1042,8dd38cae226cf8c49fbba90d0197aa24cea3936d75ae1b715c63ad0d13976463eb1b1ad5394506c09c6fbfd642be3b4a07eb1edf57d08b70fdaa76cb43f384ef,hindi_griffinlim_eval_final/fake_hindi_griffinlim/hindi_fake_1042.wav,0,4.392,-4.191336154937744,4.996970176696777,rms_matched,False
1043,5310b36732adcb306bf541cfc07167aab125fdc69f95b159dc7599776e6c59eba8b9c847e20aad3e0d2cedcc27f1e73e9d9b7e9522ec4287c3f54c98bbca7ea7,hindi_griffinlim_eval_final/real_hindi/hindi_real_1043.wav,1,7.416,4.627558708190918,-5.761142730712891,rms_matched,False
1043,5310b36732adcb306bf541cfc07167aab125fdc69f95b159dc7599776e6c59eba8b9c847e20aad3e0d2cedcc27f1e73e9d9b7e9522ec4287c3f54c98bbca7ea7,hindi_griffinlim_eval_final/fake_hindi_griffinlim/hindi_fake_1043.wav,0,7.416,4.073480606079102,-5.283133506774902,rms_matched,False
1044,60b2daa4cda30b5320834f3c2d21ea1841b52ccd7bf7ed4689f3ff27ca59c3323707c95e9a17bea4082356c576bbc3f17a00106134240f3632529b329fc1e62a,hindi_griffinlim_eval_final/real_hindi/hindi_real_1044.wav,1,6.156,3.776228427886963,-4.797182083129883,rms_matched,False
1044,60b2daa4cda30b5320834f3c2d21ea1841b52ccd7bf7ed4689f3ff27ca59c3323707c95e9a17bea4082356c576bbc3f17a00106134240f3632529b329fc1e62a,hindi_griffinlim_eval_final/fake_hindi_griffinlim/hindi_fake_1044.wav,0,6.156,-5.654191017150879,6.4370341300964355,rms_matched,False
1045,ea8ef3168cd29cf3bb33c603fc49336a1b58747fac2bdd17b4f6d59f24ed30a903a1b574e5d276035f8c3141478664e8f36c46a55fb6637e08b183a0969615a0,hindi_griffinlim_eval_final/real_hindi/hindi_real_1045.wav,1,3.24,5.124625205993652,-6.6124396324157715,rms_matched,False
1045,ea8ef3168cd29cf3bb33c603fc49336a1b58747fac2bdd17b4f6d59f24ed30a903a1b574e5d276035f8c3141478664e8f36c46a55fb6637e08b183a0969615a0,hindi_griffinlim_eval_final/fake_hindi_griffinlim/hindi_fake_1045.wav,0,3.24,2.866292953491211,-3.5522377490997314,rms_matched,False
1046,0663aeb40f5d5ea46610cac3ca0183f2193b429770c84b516efe7d199b8b110944005539d986613fdc9d6532694f43c3a8e4dfc9de8ae7bfbc8b57b412ef71dd,hindi_griffinlim_eval_final/real_hindi/hindi_real_1046.wav,1,6.66,-0.635674238204956,0.980211079120636,rms_matched,False
1046,0663aeb40f5d5ea46610cac3ca0183f2193b429770c84b516efe7d199b8b110944005539d986613fdc9d6532694f43c3a8e4dfc9de8ae7bfbc8b57b412ef71dd,hindi_griffinlim_eval_final/fake_hindi_griffinlim/hindi_fake_1046.wav,0,6.66,-5.908627986907959,6.776293754577637,rms_matched,False
1047,d4c2879ab41c9e74ea638e9cb5b2a557d5683744a6c2eb0fed1f4c7adef59c90f549a18287b7f8e6b74136651dafda58acaccbf4fb627728befbe6573a61f4b8,hindi_griffinlim_eval_final/real_hindi/hindi_real_1047.wav,1,5.22,4.822343349456787,-6.151679992675781,rms_matched,False
1047,d4c2879ab41c9e74ea638e9cb5b2a557d5683744a6c2eb0fed1f4c7adef59c90f549a18287b7f8e6b74136651dafda58acaccbf4fb627728befbe6573a61f4b8,hindi_griffinlim_eval_final/fake_hindi_griffinlim/hindi_fake_1047.wav,0,5.22,-3.08728289604187,3.820697546005249,rms_matched,False
1048,a4a1040c8228b7c4f4f6d82e4db994894b669b51b15980a75e3c7f8f91169c13973557c4f950a4eef6447617ff114233bc495632040f6b24694c4127cc9a86b9,hindi_griffinlim_eval_final/real_hindi/hindi_real_1048.wav,1,7.92,5.0102458000183105,-6.41964054107666,rms_matched,False
1048,a4a1040c8228b7c4f4f6d82e4db994894b669b51b15980a75e3c7f8f91169c13973557c4f950a4eef6447617ff114233bc495632040f6b24694c4127cc9a86b9,hindi_griffinlim_eval_final/fake_hindi_griffinlim/hindi_fake_1048.wav,0,7.92,0.5516966581344604,-0.7267785668373108,rms_matched,False
1049,32bf5ca000a1d646bb2e636e32c4bd507750c204271ab585b1e9fab7d08103c7e07825bdb376119fdef205be82f6e81766655dd5590cc21ec598b79a5c18e45f,hindi_griffinlim_eval_final/real_hindi/hindi_real_1049.wav,1,6.336,-0.479844868183136,0.6892270445823669,rms_matched,False
1049,32bf5ca000a1d646bb2e636e32c4bd507750c204271ab585b1e9fab7d08103c7e07825bdb376119fdef205be82f6e81766655dd5590cc21ec598b79a5c18e45f,hindi_griffinlim_eval_final/fake_hindi_griffinlim/hindi_fake_1049.wav,0,6.336,-3.809563159942627,4.73093318939209,rms_matched,False
1050,5191b8af39731f5141ffac823e13e25016e5b3109209f12d3337bdfc92ddff74ea717e293a01fe3b90fb2be2a87b0621cc385140b097b7e6d76f1d2e2f319d74,hindi_griffinlim_eval_final/real_hindi/hindi_real_1050.wav,1,7.236,3.483856201171875,-4.310441017150879,rms_matched,False
1050,5191b8af39731f5141ffac823e13e25016e5b3109209f12d3337bdfc92ddff74ea717e293a01fe3b90fb2be2a87b0621cc385140b097b7e6d76f1d2e2f319d74,hindi_griffinlim_eval_final/fake_hindi_griffinlim/hindi_fake_1050.wav,0,7.236,-4.6016058921813965,5.347906112670898,rms_matched,False
1051,1a88297b510c4d15acdd9d6a3f50d13fd6420c8f934e487a7ec5096ab5fbebef165269d581a12002a5eca2cf3fbced4552441668df9c027abd45ef0895eabbc2,hindi_griffinlim_eval_final/real_hindi/hindi_real_1051.wav,1,4.14,6.087563514709473,-7.837427616119385,rms_matched,False
1051,1a88297b510c4d15acdd9d6a3f50d13fd6420c8f934e487a7ec5096ab5fbebef165269d581a12002a5eca2cf3fbced4552441668df9c027abd45ef0895eabbc2,hindi_griffinlim_eval_final/fake_hindi_griffinlim/hindi_fake_1051.wav,0,4.14,-2.61426043510437,3.5458476543426514,rms_matched,False
1052,927f8731733fc157240975bf02b3117bf9379dd71d63f0a086dd6f4e220dd4d979c60c3a727fe22f3599c41a500a5346701bc2f2fd29dc492cec60bd478d7f1b,hindi_griffinlim_eval_final/real_hindi/hindi_real_1052.wav,1,5.76,3.4781908988952637,-4.20072603225708,rms_matched,False
1052,927f8731733fc157240975bf02b3117bf9379dd71d63f0a086dd6f4e220dd4d979c60c3a727fe22f3599c41a500a5346701bc2f2fd29dc492cec60bd478d7f1b,hindi_griffinlim_eval_final/fake_hindi_griffinlim/hindi_fake_1052.wav,0,5.76,-4.16160249710083,4.936135768890381,rms_matched,False
1053,9c12887b11ae7ce76bcb5c4ca6b56f174e89c82f02c52c05b93ac7a40b6fb7b28d8474241a7dc36b3ad5b36eab48a209bf7e68a905ca64ac40b89e9311dec25d,hindi_griffinlim_eval_final/real_hindi/hindi_real_1053.wav,1,3.672,0.4493870735168457,-0.7720114588737488,rms_matched,False
1053,9c12887b11ae7ce76bcb5c4ca6b56f174e89c82f02c52c05b93ac7a40b6fb7b28d8474241a7dc36b3ad5b36eab48a209bf7e68a905ca64ac40b89e9311dec25d,hindi_griffinlim_eval_final/fake_hindi_griffinlim/hindi_fake_1053.wav,0,3.672,-0.8236163258552551,1.3755357265472412,rms_matched,False
1054,5d04e341d28471b5a0877f8fdc6dfb88a706c40c3a904e7e0b0982891ccab4d619b816f3a5dc1025591b7cfdc9f56ef10169afd22bfcd78c1ee7b6fc4e36bc03,hindi_griffinlim_eval_final/real_hindi/hindi_real_1054.wav,1,4.572,4.045156002044678,-4.9697723388671875,rms_matched,False
1054,5d04e341d28471b5a0877f8fdc6dfb88a706c40c3a904e7e0b0982891ccab4d619b816f3a5dc1025591b7cfdc9f56ef10169afd22bfcd78c1ee7b6fc4e36bc03,hindi_griffinlim_eval_final/fake_hindi_griffinlim/hindi_fake_1054.wav,0,4.572,-1.2299789190292358,1.9314097166061401,rms_matched,False
1055,f398e532c4307d0fb6f23dda4b599e05c8483a5211aab4dba56e24a0acc89810af5b98cc96afe0b55fdee3b41250c05571fa3d170e517213e71e52e481a80df1,hindi_griffinlim_eval_final/real_hindi/hindi_real_1055.wav,1,2.784,4.11501932144165,-5.167689323425293,rms_matched,False
1055,f398e532c4307d0fb6f23dda4b599e05c8483a5211aab4dba56e24a0acc89810af5b98cc96afe0b55fdee3b41250c05571fa3d170e517213e71e52e481a80df1,hindi_griffinlim_eval_final/fake_hindi_griffinlim/hindi_fake_1055.wav,0,2.784,-3.2373745441436768,4.14227819442749,rms_matched,False
1056,74751bae9cd9bc9a9c005dce39ee035a3d1a201afb6bc83523226793b7fa2526d2c29ccebaaee7bcc6af9949646ae1bde77eade6fcec218564391c06e0ec86d3,hindi_griffinlim_eval_final/real_hindi/hindi_real_1056.wav,1,4.968,5.988522052764893,-7.724997520446777,rms_matched,False
1056,74751bae9cd9bc9a9c005dce39ee035a3d1a201afb6bc83523226793b7fa2526d2c29ccebaaee7bcc6af9949646ae1bde77eade6fcec218564391c06e0ec86d3,hindi_griffinlim_eval_final/fake_hindi_griffinlim/hindi_fake_1056.wav,0,4.968,-1.0656367540359497,1.6362006664276123,rms_matched,False
1057,d5417347b8d450c2aefa6ac74539b48c943a0d94b866457184e18c67074d8c2eb785e7191abf9c2199ef4db0873ef3ca503bfeaee470f6ab2506b8c2120a6669,hindi_griffinlim_eval_final/real_hindi/hindi_real_1057.wav,1,6.876,-3.676079750061035,4.506420135498047,rms_matched,False
1057,d5417347b8d450c2aefa6ac74539b48c943a0d94b866457184e18c67074d8c2eb785e7191abf9c2199ef4db0873ef3ca503bfeaee470f6ab2506b8c2120a6669,hindi_griffinlim_eval_final/fake_hindi_griffinlim/hindi_fake_1057.wav,0,6.876,-5.759077548980713,6.577564239501953,rms_matched,False
1058,0296590f079d0307e6a54bed03a9a137e124eae99c566ac40f5e14ff6f07084af6f1b3c11b51c8910d774cc6ae571696c616838249c2e12fe64eae03221496c8,hindi_griffinlim_eval_final/real_hindi/hindi_real_1058.wav,1,5.472,2.876373052597046,-3.828321695327759,rms_matched,False
1058,0296590f079d0307e6a54bed03a9a137e124eae99c566ac40f5e14ff6f07084af6f1b3c11b51c8910d774cc6ae571696c616838249c2e12fe64eae03221496c8,hindi_griffinlim_eval_final/fake_hindi_griffinlim/hindi_fake_1058.wav,0,5.472,-0.2313818782567978,0.5775423049926758,rms_matched,False
1059,0f018a99663f33afbb7d38aee281fb1afcfd07f9e7acd00383f604e1e17c38d6ed8adf1bd2ccbf927a52c5adefb8ac4b158ce27a7c2ed9581e71202eb302dfb3,hindi_griffinlim_eval_final/real_hindi/hindi_real_1059.wav,1,4.824,1.6008225679397583,-2.3183987140655518,rms_matched,False
1059,0f018a99663f33afbb7d38aee281fb1afcfd07f9e7acd00383f604e1e17c38d6ed8adf1bd2ccbf927a52c5adefb8ac4b158ce27a7c2ed9581e71202eb302dfb3,hindi_griffinlim_eval_final/fake_hindi_griffinlim/hindi_fake_1059.wav,0,4.824,-5.62353515625,6.445088863372803,rms_matched,False
1060,0eef353f918900f4b6b2c52b697013c0ac2340228d97696f460545e777a0a619dc934a6e2bdc5329525c74d683591af809ae5b8d4157abba6321a5b7366bb73e,hindi_griffinlim_eval_final/real_hindi/hindi_real_1060.wav,1,3.96,5.99541711807251,-7.76237678527832,rms_matched,False
1060,0eef353f918900f4b6b2c52b697013c0ac2340228d97696f460545e777a0a619dc934a6e2bdc5329525c74d683591af809ae5b8d4157abba6321a5b7366bb73e,hindi_griffinlim_eval_final/fake_hindi_griffinlim/hindi_fake_1060.wav,0,3.96,5.805845260620117,-7.571883201599121,rms_matched,False
1061,52f22814969ddf3ae439c9927cdc815781938e7b8db9939cbe5cc7211c83b3dd6eccb62b360571d4002d64878c3b70340e8a76bf784048ff984b73b71d31fc52,hindi_griffinlim_eval_final/real_hindi/hindi_real_1061.wav,1,2.808,1.9826127290725708,-2.7009119987487793,rms_matched,False
1061,52f22814969ddf3ae439c9927cdc815781938e7b8db9939cbe5cc7211c83b3dd6eccb62b360571d4002d64878c3b70340e8a76bf784048ff984b73b71d31fc52,hindi_griffinlim_eval_final/fake_hindi_griffinlim/hindi_fake_1061.wav,0,2.808,-2.0957250595092773,3.010439395904541,rms_matched,False
1062,80d92595b38c164010ef7313465d16463f2c96fa6fc022b2e01e189d36b259ca8c60d34dedd33eb9e2efc010529edd502641106737ba607a53218e01e86be40a,hindi_griffinlim_eval_final/real_hindi/hindi_real_1062.wav,1,7.92,-0.9346058964729309,1.26731538772583,rms_matched,False
1062,80d92595b38c164010ef7313465d16463f2c96fa6fc022b2e01e189d36b259ca8c60d34dedd33eb9e2efc010529edd502641106737ba607a53218e01e86be40a,hindi_griffinlim_eval_final/fake_hindi_griffinlim/hindi_fake_1062.wav,0,7.92,-5.1524858474731445,5.891745090484619,rms_matched,False
1063,6599122319c224d4b370bdaa817d68a9d0d1774b81aada4980c0519f78ae3a9ebea33cc1b8fc6a20008d791474bdefb675e448b3c00d10d0fd05a39e153e922e,hindi_griffinlim_eval_final/real_hindi/hindi_real_1063.wav,1,6.156,2.3813366889953613,-3.1487069129943848,rms_matched,False
1063,6599122319c224d4b370bdaa817d68a9d0d1774b81aada4980c0519f78ae3a9ebea33cc1b8fc6a20008d791474bdefb675e448b3c00d10d0fd05a39e153e922e,hindi_griffinlim_eval_final/fake_hindi_griffinlim/hindi_fake_1063.wav,0,6.156,-0.5872491598129272,1.0817087888717651,rms_matched,False
1064,0303022c144407f09d8f97be16ba6f2c41ac249e162b24f7d213f0c8a10c4235a4dbd0f53c4d6bcd674ea939898fa29d241a0c183c8f8b5963f55ea5a5327379,hindi_griffinlim_eval_final/real_hindi/hindi_real_1064.wav,1,7.452,5.7132110595703125,-7.281905174255371,rms_matched,False
1064,0303022c144407f09d8f97be16ba6f2c41ac249e162b24f7d213f0c8a10c4235a4dbd0f53c4d6bcd674ea939898fa29d241a0c183c8f8b5963f55ea5a5327379,hindi_griffinlim_eval_final/fake_hindi_griffinlim/hindi_fake_1064.wav,0,7.452,-0.20134897530078888,0.35315677523612976,rms_matched,False
1065,42adfde56dd3d69ed58436d1e8a55fac999afb0e390ebc65c299c3cd2b7258cb079683412241e54e7fa275e56a02bd19a10d6a17fead09988cd0fad2e6061e7b,hindi_griffinlim_eval_final/real_hindi/hindi_real_1065.wav,1,3.96,4.533385276794434,-5.769177436828613,rms_matched,False
1065,42adfde56dd3d69ed58436d1e8a55fac999afb0e390ebc65c299c3cd2b7258cb079683412241e54e7fa275e56a02bd19a10d6a17fead09988cd0fad2e6061e7b,hindi_griffinlim_eval_final/fake_hindi_griffinlim/hindi_fake_1065.wav,0,3.96,-5.435537815093994,6.18417501449585,rms_matched,False
1066,c7c4e5ded1e6121c38594d1e3bbb5a49f1d269f96c2591f9e2d4da7cf5c9cdc7598248c5d24452c832160a2503d344167242cafabc1dc3936e1a6065b281ae77,hindi_griffinlim_eval_final/real_hindi/hindi_real_1066.wav,1,3.24,-1.0042816400527954,1.3493540287017822,rms_matched,False
1066,c7c4e5ded1e6121c38594d1e3bbb5a49f1d269f96c2591f9e2d4da7cf5c9cdc7598248c5d24452c832160a2503d344167242cafabc1dc3936e1a6065b281ae77,hindi_griffinlim_eval_final/fake_hindi_griffinlim/hindi_fake_1066.wav,0,3.24,-2.4092507362365723,3.1876120567321777,rms_matched,False
1067,1da3e82d56c4b06d4028ecc92aca9dc352823b8ec3e30de4da211906b610e38731002b15ef77c26455730b72f40ec1685543812f28aebbf3d093e8e83b3bad25,hindi_griffinlim_eval_final/real_hindi/hindi_real_1067.wav,1,6.336,4.310638427734375,-5.467228889465332,rms_matched,False
1067,1da3e82d56c4b06d4028ecc92aca9dc352823b8ec3e30de4da211906b610e38731002b15ef77c26455730b72f40ec1685543812f28aebbf3d093e8e83b3bad25,hindi_griffinlim_eval_final/fake_hindi_griffinlim/hindi_fake_1067.wav,0,6.336,-0.03497041389346123,-0.07209791243076324,rms_matched,False
1068,984398a9ba94c5ce43b621c6fee2c6092d5ea3632e0b605bf206a5ae59eba42401dbc36603073eec2117374293d2675a9847d91f1c71deeeeee7c5202840a1ea,hindi_griffinlim_eval_final/real_hindi/hindi_real_1068.wav,1,2.736,2.077087879180908,-2.779998779296875,rms_matched,False
1068,984398a9ba94c5ce43b621c6fee2c6092d5ea3632e0b605bf206a5ae59eba42401dbc36603073eec2117374293d2675a9847d91f1c71deeeeee7c5202840a1ea,hindi_griffinlim_eval_final/fake_hindi_griffinlim/hindi_fake_1068.wav,0,2.736,-1.9191906452178955,2.6151340007781982,rms_matched,False
1069,e0a47331065c4e1a9ffd6eed4cb902b631814a6130faf9401d447eba044cf1af767ff9a242e7c97886c74ac130ec73716192fd074e4abca825e77caca52e0ca0,hindi_griffinlim_eval_final/real_hindi/hindi_real_1069.wav,1,2.988,4.442286491394043,-5.622614860534668,rms_matched,False
1069,e0a47331065c4e1a9ffd6eed4cb902b631814a6130faf9401d447eba044cf1af767ff9a242e7c97886c74ac130ec73716192fd074e4abca825e77caca52e0ca0,hindi_griffinlim_eval_final/fake_hindi_griffinlim/hindi_fake_1069.wav,0,2.988,-5.538705825805664,6.367183685302734,rms_matched,False
1070,439f45a458aa3fb2b90c635b0b8f07e4182c5aec6177ec417f91ee355768fc1655301d31a1c35a6a1727014480d611123576f5e9f6c96385b515a83690d70366,hindi_griffinlim_eval_final/real_hindi/hindi_real_1070.wav,1,6.336,1.0640949010849,-1.4937838315963745,rms_matched,False
1070,439f45a458aa3fb2b90c635b0b8f07e4182c5aec6177ec417f91ee355768fc1655301d31a1c35a6a1727014480d611123576f5e9f6c96385b515a83690d70366,hindi_griffinlim_eval_final/fake_hindi_griffinlim/hindi_fake_1070.wav,0,6.336,-3.829320192337036,4.539346694946289,rms_matched,False
1071,949d46bd8792e08b2ee6c5736df551c23a26e45db1306d71836317cfc115ff4cf71da8164c9063aeefd98bd8c12626dbe22b79a07420d6fe8317fb6fc9fa368b,hindi_griffinlim_eval_final/real_hindi/hindi_real_1071.wav,1,4.248,4.374451637268066,-5.555193901062012,rms_matched,False
1071,949d46bd8792e08b2ee6c5736df551c23a26e45db1306d71836317cfc115ff4cf71da8164c9063aeefd98bd8c12626dbe22b79a07420d6fe8317fb6fc9fa368b,hindi_griffinlim_eval_final/fake_hindi_griffinlim/hindi_fake_1071.wav,0,4.248,1.2252551317214966,-1.7445871829986572,rms_matched,False
1072,20c8af3d3924681f688ee678fe8bf01fb61085553e888cfcee35b3d4268a1a0e50d0cde2c1e1c5ad13701d066561a04fc1a9a0492c4433338cad61132eb03695,hindi_griffinlim_eval_final/real_hindi/hindi_real_1072.wav,1,3.636,5.330135345458984,-6.781660079956055,rms_matched,False
1072,20c8af3d3924681f688ee678fe8bf01fb61085553e888cfcee35b3d4268a1a0e50d0cde2c1e1c5ad13701d066561a04fc1a9a0492c4433338cad61132eb03695,hindi_griffinlim_eval_final/fake_hindi_griffinlim/hindi_fake_1072.wav,0,3.636,-2.624976634979248,3.520599365234375,rms_matched,False
1073,ca6156fb12800e3b3fc41f9907777531141ebf8f445b70901bc7137ffd0e5516c2229f3c8c695423887299cdfe5b9160cea313d614a4ba540d5ff4102dda821e,hindi_griffinlim_eval_final/real_hindi/hindi_real_1073.wav,1,5.04,1.9392722845077515,-2.4789438247680664,rms_matched,False
1073,ca6156fb12800e3b3fc41f9907777531141ebf8f445b70901bc7137ffd0e5516c2229f3c8c695423887299cdfe5b9160cea313d614a4ba540d5ff4102dda821e,hindi_griffinlim_eval_final/fake_hindi_griffinlim/hindi_fake_1073.wav,0,5.04,-1.7240943908691406,2.3352530002593994,rms_matched,False
1074,68cb270e1215efd79204c075fb9df17b4ea024a7c09f74970ea4e506e73229238b2c3b3fc62c0f650e4fbd93cfbdd109b4442bcd5292c50b81cf80146568bf42,hindi_griffinlim_eval_final/real_hindi/hindi_real_1074.wav,1,5.544,5.218372821807861,-6.734246253967285,rms_matched,False
1074,68cb270e1215efd79204c075fb9df17b4ea024a7c09f74970ea4e506e73229238b2c3b3fc62c0f650e4fbd93cfbdd109b4442bcd5292c50b81cf80146568bf42,hindi_griffinlim_eval_final/fake_hindi_griffinlim/hindi_fake_1074.wav,0,5.544,-0.1900501400232315,0.5399497151374817,rms_matched,False
1075,5910123d516315dfc2a43523d5cbc63444096a4cd38bb8b772155e3c51fb2f1eb673beaa1603de242ad8aa5dafe9d0ebd85a1c02bc6a7ee45e636585932306ae,hindi_griffinlim_eval_final/real_hindi/hindi_real_1075.wav,1,3.348,5.665037155151367,-7.402622699737549,rms_matched,False
1075,5910123d516315dfc2a43523d5cbc63444096a4cd38bb8b772155e3c51fb2f1eb673beaa1603de242ad8aa5dafe9d0ebd85a1c02bc6a7ee45e636585932306ae,hindi_griffinlim_eval_final/fake_hindi_griffinlim/hindi_fake_1075.wav,0,3.348,6.230844497680664,-8.10964298248291,rms_matched,False
1076,ffb5eeb570d2ef310e46742868405151da6adb390253787708f24b730c59c01b34656465701e80b1157e9b0f9421b9a06a454f56e2a3a4bdfbf5c6c64addad11,hindi_griffinlim_eval_final/real_hindi/hindi_real_1076.wav,1,4.788,5.608759880065918,-7.047920227050781,rms_matched,False
1076,ffb5eeb570d2ef310e46742868405151da6adb390253787708f24b730c59c01b34656465701e80b1157e9b0f9421b9a06a454f56e2a3a4bdfbf5c6c64addad11,hindi_griffinlim_eval_final/fake_hindi_griffinlim/hindi_fake_1076.wav,0,4.788,-3.4066343307495117,4.252957344055176,rms_matched,False
1077,5b3872837902e6d95327320c254ce8cc9e7b69e3ad4e2e54f93009f6f44af95a3b2bd03dd9504518ddea0ce1bb0793458ea03d00ccd3c918aba1a0a91476da99,hindi_griffinlim_eval_final/real_hindi/hindi_real_1077.wav,1,3.024,0.6702849864959717,-1.0265864133834839,rms_matched,False
1077,5b3872837902e6d95327320c254ce8cc9e7b69e3ad4e2e54f93009f6f44af95a3b2bd03dd9504518ddea0ce1bb0793458ea03d00ccd3c918aba1a0a91476da99,hindi_griffinlim_eval_final/fake_hindi_griffinlim/hindi_fake_1077.wav,0,3.024,-5.495798587799072,6.3719072341918945,rms_matched,False
1078,3dbb15be45bbb6a44cee0c715a4fd06c4e5267061420217c4a4279a8f47365fa3c7243c274d08ddaa39a11d39b1c281760c59e358f1a4b14914923605831a3b8,hindi_griffinlim_eval_final/real_hindi/hindi_real_1078.wav,1,7.128,5.448633670806885,-7.095786094665527,rms_matched,False
1078,3dbb15be45bbb6a44cee0c715a4fd06c4e5267061420217c4a4279a8f47365fa3c7243c274d08ddaa39a11d39b1c281760c59e358f1a4b14914923605831a3b8,hindi_griffinlim_eval_final/fake_hindi_griffinlim/hindi_fake_1078.wav,0,7.128,-5.58673620223999,6.371108055114746,rms_matched,False
1079,0d2120fd5389d89f197e877a642aeb305bd4d8a9820d642a3ca7e83fe64ca61a0a8b15a37958f3629aa855408d3eabc56d2521ff9a06db24bd0c95320f66efab,hindi_griffinlim_eval_final/real_hindi/hindi_real_1079.wav,1,6.696,1.8749035596847534,-2.7028391361236572,rms_matched,False
1079,0d2120fd5389d89f197e877a642aeb305bd4d8a9820d642a3ca7e83fe64ca61a0a8b15a37958f3629aa855408d3eabc56d2521ff9a06db24bd0c95320f66efab,hindi_griffinlim_eval_final/fake_hindi_griffinlim/hindi_fake_1079.wav,0,6.696,0.0750572681427002,-0.21236775815486908,rms_matched,False
1080,552fd8cf90f15edcaf7388b1164d58d7eae5f20674dc780b9efb9d43c80af1ccbdef88d0ddfb76038b9614eda2b556cbb4fa8a46ca54ad7dcc43d9298b63f1eb,hindi_griffinlim_eval_final/real_hindi/hindi_real_1080.wav,1,5.328,-2.2372870445251465,2.7713775634765625,rms_matched,False
1080,552fd8cf90f15edcaf7388b1164d58d7eae5f20674dc780b9efb9d43c80af1ccbdef88d0ddfb76038b9614eda2b556cbb4fa8a46ca54ad7dcc43d9298b63f1eb,hindi_griffinlim_eval_final/fake_hindi_griffinlim/hindi_fake_1080.wav,0,5.328,-4.976666450500488,5.824710845947266,rms_matched,False
1081,13b72f7b7cca925bd373d5f2eab80cc1ea66148b333a85d6ca12be7e926fa2faf00dd733d0c670651eca79a91b3efeaf6918600638811c1c946b261c671a525e,hindi_griffinlim_eval_final/real_hindi/hindi_real_1081.wav,1,4.5,5.0487260818481445,-6.541790008544922,rms_matched,False
1081,13b72f7b7cca925bd373d5f2eab80cc1ea66148b333a85d6ca12be7e926fa2faf00dd733d0c670651eca79a91b3efeaf6918600638811c1c946b261c671a525e,hindi_griffinlim_eval_final/fake_hindi_griffinlim/hindi_fake_1081.wav,0,4.5,-0.2891232669353485,0.6267354488372803,rms_matched,False
1082,ec98bf4f4c7ebeb53552af57da3d7a49f21818abc1725b040a1b968399e00793bb92c3c43fc8a718ebdf2cd08df8a20903f45474f2545ae873ddfb15c6a759c5,hindi_griffinlim_eval_final/real_hindi/hindi_real_1082.wav,1,5.688,-0.48184525966644287,0.7706844210624695,rms_matched,False
1082,ec98bf4f4c7ebeb53552af57da3d7a49f21818abc1725b040a1b968399e00793bb92c3c43fc8a718ebdf2cd08df8a20903f45474f2545ae873ddfb15c6a759c5,hindi_griffinlim_eval_final/fake_hindi_griffinlim/hindi_fake_1082.wav,0,5.688,-5.5708136558532715,6.363705158233643,rms_matched,False
1083,be10029504aaa30796d27938620d08189f19a31701c9f552f60c99eff87dddfbf804efc53af08d2670685aeaeeb295c9f3326c85b8127b0ad0d1232f03bc1781,hindi_griffinlim_eval_final/real_hindi/hindi_real_1083.wav,1,7.596,-4.92622709274292,5.66688871383667,peak_normalized,True
1083,be10029504aaa30796d27938620d08189f19a31701c9f552f60c99eff87dddfbf804efc53af08d2670685aeaeeb295c9f3326c85b8127b0ad0d1232f03bc1781,hindi_griffinlim_eval_final/fake_hindi_griffinlim/hindi_fake_1083.wav,0,7.596,-6.100454807281494,6.9829301834106445,peak_normalized,True
1084,d5417347b8d450c2aefa6ac74539b48c943a0d94b866457184e18c67074d8c2eb785e7191abf9c2199ef4db0873ef3ca503bfeaee470f6ab2506b8c2120a6669,hindi_griffinlim_eval_final/real_hindi/hindi_real_1084.wav,1,4.968,-4.185563087463379,4.9568634033203125,rms_matched,False
1084,d5417347b8d450c2aefa6ac74539b48c943a0d94b866457184e18c67074d8c2eb785e7191abf9c2199ef4db0873ef3ca503bfeaee470f6ab2506b8c2120a6669,hindi_griffinlim_eval_final/fake_hindi_griffinlim/hindi_fake_1084.wav,0,4.968,-5.894371032714844,6.697416305541992,rms_matched,False
1085,eadc13b88ea5631a21a2beb0917e9be628171b8aaae29918cb08b2afa62e820e01d0a5e21154b643f10067864ae138783bc31abf1a13b86bcb072fa0f0df4d40,hindi_griffinlim_eval_final/real_hindi/hindi_real_1085.wav,1,7.02,-0.20818102359771729,0.49133971333503723,rms_matched,False
1085,eadc13b88ea5631a21a2beb0917e9be628171b8aaae29918cb08b2afa62e820e01d0a5e21154b643f10067864ae138783bc31abf1a13b86bcb072fa0f0df4d40,hindi_griffinlim_eval_final/fake_hindi_griffinlim/hindi_fake_1085.wav,0,7.02,0.1946059763431549,-0.16333380341529846,rms_matched,False
1086,9929c6f2b01a8c28f2e56c628d79399fb1e541643209aa4c5e28768681147947cad19a67ec59f260cf85a4586e3d35fe427119ab932c78c14583d719abff7062,hindi_griffinlim_eval_final/real_hindi/hindi_real_1086.wav,1,4.86,4.927881717681885,-6.444822311401367,rms_matched,False
1086,9929c6f2b01a8c28f2e56c628d79399fb1e541643209aa4c5e28768681147947cad19a67ec59f260cf85a4586e3d35fe427119ab932c78c14583d719abff7062,hindi_griffinlim_eval_final/fake_hindi_griffinlim/hindi_fake_1086.wav,0,4.86,1.5670428276062012,-2.252779006958008,rms_matched,False
1087,43bc745f9a7b6bd69a6cf5af88d6d8a31436266533dfa04def07f906d4fd43867f88a11badb4e6b57aefd010b66136392f98b79281d97eebcad6333be3d07cb2,hindi_griffinlim_eval_final/real_hindi/hindi_real_1087.wav,1,4.32,-0.23448781669139862,0.23446211218833923,rms_matched,False
1087,43bc745f9a7b6bd69a6cf5af88d6d8a31436266533dfa04def07f906d4fd43867f88a11badb4e6b57aefd010b66136392f98b79281d97eebcad6333be3d07cb2,hindi_griffinlim_eval_final/fake_hindi_griffinlim/hindi_fake_1087.wav,0,4.32,-5.991132736206055,6.875021934509277,rms_matched,False
1088,a71fe4c8c51459edc23fad3c7288e0216049d06b3ffb15d556328a42b3d18daf25ac6d1566a0037209e321081df2632dfca7bbeabd547b9eeef87ddf1e6ad329,hindi_griffinlim_eval_final/real_hindi/hindi_real_1088.wav,1,7.596,5.517709732055664,-7.182668685913086,peak_normalized,True
1088,a71fe4c8c51459edc23fad3c7288e0216049d06b3ffb15d556328a42b3d18daf25ac6d1566a0037209e321081df2632dfca7bbeabd547b9eeef87ddf1e6ad329,hindi_griffinlim_eval_final/fake_hindi_griffinlim/hindi_fake_1088.wav,0,7.596,3.3837265968322754,-4.199239730834961,peak_normalized,True
1089,13cef0dba059a4aa0064866e51ca703ad2552c2645eb99722846129b96051db0f22a99235faf822876c13bd3f02e86f138d6a0413f980cf028f54c5fdc58b9b9,hindi_griffinlim_eval_final/real_hindi/hindi_real_1089.wav,1,6.768,3.3670639991760254,-4.181551933288574,rms_matched,False
1089,13cef0dba059a4aa0064866e51ca703ad2552c2645eb99722846129b96051db0f22a99235faf822876c13bd3f02e86f138d6a0413f980cf028f54c5fdc58b9b9,hindi_griffinlim_eval_final/fake_hindi_griffinlim/hindi_fake_1089.wav,0,6.768,-5.602475166320801,6.435644149780273,rms_matched,False
1090,f446689d92087b875d07eaa1d98e4b7e07ec4f8651762d73d8e0ecbae21be60e60a3b7356828d24a8c9071f872f21361ca196ae017820a2908412966f0a59df2,hindi_griffinlim_eval_final/real_hindi/hindi_real_1090.wav,1,5.76,0.7431373596191406,-1.2462072372436523,rms_matched,False
1090,f446689d92087b875d07eaa1d98e4b7e07ec4f8651762d73d8e0ecbae21be60e60a3b7356828d24a8c9071f872f21361ca196ae017820a2908412966f0a59df2,hindi_griffinlim_eval_final/fake_hindi_griffinlim/hindi_fake_1090.wav,0,5.76,-0.5557878613471985,0.7245556712150574,rms_matched,False
1091,2d27b396006a861ca7b1d045b46c33a62ae2f394d1da44c60a21ec6da2cbb9bbd3c7db23f5bdf57b185987f7c6157ac50f6af45751dff9a96bafc3fe6b5bea2e,hindi_griffinlim_eval_final/real_hindi/hindi_real_1091.wav,1,4.14,4.3871870040893555,-5.675583839416504,rms_matched,False
1091,2d27b396006a861ca7b1d045b46c33a62ae2f394d1da44c60a21ec6da2cbb9bbd3c7db23f5bdf57b185987f7c6157ac50f6af45751dff9a96bafc3fe6b5bea2e,hindi_griffinlim_eval_final/fake_hindi_griffinlim/hindi_fake_1091.wav,0,4.14,-2.3631978034973145,3.220381736755371,rms_matched,False
1092,3d78afcfc84ca5a9b304c3354f6bfcb59071c723ed2101b94ea2d29b0cb36a2fa1a157f76ed759987a0271444c50355aadb50e7d6387444fb3c2740bf66a8be1,hindi_griffinlim_eval_final/real_hindi/hindi_real_1092.wav,1,5.652,0.0037139803171157837,-0.01356571912765503,rms_matched,False
1092,3d78afcfc84ca5a9b304c3354f6bfcb59071c723ed2101b94ea2d29b0cb36a2fa1a157f76ed759987a0271444c50355aadb50e7d6387444fb3c2740bf66a8be1,hindi_griffinlim_eval_final/fake_hindi_griffinlim/hindi_fake_1092.wav,0,5.652,-3.179352045059204,3.8815157413482666,rms_matched,False
1093,4165462ba3028c7e25d5ff7abf7e81fe2d31ab129cfa039232a6753837447e299445e86cc1a94db3a8957d1cf55c3a1aaa96b297a0c75a814bc1a2df686daae8,hindi_griffinlim_eval_final/real_hindi/hindi_real_1093.wav,1,5.976,0.05347886681556702,-0.16422772407531738,rms_matched,False
1093,4165462ba3028c7e25d5ff7abf7e81fe2d31ab129cfa039232a6753837447e299445e86cc1a94db3a8957d1cf55c3a1aaa96b297a0c75a814bc1a2df686daae8,hindi_griffinlim_eval_final/fake_hindi_griffinlim/hindi_fake_1093.wav,0,5.976,0.5560466647148132,-0.8852350115776062,rms_matched,False
1094,6df5947ecd6093ba0b8088111d11231f209c5377b37d2ec78fb66df1c555d0c218e4a7dfd601f4d5395ec9f0579ec4eca44d2fd60b09e80bc62ef446ea485886,hindi_griffinlim_eval_final/real_hindi/hindi_real_1094.wav,1,2.7,-0.3189969062805176,0.47008222341537476,rms_matched,False
1094,6df5947ecd6093ba0b8088111d11231f209c5377b37d2ec78fb66df1c555d0c218e4a7dfd601f4d5395ec9f0579ec4eca44d2fd60b09e80bc62ef446ea485886,hindi_griffinlim_eval_final/fake_hindi_griffinlim/hindi_fake_1094.wav,0,2.7,-4.203110694885254,4.928671836853027,rms_matched,False
1095,5b3872837902e6d95327320c254ce8cc9e7b69e3ad4e2e54f93009f6f44af95a3b2bd03dd9504518ddea0ce1bb0793458ea03d00ccd3c918aba1a0a91476da99,hindi_griffinlim_eval_final/real_hindi/hindi_real_1095.wav,1,5.304,-1.0109095573425293,1.4806885719299316,rms_matched,False
1095,5b3872837902e6d95327320c254ce8cc9e7b69e3ad4e2e54f93009f6f44af95a3b2bd03dd9504518ddea0ce1bb0793458ea03d00ccd3c918aba1a0a91476da99,hindi_griffinlim_eval_final/fake_hindi_griffinlim/hindi_fake_1095.wav,0,5.304,-5.957126140594482,6.840316295623779,rms_matched,False
1096,68cb270e1215efd79204c075fb9df17b4ea024a7c09f74970ea4e506e73229238b2c3b3fc62c0f650e4fbd93cfbdd109b4442bcd5292c50b81cf80146568bf42,hindi_griffinlim_eval_final/real_hindi/hindi_real_1096.wav,1,5.436,5.661909103393555,-7.512616157531738,rms_matched,False
1096,68cb270e1215efd79204c075fb9df17b4ea024a7c09f74970ea4e506e73229238b2c3b3fc62c0f650e4fbd93cfbdd109b4442bcd5292c50b81cf80146568bf42,hindi_griffinlim_eval_final/fake_hindi_griffinlim/hindi_fake_1096.wav,0,5.436,-1.5661261081695557,2.2816762924194336,rms_matched,False
1097,0e97e303991e6646c845049579a4bea7a25ea775f6b8b44a09e0efd0ae9661ec984c393c92d2522e3158c8b0ca206ad60fd9e136713e18c21dffd72811a88b88,hindi_griffinlim_eval_final/real_hindi/hindi_real_1097.wav,1,5.94,5.0566725730896,-6.361335277557373,rms_matched,False
1097,0e97e303991e6646c845049579a4bea7a25ea775f6b8b44a09e0efd0ae9661ec984c393c92d2522e3158c8b0ca206ad60fd9e136713e18c21dffd72811a88b88,hindi_griffinlim_eval_final/fake_hindi_griffinlim/hindi_fake_1097.wav,0,5.94,1.6039718389511108,-2.1890671253204346,rms_matched,False
1098,29822eacca376bd26682b72d0212ea3f2897da482cbaa2e8046b66eb83af4dbb0cafeb48676702a2fdf34a45fc46ddf438d60d90ff3bcaa3171dbe5aa6321c3e,hindi_griffinlim_eval_final/real_hindi/hindi_real_1098.wav,1,5.688,1.0250263214111328,-1.649158000946045,rms_matched,False
1098,29822eacca376bd26682b72d0212ea3f2897da482cbaa2e8046b66eb83af4dbb0cafeb48676702a2fdf34a45fc46ddf438d60d90ff3bcaa3171dbe5aa6321c3e,hindi_griffinlim_eval_final/fake_hindi_griffinlim/hindi_fake_1098.wav,0,5.688,-4.765683174133301,5.525514602661133,rms_matched,False
1099,f256033e55a3f902c9673806428f07a4f2e61c31363d603299c889d62c3b896f2f34134d5e6c248c49a24c541239226452e69dbe19678a0790f926f335ee508a,hindi_griffinlim_eval_final/real_hindi/hindi_real_1099.wav,1,7.308,5.07905387878418,-6.427260398864746,rms_matched,False
1099,f256033e55a3f902c9673806428f07a4f2e61c31363d603299c889d62c3b896f2f34134d5e6c248c49a24c541239226452e69dbe19678a0790f926f335ee508a,hindi_griffinlim_eval_final/fake_hindi_griffinlim/hindi_fake_1099.wav,0,7.308,-5.664815425872803,6.411348342895508,rms_matched,False
1100,0a3f27e009572dbc52c115bfa733fdbea6b819dd63fd440adf16a90428f3566049c9fe252e775388ac3bab7e9951fa06c8691497b6568d3b5e436aaea396a8d6,hindi_griffinlim_eval_final/real_hindi/hindi_real_1100.wav,1,5.508,-0.7187193632125854,0.9878591895103455,rms_matched,False
1100,0a3f27e009572dbc52c115bfa733fdbea6b819dd63fd440adf16a90428f3566049c9fe252e775388ac3bab7e9951fa06c8691497b6568d3b5e436aaea396a8d6,hindi_griffinlim_eval_final/fake_hindi_griffinlim/hindi_fake_1100.wav,0,5.508,-5.627601623535156,6.378649711608887,rms_matched,False
1101,461059307d756b80d08835b893bbee0e93e8cf237db0b4ba90a0b34adfa5ee77c44a3777d5a0c19d7a920260f7fd54fdd84661371abe9ece4b08ea2624146827,hindi_griffinlim_eval_final/real_hindi/hindi_real_1101.wav,1,7.128,0.2380862683057785,-0.2435392439365387,rms_matched,False
1101,461059307d756b80d08835b893bbee0e93e8cf237db0b4ba90a0b34adfa5ee77c44a3777d5a0c19d7a920260f7fd54fdd84661371abe9ece4b08ea2624146827,hindi_griffinlim_eval_final/fake_hindi_griffinlim/hindi_fake_1101.wav,0,7.128,-5.662309169769287,6.495682716369629,rms_matched,False
1102,d5880664e0b201cf24b4972ea9890b801afe05af05cd4302d95952f06934198872328efbf6eb11bf51e169d4c62a0e8756088bbe001fc353a9b6d080ed9ee3dc,hindi_griffinlim_eval_final/real_hindi/hindi_real_1102.wav,1,4.32,-0.14147864282131195,0.28795313835144043,rms_matched,False
1102,d5880664e0b201cf24b4972ea9890b801afe05af05cd4302d95952f06934198872328efbf6eb11bf51e169d4c62a0e8756088bbe001fc353a9b6d080ed9ee3dc,hindi_griffinlim_eval_final/fake_hindi_griffinlim/hindi_fake_1102.wav,0,4.32,-5.899950981140137,6.816532135009766,rms_matched,False
1103,64fcf403ddfb930184eae9b9ad9fbb9a712ebab06fdb5e7dbe7621dcd2cd5101f593c37e8e254ff38294b6dcc8bec4808c197c2d7599c0c4126045b1ac9b51d0,hindi_griffinlim_eval_final/real_hindi/hindi_real_1103.wav,1,3.264,-4.336966514587402,5.266842842102051,rms_matched,False
1103,64fcf403ddfb930184eae9b9ad9fbb9a712ebab06fdb5e7dbe7621dcd2cd5101f593c37e8e254ff38294b6dcc8bec4808c197c2d7599c0c4126045b1ac9b51d0,hindi_griffinlim_eval_final/fake_hindi_griffinlim/hindi_fake_1103.wav,0,3.264,-3.721909999847412,4.597275257110596,rms_matched,False
1104,d1d9c267ebee74a32597d31c9167b2edb1f99cb7f4aa13501a5cc3bd519deaa2516058fb40da1e55deef24bb43e231ab5f17484bb11468d631c90e3bf29b76d4,hindi_griffinlim_eval_final/real_hindi/hindi_real_1104.wav,1,7.236,-0.3688270151615143,0.5944658517837524,rms_matched,False
1104,d1d9c267ebee74a32597d31c9167b2edb1f99cb7f4aa13501a5cc3bd519deaa2516058fb40da1e55deef24bb43e231ab5f17484bb11468d631c90e3bf29b76d4,hindi_griffinlim_eval_final/fake_hindi_griffinlim/hindi_fake_1104.wav,0,7.236,6.7112531661987305,-8.74185848236084,rms_matched,False
1105,3d60da54a5e96710c627c37362c5f17d026c725b99466b5596f08c6584beafa8dd546aff3ef61dd1cfda5150cdd82d08970d8ad36a49e933571b903361a6cbdd,hindi_griffinlim_eval_final/real_hindi/hindi_real_1105.wav,1,4.176,6.056326866149902,-7.793208122253418,rms_matched,False
1105,3d60da54a5e96710c627c37362c5f17d026c725b99466b5596f08c6584beafa8dd546aff3ef61dd1cfda5150cdd82d08970d8ad36a49e933571b903361a6cbdd,hindi_griffinlim_eval_final/fake_hindi_griffinlim/hindi_fake_1105.wav,0,4.176,-3.549044609069824,4.42652702331543,rms_matched,False
1106,c45d64f4a9ad8d1efb4d802830abc40f0e0e29e23a1d399fb4e668a1781d60c7b6329f4ed2b4ee75586b7ef748b73a373cb36707965a2b5785d7e9ce6196f390,hindi_griffinlim_eval_final/real_hindi/hindi_real_1106.wav,1,4.572,4.7990946769714355,-6.162169456481934,rms_matched,False
1106,c45d64f4a9ad8d1efb4d802830abc40f0e0e29e23a1d399fb4e668a1781d60c7b6329f4ed2b4ee75586b7ef748b73a373cb36707965a2b5785d7e9ce6196f390,hindi_griffinlim_eval_final/fake_hindi_griffinlim/hindi_fake_1106.wav,0,4.572,3.7721710205078125,-4.861263275146484,rms_matched,False
1107,e0a47331065c4e1a9ffd6eed4cb902b631814a6130faf9401d447eba044cf1af767ff9a242e7c97886c74ac130ec73716192fd074e4abca825e77caca52e0ca0,hindi_griffinlim_eval_final/real_hindi/hindi_real_1107.wav,1,6.264,5.063576698303223,-6.392285346984863,rms_matched,False
1107,e0a47331065c4e1a9ffd6eed4cb902b631814a6130faf9401d447eba044cf1af767ff9a242e7c97886c74ac130ec73716192fd074e4abca825e77caca52e0ca0,hindi_griffinlim_eval_final/fake_hindi_griffinlim/hindi_fake_1107.wav,0,6.264,-4.172797203063965,4.981459617614746,rms_matched,False
1108,4cef3c57c7794a486d20711b806222df778778312c01a26669a9c4fd75b74a3792424787393673b302401d3d994431c97c30b2d1b8bd6caa0fd563460fed5093,hindi_griffinlim_eval_final/real_hindi/hindi_real_1108.wav,1,5.472,3.7866878509521484,-5.020910263061523,rms_matched,False
1108,4cef3c57c7794a486d20711b806222df778778312c01a26669a9c4fd75b74a3792424787393673b302401d3d994431c97c30b2d1b8bd6caa0fd563460fed5093,hindi_griffinlim_eval_final/fake_hindi_griffinlim/hindi_fake_1108.wav,0,5.472,-5.743083477020264,6.561723232269287,rms_matched,False
1109,9daf98d1ee349378718aead0f9edd13b1352e0fe0e72a2d71aa458a79d9f474c8680549bf1d62115d59c13d52d97364c5672adb795ac73db59b709c92cb7870e,hindi_griffinlim_eval_final/real_hindi/hindi_real_1109.wav,1,4.86,2.9193055629730225,-3.7729601860046387,rms_matched,False
1109,9daf98d1ee349378718aead0f9edd13b1352e0fe0e72a2d71aa458a79d9f474c8680549bf1d62115d59c13d52d97364c5672adb795ac73db59b709c92cb7870e,hindi_griffinlim_eval_final/fake_hindi_griffinlim/hindi_fake_1109.wav,0,4.86,-2.8616299629211426,3.7287487983703613,rms_matched,False
1110,90b1ff27e108c7aaa1f24faccd2f83f3a0b512139aded53b3866d65cea1197fd3dde486619a36293573b042a4afbc45e29f55c514767c7567f44a3da22c4f9fc,hindi_griffinlim_eval_final/real_hindi/hindi_real_1110.wav,1,5.796,2.23559308052063,-2.8613052368164062,peak_normalized,True
1110,90b1ff27e108c7aaa1f24faccd2f83f3a0b512139aded53b3866d65cea1197fd3dde486619a36293573b042a4afbc45e29f55c514767c7567f44a3da22c4f9fc,hindi_griffinlim_eval_final/fake_hindi_griffinlim/hindi_fake_1110.wav,0,5.796,0.7159063816070557,-1.0848380327224731,peak_normalized,True
1111,9698b39cb85f238f1346eea2dba721e4e8fb440bd4d14b632aef84108f02f47d028463a7076a9eb0333b72fab260a9357f045de63eaaa3c7374ce6a692e081ba,hindi_griffinlim_eval_final/real_hindi/hindi_real_1111.wav,1,7.668,3.7139744758605957,-4.643084526062012,rms_matched,False
1111,9698b39cb85f238f1346eea2dba721e4e8fb440bd4d14b632aef84108f02f47d028463a7076a9eb0333b72fab260a9357f045de63eaaa3c7374ce6a692e081ba,hindi_griffinlim_eval_final/fake_hindi_griffinlim/hindi_fake_1111.wav,0,7.668,-5.283294200897217,6.121677875518799,rms_matched,False
1112,550c775712c46fac6b29f44c8e1e47790ad3d24a4596e9befdad47efbafbcd202634809eed3f54d8b62ec448b24bbe8a67c224d24ae7ed2b6870581a3fd2dcd3,hindi_griffinlim_eval_final/real_hindi/hindi_real_1112.wav,1,4.176,4.981241703033447,-6.3368330001831055,rms_matched,False
1112,550c775712c46fac6b29f44c8e1e47790ad3d24a4596e9befdad47efbafbcd202634809eed3f54d8b62ec448b24bbe8a67c224d24ae7ed2b6870581a3fd2dcd3,hindi_griffinlim_eval_final/fake_hindi_griffinlim/hindi_fake_1112.wav,0,4.176,-4.162916660308838,5.096251487731934,rms_matched,False
1113,23dd6e26b3a5106b8ad2de2def45e53280a12df6c47364b2bf652743a0198329d4e46b73fe42287703f0146d0bdb9be101cb22064f7b79578248fdc2ca2085f0,hindi_griffinlim_eval_final/real_hindi/hindi_real_1113.wav,1,4.176,0.8067747354507446,-1.2735800743103027,rms_matched,False
1113,23dd6e26b3a5106b8ad2de2def45e53280a12df6c47364b2bf652743a0198329d4e46b73fe42287703f0146d0bdb9be101cb22064f7b79578248fdc2ca2085f0,hindi_griffinlim_eval_final/fake_hindi_griffinlim/hindi_fake_1113.wav,0,4.176,-3.957775592803955,4.876209259033203,rms_matched,False
1114,cf3aeeacb5f17296626b5c4098ec5eac55e41cd4794e1b866c7c42ccda4ff82ab59144d9af79e6479243e61724113d6c7ccccb7dc02e7a235f5ff37eee99c5d8,hindi_griffinlim_eval_final/real_hindi/hindi_real_1114.wav,1,3.096,4.917709827423096,-6.22005558013916,rms_matched,False
1114,cf3aeeacb5f17296626b5c4098ec5eac55e41cd4794e1b866c7c42ccda4ff82ab59144d9af79e6479243e61724113d6c7ccccb7dc02e7a235f5ff37eee99c5d8,hindi_griffinlim_eval_final/fake_hindi_griffinlim/hindi_fake_1114.wav,0,3.096,-0.4456203281879425,0.6960583329200745,rms_matched,False
1115,112f76f2e0c2f27b09b20340cd82d13c315858e70901593392d2bbaf1377a5ed05b373a77f5f93b0298be6ad7e0285d8dea7c8fc9e9d3ce601d702ff3e3a7d91,hindi_griffinlim_eval_final/real_hindi/hindi_real_1115.wav,1,6.84,0.2465360462665558,-0.07117864489555359,rms_matched,False
1115,112f76f2e0c2f27b09b20340cd82d13c315858e70901593392d2bbaf1377a5ed05b373a77f5f93b0298be6ad7e0285d8dea7c8fc9e9d3ce601d702ff3e3a7d91,hindi_griffinlim_eval_final/fake_hindi_griffinlim/hindi_fake_1115.wav,0,6.84,0.7608438730239868,-1.0038259029388428,rms_matched,False
1116,e6aef31fac7411f3f1b15c566dede061e3024cde1382d7ca1a860a093ad5b0b9c87aaa13c749ef9982c688d7a8d715c11aee89c2e3d541b9ba3dc73c5ec5cb85,hindi_griffinlim_eval_final/real_hindi/hindi_real_1116.wav,1,5.22,4.537067413330078,-5.772522926330566,rms_matched,False
1116,e6aef31fac7411f3f1b15c566dede061e3024cde1382d7ca1a860a093ad5b0b9c87aaa13c749ef9982c688d7a8d715c11aee89c2e3d541b9ba3dc73c5ec5cb85,hindi_griffinlim_eval_final/fake_hindi_griffinlim/hindi_fake_1116.wav,0,5.22,-3.3572988510131836,4.077484607696533,rms_matched,False
1117,9392443e20fff21db185ec2e21925398c267cdaec962d7a8bff381ae171fd3563894988fe4244da0866881fb39e56492843fac59b139c31b99211d6c8f44c2ac,hindi_griffinlim_eval_final/real_hindi/hindi_real_1117.wav,1,4.032,-0.40517479181289673,0.35381582379341125,rms_matched,False
1117,9392443e20fff21db185ec2e21925398c267cdaec962d7a8bff381ae171fd3563894988fe4244da0866881fb39e56492843fac59b139c31b99211d6c8f44c2ac,hindi_griffinlim_eval_final/fake_hindi_griffinlim/hindi_fake_1117.wav,0,4.032,-4.267658233642578,5.198227882385254,rms_matched,False
1118,0175f4388a3ca66faae78ea57819f8aab986d188f874dde198e28b64248291dde8f43a6912b9de4854f9862a8f832961da3e9194bec9ebef96b1c9b66d956422,hindi_griffinlim_eval_final/real_hindi/hindi_real_1118.wav,1,5.976,-0.23084606230258942,0.2506522834300995,rms_matched,False
1118,0175f4388a3ca66faae78ea57819f8aab986d188f874dde198e28b64248291dde8f43a6912b9de4854f9862a8f832961da3e9194bec9ebef96b1c9b66d956422,hindi_griffinlim_eval_final/fake_hindi_griffinlim/hindi_fake_1118.wav,0,5.976,0.18903955817222595,-0.24762442708015442,rms_matched,False
1119,00d8f7a5ea747472015787836b4694d24375a49cf2ca78088c1d29494110637aafa66bc0d135549c19cfc68886760475c2ae2584673c8d57e77eb82d3ddd6109,hindi_griffinlim_eval_final/real_hindi/hindi_real_1119.wav,1,6.228,-1.0273786783218384,1.406540036201477,rms_matched,False
1119,00d8f7a5ea747472015787836b4694d24375a49cf2ca78088c1d29494110637aafa66bc0d135549c19cfc68886760475c2ae2584673c8d57e77eb82d3ddd6109,hindi_griffinlim_eval_final/fake_hindi_griffinlim/hindi_fake_1119.wav,0,6.228,-5.863385200500488,6.728491306304932,rms_matched,False
1120,aa9327f862e22c8a7e7c1cc05e596b019cb19e79329dfd7495112ab3dafda315d4ab663885cb951c63be27858c37f1aa245b0907d689b37ee4db113148053cc6,hindi_griffinlim_eval_final/real_hindi/hindi_real_1120.wav,1,2.412,2.3942465782165527,-2.896620750427246,rms_matched,False
1120,aa9327f862e22c8a7e7c1cc05e596b019cb19e79329dfd7495112ab3dafda315d4ab663885cb951c63be27858c37f1aa245b0907d689b37ee4db113148053cc6,hindi_griffinlim_eval_final/fake_hindi_griffinlim/hindi_fake_1120.wav,0,2.412,-1.2627688646316528,1.8411548137664795,rms_matched,False
1121,46f23ae11e8565e979749342e1097a77fe3ef574253f10323351763c97b22c07b42362b03c576fa1d45361cede36368bbd6b9325f1f93cd2b8ed161a560ece2a,hindi_griffinlim_eval_final/real_hindi/hindi_real_1121.wav,1,2.52,4.424379825592041,-5.693961143493652,rms_matched,False
1121,46f23ae11e8565e979749342e1097a77fe3ef574253f10323351763c97b22c07b42362b03c576fa1d45361cede36368bbd6b9325f1f93cd2b8ed161a560ece2a,hindi_griffinlim_eval_final/fake_hindi_griffinlim/hindi_fake_1121.wav,0,2.52,-0.9488561153411865,1.3291301727294922,rms_matched,False
1122,6cf993f4fafe38bd3c810d7c710b924bdb8c025eb16d8bca0dc4f1e80412d81f4a52ac9b99b550eed19088e1eaaf4dea5a07d51777b4ceaa99368d2ee1973ecf,hindi_griffinlim_eval_final/real_hindi/hindi_real_1122.wav,1,7.308,-3.4115750789642334,4.257120132446289,rms_matched,False
1122,6cf993f4fafe38bd3c810d7c710b924bdb8c025eb16d8bca0dc4f1e80412d81f4a52ac9b99b550eed19088e1eaaf4dea5a07d51777b4ceaa99368d2ee1973ecf,hindi_griffinlim_eval_final/fake_hindi_griffinlim/hindi_fake_1122.wav,0,7.308,2.9553849697113037,-3.5592195987701416,rms_matched,False
1123,287db5b3c7065ffc1e6827c0bc87dc4a6b6a45c159642fe8d490d5adb6ce18a5b4b528f921503762bbb20b1fcd84f5f8256a9a11cd4ccf55964f301b416b08d2,hindi_griffinlim_eval_final/real_hindi/hindi_real_1123.wav,1,6.3,-3.1482181549072266,3.8054447174072266,rms_matched,False
1123,287db5b3c7065ffc1e6827c0bc87dc4a6b6a45c159642fe8d490d5adb6ce18a5b4b528f921503762bbb20b1fcd84f5f8256a9a11cd4ccf55964f301b416b08d2,hindi_griffinlim_eval_final/fake_hindi_griffinlim/hindi_fake_1123.wav,0,6.3,-5.548398494720459,6.3555378913879395,rms_matched,False
1124,230d27ac6435d55a47ccc110561f23b342676f24aac1bed0eec64dd0deefc5d13f306e9df3216cfa91eb7972029e60e59586109fba46ac6dcf631a9e04b60644,hindi_griffinlim_eval_final/real_hindi/hindi_real_1124.wav,1,7.128,2.7856860160827637,-3.4903228282928467,rms_matched,False
1124,230d27ac6435d55a47ccc110561f23b342676f24aac1bed0eec64dd0deefc5d13f306e9df3216cfa91eb7972029e60e59586109fba46ac6dcf631a9e04b60644,hindi_griffinlim_eval_final/fake_hindi_griffinlim/hindi_fake_1124.wav,0,7.128,-3.854083776473999,4.764749050140381,rms_matched,False
